bedrooms,bathrooms,sqft_living,floors,waterfront,view,condition,sqft_above,sqft_basement,yr_built,lat,long,sqft_living15,sqft_lot15,price_ln
4,2.75,2700,2.0,0,0,3,2700,0,2012,47.4831,-122.135,2840,7992,13.256894270361935
2,1.5,1260,2.0,0,0,3,1260,0,2001,47.5914,-122.295,1220,1740,12.832011076396668
3,2.0,1970,2.0,0,3,5,1270,700,1929,47.5717,-122.375,2390,4166,13.217673557208654
3,2.75,2210,2.0,0,0,3,2210,0,2008,47.6954,-122.017,2230,4674,13.399995114002609
3,2.5,1930,1.0,0,0,3,1330,600,1961,47.7481,-122.327,1940,6180,12.834681304952548
5,2.5,2380,1.0,0,0,4,1580,800,1976,47.479,-122.153,1880,12870,13.178743710840436
5,3.25,3760,2.0,0,0,3,2550,1210,1984,47.5654,-122.115,2960,16500,13.65416740755551
4,1.5,1880,1.0,0,2,5,1440,440,1954,47.5035,-122.384,2070,6500,13.42984807715229
3,2.0,1430,1.0,0,0,4,1430,0,1957,47.4903,-122.178,1200,8250,12.628067055589549
3,1.0,1060,1.0,0,0,3,1060,0,1952,47.7703,-122.35,1550,10500,12.89921982609012
3,1.0,1250,1.5,0,0,3,1250,0,1955,47.7474,-122.327,1490,6180,12.358793732547838
2,1.0,1000,1.0,0,0,3,1000,0,1949,47.513,-122.333,1240,6250,12.206072645530174
3,3.25,1720,2.0,0,0,3,1030,690,2004,47.6201,-122.309,1720,1527,13.383187995686226
4,2.5,3030,2.0,0,0,3,3030,0,1992,47.578,-122.056,2850,8678,13.514405465180353
3,1.75,1680,1.0,0,0,3,1240,440,1978,47.3107,-122.397,2020,8352,12.468436909997665
3,2.0,2020,1.0,0,0,4,1010,1010,1975,47.4582,-122.023,2110,36590,12.948009990259552
4,2.5,2480,2.0,0,0,3,2480,0,2007,47.7383,-121.969,2270,5115,13.081541382884074
3,2.25,2090,1.0,0,0,3,1440,650,1958,47.6971,-122.281,1740,8100,13.106132364293911
4,3.0,4040,1.0,0,0,3,2020,2020,1972,47.6408,-122.212,2990,20098,14.143374420048886
3,2.5,2030,2.0,0,0,3,2030,0,2003,47.5253,-121.93,1360,10782,12.971540487669746
3,1.0,860,1.0,0,0,3,860,0,1952,47.7508,-122.339,1170,8000,12.2783933071098
3,2.5,1730,2.0,0,0,3,1730,0,1999,47.4317,-122.328,1730,5523,12.759957758756611
3,2.25,2520,2.0,0,0,3,2520,0,1988,47.3514,-122.279,1490,29972,13.016753941879633
3,2.0,1090,1.0,0,0,3,940,150,1940,47.5118,-122.259,1840,6090,11.970350312009105
2,1.75,1000,1.0,0,0,4,600,400,1924,47.6261,-122.355,2120,2802,13.024750548537328
3,1.0,840,1.0,0,0,5,840,0,1969,47.3704,-122.08,870,5200,12.089538829274222
3,2.5,2460,2.0,0,0,3,2460,0,1996,47.691,-122.095,2540,12229,13.448785278172041
3,2.5,1780,2.0,0,0,3,1780,0,2010,47.3352,-122.052,2010,5250,12.506177237980511
3,2.25,1690,1.0,0,0,5,1090,600,1982,47.4972,-122.264,1950,9642,12.669806661762314
4,2.75,2240,2.0,0,0,4,1540,700,1940,47.5785,-122.402,1830,5000,13.287877815881902
4,2.5,3430,2.0,0,0,3,3430,0,2000,47.723,-122.158,3480,10157,13.514405465180353
2,1.75,1660,1.0,0,0,3,1660,0,2005,47.713,-122.033,1670,4871,13.208541073645382
3,2.5,2790,2.0,0,0,4,2790,0,1984,47.3487,-122.088,2550,37834,13.017002861746503
5,1.0,1590,1.5,0,0,3,1190,400,1929,47.5752,-122.381,1590,5000,13.15773052124162
3,2.5,2950,2.0,0,0,3,2950,0,2006,47.4888,-122.14,2800,9323,13.226633298580126
4,2.0,1940,1.0,0,0,4,980,960,1910,47.6719,-122.369,1940,5000,13.367659733359671
2,1.0,1080,1.0,0,0,3,1080,0,1940,47.6902,-122.387,1530,4240,13.681922020849893
7,2.25,3170,2.0,0,0,3,3170,0,1969,47.4654,-122.003,2460,38370,13.304684934198283
3,2.0,1420,1.5,0,0,3,1420,0,1905,47.6872,-122.349,1420,4590,13.091904169919621
3,1.75,1430,1.0,0,0,3,1430,0,1955,47.5619,-122.183,2140,18364,13.023647404465171
3,2.25,1990,2.0,0,0,4,1990,0,1987,47.6801,-122.115,1990,10260,13.422467969854667
4,1.5,1880,1.0,0,0,4,1080,800,1926,47.6835,-122.347,1690,3500,13.312983737012978
4,3.75,3280,2.0,0,0,3,3280,0,2014,47.554,-122.19,2900,10108,13.741810195034317
4,1.5,1420,1.5,0,0,4,1420,0,1928,47.6901,-122.339,1470,4923,13.428376406540833
4,2.25,2020,2.0,0,0,3,1710,310,1938,47.6867,-122.369,1590,4550,13.102160670086809
3,2.0,1160,2.0,0,0,3,790,370,2007,47.5225,-122.357,1160,994,12.345834587905333
4,2.75,2500,1.0,0,0,3,1780,720,1977,47.3444,-122.084,2180,31900,12.817195990611529
4,2.5,2320,2.0,0,0,3,2320,0,2006,47.5415,-121.883,2060,5395,13.019222618484815
4,2.5,2320,2.0,0,0,3,2320,0,2007,47.3349,-122.059,2230,5750,12.628067055589549
5,3.0,4080,2.0,0,2,4,2720,1360,1961,47.6722,-122.349,2000,4545,13.623138665316818
5,3.5,3960,2.0,0,0,3,2500,1460,1996,47.525,-122.172,2640,13675,13.38472764187182
3,1.0,1110,1.0,0,0,3,1110,0,1967,47.7262,-122.224,1260,8094,12.821123140353697
3,1.0,820,1.5,0,0,3,820,0,1910,47.528,-122.359,1470,6912,11.918390573078392
3,2.0,1860,1.0,0,0,3,930,930,1909,47.5662,-122.364,1000,5000,12.971540487669746
4,1.5,1430,1.5,0,0,4,1130,300,1945,47.6942,-122.319,1570,6380,13.17115354157376
4,2.5,4080,2.0,0,0,3,4080,0,1998,47.5933,-121.982,3470,10295,13.709038313453757
4,3.5,3110,2.0,0,2,4,3110,0,1979,47.592,-122.018,2340,4938,13.681979165339751
3,1.5,1070,1.0,0,0,3,1070,0,1985,47.3115,-122.209,1030,6614,12.301155526776865
4,2.25,2130,1.0,0,0,3,1430,700,1969,47.7087,-122.198,2120,8826,13.180632285528304
4,1.0,1420,1.5,0,0,3,1420,0,1950,47.6844,-122.302,1420,6180,13.071070083016778
3,2.5,3490,1.0,1,4,3,2290,1200,1968,47.6092,-122.073,1780,15244,14.508657738524219
2,1.0,810,1.0,0,0,5,810,0,1944,47.4882,-122.325,1090,7158,12.235631447771718
6,2.5,2270,1.0,0,0,3,1470,800,1964,47.7722,-122.204,2270,10640,12.983101310070822
5,2.0,1720,1.0,0,0,4,1720,0,1951,47.6368,-122.218,2700,9023,13.64709190633931
2,1.0,1410,1.0,0,0,3,1020,390,1939,47.6883,-122.384,1300,4500,13.304684934198283
4,2.5,1904,2.0,0,0,5,1904,0,1999,47.3107,-122.001,1560,12426,12.80765263256463
2,1.0,760,1.0,0,0,3,760,0,1922,47.6633,-122.357,1630,3600,13.180632285528304
3,2.5,1590,2.0,0,0,3,1590,0,2003,47.4832,-122.181,2160,3912,12.690040815126281
4,3.0,1540,1.5,0,0,5,1540,0,1902,47.6728,-122.396,1460,5000,13.343905647351566
3,2.25,1410,1.0,0,0,3,940,470,1980,47.5396,-122.274,1550,7375,12.388394202324129
4,2.5,2000,2.0,0,0,3,2000,0,2003,47.7557,-122.221,2040,6520,13.038873066905303
3,2.5,3370,1.0,0,0,3,3370,0,2000,47.4379,-122.022,3350,213444,13.478498175490552
2,1.0,860,1.0,0,0,3,860,0,1931,47.5048,-122.272,1650,8775,12.043553716032399
3,1.75,1610,1.0,0,0,3,1610,0,1990,47.3778,-122.001,1930,45151,12.674518812561042
2,1.5,720,1.0,0,0,4,720,0,1942,47.5225,-122.351,790,4346,12.567237494741757
4,2.25,1890,1.0,0,0,3,1890,0,1967,47.6328,-122.117,1940,7210,13.17115354157376
4,2.5,1790,1.0,0,0,4,1790,0,1966,47.3617,-122.172,1760,11726,12.408809387066722
2,2.0,1930,1.0,0,0,3,1930,0,2003,47.7104,-122.031,1670,5200,13.203021280421783
2,1.0,600,1.0,0,0,4,600,0,1900,47.5289,-122.033,1130,6000,11.77528972943772
3,2.5,2010,1.0,0,0,3,2010,0,1978,47.6262,-121.96,2040,55527,13.11332263275218
4,3.5,3830,2.0,0,0,3,3830,0,2014,47.7049,-122.126,3640,6055,13.805450121049656
2,1.0,1380,1.0,0,0,3,870,510,1943,47.5339,-122.293,1450,5000,12.498742259492994
2,2.0,1340,1.5,0,0,3,1340,0,1941,47.6384,-122.403,2210,5350,13.292106151991423
3,2.75,2240,2.0,0,0,3,2100,140,2014,47.4999,-122.232,1790,5873,13.017002861746503
4,1.75,1770,1.0,0,0,4,1770,0,1986,47.4265,-122.163,2030,8183,12.765688433465597
3,2.25,1590,1.0,0,0,4,1100,490,1976,47.7457,-122.332,2060,8336,12.911642346088676
4,2.5,2650,2.0,0,0,3,2650,0,2014,47.4786,-122.122,2650,5600,13.203989446284274
4,1.75,1690,1.0,0,0,3,1190,500,1979,47.773,-122.256,1880,9861,12.911642346088676
3,2.5,1680,2.0,0,0,3,1680,0,2008,47.6964,-122.024,1710,4075,12.884106188280072
4,2.5,3300,2.0,0,0,4,3300,0,1991,47.576,-121.976,2880,213879,13.737549016494562
3,1.5,1620,1.0,0,0,4,1620,0,1967,47.3665,-122.107,1610,10640,12.301155526776865
4,2.75,3120,2.0,0,0,3,3120,0,1997,47.3431,-122.03,2420,25201,13.329377546788654
2,1.5,1160,1.0,0,0,4,1160,0,1950,47.5146,-122.386,1500,8060,12.80765263256463
3,1.5,1340,2.0,0,0,3,1040,300,1999,47.698,-122.366,1220,1110,12.793859310432293
3,1.0,1200,1.0,0,0,4,1200,0,1969,47.3609,-122.029,1200,10189,12.323855681186558
3,3.25,1480,2.0,0,0,3,1180,300,2013,47.5555,-122.363,1330,1062,12.66032791780777
3,2.25,2010,1.0,0,0,4,1570,440,1979,47.5613,-122.083,2050,8402,13.337474757021274
4,2.75,2420,1.5,0,0,5,2420,0,1905,47.682,-122.347,1590,3150,13.617059619240436
0,0.0,1470,3.0,0,2,3,1470,0,2006,47.7145,-122.356,1470,1399,12.84792653170257
4,2.75,2810,2.0,0,0,3,2810,0,2014,47.3559,-122.022,3060,4934,13.182809159700518
1,0.75,1170,1.0,0,0,5,880,290,1962,47.2653,-121.91,1130,24513,12.524526376648708
3,2.0,2560,1.0,0,1,4,1380,1180,1952,47.5506,-122.395,1780,6800,13.45166712454693
4,3.0,3240,2.0,0,0,3,3240,0,2013,47.5919,-121.975,3380,5562,13.704578997256993
3,2.25,1640,2.0,0,0,3,1640,0,1996,47.2844,-122.205,1600,7418,12.524526376648708
5,3.25,3250,2.0,0,4,4,3250,0,1968,47.588,-122.116,2960,11044,13.765269341527528
3,1.0,1190,1.0,0,0,3,1190,0,1947,47.5687,-121.898,1230,12720,12.468436909997665
2,1.75,1210,1.0,0,0,3,1210,0,1982,47.7078,-122.234,1840,7500,12.744026936684417
3,1.5,1630,1.0,0,0,4,1630,0,1963,47.2021,-122.002,1420,9282,12.323633434269318
3,1.75,1900,1.0,0,1,4,1330,570,1941,47.6821,-122.273,2760,9375,13.857132232655093
3,2.75,2640,1.5,0,0,5,1750,890,1926,47.6332,-122.281,1920,3600,13.9108207377686
5,3.25,2710,2.0,0,0,3,2230,480,2013,47.5394,-122.028,2160,2108,13.480037821676145
4,2.75,2390,2.0,0,0,3,2390,0,1989,47.3061,-122.359,1980,6735,12.54966234992025
3,1.75,1540,1.0,0,0,4,1540,0,1957,47.7762,-122.337,1620,10397,12.8802918162046
5,3.25,3570,2.0,0,0,3,3570,0,2005,47.5933,-122.007,2690,5347,13.348701819615057
4,2.5,2720,1.0,0,0,4,1360,1360,1955,47.5237,-122.391,1790,8000,13.473020249017498
3,1.5,1060,1.0,0,0,4,1060,0,1955,47.3217,-122.318,1270,9375,12.26434155365415
2,1.0,740,1.0,0,0,3,740,0,1942,47.5158,-122.376,740,6300,12.609869696537642
3,3.75,3890,1.0,0,2,3,2390,1500,1943,47.5073,-122.239,1820,7320,12.971540487669746
4,2.75,2840,2.0,0,0,3,2840,0,2008,47.7029,-122.171,1840,7700,13.484920984501217
4,3.0,2350,1.0,0,0,5,1490,860,1960,47.5514,-122.268,2020,5627,13.345506928718539
5,2.25,2600,1.5,0,0,4,2600,0,1969,47.2961,-122.188,2200,8800,12.487485104968359
4,2.5,2410,2.0,0,0,3,2410,0,1993,47.6329,-122.021,2350,7140,13.317930160948304
4,2.0,2340,1.0,0,0,4,1170,1170,1966,47.5905,-122.022,2470,62290,13.249876697703288
3,1.0,1190,1.5,0,0,3,1190,0,1904,47.5985,-122.298,1680,3600,12.765688433465597
3,2.0,1310,1.0,0,0,3,1310,0,1994,47.3697,-122.075,1310,8454,12.449018824140563
4,2.5,2740,1.5,0,2,3,2740,0,1993,47.1947,-122.008,2030,8638,12.66032791780777
3,1.75,1510,1.0,0,0,4,1510,0,1984,47.5931,-122.158,2660,10800,13.102160670086809
3,2.5,2550,2.0,0,0,3,2550,0,2004,47.6647,-122.083,2250,4050,13.474427708785377
3,1.0,1390,1.5,0,0,3,1390,0,1940,47.567,-121.893,1350,9800,12.8802918162046
4,2.25,1970,1.5,0,0,3,1500,470,1908,47.6725,-122.293,1980,4750,13.304684934198283
2,1.0,1010,1.0,0,0,4,1010,0,1926,47.3759,-122.238,980,7800,12.323855681186558
2,1.0,930,1.0,0,0,5,930,0,1918,47.6783,-122.298,1900,5000,13.005829561148378
4,2.5,2540,1.0,0,0,4,1640,900,1979,47.5609,-122.15,2820,9800,13.349498949988076
4,2.0,5461,1.0,0,0,4,3265,2196,1964,47.3557,-122.29,1940,10995,13.208541073645382
4,2.5,2050,2.0,0,0,3,2050,0,1987,47.62,-122.043,2010,8744,13.217673557208654
5,3.0,2008,1.0,0,0,3,1216,792,1992,47.5376,-122.292,2040,5297,13.038981768465277
3,2.5,2490,2.0,0,0,3,2490,0,1991,47.5355,-122.179,2500,10386,13.257768014410532
2,1.0,770,1.0,0,0,4,770,0,1917,47.5686,-122.389,1550,4563,12.751299696013497
4,1.0,1000,1.0,0,0,3,1000,0,1943,47.4897,-122.24,1020,7138,12.387977448827787
3,3.25,1430,3.0,0,0,3,1430,0,2007,47.6712,-122.38,1430,1243,13.190022025878143
3,1.0,1020,1.0,0,0,3,880,140,1950,47.5436,-122.357,1800,5950,12.86099861326992
5,2.75,2481,2.0,0,0,3,2481,0,2014,47.2602,-122.284,2363,4175,12.641096555879882
3,2.5,2140,2.0,0,0,3,2140,0,1994,47.3289,-122.204,2180,9184,12.618182296357007
4,3.5,2210,1.0,0,0,4,1550,660,1977,47.5816,-122.197,2370,8811,13.9108207377686
3,2.5,1450,1.0,0,0,3,1030,420,1995,47.7082,-122.338,1740,9250,13.049792684569493
3,1.75,2020,1.0,0,0,4,2020,0,1961,47.5383,-122.238,3050,15594,13.514405465180353
4,2.0,1260,1.0,0,0,3,1260,0,1991,47.1946,-122.0,1120,8400,12.241439789367465
3,1.75,1760,1.5,0,3,4,1760,0,1927,47.6748,-122.352,1760,4000,13.442270597150847
5,3.5,3990,2.0,0,0,3,2820,1170,1990,47.741,-122.208,2750,9622,13.38472764187182
3,1.75,1690,1.0,0,0,3,1690,0,1986,47.3546,-122.176,1690,7532,12.203569515312056
3,1.5,1240,1.0,0,0,4,1240,0,1967,47.4478,-122.157,1570,8064,12.449018824140563
5,2.25,2290,1.0,0,0,3,1290,1000,1973,47.4375,-122.166,1660,7526,12.793581494067123
3,2.25,1453,2.0,0,0,4,1453,0,1986,47.5429,-122.188,1860,2526,13.038981768465277
4,1.0,1380,1.5,0,0,3,1380,0,1939,47.3846,-122.226,1430,7110,12.444104809338134
3,2.5,2714,2.0,0,0,3,2714,0,2005,47.3185,-122.275,2590,18386,13.049792684569493
3,1.5,1490,1.0,0,0,4,1490,0,1959,47.7623,-122.256,1960,10469,12.86099861326992
3,3.25,1860,3.0,0,0,3,1860,0,2007,47.7563,-122.316,1830,1787,12.84779494409793
3,1.5,1320,1.0,0,0,4,1320,0,1959,47.4908,-122.181,1370,8295,12.524526376648708
4,1.75,2020,1.0,0,0,3,1010,1010,1968,47.3309,-122.299,1750,8140,12.301382825334498
3,1.75,1940,1.0,0,1,4,1440,500,1960,47.5239,-122.387,2160,7200,13.437174117244362
4,1.5,1570,1.0,0,0,5,1570,0,1911,47.307,-122.217,1140,6716,12.345617172968069
3,1.0,1110,1.0,0,0,4,1110,0,1957,47.6034,-122.122,1490,8200,12.9384405392434
4,2.5,1990,2.0,0,0,3,1990,0,1994,47.3125,-121.998,1500,9656,12.487296407920908
4,1.5,1580,1.0,0,0,3,790,790,1945,47.5002,-122.246,1130,6955,12.61147108474935
3,2.0,1440,1.0,0,0,3,1440,0,1985,47.3702,-122.182,1680,7200,12.409013489526863
7,3.5,4640,2.0,0,1,3,2860,1780,1965,47.5666,-122.231,3230,20697,14.48333993053993
3,1.75,1370,1.0,0,0,3,1370,0,1978,47.7002,-121.912,1430,17550,12.834681304952548
3,2.5,2600,2.0,0,0,3,2600,0,1988,47.7387,-122.217,2660,7683,13.255144488638146
2,1.0,1060,1.0,0,0,4,1060,0,1910,47.6731,-122.315,1770,4000,13.253391639810733
3,1.75,1550,1.5,0,0,5,1550,0,1944,47.4951,-122.237,1250,7467,12.542544882151386
3,3.5,2840,3.0,0,0,3,2840,0,2006,47.7069,-122.117,3040,5400,13.483597910599078
4,2.0,2030,2.0,0,0,3,2030,0,1944,47.4806,-122.287,1190,7007,12.524526376648708
3,2.5,1850,2.0,0,0,5,1850,0,1989,47.6908,-122.169,1850,8482,13.34230179776959
3,2.5,2530,2.0,0,0,3,2530,0,1989,47.371,-122.055,2370,14957,12.983101310070822
4,3.75,3790,2.0,0,0,3,2530,1260,1931,47.6264,-122.289,3250,7200,14.603967918328545
3,2.5,2510,1.0,0,0,4,1910,600,1975,47.7531,-122.14,2510,42803,13.343905647351566
4,2.75,2200,1.0,0,0,3,1410,790,1989,47.3224,-122.122,2240,58806,12.774223335915433
3,2.5,1700,2.0,0,0,3,1700,0,2004,47.5305,-121.854,1970,4105,12.90669184092882
2,1.5,1190,3.0,0,0,3,1190,0,2010,47.5212,-122.358,1190,810,12.613203032957399
3,1.0,920,1.0,0,0,4,920,0,1969,47.3603,-122.085,920,5200,12.095141084822892
3,1.75,1260,1.0,0,0,4,1260,0,1979,47.7296,-122.233,1360,7373,12.911642346088676
3,0.75,1110,1.0,0,0,3,1110,0,1951,47.6834,-122.366,1610,5530,12.93181285535698
3,2.5,2680,2.0,0,1,3,2680,0,1983,47.7031,-122.224,2840,21743,13.318086398742544
4,1.75,2410,1.0,0,0,4,1220,1190,1924,47.6946,-122.336,1440,6770,13.345506928718539
3,1.75,1500,1.0,0,0,3,1500,0,1925,47.4367,-122.463,1500,16988,12.594730635321957
2,1.75,1210,2.0,0,0,3,1210,0,2014,47.5519,-121.999,1210,1090,12.786011933487384
3,3.0,2410,2.0,0,2,3,2410,0,1942,47.7394,-122.288,2610,7479,13.193753373491
2,1.0,1260,1.0,0,0,3,690,570,1925,47.6899,-122.391,1250,3960,12.928778628331663
5,2.75,3370,2.0,0,0,3,3370,0,2006,47.4893,-122.146,3010,8296,13.237476184504834
3,2.5,2110,2.0,0,3,3,2110,0,1977,47.2674,-122.072,2390,125017,13.122363377404328
4,1.75,1920,1.0,0,0,4,1500,420,1975,47.4476,-122.128,2100,7344,12.739637756265655
2,1.0,990,1.0,0,0,4,990,0,1953,47.7669,-122.206,1300,11500,12.691580461311874
4,3.75,3820,1.0,0,0,3,3820,0,1994,47.7337,-122.121,3140,54014,14.010254634756786
4,2.75,2890,2.0,0,0,4,2890,0,1981,47.7454,-122.061,2880,68824,13.39239051461739
2,1.0,1360,1.0,0,0,3,1060,300,1947,47.6841,-122.291,1800,5100,13.17115354157376
3,1.75,2220,1.5,0,0,4,2220,0,1922,47.4693,-122.364,2010,12360,13.296316684527767
2,1.0,750,1.0,0,0,4,750,0,1934,47.6995,-122.354,1470,6374,12.730801174465157
4,2.5,1830,2.0,0,0,3,1830,0,2003,47.3572,-122.015,1830,5998,12.733460357595142
3,1.5,1910,1.5,0,0,4,1910,0,1922,47.2782,-122.212,1770,9068,12.417953004565673
2,1.0,900,1.0,0,0,3,900,0,1944,47.6855,-122.289,1460,4800,13.019222618484815
4,2.5,2370,2.0,0,0,3,2370,0,1984,47.5631,-122.085,2290,7944,13.422467969854667
3,2.5,2000,1.0,0,0,4,1300,700,1968,47.7089,-122.201,2110,8400,13.060487973686241
4,2.25,2510,1.0,0,0,4,2200,310,1967,47.5973,-122.177,3110,9963,13.592367006650065
3,3.0,1740,3.0,0,0,3,1740,0,2007,47.67,-122.391,1370,1180,13.287877815881902
3,1.0,1470,1.0,0,0,3,1470,0,1969,47.3616,-122.286,1720,8050,12.388394202324129
4,2.5,2300,1.0,0,3,2,1650,650,1959,47.4125,-122.33,2300,7500,12.63827705082796
4,1.75,1820,1.0,0,0,5,1820,0,1960,47.606,-122.135,1430,8800,13.17115354157376
2,1.0,1020,1.0,0,0,4,1020,0,1948,47.7257,-122.361,1430,8157,12.911642346088676
2,1.0,900,1.0,0,0,3,900,0,1946,47.6695,-122.36,1230,6913,13.114331205707064
3,1.5,1380,1.0,0,0,3,1380,0,1960,47.3146,-122.323,1380,9200,12.25462468611234
3,1.5,1130,1.0,0,0,3,1130,0,1954,47.5041,-122.253,1130,7200,12.542562739134807
4,2.0,1800,1.0,0,0,3,900,900,1942,47.561,-122.272,1400,5400,12.992254692057308
3,2.5,1920,2.5,0,0,3,1600,320,2004,47.5901,-122.388,1650,3053,13.203943364396752
2,1.0,960,1.0,0,0,3,960,0,1918,47.3864,-122.307,1850,8120,11.461632170582678
4,3.25,3910,2.0,0,2,4,2550,1360,1933,47.6448,-122.409,3070,7500,14.508157613482537
2,1.75,1270,1.0,0,0,4,890,380,1981,47.4438,-122.134,2020,8025,12.608198852372823
3,1.5,1050,1.0,0,0,3,850,200,1949,47.6943,-122.29,1770,5400,12.992081556341256
3,2.5,2780,2.0,0,2,3,2780,0,2000,47.5791,-122.378,2630,5000,13.560618308335483
3,2.0,2080,1.0,0,0,5,1040,1040,1954,47.6886,-122.309,1620,4549,13.331813601586536
2,1.0,1510,1.0,0,0,3,1010,500,1923,47.6742,-122.329,1660,4080,13.45597438174451
3,1.0,1540,1.5,0,0,3,1200,340,1926,47.6853,-122.359,1500,3914,13.180820946975897
3,2.5,2130,2.0,0,0,3,2130,0,1986,47.7754,-122.032,3340,217800,13.151922179645874
3,1.0,1400,1.0,0,0,3,950,450,1943,47.7041,-122.34,990,4980,12.793720411897448
3,1.75,1120,1.5,0,2,4,1120,0,1917,47.1853,-122.017,1620,34200,12.66349749256905
3,3.25,3890,2.0,0,0,3,2890,1000,2006,47.626,-122.323,2860,2199,14.626440774180603
5,3.75,3880,2.0,0,0,4,3880,0,2004,47.4811,-122.179,2160,4651,13.134291948269603
4,3.5,3970,2.0,0,0,3,3970,0,2000,47.4614,-121.713,1680,42665,13.560618308335483
2,1.5,830,2.0,0,0,3,830,0,2005,47.5472,-122.384,1310,1485,12.510298364092582
4,2.5,2650,2.0,0,0,3,2110,540,1988,47.683,-122.187,2000,7680,13.487006490992238
4,2.25,2130,1.0,0,0,4,1380,750,1977,47.4482,-122.209,2300,8112,12.647869682885728
5,2.25,2130,1.0,0,2,3,1240,890,1959,47.6586,-122.395,1830,5000,13.244581010128577
3,1.0,1210,1.0,0,0,3,1210,0,1959,47.6214,-122.12,990,7590,12.779873068457553
3,2.5,3080,2.0,0,0,3,3080,0,1990,47.3726,-122.025,2780,15318,13.253389885423228
4,2.0,1490,1.0,0,0,3,1110,380,1977,47.5949,-122.296,1330,1499,12.959844447906553
3,1.0,1250,1.0,0,0,4,1250,0,1961,47.4894,-122.135,1520,10723,12.644327576461329
3,1.5,2270,1.0,0,0,4,1420,850,1954,47.7573,-122.278,2020,14092,12.92391243868049
3,2.5,1570,2.0,0,0,3,1570,0,2005,47.7456,-121.984,1970,2952,12.611371073081239
3,1.0,1910,1.0,0,0,4,1270,640,1951,47.7004,-122.368,1500,6816,13.284482226880764
3,1.75,1150,1.5,0,0,4,1150,0,1970,47.6709,-122.185,1530,6600,12.821258284620408
4,2.5,1800,2.0,0,0,3,1800,0,1998,47.3611,-122.047,1590,8100,12.429216196844383
5,3.75,4590,2.0,0,0,4,3450,1140,1927,47.6389,-122.288,3870,8996,14.914122846632385
4,1.75,1570,1.0,0,2,3,1030,540,1981,47.671,-122.135,1560,9698,13.17115354157376
6,2.25,2950,1.0,0,0,4,1700,1250,1970,47.7476,-122.087,1790,11200,12.886641043883259
3,1.0,1830,1.5,0,0,3,1430,400,1926,47.6619,-122.351,1510,2500,13.122263372403996
5,3.25,5180,1.0,0,0,3,2610,2570,1993,47.555,-122.114,4050,15296,13.993656743347747
3,1.75,1300,1.0,0,0,4,1300,0,1959,47.7005,-122.314,1370,5111,12.96453929221076
3,1.0,1210,1.0,0,0,3,1210,0,1918,47.5339,-122.356,1640,5850,12.2783933071098
4,2.0,1530,2.0,0,0,3,1530,0,1942,47.4692,-122.162,1500,8712,12.35017298950393
4,3.75,4150,1.0,0,0,3,3130,1020,1963,47.639,-122.236,3930,21420,14.48333993053993
4,2.5,2560,2.0,0,0,5,1610,950,1929,47.6885,-122.386,1760,4000,13.623138665316818
3,1.5,1550,2.0,0,0,4,1550,0,1922,47.7072,-122.36,1820,7200,12.971540487669746
4,2.0,1830,1.0,0,0,5,1070,760,1953,47.5453,-122.279,1830,5500,12.84397135185964
3,2.5,2198,2.0,0,2,3,2198,0,2010,47.3906,-122.304,2198,7621,12.86876061860541
3,1.0,1020,1.0,0,0,3,1020,0,1961,47.3836,-122.082,1490,12745,12.644327576461329
3,1.5,1670,1.0,0,0,5,1670,0,1954,47.2613,-122.255,2077,4910,12.336881585641587
3,2.25,1690,2.0,0,0,3,1690,0,1989,47.5756,-122.01,1800,5036,13.122363377404328
5,1.0,1690,1.5,0,0,3,1690,0,1914,47.6746,-122.325,1230,4500,13.207623221355153
4,1.75,1840,1.0,0,0,3,1220,620,1967,47.6579,-122.125,1770,9720,13.195613839143922
4,2.25,2220,1.5,0,0,5,1310,910,1932,47.6418,-122.394,2020,4940,13.66701054964583
3,2.0,1910,1.0,0,0,4,1910,0,1957,47.6037,-122.119,2040,8700,13.224919965729422
3,1.0,1370,1.0,0,0,4,1370,0,1958,47.4576,-122.182,1080,9198,12.429016176841717
3,2.25,2120,2.0,0,0,4,2120,0,1983,47.3914,-122.169,2120,14479,12.834681304952548
4,1.0,1500,1.5,0,0,3,1500,0,1944,47.4979,-122.24,1190,6360,12.367340793126296
6,2.0,1670,1.0,0,0,5,900,770,1911,47.6637,-122.316,1330,1099,13.42984807715229
3,2.5,2920,2.0,0,3,4,2920,0,1999,47.3809,-122.13,3150,55216,13.663524200966393
2,1.0,840,1.5,0,0,4,840,0,1943,47.5513,-122.394,1310,7072,13.018335306980282
2,2.0,1550,1.5,0,0,4,1550,0,1900,47.654,-122.346,1180,1224,13.173056491719846
3,3.0,1560,3.0,0,0,3,1560,0,2006,47.6604,-122.352,1530,2091,13.302181803980165
4,3.5,3420,2.0,0,0,3,3420,0,2004,47.3554,-121.986,3420,36590,13.39239051461739
3,1.0,1190,1.0,0,0,3,1190,0,1981,47.4805,-121.762,1360,10140,12.609869696537642
3,2.5,2375,2.0,0,0,3,2375,0,2002,47.6627,-122.086,2095,4442,13.475833190394113
4,2.5,2740,1.0,0,2,3,1820,920,1961,47.7728,-122.385,2660,8280,13.345506928718539
4,3.5,2550,2.0,0,0,3,2550,0,2007,47.5216,-121.869,2430,5519,13.1538620444637
3,1.75,1360,1.0,0,0,3,1360,0,1987,47.3657,-122.047,1610,7800,12.468436909997665
3,1.5,1500,1.0,0,0,4,1500,0,1958,47.7741,-122.38,1630,8270,12.945626198904275
5,3.0,3410,1.0,0,0,4,1870,1540,1968,47.6358,-122.103,2390,9679,13.422467969854667
3,1.0,840,1.0,0,0,3,840,0,1960,47.3277,-122.341,840,9420,12.205822614274965
3,2.0,1680,1.0,0,0,3,1680,0,1993,47.1969,-122.011,1990,8545,12.57418196709457
1,1.0,790,1.0,0,0,3,790,0,1911,47.5677,-122.285,1070,4590,12.765688433465597
3,1.0,1060,1.0,0,0,4,1060,0,1957,47.4434,-122.283,1130,10925,12.301155526776865
4,1.5,1280,1.5,0,0,5,1080,200,1920,47.5348,-122.268,1470,5934,12.845291484064564
5,4.0,4070,2.0,0,0,3,4070,0,2014,47.6771,-122.187,2640,9401,14.189828937075601
3,1.5,1500,1.0,0,0,4,1500,0,1957,47.468,-122.163,1500,10937,12.556729517143344
5,2.75,3300,2.0,0,0,3,3300,0,2007,47.6467,-122.118,3150,8580,13.91535589293399
3,3.25,1470,3.0,0,0,3,1470,0,2003,47.6516,-122.337,1470,1506,13.329377546788654
4,2.5,1890,1.0,0,0,3,1230,660,1978,47.4491,-121.78,1390,11360,12.842649474601725
3,3.0,1260,2.0,0,0,3,1040,220,2003,47.5943,-122.296,1780,7715,12.742566016044742
3,1.0,940,1.0,0,0,3,940,0,1945,47.5828,-122.19,2280,19000,13.304684934198283
4,1.0,1190,1.5,0,0,3,1190,0,1926,47.5281,-122.348,1060,7320,12.65075846679162
5,2.0,2130,1.5,0,0,5,1270,860,1926,47.575,-122.388,1710,4180,13.329377546788654
3,2.5,2238,2.0,0,0,3,2238,0,2011,47.2966,-122.353,2456,7212,12.706847933442663
2,2.25,3900,1.0,0,3,3,1950,1950,1947,47.5884,-122.291,2580,5184,13.885036620612885
3,1.0,1090,1.0,0,0,3,890,200,1954,47.4976,-122.35,1460,7080,12.301382825334498
2,1.75,1390,1.0,0,0,5,790,600,1916,47.6681,-122.324,1090,4160,13.038981768465277
3,2.25,1810,2.0,0,0,3,1810,0,1989,47.6882,-122.171,1760,5454,13.347105650082236
4,3.5,2860,3.0,0,0,3,2860,0,2013,47.6262,-122.323,1990,1378,14.187074114396758
3,1.0,1050,1.0,0,0,4,1050,0,1967,47.4923,-122.165,1050,5200,12.206072645530174
4,2.5,2440,1.0,0,0,5,1480,960,1961,47.5606,-122.184,2140,10807,13.442996549995796
3,2.5,2450,2.0,0,0,3,2450,0,1990,47.4665,-122.122,2440,33541,13.081541382884074
4,2.5,1780,2.0,0,0,2,1780,0,1993,47.4239,-122.153,2005,9680,12.779873068457553
3,2.75,1940,2.0,0,3,3,1770,170,2008,47.5185,-121.878,1410,2335,12.961231720492929
4,2.5,2050,2.0,0,0,3,2050,0,2013,47.5431,-122.011,1800,2886,13.443721976215494
3,1.75,1240,1.0,0,0,3,1070,170,1967,47.333,-122.3,1650,7560,12.310432660854417
3,1.0,1180,1.0,0,0,3,820,360,1944,47.4945,-122.249,1070,6050,12.175613438045465
3,3.25,1710,2.0,0,0,3,1400,310,2014,47.5434,-122.368,1380,1300,12.79104981192925
3,1.75,1250,1.0,0,0,4,1250,0,1971,47.4341,-122.446,1270,9600,12.594730635321957
4,2.5,2860,2.0,0,0,3,2860,0,2004,47.745,-122.224,2290,10667,13.38472764187182
3,2.5,1850,2.0,0,0,3,1850,0,2010,47.6871,-122.014,1850,3400,12.793253571453919
4,2.0,2060,2.0,0,0,3,2060,0,1968,47.5631,-122.285,1630,3766,12.89921982609012
3,2.25,1440,2.0,0,0,3,1440,0,1997,47.5456,-122.356,1530,5238,12.706847933442663
3,1.75,1490,2.0,0,0,3,1490,0,1984,47.6916,-122.214,3450,8500,13.635187003832993
4,2.5,2660,2.0,0,0,3,2660,0,1999,47.5894,-122.197,3290,11275,13.937728190688523
4,2.5,2160,2.0,0,0,3,2160,0,1992,47.3341,-122.255,2280,9937,12.793859310432293
4,1.75,1670,1.0,0,0,4,1670,0,1974,47.3193,-122.383,1720,8000,12.500606192931057
2,1.0,990,1.0,0,0,2,990,0,1949,47.4145,-122.463,2090,27442,12.70381302974751
5,2.75,3040,2.0,0,0,3,3040,0,1993,47.5531,-122.119,2860,9327,13.77468856344402
3,1.0,1790,1.0,0,0,3,1790,0,1937,47.508,-122.337,830,6120,12.618513367374764
4,3.5,3600,2.0,0,0,3,2940,660,2014,47.5755,-122.071,3490,5911,13.676840269518083
3,2.25,1780,2.0,0,0,4,1540,240,1989,47.6004,-122.292,2220,4000,13.422467969854667
3,2.5,2460,1.0,0,0,4,1520,940,2001,47.5231,-122.202,1745,5400,13.047639831208393
4,2.5,3190,2.0,0,0,3,3190,0,1979,47.4445,-122.126,2260,7996,12.86747112777554
4,3.5,3950,2.0,0,0,3,3950,0,2001,47.5414,-121.869,3920,11086,13.55563818615176
4,2.0,1450,1.5,0,0,4,1450,0,1962,47.7285,-122.24,1450,7440,12.994530005894443
3,2.5,1790,3.0,0,0,3,1790,0,2007,47.6726,-122.38,1450,2400,13.416449897529104
3,1.75,1370,2.0,0,0,5,1370,0,1927,47.6714,-122.32,1560,3927,13.253391639810733
4,1.0,1010,1.0,0,0,4,1010,0,1955,47.4174,-122.316,1330,7515,12.421184025147118
4,3.0,2820,1.5,0,0,5,1860,960,1928,47.6813,-122.367,1570,4500,13.454540689742661
4,2.75,2130,1.0,0,0,3,1560,570,1992,47.1949,-122.01,2130,8560,12.553202176625375
2,2.5,1000,2.0,0,0,3,990,10,2004,47.5419,-122.271,1330,1466,12.301382825334498
3,1.0,1000,1.0,0,0,3,1000,0,1985,47.6834,-122.097,1090,3479,12.772805901234461
4,2.75,2040,1.0,0,0,4,1260,780,1974,47.666,-122.185,2470,9180,13.048985907599553
3,2.5,1590,2.0,0,0,3,1590,0,2004,47.4805,-122.178,1680,3480,12.676076274775909
2,2.0,1140,1.0,0,0,3,1140,0,1943,47.5277,-122.031,1880,6125,13.081541382884074
3,1.0,1070,1.0,0,0,3,1070,0,1969,47.7687,-122.166,1840,9638,12.706847933442663
3,2.25,1950,1.5,0,0,5,1430,520,1911,47.637,-122.363,1950,3600,13.652991628466498
5,2.5,2870,2.0,0,0,4,2870,0,1962,47.6308,-122.238,2870,16238,14.256986103595471
6,3.0,2470,2.0,0,0,3,2470,0,1982,47.6025,-122.152,2470,9151,13.319573546692034
2,1.0,1020,1.0,0,0,4,1020,0,1948,47.301,-122.226,1200,6497,12.072541252905651
3,1.0,1250,1.0,0,0,4,1250,0,1964,47.6329,-122.121,1530,8800,12.751299696013497
3,1.75,1460,1.0,0,0,3,1460,0,1975,47.4457,-122.128,2050,7210,12.66032791780777
4,1.5,1810,1.0,0,0,3,1810,0,1966,47.7207,-122.186,2060,7200,12.971540487669746
3,3.5,1450,2.0,0,0,3,1200,250,2007,47.6475,-122.359,1490,3017,13.217673557208654
4,2.5,3240,1.0,0,0,3,1840,1400,1972,47.7731,-122.282,2290,13340,13.319573546692034
2,1.0,1740,1.0,0,0,3,1740,0,1955,47.6729,-122.335,1980,5000,13.592367006650065
3,2.0,1990,1.0,0,0,3,1990,0,1949,47.2507,-122.039,2760,217800,12.4130868149145
3,1.5,1760,1.5,0,3,3,1290,470,1928,47.5334,-122.388,1840,4998,13.44154411691548
4,1.5,2700,1.5,0,0,5,2700,0,1940,47.1996,-122.003,1670,7200,12.936033799212835
4,3.5,3760,2.0,0,0,3,2950,810,1998,47.6328,-121.964,2870,28945,13.514405465180353
3,1.5,1730,1.0,0,1,3,1000,730,1954,47.5282,-122.391,1620,6240,13.142166004700508
5,2.75,3550,2.0,0,0,3,3550,0,1960,47.6766,-122.186,3370,9600,13.270783382522602
3,2.25,2800,2.0,0,0,3,2800,0,1985,47.3507,-122.089,2800,37058,12.9190224533863
3,2.5,2490,2.0,0,2,3,2490,0,1998,47.5385,-121.87,2420,6381,13.176662150811708
3,1.0,1180,1.5,0,0,3,1180,0,1946,47.7529,-122.324,1470,8410,12.301382825334498
3,2.0,1540,2.0,0,0,4,1540,0,1984,47.3128,-122.351,1500,7210,12.437184366493561
4,2.5,2320,1.0,0,0,4,1320,1000,1975,47.763,-122.16,2160,7054,13.060487973686241
4,2.5,3130,2.0,0,0,3,3130,0,2008,47.4997,-122.151,2950,5259,13.17115354157376
2,1.0,1070,1.0,0,0,3,1070,0,1951,47.4734,-122.198,1300,9670,12.691580461311874
4,2.75,3140,1.0,0,0,4,2080,1060,1971,47.3782,-122.161,2850,12900,12.834681304952548
3,2.0,1280,1.0,0,0,3,1280,0,1994,47.3715,-122.074,1590,8071,12.354492650648448
3,1.0,980,2.0,0,0,4,980,0,1969,47.317,-122.182,980,3154,11.407564949312402
3,1.75,2080,1.0,0,0,3,1040,1040,1950,47.5135,-122.257,1230,5650,12.691580461311874
3,2.5,3100,2.0,0,0,3,3100,0,2002,47.5882,-122.011,2250,40854,13.541007920624608
1,1.0,810,1.0,0,1,3,590,220,1936,47.5696,-122.36,1920,5000,12.449018824140563
2,1.75,1230,1.0,0,0,3,990,240,1949,47.6839,-122.376,1330,5074,13.262125319779487
4,2.75,3250,2.0,0,0,3,3250,0,2011,47.4806,-122.125,2730,5667,13.253391639810733
4,2.5,2680,2.0,0,0,3,2680,0,2013,47.4759,-121.734,2680,5992,13.126355398673866
3,1.0,1240,1.0,0,0,5,1240,0,1959,47.5233,-122.185,1810,10800,12.765688433465597
4,2.25,2970,2.0,0,0,3,2970,0,1983,47.4338,-122.146,2260,6465,13.173056491719846
3,3.0,4120,2.0,0,2,3,3180,940,1994,47.6804,-121.913,2770,64033,13.235692062711331
4,3.5,4220,2.0,0,0,3,4220,0,1993,47.2642,-122.187,2500,195395,13.592304504696857
2,1.0,950,1.0,0,0,5,950,0,1943,47.5149,-122.257,1250,5650,12.577636201962656
4,2.25,2360,2.0,0,0,3,2360,0,2013,47.6198,-122.289,3040,4400,14.077874822431765
3,1.5,1070,1.0,0,0,4,1070,0,1940,47.5335,-122.349,1020,4800,12.425208175446844
3,2.5,2440,2.0,0,0,3,2440,0,2003,47.665,-122.087,2030,4143,13.473020249017498
3,1.0,1060,1.0,0,0,4,1060,0,1956,47.7465,-122.339,1900,6484,12.614865543731012
3,2.5,2060,2.0,0,0,3,2060,0,2007,47.5415,-121.884,2060,4399,12.944432168911668
1,1.0,920,1.5,0,0,3,920,0,1944,47.761,-122.214,2260,14025,12.644327576461329
3,2.5,2150,2.0,0,0,3,2150,0,1988,47.6191,-122.043,2150,6879,13.270783382522602
4,1.75,2000,1.0,0,4,4,1000,1000,1958,47.5925,-122.391,1690,4144,13.604789526648622
2,2.75,2820,2.0,0,0,3,1630,1190,1947,47.5102,-122.324,1690,12500,12.765688433465597
3,2.5,1720,2.0,0,0,3,1720,0,1987,47.3266,-122.272,1610,7790,12.479909311159902
4,1.0,1200,1.0,1,3,3,1200,0,1972,47.4557,-122.443,1670,47462,12.736700896592344
2,1.0,1080,1.0,0,2,4,1080,0,1942,47.5128,-122.251,2100,6875,12.637855061955712
4,2.5,2490,2.0,0,0,3,2490,0,2013,47.5185,-121.884,2520,5848,13.297156667777491
2,1.0,990,1.0,0,0,3,990,0,1955,47.7252,-122.331,1080,8168,12.80765263256463
4,2.5,2100,1.5,0,0,4,1400,700,1916,47.5293,-122.371,1230,7920,12.969212197910155
4,2.5,2940,2.0,0,2,3,1870,1070,1996,47.6214,-121.946,2940,71002,13.128345449081877
4,1.75,1820,1.0,0,0,4,1080,740,1980,47.4104,-122.172,1810,8050,12.483704382128453
2,1.0,810,1.0,0,0,4,810,0,1923,47.3057,-122.216,1140,6695,12.180241885495652
3,2.25,1584,2.0,0,0,3,1584,0,2012,47.3451,-122.214,1584,2800,12.47227568630483
2,1.0,970,1.0,0,0,3,970,0,1911,47.5754,-122.414,1180,5900,12.654916476940283
3,1.75,1600,1.0,0,0,3,1600,0,1955,47.5632,-122.182,2640,18364,13.151922179645874
2,1.0,890,1.0,0,0,3,740,150,1949,47.6998,-122.278,1290,7200,12.628067055589549
3,1.75,2050,1.0,0,0,2,2050,0,1973,47.5743,-122.212,3180,10264,13.34230179776959
4,2.5,2940,2.0,0,0,3,2940,0,1991,47.4341,-122.16,2550,8360,12.983101310070822
4,3.25,2400,2.0,0,0,4,2400,0,1982,47.743,-122.131,2280,45000,13.279367126213993
3,2.5,2810,2.0,0,0,3,2810,0,2005,47.7065,-122.118,2870,5400,13.513053199930338
6,3.5,6563,2.0,0,0,3,5153,1410,2002,47.6078,-122.157,2610,22651,14.077874822431765
3,2.25,2120,1.0,0,0,3,2120,0,1997,47.296,-122.219,1400,12039,12.736700896592344
3,4.0,2550,2.0,0,2,3,2050,500,1940,47.6415,-122.392,2340,6400,13.805460222110773
3,1.75,1680,1.0,0,3,3,1180,500,1948,47.7648,-122.37,2190,26308,13.337474757021274
3,1.75,1770,1.0,0,0,5,1770,0,1977,47.4458,-122.134,1960,9100,12.947890935553772
3,2.5,2040,2.0,0,2,3,2040,0,1998,47.2618,-122.209,1960,7820,12.675763725937609
3,2.25,2150,2.0,0,0,3,2150,0,1991,47.4605,-122.277,2010,10800,12.721885810807203
3,1.5,1140,2.0,0,0,3,1140,0,1988,47.5701,-122.017,1150,3592,12.644327576461329
4,2.5,2360,1.0,0,3,3,1980,380,1977,47.573,-122.374,2480,5000,13.358225701126313
4,2.5,3140,1.5,0,0,3,3140,0,1995,47.7412,-122.087,2340,19965,13.475833190394113
3,2.25,1790,1.5,0,0,3,1380,410,1985,47.7477,-122.171,2140,7769,12.92391243868049
2,1.0,860,1.0,0,0,3,860,0,1915,47.5133,-122.356,1220,5000,12.4529327234617
4,2.25,3310,2.0,0,0,5,3310,0,1924,47.732,-122.134,3830,43959,13.946538820370678
4,1.75,2350,1.5,0,0,4,1410,940,1946,47.559,-122.397,1800,6150,13.226723392728571
4,1.75,2780,1.0,0,0,3,1560,1220,1964,47.595,-122.203,2350,11700,13.676248490630767
3,2.5,1620,1.0,0,2,4,1620,0,1960,47.2138,-121.982,1620,15680,12.608198852372823
4,2.25,2530,1.0,0,0,5,1570,960,1976,47.5612,-122.152,3030,9400,13.71236979904476
5,2.75,3210,2.0,0,0,3,3210,0,2014,47.5935,-122.061,3190,6624,13.73646735062382
3,2.0,1360,1.5,0,0,4,910,450,1924,47.5587,-122.393,1440,5120,12.971540487669746
4,3.25,3450,2.0,0,3,4,2430,1020,1960,47.4556,-122.372,2412,19499,13.849911984681606
3,1.75,1890,1.0,0,3,3,1890,0,1978,47.6454,-121.978,2110,50529,13.217673557208654
3,2.75,2460,2.0,0,0,3,2460,0,2004,47.7497,-122.245,2440,6092,13.37855478276474
4,2.5,3220,2.0,0,0,3,2420,800,2000,47.5434,-122.27,1770,7680,13.232114241363448
3,2.5,1720,2.0,0,0,3,1720,0,1994,47.569,-122.007,1780,3974,13.190022025878143
2,1.5,1000,2.0,0,0,3,930,70,2006,47.6529,-122.384,1420,1187,12.840000466430148
4,1.75,1230,1.0,0,1,4,1090,140,1950,47.5808,-122.189,2380,13176,13.251635713108469
3,1.0,980,1.0,0,0,2,980,0,1949,47.5308,-122.361,1840,5302,12.2783933071098
4,2.25,2920,2.0,0,0,4,2260,660,1937,47.638,-122.29,4510,9248,14.368245584807475
4,2.5,3070,2.0,0,0,3,3070,0,2006,47.4487,-122.205,2910,5106,13.043320170063875
3,2.5,3020,1.0,0,0,5,1510,1510,1968,47.5529,-122.026,2400,27135,13.507625778194974
2,1.75,1150,1.0,0,0,4,770,380,1923,47.6357,-122.322,1440,4000,12.873902018105829
3,2.5,3140,2.0,0,0,3,3140,0,1991,47.5595,-122.04,3140,10983,13.604789526648622
3,2.0,1430,1.0,0,0,3,1430,0,1994,47.2671,-122.233,1610,8015,12.367128004530962
3,2.0,2540,1.5,0,3,4,1600,940,1905,47.5972,-122.292,2040,5900,13.560618308335483
3,1.75,1970,1.0,0,0,3,1270,700,1964,47.4731,-122.327,1890,8348,12.66032791780777
2,1.0,2320,2.0,0,0,4,2320,0,1942,47.504,-122.362,1620,11250,12.793859310432293
3,2.5,2700,2.0,0,0,3,2700,0,2004,47.5376,-121.879,2740,6054,13.244581010128577
5,3.75,2980,3.0,0,0,3,2980,0,1997,47.5508,-122.268,1100,5150,13.301680425177985
4,3.25,4140,2.0,0,0,3,4140,0,2007,47.7647,-122.213,2060,43103,13.604789526648622
4,2.25,1930,1.0,0,0,4,1360,570,1988,47.3783,-122.182,1760,7207,12.542544882151386
3,1.0,980,1.0,0,0,3,980,0,1954,47.4356,-122.29,980,8125,12.30591798049989
4,2.5,3680,2.0,0,0,3,3680,0,1986,47.5604,-122.107,2830,11251,13.720100373159616
3,1.75,1750,1.0,0,0,3,1750,0,1968,47.4713,-122.117,1730,11180,12.468436909997665
3,1.5,1230,1.0,0,0,4,1230,0,1949,47.4878,-122.314,850,6714,11.918390573078392
2,2.5,1640,2.0,0,0,3,1640,0,2014,47.5639,-122.292,1820,2653,13.413539339110365
3,1.0,1270,1.0,0,0,4,1270,0,1957,47.5874,-122.136,1470,8000,13.143145916586857
3,3.75,6400,1.0,0,2,4,3810,2590,1966,47.7313,-122.37,3430,60548,14.09692301740246
3,2.25,1630,1.0,0,0,3,1630,0,1960,47.5,-122.347,1630,9206,12.220961258023925
5,3.75,4960,2.0,0,2,3,3760,1200,2001,47.5491,-122.137,5200,18116,14.119312012295937
4,2.75,2190,1.5,0,0,5,1470,720,1929,47.6868,-122.308,1600,3800,13.3645249345543
2,2.5,1330,3.0,0,0,3,1330,0,2004,47.6668,-122.285,1430,1328,13.151922179645874
2,1.0,1400,1.0,0,0,3,1400,0,1949,47.7228,-122.357,1760,8220,12.901716706288706
4,2.5,2680,1.0,0,3,3,1510,1170,1960,47.337,-122.321,2680,12746,13.038981768465277
3,2.0,1800,2.0,0,0,5,1600,200,1925,47.5447,-122.389,1640,5000,13.262125319779487
4,3.25,3960,2.0,0,2,3,3100,860,1938,47.6701,-122.259,3960,15050,14.73180128983843
3,1.5,1460,1.0,0,0,3,1460,0,1955,47.4561,-122.357,1400,8645,12.691426603322494
5,2.5,2530,2.0,0,0,3,2530,0,2004,47.3531,-122.021,2070,4879,12.765402678355779
3,2.5,2360,2.0,0,0,3,2360,0,1995,47.3257,-122.17,1860,6762,12.736697955411548
3,1.0,1140,1.0,0,0,3,1140,0,1959,47.527,-122.362,1140,7440,12.706847933442663
4,1.75,1550,1.5,0,0,4,1550,0,1958,47.5795,-122.235,1860,7350,13.37700559577791
4,2.75,1910,1.0,0,0,5,1160,750,1977,47.6999,-122.2,1770,11357,13.353633815930147
3,1.5,1190,1.0,0,0,3,970,220,1940,47.6726,-122.386,1460,4750,13.122363377404328
3,1.75,1310,1.0,0,0,4,1310,0,1984,47.3156,-122.186,2622,7191,12.283033686666302
3,1.75,1620,1.0,0,0,3,1210,410,1976,47.7349,-122.197,1700,8085,12.886641043883259
4,1.0,1920,1.5,0,0,3,1920,0,1920,47.6897,-122.374,1600,6470,13.190022025878143
4,2.0,2240,1.5,0,0,3,2240,0,1944,47.7309,-122.305,1440,7085,12.886641043883259
3,2.0,2660,1.0,0,0,4,2660,0,1964,47.2098,-122.016,2570,43561,13.112313041550827
5,2.75,2350,1.5,0,0,3,1520,830,1922,47.6388,-122.3,1920,4178,13.279367126213993
5,2.5,1980,1.0,0,0,4,1080,900,1929,47.699,-122.307,1310,5413,12.943236711506893
3,2.5,1995,3.0,0,0,3,1760,235,2005,47.6025,-122.31,1520,1173,13.132313708257497
4,2.5,2340,2.0,0,0,2,2340,0,1978,47.3468,-122.091,2480,40500,12.577636201962656
4,2.5,2400,2.0,0,0,3,2400,0,2001,47.2606,-122.285,2406,7642,12.608198852372823
3,2.5,1990,2.0,0,0,3,1990,0,1996,47.383,-122.305,1680,7511,12.706847933442663
4,2.5,1820,2.0,0,0,5,1820,0,1989,47.359,-122.05,1490,7930,12.56374708980199
4,2.5,3310,2.0,0,0,3,3310,0,2005,47.6649,-122.08,3010,5176,13.560618308335483
3,1.75,1340,1.0,0,0,4,1090,250,1941,47.5427,-122.386,1550,1755,13.122263372403996
4,2.5,2680,1.0,0,0,3,1380,1300,1952,47.6835,-122.187,1950,8520,13.592367006650065
4,2.25,1960,2.0,0,0,3,1960,0,1984,47.6276,-122.037,1960,12436,13.122363377404328
2,1.0,940,1.0,0,0,3,940,0,1926,47.5375,-122.374,940,5040,12.26763800118833
4,2.5,2300,2.0,0,0,5,2300,0,1955,47.6988,-122.202,1780,10843,13.321214236149494
2,1.0,1100,1.0,0,0,3,1100,0,1906,47.6388,-122.35,1590,4000,13.253391639810733
4,1.75,1710,1.0,0,0,4,1710,0,1955,47.5756,-122.158,1480,10440,13.17115354157376
3,2.75,2080,1.0,0,3,3,1580,500,1966,47.3632,-122.324,2175,7568,13.304684934198283
3,2.5,2000,2.0,0,0,4,2000,0,1989,47.3442,-122.062,1930,35350,12.899094818276968
3,2.5,2370,2.0,0,0,3,2370,0,2001,47.7359,-121.984,2280,16808,13.122263372403996
3,2.25,1880,1.0,0,0,3,1480,400,1975,47.5937,-122.116,2120,10240,13.19170285548294
3,1.75,1070,1.0,0,0,3,1070,0,1966,47.67,-122.155,1540,7875,13.203021280421783
4,2.75,3630,1.0,0,2,4,1850,1780,1968,47.566,-122.225,3380,11184,13.55284624848778
3,2.5,1520,2.0,0,0,3,1520,0,2005,47.5245,-122.33,1460,2550,12.240474072247506
3,2.0,1380,1.0,0,0,3,1380,0,2008,47.3661,-122.021,1620,4000,12.524526376648708
5,2.25,2460,1.0,0,0,4,1330,1130,1976,47.6651,-122.15,2460,8870,13.303016877097587
4,3.5,3130,2.0,0,0,3,2060,1070,2014,47.677,-122.33,1500,4500,14.133964289082808
3,2.5,1500,2.0,0,0,3,1500,0,2005,47.5538,-121.997,1440,2040,12.759957758756611
2,1.0,1560,1.5,0,1,4,1560,0,1942,47.7006,-122.386,2620,5400,13.492546671367853
2,2.5,1370,2.0,0,0,3,1370,0,1987,47.4606,-122.283,1370,2308,12.154779351142624
3,3.0,1960,2.0,0,0,3,1600,360,2007,47.5445,-122.014,2080,1423,13.228523573232719
3,2.25,1540,1.0,0,0,2,1180,360,1989,47.29,-122.358,1460,6740,12.078239274020289
3,2.5,1660,2.0,0,0,3,1660,0,1983,47.3763,-122.148,1740,2624,12.013700752882718
5,3.25,3340,2.0,0,2,3,2500,840,2014,47.5193,-121.877,3220,5200,13.365858424966437
3,3.0,3730,1.5,0,0,4,2230,1500,1990,47.4257,-122.03,1940,217800,13.383958115092792
3,2.5,1870,2.0,0,0,3,1870,0,2002,47.4831,-122.183,2160,3480,12.691580461311874
3,2.5,2538,2.0,0,0,3,2538,0,2013,47.2584,-122.196,2570,4800,12.723693131842069
4,2.5,2720,1.0,0,0,3,1510,1210,1969,47.6191,-122.145,2510,12350,13.217582643985264
5,2.5,3270,2.0,0,0,3,3270,0,2004,47.4461,-122.208,2980,5928,13.091904169919621
4,2.5,3720,2.0,0,0,3,3720,0,1983,47.7582,-122.13,3720,35000,13.627372115848754
3,2.5,2490,2.0,0,0,3,2490,0,2005,47.3705,-122.131,2490,4748,12.821258284620408
5,4.25,3920,2.0,0,0,3,3920,0,1955,47.5766,-122.151,1400,9750,13.385496576934697
3,4.25,3840,2.0,0,0,3,3840,0,1998,47.6347,-122.064,3230,7189,13.662883716505357
3,2.25,2000,1.0,0,0,4,1250,750,1978,47.5443,-122.18,2060,12000,13.173056491719846
4,2.0,1440,1.0,0,0,4,1440,0,1943,47.508,-122.183,1440,7750,11.99535161421452
4,2.25,2192,2.0,0,0,3,2192,0,2006,47.3644,-122.2,1914,4649,12.644327576461329
3,2.0,1700,2.0,0,0,3,1700,0,1992,47.7661,-122.205,1460,9621,13.025852477023484
2,1.0,880,1.0,0,0,4,880,0,1945,47.5009,-122.248,1190,6780,12.232836282799388
3,2.5,2130,2.0,0,0,3,2130,0,1985,47.7252,-122.106,2130,7605,13.071070083016778
3,1.0,1630,1.0,0,0,3,930,700,1954,47.5497,-122.295,1630,5480,12.676076274775909
5,2.5,3160,1.0,0,0,4,1580,1580,1960,47.5735,-122.208,2440,8079,13.617059619240436
4,2.5,3150,2.0,0,0,3,3150,0,2006,47.5159,-122.202,3030,8643,13.43236842781037
4,2.0,1470,1.0,0,0,4,1470,0,1967,47.3742,-122.289,1640,7000,12.2783933071098
4,2.5,3320,2.0,0,0,3,3320,0,1999,47.6247,-122.016,3040,54450,13.608486388529947
3,2.5,1660,2.0,0,0,3,1660,0,2003,47.3507,-122.141,2190,6192,12.560244459250788
2,1.0,700,1.0,0,0,5,700,0,1949,47.7492,-122.311,1230,8100,12.491251587763836
3,2.5,1970,1.0,1,4,3,1100,870,1937,47.5495,-122.398,3030,34689,13.976778705560397
3,1.0,1230,1.0,0,0,3,1230,0,1954,47.5745,-122.136,1240,9965,12.834681304952548
3,1.75,1560,1.0,0,0,3,1560,0,1964,47.4876,-122.226,1840,11180,12.581078546153629
4,1.5,2130,2.0,0,0,4,2130,0,1920,47.5828,-122.291,2560,5000,13.526494262499357
3,2.0,1810,1.0,0,0,3,1810,0,1967,47.6393,-121.967,1420,11982,12.917673504748366
4,2.5,3050,2.0,0,0,3,3050,0,2007,47.7465,-122.231,1910,8000,13.514405465180353
3,1.0,1250,1.5,0,0,5,1250,0,1939,47.2092,-121.997,1250,8792,12.296827008798639
3,1.75,1770,2.0,0,0,3,1770,0,1944,47.7289,-122.353,1680,9825,13.096019402064726
4,2.75,2200,1.0,0,0,3,1500,700,1979,47.7713,-122.259,2120,9585,13.038981768465277
3,2.5,2100,2.0,0,0,3,2100,0,1986,47.7242,-122.105,2100,8187,13.151922179645874
3,2.5,1690,2.0,0,0,3,1410,280,2013,47.5389,-122.367,1690,1760,12.92366850649243
4,2.75,3470,2.0,0,0,3,2070,1400,1993,47.7066,-121.968,2370,233917,13.302348874400735
4,3.25,3610,2.0,0,0,3,2640,970,2007,47.658,-122.396,1980,4000,13.826252654496177
2,1.0,1150,1.0,0,0,3,870,280,1948,47.6894,-122.284,1380,5664,13.151922179645874
2,1.0,890,1.0,0,0,4,890,0,1928,47.7027,-122.346,1010,3844,12.301382825334498
3,2.25,1650,1.0,0,0,3,1260,390,1969,47.7377,-122.197,1760,8268,12.86099861326992
3,3.5,3490,2.0,0,0,3,2570,920,2009,47.6385,-122.281,1880,4000,14.297936707208567
3,2.5,2020,1.0,0,0,4,1330,690,1958,47.7368,-122.337,1870,7800,13.005717195285008
3,2.5,2340,2.0,0,0,3,2340,0,2004,47.5322,-121.851,1970,3739,12.966878474563934
3,2.25,2380,1.0,0,0,4,2380,0,1963,47.5873,-122.193,2010,11200,13.733215315237445
4,2.75,3260,2.0,0,0,3,3260,0,2007,47.5395,-121.997,3450,6218,13.592367006650065
5,3.5,3020,2.0,0,0,3,2230,790,1978,47.5627,-122.216,3680,14486,13.533147646990093
3,2.0,1680,2.0,0,0,4,1680,0,1953,47.3255,-122.305,1250,15600,12.429216196844383
6,1.75,2240,2.0,0,0,4,2240,0,1955,47.42,-122.323,1590,7955,12.538967060803502
3,2.5,1390,3.0,0,0,3,1390,0,2008,47.6485,-122.334,1350,1266,13.235692062711331
4,1.75,1530,1.5,0,0,4,1530,0,1938,47.329,-122.219,1620,13535,12.301382825334498
3,2.75,1960,1.0,0,0,5,1240,720,1975,47.5582,-122.139,2040,9866,13.217673557208654
6,3.0,2650,1.0,0,0,4,2650,0,1977,47.2069,-121.989,1450,8668,12.691580461311874
6,1.0,1430,2.0,0,0,3,1430,0,1954,47.6255,-122.209,2450,10080,13.592367006650065
4,1.5,1590,1.0,0,3,4,1590,0,1966,47.2558,-122.024,2280,108028,12.628067055589549
3,2.0,1380,1.0,0,0,4,1380,0,1968,47.5951,-122.036,1380,15426,12.915166991419566
3,2.5,1730,3.0,1,4,3,1730,0,1996,47.645,-122.084,2340,16994,13.77468856344402
3,1.5,1690,1.0,0,0,2,1430,260,1952,47.356,-122.189,1930,12548,12.821258284620408
3,2.5,2210,2.0,0,0,3,2210,0,1989,47.3079,-122.393,2440,8641,12.706847933442663
2,1.0,670,1.0,0,0,5,670,0,1960,47.5918,-122.295,1220,1740,12.409013489526863
2,2.5,2830,2.0,0,0,3,2830,0,2001,47.6481,-122.081,3190,7515,13.58609739363647
5,3.5,2700,1.5,0,2,4,1950,750,1948,47.7172,-122.349,2160,8114,13.244581010128577
5,3.0,2240,1.0,0,1,5,1390,850,1952,47.7426,-122.288,2240,10750,13.081541382884074
4,1.5,2310,2.0,0,0,4,2310,0,1968,47.3354,-122.031,2020,39900,12.917673504748366
2,1.0,930,1.0,0,0,4,930,0,1919,47.5289,-122.03,1730,9000,12.793859310432293
2,1.75,1670,1.0,0,0,3,1670,0,2005,47.5539,-122.001,2330,3752,13.244581010128577
3,2.0,1710,1.0,0,2,5,1710,0,1952,47.2207,-121.984,1700,63823,12.891691559669328
5,2.75,2210,1.0,0,0,5,1460,750,1963,47.4468,-122.282,1590,10850,12.65714826489039
2,1.75,2430,1.0,0,4,3,2430,0,1951,47.7616,-122.372,3150,23600,13.815510557964274
3,1.0,990,1.0,0,0,3,990,0,1970,47.7116,-122.214,1450,6702,12.721885810807203
3,2.0,2440,1.0,0,0,4,1440,1000,1977,47.375,-122.227,2400,10650,12.65075846679162
4,1.0,1540,1.5,0,0,2,1540,0,1905,47.587,-122.384,1920,6000,13.044401835934616
3,2.25,1610,1.0,0,0,4,1110,500,1968,47.3683,-122.279,1690,11839,12.531772785169476
3,1.75,1860,1.0,0,0,3,1160,700,1986,47.3855,-122.322,1490,7527,12.772805901234461
5,3.25,4560,1.0,0,0,5,2490,2070,1963,47.6291,-122.226,3390,20140,14.331323723241304
4,2.25,2270,1.0,0,0,4,1360,910,1979,47.7559,-122.148,2500,10120,12.948009990259552
3,2.0,1680,1.0,0,0,3,1680,0,1991,47.3248,-122.179,2480,38637,12.765688433465597
3,1.5,1460,1.0,0,0,3,1460,0,1952,47.4275,-122.331,1420,9582,12.644327576461329
4,2.0,2200,1.0,0,0,3,1100,1100,1979,47.464,-122.18,1790,7700,12.538967060803502
3,2.0,1170,1.0,0,0,5,1170,0,1902,47.5276,-122.273,1340,6384,12.468436909997665
3,1.5,1430,1.0,0,0,5,1430,0,1948,47.772,-122.322,1410,9820,12.706847933442663
3,1.5,1180,1.0,0,0,4,1180,0,1959,47.6133,-122.133,1510,8800,12.873902018105829
4,2.75,1980,1.0,0,0,5,1980,0,1952,47.7707,-122.273,2080,15700,13.071070083016778
1,1.25,1100,3.0,0,0,3,1100,0,2014,47.6228,-122.307,1110,1933,13.15483056754183
5,3.0,2190,2.0,0,0,5,1490,700,1940,47.6892,-122.386,1370,4606,13.284482226880764
4,1.75,1710,1.0,0,0,4,1710,0,1956,47.5947,-122.135,1360,10133,13.256719429903407
3,2.0,1660,1.0,0,0,3,1010,650,1985,47.3298,-122.277,1660,7778,12.429216196844383
3,2.25,1390,3.0,0,0,3,1390,0,2007,47.6912,-122.343,1250,1087,12.834547962729536
4,1.5,1100,1.0,0,0,4,1100,0,1960,47.7,-122.175,1100,9630,12.774223335915433
3,2.5,1870,1.0,0,0,3,1470,400,1980,47.7265,-122.206,1930,7344,13.028052697933088
5,2.25,3340,2.0,0,0,4,3340,0,1975,47.4553,-121.987,2460,48351,13.37700559577791
4,2.5,3530,2.0,0,0,4,3530,0,1986,47.7285,-122.112,3750,49222,13.721199878493033
2,1.0,600,1.0,0,0,5,600,0,1922,47.4927,-122.28,1470,5000,12.066810578196666
2,1.0,770,1.0,0,0,3,770,0,1948,47.747,-122.301,1120,8149,12.468244583811861
4,2.5,3070,2.0,0,0,3,3070,0,2005,47.5902,-121.988,3160,5936,13.502168738731916
3,1.75,1260,1.0,0,0,4,1260,0,1964,47.4752,-122.133,1190,10640,12.345834587905333
4,1.0,1500,1.5,0,0,4,1500,0,1951,47.5303,-122.378,980,5366,12.896716695872
5,3.0,2840,2.0,0,0,5,2440,400,1905,47.6285,-122.309,2940,6000,14.169682371684887
3,1.75,1520,1.0,0,0,3,1220,300,1978,47.7516,-122.299,1860,13500,12.793859310432293
3,3.25,1370,3.0,0,0,3,1370,0,2004,47.6718,-122.388,1800,2678,13.058358047428417
5,1.75,2080,1.0,0,0,5,2080,0,1963,47.3884,-122.404,1670,213008,13.081541382884074
3,2.5,2370,2.0,0,0,3,2370,0,2003,47.5427,-121.863,2660,7752,13.166380262821104
4,1.75,2430,1.5,0,0,4,2430,0,1909,47.5245,-121.926,1330,10500,13.005829561148378
2,2.0,1560,1.0,0,0,3,1560,0,2004,47.7111,-122.032,1855,4989,13.159659162148026
3,2.5,1810,2.0,0,0,3,1810,0,1993,47.3724,-122.042,1810,6200,12.744026936684417
3,2.5,3260,2.0,0,0,4,3260,0,1984,47.737,-122.074,2520,65775,13.652991628466498
2,1.5,1020,3.0,0,0,3,1020,0,2001,47.6774,-122.325,1138,1156,13.028052697933088
3,2.25,1200,2.0,0,0,3,1200,0,1986,47.7151,-122.203,1220,2140,12.742566016044742
3,2.5,2830,2.0,0,0,3,2830,0,2001,47.7605,-122.234,2500,5788,13.219490088135052
4,2.75,3140,2.0,0,0,3,3140,0,2013,47.5923,-122.058,3500,7055,13.676191017714862
4,3.5,3440,2.0,0,0,3,3440,0,2006,47.5374,-122.216,2400,11000,14.100689500197937
1,1.0,680,1.0,0,4,1,680,0,1910,47.5832,-122.399,1010,3621,12.437184366493561
3,1.0,960,1.0,0,0,3,960,0,1951,47.5689,-122.393,1520,5750,13.102160670086809
4,2.25,2330,2.0,0,0,3,2330,0,1986,47.7264,-122.104,2330,8396,13.368441900001034
3,2.25,1170,3.0,0,0,3,1170,0,2014,47.6722,-122.381,1350,1310,13.161487932088379
6,3.5,3600,2.0,0,0,3,2740,860,2004,47.5401,-121.879,3150,6663,13.337474757021274
4,2.25,2060,1.0,0,0,4,2060,0,1968,47.6378,-122.117,2360,8625,13.262125319779487
3,2.5,2620,2.0,0,0,3,2620,0,1999,47.5328,-121.879,2360,4231,13.060487973686241
3,1.5,1380,1.0,0,0,4,1380,0,1967,47.3204,-122.322,1600,10720,12.560244459250788
3,2.5,2030,3.0,0,0,3,1970,60,2007,47.6213,-122.2,1950,1160,13.721199878493033
4,2.75,2910,1.0,0,0,3,2210,700,1957,47.7557,-122.368,2420,26140,13.527761816623505
4,3.0,4040,2.0,0,0,3,4040,0,1987,47.7205,-122.127,3930,21887,13.803437976730004
4,2.5,2850,2.0,0,0,3,2850,0,1998,47.6747,-122.191,2440,7072,13.704578997256993
2,1.5,1110,2.0,0,0,3,950,160,2009,47.5427,-122.272,1110,3515,12.439166527697552
2,2.75,730,1.0,0,0,3,730,0,1929,47.5381,-122.374,980,5000,13.047639831208393
3,1.5,1370,1.0,0,0,4,1370,0,1961,47.2874,-122.192,1710,8800,12.128111104060462
3,1.75,1880,1.0,0,0,4,940,940,1941,47.7131,-122.283,1390,7200,13.006952525893
4,2.75,3010,2.0,0,0,3,3010,0,2010,47.7068,-122.112,3000,4929,13.592367006650065
5,4.75,6240,1.0,0,3,3,4610,1630,2003,47.5317,-122.233,4170,17668,14.897315728316002
3,3.5,2380,2.0,0,3,3,1670,710,1997,47.5137,-122.252,2540,4010,13.112313041550827
4,2.0,1870,1.0,0,2,3,1870,0,1977,47.1985,-122.001,1770,8207,12.409013489526863
4,1.0,1160,1.0,0,0,4,820,340,1913,47.5175,-122.201,1670,10200,13.122363377404328
3,2.25,1820,1.0,0,0,4,1820,0,1969,47.2838,-122.006,1850,117612,12.818551923022664
4,1.75,1720,1.0,0,0,3,1220,500,1974,47.306,-122.375,1790,7200,11.993498045565198
4,1.0,1810,1.0,0,0,2,1410,400,1959,47.4935,-122.333,1250,6255,12.487296407920908
5,1.0,1750,1.5,0,0,3,1750,0,1903,47.6075,-122.295,1700,4255,13.560489267752041
3,2.0,1350,1.0,0,0,3,1350,0,1986,47.7313,-121.971,1350,14200,12.691580461311874
2,2.0,1090,2.0,0,0,3,1090,0,1990,47.7526,-122.244,1078,1318,12.425208175446844
3,2.0,1550,1.5,0,0,3,1550,0,1983,47.3699,-122.319,1840,12826,12.577636201962656
3,1.0,1220,1.0,0,0,4,1220,0,1965,47.6218,-122.116,1320,7200,13.010313873595706
3,2.5,2050,2.0,0,0,3,2050,0,2006,47.3619,-122.122,1300,15836,13.049792684569493
3,1.75,1500,1.0,0,0,3,1500,0,1979,47.3467,-122.296,1500,7560,12.396693005138824
3,2.0,2320,1.5,0,0,3,2320,0,1992,47.6106,-122.055,3100,59603,13.676248490630767
4,2.5,2060,1.0,0,0,3,1260,800,1968,47.4229,-122.153,1610,10714,12.505992035646432
3,2.5,2540,2.0,0,0,3,2540,0,2006,47.3341,-122.052,2270,5000,12.644327576461329
2,1.5,1440,1.0,0,0,4,1440,0,1978,47.2909,-122.219,1460,9730,12.706847933442663
4,3.0,3990,2.0,0,0,3,3990,0,2003,47.6857,-122.046,3370,6814,13.604789526648622
3,2.5,2740,2.0,0,0,3,2740,0,1998,47.4349,-122.105,2740,8815,12.996800154428984
3,2.25,1590,1.0,0,0,3,1060,530,1976,47.7742,-122.287,1860,9760,12.983043837154916
4,2.5,2600,2.0,0,0,3,2600,0,2005,47.3451,-122.04,2610,5188,12.793581494067123
3,2.25,2370,2.0,0,0,4,2370,0,1980,47.5827,-122.197,2370,9514,13.757351643790741
2,1.75,1500,1.0,0,0,4,1500,0,1963,47.3643,-122.115,1220,8645,12.427214194173711
4,1.0,1620,1.5,0,0,3,1620,0,1927,47.5728,-122.388,1220,5520,12.936033799212835
3,1.0,990,1.0,0,0,3,990,0,1966,47.3066,-122.371,1228,8840,12.257193425037888
4,2.5,2423,2.0,0,0,3,2423,0,2005,47.3227,-122.37,2495,7489,12.577636201962656
4,1.75,2251,1.0,0,1,4,1390,861,1957,47.3369,-122.32,2520,12539,12.628067055589549
3,1.5,1140,1.5,0,0,3,1140,0,1915,47.6368,-122.354,1260,4800,13.481435445942783
4,2.0,1790,1.0,0,1,4,1670,120,1960,47.3965,-122.321,2440,10664,12.388394202324129
3,2.5,2250,2.0,0,0,3,2250,0,2006,47.4787,-122.129,2250,4556,12.886641043883259
3,2.25,1440,1.0,0,0,3,1180,260,1988,47.6225,-122.038,1440,13963,13.122363377404328
3,1.5,2240,1.0,0,0,3,1620,620,1956,47.7137,-122.254,3200,23873,13.116345305078767
4,2.5,1910,1.0,0,0,3,1910,0,1921,47.7581,-122.359,1910,7750,13.035497444382667
5,2.25,2520,2.0,0,0,3,2520,0,1977,47.6322,-122.053,2530,12000,13.321214236149494
2,1.0,870,1.0,0,0,3,870,0,1981,47.7243,-122.161,1370,3488,12.542544882151386
2,1.0,910,1.0,0,0,2,910,0,1910,47.5322,-122.379,1620,5525,12.821258284620408
4,2.75,2230,1.0,0,0,3,1400,830,1968,47.5123,-122.32,1740,10080,12.542544882151386
3,1.0,980,1.0,0,0,3,980,0,1946,47.4411,-122.186,1140,9975,11.877568578558138
3,2.5,1710,2.0,0,0,3,1710,0,1993,47.2635,-122.312,2220,7551,12.624782980388359
3,1.0,1250,1.5,0,0,4,1250,0,1931,47.526,-121.829,1450,13503,12.54966234992025
4,2.5,3420,2.0,0,0,3,3420,0,2000,47.6328,-122.064,3230,8460,13.641157170819497
5,2.5,3260,1.5,0,1,4,2310,950,1950,47.7587,-122.274,2390,32057,13.534473028231162
3,1.0,1040,1.0,0,0,4,1040,0,1969,47.4936,-122.102,1040,9514,12.608198852372823
4,1.75,1520,1.0,0,0,4,1520,0,1967,47.7356,-122.191,1520,7500,13.122263372403996
2,1.0,1020,1.5,0,0,4,1020,0,1906,47.6725,-122.396,1490,5000,13.017002861746503
5,2.75,2990,2.0,0,0,3,2990,0,2014,47.4853,-122.154,2730,5740,13.23560277301084
3,1.75,1800,1.0,0,0,3,1350,450,1951,47.7165,-122.361,1770,7620,13.140217047893891
4,2.25,2320,1.0,0,0,4,1160,1160,1966,47.3627,-122.285,1970,8690,12.421184025147118
3,1.0,1010,1.0,0,0,4,1010,0,1967,47.2956,-122.272,1540,9576,12.214536723942302
3,1.5,1280,1.0,0,0,3,1280,0,1982,47.6304,-122.035,1470,13698,12.886641043883259
3,2.25,1880,2.0,0,0,3,1880,0,1987,47.6283,-122.032,1880,12000,13.217673557208654
3,2.0,1720,1.0,0,2,5,960,760,1941,47.559,-122.298,1760,5525,13.122363377404328
3,1.75,1770,1.5,0,0,3,1770,0,1914,47.6631,-122.357,1630,3254,13.476535191124942
2,1.0,1120,1.0,0,0,4,1120,0,1954,47.763,-122.291,1340,7784,12.691580461311874
1,1.0,820,1.0,0,0,3,760,60,2007,47.5473,-122.371,1770,1924,12.299107511497363
3,2.25,1970,2.0,0,0,3,1970,0,1997,47.4907,-122.167,1780,3716,12.736700896592344
2,1.5,1160,2.0,0,0,3,1020,140,2007,47.6754,-122.375,1210,1118,13.096019402064726
4,2.75,2110,2.0,0,0,4,2110,0,1991,47.3877,-122.171,2100,7280,12.691580461311874
3,3.0,4040,1.5,0,2,4,3340,700,1930,47.6288,-122.284,3450,10800,14.626440774180603
3,1.75,1160,1.0,0,0,4,1160,0,1977,47.3643,-122.09,1470,5200,12.203569515312056
4,1.75,1400,1.5,0,0,4,1400,0,1942,47.4888,-122.332,1120,8645,12.529966099944527
2,1.5,1220,1.0,0,2,4,1220,0,1938,47.6624,-122.348,2090,3850,13.270783382522602
5,3.25,3680,2.0,0,0,5,2630,1050,1925,47.6341,-122.304,3050,5850,14.430696197054507
3,2.25,2070,1.0,0,0,3,1440,630,1977,47.7766,-122.277,2070,10158,13.058358047428417
3,2.5,2160,2.0,0,0,4,2160,0,1989,47.6712,-122.142,3060,7829,13.504900980868788
2,1.0,890,1.0,0,0,4,890,0,1941,47.5311,-122.373,950,5200,12.611371073081239
3,1.75,1400,1.0,0,2,3,1100,300,1915,47.5659,-122.38,1500,5175,13.13675925768806
3,2.25,2230,1.5,0,2,5,1450,780,1928,47.5078,-122.236,2060,7200,12.992254692057308
2,2.0,1170,1.0,0,0,3,1170,0,1941,47.6873,-122.291,1360,6798,12.883649231099161
2,2.5,2220,2.0,0,0,3,2220,0,2000,47.6364,-122.28,1870,4000,14.169682371684887
4,3.5,4270,1.0,0,0,4,4270,0,1993,47.7354,-122.078,3510,36149,13.9108207377686
3,1.75,1890,1.0,0,0,3,1890,0,1967,47.7032,-122.286,1920,6793,13.112313041550827
3,1.75,3000,2.0,0,0,4,1900,1100,1963,47.6962,-122.312,1550,5413,13.16733674304706
4,2.5,2240,2.0,0,0,4,2240,0,1989,47.5276,-122.161,2410,11243,13.244581010128577
3,2.5,1700,2.0,0,0,3,1700,0,2005,47.5505,-121.998,1700,3600,13.189087009447237
4,2.25,2880,1.0,0,0,4,1920,960,1981,47.7584,-122.143,2410,10584,13.327750207129279
4,2.5,4290,2.0,0,0,3,4290,0,2004,47.3585,-121.988,3370,63162,13.582947784733573
3,2.25,1950,1.0,0,0,4,1200,750,1987,47.2762,-122.148,1760,8850,12.468436909997665
3,1.0,1200,1.0,0,0,5,1200,0,1969,47.5234,-122.177,1250,11826,12.736406735684207
3,2.25,1580,1.0,0,0,3,1580,0,1979,47.5583,-121.852,1980,75358,12.765688433465597
5,2.25,2140,1.0,0,2,3,1220,920,1962,47.6969,-122.31,1720,6670,13.242809530480196
2,1.0,730,1.0,0,0,3,730,0,1953,47.4275,-122.324,1170,7034,11.711776323715394
3,2.25,1530,2.0,0,0,3,1050,480,2014,47.6018,-122.297,1530,2307,13.049792684569493
2,1.0,740,1.0,0,0,4,740,0,1949,47.7291,-122.337,1140,5995,12.6270829649738
3,2.5,2120,2.0,0,0,3,2120,0,2005,47.6649,-122.082,2540,4592,13.42984807715229
3,1.0,1520,1.0,0,0,3,1520,0,1953,47.7635,-122.262,1670,9876,12.834681304952548
3,1.0,1300,1.0,0,0,3,1300,0,1968,47.3327,-122.306,1360,7848,12.041050585814281
4,3.25,3820,2.0,0,1,4,3310,510,1990,47.5263,-122.227,2900,18786,14.038654109278484
2,1.0,1320,1.5,0,0,4,1320,0,1928,47.6729,-122.38,1360,2873,13.262125319779487
3,3.0,1590,1.0,0,0,3,1060,530,1997,47.3624,-122.045,1680,7500,12.524526376648708
2,1.0,1400,1.5,0,0,4,1400,0,1941,47.2113,-121.993,1230,9600,12.206072645530174
4,2.25,2060,1.0,0,0,5,1360,700,1941,47.6496,-122.407,2060,5626,13.480037821676145
4,1.75,2740,1.0,0,0,3,1440,1300,1972,47.5112,-122.329,1710,9840,12.765688433465597
3,2.0,1670,1.0,0,0,4,1670,0,1958,47.3139,-122.212,1330,8415,12.100712129872347
3,2.5,1510,3.0,0,0,3,1510,0,2014,47.669,-122.402,1530,1357,13.304601597392535
5,3.5,2950,2.0,0,3,3,2350,600,2005,47.5339,-121.858,2950,7980,13.329377546788654
3,2.25,1860,1.0,0,0,4,1240,620,1977,47.7332,-122.192,1560,7630,13.005829561148378
4,1.75,2290,1.5,0,2,5,1690,600,1938,47.2034,-122.003,2170,12434,13.017000639521811
4,1.75,2010,1.5,0,0,3,2010,0,1902,47.6337,-122.371,2010,3600,13.514405465180353
4,2.75,2010,2.0,0,0,5,2010,0,1901,47.6607,-122.396,1420,4400,13.559327152571864
3,1.5,1370,2.0,0,0,3,1370,0,1968,47.7302,-122.197,1510,8775,12.834681304952548
4,3.25,3770,2.0,0,0,3,3770,0,1992,47.414,-122.087,2290,37141,13.813508555293602
4,2.5,2590,2.0,0,0,3,2590,0,1998,47.2634,-122.211,2400,8042,12.755060730390513
4,1.0,1060,1.0,0,0,3,950,110,1904,47.6562,-122.389,1790,5857,12.907941679901988
2,1.0,790,1.0,0,0,3,790,0,1948,47.6844,-122.289,990,5000,12.896716695872
5,4.5,4690,2.0,0,0,3,3450,1240,1995,47.5539,-122.108,4070,11505,13.745954670870919
3,1.0,960,1.0,0,0,4,960,0,1977,47.3617,-122.03,1160,10488,12.32374456390215
3,2.5,1150,2.0,0,0,3,1150,0,2013,47.5323,-122.071,1150,755,12.721885810807203
3,2.5,1880,2.0,0,0,3,1880,0,2007,47.366,-122.017,2090,4200,12.611537753638338
4,2.25,2490,1.0,0,0,4,1490,1000,1953,47.6516,-122.409,1780,5612,13.46453363514018
4,3.5,3910,2.0,0,0,3,3130,780,2007,47.5588,-122.036,3770,7021,13.569610019527449
3,2.25,3440,2.0,0,2,3,3440,0,1985,47.5647,-122.108,3170,11434,13.658856747918897
3,1.75,1810,1.0,0,0,4,1810,0,1968,47.6236,-122.117,1680,7725,13.001325049027272
4,1.5,2040,1.0,0,0,3,1380,660,1954,47.772,-122.358,1610,10020,12.86099861326992
2,1.5,1280,1.0,0,0,3,850,430,1984,47.6351,-122.033,1280,10879,12.864887147009613
4,1.75,2080,2.0,0,0,4,2080,0,1948,47.737,-122.305,1550,8215,12.86099861326992
3,2.0,2010,2.0,0,3,3,2010,0,1951,47.6828,-122.267,2450,6045,13.560618308335483
3,1.0,1230,1.0,0,0,3,1230,0,1965,47.3266,-122.334,1230,8750,12.230765258120545
3,1.0,1010,1.0,0,0,3,1010,0,1915,47.5733,-122.381,1290,5000,12.959844447906553
5,2.5,2760,1.5,0,0,3,1730,1030,1926,47.6074,-122.299,1680,4000,13.262125319779487
3,1.0,1210,2.0,0,0,4,1210,0,1930,47.6317,-122.301,1560,6000,13.369223455335854
3,1.0,1190,1.0,0,0,5,1190,0,1958,47.452,-122.177,1190,7560,12.570715759118084
4,1.0,1120,1.5,0,0,3,1120,0,1946,47.7055,-122.372,1370,7104,13.224919965729422
3,1.5,1460,1.0,0,0,4,1460,0,1977,47.3119,-122.015,1460,13394,12.388394202324129
3,2.0,1010,1.0,0,0,3,1010,0,1980,47.6223,-122.043,1700,13045,12.777052192115912
3,2.25,1610,2.0,0,0,3,1610,0,1988,47.3764,-122.117,1640,7194,12.505992035646432
3,2.25,1580,1.0,0,0,4,1580,0,1978,47.5643,-121.897,1450,16215,12.721885810807203
3,2.25,1910,1.0,0,0,3,1910,0,1979,47.73,-122.216,2410,8390,13.182517300224076
3,2.25,1620,2.0,0,0,4,1620,0,1988,47.3521,-122.302,1710,6455,12.577636201962656
2,1.0,1030,1.0,0,0,3,1030,0,1912,47.5311,-122.384,1890,4499,12.92391243868049
3,1.75,1310,1.0,0,0,4,1310,0,1974,47.2761,-122.153,1580,7200,12.345830240069793
3,1.75,1820,1.0,0,0,3,1340,480,1976,47.734,-122.17,1900,8112,12.95465453297822
3,2.75,2310,2.0,0,0,3,2020,290,2011,47.5304,-122.073,2340,2155,13.477236699396434
3,1.75,1390,1.0,0,0,5,1390,0,1965,47.4559,-122.183,1260,7700,12.154779351142624
3,1.75,1720,1.0,0,1,3,1220,500,1986,47.5399,-122.385,1900,6244,13.149978544437301
5,3.0,4150,2.5,0,4,5,3510,640,1909,47.6303,-122.362,2250,4050,14.935558127352449
3,1.75,1880,1.0,0,0,3,1880,0,1959,47.7681,-122.305,1540,12868,12.873389066055598
4,2.5,2568,2.0,0,0,3,2568,0,2014,47.2596,-122.194,2547,4500,12.962185235536063
2,2.5,1100,3.0,0,0,3,1100,0,1997,47.6972,-122.35,1200,1415,12.736700896592344
3,3.5,3220,2.0,0,4,3,2760,460,1991,47.5909,-122.384,3080,4444,14.04662227892766
3,2.25,1640,3.0,0,0,3,1640,0,2014,47.6196,-122.297,1630,3136,13.556739829006913
3,1.0,960,1.0,0,0,4,960,0,1958,47.7689,-122.328,1250,8855,12.765145428922454
2,1.0,700,1.0,0,0,3,700,0,1953,47.438,-122.336,890,10540,12.165250651009918
3,3.5,1420,2.0,0,0,3,1180,240,2003,47.6827,-122.324,1494,1264,13.270697171910022
3,2.0,2860,1.0,0,0,3,1700,1160,1985,47.7718,-121.904,1460,13648,12.575133071744538
4,1.0,1210,1.5,0,0,3,1210,0,1936,47.6924,-122.321,1340,6380,13.091904169919621
4,2.5,1980,2.0,0,0,3,1980,0,2004,47.704,-122.101,2310,6496,13.366876954454732
5,1.75,1240,1.0,0,0,3,1240,0,1954,47.5738,-122.136,1600,9341,12.71589776896258
3,1.75,2110,1.0,0,0,3,1210,900,1956,47.567,-122.318,1660,4800,13.005829561148378
4,2.5,2430,2.0,0,0,3,2430,0,2009,47.515,-121.873,2430,5441,13.081541382884074
3,2.5,2070,2.0,0,0,3,2070,0,2003,47.3357,-122.172,2070,5297,12.577463773304586
4,2.25,2390,1.0,0,0,4,2390,0,1969,47.7566,-122.113,3200,36989,13.208541073645382
5,2.5,3400,1.0,0,0,4,1700,1700,1959,47.7358,-122.335,1890,8475,13.047639831208393
3,2.5,1480,2.0,0,0,3,1480,0,2005,47.5478,-122.0,1400,1138,13.017002861746503
3,1.0,1130,1.0,0,0,3,1130,0,1961,47.4852,-122.125,1390,8580,12.506177237980511
4,2.25,2400,1.0,0,0,4,1800,600,1965,47.7207,-122.184,2210,7210,13.096019402064726
3,1.75,1790,1.0,0,0,3,1040,750,1960,47.3945,-122.313,1840,12000,12.400816722322686
10,2.0,3610,2.0,0,0,4,3010,600,1958,47.5705,-122.175,2040,11914,13.38472764187182
4,3.75,4980,2.0,0,3,3,4980,0,2006,47.5348,-121.856,4080,14577,14.006130917572923
5,1.75,1650,1.5,0,0,3,1650,0,1902,47.5955,-122.306,1740,4000,13.001325049027272
3,1.75,1800,1.0,0,0,3,1800,0,1967,47.4496,-122.146,2140,10128,13.00019574343012
4,2.5,2260,1.0,0,0,4,1770,490,1974,47.5436,-122.233,2630,13995,13.670484785914017
1,1.0,780,1.0,0,0,3,780,0,1905,47.5424,-122.321,1150,4000,11.407564949312402
4,2.5,2310,2.0,0,2,3,2310,0,2012,47.4513,-122.267,1800,9819,12.952760593018148
5,2.5,2090,1.0,0,0,3,1420,670,1966,47.5968,-122.127,2490,8712,13.226723392728571
4,3.25,1860,2.0,0,0,3,1860,0,1917,47.6785,-122.351,1860,4356,13.781953774435431
4,3.5,4970,2.0,0,3,4,3930,1040,1992,47.5496,-122.12,3580,13335,14.177372028590307
3,2.5,2760,2.0,0,0,3,2760,0,2002,47.4929,-122.188,1940,8504,13.208541073645382
4,2.5,2640,2.0,0,0,3,2640,0,1999,47.4485,-122.278,1680,10018,12.841325847671216
4,4.5,4750,2.0,0,2,3,3600,1150,2005,47.5332,-122.265,3600,22124,14.085155942929903
4,2.5,2500,1.0,0,2,4,1300,1200,1964,47.336,-122.334,2500,11070,12.84792653170257
3,1.5,1380,1.0,0,0,3,1080,300,1955,47.674,-122.379,1510,3900,13.17115354157376
4,1.75,1470,1.5,0,0,4,1470,0,1946,47.6692,-122.399,1480,5400,13.366093562326927
3,1.75,1680,1.5,0,0,3,1170,510,1929,47.6849,-122.367,1080,4560,13.058358047428417
4,2.75,1240,1.0,0,0,3,800,440,1987,47.7157,-122.284,1150,7733,12.89921982609012
2,2.75,2090,2.0,0,3,4,2090,0,1988,47.4145,-122.44,1820,32340,13.383187995686226
3,1.0,1130,1.0,0,0,3,1130,0,1942,47.4952,-122.34,1190,9240,11.747997587149712
5,2.75,2440,1.0,0,0,4,1240,1200,1972,47.7283,-122.17,1780,8391,13.17115354157376
3,1.75,1830,1.0,0,0,4,1430,400,1966,47.4774,-122.098,1320,51400,12.611537753638338
3,1.0,1510,1.0,0,0,4,1510,0,1975,47.2649,-122.285,1520,14000,12.128111104060462
3,1.0,1130,1.0,0,0,3,1130,0,1954,47.4363,-122.286,1320,10650,12.375815420117268
3,1.0,1150,1.0,0,0,3,1150,0,1954,47.727,-122.339,1210,6800,12.92513120787462
3,2.5,1580,2.0,0,0,3,1580,0,1998,47.3539,-122.025,2070,4698,12.691580461311874
3,1.0,960,1.0,0,0,5,960,0,1960,47.2891,-122.221,990,7314,12.230765258120545
4,1.0,1780,1.5,0,0,5,1780,0,1919,47.5486,-122.278,1460,4310,12.724866438945341
2,1.5,1760,1.0,0,0,4,1760,0,1964,47.6288,-122.109,2200,12088,13.122363377404328
1,1.0,1660,1.0,0,0,4,830,830,1908,47.6821,-122.388,1100,5356,13.39239051461739
5,1.0,1500,2.0,0,0,3,1500,0,1929,47.6811,-122.383,1350,4080,13.215853720491667
4,3.0,3740,2.0,0,0,3,3060,680,1988,47.7505,-122.117,3240,37031,13.67509840424753
3,3.0,1730,3.0,0,0,3,1730,0,1985,47.6911,-122.392,1690,4410,13.102160670086809
4,2.5,2800,2.0,0,0,4,2800,0,1997,47.3695,-122.108,2060,6820,12.80765263256463
4,2.5,2360,2.0,0,0,3,2360,0,1989,47.774,-122.077,2750,40334,13.296316684527767
3,1.0,1530,1.0,0,0,3,970,560,1952,47.4766,-122.326,1540,15975,12.538967060803502
3,2.5,2880,1.0,0,4,5,1520,1360,1950,47.6281,-122.216,3710,20486,14.503142557836108
4,2.25,3220,2.0,0,0,4,3220,0,1976,47.3188,-122.38,2570,7700,12.793856532650658
3,2.0,1760,1.0,0,0,4,880,880,1936,47.4799,-122.232,1720,7147,12.568978139219542
4,2.25,2240,2.0,0,0,3,2240,0,1988,47.687,-122.047,3180,45738,13.321214236149494
3,2.5,1650,2.0,0,0,3,1650,0,1996,47.6863,-122.093,1760,3762,13.065793025915934
3,1.0,1300,2.0,0,0,3,1300,0,1900,47.6345,-122.366,2510,4800,13.615839362835207
4,3.5,2440,2.0,0,0,3,1940,500,2006,47.555,-122.309,2390,4600,13.071070083016778
3,2.25,1920,1.0,0,0,4,1560,360,1968,47.6341,-122.103,2040,9600,13.38779984090879
3,1.0,1580,2.0,0,0,3,1580,0,1905,47.6363,-122.32,2190,4000,13.444446876573442
3,1.0,1560,1.0,0,0,4,1140,420,1952,47.7261,-122.364,2130,8100,13.17115354157376
5,3.0,2420,1.0,0,0,5,1360,1060,1929,47.536,-122.358,1840,6780,12.927564299099261
3,2.5,1540,1.0,0,0,3,770,770,1944,47.5696,-122.378,1710,5950,13.151922179645874
4,1.75,1620,1.5,0,0,5,1620,0,1916,47.5746,-122.311,1450,4240,13.1470559899947
3,2.75,3390,1.0,0,3,4,1740,1650,1979,47.5701,-122.408,1770,6500,13.726679344257658
2,2.75,1100,2.0,0,0,3,750,350,2006,47.6405,-122.324,2090,4125,12.994530005894443
3,1.0,960,1.0,0,0,3,960,0,1955,47.5611,-122.28,1460,5400,13.208541073645382
4,2.5,3650,2.0,0,0,3,3650,0,2006,47.7066,-122.101,3150,6442,13.635187003832993
3,2.5,1350,2.0,0,0,3,1350,0,1991,47.6099,-122.293,1900,4000,13.32612021491835
2,1.0,1090,1.0,0,0,3,840,250,1926,47.6385,-122.344,1070,3160,13.068962600677214
3,1.5,1520,1.0,0,0,4,1520,0,1954,47.6158,-122.213,3260,10020,13.604789526648622
3,2.0,1630,1.0,0,0,3,1630,0,2003,47.2638,-122.243,1610,8397,12.468436909997665
3,2.25,2960,1.0,0,3,4,2260,700,1953,47.7035,-122.385,2960,8840,14.097677449727945
5,3.5,3760,2.0,0,0,3,3150,610,1969,47.5605,-122.225,3550,12118,13.813508555293602
4,3.25,3674,2.0,0,1,3,3674,0,1987,47.4357,-122.343,3220,13100,13.458764182902971
3,3.0,1850,2.0,0,0,3,1850,0,1976,47.6286,-122.053,2390,12474,13.244581010128577
4,4.5,4225,2.0,0,0,4,4225,0,1985,47.6118,-122.024,2870,14576,13.820498099475314
3,1.75,1530,1.0,0,0,3,1530,0,1986,47.7655,-122.244,2100,12593,12.89921982609012
3,1.75,2310,1.0,0,0,4,1410,900,1978,47.3743,-122.285,2080,7680,12.727689830374363
3,1.75,1250,1.0,0,0,3,1250,0,1972,47.7613,-122.274,2180,19553,12.785491060761776
3,1.0,1200,1.0,0,0,4,1200,0,1967,47.3724,-122.277,1200,8400,12.2783933071098
3,2.0,1940,1.0,0,0,3,1140,800,1978,47.774,-122.283,1940,11250,12.896716695872
4,3.5,3990,1.0,0,2,3,2300,1690,1999,47.3245,-122.38,3410,15932,13.253391639810733
4,2.0,1510,1.0,0,0,5,870,640,1901,47.5972,-122.296,1420,5160,12.92391243868049
3,2.0,2090,1.5,0,0,4,1490,600,1930,47.6178,-122.284,2090,6270,13.664687668229691
4,3.25,3470,2.0,0,0,3,2830,640,2005,47.6845,-122.209,3090,6758,14.22097566607244
4,2.5,2050,2.0,0,0,3,2050,0,2006,47.491,-122.15,2480,5447,12.86099861326992
3,2.25,1640,2.0,0,0,3,1640,0,1994,47.5689,-122.006,1780,3999,13.077366011473593
3,1.5,1620,2.0,0,0,3,1620,0,1990,47.767,-121.903,1600,21679,12.866179972011919
5,1.0,1420,1.5,0,0,4,1420,0,1926,47.5807,-122.389,1420,6250,13.253303916664924
3,1.0,1130,1.0,0,0,5,1130,0,1948,47.7359,-122.306,1180,8203,12.765688433465597
5,3.5,4220,1.0,0,0,3,2110,2110,1958,47.6003,-122.206,3450,33945,14.30715336231349
4,2.5,2170,2.0,0,0,3,2170,0,1992,47.7346,-121.97,2240,14029,13.00019574343012
4,3.5,4560,1.0,0,3,3,2230,2330,1995,47.5521,-122.115,4060,15177,13.997832114758229
2,1.0,780,1.0,0,0,3,780,0,1941,47.513,-122.354,780,5300,11.77528972943772
4,1.75,1540,1.0,0,0,4,1540,0,1950,47.7046,-122.293,1890,7996,13.1470559899947
5,3.5,3700,2.0,0,0,3,3700,0,2014,47.5929,-122.057,3170,6527,13.6989205603549
3,1.0,970,1.0,0,0,3,970,0,1965,47.4836,-122.332,1200,6600,12.013700752882718
4,1.75,2040,1.0,0,0,3,1020,1020,1962,47.6964,-122.336,1770,5047,13.219490088135052
3,2.5,3440,2.0,0,0,3,3440,0,1990,47.3895,-121.986,2710,112820,13.235692062711331
4,1.75,1670,1.0,0,0,5,1670,0,1947,47.7249,-122.287,2590,9997,13.030248088496522
3,2.5,4110,2.0,0,0,3,4110,0,1976,47.6642,-122.171,2710,8865,13.846039762999096
4,2.5,3190,2.0,0,2,3,3190,0,2001,47.5317,-121.866,2630,6739,13.495298406730877
4,2.5,2400,2.0,0,0,3,2400,0,1995,47.4832,-121.799,2390,9918,13.091904169919621
2,2.0,2370,1.0,0,0,3,2370,0,1970,47.7388,-121.972,1860,14475,13.527828485512494
3,1.75,1800,1.0,0,0,3,1390,410,1972,47.5815,-122.121,2210,13959,13.109278137855673
3,1.0,1150,1.0,0,0,3,1150,0,1955,47.7284,-122.336,1150,6800,12.788288265382837
4,2.5,2070,2.0,0,0,3,2070,0,2003,47.3352,-122.189,2430,5500,12.611537753638338
3,2.5,2050,1.0,0,3,3,1730,320,1956,47.5708,-122.405,2370,7620,13.415032991367148
3,1.5,1310,2.0,0,0,3,1310,0,1998,47.5873,-122.299,1310,2997,12.691580461311874
4,2.5,4280,2.0,0,0,3,3400,880,1999,47.5588,-122.124,3520,9593,13.997832114758229
2,1.75,1440,1.0,0,0,4,1130,310,1935,47.498,-122.35,1250,9381,12.551433829568632
3,1.75,1920,1.0,0,2,4,960,960,1947,47.5583,-122.38,1190,5405,13.102160670086809
3,1.75,1510,1.0,0,0,2,980,530,1979,47.4476,-121.771,1500,10125,12.180754837545884
3,1.0,1520,1.0,0,0,3,1520,0,1956,47.587,-122.134,1470,8712,13.166380262821104
4,2.25,2480,2.0,0,2,3,2380,100,1929,47.6392,-122.406,3030,5600,13.795001681332733
4,1.75,1720,2.0,0,0,3,1720,0,1956,47.4424,-122.276,1350,10205,12.367340793126296
5,3.0,2230,1.0,0,0,3,1150,1080,1960,47.6154,-122.115,2040,8560,13.527828485512494
4,2.75,2440,1.0,0,0,5,1440,1000,1966,47.7456,-122.351,2030,8006,13.15773052124162
4,3.5,3100,2.0,0,0,3,2400,700,1996,47.7466,-122.242,2200,19400,13.287877815881902
4,3.75,2540,2.0,0,0,3,2540,0,1998,47.5882,-122.01,2490,37731,13.592367006650065
4,4.25,3720,2.0,0,2,3,2960,760,2006,47.5632,-122.399,2550,5750,13.864300722133706
3,1.75,1520,1.0,0,0,3,1520,0,1985,47.2646,-122.219,2180,7506,12.425208175446844
4,1.5,2120,2.0,0,0,4,2120,0,1900,47.6024,-122.296,1830,5000,13.345506928718539
3,2.5,2310,1.0,0,0,4,1340,970,1981,47.7677,-122.135,2660,49658,13.142166004700508
3,1.75,2170,1.0,0,0,3,2170,0,2008,47.2881,-122.086,1710,297514,12.896716695872
3,1.0,1410,1.0,0,0,3,1410,0,1981,47.7149,-121.96,1810,215622,12.259613412458204
5,1.75,1880,1.0,0,0,4,1880,0,1955,47.6059,-122.154,2180,20674,13.334243736439827
3,1.0,1240,1.5,0,0,5,1240,0,1953,47.4927,-122.169,1140,5700,12.380025952653611
3,1.5,1320,3.0,0,0,3,1320,0,2008,47.6536,-122.341,1560,1694,13.270783382522602
4,2.75,2310,2.0,0,0,3,2310,0,2006,47.3614,-122.035,1980,5000,12.644166273130065
3,1.5,1000,1.0,0,0,3,1000,0,1989,47.2976,-122.271,1610,17420,12.185869938212655
3,1.0,880,1.0,0,0,4,880,0,1970,47.3634,-122.101,940,11193,11.56171562913966
3,2.0,1930,1.0,0,0,3,1260,670,1964,47.7657,-122.272,2030,8750,13.253391639810733
3,2.0,2100,1.0,0,0,3,2100,0,2010,47.6907,-121.917,1860,18452,12.896716695872
5,2.75,2920,1.0,0,0,5,1660,1260,1968,47.5133,-122.031,3910,14491,13.652991628466498
3,2.5,1800,2.0,0,0,3,1800,0,1983,47.3186,-122.331,1670,8486,12.462650972930621
3,2.0,1420,1.5,0,0,5,1420,0,1904,47.6801,-122.348,1220,3060,13.546323068148657
4,2.5,3090,2.0,0,0,3,3090,0,2005,47.597,-121.979,3080,5788,13.470199372675857
5,1.75,2330,1.0,0,1,3,1330,1000,1958,47.4959,-122.367,2330,8258,13.049792684569493
3,2.75,2190,1.0,0,0,4,1610,580,1973,47.6893,-122.208,2020,8588,13.458835614025542
3,2.5,1750,2.5,0,0,3,1230,520,1900,47.6037,-122.311,1410,3300,13.120361374733656
5,2.75,3260,1.0,0,0,3,1630,1630,1964,47.6169,-122.104,2860,11700,13.432051530118724
3,1.75,1660,1.0,0,0,4,1240,420,1942,47.7045,-122.379,3110,11853,13.38472764187182
4,2.0,1480,1.0,0,0,4,1480,0,1974,47.462,-122.193,2130,8502,12.468436909997665
3,1.5,1750,2.0,0,0,3,1750,0,1983,47.3108,-122.346,1840,9305,12.468436909997665
3,1.0,1850,2.0,0,0,3,1740,110,1928,47.5446,-122.296,1520,3578,12.706847933442663
4,1.75,2460,1.5,0,3,5,1620,840,1919,47.5601,-122.378,1760,4830,13.422467969854667
3,2.0,2800,1.0,0,0,3,2320,480,1996,47.4133,-122.006,2200,72055,13.2002499160614
4,2.75,2600,1.0,0,0,3,1620,980,1978,47.5523,-122.162,2230,10119,13.226723392728571
3,2.5,2060,1.0,0,0,4,1460,600,1967,47.7575,-122.364,2150,8400,12.948009990259552
4,1.0,1530,1.0,0,0,3,1030,500,1955,47.4544,-122.36,1690,7920,12.947890935553772
3,2.5,2070,1.5,0,0,5,1780,290,1931,47.6853,-122.305,2070,5000,13.568330428821824
4,2.25,1980,2.0,0,0,3,1980,0,1981,47.647,-122.064,2100,10927,13.180632285528304
4,2.5,2250,2.0,0,0,3,2250,0,2008,47.3663,-122.114,2250,4500,12.58621994565405
4,3.5,4270,2.0,0,0,3,4270,0,2008,47.5352,-121.883,2610,5251,13.813458453838143
4,3.0,4260,2.0,0,0,3,4260,0,1996,47.5874,-121.982,3490,16772,13.815510557964274
5,2.5,2640,1.5,0,0,5,1840,800,1925,47.605,-122.3,1720,4400,13.292949677979863
3,1.0,1370,1.0,0,0,5,1230,140,1944,47.5646,-122.317,1370,5520,13.010313873595706
4,2.25,2030,2.0,0,0,3,2030,0,1977,47.7699,-122.168,2190,9900,12.948009990259552
2,1.0,890,1.0,0,0,4,760,130,1919,47.656,-122.359,1600,4250,13.038981768465277
4,2.5,2120,2.0,0,0,3,2120,0,1989,47.7611,-122.128,3320,39082,13.071070083016778
3,1.0,1370,1.5,0,0,3,1370,0,1924,47.6619,-122.351,1510,2151,13.079455876393052
4,2.5,3020,1.0,0,0,4,1730,1290,1976,47.5882,-122.192,2600,11556,13.567049198665774
3,2.5,1340,1.0,0,0,4,1340,0,1976,47.6366,-122.094,2520,13068,12.959844447906553
6,2.75,4710,2.0,0,3,3,3690,1020,1931,47.6622,-122.272,2950,5300,14.594835434765272
4,1.5,2190,2.0,0,0,3,2190,0,1935,47.5158,-122.385,1160,8160,13.244581010128577
5,1.75,2030,1.0,0,0,4,2030,0,1958,47.2867,-122.209,1760,11550,12.4130868149145
2,1.0,800,1.0,0,0,3,800,0,1945,47.6775,-122.388,1330,5100,12.992254692057308
3,1.5,1560,1.0,0,0,3,1060,500,1969,47.7312,-122.298,1820,9000,12.815838217151068
3,1.75,1516,1.0,0,0,3,998,518,1925,47.6842,-122.341,2100,3854,13.263124820112571
3,1.75,1940,1.0,0,0,3,1460,480,1960,47.7027,-122.282,2250,9165,13.568330428821824
3,2.25,1370,2.0,0,0,4,1370,0,1992,47.3484,-122.033,1370,6200,12.567237494741757
2,1.0,1070,1.0,0,0,2,1070,0,1948,47.4338,-122.183,1360,15581,11.461632170582678
3,1.75,1470,1.0,0,0,3,1470,0,1958,47.3943,-122.311,2230,14186,12.6112043647371
4,2.5,1960,1.0,0,0,3,1220,740,1955,47.7654,-122.359,1910,9120,12.782545550532019
4,2.5,2329,2.0,0,0,3,2329,0,1995,47.7366,-122.204,2660,10252,13.199324418540456
4,1.0,1330,1.0,0,0,4,970,360,1957,47.6038,-122.122,1590,8400,13.035606513478047
2,1.5,720,1.0,0,0,3,720,0,1954,47.5218,-122.357,1150,2566,12.106252310247962
3,1.0,960,1.0,0,0,4,960,0,1968,47.5539,-122.365,970,4800,12.577636201962656
5,2.75,3600,2.0,0,0,3,3600,0,2014,47.4822,-122.131,3550,9421,13.429774545037105
4,2.75,2910,1.0,0,2,4,2120,790,1969,47.3397,-122.322,2850,14904,13.091904169919621
3,1.0,1150,1.0,0,0,4,1150,0,1958,47.4613,-122.184,1230,7560,12.2783933071098
2,1.0,1140,1.5,0,0,3,1140,0,1966,47.6948,-122.172,2940,8417,13.275084464421992
3,1.5,1060,1.0,0,0,4,1060,0,1968,47.5329,-122.271,1120,5379,12.793859310432293
4,2.0,2180,2.0,0,0,4,2180,0,1977,47.698,-121.92,1880,14043,13.060487973686241
6,3.0,4050,2.0,0,0,4,2620,1430,1970,47.4708,-122.015,3660,42874,13.415032991367148
2,1.0,1200,2.0,0,0,2,1200,0,1976,47.6337,-121.961,2150,24792,12.043553716032399
2,2.5,1611,2.0,0,2,3,1611,0,2005,47.6291,-122.347,2070,2182,13.652991628466498
3,2.5,2650,2.0,0,0,3,2650,0,1994,47.668,-122.063,2550,42625,13.554145793829866
4,2.75,1830,1.0,0,0,3,1320,510,1979,47.733,-122.22,2190,7695,13.091904169919621
5,2.25,2600,1.0,0,2,4,1810,790,1969,47.3257,-122.365,2070,9660,12.644327576461329
2,1.0,930,1.0,0,0,3,930,0,1904,47.609,-122.314,1690,3840,13.122363377404328
4,2.5,1970,2.0,0,0,3,1970,0,2002,47.515,-122.164,1840,5564,12.66032791780777
1,1.0,550,1.0,0,0,3,550,0,1945,47.5181,-122.339,1100,9240,12.144197241812087
4,3.0,2570,2.0,0,2,3,2570,0,1930,47.5821,-122.401,1630,4950,13.122363377404328
2,2.25,1730,2.0,1,2,4,1730,0,1947,47.373,-122.464,1400,12410,13.592367006650065
3,1.0,1260,1.0,0,0,4,1260,0,1968,47.6492,-121.915,1180,7500,12.611537753638338
3,1.75,2000,1.0,0,0,3,1140,860,1979,47.3752,-122.236,1060,8194,12.375815420117268
3,2.25,3370,2.0,0,2,4,3370,0,1980,47.5573,-122.16,2690,10500,13.813508555293602
2,1.0,1150,1.0,0,0,3,1060,90,1930,47.4935,-122.316,1350,15000,12.319401330837177
4,2.75,1920,1.0,0,0,3,1130,790,1992,47.539,-122.356,1830,6440,12.429216196844383
4,3.0,2390,1.5,0,0,5,1460,930,1931,47.6857,-122.331,1670,4000,13.64709190633931
3,1.75,2000,2.0,0,0,3,2000,0,1979,47.5882,-122.052,1820,15120,12.994530005894443
3,1.0,1340,1.5,0,0,4,1340,0,1927,47.6652,-122.288,1510,4000,13.339086360915616
4,3.5,3040,2.0,0,1,3,2240,800,2002,47.492,-122.225,2220,7800,12.936033799212835
4,2.25,2100,1.0,0,0,4,1290,810,1973,47.7365,-122.242,1930,10511,12.945148757978519
5,2.75,2840,1.0,0,0,3,1420,1420,1960,47.7618,-122.253,2210,11620,12.889169490236618
4,2.5,2460,2.0,0,0,3,2460,0,2003,47.448,-122.121,2460,5124,12.959844447906553
3,2.0,1460,2.0,0,0,3,1460,0,1987,47.6864,-122.345,1320,3000,13.003579841414362
4,2.0,1650,1.0,0,0,3,1130,520,1972,47.7359,-122.18,1650,5184,12.983101310070822
6,5.0,3440,2.0,0,0,3,3280,160,2007,47.4871,-122.219,1400,5500,13.112313041550827
3,2.75,2260,2.0,0,0,4,1540,720,1956,47.6435,-122.353,2120,4000,13.465953081794405
5,3.0,2420,2.0,0,0,3,2420,0,2013,47.5082,-122.362,1510,9950,13.005829561148378
4,2.0,2440,1.0,0,0,5,1220,1220,1963,47.4142,-122.179,1370,9600,12.523434872083365
3,1.75,1290,1.0,0,0,4,1290,0,1980,47.3655,-122.08,1750,9090,12.278142112772446
4,2.5,3540,2.0,0,0,3,3540,0,2007,47.6749,-122.176,2150,10290,13.732128949025222
5,1.5,1990,1.0,0,0,3,1990,0,1960,47.4938,-122.262,1860,8658,12.089538829274222
5,2.75,3750,2.0,0,0,3,3750,0,2001,47.6039,-122.06,3450,8279,13.721199878493033
5,1.5,1720,1.5,0,0,3,1520,200,1925,47.6197,-122.287,2280,4000,13.434250138552928
4,2.25,2270,1.0,0,0,4,1290,980,1976,47.3287,-122.353,2030,23980,12.649956863542283
4,2.75,3250,2.0,0,0,3,3250,0,2007,47.5398,-121.997,3920,6000,13.592367006650065
5,2.25,3020,1.0,0,0,3,1510,1510,1959,47.5249,-122.044,1760,10878,13.049792684569493
3,2.5,1340,2.0,0,0,3,1340,0,1995,47.3839,-122.038,1060,3232,12.345834587905333
4,1.0,1510,1.5,0,0,4,1510,0,1955,47.761,-122.307,1950,10656,12.765688433465597
5,2.75,2080,2.0,0,0,3,2080,0,1987,47.6288,-122.031,2030,11847,13.19726303609155
3,2.0,1410,1.0,0,0,4,1410,0,1983,47.3654,-122.076,1390,8060,12.52434454193596
4,2.5,1980,2.0,0,0,3,1980,0,1996,47.3678,-122.019,1600,6380,12.388394202324129
4,1.75,1440,1.0,0,0,5,720,720,1954,47.4571,-122.345,1820,6784,12.560244459250788
2,1.5,1680,1.5,0,0,3,1680,0,1991,47.3836,-122.006,1610,27600,13.023647404465171
2,2.25,1280,2.0,0,0,3,1080,200,2009,47.5592,-122.284,1280,1246,12.821258284620408
3,1.75,2150,1.0,0,0,4,1610,540,1966,47.7591,-122.295,2150,15480,13.017002861746503
3,1.5,1510,1.0,0,0,4,1510,0,1956,47.5865,-122.135,1430,8000,13.060487973686241
4,3.5,1880,3.0,0,0,3,1650,230,2007,47.6053,-122.306,1740,1883,13.208541073645382
3,2.5,1890,1.5,0,0,4,1460,430,1915,47.6642,-122.362,1010,3880,13.495305293806933
3,1.5,1980,1.0,0,0,4,1520,460,1949,47.6499,-122.413,2280,5800,13.539757056377766
3,1.75,1380,1.0,0,0,3,1380,0,1986,47.7059,-122.341,1030,5060,12.834681304952548
3,1.0,1010,1.0,0,0,3,1010,0,1958,47.4497,-122.176,1170,7560,12.14950229404178
2,2.25,1610,2.0,0,0,4,1610,0,1979,47.518,-122.194,1950,2025,12.2783933071098
3,2.5,2360,2.0,0,0,3,2360,0,1998,47.537,-121.871,2420,5620,12.997933299026151
3,2.5,1770,1.5,0,0,3,1270,500,1929,47.6807,-122.364,1400,4680,13.373903113634826
2,2.0,1370,1.0,0,0,3,1370,0,2005,47.704,-122.012,1365,4784,12.97502278950562
3,2.25,2550,2.0,0,0,3,2550,0,1983,47.6272,-122.297,1680,4089,13.633988681340885
3,2.0,2130,1.5,0,0,4,1680,450,1922,47.5779,-122.294,2040,4548,13.458835614025542
2,1.0,1050,1.5,0,3,4,1050,0,1910,47.5577,-122.399,2540,13680,13.163505320735505
4,1.5,2140,1.0,0,0,3,1190,950,1959,47.5491,-122.272,2140,7238,12.842649474601725
3,1.75,1310,1.0,0,0,3,1310,0,1993,47.4695,-122.07,1790,13500,12.727838209334498
3,2.75,2050,1.5,0,0,4,1580,470,1927,47.6719,-122.301,1760,4150,13.326446425979796
3,2.0,1150,2.0,0,0,3,800,350,2000,47.5552,-122.381,1060,1910,12.736700896592344
2,1.0,700,1.0,0,0,4,700,0,1949,47.7515,-122.316,920,6000,12.49799571223921
3,1.0,900,1.5,0,0,3,900,0,1910,47.684,-122.393,1280,4080,12.89921982609012
2,2.5,1360,2.0,0,0,3,1360,0,2003,47.3492,-122.025,1360,2693,12.323855681186558
2,1.0,700,1.0,0,0,3,700,0,1950,47.7172,-122.34,990,6790,12.419165860990882
4,2.0,1890,1.0,0,0,3,1890,0,1966,47.4377,-122.279,1600,9257,12.65075846679162
3,2.25,3070,2.0,0,0,3,2110,960,1987,47.5522,-122.144,3130,9450,13.993656743347747
4,5.5,6550,1.0,0,0,3,5400,1150,2006,47.4302,-122.095,4110,50378,14.22097566607244
4,3.25,3060,2.0,0,0,3,2300,760,2014,47.5311,-122.073,2920,3448,13.570760252896006
3,1.5,1560,1.0,0,0,4,1560,0,1961,47.6918,-122.163,1520,10000,12.721885810807203
2,1.0,1290,1.0,0,0,3,1290,0,1924,47.6393,-122.301,1940,4635,13.304684934198283
3,2.75,3890,2.0,0,1,3,3260,630,1967,47.5445,-122.266,2490,9920,13.892471599100402
3,1.0,1260,1.0,0,0,4,840,420,1959,47.3274,-122.348,1140,8496,12.180754837545884
3,1.0,1040,1.0,0,0,3,1040,0,1959,47.329,-122.343,1000,8736,12.127570417375216
3,1.0,1070,1.0,0,0,3,1070,0,1949,47.5015,-122.349,1050,8177,12.254862809699606
4,0.75,1440,1.0,0,0,3,1440,0,1948,47.4761,-122.337,1460,11100,11.867097278690842
4,1.75,1420,1.5,0,0,4,1420,0,1945,47.6771,-122.397,1490,5000,13.190022025878143
3,2.5,1910,2.0,0,0,3,1910,0,1988,47.5738,-122.017,1940,4647,13.115540152056203
4,2.75,3460,1.0,0,4,4,1780,1680,1974,47.568,-122.153,3200,13874,13.900669386712224
2,1.0,1240,1.0,0,0,3,1240,0,1954,47.6461,-122.317,2080,4400,13.710150042306449
3,1.5,1580,1.0,0,0,3,1290,290,1939,47.687,-122.386,1570,4500,13.458835614025542
3,2.5,1730,1.0,0,0,3,1210,520,1969,47.7187,-122.219,1870,7400,13.038981768465277
5,4.5,4280,2.0,0,0,3,4280,0,2014,47.7325,-122.165,2990,11067,13.811000402486387
4,2.75,2190,2.0,0,0,4,2190,0,1996,47.3341,-122.188,2430,6687,12.721885810807203
3,2.75,2680,1.0,0,0,5,1820,860,1964,47.6304,-122.234,3060,19837,14.093142294562554
3,1.0,1260,1.0,0,3,3,1260,0,1951,47.5058,-122.384,2020,6600,13.217673557208654
3,2.5,2990,2.0,0,0,3,2990,0,2006,47.7341,-122.234,1940,9600,13.3999193535571
3,1.0,1320,1.0,0,0,3,1320,0,1955,47.7748,-122.304,1320,8319,12.524526376648708
4,1.75,1790,1.0,0,0,3,1410,380,1976,47.7453,-122.129,1870,47480,13.028052697933088
3,2.0,1840,1.0,0,0,4,1040,800,1975,47.3106,-122.325,1600,6720,12.56549381513693
4,2.0,2020,1.5,0,0,3,2020,0,1949,47.4646,-121.759,1610,34900,12.782686009834167
4,2.5,2150,2.0,0,0,3,2150,0,1987,47.511,-122.153,2080,7620,12.936033799212835
3,2.0,1840,1.0,0,0,3,1040,800,1920,47.6428,-122.302,1820,3750,13.527828485512494
3,2.0,1290,3.0,0,0,3,1290,0,2001,47.6609,-122.344,1290,3235,13.017002861746503
3,2.5,2250,2.0,0,0,3,2250,0,1987,47.5613,-122.11,2440,13390,13.329377546788654
3,2.25,1640,3.0,0,0,3,1640,0,2014,47.6196,-122.297,1640,3920,13.539757056377766
4,2.5,4120,2.0,0,0,3,4120,0,1997,47.6239,-122.023,3180,7257,13.668169970065565
3,1.0,2160,1.5,0,0,4,2160,0,1968,47.7277,-122.185,2270,10080,13.023647404465171
4,2.5,1800,1.0,0,0,5,1080,720,1979,47.5303,-122.28,1870,5365,12.80765263256463
4,2.75,3550,1.0,0,0,5,2100,1450,1966,47.425,-122.283,2050,9000,13.058358047428417
5,3.5,3430,2.0,0,0,3,2830,600,2002,47.4065,-122.207,3650,6600,13.06685066747407
4,2.75,2020,1.0,0,0,5,1010,1010,1958,47.5202,-122.378,1390,6000,13.148031124152906
4,2.5,3000,2.0,0,0,3,3000,0,2005,47.7623,-122.165,3000,6589,13.279367126213993
4,2.75,3040,2.0,0,0,3,3040,0,2003,47.522,-122.149,3830,12202,13.641157170819497
4,2.75,3880,2.0,0,0,3,3880,0,2004,47.6777,-122.035,2620,5300,13.461688683007948
4,2.5,1930,2.0,0,0,3,1930,0,1994,47.3644,-122.04,1640,9145,12.735229225980888
4,2.5,2190,1.0,0,0,4,1410,780,1979,47.6926,-122.186,2190,9198,13.353475098367715
11,3.0,3000,2.0,0,0,3,2400,600,1918,47.556,-122.363,1420,4960,13.16158409055761
4,1.5,1550,1.0,0,0,3,1000,550,1956,47.6005,-122.129,1730,8539,12.943236711506893
2,1.5,1790,1.0,0,0,3,920,870,1915,47.6367,-122.301,1910,4250,13.488394416267086
3,1.75,1750,1.0,0,0,3,1750,0,1966,47.6289,-122.119,1810,7590,13.005829561148378
4,2.5,3080,2.0,0,0,3,3080,0,1997,47.6325,-121.97,2640,28972,13.36138027787483
3,1.5,2220,1.0,0,0,4,1110,1110,1962,47.5473,-122.172,2220,8994,13.122363377404328
3,2.5,1470,2.0,0,0,3,1470,0,1999,47.526,-121.826,1490,4400,12.727838209334498
3,2.0,2300,1.0,0,0,4,1150,1150,1938,47.6521,-122.413,2300,5000,13.38472764187182
2,1.5,1400,3.0,0,0,3,1400,0,1999,47.7222,-122.29,1430,1650,12.621488084491506
3,1.75,2250,1.0,0,0,3,2250,0,1980,47.3032,-122.123,1830,26337,12.691580461311874
4,1.75,1800,1.0,0,0,5,1080,720,1979,47.5298,-122.28,1870,5365,12.736700896592344
2,1.0,830,1.0,0,0,3,830,0,1939,47.3813,-122.243,1160,7680,12.367340793126296
2,1.0,890,1.0,0,0,3,890,0,1935,47.2003,-121.996,1460,6430,12.206022644280132
3,2.0,2350,1.5,0,0,3,2350,0,1983,47.6609,-121.892,2270,222156,13.142166004700508
3,1.75,1310,1.0,0,0,3,1310,0,1967,47.721,-122.228,1490,9600,12.611537753638338
3,2.25,1470,2.0,0,0,3,1090,380,2007,47.5388,-122.387,1470,1668,12.976180867226248
2,1.75,1670,2.0,0,0,3,1670,0,1912,47.5862,-122.387,1340,2875,13.102160670086809
5,2.0,2730,1.0,0,0,5,1510,1220,1962,47.4602,-122.171,1730,7700,12.644327576461329
4,3.5,4340,2.0,0,0,3,2850,1490,2008,47.6427,-122.397,1290,5500,14.0623706358958
3,1.5,1850,1.0,0,0,4,1850,0,1948,47.7275,-122.359,1530,8123,12.995098026358452
3,2.5,1600,2.0,0,2,5,1600,0,1910,47.4758,-122.265,1410,13056,12.958207815235998
4,2.5,2890,2.0,0,0,3,2890,0,2001,47.7385,-121.965,2840,10114,13.217673557208654
2,2.5,1620,2.0,0,0,3,1620,0,2008,47.5167,-121.878,1750,2828,12.863592648446968
4,2.25,2380,1.0,0,0,4,1410,970,1961,47.6164,-122.115,2150,8560,13.1749558275235
4,2.5,2350,2.0,0,0,3,2350,0,2003,47.3507,-122.007,2190,5100,12.899094818276968
3,1.0,1380,2.0,0,0,3,1380,0,1976,47.334,-122.106,2350,32500,12.80765263256463
4,1.75,2060,1.0,0,0,4,1070,990,1957,47.6028,-122.12,1830,8000,12.886641043883259
5,3.25,2700,2.0,0,2,3,2070,630,1926,47.5959,-122.291,1940,4000,13.764217263576723
4,1.0,1450,1.0,0,0,3,990,460,1964,47.5131,-122.357,1440,4000,12.531772785169476
3,1.75,1300,1.0,0,0,3,1300,0,1968,47.721,-122.179,1450,7650,12.86099861326992
3,1.0,1610,1.0,0,0,3,1610,0,1978,47.6718,-122.044,2510,58127,13.287877815881902
3,1.0,1300,2.0,0,0,3,1300,0,1947,47.7469,-122.319,1120,8184,12.437184366493561
3,1.0,1010,1.0,0,0,4,1010,0,1958,47.4501,-122.176,1010,7619,12.013700752882718
3,2.25,1584,2.0,0,0,3,1584,0,2012,47.3454,-122.214,1584,2800,12.495003937382387
3,2.0,1880,2.0,0,0,4,1880,0,1902,47.6031,-122.303,1680,3600,13.016891744462095
3,2.5,1780,1.0,0,0,4,1210,570,1980,47.5574,-122.149,2310,9700,13.36138027787483
3,1.75,1740,1.0,0,0,3,1500,240,1948,47.6475,-122.409,2240,5800,13.62584409325319
2,1.0,890,1.0,0,0,3,890,0,1943,47.6666,-122.279,1680,5000,13.432784936825598
3,2.5,3680,2.0,0,0,3,3680,0,1994,47.5484,-122.119,3600,11306,13.844972268113892
3,1.0,960,1.0,0,0,3,960,0,1955,47.7766,-122.307,1120,8100,12.449018824140563
3,3.0,1550,2.0,0,0,3,1280,270,2001,47.6042,-122.303,1940,1883,12.873902018105829
4,2.0,1760,1.5,0,0,5,1760,0,1906,47.6711,-122.331,1740,4220,13.487006490992238
3,1.0,1350,1.0,0,0,4,950,400,1959,47.3784,-122.303,1470,7560,12.388394202324129
3,1.0,1720,1.0,0,0,4,1720,0,1954,47.7736,-122.296,1870,8640,12.899094818276968
3,2.5,3100,1.0,0,0,3,3100,0,1954,47.7635,-122.377,3000,22302,13.742939865129438
3,1.75,1480,2.0,0,0,3,1480,0,1995,47.6969,-122.35,1360,2190,12.936033799212835
3,2.5,1960,1.0,0,0,4,1290,670,1977,47.7249,-122.178,1960,8000,12.904207367601158
3,2.5,1920,2.0,0,0,3,1920,0,1989,47.4022,-122.171,1930,7536,12.468436909997665
4,3.75,4490,2.0,0,0,4,3090,1400,1941,47.6315,-122.29,3760,7653,14.354923638582177
4,2.25,2150,1.0,0,0,3,1090,1060,1963,47.7627,-122.245,2150,10480,12.84792653170257
3,1.0,1340,1.0,0,0,3,1340,0,1974,47.7148,-122.212,1340,7215,12.896716695872
4,3.0,1680,1.0,0,0,3,1150,530,1997,47.2885,-122.218,1820,6207,12.345834587905333
5,1.75,2360,1.5,0,0,5,2060,300,1926,47.7617,-122.335,1950,8491,12.618182296357007
2,1.0,2160,1.0,0,0,4,1300,860,1953,47.6981,-122.286,1680,7439,13.346306608889103
3,1.0,1620,1.5,0,0,5,1620,0,1928,47.6888,-122.347,1420,3060,13.304676600830227
3,1.0,1570,2.0,0,0,5,1570,0,1908,47.6575,-122.346,1640,4000,13.458835614025542
4,1.5,1600,1.0,0,0,4,1600,0,1959,47.3107,-122.212,1540,9918,12.319401330837177
2,1.0,790,1.0,0,0,3,790,0,1947,47.5487,-122.357,970,12700,12.542544882151386
4,1.75,2280,1.0,0,0,3,1250,1030,1947,47.5655,-122.395,1640,5911,13.17115354157376
2,1.0,930,1.0,0,2,3,930,0,1952,47.506,-122.242,1910,7194,12.567237494741757
3,1.75,2040,1.0,0,0,4,1340,700,1952,47.5923,-122.197,2120,9587,13.500799813124575
3,1.75,1370,1.0,0,0,5,800,570,1982,47.6157,-122.291,2270,3773,13.24147885829449
3,2.5,1570,2.0,0,0,3,1570,0,2003,47.5412,-122.288,1610,2582,12.66032791780777
2,2.0,1350,3.0,0,0,3,1350,0,2013,47.649,-122.383,1310,982,13.028052697933088
2,1.0,880,1.0,0,0,3,880,0,1919,47.5341,-122.358,1440,6345,12.652359748158593
4,2.5,3480,2.0,0,0,3,3480,0,1988,47.7391,-122.102,2930,39400,13.604789526648622
3,1.0,1490,1.0,0,0,3,1150,340,1963,47.663,-122.178,1730,9800,13.0400681346775
6,1.75,2180,1.5,0,0,4,1380,800,1926,47.6643,-122.29,1720,4000,13.270783382522602
3,2.5,2490,1.0,1,4,4,1580,910,1961,47.488,-122.364,2800,24121,13.959610901938031
3,2.0,1470,1.0,0,0,4,1470,0,1942,47.3734,-122.193,1470,10966,12.429216196844383
2,1.0,950,1.0,0,2,3,850,100,1926,47.6562,-122.354,1670,4000,13.122363377404328
4,2.5,3390,2.0,0,0,3,3390,0,2014,47.4536,-122.274,1960,10069,13.112313041550827
3,1.0,1180,1.0,0,0,4,1180,0,1970,47.39,-122.166,1290,8316,12.2783933071098
3,2.5,2340,2.0,0,0,3,2340,0,1992,47.3608,-122.194,1850,6209,12.66032791780777
4,2.0,1930,1.5,0,0,4,1930,0,1914,47.6117,-122.297,1470,4080,13.38472764187182
4,2.25,2020,2.0,0,0,4,2020,0,1984,47.6801,-122.114,2020,10311,13.303851253449706
4,1.75,2310,1.0,0,0,4,1650,660,1976,47.4569,-122.165,1790,8086,12.675920012567607
6,2.25,2930,2.0,0,0,3,2130,800,1913,47.6295,-122.306,2860,4320,14.018451401960965
4,4.25,4250,2.0,0,3,4,2870,1380,2008,47.5747,-122.283,3640,8841,14.71159858252091
3,1.0,1100,1.0,0,0,4,720,380,1942,47.5296,-122.379,1510,4538,12.733755386362587
5,2.25,2910,2.0,0,0,4,2910,0,1968,47.5633,-122.218,2740,9525,13.676248490630767
3,2.25,1450,2.0,0,0,3,1450,0,1994,47.5038,-122.189,1650,7625,12.601487417784837
4,3.5,2796,2.5,0,0,3,2796,0,2013,47.3427,-122.278,2040,5195,12.765545566117686
3,3.25,2960,2.0,0,0,3,2960,0,1989,47.7452,-122.202,2960,56628,13.507625778194974
4,2.5,1900,1.5,0,0,3,1900,0,1940,47.3776,-122.314,1240,9166,12.26434155365415
3,1.75,1260,1.0,0,0,3,1260,0,1954,47.4366,-122.335,1290,8750,12.57418196709457
4,2.75,1590,1.5,0,0,4,1590,0,1925,47.6401,-122.299,1590,4000,13.876135179780709
4,3.5,2850,2.0,0,0,3,1950,900,2014,47.5252,-122.192,2850,5708,13.318752191409718
0,2.5,1490,2.0,0,0,3,1490,0,1999,47.5261,-121.826,1500,4675,12.676076274775909
4,2.5,2740,2.0,0,0,3,2740,0,1993,47.3333,-122.074,2740,36074,13.073173133213556
3,2.5,1400,3.5,0,0,3,1400,0,2007,47.6534,-122.355,1350,1312,13.241922612461968
4,2.25,2810,1.0,0,1,3,1710,1100,1958,47.395,-122.311,1860,14900,12.916568464424731
4,1.5,2020,1.0,0,0,5,1010,1010,1962,47.4579,-122.17,1720,8166,12.676076274775909
2,1.0,1080,1.0,0,3,3,1080,0,1924,47.6667,-122.356,1790,4000,13.17115354157376
3,2.5,2670,1.0,0,0,4,2670,0,1988,47.3683,-122.153,1960,13130,12.959844447906553
3,2.0,1680,2.0,0,0,3,1180,500,1940,47.5536,-122.286,1400,4900,13.017002861746503
3,2.5,1572,2.0,0,0,3,1572,0,2013,47.2615,-122.198,1608,5175,12.608198852372823
3,1.0,1230,1.0,0,0,3,1230,0,1947,47.5352,-122.361,1525,6026,12.206072645530174
3,2.0,1510,1.0,0,0,5,930,580,1925,47.5425,-122.39,1510,3760,13.16158409055761
4,3.0,2210,2.0,0,0,3,2210,0,2004,47.2959,-122.225,890,4288,12.66032791780777
3,2.0,1230,1.5,0,0,3,1230,0,1959,47.4853,-122.304,1080,10281,12.180754837545884
3,1.0,1610,1.5,0,0,3,1610,0,1959,47.3717,-122.297,1070,8750,12.100712129872347
3,1.0,1160,1.0,0,0,4,1160,0,1958,47.5015,-122.173,1280,6132,12.375815420117268
2,1.0,1100,1.0,0,0,3,620,480,1980,47.7728,-121.9,1790,20009,12.691580461311874
5,2.25,2370,2.0,0,0,4,2370,0,1981,47.5555,-122.15,2380,15100,13.72546330463464
4,1.5,1790,1.5,0,0,5,1790,0,1928,47.5749,-122.291,1710,4080,13.464959680733502
3,2.5,2550,2.0,0,0,3,2550,0,2004,47.3504,-122.026,2640,5400,12.884106188280072
4,2.75,1940,2.0,0,0,3,1940,0,1990,47.3701,-122.041,1840,6912,12.8790171187726
4,1.5,2180,1.0,0,0,4,1280,900,1954,47.3187,-122.081,2420,22614,12.517227074167097
5,2.5,2270,1.0,0,0,4,1570,700,1963,47.741,-122.256,2020,10230,13.174481331666435
5,1.0,1870,1.0,0,0,3,1580,290,1962,47.5127,-122.321,1740,7808,12.476099782743233
3,1.75,1740,1.0,0,0,4,1740,0,1980,47.3583,-121.927,1576,54685,12.736700896592344
4,1.75,1760,1.0,0,2,4,1180,580,1950,47.5045,-122.24,1990,6240,12.746942390644541
4,2.25,1940,1.0,0,0,3,1360,580,1960,47.4253,-122.283,1940,10200,12.682306824526545
4,3.5,2000,3.0,0,0,3,2000,0,2008,47.7027,-122.361,1440,1548,13.03134397901716
3,2.5,2420,2.0,0,4,4,1690,730,1989,47.569,-122.058,3740,8717,13.51425410237423
5,3.0,3330,2.0,0,0,4,2610,720,1977,47.5485,-122.214,3330,16893,13.989463865087712
4,1.75,2190,1.0,0,0,4,1250,940,1959,47.7396,-122.256,2190,9225,12.834681304952548
4,2.25,3130,2.0,0,0,3,3130,0,1986,47.6683,-122.034,3130,54886,13.544357787463703
3,1.0,1710,1.0,0,0,5,1140,570,1921,47.5719,-122.385,1670,4000,13.126355398673866
4,2.25,2460,2.0,0,0,4,2460,0,1984,47.548,-122.154,2460,9126,13.614617615584883
3,2.5,3530,2.0,0,0,3,3530,0,1997,47.5539,-122.103,3220,9234,13.707925347284336
4,1.75,2250,1.0,0,0,4,2150,100,1940,47.3789,-122.229,2150,12508,12.765688433465597
3,2.0,1140,1.0,0,0,4,1140,0,1991,47.4057,-122.185,1460,7078,12.458774999085929
3,1.75,1210,1.0,0,0,4,1210,0,1987,47.7382,-121.98,1550,10707,12.736700896592344
3,1.75,1480,2.0,0,0,3,1000,480,2014,47.5493,-122.387,1480,1143,13.058358047428417
3,1.75,1340,1.0,0,0,4,1340,0,1968,47.364,-122.162,1520,10451,12.384218830913648
3,3.0,1490,2.0,0,0,3,960,530,1993,47.6506,-122.384,1590,1600,12.873902018105829
3,1.0,1030,1.0,0,0,3,1030,0,1967,47.4231,-122.329,1730,8023,12.254862809699606
2,1.5,830,2.0,0,0,3,830,0,2005,47.5828,-122.314,1480,3030,12.72039215855042
3,2.5,2320,2.0,0,0,3,2320,0,1990,47.4829,-121.766,2300,15145,13.011431816697048
4,2.5,3238,1.0,0,2,4,1678,1560,1979,47.4005,-122.311,3056,9668,12.7810695355039
6,2.0,2150,1.0,0,0,3,1270,880,1952,47.6514,-122.369,1740,4505,13.534473028231162
1,1.0,480,1.0,0,0,3,480,0,1922,47.5253,-121.826,890,4803,12.043553716032399
3,2.25,1690,1.0,0,1,3,1160,530,1973,47.3505,-122.305,1690,6720,12.348006141418841
4,2.25,3960,2.0,0,2,3,2630,1330,1925,47.6317,-122.304,3850,8640,14.148913804334578
4,2.5,2090,2.0,0,0,3,2090,0,1997,47.4648,-122.15,2250,6165,12.911642346088676
2,1.0,820,1.0,0,0,3,820,0,1949,47.7076,-122.284,1810,7200,13.142166004700508
4,5.0,6055,1.0,0,3,4,3555,2500,1996,47.5524,-122.112,4890,19223,14.380824367014334
5,3.5,2100,2.0,0,0,3,1410,690,1999,47.5108,-122.257,1410,5650,12.594730635321957
2,1.0,990,1.0,0,0,3,990,0,1941,47.5666,-122.403,2250,6032,13.102160670086809
2,2.5,1380,2.0,0,0,3,1050,330,2008,47.6903,-122.37,1360,3750,13.032438669876342
3,2.75,2380,2.0,0,4,3,1930,450,1939,47.6626,-122.271,3370,5500,13.963930563082547
3,3.5,4380,2.0,0,0,3,2780,1600,1900,47.6981,-122.368,1830,6350,13.51508091268999
4,2.5,2790,2.0,0,0,3,2790,0,1987,47.5483,-122.158,2650,10126,13.797346587336603
3,2.5,1440,2.0,0,0,3,1440,0,2003,47.6821,-122.035,1650,3060,12.950863059241957
5,2.5,2180,1.0,0,0,4,1220,960,1977,47.3122,-122.191,2050,7590,12.577632753680849
3,2.25,1470,2.0,0,2,3,1470,0,1982,47.7162,-122.349,1400,8204,12.837344422372032
3,2.0,1640,1.0,0,0,3,1640,0,2010,47.3538,-122.021,1940,4802,12.742566016044742
3,1.75,1840,1.0,0,0,3,920,920,1905,47.5359,-122.276,1390,7452,12.560244459250788
3,2.25,1920,2.0,0,0,4,1920,0,1984,47.6233,-122.046,1950,10125,12.751299696013497
4,2.5,2430,2.0,0,0,3,2430,0,1993,47.4499,-122.127,2450,8400,12.931081799238862
5,4.25,3920,2.0,0,0,3,3000,920,2000,47.5492,-122.008,3000,5297,13.626164386233356
3,2.25,2080,1.5,0,0,3,1550,530,2003,47.4198,-122.158,2080,2275,12.496874845318198
4,2.5,3180,2.0,0,1,3,3180,0,1977,47.567,-122.212,3110,15183,13.652991628466498
3,1.75,1860,2.0,0,2,4,1860,0,1959,47.5981,-122.288,3030,7119,13.493926933836812
3,2.0,2260,1.0,0,0,3,1780,480,1985,47.6457,-122.058,2250,9744,13.197470849891134
5,1.0,1940,1.0,0,0,3,1940,0,1957,47.4407,-122.275,1380,8875,12.611537753638338
3,2.5,2588,2.0,0,0,3,2588,0,2008,47.3453,-122.151,2403,5703,12.631340380934517
3,2.0,2500,1.0,0,0,5,1840,660,1954,47.4468,-122.337,2500,30000,13.262125319779487
4,2.75,2520,2.0,0,0,3,2520,0,2014,47.7214,-122.289,1890,7772,13.4443744101797
3,1.0,1250,1.0,0,0,3,1250,0,1975,47.5956,-122.009,3060,50055,13.071070083016778
3,1.5,1270,3.0,0,0,3,1270,0,2009,47.7236,-122.353,1090,1118,12.691580461311874
4,1.75,2320,1.0,0,0,3,1510,810,1956,47.6397,-122.388,1840,5596,13.560618308335483
4,2.5,2300,2.0,0,0,3,2300,0,2006,47.2793,-122.352,1200,9085,12.706696406811568
3,2.0,1650,1.5,0,0,3,1650,0,1983,47.7145,-122.231,1940,6701,12.92391243868049
4,2.5,2820,2.0,0,0,3,2820,0,2013,47.2958,-122.265,2597,7222,13.032438669876342
2,2.0,2640,1.0,0,1,5,1640,1000,1963,47.5647,-122.165,2880,14810,13.652991628466498
5,4.0,7320,2.0,0,0,3,7320,0,1992,47.4473,-122.086,3270,34500,13.942363448960197
3,1.75,2760,1.0,0,0,3,1380,1380,1960,47.6079,-122.132,1980,9137,13.049792684569493
3,1.0,1160,1.5,0,0,3,1160,0,1910,47.5652,-122.359,1530,3750,12.873902018105829
3,2.5,2730,2.0,0,0,3,2730,0,1995,47.58,-122.057,2800,10070,13.554145793829866
4,1.0,1730,1.5,0,0,4,1730,0,1954,47.4135,-122.199,1380,14060,12.672946381766982
4,2.0,2400,2.0,0,0,3,2400,0,1913,47.7607,-122.209,1780,8732,12.834681304952548
4,3.25,4240,2.0,0,2,3,4240,0,2006,47.6526,-122.191,3390,12540,14.322328160332725
4,1.75,2270,1.0,0,0,4,2270,0,1959,47.5999,-122.176,2540,11990,13.329377546788654
2,1.0,1430,1.0,0,0,4,1430,0,1938,47.7023,-122.276,2320,10800,13.038981768465277
3,2.5,2780,2.0,0,1,3,2780,0,1990,47.3509,-122.323,720,9736,13.016780614829264
3,1.75,1330,2.0,0,0,4,1210,120,1909,47.5724,-122.384,1500,4000,13.185338176565716
2,1.75,2140,1.0,0,0,3,1000,1140,1930,47.6284,-122.291,2250,4000,13.422467969854667
3,2.25,1780,1.0,0,0,3,1230,550,1977,47.701,-122.172,1780,7704,13.060487973686241
3,1.0,1600,1.5,0,0,5,1080,520,1930,47.7232,-122.289,1340,5001,12.779873068457553
3,2.5,1580,2.0,0,0,3,1580,0,1985,47.5692,-122.021,1770,6700,13.091904169919621
4,2.5,2500,2.0,0,0,4,2500,0,1988,47.6915,-122.101,1900,8131,13.435713196604688
4,2.75,2790,2.0,0,0,3,2790,0,2014,47.4838,-121.773,2790,6444,13.186989394713999
3,2.0,2250,1.5,0,0,3,2250,0,1998,47.3165,-122.252,2460,8622,12.70076888736628
4,3.25,3830,2.0,0,0,3,3830,0,2001,47.5953,-122.039,2555,5204,13.664687668229691
2,1.75,1320,1.0,0,0,3,1320,0,1968,47.3634,-122.052,1570,7540,12.505992035646432
3,2.0,1180,1.0,0,0,4,1180,0,1992,47.4053,-122.181,1720,7793,12.490875577231112
3,3.0,4910,2.0,0,0,4,4000,910,1989,47.5911,-122.131,3540,12288,13.892471599100402
3,2.5,1870,2.0,0,0,3,1870,0,2007,47.342,-122.059,2130,4800,12.421184025147118
4,2.0,1520,1.0,0,0,3,1020,500,1920,47.4683,-122.281,1810,7840,12.049418835484797
3,1.75,1960,1.0,0,0,5,980,980,1911,47.5576,-122.317,1790,5000,12.936033799212835
2,1.0,1050,1.0,0,0,4,1050,0,1969,47.5128,-122.388,1230,4800,12.691580461311874
4,4.5,5770,1.0,0,3,5,3160,2610,1949,47.677,-122.275,2950,6700,14.244040939003435
3,2.5,2550,1.5,0,0,4,1850,700,1924,47.5758,-122.287,1700,4954,13.422467969854667
3,2.0,1340,1.0,0,0,3,670,670,1915,47.5763,-122.309,1520,2248,12.721885810807203
5,2.5,1940,1.0,0,0,4,1290,650,1960,47.7438,-122.328,1810,9390,12.608198852372823
4,2.5,2150,2.0,0,0,4,2150,0,1985,47.7279,-122.107,2230,8995,13.329377546788654
4,2.25,2810,2.0,0,0,3,2810,0,1985,47.4585,-122.13,2810,17400,13.190022025878143
4,1.0,2370,1.5,0,0,4,1570,800,1948,47.5108,-122.366,1640,9719,12.8989397868828
4,2.5,2575,2.0,0,0,3,2575,0,2011,47.3058,-122.277,2575,5323,12.791077667470416
4,3.0,3080,2.0,0,3,5,3080,0,1961,47.5671,-122.159,2810,10757,13.864300722133706
3,1.0,1020,1.0,0,0,5,1020,0,1955,47.5728,-122.179,1210,9622,13.091904169919621
4,2.25,2740,2.0,0,0,3,2740,0,1991,47.4734,-122.006,2740,62726,13.215853720491667
2,1.0,630,1.0,0,0,3,630,0,1918,47.5486,-122.38,1420,6550,12.66032791780777
1,0.75,430,1.0,0,0,2,430,0,1912,47.6499,-121.909,1200,7500,11.289781913656018
3,2.75,2550,2.0,0,0,3,2550,0,1994,47.7351,-122.323,1020,7440,12.971540487669746
3,2.25,2730,2.0,0,2,3,2730,0,1992,47.7704,-122.196,2700,8204,13.356644673128994
5,3.0,3640,2.0,0,0,3,3640,0,1996,47.5502,-122.13,3330,17186,13.998406949509071
4,2.5,2990,2.0,0,0,3,2990,0,2013,47.4766,-121.735,2990,5992,13.295460856226304
3,2.5,1810,1.0,0,0,5,1310,500,1960,47.6885,-122.211,2050,7200,13.626164386233356
3,2.5,1870,2.0,0,0,3,1870,0,1990,47.342,-122.279,1870,7392,12.611371073081239
4,2.5,2710,2.0,0,0,3,2710,0,1994,47.379,-122.032,2520,8436,12.89896979483491
4,1.75,1440,1.5,0,0,4,1290,150,1929,47.6846,-122.372,1640,5000,13.393916067926225
5,1.5,1930,2.0,0,0,3,1930,0,1966,47.4503,-122.157,1480,7705,12.506177237980511
3,2.5,2140,2.0,0,0,3,2140,0,2005,47.5541,-121.995,2860,3841,12.948009990259552
3,1.0,1200,1.0,0,0,3,1200,0,1937,47.6969,-122.368,1200,5987,12.834681304952548
3,1.75,1860,1.5,0,0,5,1300,560,1918,47.5586,-122.383,1550,5750,12.89921982609012
3,1.5,1160,1.0,0,0,4,1160,0,1959,47.4919,-122.151,1440,10018,12.254862809699606
5,1.75,1960,1.0,0,0,3,980,980,1965,47.7027,-122.349,1410,3844,12.936033799212835
5,2.75,2860,2.5,0,0,4,2380,480,1902,47.5906,-122.316,2240,6000,13.527828485512494
3,2.5,2400,2.0,0,0,3,2400,0,2001,47.6734,-122.173,2080,8615,13.527828485512494
3,2.0,1220,1.0,0,0,4,1220,0,1980,47.4712,-122.1,1990,17652,12.388394202324129
4,2.5,2620,2.0,0,0,3,2620,0,2014,47.5017,-122.34,2030,3944,12.899127321811731
3,2.0,1630,1.0,0,0,5,850,780,1912,47.5452,-122.379,1440,6550,13.047639831208393
4,1.75,2700,1.0,0,0,4,1450,1250,1937,47.6838,-122.323,1760,3300,13.473020249017498
3,2.0,1350,1.0,0,0,3,1350,0,1964,47.7616,-122.365,1920,7600,12.89921982609012
3,1.0,1580,1.0,0,0,3,1100,480,1962,47.3676,-122.312,1600,8196,12.449018824140563
4,2.5,3284,2.0,0,0,3,3284,0,2014,47.3393,-122.181,2555,5008,13.039976925306323
4,2.25,3070,2.0,0,0,3,2740,330,2010,47.7638,-122.196,2580,9660,13.406790157135436
3,2.5,1960,2.0,0,0,3,1670,290,2012,47.4873,-122.166,1980,1467,12.611537753638338
4,2.75,2410,1.0,0,0,5,1410,1000,1950,47.6707,-122.399,1760,6000,13.5985975564007
3,1.0,1660,1.0,0,0,5,1260,400,1952,47.7576,-122.318,1390,7359,12.928778628331663
4,3.0,3290,2.0,0,0,3,3290,0,1990,47.3904,-122.178,2810,10783,13.016891744462095
3,1.75,1530,1.0,0,0,5,1530,0,1958,47.7655,-122.336,1660,9800,12.959844447906553
3,1.75,1120,1.0,0,0,3,1120,0,1968,47.3694,-122.311,1900,8736,12.390121875703295
2,1.5,1160,2.0,0,0,3,1160,0,1982,47.7178,-122.19,1150,2158,12.57418196709457
3,1.0,970,1.0,0,0,3,970,0,1959,47.3363,-122.311,1430,11907,11.957611286231675
4,2.5,3060,2.0,0,0,3,3060,0,2006,47.5395,-122.188,2870,5548,13.473020249017498
2,1.0,910,1.0,0,0,5,910,0,1942,47.5232,-122.354,890,6050,12.542544882151386
3,1.0,1740,1.0,0,0,3,1270,470,1947,47.5049,-122.329,1070,5636,12.553202176625375
4,2.5,2750,2.0,0,0,3,2750,0,2014,47.4698,-122.121,2310,11830,13.348701819615057
3,2.5,1260,3.0,0,0,3,1260,0,2009,47.7325,-122.343,1340,1188,12.628067055589549
3,2.25,2290,2.0,0,0,3,2290,0,1988,47.429,-122.162,2170,7529,12.80765263256463
3,1.0,1200,1.0,0,0,3,1200,0,1977,47.3746,-122.183,1200,7200,12.32476637748788
6,4.0,5330,2.0,0,0,3,3950,1380,2000,47.5503,-122.137,4590,16900,13.933293593620657
3,2.5,1600,2.0,0,0,3,1600,0,2000,47.3303,-122.269,1700,4746,12.542544882151386
3,2.5,3230,1.0,0,0,4,2100,1130,1964,47.682,-121.913,2760,62059,13.122263372403996
3,1.5,1170,1.0,0,0,3,1170,0,1960,47.4211,-122.29,1550,8605,12.415117272464881
3,1.5,1940,2.0,0,0,4,1740,200,1916,47.6618,-122.325,1580,3570,13.610943392223
3,2.75,2030,1.0,0,0,5,1400,630,1965,47.626,-122.112,1780,8160,13.373900003219756
3,1.0,1290,1.5,0,0,3,1290,0,1930,47.6951,-122.319,1630,6380,13.579788224443204
3,2.5,2400,2.0,0,0,3,2400,0,1998,47.5363,-121.87,2420,5829,13.16733674304706
2,1.75,1160,2.0,0,0,3,1160,0,2008,47.6489,-121.911,970,7500,12.644327576461329
4,2.75,2510,1.0,0,0,5,1630,880,1978,47.5427,-122.181,2390,11211,13.406037428458571
5,2.5,2670,2.0,0,0,5,2670,0,1958,47.7565,-122.284,1810,14455,13.437174117244362
3,1.0,1230,1.0,0,0,4,780,450,1937,47.6839,-122.281,1570,5000,12.979647075202733
3,2.5,1270,3.0,0,0,3,1270,0,2001,47.6697,-122.392,1320,1180,13.007401358934647
5,2.5,2250,1.0,0,0,3,1280,970,1973,47.4501,-122.139,2140,9592,12.821258284620408
3,1.0,1122,1.5,0,0,3,1122,0,1900,47.5135,-122.257,1610,5650,12.487485104968359
5,2.5,2860,2.0,0,0,5,2860,0,1958,47.5265,-121.835,1670,35910,13.415032991367148
3,2.25,2280,2.0,0,0,3,2280,0,1977,47.4419,-122.133,1920,8265,12.782686009834167
2,1.5,1530,2.0,0,0,3,1200,330,2005,47.602,-122.306,1530,1425,13.017002861746503
3,1.75,1790,1.0,0,0,3,1360,430,1976,47.7362,-122.172,1910,7500,12.936033799212835
3,1.5,2390,1.5,0,0,3,1690,700,1936,47.6604,-122.28,2350,4000,13.793264949016955
4,2.5,2080,1.0,0,0,5,1040,1040,1962,47.572,-122.29,1340,4080,13.217673557208654
2,1.0,1640,1.0,0,0,4,1040,600,1937,47.6426,-122.403,1780,5040,13.151922179645874
3,1.75,2250,1.0,0,1,3,2250,0,1956,47.7619,-122.268,2730,12445,13.507625778194974
3,1.75,1210,1.0,0,0,4,1210,0,1983,47.2666,-122.254,1310,8025,12.2783933071098
2,1.75,1760,1.5,0,0,3,1040,720,1912,47.5803,-122.393,1380,3750,13.017002861746503
3,1.75,1570,1.0,0,0,3,1570,0,1960,47.4425,-122.333,1890,8825,12.388394202324129
3,2.5,2220,2.0,0,0,4,2220,0,1990,47.3972,-122.182,1980,7226,12.691580461311874
3,1.5,1090,1.0,0,0,4,1090,0,1958,47.5817,-122.241,2010,8982,13.45597438174451
4,1.75,1360,1.0,0,0,4,1360,0,1966,47.4558,-122.177,1321,7756,12.468436909997665
3,1.0,1350,1.0,0,0,5,1350,0,1944,47.7612,-122.362,2080,8451,12.752747922189862
3,1.75,1090,1.0,0,0,4,850,240,1950,47.6934,-122.321,1580,5760,13.42984807715229
3,1.0,860,1.0,0,0,4,860,0,1942,47.6815,-122.173,2136,13009,12.896716695872
6,3.0,2880,2.0,0,0,3,2880,0,1980,47.5873,-122.299,1640,4000,13.529160930746272
3,1.5,1700,1.0,0,0,3,1250,450,1956,47.7384,-122.324,1340,7869,12.66032791780777
3,2.5,1680,2.0,0,0,3,1680,0,1987,47.3196,-122.395,1720,5000,12.56374708980199
1,0.75,820,1.0,0,0,3,820,0,1999,47.5316,-121.764,1590,14163,13.175998926570239
2,1.75,1340,1.0,0,0,5,700,640,1949,47.408,-122.327,1830,9750,12.505992035646432
3,2.75,1850,1.5,0,0,5,1850,0,1965,47.7259,-122.226,1250,10500,13.100526682795154
3,1.75,1630,1.0,0,0,4,1100,530,1977,47.3605,-122.12,1630,10001,12.542544882151386
3,2.0,1460,1.0,0,0,5,1460,0,1972,47.6644,-122.144,1620,8421,13.112313041550827
4,3.25,5370,2.0,0,4,4,5370,0,1990,47.405,-122.331,2770,22270,14.115615150414612
3,2.0,1400,1.0,0,0,3,840,560,2002,47.5926,-122.299,1400,3200,12.829333698625952
6,5.25,6160,2.0,0,0,3,4040,2120,2007,47.6094,-122.023,4225,9100,14.058456736574664
3,1.5,1240,1.0,0,2,3,1240,0,1964,47.5659,-122.36,1050,5000,12.724866438945341
2,0.75,1392,1.5,0,0,4,1392,0,1978,47.4491,-122.453,1640,99316,12.765688433465597
3,2.25,1560,1.0,0,0,4,1110,450,1968,47.7256,-122.166,2190,4612,13.105217218569358
3,1.0,1270,1.0,0,0,4,1270,0,1958,47.5074,-122.175,1780,7520,12.531411709159054
2,1.0,1200,1.0,0,2,5,1200,0,1917,47.4039,-122.323,1660,9000,12.449018824140563
4,2.5,2095,1.5,0,0,5,1295,800,1910,47.5838,-122.39,1980,4400,13.474427708785377
3,2.0,1170,1.0,0,0,3,1170,0,1984,47.3333,-122.266,1410,7750,12.429216196844383
4,2.5,2270,2.0,0,0,3,2270,0,2006,47.5381,-121.888,2090,4400,12.959844447906553
4,2.75,3100,2.0,0,0,3,3100,0,1999,47.6858,-122.107,3140,9028,13.582316670796564
5,2.5,2590,2.0,0,0,3,2590,0,2014,47.7053,-122.113,3010,4823,13.566254010792813
2,1.5,1300,2.0,0,0,3,1160,140,2000,47.6727,-122.375,1430,1255,13.085699393032737
3,2.25,2280,2.0,0,2,3,2280,0,1984,47.5423,-122.385,1920,6150,13.399995114002609
3,2.5,1060,2.0,0,0,3,1060,0,2000,47.6907,-122.395,1220,1316,12.936033799212835
4,2.5,3520,2.0,0,3,3,3140,380,1929,47.6429,-122.412,2790,6644,14.151982794585487
2,2.25,1170,3.0,0,0,3,1170,0,2007,47.6712,-122.378,1310,1304,13.146079904021645
4,3.0,5370,2.0,0,0,3,3500,1870,2005,47.3166,-122.046,4443,94403,13.579788224443204
3,1.5,1350,1.0,0,0,3,1350,0,1959,47.4805,-122.158,1510,8040,12.524526376648708
3,2.0,1410,1.0,0,3,3,1410,0,1993,47.4948,-121.776,1570,10485,12.736700896592344
1,1.0,550,2.0,0,0,3,550,0,2008,47.616,-122.314,1460,1385,12.774223335915433
4,2.5,2154,2.0,0,0,3,2154,0,2012,47.3513,-122.174,2305,5769,12.721885810807203
3,1.5,2450,1.0,0,0,4,2450,0,1967,47.5317,-121.834,1560,11700,12.788288265382837
5,3.0,2900,1.0,0,0,5,1830,1070,1977,47.6784,-122.285,2370,6283,13.670484785914017
3,2.5,1820,1.0,0,0,4,1220,600,1955,47.4582,-122.365,1870,16300,13.023647404465171
5,1.75,2230,1.0,0,0,3,1230,1000,1959,47.5055,-122.26,1380,6570,12.834681304952548
5,3.25,2480,2.0,0,0,5,1640,840,1993,47.7726,-122.286,2270,10277,13.17115354157376
5,5.0,4930,2.0,0,3,3,4160,770,2000,47.5829,-122.247,3030,8479,14.346138809026444
3,2.0,1400,1.0,0,0,3,1150,250,1979,47.4655,-122.174,1820,7992,12.323855681186558
4,1.75,1590,2.0,0,0,4,1590,0,1922,47.7358,-122.342,1610,8568,12.827992316801751
3,1.0,1420,1.0,0,0,3,1420,0,1941,47.4913,-122.336,1480,6000,12.498742259492994
3,1.0,1040,1.0,0,0,3,1040,0,1959,47.5122,-122.358,1440,5000,12.289724218025784
5,2.5,2406,2.0,0,0,3,2406,0,2006,47.2615,-122.252,1767,7093,12.508027377268673
4,2.0,1680,1.0,0,0,5,840,840,1915,47.6648,-122.363,1680,3340,13.226723392728571
3,2.25,1880,1.0,0,0,3,1280,600,1982,47.7077,-122.299,1820,7414,12.994530005894443
2,1.0,760,1.0,0,0,3,760,0,1946,47.7005,-122.352,780,7102,12.971540487669746
1,2.0,1070,2.0,0,0,3,880,190,2007,47.5574,-122.284,1220,788,12.948009990259552
4,2.5,2320,2.0,0,0,3,2320,0,1987,47.3432,-122.316,2230,7614,12.66349749256905
4,4.25,4285,2.0,0,0,3,4285,0,2013,47.6332,-122.199,1570,8994,14.452087387035824
3,1.75,1120,1.0,0,0,3,1120,0,1944,47.7372,-122.221,2530,8717,12.799399490807907
4,4.0,4090,2.0,0,0,3,4090,0,1991,47.7226,-122.039,4290,41655,13.849911984681606
4,2.5,2310,2.0,0,0,3,2310,0,2013,47.7039,-122.36,1260,5100,13.437174117244362
4,3.5,4300,2.0,0,1,3,3580,720,1987,47.5396,-122.214,2770,10006,13.937728190688523
4,2.5,2780,2.0,0,0,3,2780,0,2001,47.5976,-122.039,2670,4410,13.444446876573442
4,1.0,1400,1.5,0,0,3,1400,0,1957,47.4887,-122.344,1520,8712,12.128111104060462
4,2.5,2330,2.0,0,0,4,2330,0,1980,47.6471,-122.03,2460,36600,13.353475098367715
3,1.0,1310,1.0,0,0,3,1310,0,1956,47.4105,-122.295,1330,9529,12.367340793126296
4,2.25,3550,1.0,0,0,3,1830,1720,2010,47.5681,-122.127,2770,12200,13.663524200966393
3,2.5,1590,2.0,0,0,3,1590,0,2000,47.7344,-121.986,1820,3383,12.611537753638338
4,2.25,3740,1.0,0,0,4,1870,1870,1951,47.7027,-122.378,2610,10902,13.955272500339433
4,1.75,1780,1.0,0,0,4,890,890,1943,47.6511,-122.4,1760,5664,13.00109928991129
4,2.5,1940,2.0,0,0,3,1940,0,1990,47.3063,-122.359,2060,7092,12.537173338349476
4,2.75,3190,2.0,0,0,3,3190,0,2006,47.523,-121.877,3240,7131,13.282780098810234
3,1.75,1350,1.0,0,0,4,1350,0,1969,47.4058,-121.994,1560,50965,12.86099861326992
3,1.75,1410,1.0,0,0,5,1410,0,1960,47.3969,-122.198,1630,8250,12.449018824140563
3,1.0,1300,1.0,0,0,3,1300,0,1961,47.5053,-122.255,1320,7619,12.371587084007746
4,2.5,2800,2.0,0,0,3,2170,630,1990,47.6215,-122.29,1430,6240,13.691080479586097
2,1.0,780,1.0,0,0,3,780,0,1942,47.5099,-122.33,1280,7100,12.50968958099426
2,1.0,840,1.0,0,0,5,840,0,1951,47.5033,-122.329,1350,10400,12.301382825334498
3,2.5,2850,2.0,0,0,3,2850,0,1987,47.7376,-122.102,3340,35671,13.458835614025542
4,2.5,2940,1.0,0,0,4,1850,1090,1974,47.6294,-122.062,2030,11770,13.287877815881902
4,2.5,2000,1.5,0,0,4,1220,780,1944,47.6902,-122.368,1560,4700,13.180632285528304
4,3.0,2230,1.0,0,0,3,1410,820,1978,47.52,-121.845,1960,65340,13.038981768465277
5,5.25,8010,2.0,1,4,3,5990,2020,1999,47.6767,-122.211,3430,26788,15.446866505699305
3,2.0,1730,1.0,0,0,4,1730,0,1956,47.5875,-122.134,1470,9030,13.262125319779487
4,2.5,3060,1.0,0,0,3,1810,1250,1974,47.7675,-122.261,2690,7767,13.009194679298691
4,1.75,1430,2.0,0,0,3,1430,0,1900,47.604,-122.306,1640,3377,13.091904169919621
2,1.0,720,1.0,0,0,3,720,0,1955,47.5267,-122.36,1357,5120,12.230765258120545
4,2.5,2810,2.0,0,0,3,2810,0,1982,47.6337,-122.044,3100,12672,13.422467969854667
4,1.75,2000,1.0,0,0,4,1130,870,1949,47.6798,-122.391,1540,5100,13.296316684527767
3,2.5,1260,1.0,0,0,3,1260,0,1975,47.4442,-121.762,1430,9790,12.652743674449463
3,2.25,2190,3.0,0,0,3,2190,0,2014,47.6758,-122.38,1510,3615,13.486937044136416
3,2.5,2140,2.0,0,0,3,1770,370,2007,47.6664,-122.131,2510,2708,13.36295384232226
3,2.5,1600,1.0,0,0,3,940,660,1983,47.7679,-122.308,1600,10507,12.993392996107369
2,1.0,1040,1.0,0,0,3,1040,0,1954,47.5078,-122.337,1040,6120,12.254862809699606
4,2.5,2640,2.0,0,0,3,2640,0,2004,47.315,-122.193,1650,8055,12.855790268162783
3,2.25,1670,3.0,0,0,3,1670,0,2014,47.5402,-122.387,1640,1310,13.199231821660906
3,2.25,2020,2.0,0,0,3,2020,0,1998,47.6678,-122.165,2070,3699,13.228523573232719
3,1.5,1240,3.0,0,0,3,1240,0,2009,47.7235,-122.353,1240,1026,12.669806661762314
3,1.75,2390,1.0,0,0,3,1560,830,1953,47.4789,-122.296,1750,13500,12.721885810807203
3,1.75,1230,1.0,0,0,4,1230,0,1962,47.3171,-122.279,1690,15750,12.072541252905651
4,2.0,2270,2.0,0,0,4,2270,0,1909,47.5809,-122.39,1420,5760,13.49385796594134
3,2.25,1790,2.0,0,0,4,1790,0,1975,47.6343,-122.106,1780,2560,12.976412321920025
4,4.25,3650,1.5,0,0,3,2330,1320,1907,47.638,-122.362,1710,3600,14.233319170603677
2,1.0,1040,1.0,0,0,4,1040,0,1919,47.619,-122.311,2250,4800,13.304684934198283
5,2.0,2030,1.0,0,0,3,1110,920,1963,47.6297,-122.114,1930,7990,13.064734264567692
3,2.5,1930,2.0,0,0,3,1930,0,1996,47.4938,-122.161,2290,8228,12.917796211663054
2,1.0,1440,1.0,0,0,3,960,480,1946,47.6901,-122.382,1400,4046,13.096019402064726
3,2.25,1580,3.0,0,0,3,1580,0,2015,47.5578,-122.363,1250,1150,12.873773804758644
5,3.5,3550,2.0,0,0,3,2550,1000,1998,47.5484,-122.269,2030,9600,13.604789526648622
4,1.5,1430,1.5,0,0,4,1430,0,1930,47.7014,-122.313,1220,5112,13.261255376270947
3,2.5,2350,1.0,0,0,4,1570,780,1966,47.3126,-122.364,2270,8748,12.367340793126296
4,2.75,2450,1.5,0,0,4,1550,900,1920,47.6865,-122.396,1920,5264,13.454468951158033
3,1.75,1500,1.0,0,0,3,1500,0,1997,47.7293,-122.227,1970,8173,12.983101310070822
4,2.5,4020,2.0,0,0,3,4020,0,1987,47.7467,-122.132,3440,52900,13.614617615584883
3,1.5,1060,1.0,0,0,5,1060,0,1977,47.5549,-122.356,1300,6780,12.691580461311874
2,1.0,820,1.0,0,2,3,820,0,1957,47.4741,-122.2,1960,9140,12.487485104968359
3,1.75,1320,1.0,0,0,4,1320,0,1956,47.3257,-122.296,1550,19265,12.201060103706629
6,3.75,3010,2.0,0,0,3,2000,1010,2014,47.6873,-122.333,1600,5160,13.933293593620657
2,1.5,1160,2.0,0,0,3,1160,0,1972,47.7366,-122.176,1160,1566,12.345617172968069
4,2.75,2180,1.0,0,0,4,1330,850,1987,47.4045,-122.174,1500,7140,12.538967060803502
4,2.5,3720,2.0,0,0,4,3720,0,1984,47.655,-122.029,2830,88256,13.669328047786193
2,1.0,1140,1.0,0,0,3,1140,0,1923,47.5265,-121.823,1110,7200,12.528156144699286
4,3.5,3560,2.0,0,0,3,2560,1000,2014,47.5569,-122.225,3100,18047,14.148404973237604
4,2.75,3160,1.0,0,3,4,1620,1540,1982,47.511,-122.251,1760,6780,13.221303325259232
3,1.75,1480,1.0,0,0,3,1040,440,1953,47.638,-122.206,2170,11124,13.670484785914017
4,2.25,2010,2.0,0,0,4,2010,0,1975,47.3734,-122.119,1950,19626,12.68292774972501
3,2.75,2800,1.0,0,0,5,1400,1400,1957,47.5862,-122.202,2800,9530,13.726679344257658
4,3.5,3010,2.0,0,0,3,3010,0,2004,47.4775,-121.691,2720,247856,13.49385796594134
3,2.25,1800,2.0,0,0,3,1800,0,1995,47.3879,-122.032,1870,8555,12.714395139078047
3,1.75,1850,2.5,0,0,4,1850,0,1979,47.6602,-122.13,1970,7056,13.005829561148378
5,4.0,2710,3.0,0,0,3,2380,330,1974,47.6346,-122.364,1530,3600,13.997832114758229
5,2.0,2450,1.0,0,0,4,1240,1210,1900,47.7056,-122.34,1310,5693,13.217673557208654
2,1.0,1140,1.0,0,0,4,1140,0,1968,47.2093,-121.962,1730,43560,12.504323669331189
4,2.5,2506,2.0,0,0,3,2506,0,2006,47.3734,-122.182,2070,8260,12.807844394998956
3,2.25,1330,2.0,0,0,3,1330,0,1985,47.7098,-122.217,1300,7971,12.834681304952548
3,1.5,1740,1.5,0,0,4,1640,100,1920,47.6782,-122.361,1660,3750,13.226723392728571
5,3.0,3480,2.0,0,0,4,3480,0,1964,47.5757,-122.216,3030,14257,13.785051350479566
4,2.5,2880,2.0,0,0,4,2880,0,1987,47.4397,-122.15,2420,7663,12.994530005894443
5,3.5,2810,2.0,0,0,5,1900,910,1910,47.6799,-122.363,1510,3800,13.81451005763069
3,1.0,1864,1.0,0,0,4,1864,0,1958,47.285,-122.206,990,8000,12.367340793126296
4,2.25,2280,1.0,0,0,4,1140,1140,1963,47.4182,-122.332,1660,8000,12.721885810807203
3,2.5,3490,1.0,0,3,5,1770,1720,1960,47.6605,-122.27,3640,7425,14.298245301563739
4,3.25,4400,2.0,0,0,3,4400,0,1988,47.5927,-122.064,3240,9791,13.955272500339433
4,3.5,2760,2.0,0,2,3,2000,760,1926,47.5687,-122.374,1690,4000,13.547631112808673
5,4.75,5305,2.0,0,2,3,3745,1560,2005,47.6864,-122.215,2960,7200,14.808762330974558
3,2.5,1860,2.0,0,0,3,1860,0,2006,47.3974,-122.005,2070,54014,13.064734264567692
4,3.5,2500,2.0,0,0,3,1810,690,2008,47.6749,-122.14,2060,3295,13.304601597392535
3,1.75,1230,1.0,0,0,3,1230,0,1966,47.4526,-122.176,1250,8250,12.542544882151386
3,1.75,1530,1.0,0,0,3,1070,460,1979,47.3146,-122.043,1770,13660,12.458774999085929
4,3.5,4860,2.0,0,0,3,4860,0,1996,47.6172,-122.23,3580,16054,14.897315728316002
3,1.0,1000,1.0,0,0,3,1000,0,1959,47.52,-122.03,1140,16846,12.890380877422915
3,1.75,1830,1.0,0,0,3,930,900,1919,47.5723,-122.309,1320,3200,12.759957758756611
3,1.75,1620,2.0,0,0,4,1620,0,1953,47.2875,-122.289,2190,21518,12.821258284620408
3,3.0,3270,2.0,0,0,3,3270,0,1992,47.6692,-122.028,1870,37457,13.547631112808673
4,2.5,2400,2.0,0,0,3,2400,0,2002,47.4881,-122.143,2040,7756,12.994530005894443
3,2.25,1980,1.0,0,0,4,1560,420,1974,47.3149,-122.378,2360,8000,12.594730635321957
4,1.75,2250,1.5,0,0,4,1420,830,1924,47.6738,-122.292,1930,4750,13.365780033558094
4,2.5,2490,2.0,0,0,3,2490,0,2000,47.3875,-122.155,2690,6012,12.748978162759576
3,2.0,1330,1.0,0,0,3,1330,0,1986,47.2619,-122.298,1510,8584,12.233201312918426
3,1.75,1430,1.0,0,0,3,900,530,1925,47.5513,-121.801,1430,40860,12.538967060803502
4,3.5,4640,2.0,0,0,3,4640,0,2007,47.531,-122.134,4690,13590,14.052557014447475
4,2.75,3130,2.0,0,0,3,3130,0,2014,47.7397,-122.316,1450,9183,13.445171251831484
3,2.0,1720,1.0,0,0,4,1160,560,1969,47.7368,-122.195,1620,7600,12.904207367601158
3,1.0,1160,1.0,0,0,4,1160,0,1968,47.7431,-122.073,1160,10640,12.691580461311874
3,1.75,1800,1.0,0,0,3,1200,600,1961,47.4932,-122.278,980,6000,12.456831363877356
4,1.0,1610,1.0,0,0,3,1610,0,1958,47.5104,-122.165,1610,8401,12.502466658583977
3,2.5,2320,3.0,0,0,3,2320,0,2009,47.7027,-122.359,1240,1883,12.959844447906553
5,2.75,2870,2.0,0,0,3,2870,0,2006,47.7075,-122.102,3150,6593,13.500799813124575
3,2.5,1560,2.0,0,0,3,1560,0,2003,47.3851,-122.029,1860,5752,12.598114733306197
3,2.0,1590,1.0,0,0,3,1060,530,1996,47.3611,-122.047,1590,8100,12.429216196844383
5,3.5,4050,2.0,0,3,3,3020,1030,1973,47.5348,-122.241,3880,18321,14.28551418721001
3,1.0,880,1.0,0,0,3,880,0,1961,47.6855,-122.199,1690,6564,13.217673557208654
3,2.25,2100,2.0,0,0,3,2100,0,1984,47.3336,-122.269,1410,7515,12.6112043647371
3,2.0,1690,1.0,0,0,3,1690,0,1997,47.3724,-122.108,2090,8100,12.727838209334498
5,1.0,1880,1.5,0,0,3,1360,520,1917,47.566,-122.37,1420,2550,12.736700896592344
3,2.25,1500,2.0,0,0,3,1220,280,2006,47.6785,-122.375,1460,1375,13.102160670086809
3,1.75,1970,1.0,0,0,3,1970,0,1968,47.4545,-122.146,2250,10573,12.823957341589573
2,1.0,930,1.0,0,0,3,930,0,1981,47.7242,-122.161,1370,3488,12.546109948315882
3,1.75,1480,1.0,0,2,3,1480,0,1963,47.6018,-122.291,1850,4000,13.437174117244362
4,2.5,3450,2.0,0,0,3,3450,0,2000,47.7625,-122.025,3030,50481,13.641157170819497
5,2.75,3595,2.0,0,0,3,3595,0,2014,47.6848,-122.016,3625,5639,13.666998948650464
3,2.5,1520,2.0,0,0,3,1040,480,2007,47.6419,-122.374,1610,1618,13.122263372403996
3,2.0,2010,1.0,0,0,5,1210,800,1915,47.6638,-122.329,1770,4000,13.681979165339751
3,2.0,1580,1.0,0,0,4,790,790,1909,47.6769,-122.371,1350,5350,13.102058624063964
5,2.5,2580,1.0,0,0,3,1410,1170,1964,47.397,-122.313,2240,11780,12.468436909997665
2,1.0,950,1.0,0,0,4,950,0,1924,47.6765,-122.384,1120,4080,13.217673557208654
3,2.0,1050,1.0,0,0,4,1050,0,1953,47.3206,-122.269,1690,15675,12.429216196844383
3,1.0,1980,1.0,0,0,4,1120,860,1950,47.5291,-122.356,1180,5160,12.742566016044742
3,1.0,2270,1.0,0,0,4,1170,1100,1946,47.688,-122.32,1860,4080,13.37700559577791
4,2.5,2720,1.0,0,0,5,1360,1360,1966,47.5832,-122.02,1920,22474,13.337474757021274
4,2.5,3180,2.0,0,3,3,3180,0,2000,47.515,-122.117,3715,29170,13.509664514884822
3,2.5,1800,2.0,0,0,3,1800,0,1989,47.5747,-122.008,1800,5414,13.112313041550827
3,2.5,2420,2.0,0,0,3,2420,0,1988,47.5595,-122.019,2500,9320,13.369223455335854
3,1.5,2240,2.0,0,1,3,1440,800,1977,47.6208,-122.093,3150,16150,13.458835614025542
3,1.75,1480,1.0,0,0,3,1480,0,1954,47.7311,-122.353,1480,6360,13.049792684569493
3,1.0,1010,1.0,0,0,4,1010,0,1947,47.7416,-122.319,1010,8184,12.762827201184564
4,2.25,2260,2.0,0,0,3,2260,0,1976,47.6415,-122.057,2470,11900,13.312983737012978
3,2.25,2450,1.0,0,0,4,2450,0,1978,47.3549,-122.111,1440,42180,13.017002861746503
4,1.0,1250,1.0,0,0,3,1250,0,1955,47.4258,-122.327,1260,9180,12.449018824140563
3,2.25,1670,2.0,0,0,4,1670,0,1990,47.3603,-122.088,1570,7040,12.551433829568632
3,2.5,2110,2.0,0,0,3,2110,0,2005,47.665,-122.082,2540,4384,13.366093562326927
4,1.0,1210,1.0,0,0,3,1210,0,1962,47.5008,-122.333,1210,8291,12.072541252905651
3,2.0,1790,1.0,0,0,4,1790,0,1998,47.3898,-122.154,2330,7212,12.793720411897448
5,3.5,3190,2.0,0,0,3,2430,760,2013,47.7016,-122.103,2580,3989,13.567049198665774
2,1.0,780,2.0,0,0,3,780,0,2009,47.5924,-122.295,1130,1270,12.821258284620408
4,3.5,3290,2.0,0,0,3,3290,0,2012,47.5573,-122.02,3290,10758,13.593616226050496
3,2.5,2510,2.0,0,0,3,2510,0,1996,47.5868,-122.033,2518,5819,13.398478813484644
3,1.0,1580,1.5,0,0,3,1580,0,1926,47.684,-122.386,1280,4000,13.526494262499357
3,2.0,1640,1.0,0,0,3,1640,0,1948,47.7216,-122.289,1750,7201,12.911642346088676
1,2.25,1940,2.0,0,0,4,1100,840,1979,47.7313,-122.343,1580,5100,12.66032791780777
3,1.5,1490,1.5,0,0,4,1490,0,1906,47.6113,-122.292,1560,4400,13.415032991367148
2,2.0,1680,2.0,0,0,4,1680,0,1910,47.3065,-122.222,1340,5447,12.254862809699606
5,2.5,2570,1.0,0,0,3,1300,1270,1959,47.7753,-122.355,1760,7969,12.524526376648708
3,2.5,1660,2.0,0,0,3,1660,0,2011,47.3588,-122.044,1810,4462,12.594730635321957
3,1.75,1830,1.5,0,2,5,1830,0,1903,47.6051,-122.311,2120,5120,13.432784936825598
5,2.5,1710,2.0,0,0,4,1710,0,1974,47.5903,-122.157,2270,9672,13.215853720491667
4,2.5,2020,2.0,0,0,3,2020,0,2002,47.2796,-122.247,1940,5076,12.476099782743233
3,2.75,3580,2.0,0,3,4,2210,1370,1989,47.3244,-122.379,3990,14674,13.304684934198283
4,3.5,4440,2.0,0,3,5,3140,1300,1922,47.5744,-122.283,3990,8505,14.626440774180603
3,1.75,1730,1.0,0,0,3,1730,0,1988,47.737,-122.201,2180,10027,13.163505320735505
2,1.0,770,1.0,0,0,4,770,0,1947,47.7482,-122.321,1010,11084,12.456831363877356
2,2.5,1310,2.0,0,0,3,1160,150,2006,47.6112,-122.309,1320,1581,13.122363377404328
3,2.5,1740,2.0,0,0,4,1740,0,1989,47.5783,-122.001,2080,5782,13.115741501095442
3,1.75,1420,1.0,0,0,3,1420,0,1986,47.3555,-122.175,1690,7405,12.167851432709975
3,1.0,1010,1.0,0,0,4,1010,0,1959,47.3592,-122.315,1240,9450,11.915051671812877
2,1.0,960,1.0,0,0,4,960,0,1951,47.5269,-122.264,1520,5000,12.672946381766982
3,3.0,1530,3.0,0,0,3,1530,0,2012,47.6998,-122.367,1460,1224,13.070964814318328
4,1.75,1660,1.0,0,0,3,960,700,1956,47.5033,-122.3,1340,9023,12.54966234992025
4,1.0,1970,1.5,0,0,3,1670,300,1904,47.6136,-122.303,1510,4740,12.92391243868049
3,2.0,2390,2.0,0,1,5,2390,0,1939,47.6839,-122.274,2390,7920,13.9108207377686
3,1.0,980,1.0,0,0,3,830,150,1948,47.5206,-122.363,1140,7480,12.542544882151386
3,2.5,2710,1.0,0,4,3,2080,630,1956,47.7608,-122.374,2430,20000,13.81451005763069
3,1.75,1280,1.5,0,0,4,1280,0,1988,47.3961,-122.188,1500,7777,12.396693005138824
2,1.75,1350,1.0,0,0,3,1350,0,2005,47.3493,-122.023,1370,3570,12.429216196844383
4,2.25,2180,1.0,0,0,4,1630,550,1975,47.317,-122.378,2310,8000,12.736700896592344
5,3.75,4210,2.0,0,3,3,4210,0,2004,47.5364,-121.858,3950,13591,13.750972036826703
3,2.5,1850,2.5,0,0,3,1560,290,2004,47.6831,-122.325,1810,2071,13.625559974005828
3,2.25,2510,2.0,0,0,3,2510,0,1988,47.3473,-122.314,1870,8017,12.788288265382837
4,2.5,3240,1.0,0,0,3,2260,980,1946,47.6709,-122.262,3490,10800,14.066269276311457
4,1.75,1650,1.0,0,0,3,1010,640,1977,47.7721,-122.206,1840,8550,13.060487973686241
4,2.25,2470,2.0,0,0,3,2470,0,1983,47.4406,-122.141,2330,7986,12.793581494067123
6,4.75,5540,2.5,0,2,4,3950,1590,1909,47.6361,-122.366,2930,7200,14.782494404153947
3,2.0,2950,2.0,0,0,4,2310,640,1918,47.4702,-122.365,2320,19844,13.112313041550827
4,2.5,2720,2.0,0,0,3,2720,0,1989,47.5815,-122.192,2750,11049,13.790192749979985
3,1.0,1030,1.0,0,0,4,1030,0,1950,47.7353,-122.334,1340,8164,12.714395139078047
2,1.0,960,1.0,0,0,3,770,190,1951,47.5307,-122.277,1280,5304,12.072541252905651
4,2.75,2970,1.0,0,2,4,1610,1360,1973,47.5953,-122.08,2930,42489,13.627975434117433
3,2.5,1530,2.0,0,0,3,1530,0,1998,47.6181,-122.138,1530,4099,13.253391639810733
4,2.5,3305,1.5,0,0,5,2245,1060,1922,47.7563,-122.338,1620,8883,13.106233995474446
2,2.5,980,3.0,0,0,3,980,0,2008,47.6844,-122.387,980,1023,12.721587258782296
5,3.5,3290,2.0,0,0,3,2670,620,2005,47.7067,-122.119,3090,5680,13.544357787463703
3,2.5,2160,1.5,0,0,3,1960,200,1903,47.6045,-122.307,2160,5120,13.369223455335854
3,2.5,1850,2.0,0,0,3,1850,0,1991,47.7163,-122.229,1780,9660,13.190022025878143
4,5.0,5810,2.0,0,0,3,3790,2020,2004,47.6878,-122.212,3010,7200,14.444119217386648
3,2.25,1420,3.0,0,0,3,1420,0,2008,47.6801,-122.348,1350,1415,13.054084536651034
4,1.0,1460,1.5,0,0,3,1460,0,1940,47.5006,-122.351,1320,8100,11.813030057420567
3,2.25,2040,2.0,0,0,3,2040,0,1977,47.7584,-122.136,3080,39630,13.500799813124575
4,2.25,2420,1.0,0,4,5,2000,420,1967,47.4884,-122.363,2400,9035,13.758940206475879
3,1.5,1340,1.0,0,0,4,1340,0,1967,47.5389,-122.173,1990,7725,12.855790268162783
4,1.75,2630,1.0,0,0,4,2630,0,1963,47.5459,-122.228,2690,10439,13.782987366258714
4,2.5,2770,2.0,0,0,3,2770,0,1987,47.6288,-122.043,2730,10675,13.437174117244362
3,2.25,1900,1.0,0,0,4,1280,620,1968,47.3251,-122.354,1920,15000,12.26434155365415
3,2.0,1440,1.0,0,0,3,1440,0,1963,47.345,-122.283,1580,10200,12.254862809699606
4,1.75,1850,1.0,0,0,4,1120,730,1958,47.5525,-122.313,1610,5040,12.89921982609012
3,2.75,2500,2.0,0,0,5,2370,130,1979,47.6035,-122.285,2090,5454,13.805460222110773
4,2.5,2320,2.0,0,0,3,2320,0,1994,47.3828,-122.026,2010,7438,12.84792653170257
3,2.5,2410,1.5,0,0,3,2410,0,1976,47.5694,-122.12,2420,16424,13.122363377404328
3,2.0,1570,1.0,0,0,4,1570,0,1952,47.7501,-122.314,1410,7434,12.721885810807203
4,1.75,1710,1.0,0,0,3,1710,0,1983,47.7721,-122.293,1940,7724,12.971540487669746
3,2.0,1380,2.0,0,0,4,1380,0,1955,47.4374,-122.335,1260,8750,12.487485104968359
3,2.25,2160,2.0,0,0,3,2160,0,1979,47.7668,-122.243,1720,12593,12.905450375840756
3,1.75,1560,1.0,0,0,4,1560,0,1974,47.5197,-122.18,2200,9985,12.959844447906553
3,1.0,1390,1.0,0,0,3,1390,0,1982,47.7652,-122.31,1320,7090,12.66032791780777
2,2.0,1920,1.0,0,0,3,1920,0,2003,47.7107,-122.031,1670,5200,13.224919965729422
3,2.25,1580,1.0,0,0,4,1220,360,1961,47.7599,-122.215,1970,9650,13.071070083016778
4,3.5,2510,2.0,0,0,3,1990,520,2013,47.7002,-122.103,2560,3820,13.42984807715229
4,2.5,2060,2.0,0,0,4,1560,500,1979,47.764,-122.262,1760,9876,12.983101310070822
2,1.75,1930,1.0,0,0,3,1930,0,2005,47.7173,-122.034,1810,5178,13.151922179645874
5,3.0,2790,1.0,0,3,5,1500,1290,1973,47.4088,-122.089,1620,19439,13.287793066528065
4,2.75,3420,2.0,0,0,3,3420,0,2010,47.6962,-122.023,3450,6137,13.567049198665774
3,1.75,1670,1.0,0,0,3,1170,500,1978,47.2975,-122.38,1740,7000,12.388185847286392
3,1.75,1720,1.0,0,0,4,1140,580,1981,47.3175,-122.182,1120,7287,12.301382825334498
3,1.5,1370,1.0,0,0,5,1370,0,1968,47.3068,-122.27,1370,9800,12.41673867533327
3,2.5,2250,2.0,0,0,3,2250,0,2000,47.5133,-122.379,1320,5390,13.007710936319127
2,1.0,920,1.0,0,0,3,920,0,1948,47.6903,-122.332,1560,4600,12.92910139177192
4,2.75,3580,1.0,0,0,3,1840,1740,1979,47.6319,-122.05,2910,12428,13.687563543633653
4,2.5,2154,2.0,0,0,3,2154,0,2012,47.4557,-122.13,2154,4091,12.873902018105829
4,2.5,3240,1.0,0,0,3,1860,1380,1977,47.6298,-122.057,3150,12767,13.3624820329245
4,2.5,2230,2.0,0,0,3,2230,0,2006,47.3848,-122.1,2800,4860,12.441144767709657
3,2.5,1320,2.0,0,0,3,880,440,2005,47.528,-122.269,3040,6000,12.30591798049989
4,2.5,3361,2.0,0,0,3,3361,0,2014,47.3269,-122.165,2316,4105,13.063197066735112
4,2.5,2450,2.0,0,0,3,2450,0,1985,47.7177,-122.104,2630,12025,13.499429010990795
4,2.5,2390,2.0,0,0,3,2390,0,1997,47.3677,-122.173,2520,6500,12.732279371334467
3,1.0,860,1.0,0,0,3,860,0,1954,47.4987,-122.341,1140,11250,12.300928176542852
3,2.5,2100,1.0,0,0,3,1700,400,1989,47.5329,-122.173,2430,8809,13.135082149812103
4,2.5,2430,2.0,0,0,4,2020,410,1919,47.6413,-122.354,2340,4375,13.805460222110773
4,2.5,2580,2.0,0,0,3,2580,0,2002,47.5374,-121.875,2380,5823,13.221756121282363
3,2.0,1650,1.0,0,0,3,1160,490,1979,47.4612,-122.169,1710,7350,12.43857229176841
4,1.5,1960,1.5,0,0,4,1960,0,1962,47.6304,-122.097,2050,9375,12.999065161059836
4,2.5,2190,2.0,0,0,3,2190,0,1999,47.5341,-121.866,2190,5108,13.241922612461968
3,2.25,2380,1.0,0,0,3,2040,340,1961,47.6955,-122.275,1680,7200,13.102160670086809
4,2.0,1330,1.0,0,0,4,1330,0,1942,47.496,-122.19,1150,5485,12.37102336582647
4,2.5,1900,2.0,0,0,3,1900,0,1988,47.7776,-122.352,1800,8460,12.917796211663054
4,3.75,3830,2.0,0,0,4,3830,0,1990,47.7237,-122.042,5600,56568,14.038654109278484
4,2.5,2820,2.0,0,0,3,2820,0,1998,47.3415,-122.029,3330,27653,13.208541073645382
3,2.25,2190,2.0,0,0,3,1810,380,1978,47.6883,-122.113,2190,8374,13.270783382522602
3,2.25,2780,2.0,0,0,3,2780,0,1979,47.67,-122.024,2890,36400,13.409044949522526
3,2.5,1660,2.0,0,2,3,1400,260,2002,47.6268,-122.353,1820,2570,13.458835614025542
2,1.75,1740,1.5,0,2,4,1040,700,1907,47.5994,-122.287,2020,4215,13.244581010128577
4,1.75,2560,1.0,0,0,3,1880,680,1974,47.5952,-122.053,2210,15150,13.15773052124162
4,1.75,1550,1.0,0,3,4,1550,0,1967,47.2194,-122.059,1720,50094,12.706847933442663
2,2.5,1860,2.0,0,0,3,1860,0,2000,47.776,-122.239,1860,4246,12.84792653170257
3,3.0,3040,3.0,0,2,3,3040,0,1993,47.5409,-122.267,1820,5998,13.389332408258568
2,1.5,1295,2.0,0,0,3,1105,190,2007,47.6192,-122.299,1295,1413,13.09607689527849
3,1.75,1320,1.0,0,0,4,1320,0,1968,47.2844,-122.216,1680,10183,12.429016176841717
4,1.75,1550,1.0,0,0,5,1550,0,1944,47.6567,-122.399,1550,6000,13.231755754175525
3,2.25,2220,2.0,0,0,3,2220,0,1985,47.7148,-122.101,2320,12025,13.203021280421783
3,1.75,2650,1.0,0,1,3,2240,410,1952,47.4909,-122.363,2650,10120,13.120361374733656
2,1.0,1110,1.0,0,0,3,1110,0,1925,47.6338,-122.358,1170,3600,13.407542319637992
3,2.5,2160,1.5,0,0,4,1880,280,1939,47.6582,-122.28,2300,6000,13.805460222110773
3,1.5,1260,1.0,0,0,3,870,390,1941,47.7004,-122.305,1620,7000,12.93579280632096
2,1.0,710,2.0,0,0,4,710,0,1943,47.6414,-122.329,1370,1173,12.909046386907855
3,1.0,1090,1.0,0,0,4,1090,0,1962,47.288,-122.196,1300,12000,12.190959007720126
3,1.75,2960,1.0,0,2,4,1480,1480,1952,47.5739,-122.406,2700,9106,13.74937075545973
4,2.5,3030,2.0,0,0,3,2020,1010,1998,47.485,-121.799,2050,10193,13.062613372998555
4,2.75,2540,1.5,0,0,5,1630,910,1925,47.6832,-122.343,1560,3920,13.453823072201997
4,3.25,3820,2.0,0,0,3,3820,0,2003,47.6097,-122.017,2790,7142,13.764217263576723
4,3.0,2230,2.0,0,0,3,2230,0,1991,47.3577,-122.195,2060,8755,13.038981768465277
3,1.75,1070,1.0,0,0,3,1070,0,1994,47.3129,-122.023,1280,7200,12.321185452630678
3,2.0,1580,2.0,0,0,3,1580,0,2006,47.3338,-122.053,2280,5000,12.254862809699606
3,2.25,2720,2.0,0,0,3,2720,0,1997,47.5473,-122.092,3170,60548,13.67969083482174
4,2.5,2400,2.0,0,0,3,2400,0,2004,47.3358,-122.265,2230,4763,12.542544882151386
4,2.0,1980,2.0,0,3,3,1700,280,1910,47.6318,-122.369,2490,4200,13.710150042306449
4,2.5,2280,2.0,0,0,3,2280,0,1987,47.461,-122.148,1970,9451,12.691580461311874
4,1.75,2180,1.0,0,0,3,1180,1000,1950,47.405,-122.288,2180,28710,12.254862809699606
3,2.25,1280,2.0,0,0,3,1080,200,2008,47.6651,-122.368,1280,1681,13.102160670086809
2,1.0,760,1.0,0,0,3,760,0,1946,47.483,-122.33,1710,6594,11.711776323715394
4,2.5,2500,1.0,0,0,3,2500,0,1997,47.6778,-121.994,3680,208652,13.599839021488766
4,2.5,2240,2.0,0,0,3,2240,0,2014,47.3551,-122.061,2530,4315,12.804881673714029
3,2.25,2200,1.0,0,0,4,1120,1080,1964,47.476,-122.337,1460,10139,12.66032791780777
3,1.0,1870,1.0,0,0,4,1720,150,1937,47.7162,-122.36,1460,7679,12.834681304952548
3,1.5,1770,1.0,0,4,3,1770,0,1953,47.7648,-122.37,2650,30280,13.499429010990795
3,2.0,1810,1.0,0,0,4,1810,0,1957,47.5888,-122.127,2230,12330,13.227983859268013
3,2.0,1010,1.0,0,0,3,1010,0,1984,47.4046,-122.181,1540,7896,12.206072645530174
2,1.0,2280,2.0,0,0,3,2280,0,1932,47.525,-122.389,2360,6000,12.542544882151386
4,2.5,3030,2.0,0,0,3,3030,0,1978,47.6313,-122.172,2940,11999,13.42984807715229
4,2.5,3010,2.0,0,0,3,3010,0,2008,47.4987,-122.147,3250,5531,13.180632285528304
5,2.25,1980,1.0,0,0,4,1260,720,1962,47.3984,-122.301,1880,11325,12.636880561310134
3,2.25,1960,1.0,0,0,3,1400,560,1966,47.4436,-122.21,2060,11466,12.562872581657057
5,3.0,3100,2.0,0,0,3,3100,0,2006,47.5369,-121.888,2460,5250,13.199231821660906
4,3.75,3600,1.0,0,0,3,3600,0,1951,47.6308,-122.287,3650,9506,14.470436525704022
4,2.75,1680,1.0,0,0,4,1080,600,1979,47.739,-122.243,1890,9545,12.959844447906553
4,3.0,3540,2.0,0,0,3,2720,820,1988,47.5471,-122.155,2780,10714,13.842639225352526
3,1.75,1260,1.0,0,0,4,1260,0,1985,47.3586,-122.056,1600,8614,12.409013489526863
3,2.5,1980,2.0,0,0,3,1980,0,1994,47.7433,-122.196,2610,12769,12.999065161059836
2,1.75,1260,1.0,0,0,4,840,420,1951,47.6809,-122.348,1280,3000,13.353475098367715
3,2.25,1560,2.0,0,0,4,1560,0,1979,47.3393,-122.259,1920,8120,12.388185847286392
3,2.5,3080,2.0,0,0,3,3080,0,1990,47.3752,-122.029,3130,13631,13.198398063680326
3,2.0,2310,2.0,0,0,5,2310,0,1965,47.6727,-122.174,1430,10523,13.348701819615057
4,2.5,1780,2.0,0,0,3,1780,0,2001,47.4455,-122.169,1990,4092,12.647548191161372
3,1.0,810,1.0,0,0,3,810,0,1918,47.5712,-122.316,1520,4800,12.86099861326992
3,1.0,1980,1.0,0,0,3,1080,900,1949,47.7551,-122.353,1680,9529,12.889169490236618
3,1.0,860,1.5,0,0,4,860,0,1927,47.6942,-122.315,1250,6380,12.891691559669328
3,1.0,990,1.0,0,0,4,990,0,1947,47.7125,-122.331,1440,6860,12.691580461311874
2,2.5,1900,2.0,0,0,3,1900,0,2006,47.7029,-122.015,1510,3876,13.180632285528304
4,2.5,2280,2.0,0,0,3,2280,0,1996,47.7628,-122.123,2350,35020,13.262125319779487
4,2.75,2890,2.0,0,0,3,2890,0,1997,47.7102,-122.072,3170,16397,13.58609739363647
3,3.0,1571,3.0,0,0,3,1571,0,2008,47.7338,-122.309,1520,1497,12.812435696005227
6,2.25,3140,1.0,0,0,4,1570,1570,1959,47.6116,-122.169,2320,10250,13.514405465180353
4,3.5,3980,2.0,0,2,3,3980,0,2006,47.5574,-121.89,2220,65775,13.604789526648622
7,4.0,2960,2.0,0,0,3,1950,1010,1927,47.5835,-122.313,1970,4410,13.657452253306
3,1.0,1170,1.0,0,0,4,1170,0,1948,47.4941,-122.312,1440,9823,12.254753279891911
4,3.5,3930,2.0,0,0,3,3930,0,1999,47.6399,-122.158,4250,38682,14.40274151293267
2,1.0,1000,1.0,0,0,5,760,240,1915,47.297,-122.225,990,5026,11.982897843727672
3,3.5,2620,2.0,0,0,3,1970,650,1992,47.4979,-122.371,1960,7680,13.195613839143922
4,2.0,2100,1.0,0,0,5,1060,1040,1924,47.6699,-122.317,1920,3900,13.217673557208654
3,1.5,1610,1.0,0,0,3,1080,530,1977,47.6681,-122.143,1610,9964,13.149978544437301
4,2.5,2550,2.0,0,0,3,2550,0,1988,47.6441,-122.113,2330,7480,13.457406021215947
3,1.75,1300,1.0,0,0,3,1300,0,1967,47.7347,-122.192,1520,7600,12.793859310432293
1,0.75,420,1.0,0,0,3,420,0,1922,47.552,-122.311,1420,6720,12.542544882151386
2,1.75,1180,2.0,0,0,3,780,400,2014,47.6395,-122.329,1380,3610,13.40746712884131
4,2.75,2210,1.5,0,0,5,1470,740,1926,47.6826,-122.311,1500,3400,13.485616636703183
4,2.5,2690,2.0,0,0,3,2690,0,1993,47.4248,-122.153,2160,8328,12.945626198904275
4,2.0,1970,1.0,0,0,5,1030,940,1969,47.6873,-122.314,1650,4275,13.190022025878143
4,2.25,2890,3.0,1,4,3,2890,0,1984,47.5169,-122.209,2870,11151,14.266586177324491
4,2.25,4760,2.5,0,0,5,3390,1370,1916,47.6415,-122.285,2950,9323,14.626440774180603
2,1.5,1440,2.0,0,0,3,1100,340,2011,47.5607,-122.378,1440,4255,12.96453929221076
6,3.5,3000,1.0,0,0,3,1500,1500,1979,47.7226,-122.299,1400,8403,13.1749558275235
5,3.0,3880,2.0,0,0,3,3880,0,1972,47.5467,-122.234,3470,13701,14.411596025681089
4,2.5,2320,2.0,0,0,3,2320,0,2004,47.3501,-122.14,2150,6270,12.694345864825653
4,2.5,2190,2.0,0,0,3,2190,0,2003,47.2923,-122.357,2240,7379,12.762827201184564
4,2.5,2990,1.0,0,2,4,1740,1250,1976,47.3424,-122.329,3370,12085,13.150950834256241
2,1.0,780,1.0,0,0,4,780,0,1946,47.7383,-122.074,2200,67518,12.631340380934517
4,1.75,1960,1.0,0,0,4,1960,0,1967,47.3109,-122.377,1960,8400,12.561997308078203
3,2.25,2600,2.0,0,0,3,2600,0,1978,47.3719,-122.056,2380,15000,12.966878474563934
3,2.0,2460,1.0,0,2,4,1370,1090,1952,47.5215,-122.383,2150,6600,13.427639758257062
3,1.75,2380,1.0,0,2,4,1190,1190,1956,47.5119,-122.255,2350,6554,12.936033799212835
3,2.5,2470,2.0,0,0,3,2470,0,2005,47.514,-122.189,2470,5064,13.005829561148378
4,1.0,1080,1.5,0,0,4,1080,0,1924,47.6962,-122.346,1200,5060,12.959844447906553
4,2.0,3140,1.0,0,1,3,1940,1200,1939,47.6656,-122.406,3300,10080,13.560618308335483
4,3.0,2430,1.0,0,0,4,1330,1100,1978,47.7307,-122.228,1580,10464,13.15773052124162
5,2.25,4200,2.5,0,0,4,2910,1290,1906,47.6284,-122.312,3060,5800,14.104441849816487
7,1.5,2670,1.5,0,0,4,2320,350,1948,47.7121,-122.332,2030,9000,13.262125319779487
4,2.5,2260,2.0,0,0,3,2260,0,2001,47.7235,-121.958,2300,6300,13.024199128617097
4,1.75,3100,1.0,0,1,4,3100,0,1962,47.5847,-122.081,3480,9697,13.764217263576723
3,1.0,1310,1.0,0,0,3,1310,0,1972,47.7253,-122.197,1680,8000,12.834681304952548
4,2.5,2770,2.0,0,0,4,2770,0,1988,47.5688,-122.012,2770,9219,13.474427708785377
4,2.25,2380,1.0,0,0,4,1760,620,1979,47.3555,-122.149,1940,7400,12.672946381766982
2,1.0,1200,1.0,0,0,5,1200,0,1941,47.4832,-122.299,1200,9488,12.352335152508426
3,2.25,1800,2.0,0,0,3,1800,0,1995,47.7462,-121.98,1760,6589,12.853175887588712
4,2.75,2990,2.0,0,0,3,2990,0,2014,47.7107,-122.11,2910,5533,13.610882040647779
4,1.75,1700,1.0,0,0,5,1120,580,1981,47.4801,-122.158,1560,7800,12.762827201184564
3,2.75,3180,2.0,0,0,4,2190,990,1918,47.577,-122.38,2000,3680,13.652991628466498
2,1.0,790,1.0,0,0,4,790,0,1953,47.7511,-122.352,1470,8424,12.500606192931057
3,1.0,1010,1.0,0,0,3,1010,0,1969,47.3338,-122.306,1300,8236,12.205822614274965
2,1.75,1660,2.0,0,0,3,1660,0,1958,47.4899,-122.339,1290,7860,12.721885810807203
4,3.5,3510,2.0,0,0,3,3510,0,2001,47.54,-121.876,3510,9161,13.45166712454693
3,2.0,2030,1.0,0,2,4,1890,140,1966,47.2953,-122.185,1870,13662,12.596254896773821
3,1.75,3140,1.0,0,0,4,1670,1470,1985,47.3074,-122.337,2590,7949,12.751299696013497
3,1.0,1520,1.5,0,0,3,1520,0,1952,47.7222,-122.305,1560,8160,12.538967060803502
3,2.75,2660,1.0,0,0,4,2660,0,1975,47.7649,-122.098,2720,35191,13.270783382522602
3,2.75,3370,2.0,0,0,3,2650,720,1986,47.3411,-122.197,2150,14048,12.959844447906553
4,2.5,3480,2.0,0,0,3,3480,0,1989,47.6895,-122.052,3630,36290,13.704578997256993
4,2.75,2610,2.0,0,0,4,2610,0,1990,47.3747,-122.124,2390,7852,12.826649133255284
4,2.0,1570,1.0,0,0,3,1570,0,1950,47.4965,-122.303,1880,9000,12.054086288532291
4,2.25,2240,1.0,0,0,4,1730,510,1981,47.4777,-122.142,2150,12650,12.936033799212835
3,1.75,1710,1.0,0,0,4,1110,600,1944,47.6689,-122.37,920,5000,13.148031124152906
3,2.25,1650,1.0,0,0,3,1220,430,1975,47.7375,-122.194,1690,7252,13.038981768465277
3,2.25,2100,2.0,0,1,4,2100,0,1979,47.6068,-122.112,2420,18135,13.304684934198283
3,1.5,1190,1.0,0,0,4,1190,0,1969,47.7561,-122.071,1190,9756,12.715597423563116
4,2.25,2860,2.0,0,0,3,2860,0,1982,47.6451,-122.189,2890,10572,13.997832114758229
3,3.0,1460,3.0,0,0,3,1460,0,2006,47.6998,-122.367,1460,1224,12.987688474077727
3,1.0,1500,1.0,0,0,3,890,610,1945,47.5365,-122.368,1210,6250,12.517227074167097
3,1.0,1900,1.5,0,0,4,1900,0,1942,47.2738,-122.271,1430,19200,12.388185847286392
3,1.75,1520,1.0,0,0,4,1520,0,1957,47.6054,-122.118,1760,8580,13.17115354157376
4,2.5,3690,2.0,0,2,3,3690,0,1996,47.5872,-121.972,3600,13609,13.567049198665774
4,3.5,3190,2.0,0,3,3,2160,1030,2003,47.5928,-122.29,2390,4800,14.108180171927094
4,1.75,2380,1.0,0,0,3,1610,770,1978,47.6262,-122.049,2540,12608,12.948009990259552
4,2.5,2120,2.0,0,0,3,2120,0,1993,47.4987,-122.365,1880,12000,12.909046386907855
2,2.0,1670,1.0,0,0,3,1670,0,2004,47.7141,-122.031,1670,4996,13.224919965729422
3,2.25,1970,1.0,0,0,3,1470,500,1959,47.6703,-122.41,1980,5000,13.345506928718539
4,3.5,3310,2.0,0,2,3,2200,1110,2010,47.5511,-122.391,1420,6000,13.693342923990066
3,2.25,2010,1.5,0,0,3,2010,0,1986,47.4735,-122.189,1720,4187,12.765688433465597
3,2.5,1920,2.0,0,0,3,1920,0,1986,47.7144,-122.204,1380,5100,13.071070083016778
2,1.75,1700,1.0,0,1,3,1260,440,1950,47.6336,-122.397,2200,5000,13.704578997256993
3,1.75,1780,1.0,0,0,5,980,800,1944,47.5589,-122.392,1550,5850,13.245465574538311
5,3.0,1980,1.0,0,0,3,1220,760,1990,47.5173,-122.275,1970,3868,12.718297290209872
2,2.0,1750,2.0,0,0,3,1750,0,2012,47.5169,-121.878,1650,2731,12.884106188280072
3,2.5,2400,2.0,0,0,5,2400,0,1983,47.7361,-122.046,2230,54450,13.239257128875828
3,2.0,1730,1.0,0,0,3,1370,360,1978,47.5202,-122.047,2390,10000,12.971540487669746
3,2.5,2810,2.0,0,0,3,2810,0,2001,47.6077,-122.02,2860,6630,13.493926933836812
3,1.75,1500,1.0,0,0,3,1030,470,1958,47.7672,-122.348,2090,10269,12.772805901234461
4,1.75,1240,1.5,0,0,4,1240,0,1944,47.6892,-122.378,1260,4468,13.16158409055761
2,2.0,1440,1.0,0,0,4,1440,0,1942,47.4831,-122.296,1430,12037,12.69832688371073
2,1.0,830,1.0,0,0,5,830,0,1950,47.7366,-122.302,1180,8184,12.699243334057444
5,1.75,2280,1.0,0,1,4,1380,900,1949,47.4558,-122.362,1940,17664,13.255144488638146
4,1.5,1240,1.0,0,0,3,1240,0,1971,47.3206,-122.397,1240,9592,12.301382825334498
3,2.5,1608,2.0,0,0,3,1608,0,2014,47.2582,-122.198,2009,4983,12.52434454193596
4,2.0,1960,1.0,0,0,5,1160,800,1978,47.4081,-122.178,1950,7560,12.429216196844383
3,2.25,2120,1.0,0,0,5,1420,700,1959,47.7461,-122.324,1880,6960,12.985397522331171
3,2.25,1490,2.0,0,0,3,1220,270,2009,47.5567,-122.363,1490,1283,12.65075846679162
3,1.0,1240,1.0,0,0,4,1240,0,1972,47.4579,-122.09,2060,19350,12.506177237980511
3,1.75,1590,1.5,0,0,5,970,620,1938,47.7146,-122.217,2030,7504,12.89921982609012
3,2.5,2010,2.0,0,0,3,2010,0,2008,47.545,-122.015,2350,3600,13.312983737012978
3,2.5,2630,2.0,0,0,3,2630,0,1996,47.5515,-122.083,2640,10620,13.407542319637992
3,1.5,1300,1.0,0,0,3,1300,0,1968,47.4556,-122.209,1840,7600,12.479909311159902
3,1.75,1140,1.0,0,0,5,620,520,1925,47.6712,-122.393,1480,3500,12.957488734214095
4,3.5,3760,2.0,0,0,3,3760,0,1990,47.7255,-122.059,3360,15761,13.955272500339433
2,0.75,1160,1.0,0,0,4,870,290,1937,47.6929,-121.87,1870,25346,12.911642346088676
3,1.75,1760,1.0,0,0,3,920,840,1979,47.3664,-122.1,1350,13475,12.323855681186558
4,2.25,2350,2.0,0,0,3,2350,0,1968,47.7732,-122.382,2090,7964,13.132313708257497
5,3.25,3410,2.0,0,3,3,2760,650,1912,47.6285,-122.361,3540,7100,14.690979295318174
3,1.75,1400,1.0,0,0,3,1400,0,1961,47.7569,-122.334,1820,7440,12.718896271958837
3,2.0,1160,1.0,0,0,4,580,580,1930,47.5314,-122.392,1160,4000,12.884106188280072
3,2.5,2605,2.0,0,2,4,2090,515,1979,47.6529,-122.202,2605,1979,13.832367675030698
3,2.0,2140,2.0,0,0,3,1680,460,1911,47.5846,-122.383,2340,5400,13.345506928718539
4,2.75,3250,2.0,0,0,3,3250,0,2014,47.7557,-122.309,1620,10089,13.442996549995796
3,2.5,2140,2.0,0,0,3,1960,180,2005,47.5368,-122.073,2280,2615,13.224919965729422
4,2.0,2340,1.0,0,0,3,2340,0,2009,47.4842,-122.347,1180,13500,12.86099861326992
2,1.0,1440,1.0,0,0,3,840,600,1950,47.7443,-122.325,1650,8461,12.721885810807203
3,1.75,1730,1.0,0,0,4,1400,330,1980,47.6792,-122.115,1830,8636,13.165422866864775
4,2.0,2430,1.0,0,0,3,1430,1000,1960,47.4979,-122.232,2430,8960,12.449018824140563
3,1.5,2080,1.0,0,0,3,1300,780,1963,47.5322,-122.29,1860,5000,12.948009990259552
4,2.0,1590,1.0,0,0,3,1590,0,1951,47.6406,-122.317,2370,4500,13.41577898170387
4,2.5,2010,2.0,0,0,3,2010,0,1986,47.3406,-122.057,1910,12133,12.609869696537642
4,2.5,2720,2.0,0,0,3,2720,0,1987,47.6293,-122.051,2720,10020,13.407542319637992
3,1.0,1160,1.0,0,0,3,880,280,1930,47.6844,-122.306,1550,5120,13.138827103434993
3,1.75,1720,1.0,0,0,3,1720,0,1978,47.3731,-122.286,1970,8400,12.54236629477704
4,2.5,1750,1.0,0,0,4,1610,140,1947,47.7425,-122.321,1080,11375,13.04871683723603
3,2.25,1850,2.0,0,0,4,1850,0,1985,47.5669,-122.017,1650,4468,13.005829561148378
4,2.75,2250,1.0,0,0,4,1480,770,1975,47.4449,-122.129,2070,7632,12.751299696013497
4,2.25,2100,2.0,0,0,3,2100,0,1978,47.3251,-122.329,2100,7464,12.542544882151386
3,2.0,1250,3.0,0,0,3,1250,0,2000,47.6705,-122.39,1320,1306,13.104199406776658
4,2.25,2410,1.0,0,0,4,2410,0,1965,47.5706,-122.163,2720,11141,13.475552252058229
4,2.5,3250,2.0,0,0,3,3250,0,2009,47.4944,-122.149,3030,4518,13.159659162148026
3,2.5,1930,2.0,0,0,3,1930,0,2014,47.3518,-122.275,2050,4000,12.752747922189862
3,2.5,1990,2.0,0,0,3,1990,0,2010,47.3531,-122.017,2580,3800,12.670435394885823
4,3.0,1986,2.0,0,2,4,1746,240,1922,47.5374,-122.39,1930,6200,13.480037821676145
4,2.5,2840,2.0,0,0,3,2840,0,1994,47.7359,-121.962,2500,18001,13.122363377404328
3,2.5,1300,2.0,0,0,3,1100,200,2014,47.6384,-122.343,1070,1223,13.422467969854667
3,1.75,1250,1.0,0,0,3,1250,0,1965,47.6285,-122.118,1460,7210,12.992254692057308
5,4.25,3530,2.0,0,0,3,3530,0,2001,47.5894,-122.243,1750,9226,14.151982794585487
3,2.25,1750,1.0,0,0,3,1210,540,1987,47.7305,-122.225,1930,8545,12.980799813082541
4,3.5,3510,2.0,0,0,3,3510,0,2001,47.5402,-121.875,3690,9568,13.45166712454693
2,1.0,980,2.0,0,0,3,980,0,2010,47.6381,-122.375,1190,1600,12.989974189358584
4,2.0,1600,1.0,0,0,5,1600,0,1938,47.4713,-122.355,1260,8306,12.782686009834167
3,2.25,1450,3.0,0,0,3,1450,0,2000,47.6765,-122.302,1450,1429,13.116345305078767
4,2.5,3190,2.0,0,0,3,3190,0,1997,47.3425,-122.03,2810,28619,13.345506928718539
5,4.5,4340,3.0,0,4,3,4340,0,2010,47.6715,-122.406,1770,5250,14.895619375067824
3,1.5,1780,1.0,0,0,3,1780,0,1953,47.4912,-122.312,1130,14450,12.4130868149145
3,2.0,2360,1.0,0,0,3,2360,0,1981,47.5595,-121.867,2660,91476,13.286181462633724
4,2.5,2410,1.0,0,0,5,1990,420,1975,47.5351,-122.223,2530,10658,13.751505227988362
3,1.75,1180,1.0,0,0,4,940,240,1981,47.6348,-122.032,1230,10879,12.86099861326992
2,1.5,1210,2.0,0,0,3,1020,190,2007,47.6756,-122.375,1210,1118,12.934828253557487
4,2.5,2620,2.5,0,0,4,2620,0,1974,47.5631,-122.219,2580,9525,13.639250592548915
3,2.5,1670,1.0,0,0,3,1130,540,1974,47.5222,-122.37,1220,7740,12.834681304952548
3,1.0,890,1.0,0,0,3,890,0,1910,47.5153,-122.266,1230,6057,11.941455846009388
4,1.75,1700,1.0,0,0,3,1700,0,1967,47.3252,-122.208,1280,6000,11.911030218672101
5,1.5,3360,2.0,0,0,3,3360,0,2014,47.6072,-122.053,3230,5368,13.635181015791112
4,2.5,2340,1.0,0,1,3,1610,730,1981,47.3363,-122.331,2070,8241,12.736406735684207
3,2.5,1550,2.0,0,0,3,1060,490,2006,47.5857,-122.314,1550,1301,13.005829561148378
5,2.5,3150,1.0,0,0,4,1640,1510,1966,47.4934,-122.189,1990,9133,12.751299696013497
4,5.5,7080,2.0,0,0,3,5760,1320,2008,47.6151,-122.224,3140,15996,15.201804919084164
3,3.5,3760,2.0,1,4,3,2830,930,2014,47.5285,-122.205,3560,5762,14.6175121434363
3,1.0,960,1.0,0,0,5,960,0,1969,47.7619,-122.162,1670,9250,12.833347081939412
2,2.0,1760,1.0,0,0,5,880,880,1946,47.5658,-122.276,1760,7200,13.269057756555132
3,2.25,1770,1.0,0,0,3,1330,440,1981,47.4464,-122.123,1910,8710,12.699243334057444
2,1.0,1110,1.5,0,0,3,970,140,1912,47.6453,-122.327,1884,1778,13.304684934198283
3,2.5,1720,2.0,0,0,3,1720,0,1998,47.2624,-122.221,1720,6211,12.449018824140563
3,2.0,1510,1.0,0,2,3,1230,280,1973,47.7053,-122.303,1950,8089,12.971540487669746
3,1.0,1170,1.0,0,0,3,1170,0,1958,47.4514,-122.178,1170,7560,11.888618414744723
3,2.25,1580,1.0,0,0,3,1200,380,1981,47.6254,-122.045,1660,11374,13.071070083016778
3,1.75,1630,1.0,0,0,4,1630,0,1971,47.4863,-121.73,2090,57428,12.542544882151386
2,1.0,850,1.0,0,0,3,850,0,1976,47.3817,-122.314,1160,5000,12.103486056755072
3,2.25,2140,1.0,0,0,3,1440,700,1961,47.6949,-122.396,2060,6720,13.169246963303179
3,1.0,1440,1.0,0,0,3,1440,0,1965,47.4742,-122.265,1580,10100,12.449018824140563
3,1.75,1930,1.0,0,0,3,1930,0,2013,47.5181,-121.885,2770,6373,13.193289578804034
4,1.5,1920,1.0,0,0,3,1370,550,1959,47.2987,-122.366,1550,9619,12.254862809699606
2,1.0,1770,1.0,0,3,3,1220,550,1957,47.3346,-122.354,2790,20504,12.751299696013497
4,1.75,1630,1.0,0,0,3,1160,470,1947,47.5674,-122.384,1640,5750,13.262125319779487
3,1.75,1340,1.0,0,0,3,1340,0,1980,47.3651,-122.044,1690,8000,12.468436909997665
5,2.25,3070,1.0,0,0,3,2730,340,1983,47.3238,-122.292,1560,28260,12.948009990259552
2,1.0,1030,1.5,0,0,5,1030,0,1952,47.7352,-122.295,1310,8504,12.66032791780777
3,1.75,1180,1.0,0,0,4,1180,0,1993,47.3531,-122.048,1580,7272,12.524526376648708
3,2.5,2680,1.0,0,0,4,1610,1070,1979,47.7028,-122.231,2480,8750,13.389332408258568
3,2.5,1700,2.0,0,0,3,1700,0,1992,47.6078,-122.292,1880,3665,13.336667980051335
4,1.0,1080,1.5,0,0,5,1080,0,1900,47.3834,-122.215,1720,20360,12.524526376648708
5,2.5,2090,2.0,0,0,3,2090,0,1998,47.3538,-122.025,2070,4698,12.66032791780777
4,3.0,1890,1.0,0,0,4,1270,620,1967,47.5221,-122.044,1900,11160,13.017002861746503
3,2.5,2680,2.0,0,0,3,2680,0,2001,47.7043,-122.128,2780,5497,13.457406021215947
3,2.0,1310,1.0,0,0,3,870,440,1995,47.3639,-122.186,1690,6580,12.394624752074764
3,1.75,1550,1.0,0,0,4,1210,340,1981,47.717,-122.163,1550,6900,12.994530005894443
2,2.0,1430,1.0,0,0,4,1430,0,1949,47.6844,-122.392,1430,3880,13.208541073645382
3,2.5,2090,2.0,0,0,3,2090,0,2005,47.3992,-122.163,2190,4060,12.611537753638338
3,1.0,1110,1.0,0,0,3,1110,0,1952,47.4718,-122.342,1140,9083,12.425208175446844
2,2.5,1320,2.0,0,0,3,990,330,2014,47.6689,-122.363,1550,1519,13.122263372403996
4,2.5,2070,1.5,0,0,3,1590,480,1924,47.7316,-122.289,2050,8131,13.304684934198283
3,1.0,960,1.0,0,0,4,960,0,1956,47.4983,-122.172,960,5700,12.249850267876061
3,2.5,2440,2.0,0,0,3,2440,0,2011,47.7057,-122.112,2690,4556,13.499429010990795
3,1.0,1220,1.0,0,0,3,1220,0,1905,47.5767,-122.408,1490,2467,13.262125319779487
5,2.5,2260,2.0,0,0,3,2260,0,1999,47.352,-122.038,2180,6910,12.80765263256463
3,1.0,1010,1.0,0,0,4,1010,0,1975,47.2699,-122.255,1370,8469,12.119969946476761
4,3.75,2810,2.0,0,2,4,2070,740,1994,47.4861,-121.804,2370,11248,13.106233995474446
3,3.25,3680,2.0,0,0,3,2340,1340,1988,47.6272,-122.033,2280,8515,13.489891215060828
3,1.75,2910,1.0,0,0,4,1530,1380,1967,47.7015,-122.164,2520,18295,13.253391639810733
3,2.5,2753,1.0,1,2,5,2165,588,1953,47.4041,-122.451,2680,72513,14.115615150414612
3,2.25,1620,2.5,0,0,3,1540,80,2010,47.54,-122.026,1620,1068,12.959844447906553
3,2.75,3080,1.0,0,2,4,1610,1470,1958,47.3841,-122.284,2424,12410,12.608198852372823
3,1.0,1200,1.0,0,0,4,1200,0,1953,47.3231,-122.215,1250,8316,12.154779351142624
4,3.0,3320,1.0,0,0,3,1750,1570,1963,47.4596,-122.065,1830,13800,12.618182296357007
3,2.5,1460,2.0,0,0,3,1460,0,1983,47.6012,-122.141,1910,7668,13.017002861746503
5,2.25,2630,2.0,0,0,3,2630,0,1966,47.3619,-122.287,1880,8670,12.676076274775909
4,2.0,1910,1.5,0,0,5,1910,0,1941,47.6893,-122.348,1360,3300,13.635187003832993
3,2.5,2350,1.0,0,0,4,2350,0,1966,47.6156,-122.108,2320,10512,13.374526556505444
3,1.0,1320,1.0,0,0,3,1320,0,1979,47.4771,-122.322,1120,21214,11.918390573078392
3,2.25,1250,3.0,0,0,3,1250,0,2007,47.6907,-122.343,1250,1158,12.748396936355535
3,3.25,1830,3.0,0,0,3,1830,0,2014,47.6945,-122.377,1830,1804,13.304601597392535
4,3.25,3500,2.0,0,0,3,3500,0,1987,47.5902,-122.13,3500,10658,13.589863876431945
3,1.75,1050,1.0,0,0,4,1050,0,1975,47.3011,-122.369,1360,7668,12.377922902456833
4,2.5,2810,2.0,0,0,3,2810,0,2014,47.3552,-122.023,2980,5046,13.158463843029052
3,1.5,1640,1.0,0,0,4,1640,0,1963,47.495,-122.342,1540,9040,12.396693005138824
2,1.0,770,1.0,0,0,2,770,0,1951,47.5075,-122.358,1110,8636,12.190959007720126
7,3.5,2830,1.0,0,0,4,1830,1000,1957,47.7493,-122.355,1570,8400,13.017002861746503
3,2.25,1620,2.0,0,0,4,1620,0,1926,47.643,-122.361,1210,4320,13.592367006650065
2,1.0,720,1.0,0,0,4,720,0,1947,47.5534,-122.375,1510,4840,12.367340793126296
3,1.75,1480,1.0,0,0,3,870,610,1926,47.681,-122.304,1350,4500,12.90495335793788
3,3.25,3310,2.0,0,0,3,3310,0,2006,47.5558,-122.001,2670,4907,13.554145793829866
3,1.5,1870,1.0,0,0,3,1470,400,1936,47.723,-122.353,1340,7620,13.038981768465277
5,1.75,2850,1.0,0,0,3,2850,0,1951,47.7503,-122.28,2640,11604,13.527828485512494
3,2.5,1500,2.0,0,0,3,1200,300,2014,47.6451,-122.375,1680,1627,13.384650715836164
2,1.75,1060,2.0,0,0,3,760,300,2003,47.5426,-122.388,1060,1493,12.721885810807203
3,2.0,2660,1.0,0,0,4,1330,1330,1922,47.6391,-122.403,1790,5000,13.312983737012978
2,1.0,910,1.0,0,0,3,910,0,1953,47.3752,-122.11,2050,48351,13.186370507378621
2,1.0,2020,1.0,0,0,3,1010,1010,1921,47.5359,-122.28,1270,4652,12.92391243868049
4,1.0,1390,1.5,0,0,4,1390,0,1941,47.7248,-122.359,1390,9360,12.942039823273047
3,2.5,1730,2.0,0,0,3,1730,0,1987,47.3507,-122.178,1630,6458,12.409013489526863
4,2.5,1900,2.0,0,0,3,1900,0,1978,47.7628,-122.244,1830,10480,12.834681304952548
4,2.5,3250,2.0,0,0,3,3250,0,1994,47.5862,-122.037,3240,8449,13.581685158303204
3,1.0,1440,2.0,0,0,3,1440,0,1910,47.6741,-122.354,1850,4500,13.235692062711331
3,2.5,2490,2.5,0,0,3,2490,0,2012,47.5051,-122.155,2640,3844,12.933621252807452
3,1.0,1210,1.5,0,0,3,1090,120,1928,47.5934,-122.308,1210,4000,13.017002861746503
4,2.75,2950,2.0,0,0,3,2950,0,2007,47.7368,-122.231,2940,5803,13.304684934198283
3,1.5,1290,1.0,0,0,4,820,470,1952,47.6296,-122.205,2130,8577,13.568330428821824
3,2.5,1650,2.0,0,0,3,1520,130,2007,47.5634,-122.298,1520,2287,12.994530005894443
2,1.0,1240,1.0,0,0,3,1000,240,1920,47.6634,-122.351,1480,3500,13.37700559577791
4,2.75,3090,1.0,0,2,3,1800,1290,1956,47.6339,-122.396,2380,5000,13.919870573288517
4,1.75,1620,1.0,0,0,3,1620,0,1974,47.6788,-122.11,1920,8400,12.999517547405484
3,3.25,1370,2.0,0,0,3,1100,270,2006,47.5639,-122.388,1370,1146,12.86876061860541
4,2.5,2610,2.0,0,0,3,2610,0,2011,47.314,-122.023,2630,7421,12.873902018105829
3,1.0,1060,1.0,0,0,3,1060,0,1954,47.5427,-122.275,1240,7874,12.948009990259552
3,1.75,1680,1.0,0,0,4,1400,280,1960,47.5535,-122.377,1540,5000,13.217673557208654
5,2.0,1860,2.0,0,0,3,1860,0,1980,47.4484,-121.772,1390,9752,12.730801174465157
3,2.5,1232,3.0,0,0,3,1232,0,2007,47.7185,-122.317,1232,1202,12.748396936355535
5,3.25,2910,2.0,0,0,3,2040,870,2013,47.5543,-122.359,2910,5027,13.151922179645874
3,1.75,1750,1.0,0,0,5,1750,0,1968,47.4989,-122.188,1230,10868,12.84792653170257
4,2.5,3410,2.0,0,0,3,3410,0,2004,47.3602,-121.986,3350,175421,13.560553790125196
4,2.5,2050,1.0,0,0,3,1300,750,1965,47.42,-122.319,1790,7900,12.468436909997665
6,4.0,2700,1.0,0,0,3,1350,1350,1969,47.5525,-122.3,2260,5324,12.86099861326992
4,2.5,1910,1.0,0,0,4,1160,750,1970,47.7374,-122.183,1920,7350,13.151922179645874
2,1.75,1710,2.0,0,0,3,1330,380,1920,47.5319,-122.386,1530,4556,12.911642346088676
4,2.5,3400,2.0,0,0,3,3400,0,2004,47.7067,-122.129,2970,6909,13.591116224748411
5,3.25,3920,2.0,0,0,3,3030,890,2014,47.5202,-121.885,2660,4832,13.331326865144705
3,2.5,2710,1.0,0,0,3,2710,0,1959,47.6718,-122.256,3130,13566,14.038654109278484
4,2.5,3270,2.0,0,0,3,3270,0,2007,47.5374,-122.192,2740,7367,13.493926933836812
3,1.0,1060,1.0,0,0,4,1060,0,1968,47.5649,-122.358,1060,7457,12.696185227698622
4,2.75,2890,2.0,0,0,3,2890,0,2014,47.554,-122.189,2890,10108,13.793264949016955
5,3.5,3160,2.0,0,0,3,3160,0,2014,47.755,-122.216,2100,9351,13.399995114002609
3,2.25,1830,2.0,0,0,3,1830,0,1997,47.2734,-122.248,1670,8001,12.114505452004684
3,1.75,1090,1.0,0,0,3,1090,0,1994,47.2613,-122.302,1660,9219,12.371587084007746
4,2.5,2560,2.0,0,0,3,2560,0,2006,47.5535,-122.395,2160,10439,13.63877337946422
2,1.5,1140,3.0,0,0,3,1140,0,2005,47.6608,-122.333,1170,1116,13.051940913107783
3,1.0,1000,1.0,0,0,3,1000,0,1959,47.3321,-122.346,1490,14940,12.287652632522597
3,1.75,1190,1.0,0,0,3,1190,0,1952,47.5026,-122.236,1200,6000,12.220961258023925
4,1.0,1550,1.5,0,0,3,1550,0,1957,47.5287,-122.35,1450,7620,12.751299696013497
2,2.0,1270,1.0,0,0,4,610,660,1926,47.6694,-122.298,1370,5000,13.146079904021645
2,2.5,1860,2.0,0,0,3,1860,0,2003,47.3847,-122.029,1860,6359,12.660169175050076
4,4.0,4460,2.0,0,0,3,4460,0,2001,47.634,-121.997,3470,88519,13.955272500339433
4,3.0,2020,1.5,0,0,3,2020,0,1900,47.6653,-122.372,1290,3440,13.244581010128577
3,1.75,1730,1.0,0,0,3,1260,470,1976,47.7211,-122.169,1800,7650,13.036805489042683
4,2.5,3460,2.0,0,0,3,3460,0,1987,47.637,-122.04,3140,10631,13.523150895961383
5,4.25,4650,2.0,0,0,3,3260,1390,1999,47.5669,-121.956,2810,155509,13.800396920154226
2,1.0,1060,1.0,0,2,4,1060,0,1946,47.3444,-122.327,2240,4416,12.691580461311874
3,2.5,2400,2.0,0,0,3,2400,0,2002,47.7362,-121.974,2980,8182,13.102058624063964
5,3.0,4350,2.0,0,0,3,2950,1400,1972,47.6518,-122.16,3280,41631,13.710150042306449
3,2.5,2283,2.0,0,0,3,2283,0,2008,47.4221,-122.192,1760,3992,12.873773804758644
2,1.0,740,1.0,0,0,4,740,0,1926,47.5298,-122.273,1170,4968,12.449018824140563
5,2.5,2950,1.5,0,0,5,1720,1230,1918,47.5785,-122.293,2200,5000,13.400752402944518
3,1.75,1260,1.0,0,0,5,1260,0,1947,47.7444,-122.321,1570,11052,12.834681304952548
3,1.0,1370,1.0,0,0,3,1070,300,1939,47.6421,-122.348,2410,4200,13.39239051461739
5,2.5,2990,2.0,0,0,3,2990,0,2007,47.746,-122.218,3150,13076,13.345506928718539
2,1.75,1650,1.0,0,0,4,1000,650,1959,47.6871,-122.207,2530,9000,13.415032991367148
3,1.75,1400,2.0,0,0,3,1400,0,1948,47.4999,-122.268,1440,10825,12.254862809699606
2,1.0,990,2.0,0,0,3,990,0,1981,47.5118,-122.188,1350,7295,12.429216196844383
4,2.25,1800,1.0,0,0,3,1800,0,1969,47.2959,-122.191,2060,8800,12.323855681186558
2,1.75,1560,1.0,0,0,4,880,680,1942,47.6863,-122.382,1210,4141,13.215871935262026
3,2.25,1890,1.0,0,0,3,1890,0,1966,47.4838,-122.299,1580,9488,12.691580461311874
4,2.25,2170,1.0,0,0,3,1540,630,1974,47.672,-122.169,2040,7700,13.239257128875828
4,2.0,1240,1.0,0,0,3,1040,200,1908,47.6076,-122.298,1480,3500,12.834681304952548
3,1.5,1180,3.0,0,0,3,1180,0,2008,47.6845,-122.315,1280,3360,12.983101310070822
5,3.0,2970,1.0,0,0,3,1810,1160,1979,47.3079,-122.341,2630,8062,12.676076274775909
5,2.25,2520,2.0,0,0,4,2520,0,1978,47.4918,-122.064,2780,55321,13.190022025878143
3,1.5,1530,1.0,0,0,3,1530,0,1952,47.7467,-122.295,1800,11407,13.017002861746503
3,1.75,1730,1.5,0,0,4,1730,0,1944,47.3774,-122.236,860,7200,12.33027944898436
3,1.0,1320,1.0,0,0,3,990,330,1953,47.4857,-122.253,1460,10610,12.591335046320818
4,2.5,3730,2.0,0,0,3,3730,0,1990,47.5678,-122.228,3200,16950,14.047019025610112
3,2.5,1600,2.0,0,0,3,1600,0,2002,47.6868,-122.042,1690,3698,12.995665724358371
4,3.25,3570,2.0,0,2,3,3570,0,2006,47.536,-121.857,4100,14577,13.756291198304304
5,2.0,2880,2.0,0,0,3,2880,0,1921,47.5861,-122.295,1720,5000,13.567049198665774
4,2.0,1490,1.0,0,0,4,1490,0,1942,47.712,-122.281,2040,7200,12.92391243868049
3,2.5,1890,1.0,0,0,3,1460,430,1973,47.7426,-122.354,2040,7524,12.996800154428984
3,1.0,1750,2.0,0,0,4,1750,0,1929,47.6792,-122.31,2240,4590,13.47005811976228
5,1.75,2130,1.0,0,0,3,1500,630,1968,47.638,-122.213,3650,19180,14.077874822431765
4,2.5,2700,2.0,0,0,3,2700,0,2004,47.7041,-122.116,2730,5100,13.444446876573442
4,2.5,3140,1.0,0,2,5,1770,1370,1966,47.4904,-122.226,2460,9600,13.267329147654515
3,2.25,1670,1.0,0,0,3,1670,0,2007,47.2743,-122.009,3310,108900,12.959844447906553
2,2.25,1160,2.0,0,0,3,1000,160,2006,47.6207,-122.301,1200,1170,13.112313041550827
3,1.0,1660,1.0,0,0,4,1110,550,1962,47.3311,-122.326,1890,11060,12.419165860990882
5,3.0,2240,1.0,0,0,4,1700,540,1968,47.4416,-122.149,2280,20000,12.723377235393874
4,2.75,2250,2.0,0,0,3,2250,0,1992,47.7353,-121.962,2450,14027,13.120361374733656
3,2.5,1430,1.5,0,0,4,1430,0,1910,47.6601,-122.331,1740,4275,13.487007879880162
4,3.5,3860,2.0,0,0,3,3860,0,2014,47.5934,-121.974,3760,6888,13.710150042306449
4,2.5,2610,1.0,0,0,2,1610,1000,1975,47.5618,-122.176,2250,7407,13.213117740672793
3,2.75,2015,2.0,1,4,3,2015,0,2007,47.45,-122.377,1780,12310,13.80394392159281
2,1.0,1280,1.0,0,0,3,1280,0,1965,47.6339,-122.282,2460,4800,13.38472764187182
3,2.5,2050,2.0,0,0,4,2050,0,1989,47.5279,-122.161,2410,10172,13.279367126213993
3,1.75,2240,2.0,0,0,5,2240,0,1976,47.4638,-122.484,2030,202554,13.217673557208654
5,3.0,2800,2.0,0,0,3,2800,0,2014,47.4969,-122.145,2910,5349,13.369196892483066
3,1.75,1630,1.0,0,0,3,1630,0,1983,47.757,-122.316,1430,8461,12.7868906411162
3,2.0,1870,1.5,0,0,5,1060,810,1927,47.6964,-122.365,1640,6174,13.030248088496522
4,1.0,1120,1.0,0,0,3,1120,0,1971,47.508,-122.358,1120,8636,12.332705296463539
3,2.5,2240,2.0,0,0,3,2240,0,1985,47.265,-122.22,2190,7506,12.675920012567607
3,1.0,1310,1.0,0,0,3,960,350,1962,47.2958,-122.285,1310,9812,11.918390573078392
2,2.0,1870,1.0,0,0,3,1870,0,2006,47.7195,-122.022,1670,4800,13.23560277301084
2,1.0,810,1.0,0,0,4,810,0,1941,47.5337,-122.379,1400,4080,12.691580461311874
2,2.25,1610,2.0,0,0,5,1610,0,1979,47.5184,-122.196,1950,1968,12.628067055589549
5,3.5,2980,2.0,0,0,3,2370,610,2015,47.6782,-122.299,1780,5100,14.066269276311457
4,2.5,1790,1.0,0,2,4,1240,550,1983,47.5344,-122.189,1790,9787,13.235692062711331
4,2.25,2130,2.0,0,2,4,2130,0,1961,47.5672,-122.161,2550,8800,13.594863886848652
2,1.0,820,1.0,0,0,3,820,0,1949,47.7076,-122.284,1810,7200,13.102058624063964
2,1.0,940,1.0,0,0,3,940,0,1960,47.4312,-122.195,1450,15000,12.323855681186558
3,2.25,1820,1.0,0,0,3,1220,600,1977,47.5898,-122.052,2050,15000,13.151922179645874
3,1.75,1180,1.0,0,0,3,1180,0,1981,47.4818,-121.733,1480,14400,13.028052697933088
3,2.25,1270,1.0,0,0,3,990,280,1970,47.6581,-122.396,1920,4000,13.205784985543401
3,1.0,1040,1.0,0,0,3,1040,0,1959,47.4553,-122.274,1510,11100,12.289954129510877
2,1.5,960,1.0,0,0,3,960,0,1910,47.649,-122.403,1550,6000,13.17115354157376
4,3.75,4133,2.0,0,0,3,4133,0,2000,47.7479,-121.972,1970,291416,13.794797516366733
3,1.75,1680,1.0,0,0,4,1680,0,1967,47.6028,-122.167,1880,7770,13.180632285528304
3,1.5,1790,1.5,0,1,3,1790,0,1910,47.5768,-122.403,1960,6047,13.206704525838079
4,3.0,3720,3.0,0,0,3,3720,0,1979,47.5116,-122.144,2020,15180,13.122363377404328
5,2.0,2700,1.0,0,0,4,1540,1160,1962,47.6163,-122.138,2040,7464,13.270783382522602
4,1.75,1630,1.5,0,0,5,1630,0,1943,47.4538,-122.288,1390,8410,12.425208175446844
5,2.0,3930,1.5,0,0,4,3070,860,1968,47.6317,-122.114,2200,8190,13.286181462633724
3,2.5,2540,2.0,0,0,3,2540,0,1999,47.4965,-122.157,2380,6303,12.959844447906553
4,3.25,3160,2.0,0,0,5,2360,800,1965,47.6597,-122.274,2220,4000,14.038654109278484
3,2.5,1890,2.0,0,0,3,1890,0,1986,47.6478,-122.061,2080,9794,13.102160670086809
4,1.75,1760,1.0,0,0,3,880,880,1956,47.6034,-122.125,1680,7500,12.84792653170257
3,1.0,1510,1.0,0,0,3,1510,0,1974,47.3192,-122.287,1330,46609,12.608198852372823
3,1.0,1170,1.0,0,0,3,870,300,1951,47.6584,-122.391,1240,4400,13.060487973686241
4,2.25,2130,2.0,0,0,3,2130,0,2001,47.7237,-121.959,2300,6930,12.871334622600584
3,2.25,2180,2.0,0,0,3,2180,0,1976,47.6723,-122.082,2060,120225,13.38472764187182
3,1.5,1200,1.0,0,0,4,1200,0,1958,47.3137,-122.212,1390,8415,12.180754837545884
4,2.5,2450,2.0,0,0,3,2450,0,1994,47.6323,-121.985,2730,38827,13.337474757021274
5,2.75,1970,1.0,0,0,3,1320,650,1986,47.5868,-122.308,1280,2150,12.899094818276968
2,1.0,1740,1.0,0,0,4,950,790,1924,47.5541,-122.29,1270,3800,12.66032791780777
2,1.0,700,1.0,0,0,3,700,0,1920,47.3882,-122.208,1600,10124,11.931635799828413
3,2.25,1990,2.0,0,0,3,1990,0,1967,47.3822,-122.316,1220,6250,12.100712129872347
2,1.0,670,1.0,0,0,4,670,0,1948,47.5243,-122.358,1480,4720,11.580584113444043
5,2.5,3020,1.0,0,0,4,1510,1510,1978,47.3392,-122.131,1610,16445,12.676076274775909
4,2.5,3160,2.0,0,0,3,3160,0,1983,47.6318,-122.039,2970,10385,13.37700559577791
5,4.0,4720,2.0,0,0,5,3960,760,1975,47.4536,-122.009,2160,219542,13.521139497361697
2,1.0,1240,1.0,0,0,3,1240,0,1962,47.597,-122.059,3050,25545,13.132313708257497
3,2.25,2950,1.0,0,0,4,2070,880,1966,47.5571,-122.216,2950,22000,13.80747838626701
3,2.5,2290,2.0,0,0,3,2290,0,2001,47.5103,-122.382,1600,6180,13.217673557208654
4,2.0,2020,2.0,0,0,3,2020,0,1960,47.6831,-122.329,1910,3120,13.296316684527767
3,2.5,2120,2.0,0,0,3,2120,0,2004,47.681,-122.032,1690,2650,13.262125319779487
4,2.5,2960,2.0,0,0,3,2960,0,2001,47.3646,-122.211,2770,16482,13.065793025915934
2,1.0,910,1.0,0,0,4,910,0,1923,47.5536,-122.377,1450,5000,12.953944725779365
4,2.0,1700,1.0,0,0,3,850,850,1954,47.4758,-122.288,1540,13260,11.9891596439666
3,2.25,1552,2.0,0,0,3,1552,0,2012,47.3205,-122.178,1677,3677,12.483704382128453
5,2.5,2300,2.0,0,0,3,2300,0,1994,47.6403,-121.964,1880,26720,13.071070083016778
3,1.75,1940,1.0,0,0,3,1470,470,1982,47.6632,-122.153,2360,8865,13.353475098367715
4,3.0,3720,1.0,0,0,4,1930,1790,1960,47.5911,-122.177,3160,15300,13.681979165339751
6,4.5,3900,2.0,0,0,3,2870,1030,1979,47.6612,-122.137,2080,9216,13.38472764187182
4,2.5,2960,2.0,0,0,3,2960,0,2006,47.3603,-122.037,2960,5361,12.813117127036707
5,2.5,2130,1.0,0,0,3,1330,800,1968,47.5071,-122.16,1840,7592,12.793859310432293
3,3.0,2390,1.5,0,0,3,2390,0,2008,47.4545,-122.336,1540,26979,13.16062208952142
4,2.5,2920,2.0,0,0,3,2920,0,2004,47.7036,-122.125,3020,7900,13.541073712262515
3,2.25,2390,1.0,0,0,4,1990,400,1970,47.4568,-122.169,1610,7000,12.506177237980511
4,2.5,2340,2.0,0,0,3,2340,0,1987,47.5679,-122.011,2510,9219,13.287877815881902
3,2.0,2360,2.0,0,0,5,2360,0,1964,47.483,-122.164,1650,8625,12.983101310070822
4,3.75,4060,2.0,0,0,3,4060,0,2002,47.6051,-122.053,4020,13250,13.832465998613687
3,1.75,1740,1.0,0,0,5,950,790,1930,47.6816,-122.31,1800,3960,13.504900980868788
2,1.0,2410,2.0,0,0,3,1930,480,2007,47.5657,-122.395,1540,5892,13.493926933836812
4,2.5,2658,2.0,0,0,3,2658,0,2014,47.2603,-122.194,2578,4200,12.927819430584478
4,1.75,1400,1.0,0,0,3,1400,0,1953,47.4735,-122.344,1420,8360,12.736700896592344
4,1.75,2320,1.0,0,0,4,2270,50,1973,47.3644,-122.28,2120,9880,12.672595222939254
3,1.5,3430,1.0,0,2,3,2230,1200,1988,47.4476,-121.723,1660,145926,13.17020070681849
4,2.5,3230,2.0,0,0,3,3230,0,1993,47.6318,-122.01,3230,21780,13.573438996764546
5,2.0,1820,1.0,0,0,4,910,910,1970,47.5547,-122.299,1180,5628,12.881564890851399
3,1.75,1870,1.0,0,0,4,1870,0,1960,47.5505,-122.221,1900,10005,13.60602333309755
4,3.0,3720,1.0,0,0,3,1880,1840,2003,47.6469,-121.897,2560,26372,13.38472764187182
3,3.5,3790,2.0,0,0,3,3790,0,1993,47.5525,-122.098,3620,10989,13.742886100243274
4,2.5,1530,1.0,0,0,3,1020,510,1974,47.7174,-122.236,1650,9794,13.008074231002201
3,2.5,2200,2.0,0,0,3,2200,0,2000,47.5319,-121.867,2400,5431,13.17115354157376
4,2.25,2080,1.0,0,0,4,1220,860,1979,47.6259,-122.051,2110,12459,12.999065161059836
2,1.0,730,1.0,0,1,3,730,0,1934,47.35,-122.322,1220,4382,12.287652632522597
4,1.0,1870,1.5,0,0,3,1090,780,1928,47.5274,-122.281,1650,6045,12.345834587905333
5,2.5,3361,2.0,0,0,3,3361,0,2006,47.3427,-122.169,3112,6920,13.144124869185841
3,3.0,2060,2.0,0,0,3,2060,0,1907,47.637,-122.324,1760,2669,13.592367006650065
3,1.0,1440,1.0,0,0,4,1440,0,1957,47.5872,-122.241,2540,12092,13.311329476916953
4,3.5,3810,1.0,0,1,3,2560,1250,2013,47.5134,-122.2,3230,9311,13.641038116113718
3,1.0,1280,1.5,0,0,4,1280,0,1947,47.7467,-122.319,1120,8184,12.624782980388359
3,2.0,1880,1.0,0,0,3,1180,700,1951,47.7497,-122.284,1780,9659,13.071070083016778
3,1.5,1520,1.0,0,0,4,1000,520,1955,47.5659,-122.141,1520,9830,13.017002861746503
2,1.5,1040,1.0,0,0,4,870,170,1965,47.4222,-122.443,1760,75794,12.644327576461329
5,2.0,2050,1.5,0,0,3,1470,580,1912,47.6864,-122.352,1560,4500,13.351886535682578
4,2.5,1620,2.0,0,0,4,1620,0,1983,47.6255,-122.059,1480,8120,13.142166004700508
3,1.75,1820,1.0,0,0,3,1250,570,1977,47.6441,-121.96,2030,22320,12.948009990259552
4,1.0,2210,2.0,0,0,3,2210,0,1901,47.6105,-122.309,1740,1745,13.286181462633724
5,2.25,2340,1.0,0,0,3,1170,1170,1951,47.448,-122.28,1650,10125,12.396693005138824
5,2.0,2330,1.0,0,0,4,1190,1140,1962,47.7325,-122.245,1830,10180,12.871334622600584
3,2.5,2930,2.0,0,0,3,2930,0,2008,47.5151,-121.883,2760,5765,13.386080572402278
3,3.5,2300,1.0,0,0,3,2300,0,2004,47.7122,-122.026,2170,5926,13.422467969854667
3,2.5,1800,2.0,0,0,3,1800,0,2011,47.5458,-122.369,1380,1200,12.800779753276867
5,1.75,1550,1.0,0,0,3,1100,450,1961,47.7573,-122.22,1420,9823,12.911642346088676
5,3.5,3620,2.0,0,2,3,2790,830,1958,47.5738,-122.215,2690,9757,14.214286677921642
3,1.25,1230,1.5,0,0,4,1230,0,1913,47.5301,-122.271,1310,5000,12.524526376648708
4,2.5,3050,1.0,0,0,4,1550,1500,1983,47.3626,-122.209,2350,15390,13.049792684569493
4,3.0,4500,2.0,0,2,3,3040,1460,1980,47.5581,-122.213,3540,20473,13.676248490630767
2,2.0,1210,2.0,0,0,3,780,430,2014,47.6206,-122.3,1480,1171,13.321214236149494
4,2.25,2800,1.0,0,0,3,1680,1120,1977,47.7448,-122.177,2260,9800,13.102160670086809
4,1.0,1280,1.0,0,0,3,1280,0,1950,47.4989,-122.302,1310,7830,12.384218830913648
4,1.75,3220,1.0,0,0,4,2010,1210,1959,47.7719,-122.361,1660,8363,13.091904169919621
3,1.0,1990,1.0,0,0,3,1140,850,1946,47.4778,-122.288,1160,10236,12.365424063756604
4,2.75,3160,2.0,0,0,3,3160,0,1995,47.6367,-121.958,1890,24000,13.89061803045108
2,1.0,1500,1.0,0,0,3,1190,310,1926,47.7186,-122.354,1420,6561,13.253391639810733
2,2.0,1440,1.0,0,0,3,870,570,1952,47.5513,-122.264,2020,7642,12.959844447906553
2,2.5,1830,1.0,0,0,5,930,900,1946,47.701,-122.305,1260,6960,13.038981768465277
2,1.0,840,1.0,0,0,4,840,0,1908,47.6803,-122.371,1240,5000,13.033532163697712
3,3.0,3790,2.0,0,0,3,2810,980,1989,47.6035,-122.285,2500,6286,13.968231644981937
5,4.0,6300,2.0,0,1,3,4360,1940,2004,47.5922,-122.207,3260,17287,14.827111469642754
4,2.5,2490,2.0,0,0,3,2490,0,2014,47.7043,-122.114,2970,5450,13.565744501764955
3,3.5,2880,1.0,0,0,3,1690,1190,1980,47.6113,-122.058,2530,11340,13.830399170458024
3,2.25,1830,1.0,0,0,3,1350,480,1989,47.6336,-122.025,1920,8276,13.27594246533263
3,2.0,1440,1.0,0,0,3,850,590,2008,47.5655,-122.36,1170,5000,12.84792653170257
2,1.75,2320,1.5,0,2,3,1720,600,1925,47.586,-122.292,2380,5000,13.458835614025542
4,2.5,2230,2.0,0,0,3,2230,0,2011,47.5073,-122.168,1590,7241,12.994530005894443
4,2.5,2390,2.0,0,0,3,2150,240,1924,47.6272,-122.318,2800,5250,13.997832114758229
5,2.5,3001,2.0,0,0,3,3001,0,2006,47.3727,-122.177,2340,5980,12.829333698625952
3,2.0,1870,1.0,0,0,3,1120,750,1913,47.5371,-122.393,1870,1872,12.736700896592344
4,2.5,2290,2.0,0,0,3,2290,0,1985,47.6353,-122.124,2150,10186,13.38472764187182
4,2.5,1700,2.0,0,0,3,1700,0,2000,47.3303,-122.268,1700,4488,12.409013489526863
4,2.5,2750,1.0,0,3,4,1380,1370,1948,47.4938,-122.364,2460,13950,13.493926933836812
3,2.0,2250,1.0,0,0,4,1500,750,1964,47.5762,-122.217,2820,13813,13.345186877507613
3,2.25,1420,2.0,0,0,3,940,480,2009,47.5703,-122.288,1400,1230,12.959844447906553
4,2.5,2170,1.0,0,0,3,1460,710,1980,47.6789,-122.116,1940,8400,13.217673557208654
3,1.75,2140,1.0,0,0,5,1490,650,1950,47.4296,-122.111,2220,35371,13.13626628257332
3,1.0,1430,1.0,0,0,3,980,450,1947,47.6873,-122.336,1450,4599,13.144124869185841
3,1.75,1940,1.0,0,0,3,1940,0,1991,47.4214,-122.02,2060,108900,13.16158409055761
3,1.75,1470,1.0,0,0,3,1030,440,1984,47.7325,-122.337,1100,5250,13.03789422077788
3,1.0,980,1.0,0,0,4,980,0,1950,47.5718,-122.395,1180,6572,12.971540487669746
3,1.0,1400,1.0,0,0,3,1400,0,1944,47.4798,-122.343,1070,7410,12.4130868149145
4,2.75,2450,2.0,0,0,4,2450,0,1988,47.5261,-122.162,2330,14803,13.336538835312188
3,1.0,990,1.0,0,0,4,990,0,1959,47.293,-122.215,1060,10364,12.240474072247506
3,1.0,1390,1.0,0,0,3,1390,0,1954,47.4977,-122.175,1170,6000,12.345834587905333
3,2.5,2540,2.0,0,0,3,2540,0,2011,47.5492,-122.276,1800,4097,13.102058624063964
4,1.75,1990,1.0,0,0,4,1850,140,1968,47.5434,-122.166,2090,12850,13.170010030871682
3,1.75,2050,2.0,0,0,3,2050,0,1991,47.6698,-122.325,1890,4080,13.579788224443204
3,2.25,1210,3.0,0,0,3,1210,0,2014,47.6722,-122.384,1780,5000,13.16158409055761
3,2.5,2120,2.0,0,0,4,2120,0,1984,47.5477,-122.141,2290,11524,13.485616636703183
4,2.25,1780,2.0,0,0,4,1780,0,1964,47.762,-122.11,2070,37680,12.886641043883259
3,1.0,1150,1.0,0,0,4,1150,0,1957,47.5321,-122.029,1760,7121,12.388394202324129
2,1.0,1160,1.0,0,0,5,740,420,1942,47.5304,-122.38,1160,5076,12.959844447906553
3,1.5,1550,1.0,0,0,3,1330,220,1980,47.5536,-122.286,1150,5150,12.863592648446968
1,2.25,2140,1.0,0,0,3,1470,670,1976,47.7352,-122.17,1980,8400,13.034624463096321
3,1.75,1640,1.0,0,0,4,930,710,1926,47.6694,-122.3,1380,3750,13.133105473936231
2,2.5,1500,2.0,0,0,3,1140,360,2014,47.6689,-122.363,1550,1519,13.180537941455402
3,2.0,1960,1.0,0,2,5,1650,310,1957,47.4419,-122.34,1960,10518,12.90669184092882
4,2.25,1790,1.0,0,0,3,1170,620,1983,47.4819,-121.744,2060,50094,13.110290796170059
3,2.25,1500,2.0,0,0,3,1500,0,1986,47.7159,-122.203,1470,2418,12.89921982609012
3,2.0,1410,1.5,0,0,4,1410,0,1900,47.5541,-122.317,1660,4326,12.936033799212835
2,1.0,840,1.0,0,0,3,840,0,1955,47.5247,-122.391,1630,5510,12.89921982609012
2,2.0,1680,1.0,0,0,3,1680,0,2004,47.7136,-122.03,1900,5850,13.262125319779487
3,1.5,2240,1.0,0,0,3,1220,1020,1952,47.6624,-122.336,1570,3400,13.317930160948304
3,1.75,2145,1.5,0,0,5,2145,0,1910,47.6875,-122.357,1140,3840,13.506264307596652
3,1.75,1140,1.0,0,0,4,1140,0,1968,47.3063,-122.27,1370,9800,12.235631447771718
3,2.0,1670,1.0,0,0,3,1670,0,2014,47.1948,-121.975,1670,4622,12.455675053584864
3,1.75,1350,1.0,0,0,3,1350,0,1987,47.4487,-121.773,1370,9500,12.627903107724602
4,3.5,2100,2.0,0,0,5,2100,0,2005,47.7076,-122.356,1250,7560,13.541007920624608
4,2.5,1940,1.0,0,0,4,1140,800,1976,47.683,-122.114,2200,10500,13.217673557208654
3,2.0,1430,1.0,0,0,4,830,600,1908,47.6462,-122.384,1540,5000,12.751299696013497
2,1.0,1500,1.0,0,0,3,1500,0,1947,47.5027,-122.348,1130,8015,12.367340793126296
3,2.5,3820,2.0,0,0,4,3820,0,1987,47.6496,-122.041,3010,35190,13.560618308335483
3,2.25,1670,1.5,0,3,3,1670,0,1903,47.6356,-122.367,2300,4800,13.835313185260453
4,3.5,3160,2.0,0,4,3,2180,980,1999,47.5963,-122.292,2180,5200,13.944343429807242
4,2.5,3230,2.0,0,0,3,3230,0,2004,47.6874,-122.161,3220,5083,13.547631112808673
3,2.5,1460,2.0,0,0,3,1180,280,2007,47.6781,-122.375,1460,1403,13.206704525838079
3,1.5,1390,1.0,0,0,3,1390,0,1922,47.5603,-121.894,1440,45302,12.524526376648708
3,2.5,2330,2.0,0,0,3,2330,0,2003,47.5622,-122.392,1980,5265,13.345506928718539
4,1.5,1380,1.0,0,0,3,1080,300,1928,47.7093,-122.306,1770,7503,13.075271769870477
2,1.0,900,1.0,0,0,5,900,0,1938,47.2113,-121.992,1320,6400,12.233201312918426
2,1.0,1300,1.0,0,0,4,1300,0,1955,47.7281,-122.233,1600,9259,12.959844447906553
3,1.75,1380,1.0,0,0,2,930,450,1950,47.6841,-122.293,1320,4692,12.765688433465597
5,2.0,2140,1.5,0,0,4,2020,120,1913,47.6044,-122.299,1810,4400,13.42984807715229
3,2.5,1320,2.0,0,0,3,1320,0,2005,47.5328,-122.282,1390,1725,12.611371073081239
4,1.75,2060,1.5,0,0,3,1460,600,1922,47.6698,-122.325,1620,4080,13.239257128875828
3,1.0,960,1.0,0,0,5,960,0,1982,47.1951,-122.001,1080,8610,12.292250341771226
4,2.25,1930,1.0,0,0,3,1930,0,1968,47.7026,-122.285,2280,7616,13.281075068559149
4,1.0,1200,1.5,0,0,3,1200,0,1923,47.5307,-122.352,950,4000,12.301382825334498
3,1.0,760,1.0,0,0,2,760,0,1903,47.5513,-122.275,1020,5356,12.028738630247258
3,1.0,960,1.0,0,0,3,960,0,1922,47.5259,-121.815,1600,9958,12.487485104968359
2,2.5,1278,2.0,0,0,3,1002,276,2007,47.5532,-122.381,1220,1287,12.788288265382837
3,1.0,1020,1.0,0,0,4,1020,0,1954,47.7503,-122.348,1170,8188,12.721885810807203
4,3.25,3450,2.0,0,0,3,3450,0,2008,47.4925,-122.273,1420,5000,13.005829561148378
2,1.5,1280,2.0,0,0,3,1200,80,1998,47.6741,-122.375,1390,1256,12.953352834670046
1,1.5,1180,2.0,0,0,3,1070,110,2007,47.549,-122.372,1380,2059,12.429216196844383
3,2.5,1600,2.0,0,0,4,1600,0,1992,47.4034,-122.187,1720,3605,12.409013489526863
5,3.5,5000,2.0,0,3,3,3410,1590,2008,47.5665,-122.21,3360,17398,14.363631966473962
4,2.5,3070,2.0,0,0,3,3070,0,2009,47.669,-122.172,2190,9218,13.664687668229691
2,1.0,790,1.0,0,0,3,790,0,1932,47.7634,-122.284,2350,10102,12.706847933442663
4,2.5,3160,1.0,0,3,3,1580,1580,1959,47.5037,-122.24,1990,7090,13.021658673282696
3,1.75,1410,1.0,0,0,4,1410,0,1950,47.5974,-122.195,1880,15120,13.541073712262515
3,3.0,2540,1.0,0,0,3,1580,960,1978,47.754,-122.144,2270,16000,13.071070083016778
3,2.75,3280,1.0,0,2,4,2040,1240,1979,47.5606,-122.133,3150,9998,13.737549016494562
2,2.25,2550,2.0,0,0,5,1860,690,1902,47.6739,-122.323,2010,4000,13.399995114002609
2,1.0,840,1.0,0,0,4,840,0,1909,47.6842,-122.365,1390,3860,12.798017320580957
3,2.25,1740,1.0,0,0,5,1740,0,1969,47.5138,-122.173,2100,9536,12.959844447906553
4,2.5,2080,1.0,0,0,4,1400,680,1989,47.4252,-122.163,2090,7082,12.706847933442663
4,2.25,2360,1.0,0,0,3,2360,0,1977,47.6307,-122.051,2650,11798,13.329377546788654
3,2.0,1470,1.0,0,0,3,1470,0,1987,47.3878,-122.316,1530,7721,12.542544882151386
4,2.25,2130,1.0,0,0,5,1330,800,1965,47.629,-122.117,1310,7896,13.188151117942333
3,2.25,1620,2.5,0,0,3,1540,80,2010,47.5401,-122.027,1620,1299,12.936033799212835
2,1.0,1260,1.0,0,0,4,1260,0,1939,47.6501,-122.409,1830,5800,13.401509118833824
3,2.25,1870,2.0,0,0,3,1870,0,1997,47.4915,-122.167,1620,3363,12.572103684392932
4,1.0,1590,1.5,0,0,3,1140,450,1942,47.4906,-122.309,1000,16228,12.581078546153629
3,2.0,1360,2.0,0,0,3,1360,0,1989,47.6943,-122.307,1360,3120,12.891439638771157
4,2.75,3730,2.0,0,0,3,3730,0,2012,47.6036,-122.059,3670,8279,13.737549016494562
2,2.0,840,1.5,0,0,5,840,0,1942,47.5499,-122.36,1430,7920,12.63947712232758
3,1.5,1370,1.0,0,0,4,1370,0,1963,47.4499,-122.189,2350,3370,12.031719258385396
6,2.75,2410,1.0,0,0,5,1310,1100,1957,47.4429,-122.282,1310,10746,12.676076274775909
5,2.5,2600,2.0,0,0,3,2600,0,2005,47.4325,-122.146,2330,4589,12.66349749256905
2,1.75,1160,1.0,0,0,3,860,300,1941,47.6937,-122.298,1250,6828,13.035715570678656
3,2.0,1980,1.0,0,0,4,1380,600,1958,47.6921,-122.283,1260,6000,13.3645249345543
5,2.5,2010,1.5,0,0,3,1510,500,1912,47.6522,-122.366,1780,3600,13.071070083016778
2,1.75,1240,1.0,0,0,5,1240,0,1924,47.5439,-122.379,1800,6417,13.062613372998555
3,2.0,2070,1.0,0,0,4,1450,620,1969,47.3085,-122.376,1630,7885,12.445089546000673
4,1.5,1780,1.0,0,0,3,1320,460,1953,47.6944,-122.288,1880,5100,13.270783382522602
4,2.75,3330,2.0,0,0,4,3330,0,1995,47.6821,-122.19,2390,9143,13.906264921232738
4,2.5,1890,2.0,0,0,3,1890,0,2006,47.5415,-121.883,2060,5395,12.87004844878984
4,2.5,3140,2.0,0,0,3,3140,0,1991,47.3091,-122.343,3000,8060,12.873773804758644
4,2.75,2500,2.0,0,0,3,2500,0,1966,47.5293,-122.287,1660,5970,12.926348493478372
4,2.5,2640,2.0,0,0,3,2640,0,2003,47.3505,-122.027,2640,6383,12.793859310432293
3,1.75,1820,1.0,0,0,4,1820,0,1966,47.6243,-122.094,2670,10000,13.199231821660906
2,1.0,720,1.0,0,0,2,720,0,1951,47.7259,-122.29,1480,7280,12.732279371334467
3,1.75,1080,1.0,0,0,4,880,200,1926,47.6503,-122.338,1780,5200,13.5985975564007
2,1.0,1120,1.0,0,0,3,1120,0,1944,47.4979,-122.241,1270,6875,12.468436909997665
4,2.5,2300,1.0,0,0,4,2300,0,1955,47.4793,-121.776,1460,19250,13.017002861746503
4,2.5,1910,2.0,0,0,3,1910,0,1987,47.5644,-122.092,1980,8485,13.337474757021274
2,1.0,1170,1.0,0,0,4,970,200,1941,47.6994,-122.354,2130,6002,13.028052697933088
3,1.75,2080,2.0,0,0,4,1540,540,1984,47.7056,-122.162,2080,12107,12.987230703412832
2,1.0,2160,1.0,0,0,5,1170,990,1925,47.6364,-122.371,1150,2152,13.345506928718539
4,2.5,3060,2.0,0,0,3,3060,0,2005,47.5521,-121.989,2930,4800,13.531820506782031
4,1.75,2120,2.0,0,0,3,2120,0,1971,47.457,-122.346,1820,7620,12.894081648233996
4,2.5,2680,2.0,0,0,3,2680,0,2004,47.7377,-121.97,2330,5566,13.120361374733656
3,2.0,1380,1.0,0,0,3,750,630,1986,47.6753,-122.363,1630,3800,12.983101310070822
3,2.75,1320,1.0,0,0,3,880,440,1995,47.365,-122.184,1490,8351,12.254862809699606
4,2.75,3190,2.0,0,0,3,3190,0,2005,47.5898,-121.989,3159,5615,13.527828485512494
5,3.25,2920,2.0,0,1,3,2120,800,1953,47.6712,-122.272,2470,6735,14.247292974389811
4,2.25,2570,2.0,0,0,3,2570,0,1980,47.764,-122.167,1950,9600,12.992254692057308
3,3.5,4070,2.0,0,0,3,4070,0,1991,47.659,-122.174,3770,26000,14.207552645740298
4,2.5,3200,1.5,0,1,5,1860,1340,1948,47.6826,-122.274,2500,6500,13.984409094426088
5,2.75,2790,1.0,0,0,3,1680,1110,1959,47.6948,-122.282,2380,10465,13.641157170819497
3,1.5,1230,1.0,0,0,3,1230,0,1962,47.4202,-122.331,1260,7800,12.506177237980511
4,3.75,2130,1.5,1,4,3,2130,0,1955,47.5489,-122.398,3030,28598,14.107433624673309
2,1.5,1100,2.0,0,0,3,900,200,2007,47.5538,-122.282,1340,1380,12.745485726148077
2,1.75,1950,1.0,0,3,4,1160,790,1952,47.4504,-122.377,1780,11721,13.413539339110365
2,2.5,1410,2.0,0,0,3,1090,320,2008,47.5659,-122.37,1410,2550,12.89921982609012
3,2.0,2110,1.0,0,0,5,1080,1030,1919,47.5521,-122.271,1170,5107,13.154249566266651
5,2.5,2820,1.0,0,0,4,1550,1270,1968,47.5707,-122.128,2820,9375,13.17628321939376
5,2.75,2990,2.0,0,0,3,2990,0,1996,47.4944,-122.162,2290,7678,13.11935886838403
4,1.75,2330,1.0,0,0,4,2330,0,1968,47.4568,-122.146,2180,9630,12.873902018105829
5,2.75,3050,1.0,0,0,4,1800,1250,1966,47.7249,-122.187,2060,7848,13.157440904017024
3,2.25,1640,2.0,0,0,3,1240,400,1983,47.5686,-122.286,1500,3960,12.873902018105829
5,3.5,3480,2.0,0,2,3,2890,590,2004,47.2641,-122.215,3400,9870,13.081541382884074
4,4.5,4020,2.0,0,0,3,4020,0,2007,47.6358,-122.207,1960,9520,14.45631125815201
4,1.0,2180,1.5,0,0,3,2180,0,1950,47.7522,-122.307,1360,9519,12.791077667470416
3,1.0,1500,1.0,0,0,4,1500,0,1953,47.7281,-122.311,1230,6240,12.973863369085885
3,2.5,2620,2.0,0,0,3,2620,0,1992,47.6384,-121.959,2570,23650,13.418013619505286
4,3.25,4830,2.0,1,4,4,4830,0,1990,47.6409,-122.241,3820,25582,15.107741461798254
3,3.25,1300,2.0,0,0,3,1080,220,2005,47.6584,-122.346,1290,1323,13.199139216206378
3,1.5,1380,1.0,0,0,3,1080,300,1948,47.5292,-122.348,1220,7200,12.962194625251508
3,1.75,2080,1.0,0,0,3,1370,710,1960,47.5846,-122.168,1870,8944,13.367190139549681
4,2.0,1980,2.0,0,0,3,1980,0,1938,47.7553,-122.092,2300,24640,13.398478813484644
2,1.0,750,1.0,0,0,3,750,0,1919,47.5324,-122.272,1030,5511,12.644327576461329
4,1.0,1940,1.0,0,0,3,1080,860,1962,47.4139,-122.208,1940,8839,12.487485104968359
4,2.75,3390,1.0,0,0,4,1970,1420,1961,47.3954,-122.184,2530,8495,12.765688433465597
3,3.0,2400,2.0,0,0,3,1860,540,1905,47.6288,-122.321,1750,3940,13.655341805811453
3,1.75,1870,1.0,0,0,4,1870,0,1957,47.3358,-122.32,1950,12667,12.658739355122632
3,2.5,1930,2.0,0,0,4,1930,0,1990,47.5694,-122.001,2190,5085,13.18740177358355
4,1.75,1440,1.0,0,0,4,1440,0,1961,47.6775,-122.18,1720,9748,13.065793025915934
3,1.0,1270,1.0,0,0,3,1270,0,1955,47.445,-122.276,1660,11536,12.388394202324129
2,2.0,1570,1.0,0,0,3,1570,0,2006,47.709,-122.017,2165,6262,13.291852955382906
4,2.25,2850,2.0,0,0,3,2850,0,1991,47.7439,-122.174,2700,8468,13.199324418540456
4,3.0,2580,2.0,0,0,3,2580,0,1999,47.4286,-122.185,2010,5600,12.821258284620408
3,1.0,1290,1.5,0,0,3,1290,0,1908,47.3719,-122.461,1620,12415,12.611537753638338
4,2.5,3280,1.0,0,0,3,2190,1090,1972,47.426,-122.285,1570,13209,13.467370516475379
3,2.0,1340,2.0,0,0,3,1340,0,1994,47.4498,-122.194,1290,4892,12.437184366493561
5,2.25,2940,1.0,0,0,3,1700,1240,1977,47.7653,-122.077,2620,38300,13.176851562688398
3,1.5,1350,1.0,0,0,4,1350,0,1968,47.3786,-122.219,1900,7827,12.468244583811861
3,1.0,1110,1.0,0,0,3,1110,0,1962,47.5035,-122.36,1200,8094,12.254862809699606
4,1.0,1410,1.5,0,0,3,1410,0,1963,47.3767,-122.287,1540,7000,12.323855681186558
4,3.0,4120,2.0,0,0,3,4120,0,2005,47.5985,-122.026,4390,14684,14.077874822431765
4,1.0,1470,1.5,0,0,3,1470,0,1918,47.6458,-122.306,2160,5450,13.458835614025542
3,2.25,2370,2.0,0,0,3,2370,0,1979,47.6364,-121.984,3100,86248,13.282780098810234
4,2.75,2640,1.0,0,0,3,1620,1020,1967,47.3135,-122.369,1980,7875,12.676076274775909
2,0.75,1040,1.0,0,0,3,930,110,1909,47.6489,-122.372,1700,4800,13.217673557208654
4,2.25,2520,1.0,0,2,3,1680,840,1970,47.3202,-122.383,2300,8000,12.936033799212835
3,3.25,4560,1.0,0,4,3,2760,1800,1995,47.6205,-122.214,4060,13362,14.978661367769956
3,2.5,1440,2.0,0,0,3,1440,0,2006,47.511,-122.359,1440,5000,12.468436909997665
4,3.0,2460,1.0,0,0,5,1700,760,1947,47.7106,-122.285,1470,7727,13.253391639810733
3,1.0,1200,1.5,0,0,2,1200,0,1918,47.5209,-122.28,1380,8068,12.206072645530174
5,1.75,2110,1.0,0,0,3,1100,1010,1962,47.7737,-122.35,2020,8500,12.611537753638338
4,2.5,2110,1.0,0,2,3,2110,0,1968,47.567,-122.151,2230,10100,13.7963277385475
3,2.0,1480,2.0,0,0,3,1480,0,1991,47.6969,-122.338,1850,5000,12.779873068457553
2,1.0,820,1.0,0,0,3,820,0,1945,47.7321,-122.341,1030,5720,12.409013489526863
4,3.25,4160,2.0,0,0,3,4160,0,1995,47.7266,-122.115,3400,40428,13.85952744338105
3,2.5,2300,2.0,0,2,3,2300,0,1997,47.6842,-122.155,2300,8187,13.510343171171474
4,2.25,1820,1.0,0,0,5,1340,480,1977,47.7415,-122.096,1270,12800,13.049792684569493
4,3.75,3730,2.0,0,3,4,2820,910,1986,47.5355,-122.242,3880,15550,14.262980960217469
4,2.5,2710,2.0,0,0,3,2710,0,1997,47.434,-122.109,2710,7635,13.028052697933088
2,1.75,1150,2.0,0,0,3,1150,0,2013,47.5323,-122.071,1150,757,12.754483029623435
4,2.5,2780,2.0,0,0,3,2780,0,2001,47.5989,-122.039,2510,4200,13.37700559577791
4,2.5,3010,2.0,0,0,3,3010,0,2001,47.5213,-122.193,2860,6435,13.329377546788654
4,3.0,3040,1.5,0,0,3,2680,360,1923,47.6093,-122.07,3520,13178,13.676248490630767
3,2.5,1970,1.0,0,4,3,1970,0,1985,47.2498,-122.003,2910,101494,13.304601597392535
4,3.25,3860,1.0,0,4,4,2630,1230,1975,47.6224,-122.215,4590,23760,14.573977204644862
2,2.25,1560,2.0,0,0,3,1270,290,2006,47.5482,-122.374,1560,1758,12.757080058928997
4,3.25,3270,2.0,0,0,3,3270,0,2001,47.6346,-122.063,3270,6546,13.635187003832993
3,2.0,2930,2.0,0,0,3,2240,690,1990,47.3102,-122.042,2110,29362,13.038981768465277
2,1.0,1270,1.0,0,0,3,1100,170,1900,47.6771,-122.328,1670,3900,13.322852238153732
3,2.5,1470,3.0,0,0,3,1470,0,2006,47.6998,-122.366,1460,1245,12.9190224533863
4,2.5,2130,2.0,0,0,3,2130,0,2014,47.5108,-122.362,1830,7217,12.8790171187726
3,1.5,1830,1.5,0,0,4,1830,0,1930,47.2057,-122.003,1520,12233,12.26434155365415
3,2.0,2080,1.0,0,0,4,1250,830,1981,47.3733,-122.432,1530,10089,12.871334622600584
2,1.0,1360,1.0,0,0,3,1360,0,1932,47.7101,-122.226,2830,12600,13.16158409055761
4,2.5,2620,2.0,0,0,3,2620,0,1996,47.5301,-122.18,2620,11884,13.312983737012978
4,2.5,3020,2.0,0,0,3,3020,0,2006,47.773,-122.16,3240,5757,13.326935543133104
4,1.75,1814,1.0,0,0,4,944,870,1951,47.684,-122.281,1290,5000,13.180632285528304
4,4.5,5670,2.0,0,2,3,5670,0,2008,47.323,-122.044,4100,83729,13.748301808270824
3,1.0,1120,1.0,0,0,4,1120,0,1972,47.7143,-122.211,1340,7302,12.745485726148077
5,2.25,2530,2.0,0,0,4,2530,0,1961,47.6117,-122.134,2020,8250,13.175904144332359
2,1.0,950,1.0,0,0,3,950,0,1949,47.5653,-122.37,1360,2550,12.971540487669746
4,2.5,2570,1.0,0,2,3,1710,860,1961,47.5483,-122.261,2050,7500,13.530491602931978
3,2.5,2830,2.0,0,0,3,2830,0,1989,47.7462,-122.172,2710,6954,13.313809841975283
2,1.0,1170,1.5,0,0,4,1170,0,1905,47.6574,-122.345,1660,4996,13.240146413060712
3,3.5,1790,3.0,0,0,3,1390,400,2000,47.651,-122.384,1560,1426,13.017002861746503
4,4.25,2360,2.0,0,0,4,2360,0,1939,47.2843,-122.294,2037,35733,13.287877815881902
3,2.25,2380,1.0,0,0,4,1450,930,1972,47.5371,-122.218,2750,11491,13.592367006650065
4,2.0,2100,1.0,0,0,4,2100,0,1958,47.6115,-122.124,1280,9102,13.214030565930152
3,2.75,2080,1.0,0,0,3,2080,0,1988,47.7698,-122.238,2220,9600,12.936033799212835
3,2.5,1800,2.0,0,0,3,1800,0,2011,47.5436,-122.369,1800,2380,12.876462838967504
2,2.0,1440,2.0,0,0,3,960,480,2004,47.5592,-122.385,1440,1350,12.983101310070822
2,1.0,820,1.0,0,0,5,820,0,1942,47.4915,-122.184,1000,5700,12.245293358683455
3,2.25,2120,2.0,0,0,3,2120,0,2002,47.3364,-122.17,2420,3400,12.575910575995186
2,1.0,630,1.0,0,0,3,630,0,1943,47.4973,-122.221,1470,6840,12.154779351142624
3,2.25,2680,1.0,0,1,3,1540,1140,1963,47.561,-122.398,2140,7560,13.488394416267086
5,2.0,1870,1.0,0,0,4,1120,750,1969,47.5243,-122.042,1860,13970,13.028052697933088
3,1.75,1390,2.0,0,0,3,1390,0,1979,47.4429,-121.771,1430,10725,12.577636201962656
3,2.25,1520,3.0,0,0,3,1520,0,2013,47.674,-122.377,1550,4750,13.244581010128577
4,1.75,2150,1.0,0,0,4,2150,0,1955,47.5828,-122.197,2370,9148,13.592367006650065
3,1.0,1300,1.0,0,0,4,1300,0,1958,47.611,-122.122,1570,9075,12.936033799212835
3,2.75,2840,1.0,0,0,3,2200,640,1988,47.3076,-122.101,2840,39413,13.017002861746503
3,2.5,2700,2.0,0,0,3,2700,0,2014,47.5618,-122.027,3270,14700,13.561778924882042
3,2.75,3610,1.5,1,3,3,3130,480,1918,47.3351,-122.362,2630,42126,12.959844447906553
2,1.0,1320,1.0,0,0,3,940,380,1919,47.5693,-122.296,1970,7587,12.449018824140563
3,1.75,1660,1.0,0,0,3,1380,280,1974,47.4366,-122.171,1740,8320,12.54236629477704
4,3.5,3820,2.0,0,0,3,3280,540,1990,47.6005,-122.199,3340,9700,14.03062193758122
3,1.5,1370,1.0,0,0,3,1080,290,1958,47.4167,-122.322,1400,7500,12.220961258023925
4,2.75,3020,2.0,0,0,3,3020,0,1976,47.5866,-122.201,3060,14303,13.985253332551368
5,3.0,2440,1.0,0,0,3,1450,990,2006,47.5485,-122.302,1420,5940,13.112313041550827
3,1.0,1480,1.0,0,0,4,1380,100,1942,47.4949,-122.327,1500,22600,12.577636201962656
4,2.75,2500,1.5,0,0,4,1420,1080,1907,47.523,-122.332,1430,5100,12.674512552799726
4,1.75,2520,1.0,0,0,4,1320,1200,1956,47.7604,-122.356,1660,8775,12.959844447906553
2,1.0,760,1.0,0,0,4,760,0,1950,47.5466,-122.304,1640,4500,12.487485104968359
3,2.5,1410,2.0,0,0,3,1410,0,2006,47.5132,-122.358,1290,5190,12.487485104968359
3,1.0,1010,1.5,0,0,3,1010,0,1904,47.5657,-122.285,1330,4590,12.751299696013497
4,2.5,3480,1.5,0,0,4,3480,0,1984,47.6404,-122.171,3960,16855,13.989463865087712
3,2.0,1280,1.0,0,0,3,1280,0,1991,47.3883,-122.05,1450,6783,12.542544882151386
3,2.25,2000,1.0,0,0,3,1400,600,1979,47.4798,-122.228,2040,6949,12.611537753638338
4,3.5,4420,2.0,0,0,3,3350,1070,2004,47.5327,-121.86,3440,7851,13.500799813124575
3,2.5,1750,2.0,0,0,3,1750,0,2013,47.3597,-122.045,1810,4090,12.65075846679162
3,1.0,1510,1.0,0,0,4,860,650,1940,47.6966,-122.324,1510,5712,12.656989016542255
3,2.75,2340,1.0,0,0,4,2340,0,1954,47.632,-122.289,3480,8526,14.26531147989249
4,1.75,1700,1.0,0,0,3,1700,0,1967,47.7308,-122.18,1930,7818,12.955127458028414
5,2.5,3090,1.0,0,0,3,2990,100,1957,47.7709,-122.212,2560,18773,13.034624463096321
4,2.5,1940,2.0,0,0,3,1940,0,1992,47.3877,-122.171,1940,7265,12.649154617209645
2,1.5,1140,2.0,0,0,3,1140,0,1988,47.5707,-122.018,1150,2981,12.628067055589549
3,1.0,1200,1.0,0,0,5,1200,0,1975,47.3156,-122.128,1200,9800,11.893414587008216
2,1.75,1350,1.0,0,0,3,1350,0,2004,47.7171,-122.033,1440,4839,13.028052697933088
3,1.75,2430,1.0,0,2,3,1630,800,1977,47.4972,-122.233,2390,10050,13.122163357401663
4,3.5,3640,2.0,0,0,3,3640,0,2014,47.7049,-122.125,3590,6104,13.7525707581904
3,2.0,1600,1.0,0,0,4,1600,0,1979,47.6977,-122.126,1600,7200,13.038981768465277
3,2.5,2850,2.0,0,0,3,2850,0,1997,47.2848,-122.345,2850,9435,12.80761975531185
3,1.75,2160,1.5,0,0,4,1260,900,1928,47.5729,-122.315,1590,3000,12.86099861326992
4,2.0,1690,1.5,0,0,3,1550,140,1901,47.6637,-122.346,1620,3250,13.096532617369807
3,2.25,1490,2.0,0,0,3,1220,270,2010,47.5569,-122.363,1490,1283,12.641096555879882
2,1.0,800,1.0,0,0,3,800,0,1906,47.6751,-122.372,1410,5000,12.983101310070822
4,3.25,4110,2.0,0,2,3,4110,0,1995,47.5493,-122.117,4190,14973,13.748301808270824
3,2.5,1990,2.0,0,0,3,1990,0,2004,47.5914,-122.017,2320,3984,13.236049141808145
2,2.0,1320,1.5,0,0,4,1320,0,1910,47.5643,-122.284,1410,3264,12.910407015480683
6,7.75,9890,2.0,0,4,3,8860,1030,2001,47.6305,-122.24,4540,42730,15.744855690144892
4,2.75,2390,1.0,0,2,3,1620,770,1976,47.3438,-122.322,2390,10000,12.84726842045802
4,2.5,3020,2.0,0,0,4,3020,0,1994,47.363,-122.127,3020,8406,13.102160670086809
4,3.25,3410,2.0,0,0,4,2470,940,1992,47.459,-122.003,2450,39045,13.279367126213993
4,2.25,2210,2.0,0,0,4,2210,0,1967,47.3648,-122.284,2040,9000,12.724866438945341
3,1.75,1435,1.0,0,0,4,1435,0,1969,47.4525,-122.149,2030,9450,12.873902018105829
2,1.0,800,1.0,0,0,3,800,0,1938,47.4914,-122.204,1220,5000,12.933621252807452
3,2.25,1230,2.0,0,0,3,1080,150,2009,47.6519,-122.384,1230,953,12.983101310070822
4,2.5,2100,2.0,0,0,3,2100,0,1998,47.3045,-122.391,2370,15440,12.628067055589549
3,1.0,1000,1.0,0,0,4,1000,0,1947,47.7142,-122.319,1000,6947,12.834681304952548
5,2.5,4600,1.0,0,3,3,2300,2300,1956,47.7608,-122.378,2890,19831,13.5985975564007
3,3.0,1760,2.0,0,0,3,1400,360,2008,47.6666,-122.37,1300,1500,13.312983737012978
4,2.25,2510,2.0,0,0,4,2510,0,1969,47.5483,-122.226,2450,9691,13.591116224748411
3,2.25,1850,2.0,0,0,3,1850,0,2013,47.5525,-122.273,1080,4120,13.070964814318328
4,2.5,2190,1.0,0,0,4,1250,940,1978,47.3131,-122.392,2100,8840,12.603169503967822
5,2.5,2570,1.0,0,0,4,1470,1100,1981,47.3013,-122.109,1990,49658,13.01477816672439
4,3.25,1980,1.0,0,0,3,1340,640,1980,47.6883,-122.111,1980,8972,13.142166004700508
4,1.5,3520,1.5,0,0,4,2270,1250,1929,47.5655,-122.315,1710,5400,13.287029998959563
3,3.5,1590,3.0,0,0,3,1590,0,2010,47.6824,-122.347,1620,3166,13.158695306651719
4,2.75,2790,2.0,0,0,3,2790,0,2014,47.4831,-121.773,2620,5527,13.090375166537939
3,1.5,1810,1.5,0,0,4,1310,500,1929,47.6835,-122.392,1400,3880,13.279367126213993
4,1.5,2720,2.0,0,0,3,2720,0,1994,47.7402,-122.035,3270,39714,13.357435499583813
2,1.0,1080,1.0,0,0,3,1080,0,1922,47.6078,-122.291,2230,4500,12.969212197910155
3,2.5,4930,2.0,0,0,3,3930,1000,1981,47.7634,-122.139,2760,7351,13.304684934198283
4,2.25,2940,1.0,0,0,5,1520,1420,1961,47.7422,-122.245,2470,14900,13.312983737012978
4,2.5,2780,2.0,0,0,3,2780,0,2004,47.666,-122.201,1160,6837,13.901688254205327
4,1.75,2580,1.0,0,2,4,1290,1290,1958,47.5067,-122.197,1970,9569,12.855790268162783
2,1.5,2130,1.0,0,0,4,2130,0,1963,47.6638,-122.171,2670,35679,13.62918097977278
3,2.5,1520,2.0,0,0,4,1520,0,1985,47.3679,-122.182,1780,7210,11.970350312009105
3,1.75,1790,1.0,0,2,3,1790,0,1951,47.5412,-122.377,1310,6028,13.091904169919621
3,1.5,1240,1.0,0,0,3,1240,0,1958,47.607,-122.132,1640,9600,12.93723789327764
3,2.0,1800,1.0,0,0,4,1800,0,1982,47.557,-122.163,2400,11300,12.994530005894443
4,2.5,2798,2.0,0,0,3,2798,0,2011,47.3308,-122.187,2502,5707,12.994530005894443
3,2.25,1820,2.0,0,0,3,1820,0,1983,47.7133,-122.217,2430,7696,13.102058624063964
3,2.0,3000,2.0,0,2,4,2470,530,1942,47.7745,-122.368,2600,7947,13.695600261291716
2,1.0,940,1.0,0,0,3,940,0,1941,47.5445,-122.273,1900,6145,12.449018824140563
2,1.0,1190,1.0,0,0,4,1190,0,1910,47.524,-122.04,1730,12632,12.180754837545884
3,1.5,1480,1.0,0,0,3,1480,0,1959,47.5914,-122.136,2100,10517,13.071070083016778
3,1.75,1760,1.0,0,0,4,1460,300,1956,47.2868,-122.21,1450,10800,12.505992035646432
4,2.0,1840,1.0,0,0,4,920,920,1942,47.6483,-122.404,1800,5419,13.367659733359671
2,2.0,1730,2.0,0,0,3,1730,0,1905,47.5933,-122.308,1380,4000,13.017002861746503
4,3.25,2730,1.0,0,0,3,1560,1170,2007,47.5133,-122.11,2730,111274,13.345506928718539
4,2.5,2440,2.0,0,0,3,2440,0,2003,47.4891,-122.149,2440,5090,12.983101310070822
4,2.5,1930,1.0,0,0,4,1330,600,1977,47.7407,-122.097,1470,12852,12.959844447906553
4,2.5,2040,2.0,0,0,3,2040,0,2001,47.3182,-122.189,2040,4637,12.487485104968359
3,2.5,2240,2.0,0,0,3,2240,0,2002,47.5356,-121.881,2610,5128,12.977337605354071
3,2.25,2950,1.0,0,2,3,1520,1430,1983,47.5257,-122.382,2130,7140,13.878954730520809
3,1.75,1460,1.0,0,0,3,1460,0,1968,47.6709,-122.167,2240,10154,13.30718181439687
3,2.5,2330,2.0,0,4,3,1410,920,2004,47.6735,-122.405,2640,5250,13.503535792943449
4,1.75,1910,1.0,0,0,3,1210,700,1956,47.7396,-122.247,2210,8778,13.071070083016778
4,2.5,1840,2.0,0,0,3,1840,0,1991,47.4683,-122.07,1840,15040,12.873902018105829
4,2.75,3150,2.0,0,0,3,3150,0,2004,47.5979,-121.974,3200,7035,13.592367006650065
3,1.5,1280,1.5,0,0,3,1280,0,1904,47.6174,-122.308,1540,1456,13.440817108522863
3,1.0,910,1.5,0,0,4,910,0,1900,47.2068,-121.992,1400,6766,12.042965307660024
2,2.25,2950,1.0,0,0,4,1560,1390,1942,47.6209,-122.236,2060,19855,14.253765488895429
3,1.0,1160,1.0,0,0,3,1160,0,1965,47.6818,-122.165,1670,51376,12.793859310432293
3,2.0,1420,2.0,0,0,3,1050,370,2003,47.7364,-122.295,1420,8150,12.676076274775909
3,1.75,1470,1.0,0,0,3,1470,0,1987,47.6171,-122.044,1720,6584,13.079455876393052
3,2.25,1180,2.0,0,0,3,1180,0,1987,47.7112,-122.238,1860,10390,12.89921982609012
2,1.0,1140,1.0,0,0,3,1140,0,1935,47.7497,-122.286,2200,11550,12.524526376648708
4,2.0,1760,1.5,0,0,4,1170,590,1948,47.6714,-122.28,1850,6600,13.345506928718539
4,2.0,2500,1.0,0,0,3,1540,960,1972,47.3708,-122.049,1960,36900,12.815838217151068
3,2.5,3420,2.0,0,0,3,3420,0,1990,47.7225,-122.126,4240,40500,14.018451401960965
4,3.5,2160,2.0,0,0,3,1660,500,1998,47.6103,-122.297,1230,3840,13.306350213517344
3,2.0,1440,2.0,0,0,3,1440,0,1986,47.3784,-122.046,1480,6286,12.429216196844383
2,1.0,970,1.0,0,0,4,970,0,1908,47.5513,-122.273,1490,4429,12.66032791780777
3,2.5,1950,2.0,0,0,3,1950,0,2013,47.3613,-122.081,2300,4178,12.654597243098785
2,2.0,1540,2.0,0,0,3,1540,0,1983,47.638,-121.953,2280,29918,13.071070083016778
4,2.5,2807,2.0,0,0,3,2807,0,1996,47.7449,-122.223,2028,11056,13.353475098367715
4,2.5,2920,2.0,0,0,3,2920,0,2003,47.7351,-121.975,2920,8943,13.152892582439152
4,1.75,1880,1.0,0,0,4,1180,700,1978,47.3068,-122.372,1840,8528,12.493129522588037
3,2.5,3320,1.0,0,0,3,2600,720,1990,47.5783,-121.994,3230,14933,13.582316670796564
3,2.5,1260,3.0,0,0,3,1160,100,2009,47.7072,-122.336,1190,1095,12.628067055589549
2,1.0,820,1.0,0,0,4,820,0,1925,47.5483,-122.394,1320,4880,12.802158113246987
3,1.75,1720,1.0,0,0,4,1140,580,1981,47.3177,-122.182,1330,7540,12.409013489526863
4,1.75,1580,1.0,0,0,3,1130,450,1947,47.6003,-122.306,830,980,12.89921982609012
5,3.25,3740,2.0,0,0,4,2540,1200,1984,47.5599,-122.108,2920,11258,13.727287902218093
3,1.5,1550,1.5,0,0,2,1550,0,1925,47.4693,-122.349,1190,7620,12.65395846952229
3,1.0,1120,1.0,0,0,4,1120,0,1938,47.7254,-122.29,1820,7205,13.00019574343012
3,1.75,2020,1.0,0,0,3,2020,0,1965,47.7691,-122.199,1950,8449,12.911642346088676
2,1.0,940,1.0,0,0,4,940,0,1952,47.4206,-122.324,1200,7500,12.363076394339839
3,2.0,1420,1.0,0,0,5,1420,0,1968,47.5309,-122.186,2020,9655,12.950388112664518
2,1.0,820,1.0,0,0,4,820,0,1954,47.4163,-122.34,1410,14000,12.520883385370206
4,3.25,3740,2.0,0,0,3,3740,0,2014,47.581,-122.022,2510,27520,13.94653004840238
4,1.75,1910,1.0,0,0,4,1910,0,1959,47.6131,-122.123,1500,8250,12.429216196844383
3,1.75,1120,1.5,0,0,4,1120,0,1925,47.5445,-122.391,1490,5500,13.048932099318446
4,3.5,3660,2.0,0,0,3,2760,900,2014,47.7184,-122.156,3630,4992,13.604727796348284
5,2.5,2760,2.0,0,0,3,2760,0,2006,47.5289,-122.321,1360,6000,12.611537753638338
5,4.25,4640,2.0,1,4,5,2860,1780,1952,47.6393,-122.097,3140,14200,14.603967918328545
3,2.5,2100,2.0,0,0,4,2100,0,1985,47.4754,-122.119,2080,16686,13.132313708257497
2,1.0,1310,1.0,0,0,3,850,460,1950,47.4982,-122.348,1270,6410,12.14046688843218
3,2.0,1460,1.0,0,0,3,1460,0,1968,47.3463,-122.304,1580,7526,12.388394202324129
4,2.5,1820,1.0,0,0,3,1120,700,1987,47.263,-122.242,1310,8217,12.363076394339839
2,2.5,1390,2.0,0,0,3,1390,0,1987,47.3081,-122.329,1390,2052,12.164990200428944
5,1.75,1910,1.0,0,0,4,1390,520,1955,47.5772,-122.159,1750,9720,13.244581010128577
2,1.5,1390,3.0,0,0,3,1390,0,2005,47.7274,-122.357,1340,1756,12.611371073081239
4,2.75,2900,1.0,0,2,3,1750,1150,1981,47.7004,-122.229,2900,15720,13.739169324707552
4,4.25,4720,3.0,0,4,5,4720,0,1971,47.7591,-122.376,3010,20000,14.237504968023648
6,3.75,5960,2.0,0,4,3,3900,2060,2005,47.5398,-121.869,3860,12800,13.946538820370678
3,2.25,1810,1.0,0,0,4,1810,0,1959,47.497,-122.18,1830,7594,12.542544882151386
3,1.75,2320,1.0,0,2,4,2320,0,1960,47.3121,-122.253,2400,26112,13.202098345423183
4,1.75,1610,1.0,0,0,3,1610,0,1968,47.727,-122.176,1870,11850,12.823957341589573
5,5.5,7050,1.0,0,2,4,4320,2730,1978,47.6229,-122.22,5070,20570,15.150511624696614
4,2.5,3110,2.0,0,3,4,3110,0,1984,47.5623,-122.106,3110,11586,13.77468856344402
2,2.25,1660,2.0,0,0,3,1660,0,1995,47.4333,-122.212,1620,3167,12.367340793126296
3,2.25,1560,2.0,0,0,3,1560,0,1990,47.2862,-122.352,1640,6290,12.272211448034218
4,2.0,1610,1.0,0,0,4,1230,380,1941,47.5333,-122.381,1180,6120,13.112313041550827
3,2.0,2210,1.0,0,0,3,2210,0,2003,47.265,-122.302,2570,6497,12.85618183639855
4,3.75,3490,2.0,0,0,3,2610,880,2014,47.6685,-122.332,1940,5000,14.086300762745838
5,3.0,2400,2.0,0,3,3,2400,0,1981,47.5726,-122.373,2250,3946,13.521139497361697
3,2.5,1600,2.0,0,0,3,1600,0,1987,47.7288,-122.227,1580,9104,13.028052697933088
4,1.75,1710,1.0,0,0,5,1010,700,1968,47.3745,-122.275,1770,8960,12.429216196844383
5,1.0,1860,1.5,0,0,3,1530,330,1921,47.6559,-122.339,1910,3600,13.560618308335483
5,6.25,8020,2.0,0,0,3,8020,0,2001,47.5675,-122.189,4160,18969,15.009433026436708
4,2.5,2910,2.0,0,0,3,2910,0,2005,47.6659,-122.172,2910,10419,13.604789526648622
3,2.0,3000,2.0,0,0,3,1970,1030,1998,47.7599,-122.214,2280,14025,13.103180557987555
4,3.5,2650,2.0,0,0,3,2060,590,2001,47.6735,-122.332,1470,3060,13.82347872761345
2,1.0,1150,1.0,0,0,4,1150,0,1958,47.4989,-122.171,1150,5695,12.100712129872347
3,2.0,1240,1.0,0,0,3,620,620,1939,47.3219,-122.341,1560,11564,12.423198124518821
3,1.0,1250,1.0,0,0,4,1250,0,1972,47.3414,-122.047,1920,15654,12.571926831029916
3,1.75,1960,1.0,0,0,3,1960,0,1967,47.3576,-122.277,1750,15616,12.419165860990882
4,2.5,2060,1.0,0,0,4,1320,740,1960,47.5549,-122.176,2050,9643,13.217673557208654
3,2.5,1420,2.0,0,0,3,1310,110,2007,47.7731,-122.343,1180,1622,12.577636201962656
3,2.5,2080,2.0,0,0,3,2080,0,2004,47.53,-121.848,2080,4947,12.815838217151068
5,3.25,3370,2.0,0,0,4,2140,1230,1988,47.5632,-122.015,2990,7806,13.444446876573442
3,1.5,1700,1.0,0,1,4,1700,0,1954,47.6166,-122.22,2630,17376,13.794286921512647
3,2.25,2140,1.0,0,0,4,1470,670,1978,47.306,-122.379,2050,8625,12.254862809699606
4,2.25,3720,1.0,0,2,5,1860,1860,1970,47.5836,-122.074,3180,15541,13.681979165339751
4,1.0,1860,1.5,0,0,1,1860,0,1901,47.6251,-122.3,1800,4000,12.96453929221076
4,2.5,2180,2.0,0,0,4,2180,0,1989,47.5119,-122.151,2350,7334,13.047639831208393
3,2.25,2120,2.0,0,0,3,2120,0,1984,47.4745,-122.12,2070,15203,12.751299696013497
4,2.75,3430,2.0,0,0,3,3050,380,2006,47.7079,-122.106,3070,6802,13.567049198665774
5,3.75,5330,2.0,0,2,3,3570,1760,2006,47.5401,-122.073,4420,5797,13.764217263576723
4,3.75,3070,2.0,0,0,5,2400,670,1927,47.633,-122.283,2940,5573,14.266586177324491
3,2.5,2790,2.0,0,0,3,2790,0,1988,47.3043,-122.343,2890,11632,13.005829561148378
4,2.75,3650,2.0,0,0,3,2940,710,2014,47.7397,-122.224,2400,7682,13.217673557208654
6,2.5,3190,2.0,0,0,4,3190,0,1979,47.6309,-122.103,2790,13068,13.406037428458571
4,3.0,3120,2.0,0,0,4,3120,0,1977,47.444,-122.187,1580,7050,13.579788224443204
2,2.0,1310,2.0,0,0,3,1310,0,2004,47.3502,-122.022,1360,2550,12.292250341771226
4,3.5,4210,2.0,0,0,3,4210,0,2001,47.6206,-122.225,3520,18564,14.459992566542939
4,2.5,3120,2.0,0,0,3,3120,0,2003,47.6842,-122.04,2755,5137,13.389332408258568
3,2.5,2320,1.5,0,0,3,2320,0,1974,47.587,-122.068,2200,52272,13.304684934198283
3,1.5,1360,1.0,0,0,3,1360,0,1955,47.7441,-122.337,1630,7679,12.772805901234461
2,2.5,2130,1.0,0,0,5,1330,800,1972,47.6573,-122.399,1750,6000,13.468785944878709
2,1.0,970,1.0,0,0,3,970,0,1951,47.5297,-122.277,1020,5600,12.287652632522597
3,2.0,2360,2.0,0,0,3,2360,0,2003,47.7633,-122.262,1600,9163,12.873902018105829
4,1.0,1370,2.0,0,0,3,1370,0,1942,47.512,-122.376,1090,6300,12.86747112777554
3,2.0,1750,1.0,0,0,3,1350,400,1961,47.398,-122.299,1900,10125,12.54236629477704
5,1.0,1260,1.5,0,0,3,1260,0,1918,47.5058,-122.355,910,8382,12.301382825334498
3,2.5,3760,2.0,0,0,3,3230,530,2002,47.5489,-122.007,3080,5312,13.623138665316818
3,2.25,1850,2.0,0,0,3,1850,0,1978,47.452,-122.159,1870,7480,12.54236629477704
5,2.25,2510,1.0,0,0,3,2510,0,1967,47.6435,-122.154,3160,35037,13.710150042306449
4,2.0,1950,1.0,0,0,4,1160,790,1908,47.5372,-122.269,1720,3757,12.821258284620408
3,2.25,2610,2.0,0,0,4,1980,630,1926,47.638,-122.306,1940,3357,13.863347887378435
1,1.0,820,1.0,0,0,3,760,60,2007,47.5472,-122.372,1770,1853,12.175613438045465
3,1.0,1490,1.5,0,0,4,1490,0,1932,47.2597,-122.228,1580,101529,12.691580461311874
3,2.5,2056,2.0,0,0,3,2056,0,2014,47.338,-122.181,2056,3577,12.621488084491506
3,2.25,1710,1.0,0,0,3,1210,500,1978,47.7675,-122.267,1800,11500,12.86099861326992
3,1.75,1320,1.0,0,0,5,1320,0,1948,47.7412,-122.343,1210,6205,12.65395846952229
3,2.0,1170,1.5,0,0,4,1170,0,1925,47.5543,-122.29,1400,3800,12.89921982609012
4,2.5,2170,2.0,0,0,3,2170,0,2006,47.5396,-121.889,2170,5211,13.10011776845701
2,2.25,1860,2.0,0,0,4,1860,0,1986,47.5436,-122.187,1860,2531,13.044120715342844
3,1.0,1140,1.5,0,0,4,1140,0,1910,47.7093,-121.364,1140,4700,11.982929094215963
3,2.5,2420,2.0,0,0,3,2420,0,2014,47.371,-122.018,2370,4200,12.821112328023315
2,1.75,1600,1.5,0,0,3,1600,0,1940,47.6709,-122.276,2310,6301,13.418495646168909
4,2.5,2820,2.0,0,0,3,2820,0,2006,47.3591,-122.038,2820,5150,12.968979070504972
4,2.75,2020,1.0,0,0,3,1350,670,1986,47.7145,-122.225,1690,7804,13.16158409055761
3,2.5,2110,2.0,0,0,3,2110,0,1990,47.5269,-122.171,2390,7499,13.190022025878143
3,2.0,1110,1.0,0,0,5,1110,0,1951,47.6978,-122.297,1410,7734,13.132313708257497
5,3.75,3500,1.5,0,0,3,3500,0,1967,47.6745,-122.054,3250,38636,13.527828485512494
2,1.0,890,1.0,0,0,3,890,0,1947,47.6823,-122.298,1450,5985,13.142166004700508
3,1.0,1310,1.0,0,0,4,1310,0,1978,47.3739,-122.148,1650,7290,12.388394202324129
4,2.5,2580,2.0,0,0,3,2580,0,2004,47.4858,-122.185,2160,3600,12.832011076396668
4,2.75,2860,1.0,0,1,5,1560,1300,1946,47.6723,-122.263,2290,5350,13.680835654637672
4,2.25,2230,2.0,0,0,3,2230,0,2005,47.3769,-122.028,2420,6297,12.736700896592344
4,2.0,1610,1.0,0,0,5,1610,0,1967,47.5327,-122.186,1450,9600,12.936033799212835
3,1.75,2200,1.0,0,0,5,1500,700,1978,47.559,-122.136,2410,9623,13.442996549995796
4,1.5,1770,2.0,0,0,3,1770,0,1947,47.5621,-122.394,970,5750,12.994530005894443
3,2.5,1650,2.0,0,0,4,1650,0,1989,47.3603,-122.19,1930,6666,12.517227074167097
2,1.5,2060,1.0,0,0,3,1190,870,1924,47.515,-122.362,1430,8781,12.7603599767067
4,2.25,3060,2.0,0,0,3,3060,0,1992,47.3397,-121.918,2090,48787,12.936033799212835
4,3.75,4130,2.0,0,0,3,4130,0,2001,47.5194,-122.151,3690,11227,13.883169206438088
4,4.25,5660,2.0,0,0,3,4100,1560,2001,47.7064,-121.981,3620,207141,13.769466619462868
2,1.0,860,1.0,0,0,3,860,0,1960,47.39,-122.236,1250,6477,12.25462468611234
3,1.5,1220,1.5,0,0,4,1220,0,1950,47.6981,-122.341,1360,1251,12.936033799212835
3,2.25,1620,3.0,0,0,3,1540,80,2009,47.5405,-122.026,1620,1237,13.089840185698769
3,1.0,1300,1.0,0,0,4,1300,0,1959,47.3352,-122.297,2140,9600,12.230765258120545
4,3.0,2290,2.0,0,0,3,2290,0,2012,47.7727,-122.237,2450,5105,13.180632285528304
3,1.5,1090,1.0,0,0,4,1090,0,1969,47.3609,-122.028,1160,10487,12.128111104060462
4,1.75,1760,1.0,0,2,5,1070,690,1962,47.5521,-122.373,1860,5750,13.062613372998555
2,1.0,1110,1.0,0,0,3,890,220,1937,47.6925,-122.32,1300,5413,13.012548511397123
4,2.5,2060,2.0,0,0,3,2060,0,2004,47.362,-122.309,2060,3608,12.502466658583977
3,1.75,1680,1.0,0,0,3,1200,480,1977,47.3662,-122.319,1990,8400,12.637855061955712
4,1.5,2650,2.0,0,0,4,2650,0,1930,47.7516,-122.237,1960,34000,13.329377546788654
3,1.75,2620,1.0,0,0,4,1320,1300,1977,47.4619,-121.991,2170,36962,13.17115354157376
3,1.75,1490,1.0,0,0,4,990,500,1944,47.4917,-122.188,1490,7722,12.328290278254423
4,2.5,2009,2.0,0,0,3,2009,0,2012,47.2586,-122.2,1798,4800,12.538967060803502
5,4.25,4110,2.0,0,2,3,2970,1140,2000,47.3375,-122.337,2730,12750,13.506264307596652
3,1.5,1010,1.0,0,0,3,1010,0,1953,47.4238,-122.332,1270,8350,12.128111104060462
6,3.75,4090,2.0,0,0,3,3100,990,1984,47.6408,-122.153,2980,43357,13.955272500339433
5,4.5,4270,2.0,0,0,3,3400,870,2007,47.699,-122.206,4100,10631,14.242410946792504
3,2.5,1800,2.0,0,0,3,1800,0,1993,47.7334,-121.97,2450,14025,12.959844447906553
2,1.0,1140,1.5,0,0,3,1140,0,1932,47.2592,-122.228,1580,101529,12.89921982609012
3,2.25,1800,1.0,0,0,3,1280,520,1979,47.7584,-122.145,1960,7675,12.959844447906553
4,1.75,1680,1.0,0,0,3,1100,580,1977,47.3923,-122.311,2400,10369,12.498742259492994
3,1.0,1010,1.0,0,0,5,1010,0,1948,47.7601,-122.307,1590,7663,12.669806661762314
3,1.0,1020,1.0,0,0,4,1020,0,1957,47.4905,-122.18,1690,8030,12.542544882151386
3,2.5,2390,2.0,0,0,3,2390,0,1995,47.3895,-122.154,2070,7585,12.802158113246987
4,2.5,2610,1.5,0,0,5,1920,690,1922,47.6636,-122.33,1810,3277,13.815510557964274
5,2.25,3000,2.0,0,0,4,3000,0,1975,47.6373,-122.105,2270,10763,13.304684934198283
3,2.5,2880,2.0,0,0,4,2880,0,1985,47.6319,-122.037,2960,10514,13.487006490992238
4,1.75,1790,1.0,0,0,4,1490,300,1969,47.522,-122.047,1870,11760,12.92391243868049
3,1.75,2110,1.0,0,0,4,1440,670,1978,47.7344,-122.246,1990,10890,13.087771932634709
3,1.5,1250,1.0,0,0,4,1250,0,1959,47.4744,-122.328,1300,8700,12.631340380934517
5,2.75,1540,1.0,0,0,3,1140,400,1990,47.533,-122.354,1630,4000,12.785491060761776
3,1.75,2060,1.0,0,4,3,1100,960,1982,47.4193,-122.439,1230,14904,13.142166004700508
4,1.75,1940,1.0,0,0,4,1000,940,1911,47.6786,-122.317,1320,3060,13.350295445450335
2,1.0,1070,1.0,0,0,4,1070,0,1930,47.4716,-122.078,1360,32156,12.676076274775909
4,2.5,1950,2.0,0,0,3,1950,0,2004,47.5503,-121.997,1720,3720,13.279367126213993
4,2.0,2050,1.5,0,0,4,2050,0,1922,47.644,-122.319,2320,5500,13.514405465180353
3,2.75,3530,2.0,0,0,3,3530,0,1994,47.6377,-121.995,3560,74256,13.541073712262515
2,1.0,1090,1.0,0,0,2,780,310,1981,47.632,-122.03,1160,10533,12.911642346088676
4,1.5,1520,1.0,0,0,4,1520,0,1960,47.3136,-122.208,1370,8800,12.345834587905333
1,1.0,680,1.0,0,0,3,480,200,1916,47.6567,-122.392,1170,5500,13.142166004700508
4,2.5,2690,2.0,0,0,3,2690,0,1980,47.3843,-122.006,1500,34800,13.180632285528304
3,1.75,1240,1.5,0,0,5,1240,0,1926,47.5797,-122.405,1660,3600,13.404515186097992
4,1.0,1700,1.0,0,0,3,1080,620,1977,47.6955,-122.116,1700,7333,13.030248088496522
3,1.75,1100,1.0,0,0,3,1100,0,1981,47.3717,-122.277,1700,8447,12.345399710751273
4,2.5,2050,2.0,0,0,3,2050,0,1988,47.5641,-122.011,2070,7541,13.180632285528304
6,2.0,1900,1.0,0,0,2,1200,700,1964,47.7037,-122.296,1900,8240,13.384650715836164
2,2.25,1300,3.0,0,0,3,1300,0,2008,47.6536,-122.356,1300,1312,13.239257128875828
3,1.5,1920,1.0,0,0,3,1920,0,1953,47.4446,-122.074,1616,61014,12.254862809699606
5,2.75,1940,1.0,0,0,3,1240,700,2002,47.4911,-122.17,1950,4182,12.751299696013497
3,2.0,1460,1.0,0,0,3,1460,0,1995,47.3679,-122.02,1600,6250,12.560244459250788
4,3.5,3290,2.0,0,1,3,2360,930,2006,47.7074,-122.219,1820,9609,13.710094485207625
5,2.5,2340,2.0,1,4,3,2340,0,1959,47.5193,-122.257,2200,3230,13.764164630612687
3,2.75,3050,1.0,0,4,3,2330,720,1968,47.5316,-122.233,4110,20336,14.508657738524219
4,2.5,1840,2.0,0,0,3,1840,0,2000,47.4306,-122.049,1890,65340,13.337474757021274
5,3.25,4770,1.0,0,0,4,3070,1700,1973,47.6525,-122.16,3530,38917,13.854731271117556
3,1.0,2130,1.5,0,0,3,2130,0,1917,47.5506,-122.281,1780,5150,12.721885810807203
3,1.75,1610,1.0,0,0,3,1070,540,1951,47.6272,-122.208,1940,10796,13.737549016494562
3,1.75,2100,1.0,0,2,3,1340,760,1941,47.5743,-122.378,1640,5000,13.312983737012978
4,1.75,2250,1.0,0,0,4,2250,0,1963,47.3787,-122.091,1550,23798,12.926348493478372
2,1.0,1370,1.0,0,0,4,1370,0,1950,47.4224,-122.293,1330,8012,12.378343866470628
2,2.0,1380,1.0,0,0,3,1380,0,1988,47.7732,-122.172,1810,5035,12.721885810807203
3,1.0,1410,2.0,0,0,4,1410,0,1901,47.5924,-122.302,1640,7200,13.458835614025542
4,3.5,3740,2.0,0,2,3,3740,0,2000,47.7375,-122.139,3750,38325,13.891081744811348
4,2.5,2846,1.5,0,0,3,1976,870,2000,47.317,-122.281,1696,57934,13.085699393032737
5,2.5,3370,2.0,0,0,3,3370,0,2005,47.5812,-122.196,2470,8113,14.034646087880946
3,2.0,1460,2.0,0,0,3,1460,0,2010,47.6861,-122.013,1720,3631,12.879366547511184
4,2.5,2830,2.0,0,0,3,2830,0,1998,47.5851,-122.034,2520,6890,13.42984807715229
3,2.25,1460,1.0,0,0,3,1460,0,1963,47.6316,-122.119,1850,7519,13.132313708257497
4,2.0,1390,3.0,0,0,3,1390,0,2008,47.5393,-122.026,1390,942,12.618377641514309
4,1.0,1210,1.5,0,2,3,1210,0,1943,47.5026,-122.234,1470,6000,12.538967060803502
4,1.0,1960,1.5,0,0,3,1960,0,1979,47.5418,-121.962,2430,188564,12.823957341589573
3,0.75,1240,1.0,0,0,3,1240,0,1947,47.7298,-122.342,1210,7200,12.771386454580234
4,2.5,2310,2.0,0,4,4,2010,300,1928,47.6044,-122.284,2530,5960,13.733215315237445
4,1.75,2160,1.0,0,0,4,1660,500,1976,47.3165,-122.382,2350,8200,12.779873068457553
2,1.0,760,1.0,0,0,3,760,0,1942,47.646,-122.384,1360,6000,12.834681304952548
2,1.0,1230,2.0,0,0,4,830,400,1948,47.6684,-122.401,1660,3056,12.834681304952548
3,2.0,1370,1.0,0,0,4,1370,0,1988,47.2802,-122.303,1660,8840,12.528156144699286
4,2.5,3200,2.0,0,0,3,3200,0,1993,47.6304,-121.994,2930,33171,13.511021367196111
3,1.75,2840,1.0,0,0,4,1420,1420,1977,47.3516,-122.119,1650,9590,12.506177237980511
5,2.0,2280,2.0,0,0,3,2280,0,1992,47.6056,-122.305,1740,1800,13.188151117942333
3,2.5,2960,2.0,0,2,4,2960,0,1978,47.6218,-122.094,2960,11745,13.514405465180353
3,1.75,1880,1.0,0,0,5,940,940,1957,47.5793,-122.294,1930,4770,13.239257128875828
3,2.0,2770,2.0,0,0,3,2770,0,2004,47.4291,-121.842,2040,109771,13.064734264567692
3,2.5,1690,2.0,0,0,3,1690,0,2005,47.6768,-122.029,1690,3129,13.01477816672439
4,2.0,1970,1.0,0,0,3,1820,150,1961,47.479,-122.356,2090,12300,12.92391243868049
2,1.0,1170,1.0,0,0,3,1170,0,1963,47.497,-121.78,1340,9832,12.594730635321957
2,1.0,740,1.0,0,0,3,740,0,1942,47.506,-122.335,980,6957,11.652469992408125
4,3.5,3090,2.0,0,0,3,3090,0,1999,47.3087,-122.088,2400,50543,13.422467969854667
3,3.5,1710,2.0,0,0,3,1290,420,2008,47.6055,-122.305,1630,1543,13.230320518909421
2,1.0,1020,1.0,0,0,5,1020,0,1942,47.4915,-122.188,1280,6497,12.409013489526863
4,1.75,1570,1.0,0,0,3,1170,400,1959,47.7432,-122.248,2080,9100,12.784089518836488
4,2.5,2820,2.0,0,0,3,2820,0,2007,47.3473,-122.031,1880,7200,12.895462777212407
3,1.0,1170,1.0,0,0,3,1170,0,1962,47.4685,-122.282,2040,7320,12.117241431823558
3,1.0,1200,1.0,0,0,2,1200,0,1948,47.5414,-122.281,1570,6823,11.982929094215963
3,2.5,1270,2.0,0,0,3,1080,190,2008,47.5351,-122.279,1630,7752,12.580219070380911
2,1.0,1280,1.0,0,0,4,1280,0,1913,47.3007,-122.228,1020,6480,12.180754837545884
2,1.0,780,1.0,0,0,3,780,0,1947,47.5423,-122.351,1270,6960,12.013700752882718
3,1.5,1030,1.0,0,0,4,1030,0,1952,47.4282,-122.331,1460,9463,12.495003937382387
5,3.5,4370,2.0,0,0,3,3270,1100,1990,47.582,-122.199,2980,12800,14.22097566607244
5,1.75,3690,1.0,0,0,3,1890,1800,1985,47.3473,-122.085,2680,44131,12.994530005894443
4,3.5,3720,2.0,0,0,3,2880,840,2008,47.5885,-122.199,2080,9676,14.187074114396758
2,1.0,820,1.0,0,0,5,820,0,1952,47.7512,-122.34,1580,10169,12.591335046320818
3,1.0,2040,1.0,0,3,5,1680,360,1940,47.7028,-122.385,2300,10080,14.077874822431765
2,1.0,600,1.0,0,0,3,600,0,1933,47.5065,-122.339,1290,6973,11.957611286231675
3,1.5,1200,1.0,0,0,3,1200,0,1964,47.4482,-122.269,2120,12000,12.301155526776865
4,2.0,2460,1.0,0,0,4,1230,1230,1948,47.308,-122.209,1260,6648,12.419165860990882
3,1.5,1300,1.0,0,0,4,1300,0,1968,47.4568,-122.21,1770,8075,12.570715759118084
3,1.75,1180,1.0,0,0,4,760,420,1928,47.6825,-122.391,1490,4080,13.017002861746503
3,1.0,1120,1.0,0,0,4,1120,0,1977,47.6842,-122.2,2380,10000,13.329377546788654
3,2.25,1870,3.0,0,0,3,1870,0,2008,47.6537,-122.34,1690,1694,13.554145793829866
4,2.75,2870,1.0,0,1,4,1860,1010,1959,47.7425,-122.289,2430,8479,13.458835614025542
4,2.0,2990,1.5,0,2,4,1960,1030,1948,47.7605,-122.258,2500,10680,13.287877815881902
3,2.5,1520,2.0,0,0,3,1520,0,2009,47.4874,-122.152,1820,3229,12.71589776896258
3,2.5,2160,1.0,0,0,3,1540,620,2014,47.6994,-122.349,930,5420,13.500799813124575
3,3.0,2130,1.5,0,0,3,1570,560,1913,47.5451,-122.284,1638,4500,13.14020329553266
4,2.5,1670,2.0,0,0,3,1670,0,2005,47.5532,-121.998,1650,2051,13.019222618484815
2,1.0,1120,1.0,0,0,3,1120,0,1926,47.6567,-122.327,1620,4000,13.049792684569493
4,2.5,1812,2.0,0,0,3,1812,0,2011,47.4513,-122.202,2440,6007,12.821258284620408
4,1.75,1990,2.0,0,0,4,1870,120,1929,47.5131,-122.313,1710,12400,12.577636201962656
2,1.0,1110,1.0,0,0,3,1110,0,1951,47.4711,-122.291,2240,12255,12.429216196844383
2,1.0,970,1.0,0,0,3,970,0,1905,47.6667,-122.333,2050,4284,13.112313041550827
4,2.75,2760,1.5,0,2,4,1780,980,1940,47.7248,-122.365,2720,8160,13.327750207129279
3,2.5,1920,2.0,0,0,3,1920,0,1993,47.2659,-122.31,2310,8009,12.594730635321957
2,1.75,1660,1.0,0,0,3,1160,500,1942,47.6624,-122.291,1660,4000,13.089840185698769
4,1.5,1780,2.0,0,0,4,1080,700,1900,47.3124,-122.003,1750,9147,12.206072645530174
4,1.0,1660,1.5,0,0,3,1260,400,1945,47.6829,-122.378,1400,3876,13.235692062711331
5,4.25,3380,2.0,0,0,3,3380,0,2014,47.4349,-122.328,2790,7805,13.253303916664924
4,2.75,2580,2.0,0,1,4,1780,800,1964,47.5387,-122.215,2840,10006,13.8878312195439
4,3.0,2300,2.0,0,0,4,2300,0,1976,47.2943,-122.227,940,5937,12.319401330837177
3,2.5,3750,2.0,0,0,3,3750,0,2001,47.6325,-122.064,3210,8405,13.570249201396445
3,1.5,1690,1.0,0,0,3,1210,480,1976,47.3857,-122.079,1450,9647,12.26434155365415
3,1.75,2030,1.0,0,0,4,2030,0,1953,47.451,-122.365,1950,14400,12.994530005894443
5,2.75,3260,2.0,0,0,3,3260,0,2004,47.3674,-122.07,2770,8067,12.80765263256463
4,2.5,2460,2.0,0,0,3,2460,0,2003,47.7072,-122.232,2460,4964,13.39048029436127
2,1.0,1180,1.0,0,0,4,1180,0,1949,47.7477,-122.342,1070,7200,12.524526376648708
4,1.5,2440,1.0,0,0,4,1440,1000,1950,47.7081,-122.374,2140,7920,13.651814465293484
4,2.75,2810,1.0,0,0,4,1640,1170,1978,47.6745,-122.144,2400,11240,13.304684934198283
4,2.5,2160,1.0,0,0,4,1460,700,1978,47.3078,-122.378,2060,8250,12.594730635321957
3,2.25,2840,2.0,0,0,4,2840,0,1983,47.2848,-122.118,2600,215622,13.102160670086809
4,1.75,1700,1.0,0,0,4,1700,0,1975,47.651,-122.119,2430,8342,13.304684934198283
3,1.75,1460,1.0,0,0,3,1460,0,1972,47.7713,-122.265,1920,7980,12.577636201962656
4,2.25,2490,2.0,0,0,3,2490,0,1981,47.7547,-122.094,2030,12611,13.122363377404328
4,1.75,2330,2.0,0,0,5,1300,1030,1924,47.666,-122.289,2040,4000,13.641157170819497
2,1.5,2370,2.0,0,0,3,2370,0,2005,47.4543,-121.778,3860,151081,13.870945264852375
3,1.75,1940,1.0,0,0,3,1940,0,1957,47.5833,-122.241,2720,11448,13.38472764187182
3,2.0,1700,1.0,0,0,3,890,810,1944,47.6542,-122.385,1440,4250,12.92391243868049
3,2.25,1830,2.0,0,0,3,1830,0,1986,47.2642,-122.219,2160,8442,12.517227074167097
2,1.0,900,1.0,0,0,5,900,0,1924,47.6859,-122.322,1320,2910,12.851866129706648
4,2.0,2920,1.0,0,0,5,1520,1400,1964,47.5876,-122.172,2360,10696,13.604789526648622
3,2.0,1530,1.0,0,0,4,1530,0,1937,47.686,-122.304,1640,5467,13.253391639810733
2,1.0,970,1.0,0,0,5,970,0,1904,47.4025,-122.201,1500,12541,12.230740867579195
4,2.25,2220,1.0,0,0,4,1450,770,1965,47.5429,-122.177,1980,8700,13.226723392728571
2,1.0,1380,2.0,0,0,3,1080,300,1954,47.6416,-122.361,1600,3600,13.254268448284268
2,1.0,960,1.0,0,0,3,960,0,1955,47.7642,-122.234,1210,24875,12.948009990259552
4,2.5,2240,1.0,0,0,3,1540,700,1962,47.6965,-122.308,1960,7250,13.390862630439337
3,2.5,1600,2.0,0,0,3,1600,0,2005,47.4899,-122.164,1600,1700,12.468436909997665
4,1.75,2000,1.0,0,0,4,1150,850,1958,47.32,-122.362,2420,27500,12.64625153092503
3,2.25,2150,2.0,0,0,3,2150,0,1984,47.7179,-122.113,2240,9266,13.234798806734117
4,1.75,2190,1.0,0,0,4,1450,740,1962,47.6531,-122.196,1980,9000,13.493926933836812
3,1.0,1230,1.0,0,0,3,1230,0,1952,47.5553,-122.288,1510,6600,12.8790171187726
3,2.5,1800,2.0,0,0,3,1800,0,2014,47.5342,-121.841,1800,3265,12.920183543765788
3,2.25,2440,2.0,0,0,3,2090,350,1991,47.6347,-121.958,2150,24000,13.091904169919621
3,1.75,1730,1.0,0,0,3,1220,510,1977,47.6478,-122.113,2020,10000,13.122343377204325
3,1.0,1280,1.5,0,0,3,1280,0,1903,47.6029,-122.307,1320,1676,12.959844447906553
5,2.25,2290,2.0,0,0,3,2290,0,1979,47.7012,-122.12,2750,39900,13.415032991367148
3,1.0,1290,1.0,0,0,5,1290,0,1976,47.74,-122.173,1540,7500,12.829333698625952
1,1.0,780,1.0,0,0,3,780,0,1922,47.6155,-122.306,1040,1319,12.429216196844383
3,1.75,1470,1.0,0,0,3,1470,0,1990,47.2587,-122.253,1590,8182,12.26434155365415
3,1.0,1270,1.5,0,3,3,1270,0,1927,47.5433,-122.264,2100,7680,13.15773052124162
5,3.75,4700,2.0,0,0,3,2930,1770,2006,47.6624,-122.197,3180,13140,13.94214320889764
4,2.0,1780,1.0,0,0,3,870,910,1993,47.7045,-122.342,1350,5044,12.628067055589549
4,1.5,1820,1.0,0,0,4,1380,440,1955,47.5767,-122.144,1450,9256,12.80765263256463
5,2.25,3480,2.0,0,0,3,3480,0,1979,47.5585,-122.153,3130,9200,13.664687668229691
3,1.0,940,1.0,0,0,4,940,0,1909,47.2763,-122.257,1370,10255,12.132964173709535
3,2.25,1610,2.0,0,0,3,1610,0,2012,47.3589,-122.083,1610,3825,12.577636201962656
3,1.75,3400,1.0,0,2,5,1820,1580,1957,47.6569,-122.273,3200,8500,14.340239086899256
4,1.75,1990,1.0,0,0,4,1400,590,1978,47.4417,-122.135,1820,7400,12.70076888736628
4,2.5,2440,1.0,0,0,3,2440,0,1955,47.725,-122.172,1990,7758,13.142166004700508
4,3.5,3200,2.0,0,2,3,2500,700,2013,47.3443,-122.327,2240,4416,13.507625778194974
6,5.25,2860,2.0,0,0,3,2860,0,1978,47.303,-122.221,1390,5956,12.611537753638338
3,2.5,1490,2.0,0,0,3,1300,190,2008,47.6478,-122.383,1490,1715,13.329377546788654
4,2.5,4040,1.0,0,3,4,2020,2020,1951,47.6408,-122.41,3160,8025,14.151982794585487
3,2.5,1630,2.0,0,0,3,1630,0,1987,47.7574,-122.228,1700,8850,12.79496980471632
4,2.5,2940,2.0,0,0,3,2940,0,2004,47.7054,-122.129,3120,6574,13.64709190633931
3,3.0,2031,2.0,0,0,3,2031,0,1988,47.3058,-122.348,2390,7700,12.721885810807203
3,2.25,2270,1.0,0,0,4,1740,530,1980,47.3451,-122.094,2310,41606,12.873902018105829
4,2.5,2260,1.0,0,0,4,2260,0,1975,47.3767,-122.161,2650,13650,12.765688433465597
3,2.0,1900,1.0,0,0,3,1900,0,1991,47.2909,-122.352,1900,6086,12.439166527697552
5,3.25,3060,2.0,0,0,3,3060,0,2004,47.7212,-122.222,1840,10403,13.470199372675857
3,2.5,3130,2.0,0,0,3,3130,0,1991,47.6954,-122.103,2860,9003,13.644722236983993
4,1.0,1550,1.5,0,0,3,1550,0,1954,47.5222,-122.375,1220,7740,12.861517958906107
3,1.5,1250,1.0,0,0,4,1250,0,1978,47.3678,-122.282,1250,7560,12.013700752882718
2,1.0,990,1.0,0,0,3,990,0,1909,47.6528,-122.331,1920,3420,13.337474757021274
3,2.0,1360,1.5,0,0,3,1360,0,1945,47.5852,-122.388,1520,4440,13.463112170792803
3,3.5,2050,2.0,1,4,4,1750,300,1930,47.4536,-122.376,2300,12200,13.554145793829866
4,3.0,2050,2.0,0,0,3,2050,0,2014,47.3525,-122.275,2050,4000,12.821874311053373
3,1.75,2040,1.0,0,0,3,2040,0,1987,47.3756,-122.044,2010,11717,12.84779494409793
4,1.75,2120,1.0,0,0,4,1060,1060,1941,47.6501,-122.395,2052,6000,13.473020249017498
4,2.75,2200,1.0,0,0,5,1120,1080,1951,47.74,-122.343,1210,6008,12.821258284620408
5,4.5,4850,2.0,1,4,3,3540,1310,2007,47.5943,-122.11,3470,18270,15.08723546434103
3,1.5,1030,1.0,0,0,4,1030,0,1967,47.7654,-122.297,1750,8414,12.614865543731012
4,3.25,5180,2.0,0,0,4,5180,0,1991,47.6676,-122.069,4240,35363,14.028603773424983
2,1.5,2340,1.0,0,0,4,1280,1060,1954,47.5017,-122.377,1490,8100,13.208541073645382
3,2.5,1530,2.0,0,0,3,1530,0,1994,47.5691,-122.007,1720,3985,13.016891744462095
5,3.0,2840,1.0,0,0,3,1710,1130,2003,47.5065,-122.275,2210,10800,12.584680299468456
2,1.0,1010,1.5,0,0,3,1010,0,1990,47.7105,-121.316,830,18297,11.951180395901384
3,1.75,1530,1.0,0,0,5,1530,0,1972,47.545,-122.171,2060,9226,13.122363377404328
3,2.5,2820,2.0,0,0,3,2820,0,2004,47.5527,-121.992,2910,5000,13.507625778194974
3,3.0,3610,2.0,0,2,4,3610,0,1954,47.4852,-122.357,2230,12600,13.764217263576723
3,1.75,1900,1.0,0,0,3,1280,620,1982,47.5549,-122.292,1330,5196,12.86099861326992
3,2.5,2580,2.0,0,0,3,2580,0,1991,47.5577,-122.396,910,6500,13.369223455335854
4,2.5,2620,2.0,0,0,3,2620,0,2001,47.6301,-122.019,2590,5371,13.381645975334411
4,2.75,2610,3.0,0,0,5,1910,700,1910,47.6901,-122.357,1470,4140,13.38472764187182
3,1.0,1160,1.0,0,0,3,1160,0,1967,47.7419,-122.073,1160,9650,12.84792653170257
4,2.0,2380,2.0,0,2,3,2380,0,1925,47.5682,-122.275,2112,6600,13.658856747918897
3,1.0,960,1.0,0,0,4,960,0,1970,47.4676,-122.134,1100,29019,11.828640904934714
5,2.25,3100,2.0,0,0,3,3100,0,1986,47.6624,-122.062,2370,53993,13.652991628466498
3,1.0,1250,1.0,0,0,3,1250,0,1968,47.5074,-122.163,1770,7320,12.642713371106789
2,1.0,970,1.0,0,0,3,970,0,1910,47.6233,-122.319,1670,3000,12.959844447906553
5,2.75,2790,1.5,0,0,4,2790,0,1965,47.4999,-122.165,1480,7600,12.793581494067123
3,0.75,1240,1.0,0,0,4,1240,0,1968,47.6239,-122.297,1460,4000,13.458834185453092
2,2.0,1040,1.0,0,0,2,850,190,1950,47.5293,-122.272,1350,5000,11.982929094215963
3,1.0,1830,1.5,0,0,4,1720,110,1930,47.6052,-122.3,1650,4400,13.366093562326927
3,1.5,1970,1.0,0,0,3,1970,0,1966,47.4703,-122.276,2240,10080,12.915339207970002
4,3.5,3100,2.0,0,0,3,3100,0,2005,47.5968,-121.978,3080,5600,13.507625778194974
3,1.5,880,1.0,0,0,5,880,0,1945,47.5002,-122.247,1020,6600,12.441144767709657
3,1.0,1140,1.0,0,0,4,1140,0,1967,47.3112,-122.265,1140,9639,12.345834587905333
3,1.75,1580,1.0,0,0,5,1580,0,1911,47.5256,-122.38,1580,6207,13.262125319779487
4,3.25,2630,2.0,0,0,3,2630,0,2014,47.5459,-122.377,1370,7770,13.480037821676145
3,2.75,1740,1.0,0,0,3,1140,600,1967,47.3456,-122.305,1550,8436,12.388390035648781
2,1.0,1050,1.0,0,0,4,1050,0,1943,47.3226,-122.287,1380,27442,12.936033799212835
4,3.5,4220,2.0,0,0,3,2910,1310,2006,47.5392,-121.862,4290,6637,13.358225701126313
4,2.5,2420,1.0,0,0,4,2420,0,1967,47.6214,-122.227,3330,19910,14.214286677921642
3,1.75,1520,1.5,0,0,5,1520,0,1936,47.5839,-122.383,2310,5500,13.51169910358261
3,1.75,1780,1.0,0,0,3,1780,0,1962,47.7171,-122.193,1200,9660,12.989974189358584
3,2.5,2330,2.0,0,0,3,2330,0,1997,47.5467,-122.181,2460,9160,13.473020249017498
4,2.25,2190,2.0,0,0,4,1840,350,1977,47.6916,-122.188,2190,10251,13.500799813124575
4,2.5,1740,1.0,0,0,4,1220,520,1976,47.6927,-122.124,1790,7350,13.15773052124162
3,2.25,1830,1.0,0,0,3,1250,580,1965,47.2899,-122.287,2240,16433,12.345834587905333
3,3.25,5290,2.0,0,0,4,4540,750,1988,47.6671,-122.051,3750,84936,14.403297222866392
3,1.75,1890,1.0,0,0,3,1890,0,2003,47.3357,-122.175,2960,5421,12.524526376648708
4,2.75,2160,1.0,0,0,3,1410,750,1978,47.7261,-122.306,2060,8100,12.983101310070822
3,2.0,2160,1.5,0,0,3,2160,0,2000,47.3474,-122.303,2190,8297,12.779873068457553
2,1.75,1000,1.0,0,0,3,940,60,1906,47.6787,-122.391,1900,5100,12.721885810807203
2,1.75,1330,1.0,0,0,4,1330,0,1979,47.3822,-122.32,1220,3679,12.217012585568508
4,1.5,2480,1.0,0,0,3,1520,960,1955,47.5233,-122.386,1810,6000,13.269057756555132
3,2.25,1500,1.0,0,0,3,1210,290,1968,47.4632,-122.19,1600,7896,12.594391594803367
4,2.75,2520,2.0,0,0,3,1720,800,1979,47.6225,-122.064,2520,13000,13.139220494470752
3,1.75,1720,1.0,0,0,3,1240,480,1950,47.7329,-121.92,2530,221442,12.994416363073707
4,2.5,2330,2.0,0,0,4,2330,0,1978,47.5916,-122.148,2210,12823,13.203943364396752
3,1.75,1570,1.0,0,0,4,1570,0,1959,47.3365,-122.319,2120,13243,12.669806661762314
3,1.75,1140,1.0,0,0,4,1140,0,1969,47.2933,-122.372,1510,9633,11.701477571514818
2,1.0,1450,1.0,0,0,4,1450,0,1965,47.4689,-122.277,1440,10636,12.779873068457553
3,2.0,1330,1.0,0,0,4,1330,0,1969,47.7251,-122.175,1590,8100,12.863592648446968
3,1.75,1380,1.0,0,0,4,1380,0,1939,47.294,-122.281,1490,18503,12.428816116823043
5,3.5,3740,2.0,0,0,3,3740,0,2013,47.6628,-122.143,2040,8715,13.892471599100402
4,2.5,2620,2.0,0,0,3,2620,0,1991,47.4357,-122.159,2760,8174,13.038981768465277
4,2.5,2300,2.0,0,0,3,2300,0,2004,47.3497,-122.044,2320,6035,12.84792653170257
2,1.0,750,1.0,0,0,4,750,0,1941,47.5312,-122.375,930,7200,12.611537753638338
3,2.0,2520,1.5,0,0,4,1410,1110,1906,47.6365,-122.361,1960,5400,13.641752231830807
4,3.25,3950,2.0,0,0,3,3950,0,2003,47.5877,-122.196,3000,10998,14.392123922268269
4,1.75,2100,1.0,0,0,5,1100,1000,1915,47.6429,-122.371,1890,3771,13.527828485512494
4,3.0,3280,2.0,0,0,3,2270,1010,1986,47.5399,-122.181,2320,11004,13.270783382522602
3,2.5,1600,3.0,0,0,3,1600,0,2005,47.6903,-122.394,1390,1321,13.049792684569493
4,2.5,2310,2.0,0,0,3,2310,0,1998,47.3321,-122.172,2480,6200,12.718896271958837
2,1.0,1020,1.0,0,0,3,1020,0,1978,47.4461,-121.769,1520,9600,12.621488084491506
2,2.0,1313,1.0,0,0,3,1313,0,1904,47.6369,-122.365,1080,3600,13.693342923990066
4,2.5,2413,2.0,0,0,3,2413,0,2014,47.3731,-122.159,2380,5725,13.027942801784837
3,1.5,900,1.5,0,0,5,900,0,1941,47.5751,-122.393,1000,6150,13.049792684569493
4,2.5,2110,2.0,0,0,3,2110,0,2000,47.4979,-122.153,1650,9900,12.948009990259552
2,1.75,1350,1.0,0,0,3,1350,0,2005,47.7141,-122.032,1665,5390,12.969212197910155
4,2.5,3030,2.0,0,0,3,3030,0,1990,47.7125,-122.081,3670,16641,13.681979165339751
4,2.5,2630,2.0,0,0,3,2630,0,1996,47.6314,-121.968,2840,26071,13.38472764187182
5,3.25,4260,2.0,0,0,3,4260,0,2005,47.611,-121.992,4020,7528,13.80949248563871
3,3.75,3710,2.0,0,0,3,2910,800,1978,47.5888,-122.04,2390,34412,13.813508555293602
4,2.5,1910,1.0,0,0,3,1210,700,1987,47.3908,-122.316,1690,7554,12.736700896592344
3,2.0,1920,1.0,0,0,4,1920,0,1972,47.7735,-122.363,2220,7598,13.00245308073177
3,2.5,2260,2.0,0,0,3,2260,0,1994,47.448,-122.088,2750,22718,13.10011776845701
4,3.75,3300,1.5,0,4,3,2600,700,1926,47.6561,-122.274,3300,5000,14.369395671190711
5,1.5,1750,1.5,0,0,4,1750,0,1961,47.7755,-122.235,1750,10295,12.86099861326992
2,2.5,1950,3.0,0,0,3,1950,0,2009,47.5925,-122.302,1650,1639,13.244581010128577
4,2.5,2240,1.0,0,0,3,2240,0,1983,47.6143,-122.017,2520,12368,13.292106151991423
5,2.25,2240,2.0,0,0,3,2240,0,1990,47.4249,-122.211,2180,11644,12.380025952653611
3,2.5,1810,2.0,0,0,3,1810,0,1992,47.5764,-121.996,1810,4758,13.148031124152906
3,1.75,1560,1.0,0,0,4,1560,0,1972,47.6243,-122.1,1990,8034,13.017002861746503
3,2.0,3010,2.0,0,2,5,1890,1120,1931,47.6347,-122.396,2688,5000,13.9108207377686
4,1.5,1810,1.0,0,0,3,1210,600,1960,47.726,-122.297,1830,7763,13.112313041550827
2,1.75,1550,1.0,1,4,4,1550,0,1965,47.358,-122.446,1690,11620,13.304684934198283
3,2.5,1790,2.0,0,0,3,1790,0,2010,47.564,-122.093,1890,3078,13.141969907043247
4,1.0,1440,1.5,0,0,3,1440,0,1969,47.7133,-122.212,1150,7215,12.779873068457553
3,2.5,1970,2.0,0,0,3,1970,0,1978,47.6345,-122.108,1850,2778,12.961020226995565
4,2.5,2710,2.0,0,0,3,2710,0,1999,47.6027,-122.023,2710,6242,13.412791675524135
3,3.5,3530,2.0,0,0,3,2370,1160,2008,47.6857,-122.339,1780,3610,14.22097566607244
3,1.0,1030,1.0,0,2,3,1030,0,1943,47.3343,-122.362,2810,28800,12.425208175446844
3,1.75,1680,1.0,0,0,3,930,750,1952,47.7201,-122.35,1340,7250,12.66032791780777
3,1.75,2190,1.5,0,2,4,2190,0,1923,47.643,-122.355,2190,3880,13.803437976730004
3,1.0,1350,1.0,0,0,4,860,490,1947,47.7098,-122.291,1130,7740,12.774223335915433
3,2.25,1980,1.0,0,0,4,1980,0,1980,47.6478,-122.029,2460,35700,13.217673557208654
4,2.5,2200,2.0,0,0,3,2200,0,1987,47.3406,-122.269,2310,9176,12.560244459250788
2,1.5,1040,1.5,0,0,4,1040,0,1904,47.588,-122.304,1340,1213,12.948009990259552
4,3.0,3050,2.0,0,0,4,2330,720,1926,47.6253,-122.284,3020,6505,14.204168547756057
2,1.0,980,1.0,0,0,3,980,0,1969,47.3674,-122.081,980,5200,11.759785542901755
3,1.75,1330,1.0,0,0,3,1330,0,1961,47.6074,-122.195,1690,7800,13.57598352739954
4,2.0,1600,1.0,0,0,3,1600,0,1994,47.2701,-122.313,1870,7455,12.542544882151386
5,2.75,4400,1.0,0,3,5,2250,2150,1963,47.7424,-122.263,3290,19257,13.928839243271277
3,2.5,1710,3.0,0,0,3,1510,200,2004,47.6963,-122.342,1610,1282,12.9384405392434
3,1.0,1240,1.0,0,0,3,1240,0,1948,47.7681,-122.266,1760,11080,12.345834587905333
4,2.5,3220,2.0,0,2,3,2180,1040,1937,47.6325,-122.394,3000,5000,13.667590427887651
4,3.0,1960,1.0,0,0,3,1170,790,2001,47.5313,-122.36,1960,5160,12.531772785169476
3,1.5,1130,1.0,0,0,3,940,190,1946,47.7021,-122.32,1400,7168,12.948009990259552
2,2.0,1450,1.0,0,0,4,750,700,1924,47.633,-122.282,2170,4370,13.169246963303179
3,1.75,2140,1.0,0,0,3,1290,850,1953,47.6234,-122.191,1960,9630,13.38472764187182
4,2.5,2130,1.0,0,0,3,1490,640,1980,47.5748,-122.031,3030,34000,13.270783382522602
3,1.75,2280,1.5,0,0,4,1760,520,1909,47.7096,-122.219,1850,9351,13.199324418540456
4,1.75,1830,1.0,0,0,4,1130,700,1958,47.3348,-122.324,2020,12540,12.553908640801701
2,2.25,1550,2.0,0,0,3,1550,0,2008,47.5394,-122.368,1420,1826,12.676076274775909
2,2.0,990,1.0,0,0,3,990,0,1935,47.604,-122.311,1650,3360,13.304684934198283
3,1.75,1440,1.0,0,0,3,990,450,1981,47.4333,-122.194,1550,7156,12.520883385370206
3,2.0,1410,1.0,0,0,4,1410,0,1965,47.5718,-122.127,2690,12650,13.142166004700508
4,2.5,2570,2.0,0,0,3,2570,0,2001,47.7076,-122.232,2460,5470,13.39239051461739
4,2.5,3150,2.0,0,0,3,3150,0,2002,47.688,-122.164,3150,5169,13.610943392223
3,2.0,1760,2.0,0,2,3,1290,470,1988,47.5602,-122.378,1760,4830,12.988831984779805
3,1.0,1220,1.0,0,0,5,1220,0,1959,47.2063,-122.023,1640,53578,12.443119102013375
3,1.5,2110,1.0,0,0,3,1210,900,1959,47.5283,-122.286,1950,5195,12.818551923022664
3,1.0,1050,1.0,0,0,3,1050,0,1948,47.5564,-122.278,1490,4269,12.765688433465597
3,1.75,1060,1.0,0,0,3,1060,0,1983,47.7442,-122.072,1310,11416,12.948009990259552
5,3.25,3920,2.0,0,0,3,3920,0,2007,47.5427,-121.887,3335,7258,13.473020249017498
4,2.5,2120,1.0,0,0,4,1500,620,1979,47.556,-122.156,3130,10950,13.626768433367397
3,1.75,2120,1.0,0,0,3,1060,1060,1947,47.7083,-122.308,1840,11000,12.959844447906553
4,2.25,2060,2.0,0,0,3,2060,0,1983,47.7228,-122.103,1610,8062,13.204864598916073
4,2.5,1930,2.0,0,0,3,1930,0,1993,47.3645,-122.039,1670,9485,12.691580461311874
3,2.5,3940,2.0,0,0,3,3110,830,1992,47.6468,-122.116,2720,11941,13.746588041145232
5,2.25,3220,2.0,0,0,3,3220,0,1972,47.6474,-122.11,2260,10093,13.312983737012978
3,2.0,1570,1.0,0,0,3,1570,0,1999,47.4286,-122.185,2010,5600,12.691580461311874
3,1.75,1780,1.5,0,0,3,1080,700,1957,47.5105,-122.36,1500,5000,12.388394202324129
3,1.75,1580,1.0,0,0,5,1580,0,1911,47.5256,-122.38,1580,6207,12.468436909997665
3,1.0,1060,1.0,0,0,4,1060,0,1967,47.7355,-122.231,1570,9938,12.721885810807203
4,2.5,2990,2.0,0,0,3,2990,0,2000,47.5394,-121.875,2980,8622,13.377780489268835
2,1.5,2010,2.0,0,0,3,2010,0,1952,47.4947,-122.233,1360,8037,12.292250341771226
3,3.25,1560,2.0,0,0,3,1260,300,2009,47.5637,-122.375,1560,4800,13.012548511397123
3,2.0,1290,1.0,0,0,3,1290,0,1978,47.3787,-122.169,1290,12357,12.449018824140563
3,2.25,2200,2.0,0,0,4,2200,0,1986,47.7266,-122.103,2290,7868,13.3645249345543
4,2.0,1830,2.0,0,0,3,1830,0,1908,47.6593,-122.327,1650,4590,13.458835614025542
5,3.0,2920,2.0,0,0,3,2140,780,1960,47.654,-122.342,1620,1544,13.62918097977278
3,2.25,2930,2.0,0,2,3,1920,1010,2000,47.6301,-122.301,1870,5040,14.141210697603576
4,2.5,3250,2.0,0,0,3,3250,0,2007,47.4004,-122.203,2960,4650,12.775638764318764
3,2.0,1760,1.0,0,0,4,980,780,1942,47.6388,-122.397,1760,6004,13.444446876573442
2,1.0,900,1.0,0,0,3,900,0,1979,47.2616,-122.251,1767,8308,12.066810578196666
3,2.0,1670,1.0,0,0,3,1100,570,1988,47.69,-121.913,1660,15593,12.691580461311874
3,2.0,1940,1.0,0,0,5,1940,0,1954,47.5913,-122.149,2330,10018,13.503535792943449
4,2.5,2080,1.0,0,0,3,1240,840,1984,47.3338,-122.268,1890,7977,12.56706326353651
4,3.5,3470,2.0,0,3,3,2520,950,1979,47.7146,-122.279,2360,10541,13.604789526648622
3,1.5,1500,1.0,0,0,5,1500,0,1953,47.7276,-122.312,1420,6337,12.506177237980511
4,2.0,2340,1.5,0,0,4,2340,0,1959,47.3578,-122.178,990,10507,12.301382825334498
2,1.5,1320,2.0,0,0,3,1100,220,2008,47.5879,-122.304,1340,1213,12.744026936684417
3,2.5,2480,2.0,0,0,3,2480,0,1992,47.771,-122.166,2480,7480,13.180632285528304
4,2.0,1750,1.0,0,0,4,1750,0,1943,47.5097,-122.181,1440,7865,12.417143615610113
4,1.5,1800,1.0,0,0,3,1330,470,1966,47.4982,-122.345,1780,8664,12.516310903695317
3,2.25,3230,2.0,0,0,4,3230,0,1973,47.5683,-122.188,3690,17162,14.56219850545225
3,1.75,1310,1.0,0,0,3,1310,0,1979,47.4051,-122.29,1440,9893,12.396693005138824
3,2.5,1390,2.0,0,0,3,1390,0,2009,47.5298,-122.269,1390,2450,12.24913213499062
3,2.0,3570,1.0,0,1,3,2070,1500,1946,47.6413,-122.24,3570,27418,14.603967918328545
4,1.75,2000,1.0,0,0,3,1100,900,1963,47.3428,-122.303,1720,7350,12.495003937382387
3,1.75,2030,1.0,0,0,3,1600,430,1981,47.7112,-122.098,2910,34190,13.300509562787802
3,1.75,2820,1.0,0,0,5,1540,1280,1920,47.5094,-122.376,1640,7850,13.03178199917309
3,2.25,1380,2.0,0,0,3,1140,240,2007,47.678,-122.375,1460,1403,13.071070083016778
4,2.0,1620,2.0,0,0,4,1620,0,1975,47.395,-122.176,1710,7500,12.468436909997665
4,2.25,2360,2.0,0,0,4,2360,0,1974,47.6495,-122.198,2360,9337,13.531156275605168
4,2.5,1770,2.0,0,0,3,1770,0,2001,47.3672,-122.099,1770,6606,12.542187675503545
3,1.75,1850,1.0,0,0,3,1020,830,1909,47.6605,-122.326,1850,5100,13.270783382522602
4,2.5,1580,2.0,0,0,4,1580,0,1984,47.3768,-122.118,1590,6633,12.581078546153629
4,2.0,2600,1.0,0,2,3,1400,1200,1953,47.637,-122.371,2050,3505,13.567049198665774
3,1.5,2120,1.0,0,0,4,1420,700,1973,47.2906,-122.055,1780,42000,12.691580461311874
2,1.0,1190,1.0,0,0,3,1190,0,1946,47.5896,-122.243,1700,6968,13.282950442052277
4,2.5,2490,2.0,0,0,3,2490,0,1983,47.6161,-122.021,2440,12929,13.331002242515657
3,2.5,1690,2.0,0,0,3,1150,540,2014,47.5521,-121.998,1690,1860,12.911056989615814
4,2.5,2260,2.0,0,0,3,2260,0,2003,47.7247,-122.165,2260,3713,13.235692062711331
5,1.75,2440,1.5,0,4,4,1740,700,1944,47.4948,-122.37,2390,10907,13.547631112808673
4,1.75,2800,1.0,0,0,3,1400,1400,1924,47.6803,-122.313,1490,5400,13.668169970065565
4,3.5,4680,2.0,0,0,3,3040,1640,2008,47.6984,-122.206,3240,10749,14.115615150414612
4,2.5,3240,2.0,0,0,3,2060,1180,2008,47.6405,-122.356,1820,3600,14.01436141670944
4,1.75,3990,2.0,0,0,3,3990,0,2006,47.5305,-122.131,5790,13709,13.997832114758229
3,1.75,1900,1.0,0,0,3,1900,0,1987,47.3041,-122.066,1950,35847,12.721885810807203
3,2.5,2075,2.0,0,0,3,2075,0,2002,47.4848,-121.698,2300,32379,12.978954794108972
3,1.75,1750,1.0,0,0,3,1150,600,1962,47.3997,-122.313,1820,9623,12.538967060803502
3,2.0,1590,1.0,0,0,3,1320,270,1939,47.6864,-122.341,1620,5150,13.487006490992238
3,1.75,1700,1.5,0,0,5,1700,0,1931,47.4704,-122.076,1100,39504,13.208541073645382
3,2.25,2480,1.0,0,4,3,1330,1150,1967,47.5497,-122.396,2500,8178,13.864300722133706
5,3.5,3450,1.0,0,0,5,2350,1100,1972,47.6991,-122.196,2640,14978,13.652991628466498
4,2.5,2130,1.0,0,0,3,1290,840,1978,47.3815,-122.169,1770,7700,12.301382825334498
4,3.5,3500,2.0,0,0,3,2850,650,2014,47.5481,-122.103,3640,40545,13.813508555293602
4,2.5,2520,2.0,0,0,3,2520,0,1999,47.7233,-121.959,2130,6930,13.017002861746503
4,1.75,1880,1.0,0,0,4,1880,0,1965,47.5838,-122.123,1750,8591,13.195613839143922
2,2.0,1240,2.0,0,0,3,1240,0,1985,47.6793,-122.395,1660,5000,13.005829561148378
3,2.5,2230,2.0,0,0,3,2230,0,2014,47.7295,-122.334,2230,4513,13.489780417874963
4,2.0,2490,1.0,0,0,3,2490,0,2002,47.2725,-121.929,1910,129373,13.287877815881902
2,1.0,1810,1.0,0,0,3,1010,800,1946,47.5039,-122.266,1810,10360,12.283033686666302
3,1.5,1060,1.0,0,0,3,1060,0,1973,47.4293,-122.151,1410,9515,12.449018824140563
3,2.25,2130,1.0,0,0,3,1270,860,1978,47.383,-122.168,1960,8075,12.553202176625375
3,1.0,1000,1.0,0,0,3,1000,0,1955,47.3217,-122.317,1190,9375,11.84939770159144
2,1.0,810,1.0,0,0,3,810,0,1980,47.5313,-122.28,1180,4755,11.951180395901384
3,1.5,1300,1.0,0,0,3,900,400,1970,47.3737,-122.224,1630,7600,12.506177237980511
3,3.0,3730,1.0,0,0,3,2960,770,1979,47.5814,-122.122,2280,16026,13.623138665316818
4,3.0,2940,2.0,0,1,3,2220,720,2011,47.5437,-122.395,2240,7950,13.676248490630767
3,1.75,1600,1.0,0,0,4,1600,0,1967,47.7202,-122.249,2010,14850,13.142166004700508
3,1.5,1740,1.0,0,0,4,1740,0,1955,47.5897,-122.136,1390,9770,13.064734264567692
3,1.75,1890,1.0,0,0,4,1890,0,1968,47.5697,-122.163,2720,11144,13.262125319779487
3,1.0,1100,1.0,0,0,4,900,200,1929,47.6872,-122.351,1170,4080,12.968629277462286
3,2.5,1040,2.0,0,0,3,720,320,2004,47.5165,-122.268,1540,5110,12.254862809699606
4,2.0,1960,1.0,0,0,3,960,1000,1922,47.58,-122.405,1680,4520,13.521139497361697
4,3.25,3910,2.0,0,0,3,3130,780,2006,47.5389,-121.86,4410,6015,13.472949824002503
3,2.5,2430,2.0,0,0,3,2430,0,2007,47.6062,-122.057,2640,11990,13.217673557208654
3,2.5,3370,2.0,0,0,3,3200,170,1951,47.7388,-122.339,1730,9430,13.151922179645874
3,1.0,1190,1.0,0,0,4,1190,0,1959,47.7428,-122.244,1850,10500,12.631340380934517
4,2.25,2090,2.0,0,0,3,2090,0,1975,47.4332,-122.167,1890,7946,12.538967060803502
4,2.5,2240,2.0,0,0,3,2240,0,2014,47.2911,-122.266,2240,5040,12.71050789427415
3,1.75,1840,1.0,0,0,4,1840,0,1964,47.67,-122.155,1840,8060,13.217673557208654
3,1.5,720,1.0,0,1,1,720,0,1924,47.584,-122.375,2600,7360,12.594730635321957
4,2.75,2910,1.0,0,0,3,1640,1270,1985,47.7352,-122.201,1970,7127,13.17115354157376
3,1.0,1250,1.5,0,0,3,970,280,1903,47.6757,-122.327,1830,4080,13.226723392728571
4,3.25,3160,2.0,0,0,3,2460,700,1997,47.5153,-122.178,2900,10000,13.232114241363448
3,1.75,1580,1.0,0,0,4,1180,400,1951,47.5368,-122.265,2150,11750,13.262125319779487
4,2.5,2780,2.0,0,0,3,2780,0,2003,47.5225,-122.156,3000,6029,13.444446876573442
4,3.5,3170,2.0,0,0,3,2530,640,2008,47.5049,-122.155,2640,3844,13.112313041550827
4,2.5,2700,1.0,0,0,3,1670,1030,1978,47.7752,-122.198,2470,9228,13.081541382884074
5,3.5,3280,2.0,0,0,3,2440,840,2003,47.689,-122.396,1980,4000,13.804449610604848
4,3.0,2490,2.0,0,0,3,2490,0,2005,47.3509,-122.165,2650,5880,12.821258284620408
3,2.0,1440,1.0,0,0,4,1440,0,1965,47.7243,-122.185,1800,8344,12.911642346088676
4,3.5,2630,1.5,0,3,3,1640,990,1984,47.4355,-122.272,1920,2435,12.691580461311874
2,1.0,670,1.0,0,0,3,670,0,1919,47.5769,-122.372,700,2970,12.072541252905651
5,3.5,3880,2.0,0,3,4,2540,1340,1979,47.5696,-122.156,3690,13885,13.934182087681773
5,3.5,2160,3.0,0,0,3,2160,0,2007,47.6726,-122.39,1750,4650,13.527828485512494
3,1.0,1020,1.0,0,0,4,880,140,1928,47.6924,-122.31,1580,5376,13.132313708257497
4,2.5,2800,2.0,0,0,3,2800,0,1992,47.7432,-122.112,2280,36420,13.531654490346023
2,2.5,1590,2.0,0,0,3,1220,370,2009,47.5489,-122.364,1590,2306,12.628067055589549
2,1.0,800,1.0,0,0,3,800,0,1918,47.6566,-122.358,1300,4320,12.83067328355501
5,3.5,3672,2.0,0,0,3,3006,666,2006,47.3255,-122.192,2140,9118,12.911642346088676
4,3.0,3600,2.0,0,0,4,3600,0,1959,47.6257,-122.208,2620,10400,14.344961645853429
2,2.5,2270,3.0,0,0,3,1820,450,2009,47.6757,-122.121,2180,1763,13.393916067926225
4,2.5,1900,1.0,0,0,3,1900,0,1968,47.2089,-122.003,1420,8350,12.506177237980511
4,2.0,1700,2.0,0,0,3,1700,0,1990,47.3748,-122.186,1960,7650,12.533576212168626
3,2.0,1260,2.0,0,0,3,1260,0,1987,47.6821,-122.378,1590,3825,12.611537753638338
3,1.5,2560,1.5,0,0,5,1660,900,1927,47.6384,-122.279,2560,4000,13.897090544956697
3,1.0,1380,1.0,0,0,3,980,400,1981,47.4339,-122.192,1910,7859,12.013700752882718
6,2.75,2630,1.0,0,0,4,1650,980,1974,47.6309,-122.093,2250,12255,13.27594246533263
4,2.5,2930,2.0,0,0,3,2930,0,2008,47.3846,-122.186,3038,7095,12.952760593018148
3,2.0,1640,1.0,0,0,3,1640,0,1995,47.3589,-122.281,1640,9240,12.542544882151386
4,2.5,2830,2.0,0,0,3,2830,0,1995,47.6597,-122.29,1950,5000,13.693342923990066
4,3.0,2980,2.0,0,0,2,2640,340,1981,47.7154,-122.161,2010,7332,13.764217263576723
2,1.0,930,1.0,0,0,4,930,0,1953,47.6952,-122.275,1770,6000,12.948009990259552
3,1.0,1440,1.5,0,0,3,1440,0,1937,47.6976,-122.283,1700,7770,13.16733674304706
3,1.0,1180,1.0,0,0,4,1180,0,1964,47.7276,-122.241,1450,8154,12.765688433465597
2,1.75,1340,2.0,0,0,3,1060,280,2006,47.618,-122.311,2480,1707,13.16158409055761
5,2.5,3990,1.0,0,0,4,1990,2000,1962,47.6236,-122.299,2090,5000,13.321214236149494
4,2.0,2130,1.0,0,0,5,1070,1060,1922,47.6545,-122.333,1990,3990,13.592367006650065
2,1.0,690,1.0,0,0,3,690,0,1943,47.5287,-122.367,1000,6400,12.730801174465157
2,1.0,800,1.0,0,0,4,800,0,1944,47.5001,-122.242,880,6050,12.323855681186558
6,2.0,1900,1.0,0,0,4,1170,730,1959,47.762,-122.335,2090,8626,12.834681304952548
3,2.25,1410,1.0,0,2,3,1170,240,1987,47.5336,-121.76,1560,18336,12.772805901234461
3,1.0,1000,1.0,0,0,3,1000,0,1969,47.4829,-122.124,1490,10647,12.487485104968359
3,1.75,1640,1.0,0,0,3,1090,550,1948,47.5324,-122.38,1640,7436,13.228523573232719
3,2.5,2090,1.5,0,0,4,2090,0,1928,47.6567,-122.281,2730,6000,14.126664986601197
3,1.75,1980,1.0,0,0,3,1980,0,1991,47.3745,-122.224,1630,7650,12.631340380934517
4,2.5,2790,2.0,0,0,3,2790,0,1997,47.6628,-122.056,2790,24643,13.49461635130638
5,2.0,1380,1.5,0,0,3,1380,0,1916,47.6647,-122.337,1830,3800,13.043320170063875
3,2.5,1800,2.0,0,0,3,1690,110,2004,47.5491,-122.276,1570,4097,13.071070083016778
4,1.5,1620,1.0,0,0,3,1620,0,1956,47.6041,-122.126,1890,8400,12.959844447906553
3,2.0,1260,1.0,0,0,3,1260,0,1986,47.3635,-122.054,1950,8092,12.396693005138824
4,1.0,1640,1.5,0,0,3,1640,0,1925,47.6601,-122.332,1730,3990,13.632308613743012
3,1.75,1860,1.0,0,0,4,1240,620,1961,47.4913,-122.143,1940,9629,12.66032791780777
3,2.75,3070,2.0,0,0,3,2440,630,1987,47.6444,-122.191,3490,11913,13.81626027685482
4,1.0,1390,1.5,0,0,4,1390,0,1926,47.685,-122.363,1430,3708,13.321214236149494
2,2.0,1370,3.0,0,0,3,1370,0,2004,47.6721,-122.387,1280,1878,13.214030565930152
1,1.0,560,1.0,0,0,3,560,0,1947,47.5335,-122.348,980,4120,11.407564949312402
6,4.5,3500,2.0,0,0,3,3500,0,1980,47.7351,-122.295,1550,8460,12.765688433465597
3,2.5,2610,2.0,0,0,3,2610,0,2005,47.4821,-122.142,2810,5000,13.151922179645874
3,2.0,3650,2.0,0,0,4,3650,0,1991,47.3627,-122.496,1870,273992,13.217673557208654
3,2.25,2180,1.0,0,0,4,1660,520,1966,47.5358,-122.235,2600,10034,13.721199878493033
3,2.5,1980,2.0,0,0,3,1470,510,1996,47.6659,-122.369,1500,1873,13.270783382522602
2,1.0,580,1.0,0,0,3,580,0,1943,47.4852,-122.251,1700,11250,11.407564949312402
3,3.5,4110,1.0,0,1,3,2230,1880,2000,47.6996,-122.229,2500,15400,14.187074114396758
3,1.75,1300,1.0,0,3,3,880,420,1961,47.6071,-122.285,2440,5051,13.42468772659298
3,1.0,1240,1.0,0,0,4,1240,0,1927,47.6835,-122.347,1650,3360,13.399995114002609
3,1.0,1380,1.0,0,0,4,1380,0,1954,47.7134,-122.288,1190,6075,12.84792653170257
3,2.5,1870,2.0,0,0,3,1870,0,2003,47.7552,-122.221,2040,5555,13.034624463096321
4,2.25,2550,1.0,0,0,4,2550,0,1967,47.3193,-122.212,1770,9686,12.66032791780777
2,1.5,1070,1.0,0,0,3,1070,0,1985,47.3533,-122.166,1220,8386,12.439958293376286
3,1.75,1260,1.0,0,0,4,1260,0,1969,47.7263,-122.205,1330,7326,12.764258840656002
3,1.0,840,1.0,0,0,4,840,0,1945,47.3948,-122.028,1430,12600,12.100712129872347
3,1.0,940,1.0,0,0,3,940,0,1968,47.6889,-122.117,1430,8370,12.757080058928997
2,1.0,1780,1.0,0,3,4,1780,0,1954,47.2712,-122.265,1780,26723,12.506177237980511
4,2.5,2270,2.0,0,0,3,2270,0,2014,47.6916,-122.37,1210,5000,13.607255619143816
3,1.75,1830,1.0,0,0,3,1830,0,1954,47.7754,-122.233,1860,10180,12.894207284266574
3,2.25,1670,1.0,0,0,3,1170,500,1977,47.7253,-122.309,1470,9500,12.959844447906553
4,3.75,5150,2.0,0,3,3,4360,790,1997,47.6795,-121.991,2500,215186,14.576316386998034
2,1.0,700,1.0,0,0,3,480,220,1951,47.4976,-122.262,1760,6360,11.694413341015606
5,4.5,4820,2.0,0,0,4,3950,870,1990,47.7295,-122.057,3880,13810,13.876605657324085
4,2.5,1990,2.0,0,0,3,1990,0,2012,47.732,-122.178,1990,2665,13.193753373491
4,2.75,2475,2.0,0,0,3,2475,0,2014,47.3452,-122.21,2166,4000,12.675763725937609
3,1.0,1660,1.0,0,0,4,1060,600,1940,47.7105,-122.306,1450,7500,13.034624463096321
3,2.5,2640,2.0,0,0,3,1680,960,1991,47.441,-122.125,2260,7373,12.80765263256463
3,2.5,1880,2.0,0,0,3,1880,0,2009,47.3366,-122.052,2180,5185,12.556729517143344
3,1.75,1390,1.0,0,3,4,840,550,1912,47.4725,-122.202,1390,10875,12.545931996540345
4,2.0,1630,1.5,0,0,3,1630,0,1967,47.3658,-122.317,1320,8774,12.577636201962656
3,2.5,2380,2.0,0,0,3,2380,0,2001,47.2932,-122.283,2830,11505,12.61153442029945
3,2.75,2660,1.0,0,0,3,1330,1330,1962,47.4127,-122.071,1560,222591,13.269057756555132
3,1.75,1120,1.0,0,0,4,870,250,1916,47.6684,-122.368,1470,4000,13.005829561148378
3,2.5,2300,1.0,0,0,3,1800,500,1961,47.7767,-122.369,2460,18540,13.269057756555132
3,2.0,1510,1.5,0,0,3,1510,0,1905,47.6088,-122.294,1510,3817,13.422467969854667
4,2.5,2230,2.0,0,0,5,1540,690,1935,47.6698,-122.334,2020,4372,13.710150042306449
4,2.5,3560,2.0,0,0,3,3560,0,2003,47.5593,-122.016,3190,6981,13.554145793829866
4,1.0,1200,1.5,0,0,3,1200,0,1944,47.4951,-122.248,1070,6050,12.332705296463539
3,1.5,1100,1.0,0,0,3,1100,0,1967,47.3185,-122.29,1570,32700,12.2783933071098
2,1.0,770,1.0,0,0,3,770,0,1953,47.6999,-122.364,1710,6000,12.886641043883259
4,2.5,2850,2.0,0,0,3,2850,0,2001,47.5835,-121.996,2850,5475,13.429774545037105
2,2.0,2360,1.5,0,0,3,2360,0,1997,47.5835,-122.227,3030,11340,13.899392041944976
3,2.25,2120,1.0,0,0,3,1720,400,1979,47.3524,-122.285,2320,13100,12.712890247898626
4,2.5,2940,2.0,0,0,3,2940,0,1986,47.5627,-122.018,2670,10982,13.422467969854667
3,2.0,1810,1.0,0,0,3,1810,0,1970,47.4648,-121.756,1360,12931,12.577636201962656
4,3.25,3760,1.5,0,0,5,2400,1360,1950,47.6687,-122.264,3430,11050,14.27293540500315
2,1.0,1430,1.5,0,0,3,1150,280,1944,47.7256,-122.361,1820,8157,12.765688433465597
3,2.5,2530,2.0,0,0,3,2530,0,1995,47.6853,-122.16,2140,7950,13.483528226615913
4,2.25,2510,2.0,0,0,3,1840,670,2012,47.7345,-121.967,2070,4090,12.92391243868049
3,2.25,2430,1.0,0,0,4,1430,1000,1978,47.5534,-122.16,2550,10427,13.444446876573442
5,3.5,4150,2.0,0,0,3,4150,0,2006,47.3417,-122.182,3840,15121,13.36138027787483
2,1.75,1000,1.0,0,0,4,1000,0,1975,47.3811,-122.32,1150,4000,12.254862809699606
3,2.5,1490,2.0,0,0,3,1490,0,2002,47.374,-122.133,2060,4384,12.491063600170463
4,2.5,3310,2.0,0,0,3,3310,0,2012,47.515,-121.87,2380,5000,13.226723392728571
4,1.75,2220,2.0,0,3,4,2220,0,1964,47.4519,-122.375,2430,11600,13.081541382884074
3,2.0,1710,2.0,0,0,4,1710,0,1988,47.2917,-122.373,1710,7225,12.431214199507057
2,1.0,1070,1.0,0,0,3,1070,0,1900,47.6168,-122.303,1380,2370,13.142166004700508
3,2.0,1750,1.5,0,0,4,1750,0,1936,47.7489,-122.35,1830,8100,12.691580461311874
4,2.75,2790,2.0,0,0,3,2790,0,2014,47.4827,-121.773,2620,5509,13.088709381291137
2,1.0,1060,1.0,0,0,3,1060,0,1908,47.6739,-122.329,1730,4080,13.624350052503114
3,3.25,2090,1.0,0,0,3,1510,580,1989,47.3097,-122.099,2690,40820,12.84792653170257
3,1.5,1540,1.0,0,0,4,1540,0,1966,47.4755,-122.157,1550,11473,12.7868906411162
4,4.0,5050,2.0,0,0,3,3260,1790,2000,47.5269,-121.922,3370,213444,14.104441849816487
3,2.5,2460,1.0,0,0,4,1860,600,1977,47.4824,-122.0,2870,102366,13.304684934198283
5,2.75,3090,1.0,0,0,5,1600,1490,1968,47.5342,-122.226,2280,10800,13.972514306773938
3,1.5,1420,1.0,0,0,5,1420,0,1957,47.4193,-122.149,1540,21780,12.505806799006097
4,3.25,2420,1.5,0,0,5,1870,550,1911,47.6567,-122.325,1810,4000,13.732128949025222
2,1.0,640,1.0,0,0,4,640,0,1918,47.6776,-122.361,1460,4200,12.962194625251508
4,2.5,4660,2.0,0,0,3,3020,1640,2003,47.5352,-122.156,3300,7047,13.541073712262515
3,1.75,1530,1.0,0,0,3,1200,330,1967,47.7768,-122.361,1530,8028,13.001325049027272
3,3.5,2710,2.0,0,0,3,1650,1060,2005,47.5371,-122.073,2280,2738,13.329377546788654
3,2.0,1740,1.0,0,0,3,1230,510,1989,47.7397,-122.242,1740,11250,12.911642346088676
6,1.5,2140,1.5,0,0,4,2140,0,1903,47.2668,-122.252,1710,12000,12.345834587905333
3,2.5,2390,2.0,0,0,3,2390,0,2006,47.6199,-122.025,2540,4500,13.45166712454693
4,3.75,3880,2.5,0,0,3,3880,0,2007,47.5408,-121.992,3130,6112,13.87377946608825
3,2.75,2290,1.0,0,0,5,1400,890,1967,47.5343,-122.185,2540,8640,13.083622549087899
4,2.25,2050,2.0,0,0,4,2050,0,1978,47.3215,-122.204,1620,7400,12.628067055589549
3,1.75,1360,1.0,0,0,4,1360,0,1984,47.2983,-122.374,1580,8280,12.314927050442256
3,2.5,1730,2.0,0,0,3,1730,0,1993,47.3505,-122.032,1780,6597,12.66032791780777
3,1.75,1510,1.0,0,0,4,1510,0,1962,47.6183,-122.113,1770,8250,13.154113950717152
3,1.75,1300,1.5,0,0,4,1300,0,1925,47.5589,-122.394,1090,5124,13.151922179645874
1,0.75,760,1.0,0,0,4,760,0,1915,47.3046,-122.215,970,6696,11.461632170582678
3,1.75,1260,2.0,0,0,3,810,450,2011,47.5261,-122.361,1260,1172,12.449018824140563
3,2.0,1470,1.5,0,0,4,1470,0,1926,47.6398,-122.393,1700,5000,13.369223455335854
3,1.75,1930,1.0,0,0,3,1930,0,1977,47.7692,-122.128,1930,35060,13.253391639810733
5,3.0,2200,1.0,0,0,3,1160,1040,1971,47.7726,-122.111,2300,103237,13.212204081404119
2,1.0,800,1.0,0,0,4,800,0,1953,47.7621,-122.358,1220,7000,12.594730635321957
3,2.5,1600,2.0,0,0,3,1600,0,2004,47.5345,-122.069,1410,1287,12.89921982609012
4,2.25,3010,2.0,0,0,4,3010,0,1988,47.3326,-122.201,2690,10925,12.979635541110842
4,1.0,1390,1.0,0,0,3,1050,340,1924,47.6596,-122.338,1810,4240,13.39559149288596
3,1.75,2870,1.5,0,1,3,2870,0,1948,47.4485,-122.355,2420,20500,13.17115354157376
4,2.25,2190,2.0,0,0,3,2190,0,2005,47.3896,-122.034,2200,3591,12.591335046320818
8,5.0,2800,2.0,0,0,3,1880,920,1997,47.6086,-122.303,1800,2580,13.102160670086809
5,2.75,3750,2.0,0,4,3,3750,0,2005,47.3525,-122.002,3120,7255,13.560618308335483
3,1.75,1520,1.0,0,0,4,1520,0,1967,47.473,-122.149,1590,10183,12.154779351142624
2,2.0,1350,1.0,0,0,3,1350,0,2003,47.7094,-122.03,1440,3900,12.966878474563934
4,1.0,1530,2.0,0,0,3,1530,0,1977,47.3638,-122.091,1470,4875,12.007621706806335
3,2.5,2360,2.0,0,0,3,2360,0,2003,47.5317,-121.853,2360,4744,12.971540487669746
3,1.5,1780,1.0,0,0,3,1780,0,1954,47.7631,-122.028,2740,133419,13.373900003219756
4,1.75,2290,1.0,0,0,5,1270,1020,1969,47.5328,-122.051,2290,10200,13.122363377404328
3,2.0,720,1.0,0,0,5,720,0,1947,47.5483,-122.36,1080,7209,12.611537753638338
3,1.0,970,1.0,0,0,3,970,0,1972,47.4451,-121.768,1110,9600,12.396693005138824
3,2.25,2290,2.0,0,0,3,2290,0,1981,47.5874,-122.074,1660,36961,13.208541073645382
4,1.0,1450,1.0,0,0,3,1450,0,1943,47.4972,-122.348,1160,7680,12.404923504275338
5,3.5,3090,2.0,0,0,3,2060,1030,2000,47.6217,-122.309,2240,3904,13.9223449868781
4,1.75,2260,1.0,0,0,3,1620,640,1976,47.6224,-122.109,1960,10000,13.226723392728571
3,1.75,1370,1.0,0,0,4,1370,0,1980,47.4096,-122.172,1850,7820,12.310432660854417
3,2.5,2150,2.0,0,0,3,1330,820,1995,47.4178,-121.937,2400,207781,13.148031124152906
4,2.5,3890,2.0,0,0,3,3890,0,1996,47.7749,-122.048,3600,28435,13.560618308335483
4,3.25,5180,2.0,0,3,3,3540,1640,2006,47.562,-122.162,3160,9750,14.626440774180603
4,1.5,2470,1.5,0,0,3,1480,990,1940,47.6365,-122.391,2140,4000,13.458835614025542
5,3.25,4140,1.0,0,4,3,2190,1950,1973,47.7633,-122.369,3220,22077,14.151982794585487
3,4.0,5120,3.0,0,2,3,4490,630,2008,47.7052,-122.223,2510,5918,14.253765488895429
3,1.75,1430,1.0,0,0,3,1430,0,1959,47.6371,-122.123,1750,10350,13.096019402064726
4,2.75,3370,1.0,0,2,5,2110,1260,1977,47.5259,-122.204,2460,7634,13.487006490992238
4,1.75,1700,1.0,0,0,3,1320,380,1959,47.7453,-122.351,2000,8006,12.971424201839042
5,3.25,3400,2.0,0,0,3,2740,660,2005,47.5385,-121.88,3400,6163,13.142166004700508
4,2.25,2190,2.0,0,0,3,2190,0,2006,47.4854,-122.16,1900,3850,12.765688433465597
4,2.5,2910,2.0,0,0,3,2910,0,2014,47.6826,-122.186,1880,11212,13.849911984681606
4,2.0,2110,2.0,0,0,3,1710,400,1925,47.5836,-122.387,1440,4420,13.493926933836812
3,2.0,1940,1.0,0,3,3,1090,850,1926,47.6659,-122.359,1700,4500,13.458835614025542
3,2.0,2140,1.0,0,0,4,2140,0,1983,47.4066,-122.169,2310,8783,12.80765263256463
4,2.5,2280,2.0,0,0,4,2280,0,1987,47.5719,-122.021,2240,7471,13.347265381733402
2,1.0,760,1.0,0,0,4,760,0,1950,47.7168,-122.34,950,6000,12.577463773304586
4,1.75,2410,1.5,0,0,3,2410,0,1911,47.6369,-122.355,1280,4000,14.180153671552183
3,1.5,1200,1.0,0,0,3,1200,0,1975,47.739,-122.194,1680,7800,12.796633237315017
3,2.5,2000,2.0,0,0,3,2000,0,2010,47.4937,-122.149,2230,4501,12.94084150078094
3,2.5,2070,2.0,0,0,3,2070,0,2002,47.5307,-121.875,2230,4437,12.911642346088676
4,2.0,2020,1.0,0,0,5,1010,1010,1942,47.7,-122.292,1250,6842,13.345506928718539
3,2.0,1640,1.0,0,0,4,910,730,1941,47.6546,-122.344,1670,4000,13.37700559577791
4,2.5,3560,1.0,0,1,5,2060,1500,1977,47.5657,-122.23,3680,17314,14.062839276066839
2,1.0,1000,1.0,0,2,3,1000,0,1939,47.7001,-122.311,1570,6350,12.891691559669328
3,2.5,2370,2.0,0,0,3,2370,0,2004,47.5288,-121.846,2690,6152,12.983101310070822
2,1.0,810,1.0,0,0,3,810,0,1958,47.6915,-122.312,1890,5253,13.017002861746503
5,2.25,3120,2.0,0,0,4,3120,0,1969,47.6458,-122.219,3740,17853,14.47819853103951
3,2.5,1250,3.0,0,0,3,1250,0,2004,47.6978,-122.318,1330,2298,12.774223335915433
3,1.0,1590,1.5,0,0,4,1290,300,1926,47.6807,-122.399,1770,4350,13.257768014410532
4,2.5,1830,2.0,0,0,3,1830,0,2003,47.3565,-122.016,1830,5175,12.65075846679162
4,3.25,3930,2.0,0,0,3,3930,0,2006,47.6259,-122.194,1780,9999,14.444119217386648
2,1.0,1220,1.0,0,0,5,1220,0,1950,47.7405,-122.241,2000,9600,12.706847933442663
3,2.0,1640,1.0,0,0,3,1640,0,1959,47.7425,-122.241,1340,9750,12.834681304952548
3,2.5,1650,2.0,0,0,3,1650,0,1998,47.6553,-121.912,1650,15144,12.513557345278134
4,2.5,1990,2.0,0,0,3,1680,310,2005,47.6696,-122.371,1560,2087,13.296316684527767
2,1.0,900,1.0,0,0,3,900,0,1947,47.6877,-122.289,1270,5512,13.060487973686241
3,2.5,1600,2.0,0,0,3,1600,0,2003,47.386,-122.036,1520,3225,12.409013489526863
1,1.0,520,1.0,0,0,3,520,0,1918,47.5579,-122.395,1030,5265,12.594730635321957
2,1.0,1490,1.0,0,0,3,1090,400,1946,47.6296,-122.3,1590,6000,13.262125319779487
3,3.25,1600,2.0,0,0,3,1360,240,2000,47.7151,-122.355,1390,1379,12.751299696013497
4,1.5,1860,1.0,0,0,3,1860,0,1964,47.729,-122.235,1510,11761,13.001325049027272
4,2.75,2550,1.0,0,0,3,1440,1110,1986,47.6471,-122.06,2290,8223,13.275599353303187
3,2.25,1820,1.0,0,0,3,1240,580,1981,47.7206,-122.11,2030,8750,13.071070083016778
3,2.5,2490,2.0,0,0,5,1670,820,1918,47.6403,-122.35,2310,4000,13.950915194970477
3,1.75,1100,2.0,0,0,3,780,320,2008,47.5601,-122.363,1170,4800,12.560244459250788
3,1.0,1020,1.0,0,0,3,1020,0,1944,47.5615,-122.272,1400,5465,12.84792653170257
3,1.75,1230,1.0,0,0,3,1230,0,1980,47.4431,-121.772,1250,10170,12.70381302974751
3,1.5,1310,1.0,0,0,4,1310,0,1970,47.6644,-122.148,2100,9449,13.169246963303179
2,2.5,1340,2.0,0,0,3,1150,190,2008,47.6858,-122.102,1280,1312,12.89921982609012
3,2.5,2110,1.0,0,0,4,2110,0,1985,47.3558,-122.173,1680,7508,12.57418196709457
3,2.0,2290,1.0,0,0,5,2290,0,1960,47.4672,-122.165,1660,10530,13.017002861746503
3,2.5,3540,2.0,0,0,3,3540,0,1989,47.6892,-122.048,3540,35926,13.697346199613632
3,2.5,1520,2.0,0,0,3,1520,0,1986,47.3687,-122.182,1670,7207,12.468436909997665
4,2.5,2000,2.0,0,0,3,2000,0,2003,47.3732,-122.129,2330,5390,12.556729517143344
4,2.5,1900,2.0,0,0,3,1900,0,2014,47.543,-122.368,1900,2604,12.959844447906553
5,2.75,3190,2.0,0,0,3,3190,0,2004,47.4575,-122.119,3100,5857,13.20817403381744
4,2.75,4140,2.0,0,0,3,4140,0,2002,47.3062,-122.15,3950,24190,13.396200043034057
4,2.25,2240,2.0,0,0,3,1770,470,1900,47.6027,-122.295,2120,5000,13.715690222682063
3,2.0,1640,1.0,0,0,4,1640,0,1977,47.5812,-122.002,1680,10165,12.948009990259552
4,2.25,3160,1.0,0,0,4,3160,0,1981,47.7337,-122.132,3530,38045,13.779883380321124
3,3.25,2200,2.0,0,0,4,1710,490,1947,47.5409,-122.268,1260,6765,13.17115354157376
1,1.0,1050,1.0,0,0,4,1050,0,1947,47.7294,-122.341,1420,7560,12.254862809699606
2,1.75,1220,1.0,0,0,5,860,360,1921,47.4906,-122.204,1120,5000,12.441144767709657
3,1.75,1830,1.0,0,1,3,1150,680,1928,47.5511,-122.23,3380,10854,13.217673557208654
5,2.5,2360,1.0,0,0,4,1180,1180,1961,47.5552,-122.178,2200,10461,13.17115354157376
5,3.5,2440,2.0,0,0,4,2440,0,1974,47.5814,-122.003,2000,10568,13.161487932088379
4,3.0,3720,2.0,0,0,3,3720,0,1991,47.6907,-122.161,1610,23000,13.661193197579918
4,2.5,3860,2.0,0,0,3,2930,930,2004,47.5387,-121.879,3130,6163,13.43131758513165
2,1.0,1670,1.5,0,0,5,1670,0,1930,47.7001,-122.2,1800,11355,13.112313041550827
3,2.5,2150,2.0,0,0,4,2150,0,1979,47.5573,-122.136,2540,10507,13.384650715836164
4,5.75,7220,2.0,0,4,3,6220,1000,2000,47.7097,-122.013,2680,7593,14.47819853103951
2,1.0,870,1.0,0,0,3,870,0,1941,47.5256,-122.347,1120,6150,12.409013489526863
4,2.5,2800,1.0,0,0,3,1700,1100,1971,47.7695,-122.368,2460,8165,13.252514061869373
3,2.25,2760,1.0,0,0,3,2760,0,1969,47.4504,-122.15,2760,9600,12.724866438945341
3,1.75,1770,1.0,0,0,3,1770,0,1959,47.3204,-122.364,2300,24534,12.2783933071098
4,2.25,1810,2.0,0,0,3,1810,0,1961,47.4362,-122.187,1660,9240,12.501138639610538
4,2.25,2420,2.0,0,0,4,2420,0,1977,47.4663,-122.006,2410,36680,13.122363377404328
4,1.0,1530,1.5,0,0,4,1530,0,1908,47.6748,-122.379,1300,3900,13.276799730708747
4,2.5,2280,2.0,0,0,3,2280,0,1986,47.7568,-122.141,2140,8780,13.244581010128577
5,1.5,2830,2.5,0,0,4,2830,0,1918,47.5132,-122.262,1480,4000,12.91312273125911
4,3.5,4370,2.0,0,1,3,3610,760,2003,47.5876,-122.204,2960,10347,14.491114756306057
4,2.0,1690,1.0,0,0,4,1210,480,1958,47.6052,-122.126,1620,8496,13.077366011473593
3,2.25,1640,1.0,0,0,3,1180,460,1967,47.6252,-122.104,1620,12000,13.263776130354653
4,1.75,1980,1.0,0,0,4,1320,660,1953,47.5899,-122.173,2310,10800,13.458835614025542
3,1.5,1090,1.0,0,0,3,1090,0,1967,47.4551,-122.175,1260,7560,12.495003937382387
3,3.25,1550,3.0,0,0,3,1550,0,2006,47.6767,-122.291,1550,1444,12.971540487669746
2,1.0,1120,1.0,0,0,3,1120,0,1976,47.7378,-121.912,1480,217800,12.577636201962656
3,2.5,1970,2.0,0,0,4,1970,0,2003,47.5335,-121.869,1960,5020,12.976180867226248
4,1.0,1460,1.0,0,2,3,780,680,1946,47.566,-122.38,1560,4600,13.005829561148378
4,2.75,2140,2.0,0,0,4,2140,0,1990,47.3075,-122.359,1960,7002,12.626097904969669
2,1.0,700,1.0,0,0,3,700,0,1941,47.5136,-122.349,1250,8046,12.072541252905651
4,2.5,2310,2.0,0,0,3,2310,0,1997,47.3287,-122.167,1850,6181,12.706847933442663
2,1.0,910,1.0,0,0,3,910,0,1957,47.4572,-122.184,1480,9750,12.314927050442256
3,2.5,2230,2.0,0,0,3,2230,0,2005,47.5439,-121.88,2310,4818,13.005829561148378
3,2.5,2300,2.0,0,0,3,2300,0,1989,47.4181,-122.211,2570,9694,12.886641043883259
2,0.75,1020,2.0,0,0,3,1020,0,2008,47.5941,-122.299,1020,1357,12.691580461311874
3,2.0,1300,1.0,0,0,3,1300,0,1998,47.5337,-122.187,2250,10215,13.058358047428417
3,2.0,1560,1.0,0,0,5,910,650,1976,47.3197,-122.117,1470,29150,12.429216196844383
3,1.0,940,1.0,0,0,4,940,0,1952,47.5974,-122.2,1710,6900,13.493926933836812
3,2.5,1870,2.0,0,0,3,1870,0,2004,47.4899,-122.166,1720,1852,12.577463773304586
1,1.0,620,1.0,0,0,4,620,0,1976,47.4095,-122.29,1300,12150,12.072541252905651
3,2.25,1760,1.0,0,0,3,1160,600,1986,47.4501,-122.274,1290,9587,12.506177237980511
3,1.75,1440,1.0,0,0,3,1440,0,1986,47.4473,-122.284,1640,9167,12.388185847286392
3,1.0,1510,1.0,0,0,4,1010,500,1963,47.329,-122.33,1290,8470,12.327847702456095
3,2.75,1370,3.0,0,0,3,1370,0,2003,47.67,-122.392,1320,1180,13.235692062711331
3,2.5,1790,2.0,0,0,3,1790,0,1989,47.6169,-122.045,1800,7503,13.27594246533263
6,3.75,3810,2.0,0,0,4,3810,0,1977,47.694,-122.34,1830,5125,13.541073712262515
2,1.75,1050,1.5,0,2,4,1050,0,1925,47.4727,-122.2,1320,10075,12.594730635321957
4,2.0,2280,1.0,0,0,3,1140,1140,1957,47.4067,-122.03,2580,37938,13.008074231002201
5,2.5,2880,1.0,0,0,3,1680,1200,1976,47.4332,-122.144,2080,5586,12.793859310432293
3,3.5,4310,2.0,0,2,3,3140,1170,1988,47.7735,-122.386,2280,11106,13.997832114758229
4,1.5,1470,1.0,0,0,3,1470,0,1976,47.3458,-121.948,1810,72337,12.691580461311874
4,3.5,3280,2.0,0,0,3,2880,400,2011,47.6299,-122.28,2050,3800,14.761360092079974
3,1.5,1840,2.0,0,0,5,1840,0,1961,47.7145,-122.369,2100,12474,13.438632906708023
3,1.0,1340,1.0,0,0,4,1340,0,1978,47.3527,-122.178,1650,7630,12.236286572936184
1,1.0,720,1.0,0,0,3,720,0,1907,47.6821,-122.38,1320,5100,12.721885810807203
3,1.0,1020,1.0,0,0,4,1020,0,1967,47.4235,-122.155,1300,9894,12.345834587905333
2,1.0,890,1.0,0,0,4,890,0,1918,47.5631,-122.381,1190,5175,12.921470435024938
4,2.5,2230,1.0,0,0,4,1430,800,1969,47.6623,-122.152,1970,8402,13.244581010128577
4,2.5,2830,2.0,0,0,3,2830,0,1993,47.742,-122.208,2970,9619,13.349100464228668
3,2.5,2060,2.0,0,0,3,1900,160,2001,47.5881,-122.165,2060,2936,13.42984807715229
2,1.0,2180,1.0,0,0,4,1090,1090,1947,47.7032,-122.371,1830,7378,13.102160670086809
3,3.5,2690,2.0,0,0,3,2690,0,1948,47.7717,-122.112,2300,81698,13.560618308335483
3,2.5,2280,1.0,0,0,3,1550,730,1990,47.735,-122.159,2030,3710,13.071070083016778
4,2.5,2068,2.0,0,0,4,2068,0,1976,47.3318,-122.281,1560,7524,12.528156144699286
2,1.0,860,1.0,0,0,3,860,0,1948,47.735,-122.306,1180,8189,12.607529732240799
3,2.5,1860,2.0,0,0,4,1860,0,1987,47.5674,-122.017,1850,4661,13.132313708257497
2,1.0,960,1.0,0,0,5,960,0,1949,47.5314,-122.378,1760,4488,12.84660987581782
3,1.75,1460,1.0,0,2,3,1010,450,1979,47.5311,-122.353,1400,4240,12.665078520566368
2,1.5,1020,2.0,0,0,3,1020,0,2004,47.704,-122.347,1020,3844,12.26434155365415
3,2.5,3190,2.0,0,0,3,3190,0,1988,47.6027,-122.043,3240,53143,13.542060067759218
4,4.0,2790,2.0,0,0,4,2790,0,1999,47.6033,-122.155,2740,25369,13.670484785914017
3,2.25,2520,2.0,0,0,3,1590,930,2005,47.7384,-121.878,2000,212137,13.337474757021274
3,1.5,2480,1.5,0,0,5,1620,860,1947,47.5575,-122.303,2090,4800,13.071070083016778
3,2.5,2260,2.0,0,0,3,2260,0,2005,47.5922,-122.008,2770,4566,13.217673557208654
3,1.0,840,1.0,0,0,5,840,0,1969,47.3637,-122.083,920,4680,12.220961258023925
4,2.0,2090,1.5,0,0,5,1790,300,1927,47.6881,-122.313,1660,3767,13.336506546521239
2,1.75,1210,1.0,0,0,3,1210,0,1984,47.3438,-122.037,1650,9750,11.961456448214491
3,2.25,1630,3.0,0,0,3,1630,0,2008,47.6904,-122.347,1320,1605,12.86099861326992
3,1.0,1030,1.0,0,0,3,1030,0,1924,47.4905,-122.206,1030,5250,12.628067055589549
4,2.5,3350,2.0,0,0,3,3350,0,1988,47.7197,-122.131,3920,24728,13.721199878493033
3,1.5,1740,1.0,0,0,3,1600,140,1950,47.7211,-122.33,1650,7500,12.983101310070822
4,2.0,1710,1.0,0,0,3,1030,680,1975,47.3965,-122.173,1710,7350,12.363076394339839
4,2.5,3360,2.0,0,0,3,3360,0,1987,47.6373,-122.042,2980,10615,13.547631112808673
4,3.5,2800,2.0,0,0,3,1890,910,1951,47.669,-122.275,2370,6120,13.687677186454389
3,2.5,2540,2.0,0,0,3,2540,0,1991,47.6037,-122.043,3190,71797,13.142166004700508
3,1.75,2120,1.0,0,3,4,1060,1060,1966,47.4109,-122.329,1830,8650,12.815838217151068
4,2.75,1930,1.0,0,0,3,1170,760,1997,47.5303,-122.346,1610,3840,12.70076888736628
2,1.0,820,1.0,0,0,3,820,0,1949,47.5478,-122.381,1640,6550,12.821258284620408
5,1.75,2110,1.5,0,0,4,1250,860,1946,47.6745,-122.287,1720,5000,13.420985389894444
2,1.0,760,1.5,0,0,3,760,0,1947,47.5045,-122.329,1040,5515,11.429543856031177
4,2.0,1870,1.0,0,0,3,1870,0,1966,47.4619,-122.196,2270,8580,12.691580461311874
4,2.25,2160,1.0,0,0,3,1460,700,1965,47.7595,-122.356,1880,8817,13.122263372403996
4,3.25,4420,2.0,1,4,3,3150,1270,2001,47.572,-122.102,2760,8525,14.808762330974558
4,2.75,2640,2.0,0,0,3,2640,0,1990,47.6481,-122.125,2980,9137,13.579788224443204
6,2.0,2400,1.0,0,0,3,1200,1200,1932,47.7705,-122.269,1290,9800,12.86747112777554
2,1.0,1180,1.0,0,0,4,1180,0,1949,47.7475,-122.342,1180,7200,12.724866438945341
3,1.0,1520,1.0,0,0,3,1030,490,1954,47.4527,-122.352,1530,7201,12.328290278254423
3,1.75,1650,1.0,0,0,3,1470,180,1959,47.5766,-122.236,2020,7777,13.437174117244362
4,2.5,2040,2.0,0,0,3,2040,0,2003,47.473,-122.293,1860,10954,12.591335046320818
2,1.0,720,1.0,0,0,3,720,0,1949,47.5274,-122.357,990,5160,12.423198124518821
2,2.5,1990,3.0,0,0,3,1780,210,2005,47.6264,-122.323,1955,1438,13.444446876573442
4,3.0,1550,1.0,0,0,3,860,690,1918,47.6583,-122.362,1310,5000,13.343104044102228
3,2.5,1730,3.0,0,0,3,1730,0,2011,47.653,-122.352,1330,1240,13.345506928718539
3,1.0,1180,1.0,0,0,4,1180,0,1959,47.5278,-122.063,1410,43560,12.706847933442663
4,2.5,2570,2.0,0,0,3,2570,0,2005,47.3588,-122.038,2570,4933,12.676076274775909
3,1.75,1540,1.0,0,0,5,770,770,1947,47.5763,-122.222,2020,10800,13.122363377404328
4,2.25,2240,2.0,0,0,4,2240,0,1967,47.5516,-122.217,2600,11480,13.790192749979985
3,2.0,1590,1.0,0,0,4,1590,0,1974,47.4365,-122.106,2780,23789,12.628394870704762
3,2.0,1330,1.0,0,0,4,1330,0,1954,47.7181,-122.308,1580,7202,13.086736199761178
4,2.5,1860,1.0,0,0,4,1220,640,1983,47.4046,-122.186,1860,6117,12.572103684392932
3,3.5,2800,1.0,0,0,3,2800,0,2005,47.7095,-122.022,2420,7694,13.732128949025222
4,2.75,1810,1.5,0,0,3,1810,0,1962,47.3668,-122.31,1740,8677,12.245293358683455
3,1.0,1700,1.0,0,0,4,1700,0,1967,47.3271,-122.323,1350,8164,12.254862809699606
3,2.5,2970,1.0,0,0,3,1770,1200,1995,47.6359,-122.052,2990,12049,13.17115354157376
4,2.5,2390,2.0,0,0,3,1760,630,1988,47.6144,-122.283,1940,5071,13.64709190633931
3,2.5,2600,2.0,0,1,3,2600,0,1998,47.5175,-122.205,2270,5400,13.27594246533263
3,1.5,1660,1.0,0,0,5,920,740,1918,47.5391,-122.274,1530,5665,12.959844447906553
2,1.0,940,1.0,0,0,4,940,0,1916,47.7067,-122.354,1290,7375,12.70381302974751
4,2.0,1720,1.0,0,0,3,860,860,1971,47.7307,-122.239,1250,7210,12.765688433465597
2,1.5,1180,2.0,0,0,3,1120,60,2001,47.678,-122.322,1137,1034,12.92391243868049
3,2.0,1820,2.0,0,0,4,1820,0,1994,47.6947,-122.19,1920,13402,13.401509118833824
4,4.25,4883,2.0,0,3,3,3859,1024,2006,47.263,-122.216,3736,9870,13.193753373491
5,2.25,3320,1.0,0,0,5,1660,1660,1963,47.5749,-122.213,3320,11085,13.805359206907898
5,3.5,3900,2.0,0,0,3,2650,1250,2014,47.6607,-122.362,1190,4400,13.997832114758229
2,1.75,2040,1.0,0,0,4,1430,610,1985,47.2755,-122.308,1310,7859,12.257240932104573
4,2.5,2770,2.0,0,0,3,2770,0,1991,47.4815,-121.768,2500,21656,13.186839396588693
5,2.25,2020,1.0,0,0,4,1010,1010,1963,47.5763,-122.219,1890,9233,13.527828485512494
3,2.5,2510,2.0,0,0,3,2510,0,2007,47.6987,-122.096,2520,3990,13.410545324897761
4,3.5,4870,2.0,0,0,3,4870,0,1995,47.5447,-122.124,5000,33880,14.422555039470808
2,1.0,833,1.0,0,0,3,833,0,2006,47.3889,-122.482,1380,143947,13.15683050244657
3,2.5,2550,2.0,0,0,3,2550,0,1989,47.3081,-122.391,2410,9250,12.762827201184564
3,1.0,1280,1.5,0,0,4,1280,0,1941,47.566,-121.894,1410,10500,12.581078546153629
3,3.25,3050,2.0,0,0,3,2240,810,1990,47.7445,-122.214,3050,12386,13.279367126213993
4,1.0,1910,1.5,0,0,3,1910,0,1934,47.5151,-122.366,1380,9000,12.388394202324129
4,3.25,4350,2.0,0,0,3,2870,1480,1999,47.3747,-122.156,2490,7266,13.064734264567692
5,2.75,2510,1.0,0,1,4,1600,910,1975,47.6389,-122.098,2650,9780,13.452386290345634
4,2.5,2220,2.0,0,0,3,2220,0,2001,47.4902,-122.154,1840,4500,12.911642346088676
1,1.0,1230,1.5,0,0,4,1230,0,1918,47.7055,-122.348,1190,6820,12.765545566117686
3,2.0,1400,1.0,0,0,3,1400,0,1991,47.1949,-121.989,1450,8721,12.35103841578036
2,1.75,1960,1.0,0,0,3,980,980,1957,47.4234,-122.212,1960,10140,12.542544882151386
3,2.0,1770,3.0,0,0,3,1770,0,1999,47.6102,-122.314,2010,3200,13.399995114002609
5,2.5,3370,2.0,0,0,3,3370,0,2006,47.3594,-122.036,2910,5092,12.911642346088676
3,1.0,1330,2.0,0,0,2,1330,0,1967,47.436,-122.185,1490,24000,12.367340793126296
3,2.5,1400,1.0,0,0,3,1200,200,1921,47.6865,-122.379,1440,3840,13.193753373491
2,1.5,1090,3.0,0,0,3,1090,0,2009,47.7235,-122.352,1090,1118,12.672946381766982
3,2.5,2480,2.0,0,0,3,2480,0,1990,47.3323,-122.079,2510,36549,12.873902018105829
3,2.25,2260,1.0,0,0,3,2260,0,1977,47.6385,-122.167,2820,12534,13.422467969854667
3,2.5,1680,2.0,0,0,3,1680,0,1988,47.6194,-122.041,1970,7470,13.091904169919621
2,2.0,1300,1.0,0,0,3,1300,0,2006,47.703,-122.015,1510,3876,12.929385240421846
3,0.75,490,1.5,0,0,4,490,0,1959,47.7112,-121.315,800,18297,11.918390573078392
3,1.75,2190,1.0,0,0,4,2190,0,1967,47.3098,-122.381,1980,8000,12.65395846952229
3,1.75,2420,1.0,0,0,3,1380,1040,1977,47.3301,-122.365,2550,14675,12.691580461311874
4,2.0,1690,1.0,0,0,3,1690,0,1967,47.6149,-122.124,2050,37846,13.32530422140102
4,2.5,1850,2.0,0,0,3,1850,0,1990,47.3618,-122.195,1850,6417,12.594730635321957
3,1.75,1990,1.0,0,0,3,1090,900,1961,47.488,-122.221,2150,6500,12.560244459250788
3,2.5,1940,2.0,0,0,3,1940,0,1991,47.6786,-122.151,2070,8514,13.401509118833824
3,1.75,1300,1.0,0,0,4,1300,0,1963,47.6199,-122.116,1350,8800,13.126355398673866
4,2.5,2500,2.0,0,0,3,2500,0,2014,47.5902,-122.311,1480,4300,13.36138027787483
3,3.5,1820,2.0,0,0,3,1430,390,2014,47.596,-122.298,1550,1460,13.122263372403996
4,2.75,2720,1.5,0,2,5,1840,880,1928,47.6797,-122.359,1600,4000,13.875664480784021
2,1.0,1000,1.0,0,0,3,1000,0,1951,47.5208,-122.372,1250,6000,12.487296407920908
3,1.75,1410,1.5,0,0,4,1410,0,1927,47.6695,-122.32,1820,4080,13.201174557828619
3,2.5,1400,1.0,0,0,3,1200,200,1921,47.6865,-122.379,1440,3840,12.736700896592344
2,1.0,800,1.0,0,0,4,800,0,1944,47.6639,-122.364,1150,4365,12.994530005894443
4,2.5,2050,2.0,0,0,4,2050,0,1989,47.7572,-122.022,2240,51400,13.199324418540456
3,2.5,2390,2.0,0,0,3,2390,0,2007,47.4517,-122.084,1720,44866,13.038981768465277
3,1.75,1060,2.0,0,0,4,1060,0,1983,47.3617,-122.047,1410,8100,12.594730635321957
3,1.75,1980,1.5,0,0,4,1140,840,1926,47.6733,-122.298,1590,5000,13.399995114002609
4,2.5,1800,2.0,0,0,3,1800,0,1994,47.1927,-122.015,1970,9231,12.560244459250788
2,1.75,1980,1.0,0,0,3,990,990,1981,47.6989,-122.369,1480,6738,13.279367126213993
3,2.5,2750,2.0,0,0,3,2750,0,2000,47.4376,-122.456,1250,211266,13.615839362835207
3,1.0,1080,1.0,0,0,3,980,100,1919,47.6771,-122.319,1280,3090,13.61571725525828
2,1.75,1320,1.0,0,0,4,920,400,1938,47.6878,-122.366,1200,4220,12.952760593018148
3,2.25,1820,1.0,0,0,4,1820,0,1964,47.331,-122.286,1520,8773,12.533576212168626
4,2.5,1960,2.0,0,0,3,1960,0,2003,47.3483,-122.052,1800,5894,12.468436909997665
4,1.75,2180,1.0,0,0,4,2180,0,1966,47.5359,-122.233,2560,10244,13.681979165339751
3,2.5,1820,2.0,0,0,3,1820,0,1999,47.6018,-122.021,1820,2936,13.030248088496522
2,1.0,860,1.0,0,0,3,860,0,1956,47.6977,-122.365,1570,5040,12.821258284620408
4,2.5,2580,2.0,0,0,3,2580,0,2007,47.5416,-121.994,2580,4410,13.560618308335483
3,1.75,1380,1.5,0,0,3,1380,0,1900,47.6109,-122.302,1500,5496,13.217673557208654
3,1.0,1380,1.0,0,0,5,1380,0,1965,47.7479,-122.343,1440,7473,12.721885810807203
3,3.25,4110,2.0,0,0,3,2630,1480,2002,47.5506,-122.187,2640,14700,13.737549016494562
4,1.75,1560,1.0,0,0,4,1560,0,1967,47.7274,-122.181,2080,8000,12.854483932248728
3,1.0,1100,1.0,0,0,4,1100,0,1955,47.3632,-122.174,1770,6050,12.089538829274222
4,2.75,3210,1.0,0,0,5,1810,1400,1975,47.7338,-122.169,1840,8000,13.270783382522602
3,1.0,1250,1.0,0,0,5,1250,0,1945,47.4235,-122.051,1820,217800,11.608235644774552
3,2.5,2100,2.0,0,4,3,2100,0,1945,47.5865,-122.397,2100,6000,13.592367006650065
5,2.25,3580,2.0,0,0,5,3580,0,1966,47.5364,-122.239,3390,17000,14.156892152514327
3,2.0,1470,2.0,0,0,3,1310,160,2003,47.5653,-122.369,1470,2288,12.84792653170257
4,2.5,3010,2.0,0,0,3,3010,0,2005,47.7389,-122.221,2810,11282,13.45166712454693
3,2.25,3060,2.0,0,0,3,3060,0,1983,47.5611,-122.106,3060,11455,13.664687668229691
3,2.0,2870,1.5,0,1,4,1790,1080,1946,47.6813,-122.275,2310,6466,13.604789526648622
4,2.25,1970,1.0,0,0,3,1390,580,1983,47.7219,-122.109,1970,8248,13.071070083016778
3,3.5,1460,2.0,0,0,3,1150,310,2006,47.6169,-122.309,1460,1245,13.253391639810733
3,2.25,1550,3.0,0,0,3,1550,0,2011,47.6989,-122.346,1550,1480,12.84792653170257
4,2.5,1900,2.0,0,0,3,1900,0,2007,47.489,-122.249,1960,3379,12.721885810807203
3,1.0,1120,1.0,0,0,4,1120,0,1969,47.7575,-122.072,1300,10000,12.676076274775909
3,1.75,1490,1.0,0,0,4,1490,0,1976,47.4514,-122.134,2440,9600,12.652359748158593
2,1.5,1510,2.0,0,0,4,1510,0,1985,47.6211,-122.153,1510,2055,13.005829561148378
2,1.75,1610,1.0,0,0,3,950,660,1996,47.5565,-122.275,1510,5284,12.891691559669328
4,2.5,1890,1.0,0,0,3,980,910,1980,47.551,-122.356,1590,6954,12.691580461311874
4,3.5,3960,2.0,0,0,3,2850,1110,2006,47.6461,-122.389,2840,6400,13.993656743347747
2,2.5,1380,2.0,0,0,3,1140,240,2011,47.5462,-122.369,1580,2036,12.560244459250788
3,1.0,1010,1.0,0,0,3,1010,0,1955,47.735,-122.309,1110,8108,12.206072645530174
4,1.75,2440,1.0,0,0,3,1610,830,1978,47.3743,-122.285,2180,7680,12.706847933442663
5,2.25,2570,1.0,0,1,3,1470,1100,1950,47.4487,-122.352,2570,19807,13.159659162148026
3,2.0,1330,1.0,0,0,4,630,700,1900,47.5255,-122.327,1140,6000,12.388394202324129
5,4.25,4610,2.0,0,4,3,4610,0,2004,47.5878,-121.969,4400,15154,13.971659240454205
5,3.5,4390,2.0,0,0,3,3350,1040,2005,47.7174,-122.282,2010,8400,13.786081747273462
2,1.75,1330,1.0,0,0,4,960,370,1914,47.6539,-122.396,1620,6000,13.244581010128577
4,2.5,2230,1.0,0,0,3,1650,580,2006,47.4799,-122.129,2090,4637,13.012548511397123
4,2.0,1610,1.0,0,0,4,1610,0,1952,47.5293,-122.271,1310,6000,12.628067055589549
3,1.5,1120,1.0,0,0,3,1120,0,1955,47.5987,-122.146,1470,7950,12.887400249284777
3,1.0,1540,1.0,0,0,4,1540,0,1960,47.3612,-122.315,1210,9450,12.334905517373143
4,2.5,2150,1.0,0,0,3,1420,730,1978,47.5531,-121.892,2010,35717,13.093963902882631
3,2.5,2400,2.0,0,0,3,2400,0,1998,47.5371,-121.87,2420,5817,13.199324418540456
4,1.0,1360,1.0,0,0,3,1360,0,1948,47.7366,-122.333,1570,8132,12.70076888736628
3,1.0,1390,1.0,0,0,4,1390,0,1951,47.6071,-122.197,2290,9112,13.521139497361697
4,1.75,1820,1.0,0,0,4,1100,720,1955,47.7545,-122.357,1700,8500,12.751009798924933
4,2.5,3190,2.0,0,0,3,3190,0,2005,47.353,-122.002,3190,7255,13.286945177720273
3,2.25,2530,2.0,0,0,3,2530,0,1987,47.527,-122.193,2160,30192,13.017002861746503
3,2.25,1550,2.0,0,0,3,1550,0,1989,47.3525,-122.304,1650,5627,12.491251587763836
4,3.0,2720,2.0,0,0,3,2720,0,1975,47.6749,-122.002,2140,173804,13.652991628466498
4,3.0,2250,2.0,0,0,3,1570,680,1986,47.3703,-122.314,1550,7508,12.429216196844383
3,1.0,1220,1.0,0,0,4,1220,0,1955,47.6328,-122.236,1910,8119,13.753635154246187
3,1.5,1500,1.5,0,0,4,1140,360,1927,47.679,-122.373,1500,5000,13.060487973686241
3,1.75,2200,1.5,0,1,3,2200,0,1948,47.6074,-122.213,2850,15803,14.0225247273486
2,2.25,1330,2.0,0,0,3,1330,0,1985,47.7689,-122.241,1390,10310,12.779873068457553
4,1.0,1720,1.5,0,2,3,1720,0,1928,47.6791,-122.402,2140,4500,13.557387287754038
2,1.0,870,1.0,0,0,3,870,0,1960,47.4493,-122.282,1070,12465,12.388394202324129
4,2.5,3070,2.0,0,0,3,3070,0,2005,47.4899,-122.138,2590,7200,13.17115354157376
3,2.25,2680,1.0,0,0,5,2680,0,1962,47.5015,-122.108,2340,98445,13.304684934198283
5,3.0,2560,1.5,0,0,4,1760,800,1927,47.5502,-122.311,1080,5445,12.999065161059836
3,1.0,1150,1.0,0,0,4,1150,0,1957,47.6788,-122.162,1410,8925,12.855790268162783
3,1.5,1540,1.0,0,0,3,1540,0,1977,47.5817,-122.007,1710,21090,13.081541382884074
3,2.25,1850,2.0,0,0,3,1850,0,1989,47.2843,-122.352,1710,6827,12.449018824140563
3,1.75,1390,1.0,0,0,4,1390,0,1975,47.4183,-122.182,1460,7800,12.4130868149145
3,2.75,3010,2.0,0,2,3,3010,0,2001,47.4881,-121.721,1580,120675,13.527828485512494
3,2.5,2200,1.0,0,0,5,1570,630,1988,47.4395,-122.161,2350,7557,12.80765263256463
4,2.5,2905,2.0,0,0,3,2905,0,2003,47.4084,-122.169,2900,5271,12.80765263256463
3,1.75,1650,2.0,0,0,5,1300,350,1977,47.7733,-122.324,1760,7206,12.953352834670046
4,4.0,4260,2.0,0,0,3,3280,980,1939,47.638,-122.288,4260,10408,15.03928598958639
3,1.5,1580,1.0,0,0,4,900,680,1946,47.6796,-122.393,1580,5000,13.17020070681849
4,2.5,1811,2.0,0,0,3,1811,0,2007,47.454,-122.19,1811,4150,12.468436909997665
4,1.5,1740,1.0,0,0,3,1020,720,1962,47.4787,-122.302,1740,7573,12.100712129872347
3,1.75,1680,1.0,0,2,3,1680,0,1950,47.7212,-122.364,1880,7750,13.369223455335854
3,2.5,1870,2.0,0,0,3,1870,0,2005,47.3992,-122.163,2090,4060,12.631340380934517
3,1.75,1890,2.0,0,0,4,1890,0,1952,47.7676,-122.339,1640,9100,12.793720411897448
5,2.75,2930,2.0,0,0,3,2930,0,2002,47.4887,-122.145,2930,8425,12.456831363877356
2,1.0,1370,1.5,0,0,3,1370,0,1905,47.6744,-122.383,1500,5000,13.304684934198283
3,2.25,2630,2.0,0,0,4,2630,0,1988,47.3314,-122.202,2470,10810,12.736700896592344
3,1.0,1250,1.0,0,0,3,1250,0,1970,47.6625,-122.059,1250,17920,12.467956025160314
3,3.5,4360,2.0,0,3,3,2960,1400,2008,47.6791,-122.354,1920,3910,14.256986103595471
5,3.5,3920,2.0,0,0,3,2820,1100,2004,47.6638,-122.084,3170,5530,13.729952669602628
3,1.75,2350,1.0,0,0,4,1800,550,1978,47.6095,-122.059,2040,10800,13.329377546788654
3,2.5,1480,1.0,0,0,4,1480,0,1968,47.7078,-122.288,1710,8050,13.212204081404119
4,3.25,2720,2.0,0,1,3,2070,650,2014,47.5554,-122.267,1450,4000,13.64827463858836
4,2.0,2610,1.5,0,0,4,1690,920,1940,47.4672,-122.296,1630,8599,12.594561129431222
2,1.0,940,1.0,0,0,4,940,0,1937,47.6879,-122.385,1560,4500,12.771386454580234
3,2.25,2260,2.0,0,0,3,2260,0,1990,47.7537,-122.296,2360,14893,13.312983737012978
3,2.5,2480,2.0,0,0,3,2480,0,2004,47.4389,-122.116,2230,5298,12.834414602724003
4,2.5,2430,1.0,0,0,3,1450,980,1989,47.6164,-121.953,2000,38159,13.102160670086809
3,2.5,3280,2.0,0,1,3,2440,840,2001,47.5219,-122.38,1770,6387,13.527828485512494
4,2.5,2250,2.0,0,0,3,2250,0,2005,47.4956,-122.174,1520,7840,12.895462777212407
5,2.75,2720,1.0,0,4,4,1700,1020,1968,47.2838,-122.121,2820,248292,13.030248088496522
3,1.0,1130,1.0,0,0,3,1130,0,1952,47.5239,-122.288,1170,7800,12.429216196844383
4,1.75,1940,1.0,0,0,4,1720,220,1966,47.3736,-122.215,2000,9000,12.520883385370206
4,2.0,1830,1.0,0,0,3,1830,0,1963,47.695,-122.176,1970,10754,13.098582848738925
3,2.25,2880,2.0,0,4,4,1920,960,1983,47.5878,-122.381,2880,5308,13.866203672279791
5,2.5,2210,1.0,0,2,3,1430,780,1964,47.7383,-122.288,2720,9858,13.381645975334411
4,1.75,2400,1.5,0,0,4,1500,900,1927,47.7125,-122.332,1530,7700,12.871334622600584
4,2.75,2390,1.0,0,0,4,1390,1000,1989,47.3706,-122.056,2560,12385,12.936033799212835
5,4.25,4720,2.0,0,0,3,3210,1510,2005,47.6347,-122.013,3880,37328,13.681979165339751
2,2.5,1280,2.0,0,0,3,1080,200,2009,47.6273,-122.359,1580,1279,13.269057756555132
3,1.75,1220,1.0,0,0,3,1220,0,1962,47.4887,-121.784,1700,15251,12.43320821811392
4,2.5,2030,2.0,0,0,3,2030,0,1994,47.5692,-122.006,1780,3953,13.206704525838079
4,2.0,1650,1.0,0,0,5,1000,650,1959,47.5834,-122.307,1540,6000,13.005829561148378
3,1.5,1660,1.5,0,0,3,1660,0,1919,47.6368,-122.351,2200,3240,13.396960210307455
2,1.0,790,1.0,0,0,3,790,0,1944,47.4873,-122.324,1110,7150,12.14950229404178
3,1.0,910,1.0,0,0,2,910,0,1956,47.5065,-122.338,1090,6957,12.300928176542852
5,3.25,4410,2.0,0,2,3,3880,530,1990,47.7522,-122.13,4410,59677,14.053653060512278
4,1.75,2410,2.0,0,3,4,2060,350,1936,47.6499,-122.088,2520,14789,13.217673557208654
4,2.5,2820,2.0,0,0,3,2820,0,2008,47.7494,-122.304,1560,10125,13.437174117244362
4,2.5,2120,2.0,0,0,3,2120,0,2003,47.4217,-122.201,1990,5313,12.676045024287617
4,2.0,2360,1.0,0,0,3,1180,1180,1955,47.5044,-122.245,1680,7800,12.611537753638338
3,3.0,2470,2.0,0,0,4,2470,0,1980,47.4661,-121.997,2310,35350,13.17115354157376
4,2.25,2500,1.0,0,0,5,1800,700,1978,47.7318,-122.239,2500,7467,13.098070684835283
3,2.5,1660,2.0,0,0,4,1660,0,1988,47.3541,-122.3,1630,5505,12.487485104968359
4,1.5,1730,2.0,0,0,4,1730,0,1959,47.3782,-122.304,1370,7860,12.402461459535564
4,2.25,1780,1.0,0,0,3,1310,470,1951,47.6955,-122.287,1780,6120,13.283631525000452
4,2.5,2420,2.0,0,0,3,2420,0,2013,47.4795,-122.126,2750,5471,13.132313708257497
3,2.25,2580,1.0,0,0,3,1630,950,1963,47.7446,-122.332,1920,7737,12.736700896592344
4,2.5,1940,2.0,0,0,3,1940,0,1998,47.2632,-122.209,2400,7145,12.676076274775909
3,1.0,1330,2.0,0,0,5,1330,0,1905,47.2053,-121.993,1710,10825,12.193493863323313
2,1.75,1170,2.0,0,0,3,780,390,2010,47.6192,-122.316,1280,1183,13.180632285528304
3,2.5,1440,1.0,0,0,4,1000,440,1983,47.4042,-122.194,1680,7316,12.487485104968359
3,2.25,2280,1.0,0,0,3,2280,0,1978,47.6522,-121.941,2280,206038,12.92391243868049
3,1.0,1430,1.5,0,0,4,1430,0,1927,47.7558,-122.229,1780,12697,12.644327576461329
3,1.75,1260,1.0,0,0,4,1260,0,1966,47.6224,-122.116,1500,7700,12.873902018105829
5,3.5,2980,2.0,0,2,3,2980,0,2005,47.5537,-121.996,2120,3416,13.527828485512494
4,2.5,2708,2.0,0,0,3,2708,0,2014,47.3413,-122.178,2502,4900,12.98757862822796
4,2.75,2520,2.0,0,0,3,2520,0,1999,47.7344,-121.957,2330,14007,13.15773052124162
3,2.0,1490,1.0,0,0,3,1490,0,1959,47.662,-122.363,1490,3880,13.217673557208654
3,1.0,960,1.0,0,0,4,960,0,1910,47.5518,-122.279,1250,4120,12.676076274775909
2,2.0,1300,1.0,0,0,3,1300,0,2004,47.3623,-122.309,1510,3608,12.345834587905333
3,1.75,2070,1.0,0,3,4,2070,0,1999,47.2853,-122.008,1820,117612,13.016891744462095
2,1.0,1680,1.0,0,0,4,1140,540,1941,47.55,-122.388,1610,6500,13.151922179645874
4,1.75,2480,1.0,0,0,3,1390,1090,1950,47.584,-122.195,2440,9195,13.567049198665774
3,1.75,2360,1.0,0,0,4,1360,1000,1948,47.5274,-122.384,1860,5499,13.329377546788654
4,2.5,3610,2.0,0,0,3,3610,0,1996,47.5868,-121.974,3000,10776,13.683017483243956
3,1.0,1300,1.0,0,0,4,1300,0,1960,47.511,-122.172,1290,8970,12.375815420117268
2,2.0,1230,2.0,0,0,3,1230,0,1952,47.7145,-122.35,1560,7200,13.047639831208393
3,2.5,1490,2.0,0,0,3,1490,0,1994,47.3643,-122.041,1640,8514,12.57418196709457
5,2.25,2800,2.0,1,4,3,2800,0,1963,47.5784,-122.076,3220,9156,14.430696197054507
3,2.5,2560,2.0,0,0,3,2560,0,1993,47.5361,-122.051,2800,8784,13.527828485512494
3,2.25,2230,1.0,0,0,5,1630,600,1974,47.563,-122.178,2190,10384,13.388489786890393
4,2.5,2690,2.0,0,0,3,2690,0,2007,47.3343,-122.058,2300,6002,12.647548191161372
2,1.5,1370,2.0,0,0,4,1370,0,1987,47.6943,-122.184,1380,3211,12.911642346088676
3,2.5,1300,2.0,0,0,3,880,420,2008,47.5893,-122.317,1300,1251,12.834681304952548
5,4.5,5840,2.0,0,0,3,4570,1270,2006,47.5457,-121.991,4850,15017,14.603967918328545
3,2.5,2040,2.0,0,0,3,2040,0,1985,47.309,-122.349,2350,10150,12.694345864825653
5,2.0,2250,1.5,0,0,5,1750,500,1930,47.3065,-122.219,1540,5472,12.67435604603049
3,3.0,1530,2.0,0,0,3,1530,0,1993,47.3746,-122.056,1530,3384,12.205822614274965
5,3.25,3690,2.0,0,0,5,3690,0,1977,47.7672,-122.292,2290,9082,13.39239051461739
4,3.5,4065,2.0,0,0,4,4065,0,1987,47.6209,-122.237,3070,18713,14.48333993053993
4,2.5,1860,1.0,0,0,4,1460,400,1966,47.6228,-122.104,2040,8199,13.279367126213993
1,1.0,670,1.0,0,0,5,670,0,1905,47.654,-122.35,1330,3360,12.983101310070822
3,1.5,1600,1.0,0,0,4,1600,0,1962,47.2925,-122.284,2880,13609,12.301382825334498
3,2.5,2220,2.0,0,0,3,2220,0,2006,47.5132,-122.387,1610,5297,13.199324418540456
4,2.5,4270,1.0,0,0,3,2680,1590,1991,47.6915,-122.053,3630,36180,13.790192749979985
4,2.25,1860,2.0,0,0,3,1860,0,1995,47.5699,-122.006,1860,4169,13.190022025878143
4,2.0,1670,1.0,0,0,3,1670,0,1967,47.3406,-122.284,1640,7280,12.229300771649381
2,1.0,1140,1.0,0,0,3,1140,0,1907,47.5328,-122.274,1550,8150,13.028052697933088
3,2.5,2495,2.0,0,0,3,2495,0,2007,47.288,-122.283,2434,4400,12.495003937382387
2,1.0,1200,1.0,0,0,4,1200,0,1958,47.4204,-122.324,1200,7500,12.354492650648448
5,3.25,4390,2.0,0,0,3,4390,0,2007,47.5785,-122.225,2160,9249,14.227620208791107
3,2.25,2580,1.0,0,0,3,2580,0,1964,47.6113,-122.164,2580,13868,13.707925347284336
3,1.0,1830,1.0,0,0,3,1830,0,1951,47.7654,-122.352,1840,10667,12.955127458028414
3,2.0,2850,1.0,0,3,3,2340,510,2004,47.3378,-122.348,2860,18240,13.209274749393625
5,3.25,4230,2.0,0,0,3,2720,1510,1990,47.6375,-122.015,3280,22393,13.681979165339751
4,2.5,2020,2.0,0,0,4,2020,0,1954,47.5434,-122.395,2250,8550,13.442996549995796
3,2.5,2420,2.0,0,0,3,2420,0,1998,47.5382,-121.871,2420,5818,13.029370510555164
3,2.0,1320,3.0,0,0,3,1320,0,1995,47.6959,-122.376,1380,1503,12.86099861326992
3,1.75,2010,1.0,0,0,5,1230,780,1912,47.6105,-122.309,2210,1834,13.458835614025542
3,2.5,2740,2.0,0,2,3,2740,0,1913,47.6313,-122.303,2740,5948,13.961686668121876
3,1.75,2170,1.0,0,0,5,2170,0,1965,47.6537,-122.195,1980,9000,13.717897729097274
4,2.25,1930,2.0,0,0,3,1930,0,1996,47.7458,-121.977,2170,6548,12.793859310432293
3,1.0,1320,1.0,0,0,4,1090,230,1920,47.6674,-122.365,1700,5000,13.294634598344782
4,2.75,4600,1.0,0,4,3,2400,2200,1989,47.4626,-121.739,3740,114562,13.592367006650065
4,2.5,2240,1.0,0,2,3,1310,930,1979,47.338,-122.258,1780,7477,12.568978139219542
5,3.0,2680,2.0,0,0,3,1870,810,1995,47.3279,-122.006,1860,9921,12.793856532650658
4,1.5,1780,1.0,0,0,4,1180,600,1950,47.3581,-122.288,1450,6728,12.388394202324129
3,1.0,1180,1.0,0,0,3,1180,0,1952,47.3313,-122.198,2300,13714,12.097930486910471
4,3.5,4730,1.5,0,0,5,4270,460,1935,47.6319,-122.288,3710,8828,14.713026134512095
2,1.0,1050,1.0,0,0,4,1050,0,1959,47.3274,-122.346,990,8880,12.198544379109382
5,2.75,2990,2.0,0,0,3,2990,0,1997,47.4955,-122.16,2710,7620,13.102160670086809
3,1.0,1360,1.0,0,0,3,1060,300,1963,47.6837,-122.391,1110,3880,13.053977464537864
3,3.25,1310,2.0,0,0,3,1060,250,2008,47.6744,-122.374,1160,1266,13.151339485640847
4,2.5,2542,2.0,0,0,3,2542,0,2014,47.3751,-122.188,2419,8984,12.793720411897448
4,2.25,2460,1.0,0,0,4,1720,740,1977,47.3762,-122.16,2460,14600,12.994416363073707
3,2.0,1410,1.0,0,0,4,1410,0,1983,47.7587,-122.144,2090,9202,12.834681304952548
3,2.0,1470,1.0,0,0,4,1470,0,1962,47.7751,-122.222,1440,10125,12.886641043883259
2,1.0,660,1.0,0,0,4,660,0,1952,47.4938,-122.171,970,5713,12.33468571299815
4,2.0,1450,1.0,0,0,4,1450,0,1967,47.3933,-122.195,1570,9024,12.230765258120545
4,2.0,1560,1.0,0,0,4,960,600,1924,47.6882,-122.365,1560,4800,13.036805489042683
2,1.75,1300,2.0,0,0,3,1300,0,1948,47.6687,-122.288,1350,4013,12.994530005894443
2,1.0,1420,1.0,0,0,4,920,500,1941,47.6864,-122.311,1420,4305,13.102160670086809
4,3.25,4430,2.0,0,0,3,4430,0,1952,47.6398,-122.237,3930,20000,14.827111469642754
3,1.75,1530,2.0,0,0,3,1530,0,1978,47.6971,-122.13,1530,7500,13.068962600677214
2,1.0,1320,1.0,0,1,3,1320,0,1912,47.5655,-122.394,1420,4560,13.020452460588517
4,2.0,1190,1.5,0,0,5,1190,0,1946,47.7538,-122.322,1480,9975,12.70381302974751
4,2.5,2020,1.5,0,0,4,2020,0,1954,47.5223,-121.818,1440,7200,12.675920012567607
4,2.25,2190,2.0,0,0,3,2190,0,1981,47.6299,-122.039,2090,15039,13.169246963303179
3,2.0,1660,1.0,0,0,3,1130,530,1983,47.3187,-122.171,1550,7647,12.224403602214897
3,1.75,2340,1.0,0,0,4,2340,0,1967,47.5386,-122.226,3120,11068,13.567049198665774
5,2.75,3230,2.0,0,0,3,3230,0,2014,47.6237,-122.023,3180,7624,13.63512712180058
4,2.5,2220,1.0,0,0,3,1270,950,1973,47.7428,-122.183,2220,7313,13.054084536651034
2,1.5,1480,1.0,0,0,3,930,550,1914,47.6684,-122.323,1000,3780,13.140694334089051
2,1.0,720,1.0,0,0,3,720,0,1943,47.5201,-122.35,720,6345,12.388394202324129
3,2.5,2960,2.0,1,3,4,2960,0,1990,47.4,-122.42,2350,41433,13.527828485512494
3,2.0,1960,1.0,0,3,4,980,980,1940,47.5101,-122.246,2190,6363,12.793859310432293
4,2.25,2550,2.0,0,0,3,2550,0,1987,47.5623,-122.109,2550,11036,13.464206877215169
2,2.0,1830,1.0,0,0,4,1230,600,1926,47.6359,-122.351,2020,3600,13.623138665316818
5,3.5,2450,2.0,0,0,3,2450,0,2005,47.7721,-122.241,2310,8193,13.23560277301084
4,3.25,5450,1.5,0,0,5,5450,0,1984,47.351,-122.087,2800,35716,13.321214236149494
4,2.5,2650,2.0,0,0,3,2250,400,1979,47.7317,-122.354,2110,7269,13.23560277301084
3,3.5,2420,2.0,0,0,5,1820,600,1907,47.6054,-122.295,2030,4550,13.514405465180353
4,2.5,3220,2.0,0,0,3,3220,0,2002,47.688,-122.163,3150,5083,13.541073712262515
2,1.5,690,2.0,0,0,3,690,0,2005,47.6951,-122.343,690,1058,12.409013489526863
3,1.75,1350,1.0,0,0,3,1350,0,1967,47.3334,-122.298,1520,9720,12.43320821811392
4,2.5,2770,2.0,0,0,3,2770,0,2004,47.6624,-122.01,2650,89298,13.458835614025542
2,1.0,750,1.0,0,0,4,750,0,1943,47.4727,-122.198,1340,8750,12.47227568630483
3,2.5,3150,2.0,0,0,3,3150,0,2007,47.572,-121.926,2410,208652,13.487006490992238
3,1.0,870,1.0,0,0,5,870,0,1969,47.3702,-122.078,870,5200,12.117241431823558
5,3.25,3930,2.0,0,0,3,2910,1020,2014,47.6802,-122.208,2040,5115,14.369395671190711
3,2.5,2580,2.0,0,0,3,2580,0,1986,47.6616,-122.144,2580,7988,13.594863886848652
3,3.0,2780,2.0,0,0,3,2780,0,2013,47.5184,-121.886,2850,6000,13.345506928718539
4,1.5,1440,1.5,0,0,3,1440,0,1922,47.502,-122.228,1440,9000,12.771386454580234
4,2.75,4270,2.0,0,0,3,4270,0,1996,47.5951,-122.206,3860,20723,14.291744736960645
3,2.75,2370,2.0,0,0,3,2370,0,2002,47.3794,-122.022,2290,5012,12.765688433465597
3,2.0,1690,1.0,0,0,3,1210,480,1977,47.3021,-122.375,1930,7350,12.287652632522597
4,2.5,1770,2.0,0,0,3,1770,0,2004,47.3512,-122.006,2150,5450,12.775638764318764
3,3.0,1320,2.0,0,0,3,1080,240,2003,47.5942,-122.296,1780,7715,12.791077667470416
4,2.5,2701,2.0,0,0,3,2701,0,2014,47.2586,-122.194,2570,4800,12.898957291630964
4,2.5,3170,2.0,0,2,3,3170,0,2001,47.3179,-122.257,3100,12610,13.028052697933088
5,2.75,2770,1.0,0,0,3,1490,1280,1979,47.4847,-122.291,1920,6486,12.55479101975245
3,2.25,1900,1.0,0,0,3,1540,360,1969,47.4564,-122.162,1480,8284,12.736700896592344
3,1.75,2450,2.0,0,0,3,1750,700,1915,47.6386,-122.36,1760,3573,13.750438561220559
4,3.25,3410,2.0,0,0,3,3410,0,2007,47.5653,-122.223,2290,10125,14.269765830241871
5,3.75,4220,2.0,0,2,5,3420,800,1991,47.5895,-122.229,3380,9240,14.269765830241871
3,1.0,1160,1.0,0,0,3,1160,0,1968,47.7427,-122.074,1160,10050,12.628067055589549
3,2.75,2000,1.0,0,0,3,1000,1000,1954,47.4531,-122.352,1440,7200,12.978493006984626
3,2.0,1490,1.0,0,0,4,1490,0,1966,47.6697,-122.162,1700,7725,13.28088392401233
3,2.75,2480,1.5,0,0,3,1890,590,1929,47.6399,-122.311,2160,3240,13.444446876573442
3,1.75,2920,1.0,0,0,3,1850,1070,1961,47.7666,-122.265,1540,8482,13.081541382884074
4,3.5,3400,2.0,0,0,3,2500,900,1991,47.4335,-122.449,1300,39639,13.071070083016778
3,1.0,1010,1.0,0,0,5,1010,0,1961,47.7242,-121.951,1570,213879,12.211060187041213
4,1.5,1680,1.0,0,0,4,1180,500,1965,47.4578,-122.351,1460,7620,12.718896271958837
3,1.0,910,1.0,0,0,4,910,0,1912,47.6947,-122.346,950,5100,12.409013489526863
4,2.25,2300,1.0,0,0,3,1280,1020,1977,47.4576,-122.16,1640,9100,12.487485104968359
4,2.5,2400,2.0,0,0,3,2400,0,1992,47.2944,-122.371,2220,7760,12.611537753638338
5,6.0,7120,2.0,0,4,3,5480,1640,2007,47.5451,-122.114,3440,36859,13.710150042306449
3,2.25,2080,1.5,0,0,3,1680,400,1977,47.7403,-122.112,2440,107157,13.017002861746503
3,2.0,980,1.0,0,0,3,980,0,1940,47.595,-122.308,1970,3025,12.983101310070822
2,1.0,870,1.0,0,0,3,870,0,1949,47.5186,-122.375,820,5000,12.367340793126296
1,1.0,1230,1.0,0,0,4,830,400,1924,47.6886,-122.354,1300,3774,12.936033799212835
4,2.5,3620,1.0,0,4,3,2220,1400,1993,47.5604,-122.027,3530,17026,13.731041401337825
3,1.0,1020,1.0,0,0,3,1020,0,1981,47.4292,-122.152,1470,9515,12.353414483428102
4,2.5,2410,2.0,0,0,3,2410,0,2002,47.3229,-122.182,2517,5290,12.610870864650634
3,2.75,2600,2.0,0,0,3,2600,0,1994,47.3815,-122.146,2800,11504,12.959844447906553
3,2.5,2170,2.5,0,0,3,2170,0,2008,47.5401,-122.027,2150,1984,13.37700559577791
3,1.75,1230,2.0,0,0,3,1010,220,2004,47.5626,-122.382,1170,1942,12.882836346839595
4,2.5,3580,2.0,0,0,3,3580,0,2004,47.3901,-122.071,2510,27068,13.541073712262515
4,3.25,7420,2.0,0,3,3,7420,0,2002,47.4548,-121.764,5610,169549,14.48333993053993
4,2.0,1180,1.0,0,0,3,1180,0,1965,47.7301,-122.2,1210,7275,12.706847933442663
3,1.0,1150,1.0,0,0,3,1150,0,1910,47.5506,-122.276,1150,5664,12.468436909997665
5,3.5,7350,2.0,0,4,3,4750,2600,2001,47.5373,-121.865,5380,12587,13.919870573288517
4,3.5,2910,2.0,0,0,3,2910,0,2012,47.5168,-121.883,2910,5260,13.321214236149494
3,2.0,1560,1.0,0,0,3,790,770,1969,47.7261,-122.22,1410,7428,13.049792684569493
3,1.5,1190,1.5,0,3,3,1190,0,1948,47.4459,-122.359,2150,16239,12.834681304952548
5,3.5,3530,2.0,0,0,3,2380,1150,1999,47.7309,-121.905,2110,211404,13.09704556942004
4,2.5,2660,1.0,0,0,4,1450,1210,1977,47.4558,-122.212,1870,9030,12.654277907314498
4,1.75,1400,1.5,0,0,4,1400,0,1935,47.4153,-122.184,1910,8523,12.396796305588273
3,2.5,2029,2.0,0,0,3,2029,0,2014,47.341,-122.18,2029,3920,12.859530002921938
3,1.75,1200,1.0,0,0,4,1200,0,1978,47.6979,-122.13,1200,7500,12.86099861326992
3,1.75,2519,2.0,0,0,5,2519,0,1973,47.4428,-122.344,2500,9500,13.132313708257497
3,1.75,2310,2.0,0,0,3,2310,0,1942,47.7266,-122.363,2200,7672,13.284482226880764
4,2.75,3950,1.0,0,3,3,2050,1900,1955,47.6969,-122.384,3130,8608,13.710150042306449
4,2.0,2120,1.5,0,0,4,2120,0,1960,47.3722,-122.308,1720,8527,12.429216196844383
3,1.0,880,1.0,0,0,4,880,0,1967,47.476,-122.151,1440,10350,12.345834587905333
3,2.25,1570,1.0,0,0,4,1170,400,1980,47.7604,-122.356,1660,8775,13.073173133213556
3,2.25,1290,2.0,0,0,3,1000,290,2006,47.637,-122.327,1300,1169,13.17115354157376
4,2.25,2710,2.0,0,0,4,2710,0,1977,47.77,-122.097,2590,38180,13.289571296388235
3,3.0,2980,2.0,0,0,3,2980,0,2005,47.5533,-121.995,2710,3640,13.415032991367148
4,2.25,1730,1.0,0,0,3,1730,0,1962,47.3386,-122.288,1550,7920,12.429216196844383
2,1.0,1210,1.0,0,0,3,780,430,1940,47.7376,-122.322,1070,7440,12.694652660348845
4,1.0,1550,1.5,1,4,3,1370,180,1930,47.4502,-122.378,1790,22047,13.437174117244362
6,3.25,4440,1.0,0,1,4,2220,2220,1959,47.5791,-122.23,2660,10768,13.773646353865574
4,1.5,2220,1.0,0,0,4,1490,730,1954,47.6233,-122.206,1800,8286,13.733215315237445
3,1.75,1340,1.0,0,0,4,1340,0,1963,47.4379,-122.011,1950,87120,12.936033799212835
3,2.5,2190,2.0,0,3,4,2190,0,1979,47.6528,-122.203,2315,2538,13.554145793829866
3,2.5,2100,2.0,0,2,3,2100,0,1999,47.5334,-121.867,1890,4140,13.132313708257497
3,2.5,2240,2.0,0,0,3,2240,0,1995,47.6786,-122.389,1460,5100,13.423948355025102
2,1.0,1010,1.0,0,0,3,1010,0,1955,47.4166,-122.323,1580,7500,12.069680020624618
1,0.75,840,1.5,0,0,3,840,0,1949,47.4756,-122.301,1560,8603,11.728036844587175
4,2.5,2500,1.0,0,0,4,1590,910,1978,47.4685,-122.004,2360,36254,13.017002861746503
3,1.0,1420,1.5,0,0,3,1420,0,1944,47.4949,-122.239,1290,6600,12.484650903732485
2,1.0,1160,1.0,0,0,4,1160,0,1937,47.6865,-122.399,1750,5000,13.102160670086809
4,2.5,3140,2.0,0,0,3,3140,0,1988,47.5817,-122.192,2750,11049,13.805460222110773
3,2.5,1400,1.0,0,0,3,1400,0,1930,47.553,-122.365,1060,4400,12.899094818276968
4,2.75,3410,1.5,0,0,4,3410,0,1962,47.6547,-122.158,3721,35352,14.018451401960965
3,1.75,1150,1.0,0,0,5,1150,0,1959,47.5531,-122.177,1350,10384,13.04871683723603
3,2.5,2020,2.0,0,0,3,2020,0,2003,47.6835,-122.035,2020,4609,13.176851562688398
3,1.0,1590,2.0,0,0,4,1590,0,1912,47.5217,-121.819,1600,7200,12.685407602204794
3,2.5,2370,1.0,0,3,3,1620,750,1979,47.4091,-122.331,1960,8062,12.759957758756611
3,1.0,1020,1.0,0,0,4,850,170,1941,47.7039,-122.34,970,4980,12.765688433465597
4,3.25,3450,2.0,0,0,3,2450,1000,1994,47.5437,-122.388,1750,6500,13.652991628466498
4,1.5,1810,1.0,0,0,3,1500,310,1968,47.7273,-122.351,860,8670,13.591116224748411
3,1.75,2090,1.0,0,0,4,2090,0,1948,47.3095,-122.217,1700,9496,12.423198124518821
3,2.0,1570,1.0,0,0,3,1570,0,1998,47.3156,-122.188,1570,5706,12.487485104968359
2,1.0,700,1.0,0,0,4,700,0,1918,47.6846,-122.346,1560,4500,12.644327576461329
3,1.75,1650,1.0,0,0,5,1060,590,1951,47.7596,-122.304,2280,9450,12.821258284620408
2,1.0,1550,1.5,0,0,5,1550,0,1920,47.407,-122.045,1520,34929,12.468436909997665
4,2.0,1700,1.0,0,0,3,850,850,1954,47.4758,-122.288,1540,13260,12.301382825334498
3,1.5,910,1.0,0,0,3,910,0,1973,47.5238,-122.356,1410,5132,11.580584113444043
4,2.5,2980,2.0,0,0,3,2980,0,1994,47.5857,-122.027,3080,9810,13.383187995686226
5,2.5,4320,1.0,0,0,4,2160,2160,1967,47.4009,-122.059,2480,107157,13.244581010128577
3,2.5,2190,2.0,0,0,3,2190,0,1987,47.6218,-122.03,2470,10472,13.407542319637992
3,1.0,1490,1.0,0,0,4,1490,0,1963,47.306,-122.37,1200,8470,12.235388699864227
3,2.5,2170,2.0,0,0,3,2170,0,1994,47.385,-122.169,2390,8100,12.873773804758644
4,1.75,1790,1.0,0,0,4,1790,0,1974,47.5172,-122.17,2000,12988,12.881564890851399
1,0.75,520,1.0,0,0,5,520,0,1920,47.2082,-121.995,1340,12233,12.476099782743233
3,2.0,1230,2.0,0,0,3,1020,210,2003,47.526,-122.361,1260,1312,12.250089530946948
4,2.5,2030,1.0,0,0,4,1130,900,1972,47.7321,-122.185,1940,8000,12.911642346088676
3,2.5,1580,2.0,0,0,3,1580,0,1993,47.3771,-122.315,1560,9900,12.495003937382387
4,1.5,1540,2.0,0,0,3,1540,0,1967,47.734,-122.193,1550,7396,12.936033799212835
3,3.25,1570,2.0,0,0,3,1290,280,2006,47.548,-122.375,1570,2006,12.755638097612096
4,3.0,2280,1.0,0,0,3,1340,940,1978,47.711,-122.306,1540,7500,13.132313708257497
4,1.0,1500,1.5,0,0,3,1500,0,1925,47.4768,-122.206,1330,5750,12.531772785169476
3,1.75,1620,1.0,0,0,5,830,790,1945,47.6743,-122.285,1580,5000,13.122363377404328
3,1.75,2390,1.0,0,0,3,1500,890,1975,47.6809,-122.113,2040,9000,13.253391639810733
3,1.75,1460,1.0,0,0,4,1460,0,1961,47.4861,-122.03,2030,49222,12.886641043883259
4,2.0,3140,1.0,0,0,4,2040,1100,1959,47.5786,-122.229,2010,10437,13.737549016494562
3,2.5,1730,2.0,0,0,3,1730,0,1999,47.432,-122.329,1780,4343,12.736553826954605
3,2.5,2529,2.0,0,0,3,2529,0,2012,47.3738,-122.161,2533,6125,12.823822561617671
4,3.5,3860,2.0,0,0,3,3120,740,1996,47.7095,-122.075,3550,18334,13.641157170819497
4,2.5,3110,2.0,0,0,3,3110,0,2004,47.701,-122.111,3200,6826,13.529160930746272
3,1.0,1500,1.0,0,0,3,1000,500,1947,47.6718,-122.359,1640,4017,13.314635265051452
3,2.5,1550,3.0,0,0,3,1390,160,2004,47.6355,-122.324,1550,1079,13.217673557208654
3,1.0,1370,1.5,0,0,3,1370,0,1906,47.6867,-122.354,1220,3030,13.180632285528304
4,2.5,4090,2.0,0,0,3,4090,0,2005,47.581,-121.971,3510,8762,13.693342923990066
3,1.0,1880,1.5,0,0,4,1880,0,1924,47.6453,-122.302,2580,5450,13.815510557964274
3,2.0,1680,1.0,0,1,4,1680,0,1987,47.4734,-122.186,1680,4921,12.821258284620408
4,2.0,1710,2.0,0,0,3,1320,390,1956,47.4544,-122.357,1880,7704,12.776345727939585
3,1.75,2180,1.0,0,0,4,1210,970,1967,47.5251,-122.37,2140,7560,13.091904169919621
3,1.0,970,1.0,0,0,3,970,0,1928,47.5476,-122.36,1160,11666,12.66032791780777
3,2.5,2530,1.0,0,0,4,2530,0,1980,47.4188,-121.949,2120,100623,13.458835614025542
5,2.5,4670,2.0,0,0,3,4670,0,1998,47.63,-122.011,3810,14824,13.815510557964274
2,2.0,1140,1.0,0,0,2,1140,0,1954,47.4351,-122.335,1130,9375,12.449018824140563
2,1.0,970,1.0,0,0,3,970,0,1947,47.7252,-122.331,1200,7857,12.751299696013497
4,1.0,1300,1.0,0,3,4,1300,0,1920,47.2313,-122.023,2560,425581,13.458835614025542
2,1.0,1130,1.0,0,0,4,1130,0,1953,47.4514,-122.187,1270,10798,12.283033686666302
3,1.0,1000,1.0,0,0,3,1000,0,1955,47.484,-122.346,1320,13500,12.323855681186558
2,1.0,1120,1.0,0,3,3,1120,0,1940,47.5397,-122.385,1880,6828,12.793859310432293
4,2.0,1940,1.0,0,0,4,970,970,1951,47.6948,-122.357,960,6350,13.008074231002201
3,2.5,1930,1.0,0,0,4,1930,0,1988,47.346,-122.157,2350,57500,12.873902018105829
2,1.0,770,1.0,0,0,3,770,0,1951,47.5324,-122.275,1140,8550,12.003038047138677
4,2.75,3080,2.0,0,3,3,3080,0,2003,47.4522,-122.118,3080,6731,13.217673557208654
3,1.75,1680,1.5,0,0,4,1680,0,1926,47.5745,-122.311,1460,4240,13.199324418540456
3,3.25,3990,2.0,0,2,3,2870,1120,1922,47.5744,-122.283,3640,8505,14.22097566607244
2,1.75,1894,1.5,0,0,4,1520,374,1936,47.3088,-122.273,1820,50529,12.542544882151386
3,1.0,1760,1.0,0,0,3,1050,710,1962,47.7623,-122.2,2060,9120,13.005717195285008
4,1.75,1820,1.0,0,0,4,1820,0,1969,47.4757,-122.148,1440,10018,12.711383088608054
5,4.25,6490,2.0,0,3,4,3940,2550,1991,47.5728,-122.205,3290,14080,14.508657738524219
3,2.0,1450,2.0,0,0,4,1450,0,1972,47.346,-122.315,1910,7701,12.409013489526863
2,1.0,960,1.0,0,0,3,960,0,1939,47.5322,-122.033,1620,6000,12.628067055589549
3,2.5,2300,2.0,0,0,3,2300,0,1995,47.7369,-121.96,2480,16650,13.142166004700508
2,2.0,1310,2.0,0,0,3,1310,0,2004,47.3496,-122.022,1310,2550,12.296827008798639
4,2.25,1830,2.0,0,2,3,1750,80,1923,47.6315,-122.282,3100,7200,14.038654109278484
3,2.5,2120,1.0,0,0,5,1360,760,1979,47.341,-122.265,2330,16016,12.705331632924699
4,2.5,2980,2.0,0,0,3,2980,0,2006,47.5431,-121.997,3140,5500,13.547631112808673
3,1.5,1580,1.0,0,0,3,1050,530,1980,47.2932,-122.267,2240,12000,12.48559653028049
4,1.75,1730,1.0,0,0,2,980,750,1955,47.5979,-122.194,2100,12325,12.959844447906553
4,2.5,2190,2.0,0,0,3,2190,0,1997,47.3718,-122.109,2040,7700,12.721736545936414
4,1.75,1730,1.0,0,0,3,1250,480,1945,47.6982,-122.282,1910,8100,13.458835614025542
3,2.5,1490,2.0,0,0,4,1490,0,1990,47.3712,-122.092,1640,7943,12.468436909997665
4,3.5,3930,2.0,0,0,3,3310,620,2007,47.6646,-122.28,3390,6120,14.210925330218936
3,1.75,2070,1.0,0,0,4,1420,650,1967,47.522,-122.05,2150,9827,13.128345449081877
3,1.0,1150,1.0,0,0,4,800,350,1946,47.5588,-122.392,1220,5120,12.948009990259552
3,1.5,1140,1.0,0,0,3,1140,0,1976,47.619,-122.064,1380,7500,12.782686009834167
3,2.25,1840,2.0,0,0,3,1840,0,2003,47.7042,-122.187,1670,2462,13.049792684569493
3,1.5,1220,1.0,0,0,4,1220,0,1968,47.3642,-122.109,1220,9472,12.376658946105707
3,1.75,1350,1.0,0,0,3,1350,0,1985,47.3179,-122.33,1660,8538,12.429216196844383
3,2.5,1690,2.0,0,0,3,1410,280,2014,47.5387,-122.367,1740,1760,12.730801174465157
4,4.0,3010,2.0,0,0,3,3010,0,2004,47.5833,-121.97,3490,7518,13.547631112808673
4,2.5,2790,2.0,0,0,3,2790,0,2005,47.3681,-122.31,1660,8192,12.834681304952548
6,4.5,3300,2.0,0,0,3,3300,0,1980,47.6798,-122.104,2470,7561,13.142166004700508
4,1.5,1130,1.0,0,0,3,1130,0,1968,47.3616,-122.089,1140,5200,12.100434313507177
4,2.25,2130,2.0,0,0,4,2130,0,1964,47.6271,-122.112,1910,7653,13.293708243484652
3,1.0,910,1.0,0,0,3,910,0,1955,47.7586,-122.303,1170,10200,12.631340380934517
4,1.0,1430,1.0,0,0,3,980,450,1947,47.5343,-122.355,1170,4000,12.560244459250788
2,1.0,1510,1.0,0,0,3,880,630,1924,47.6135,-122.297,1330,3360,13.17115354157376
3,1.75,1580,1.0,0,2,4,1580,0,1985,47.2303,-121.936,2040,210394,12.966878474563934
3,2.5,1370,2.0,0,0,3,1370,0,1907,47.6375,-122.354,1630,2090,13.588609957772352
3,1.75,2092,1.0,0,0,3,2092,0,1981,47.2664,-122.027,2092,217800,12.873902018105829
3,1.5,1430,1.0,0,0,4,1430,0,1956,47.5874,-122.136,1450,8000,13.15773052124162
2,1.0,680,1.0,0,0,2,680,0,1906,47.6901,-122.358,1070,4175,12.524526376648708
2,1.0,1610,1.0,0,0,3,1610,0,1952,47.5095,-122.313,2100,28400,12.449018824140563
4,1.75,1750,1.5,0,0,5,1050,700,1926,47.6802,-122.388,1640,5500,13.038981768465277
4,2.5,2720,1.0,0,0,4,2120,600,1987,47.4391,-122.161,2340,7700,12.759957758756611
4,2.5,2840,2.0,0,0,3,2840,0,1990,47.6274,-122.04,2540,10200,13.38472764187182
6,2.0,2350,2.0,0,1,3,2000,350,1905,47.5115,-122.256,1560,6554,12.89921982609012
4,3.25,4030,2.0,0,0,3,4030,0,1988,47.7235,-122.039,4090,40371,13.800396920154226
3,2.5,1980,2.0,0,0,3,1980,0,1999,47.4492,-122.199,1700,20580,12.793720411897448
3,2.75,1910,1.0,0,0,3,1160,750,1979,47.7319,-122.224,1710,8152,12.996800154428984
5,3.0,3190,1.0,0,2,3,1890,1300,2013,47.509,-122.24,2270,7623,13.40746712884131
4,1.75,2440,1.0,0,0,3,1390,1050,1976,47.7406,-122.11,1390,11600,13.089840185698769
3,4.0,4380,2.0,0,0,5,4380,0,1983,47.7167,-122.109,3630,35425,13.864300722133706
3,3.5,1522,2.0,0,0,3,1248,274,2006,47.6922,-122.375,1522,1341,12.917796211663054
3,2.5,3040,2.0,0,0,3,3040,0,2008,47.4472,-122.207,3040,5442,13.122363377404328
3,1.5,2605,1.0,0,0,3,1355,1250,2003,47.7725,-121.899,1590,15242,13.304518253641184
0,0.0,844,1.0,0,0,4,844,0,1913,47.2781,-122.25,1380,9600,11.8490404949436
3,2.25,2000,2.0,0,0,3,2000,0,1996,47.5599,-121.911,2220,217800,13.199324418540456
3,1.0,1250,1.0,0,0,3,1250,0,1965,47.4902,-122.256,1800,8283,12.323855681186558
2,1.0,1010,1.0,0,0,3,1010,0,1956,47.4815,-122.339,1290,9000,12.206072645530174
3,2.0,1250,3.0,0,0,3,1250,0,2001,47.6705,-122.39,1320,1250,12.943236711506893
3,1.0,1640,1.0,0,0,3,1040,600,1939,47.482,-122.34,1600,8100,12.154779351142624
2,1.0,1270,1.0,0,0,3,1270,0,1977,47.3375,-122.048,1270,17699,12.468436909997665
3,1.0,2360,1.0,0,0,3,1560,800,1964,47.5705,-122.384,1690,4800,13.184398768323781
4,2.0,1470,1.0,0,0,3,1470,0,1967,47.3702,-122.318,1390,7825,12.429216196844383
4,1.0,1460,1.0,0,0,4,730,730,1941,47.4952,-122.224,1190,6000,12.388185847286392
3,2.5,1640,2.0,0,0,3,1640,0,1995,47.4016,-122.209,1850,5827,12.611537753638338
3,2.5,1600,2.0,0,0,3,1600,0,2000,47.4939,-122.261,2020,4327,12.584509081250419
3,2.5,2360,1.0,0,0,3,1690,670,1987,47.5374,-122.053,2280,9626,13.256894270361935
2,1.5,1370,2.0,0,0,3,1080,290,2008,47.6039,-122.307,1560,2081,13.008074231002201
3,1.75,2170,1.0,0,0,3,1450,720,1986,47.6147,-122.045,2090,29075,13.142166004700508
5,5.25,5090,2.0,0,0,3,5090,0,2006,47.6297,-122.216,3830,22605,14.946912669455374
4,2.75,3520,1.0,1,4,4,1950,1570,1951,47.525,-122.393,2450,7000,14.32353225439753
4,3.5,2970,2.0,0,0,3,2340,630,1997,47.5627,-122.215,3680,14486,13.715690222682063
3,2.5,2030,2.0,0,0,4,2030,0,1975,47.6272,-122.095,2450,8104,13.458835614025542
2,1.0,760,1.0,0,0,3,760,0,1930,47.4836,-122.214,1360,7810,11.608235644774552
3,2.5,1330,3.0,0,0,3,1330,0,2014,47.6987,-122.365,1310,5000,13.199231821660906
3,2.75,2100,1.0,0,0,4,2100,0,1955,47.7206,-122.248,2100,15500,13.180632285528304
3,2.5,2160,2.0,0,0,3,2160,0,1999,47.5476,-122.012,2160,3968,13.16158409055761
3,1.75,1660,1.0,0,0,4,1660,0,1952,47.7564,-122.286,2060,20624,13.01477816672439
4,2.5,2120,1.0,0,0,3,1280,840,1975,47.6743,-122.145,2350,8605,13.102160670086809
3,1.0,960,1.0,0,0,3,960,0,1971,47.7245,-122.22,1320,7528,12.672946381766982
5,2.75,3080,2.0,0,0,3,3080,0,2002,47.4501,-122.122,3080,6600,13.071070083016778
3,1.75,2290,1.0,0,0,4,1650,640,1973,47.3837,-122.158,2900,13034,13.02915099568215
3,2.25,1490,2.0,0,0,3,1490,0,1993,47.3474,-122.037,1510,6603,12.46651198158808
4,2.5,2490,2.0,0,0,3,2490,0,2001,47.3347,-122.17,2760,6300,12.631340380934517
3,2.5,2680,2.0,0,0,3,2680,0,1986,47.7655,-122.086,2520,37277,13.304684934198283
5,3.5,3490,2.0,0,0,3,3490,0,1996,47.6707,-122.144,3070,7829,13.62918097977278
5,2.5,3340,2.0,0,0,3,3340,0,2002,47.4565,-122.066,3420,23274,13.457406021215947
3,1.0,1410,1.5,0,0,3,1210,200,1925,47.5238,-122.355,1330,5120,12.592524814456407
4,1.75,3280,1.0,0,0,3,2080,1200,1976,47.6728,-122.061,2510,31331,13.312983737012978
3,1.0,1040,2.0,0,0,3,1040,0,1942,47.5121,-122.375,1030,6512,12.384218830913648
4,2.75,2060,1.0,0,0,4,1310,750,1988,47.3581,-122.317,1540,8100,12.644327576461329
3,2.0,2020,1.0,0,0,3,1020,1000,1963,47.5866,-122.118,1670,8118,13.137251989898079
3,2.0,1820,3.0,0,0,3,1820,0,2014,47.5432,-122.376,1710,1372,13.060381585048447
4,2.75,4280,2.0,0,0,3,3900,380,1947,47.6185,-122.219,3590,12670,14.457364444136669
2,0.75,520,1.0,0,0,4,520,0,1924,47.326,-122.037,1170,8756,12.706847933442663
2,1.0,720,1.0,0,0,4,720,0,1947,47.7678,-122.316,1450,8612,12.180754837545884
3,2.5,1660,3.0,0,0,3,1660,0,2014,47.5876,-122.309,1660,1784,13.23560277301084
2,0.75,840,1.0,0,0,2,840,0,1948,47.4727,-122.292,1240,11000,12.254862809699606
3,2.25,1570,1.0,0,3,4,1570,0,1967,47.2377,-122.016,1570,220849,12.691580461311874
4,3.25,2760,2.0,0,0,3,1900,860,2014,47.5286,-122.187,2760,5186,13.370784735902808
2,2.5,2170,1.0,0,0,3,2170,0,2007,47.7242,-122.032,2170,7083,13.521139497361697
3,2.5,2570,2.0,0,3,3,2570,0,1989,47.7408,-122.216,2490,9898,13.312983737012978
4,1.75,2030,2.0,0,4,4,1730,300,1939,47.5071,-122.387,2320,11107,13.217673557208654
3,2.5,1680,2.0,0,0,3,1680,0,1982,47.7229,-122.11,1860,10063,13.217673557208654
3,2.5,1330,3.0,0,0,3,1330,0,2002,47.7034,-122.344,1330,1206,12.611537753638338
3,2.0,1730,2.5,0,0,4,1730,0,1942,47.6462,-122.403,1210,6784,13.423948355025102
4,2.5,2050,1.0,0,0,4,1230,820,1973,47.7242,-122.217,1610,7292,13.079455876393052
3,2.75,2780,2.0,0,2,5,1960,820,1904,47.6565,-122.355,1490,4800,13.840203170554645
2,1.0,860,1.0,0,0,3,860,0,1943,47.7274,-122.337,1220,6800,12.332705296463539
4,1.0,1600,1.5,0,0,4,1600,0,1926,47.6804,-122.316,1720,4500,13.493926933836812
3,2.5,2420,2.0,0,0,3,2420,0,2009,47.7329,-122.356,1180,8100,13.384650715836164
4,3.5,3080,2.0,0,0,3,2010,1070,2014,47.5662,-122.379,1220,4945,13.672217388137797
4,1.75,1960,1.0,0,0,5,980,980,1912,47.6847,-122.37,1630,4360,13.49385796594134
1,1.0,620,1.0,0,0,3,620,0,1900,47.6746,-122.326,980,3570,12.855497797198886
3,2.5,1700,2.0,0,0,3,1700,0,2014,47.4914,-122.334,1520,4500,12.498742259492994
2,2.5,2730,2.0,0,0,3,2730,0,1998,47.512,-122.175,3220,7214,13.190022025878143
3,1.0,1280,1.0,0,0,3,1280,0,1948,47.5259,-122.38,1380,7140,12.599802497419917
3,1.0,1010,1.0,0,0,4,1010,0,1977,47.7422,-121.981,1380,8128,12.66349749256905
3,2.5,2270,2.0,0,2,3,2270,0,2004,47.5326,-121.855,2550,7133,13.091904169919621
4,2.25,2150,1.0,0,0,4,1240,910,1978,47.3045,-122.378,2050,7875,12.560244459250788
3,2.25,1630,2.0,0,0,3,1630,0,2004,47.6807,-122.031,1630,2680,13.056223574899784
4,1.75,1250,1.0,0,0,4,1250,0,1971,47.302,-122.382,1390,8550,12.26434155365415
3,2.5,2120,2.0,0,0,3,2120,0,1988,47.7374,-122.219,2490,8763,13.182517300224076
3,2.5,1690,2.0,0,0,3,1410,280,2014,47.5388,-122.367,1740,1664,12.727541429394645
3,2.5,1940,1.0,0,0,3,1460,480,1989,47.3491,-122.177,1750,7803,12.491251587763836
5,2.75,3060,2.0,0,0,3,3060,0,2003,47.3809,-122.098,2590,6895,12.850554654108839
3,3.0,2270,2.0,0,0,3,2130,140,2002,47.516,-122.203,2850,5661,13.369223455335854
3,1.75,2050,1.5,0,0,4,1300,750,1926,47.6374,-122.304,2220,5960,13.513053199930338
2,1.0,680,1.0,0,0,4,680,0,1951,47.4559,-122.289,1320,13140,12.170445467887022
4,1.75,2210,1.0,0,0,3,1640,570,1977,47.3268,-122.328,2070,7210,12.481808646963554
4,1.75,1870,1.0,0,0,3,1620,250,1978,47.5938,-122.154,2060,10450,13.399995114002609
3,2.5,1120,2.0,0,0,3,820,300,2008,47.6106,-122.31,1590,1795,12.959844447906553
3,2.5,1440,2.0,0,0,3,1440,0,2003,47.6818,-122.034,1560,3770,12.994530005894443
4,2.5,2440,2.0,0,0,4,2440,0,1989,47.5744,-121.993,2820,8484,13.418013619505286
3,1.75,1480,1.0,0,0,4,1480,0,1971,47.6634,-122.144,1920,9184,13.017002861746503
4,2.25,2620,1.0,0,3,3,1430,1190,1984,47.584,-122.077,2620,15335,13.547631112808673
5,2.5,2070,1.0,0,0,4,1340,730,1967,47.626,-122.104,2090,12000,13.32612021491835
3,2.25,1381,3.0,0,0,3,1381,0,2007,47.711,-122.32,1381,1180,12.793859310432293
2,1.75,1570,3.0,0,0,3,1570,0,2007,47.6215,-122.201,1570,1206,13.45166712454693
3,2.0,1100,1.0,0,0,3,1100,0,1969,47.3606,-122.083,1050,5330,12.323855681186558
4,2.25,3320,1.0,0,0,4,1810,1510,1981,47.5566,-122.153,2450,9821,13.776769729647844
4,3.0,2010,2.0,0,0,3,2010,0,1973,47.7688,-122.218,2090,8203,12.980799813082541
3,1.75,1790,1.0,0,0,3,1790,0,1913,47.7429,-121.981,1660,8128,12.873902018105829
5,3.0,3040,1.0,0,0,5,1970,1070,1968,47.5562,-122.22,3180,12390,13.62918097977278
2,1.0,710,1.0,0,0,2,710,0,1915,47.6888,-121.909,1680,16730,12.154779351142624
4,3.5,3660,2.0,0,0,3,2840,820,2014,47.6482,-122.409,3210,4640,13.91757966286769
3,2.25,2360,2.0,0,0,4,2080,280,1913,47.617,-122.288,2840,5470,14.09692301740246
3,2.5,1590,2.0,0,0,3,1590,0,1991,47.61,-122.293,1940,3924,13.025852477023484
4,2.75,3050,2.0,0,0,3,3050,0,2014,47.4857,-122.153,2730,5480,13.242720874068063
3,2.5,1980,2.0,0,0,3,1980,0,2003,47.7767,-122.239,2000,4394,12.936033799212835
4,1.75,1720,1.5,0,0,4,1460,260,1925,47.579,-122.294,1930,4280,13.199324418540456
4,1.75,1650,1.0,0,0,3,1650,0,1970,47.6652,-122.146,1700,8560,13.17115354157376
4,2.5,4600,2.0,0,0,3,4600,0,1990,47.6417,-121.992,4600,67369,13.592367006650065
3,1.0,1210,1.0,0,0,4,1210,0,1953,47.762,-122.355,1470,9730,12.644327576461329
3,1.75,1440,2.0,0,0,3,1440,0,1977,47.7078,-121.915,2080,49658,12.70076888736628
3,2.25,1780,1.0,0,2,3,1340,440,1972,47.723,-122.215,2060,7280,13.015891132893811
5,4.25,4150,2.0,0,0,3,4150,0,2014,47.5816,-122.021,3230,27520,14.003391631963462
4,2.5,2280,2.0,0,0,5,1520,760,1921,47.6605,-122.355,1690,2099,13.29967239237474
3,1.0,1790,1.0,0,0,3,1400,390,1943,47.6627,-122.276,1790,5250,13.309672475709322
4,1.75,1420,2.0,0,0,3,1420,0,1950,47.3121,-122.215,1420,10300,12.323855681186558
3,1.0,1200,1.5,0,0,3,1200,0,1936,47.4162,-122.329,1200,7500,12.225875272826354
3,2.5,2540,1.0,0,0,4,1820,720,1976,47.389,-122.088,1650,51836,13.091904169919621
2,1.0,1050,1.0,0,0,3,1050,0,2005,47.5471,-121.996,1890,2772,12.560244459250788
3,1.5,1240,1.0,0,0,3,1240,0,1977,47.5667,-121.905,1390,10735,12.911642346088676
2,1.75,1560,1.0,0,0,4,780,780,1904,47.6347,-122.355,1850,3600,13.111100185125618
3,2.0,1460,1.0,0,0,4,730,730,1921,47.67,-122.295,1780,4560,13.304684934198283
4,1.75,1870,1.0,0,0,3,1480,390,1972,47.7205,-122.218,1670,7575,12.761393509182716
4,2.75,3260,2.0,0,0,3,3260,0,2003,47.5414,-121.864,3180,5438,13.38472764187182
3,1.0,1150,1.0,0,0,4,1150,0,1932,47.5624,-122.361,1880,6082,12.755638097612096
3,2.25,1540,2.0,0,0,3,1540,0,1992,47.4429,-121.759,1560,11439,12.66032791780777
3,2.0,1790,1.0,0,0,3,1190,600,1985,47.6319,-122.035,1700,12114,13.17115354157376
3,1.0,1100,1.5,0,4,4,1100,0,1922,47.344,-122.331,2550,7847,12.796633237315017
3,1.75,1730,1.0,0,0,5,970,760,1928,47.6662,-122.364,1640,5000,13.415032991367148
3,1.75,2720,1.5,0,0,3,2720,0,1988,47.7092,-121.892,2560,149410,13.190022025878143
4,3.5,5844,2.0,0,1,3,5844,0,2007,47.3293,-122.364,3413,10766,14.058456736574664
4,3.25,3440,2.0,0,0,3,3440,0,1983,47.6476,-122.184,3440,35021,13.864300722133706
3,2.0,1760,1.0,0,0,3,1760,0,1998,47.3836,-122.184,2590,6600,12.577636201962656
3,1.0,1150,1.0,0,0,4,1150,0,1953,47.4864,-122.317,1210,7156,12.220961258023925
3,2.25,3250,1.0,0,0,3,2260,990,2006,47.6077,-122.158,2770,21512,13.955272500339433
4,2.5,2672,2.0,0,0,3,2020,652,2005,47.6955,-122.289,1720,6120,13.458835614025542
3,1.75,3600,2.0,0,0,4,2400,1200,1948,47.6893,-122.167,2290,8200,13.041153321978786
4,2.5,3250,1.0,0,2,3,3250,0,1973,47.2582,-122.113,1600,44287,12.587927887999204
2,1.0,790,1.0,0,0,4,790,0,1942,47.4413,-122.349,1930,11871,12.983101310070822
3,2.5,1425,3.0,0,0,3,1425,0,2008,47.6963,-122.318,1285,1253,13.054084536651034
3,1.75,1690,1.0,0,0,3,1690,0,1984,47.6546,-122.049,2290,52707,13.141969907043247
4,2.25,2020,1.0,0,0,4,1380,640,1979,47.7262,-122.233,2030,7236,13.049577607678676
3,1.0,1500,2.0,0,2,3,1500,0,1910,47.627,-122.353,1820,2555,13.46949290849953
5,3.0,2870,2.0,0,0,3,2090,780,2007,47.7449,-122.192,2640,4610,13.199324418540456
3,1.5,1220,3.0,0,0,3,1220,0,2014,47.674,-122.387,1510,2501,13.122363377404328
2,1.75,1250,1.0,0,0,4,1250,0,1950,47.2802,-122.316,1910,26042,12.608198852372823
3,1.75,2180,1.0,0,2,3,1380,800,1949,47.6501,-122.405,2020,6122,13.287877815881902
3,2.5,2130,2.0,0,0,3,1840,290,2011,47.7329,-121.976,2130,5762,12.886641043883259
3,2.0,1620,1.0,0,0,3,1180,440,1968,47.6574,-122.128,2120,8424,13.11835535600679
5,3.0,3340,1.0,0,2,3,2120,1220,1964,47.5421,-122.229,3290,12955,14.099184609018517
3,1.0,1270,1.0,0,0,5,1270,0,1969,47.5351,-122.174,1780,8792,12.814478597635029
4,2.25,2130,2.0,0,0,4,2130,0,1977,47.5589,-122.128,2170,8400,13.417269294945429
3,1.0,1480,1.5,0,0,3,1480,0,1925,47.6147,-122.298,1460,3600,12.965709567358951
3,1.5,980,1.0,0,0,5,980,0,1969,47.7141,-122.213,1390,7280,12.765688433465597
4,1.75,2290,1.0,0,0,3,2290,0,1936,47.4997,-122.353,1240,8215,12.419165860990882
3,1.75,1790,1.5,0,0,3,1790,0,2003,47.7179,-121.403,1440,59346,12.676076274775909
4,2.5,2780,2.0,0,0,3,2780,0,2002,47.5656,-122.122,2750,7950,13.513053199930338
2,1.0,920,1.0,0,0,4,920,0,1950,47.3012,-122.218,1210,6180,11.957611286231675
4,2.0,1760,1.0,0,0,3,1760,0,1954,47.6945,-122.38,1950,7800,13.444446876573442
4,2.0,2000,2.0,0,0,4,1860,140,1949,47.6956,-122.303,1600,6380,13.16158409055761
2,1.0,1310,1.0,0,0,3,1310,0,1913,47.6854,-122.329,1550,4000,13.142166004700508
3,2.25,1200,3.0,0,0,3,1200,0,2005,47.7046,-122.357,1370,6552,12.676076274775909
3,3.5,1650,3.0,0,0,3,1650,0,2010,47.6823,-122.347,1620,3166,13.213117740672793
4,2.5,3260,2.0,0,0,3,3260,0,2008,47.4829,-122.156,3130,6588,13.222208712374044
4,1.75,1740,1.0,0,0,3,1740,0,1974,47.4498,-122.28,1540,9147,12.84792653170257
4,2.5,2860,2.0,0,0,3,2860,0,2000,47.6067,-122.017,2790,6723,13.4097954186009
3,2.5,1570,1.0,0,0,3,1090,480,1996,47.3327,-122.29,1570,5150,12.4529327234617
3,1.5,1070,1.0,0,0,4,1070,0,1984,47.3516,-122.166,1730,9461,12.388394202324129
3,2.75,2010,1.0,0,0,3,1360,650,1979,47.7728,-122.253,2200,10640,13.126355398673866
3,2.0,1310,1.0,0,0,3,1310,0,1990,47.3694,-122.083,1310,8392,12.388394202324129
4,1.75,2010,1.0,0,0,4,1340,670,1957,47.7496,-122.355,1500,8400,12.804909146618877
3,2.25,1410,3.0,0,0,3,1410,0,2014,47.5818,-122.402,1510,1352,13.179688444023599
3,2.0,1320,1.0,0,0,3,1320,0,1993,47.3536,-122.144,1740,7316,12.487485104968359
3,1.0,1400,1.0,0,0,4,1400,0,1968,47.3123,-122.186,1600,8030,11.906493415053063
1,1.0,800,1.5,0,0,5,800,0,1950,47.4134,-121.986,1790,216057,12.834681304952548
3,1.75,2450,1.0,0,2,4,1540,910,1962,47.7296,-122.284,2520,9725,13.440817108522863
3,2.5,1880,2.0,0,0,3,1880,0,1993,47.4206,-122.184,1880,7000,12.66032791780777
3,3.0,2990,2.0,0,0,3,2990,0,1951,47.7602,-122.278,1750,15802,13.710150042306449
3,1.5,1890,1.0,0,0,5,1890,0,1966,47.3454,-122.314,1510,7560,12.691580461311874
4,2.5,1870,2.0,0,0,3,1870,0,1992,47.4435,-122.274,2160,8113,12.65714826489039
3,1.0,880,1.0,0,0,3,880,0,1942,47.4949,-122.338,1100,8820,12.254862809699606
3,2.25,1490,2.0,0,0,3,1040,450,2011,47.6226,-122.313,1490,1337,13.507625778194974
2,1.0,710,1.0,0,0,5,710,0,1942,47.5122,-122.374,1100,7020,12.563572249343462
3,1.75,2140,1.0,0,0,3,1070,1070,1948,47.6913,-122.366,1240,4650,13.084661510220318
3,1.0,1280,1.0,0,0,4,1280,0,1921,47.6545,-122.336,2020,4560,13.51169910358261
4,2.5,3270,1.0,0,3,4,2320,950,1971,47.409,-122.333,2340,17357,13.458835614025542
4,2.5,2560,2.0,0,0,3,2560,0,2007,47.4899,-122.255,2560,6240,12.86099861326992
3,2.5,1670,2.0,0,0,3,1670,0,2002,47.3834,-122.028,1670,4238,12.644327576461329
3,2.5,2040,1.0,0,0,3,1840,200,1951,47.6334,-122.35,1820,4920,13.67911793305872
4,2.5,2620,1.0,0,0,4,1770,850,1962,47.5876,-122.193,2360,11200,13.845069360205818
3,2.0,1400,1.0,0,0,4,700,700,1924,47.7015,-122.316,1690,5800,12.976180867226248
3,1.0,1140,1.0,0,0,3,840,300,1907,47.5897,-122.314,1150,3000,13.017002861746503
9,4.0,4620,2.5,0,0,3,3870,750,1915,47.6684,-122.309,2710,4320,14.151982794585487
2,1.75,1160,2.0,0,1,4,1160,0,1949,47.542,-122.265,1990,7440,12.871334622600584
3,2.25,1760,2.0,0,0,3,1760,0,1984,47.5124,-121.866,1910,51773,12.866179972011919
4,2.5,2660,2.0,0,0,3,2660,0,1994,47.5529,-122.12,2920,10697,13.529566973466213
3,1.75,1340,1.0,0,0,3,880,460,1981,47.4437,-122.137,1500,7875,12.66032791780777
4,3.0,2910,1.0,0,0,5,1800,1110,1970,47.6939,-122.391,2390,7660,13.623138665316818
4,2.5,1800,2.0,0,0,3,1800,0,1995,47.4346,-122.201,1800,6879,12.762827201184564
3,2.5,1800,2.0,0,0,3,1800,0,1987,47.3115,-122.4,1770,8390,12.542544882151386
3,2.75,2770,1.5,0,0,5,1770,1000,1925,47.5747,-122.304,1440,4000,12.668626720622465
3,2.5,2400,1.0,0,2,3,1560,840,1964,47.7728,-122.386,2340,10856,13.399995114002609
2,1.0,910,1.0,0,0,3,910,0,1936,47.7332,-122.305,1310,6624,12.80765263256463
3,2.5,2000,2.0,0,0,3,2000,0,1995,47.7067,-122.2,2450,8118,13.266463721378086
3,1.0,1310,1.0,0,0,3,960,350,1962,47.2949,-122.285,1310,9845,12.180754837545884
5,4.0,4770,2.0,0,0,3,4770,0,1990,47.5468,-122.123,4520,32070,14.204168547756057
2,1.0,1730,2.0,0,0,4,1730,0,1945,47.5357,-122.368,1180,6250,12.89087258460229
4,1.0,1590,1.5,0,0,3,1590,0,1944,47.7315,-122.305,1320,7085,12.80765263256463
3,2.25,1890,1.0,0,0,3,1890,0,1978,47.6232,-122.047,2390,12323,13.06685066747407
6,3.5,3000,2.0,0,2,3,2400,600,1969,47.562,-122.279,1720,6360,13.42984807715229
4,3.5,2950,2.0,0,0,3,2270,680,2012,47.5313,-122.074,2580,3581,13.624047343253036
4,2.0,1710,1.5,0,0,4,1710,0,1907,47.6086,-122.294,1710,3812,13.244581010128577
3,1.75,2240,2.0,0,0,5,1550,690,1923,47.6954,-122.292,1570,10578,13.527828485512494
3,1.5,1800,1.0,0,0,4,1800,0,1950,47.2739,-122.249,1400,10022,12.375815420117268
3,2.25,1830,1.0,0,0,4,1290,540,1986,47.6914,-122.103,1990,8306,13.256894270361935
4,2.0,1610,1.0,0,0,4,1610,0,1966,47.6011,-122.192,1930,8976,13.38472764187182
3,1.75,1390,1.0,0,0,4,1390,0,1962,47.3208,-122.337,1810,9675,12.473615784141067
2,1.0,650,1.0,0,0,3,650,0,1950,47.6185,-122.295,1310,4906,12.594730635321957
3,1.0,3060,1.0,0,0,5,3060,0,1959,47.5656,-122.093,1880,19602,13.635187003832993
3,1.0,1060,1.0,0,0,4,1060,0,1949,47.7121,-122.287,1300,7620,12.861258319803
4,1.75,2670,2.0,0,0,4,2020,650,1941,47.6499,-122.391,1820,6250,13.527828485512494
5,1.75,1750,1.0,0,0,5,1750,0,1966,47.4007,-122.198,1430,8325,12.505806799006097
5,2.5,2530,2.0,0,0,4,2530,0,1976,47.5622,-122.153,2480,8714,13.681979165339751
2,2.25,1540,3.0,0,0,3,1540,0,2007,47.6181,-122.318,1410,964,13.369223455335854
3,1.0,1980,1.0,0,0,3,1030,950,1965,47.538,-122.353,1830,8505,12.358793732547838
3,3.5,2440,2.0,0,0,3,1990,450,2000,47.589,-122.165,2440,2601,13.473020249017498
4,2.0,2190,1.0,0,0,4,1180,1010,1977,47.2702,-122.29,2160,14439,12.542544882151386
2,1.0,540,1.0,0,0,3,540,0,1905,47.6729,-122.383,1290,5000,12.959844447906553
3,1.75,1960,1.0,0,0,4,980,980,1939,47.6975,-122.316,1480,6380,13.238367053160635
5,1.75,2590,1.0,0,0,4,1750,840,1979,47.435,-122.192,1820,7521,12.718896271958837
5,2.25,4320,2.0,0,0,3,2880,1440,1973,47.6824,-122.287,1880,7620,13.9108207377686
2,2.25,2690,1.0,0,2,3,1870,820,1987,47.3361,-122.353,2690,15000,13.151922179645874
3,2.0,2080,1.0,0,0,4,1040,1040,1951,47.6768,-122.285,1920,7000,13.226723392728571
3,2.5,2240,1.0,0,0,4,2240,0,1945,47.6483,-122.163,2900,45738,13.82347872761345
3,1.0,1540,1.0,0,0,4,1540,0,1909,47.522,-122.375,1220,7740,12.860868734706196
4,4.0,2630,1.0,0,0,3,1470,1160,1963,47.4496,-122.209,2230,5715,13.35506114152335
4,2.75,2140,1.0,0,0,3,1320,820,1968,47.7683,-122.252,2360,11000,12.922692182275261
3,3.5,4660,2.0,0,4,5,3040,1620,1909,47.6465,-122.319,2980,5500,14.579814932840547
3,1.0,1040,1.0,0,0,3,1040,0,1947,47.4906,-122.306,1100,6535,12.323855681186558
3,3.0,3460,2.0,0,0,3,2560,900,1988,47.7315,-122.058,3460,12568,13.500799813124575
3,1.5,1010,1.0,0,0,4,1010,0,1962,47.4097,-122.316,1400,9660,11.982929094215963
4,2.25,1910,2.0,0,0,3,1910,0,1975,47.7352,-122.175,1910,8400,12.983101310070822
5,2.0,1910,1.0,0,0,4,1010,900,1963,47.601,-122.134,1700,9179,13.038981768465277
6,4.25,4310,2.0,0,0,3,2950,1360,2008,47.6214,-122.062,2100,10000,13.567049198665774
3,1.0,1010,1.0,0,0,5,1010,0,1944,47.4914,-122.186,1250,8053,12.429216196844383
3,2.5,1910,1.5,0,0,3,1910,0,2003,47.6213,-122.064,2230,11550,13.270783382522602
4,1.0,2300,1.0,0,0,3,1220,1080,1928,47.5671,-121.89,1200,11325,12.621488084491506
5,2.5,2550,1.0,0,0,4,1610,940,1953,47.6336,-122.192,2510,21673,13.704578997256993
4,3.5,3695,2.0,0,0,3,3695,0,2014,47.683,-122.015,4160,6786,13.81039750857745
2,2.25,2460,1.5,0,4,4,1930,530,1936,47.6792,-122.404,2260,6851,14.130321297804308
4,2.5,2350,2.0,0,0,4,2350,0,1987,47.5478,-122.153,2460,8001,13.554145793829866
3,2.25,1400,3.0,0,2,3,1400,0,2006,47.7147,-122.356,1490,1449,12.813117127036707
3,1.75,1370,1.0,0,0,3,1370,0,1982,47.3664,-122.087,1370,7525,12.417953004565673
4,3.25,4860,2.5,0,0,3,4860,0,1993,47.6179,-122.005,3850,181319,14.141210697603576
4,2.25,4220,1.0,0,0,3,2600,1620,1984,47.445,-122.347,2410,30617,13.560618308335483
3,1.75,1444,1.5,0,0,3,1444,0,2008,47.4104,-122.486,1760,224770,12.948009990259552
3,2.0,2005,1.0,0,0,3,1605,400,1980,47.6039,-122.298,1750,4500,13.104199406776658
5,2.75,2830,2.0,0,0,3,2830,0,2010,47.5932,-122.058,3170,6285,13.617059619240436
3,2.5,1470,2.0,0,0,3,1160,310,2005,47.5472,-121.998,1470,1576,12.847321085298983
3,2.5,1510,1.0,0,0,3,1040,470,1974,47.7153,-122.211,1360,7300,12.899094818276968
4,2.5,2060,1.0,0,0,3,1440,620,1985,47.7272,-122.105,2280,8396,13.263081384343208
4,3.5,3100,2.0,0,2,3,2250,850,1981,47.6512,-122.202,2660,2000,14.069377281921325
5,2.0,2120,1.0,0,0,4,1080,1040,1906,47.5979,-122.297,1690,4400,12.793859310432293
4,2.0,2120,1.0,0,0,5,1060,1060,1968,47.7675,-122.226,1290,9600,13.028052697933088
4,3.0,2370,2.0,0,0,3,1750,620,1969,47.6718,-122.394,1690,4698,13.771558670435091
4,4.25,5540,2.0,0,1,3,4280,1260,2006,47.6071,-122.212,3570,14750,14.761360092079974
5,3.0,3230,1.5,0,0,4,2000,1230,1909,47.7053,-122.34,1509,1626,13.50073542749022
2,1.0,1190,1.5,0,0,2,1190,0,1928,47.6773,-122.382,1920,5100,12.94084150078094
5,3.0,2080,1.0,0,0,3,1040,1040,1950,47.5707,-122.394,1420,6150,12.751299696013497
3,1.75,1250,1.0,0,0,4,980,270,1925,47.685,-122.36,1250,4120,13.269920941761944
5,3.0,2380,2.0,0,0,5,2380,0,1909,47.6722,-122.389,1800,4650,13.465953081794405
3,2.25,1750,1.0,0,0,4,1410,340,1969,47.4579,-122.164,1720,7875,12.487485104968359
3,1.0,950,1.0,0,0,3,950,0,1950,47.7543,-122.306,1240,8910,12.628067055589549
5,4.25,6070,2.0,0,0,3,6070,0,1999,47.5954,-121.95,4680,211267,14.253765488895429
4,2.5,2520,2.0,0,0,3,2520,0,1980,47.652,-122.031,2230,35673,13.262125319779487
3,1.75,1820,1.0,0,0,3,1220,600,1980,47.7466,-122.355,1940,11100,12.871334622600584
3,3.25,5020,2.0,1,4,3,3420,1600,1941,47.5925,-122.287,3680,12620,15.096444403426338
3,2.25,1250,1.0,0,0,5,1250,0,1942,47.5123,-122.373,1280,7392,12.873902018105829
3,2.5,1750,2.0,0,0,3,1750,0,1977,47.6638,-122.129,1750,5700,13.023647404465171
3,2.25,1460,2.0,0,0,3,1050,410,2012,47.5774,-122.412,1690,3776,13.116345305078767
3,1.0,1300,1.0,0,0,4,1300,0,1952,47.5851,-122.242,1630,9946,13.256019762217003
3,1.5,1300,1.5,0,0,3,1300,0,1904,47.592,-122.307,1590,2577,12.983101310070822
3,2.5,1610,1.0,0,2,4,1160,450,1981,47.6818,-122.189,2260,8328,13.42984807715229
2,1.0,1020,1.0,0,0,3,1020,0,1939,47.5558,-122.31,1530,6900,12.367340793126296
3,1.0,970,1.0,0,0,3,970,0,1967,47.3165,-122.325,1150,8160,12.296827008798639
4,2.75,2475,2.0,0,0,3,2475,0,2014,47.3452,-122.209,2475,4000,12.706544857216672
4,3.5,3370,2.0,0,2,3,2470,900,2008,47.5714,-122.38,1820,5000,13.710150042306449
2,1.0,1000,1.0,0,0,3,1000,0,1961,47.5687,-121.899,1150,13702,12.269047444691562
5,3.5,4320,2.0,0,0,4,4320,0,1997,47.644,-122.185,4320,44584,14.328334184392938
4,2.5,2040,2.0,0,0,4,2040,0,1996,47.5719,-122.007,2130,5496,13.262125319779487
2,1.0,670,1.0,0,0,3,670,0,1942,47.7145,-122.285,860,8242,12.759957758756611
2,1.75,2330,1.0,0,0,3,1450,880,1982,47.4282,-122.28,1830,12178,13.190022025878143
4,2.5,2800,2.0,0,0,3,2800,0,2001,47.3552,-122.063,2530,4694,12.994530005894443
3,3.5,3380,2.0,0,0,3,2700,680,1999,47.4316,-122.075,2250,130680,13.224919965729422
3,2.25,2420,1.0,0,0,4,2420,0,1969,47.5107,-122.027,2540,22257,13.56047378176299
2,1.0,1000,1.0,0,0,3,1000,0,1952,47.6926,-122.362,1000,4800,12.84792653170257
4,1.75,1510,1.5,0,0,3,1510,0,1920,47.535,-122.359,1320,6431,12.429216196844383
3,2.25,2510,2.0,0,0,3,2510,0,1981,47.4545,-121.988,2470,48351,13.16158409055761
3,2.5,2330,1.0,0,2,3,2330,0,1996,47.655,-122.087,3320,17461,13.407542319637992
3,2.75,2200,1.0,0,0,4,1280,920,1977,47.4574,-122.169,1670,7000,12.691580461311874
4,1.0,1670,1.5,0,0,3,1670,0,1944,47.4692,-122.355,1310,7906,12.714395139078047
2,1.75,1370,1.0,0,0,5,1370,0,1944,47.6926,-122.346,1200,5100,12.923790480024325
4,2.5,3280,2.0,0,3,3,3280,0,1985,47.6398,-122.05,3280,25211,13.604789526648622
3,2.5,1810,2.0,0,0,3,1350,460,1997,47.6513,-122.386,1640,1563,13.129338991140754
3,1.75,1410,1.0,0,0,5,1410,0,1959,47.5683,-122.178,1800,9940,12.80765263256463
4,2.0,1960,1.5,0,0,4,1260,700,1926,47.6545,-122.344,1670,4000,13.14020329553266
3,2.5,1790,2.0,0,0,3,1790,0,1989,47.6176,-122.045,1680,7418,13.151922179645874
3,2.5,1880,2.0,0,0,3,1880,0,1994,47.4439,-122.19,1810,7915,12.644166273130065
4,2.75,3790,2.0,0,0,3,3790,0,1999,47.5976,-121.983,3750,11634,13.681979165339751
4,2.25,2490,1.0,0,1,4,1400,1090,1979,47.6137,-122.06,3080,10720,13.027613040858519
3,3.75,2260,2.0,0,0,3,1170,1090,2010,47.566,-122.29,2130,3082,13.184398768323781
3,1.0,1110,1.0,0,0,4,1110,0,1960,47.683,-122.176,1440,8400,11.77528972943772
3,2.25,1400,2.0,0,0,3,1400,0,1984,47.7428,-122.231,2180,9248,12.833347081939412
3,3.0,2840,2.0,0,0,3,2840,0,1999,47.469,-122.063,2070,25067,13.579788224443204
4,2.5,2480,1.0,0,0,5,1510,970,1959,47.7638,-122.265,1770,15205,13.235692062711331
3,2.5,1240,3.0,0,0,3,1240,0,2003,47.6985,-122.34,1410,1355,12.736700896592344
2,1.0,750,1.0,0,0,3,750,0,1943,47.5195,-122.35,1050,6390,12.380025952653611
4,2.5,2040,2.0,0,0,3,2040,0,2004,47.5051,-122.17,2230,5459,12.751299696013497
3,2.0,1410,1.0,0,0,5,740,670,1908,47.6752,-122.361,1830,4000,13.157633991486248
3,2.0,1900,1.0,0,0,3,1500,400,1973,47.5307,-122.054,2140,9825,13.208541073645382
4,2.5,2550,2.0,0,0,3,2550,0,2005,47.5928,-122.004,2550,5151,13.194684038983954
4,2.75,2750,1.0,0,0,3,1800,950,1978,47.7749,-122.283,2750,10620,13.329377546788654
3,2.25,1322,2.0,0,0,3,1087,235,2005,47.5976,-122.298,1690,2025,12.765688433465597
3,1.75,2610,1.0,0,0,3,1390,1220,1981,47.2585,-121.925,2140,142005,12.842649474601725
3,1.5,1570,1.0,0,3,3,1570,0,1954,47.438,-122.349,2130,12412,12.959844447906553
4,2.5,2510,2.0,0,0,3,2510,0,2010,47.4927,-122.147,2510,4314,13.102160670086809
3,2.0,1340,3.0,0,0,3,1340,0,1997,47.6904,-122.393,1340,1321,12.818551923022664
4,2.5,2620,2.0,0,0,4,2620,0,1984,47.7014,-122.122,2500,13285,13.38472764187182
2,1.0,960,1.0,0,0,5,960,0,1951,47.5201,-122.372,1010,5000,12.496874845318198
4,2.5,2540,2.0,0,0,3,1870,670,2000,47.4608,-122.215,2290,5942,12.84792653170257
3,1.5,1940,1.0,0,0,4,1140,800,1969,47.3289,-122.327,1410,9936,12.356645504009547
4,2.5,3640,2.0,0,0,3,3640,0,1999,47.5899,-121.979,3370,10351,13.724491159577106
4,1.75,1880,1.0,0,0,3,940,940,1924,47.6754,-122.327,1410,4080,13.296316684527767
3,2.25,1920,1.0,0,0,4,1060,860,1921,47.7067,-122.352,1580,5134,12.86099861326992
4,2.25,1860,1.0,0,0,3,1140,720,1978,47.3114,-122.395,1950,8740,12.491251587763836
2,2.0,1420,1.5,0,2,5,1420,0,1928,47.6979,-122.32,1420,6816,13.292106151991423
