bedrooms,bathrooms,sqft_living,sqft_lot,floors,waterfront,view,condition,sqft_above,sqft_basement,yr_built,lat,long,sqft_living15,sqft_lot15,price_ln
2,2.5,2300,6400,1.0,0,0,3,2300,0,2007,47.7196,-122.02,2300,6400,13.465953081794405
5,3.5,3890,13261,2.0,0,1,3,2870,1020,1984,47.7246,-122.284,3080,13261,13.800396920154226
3,2.0,2020,7260,1.5,0,0,3,1180,840,1926,47.5496,-122.311,1400,5950,12.666657052859417
3,1.5,1670,3852,2.0,0,3,4,1670,0,1928,47.6411,-122.371,2320,4572,14.027390916999773
4,2.5,1890,7867,2.0,0,0,3,1890,0,1996,47.3788,-122.031,2250,7867,12.779873068457553
3,2.0,2660,257875,1.0,0,2,4,1530,1130,1976,47.553,-121.887,1710,64033,13.38472764187182
3,1.5,1450,9477,1.0,0,0,4,1450,0,1963,47.4215,-122.203,1460,9477,12.388394202324129
3,1.75,1820,8400,1.0,0,0,3,1340,480,1976,47.734,-122.17,1900,8112,12.95465453297822
4,2.5,2290,6318,2.0,0,0,4,2290,0,1988,47.57,-122.02,2150,7350,13.304601597392535
3,1.75,1650,9480,1.0,0,0,3,1220,430,1977,47.726,-122.191,1540,8400,12.628067055589549
4,4.0,3430,35102,2.0,0,0,4,2390,1040,1986,47.5822,-121.987,3240,35020,13.632188500836737
6,3.0,2300,3404,2.0,0,0,3,1600,700,1920,47.7067,-122.343,1560,1312,13.047639831208393
4,2.25,3130,41382,2.0,0,0,3,3130,0,1986,47.6683,-122.034,3130,54886,13.544357787463703
3,2.75,2340,16500,1.0,0,0,4,1500,840,1972,47.5952,-122.051,2210,15251,13.241034907121827
4,3.0,3180,4649,2.0,0,0,4,2070,1110,1925,47.6583,-122.273,2720,5980,13.937728190688523
4,3.75,3830,41263,2.0,0,0,4,3830,0,1990,47.7237,-122.042,5600,56568,14.038654109278484
2,1.5,1190,1236,3.0,0,0,3,1190,0,2005,47.7274,-122.357,1390,1756,12.533576212168626
3,2.0,1290,886,3.0,0,0,3,1290,0,2004,47.7161,-122.295,1270,1152,12.644327576461329
3,1.75,1740,8528,1.0,0,0,4,1290,450,1939,47.7097,-122.303,1610,8528,13.081541382884074
3,1.0,1100,7650,1.0,0,0,3,1100,0,1952,47.7219,-122.354,1430,7650,12.8802918162046
2,1.0,1140,5650,1.0,0,1,3,980,160,1920,47.5634,-122.391,1220,5700,12.832011076396668
5,1.5,2180,4268,1.5,0,0,4,1340,840,1924,47.6848,-122.389,1530,3880,13.060487973686241
3,2.5,2530,16102,2.0,0,0,3,2530,0,1989,47.371,-122.055,2370,14957,12.983101310070822
4,2.5,2500,10330,2.0,0,0,3,2500,0,1992,47.5595,-122.114,2710,8375,13.514405465180353
3,2.5,2830,4334,3.0,1,4,3,2830,0,2006,47.6318,-122.071,2830,38211,14.45631125815201
3,2.25,1520,7930,1.0,0,0,3,1160,360,1988,47.3605,-122.049,1530,7930,12.506177237980511
3,3.5,4490,56609,2.0,1,4,3,4490,0,1993,47.6997,-122.24,2710,51330,14.953343559785665
3,2.0,1640,3440,2.0,0,0,3,1640,0,1987,47.6829,-122.097,1070,3549,12.9190224533863
3,0.75,1240,7200,1.0,0,0,3,1240,0,1947,47.7298,-122.342,1210,7200,12.771386454580234
2,1.0,1170,4750,1.0,0,0,3,1170,0,1903,47.6729,-122.378,1170,2023,13.199324418540456
3,1.75,1370,6700,1.0,0,0,3,1370,0,1940,47.6982,-122.362,1180,6694,13.142166004700508
2,1.75,1800,7191,1.0,0,3,4,990,810,1952,47.4828,-122.191,1940,7400,12.84792653170257
4,2.0,2220,3760,1.5,0,0,4,1370,850,1929,47.6876,-122.368,1620,3760,13.555443652545467
4,2.75,2170,5024,2.0,0,0,3,2170,0,2012,47.495,-122.145,2460,5024,13.054084536651034
4,2.0,1730,3884,1.0,0,0,5,1060,670,1924,47.6624,-122.349,1360,3563,13.251635713108469
4,2.5,2600,4506,2.0,0,0,3,2600,0,2005,47.5146,-122.188,2470,6041,13.146079904021645
4,2.5,2990,5342,2.0,0,0,3,2990,0,2004,47.6124,-122.009,2990,5936,13.37623010136138
4,4.5,4240,13162,2.0,0,0,3,4240,0,2004,47.6193,-122.229,3010,12163,14.598375034543926
4,2.25,2030,13500,1.0,0,0,3,1230,800,1963,47.4596,-122.066,1830,13800,12.721885810807203
3,1.75,1840,5000,1.0,0,0,4,920,920,1910,47.6808,-122.376,1220,5000,13.120361374733656
3,1.0,1520,9030,1.0,0,0,3,1520,0,1956,47.587,-122.134,1470,8712,13.166380262821104
3,2.5,1580,991,3.0,0,0,3,1580,0,2009,47.6276,-122.359,1610,1297,13.496681756515656
3,2.5,1510,10384,1.0,0,0,2,1030,480,1976,47.758,-122.071,1490,10000,12.429216196844383
3,1.0,1270,8400,1.0,0,0,3,1270,0,1955,47.7604,-122.198,1390,8400,12.757080058928997
3,2.0,1570,5250,1.0,0,0,3,1570,0,1998,47.3163,-122.188,1570,5250,12.537173338349476
4,1.5,1780,3120,1.5,0,3,3,1780,0,1926,47.5589,-122.264,1710,3600,13.465953081794405
2,1.0,860,2599,1.0,0,0,4,860,0,1901,47.675,-122.379,1300,3900,12.911642346088676
3,1.0,1500,5605,1.0,0,0,5,750,750,1942,47.5456,-122.359,1050,9100,12.506177237980511
3,1.0,890,9465,1.0,0,0,3,890,0,1957,47.4388,-122.328,1590,9147,11.947949375319936
3,2.25,2100,8276,2.0,0,1,4,2100,0,1979,47.6068,-122.112,2420,18135,13.304684934198283
3,1.0,1220,8573,1.0,0,0,4,1220,0,1954,47.6088,-122.193,1390,8573,13.418013619505286
3,1.0,1230,9877,1.0,0,0,3,1230,0,1954,47.5745,-122.136,1240,9965,12.834681304952548
3,1.0,1400,13975,1.0,0,0,4,1400,0,1956,47.4195,-122.33,1260,7500,12.542544882151386
5,3.25,3740,11536,2.0,0,0,4,2540,1200,1984,47.5599,-122.108,2920,11258,13.727287902218093
4,2.25,2140,9377,2.0,0,0,4,2140,0,1986,47.2649,-122.218,2030,7846,12.683858415217964
2,2.0,1480,6075,1.0,0,0,5,740,740,1919,47.5317,-122.276,1230,6053,12.528156144699286
4,3.0,1630,7626,1.0,0,0,5,1110,520,1990,47.7168,-122.308,1630,8082,13.086736199761178
2,1.0,620,14823,1.0,0,0,3,620,0,1926,47.7322,-122.3,1400,7930,12.691580461311874
3,1.5,2010,10100,1.0,0,0,4,1110,900,1964,47.4738,-122.266,1900,10100,12.672946381766982
4,2.5,2470,5044,2.0,0,0,3,2470,0,2005,47.7728,-122.271,2790,5583,13.128345449081877
4,3.0,2750,7965,2.0,0,0,3,2750,0,2012,47.3479,-122.028,2750,6000,12.886641043883259
3,1.75,1980,9800,1.0,0,0,3,1980,0,1991,47.3745,-122.224,1630,7650,12.631340380934517
3,2.25,3020,6000,3.0,0,2,3,1980,1040,1994,47.5249,-122.319,1150,6000,12.992254692057308
4,1.75,1910,8117,1.0,0,0,3,1460,450,1975,47.7344,-122.173,1810,8100,12.886641043883259
3,1.75,1610,14182,1.0,0,0,4,1100,510,1978,47.3174,-122.18,1510,8400,12.323855681186558
3,1.75,1410,16105,1.0,0,0,3,1410,0,1982,47.6927,-121.913,1550,18615,12.634603026569334
3,2.25,1780,8050,1.0,0,0,4,1230,550,1979,47.6977,-122.126,1780,7200,13.112313041550827
3,2.5,2560,16420,2.0,0,0,4,2560,0,1989,47.6916,-121.916,2120,16298,13.062507210250963
3,1.5,1610,10291,1.0,0,0,4,1610,0,1961,47.2025,-121.999,1410,7729,12.478006361013815
4,2.5,2150,9070,2.0,0,0,4,2150,0,1985,47.7279,-122.107,2230,8995,13.329377546788654
4,2.5,2200,4000,2.0,0,0,5,1430,770,1908,47.6402,-122.37,2100,4000,13.742939865129438
3,1.75,1580,3764,1.5,0,0,3,1280,300,1945,47.672,-122.397,1560,3764,13.19188944005294
3,2.5,2480,5007,2.0,0,0,3,1960,520,2014,47.6974,-122.369,1650,7806,13.560618308335483
3,2.75,3040,24192,2.0,0,0,4,3040,0,1987,47.7108,-122.225,2770,5728,13.623138665316818
4,1.75,1960,6138,1.0,0,0,4,1260,700,1960,47.6968,-122.299,2000,7057,13.242809530480196
3,1.75,1630,9000,1.0,0,0,4,1630,0,1956,47.4521,-122.36,1600,11120,12.973863369085885
3,1.0,1100,8680,1.0,0,0,3,1100,0,1962,47.3072,-122.363,1100,9220,12.122691036591123
2,1.0,1030,5750,1.0,0,0,5,1030,0,1928,47.5861,-122.391,1570,5750,13.38472764187182
4,2.25,2520,4200,1.5,0,0,4,1510,1010,1909,47.5814,-122.312,1460,4200,12.936033799212835
3,1.0,920,14400,1.0,0,0,4,920,0,1977,47.2816,-122.269,1170,9600,12.266697267346608
3,2.25,2950,7232,1.0,0,2,3,1520,1430,1983,47.5257,-122.382,2130,7140,13.878954730520809
5,2.5,2200,4942,2.0,0,0,3,2200,0,1989,47.5772,-122.001,2200,5924,13.112313041550827
5,1.5,1830,9000,1.0,0,2,3,1030,800,1955,47.7488,-122.292,2610,11175,13.049792684569493
4,2.75,3160,7143,1.5,0,0,3,2100,1060,1933,47.6513,-122.406,2200,6122,13.64709190633931
4,2.25,2510,9800,2.0,0,0,3,2510,0,1978,47.753,-122.145,2440,11000,13.201359383630827
2,1.0,960,6250,1.0,0,0,3,960,0,1916,47.5491,-122.386,1350,6250,12.779873068457553
3,2.25,1880,7989,1.0,0,0,3,1280,600,1982,47.7077,-122.299,1820,7414,12.994530005894443
3,1.75,1740,7682,1.0,0,0,3,1330,410,1978,47.4451,-122.126,2010,8820,12.762827201184564
5,4.25,3970,4500,2.0,0,0,3,2860,1110,2004,47.5402,-122.069,3480,4500,13.606639665936783
5,2.25,2290,39000,2.0,0,0,3,2290,0,1979,47.7012,-122.12,2750,39900,13.415032991367148
3,1.75,1900,43700,1.5,0,0,4,1900,0,1919,47.7265,-122.136,2070,43995,13.074852394733277
3,1.75,1400,9546,1.0,0,0,4,1400,0,1984,47.3179,-122.331,1660,8550,12.289954129510877
4,2.25,2310,36136,2.0,0,0,4,2310,0,1977,47.7506,-122.122,3930,36136,13.541731390681484
4,3.5,5490,14300,1.0,0,4,3,2910,2580,1996,47.5511,-122.114,4290,13822,14.394928973195876
4,2.25,3780,5160,2.0,0,0,4,2510,1270,1907,47.6275,-122.308,2740,5160,14.151982794585487
5,3.5,4460,2975,3.0,0,2,3,3280,1180,2015,47.6313,-122.37,2490,4231,13.102160670086809
3,1.0,1060,5600,1.0,0,0,4,760,300,1943,47.5116,-122.379,1310,5600,12.751299696013497
3,2.0,1770,7000,1.0,0,0,3,1770,0,1986,47.3321,-122.261,1510,10462,12.392552212472792
3,1.0,1270,6612,1.5,0,3,3,1270,0,1927,47.5433,-122.264,2100,7680,13.15773052124162
3,1.5,1370,7439,1.0,0,0,4,1370,0,1963,47.4499,-122.189,2350,3370,12.031719258385396
4,1.75,1760,7268,1.0,0,0,4,1080,680,1979,47.4267,-122.148,1830,8786,12.72635342806692
4,2.25,2220,4200,1.5,0,0,5,1310,910,1932,47.6418,-122.394,2020,4940,13.66701054964583
2,1.0,1280,5400,1.0,0,0,3,1280,0,1964,47.6949,-122.371,1540,5670,13.122363377404328
4,2.5,2520,7205,2.0,0,0,3,2520,0,1987,47.343,-122.316,2350,7632,12.721885810807203
3,2.25,2010,7447,2.0,0,0,3,2010,0,1985,47.747,-122.248,2230,7846,13.122363377404328
4,3.5,4680,9700,2.0,0,0,3,3360,1320,2005,47.5703,-122.165,2800,12343,13.963930563082547
4,3.25,1790,2460,2.0,0,0,4,1100,690,2000,47.534,-122.346,1260,4040,12.86099861326992
2,1.5,880,2400,1.5,0,0,3,880,0,1929,47.6144,-122.295,1220,4440,13.329377546788654
3,1.0,1510,10369,1.0,0,0,4,1010,500,1968,47.4808,-122.099,1510,16057,12.65395846952229
2,1.0,950,5316,1.0,0,2,3,950,0,1948,47.57,-122.38,1620,6085,12.676076274775909
4,1.75,2970,14880,1.0,0,4,5,1560,1410,1962,47.5907,-122.086,3310,13388,13.610943392223
6,3.0,2400,9373,2.0,0,0,3,2400,0,1991,47.3262,-122.214,2060,7316,12.611537753638338
3,1.5,1340,8856,1.0,0,0,4,1340,0,1959,47.6094,-122.126,1850,8740,13.052370005583795
3,2.5,2160,6288,2.0,0,0,3,2160,0,1996,47.7655,-122.35,1830,7600,13.217582643985264
4,2.5,3238,9112,1.0,0,2,4,1678,1560,1979,47.4005,-122.311,3056,9668,12.7810695355039
3,2.0,1860,7400,1.0,0,0,3,930,930,1922,47.4598,-122.352,1640,8461,12.86099861326992
3,1.75,2300,41900,1.0,0,0,4,1310,990,1939,47.477,-122.292,1160,8547,12.676076274775909
3,2.25,2160,7964,2.0,0,0,3,2160,0,1991,47.3622,-122.074,2000,7964,12.517227074167097
3,2.25,1780,9969,1.0,0,0,3,1450,330,1985,47.7286,-122.168,1950,7974,13.017002861746503
2,1.0,1270,9182,1.5,0,0,3,1270,0,1917,47.5365,-122.378,1760,9100,12.367340793126296
3,3.0,1660,1849,3.0,0,0,3,1660,0,2013,47.6649,-122.353,1660,3300,13.481435445942783
2,2.5,2410,7500,1.0,0,0,3,1550,860,1978,47.3078,-122.374,1840,8800,12.567237494741757
4,2.5,1594,7665,1.0,0,0,5,1088,506,1975,47.3262,-122.211,1536,6000,12.502466658583977
4,2.5,2930,7806,2.0,0,0,3,2930,0,2005,47.6219,-122.024,2600,6051,13.570249201396445
3,2.25,1660,8307,1.0,0,0,4,1660,0,1961,47.7575,-122.352,2510,7800,12.911642346088676
4,2.5,3690,13609,2.0,0,2,3,3690,0,1996,47.5872,-121.972,3600,13609,13.567049198665774
3,2.5,1830,2839,2.0,0,0,3,1830,0,1999,47.6022,-122.021,1830,3011,12.92391243868049
4,2.5,2190,6578,2.0,0,0,3,2190,0,2004,47.5305,-121.847,2190,5416,12.983101310070822
2,2.25,2550,6000,2.0,0,0,5,1860,690,1902,47.6739,-122.323,2010,4000,13.399995114002609
3,2.5,1680,11193,2.0,0,0,3,1680,0,1984,47.4482,-122.125,2080,8084,12.631340380934517
3,2.5,1870,4046,2.0,0,0,3,1870,0,2007,47.342,-122.059,2130,4800,12.421184025147118
4,2.75,3140,7928,2.0,0,0,3,3140,0,2013,47.5923,-122.058,3500,7055,13.676191017714862
3,2.5,2500,4203,2.0,0,0,3,2500,0,2001,47.5346,-121.875,2460,4798,13.199139216206378
4,2.5,2410,7069,2.0,0,0,3,2410,0,1993,47.7094,-122.234,2240,7184,13.36138027787483
3,1.0,1370,10708,1.0,0,0,3,1370,0,1969,47.2769,-122.264,1770,14482,12.230765258120545
4,2.5,2550,4500,2.0,0,0,3,2550,0,2009,47.4916,-122.153,2340,4526,12.936033799212835
3,2.5,2430,7857,2.0,0,0,5,1730,700,1980,47.4546,-122.211,2160,8740,12.791077667470416
2,1.0,880,3200,1.0,0,0,3,880,0,1910,47.6575,-122.402,1880,6000,12.936033799212835
3,2.5,1730,1803,2.0,0,0,3,1730,0,2005,47.4648,-122.335,1190,7980,12.138863895836725
3,2.5,2495,4400,2.0,0,0,3,2495,0,2007,47.2877,-122.283,2434,4400,12.528156144699286
4,2.5,1990,30083,2.0,0,0,3,1990,0,1998,47.7678,-122.272,2220,11627,13.060487973686241
3,1.75,1660,10716,1.0,0,0,3,1100,560,1988,47.7326,-122.234,1630,7626,12.929991484756872
3,1.0,1230,12201,1.0,0,0,3,1230,0,1969,47.3285,-122.134,1230,10780,12.254862809699606
2,1.0,840,12750,1.0,0,0,3,840,0,1925,47.484,-122.211,1480,6969,11.918390573078392
4,4.0,2790,16117,2.0,0,0,4,2790,0,1999,47.6033,-122.155,2740,25369,13.670484785914017
5,1.75,1840,10453,1.0,0,2,3,1360,480,1948,47.4508,-122.368,2250,11250,12.886641043883259
5,3.0,3300,33474,1.0,0,3,3,1870,1430,1957,47.5673,-122.21,3836,20953,14.224303456165114
2,1.0,1360,22508,1.0,0,0,3,1360,0,1932,47.7101,-122.226,2830,12600,13.16158409055761
2,1.0,1060,4228,1.0,0,0,3,860,200,1906,47.6231,-122.293,1060,4187,13.151922179645874
3,2.25,1530,1245,2.0,0,0,3,1050,480,2014,47.6018,-122.297,1530,2307,13.049792684569493
2,2.5,1278,987,2.0,0,0,3,1002,276,2007,47.5532,-122.381,1220,1287,12.788288265382837
4,2.5,1830,4694,2.0,0,0,3,1830,0,2003,47.3573,-122.016,1830,5175,12.762827201184564
1,0.5,880,1642,1.0,0,0,3,500,380,1910,47.5732,-122.372,1410,2992,12.449018824140563
3,1.5,1620,9310,1.0,0,0,4,1620,0,1967,47.3665,-122.107,1610,10640,12.301155526776865
2,1.0,1240,12092,1.0,0,0,3,960,280,1922,47.4957,-122.352,1820,7460,12.390475368527953
5,2.75,2470,19200,1.0,0,0,5,1250,1220,1977,47.4496,-122.083,2140,35140,12.89921982609012
4,3.5,3760,5000,2.0,0,0,3,2860,900,2014,47.6826,-122.394,1340,5000,13.73126335711731
4,2.5,2350,8182,2.0,0,0,3,2350,0,1997,47.3697,-122.106,2330,7000,12.813117127036707
3,1.5,1560,9350,1.0,0,0,4,1220,340,1969,47.6729,-122.148,1870,8671,13.17115354157376
3,2.5,1620,7410,1.0,0,0,5,1620,0,1955,47.7708,-122.335,1450,8121,12.780717782009118
2,1.0,770,2971,1.0,0,2,3,770,0,1923,47.6358,-122.322,1440,4000,12.917796211663054
3,1.0,1150,35415,1.0,0,0,4,1010,140,1950,47.5974,-122.129,2460,11781,13.017002861746503
3,1.75,1700,6120,1.0,0,0,3,1700,0,1952,47.5807,-122.397,1330,6120,13.122363377404328
3,1.75,2080,5000,2.0,0,0,5,2080,0,1906,47.6717,-122.356,1820,5000,13.623138665316818
2,1.0,1310,5200,1.0,0,0,3,910,400,1946,47.6784,-122.304,1320,4794,13.4052841327544
4,3.5,2700,2868,2.0,0,0,3,1920,780,2006,47.5685,-122.286,1430,3858,13.604789526648622
3,3.0,2031,7702,2.0,0,0,3,2031,0,1988,47.3058,-122.348,2390,7700,12.721885810807203
4,3.5,1460,951,3.0,0,0,3,1460,0,2008,47.6821,-122.326,1430,1282,13.270783382522602
4,2.25,2390,57599,2.0,0,0,3,2390,0,1981,47.6651,-122.067,2390,38186,13.286181462633724
4,3.25,2880,5929,2.5,0,0,3,2880,0,2014,47.2752,-122.349,2880,5846,12.971307902484373
3,2.5,2050,40003,1.0,0,0,4,1570,480,1977,47.47,-122.0,2700,46769,12.993392996107369
3,2.25,2410,9668,1.0,0,1,4,1540,870,1965,47.6996,-122.391,2510,5250,13.480736877978643
4,2.5,2690,6124,2.0,0,0,3,2690,0,2007,47.3343,-122.058,2300,6002,12.647548191161372
3,1.0,1450,4000,1.0,0,1,4,950,500,1948,47.5554,-122.266,1880,4000,13.17115354157376
3,1.0,950,7620,1.0,0,0,3,950,0,1954,47.5178,-122.346,1260,7620,11.827736204810263
4,2.25,1740,9613,2.0,0,0,5,1740,0,1989,47.463,-122.125,1680,9769,12.611537753638338
3,2.25,1380,3015,2.0,0,0,3,1380,0,2009,47.6783,-122.157,1930,3612,12.983101310070822
4,1.75,1840,7275,1.0,0,0,3,1090,750,1976,47.4002,-122.189,1840,7275,12.538967060803502
4,2.75,2050,3960,1.0,0,0,4,1180,870,1986,47.5808,-122.394,1440,5040,13.081541382884074
4,1.75,2120,8520,1.0,0,0,3,1600,520,1978,47.302,-122.373,2160,8400,12.535736040222057
3,1.0,1040,9600,1.0,0,0,3,1040,0,1978,47.6738,-122.063,1370,10889,12.899094818276968
3,2.5,2160,3738,2.0,0,0,3,2160,0,1994,47.5661,-122.375,1500,4000,12.994530005894443
4,1.75,2160,39430,1.0,0,0,4,1660,500,1974,47.6378,-122.185,2430,35329,13.531820506782031
5,2.75,4400,18500,1.0,0,3,5,2250,2150,1963,47.7424,-122.263,3290,19257,13.928839243271277
4,2.5,2500,5831,2.0,0,0,3,2500,0,2007,47.3454,-122.039,2500,5188,12.765688433465597
4,3.5,4220,8417,3.0,0,0,3,4220,0,2012,47.5869,-122.054,3730,8435,13.87377946608825
2,1.0,1040,5527,1.0,0,0,3,1040,0,1951,47.6774,-122.284,2080,7020,13.190022025878143
2,1.0,1230,1820,2.0,0,0,4,830,400,1948,47.6684,-122.401,1660,3056,12.834681304952548
4,3.0,4040,19700,2.0,0,0,3,4040,0,1987,47.7205,-122.127,3930,21887,13.803437976730004
2,1.0,970,3300,1.0,0,0,4,970,0,1916,47.6609,-122.343,1060,3600,13.151922179645874
3,1.0,1260,7250,1.0,0,2,3,960,300,1940,47.6947,-122.311,1540,7250,13.091904169919621
4,3.0,2120,5520,1.5,0,0,3,1420,700,1985,47.7085,-122.286,2020,8700,13.158695306651719
4,1.0,1010,6000,1.0,0,0,3,750,260,1925,47.5518,-122.383,1450,6000,12.765688433465597
3,1.5,1390,12500,1.0,0,0,4,1390,0,1976,47.6496,-121.908,1390,9000,12.323855681186558
3,1.5,1220,6000,1.0,0,0,3,1220,0,1968,47.4904,-122.222,1660,6000,12.086725887897607
2,1.0,840,5551,1.0,0,0,3,840,0,1952,47.5354,-122.28,1270,4652,12.765688433465597
3,3.25,1300,1325,2.0,0,0,3,1080,220,2005,47.6584,-122.346,1290,1323,13.199139216206378
4,2.5,2660,65340,2.0,0,0,3,2660,0,1988,47.4969,-122.06,2850,74052,13.16733674304706
2,1.0,1140,10404,1.0,0,0,3,1140,0,1935,47.7497,-122.286,2200,11550,12.524526376648708
3,2.5,3280,26413,1.0,0,3,3,2670,610,1985,47.6395,-122.05,3280,25211,13.623138665316818
3,1.0,1530,389126,1.5,0,0,4,1530,0,1919,47.1776,-122.011,1768,42148,12.345834587905333
3,3.5,4310,10842,2.0,0,2,3,3140,1170,1988,47.7735,-122.386,2280,11106,13.997832114758229
3,2.5,1608,4800,2.0,0,0,3,1608,0,2013,47.2585,-122.201,2009,4800,12.54236629477704
3,2.25,1740,10836,1.0,0,0,3,910,830,1981,47.3976,-122.166,2090,7500,12.437184366493561
3,2.0,1210,7136,1.0,0,0,3,1210,0,2003,47.3996,-122.203,1210,5765,12.502466658583977
3,2.0,1979,8470,1.0,0,2,4,1329,650,1956,47.3912,-122.301,1650,8591,12.733755386362587
4,1.75,2160,7700,2.0,0,0,2,2160,0,1977,47.6976,-122.169,2080,7700,12.969212197910155
3,2.5,2120,2374,2.0,0,0,3,1770,350,2005,47.674,-122.142,2480,3043,13.060487973686241
3,1.75,1610,12555,1.0,0,0,3,1080,530,1977,47.6618,-122.136,1780,10374,13.146079904021645
4,2.25,2380,4876,2.0,0,0,4,2240,140,1948,47.6822,-122.4,1780,4559,13.681979165339751
3,1.0,1010,3520,1.0,0,0,3,1010,0,1902,47.6208,-122.319,1300,1233,13.17115354157376
3,1.5,2390,4600,2.0,0,0,3,1750,640,1920,47.5383,-122.268,1690,5220,12.948009990259552
3,2.5,1870,5333,2.0,0,0,3,1870,0,2012,47.7447,-121.984,2100,3730,12.840000466430148
5,2.0,2560,14467,1.0,0,0,3,1280,1280,1960,47.5547,-122.178,2200,10267,13.279367126213993
3,2.5,1980,17342,2.0,1,4,3,1580,400,1984,47.4551,-122.373,2060,17313,12.84792653170257
3,1.75,3160,76230,1.0,0,0,4,2160,1000,1978,47.274,-122.287,1990,45789,13.345506928718539
4,1.5,1480,47045,1.0,0,0,5,1480,0,1942,47.4809,-122.3,1530,11000,12.553202176625375
3,1.75,1830,10000,2.0,0,0,4,1830,0,1913,47.741,-121.979,1480,10000,12.793859310432293
3,1.0,960,6634,1.0,0,0,3,960,0,1952,47.7264,-122.31,1570,7203,12.66032791780777
3,1.0,940,10890,1.0,0,0,4,940,0,1909,47.2763,-122.257,1370,10255,12.132964173709535
3,2.5,1770,3873,2.0,0,0,3,1770,0,2005,47.4648,-122.144,2280,4330,12.665078520566368
4,2.5,3220,20251,1.0,0,0,3,3220,0,1969,47.5692,-122.192,4200,22114,14.68050799545088
2,1.5,1120,1201,3.0,0,0,3,1120,0,1999,47.6524,-122.353,1370,1298,13.049792684569493
4,2.5,2380,13550,2.0,0,0,3,2380,0,1999,47.4486,-122.288,1230,9450,12.706847933442663
5,2.5,3450,35880,2.0,0,0,3,3450,0,1992,47.7173,-122.099,3450,26820,13.764217263576723
4,2.5,2150,3721,2.0,0,0,3,2150,0,2007,47.3363,-122.215,2150,3721,12.524526376648708
3,2.5,1590,3381,2.0,0,0,3,1590,0,2000,47.7344,-121.986,1820,3383,12.611537753638338
3,1.0,1500,4100,1.5,0,0,3,1370,130,1926,47.6689,-122.367,1500,4100,13.091904169919621
3,2.5,1480,15639,2.0,0,0,3,1480,0,1987,47.4723,-121.746,1480,16454,12.524526376648708
4,2.5,2610,4978,2.0,0,0,3,2610,0,2004,47.3438,-122.04,2470,5024,12.83067328355501
4,1.75,2030,7210,1.0,0,0,3,1450,580,1968,47.5067,-122.164,1750,8387,12.79246945614324
3,1.5,2240,87625,1.5,0,0,2,1480,760,1980,47.3043,-122.094,1920,110206,12.721885810807203
6,4.25,5720,10213,2.0,0,0,3,4170,1550,2004,47.5464,-122.116,4300,10224,14.09692301740246
4,2.5,3730,9847,2.0,0,0,3,3730,0,1997,47.587,-121.976,3490,10219,13.641157170819497
4,2.5,2630,5701,2.0,0,0,3,2630,0,2010,47.375,-122.16,2770,5939,12.86099861326992
3,2.75,2730,11936,2.0,0,2,3,1530,1200,1978,47.6987,-122.231,2810,12333,13.253391639810733
3,1.5,1580,3172,1.0,0,0,4,900,680,1946,47.6796,-122.393,1580,5000,13.17020070681849
2,1.75,2620,14138,2.0,1,4,3,2120,500,1931,47.7142,-122.277,1830,8279,14.122995257712235
3,1.0,1010,6120,1.0,0,0,3,1010,0,1942,47.6648,-122.204,1260,5977,13.217673557208654
5,2.75,2910,16410,1.5,0,0,4,2910,0,1967,47.44,-122.145,1980,18000,12.92391243868049
2,1.5,1800,4144,1.0,0,4,4,900,900,1962,47.5934,-122.39,2090,4173,13.652991628466498
5,1.0,1940,8875,1.0,0,0,3,1940,0,1957,47.4407,-122.275,1380,8875,12.611537753638338
3,1.0,1010,8551,1.0,0,0,5,1010,0,1953,47.7351,-122.295,1310,8504,12.765688433465597
5,1.75,1610,15246,1.0,0,0,3,1610,0,1936,47.5654,-121.894,1410,10500,12.881564890851399
4,2.5,2110,6820,1.0,0,0,5,1530,580,1942,47.6882,-122.306,1420,6431,13.38472764187182
3,2.5,2060,5115,2.0,0,0,3,2060,0,2014,47.3261,-122.163,2648,4500,12.783388010564998
3,3.75,3710,34412,2.0,0,0,3,2910,800,1978,47.5888,-122.04,2390,34412,13.813508555293602
2,1.0,670,5600,1.0,0,0,3,670,0,1903,47.5498,-122.304,1960,7176,12.367340793126296
2,1.0,760,5500,1.5,0,0,3,760,0,1947,47.5045,-122.329,1040,5515,11.429543856031177
2,1.0,1150,12861,1.0,0,0,3,1150,0,1959,47.4493,-122.171,1170,7574,12.542544882151386
3,2.5,1700,4105,2.0,0,0,3,1700,0,1992,47.6078,-122.292,1880,3665,13.336667980051335
5,2.75,3100,10014,1.0,0,2,4,1660,1440,1973,47.5734,-122.213,3230,10279,13.790192749979985
3,2.5,1740,4145,2.0,0,0,3,1740,0,2010,47.6875,-122.015,1740,4045,12.86099861326992
5,4.0,4660,9900,2.0,0,2,4,2600,2060,1979,47.5135,-122.2,3380,9900,13.513053199930338
4,2.25,2270,12000,1.0,0,0,4,1360,910,1979,47.7559,-122.148,2500,10120,12.948009990259552
3,1.75,1930,5400,2.0,0,2,3,1930,0,1978,47.77,-122.391,2100,6840,13.312983737012978
4,2.5,3230,21781,2.0,0,0,3,3230,0,1993,47.6318,-122.01,3230,21780,13.573438996764546
3,1.5,1330,1265,2.0,0,0,3,1140,190,2008,47.5773,-122.409,1330,1264,13.122363377404328
3,2.5,3070,5871,3.0,0,0,4,2510,560,1928,47.5007,-122.223,2220,4000,12.738170404571704
3,2.0,2680,8429,1.0,0,0,4,1880,800,1950,47.372,-122.036,1570,8640,13.389332408258568
3,2.5,2120,5277,2.0,0,0,3,2120,0,2005,47.6811,-122.034,2370,5257,13.237476184504834
3,1.75,1800,5816,1.0,0,0,5,900,900,1947,47.6529,-122.407,1650,5816,13.485616636703183
2,1.5,920,1598,2.0,0,0,3,920,0,1995,47.7081,-122.342,1110,1598,12.449018824140563
4,3.0,2690,28300,1.0,0,0,3,2690,0,1954,47.4458,-122.343,2820,27100,13.422467969854667
3,2.25,1560,12000,1.0,0,0,4,1110,450,1968,47.7256,-122.166,2190,4612,13.105217218569358
3,2.0,1760,6428,1.0,0,0,4,980,780,1942,47.6388,-122.397,1760,6004,13.444446876573442
4,2.25,2130,7210,1.0,0,0,5,1330,800,1965,47.629,-122.117,1310,7896,13.188151117942333
3,1.75,1740,8625,1.0,0,0,4,1240,500,1978,47.3054,-122.38,1980,8625,12.542544882151386
2,1.0,1350,8220,1.0,0,0,3,1060,290,1949,47.7224,-122.358,1540,8280,12.706847933442663
3,1.0,1010,14948,1.0,0,0,5,1010,0,1969,47.4772,-122.144,1510,9600,12.487485104968359
4,3.25,3950,10912,2.0,0,0,3,3950,0,2003,47.5877,-122.196,3000,10998,14.392123922268269
4,2.5,2600,11280,1.5,0,0,3,1570,1030,1961,47.336,-122.304,1660,11200,12.439166527697552
4,2.5,4340,141570,2.5,0,0,3,4340,0,1992,47.6805,-122.048,2720,97138,13.901688254205327
3,2.5,2890,8470,2.0,0,0,3,2890,0,1996,47.5785,-122.054,3000,8879,13.560618308335483
4,3.5,4270,40097,1.0,0,0,4,4270,0,1993,47.7354,-122.078,3510,36149,13.9108207377686
3,1.75,1880,9360,1.0,0,0,4,940,940,1941,47.7131,-122.283,1390,7200,13.006952525893
4,2.5,2790,4650,2.0,0,0,3,2790,0,2004,47.3556,-122.026,2820,4650,12.842649474601725
3,1.75,2160,5760,1.0,0,0,4,1260,900,1954,47.5346,-122.391,2090,5760,13.415032991367148
4,2.5,2480,4504,2.0,0,0,3,2480,0,2005,47.4998,-122.15,2950,4504,12.959844447906553
3,2.75,3150,5520,1.5,0,0,4,2130,1020,1925,47.6345,-122.302,3160,6200,14.003234164047223
8,2.5,2280,3000,1.5,0,0,3,1210,1070,1911,47.6675,-122.316,1610,3000,13.458835614025542
4,4.25,4250,6552,2.0,0,3,4,2870,1380,2008,47.5747,-122.283,3640,8841,14.71159858252091
4,3.0,2530,4560,1.5,0,0,3,1540,990,1925,47.6287,-122.3,1640,4560,13.574648456156384
5,3.5,2790,16952,2.0,0,2,3,1970,820,1991,47.4384,-122.347,2980,17281,13.51169910358261
3,1.25,1230,4500,1.5,0,0,4,1230,0,1913,47.5301,-122.271,1310,5000,12.524526376648708
3,1.5,1510,16800,1.0,0,0,5,1510,0,1956,47.751,-122.338,1560,7276,12.936033799212835
3,1.0,1250,26862,1.0,0,0,3,1250,0,1965,47.426,-122.154,1530,24463,12.567237494741757
2,2.5,2220,4000,2.0,0,0,3,2220,0,2000,47.6364,-122.28,1870,4000,14.169682371684887
3,1.5,1780,16000,1.0,0,0,2,1240,540,1960,47.419,-122.322,1860,9775,12.538967060803502
4,3.75,1980,4095,2.0,0,0,3,1980,0,2009,47.6901,-122.356,1480,3840,13.723395269056468
3,1.0,1250,7700,1.0,0,0,4,1250,0,1955,47.5974,-122.149,1520,7700,13.045482333068371
3,1.75,1550,3680,1.0,0,0,3,1050,500,1927,47.6817,-122.36,1560,4000,13.180632285528304
4,2.5,2570,13450,1.0,0,4,3,1510,1060,1948,47.7429,-122.285,3470,12615,13.58609739363647
3,1.75,1570,7416,1.0,0,0,4,1570,0,1971,47.4117,-122.174,1900,7416,12.441144767709657
5,2.75,2940,5225,2.0,0,0,3,2760,180,2010,47.6879,-122.107,3090,6261,13.637579349471613
3,1.0,1460,6198,1.5,0,0,4,1460,0,1916,47.6626,-122.361,2280,5160,13.560618308335483
4,2.75,4190,38912,1.0,0,0,4,2040,2150,1965,47.6472,-122.157,3050,36884,13.721199878493033
4,2.25,3550,13900,1.0,0,0,3,1830,1720,2010,47.5681,-122.127,2770,12200,13.663524200966393
3,2.5,2430,5866,2.0,0,0,3,2430,0,2009,47.5158,-121.871,2380,5866,13.06367438105565
5,2.0,1430,5600,1.5,0,0,3,1430,0,1947,47.5192,-122.266,1860,5980,12.994530005894443
4,2.5,2380,4913,2.0,0,0,3,2380,0,2006,47.3607,-122.038,2580,5311,12.860868734706196
3,2.5,1910,1501,2.5,0,0,3,1530,380,2007,47.6441,-122.385,1760,1750,13.279367126213993
2,1.0,1290,6272,1.0,0,0,4,890,400,1922,47.6777,-122.305,1260,5376,13.106233995474446
4,1.75,2180,7876,1.0,0,0,4,1290,890,1977,47.5157,-122.191,1960,7225,12.845291484064564
2,1.0,720,4920,1.0,0,0,3,720,0,1941,47.5352,-122.371,670,4920,12.65714826489039
4,2.0,1650,3504,1.0,0,0,3,760,890,1951,47.5803,-122.294,1480,3504,12.905450375840756
3,1.0,1230,4600,1.5,0,0,3,1230,0,1929,47.5616,-122.392,1230,4600,13.165422866864775
3,2.75,2080,9600,1.0,0,0,3,2080,0,1988,47.7698,-122.238,2220,9600,12.936033799212835
4,2.5,2660,40312,2.0,0,0,4,2660,0,1977,47.7532,-122.139,2650,45302,13.411144845299411
3,2.25,2790,13791,1.0,0,3,3,2790,0,2006,47.4389,-122.351,2720,12600,13.938612755098257
5,2.5,3050,13212,1.0,0,0,4,1590,1460,1975,47.5596,-122.142,2550,10826,13.468785944878709
3,2.5,2230,3939,2.0,0,0,3,2230,0,2014,47.73,-122.335,2230,4200,13.429774545037105
2,1.0,930,36478,1.0,0,2,3,930,0,1951,47.5699,-122.164,2800,11141,13.422467969854667
2,1.0,910,2002,1.5,0,0,3,910,0,1900,47.6188,-122.306,1190,1208,13.304684934198283
2,1.5,1170,1250,3.0,0,0,3,1170,0,2000,47.6719,-122.38,1310,1308,13.071070083016778
2,1.0,900,8000,1.0,0,0,4,900,0,1954,47.4217,-122.317,1240,8000,12.128111104060462
4,1.75,1400,25500,1.0,0,0,4,1400,0,1964,47.36,-122.164,2170,25500,12.294541293517781
4,3.5,2770,24140,2.0,0,0,3,2770,0,1967,47.6585,-122.186,1720,16011,13.217673557208654
2,2.25,1460,1607,2.0,0,0,3,1460,0,2007,47.5395,-122.369,1460,1826,12.644166273130065
4,3.25,3730,7071,3.0,0,2,3,3730,0,1985,47.6292,-122.355,3730,7680,14.389310980891652
3,2.5,1280,5040,2.0,0,0,4,1280,0,1985,47.5611,-122.276,1500,5040,12.936033799212835
2,2.75,1350,1252,2.0,0,0,3,1120,230,2006,47.522,-122.39,1410,1265,12.912876152537605
4,2.5,1630,3060,2.0,0,0,3,1630,0,2003,47.5072,-122.336,1270,4590,12.371587084007746
4,2.5,2570,6251,2.0,0,0,3,2570,0,2000,47.593,-122.197,2570,9588,13.972514306773938
3,1.0,1120,5200,1.0,0,0,5,1120,0,1976,47.3638,-122.088,1690,5200,12.184338153384168
3,1.75,1330,5000,2.0,0,0,4,1210,120,1909,47.5724,-122.384,1500,4000,13.185338176565716
4,2.5,2820,10125,2.0,0,0,3,2820,0,2008,47.7494,-122.304,1560,10125,13.437174117244362
0,2.5,2290,8319,2.0,0,0,3,2290,0,1985,47.3473,-122.151,2500,8751,12.736553826954605
3,2.5,1890,10190,2.0,0,0,3,1890,0,1986,47.6478,-122.061,2080,9794,13.102160670086809
3,2.25,1710,1193,2.0,0,0,3,1140,570,2014,47.6173,-122.31,1510,1193,13.437174117244362
3,1.0,1410,8053,1.0,0,0,4,1410,0,1951,47.704,-122.367,1170,8042,12.911642346088676
4,1.75,1810,7700,1.0,0,0,5,1390,420,1977,47.6976,-122.169,2080,7700,13.304684934198283
3,1.75,1170,8148,1.0,0,0,3,1170,0,1952,47.7479,-122.318,1200,8147,12.487485104968359
2,1.0,670,4720,1.0,0,0,4,670,0,1948,47.5243,-122.358,1480,4720,11.580584113444043
4,2.5,1780,3600,2.0,0,0,3,1780,0,2006,47.3665,-122.017,2020,3802,12.598114733306197
2,1.0,1000,10320,1.0,0,0,3,1000,0,1943,47.527,-122.356,1100,5160,12.506177237980511
4,1.0,1650,8250,1.0,0,0,3,1650,0,1966,47.6366,-122.118,2240,9776,13.155798153490567
4,2.75,2840,11900,1.0,0,3,4,1640,1200,1961,47.5271,-122.386,2790,10070,13.579788224443204
3,2.0,1340,4320,1.0,0,0,3,920,420,1912,47.299,-122.228,980,6480,12.133501952695338
4,3.5,3110,108464,2.0,0,2,4,3110,0,1979,47.592,-122.018,2340,4938,13.681979165339751
3,2.0,2350,15021,1.0,0,0,4,1770,580,1976,47.6408,-122.219,3530,15715,14.077874822431765
3,1.75,2140,9484,1.0,0,0,3,1290,850,1953,47.6234,-122.191,1960,9630,13.38472764187182
3,1.75,1800,7199,1.0,0,0,3,1300,500,1972,47.7264,-122.307,1800,8100,13.122363377404328
4,2.0,2020,8100,1.5,0,0,4,1160,860,1946,47.7307,-122.297,1840,8680,12.821258284620408
3,1.75,2650,5512,2.0,0,0,3,2250,400,1984,47.6265,-122.295,1440,5100,13.864300722133706
3,2.5,1360,7293,2.0,0,0,3,1360,0,1988,47.3304,-122.302,1540,7353,12.423198124518821
4,2.5,2040,7000,1.0,0,0,3,1250,790,1979,47.4056,-122.176,1900,7378,12.48710767526016
2,1.0,1320,8865,1.0,0,0,4,1320,0,1943,47.4949,-122.3,1190,6490,12.2783933071098
4,1.0,1750,12528,1.0,0,0,4,1750,0,1967,47.743,-122.097,1550,14120,12.976180867226248
4,1.75,2410,6770,1.0,0,0,4,1220,1190,1924,47.6946,-122.336,1440,6770,13.345506928718539
3,1.0,1380,30940,2.0,0,0,3,1380,0,1976,47.334,-122.106,2350,32500,12.80765263256463
2,1.75,2060,2700,1.0,0,0,3,1030,1030,1929,47.6856,-122.312,1390,2700,13.091904169919621
3,1.0,1270,12733,1.0,0,0,3,1270,0,1955,47.445,-122.276,1660,11536,12.388394202324129
3,2.0,1450,11204,1.0,0,0,3,1450,0,2003,47.2639,-122.252,1520,9518,12.345834587905333
2,1.75,1670,4008,1.0,0,0,3,1670,0,2005,47.5539,-122.001,2330,3752,13.244581010128577
5,3.5,2980,5100,2.0,0,0,3,2370,610,2015,47.6782,-122.299,1780,5100,14.066269276311457
4,2.5,2090,5289,2.0,0,0,3,2090,0,1989,47.4289,-122.164,2080,7109,12.765545566117686
5,1.75,2140,8580,1.0,0,0,3,1200,940,1962,47.6625,-122.178,1600,9206,13.176851562688398
1,1.0,1660,5422,1.0,0,0,4,830,830,1908,47.6821,-122.388,1100,5356,13.39239051461739
3,1.75,1610,22496,1.0,0,0,4,1610,0,1974,47.3443,-122.073,2050,35772,12.733607882859111
3,2.0,1410,44866,1.0,0,0,4,1410,0,1985,47.3273,-122.37,2950,29152,12.721885810807203
4,2.75,2200,9453,1.0,0,0,5,1100,1100,1955,47.5744,-122.305,1390,5355,13.27594246533263
3,1.75,1840,7350,1.0,0,0,3,1310,530,1976,47.7089,-122.23,1860,7000,12.976412321920025
4,2.0,980,10640,1.0,0,0,5,980,0,1978,47.4462,-121.773,1230,9750,12.594730635321957
4,2.5,3460,9699,2.0,0,0,3,3460,0,1987,47.637,-122.04,3140,10631,13.523150895961383
6,3.0,2480,12000,2.0,0,0,3,2480,0,1972,47.6131,-122.145,2220,8580,13.493926933836812
3,2.5,3100,23790,2.0,0,0,3,3100,0,2002,47.5882,-122.011,2250,40854,13.541007920624608
4,3.0,1980,7931,1.0,0,0,4,1160,820,1983,47.7513,-122.334,1910,7931,12.886641043883259
3,1.75,1700,7532,1.0,0,0,3,1700,0,1987,47.355,-122.176,1690,7405,12.449018824140563
3,1.75,1820,6038,1.0,0,0,4,1040,780,1952,47.5233,-122.378,1700,6040,12.955127458028414
3,1.5,1540,8110,1.0,0,0,4,1190,350,1959,47.7329,-122.291,1290,8110,12.693117740630761
4,1.0,1170,8147,1.5,0,0,3,1170,0,1959,47.7281,-122.289,1260,8147,12.765688433465597
3,1.0,1440,27505,1.0,0,0,3,1440,0,1951,47.7553,-122.37,2430,16400,13.180632285528304
2,2.5,1570,2399,2.0,0,0,3,1180,390,2009,47.5488,-122.364,1590,2306,12.772805901234461
4,2.5,3060,6826,2.0,0,0,3,3060,0,2004,47.7006,-122.112,3110,6932,13.560618308335483
5,3.0,1810,3000,2.0,0,0,3,1810,0,1998,47.5622,-122.291,1670,3000,12.799399490807907
4,3.0,3380,16133,1.0,0,1,3,2330,1050,1959,47.5501,-122.261,2500,11100,12.765688433465597
3,1.75,2380,5650,1.0,0,2,4,1190,1190,1956,47.5119,-122.255,2350,6554,12.936033799212835
4,2.5,3420,183387,2.0,0,0,3,3420,0,2000,47.633,-121.972,2260,34613,13.790192749979985
4,2.5,2400,7215,2.0,0,0,3,2400,0,1992,47.2944,-122.371,2220,7760,12.611537753638338
3,1.0,1870,4984,1.0,0,0,3,1120,750,1955,47.5771,-122.391,1650,5750,13.122263372403996
3,1.0,1090,9900,1.0,0,0,4,1090,0,1955,47.6755,-122.16,1720,10419,12.611537753638338
4,2.75,3030,6625,2.0,0,0,3,3030,0,2011,47.4815,-122.152,3030,9620,13.17115354157376
2,1.0,1010,7500,1.0,0,0,3,1010,0,1941,47.5283,-122.32,1220,6000,12.367340793126296
2,1.5,1560,10807,1.0,0,0,2,1560,0,1949,47.4444,-122.509,1660,196591,12.106252310247962
3,2.0,1460,6250,1.5,0,0,4,1460,0,1912,47.6693,-122.333,1690,4750,13.465953081794405
4,2.5,2420,3825,2.0,0,0,3,2420,0,2003,47.3687,-122.126,1880,4250,12.604848765487542
4,1.0,1300,1651359,1.0,0,3,4,1300,0,1920,47.2313,-122.023,2560,425581,13.458835614025542
3,2.0,1090,7350,1.0,0,0,4,1090,0,1990,47.3687,-122.085,1490,7741,12.296827008798639
3,4.5,3950,6134,2.0,0,3,3,2880,1070,1998,47.6413,-122.405,3050,5281,14.470436525704022
3,1.75,2080,7800,1.0,0,0,5,1220,860,1955,47.4536,-122.355,1770,7860,12.80765263256463
2,1.0,1420,81892,1.0,0,0,3,1180,240,1956,47.4342,-122.195,1490,1863,12.793859310432293
3,1.5,1280,7742,1.0,0,0,3,1280,0,1973,47.3323,-122.276,1566,7696,12.013700752882718
4,2.5,3200,12369,2.0,0,0,3,3200,0,1998,47.5273,-122.143,3770,12960,13.494100711839987
3,1.75,1480,7000,1.0,0,2,3,1480,0,1963,47.6018,-122.291,1850,4000,13.437174117244362
3,2.5,1810,4113,2.0,0,0,3,1810,0,2004,47.3715,-122.126,1880,4465,12.493091998431856
4,1.75,2020,7029,1.0,0,0,4,1430,590,1979,47.6983,-122.127,1780,7200,13.184398768323781
5,2.25,2720,8800,1.0,0,0,4,1500,1220,1958,47.5976,-122.118,2110,8800,13.180632285528304
6,5.0,6050,230652,2.0,0,3,3,6050,0,2001,47.6033,-121.943,4210,233971,14.28551418721001
4,2.0,1770,8890,1.0,0,0,5,1770,0,1949,47.4589,-122.353,1010,7620,12.779873068457553
2,1.0,670,3101,1.0,0,0,4,670,0,1948,47.5546,-122.274,1660,4100,12.154779351142624
3,1.75,2160,7140,1.0,0,0,4,1670,490,1978,47.3026,-122.374,1930,7350,12.513557345278134
3,2.0,1750,7000,1.0,0,0,3,1750,0,1993,47.3693,-122.041,1840,6969,12.802158113246987
4,3.0,1930,3031,1.0,0,0,3,1200,730,2006,47.7457,-121.985,1930,2611,12.708891298894248
3,2.25,2540,9961,1.0,0,0,4,1320,1220,1969,47.41,-122.208,1870,10251,12.608198852372823
3,2.5,1660,2890,2.0,0,0,3,1660,0,2001,47.5434,-122.293,1540,2890,12.706847933442663
3,2.25,1330,969,3.0,0,0,3,1330,0,2007,47.7177,-122.292,1310,1941,12.691580461311874
3,1.75,1490,3800,1.0,0,0,3,700,790,1913,47.5554,-122.27,2180,4000,13.142166004700508
2,1.0,1340,8100,1.0,0,0,4,1340,0,1953,47.7218,-122.37,1700,8100,12.990887014615943
3,2.5,2530,43733,2.0,0,0,3,1530,1000,1991,47.46,-121.708,1730,43548,13.025852477023484
3,2.75,3200,12682,2.0,0,1,3,3200,0,1977,47.7443,-122.26,2880,10432,13.334243736439827
3,2.25,1820,7420,2.0,0,0,4,1820,0,1983,47.4368,-122.162,1900,7526,12.873902018105829
3,2.5,2432,9391,2.0,0,2,3,2432,0,2005,47.3453,-122.267,2912,8932,12.96453929221076
4,2.5,2560,6238,2.0,0,0,3,2560,0,2007,47.4899,-122.255,2560,6240,12.86099861326992
3,1.75,1760,6300,1.0,0,0,3,1060,700,1963,47.5003,-122.26,1340,7300,12.319401330837177
2,1.0,790,6969,1.0,0,0,3,790,0,1955,47.6978,-122.164,1380,12196,12.66032791780777
2,1.0,1060,5754,1.0,0,0,4,1060,0,1917,47.6931,-122.372,1460,7200,12.887526727499074
3,2.5,1270,865,2.0,0,0,3,1080,190,2008,47.5351,-122.279,1630,7752,12.580219070380911
2,1.0,810,6697,1.0,0,0,4,810,0,1923,47.3057,-122.216,1140,6695,12.180241885495652
2,1.0,990,4802,1.0,0,0,3,990,0,1947,47.6876,-122.395,1180,5000,12.971540487669746
4,1.75,2020,10332,1.0,0,0,3,1010,1010,1954,47.5059,-122.303,2240,8379,12.388394202324129
2,0.75,550,7980,1.0,0,0,3,550,0,1952,47.511,-122.348,1330,7980,11.652687407345388
3,1.0,1020,13504,1.0,0,0,5,1020,0,1959,47.5121,-122.17,1110,11158,12.683858415217964
3,3.5,3820,145054,2.0,0,3,3,2870,950,1999,47.4419,-121.736,2500,95950,13.62918097977278
3,2.0,2010,4320,2.0,0,2,3,2010,0,1999,47.5153,-122.256,1640,5225,13.457406021215947
3,2.5,2510,5400,2.0,0,0,3,2510,0,1992,47.5204,-122.206,1840,5400,13.217673557208654
2,1.0,1290,6528,1.5,0,0,4,1290,0,1941,47.694,-122.29,1670,5712,13.178932728892223
4,2.75,1500,7036,1.0,0,0,3,1060,440,1979,47.3665,-122.276,1620,7200,12.478006361013815
3,1.75,1480,7225,1.0,0,0,4,1480,0,1965,47.513,-122.185,1430,7201,12.676076274775909
3,1.75,1560,16194,1.0,0,0,3,1560,0,1961,47.5966,-122.175,2430,16193,13.122363377404328
4,2.5,3020,17810,1.0,0,0,3,1600,1420,1979,47.7735,-122.281,2500,15815,13.262125319779487
4,2.5,3620,16000,2.0,0,0,3,3620,0,1976,47.3711,-122.06,2590,16000,13.081541382884074
2,1.0,1140,5250,1.5,0,0,4,1140,0,1949,47.731,-122.341,1450,5250,12.706696406811568
3,1.75,1560,7207,1.0,0,0,3,1250,310,1983,47.7283,-122.222,1540,7485,12.994530005894443
3,1.0,1100,5200,1.0,0,0,4,1100,0,1969,47.3643,-122.081,920,5200,12.326075437924871
4,2.5,1770,9239,2.0,0,0,3,1770,0,2004,47.3512,-122.006,2150,5450,12.775638764318764
4,2.75,2414,7693,2.0,0,0,3,2414,0,2006,47.3046,-122.222,1500,7177,12.584509081250419
2,2.25,1290,1137,3.0,0,0,3,1290,0,2007,47.6718,-122.382,1290,1332,13.083622549087899
2,1.0,870,7975,1.0,0,2,3,870,0,1946,47.6698,-122.361,1080,5722,13.071070083016778
3,2.0,2920,13650,1.0,0,2,5,1460,1460,1975,47.6652,-122.188,2920,10988,13.58609739363647
4,1.5,1740,8160,1.5,0,0,4,1400,340,1946,47.7243,-122.363,1600,8160,13.151922179645874
4,1.75,1820,5015,1.0,0,0,4,1190,630,1926,47.5569,-122.31,1530,9130,12.611537753638338
5,2.25,4200,5800,2.5,0,0,4,2910,1290,1906,47.6284,-122.312,3060,5800,14.104441849816487
5,3.5,4330,11979,1.0,0,4,3,2090,2240,2008,47.6251,-122.218,4320,12000,14.96884774632163
4,2.5,1934,5677,2.0,0,0,3,1934,0,2013,47.2602,-122.252,1919,5049,12.542544882151386
3,2.25,1800,6875,1.0,0,0,4,1230,570,1974,47.6773,-122.11,1800,8749,13.248114582709889
3,2.5,2280,6031,2.0,0,0,3,2280,0,2011,47.7322,-121.966,2430,7200,12.936033799212835
3,1.75,1480,8394,1.0,0,0,4,1480,0,1971,47.6634,-122.144,1920,9184,13.017002861746503
5,2.5,2340,6000,2.0,0,0,4,2340,0,1922,47.5764,-122.287,2350,6000,13.897090544956697
4,1.75,2500,92347,1.0,0,0,4,1500,1000,1970,47.5345,-122.216,3750,20267,13.764217263576723
3,2.5,2260,5500,1.5,0,0,3,1280,980,1910,47.681,-122.388,1790,5355,12.911642346088676
3,2.0,1630,7599,1.0,0,0,3,1630,0,2006,47.6981,-122.376,2030,7599,13.550828609741554
3,2.5,2080,16050,1.0,0,0,5,1360,720,1978,47.4694,-122.069,1790,14550,12.943236711506893
4,2.25,2940,48788,1.0,0,0,5,1520,1420,1961,47.7422,-122.245,2470,14900,13.312983737012978
4,3.5,3370,5000,2.0,0,2,3,2470,900,2008,47.5714,-122.38,1820,5000,13.710150042306449
3,2.5,3100,45738,2.0,0,0,3,3100,0,1991,47.6854,-122.048,3340,45738,13.703908381382972
3,1.0,1000,3844,1.0,0,0,5,900,100,1928,47.7031,-122.349,1000,3920,12.928778628331663
6,1.5,1810,4838,1.5,0,0,4,1050,760,1905,47.4874,-122.202,1300,4838,12.345834587905333
3,2.0,2040,13125,1.0,0,0,3,810,1230,1910,47.478,-122.278,1460,10582,12.409013489526863
6,1.5,1680,5202,1.5,0,0,2,1680,0,1911,47.6798,-122.206,1890,5500,13.336667980051335
5,2.0,2050,10200,1.0,0,0,3,1430,620,1956,47.4136,-122.333,1940,8625,13.071070083016778
3,1.0,950,9400,1.0,0,0,4,950,0,1954,47.5746,-122.136,1260,9400,12.421184025147118
4,2.0,1440,10920,1.0,0,0,3,1440,0,1943,47.5049,-122.18,1500,11902,12.524526376648708
3,2.0,1580,5289,1.0,0,0,3,870,710,1940,47.6881,-122.342,1310,5535,13.241034907121827
1,1.0,820,1060,1.0,0,0,3,760,60,2007,47.5473,-122.371,1770,1924,12.299107511497363
3,1.5,1340,25160,1.0,0,0,3,1340,0,1968,47.475,-122.111,1440,23680,12.576155796357995
3,1.0,1040,11900,1.0,0,0,5,1040,0,1972,47.4332,-122.446,1250,9600,12.706847933442663
4,2.5,2030,5202,2.0,0,0,3,2030,0,2001,47.388,-122.176,2260,5232,12.626426366132089
4,1.0,1010,7200,1.5,0,0,3,1010,0,1947,47.742,-122.325,1360,7200,12.577636201962656
4,2.5,2330,45860,2.0,0,0,3,2330,0,1989,47.5842,-121.992,2930,5020,13.279367126213993
2,1.0,930,5077,1.0,0,0,3,930,0,1939,47.7095,-122.35,1080,5803,12.788288265382837
2,1.5,1190,1361,2.0,0,0,3,1190,0,2007,47.6161,-122.302,1280,3360,13.226723392728571
2,1.5,1010,2102,2.0,0,0,3,1010,0,1984,47.6374,-122.375,1480,2632,12.821258284620408
4,3.5,3080,118918,2.0,0,0,3,3080,0,2008,47.7721,-121.924,1830,434728,13.3645249345543
5,3.0,2920,2808,2.0,0,0,3,2140,780,1960,47.654,-122.342,1620,1544,13.62918097977278
4,2.0,1220,7489,2.0,0,0,3,1220,0,1903,47.6133,-122.306,1220,3750,13.748301808270824
4,2.0,2630,16475,2.0,0,0,4,2630,0,1953,47.639,-122.219,2670,15001,13.64531518096816
2,1.75,1060,1241,2.0,0,0,3,960,100,2008,47.5999,-122.3,1170,1400,12.77351486971506
4,2.5,3000,7500,2.0,0,0,3,3000,0,1937,47.6571,-122.277,2580,5000,14.339054954138039
3,1.75,1970,7972,1.0,0,3,5,1370,600,1976,47.4908,-122.225,2460,9796,13.124361380067002
4,2.5,1940,7040,2.0,0,0,3,1940,0,1998,47.2632,-122.209,2400,7145,12.676076274775909
3,1.0,1290,6566,1.0,0,0,5,1290,0,1976,47.3004,-122.377,1690,6860,12.230765258120545
2,2.25,3900,14864,1.0,0,3,3,1950,1950,1947,47.5884,-122.291,2580,5184,13.885036620612885
3,1.0,1360,20000,1.0,0,0,4,1360,0,1953,47.2861,-122.253,1530,9997,11.976659481202368
3,2.0,1610,15005,1.0,0,0,4,1610,0,1986,47.6886,-121.911,1610,15479,12.751299696013497
4,3.25,4690,14930,2.0,0,2,3,3680,1010,1995,47.7718,-122.283,2910,13320,13.304684934198283
3,2.0,1760,11410,1.0,0,0,5,1060,700,1977,47.4528,-122.163,1680,9165,12.666657052859417
3,1.0,940,7590,1.0,0,0,4,940,0,1959,47.6231,-122.12,1250,7590,12.983101310070822
4,1.0,1230,8636,1.5,0,0,4,1230,0,1954,47.3231,-122.219,1168,8316,12.183315658407558
4,2.5,4240,43995,2.0,0,0,3,4240,0,1989,47.6008,-122.044,3720,59522,13.963930563082547
2,1.75,1710,4187,1.0,0,0,3,1710,0,1987,47.4732,-122.188,1760,4084,12.714527461150162
2,1.0,1470,5400,1.5,0,0,3,1470,0,1912,47.6391,-122.36,1760,3573,13.670484785914017
3,1.5,1700,9579,1.0,0,0,4,1100,600,1962,47.3209,-122.338,1700,9628,12.476099782743233
3,1.5,1320,7695,1.0,0,0,4,1320,0,1959,47.4908,-122.181,1370,8295,12.524526376648708
3,2.5,1950,7481,2.0,0,0,3,1950,0,1987,47.564,-122.091,1980,8479,13.340695371721317
2,2.0,1350,4225,1.0,0,0,3,1350,0,2003,47.7106,-122.03,1660,4225,12.966878474563934
3,2.5,2660,4975,2.0,0,0,3,2660,0,2014,47.5487,-122.272,1840,6653,13.304601597392535
4,2.5,1980,12062,2.0,0,0,3,1980,0,1992,47.4038,-122.167,2300,7902,12.834547962729536
3,2.0,1710,7920,1.0,0,0,3,1260,450,1968,47.3473,-122.305,1760,8120,12.375815420117268
3,1.75,1820,5555,1.0,0,0,4,1030,790,1939,47.6867,-122.352,1420,4000,12.80765263256463
3,1.75,1150,6423,1.0,0,0,3,590,560,1927,47.6973,-122.297,1150,8367,12.560244459250788
3,1.5,2380,14500,1.0,0,0,4,1850,530,1961,47.7714,-122.256,1830,13600,12.821258284620408
4,2.75,2420,11201,1.0,0,1,3,1420,1000,1948,47.5459,-122.265,3170,9385,13.476535191124942
3,1.75,1800,8462,1.0,0,0,3,1440,360,1978,47.6623,-122.141,2210,8436,13.138236726560619
4,2.25,2850,7453,2.0,0,0,3,2850,0,1991,47.7439,-122.174,2700,8468,13.199324418540456
3,2.5,1820,4883,2.0,0,0,3,1820,0,2005,47.7355,-122.224,2720,5002,13.144124869185841
4,2.0,2330,7778,1.0,0,0,3,1230,1100,1961,47.7109,-122.323,1250,8160,13.122363377404328
3,1.75,1620,8645,1.0,0,0,3,1190,430,1973,47.6651,-122.151,2010,8645,13.0542986464902
3,1.0,920,5200,1.0,0,0,4,920,0,1969,47.3647,-122.082,920,4875,12.250089530946948
3,2.5,3192,5653,2.0,0,0,3,3192,0,2014,47.2956,-122.35,3000,5134,12.96453929221076
5,2.75,3060,7015,1.0,0,0,5,1600,1460,1979,47.5052,-122.372,2190,7600,13.217491722495906
3,2.5,2010,2212,2.0,0,0,3,1390,620,2014,47.5523,-121.998,1690,1619,13.0651939046797
4,1.5,1450,5530,1.0,0,0,4,1450,0,1969,47.3613,-122.087,1060,5200,12.074875668892323
4,2.5,3090,10730,2.0,0,0,5,2420,670,1985,47.5458,-122.141,2220,7875,13.789525860992281
3,2.0,1450,2400,1.5,0,0,3,1450,0,1900,47.6726,-122.381,1450,4275,13.102160670086809
3,2.75,2650,12350,1.0,0,0,4,1470,1180,1975,47.7669,-122.268,1950,14075,13.091904169919621
4,2.5,2240,9826,1.0,0,0,4,1370,870,1988,47.314,-122.364,1980,9826,12.301382825334498
4,2.5,3440,6332,2.0,0,0,3,3440,0,2001,47.5347,-122.155,3310,6528,13.568970428843668
4,2.5,2960,26742,1.0,0,3,3,1480,1480,1949,47.6846,-122.268,2500,9460,13.964792260680028
5,3.0,2150,6117,1.0,0,0,3,1370,780,2003,47.538,-122.356,1990,6064,12.948009990259552
4,2.0,2670,3240,1.5,0,0,4,1780,890,1930,47.5841,-122.294,1820,4000,13.353475098367715
3,3.25,2170,12508,1.5,0,0,5,1650,520,1928,47.5665,-122.229,2720,21070,13.683863103898274
3,1.0,1600,6380,1.5,0,0,3,1400,200,1939,47.7015,-122.317,1760,6380,13.102160670086809
3,2.25,1810,11800,1.0,0,0,3,1240,570,1977,47.4997,-122.231,1810,5641,12.435993181123408
3,2.5,1630,8346,1.0,0,0,3,1630,0,1990,47.2622,-122.219,2110,8619,12.48559653028049
3,2.5,2730,5832,2.0,0,0,3,2730,0,1998,47.6216,-122.161,2360,5832,13.815510557964274
3,1.5,1520,7200,1.0,0,0,4,1160,360,1990,47.3855,-122.302,1460,7200,12.54236629477704
5,1.5,3050,2992,1.5,0,0,4,1920,1130,1931,47.621,-122.302,1200,1209,13.541073712262515
3,1.75,1100,8662,1.0,0,0,5,1100,0,1964,47.5368,-122.173,1100,9240,12.950388112664518
4,1.5,1890,6052,1.0,0,0,4,1890,0,1955,47.7055,-122.3,1510,6072,12.791077667470416
2,1.5,2010,7755,2.0,0,0,3,2010,0,1952,47.4947,-122.233,1360,8037,12.292250341771226
3,1.75,1400,10350,1.0,0,0,4,1400,0,1976,47.479,-122.132,1780,10457,12.628067055589549
3,2.25,1270,1406,2.0,0,0,3,1060,210,2014,47.6647,-122.284,1160,1327,13.294634598344782
4,2.75,2350,5589,2.0,0,0,3,2350,0,2001,47.5098,-122.155,2014,6365,12.964422189335751
3,2.5,1280,1920,3.0,0,0,3,1280,0,2009,47.6621,-122.324,1450,1900,13.221303325259232
4,1.75,1700,20283,1.5,0,0,3,1340,360,1965,47.7694,-121.903,1680,21369,12.89921982609012
3,2.25,2700,4025,2.0,0,0,4,1760,940,1907,47.6074,-122.294,1580,4025,13.222208712374044
3,1.75,1790,6980,1.0,0,0,3,1330,460,1980,47.7311,-122.226,1770,8081,12.904704756320688
3,2.5,1990,3984,2.0,0,0,3,1990,0,2004,47.5914,-122.017,2320,3984,13.236049141808145
3,3.0,1800,5000,1.5,0,2,3,1500,300,1929,47.6475,-122.371,1670,5000,13.315295113310299
3,1.75,1500,8352,1.0,0,2,5,750,750,1943,47.4883,-122.191,1500,8447,12.611537753638338
3,1.75,1970,10800,1.0,0,0,4,1300,670,1979,47.5107,-122.172,1970,8768,12.765688433465597
4,2.5,2420,5244,2.0,0,0,3,2420,0,2007,47.4729,-122.35,1400,5250,13.016891744462095
3,1.75,1650,12349,1.0,0,0,3,1650,0,1957,47.442,-122.282,1470,10763,12.46651198158808
3,2.0,2220,209523,1.0,0,0,3,2220,0,1991,47.7586,-121.911,1600,210830,13.279367126213993
2,2.25,1800,2748,2.0,0,0,4,1800,0,1979,47.6104,-122.113,1800,2755,13.064734264567692
5,3.75,4470,8088,2.0,0,0,3,4470,0,2008,47.6321,-122.2,2780,8964,14.245343022520732
4,2.75,2990,6626,2.0,0,0,3,2990,0,2014,47.7107,-122.11,2910,5533,13.610882040647779
3,1.0,1130,8159,1.0,0,0,4,1130,0,1954,47.7362,-122.333,1570,8162,12.927564299099261
4,3.0,2740,10925,1.0,0,0,3,1670,1070,1980,47.4538,-122.125,2330,9940,12.86099861326992
3,1.75,1840,5664,2.0,0,0,3,1270,570,1948,47.6899,-122.283,1480,5664,13.345506928718539
4,3.5,3310,4684,2.0,0,0,3,2290,1020,2014,47.579,-122.389,1850,4750,13.815460556714232
3,2.0,1100,9165,1.0,0,0,4,1100,0,1969,47.7304,-122.231,1510,8500,12.891691559669328
2,1.5,1750,46173,2.0,0,0,4,1750,0,1964,47.7397,-122.126,2220,42224,13.401509118833824
3,1.0,1040,10080,1.0,0,0,3,1040,0,1959,47.329,-122.343,1000,8736,12.127570417375216
3,2.25,1810,5107,2.0,0,0,3,1810,0,1989,47.6882,-122.171,1760,5454,13.347105650082236
2,1.0,1000,7664,1.0,0,2,3,1000,0,1939,47.7001,-122.311,1570,6350,12.891691559669328
4,3.5,4210,9414,2.0,0,0,3,4210,0,2001,47.6067,-122.022,3950,8880,13.693053616607997
3,1.75,1760,8025,1.0,0,0,4,1230,530,1976,47.7287,-122.192,1590,7543,12.994530005894443
4,2.5,3930,21894,2.0,0,0,3,3930,0,1987,47.7209,-122.128,3930,20000,13.904436767158675
2,1.75,1590,11276,1.0,0,0,4,1590,0,1972,47.3177,-122.21,1750,10687,12.326075437924871
4,1.75,1120,8250,1.0,0,0,4,1120,0,1966,47.4555,-122.177,1330,7975,12.437184366493561
4,1.75,1950,4200,1.0,0,0,5,1040,910,1951,47.6755,-122.285,1450,5000,13.306350213517344
4,2.5,2000,6921,2.0,0,0,3,2000,0,2003,47.3559,-122.014,2430,6339,12.84792653170257
4,2.0,2190,3622,1.5,0,0,5,1990,200,1925,47.6887,-122.312,1450,3082,13.345506928718539
2,1.0,1160,32251,1.0,0,0,3,580,580,1963,47.3537,-121.939,1160,33656,12.706847933442663
3,1.0,1210,9730,1.0,0,0,4,1210,0,1953,47.762,-122.355,1470,9730,12.644327576461329
3,1.5,1230,10125,1.0,0,0,3,1230,0,1960,47.397,-122.299,1970,10125,11.901583454762012
3,2.5,2650,40705,2.0,0,0,3,2650,0,1994,47.668,-122.063,2550,42625,13.554145793829866
5,3.5,3630,4911,2.0,0,0,3,2790,840,2014,47.718,-122.156,3600,4992,13.63512712180058
3,1.75,1770,3880,1.0,0,0,3,1300,470,1963,47.6846,-122.392,1430,3880,13.410545324897761
5,2.5,2130,8428,2.0,0,0,3,2130,0,2013,47.4726,-122.282,1500,11810,12.84792653170257
4,1.75,2060,4080,1.5,0,0,3,1460,600,1922,47.6698,-122.325,1620,4080,13.239257128875828
3,1.0,1360,8968,1.0,0,0,3,1360,0,1956,47.7105,-122.289,1490,7355,12.779873068457553
3,1.5,1750,12500,1.0,0,0,3,1150,600,1954,47.5666,-121.902,1680,13000,12.66032791780777
2,1.75,1660,4000,1.0,0,0,3,990,670,1940,47.6394,-122.28,2070,4000,13.547631112808673
4,1.75,1960,9300,1.0,0,0,5,1340,620,1979,47.4487,-121.772,1500,9752,12.826649133255284
4,2.75,2170,9658,1.5,0,0,3,2170,0,1966,47.3741,-122.189,1490,9731,12.526110575687962
2,1.0,1070,4500,1.0,0,0,3,1070,0,1937,47.6802,-122.29,1320,4465,12.936033799212835
3,2.5,2600,10183,1.0,0,0,3,1300,1300,2004,47.6984,-122.201,1860,10401,13.525158256956614
3,1.0,940,10875,1.0,0,0,3,940,0,1957,47.5121,-122.168,1250,11200,12.345834587905333
4,1.75,2020,9750,1.0,0,0,3,1100,920,1975,47.6192,-122.055,1670,9600,12.873902018105829
3,1.0,1190,85226,1.5,0,0,5,1190,0,1935,47.365,-122.462,1360,46960,12.873902018105829
4,3.0,2420,12000,1.0,0,0,3,2420,0,1984,47.7267,-122.063,3100,13020,13.493926933836812
1,1.0,1390,60984,1.0,0,0,3,1390,0,1960,47.7652,-121.903,1620,24225,12.89921982609012
4,2.5,2230,5000,1.0,0,0,3,1650,580,2006,47.4799,-122.129,2090,4637,13.012548511397123
4,2.5,2120,3720,2.0,0,0,3,2120,0,2004,47.5526,-121.994,2170,3720,13.329377546788654
4,2.25,2220,6953,2.0,0,0,4,2220,0,1999,47.3509,-122.041,2240,6716,12.765688433465597
3,2.5,2490,24691,1.0,1,4,4,1580,910,1961,47.488,-122.364,2800,24121,13.959610901938031
5,2.0,2330,10750,1.0,0,0,4,1190,1140,1962,47.7325,-122.245,1830,10180,12.871334622600584
3,2.5,2510,5503,2.0,0,2,3,2510,0,1995,47.5419,-122.383,1790,6099,13.617059619240436
3,2.0,1140,6000,1.0,0,0,3,1140,0,1909,47.637,-122.355,1260,4000,13.399995114002609
4,2.75,2170,9743,2.0,0,0,3,2170,0,1995,47.3814,-122.024,1670,7734,12.810388612383504
2,1.75,1280,6774,1.0,0,0,3,1280,0,1991,47.2925,-122.219,1450,7810,12.170445467887022
4,1.0,1700,7689,1.0,0,0,3,1080,620,1977,47.6955,-122.116,1700,7333,13.030248088496522
4,2.0,1580,9581,1.0,0,0,3,1580,0,1953,47.692,-122.165,1580,10552,12.92391243868049
3,1.0,1980,9540,1.0,0,0,3,1080,900,1949,47.7551,-122.353,1680,9529,12.889169490236618
3,3.0,2560,3600,2.0,0,0,3,2110,450,1994,47.633,-122.37,2160,3600,13.737549016494562
3,1.75,2380,12681,1.0,0,0,1,1380,1000,1918,47.5294,-122.279,1720,6377,12.332705296463539
2,1.0,700,5200,1.0,0,0,5,700,0,1952,47.4924,-122.174,970,5200,12.205822614274965
3,2.0,1310,7000,1.0,0,0,4,1310,0,1979,47.303,-122.383,1390,7500,12.188417710291453
2,1.0,1000,4950,1.0,0,0,3,800,200,1948,47.5671,-122.394,1060,5500,13.17115354157376
3,1.5,2600,5085,1.0,0,0,4,1400,1200,1940,47.5659,-122.376,1320,4000,13.199324418540456
4,2.5,4080,10295,2.0,0,0,3,4080,0,1998,47.5933,-121.982,3470,10295,13.709038313453757
3,1.0,1890,3330,1.5,0,0,4,1390,500,1901,47.6597,-122.352,1530,3330,13.253391639810733
2,1.0,1020,7742,1.0,0,0,4,1020,0,1935,47.499,-122.301,1510,7742,12.034691028774553
3,1.0,1120,8631,1.0,0,0,3,1120,0,1942,47.7077,-122.314,1350,7714,12.647548191161372
5,3.0,3900,5250,1.5,0,1,5,2620,1280,1931,47.5577,-122.389,1950,5700,13.652991628466498
4,2.5,3140,32336,1.5,0,0,3,3140,0,1995,47.7412,-122.087,2340,19965,13.475833190394113
4,1.0,2020,18150,1.0,0,0,4,2020,0,1955,47.739,-122.249,1530,11970,12.751299696013497
3,2.0,3250,50529,2.0,0,0,4,3250,0,1978,47.5849,-122.016,2370,47480,13.239257128875828
4,1.0,1200,6000,1.5,0,0,3,1200,0,1923,47.5307,-122.352,950,4000,12.301382825334498
5,1.5,1310,4800,1.5,0,0,3,1110,200,1929,47.5545,-122.365,960,4800,12.634603026569334
3,2.0,1650,6150,2.0,0,0,4,1650,0,1926,47.5713,-122.394,1280,6150,13.287877815881902
3,1.0,1660,9600,1.0,0,0,3,1660,0,1963,47.708,-122.216,2020,9600,12.793859310432293
4,2.5,3480,12164,1.5,0,0,4,3480,0,1984,47.6404,-122.171,3960,16855,13.989463865087712
3,1.0,1800,4800,1.0,0,2,4,900,900,1927,47.5672,-122.372,1400,4800,13.345506928718539
4,3.25,4040,18916,1.0,0,0,4,4040,0,1954,47.6155,-122.238,3000,18831,14.635796869104627
3,2.25,1600,7620,1.0,0,0,3,1280,320,1987,47.774,-122.208,1600,8215,12.821258284620408
3,2.0,1230,6802,1.5,0,0,3,1230,0,1940,47.6712,-122.279,1850,6398,13.226116001096408
3,2.5,1860,15457,2.0,0,0,3,1860,0,1997,47.7383,-121.955,2040,14055,12.92391243868049
4,1.5,1580,8468,2.0,0,0,4,1580,0,1971,47.3336,-122.281,1580,8260,12.487485104968359
3,3.0,2630,4896,2.0,0,0,3,2630,0,2006,47.6932,-122.133,2880,4972,13.51169910358261
3,2.25,1530,7906,1.0,0,0,3,1150,380,1980,47.4418,-122.136,1460,7875,12.66032791780777
4,2.0,1930,3240,1.5,0,0,4,1930,0,1911,47.6156,-122.299,1480,3600,13.35506114152335
3,2.25,1580,8506,2.0,0,0,3,1580,0,1987,47.686,-122.185,2253,8515,13.270783382522602
4,2.5,3760,29224,2.0,0,0,3,3760,0,1987,47.7203,-122.128,3930,19916,13.825460888817442
2,2.0,2280,641203,2.0,0,0,3,2280,0,1990,47.4125,-122.455,2030,224334,13.652873974486718
3,3.25,3130,28001,1.0,0,0,3,2210,920,1985,47.7741,-122.122,2710,34999,13.296316684527767
3,2.5,1880,3054,2.0,0,0,3,1880,0,1988,47.6091,-122.147,1840,3815,13.202836761554206
2,1.0,1160,7500,1.5,0,0,4,1160,0,1916,47.6499,-121.916,1110,7500,12.65075846679162
4,3.5,4610,12500,2.0,0,2,3,4610,0,2003,47.6508,-122.203,2340,11538,14.315072989451554
4,2.5,2370,15336,2.0,0,0,3,2370,0,1995,47.5633,-121.901,2110,15925,13.112313041550827
4,1.5,1250,8400,1.0,0,0,3,960,290,1951,47.7505,-122.315,1560,8400,12.706847933442663
4,2.5,2800,6567,2.0,0,0,3,2800,0,2006,47.3555,-122.002,3400,5900,13.038873066905303
3,2.25,1760,1146,3.0,0,0,3,1760,0,2014,47.6073,-122.304,1346,3472,13.329377546788654
3,1.75,2240,78225,2.0,0,0,5,2240,0,1976,47.4638,-122.484,2030,202554,13.217673557208654
3,1.0,2090,4755,1.0,0,2,3,1200,890,1969,47.5304,-122.387,1850,5300,13.078411489875146
3,2.0,1220,17652,1.0,0,0,4,1220,0,1980,47.4712,-122.1,1990,17652,12.93723789327764
2,1.0,950,6426,1.0,0,0,3,950,0,1949,47.5653,-122.37,1360,2550,12.971540487669746
2,1.0,990,5000,1.0,0,0,3,990,0,1941,47.5666,-122.403,2250,6032,13.102160670086809
4,2.5,2440,14470,1.0,0,0,4,1660,780,1970,47.6401,-122.168,2810,15564,13.457406021215947
1,1.0,1090,5250,1.0,0,0,3,980,110,1927,47.6999,-122.391,2160,5250,12.834681304952548
5,2.5,3340,24755,2.0,0,0,3,3340,0,2002,47.4565,-122.066,3420,23274,13.457406021215947
4,1.0,1870,14703,1.5,0,0,3,1090,780,1928,47.5274,-122.281,1650,6045,12.345834587905333
3,1.5,1440,28516,1.0,0,0,4,1440,0,1975,47.5829,-122.005,2080,27049,13.030248088496522
3,2.5,2920,34527,1.0,0,4,4,1800,1120,1954,47.5799,-122.4,2480,7933,13.830399170458024
4,1.0,1490,6000,1.5,0,0,3,1490,0,1918,47.5518,-122.385,1700,6000,13.253391639810733
4,2.0,2660,8160,1.0,0,0,4,1380,1280,1949,47.7229,-122.359,1660,8160,13.36138027787483
3,3.0,1520,1884,3.0,0,0,3,1520,0,2009,47.7176,-122.284,1360,1939,12.896716695872
3,3.25,3080,12100,2.0,0,0,3,2080,1000,1984,47.695,-122.399,2100,6581,13.45166712454693
4,2.5,2160,8005,2.0,0,0,3,2160,0,1993,47.2668,-122.231,1790,8016,12.301382825334498
3,2.0,1760,9732,1.0,0,0,3,1760,0,1996,47.1923,-122.014,1910,9231,12.660169175050076
4,2.25,2520,2370,2.0,0,0,3,1690,830,1908,47.6109,-122.303,1530,2370,13.081541382884074
5,3.25,2750,7500,2.0,0,1,3,2150,600,1937,47.6636,-122.203,2750,7500,13.527828485512494
4,2.0,1760,5307,1.5,0,0,4,1170,590,1948,47.6714,-122.28,1850,6600,13.345506928718539
3,1.0,1320,8625,1.0,0,0,4,1320,0,1957,47.4902,-122.179,1370,8295,12.464583340681674
2,1.0,800,5100,1.0,0,0,3,800,0,1945,47.6775,-122.388,1330,5100,12.992254692057308
3,3.25,2460,4182,2.0,0,0,5,2100,360,1910,47.6782,-122.311,2370,4284,13.805460222110773
4,4.75,4575,24085,2.5,0,2,5,3905,670,1926,47.6263,-122.284,3900,9687,14.887094174244465
3,2.25,1950,8661,1.0,0,0,4,1950,0,1966,47.3127,-122.362,1950,8800,12.502466658583977
4,3.5,3100,5600,2.0,0,0,3,3100,0,2005,47.5968,-121.978,3080,5600,13.507625778194974
4,3.5,3920,11086,2.0,0,0,3,3920,0,1999,47.5416,-121.869,3740,10880,13.623138665316818
4,1.75,2000,10890,1.0,0,0,4,1390,610,1961,47.3203,-122.321,1520,9250,12.721885810807203
3,2.0,2400,217800,2.0,0,0,3,1590,810,1975,47.4166,-121.94,2340,207781,13.317930160948304
3,3.0,1571,2017,3.0,0,0,3,1571,0,2008,47.7338,-122.309,1520,1497,12.812435696005227
5,2.25,2700,9000,2.0,0,0,5,2700,0,1987,47.6599,-122.146,2630,9000,13.707925347284336
3,1.75,2080,6609,1.0,0,0,3,1280,800,1950,47.6883,-122.3,1680,6270,13.16158409055761
5,2.5,2920,5568,2.0,0,0,3,2320,600,1906,47.6265,-122.312,2970,5568,13.681979165339751
3,2.5,1920,9625,2.0,0,0,3,1920,0,1993,47.4876,-121.8,1920,10343,12.877740794412995
5,1.75,1920,6500,1.0,0,0,3,1260,660,1951,47.6394,-122.308,1970,5500,13.480037821676145
4,1.5,1890,10707,1.0,0,0,3,1890,0,1962,47.428,-122.326,1610,8827,12.676045024287617
1,2.0,1150,9812,1.0,0,0,4,1150,0,1962,47.2951,-122.284,1200,9812,11.652687407345388
5,3.5,3430,6872,2.0,0,0,3,2830,600,2002,47.4065,-122.207,3650,6600,13.06685066747407
3,2.75,2210,7660,1.0,0,1,4,1460,750,1968,47.5619,-122.4,2110,8750,13.473020249017498
4,2.5,2811,7251,2.0,0,0,3,2811,0,2009,47.3686,-122.058,3040,7250,13.028052697933088
5,3.0,2750,10000,1.0,0,0,4,1730,1020,1957,47.5878,-122.13,2520,10000,13.58609739363647
4,2.25,2240,12650,1.0,0,0,4,1730,510,1981,47.4777,-122.142,2150,12650,12.936033799212835
4,1.75,1700,14756,1.0,0,0,3,850,850,1955,47.5762,-122.143,1680,10250,12.711383088608054
5,2.75,2390,6282,1.0,0,0,4,1290,1100,1966,47.5149,-122.263,1690,5202,12.706847933442663
3,2.25,2630,9916,2.0,0,0,4,2630,0,1988,47.3314,-122.202,2470,10810,12.736700896592344
4,2.5,2220,4720,2.0,0,0,3,2220,0,1998,47.3541,-122.024,2090,4717,12.714395139078047
3,2.5,2770,10773,2.0,0,2,3,2770,0,1992,47.5754,-122.12,2530,10423,13.527761816623505
3,3.0,1680,1570,3.0,0,0,3,1680,0,2014,47.6572,-122.346,1640,4800,13.322770401744668
3,1.0,1630,5000,1.0,0,0,3,930,700,1954,47.5497,-122.295,1630,5480,12.676076274775909
5,2.75,2670,3800,2.0,0,0,3,2670,0,2014,47.4783,-122.123,2670,3800,13.11230294048971
4,3.0,3900,9750,1.0,0,4,5,2520,1380,1972,47.5605,-122.158,3410,9450,14.297936707208567
0,1.5,1430,1650,3.0,0,0,3,1430,0,1999,47.7222,-122.29,1430,1650,12.570715759118084
4,2.5,2070,6180,2.0,0,0,3,2070,0,2007,47.4915,-122.183,1250,6018,12.92391243868049
4,2.25,2450,11960,1.0,0,0,3,2450,0,1979,47.6351,-122.06,2600,11960,13.475833190394113
4,1.75,1860,9364,1.0,0,0,3,1080,780,1953,47.731,-122.301,1800,9364,13.076319438902923
2,1.0,990,15120,1.0,0,0,4,990,0,1953,47.7669,-122.206,1300,11500,12.691580461311874
4,2.5,2130,4750,2.0,0,0,3,2130,0,2009,47.4324,-122.184,2130,4071,12.821258284620408
4,1.5,2440,8040,1.0,0,0,4,1440,1000,1950,47.7081,-122.374,2140,7920,13.651814465293484
3,1.75,1930,9600,1.0,0,0,3,1930,0,1958,47.5747,-122.237,2350,9840,13.58609739363647
5,2.5,2040,9597,1.0,0,0,4,1240,800,1963,47.6544,-122.134,1800,8553,13.081541382884074
4,3.25,2550,11524,2.0,0,0,3,2550,0,1990,47.7324,-121.963,2370,14001,12.914724012626085
3,1.75,1440,7198,1.0,0,0,3,990,450,1981,47.4333,-122.194,1550,7156,12.520883385370206
4,2.25,2290,40946,1.0,0,3,4,1550,740,1960,47.616,-122.103,2790,20076,13.709038313453757
4,1.75,2630,9645,1.0,0,0,4,2630,0,1963,47.5459,-122.228,2690,10439,13.782987366258714
3,2.0,2050,11454,1.0,0,0,3,2050,0,1987,47.6389,-122.11,1980,11424,13.122363377404328
4,3.5,3400,5196,2.0,0,0,3,3400,0,2012,47.5169,-121.884,3170,5260,13.399995114002609
3,1.0,1250,8800,1.0,0,0,3,1250,0,1955,47.497,-122.357,1480,8200,12.345834587905333
3,1.5,1820,12686,1.0,0,0,4,1820,0,1952,47.5886,-122.195,3020,11550,13.681979165339751
4,2.75,2440,12051,1.0,0,0,5,1440,1000,1966,47.7456,-122.351,2030,8006,13.15773052124162
3,3.5,3870,3819,2.0,0,0,3,2760,1110,2002,47.6452,-122.317,2530,5500,14.180153671552183
4,2.5,2030,7210,1.0,0,0,5,1330,700,1969,47.5067,-122.16,1980,7560,12.80765263256463
3,1.75,1830,4160,1.0,0,0,3,1230,600,1919,47.5962,-122.288,1950,4160,13.373044271711628
1,1.0,570,4080,1.0,0,0,3,570,0,1942,47.5098,-122.334,890,5100,11.407009239378679
5,3.25,4300,9270,2.0,0,3,3,2910,1390,1957,47.5717,-122.409,2780,6610,14.151982794585487
3,1.5,1390,8300,1.0,0,0,4,1390,0,1974,47.7383,-121.983,1470,7500,12.666657052859417
3,1.0,960,10125,1.0,0,0,4,960,0,1952,47.3335,-122.305,1250,9769,12.100434313507177
3,1.75,1610,7392,1.0,0,0,4,1610,0,1964,47.3413,-122.28,1450,7392,11.982929094215963
3,2.25,1450,4050,2.0,0,0,3,1450,0,2010,47.367,-122.019,1660,3800,12.522706539931722
4,2.0,2080,6360,1.0,0,0,3,1330,750,1960,47.5392,-122.278,2080,6741,12.773656603114773
4,1.5,2020,8474,1.0,0,0,5,1010,1010,1962,47.4579,-122.17,1720,8166,12.676076274775909
4,2.5,2180,6500,2.0,0,0,3,1410,770,1945,47.5365,-122.37,920,6500,12.983101310070822
3,2.25,2090,12112,2.0,0,0,3,2090,0,1983,47.7015,-122.13,1760,12112,13.239435048990167
3,1.5,1660,8738,1.0,0,0,4,1080,580,1959,47.3117,-122.208,1500,8466,12.367340793126296
3,2.5,2850,36585,2.0,0,0,3,2850,0,1987,47.7376,-122.102,3340,35671,13.458835614025542
4,1.75,1740,12204,1.0,0,0,3,1270,470,1961,47.7675,-122.277,2190,12204,13.017002861746503
3,1.75,1910,17003,1.5,0,0,4,1910,0,1963,47.3095,-122.283,1820,14806,12.608198852372823
3,2.0,1810,12825,1.0,0,0,4,1810,0,1960,47.5953,-122.14,1490,10800,13.217673557208654
2,1.0,700,6000,1.0,0,0,4,700,0,1949,47.7515,-122.316,920,6000,12.49799571223921
3,2.5,2490,8582,2.0,0,0,3,2490,0,2000,47.625,-122.042,2870,7598,13.39132124085783
3,1.75,1700,8534,1.0,0,0,4,1700,0,1953,47.6276,-122.205,2100,10443,13.800396920154226
3,1.75,1850,16863,1.0,0,0,4,1280,570,1980,47.7166,-122.225,1790,9000,13.005829561148378
3,2.5,2670,10481,2.0,0,0,3,2670,0,2003,47.6673,-122.176,2620,8895,13.604789526648622
4,2.5,1900,21780,1.5,0,0,3,1900,0,1940,47.3776,-122.314,1240,9166,12.26434155365415
4,2.75,3160,8097,2.0,0,0,3,3160,0,2014,47.6709,-122.166,2200,8097,13.664687668229691
2,1.0,740,7680,1.0,0,0,4,740,0,1922,47.5245,-122.371,1080,7680,12.765688433465597
4,2.5,3490,7494,2.0,0,3,3,3490,0,2000,47.559,-122.127,3260,8437,13.790192749979985
3,1.75,1710,7210,1.0,0,0,4,1240,470,1974,47.4094,-122.175,1840,7245,12.5177690518128
2,1.0,1320,8830,1.0,0,0,3,1020,300,1939,47.6433,-122.404,1620,8531,12.959844447906553
4,2.0,2270,5760,2.0,0,0,4,2270,0,1909,47.5809,-122.39,1420,5760,13.49385796594134
4,2.25,1850,9911,1.0,0,0,4,1850,0,1957,47.6019,-122.116,1650,8670,13.091904169919621
3,3.25,1290,1230,2.0,0,2,3,1090,200,2008,47.6367,-122.37,1710,1797,13.287877815881902
2,1.0,990,4332,1.0,0,0,3,990,0,1909,47.6528,-122.331,1920,3420,13.337474757021274
3,2.5,1920,7415,2.0,0,0,3,1920,0,1989,47.4022,-122.171,1930,7536,12.468436909997665
3,2.5,1960,6997,2.0,0,0,3,1960,0,2006,47.5415,-121.887,2320,5178,12.911642346088676
4,1.5,1800,3245,1.5,0,0,4,1800,0,1929,47.6605,-122.331,1800,4275,13.681979165339751
3,2.5,1720,6194,2.0,0,0,3,1720,0,1998,47.2624,-122.221,1720,6211,12.449018824140563
5,1.75,2300,6720,2.0,0,0,3,2300,0,1905,47.528,-122.32,1200,6000,12.89921982609012
3,1.75,1670,39639,1.0,0,0,4,1670,0,1976,47.5929,-121.989,2330,30492,13.304684934198283
3,2.5,1580,1161,2.0,0,0,3,1010,570,2008,47.6206,-122.299,1680,1177,13.17115354157376
3,1.75,1770,33224,1.0,0,0,4,1770,0,1968,47.3377,-122.194,1690,22069,12.343658308482738
5,1.5,2550,6300,1.0,0,0,4,1560,990,1959,47.5014,-122.172,1380,6300,12.513557345278134
5,1.5,1820,8712,1.0,0,0,5,1090,730,1960,47.3712,-122.289,1820,8712,12.535376392672774
5,2.25,2020,8400,1.0,0,0,4,1010,1010,1963,47.5763,-122.219,1890,9233,13.527828485512494
2,2.25,1110,1290,3.0,0,0,3,1110,0,2006,47.6968,-122.34,1360,1251,12.751299696013497
3,2.5,2390,15084,2.0,0,0,3,2390,0,2000,47.3389,-122.048,1850,17494,13.579788224443204
4,2.5,2840,6284,2.0,0,0,3,2840,0,2013,47.5135,-122.169,2790,7168,13.363315412168129
4,2.5,2130,9100,1.0,0,0,3,1290,840,1978,47.3815,-122.169,1770,7700,12.301382825334498
3,1.75,1300,9600,1.0,0,0,4,1300,0,1969,47.6388,-122.103,2070,9775,13.028052697933088
4,2.5,2610,7333,2.0,0,0,3,2610,0,1988,47.2721,-122.293,2280,9033,12.793859310432293
3,1.0,990,7520,1.0,0,0,4,990,0,1958,47.285,-122.207,990,7440,12.310432660854417
2,1.0,1010,3916,1.0,0,2,4,810,200,1918,47.5728,-122.306,1580,3888,12.89921982609012
3,1.5,1320,7560,1.0,0,0,3,840,480,1983,47.7451,-121.98,1210,7560,12.691580461311874
4,1.0,1260,4080,1.0,0,0,4,1260,0,1911,47.6644,-122.324,1340,4080,13.334243736439827
3,1.75,2170,12220,1.0,0,0,5,2170,0,1965,47.6537,-122.195,1980,9000,13.717897729097274
3,3.5,3760,5634,2.0,1,4,3,2830,930,2014,47.5285,-122.205,3560,5762,14.6175121434363
4,2.5,3400,35062,2.0,0,0,4,3400,0,1988,47.7168,-122.113,2880,9705,13.726679344257658
4,2.75,2190,2867,1.5,0,0,5,1470,720,1929,47.6868,-122.308,1600,3800,13.3645249345543
4,2.75,3340,5700,2.0,0,0,3,3340,0,2013,47.5059,-122.146,3340,6940,13.776769729647844
3,1.5,1580,8841,1.5,0,0,5,1180,400,1923,47.6931,-122.352,1580,7512,13.16158409055761
3,1.0,2160,11484,1.5,0,0,4,2160,0,1968,47.7277,-122.185,2270,10080,13.023647404465171
3,1.0,910,6000,1.0,0,0,2,910,0,1956,47.5065,-122.338,1090,6957,12.300928176542852
3,2.5,1970,4036,2.0,0,0,4,1970,0,2003,47.5335,-121.869,1960,5020,12.976180867226248
3,1.0,1240,9198,1.5,0,0,4,1240,0,1959,47.37,-122.297,1170,8970,12.128111104060462
3,2.5,1370,1911,2.0,0,0,3,1370,0,1907,47.6375,-122.354,1630,2090,13.588609957772352
4,2.5,2000,37045,2.0,0,0,3,2000,0,1989,47.3398,-122.071,2390,36868,12.468436909997665
3,2.5,1730,8076,2.0,0,0,3,1730,0,1994,47.2619,-122.308,1780,6930,12.602369183797052
3,2.25,1450,7562,2.0,0,0,3,1450,0,1994,47.5038,-122.189,1650,7625,12.601487417784837
4,2.5,2350,6624,2.0,0,0,3,2350,0,1990,47.6262,-122.045,2590,11240,13.238545131693739
4,2.5,3270,9578,2.0,0,0,3,3270,0,1993,47.5373,-122.051,3120,8784,13.573438996764546
3,1.75,1560,5520,1.0,0,0,4,780,780,1944,47.6515,-122.399,1470,6000,13.169246963303179
3,1.0,1620,3000,1.5,0,0,5,1620,0,1928,47.6888,-122.347,1420,3060,13.304676600830227
3,2.75,1890,3938,2.0,0,0,3,1890,0,1999,47.5336,-121.867,1890,4142,13.071070083016778
4,2.25,2470,8686,1.0,0,0,4,1270,1200,1974,47.4371,-122.166,1900,7350,12.793859310432293
5,2.0,2800,17788,1.0,0,0,4,1400,1400,1963,47.6719,-122.163,1760,18282,13.407542319637992
4,2.5,3110,11422,2.0,0,0,3,3110,0,1989,47.6833,-122.271,2850,7254,13.737549016494562
3,1.75,1140,9628,1.0,0,0,4,1140,0,1969,47.2933,-122.372,1510,9633,12.180754837545884
3,1.0,1120,10125,1.0,0,0,3,1120,0,1961,47.4794,-122.078,1120,8820,12.628067055589549
3,1.0,1140,8366,1.0,0,0,5,1140,0,1943,47.4768,-122.177,960,7200,12.388185847286392
3,2.5,2980,7338,2.0,0,0,3,2980,0,2006,47.437,-122.207,3010,5267,13.081541382884074
2,1.75,1350,2653,2.0,0,0,3,1350,0,1986,47.6934,-122.184,1370,4115,12.911642346088676
2,2.0,1870,5580,1.0,0,0,3,1870,0,2004,47.7101,-122.031,1670,4500,13.224919965729422
3,1.5,1480,2700,1.5,0,0,3,1480,0,1928,47.623,-122.304,1970,4200,13.66002565512388
4,3.25,2720,4000,2.0,0,1,3,2070,650,2014,47.5554,-122.267,1450,4000,13.64827463858836
3,2.5,2810,5400,2.0,0,0,3,2810,0,2005,47.7065,-122.118,2870,5400,13.513053199930338
3,2.0,1660,10000,1.0,0,0,4,1010,650,1961,47.5852,-122.174,2020,9720,13.180520958576972
4,3.5,3310,6000,2.0,0,2,3,2200,1110,2010,47.5511,-122.391,1420,6000,13.693342923990066
3,1.0,1240,5750,1.0,0,0,4,1240,0,1948,47.564,-122.398,1240,5750,12.959844447906553
3,1.0,1340,4800,1.5,0,0,4,1340,0,1903,47.477,-122.209,1240,4800,12.323855681186558
3,2.5,2210,8622,2.0,0,0,3,2210,0,1988,47.5715,-122.02,2340,7192,13.287877815881902
3,1.5,1730,7800,1.0,0,0,3,1330,400,1958,47.7365,-122.337,1780,8309,12.886638512234486
2,1.0,1010,3400,1.0,0,0,3,1010,0,1921,47.6711,-122.329,1800,3600,13.061444962434912
4,1.75,1900,10297,1.0,0,0,4,1900,0,1966,47.5944,-122.155,2220,9612,13.24634935718532
5,1.75,2330,4947,1.0,0,0,4,1380,950,1955,47.5352,-122.392,2120,5605,13.257768014410532
3,1.0,1250,10200,1.0,0,0,3,1250,0,1965,47.4902,-122.256,1800,8283,12.323855681186558
3,2.25,1445,1471,2.0,0,0,3,1300,145,2003,47.5342,-122.072,1410,1399,12.873899453999977
3,1.75,1460,8372,1.0,0,0,4,1460,0,1981,47.3683,-122.087,1220,7803,12.323855681186558
3,2.25,2530,45234,2.0,0,0,4,2530,0,1985,47.7221,-122.12,3110,35617,13.329377546788654
4,3.0,3370,100681,1.0,0,0,5,1920,1450,1977,47.4319,-122.148,2440,43705,13.573438996764546
4,3.75,3860,5474,2.5,0,0,3,3860,0,2007,47.5396,-121.995,3040,5474,13.865252649859087
3,2.25,1650,2958,2.0,0,0,3,1650,0,1985,47.3916,-122.167,1510,3788,12.360937356091089
5,3.5,3630,8100,2.0,0,0,3,3630,0,2008,47.5951,-122.2,1730,8246,14.262181586883562
3,2.5,1850,4600,2.0,0,0,3,1850,0,2005,47.4661,-122.145,2160,4751,12.608198852372823
5,2.75,2350,4178,1.5,0,0,3,1520,830,1922,47.6388,-122.3,1920,4178,13.279367126213993
4,1.75,2080,8215,2.0,0,0,4,2080,0,1948,47.737,-122.305,1550,8215,12.86099861326992
3,1.75,2120,10875,1.0,0,2,3,1540,580,1977,47.504,-122.382,2460,11760,13.267329147654515
3,3.0,1970,24318,1.0,0,0,3,1970,0,2010,47.7651,-122.246,2150,14695,13.005829561148378
2,1.75,2040,114562,1.0,0,0,4,2040,0,1968,47.4985,-122.092,1850,94960,13.120361374733656
3,1.75,1670,5209,1.5,0,0,5,1670,0,1908,47.5362,-122.271,1990,4960,12.706544857216672
4,2.0,1800,4800,1.5,0,0,3,1800,0,1918,47.6388,-122.302,1950,4800,13.357830678407371
4,2.5,1560,4350,2.0,0,0,3,1560,0,2003,47.5025,-122.186,1560,4350,12.542544882151386
2,1.0,970,8185,1.0,0,0,5,970,0,1904,47.4025,-122.201,1500,12541,12.230740867579195
4,2.5,2440,5001,2.0,0,0,3,2440,0,2005,47.5108,-122.193,2260,5001,13.028052697933088
5,3.5,3610,52595,2.0,0,0,4,3610,0,1989,47.6832,-121.907,1620,60112,13.282780098810234
4,2.5,2100,8220,1.0,0,0,4,1300,800,1975,47.6733,-122.145,2160,8348,13.316284070041636
3,2.5,2150,4084,2.0,0,0,3,2150,0,2007,47.5488,-122.372,1750,2385,13.049792684569493
3,1.75,1740,6220,1.0,0,0,4,1740,0,1954,47.762,-122.362,1630,8418,12.886641043883259
3,1.75,1660,9697,1.0,0,0,4,1660,0,1952,47.7564,-122.286,2060,20624,13.01477816672439
2,1.0,1180,10800,1.0,0,0,3,1180,0,1984,47.7273,-122.236,1600,10800,12.89921982609012
3,1.75,1780,35233,1.0,0,0,4,1420,360,1979,47.2949,-122.269,1950,17334,12.429216196844383
2,2.5,1780,2067,2.0,0,0,5,1780,0,1974,47.6132,-122.21,2320,2067,13.748301808270824
3,2.5,2550,5100,2.0,0,0,3,2550,0,2014,47.6757,-122.326,1250,4080,13.906264921232738
3,2.5,2010,11618,2.0,0,0,3,2010,0,1990,47.1956,-121.985,1550,9354,12.538967060803502
3,2.5,2437,5136,2.0,0,0,3,2437,0,2011,47.3517,-122.21,2437,4614,12.560244459250788
3,2.25,2120,14915,1.0,0,0,3,1720,400,1979,47.3524,-122.285,2320,13100,12.712890247898626
3,1.75,1870,7500,1.0,0,0,5,1320,550,1978,47.4428,-122.134,1870,7275,12.751154757974255
2,1.0,820,5040,1.0,0,0,3,820,0,1953,47.6498,-122.388,1730,5760,13.138236726560619
5,2.5,2600,4284,2.0,0,0,3,2600,0,2014,47.5409,-122.39,1620,5000,13.560618308335483
3,2.5,1200,813,3.0,0,0,3,1200,0,2010,47.5894,-122.315,1750,4365,12.928778628331663
2,1.75,1640,6750,1.0,0,0,4,1340,300,1939,47.7068,-122.308,1760,7490,13.370004400318926
3,3.5,1320,1161,3.0,0,0,3,1320,0,2010,47.7162,-122.294,1320,1161,12.751299696013497
5,2.5,2490,9639,1.0,0,0,4,1610,880,1959,47.551,-122.22,2290,9958,13.674522864663297
3,3.0,1950,1833,3.0,0,0,3,1610,340,2009,47.6078,-122.202,2040,2131,13.590490246637204
2,1.75,1350,4003,1.0,0,0,3,1350,0,2004,47.7176,-122.033,1350,4479,12.971540487669746
2,1.0,860,8189,1.0,0,0,3,860,0,1948,47.735,-122.306,1180,8189,12.607529732240799
3,1.0,1250,21303,1.0,0,0,3,1250,0,1970,47.6625,-122.059,1250,17920,12.86099861326992
3,2.5,1470,4675,2.0,0,0,3,1470,0,1999,47.5261,-121.827,1500,4385,12.736406735684207
4,3.0,3740,30884,2.0,0,0,3,3060,680,1988,47.7505,-122.117,3240,37031,13.67509840424753
5,2.25,2480,12070,2.0,0,0,3,2480,0,1978,47.631,-122.052,2570,12000,13.329377546788654
4,1.75,2180,28710,1.0,0,0,3,1180,1000,1950,47.405,-122.288,2180,28710,12.254862809699606
3,2.5,2630,10047,2.0,0,0,3,2630,0,1996,47.5515,-122.083,2640,10620,13.407542319637992
3,2.5,2680,5497,2.0,0,0,3,2680,0,2001,47.7043,-122.128,2780,5497,13.457406021215947
3,2.0,1380,2500,1.0,0,0,3,750,630,1986,47.6753,-122.363,1630,3800,12.983101310070822
4,2.25,1770,8505,2.0,0,0,3,1770,0,1986,47.6904,-122.102,1880,8939,13.298834520520108
2,1.75,1170,4635,1.0,0,0,4,690,480,1924,47.6842,-122.359,1240,4120,13.081541382884074
4,1.0,2080,5500,1.0,0,0,3,1040,1040,1941,47.6838,-122.386,1280,4000,13.081541382884074
4,2.25,2660,22194,1.0,0,0,4,2180,480,1977,47.6142,-122.107,2660,18135,13.345506928718539
3,2.25,1630,9145,1.0,0,0,3,1630,0,1960,47.5,-122.347,1630,9206,12.220961258023925
3,1.0,1300,9300,1.0,0,0,4,1300,0,1977,47.7562,-122.073,1300,10064,12.691580461311874
2,1.75,2860,59612,1.0,1,4,3,1510,1350,1948,47.3276,-122.389,2720,59612,13.128345449081877
3,1.75,1510,9720,1.0,0,0,3,1510,0,1948,47.7728,-122.258,1520,10037,12.721885810807203
4,2.25,3750,5000,2.0,0,0,5,2440,1310,1924,47.6747,-122.303,2170,4590,14.085537695177335
3,1.75,1650,16200,1.0,0,0,3,1650,0,1976,47.3926,-122.168,1650,8680,12.48559653028049
3,1.5,1200,7800,1.0,0,0,4,1200,0,1958,47.3137,-122.212,1390,8415,12.180754837545884
4,3.0,2390,4500,2.0,0,0,3,2390,0,1974,47.4872,-122.204,1320,4500,12.577636201962656
5,1.5,1690,7725,1.5,0,0,4,1690,0,1961,47.3859,-122.288,1690,7739,12.563397378310404
3,1.0,1300,7975,1.0,0,0,4,1300,0,1958,47.611,-122.122,1570,9075,12.936033799212835
3,1.0,1250,23680,1.0,0,0,5,1250,0,1967,47.475,-122.11,1450,23680,12.628067055589549
4,2.5,2300,15188,2.0,0,0,4,2300,0,1966,47.3683,-122.164,1820,10125,12.402872221504781
4,2.5,2460,4425,2.0,0,0,3,2460,0,2006,47.7048,-122.109,2990,5659,13.448785278172041
4,1.5,1780,8000,2.0,0,0,4,1080,700,1900,47.3124,-122.003,1750,9147,12.206072645530174
4,2.5,3280,25211,2.0,0,3,3,3280,0,1985,47.6398,-122.05,3280,25211,13.604789526648622
4,3.25,3780,10099,1.0,0,1,3,2240,1540,2006,47.5508,-122.192,3120,10669,13.976778705560397
3,1.75,2450,9377,1.0,0,2,4,1540,910,1962,47.7296,-122.284,2520,9725,13.440817108522863
3,2.0,1320,1297,3.0,0,0,3,1320,0,1995,47.6959,-122.376,1380,1503,12.86099861326992
3,3.25,1610,1275,2.0,0,0,3,1220,390,2005,47.6236,-122.318,1750,3000,13.353475098367715
3,3.25,1710,2171,2.0,0,0,3,1400,310,2014,47.5434,-122.368,1380,1300,12.79104981192925
3,1.5,1210,5240,1.0,0,0,4,610,600,1983,47.5524,-122.356,1560,5240,12.628067055589549
2,1.0,1150,8138,1.0,0,0,3,1150,0,1954,47.737,-122.325,1300,8139,12.712890247898626
4,3.5,4080,14450,2.0,0,2,3,3210,870,1998,47.5519,-122.106,4080,12114,14.066269276311457
5,1.75,2780,7786,1.0,0,0,3,1390,1390,1966,47.6694,-122.157,2130,7918,13.176851562688398
4,3.75,7620,29536,2.0,0,3,3,5980,1640,2005,47.5571,-122.14,2840,20809,14.334304351379442
4,2.5,2568,5000,2.0,0,0,3,2568,0,2014,47.2596,-122.194,2547,4500,12.962185235536063
3,1.75,2280,7800,1.0,0,3,4,1360,920,1941,47.6985,-122.387,2280,5200,13.527828485512494
4,2.25,2170,9665,1.0,0,0,4,1300,870,1976,47.5444,-122.165,2170,12054,13.099708686839522
3,2.75,2390,9966,1.0,0,0,5,1360,1030,1977,47.5433,-122.185,2140,10713,13.244581010128577
4,2.75,2290,5249,2.0,0,0,3,2290,0,2003,47.4916,-122.162,2270,4348,12.971540487669746
4,1.5,1580,6200,1.0,0,0,3,790,790,1944,47.4971,-122.24,1320,6499,11.977131068100993
4,2.5,1640,6000,2.0,0,0,3,1640,0,2011,47.559,-122.365,1640,4800,13.049685151906344
4,1.75,1880,4175,1.5,0,0,3,1090,790,1944,47.6646,-122.364,1700,3758,13.073171032371015
4,3.5,3810,9792,2.0,0,0,3,3810,0,1938,47.5018,-122.38,1950,9792,13.623138665316818
5,2.75,2400,15781,1.0,0,0,4,1200,1200,1974,47.622,-122.059,2390,7500,12.915462201635984
7,4.5,4140,9066,1.0,0,0,3,2070,2070,1978,47.7302,-122.291,1440,1865,13.244581010128577
4,1.0,1430,4080,1.5,0,0,3,1430,0,1924,47.6696,-122.324,1760,4080,13.411669130972207
2,1.5,1070,937,3.0,0,0,3,1070,0,2003,47.6761,-122.3,1100,3200,12.765688433465597
3,2.5,2430,7613,2.0,0,0,4,2430,0,1986,47.4383,-122.135,2440,8342,12.858918529316593
4,3.5,3280,3800,2.0,0,0,3,2880,400,2011,47.6299,-122.28,2050,3800,14.761360092079974
3,1.5,1560,7884,1.0,0,0,3,1060,500,1969,47.7312,-122.298,1820,9000,12.815838217151068
2,2.25,1550,1824,2.0,0,0,3,1550,0,2007,47.5396,-122.368,1460,1826,12.761393509182716
2,1.75,1400,2500,1.0,0,0,5,710,690,1916,47.5628,-122.391,1250,5700,12.886641043883259
2,1.0,920,2332,1.0,0,0,4,920,0,1980,47.3779,-122.32,1310,2853,12.078239274020289
3,2.5,2090,6045,2.0,0,0,3,2090,0,2000,47.4947,-122.174,2040,6392,12.936033799212835
3,2.0,1200,5029,1.0,0,0,3,880,320,1937,47.6936,-122.294,1510,5854,12.948009990259552
5,2.0,1940,7642,1.5,0,0,3,1940,0,1957,47.7751,-122.38,1940,8724,13.050330174504497
3,2.5,2340,3466,2.0,0,0,3,2340,0,2004,47.5322,-121.851,1970,3739,12.966878474563934
4,2.5,3020,6788,2.0,0,0,3,3020,0,2002,47.5346,-121.881,2640,5325,13.180632285528304
3,2.5,2080,4556,2.0,0,0,3,2080,0,1999,47.6036,-122.014,1530,5606,13.248996028337695
3,1.0,1010,7034,1.0,0,0,3,1010,0,1954,47.49,-122.22,1440,10994,12.072541252905651
5,1.75,1360,10609,1.0,0,0,3,1060,300,1966,47.7203,-122.229,1490,9935,12.974327298576924
3,2.5,3180,10492,2.0,0,2,3,3180,0,1991,47.655,-122.124,3000,9812,13.815510557964274
4,2.0,1580,7800,2.0,0,0,2,1580,0,1906,47.5848,-122.302,1190,4440,12.71589776896258
4,1.5,1880,6200,1.0,0,2,5,1440,440,1954,47.5035,-122.384,2070,6500,13.42984807715229
4,1.75,1580,5340,1.0,0,0,3,1130,450,1947,47.6003,-122.306,830,980,12.89921982609012
3,1.0,1000,8470,1.0,0,0,4,1000,0,1963,47.3056,-122.37,1020,8470,12.185869938212655
4,1.0,1780,4000,1.5,0,0,3,1780,0,1922,47.6624,-122.354,1750,4000,12.994530005894443
4,2.75,3120,20031,1.0,0,2,4,1980,1140,1954,47.5389,-122.242,3330,18777,14.27293540500315
4,2.5,2680,9185,2.0,0,0,3,2680,0,1989,47.5738,-121.992,2810,8505,13.337474757021274
3,2.25,2130,8801,1.0,0,0,3,1370,760,1976,47.7462,-122.29,2820,8801,13.087720171460754
3,1.75,1620,7500,1.0,0,0,3,1220,400,1981,47.4815,-122.162,1470,7938,12.758519943986984
2,1.0,850,5000,1.0,0,0,3,850,0,1907,47.4874,-122.207,910,4815,12.604848765487542
5,2.75,3370,10315,2.0,0,0,3,3370,0,2006,47.4893,-122.146,3010,8296,13.237476184504834
3,1.75,1370,8467,1.0,0,0,4,970,400,1972,47.6644,-122.145,1650,8472,13.038981768465277
1,0.75,1040,6034,1.0,0,1,3,580,460,1991,47.5078,-122.251,1560,5650,12.513557345278134
4,3.25,2630,2550,2.0,0,0,3,2030,600,2006,47.6775,-122.385,1810,2600,13.658856747918897
4,2.0,1370,8100,1.0,0,0,2,1370,0,1947,47.749,-122.312,1280,8100,12.949318657390583
3,2.75,3130,19530,1.0,1,4,3,1690,1440,1947,47.5895,-122.111,2980,18782,14.151982794585487
4,2.5,2520,2600,2.0,0,0,5,1670,850,1925,47.6434,-122.358,2290,3600,13.933293593620657
3,2.5,2090,6294,2.0,0,0,3,2090,0,2004,47.686,-122.095,2520,5735,13.24634935718532
3,1.0,1180,6050,1.0,0,0,3,820,360,1944,47.4945,-122.249,1070,6050,12.175613438045465
3,2.5,1800,3980,2.0,0,0,3,1800,0,2006,47.4006,-122.162,2580,4307,12.56374708980199
3,1.0,1050,5664,1.0,0,0,4,910,140,1947,47.6897,-122.285,1500,5664,13.005829561148378
3,3.25,2770,6278,2.0,0,0,3,1980,790,2006,47.5228,-122.199,1900,7349,13.041153321978786
6,7.75,9890,31374,2.0,0,4,3,8860,1030,2001,47.6305,-122.24,4540,42730,15.744855690144892
4,2.5,2970,4400,2.0,0,0,3,2970,0,2014,47.705,-122.114,3010,4892,13.56184336409977
4,2.75,2250,14149,2.0,0,0,3,2250,0,1992,47.7353,-121.962,2450,14027,13.120361374733656
4,2.5,3540,9349,2.0,0,0,3,3540,0,2003,47.7046,-122.107,3280,7546,13.709038313453757
3,2.5,1440,3800,2.0,0,0,3,1440,0,2005,47.3606,-122.039,1890,3819,12.502466658583977
4,2.0,3140,10875,1.0,0,1,3,1940,1200,1939,47.6656,-122.406,3300,10080,13.560618308335483
5,3.0,3320,5354,2.0,0,0,3,3320,0,2004,47.6542,-122.331,2330,4040,14.343193298796688
3,1.75,1950,8712,1.0,0,0,3,1950,0,1960,47.4391,-122.189,1820,11520,12.367340793126296
3,1.0,1070,6109,1.0,0,0,5,1070,0,1951,47.7207,-122.32,1170,7200,12.727838209334498
3,2.0,1700,6498,1.0,0,0,3,1700,0,1986,47.3781,-122.044,1700,6654,12.577636201962656
4,1.5,2150,11026,1.0,0,0,4,2150,0,1952,47.7635,-122.263,1760,10283,12.89921982609012
3,2.5,2750,37096,2.0,0,0,3,2750,0,1989,47.3732,-122.023,2700,40091,12.834681304952548
3,2.5,2370,16455,1.0,0,0,5,1640,730,1959,47.7634,-122.277,2170,15551,13.199324418540456
2,1.75,1250,34395,1.0,0,0,4,1250,0,1950,47.2802,-122.316,1910,26042,12.608198852372823
3,1.0,1240,5700,1.5,0,0,5,1240,0,1953,47.4927,-122.169,1140,5700,12.380025952653611
3,2.25,2880,7200,1.0,0,0,3,1710,1170,1970,47.7707,-122.35,1880,10200,13.122263372403996
3,3.5,2500,4270,2.0,0,0,3,2500,0,2000,47.536,-121.877,2420,4205,13.19654277557858
5,3.25,3690,12353,2.0,0,0,5,3690,0,1977,47.7672,-122.292,2290,9082,13.39239051461739
4,1.5,2500,6300,1.0,0,0,4,1500,1000,1961,47.3781,-122.284,1720,8925,12.429216196844383
4,2.5,2150,39449,1.0,0,0,3,1420,730,1978,47.5531,-121.892,2010,35717,13.093963902882631
4,1.75,1880,3880,1.5,0,0,4,1090,790,1944,47.6635,-122.362,1390,3880,13.235692062711331
3,2.5,2540,4760,2.0,0,0,3,2540,0,2010,47.3452,-122.022,2540,4571,12.758519943986984
4,1.75,2420,520,1.5,0,0,3,2420,0,1900,47.6209,-122.302,1200,1170,13.458835614025542
4,2.5,2400,9398,1.0,0,0,4,1310,1090,1958,47.4952,-122.178,1330,8249,12.84792653170257
2,1.0,670,11505,1.0,0,0,3,670,0,2003,47.499,-122.157,2180,11505,12.873902018105829
2,1.75,2330,7280,1.0,0,0,3,1450,880,1982,47.4282,-122.28,1830,12178,13.190022025878143
2,2.5,1320,1157,2.0,0,0,3,990,330,2014,47.6689,-122.363,1550,1519,13.122263372403996
3,1.0,990,4440,1.0,0,0,3,990,0,1943,47.522,-122.354,990,6771,12.330720950095284
5,2.5,2350,4000,2.0,0,0,3,2350,0,1993,47.6265,-122.296,1840,4000,13.830399170458024
3,2.5,2577,156816,2.0,0,0,3,2577,0,2000,47.2935,-122.108,2090,156816,13.112313041550827
3,2.5,1770,5146,2.0,0,0,3,1770,0,1992,47.5263,-122.356,1230,5160,12.834681304952548
3,2.5,2217,8019,2.0,0,0,3,2217,0,2009,47.2776,-122.251,1470,8037,12.524526376648708
3,1.75,1820,22320,1.0,0,0,3,1250,570,1977,47.6441,-121.96,2030,22320,12.948009990259552
4,1.0,1480,7560,1.5,0,0,3,1480,0,1940,47.7079,-122.358,1480,7560,12.994530005894443
4,2.75,1920,7102,1.0,0,0,3,1130,790,1992,47.539,-122.356,1830,6440,12.429216196844383
3,2.25,1880,7279,1.0,0,0,3,1280,600,1962,47.7574,-122.322,2020,8274,13.051940913107783
3,1.75,1620,3975,1.0,0,0,5,940,680,1926,47.6786,-122.368,1320,3922,13.370784735902808
6,3.0,2290,6344,2.0,0,0,3,2290,0,1980,47.565,-122.37,1360,3202,12.948009990259552
3,1.0,960,6180,1.0,0,0,4,960,0,1910,47.5518,-122.279,1250,4120,12.676076274775909
4,2.25,2070,8720,1.0,0,0,5,1360,710,1974,47.6678,-122.182,2180,8510,13.37700559577791
3,2.25,1420,3750,2.0,0,0,3,1420,0,1987,47.5725,-122.383,1430,4664,12.92391243868049
4,3.25,3569,8327,2.0,0,0,3,3569,0,2013,47.4595,-122.208,2550,5251,13.270783382522602
4,1.5,2810,7140,1.0,0,2,3,1490,1320,1954,47.5252,-122.382,2240,6825,13.262125319779487
3,1.75,2180,7200,1.0,0,3,4,1090,1090,1954,47.5044,-122.235,2180,7140,13.064734264567692
4,1.75,2270,27122,1.0,0,0,5,1300,970,1957,47.7637,-122.281,2380,11822,13.279367126213993
5,2.75,3890,9130,2.0,0,0,3,3890,0,2004,47.5407,-121.86,3450,8361,13.557387287754038
4,3.0,2800,9127,2.0,0,0,3,2800,0,1999,47.6123,-122.007,2780,8165,13.554145793829866
3,1.0,1460,43000,1.0,0,0,3,1460,0,1952,47.4434,-122.347,2250,20023,12.89921982609012
3,2.75,2280,4280,1.0,0,0,5,1280,1000,1917,47.6685,-122.335,1650,4280,13.681979165339751
4,2.5,2560,10400,1.0,0,0,4,1280,1280,1965,47.5225,-122.04,1740,11050,12.994530005894443
3,1.5,1060,9039,1.0,0,0,3,1060,0,1973,47.4293,-122.151,1410,9515,12.449018824140563
3,2.25,1640,4635,1.5,0,0,3,1540,100,1930,47.6793,-122.319,1530,4635,13.155798153490567
3,2.0,1150,4500,1.5,0,0,3,1150,0,1917,47.6985,-122.348,1230,5400,13.017002861746503
4,3.5,3090,100835,2.0,0,0,3,3090,0,1999,47.3087,-122.088,2400,50543,13.422467969854667
3,1.0,860,6380,1.5,0,0,4,860,0,1927,47.6942,-122.315,1250,6380,12.891691559669328
4,2.0,2730,12000,1.0,0,0,4,1410,1320,1998,47.7733,-122.271,2730,9039,13.132313708257497
4,2.5,2250,6840,2.0,0,0,3,2250,0,1987,47.4398,-122.151,2480,7386,12.886641043883259
3,2.5,1460,8800,1.0,0,0,4,1460,0,1956,47.5895,-122.232,2200,8800,13.437174117244362
3,2.5,2890,7027,2.0,0,0,3,2890,0,2004,47.6111,-122.009,2890,7197,13.480037821676145
2,1.0,840,10465,1.0,0,0,3,840,0,1951,47.755,-122.317,1320,8515,12.594730635321957
5,3.5,4390,10140,2.0,0,0,3,3350,1040,2005,47.7174,-122.282,2010,8400,13.786081747273462
2,1.0,960,8450,1.0,0,0,5,960,0,1950,47.755,-122.316,1090,8450,12.404923504275338
3,2.5,2134,1984,2.5,0,0,3,2134,0,2008,47.5402,-122.027,2170,1984,13.322852238153732
3,2.0,1530,1442,3.0,0,0,3,1530,0,2015,47.6692,-122.372,1620,1456,13.383187995686226
3,2.5,2660,10637,2.0,0,0,3,2660,0,1991,47.7383,-122.22,2590,8637,13.296316684527767
3,2.5,2260,93218,1.0,0,2,4,2260,0,1998,47.2582,-121.935,2180,111078,12.813117127036707
3,1.75,1430,9857,1.0,0,2,4,1140,290,1980,47.4964,-121.771,1310,9880,12.873902018105829
3,1.75,2000,8400,1.5,0,0,4,2000,0,1959,47.7535,-122.334,2000,8400,12.936033799212835
3,1.0,1090,4000,1.5,0,0,4,1090,0,1945,47.6846,-122.386,1520,4000,13.444446876573442
4,3.0,2720,3800,2.0,0,0,5,1800,920,1919,47.6756,-122.306,1940,4001,13.513053199930338
4,2.5,2580,3943,2.0,0,0,3,2580,0,2013,47.6853,-122.21,1700,5772,13.709038313453757
4,1.5,1680,11123,1.0,0,0,3,1130,550,1959,47.7565,-122.361,1770,10103,12.84792653170257
2,1.0,1170,6000,1.0,0,0,3,1170,0,1948,47.5033,-122.331,1130,7500,12.563572249343462
3,1.75,1370,9288,1.0,0,0,4,1370,0,1988,47.4824,-122.152,1500,9864,12.618016719736048
6,3.25,3560,107362,1.5,0,0,4,2760,800,1963,47.6356,-122.15,3210,35001,13.909000901051613
5,2.5,3004,5700,2.0,0,0,3,3004,0,2006,47.3801,-122.185,2665,5700,12.894207284266574
3,2.5,2390,6550,1.0,0,2,4,1440,950,1955,47.5714,-122.408,2010,6550,13.527828485512494
3,1.0,1170,11000,1.0,0,0,2,1170,0,1980,47.7346,-121.983,1590,10894,11.691071650353702
3,1.5,1400,9087,1.0,0,0,3,1400,0,1954,47.7711,-122.34,1490,8380,12.676076274775909
2,1.5,1360,1898,2.0,0,0,3,1360,0,1978,47.2852,-122.19,1360,1898,12.206072645530174
4,2.75,2870,8625,1.0,0,1,4,1860,1010,1959,47.7425,-122.289,2430,8479,13.458835614025542
4,2.5,1820,9161,1.0,0,0,4,1220,600,1975,47.4333,-122.168,1860,7650,12.691580461311874
3,1.75,1630,10001,1.0,0,0,4,1100,530,1977,47.3605,-122.12,1630,10001,12.542544882151386
4,1.75,2220,7230,1.0,0,1,3,1280,940,1950,47.7065,-122.279,2210,7230,13.422467969854667
3,2.5,2610,8481,2.0,0,0,3,2610,0,1993,47.5535,-122.115,3140,10008,13.604789526648622
4,1.5,2040,6900,2.0,0,0,3,2040,0,1903,47.6188,-122.285,3150,8220,13.623138665316818
3,1.5,1640,8301,1.0,0,0,3,1290,350,1958,47.7443,-122.327,1640,8955,12.80765263256463
2,1.0,1130,8081,1.0,0,0,4,1130,0,1921,47.7064,-122.355,1220,7800,12.751299696013497
3,2.5,2440,4800,2.0,0,0,3,2440,0,2014,47.5595,-122.365,1180,5480,13.345506928718539
3,1.5,1140,4875,1.0,0,0,5,1140,0,1970,47.3684,-122.08,980,5070,12.292250341771226
3,1.5,1340,6000,1.5,0,1,3,1340,0,1927,47.66,-122.282,2600,6000,13.717897729097274
3,1.75,1620,5500,1.0,0,0,3,1110,510,1950,47.6393,-122.308,2100,6500,13.42984807715229
3,2.25,1740,9672,1.0,0,0,4,1110,630,1963,47.4149,-122.181,1640,9600,12.505806799006097
3,2.5,2750,35440,2.0,0,0,3,2750,0,1994,47.4745,-121.723,2710,35440,13.228523573232719
2,1.5,1930,3521,2.0,0,0,3,1930,0,1989,47.6092,-122.146,1840,3576,13.14020329553266
3,2.0,1540,7947,1.0,0,0,3,1120,420,1961,47.7605,-122.217,1910,7950,12.862296471985522
5,3.0,2790,19439,1.0,0,3,5,1500,1290,1973,47.4088,-122.089,1620,19439,13.287793066528065
3,1.75,1540,6273,1.0,0,0,4,770,770,1951,47.5305,-122.277,1140,5512,12.481808646963554
3,2.0,2660,4500,1.0,0,0,4,1330,1330,1922,47.6391,-122.403,1790,5000,13.312983737012978
3,1.5,1620,21929,2.0,0,0,3,1620,0,1990,47.767,-121.903,1600,21679,12.866179972011919
4,2.5,2780,7838,2.0,0,3,3,2780,0,2004,47.5312,-121.861,3160,7848,13.241922612461968
3,2.5,1530,2890,2.0,0,0,3,1530,0,2001,47.5434,-122.293,1540,2890,12.429216196844383
3,2.5,2555,5720,2.0,0,0,3,2555,0,2006,47.386,-122.184,2844,5769,12.449018824140563
4,2.0,1210,11100,1.0,0,0,4,1210,0,1955,47.5747,-122.145,1280,11100,13.088392857833176
3,1.0,1450,7930,1.0,0,0,4,1150,300,1923,47.5212,-122.371,1040,7740,12.884106188280072
3,3.5,3950,111078,1.5,0,0,3,2460,1490,1989,47.697,-122.072,2480,88500,13.572164299332545
4,4.0,2290,6250,1.5,0,0,5,1690,600,1940,47.5824,-122.384,1920,4335,13.401893311285688
2,1.0,1220,5040,1.0,0,0,3,1220,0,1961,47.6957,-122.364,1420,5040,13.228433641131396
4,2.5,2100,14773,2.0,0,0,3,2100,0,1998,47.3045,-122.391,2370,15440,12.628067055589549
4,1.5,1460,8760,1.0,0,0,3,1460,0,1958,47.4698,-122.36,1610,9375,12.611537753638338
2,1.0,1000,8212,1.0,0,0,4,1000,0,1947,47.7444,-122.341,1620,8214,12.628067055589549
3,2.25,1760,10013,2.0,0,0,4,1760,0,1983,47.5336,-122.189,1810,9768,13.017002861746503
1,0.75,370,1801,1.0,0,0,5,370,0,1923,47.6778,-122.389,1340,5000,12.528156144699286
3,1.75,1610,7200,1.0,0,0,3,1090,520,1973,47.6279,-122.287,3790,7200,13.981448635507705
4,2.5,1850,9136,2.0,0,0,3,1850,0,1997,47.4943,-122.157,1930,7873,12.911642346088676
6,2.5,3760,12978,1.0,0,0,3,2360,1400,1967,47.6976,-122.381,2300,7362,13.639131310625949
4,1.0,1640,4200,1.5,0,0,3,1640,0,1925,47.6601,-122.332,1730,3990,13.632308613743012
3,1.0,1340,4284,1.0,0,0,3,1080,260,1910,47.6633,-122.324,1960,4080,13.180632285528304
4,3.0,1810,5012,2.0,0,0,4,1810,0,1997,47.5691,-122.292,1670,5161,12.89921982609012
3,1.75,1950,7260,1.0,0,0,3,1520,430,1957,47.7187,-122.33,1950,7548,12.793859310432293
2,1.0,810,4368,1.0,0,0,3,810,0,1958,47.6915,-122.312,1890,5253,13.017002861746503
4,2.5,2500,4000,2.0,0,0,3,2500,0,2014,47.5902,-122.311,1480,4300,13.36138027787483
3,1.75,2170,153767,1.0,0,0,3,2170,0,1976,47.3694,-122.065,2840,49500,13.279367126213993
3,1.75,1680,3420,1.0,0,0,3,960,720,1992,47.6855,-122.291,1680,4080,13.071070083016778
3,2.5,2235,43560,1.0,0,0,5,990,1245,1975,47.3326,-122.046,1460,29621,12.727838209334498
3,1.75,1170,8148,1.0,0,0,3,1170,0,1952,47.7479,-122.318,1200,8147,12.896716695872
3,2.0,1270,1323,3.0,0,0,3,1270,0,2006,47.6934,-122.342,1330,1323,12.793859310432293
3,2.5,1530,1116,2.5,0,0,3,1530,0,2005,47.7385,-122.25,1530,7780,12.449018824140563
4,1.5,1980,3240,1.5,0,0,4,1780,200,1930,47.584,-122.294,2250,4000,13.329377546788654
3,2.25,1810,6750,1.0,0,0,3,1280,530,1978,47.2976,-122.377,1690,7770,11.99535161421452
3,1.0,960,9633,1.0,0,0,5,960,0,1982,47.1951,-122.001,1080,8610,12.292250341771226
4,2.5,2670,11877,2.0,0,0,3,2670,0,1996,47.6327,-122.036,2430,11333,13.414958361716755
4,2.0,1410,4480,1.5,0,0,3,1410,0,1927,47.6385,-122.344,1240,3400,13.345506928718539
4,2.25,2100,12172,1.0,0,0,5,2100,0,1961,47.5458,-122.227,2400,10713,13.893397096621346
4,2.5,2990,9643,2.0,0,0,3,2990,0,2003,47.6292,-122.024,2990,8666,13.556739829006913
4,2.5,2890,17349,2.0,0,0,3,2890,0,1994,47.2822,-122.34,2330,22356,12.611537753638338
2,1.75,1220,8382,1.0,0,0,3,1220,0,1942,47.5033,-122.359,1100,8382,12.409013489526863
5,4.0,4100,8120,2.0,0,0,3,4100,0,2011,47.6917,-122.02,4100,7625,13.764217263576723
3,2.5,2060,10650,1.0,0,0,5,1050,1010,1976,47.5627,-122.137,2690,8850,13.458835614025542
2,1.0,930,5650,1.0,0,2,3,930,0,1941,47.5478,-122.377,1340,6400,12.631340380934517
3,1.0,1650,5102,1.0,0,0,4,1300,350,1953,47.6524,-122.404,1440,5102,13.407542319637992
3,1.75,1650,3200,1.5,0,0,3,1650,0,1901,47.6209,-122.317,1500,2400,13.217673557208654
3,2.5,2160,6000,1.5,0,0,4,1880,280,1939,47.6582,-122.28,2300,6000,13.805460222110773
4,2.5,2550,5200,2.0,0,0,3,2550,0,2009,47.4919,-122.153,2550,4660,12.983101310070822
3,2.5,2680,17707,2.0,0,1,3,2680,0,1983,47.7031,-122.224,2840,21743,13.318086398742544
2,1.75,1180,900,2.0,0,0,3,780,400,2014,47.6395,-122.329,1380,3610,13.40746712884131
3,2.25,1770,10000,1.0,0,0,3,1340,430,1978,47.3814,-122.322,1270,5055,12.398756989359676
3,2.5,1510,7300,1.0,0,0,3,1040,470,1974,47.7153,-122.211,1360,7300,12.899094818276968
2,1.5,1160,1269,2.0,0,0,3,970,190,2005,47.6608,-122.335,1700,3150,13.023647404465171
3,2.0,3085,7280,1.0,0,0,4,1560,1525,1959,47.4956,-122.181,1480,7900,12.791077667470416
3,2.0,1640,8395,1.0,0,0,4,1640,0,1991,47.348,-122.035,1510,7180,12.504323669331189
4,3.75,4060,19290,2.0,0,0,3,4060,0,2002,47.6051,-122.053,4020,13250,13.832465998613687
2,1.5,1790,4250,1.0,0,0,3,920,870,1915,47.6367,-122.301,1910,4250,13.488394416267086
3,1.5,1110,5500,1.0,0,0,3,1110,0,1940,47.6717,-122.184,1670,6600,12.834681304952548
3,1.75,1440,8957,1.0,0,0,4,1440,0,1957,47.6008,-122.118,1340,8780,13.217673557208654
1,1.0,1110,5421,1.0,0,0,3,1110,0,1935,47.7322,-122.359,1230,8100,12.587927887999204
4,1.0,1540,5000,1.5,0,0,4,1090,450,1922,47.6754,-122.294,1590,5000,13.203021280421783
2,1.0,960,5000,1.0,0,0,4,960,0,1900,47.6755,-122.367,1330,5000,13.122363377404328
5,2.75,2620,5500,1.5,0,0,3,1710,910,1911,47.6806,-122.388,1790,5500,13.36138027787483
2,1.0,890,5423,1.0,0,0,3,890,0,1946,47.6966,-122.368,1690,5993,12.876462838967504
3,1.0,940,7811,1.0,0,0,3,940,0,1959,47.6195,-122.118,1180,7490,12.765688433465597
3,1.75,2600,15064,1.0,0,0,4,1700,900,1967,47.64,-122.204,2940,14984,13.664687668229691
5,2.5,3160,8000,1.0,0,0,4,1580,1580,1960,47.5735,-122.208,2440,8079,13.617059619240436
4,2.75,3190,8737,2.0,0,0,3,3190,0,2006,47.523,-121.877,3240,7131,13.282780098810234
4,1.75,2210,6375,1.0,0,0,3,1640,570,1977,47.3268,-122.328,2070,7210,12.481808646963554
4,2.5,2490,5647,2.0,0,0,3,2490,0,2014,47.7043,-122.114,2970,5450,13.565744501764955
2,2.25,1620,1841,2.0,0,0,3,1540,80,2004,47.5483,-122.004,1530,1831,12.886641043883259
5,3.5,3600,9312,2.0,0,3,3,2680,920,2005,47.6582,-122.122,3420,9860,13.614006181753545
2,1.75,1670,4200,2.0,0,0,3,1670,0,1912,47.5862,-122.387,1340,2875,13.102160670086809
4,1.75,2260,41236,1.0,0,0,4,1690,570,1962,47.5528,-122.034,3080,30240,13.428376406540833
3,2.5,2430,5715,2.0,0,0,3,2430,0,1999,47.3718,-122.168,3040,5702,12.742566016044742
3,1.75,2340,5500,2.0,0,2,3,2340,0,1988,47.6451,-122.319,2830,5500,13.797568558625834
4,1.75,1810,7480,1.0,0,0,3,1230,580,1977,47.3275,-122.361,1870,9594,12.468436909997665
3,1.0,1490,7200,1.0,0,0,3,1490,0,1954,47.7276,-122.307,1280,7200,12.611537753638338
3,3.0,2500,8304,2.0,0,0,3,2500,0,1997,47.4022,-122.166,2290,7855,12.807378622424539
2,1.0,930,8665,1.0,0,0,4,930,0,1938,47.4822,-122.318,1630,12375,12.206072645530174
3,2.5,1740,3082,2.0,0,0,3,1740,0,2000,47.5489,-122.006,1910,3075,13.217673557208654
2,2.0,1440,8425,1.0,0,0,4,1440,0,1942,47.4831,-122.296,1430,12037,12.69832688371073
3,2.5,2220,6049,2.0,0,0,4,2220,0,1990,47.3972,-122.182,1980,7226,12.691580461311874
2,2.0,1300,3608,1.0,0,0,3,1300,0,2004,47.3623,-122.309,1510,3608,12.345834587905333
3,1.0,980,6530,1.0,0,0,3,980,0,1969,47.7133,-122.213,1220,6723,12.636230366228709
4,1.75,1850,65340,1.5,0,0,4,1850,0,1972,47.3468,-122.11,1750,40946,12.230765258120545
2,0.75,1260,4800,1.5,0,2,4,1080,180,1942,47.6843,-122.212,2660,7200,13.573438996764546
3,2.5,2550,7709,2.0,0,0,3,2550,0,1989,47.3081,-122.391,2410,9250,12.762827201184564
3,4.0,4160,31796,2.0,0,0,3,4160,0,1989,47.6635,-122.017,4300,36192,13.919870573288517
3,2.25,2020,9000,2.0,0,0,3,2020,0,1979,47.4487,-121.775,1460,9680,12.751299696013497
3,2.5,2095,3438,2.0,0,0,3,2095,0,2008,47.3523,-122.213,1805,3402,12.58621994565405
3,1.0,1420,8800,1.0,0,0,4,1090,330,1981,47.3746,-122.181,1480,8000,12.421184025147118
4,2.25,2130,7172,2.0,0,0,4,2130,0,1964,47.6271,-122.112,1910,7653,13.293708243484652
4,2.25,1500,5393,2.0,0,0,3,1500,0,1999,47.3378,-122.262,1500,5952,12.2783933071098
2,1.0,2160,7439,1.0,0,0,4,1300,860,1953,47.6981,-122.286,1680,7439,13.346306608889103
5,1.5,1710,8100,1.5,0,0,4,1710,0,1961,47.3839,-122.288,1480,8025,11.973825279966494
4,2.0,1910,2874,1.0,0,0,3,1060,850,1910,47.6101,-122.295,1520,2874,13.108264453024827
2,2.25,1190,1499,2.0,0,0,3,1100,90,2004,47.6666,-122.285,1430,1332,13.218945475250573
4,2.75,2210,8430,2.0,0,0,3,2210,0,1999,47.5994,-122.017,2460,8069,13.282780098810234
6,2.25,3040,28535,1.0,0,0,3,1890,1150,1951,47.3864,-122.223,1360,8250,12.706847933442663
4,2.5,2090,3777,2.0,0,0,3,2090,0,2012,47.3595,-122.042,2160,3993,12.834547962729536
3,2.5,2270,5654,2.0,0,0,3,2270,0,1999,47.7733,-122.351,1770,7840,13.122363377404328
3,1.0,1410,5000,1.0,0,0,3,980,430,1925,47.5769,-122.397,1410,5000,12.92391243868049
5,4.25,4830,11466,2.0,0,0,3,3720,1110,2014,47.5774,-122.222,2180,11017,14.333708936059677
3,4.25,2820,7200,2.0,0,0,4,2460,360,1930,47.6298,-122.29,3300,7522,14.28551418721001
2,1.0,1220,3000,1.0,0,0,3,920,300,1926,47.6823,-122.365,1270,3000,13.120361374733656
2,1.0,700,4836,1.0,0,0,4,700,0,1926,47.7139,-122.288,1190,7050,12.84792653170257
3,1.75,1850,2797,1.0,0,0,3,1150,700,1977,47.6871,-122.336,1450,4599,13.270783382522602
4,2.5,3320,9380,2.0,0,3,3,3320,0,1988,47.5655,-122.114,2870,11779,13.918067146289367
3,2.25,2190,7149,1.0,0,1,4,1240,950,1963,47.5243,-122.204,3500,7149,13.199231821660906
4,2.5,2650,9451,2.0,0,0,4,2650,0,1993,47.3693,-122.129,2510,8850,12.89282441900126
4,2.5,3550,10233,2.0,0,0,3,3550,0,1996,47.5499,-122.1,3310,9157,13.732128949025222
3,1.75,2190,8500,1.0,0,0,4,2190,0,1957,47.64,-122.285,2850,8868,14.26339638195639
3,2.25,1250,871,3.0,0,0,3,1250,0,2007,47.6907,-122.343,1250,1158,12.748396936355535
4,2.5,2400,7292,1.0,0,0,3,1530,870,1980,47.7749,-122.339,1710,7909,12.936033799212835
3,1.0,910,4500,1.0,0,0,3,910,0,1948,47.6828,-122.395,1370,5000,13.049792684569493
5,4.5,4400,15580,2.0,0,0,3,3390,1010,2003,47.6232,-122.207,2150,14249,14.403297222866392
4,2.75,3650,48351,1.5,0,0,4,3650,0,1978,47.7632,-122.089,2820,53143,13.454540689742661
4,1.75,2460,7560,2.0,0,0,4,2460,0,1952,47.7256,-122.367,2760,8918,13.36138027787483
4,1.0,2500,35802,1.5,0,0,3,2500,0,1955,47.6488,-122.153,2880,40510,13.652991628466498
3,2.25,1770,8165,2.0,0,0,3,1770,0,1977,47.7166,-122.236,1650,8165,12.948009990259552
3,2.5,1800,8518,2.0,0,0,3,1800,0,1996,47.3643,-122.185,1770,7570,12.103486056755072
4,3.5,4150,49503,2.0,0,0,3,4150,0,2003,47.6746,-122.018,3330,60137,13.976778705560397
3,2.0,1570,5600,1.0,0,0,3,1570,0,1999,47.4286,-122.185,2010,5600,12.691580461311874
4,2.0,1970,7451,1.0,0,0,3,1350,620,1962,47.765,-122.335,1980,7510,12.772805901234461
3,2.5,2150,161607,2.0,0,0,3,1330,820,1995,47.4178,-121.937,2400,207781,13.148031124152906
4,1.75,3140,12519,1.0,0,0,3,2320,820,1951,47.6941,-122.173,2240,7308,13.279367126213993
4,3.0,2890,6885,1.0,0,0,3,1590,1300,1945,47.6763,-122.282,2180,6885,13.073173133213556
3,2.0,1490,8371,1.5,0,0,3,1490,0,1984,47.3962,-122.189,1350,7846,12.449018824140563
3,2.25,1850,37264,2.0,0,0,3,1850,0,1981,47.6486,-122.035,2390,36036,13.217673557208654
4,2.0,1870,3497,1.0,0,0,3,1200,670,1954,47.5309,-122.347,1270,3497,12.779873068457553
3,1.75,1360,10742,1.0,0,0,5,960,400,1971,47.4351,-122.173,1830,9000,12.598114733306197
3,1.5,1390,5040,1.0,0,0,3,1090,300,1947,47.6611,-122.282,1910,4800,13.286181462633724
3,1.0,1230,10170,1.0,0,0,3,1230,0,1979,47.4437,-121.772,1380,10098,12.449018824140563
3,2.5,2240,21477,2.0,0,2,3,2240,0,1995,47.5745,-122.18,2930,21569,13.892471599100402
4,1.0,1210,6000,1.5,0,2,3,1210,0,1943,47.5026,-122.234,1470,6000,12.538967060803502
3,1.5,1630,82764,1.0,0,0,4,1630,0,1948,47.4743,-122.026,1680,199069,12.611537753638338
2,1.0,570,81893,1.0,0,1,3,570,0,1936,47.4433,-122.444,2040,115434,12.468436909997665
3,1.0,1350,3090,1.5,0,0,5,1350,0,1914,47.682,-122.348,1350,3090,12.89921982609012
5,2.75,2810,13144,1.0,0,0,3,1440,1370,1964,47.6199,-122.141,2480,13144,13.226723392728571
5,2.75,2720,4680,1.5,0,0,4,1710,1010,1913,47.6612,-122.363,1670,4800,13.531156275605168
4,1.75,1710,8947,1.0,0,0,4,1710,0,1956,47.5947,-122.135,1360,10133,13.256719429903407
4,1.5,1510,6460,1.0,0,0,3,1070,440,1970,47.7121,-122.214,1450,6630,12.983101310070822
3,1.5,1660,4800,2.0,0,0,3,1660,0,1907,47.6352,-122.358,1690,4000,13.738953435242118
2,1.0,790,8100,1.0,0,0,3,790,0,1947,47.7159,-122.305,1420,8100,12.468244583811861
3,2.0,1310,8069,1.0,0,0,3,1310,0,1990,47.3694,-122.083,1310,8392,12.388394202324129
1,1.0,730,3000,1.0,0,0,3,730,0,1911,47.6741,-122.396,1520,5000,12.886641043883259
3,2.5,2270,7887,2.0,0,2,3,2270,0,2004,47.5326,-121.855,2550,7133,13.091904169919621
3,1.0,1180,8775,1.0,0,0,3,1180,0,1966,47.2848,-122.223,1300,8100,12.154779351142624
5,3.25,3290,6422,2.0,0,0,3,3290,0,2012,47.5933,-122.061,3210,6891,13.604789526648622
4,2.5,2760,5564,2.0,0,0,3,2760,0,2001,47.4814,-122.189,2670,5626,12.959726793926773
4,2.5,2350,3800,2.0,0,0,3,2350,0,2014,47.4783,-122.123,2670,4180,13.060477335331782
1,1.0,530,6350,1.0,0,0,5,530,0,1941,47.6946,-122.357,1200,6350,12.380025952653611
4,1.75,1930,7650,1.0,0,0,4,1280,650,1981,47.3078,-122.386,1860,8800,12.409013489526863
2,1.0,830,8000,1.0,0,0,3,830,0,1954,47.4215,-122.318,1300,8000,12.206072645530174
3,2.5,1440,3060,2.0,0,0,3,1440,0,2003,47.6821,-122.035,1650,3060,12.950863059241957
3,1.5,1280,1920,1.5,0,0,3,1280,0,1905,47.6117,-122.301,1280,3150,13.035715570678656
3,2.75,2840,39324,1.0,0,0,3,2200,640,1988,47.3076,-122.101,2840,39413,13.017002861746503
2,1.0,1150,5664,1.0,0,0,3,870,280,1948,47.6894,-122.284,1380,5664,13.151922179645874
4,1.75,2260,7005,1.0,0,1,4,1130,1130,1947,47.6895,-122.207,2330,9180,13.382201376626112
4,2.0,2220,8229,1.5,0,0,4,2220,0,1958,47.3722,-122.22,1660,8396,12.524526376648708
3,1.0,1070,4800,1.0,0,0,3,970,100,1947,47.5187,-122.377,1120,1198,12.487485104968359
3,2.5,2670,12187,2.0,0,0,3,2670,0,1986,47.6677,-122.15,2400,8999,13.51979631381523
3,1.5,1170,1174,2.0,0,0,3,840,330,2007,47.5459,-122.376,1170,2537,12.524526376648708
3,1.0,1180,6000,1.0,0,0,3,1180,0,1950,47.6853,-122.286,1680,6000,13.13626628257332
3,1.5,1270,11600,1.0,0,0,4,1270,0,1964,47.4075,-122.196,1380,9945,12.415117272464881
2,2.5,980,1013,3.0,0,0,3,980,0,2008,47.6844,-122.387,980,1023,12.721587258782296
4,2.0,2180,17180,2.0,0,0,4,2180,0,1977,47.698,-121.92,1880,14043,13.060487973686241
3,3.0,1950,1983,3.0,0,0,3,1610,340,2009,47.6078,-122.202,2040,2131,13.573438996764546
4,1.75,1720,7200,1.0,0,0,3,1220,500,1974,47.306,-122.375,1790,7200,11.993498045565198
2,1.75,1330,2159,1.0,0,0,4,1330,0,1979,47.3822,-122.32,1220,3679,12.217012585568508
3,1.0,1230,12305,1.0,0,0,3,1230,0,1955,47.6095,-122.195,2100,7960,13.639965985449344
4,2.5,2880,8833,2.0,0,0,3,2880,0,2006,47.5388,-121.89,2570,5234,13.19188944005294
3,1.0,870,5330,1.0,0,0,3,870,0,1969,47.369,-122.077,840,5200,12.100712129872347
4,3.25,4750,62365,2.0,0,0,3,4750,0,1988,47.7149,-122.099,3300,31866,13.931068898598546
4,2.5,4700,49658,2.0,0,0,3,4700,0,1999,47.5878,-122.022,2870,49658,13.976778705560397
3,2.5,2240,7565,2.0,0,0,3,2240,0,1999,47.3485,-122.301,2190,8254,12.765545566117686
4,2.5,3500,11306,2.0,0,2,3,3500,0,2005,47.5428,-121.861,3180,8028,13.39239051461739
3,2.75,1620,7500,1.0,0,0,5,1140,480,1979,47.6175,-122.065,1900,7500,13.235692062711331
2,2.5,1570,1268,3.0,0,0,3,1570,0,2007,47.534,-122.365,1570,1300,12.247214588861349
4,2.75,3260,5000,2.0,0,0,3,3260,0,2007,47.5395,-121.997,3450,6218,13.592367006650065
2,1.0,1470,3864,1.0,0,0,4,1170,300,1916,47.6638,-122.345,1570,3864,13.214030565930152
3,2.0,2570,10078,1.5,0,0,3,2570,0,1965,47.6275,-122.12,2660,8013,13.415032991367148
4,1.75,1840,10720,1.0,0,0,3,960,880,1958,47.6074,-122.125,1840,9044,12.909170156943286
4,2.5,2180,5367,2.0,0,0,3,2180,0,2000,47.3775,-122.022,2180,5130,12.736686190601858
3,2.5,2720,6014,2.0,0,0,3,2720,0,2002,47.3344,-122.174,2760,6537,12.6112043647371
3,2.75,2640,4050,1.5,0,0,5,1750,890,1926,47.6332,-122.281,1920,3600,13.9108207377686
4,2.5,2620,8312,2.0,0,0,3,2620,0,1990,47.6272,-122.033,2260,8515,13.527761816623505
4,0.5,2300,5570,2.0,0,0,3,2300,0,1996,47.3285,-122.168,1820,6371,12.652359748158593
5,1.75,2440,15143,1.5,0,4,4,1740,700,1944,47.4948,-122.37,2390,10907,13.547631112808673
3,2.5,1530,3840,2.0,0,0,3,1530,0,1994,47.5691,-122.007,1720,3985,13.016891744462095
3,1.75,2600,105587,1.0,0,0,4,1300,1300,1980,47.4464,-122.497,1941,208438,13.085699393032737
3,2.5,2390,1984,2.0,0,0,3,2220,170,2008,47.5405,-122.027,2150,1984,13.353157587649061
4,2.25,2070,7350,2.0,0,0,4,2070,0,1977,47.3615,-122.274,2080,7210,12.545850128088663
4,2.25,2440,9320,1.0,0,0,4,1880,560,1957,47.5933,-122.135,1530,9335,13.38472764187182
3,1.0,1190,4120,1.0,0,0,3,1190,0,1929,47.5513,-122.272,1360,4635,12.676076274775909
3,2.0,1678,13862,1.0,0,0,3,1678,0,1994,47.3744,-122.19,1550,11753,12.774223335915433
4,2.75,2500,11659,1.0,0,2,3,1490,1010,1979,47.3381,-122.332,2830,9915,12.765688433465597
4,2.5,2200,9397,2.0,0,0,3,2200,0,1987,47.3406,-122.269,2310,9176,12.560244459250788
3,2.25,1760,9621,2.0,0,0,3,1760,0,1995,47.7466,-121.979,1810,6589,12.765688433465597
3,3.25,1570,1777,2.0,0,0,3,1260,310,2007,47.6655,-122.369,1000,1777,13.253391639810733
3,1.0,800,5760,1.0,0,0,3,700,100,1949,47.7505,-122.317,1060,6628,12.487485104968359
5,2.25,2320,6375,1.0,0,0,4,1270,1050,1967,47.3351,-122.282,1760,7600,12.468436909997665
3,3.5,2670,3000,2.0,0,0,3,1870,800,2014,47.6813,-122.372,1750,5000,13.623138665316818
4,1.75,1790,45738,1.0,0,0,3,1410,380,1976,47.7453,-122.129,1870,47480,13.028052697933088
3,2.25,1620,7150,1.0,0,2,4,1280,340,1950,47.5048,-122.241,1620,6930,12.706847933442663
4,2.5,2331,3826,2.0,0,0,3,2331,0,2007,47.4444,-122.182,2441,3826,12.751299696013497
5,2.5,3440,12900,1.0,0,2,4,1720,1720,1958,47.4426,-122.342,2100,10751,13.224919965729422
3,3.25,2780,4002,2.0,0,0,3,2780,0,2009,47.7348,-121.966,1890,4090,12.905450375840756
3,2.0,2420,17859,1.0,0,1,5,1500,920,1979,47.7074,-122.246,2955,17859,13.58609739363647
3,2.0,1440,7425,1.0,0,0,4,1440,0,1965,47.7243,-122.185,1800,8344,12.911642346088676
2,2.0,1190,1303,2.0,0,0,3,800,390,2009,47.6675,-122.368,1670,2425,13.028052697933088
3,1.75,2190,6000,1.5,0,0,4,2190,0,1920,47.3063,-122.223,1610,6000,12.449018824140563
2,1.0,940,6804,1.0,0,0,3,940,0,1949,47.7047,-122.373,1150,6930,13.00245308073177
3,1.0,1380,7575,1.0,0,0,4,1380,0,1963,47.5139,-122.187,1320,7600,12.594730635321957
3,1.0,970,8040,1.0,0,0,3,970,0,1956,47.603,-122.132,1250,7000,12.959844447906553
4,3.25,2190,4265,2.0,0,0,3,1540,650,2015,47.6178,-122.29,1730,4265,13.732128949025222
3,1.75,1540,1044,3.0,0,0,3,1540,0,2014,47.6765,-122.32,1580,3090,13.215853720491667
4,2.75,3030,18400,1.5,0,3,3,2360,670,1973,47.7019,-122.243,3030,12486,13.711260536590475
1,0.75,410,8636,1.0,0,0,2,410,0,1953,47.5077,-122.357,1190,8636,12.691580461311874
4,1.75,1870,16549,1.0,0,0,3,1870,0,1969,47.7482,-122.083,1870,10804,12.947890935553772
3,1.75,1530,8028,1.0,0,0,3,1200,330,1967,47.7768,-122.361,1530,8028,13.001325049027272
4,1.75,2190,5060,1.0,0,0,3,1190,1000,1950,47.5846,-122.387,1510,4600,13.248996028337695
3,2.5,1940,4927,2.0,0,0,3,1940,0,2004,47.4479,-122.12,2070,4892,12.721885810807203
4,3.5,4285,9567,2.0,0,1,5,3485,800,1946,47.6434,-122.409,2960,6902,14.316285845876763
4,3.0,2880,5500,2.0,0,0,4,1920,960,1926,47.6448,-122.317,2110,5500,13.9108207377686
3,2.5,2150,8221,2.0,0,0,3,2150,0,1992,47.5085,-122.15,2490,7951,13.060487973686241
4,2.5,2798,4473,2.0,0,0,3,2798,0,2012,47.4295,-122.205,2358,4593,13.122263372403996
4,1.0,1160,20100,1.0,0,0,4,820,340,1913,47.5175,-122.201,1670,10200,13.122363377404328
4,3.75,2890,4164,2.0,0,0,3,2240,650,2013,47.676,-122.197,2354,3207,13.9108207377686
3,1.75,1720,4050,1.0,0,0,5,860,860,1906,47.6782,-122.314,1720,4410,13.262125319779487
3,2.5,2060,25046,1.0,0,0,4,1600,460,1980,47.184,-121.959,2050,21255,12.706847933442663
4,2.5,2460,9296,2.0,0,0,3,2460,0,1978,47.6125,-122.152,2730,9900,13.490472698968725
3,2.5,2970,11985,1.0,0,0,3,1770,1200,1995,47.6359,-122.052,2990,12049,13.521139497361697
2,1.0,1400,4500,1.0,0,0,3,900,500,1922,47.4866,-122.219,1400,5500,12.100712129872347
3,1.75,1610,12247,1.0,0,0,3,1610,0,1981,47.4476,-122.124,2010,9271,12.628067055589549
3,2.0,2020,8555,1.0,0,0,4,1220,800,1957,47.7278,-122.287,1600,8148,13.034624463096321
3,1.75,1260,12330,1.0,0,0,3,1260,0,1968,47.7412,-122.095,1320,12800,12.777052192115912
3,1.5,2220,4830,2.0,0,3,3,1790,430,1928,47.5825,-122.4,1670,4830,13.911729415704817
3,2.5,2060,7458,2.0,0,0,3,2060,0,1989,47.3045,-122.351,2480,7743,12.759957758756611
3,2.0,1470,7694,1.0,0,0,4,1470,0,1992,47.3539,-122.054,1580,7480,12.445089546000673
3,2.5,1740,10050,2.0,0,0,3,1740,0,1989,47.2671,-122.236,1300,10125,12.323855681186558
1,0.75,760,5746,1.0,0,0,4,760,0,1915,47.3046,-122.215,970,6696,11.461632170582678
3,1.75,2390,30409,1.0,0,0,3,1560,830,1953,47.4789,-122.296,1750,13500,12.721885810807203
4,2.5,2910,8881,2.0,0,1,3,1940,970,1932,47.6424,-122.411,2540,5250,13.9108207377686
4,2.5,2640,6738,2.0,0,0,4,2640,0,1989,47.5787,-122.0,2180,5782,13.303016877097587
3,2.5,1800,8697,2.0,0,0,3,1800,0,1987,47.3115,-122.4,1770,8390,12.542544882151386
3,3.25,1540,704,3.0,0,0,3,1540,0,2011,47.6177,-122.308,1540,1456,13.517104522149518
4,2.0,1590,942,3.0,0,0,3,1590,0,2008,47.54,-122.026,1390,942,12.58952047581303
3,1.75,1540,10800,1.0,0,0,5,770,770,1947,47.5763,-122.222,2020,10800,13.122363377404328
3,1.0,1140,5500,1.5,0,0,4,1140,0,1908,47.6606,-122.395,1690,4400,13.073173133213556
4,2.75,2160,7200,1.0,0,0,4,1220,940,1976,47.7177,-122.224,1790,7614,13.005829561148378
3,1.75,2520,5043,1.0,0,0,3,1260,1260,1957,47.5339,-122.372,1360,4920,12.969212197910155
3,2.5,2370,9000,1.0,0,3,4,1570,800,1952,47.4922,-122.365,2120,9500,13.208541073645382
2,1.75,1990,4000,1.0,0,0,5,1090,900,1952,47.6889,-122.342,1270,5700,13.345506928718539
5,1.75,2850,11860,1.0,0,0,3,2850,0,1951,47.7503,-122.28,2640,11604,13.527828485512494
4,3.5,3840,85728,2.0,0,0,3,3840,0,1998,47.615,-121.954,2430,42643,13.641157170819497
3,1.0,990,8012,1.0,0,0,4,990,0,1966,47.4557,-122.181,1260,9060,12.323855681186558
3,1.0,1500,13500,1.0,0,0,4,1500,0,1968,47.4666,-122.072,1350,13680,12.506177237980511
3,1.0,940,3000,1.5,0,0,3,940,0,1903,47.6033,-122.3,1210,3500,13.16158409055761
4,1.75,1780,2788,1.0,0,0,4,890,890,1943,47.6511,-122.4,1760,5664,13.00109928991129
4,2.5,3190,38119,2.0,0,0,3,3190,0,1988,47.6698,-122.044,2560,36280,13.547631112808673
2,1.5,1480,1349,2.0,0,0,3,1240,240,2007,47.5439,-122.386,1550,1349,12.943236711506893
4,2.5,4070,129808,2.0,0,0,3,4070,0,1998,47.4433,-122.016,4070,102366,13.473020249017498
3,1.5,1670,6988,1.0,0,0,3,1370,300,1953,47.4283,-122.323,1090,7753,12.544329003944888
2,1.0,860,6510,1.0,0,0,3,860,0,1952,47.6021,-122.202,1740,10800,13.312983737012978
3,1.75,1600,2538,2.0,0,0,3,1600,0,1929,47.6447,-122.327,1660,1750,13.64709190633931
3,1.0,1000,4171,1.0,0,0,3,1000,0,1985,47.6834,-122.097,1090,3479,12.772805901234461
4,2.75,2720,4000,1.5,0,2,5,1840,880,1928,47.6797,-122.359,1600,4000,13.875664480784021
4,2.75,2030,8600,1.0,0,0,4,1230,800,1977,47.3942,-122.16,1810,8600,12.628067055589549
4,1.75,1780,8768,1.0,0,0,4,1050,730,1951,47.7085,-122.283,1590,8100,13.15773052124162
2,1.75,1020,10346,1.0,0,0,4,1020,0,1983,47.1958,-122.002,1160,8610,12.138863895836725
3,2.25,1760,10350,1.0,0,0,4,1330,430,1979,47.6605,-122.188,2210,11337,13.321132265576884
4,2.5,3490,5000,2.0,0,0,3,3490,0,2003,47.3772,-122.127,2910,5025,12.676076274775909
2,1.0,890,7200,1.0,0,0,3,740,150,1949,47.6998,-122.278,1290,7200,12.628067055589549
3,1.0,840,6500,1.0,0,0,5,840,0,1969,47.3637,-122.083,920,4680,12.220961258023925
3,2.75,1710,9448,1.0,0,0,3,1010,700,1947,47.6693,-122.267,1960,8951,13.151922179645874
4,2.5,2400,10070,1.0,0,0,3,1510,890,1967,47.7104,-122.24,2030,9964,13.17115354157376
3,2.0,1380,15426,1.0,0,0,4,1380,0,1968,47.5951,-122.036,1380,15426,12.915166991419566
4,2.25,2920,46355,2.0,0,0,4,2920,0,1998,47.569,-121.962,2310,184694,13.514405465180353
2,2.5,1240,2689,2.0,0,0,3,1240,0,1986,47.3236,-122.323,1430,3609,12.069680020624618
3,2.5,2050,4185,2.0,0,0,3,2050,0,2011,47.6922,-122.371,1150,5000,13.458835614025542
3,1.0,2150,8480,1.0,0,0,3,1610,540,1951,47.6996,-122.308,1620,5203,12.821258284620408
3,1.0,1000,4959,1.0,0,0,3,1000,0,1945,47.6629,-122.277,2240,4959,13.321214236149494
3,2.5,1300,1590,2.0,0,0,3,1100,200,2014,47.6384,-122.343,1070,1223,13.422467969854667
2,1.0,890,5000,1.0,0,0,4,890,0,1947,47.5526,-122.287,1160,5000,12.618182296357007
4,2.5,1770,8155,1.5,0,0,4,1770,0,1970,47.719,-122.173,1460,7360,13.122363377404328
3,2.25,2020,3600,2.0,0,0,3,2020,0,1998,47.6678,-122.165,2070,3699,13.228523573232719
3,2.25,1490,4539,2.0,0,0,3,1490,0,2009,47.7607,-122.233,1750,4667,12.873902018105829
3,3.5,1570,1486,2.5,0,0,3,1330,240,2000,47.652,-122.384,1610,1486,13.110290796170059
3,1.0,970,11963,1.0,0,0,4,970,0,1970,47.3776,-122.315,1210,11963,12.235388699864227
2,1.0,1000,7615,1.0,0,0,4,1000,0,1943,47.49,-122.191,1060,8000,12.352335152508426
5,3.0,2970,7000,1.0,0,0,3,1810,1160,1979,47.3079,-122.341,2630,8062,12.676076274775909
5,3.5,3180,4628,2.0,0,0,3,2420,760,2001,47.6423,-122.394,2060,4640,14.02763360599502
4,2.0,2210,8556,1.0,0,1,4,1210,1000,1954,47.6498,-122.396,2190,7975,13.585032676082449
4,3.0,2483,6870,2.0,0,0,3,2483,0,2005,47.3627,-122.199,1943,6434,12.793859310432293
3,1.5,1350,81549,1.0,0,0,2,1350,0,1966,47.3099,-122.09,2220,93825,12.043553716032399
2,1.0,1410,3600,1.5,0,0,4,1310,100,1925,47.6695,-122.338,1740,4200,13.541073712262515
3,2.75,1820,7517,1.0,0,0,3,1820,0,1997,47.5705,-122.406,2540,8035,13.58609739363647
3,1.0,1860,9225,1.0,0,0,3,1860,0,1957,47.3904,-122.3,1740,12204,12.48937011966413
4,2.25,2200,6750,1.0,0,0,5,1480,720,1959,47.5215,-122.202,2710,6750,12.837344422372032
5,4.0,4180,7232,2.0,0,0,3,4180,0,2014,47.7049,-122.125,3570,6054,13.855586674386608
4,2.25,3290,12329,1.5,0,0,4,3290,0,1968,47.5639,-122.216,3170,12329,13.761582215938718
3,3.5,2710,3290,2.0,0,0,3,1650,1060,2006,47.5367,-122.072,2440,3290,13.304684934198283
5,3.0,3690,49709,1.0,0,2,3,2690,1000,1960,47.3908,-122.32,2590,8691,13.262125319779487
3,2.5,2910,10044,2.0,0,0,4,2910,0,1989,47.5845,-122.199,2420,12287,14.150553201775892
4,2.25,1890,8034,1.0,0,0,4,1890,0,1967,47.6338,-122.117,1920,7210,13.163505320735505
3,2.5,2210,5750,2.0,0,0,3,1710,500,1914,47.5525,-122.366,1350,5750,12.962194625251508
2,2.5,1590,2088,2.0,0,0,3,1590,0,1997,47.6897,-122.175,2320,3174,12.926348493478372
4,1.5,2290,8773,1.0,0,0,4,1330,960,1947,47.7173,-122.33,1740,7058,12.959844447906553
3,2.0,1740,9300,1.0,0,0,4,1740,0,1952,47.4526,-122.357,1540,9638,12.92391243868049
4,2.5,2920,32219,2.0,0,0,5,2920,0,1995,47.7439,-122.041,3420,37206,13.58609739363647
4,1.75,2440,5000,1.0,0,0,3,1340,1100,1954,47.6823,-122.371,2170,5000,13.24634935718532
3,1.75,1850,7056,2.5,0,0,4,1850,0,1979,47.6602,-122.13,1970,7056,13.005829561148378
3,2.0,1920,5688,1.0,0,3,3,1920,0,2007,47.1952,-121.976,2384,4802,12.736700896592344
2,1.0,1220,6300,1.0,0,0,3,760,460,1942,47.5299,-122.387,1850,4886,12.89921982609012
3,1.75,1435,8960,1.0,0,0,4,1435,0,1969,47.4525,-122.149,2030,9450,12.873902018105829
3,2.5,1720,10031,2.0,0,0,3,1720,0,1993,47.7688,-122.238,2280,5845,12.855790268162783
3,2.5,3150,20189,2.0,0,0,3,3150,0,1990,47.447,-122.088,2920,20612,13.253391639810733
3,2.75,3230,75889,2.0,1,4,3,3230,0,1925,47.3344,-122.37,2560,72229,13.955272500339433
2,1.75,1820,8409,1.0,0,0,4,910,910,1948,47.7538,-122.327,1300,8409,12.751299696013497
4,2.5,2390,5800,2.0,0,0,3,2390,0,2000,47.5965,-122.038,2590,6507,13.380101573483037
3,2.5,1970,3655,2.0,0,0,3,1970,0,2003,47.7453,-121.984,1970,2952,12.765688433465597
4,1.75,2360,6000,1.0,0,0,3,1280,1080,1955,47.6465,-122.357,1700,3460,13.458835614025542
3,2.25,1520,5750,2.0,0,0,3,1400,120,1908,47.5787,-122.388,1420,5650,13.418906078288305
3,1.0,1830,8209,1.0,0,0,3,1830,0,1942,47.7439,-122.228,2150,12000,12.506177237980511
3,1.0,1710,12000,1.0,0,0,4,1710,0,1972,47.2616,-122.281,1310,9600,12.449018824140563
4,2.75,2640,35070,1.5,0,0,3,2640,0,1963,47.4242,-122.181,2520,34986,12.886641043883259
3,2.0,1480,6600,1.0,0,2,3,740,740,1943,47.5081,-122.385,1250,7300,12.86099861326992
5,3.25,2820,3275,2.0,0,0,3,2230,590,2006,47.5339,-122.284,2610,3275,13.042237332925044
4,1.75,1910,8171,1.0,0,0,3,1910,0,1986,47.35,-122.168,1910,7542,12.301382825334498
3,1.0,1090,22080,1.0,0,0,5,1090,0,1967,47.3991,-121.964,1590,19457,12.496874845318198
2,2.5,1590,2656,2.0,0,0,3,1220,370,2009,47.5489,-122.364,1590,2306,12.628067055589549
3,3.25,1720,1587,2.5,0,2,3,1410,310,2004,47.6187,-122.299,1490,1620,13.366093562326927
4,3.75,3480,14850,1.0,0,4,3,1870,1610,1951,47.6227,-122.216,4780,18480,14.73180128983843
4,2.5,2300,7989,2.0,0,0,3,2300,0,1990,47.6273,-122.034,2280,8835,13.235692062711331
4,2.0,1850,9126,1.0,0,0,5,1850,0,1963,47.5009,-122.164,1730,9110,12.70381302974751
4,2.5,2910,4356,3.0,0,0,3,2910,0,2010,47.6705,-122.146,2840,4181,13.726679344257658
3,3.0,3030,5156,1.5,0,0,4,2080,950,1929,47.647,-122.369,1910,5720,13.686540176667314
3,2.5,1730,6653,1.0,0,0,4,1360,370,1990,47.3588,-122.088,1730,7061,12.502466658583977
3,2.25,1470,1578,2.0,0,0,3,1090,380,2007,47.5388,-122.387,1470,1668,12.976180867226248
4,1.0,1760,8906,1.0,0,0,3,1230,530,1966,47.4288,-122.198,1180,10407,12.128111104060462
3,2.5,1509,1114,3.0,0,0,3,1509,0,2014,47.7049,-122.34,1509,2431,12.948009990259552
5,3.5,3210,4060,2.0,0,2,3,2290,920,1917,47.6801,-122.357,1940,5000,14.069377281921325
4,2.5,3060,8167,2.0,0,0,3,3060,0,2005,47.5521,-121.989,2930,4800,13.531820506782031
3,1.0,1210,8000,1.0,0,0,3,1210,0,1954,47.4211,-122.314,1430,8000,12.301155526776865
4,2.5,2460,7800,1.0,0,0,3,1500,960,1977,47.3081,-122.384,2210,7800,12.474189562487116
3,2.5,2740,9168,2.0,0,0,3,2740,0,1991,47.3835,-122.148,2690,10554,12.921470435024938
4,3.0,2480,9238,1.0,0,0,5,2050,430,1913,47.4701,-122.364,1820,12214,13.028052697933088
3,1.5,1300,7600,1.0,0,0,4,1300,0,1963,47.2083,-122.005,1570,7600,12.367340793126296
5,2.25,3410,35536,2.0,0,0,3,2530,880,1974,47.65,-122.155,3140,43453,13.610943392223
4,2.5,2370,10580,2.0,0,0,3,2370,0,1966,47.464,-122.192,1590,8584,12.855790268162783
5,2.25,2510,35691,1.0,0,0,3,2510,0,1967,47.6435,-122.154,3160,35037,13.710150042306449
5,3.5,2780,3583,2.0,0,0,3,2180,600,2005,47.4879,-122.152,2640,3850,13.071070083016778
3,1.5,1420,22100,1.0,0,0,5,1420,0,1957,47.4193,-122.149,1540,21780,12.505806799006097
4,2.5,3160,8530,2.0,0,0,3,3160,0,2006,47.5075,-122.148,3160,6460,13.38472764187182
2,1.0,670,4500,1.0,0,0,3,670,0,1905,47.5271,-122.326,1210,4500,11.967180737247824
4,2.0,2220,14120,1.0,0,0,3,1200,1020,1966,47.361,-122.116,1300,9709,12.323855681186558
3,3.75,1950,8625,1.0,0,0,3,1360,590,1959,47.505,-122.258,1950,6670,12.751589509086095
4,3.0,3820,26895,2.0,0,2,3,3820,0,1995,47.7253,-122.092,3820,24751,13.806974226941987
3,2.25,1410,1332,2.0,0,0,3,1290,120,2004,47.5345,-122.069,1445,1290,12.779873068457553
4,3.5,3380,11270,2.0,0,1,3,2160,1220,2007,47.6124,-122.06,2910,11214,13.670484785914017
4,1.0,1230,8316,1.5,0,0,3,1230,0,1963,47.7269,-122.24,1490,8316,12.736700896592344
5,3.0,2970,6500,2.0,0,0,3,2970,0,2000,47.5973,-122.018,2970,6588,13.42984807715229
3,1.0,860,7632,1.0,0,0,3,860,0,1920,47.4623,-122.345,890,7632,12.535376392672774
3,2.75,2990,207781,2.0,0,0,3,2990,0,2000,47.662,-121.944,2590,218671,13.573438996764546
3,1.75,1200,7360,1.0,0,0,4,1200,0,1978,47.6979,-122.13,1200,7500,12.86099861326992
4,3.5,3020,12750,2.0,0,0,3,3020,0,1990,47.6524,-122.184,3120,14351,13.648038204020525
3,1.0,1340,11070,1.0,0,0,4,1340,0,1978,47.3527,-122.178,1650,7630,12.236286572936184
2,1.0,790,8424,1.0,0,0,4,790,0,1953,47.7511,-122.352,1470,8424,12.500606192931057
3,2.0,1280,7633,1.0,0,0,3,1280,0,1991,47.3883,-122.05,1450,6783,12.542544882151386
3,2.5,2510,5544,2.0,0,0,3,2510,0,2001,47.6903,-122.042,2660,5614,13.190022025878143
3,1.5,1050,5525,1.0,0,0,5,1050,0,1969,47.3608,-122.083,1100,5200,12.180754837545884
4,2.5,3120,49456,2.0,1,4,4,2590,530,1974,47.3535,-122.323,2030,32181,14.018451401960965
2,1.0,950,7692,1.0,0,0,3,950,0,1926,47.4909,-122.298,1820,8221,12.167851432709975
3,2.5,2230,7934,2.0,0,0,3,2230,0,2005,47.5439,-121.88,2310,4818,13.005829561148378
3,1.75,1720,8867,1.0,0,0,3,1320,400,1985,47.44,-122.136,2200,9170,12.759957758756611
3,2.0,3620,14250,2.0,0,0,3,3220,400,2007,47.5767,-122.225,2370,14250,14.269765830241871
3,2.5,2120,3600,2.0,0,0,3,2120,0,2005,47.6649,-122.082,2540,4592,13.42984807715229
4,2.5,3960,38615,2.0,0,0,3,3960,0,2000,47.7249,-122.024,3290,43560,13.5985975564007
4,3.0,1920,12040,1.0,0,0,3,1920,0,1962,47.4805,-122.301,1530,10230,12.706847933442663
3,1.0,1270,7500,1.0,0,0,3,1270,0,1954,47.4214,-122.316,1250,8000,12.190451264627217
4,2.0,1770,7700,1.5,0,0,4,1770,0,1962,47.5916,-122.146,1710,7700,13.337474757021274
2,1.0,900,2728,2.0,0,0,3,900,0,1998,47.5877,-122.298,900,2728,12.577636201962656
3,2.5,1320,1780,2.0,0,0,3,880,440,2005,47.528,-122.269,3040,6000,12.30591798049989
6,4.5,2810,11214,1.0,0,0,3,2010,800,1958,47.4045,-122.197,1940,8349,12.577636201962656
4,2.5,2760,5750,2.0,0,0,3,2760,0,1993,47.627,-122.303,2760,5390,13.591741811256146
3,2.5,1740,1280,3.0,0,2,3,1740,0,2008,47.589,-122.387,1740,1308,13.270783382522602
3,1.0,1240,10800,1.0,0,0,5,1240,0,1959,47.5233,-122.185,1810,10800,12.765688433465597
3,1.75,1880,30346,1.0,0,0,3,1880,0,1988,47.3515,-122.291,2260,5883,12.644327576461329
3,2.5,3020,12184,2.0,0,0,3,3020,0,2003,47.744,-121.976,2980,10029,13.151922179645874
3,2.5,2250,19270,2.0,0,0,3,2250,0,1999,47.6569,-122.088,2940,19541,13.582316670796564
3,1.75,2200,12231,1.0,0,0,4,1250,950,1964,47.5076,-122.173,2200,9825,12.682306824526545
3,1.75,1140,10400,1.0,0,0,4,1140,0,1983,47.2598,-122.311,1280,9800,12.429216196844383
3,1.75,2920,10573,1.0,0,0,4,2920,0,1964,47.4429,-122.195,1560,10572,12.691580461311874
4,2.5,2700,4004,2.0,0,0,3,2700,0,2004,47.5521,-121.995,2260,4459,13.491164501140902
4,2.5,2190,7350,2.5,0,0,5,2190,0,1958,47.5786,-122.236,1880,7350,13.737549016494562
5,4.5,4280,8465,2.0,0,0,3,4280,0,2014,47.7325,-122.165,2990,11067,13.811000402486387
3,2.5,1660,5250,2.0,0,0,4,1660,0,1988,47.3541,-122.3,1630,5505,12.487485104968359
4,2.75,3030,21780,2.0,0,0,3,3030,0,1986,47.4481,-122.338,3020,28027,13.318341260645768
3,2.25,2100,205603,2.0,0,0,3,2100,0,1983,47.3668,-122.505,2396,187308,12.988831984779805
4,1.0,2520,5500,1.5,0,0,5,1820,700,1912,47.5785,-122.292,2350,5000,13.547631112808673
3,2.0,1980,2674,3.0,0,0,3,1980,0,2007,47.5524,-122.382,1440,2674,12.983101310070822
3,2.5,2450,7062,2.0,0,0,3,2450,0,1993,47.3061,-122.36,1960,7200,12.608198852372823
4,2.5,3140,14421,2.0,0,0,3,3140,0,1994,47.5943,-122.018,3140,17417,13.567049198665774
4,3.0,2580,6740,2.0,0,0,3,2580,0,1999,47.4296,-122.185,2010,6740,12.793859310432293
2,1.0,790,6426,1.0,0,0,3,790,0,1944,47.4933,-122.245,1380,6946,11.512925464970229
3,2.0,1020,1204,2.0,0,0,3,720,300,2004,47.5445,-122.376,1360,1506,12.380025952653611
1,1.75,1010,10900,1.0,0,0,4,1010,0,1968,47.7391,-121.982,1410,8359,12.555672620796942
4,2.75,2690,5400,2.0,0,0,3,2210,480,1940,47.6963,-122.367,1620,5400,13.488394416267086
3,2.0,1540,6000,1.0,0,0,4,1540,0,1953,47.7372,-122.307,1490,8213,12.341477282536376
5,2.75,2990,7200,2.0,0,0,3,2990,0,1997,47.4955,-122.16,2710,7620,13.102160670086809
4,2.5,2250,10696,2.0,0,0,3,2250,0,1996,47.5715,-122.128,2340,13286,13.37700559577791
1,0.75,930,6600,1.0,0,0,3,930,0,1924,47.7127,-122.296,1590,6600,12.768541502448002
4,2.0,2920,10424,1.0,0,0,5,1520,1400,1964,47.5876,-122.172,2360,10696,13.604789526648622
4,2.5,2360,43088,2.0,0,0,3,2360,0,1977,47.7661,-122.071,2850,39216,13.203253725729002
3,2.5,1710,2875,2.0,0,0,3,1710,0,2006,47.5787,-122.392,1640,5750,13.287877815881902
4,3.5,2720,9000,2.0,0,0,3,2670,50,1997,47.7034,-122.297,1960,7772,13.471681324889492
4,2.75,2700,49428,1.0,0,0,4,2700,0,1988,47.3168,-122.079,2728,85905,12.785491060761776
3,2.5,2280,6386,2.0,0,0,3,2280,0,2008,47.3861,-122.096,2550,4835,12.65075846679162
3,2.75,2210,4000,2.0,0,0,3,2210,0,2008,47.6954,-122.017,2230,4674,13.399995114002609
2,2.5,2280,6230,1.0,0,0,3,2280,0,2005,47.7065,-122.013,1640,5931,13.531156275605168
3,2.25,1770,8755,1.0,0,0,3,1330,440,1981,47.4464,-122.123,1910,8710,12.699243334057444
3,2.0,1540,8011,1.0,0,0,3,1540,0,1988,47.7342,-122.202,1630,7141,12.959844447906553
3,2.0,1580,6655,1.0,0,0,3,790,790,1944,47.4927,-122.248,1090,6655,12.307486884872146
4,1.75,1710,7724,1.0,0,0,3,1710,0,1983,47.7721,-122.293,1940,7724,12.971540487669746
4,2.5,4060,9734,1.0,0,4,3,2150,1910,1977,47.7678,-122.254,2750,10370,13.310501319519723
3,2.5,1750,1548,3.0,0,0,3,1750,0,2013,47.5532,-122.282,1750,3960,13.112313041550827
4,2.5,2009,5000,2.0,0,0,3,2009,0,2014,47.2577,-122.198,2009,5182,12.622180913736818
3,0.75,770,7000,1.0,0,0,3,770,0,1942,47.5661,-121.887,950,10500,12.230765258120545
3,2.5,2200,4240,2.0,0,0,3,2200,0,2003,47.3715,-122.127,2200,4311,12.577636201962656
4,2.5,2280,14290,1.5,0,0,4,1510,770,1942,47.7054,-122.297,2140,9890,13.340856130503111
3,1.0,1160,11799,1.0,0,0,3,1160,0,1966,47.7263,-122.229,1220,10500,12.691580461311874
4,2.5,2280,4096,2.0,0,0,3,2280,0,2003,47.4834,-122.182,2280,3600,12.762827201184564
3,2.5,2242,4995,2.0,0,0,3,2242,0,2011,47.2595,-122.202,1798,4942,12.706544857216672
6,2.0,2400,7684,1.0,0,0,3,1200,1200,1932,47.7705,-122.269,1290,9800,12.86747112777554
3,2.0,1410,6600,1.0,0,0,4,1410,0,1990,47.3596,-122.089,1750,7150,12.542187675503545
3,2.0,1490,7929,1.0,0,0,3,1490,0,1989,47.2875,-122.218,1650,7929,12.409013489526863
3,1.0,760,3090,1.0,0,0,2,760,0,1903,47.5513,-122.275,1020,5356,12.028738630247258
5,3.5,2815,4900,2.0,0,0,3,2815,0,2011,47.3424,-122.179,2798,4900,13.104199406776658
5,2.5,2650,11455,1.0,0,0,3,1400,1250,1961,47.6141,-122.116,1960,9880,13.244581010128577
4,1.75,1730,7980,1.0,0,0,4,1730,0,1965,47.6219,-122.138,2080,8400,13.151922179645874
4,2.0,2300,3400,1.5,0,0,5,1550,750,1915,47.678,-122.361,1670,4200,13.335860551666734
6,1.75,2740,6360,1.0,0,3,3,1370,1370,1953,47.5062,-122.385,2150,6600,13.422467969854667
4,2.25,1780,10748,2.0,0,0,4,1780,0,1964,47.762,-122.11,2070,37680,12.886641043883259
4,2.5,2690,8036,2.0,0,0,4,2690,0,1987,47.6596,-122.144,2420,8087,13.579788224443204
4,2.5,2900,4950,2.0,0,0,3,2900,0,2004,47.7717,-122.236,2590,4950,13.16158409055761
1,1.75,1440,4920,1.0,0,0,3,720,720,1923,47.534,-122.376,1440,4920,12.873902018105829
3,2.25,1570,6810,1.0,0,0,3,1180,390,1988,47.6176,-122.044,1620,6584,13.091904169919621
3,2.75,1990,31200,1.0,0,0,3,1990,0,1986,47.5544,-122.035,3120,29625,13.102160670086809
2,1.0,840,4000,1.0,0,0,3,840,0,1942,47.5531,-122.307,1100,4000,12.524526376648708
4,1.0,1610,24000,1.5,0,0,3,1610,0,1947,47.2751,-122.252,1270,9600,12.367340793126296
2,1.75,1960,6000,1.0,0,0,4,980,980,1904,47.6531,-122.401,1650,6000,13.077366011473593
3,1.75,1790,27427,1.0,0,0,3,1130,660,1978,47.532,-121.761,1610,16684,12.691580461311874
3,1.0,1130,7800,1.0,0,0,3,1130,0,1952,47.5239,-122.288,1170,7800,12.429216196844383
5,3.25,2590,6180,1.0,0,0,3,1330,1260,1960,47.551,-122.272,1560,6180,13.303016877097587
4,2.5,3230,7187,2.0,0,0,3,3230,0,2008,47.4995,-122.15,2950,6537,13.253391639810733
3,2.25,1300,907,2.0,0,0,3,1000,300,2006,47.6371,-122.327,1300,1169,13.240146413060712
2,1.75,3050,50965,2.0,0,0,3,3050,0,1991,47.6744,-122.05,3050,40107,13.698976741708323
3,1.0,860,10426,1.0,0,0,3,860,0,1954,47.4987,-122.341,1140,11250,11.314474526246391
3,2.5,1320,4320,1.0,0,0,3,660,660,1918,47.5327,-122.347,1190,4200,12.810388612383504
4,2.5,2950,4502,2.0,0,0,3,2950,0,2005,47.5002,-122.151,2360,4502,13.028052697933088
3,1.75,1270,9170,1.0,0,0,3,1270,0,1969,47.6706,-122.151,1700,8500,13.226723392728571
2,2.5,1780,1311,3.0,0,0,3,1350,430,2005,47.6962,-122.34,1390,1227,12.895462777212407
3,1.75,1040,5650,1.0,0,0,5,1040,0,1951,47.5111,-122.256,1290,5650,12.460714863903755
4,1.75,1000,7200,1.5,0,0,4,1000,0,1947,47.742,-122.324,1280,7200,12.628067055589549
4,2.5,2060,9719,1.0,0,0,4,1320,740,1960,47.5549,-122.176,2050,9643,13.217673557208654
3,1.75,1790,87213,1.0,0,0,4,1790,0,1974,47.732,-122.077,3270,39586,13.279367126213993
3,2.5,2660,13367,2.0,0,2,3,2660,0,1992,47.6501,-122.217,2660,13367,14.457890621470566
4,1.75,1820,6137,1.5,0,3,4,1690,130,1911,47.6681,-122.36,2130,5100,13.579788224443204
4,3.5,2770,10505,2.0,0,0,3,2770,0,1940,47.7412,-122.355,1760,10505,12.560244459250788
6,3.5,4310,7760,2.0,0,0,3,3260,1050,2013,47.5297,-122.155,4620,10217,13.976489301985094
3,2.0,2070,9195,1.0,0,0,3,1220,850,1982,47.6491,-122.061,2080,9551,12.644327576461329
3,2.0,2320,7800,1.0,0,0,4,1160,1160,1960,47.5141,-122.316,1380,7800,12.676076274775909
3,2.0,1990,65340,2.0,0,0,3,1990,0,1986,47.4726,-121.99,2120,59241,13.122363377404328
3,1.0,900,37800,1.0,0,0,4,700,200,1923,47.7146,-122.234,1750,11998,12.779873068457553
3,1.75,1350,155073,1.0,0,0,4,1350,0,1969,47.4058,-121.994,1560,50965,12.86099861326992
3,2.25,1450,1486,2.0,0,0,3,1160,290,2006,47.5694,-122.387,1370,1437,12.947295449321683
4,3.25,3960,7012,2.0,0,0,3,3960,0,2005,47.5854,-122.08,3680,8522,13.664687668229691
4,2.75,1910,7700,1.0,0,0,4,1000,910,1980,47.369,-122.17,1880,7875,12.429216196844383
3,3.0,1420,991,2.0,0,0,3,1040,380,2005,47.6408,-122.327,1500,1301,13.329377546788654
4,1.5,2890,9000,2.0,0,4,3,2090,800,1939,47.5682,-122.274,2550,8400,13.721199878493033
3,1.5,1240,8528,1.0,0,0,4,1240,0,1967,47.4478,-122.157,1570,8064,12.449018824140563
2,2.0,930,1662,1.0,0,0,3,670,260,2002,47.6518,-122.4,1780,2343,12.815838217151068
3,1.75,1530,9600,1.0,0,0,3,1200,330,1988,47.3594,-122.076,1680,9680,12.556729517143344
3,3.75,2930,150945,2.0,0,0,3,2930,0,1972,47.4658,-122.115,2070,43935,13.63877337946422
4,2.5,3650,7784,2.0,0,0,3,3650,0,2006,47.7066,-122.101,3150,6442,13.635187003832993
2,1.0,820,5100,1.0,0,0,3,820,0,1953,47.5156,-122.262,1170,5304,12.180754837545884
4,1.75,2560,43995,2.0,0,0,4,2560,0,1962,47.6945,-122.093,2560,14764,13.091904169919621
4,1.0,1440,7404,1.0,0,0,3,1080,360,1918,47.5328,-122.379,1620,7436,12.429216196844383
3,1.75,2140,6000,1.0,0,0,3,1070,1070,1948,47.6913,-122.366,1240,4650,13.084661510220318
3,1.0,960,8855,1.0,0,0,4,960,0,1958,47.7689,-122.328,1250,8855,12.765145428922454
3,2.0,2080,12094,2.0,0,0,4,2080,0,1982,47.7035,-122.164,2230,12204,12.958054611811011
4,2.25,1610,3560,2.0,0,0,3,1610,0,2010,47.3669,-122.02,1760,3692,12.570715759118084
2,2.5,1611,2210,2.0,0,2,3,1611,0,2005,47.6291,-122.347,2070,2182,13.652991628466498
3,1.5,2310,3360,1.5,0,0,3,1790,520,1926,47.6431,-122.359,1930,4320,13.61339437384214
4,2.75,3950,12840,2.0,0,0,5,3950,0,1960,47.5489,-122.219,2350,12507,13.866678844538674
3,1.0,960,7500,1.0,0,0,3,960,0,1953,47.4966,-122.255,1250,6000,12.206072645530174
4,3.5,2980,6349,2.0,0,3,3,2980,0,1998,47.6819,-122.208,2870,6349,14.107433624673309
2,1.0,2080,14659,1.0,0,0,3,1040,1040,1960,47.4858,-122.231,1920,15208,12.66032791780777
3,3.0,1970,20978,2.0,1,3,4,1770,200,1980,47.3844,-122.438,2280,75396,13.465953081794405
4,1.0,1120,3844,1.0,0,0,3,1120,0,1972,47.7038,-122.352,1480,3844,12.70381302974751
1,1.0,820,1060,1.0,0,0,3,760,60,2007,47.5472,-122.372,1770,1853,12.175613438045465
2,1.0,850,8400,1.0,0,0,4,850,0,1941,47.4696,-122.359,1280,8400,12.676076274775909
4,1.5,2650,34000,2.0,0,0,4,2650,0,1930,47.7516,-122.237,1960,34000,13.329377546788654
4,2.25,1860,3766,2.0,0,0,3,1860,0,1995,47.5699,-122.006,1860,4169,13.190022025878143
3,2.0,1880,4000,1.0,0,2,3,1280,600,1950,47.6375,-122.391,1920,4000,13.345506928718539
2,1.0,1120,7500,1.0,0,2,4,1120,0,1971,47.619,-122.096,3040,16940,13.199324418540456
4,2.5,2180,4000,2.0,0,0,3,1700,480,2002,47.5553,-122.269,2180,4000,13.316300544370513
4,1.5,1840,11367,1.5,0,0,4,1840,0,1950,47.7656,-122.358,1690,9800,12.936033799212835
3,1.0,1700,11390,1.0,0,0,4,1700,0,1967,47.3271,-122.323,1350,8164,12.254862809699606
3,2.5,2720,6439,2.0,0,0,3,2720,0,2005,47.5422,-121.86,3180,7320,13.335860551666734
4,2.5,2506,6232,2.0,0,0,3,2506,0,2006,47.3734,-122.182,2070,8260,12.807844394998956
3,2.5,2530,8116,2.0,0,0,3,2530,0,2001,47.7597,-122.167,2280,8791,13.017002861746503
4,2.5,1860,6687,1.0,0,0,4,1220,640,1983,47.4046,-122.186,1860,6117,12.572103684392932
4,2.5,3120,5001,2.0,0,0,3,3120,0,2005,47.2779,-122.349,3120,5244,12.84792653170257
2,1.75,1510,4980,1.0,0,0,3,1510,0,2006,47.7191,-122.023,1350,4157,12.945626198904275
5,1.75,2190,16788,1.0,0,2,3,1380,810,1978,47.3764,-122.176,1920,8366,12.421184025147118
4,2.75,1580,3770,1.0,0,0,3,1080,500,2002,47.7368,-121.968,1740,3800,12.66032791780777
4,2.25,1950,6000,1.0,0,0,3,1350,600,1961,47.6909,-122.301,1980,6000,13.243695662571854
4,3.5,1800,6400,2.0,0,2,3,1800,0,1984,47.625,-122.3,1700,4736,13.772603056952997
3,2.25,2160,37000,1.5,0,0,4,1760,400,1933,47.7297,-122.139,2540,37000,13.217673557208654
3,2.5,3030,46538,2.0,0,0,3,3030,0,1997,47.664,-122.041,3370,51450,13.617059619240436
4,1.75,2260,17711,1.0,0,1,4,2260,0,1968,47.5498,-122.214,2880,16594,13.795307850646754
4,3.25,4430,21000,2.0,0,0,3,4430,0,1952,47.6398,-122.237,3930,20000,14.827111469642754
2,1.0,780,6250,1.0,0,0,3,780,0,1942,47.5099,-122.33,1280,7100,12.50968958099426
5,1.75,2320,8100,1.0,0,0,4,1160,1160,1956,47.4631,-122.341,1410,7271,12.66032791780777
4,2.0,1610,8000,1.0,0,0,3,1190,420,1966,47.6301,-122.118,1560,7896,13.173056491719846
3,2.5,2200,5954,2.0,0,0,3,2200,0,2004,47.3709,-122.125,2200,5046,12.66032791780777
3,2.25,1440,6232,2.0,0,0,3,1440,0,1985,47.5658,-122.018,1740,5999,12.976759403545538
4,2.5,1630,4473,2.0,0,0,3,1630,0,2003,47.3546,-122.015,1830,5082,12.653638929656973
2,1.0,600,6120,1.0,0,0,3,600,0,1943,47.5,-122.317,1090,6120,11.813030057420567
4,1.75,1520,10630,1.0,0,0,4,1520,0,1967,47.7347,-122.193,1550,8039,12.961020226995565
5,2.0,2280,19000,1.5,0,0,3,2280,0,1924,47.4683,-122.359,1790,11800,12.80765263256463
3,2.0,1260,5612,1.0,0,0,4,1260,0,1972,47.7362,-122.179,1640,4745,12.691580461311874
3,2.0,1270,3600,1.0,0,0,3,1270,0,1963,47.6099,-122.297,1660,3600,12.764258840656002
5,3.5,3190,4247,2.0,0,0,3,2430,760,2013,47.7016,-122.103,2580,3989,13.567049198665774
3,1.75,1590,8219,1.5,0,0,5,970,620,1938,47.7146,-122.217,2030,7504,12.89921982609012
4,1.75,2440,16730,1.0,0,0,3,1390,1050,1976,47.7406,-122.11,1390,11600,13.089840185698769
2,1.0,1030,5934,1.0,0,0,4,1030,0,1928,47.6828,-122.287,1420,5588,13.038981768465277
3,1.0,1170,62290,2.0,0,0,3,1170,0,1986,47.5104,-121.787,1810,42173,12.66032791780777
3,1.75,1640,4860,1.0,0,0,3,1200,440,1965,47.7125,-122.32,1480,7200,12.821123140353697
2,2.5,1233,1244,2.0,0,0,3,963,270,2007,47.5533,-122.381,1230,1300,12.793859310432293
5,2.0,1750,10284,1.0,0,0,4,1750,0,1943,47.5094,-122.182,1560,9010,12.154779351142624
4,2.5,2880,7386,2.0,0,0,4,2880,0,1987,47.4397,-122.15,2420,7663,12.994530005894443
3,2.5,1800,3074,2.0,0,0,3,1800,0,2003,47.7631,-122.149,1610,2929,13.010313873595706
5,3.0,2870,4369,2.0,0,0,3,2090,780,2007,47.7449,-122.192,2640,4610,13.199324418540456
3,2.0,2460,6600,1.0,0,2,4,1370,1090,1952,47.5215,-122.383,2150,6600,13.427639758257062
4,2.0,1370,4000,2.0,0,0,3,1370,0,1951,47.6593,-122.394,2010,5720,13.312990348561371
4,2.75,2650,8610,2.0,0,0,3,2650,0,1959,47.6155,-122.121,1680,8316,13.588609957772352
3,2.5,1808,19200,1.0,0,0,3,1808,0,2005,47.2598,-122.281,1450,14400,12.506177237980511
4,2.5,2560,7210,2.0,0,0,3,2560,0,2006,47.5535,-122.395,2160,10439,13.63877337946422
7,2.75,3410,4056,1.5,0,0,4,2130,1280,1906,47.6454,-122.316,2510,4056,13.527828485512494
3,3.25,1480,983,2.0,0,0,3,1180,300,2013,47.5555,-122.363,1330,1062,12.66032791780777
3,1.75,1250,5546,1.0,0,0,4,1250,0,1987,47.4725,-122.187,1640,4791,12.498742259492994
4,2.75,2220,8450,1.0,0,0,4,1260,960,1983,47.4804,-122.157,1580,8450,12.92391243868049
4,2.25,2110,6375,1.0,0,2,4,1600,510,1941,47.6819,-122.272,2760,6375,13.737549016494562
4,1.75,2330,4000,2.0,0,0,5,1300,1030,1924,47.666,-122.289,2040,4000,13.641157170819497
4,2.5,3600,155509,2.0,0,0,3,3600,0,2004,47.3538,-121.986,3410,34412,13.541073712262515
2,1.0,600,4854,1.0,0,0,5,600,0,1922,47.4927,-122.28,1470,5000,12.066810578196666
3,2.5,2250,11632,2.0,0,0,3,2250,0,1988,47.5272,-122.169,2360,11632,13.195613839143922
4,1.5,1920,11595,1.0,0,0,4,1920,0,1962,47.2858,-122.212,1400,10550,12.367340793126296
3,2.5,2000,30605,2.0,0,0,4,2000,0,1989,47.3442,-122.062,1930,35350,12.899094818276968
3,2.25,1790,2240,2.0,0,0,4,1790,0,1975,47.6343,-122.106,1780,2560,12.976412321920025
3,2.0,3010,5000,2.0,0,2,5,1890,1120,1931,47.6347,-122.396,2688,5000,13.9108207377686
4,2.5,3610,13292,2.0,0,0,3,3610,0,1996,47.5868,-121.974,3000,10776,13.683017483243956
2,1.0,820,4206,1.0,0,0,3,820,0,1949,47.7076,-122.284,1810,7200,13.142166004700508
2,2.0,2370,217800,1.5,0,0,3,1600,770,1992,47.5007,-122.088,2370,157687,13.204864598916073
3,2.5,3780,35273,1.5,0,0,3,3780,0,1986,47.7499,-122.119,3450,35273,13.742939865129438
3,1.0,1320,8100,1.0,0,0,3,880,440,1943,47.4697,-122.351,1000,8100,12.50228076770139
3,1.75,1690,7735,1.0,0,0,4,1060,630,1976,47.3324,-122.28,1580,7503,12.190959007720126
3,2.5,2080,12032,2.0,0,0,3,2080,0,1978,47.7455,-122.073,2320,9900,13.102160670086809
2,2.0,1430,3880,1.0,0,0,4,1430,0,1949,47.6844,-122.392,1430,3880,13.208541073645382
3,1.75,2130,7140,1.0,0,0,3,1580,550,1979,47.3074,-122.341,2180,7906,12.644327576461329
3,2.5,2040,10086,2.0,0,0,3,2040,0,1987,47.679,-122.113,1940,10272,13.203943364396752
3,2.5,2160,4000,1.5,0,0,3,1960,200,1903,47.6045,-122.307,2160,5120,13.369223455335854
3,2.25,1370,1533,3.0,0,0,3,1370,0,2009,47.7326,-122.343,1370,1125,12.66032791780777
4,2.0,1660,4800,1.5,0,0,3,1660,0,1922,47.6556,-122.345,1660,4800,13.262125319779487
3,3.5,2440,3427,2.0,0,0,3,1990,450,2000,47.589,-122.165,2440,2601,13.473020249017498
4,2.25,2770,13129,2.0,0,0,4,2770,0,1979,47.6268,-122.05,2400,13129,13.388454534525607
4,3.0,1670,1189,3.0,0,0,3,1427,243,2000,47.6182,-122.302,1700,1401,13.274225726713574
3,2.5,1608,4000,2.0,0,0,3,1608,0,2014,47.2582,-122.198,2009,4983,12.52434454193596
2,1.0,870,7227,1.0,0,0,3,870,0,1948,47.7288,-122.331,1250,7252,12.652359748158593
3,3.0,2080,10521,1.5,0,0,3,2080,0,2004,47.6987,-122.228,3730,11840,13.62918097977278
4,2.0,2100,8160,1.0,0,0,3,1200,900,1959,47.5145,-122.365,1140,8160,12.553202176625375
5,3.5,3580,21343,1.5,0,0,4,2140,1440,1937,47.7646,-122.302,2430,21343,13.304684934198283
3,1.0,1180,7210,1.0,0,0,4,1180,0,1963,47.7267,-122.241,1700,7210,12.855792879125431
4,3.0,2300,7609,2.0,0,0,4,2300,0,1976,47.2943,-122.227,940,5937,12.319401330837177
3,1.75,1710,5000,1.0,0,0,4,1110,600,1944,47.6689,-122.37,920,5000,13.148031124152906
4,2.5,2120,8448,2.0,0,0,4,2120,0,1989,47.5654,-122.01,2140,8122,13.444446876573442
2,2.0,1120,780,2.0,0,0,3,760,360,2004,47.5788,-122.41,1120,1322,12.84792653170257
3,2.75,3180,3680,2.0,0,0,4,2190,990,1918,47.577,-122.38,2000,3680,13.652991628466498
3,1.75,1670,12075,1.0,0,0,3,1370,300,1958,47.7681,-122.307,1800,12123,12.943236711506893
4,2.5,2510,5936,2.0,0,0,3,2510,0,1998,47.5847,-122.032,2760,6060,13.407542319637992
4,2.5,2590,6394,2.0,0,0,3,2590,0,2003,47.7599,-122.233,2500,5328,13.186276703147982
6,2.25,2950,11200,1.0,0,0,4,1700,1250,1970,47.7476,-122.087,1790,11200,12.886641043883259
3,2.5,1720,6200,2.0,0,0,3,1720,0,2014,47.2137,-121.989,1710,9520,12.449018824140563
4,2.5,3490,3677,2.0,0,0,3,2850,640,2007,47.774,-122.162,3440,3600,13.42984807715229
3,2.5,2760,9471,1.0,0,2,3,1760,1000,1956,47.676,-122.272,3040,6765,13.592367006650065
3,1.0,1200,8470,1.0,0,0,5,1200,0,1961,47.3864,-122.287,1200,7952,12.092343880201831
3,1.5,1340,8450,1.0,0,0,4,1340,0,1958,47.4405,-122.28,1340,8920,12.449018824140563
3,2.5,1600,6250,2.0,0,0,3,1600,0,1995,47.3675,-122.02,1760,6110,12.640934730489125
4,1.5,1310,8250,1.0,0,0,3,1060,250,1953,47.425,-122.332,1260,8255,12.434004713576181
3,2.25,2070,11576,2.0,0,0,3,2070,0,1974,47.3417,-122.271,1890,7519,12.185869938212655
3,2.25,1580,4379,2.0,0,0,4,1580,0,1994,47.5694,-122.005,1770,4187,13.122363377404328
3,2.0,2350,8459,1.5,0,0,3,2350,0,1989,47.3043,-122.349,2430,8459,12.733755386362587
3,1.0,1470,32670,1.0,0,0,3,1020,450,1958,47.3811,-122.144,2640,24100,12.380025952653611
3,2.0,2320,9420,1.0,0,0,5,2320,0,1952,47.5133,-122.196,2030,9420,12.986085359111701
3,1.0,1300,7420,1.0,0,0,4,1300,0,1960,47.2899,-122.219,1250,7420,12.245293358683455
4,2.75,2580,8100,2.0,0,1,4,1780,800,1964,47.5387,-122.215,2840,10006,13.8878312195439
3,2.5,1980,7807,2.0,0,0,4,1980,0,1989,47.6884,-122.204,1590,7579,13.560618308335483
4,2.5,2070,2992,2.0,0,0,3,2070,0,2002,47.4496,-122.12,1900,2957,12.807515636879778
3,2.5,1830,4997,2.0,0,0,3,1830,0,2004,47.3035,-122.283,2488,4998,12.56602072690536
4,2.5,2440,4850,2.0,0,0,3,2440,0,2013,47.7043,-122.114,2970,5450,13.52199953011205
4,2.25,2090,7400,1.0,0,0,3,1670,420,1973,47.3178,-122.38,2260,8000,12.520883385370206
3,1.75,2040,8173,1.0,0,0,3,1470,570,1958,47.7439,-122.333,1900,8172,12.779873068457553
2,1.0,880,9000,1.0,0,0,3,880,0,1928,47.4672,-122.291,1410,10000,11.77528972943772
3,2.5,2320,52272,1.5,0,0,3,2320,0,1974,47.587,-122.068,2200,52272,13.304684934198283
5,4.25,3920,11412,2.0,0,0,3,3920,0,1955,47.5766,-122.151,1400,9750,13.385496576934697
3,1.5,1260,1270,2.0,0,0,3,1040,220,2005,47.7111,-122.331,1260,1472,12.409013489526863
2,1.0,1180,7200,1.0,0,0,4,1180,0,1949,47.7475,-122.342,1180,7200,12.724866438945341
5,2.5,1940,9389,1.0,0,0,4,1290,650,1960,47.7438,-122.328,1810,9390,12.608198852372823
3,1.75,1960,43332,1.0,0,0,4,1400,560,1982,47.739,-122.048,2010,44431,12.959844447906553
4,2.75,3630,11775,2.0,0,0,3,3630,0,1999,47.6378,-122.066,3800,12451,13.777600984891054
3,2.0,1270,1320,3.0,0,0,3,1270,0,2006,47.6937,-122.342,1370,1320,12.821123140353697
4,1.5,1400,8500,2.0,0,0,3,1400,0,1975,47.3314,-122.275,1580,7650,12.456831363877356
3,1.75,1240,7560,1.0,0,0,3,1070,170,1967,47.333,-122.3,1650,7560,12.310432660854417
3,1.5,1610,13500,1.0,0,0,3,1060,550,1970,47.7674,-122.31,1540,11479,12.873902018105829
2,1.0,1150,12775,1.0,1,4,4,1150,0,1908,47.502,-122.222,2440,11852,13.623138665316818
5,2.75,3230,13572,1.0,0,2,3,1880,1350,1965,47.4393,-122.347,2910,15292,13.180632285528304
3,1.5,1680,8000,1.5,0,0,3,1680,0,2012,47.6923,-121.869,1990,26336,12.959844447906553
3,2.0,1730,12219,1.0,0,0,4,1730,0,1986,47.5825,-122.189,2470,13594,13.345506928718539
2,1.5,990,1380,3.0,0,0,3,990,0,2001,47.7218,-122.356,1050,1380,12.560244459250788
4,1.0,2170,12100,1.0,0,0,5,2170,0,1961,47.6893,-122.164,1270,12844,13.244581010128577
5,2.5,2500,7200,1.0,0,0,4,1490,1010,1977,47.6964,-122.12,1960,8325,13.402265262537147
4,3.0,4040,20001,1.0,0,0,3,2020,2020,1972,47.6408,-122.212,2990,20098,14.143374420048886
3,2.75,1890,2614,2.0,0,0,4,1890,0,1979,47.6102,-122.114,1800,2769,13.043320170063875
4,1.75,2410,8447,2.0,0,3,4,2060,350,1936,47.6499,-122.088,2520,14789,13.217673557208654
6,5.25,3600,3960,2.0,0,0,3,2400,1200,1971,47.5656,-122.372,1450,4600,13.374677306018318
2,1.5,1460,5700,1.5,0,0,3,1460,0,1912,47.6838,-122.312,1780,3800,13.270783382522602
3,1.0,1864,6978,1.0,0,0,4,1864,0,1958,47.285,-122.206,990,8000,12.367340793126296
4,2.5,3080,13870,2.0,0,0,4,3080,0,1981,47.6197,-122.149,2920,12221,13.642346938955086
5,1.0,1590,5000,1.5,0,0,3,1190,400,1929,47.5752,-122.381,1590,5000,13.15773052124162
4,2.5,2220,5338,2.0,0,0,3,2220,0,2001,47.4887,-122.15,2220,5338,12.821258284620408
3,2.5,1600,7936,2.0,0,0,3,1600,0,1996,47.3673,-122.017,1830,7936,12.542544882151386
3,1.75,1360,6603,1.0,0,0,4,1360,0,1981,47.4619,-122.168,1770,7107,12.542544882151386
3,2.25,1480,1384,3.0,0,0,3,1480,0,2008,47.691,-122.342,1310,1329,12.985397522331171
4,2.5,2420,8056,1.0,0,0,3,1680,740,1988,47.5748,-122.013,2160,6807,13.217673557208654
3,1.0,1010,9360,1.0,0,0,3,1010,0,1981,47.6874,-122.168,1470,9360,12.765688433465597
3,1.75,1840,9401,1.0,0,0,3,1840,0,1971,47.5847,-122.075,2850,14323,13.217673557208654
4,1.5,1770,5750,2.0,0,0,3,1770,0,1947,47.5621,-122.394,970,5750,12.994530005894443
3,2.5,2790,19485,2.0,0,0,3,2790,0,1990,47.4688,-122.124,2580,17859,13.190022025878143
4,2.25,2140,6355,2.0,0,0,3,2140,0,2002,47.5367,-121.88,2480,5746,12.983101310070822
2,1.0,1890,5202,1.5,0,0,4,1890,0,1909,47.6786,-122.379,1670,5100,13.377780489268835
3,2.5,1980,9061,2.0,0,0,4,1980,0,1987,47.6366,-122.029,1930,8869,13.217673557208654
1,1.0,790,12000,1.0,0,0,3,790,0,1918,47.5146,-122.265,1900,6000,12.421184025147118
4,2.5,3030,8507,2.0,0,0,3,3030,0,2003,47.6675,-122.176,2570,8830,13.71236979904476
5,2.75,3360,9200,2.0,0,0,3,3360,0,2014,47.7754,-122.173,3360,9713,13.512396692189409
3,1.5,1540,13475,1.0,0,0,4,1540,0,1972,47.4766,-122.153,1550,13475,12.506177237980511
4,4.0,3680,18804,2.0,0,0,3,3680,0,1990,47.6193,-122.014,3200,15954,13.422467969854667
3,1.75,1580,11455,1.0,0,0,4,1200,380,1974,47.4756,-122.147,1550,10650,12.66032791780777
4,1.75,1400,6650,1.5,0,0,4,1400,0,1942,47.4888,-122.332,1120,8645,12.529966099944527
3,1.75,1050,6150,1.5,0,0,4,950,100,1928,47.5715,-122.394,1360,6150,12.89921982609012
4,2.5,3880,14550,2.0,0,0,3,3880,0,1987,47.6378,-122.04,3240,14045,13.544095457976365
2,1.0,1150,7552,1.0,0,0,3,1150,0,1951,47.7215,-122.323,1150,7346,12.762827201184564
3,3.25,1530,1612,3.0,0,0,3,1530,0,2006,47.6706,-122.378,1530,1611,13.31710745419684
4,2.5,3670,7680,2.5,0,0,3,3670,0,2007,47.5401,-121.993,3130,6112,13.764217263576723
4,2.5,1850,8198,2.0,0,0,3,1850,0,1993,47.4079,-122.186,1850,7924,12.594730635321957
3,2.5,3230,129578,1.0,0,0,4,2100,1130,1964,47.682,-121.913,2760,62059,13.122263372403996
3,1.75,1500,7475,1.0,0,0,4,1500,0,1976,47.3155,-122.365,1940,7475,12.404923504275338
3,2.0,1540,6000,1.0,0,0,4,1540,0,1953,47.7372,-122.307,1490,8213,12.971540487669746
3,1.5,1640,8922,1.0,0,0,4,1640,0,1963,47.495,-122.342,1540,9040,12.396693005138824
3,2.5,1610,10292,1.0,0,0,4,1190,420,1969,47.5349,-122.174,1940,8700,12.873902018105829
4,2.0,1640,6000,1.5,0,0,4,1640,0,1911,47.6505,-122.375,1900,6000,13.507625778194974
4,2.25,2160,8817,1.0,0,0,3,1460,700,1965,47.7595,-122.356,1880,8817,13.122263372403996
3,3.5,2350,10739,1.0,0,2,5,1340,1010,1940,47.7288,-122.284,2580,11026,13.541073712262515
4,1.75,2060,26036,1.0,0,0,4,1160,900,1947,47.4444,-122.351,2590,21891,13.38087407255583
3,2.25,2440,9200,1.0,0,1,4,2440,0,1950,47.6629,-122.269,2750,6211,14.066269276311457
4,2.25,1790,7311,2.0,0,0,3,1790,0,1992,47.5055,-122.189,1400,7203,12.904207367601158
5,3.0,2980,10064,1.0,0,0,3,1680,1300,1940,47.7372,-122.316,1590,7800,12.814478597635029
5,3.0,3620,12778,1.0,0,2,5,1900,1720,1964,47.5512,-122.191,2930,10669,13.6623593784701
4,3.5,3510,11200,2.0,0,0,3,3510,0,2001,47.5193,-122.15,3600,12124,13.748301808270824
4,2.5,3180,13118,2.0,0,0,4,3180,0,1986,47.5382,-122.23,3070,12861,13.997832114758229
5,2.75,3750,12077,2.0,0,4,3,3750,0,2005,47.3525,-122.002,3120,7255,13.560618308335483
4,1.75,2340,5940,1.0,0,0,3,1290,1050,1953,47.6789,-122.281,1930,5940,13.385496576934697
5,3.0,2360,5000,1.0,0,0,3,1390,970,2008,47.6931,-122.33,2180,5009,13.131521315189094
3,1.0,1460,10000,1.5,0,0,3,1460,0,2002,47.6214,-122.063,1910,10000,12.911642346088676
2,1.5,1300,1676,1.0,0,2,3,1300,0,1943,47.6133,-122.308,1260,1740,13.437174117244362
4,2.5,3200,7282,2.0,0,0,3,3200,0,2007,47.4318,-122.286,3030,7290,12.793859310432293
4,3.0,1790,3600,1.5,0,0,3,1790,0,1901,47.6117,-122.313,1770,3119,13.210374254727043
3,1.5,2510,3600,2.5,0,0,4,2510,0,1907,47.6195,-122.313,1740,1885,13.422467969854667
3,2.5,2950,6545,2.0,0,0,3,2950,0,2003,47.4828,-122.139,2400,6550,13.085699393032737
2,1.0,1080,3420,1.0,0,0,4,780,300,1922,47.6715,-122.393,1380,3656,13.217673557208654
4,3.0,1540,4140,1.5,0,0,5,1540,0,1902,47.6728,-122.396,1460,5000,13.343905647351566
1,1.0,860,4800,1.0,0,0,3,860,0,1907,47.6146,-122.299,1380,4800,12.706847933442663
3,2.5,2850,11535,1.0,0,1,3,1680,1170,1952,47.748,-122.288,2670,9942,13.710150042306449
3,2.5,2320,7609,2.0,0,0,3,2320,0,2003,47.5391,-122.069,2590,4000,13.304684934198283
3,2.5,2060,4812,2.0,0,0,3,2060,0,1990,47.5793,-122.002,1930,5264,13.186276703147982
3,1.75,1980,8100,1.0,0,0,4,1310,670,1949,47.7353,-122.331,1450,8212,12.911642346088676
3,1.0,1500,3399,2.0,0,0,5,1300,200,1926,47.6838,-122.352,1360,3588,12.936033799212835
4,2.5,2240,4800,2.0,0,0,3,2240,0,2014,47.2911,-122.266,2240,5040,12.71050789427415
3,2.25,1460,968,2.0,0,0,3,1140,320,2003,47.6601,-122.4,1460,1531,13.003016619771763
3,1.75,1580,9147,1.0,0,1,4,1210,370,1967,47.6069,-122.112,2600,23564,13.151922179645874
4,3.5,3200,6420,2.0,0,0,3,3200,0,2006,47.3545,-122.001,3200,6291,13.102160670086809
4,2.5,3000,9793,2.0,0,0,3,3000,0,2002,47.3655,-122.028,1890,7557,12.884106188280072
2,3.0,1460,1452,2.0,0,0,3,1140,320,2007,47.5224,-122.39,1460,1452,12.987688474077727
7,4.5,6210,8856,2.5,0,2,5,4760,1450,1910,47.6307,-122.354,2940,5400,14.978661367769956
3,1.0,1520,9030,1.0,0,0,3,1520,0,1956,47.587,-122.134,1470,8712,12.936033799212835
3,1.5,1730,6240,1.0,0,1,3,1000,730,1954,47.5282,-122.391,1620,6240,13.142166004700508
4,2.25,2390,12292,1.0,0,0,5,2390,0,1962,47.5528,-122.221,2870,12337,13.799381176034391
3,2.0,1210,14499,1.0,0,0,3,1210,0,1984,47.4705,-121.754,1570,15360,12.774223335915433
3,1.75,1400,2003,1.0,0,0,4,700,700,1908,47.6508,-122.368,1370,1281,13.038981768465277
3,1.0,900,8100,1.0,0,0,4,900,0,1959,47.2866,-122.221,1000,7830,12.097930486910471
4,2.0,1690,35346,1.0,0,0,3,1690,0,1967,47.6149,-122.124,2050,37846,13.32530422140102
5,2.25,3550,7992,2.0,0,0,3,3550,0,1968,47.7285,-122.179,2110,7992,13.262125319779487
4,2.25,1900,5000,1.0,0,0,3,1400,500,1963,47.6456,-122.387,1710,4994,13.397719800165472
4,3.0,2250,12142,2.0,0,0,3,2250,0,1986,47.4338,-122.16,2300,9003,12.802158113246987
4,3.5,3930,5680,2.0,0,1,3,2820,1110,2013,47.5528,-122.076,3700,5816,13.62791511866761
3,1.75,1340,6250,1.0,0,0,4,1090,250,1941,47.5427,-122.386,1550,1755,13.122263372403996
3,1.75,1760,8400,1.0,0,0,4,1460,300,1960,47.5355,-122.39,1980,8400,13.42984807715229
4,1.75,1790,7175,1.5,0,0,3,1410,380,1900,47.4963,-122.318,1790,8417,12.095141084822892
3,1.0,1050,9206,1.5,0,0,3,1050,0,1954,47.7071,-122.301,1380,6384,12.793859310432293
4,2.0,1530,5250,1.0,0,0,3,1110,420,1981,47.7336,-122.339,1100,5250,12.852652190273785
4,1.75,1580,8856,2.0,0,0,3,1580,0,1979,47.4694,-121.745,1390,9490,12.464583340681674
2,1.0,770,7434,1.0,0,0,3,770,0,1947,47.7606,-122.32,1060,7453,12.487296407920908
4,2.25,1960,8680,1.0,0,0,4,1290,670,1959,47.6076,-122.192,2160,8680,13.491164501140902
3,1.75,1570,16817,2.0,0,0,3,1570,0,1982,47.4716,-121.756,1600,16817,12.821258284620408
5,3.5,4280,6530,2.0,0,3,3,4280,0,2014,47.5941,-121.973,3960,6863,13.945652462759522
2,1.0,940,5000,1.0,0,0,3,940,0,1951,47.5186,-122.374,940,5000,12.524526376648708
3,1.75,1850,14986,2.0,0,0,3,1850,0,1943,47.4837,-122.148,2660,10650,12.706847933442663
2,1.5,830,1325,2.0,0,0,3,830,0,2005,47.5472,-122.384,1310,1485,12.510298364092582
5,3.25,3970,8029,2.0,0,2,3,2970,1000,1979,47.7764,-122.385,2520,8214,13.81049801614073
3,2.25,2160,15360,1.0,0,0,3,1410,750,1965,47.6232,-122.138,2180,8480,13.217673557208654
3,3.0,1880,2200,2.0,0,0,3,1520,360,2007,47.6666,-122.367,1500,1426,13.353475098367715
3,2.5,1390,4997,2.0,0,0,3,1390,0,2004,47.5303,-121.855,2340,4125,12.994530005894443
3,1.5,1140,15890,1.0,0,0,3,840,300,1985,47.4752,-121.757,1200,15247,12.721885810807203
4,3.5,2870,3225,2.0,0,3,3,2070,800,2006,47.5009,-122.225,1770,6450,13.038981768465277
4,2.75,2070,10125,1.0,0,0,3,1390,680,1962,47.5697,-122.219,1850,10125,13.515755904278224
4,3.5,3990,11270,2.0,0,3,3,2930,1060,2007,47.488,-122.225,1980,11328,13.319573546692034
3,1.0,1160,9600,1.0,0,0,4,1160,0,1967,47.7419,-122.073,1160,9730,12.706847933442663
4,1.75,1570,8268,1.0,0,0,3,1570,0,1979,47.7373,-122.197,1870,8190,13.021437458814368
4,1.0,1760,7216,1.0,0,0,3,1090,670,1947,47.7041,-122.355,1180,3844,12.971424201839042
3,1.75,1230,8917,1.0,0,0,4,1230,0,1966,47.4528,-122.172,1420,7938,12.301382825334498
3,1.0,980,9903,1.0,0,0,4,980,0,1966,47.7746,-122.239,1830,9903,12.721885810807203
4,2.25,2330,7220,2.0,0,1,3,1600,730,1988,47.7764,-122.386,2220,9100,13.38472764187182
3,1.5,2120,41325,1.0,0,0,4,1420,700,1973,47.2906,-122.055,1780,42000,12.691580461311874
3,1.75,2290,14800,1.0,0,0,3,1620,670,1965,47.7735,-122.273,2320,12474,13.060487973686241
3,1.75,1790,7123,1.0,0,0,3,1790,0,1913,47.7429,-121.981,1660,8128,12.873902018105829
4,2.25,2460,14600,1.0,0,0,4,1720,740,1977,47.3762,-122.16,2460,14600,12.994416363073707
5,2.5,2800,11325,1.0,0,0,4,1400,1400,1970,47.6166,-122.172,2510,13700,13.652991628466498
4,1.75,2120,7620,2.0,0,0,3,2120,0,1971,47.457,-122.346,1820,7620,12.894081648233996
4,2.5,2550,7200,2.0,0,2,3,2550,0,2003,47.4793,-122.18,2560,5715,12.946818804889398
3,1.5,1420,7480,1.0,0,0,4,1420,0,1963,47.4651,-122.184,1720,7700,12.449018824140563
3,3.25,5290,224442,2.0,0,0,4,4540,750,1988,47.6671,-122.051,3750,84936,14.403297222866392
4,2.5,2250,3916,2.0,0,0,3,2250,0,2014,47.3413,-122.18,2156,3920,12.71736815888076
2,2.0,1360,5433,1.0,0,0,3,1360,0,1974,47.3804,-122.32,1160,5264,12.449018824140563
3,1.5,1320,15053,1.0,0,0,3,1320,0,1979,47.7405,-122.095,1250,13368,12.611537753638338
5,3.5,3620,7821,2.0,0,2,3,2790,830,1958,47.5738,-122.215,2690,9757,14.214286677921642
3,1.75,1580,9049,1.0,0,0,3,1580,0,1966,47.7776,-122.375,2100,8446,12.873773804758644
2,1.0,960,87991,1.5,0,0,3,960,0,1946,47.63,-121.9,1940,392040,12.100712129872347
3,1.75,1270,7350,1.0,0,0,4,1270,0,1967,47.6046,-122.168,1880,7350,13.303651066607985
3,2.0,1430,3480,1.0,0,0,3,980,450,1947,47.6874,-122.336,1450,4650,13.017002861746503
3,2.25,3000,11665,1.5,1,4,3,3000,0,2001,47.5884,-122.086,3000,15959,14.690979295318174
5,3.5,4210,17258,2.0,0,3,3,4210,0,1995,47.553,-122.114,4630,17909,14.126664986601197
4,3.0,3160,10948,1.0,0,3,3,1930,1230,1991,47.3733,-122.422,2380,13623,13.208541073645382
4,1.75,1990,4725,1.5,0,0,4,1190,800,1944,47.5275,-122.38,1240,4961,13.005829561148378
4,1.0,1280,4840,1.0,0,0,3,940,340,1950,47.5477,-122.395,1360,4840,12.873902018105829
5,1.5,1940,3430,1.5,0,0,4,1220,720,1926,47.6853,-122.362,1830,4120,13.244581010128577
4,2.25,2190,9009,2.0,0,0,4,1840,350,1977,47.6916,-122.188,2190,10251,13.500799813124575
4,3.25,3140,3680,2.0,0,0,3,2310,830,2009,47.5319,-122.076,2620,2664,13.541073712262515
3,2.75,2290,34548,2.0,0,3,4,2290,0,1984,47.3691,-122.163,399,275299,13.19188944005294
4,2.25,1860,7980,1.0,0,0,4,1860,0,1966,47.4524,-122.15,1860,8814,12.84792653170257
4,2.5,2210,213008,1.0,0,0,4,1210,1000,1975,47.4039,-121.98,2270,52707,12.936033799212835
3,1.0,1310,9529,1.0,0,0,3,1310,0,1956,47.4105,-122.295,1330,9529,12.367340793126296
3,1.75,1920,9102,1.0,0,0,3,1920,0,1968,47.7487,-122.082,1920,9760,12.89921982609012
3,1.75,1820,32666,1.0,0,0,4,1820,0,1966,47.1803,-121.974,2050,43560,12.487485104968359
3,2.0,1810,4500,1.0,0,0,4,980,830,1906,47.681,-122.359,1800,4500,13.541073712262515
4,2.75,2310,10232,1.0,0,0,5,1310,1000,1980,47.5515,-122.153,2820,9886,13.527828485512494
4,2.5,2970,7961,1.0,0,0,3,2020,950,1969,47.7118,-122.29,1410,7959,13.36138027787483
4,2.5,1954,4805,2.0,0,0,3,1954,0,2005,47.4297,-122.19,1714,3259,12.736700896592344
4,2.5,2950,43560,1.0,0,2,4,2550,400,1951,47.5988,-122.207,3260,41016,14.438771611060053
2,1.0,1210,9375,1.0,0,1,4,1210,0,1952,47.3865,-122.322,1680,8400,12.384218830913648
4,3.5,3650,57538,2.0,0,0,3,3650,0,1996,47.7711,-122.041,3730,56257,13.621925808891609
3,1.0,1190,7000,1.0,0,0,3,1190,0,1943,47.6453,-122.403,1350,7000,13.15676480412166
3,1.0,1140,4600,1.0,0,0,3,1140,0,1942,47.6897,-122.337,1370,5000,13.038981768465277
2,0.75,1020,1076,2.0,0,0,3,1020,0,2008,47.5941,-122.299,1020,1357,12.691580461311874
5,2.75,3050,7520,2.0,0,0,3,3050,0,2014,47.5245,-122.184,2180,10800,13.514405465180353
3,2.25,2330,3600,1.5,0,0,3,2330,0,1971,47.631,-122.061,2050,4275,13.102160670086809
2,1.0,890,6095,1.0,0,0,3,890,0,1947,47.6823,-122.298,1450,5985,13.142166004700508
3,1.0,1980,18730,1.0,0,0,4,1280,700,1943,47.3221,-122.282,1356,9450,12.240474072247506
4,2.5,1830,7345,1.0,0,0,4,1540,290,1973,47.7741,-122.373,1990,7700,13.110290796170059
4,2.5,2580,15031,2.0,0,0,3,2580,0,1999,47.6895,-122.094,3030,10361,13.458835614025542
6,3.75,2740,6924,1.0,0,2,3,1640,1100,1962,47.5816,-122.296,1940,6000,13.28012581269758
2,2.0,1520,5010,1.0,0,0,3,1520,0,1999,47.6948,-122.364,1110,5040,12.89921982609012
3,2.5,1570,1452,2.5,0,0,3,1240,330,2007,47.648,-122.396,1670,1596,13.212204081404119
4,2.75,1830,8384,1.0,0,0,3,1320,510,1979,47.733,-122.22,2190,7695,13.091904169919621
3,2.5,3460,6590,2.0,0,0,3,3460,0,2001,47.4802,-122.188,2490,6312,13.054084536651034
3,1.5,1590,21600,1.5,0,0,4,1590,0,1971,47.2159,-121.966,1780,21600,12.43320821811392
3,1.75,1680,7389,1.0,0,0,3,1150,530,1979,47.5199,-122.184,2100,10348,12.840000466430148
3,1.75,1720,12540,1.0,0,0,4,1720,0,1956,47.5699,-122.177,1440,11850,13.102160670086809
3,1.0,1040,6720,1.5,0,0,3,1040,0,1951,47.7444,-122.294,1880,11407,12.796633237315017
4,3.75,4130,12320,2.0,0,0,3,4130,0,2001,47.5194,-122.151,3690,11227,13.883169206438088
4,2.5,2520,4950,2.0,0,0,3,2520,0,1906,47.6814,-122.359,1810,3500,13.670484785914017
3,2.0,1810,10860,1.0,0,0,3,1810,0,1967,47.6393,-121.967,1420,11982,12.917673504748366
4,4.0,5040,17208,1.0,0,0,5,2870,2170,1976,47.5701,-122.188,4050,18647,14.862829552244833
4,2.5,2000,7376,2.0,0,0,3,2000,0,1990,47.5719,-121.999,1950,5218,13.308012724290958
3,3.0,1296,1051,3.0,0,0,3,1296,0,2009,47.7175,-122.284,1520,1939,12.899094818276968
3,1.75,1720,5000,1.0,0,0,3,1720,0,1954,47.6157,-122.29,2120,4188,13.554145793829866
3,2.75,2090,9620,1.0,0,0,3,1340,750,1987,47.2741,-122.337,2150,9660,12.611537753638338
3,1.0,1630,16393,1.0,0,0,3,1630,0,1969,47.6576,-122.186,1880,23497,12.988831984779805
4,2.75,1790,47250,1.0,0,0,3,1220,570,1987,47.5302,-121.746,1250,43791,12.873902018105829
4,2.5,1750,9000,1.0,0,0,3,1410,340,1977,47.6403,-122.105,2120,9600,13.345506928718539
3,2.5,1540,1614,3.0,0,0,3,1470,70,2008,47.6961,-122.341,1540,1418,12.932291867150314
2,1.0,760,6407,1.0,0,0,3,760,0,1943,47.4977,-122.259,1050,8580,12.474533671534843
3,1.5,1400,10853,1.0,0,0,4,1400,0,1964,47.4433,-122.194,1620,10849,12.487296407920908
2,1.0,900,4500,1.0,0,0,3,900,0,1951,47.5273,-122.265,1175,5320,12.4810493454844
3,2.5,3545,9816,1.0,0,0,3,2610,935,2005,47.5534,-122.078,3630,7704,13.845069360205818
3,2.25,1740,6650,1.0,0,0,3,1240,500,1978,47.2979,-122.379,1740,7000,12.628067055589549
4,4.0,4130,5575,2.0,1,4,4,2860,1270,1993,47.5968,-122.083,2980,5575,14.827111469642754
3,2.0,1260,2550,2.0,0,0,3,1260,0,1987,47.6821,-122.378,1590,3825,12.611537753638338
3,3.25,1540,1428,3.0,0,0,3,1540,0,2013,47.6648,-122.353,1660,3300,13.444446876573442
4,3.0,2230,108900,1.0,0,0,3,1410,820,1978,47.52,-121.845,1960,65340,13.038981768465277
3,2.5,2050,4876,2.0,0,0,3,2050,0,2005,47.7746,-122.158,2320,4065,13.019222618484815
3,2.5,2220,20531,2.0,0,0,3,2220,0,1998,47.2864,-122.264,2420,19249,12.854353204750012
3,2.5,2060,7658,2.0,0,0,3,2060,0,2003,47.2923,-122.36,2250,7299,12.687881320225673
3,2.5,1500,9636,2.0,0,0,3,1500,0,1994,47.75,-122.176,1700,9656,12.911642346088676
2,1.0,1670,8195,1.0,0,0,3,1670,0,1954,47.6627,-122.192,1980,7500,13.399995114002609
3,1.0,1050,5402,1.5,0,0,4,1050,0,1906,47.5867,-122.311,1510,4685,12.736553826954605
4,1.5,1790,4080,1.5,0,0,5,1790,0,1928,47.5749,-122.291,1710,4080,13.464959680733502
3,3.5,2840,4468,3.0,0,0,3,2840,0,2006,47.7069,-122.117,3040,5400,13.483597910599078
4,1.0,1130,8308,1.5,0,0,4,1130,0,1944,47.4669,-122.355,1130,8652,12.587927887999204
3,1.0,1000,5454,1.0,0,0,3,1000,0,1954,47.7339,-122.337,1320,5250,12.254862809699606
4,2.75,1430,7403,1.0,0,0,3,1030,400,1982,47.5346,-122.344,1480,7663,12.834681304952548
3,2.25,2420,7548,1.0,0,0,4,1370,1050,1967,47.3112,-122.376,2150,8000,12.54966234992025
4,2.5,3130,5240,2.0,0,0,3,3130,0,2004,47.3446,-122.042,2470,5240,12.89921982609012
2,2.5,1340,1263,3.0,0,0,3,1340,0,2008,47.6788,-122.388,1510,1260,12.959844447906553
3,2.75,3900,111514,2.0,0,0,3,3460,440,1967,47.5621,-121.924,2460,217800,12.936033799212835
3,2.25,2510,10418,1.0,0,0,3,1810,700,1968,47.7003,-122.285,2510,9435,13.623138665316818
4,2.5,1950,7350,1.0,0,0,3,1150,800,1963,47.656,-122.134,2050,9068,12.86099861326992
4,3.25,2520,3360,1.5,0,0,4,1550,970,1931,47.6801,-122.315,1730,3360,13.334648185383662
3,3.25,1490,857,3.0,0,0,3,1220,270,2001,47.6357,-122.324,1550,1092,13.270783382522602
4,2.5,2730,7649,2.0,0,0,3,2730,0,2006,47.5441,-121.882,2730,6216,13.13626628257332
4,2.5,2580,3909,2.0,0,0,3,2580,0,2013,47.6852,-122.21,1820,5772,13.71003892502204
4,4.25,4070,13860,2.0,0,3,3,4070,0,2004,47.59,-122.229,3430,9240,14.647549737390838
3,1.0,1420,6000,1.0,0,0,3,1420,0,1941,47.4913,-122.336,1480,6000,12.498742259492994
3,3.5,1900,1612,2.0,0,0,3,1430,470,2008,47.544,-122.385,1780,1525,12.97502278950562
4,2.5,2300,11165,2.0,0,0,4,2300,0,1979,47.5794,-122.118,2170,11165,13.291261913866142
4,2.5,2460,9973,1.0,0,0,4,1560,900,1965,47.7133,-122.361,1830,7200,13.369223455335854
3,2.25,1440,9806,1.0,0,0,3,1440,0,1965,47.3857,-122.212,1590,9782,12.441144767709657
3,1.5,1180,7000,1.0,0,0,4,1180,0,1977,47.2966,-122.374,1180,7370,12.141534124392603
4,3.0,2760,13113,1.0,0,0,4,1760,1000,1974,47.7669,-122.268,1900,13113,13.217673557208654
3,3.5,2080,5100,2.0,0,0,3,2080,0,2004,47.35,-122.005,2080,5100,12.7868906411162
3,1.75,1690,6375,1.0,0,0,3,1690,0,1903,47.5247,-121.926,1270,7774,13.032438669876342
2,1.75,910,2693,1.0,0,0,3,910,0,2003,47.3493,-122.025,1360,2693,12.206072645530174
4,2.5,2360,9647,1.0,0,2,3,1530,830,1964,47.3367,-122.332,2580,9680,12.468436909997665
2,1.0,1480,6210,1.0,0,0,3,1080,400,1950,47.774,-122.351,1290,7509,12.7098736543592
3,1.0,1370,56628,1.0,0,0,3,1370,0,1942,47.3058,-122.306,1768,8702,12.341477282536376
3,1.0,1400,9000,1.0,0,0,5,1400,0,1959,47.5022,-122.145,1440,8400,12.676076274775909
4,1.75,1480,7875,1.0,0,0,3,740,740,1927,47.643,-122.397,1680,5851,13.144516182045463
3,1.0,880,10800,1.0,0,0,3,880,0,1942,47.4949,-122.338,1100,8820,12.254862809699606
5,4.0,5840,11652,2.0,0,1,3,4410,1430,1988,47.5835,-122.202,3120,13639,14.603967918328545
3,1.5,1310,10491,1.0,0,0,4,1310,0,1969,47.3682,-122.148,1430,9664,12.323855681186558
4,3.5,3080,4815,2.0,0,3,3,2300,780,1937,47.6417,-122.411,2910,5350,14.319311566793301
4,1.75,1360,4840,1.5,0,0,4,1360,0,1928,47.556,-122.376,1320,4840,12.897969044188466
1,1.0,1080,3230,1.0,0,0,3,1080,0,1963,47.3075,-122.217,1210,5760,11.626254150277232
4,2.25,2240,45738,2.0,0,0,3,2240,0,1988,47.687,-122.047,3180,45738,13.321214236149494
5,3.0,2960,15152,2.0,0,0,3,2960,0,2004,47.6689,-122.179,1850,9453,13.681979165339751
4,2.5,3200,3600,3.0,0,3,4,2600,600,1997,47.632,-122.369,2490,4080,14.183619879528669
4,2.5,3030,10189,1.0,0,0,3,2380,650,2003,47.6367,-122.206,1940,10189,14.20077295875492
2,1.0,960,8153,1.0,0,0,3,960,0,1947,47.7341,-122.3,1160,8199,12.611537753638338
4,3.5,4390,11600,2.0,0,3,3,3060,1330,1990,47.5862,-122.246,3240,12000,14.291744736960645
2,1.0,1050,2699,1.0,0,0,3,1050,0,2005,47.5471,-121.996,1240,2671,12.644327576461329
3,1.75,1570,8400,1.0,0,0,4,1570,0,1959,47.76,-122.34,1860,8639,12.994518642193514
7,4.75,5370,10800,1.5,0,0,3,5370,0,1967,47.538,-122.223,2310,10910,13.693229923255442
3,2.5,2780,8225,2.0,0,1,3,2780,0,1990,47.3509,-122.323,720,9736,13.016780614829264
4,2.5,2630,5379,2.0,0,0,3,2630,0,2004,47.4977,-122.163,2630,5379,13.026292908653595
4,2.0,1490,5300,1.0,0,0,3,1110,380,1977,47.5949,-122.296,1330,1499,12.959844447906553
4,1.75,1570,3250,1.5,0,0,5,1570,0,1928,47.5405,-122.393,1570,5720,13.190022025878143
3,3.0,2600,5238,1.5,0,3,3,1890,710,1989,47.3448,-122.327,2220,4853,13.17115354157376
3,2.0,1520,4000,1.0,0,0,5,800,720,1943,47.531,-122.351,1430,4000,12.821123140353697
4,2.25,2250,12000,2.0,0,0,3,2250,0,1985,47.3715,-122.274,2140,11871,12.568978139219542
2,1.75,1150,2723,1.0,0,0,4,770,380,1923,47.6357,-122.322,1440,4000,12.873902018105829
1,0.75,850,5600,1.0,0,2,3,850,0,1903,47.7654,-121.48,900,12250,12.043553716032399
6,3.25,3560,21400,2.0,0,4,4,3560,0,1952,47.7602,-122.372,3560,24338,13.883169206438088
3,1.5,2560,4000,1.5,0,0,5,1660,900,1927,47.6384,-122.279,2560,4000,13.897090544956697
3,2.25,1470,2500,2.0,0,0,3,1080,390,1984,47.6762,-122.36,1640,4300,13.102160670086809
2,1.75,1610,4104,1.0,0,0,3,950,660,1996,47.5565,-122.275,1510,5284,12.891691559669328
4,2.0,1390,745,3.0,0,0,3,1390,0,2008,47.5393,-122.026,1390,942,12.618377641514309
4,2.5,1990,9656,2.0,0,0,3,1990,0,1994,47.3125,-121.998,1500,9656,12.487296407920908
3,2.25,1860,8378,2.0,0,0,3,1860,0,1995,47.3875,-122.032,1870,8378,12.765688433465597
3,2.25,2610,9409,1.0,1,4,4,2610,0,1963,47.5789,-122.076,2970,9156,14.23224525833067
4,1.75,2380,5700,2.0,0,1,4,1820,560,1946,47.6656,-122.271,2190,5700,13.507625778194974
5,2.75,3490,8230,2.0,0,0,3,3490,0,2005,47.5825,-121.97,3480,7331,13.539757056377766
3,2.0,2030,17120,1.0,0,2,4,1890,140,1966,47.2953,-122.185,1870,13662,12.596254896773821
4,2.0,1650,6480,2.0,0,0,5,1650,0,1947,47.7117,-122.286,1650,6350,13.102160670086809
3,1.75,1580,507038,1.0,0,2,4,1580,0,1985,47.2303,-121.936,2040,210394,12.966878474563934
3,2.0,1130,9879,2.0,0,0,3,1130,0,1996,47.635,-121.964,1900,14907,12.736700896592344
4,2.5,1820,3134,2.0,0,0,3,1820,0,1999,47.7351,-121.985,1820,3751,12.765545566117686
4,2.75,3650,4534,2.0,0,0,3,2940,710,2014,47.7397,-122.224,2400,7682,13.217673557208654
3,1.75,1250,13775,1.0,0,2,3,1250,0,1990,47.4981,-121.772,1260,13707,12.765688433465597
3,2.0,1550,18958,1.5,0,0,3,1550,0,1983,47.3699,-122.319,1840,12826,12.577636201962656
4,2.0,1930,5398,1.0,0,0,3,1430,500,1953,47.646,-122.363,1910,4902,13.458835614025542
3,2.0,1820,6324,1.0,0,0,5,910,910,1945,47.6823,-122.27,1850,6440,13.493926933836812
3,2.0,1350,11805,1.0,0,0,3,1350,0,1986,47.7313,-121.971,1350,14200,12.691580461311874
6,2.0,2390,8660,1.5,0,0,4,2390,0,1925,47.7589,-122.216,2250,12942,13.15434642325738
3,2.0,1200,6074,1.0,0,0,3,1200,0,1968,47.325,-122.205,1430,6338,12.310432660854417
3,1.0,1110,8593,1.0,0,0,3,1110,0,1979,47.7595,-122.309,1780,8593,12.6112043647371
3,2.0,2360,4800,2.0,0,0,3,2360,0,1909,47.6317,-122.312,2260,4800,14.377979414882104
4,2.25,3250,34293,2.0,0,0,4,3250,0,1983,47.3496,-122.094,3110,35982,13.081541382884074
3,1.0,1250,21303,1.0,0,0,3,1250,0,1970,47.6625,-122.059,1250,17920,12.467956025160314
4,2.0,5461,22880,1.0,0,0,4,3265,2196,1964,47.3557,-122.29,1940,10995,13.208541073645382
3,2.5,2840,216493,2.0,0,0,3,2840,0,1991,47.702,-121.892,2820,175111,13.235692062711331
4,2.25,2010,7688,1.0,0,0,3,1170,840,1979,47.3086,-122.396,1990,7688,12.341477282536376
2,1.0,1000,5120,1.0,0,0,3,1000,0,1902,47.6088,-122.307,1940,4300,12.668233097314884
4,2.5,2640,25038,2.0,0,0,4,2640,0,1995,47.5277,-122.174,2630,16668,13.395439297466748
3,2.5,2530,13446,2.0,0,0,3,2530,0,1993,47.7345,-121.961,2450,13446,12.983101310070822
3,1.75,1950,17400,1.0,0,0,3,1210,740,1976,47.7424,-122.091,1900,17250,13.089840185698769
4,3.5,4910,9444,1.5,0,0,3,3110,1800,2007,47.6502,-122.066,4560,11063,14.016408500331163
4,4.0,3530,8400,2.0,0,0,5,2630,900,1958,47.6402,-122.395,2340,8216,13.906264921232738
4,3.5,3400,3850,2.5,0,0,3,2790,610,2008,47.6258,-122.302,2030,4000,13.996164057657532
4,2.75,3527,7200,2.0,0,0,3,3527,0,2005,47.3823,-122.3,2490,7200,12.736700896592344
3,1.75,1860,7881,1.0,0,0,3,1160,700,1986,47.3855,-122.322,1490,7527,12.772805901234461
4,3.0,3810,217800,2.0,0,0,3,3810,0,2003,47.7696,-122.021,2580,217364,13.710150042306449
3,1.75,1060,8100,2.0,0,0,4,1060,0,1983,47.3617,-122.047,1410,8100,12.594730635321957
3,1.75,1380,4590,1.0,0,0,2,930,450,1950,47.6841,-122.293,1320,4692,12.765688433465597
5,2.75,2210,13500,1.0,0,0,5,1460,750,1963,47.4468,-122.282,1590,10850,12.65714826489039
3,1.0,940,12521,1.5,0,0,4,940,0,1949,47.7169,-122.331,1920,9046,12.971540487669746
4,2.5,1770,9858,1.0,0,2,3,1770,0,1971,47.7382,-122.287,2470,9858,13.422467969854667
4,2.25,2500,10062,1.0,0,0,3,1600,900,1975,47.639,-122.1,2500,9750,13.329377546788654
3,1.5,1010,10000,1.0,0,0,4,1010,0,1973,47.2881,-122.294,2420,34637,12.26434155365415
3,2.5,1680,11312,1.0,0,0,3,1080,600,1959,47.5051,-122.344,1390,10700,12.706847933442663
4,1.75,2120,15920,1.0,0,0,4,1060,1060,1960,47.771,-122.258,2200,12580,12.959844447906553
4,2.75,2730,9112,1.0,0,2,3,1740,990,1996,47.4005,-122.312,3050,10454,13.142166004700508
4,5.5,6530,871200,2.0,0,2,3,6530,0,2008,47.664,-121.878,1280,858132,14.28551418721001
3,2.25,1840,8400,1.0,0,0,3,1290,550,1961,47.5497,-122.172,2110,8400,13.066427745074025
4,2.75,4270,25807,2.0,0,0,3,4270,0,1996,47.5951,-122.206,3860,20723,14.291744736960645
3,2.25,1470,6808,1.0,0,0,3,1160,310,1984,47.2884,-122.365,1570,7881,12.323855681186558
4,2.5,2095,4569,2.0,0,0,3,2095,0,2002,47.6603,-122.087,2095,4385,13.415032991367148
2,1.0,1000,3700,1.0,0,0,3,800,200,1929,47.552,-122.29,1270,5000,12.456831363877356
4,2.5,3480,38985,2.0,0,0,3,3480,0,1989,47.6895,-122.052,3630,36290,13.704578997256993
2,1.0,1080,4725,1.5,0,0,3,1080,0,1944,47.5275,-122.381,1520,4961,12.873902018105829
3,2.0,1800,12669,1.0,0,0,3,1800,0,1956,47.6935,-122.173,1970,9775,13.060487973686241
4,2.5,2230,8500,2.0,0,0,3,2230,0,1994,47.2082,-122.009,2270,8770,12.691580461311874
3,1.0,1240,18000,1.0,0,0,2,1240,0,1943,47.3514,-122.315,1240,18000,12.367340793126296
4,2.25,2120,7700,1.0,0,0,4,1490,630,1976,47.7207,-122.165,1890,8203,12.962194625251508
4,2.0,1830,10416,1.0,0,0,3,1370,460,1958,47.4878,-122.341,1830,9271,12.409013489526863
2,1.0,800,4533,1.0,0,0,3,600,200,1929,47.6979,-122.325,1720,6800,12.706847933442663
3,2.5,1770,3744,1.5,0,0,3,1270,500,1929,47.6807,-122.364,1400,4680,13.373903113634826
2,1.75,1320,2609,1.0,0,0,4,920,400,1938,47.6878,-122.366,1200,4220,12.952760593018148
4,3.25,4740,49091,2.0,0,0,3,4740,0,1990,47.6624,-122.071,4800,42387,13.955272500339433
4,2.0,1440,7950,1.0,0,0,5,1440,0,1962,47.4517,-122.082,1530,20037,12.326075437924871
3,1.0,1010,25277,1.0,0,0,5,1010,0,1961,47.7242,-121.951,1570,213879,12.211060187041213
3,2.5,2320,32772,2.0,0,0,3,2320,0,1992,47.6304,-121.988,2610,33305,13.353475098367715
3,1.75,1530,7245,1.0,0,0,4,1530,0,1984,47.731,-122.191,1530,7490,12.994530005894443
3,1.0,1240,7500,1.0,0,0,4,1240,0,1976,47.6199,-122.062,1240,9750,12.691426603322494
2,2.75,2700,8572,1.0,0,0,3,2700,0,2007,47.7236,-122.033,2680,8569,13.604789526648622
3,2.0,2500,4080,1.5,0,0,5,1680,820,1922,47.6813,-122.346,1550,3060,13.45166712454693
4,2.25,2250,41688,2.0,0,0,3,2250,0,1980,47.6695,-122.05,2350,37920,13.251635713108469
2,1.0,750,6439,1.0,0,0,4,750,0,1934,47.6995,-122.354,1470,6374,12.730801174465157
3,1.0,1330,45738,2.0,0,0,2,1330,0,1967,47.436,-122.185,1490,24000,12.367340793126296
4,2.25,2390,13002,2.0,0,0,3,2390,0,1987,47.3111,-122.35,2450,11200,12.765688433465597
2,1.5,1000,1075,2.0,0,0,3,840,160,2007,47.5708,-122.288,1000,1083,12.621488084491506
3,2.0,1200,9566,1.0,0,0,3,1200,0,1995,47.2649,-122.252,1590,9518,12.312232841358565
3,2.25,1630,10962,1.0,0,0,4,1100,530,1977,47.3801,-122.166,1830,8470,12.628067055589549
3,2.25,1620,6415,2.0,0,0,4,1620,0,1989,47.3577,-122.038,1640,7253,12.524526376648708
4,2.0,1800,13551,1.0,0,0,4,1800,0,1974,47.4721,-122.128,1730,13551,12.628067055589549
3,1.5,1220,962,3.0,0,0,3,1220,0,2014,47.674,-122.387,1510,2501,13.122363377404328
4,2.75,2300,26650,1.0,0,0,4,2300,0,1950,47.7771,-122.362,2000,9879,13.17115354157376
3,1.0,1720,16552,1.0,0,0,4,1720,0,1971,47.4772,-122.153,1550,15457,12.779591338634587
3,2.25,1453,2225,2.0,0,0,4,1453,0,1986,47.5429,-122.188,1860,2526,13.038981768465277
2,1.0,1280,21750,1.5,0,0,5,1280,0,1912,47.3096,-122.241,1520,21750,12.043553716032399
5,4.0,3366,7800,2.5,0,2,3,2966,400,1937,47.6466,-122.391,2340,6000,14.077874822431765
3,2.0,2690,435600,2.0,0,0,3,2690,0,1992,47.3477,-122.519,1700,163350,13.262125319779487
2,1.0,790,11234,1.0,0,0,4,790,0,1942,47.4413,-122.349,1930,11871,12.430315592287684
2,3.25,2070,3128,2.0,1,3,3,1760,310,1988,47.5686,-122.06,2740,3568,14.188452474366878
5,2.5,3000,7912,1.0,0,0,3,1610,1390,2007,47.6765,-122.175,2700,7205,13.554145793829866
3,2.5,2030,8000,2.0,0,0,3,2030,0,1997,47.4024,-122.216,2290,7945,12.628067055589549
3,2.5,1250,1150,2.0,0,0,3,1080,170,2009,47.5582,-122.363,1250,1150,12.637855061955712
3,1.75,1500,8173,1.0,0,0,3,1500,0,1997,47.7293,-122.227,1970,8173,12.983101310070822
2,1.0,1070,8130,1.0,0,0,3,1070,0,1942,47.697,-122.37,1360,7653,13.132313708257497
4,2.5,2180,3375,1.5,0,0,4,1420,760,1926,47.6846,-122.361,1560,3375,13.395439297466748
3,4.0,3880,13095,2.0,0,3,3,3700,180,2009,47.6996,-122.233,3880,10830,13.845069360205818
3,2.5,1780,11000,1.0,0,0,4,1210,570,1980,47.5574,-122.149,2310,9700,13.36138027787483
4,2.25,2120,9680,2.0,0,2,4,2120,0,1965,47.3367,-122.332,2360,9647,12.818985433379513
4,2.25,2070,8893,2.0,0,0,4,2070,0,1986,47.4388,-122.162,2390,7700,12.80765263256463
4,2.5,2170,9600,1.0,0,0,3,1460,710,1980,47.6789,-122.116,1940,8400,13.217673557208654
4,2.5,1770,4338,2.0,0,0,3,1770,0,2001,47.3672,-122.099,1770,6606,12.542187675503545
3,2.0,1550,8509,1.0,0,0,3,1150,400,1959,47.5299,-122.344,1840,7620,12.818551923022664
3,1.0,880,7648,1.0,0,2,4,880,0,1940,47.1963,-121.997,1020,7566,12.2783933071098
4,3.0,2980,44431,2.0,0,0,2,2640,340,1981,47.7154,-122.161,2010,7332,13.764217263576723
4,2.5,2350,63162,2.0,0,0,4,2350,0,1994,47.7545,-122.047,2370,63162,13.384650715836164
3,1.0,1380,5400,1.0,0,0,4,1380,0,1954,47.7134,-122.288,1190,6075,12.84792653170257
2,1.0,720,4758,1.0,0,0,3,720,0,1947,47.5176,-122.376,990,4920,12.323855681186558
3,1.75,1530,6743,1.0,0,0,3,1410,120,1955,47.5745,-122.396,2040,6000,13.262125319779487
4,2.25,2550,7800,1.0,0,0,3,1580,970,1968,47.6283,-122.095,2420,8050,13.235692062711331
2,2.75,1465,972,2.0,0,0,3,1050,415,2006,47.621,-122.298,1480,1430,13.10011776845701
4,2.25,1890,5940,1.0,0,1,3,1470,420,1963,47.6316,-122.303,2430,5940,13.753635154246187
4,2.25,2240,8322,2.0,0,0,3,2240,0,1979,47.728,-122.206,2240,6448,13.085699393032737
4,2.5,1790,4358,2.0,0,0,3,1790,0,1993,47.3994,-122.204,1790,4305,12.468436909997665
3,1.0,2030,4080,1.5,0,0,4,1840,190,1908,47.6765,-122.308,2030,4080,13.560618308335483
5,2.75,2844,3990,2.0,0,0,3,2844,0,2013,47.3259,-122.167,2273,3900,12.793720411897448
3,2.5,1660,6263,2.0,0,0,3,1660,0,2003,47.3507,-122.141,2190,6192,12.560244459250788
2,1.5,1260,5100,1.0,0,0,3,1260,0,1941,47.6914,-122.288,1640,5100,13.028052697933088
3,2.5,1620,1171,3.0,0,4,3,1470,150,2008,47.6681,-122.355,1620,1505,13.270783382522602
3,2.5,2290,6302,2.0,0,0,3,2290,0,1997,47.435,-122.107,2700,7500,12.994530005894443
3,1.75,2330,7200,1.0,0,0,4,1320,1010,1950,47.565,-122.274,1820,7200,13.38472764187182
3,1.0,1150,10000,1.0,0,0,3,1000,150,1951,47.5075,-122.262,1340,10000,12.392552212472792
3,1.75,1700,6500,1.0,0,0,3,1700,0,1967,47.6837,-122.284,1880,6000,13.233904752137237
2,1.0,870,4000,1.0,0,2,3,870,0,1950,47.5682,-122.374,1690,4000,12.983101310070822
2,1.0,1396,111949,1.0,0,0,3,1396,0,1940,47.6374,-122.007,2020,111949,12.323855681186558
3,2.0,2200,21890,1.0,0,2,3,1200,1000,1961,47.7584,-122.271,2600,15162,13.064734264567692
3,1.0,1430,7599,1.5,0,0,4,1010,420,1930,47.4783,-122.265,1290,10320,12.367340793126296
4,2.0,1300,7054,1.0,0,0,3,1300,0,1950,47.5071,-122.369,1560,7100,12.65075846679162
3,2.5,2620,14248,2.0,0,0,4,1830,790,1977,47.6281,-122.194,2620,12343,13.42984807715229
3,1.0,1060,7900,1.0,0,0,3,1060,0,1961,47.4604,-122.18,1310,7900,12.2783933071098
3,2.0,1280,13356,1.0,0,0,3,1280,0,1994,47.3715,-122.074,1590,8071,12.354492650648448
3,1.75,1530,8503,1.0,0,0,4,1150,380,1983,47.6872,-122.185,1610,8549,13.19188944005294
3,2.0,1450,8928,1.0,0,0,3,1450,0,1998,47.3637,-122.075,2050,8523,12.528156144699286
3,1.75,1470,4950,1.0,0,0,3,1030,440,1984,47.7325,-122.337,1100,5250,13.03789422077788
2,1.0,900,8556,1.0,0,0,3,760,140,1941,47.5148,-122.386,1500,8556,12.66032791780777
3,2.25,1190,13630,1.0,0,0,3,1190,0,1984,47.4813,-121.735,1630,14405,13.005829561148378
4,3.5,2780,9550,2.0,0,4,5,2530,250,1978,47.454,-122.373,2724,10634,13.81049801614073
3,1.75,2350,12720,1.0,0,0,4,1180,1170,1964,47.3594,-122.175,1680,10400,12.409013489526863
4,1.0,1130,13927,1.5,0,0,3,1130,0,1929,47.4939,-122.3,1800,8274,12.112860263807995
2,0.75,520,6862,1.0,0,0,4,520,0,1924,47.326,-122.037,1170,8756,12.706847933442663
3,1.75,1470,10390,1.0,0,0,3,1470,0,1989,47.4192,-122.201,1770,7507,12.478006361013815
3,1.0,830,3386,1.0,0,0,3,830,0,1942,47.7027,-122.355,1300,3844,12.594730635321957
2,1.0,1510,3360,1.0,0,0,3,880,630,1924,47.6135,-122.297,1330,3360,13.17115354157376
3,1.75,1550,4057,1.0,0,0,3,830,720,1945,47.5291,-122.351,1100,4116,12.59136905934781
5,3.0,2680,8410,2.0,0,0,3,1810,870,1990,47.4401,-122.126,1860,8410,12.834681304952548
4,4.0,1550,6596,1.5,0,0,5,1550,0,1907,47.6711,-122.398,1830,4850,13.46949290849953
3,1.0,1040,8892,1.0,0,0,4,800,240,1958,47.3273,-122.349,820,9000,12.119969946476761
2,2.75,2820,11770,2.0,0,0,3,1630,1190,1947,47.5102,-122.324,1690,12500,12.765688433465597
3,3.5,3190,29982,1.0,0,3,4,2630,560,1941,47.458,-122.368,2600,19878,13.864300722133706
1,1.0,550,16345,1.0,0,0,3,550,0,1945,47.5181,-122.339,1100,9240,12.144197241812087
3,1.0,830,9600,1.0,0,0,3,830,0,1959,47.3698,-122.297,1240,9198,11.813030057420567
3,2.25,3010,9600,2.0,0,0,3,2410,600,1978,47.7671,-122.263,2620,9660,13.120361374733656
6,2.5,3820,53173,1.0,0,0,4,2040,1780,1974,47.5209,-122.052,2510,15314,13.322852238153732
3,1.75,1590,11454,1.0,0,0,4,1590,0,1979,47.5049,-122.186,1970,9960,12.94084150078094
4,2.5,2420,18470,1.0,0,0,3,920,1500,1968,47.6001,-122.176,2690,13800,13.422467969854667
3,2.5,1601,2491,3.0,0,0,3,1536,65,2007,47.719,-122.317,1420,1156,12.842649474601725
4,2.0,1880,14653,2.0,0,0,3,1880,0,1978,47.6959,-121.921,1750,14858,12.917042553500947
4,2.5,2290,6738,2.0,0,0,3,2290,0,1996,47.5714,-122.005,2100,6261,13.253391639810733
2,1.0,790,11234,1.0,0,0,4,790,0,1942,47.4413,-122.349,1930,11871,12.983101310070822
4,3.25,4250,8570,2.0,0,0,3,4250,0,2004,47.6154,-122.21,2830,12821,14.648419680899378
4,2.25,2190,6800,1.0,0,0,5,1340,850,1969,47.7367,-122.195,1560,7611,12.928293073575826
2,2.5,2770,7781,2.0,0,0,3,2770,0,2006,47.7072,-122.017,1870,5984,13.534208092476533
3,2.25,2110,2850,3.0,0,0,3,2110,0,2001,47.6915,-122.339,1340,5001,13.17115354157376
2,1.0,890,8180,1.0,0,0,3,890,0,1947,47.737,-122.3,1130,8180,12.52597986527669
3,1.5,1070,5150,1.0,0,0,4,1070,0,1940,47.5335,-122.349,1020,4800,12.425208175446844
3,2.5,2680,87117,1.0,0,0,3,1340,1340,1989,47.5646,-121.935,2580,87117,13.071070083016778
4,2.5,3030,180263,2.0,0,0,3,2030,1000,1987,47.2953,-122.097,2600,182509,12.89921982609012
2,1.0,960,6250,1.0,0,0,4,740,220,1940,47.5378,-122.375,1090,6000,12.983101310070822
5,1.75,2590,9394,1.0,0,0,4,1390,1200,1963,47.3941,-122.307,2580,9049,12.815838217151068
3,2.25,1560,35026,1.0,0,0,3,1290,270,1985,47.3023,-122.069,1660,35160,12.6112043647371
2,1.0,790,2640,1.0,0,0,3,790,0,1973,47.7351,-122.178,1310,2064,11.407564949312402
4,2.25,1790,7203,1.0,0,0,4,1110,680,1973,47.7709,-122.294,2270,9000,12.971540487669746
3,3.5,2710,3475,2.0,0,0,3,1650,1060,2005,47.5359,-122.072,2440,2867,13.348701819615057
4,1.75,2010,12188,1.0,0,0,4,1150,860,1960,47.5013,-122.147,1720,8475,12.793859310432293
4,2.75,3270,9231,2.0,0,0,3,3270,0,1995,47.6539,-122.121,3380,10154,13.753635154246187
4,2.75,2020,10720,1.0,0,0,4,1420,600,1976,47.6373,-122.104,2190,10164,13.226723392728571
3,2.0,2050,3933,1.0,0,0,3,1180,870,1926,47.6436,-122.303,1940,4000,13.493651033710906
4,2.5,3430,43560,1.5,0,2,5,3430,0,1979,47.6426,-122.18,3700,44431,13.77468856344402
2,1.5,1670,9880,1.0,0,0,4,1670,0,1941,47.4864,-122.348,1670,9807,12.388394202324129
3,1.0,1320,7200,1.0,0,0,4,1320,0,1959,47.5048,-122.19,1720,7249,12.611537753638338
2,1.0,1220,10000,1.0,0,0,5,1220,0,1950,47.7405,-122.241,2000,9600,12.706847933442663
3,2.0,1700,4080,1.0,0,0,4,850,850,1941,47.6785,-122.393,1480,5100,13.38779984090879
3,3.25,3130,9302,2.0,0,0,3,2190,940,1987,47.3078,-122.338,2350,7949,12.644327576461329
4,2.25,2130,11900,2.0,0,0,3,2130,0,1976,47.6408,-122.058,2590,11900,13.38471225713809
2,1.75,1590,5136,1.5,0,3,3,1320,270,1927,47.6424,-122.411,2520,5243,13.652991628466498
3,1.5,1200,4800,1.0,0,0,4,1200,0,1962,47.6084,-122.136,1510,7668,12.89921982609012
3,2.0,2000,3207,1.0,0,0,4,1100,900,1916,47.6561,-122.341,1460,3200,13.425426551894413
3,2.25,1333,1470,3.0,0,3,3,1333,0,2009,47.7058,-122.302,1360,1680,12.732279371334467
4,4.0,5545,871200,2.0,0,0,3,3605,1940,2003,47.676,-121.882,3420,871200,13.750972036826703
4,2.5,2650,6884,2.0,0,0,3,2650,0,2012,47.6901,-122.015,2520,5866,13.507612172660242
3,1.75,1640,17583,1.0,0,0,3,1110,530,1969,47.726,-122.203,1420,11680,12.92391243868049
3,1.0,1270,8000,1.0,0,0,4,1270,0,1959,47.6175,-122.118,1210,7875,13.071070083016778
5,3.5,2160,2323,3.0,0,0,3,2160,0,2007,47.6726,-122.39,1750,4650,13.527828485512494
3,1.0,1750,8820,1.0,0,0,4,1750,0,1961,47.3608,-122.29,1400,9600,12.363076394339839
2,1.0,540,2500,1.0,0,0,3,540,0,1905,47.6729,-122.383,1290,5000,12.959844447906553
4,3.5,4410,36200,2.0,0,0,3,4410,0,1989,47.5487,-122.126,4760,35860,14.093142294562554
3,1.0,1440,5623,1.0,0,0,4,720,720,1922,47.696,-122.319,1280,5623,12.948009990259552
4,3.25,3140,10752,2.0,0,0,3,2300,840,1992,47.5022,-122.363,1300,9920,12.921470435024938
4,1.75,1960,4340,1.0,0,0,5,980,980,1912,47.6847,-122.37,1630,4360,13.49385796594134
2,1.0,870,3121,1.0,0,0,4,870,0,1923,47.6659,-122.369,1570,1777,12.886641043883259
2,2.5,2110,114127,1.0,0,0,4,1590,520,1975,47.4137,-122.212,1960,11250,12.84792653170257
2,2.25,2130,5920,1.0,0,0,3,1830,300,1950,47.6792,-122.275,2130,7192,13.565766324852886
3,2.25,1490,8722,2.0,0,0,3,1490,0,1997,47.3648,-122.185,1510,8061,12.345834587905333
3,2.5,2550,5349,2.0,0,0,3,2550,0,2004,47.3504,-122.026,2640,5400,12.884106188280072
3,2.5,1580,6065,2.0,0,0,3,1580,0,1985,47.5692,-122.021,1770,6700,13.091904169919621
4,2.5,3070,4000,2.0,0,0,4,2070,1000,1940,47.659,-122.281,2560,4000,14.074021253115776
4,2.5,2660,12672,1.0,0,0,4,1740,920,1960,47.3334,-122.323,2280,12477,12.644327576461329
4,2.75,3390,6298,2.0,0,0,3,3390,0,2011,47.5906,-122.062,3390,7111,13.664571382398988
4,1.75,2410,8400,1.0,0,0,3,1600,810,1978,47.7341,-122.2,1850,8400,12.976180867226248
3,1.0,1010,10800,1.0,0,0,4,1010,0,1972,47.4483,-121.773,1370,9500,12.577636201962656
3,2.0,1360,5120,1.5,0,0,4,910,450,1924,47.5587,-122.393,1440,5120,12.971540487669746
4,2.5,2570,6466,2.0,0,0,3,2570,0,1999,47.3324,-122.17,2520,6667,12.779873068457553
4,2.5,2360,7350,1.0,0,0,4,1440,920,1965,47.3417,-122.277,1450,7305,12.560244459250788
2,1.0,680,8640,1.0,0,0,4,680,0,1951,47.4559,-122.289,1320,13140,12.170445467887022
3,2.75,2370,4632,2.0,0,0,3,2370,0,2002,47.3794,-122.022,2290,5012,12.765688433465597
4,1.75,1690,8392,1.0,0,0,3,1190,500,1979,47.773,-122.256,1880,9861,12.911642346088676
3,2.5,1610,6176,2.0,0,0,3,1610,0,1994,47.3657,-122.173,1680,7414,12.449018824140563
3,1.0,880,9035,1.0,0,0,4,880,0,1967,47.476,-122.151,1440,10350,12.345834587905333
4,2.25,1990,8548,2.0,0,0,3,1990,0,1973,47.667,-122.178,2320,8926,12.983101310070822
2,1.75,1050,9800,1.5,0,0,4,1050,0,1975,47.7595,-121.473,1230,12726,12.072541252905651
3,1.0,1150,6480,1.5,0,0,4,1150,0,1946,47.2642,-122.258,1100,7300,12.052338545588132
3,1.5,2000,15265,1.0,0,0,3,1540,460,1967,47.387,-122.281,1920,15265,12.519056900844173
3,1.0,940,4700,1.0,0,0,4,940,0,1942,47.5117,-122.378,1020,5700,12.495003937382387
2,1.0,980,3080,1.5,0,0,3,980,0,1910,47.6646,-122.339,1450,3333,13.217673557208654
4,1.0,1350,9000,1.5,0,0,4,1350,0,1964,47.6953,-122.332,1940,8000,12.971540487669746
2,2.5,1860,3504,2.0,0,0,3,1860,0,2000,47.776,-122.239,1860,4246,12.84792653170257
4,2.25,2430,4748,1.5,0,0,3,1630,800,1928,47.5904,-122.389,2430,4748,13.491164501140902
2,1.0,720,9520,1.0,0,0,4,720,0,1947,47.7678,-122.316,1450,8612,12.180754837545884
2,1.0,1640,17335,1.0,0,0,3,840,800,1978,47.6397,-121.953,2440,17850,12.84660987581782
3,2.25,2380,6000,1.0,0,0,3,2040,340,1961,47.6955,-122.275,1680,7200,13.102160670086809
4,3.0,2380,5125,1.5,0,0,4,1680,700,1925,47.5384,-122.376,1410,5375,13.060487973686241
3,1.75,1530,26642,1.0,0,0,3,1180,350,1988,47.7422,-122.097,1550,13566,12.92391243868049
3,1.5,1360,9980,1.0,0,0,4,1360,0,1966,47.4143,-122.206,1360,9750,12.40860524294026
3,1.75,1640,10464,1.0,0,2,4,1640,0,1968,47.5873,-122.205,2630,18872,13.959610901938031
3,2.0,1610,8069,1.0,0,0,5,1090,520,1955,47.5754,-122.15,1510,8803,13.208541073645382
3,2.5,2060,7184,2.0,0,0,3,2060,0,1987,47.567,-122.012,2230,7788,13.208541073645382
3,2.25,1780,3665,2.0,0,0,3,1780,0,2004,47.5495,-121.997,1770,3669,13.120361374733656
3,2.0,1710,8910,1.0,0,0,5,1710,0,1953,47.7719,-122.338,1430,8493,12.873902018105829
2,1.0,1030,6000,1.0,0,0,2,830,200,1951,47.5291,-122.268,1770,5000,12.345856326799476
3,1.5,1200,11935,1.0,0,0,4,1200,0,1968,47.3434,-122.082,1350,11935,12.363076394339839
4,1.5,1680,7620,1.0,0,0,4,1180,500,1965,47.4578,-122.351,1460,7620,12.718896271958837
3,1.75,1300,11230,1.0,0,0,5,1300,0,1968,47.3811,-122.087,1300,10794,12.354492650648448
4,4.25,4285,9345,2.0,0,0,3,4285,0,2013,47.6332,-122.199,1570,8994,14.452087387035824
3,2.25,2390,2750,2.0,0,0,5,1580,810,1925,47.6339,-122.354,2200,5160,13.726679344257658
4,3.5,3850,8100,2.0,0,1,3,2430,1420,1995,47.6855,-122.19,2620,9346,13.87377946608825
4,2.5,3130,7582,2.0,0,0,3,3130,0,2004,47.577,-122.055,2990,6441,13.407542319637992
2,1.0,1330,4140,1.0,0,0,4,930,400,1919,47.6802,-122.306,1410,5100,13.00245308073177
4,3.75,3770,4000,2.5,0,0,5,2890,880,1916,47.6157,-122.287,2800,5000,14.217636764806924
4,3.5,3390,3979,2.0,0,0,3,2610,780,2014,47.6482,-122.408,3350,4165,13.868757442850647
3,1.0,1250,7560,1.0,0,0,3,1250,0,1959,47.4493,-122.173,1270,7615,12.479909311159902
4,3.5,4540,19767,2.0,0,0,3,4200,340,1998,47.5445,-122.137,3990,12881,13.955272500339433
4,1.75,1690,6000,1.0,0,0,3,1690,0,1957,47.497,-122.227,1350,6000,12.524526376648708
4,2.5,1830,5612,2.0,0,0,3,1830,0,2003,47.3572,-122.015,1830,5998,12.733460357595142
4,4.75,3970,9778,2.0,0,2,4,3390,580,1928,47.6312,-122.366,3970,8460,14.648419680899378
2,2.25,1950,29347,1.0,0,0,3,1350,600,1953,47.739,-122.351,2125,7751,12.989974189358584
4,3.0,2600,29539,1.0,0,0,3,2600,0,1994,47.746,-122.231,1810,11600,13.321214236149494
4,2.5,3700,4500,2.0,0,0,3,3700,0,2007,47.7473,-122.23,3050,5047,13.38472764187182
3,1.0,1710,5992,1.5,0,0,4,1560,150,1928,47.6861,-122.354,1240,3001,13.38472764187182
3,1.75,1920,4500,1.0,0,0,5,960,960,1924,47.6645,-122.357,1190,4000,13.422467969854667
4,2.5,1850,5674,2.0,0,0,3,1850,0,1993,47.3536,-122.142,1750,6875,12.577636201962656
2,1.0,940,5000,1.0,0,0,4,940,0,1937,47.6879,-122.385,1560,4500,12.771386454580234
2,1.0,900,4500,1.0,0,0,3,900,0,1951,47.4881,-122.204,860,4500,12.427214194173711
3,2.25,2300,15952,1.0,0,0,4,1150,1150,1963,47.6322,-122.232,2200,14284,13.815510557964274
3,2.5,1660,7388,2.0,0,0,3,1660,0,2003,47.3865,-122.027,2240,6228,12.538967060803502
4,1.75,2460,5750,1.5,0,3,5,1620,840,1919,47.5601,-122.378,1760,4830,13.422467969854667
3,1.75,1820,5500,1.0,0,0,4,1620,200,1957,47.6737,-122.283,2330,6050,13.399237251139507
3,2.5,1540,7120,1.0,0,0,3,770,770,1938,47.3729,-122.037,1000,6638,13.091904169919621
3,1.75,1770,2800,1.5,0,0,3,1770,0,1914,47.6631,-122.357,1630,3254,13.476535191124942
4,2.5,2770,8879,2.0,0,0,3,2770,0,2001,47.5831,-122.193,2770,8882,14.151982794585487
2,1.0,900,6400,1.0,0,0,5,900,0,1938,47.2113,-121.992,1320,6400,12.233201312918426
3,2.25,2580,6000,2.0,0,0,3,1780,800,1925,47.5778,-122.289,2300,5995,13.407542319637992
3,1.0,1190,8820,1.0,0,0,3,1190,0,1959,47.4616,-122.184,1230,7980,12.0254496453718
2,1.0,950,3060,1.0,0,0,3,810,140,1925,47.6698,-122.323,1510,3780,13.102160670086809
3,2.25,1720,5234,2.0,0,0,3,1240,480,2011,47.5547,-122.278,1720,5825,13.317930160948304
3,1.0,1760,6927,1.0,0,0,3,1050,710,1962,47.7623,-122.2,2060,9120,13.005717195285008
3,1.0,930,3348,1.0,0,0,4,930,0,1926,47.5532,-122.277,1210,3348,13.049792684569493
2,1.0,1170,6000,1.0,0,0,4,970,200,1941,47.6994,-122.354,2130,6002,13.028052697933088
2,1.0,1100,3975,1.0,0,0,3,900,200,1950,47.6701,-122.286,1110,4280,12.886641043883259
4,1.75,1920,3844,1.0,0,0,3,1170,750,1967,47.7041,-122.353,1480,3844,13.126355398673866
3,2.75,3176,13391,2.0,0,3,4,2726,450,1985,47.3429,-122.33,3470,12779,13.615839362835207
2,1.0,670,6300,1.0,0,0,4,670,0,1942,47.5145,-122.374,740,6300,12.513557345278134
4,3.0,3010,6139,2.0,0,4,5,2560,450,1950,47.6799,-122.268,2100,6798,14.03062193758122
4,3.0,2580,5511,2.0,0,0,3,2580,0,1999,47.4286,-122.185,2010,5600,12.821258284620408
5,3.25,3830,6507,2.0,0,0,3,3830,0,2014,47.6843,-122.016,3950,6723,13.770502731727783
8,3.0,2850,12714,1.0,0,0,3,2850,0,1959,47.4859,-122.205,1480,4942,12.829333698625952
2,2.0,1780,3810,1.5,0,0,3,980,800,1922,47.6474,-122.362,1690,3810,13.445895102749807
5,3.5,2450,8193,2.0,0,0,3,2450,0,2005,47.7721,-122.241,2310,8193,13.23560277301084
4,2.25,2040,12000,1.0,0,0,4,1300,740,1963,47.7362,-122.241,1930,12000,13.134291948269603
4,1.0,1610,2982,1.5,0,0,4,1610,0,1925,47.587,-122.294,1610,4040,13.190022025878143
3,3.0,2800,5800,1.0,0,0,3,1580,1220,1953,47.6493,-122.413,2580,5800,13.843125724997247
4,2.5,2390,5071,2.0,0,0,3,1760,630,1988,47.6144,-122.283,1940,5071,13.64709190633931
4,1.0,2140,4217,1.5,0,0,3,1320,820,1925,47.5484,-122.287,1720,5413,12.373703486914124
3,2.0,1780,5720,1.0,0,0,5,980,800,1925,47.6794,-122.351,1620,5050,13.42984807715229
3,1.75,2070,6000,1.0,0,3,3,1340,730,1955,47.5226,-122.382,2200,6000,13.444446876573442
3,1.0,1450,7850,1.5,0,0,5,1450,0,1910,47.4299,-122.199,1360,10400,12.456831363877356
5,3.0,2870,5700,1.0,0,0,3,1950,920,1964,47.6621,-122.33,1730,5529,13.547631112808673
4,2.75,2400,19923,1.0,0,0,5,1320,1080,1953,47.3616,-122.144,2470,10736,12.8802918162046
4,2.75,2830,10240,2.0,0,0,4,2830,0,1998,47.5903,-121.986,3490,10240,13.559327152571864
4,2.5,1750,4779,2.0,0,0,3,1750,0,2009,47.7608,-122.232,1580,4687,12.93723789327764
3,2.25,1530,12000,1.0,0,0,3,1070,460,1979,47.2715,-122.338,2140,13636,12.409013489526863
6,4.5,4520,40164,2.0,0,0,3,3580,940,1953,47.407,-122.216,2870,13068,13.217673557208654
4,2.75,3880,15025,2.0,0,0,3,3880,0,2004,47.6777,-122.035,2620,5300,13.461688683007948
4,1.75,1610,9652,1.0,0,0,5,1610,0,1969,47.3281,-122.135,1220,9800,12.2783933071098
4,3.0,3500,13444,2.0,0,0,3,2360,1140,1977,47.5468,-122.231,3140,12935,13.704578997256993
5,2.5,2250,10400,1.0,0,0,3,1280,970,1973,47.4501,-122.139,2140,9592,12.821258284620408
5,2.75,3550,9600,2.0,0,0,3,3550,0,1960,47.6766,-122.186,3370,9600,13.270783382522602
3,1.0,1470,7680,1.0,0,0,3,1220,250,1946,47.5276,-122.359,1470,6784,12.421184025147118
5,2.75,3300,7560,2.0,0,0,3,3300,0,2007,47.6467,-122.118,3150,8580,13.91535589293399
3,1.75,1000,14061,1.0,0,0,4,1000,0,1967,47.7417,-122.093,1260,12635,12.926319295971837
3,1.0,1010,9450,1.0,0,0,4,1010,0,1959,47.3592,-122.315,1240,9450,11.915051671812877
3,1.5,1500,11975,1.0,0,0,4,1500,0,1970,47.4658,-121.758,1510,13875,12.8790171187726
3,2.5,3240,108366,2.0,0,0,4,3240,0,1991,47.327,-122.094,2090,108366,13.386264921190707
3,2.75,2780,4000,2.0,0,2,5,1960,820,1904,47.6565,-122.355,1490,4800,13.840203170554645
3,1.5,1740,5200,1.0,0,0,4,1060,680,1977,47.3657,-122.094,1540,5200,12.296827008798639
3,2.5,2270,7866,1.0,0,0,4,2270,0,1988,47.5622,-122.022,2580,8132,13.481435445942783
4,1.0,1740,4400,1.5,0,0,3,1740,0,1924,47.6058,-122.3,1590,4400,12.853175887588712
3,2.0,2140,3600,2.0,0,0,3,1680,460,1911,47.5846,-122.383,2340,5400,13.345506928718539
5,3.0,2920,11440,2.0,0,0,3,2920,0,2003,47.7607,-122.354,1720,9348,13.122363377404328
3,2.5,2507,18400,2.0,0,0,3,2507,0,2006,47.2867,-122.27,1520,14709,13.221067790276669
5,3.0,3720,25474,2.0,0,4,3,2090,1630,1986,47.3296,-122.256,1870,14547,13.122363377404328
3,1.75,1400,12155,1.0,0,0,4,1400,0,1977,47.5926,-122.047,2540,23522,13.038981768465277
3,2.25,1560,9706,1.0,0,0,4,1560,0,1963,47.3191,-122.213,1510,9706,12.570715759118084
3,2.25,2050,6648,1.0,0,0,3,1230,820,1990,47.7258,-122.332,1760,7200,13.190022025878143
3,2.5,1610,3755,2.0,0,0,3,1610,0,1987,47.6825,-122.097,1300,3823,12.886641043883259
4,2.25,1840,7575,1.0,0,0,4,1390,450,1973,47.7328,-122.198,1820,7500,13.00019574343012
4,2.0,2208,5000,3.0,0,0,5,2208,0,1917,47.5711,-122.383,1760,5000,13.38472764187182
2,1.0,760,3001,1.0,0,0,3,760,0,1913,47.5874,-122.311,1750,5000,12.611537753638338
3,2.0,1100,6360,1.0,0,0,3,1100,0,1991,47.3878,-122.052,1620,6360,12.388394202324129
3,2.25,1940,7482,1.0,0,0,4,1240,700,1964,47.6004,-122.195,2340,9310,13.36138027787483
3,2.5,2360,9938,1.0,0,0,3,1690,670,1987,47.5374,-122.053,2280,9626,13.256894270361935
3,1.0,1020,9147,1.0,0,0,4,1020,0,1900,47.3127,-122.002,1600,9700,12.273731294003989
5,3.5,3560,5008,2.0,0,0,3,2810,750,2013,47.5542,-122.359,2910,5026,13.33254326232668
4,1.0,2200,12137,1.0,0,4,4,1640,560,1956,47.7473,-122.261,3250,17153,13.42984807715229
3,3.0,1530,9997,1.0,0,0,3,1020,510,1992,47.2861,-122.252,1410,9997,11.944707881395766
4,1.5,1770,6014,1.5,0,0,4,1240,530,1946,47.5773,-122.393,1740,6014,13.304684934198283
5,2.25,3270,16553,2.0,0,2,5,2470,800,1968,47.5428,-122.236,3690,17916,13.981024996441848
2,2.25,1180,1253,2.0,0,0,3,840,340,2008,47.6124,-122.309,1310,1963,12.945626198904275
3,2.5,1880,4200,2.0,0,0,3,1880,0,2007,47.366,-122.017,2090,4200,12.611537753638338
3,1.0,1120,8549,1.0,0,0,3,1120,0,1952,47.6294,-122.205,1440,8640,13.527828485512494
3,2.75,2720,31314,3.0,0,2,3,2720,0,1986,47.3689,-122.163,2290,15188,13.028052697933088
2,2.5,2395,6143,1.0,0,0,3,2395,0,2003,47.7114,-122.029,2170,6162,13.592367006650065
3,2.0,1640,4218,1.0,0,0,4,910,730,1941,47.6546,-122.344,1670,4000,13.37700559577791
2,3.0,2020,5000,1.0,0,0,3,1350,670,1952,47.6758,-122.375,1160,1118,13.517778149658993
4,2.75,2290,21486,1.0,0,2,5,2290,0,1963,47.5515,-122.189,2540,15936,13.345506928718539
5,4.5,4850,10584,2.0,1,4,3,3540,1310,2007,47.5943,-122.11,3470,18270,15.08723546434103
5,1.0,1950,6250,1.5,0,0,4,1450,500,1917,47.5511,-122.386,1950,6250,12.989974189358584
4,2.5,2223,5780,2.0,0,0,3,2223,0,2010,47.3586,-122.157,1690,7766,12.676076274775909
4,1.75,1670,9472,1.0,0,0,3,1100,570,1960,47.5299,-122.357,1080,5195,12.721885810807203
4,3.5,3720,8301,2.0,0,0,3,2880,840,2008,47.5885,-122.199,2080,9676,14.187074114396758
4,2.5,2310,9624,2.0,0,0,3,2310,0,1984,47.5386,-122.053,1940,9636,13.30092788532057
2,2.5,1270,1242,3.0,0,0,3,1270,0,2008,47.701,-122.362,1280,1199,12.759957758756611
4,3.5,3010,174240,2.0,0,0,3,3010,0,2004,47.4775,-121.691,2720,247856,13.49385796594134
4,2.5,2410,6440,1.0,0,0,3,1550,860,1974,47.7153,-122.191,2330,6938,13.16158409055761
3,2.25,1770,7667,1.0,0,0,3,1270,500,1966,47.7724,-122.362,2180,8103,13.16158409055761
4,2.25,2360,4000,2.0,0,0,3,2360,0,2013,47.6198,-122.289,3040,4400,14.077874822431765
2,1.0,890,4730,1.0,0,0,3,890,0,1941,47.6876,-122.341,1330,5904,13.284056966402316
2,1.0,910,4000,1.0,0,0,3,910,0,1918,47.5427,-122.388,1060,1346,12.89921982609012
3,1.0,1070,4000,1.0,0,0,4,1070,0,1971,47.5529,-122.305,1090,4000,12.86099861326992
4,2.5,2040,5508,2.0,0,0,4,2040,0,1996,47.5719,-122.007,2130,5496,13.262125319779487
3,1.0,960,27442,1.0,0,0,4,960,0,1970,47.4676,-122.134,1100,29019,11.828640904934714
4,1.0,1000,7134,1.0,0,0,3,1000,0,1943,47.4897,-122.24,1020,7138,12.013700752882718
3,1.5,1110,1150,2.0,0,0,3,940,170,2007,47.5929,-122.306,1380,1751,12.157407473548894
3,1.75,2590,32380,1.0,0,0,3,2590,0,1951,47.7539,-122.37,2340,28456,13.602317337503232
4,3.0,3060,5000,2.0,0,0,3,3060,0,2001,47.3786,-122.126,3060,5668,12.896716695872
4,2.25,1940,9144,1.0,0,0,4,1430,510,1956,47.5942,-122.135,1460,9437,13.112313041550827
4,2.25,2490,6973,1.0,0,0,4,1490,1000,1953,47.6516,-122.409,1780,5612,13.46453363514018
3,2.5,1690,4988,2.0,0,0,3,1690,0,2002,47.3561,-122.015,1830,4733,12.601487417784837
4,2.5,2480,176418,1.5,0,3,5,2480,0,1927,47.1941,-122.038,1640,112384,13.056223574899784
4,2.75,2510,11880,1.0,0,0,5,1630,880,1978,47.5427,-122.181,2390,11211,13.406037428458571
3,1.0,1660,11200,1.0,0,0,3,1660,0,1957,47.5121,-122.168,1380,10875,12.47227568630483
3,2.0,1420,3600,1.5,0,0,4,1420,0,1904,47.6367,-122.364,1250,3600,13.481435445942783
3,1.5,1730,5750,1.0,0,0,3,1250,480,1947,47.5645,-122.397,1370,5750,13.217673557208654
4,2.75,2500,5100,1.5,0,0,4,1420,1080,1907,47.523,-122.332,1430,5100,12.674512552799726
3,1.5,1770,17208,1.0,0,0,3,1160,610,1959,47.5659,-122.117,2450,17118,13.017002861746503
3,1.75,1120,98445,1.5,0,2,4,1120,0,1917,47.1853,-122.017,1620,34200,12.66349749256905
4,2.25,2440,8098,2.0,0,0,3,2440,0,1983,47.3126,-122.346,2110,7911,12.706847933442663
3,1.0,1070,8179,1.0,0,0,3,1070,0,1949,47.5015,-122.349,1050,8177,12.254862809699606
3,2.5,2340,5171,2.0,0,0,3,2340,0,2013,47.4832,-121.772,2790,5684,12.994507278363448
3,1.0,970,9583,1.0,0,0,4,970,0,1967,47.3044,-122.366,970,7875,12.25462468611234
5,2.75,2760,5000,2.0,0,0,3,2760,0,2005,47.539,-122.188,2870,5030,13.432784936825598
3,1.75,1140,8263,1.0,0,0,5,1140,0,1950,47.7407,-122.327,1140,6770,12.644327576461329
5,3.0,3070,9804,1.0,0,0,4,1740,1330,1968,47.5702,-122.128,2550,9689,13.484224848030362
4,2.5,2080,11050,1.0,0,0,4,2080,0,1969,47.472,-122.119,1850,11050,12.804909146618877
4,2.0,2360,7080,1.0,0,0,5,1180,1180,1925,47.5261,-122.376,1340,7200,13.036805489042683
4,2.25,1750,10270,1.5,0,0,4,1750,0,1968,47.7612,-122.31,1750,10127,12.804909146618877
3,3.0,1390,1080,2.0,0,0,3,1140,250,2006,47.5323,-122.281,1450,1081,12.524526376648708
3,2.5,1280,1889,3.0,0,0,3,1280,0,2009,47.6619,-122.324,1450,1889,13.199324418540456
4,2.5,2260,5172,2.0,0,0,3,2260,0,2004,47.7047,-122.128,2680,5172,13.369223455335854
3,2.5,2080,3920,2.0,0,0,3,2080,0,2010,47.5412,-122.286,2110,3710,13.013663960480988
5,3.0,2140,5937,1.0,0,0,3,1280,860,1978,47.5459,-122.27,1820,6710,12.815232055211165
4,3.0,2370,8154,1.0,0,0,3,1380,990,1977,47.7258,-122.306,2100,8148,13.166380262821104
1,1.0,730,1942,1.0,0,0,3,730,0,2008,47.5939,-122.299,1020,2183,12.68075282265981
3,1.5,1560,6774,1.0,0,0,4,1060,500,1927,47.7024,-122.35,1320,3844,12.821258284620408
3,1.75,1070,9000,1.0,0,0,4,1070,0,1978,47.6984,-122.132,1700,8400,12.798017320580957
4,2.0,1650,4745,1.0,0,0,3,1130,520,1972,47.7359,-122.18,1650,5184,12.983101310070822
3,2.5,1590,7819,2.0,0,0,3,1590,0,1992,47.4367,-122.199,1790,7733,12.730801174465157
4,3.0,2320,4468,2.0,0,0,3,2160,160,1999,47.546,-122.009,2330,3541,13.365309556014719
3,1.75,1330,9143,1.0,0,0,3,1330,0,1960,47.5538,-122.176,1950,10384,12.89921982609012
3,2.5,1410,1332,2.0,0,0,3,960,450,2014,47.5683,-122.314,1410,1343,12.59642411582829
4,3.5,4120,7304,2.0,0,0,3,3070,1050,2006,47.681,-122.167,2470,9600,13.783950745035533
4,2.5,2580,4818,2.0,0,0,3,2580,0,2005,47.3607,-122.038,2570,5386,12.84779494409793
3,2.0,2050,9396,1.0,0,0,5,1170,880,1960,47.7447,-122.328,1680,9391,12.899094818276968
3,1.0,1250,13503,1.5,0,0,4,1250,0,1931,47.526,-121.829,1450,13503,12.54966234992025
6,4.0,5110,7128,2.5,0,0,4,5110,0,1906,47.6285,-122.304,4110,6480,14.576316386998034
4,2.5,2240,9934,1.0,0,0,4,1490,750,1968,47.6147,-122.166,2640,11622,13.38472764187182
3,2.25,1740,10378,1.0,0,0,5,1740,0,1977,47.3815,-122.09,1420,10167,12.449018824140563
2,1.0,2410,5930,2.0,0,0,3,1930,480,2007,47.5657,-122.395,1540,5892,13.493926933836812
2,2.5,1700,6635,2.0,0,0,4,1700,0,1976,47.6655,-122.13,1700,6635,12.916568464424731
3,2.0,1160,7217,1.0,0,0,3,1160,0,1969,47.7279,-122.227,1870,9104,12.631340380934517
5,2.5,3750,91681,2.0,1,4,3,3750,0,1925,47.5379,-122.264,3540,24293,14.881255243006766
2,1.0,1320,3090,1.0,0,0,4,1320,0,1908,47.5517,-122.276,1270,4120,12.850964019126442
2,1.75,1070,9750,1.5,0,0,3,1070,0,1995,47.7131,-121.319,970,9750,12.392552212472792
3,1.75,1990,9885,1.0,0,0,4,1030,960,1978,47.6722,-122.162,1560,10000,12.989974189358584
3,2.0,1460,2610,2.0,0,0,3,1460,0,1987,47.6864,-122.345,1320,3000,13.003579841414362
3,1.0,1190,11120,1.0,0,0,3,1190,0,1947,47.5687,-121.898,1230,12720,12.468436909997665
3,2.5,1480,1531,3.0,0,0,3,1480,0,2014,47.669,-122.402,1530,1321,13.302933401159477
2,1.75,1310,3816,1.0,0,0,2,1110,200,1929,47.679,-122.368,1510,3816,13.132313708257497
3,1.75,1800,10200,1.0,0,0,3,1800,0,1967,47.4496,-122.146,2140,10128,13.00019574343012
3,1.0,1240,11108,1.0,0,0,4,1240,0,1952,47.4465,-122.354,2220,16533,12.873902018105829
5,3.25,4410,58157,2.0,0,0,4,2330,2080,2001,47.4395,-122.111,2460,42565,13.304684934198283
2,1.0,1530,4370,1.0,0,0,3,1130,400,1946,47.6888,-122.308,1580,4275,13.036696550647237
3,2.0,2290,9450,1.0,0,0,3,1670,620,1979,47.5692,-122.1,2750,11700,13.244581010128577
3,3.25,1280,1730,2.0,0,0,3,1090,190,2005,47.7032,-122.36,1280,2121,12.834681304952548
5,2.5,2070,12000,1.0,0,0,4,1340,730,1967,47.626,-122.104,2090,12000,13.32612021491835
3,1.0,1110,9827,1.0,0,0,3,1110,0,1966,47.369,-122.311,1540,10187,12.287652632522597
4,2.0,1510,3500,1.5,0,0,5,1510,0,1911,47.6794,-122.357,1820,3750,13.581685158303204
4,2.5,3130,12463,1.0,0,0,4,1620,1510,1978,47.569,-122.127,2740,11779,13.422467969854667
4,2.0,1560,8250,1.0,0,0,3,1320,240,1964,47.7565,-122.358,1870,8258,12.89921982609012
2,1.0,910,9612,1.0,0,0,4,910,0,1981,47.4297,-122.152,1410,9611,12.323855681186558
4,3.5,4610,11676,2.0,0,0,3,4610,0,2000,47.6011,-121.983,3900,11164,13.77468856344402
3,1.0,950,5214,1.0,0,0,3,830,120,1944,47.5362,-122.379,1490,7636,12.71589776896258
3,2.25,1400,3825,2.0,0,0,3,1400,0,2012,47.3596,-122.082,2110,3825,12.506177237980511
2,1.5,830,1333,2.0,0,0,3,830,0,2005,47.5506,-122.381,1120,4822,12.616525295149378
4,2.5,1450,3600,1.5,0,0,3,1250,200,1902,47.5985,-122.298,1680,3600,12.973863369085885
3,2.5,2340,4200,1.5,0,0,3,1540,800,1906,47.6033,-122.303,1590,4200,13.217673557208654
2,2.0,1660,5200,1.0,0,0,5,1120,540,1906,47.6871,-122.334,1260,5160,13.306599766403055
3,2.5,1720,3012,2.0,0,0,3,1720,0,2011,47.7312,-122.334,1720,7658,13.122363377404328
1,1.0,800,16306,1.0,0,0,2,680,120,1931,47.4916,-122.308,1270,8666,12.429216196844383
3,1.75,1670,7210,1.0,0,0,5,1670,0,1967,47.6344,-122.116,2200,7210,13.426902566922532
5,4.25,3920,5823,2.0,0,0,3,3000,920,2000,47.5492,-122.008,3000,5297,13.626164386233356
2,1.0,1230,6600,1.0,0,0,3,1130,100,1906,47.5573,-122.282,1260,5060,12.994530005894443
3,1.75,1950,19747,1.0,0,0,3,1150,800,1979,47.7685,-122.162,2560,9674,12.994530005894443
4,2.5,2640,5595,2.0,0,0,3,2640,0,2011,47.3551,-122.054,1840,5011,12.8687348450774
3,2.5,1690,10113,1.0,0,0,3,1310,380,1991,47.7381,-122.223,1690,10113,12.873902018105829
5,3.75,5340,10655,2.5,0,3,4,3740,1600,1912,47.5795,-122.285,3910,9418,14.555064111338375
4,2.5,2290,8796,2.0,0,0,3,2290,0,1994,47.3762,-122.318,2130,8796,12.765402678355779
2,1.0,800,8775,1.0,0,0,3,800,0,1942,47.7171,-122.307,1470,8976,12.775638764318764
3,2.5,1300,877,2.0,0,0,3,1060,240,2008,47.6591,-122.392,1320,1414,12.94084150078094
4,2.75,2630,4501,2.0,0,0,3,2630,0,2015,47.7748,-122.244,2380,4599,13.337458627858942
2,1.0,910,4800,1.0,0,0,4,910,0,1923,47.5536,-122.377,1450,5000,12.953944725779365
4,1.75,1590,10523,2.0,0,0,4,1590,0,1922,47.7358,-122.342,1610,8568,12.827992316801751
3,2.25,3060,16000,2.0,0,0,3,3060,0,1988,47.6189,-122.23,3510,13162,14.381960085478262
4,1.75,2780,9900,2.0,0,0,4,2780,0,1978,47.6348,-122.06,2600,12000,13.399995114002609
2,1.0,950,9000,1.0,0,0,3,950,0,1924,47.5219,-122.361,1000,8280,12.170445467887022
4,2.5,2440,4000,2.0,0,0,3,2440,0,2009,47.3841,-122.036,2410,4502,12.765688433465597
4,2.25,2450,34092,2.0,0,0,4,2450,0,1980,47.5751,-122.049,2410,35378,13.432784936825598
3,1.0,1110,4800,1.5,0,0,3,1110,0,1946,47.6857,-122.378,1510,4320,13.184398768323781
3,1.75,1840,5101,1.0,0,0,5,1040,800,1952,47.5585,-122.317,1340,5000,12.9280866413911
4,2.75,3160,37200,2.0,0,3,3,2310,850,1939,47.7214,-122.285,3130,20000,13.7557605535585
2,1.0,1020,5130,1.0,0,0,4,1020,0,1948,47.301,-122.226,1200,6497,12.072541252905651
3,1.0,1120,10576,1.0,0,0,4,1120,0,1969,47.7575,-122.072,1300,10000,12.676076274775909
5,1.0,2010,5210,1.5,0,0,3,1890,120,1927,47.6501,-122.37,2330,5000,13.815510557964274
3,2.5,2640,13775,1.0,0,0,3,1550,1090,1978,47.5875,-122.177,2120,12432,13.180632285528304
4,2.75,1830,7315,1.0,0,0,5,1250,580,1979,47.2989,-122.38,1730,7208,12.479909311159902
4,3.0,3250,2760,2.5,0,0,3,2420,830,1905,47.6104,-122.303,1260,2780,13.66874917656887
4,3.5,3840,4000,2.0,0,0,3,2640,1200,2001,47.6642,-122.291,1620,4000,13.62906049058654
3,1.0,1160,8800,1.0,0,0,4,1160,0,1959,47.6112,-122.128,1750,8400,13.081541382884074
4,2.75,5440,239580,1.0,0,0,2,2720,2720,1969,47.354,-122.293,1970,40392,13.652991628466498
3,2.5,1920,144619,1.0,0,0,3,1920,0,2014,47.2683,-121.946,2010,48787,13.049792684569493
3,1.75,1050,7854,1.0,0,0,4,1050,0,1975,47.3011,-122.369,1360,7668,12.377922902456833
4,2.5,3180,15358,2.0,0,0,3,3180,0,1988,47.5172,-122.053,3020,15522,13.560618308335483
4,2.75,2230,10160,1.0,0,0,3,1400,830,1968,47.5123,-122.32,1740,10080,12.542544882151386
3,2.5,2870,7288,2.0,0,0,3,2870,0,2012,47.7745,-122.225,2870,5998,13.38472764187182
3,1.75,2010,9417,1.0,0,0,4,1500,510,1967,47.373,-122.185,1200,8250,12.721885810807203
3,1.0,1580,7424,1.0,0,0,3,1010,570,1962,47.4607,-122.171,1710,7772,12.628067055589549
4,2.25,1810,7068,2.0,0,0,5,1810,0,1976,47.7319,-122.204,1460,7274,13.091904169919621
4,2.5,2790,10289,2.0,0,0,3,2790,0,1987,47.5483,-122.158,2650,10126,13.797346587336603
5,2.75,3130,9450,1.0,0,0,4,1580,1550,1973,47.3099,-122.384,1900,9000,12.619175180767549
4,2.75,3040,7274,2.0,0,3,3,2320,720,1986,47.7184,-122.28,2830,10080,13.369223455335854
4,2.25,3260,4640,2.0,0,0,5,2360,900,1907,47.6272,-122.312,3240,5800,14.099184609018517
3,1.75,2210,7920,1.0,0,0,3,1400,810,1966,47.4968,-122.237,2220,7920,12.745485726148077
4,2.5,2490,8290,2.0,0,0,3,2490,0,1999,47.3305,-122.171,2690,7008,12.873902018105829
2,1.0,880,3300,1.0,0,0,4,880,0,1909,47.6566,-122.36,1960,5500,13.038981768465277
3,1.75,2440,10179,1.0,0,0,4,1220,1220,1962,47.4118,-122.314,1650,9711,12.544329003944888
2,1.0,810,7440,1.0,0,0,5,810,0,1948,47.7346,-122.352,830,7500,12.9190224533863
4,2.75,1990,7252,1.0,0,0,3,1270,720,1999,47.2839,-122.202,2100,7535,12.506177237980511
4,2.5,1960,11600,1.0,0,0,5,980,980,1931,47.2898,-122.222,1160,7685,12.2783933071098
3,2.5,3060,7831,2.0,0,2,3,3060,0,2004,47.5401,-121.861,3140,7438,13.38472764187182
4,3.25,3720,6765,2.0,0,0,3,3720,0,2012,47.688,-122.018,3100,6790,13.769466619462868
3,1.0,1340,21336,1.5,0,0,4,1340,0,1945,47.4023,-122.273,1340,37703,12.546109948315882
3,2.25,1760,2122,3.0,0,0,3,1760,0,2015,47.5633,-122.385,1420,1618,13.375376362320816
5,1.0,1680,9383,1.0,0,0,3,1400,280,1929,47.7523,-122.311,1680,9458,12.520883385370206
4,2.25,1780,2684,2.0,0,0,3,1780,0,2002,47.7642,-122.149,1670,2426,12.983101310070822
4,2.5,2120,3640,2.0,0,0,3,2120,0,2005,47.5521,-121.996,2190,3640,13.303016877097587
3,2.5,2210,10119,1.0,0,0,4,1450,760,1966,47.3783,-122.22,2110,10119,12.608198852372823
3,1.75,1660,4800,2.0,0,0,3,1660,0,1906,47.6296,-122.308,1660,4800,13.345506928718539
6,4.0,5310,12741,2.0,0,2,3,3600,1710,1967,47.5696,-122.213,4190,12632,13.864300722133706
3,2.5,2810,4984,1.0,0,0,3,1750,1060,2006,47.4461,-122.209,2810,5711,13.081437210791684
4,3.25,2500,5801,1.5,0,0,3,1960,540,1926,47.632,-122.29,3670,7350,13.948291669198092
4,3.5,2370,3692,2.5,0,0,3,2370,0,2013,47.5044,-122.17,2520,5425,12.89921982609012
4,1.0,1390,18000,1.0,0,0,3,1390,0,1955,47.3885,-122.284,1390,18000,12.363076394339839
3,2.75,1960,2500,1.5,0,0,5,1410,550,1926,47.6744,-122.353,2040,5000,13.303016877097587
3,1.75,1870,8400,1.0,0,0,3,990,880,1977,47.454,-122.164,1750,8400,12.661913960963405
3,1.5,1780,23819,1.0,0,0,3,1780,0,1953,47.4912,-122.312,1130,14450,12.4130868149145
3,2.25,1190,1149,2.0,0,0,3,1050,140,2008,47.5818,-122.387,1210,1316,12.89921982609012
3,1.0,1720,9605,1.0,0,0,3,860,860,1969,47.7439,-122.242,1720,9998,12.542544882151386
4,2.0,1200,8460,1.0,0,0,5,1200,0,1957,47.4413,-122.277,1350,8623,12.061046873479915
3,2.0,1340,1480,3.0,0,0,3,1340,0,1997,47.6904,-122.393,1340,1321,12.818551923022664
4,1.75,1400,8374,1.0,0,0,3,1400,0,1953,47.4735,-122.344,1420,8360,12.736700896592344
4,2.5,1580,7800,1.0,0,0,4,1580,0,1959,47.481,-122.163,1320,7800,12.449018824140563
4,2.5,2550,56628,2.0,0,0,3,2550,0,2001,47.4913,-122.081,1870,56628,13.262125319779487
3,2.5,2970,23100,1.0,0,0,3,1510,1460,1967,47.7735,-122.133,2390,20300,12.89921982609012
3,1.75,1600,10530,1.0,0,2,3,1600,0,1962,47.7437,-122.291,2590,8274,13.239257128875828
4,2.0,2280,39848,2.0,0,0,4,2280,0,1991,47.5003,-122.465,1900,38472,12.939641740589034
4,2.25,1995,7102,2.0,0,0,4,1995,0,1981,47.2986,-122.37,1880,7950,12.491251587763836
3,1.0,920,6750,1.0,0,0,4,920,0,1951,47.6322,-122.212,1460,8933,13.38472764187182
3,2.5,1730,4408,2.0,0,0,3,1730,0,1996,47.5683,-122.005,1730,4408,13.005829561148378
3,1.75,1630,11475,1.0,0,0,4,1330,300,1979,47.4635,-121.746,1630,11475,12.637855061955712
3,2.5,1489,3266,2.0,0,0,3,1489,0,2014,47.3452,-122.217,1537,3273,12.45254202214788
4,2.75,2340,6350,1.0,0,0,4,1310,1030,1974,47.5559,-122.379,2020,6350,13.37700559577791
2,1.5,1220,8409,1.0,0,0,4,1220,0,1948,47.7534,-122.324,1130,8409,12.668233097314884
4,3.25,4160,35654,2.0,0,0,3,2760,1400,1973,47.4683,-122.008,2500,35675,13.180632285528304
4,2.5,1540,1994,2.0,0,0,3,1540,0,2014,47.5526,-121.999,1540,1689,12.994507278363448
4,4.25,3650,5328,1.5,0,0,3,2330,1320,1907,47.638,-122.362,1710,3600,14.233319170603677
3,2.5,1700,9100,1.0,0,0,3,1160,540,1998,47.5369,-122.378,1590,8374,13.071070083016778
3,1.75,1300,5413,1.5,0,0,3,1300,0,1925,47.6988,-122.32,1590,6380,13.19188944005294
3,1.0,1150,11396,1.5,0,0,4,1150,0,1950,47.7435,-122.296,1600,8146,12.77846362495432
2,1.0,700,8174,1.0,0,0,3,700,0,1941,47.5136,-122.349,1250,8046,12.072541252905651
3,1.0,960,213008,1.0,0,0,2,960,0,1933,47.5621,-121.862,1520,57499,12.206072645530174
4,2.25,2192,12128,2.0,0,0,3,2192,0,2006,47.3644,-122.2,1914,4649,12.644327576461329
5,2.75,3010,4919,2.0,0,0,3,3010,0,2014,47.6067,-122.052,3230,5415,13.631044302948379
4,1.75,1670,8000,1.0,0,0,4,1670,0,1974,47.3193,-122.383,1720,8000,12.500606192931057
3,2.0,1130,7200,1.0,0,0,4,1130,0,1944,47.4779,-122.342,1270,7500,12.478006361013815
2,1.0,1000,31838,1.0,0,0,3,1000,0,1962,47.4789,-121.779,1490,39747,12.564795491086207
2,1.0,950,8100,1.0,0,0,3,950,0,1955,47.4572,-122.351,1620,7630,12.206072645530174
3,1.0,1580,8240,1.0,0,0,4,1040,540,1978,47.3542,-122.181,1480,9200,12.441144767709657
4,1.0,1920,13787,1.0,0,0,4,1220,700,1966,47.4502,-122.277,1490,11200,12.043553716032399
2,2.5,1050,1029,2.0,0,0,3,950,100,2007,47.6018,-122.299,1350,3600,12.715561376052493
4,3.25,3380,7500,2.0,0,3,3,2420,960,1990,47.4092,-122.33,1920,7500,12.70076888736628
4,2.75,1660,5150,1.5,0,0,5,1280,380,1928,47.6835,-122.362,1490,4017,13.437174117244362
3,1.0,1060,10023,1.0,0,0,3,1060,0,1962,47.2869,-122.36,1060,10023,12.040608205802641
3,2.5,2280,12498,2.0,0,0,4,2280,0,1987,47.5688,-122.014,2330,8844,13.235692062711331
3,2.0,1540,3600,2.0,0,0,3,1540,0,1900,47.6343,-122.283,2970,3600,13.652991628466498
5,2.25,2350,13000,1.0,0,0,3,2350,0,1961,47.4939,-122.256,1570,11440,12.533770787832148
5,1.5,1720,4000,1.5,0,0,3,1520,200,1925,47.6197,-122.287,2280,4000,13.434250138552928
3,2.5,1714,3240,2.0,0,0,3,1714,0,2005,47.4288,-122.19,1714,3240,12.628067055589549
3,1.0,1500,6250,1.0,0,0,3,890,610,1945,47.5365,-122.368,1210,6250,12.517227074167097
6,1.75,2400,7500,1.5,0,0,3,1400,1000,1975,47.7661,-122.313,1980,7500,13.120361374733656
2,2.0,1490,1627,2.0,0,0,3,1190,300,2009,47.5455,-122.375,1400,1498,12.697715449879391
3,2.5,1850,7777,2.0,0,0,5,1850,0,1989,47.6908,-122.169,1850,8482,13.34230179776959
3,1.75,1250,4120,1.0,0,0,4,980,270,1925,47.685,-122.36,1250,4120,13.269920941761944
3,1.5,1550,40752,1.0,0,0,5,1550,0,1954,47.394,-122.202,1550,8000,12.765688433465597
4,3.0,3310,4500,2.5,0,0,5,2910,400,1900,47.6594,-122.345,1440,3750,13.627975434117433
4,2.0,2970,5400,2.5,0,0,4,2970,0,1900,47.6235,-122.309,2500,5040,14.04662227892766
4,3.5,3670,4960,2.0,0,0,3,2870,800,2005,47.7022,-122.374,1520,6335,13.58735446482652
4,3.0,1890,13140,1.0,0,0,4,1270,620,1967,47.5221,-122.044,1900,11160,13.017002861746503
3,2.5,2170,8169,2.0,0,0,3,2170,0,2003,47.4833,-122.139,2240,6733,12.999630612022031
3,2.25,2680,10440,1.0,0,1,3,1540,1140,1963,47.561,-122.398,2140,7560,13.488394416267086
3,2.5,2000,7205,2.0,0,0,3,2000,0,1998,47.3499,-122.302,2180,7611,12.691580461311874
3,2.25,1700,2800,2.0,0,0,5,1150,550,1926,47.6819,-122.311,1500,3400,13.309672475709322
4,2.5,2050,6705,1.0,0,0,4,1230,820,1973,47.7242,-122.217,1610,7292,13.079455876393052
2,1.75,1120,758,2.0,0,0,3,1120,0,2012,47.5325,-122.072,1150,758,12.628067055589549
2,2.5,1150,2064,2.0,0,0,3,1150,0,2004,47.3516,-122.292,1880,2855,12.274198474577775
3,2.0,1430,4200,1.0,0,0,4,830,600,1908,47.6462,-122.384,1540,5000,12.751299696013497
3,2.0,1230,3405,1.0,0,0,3,1230,0,2010,47.438,-122.179,1440,4066,12.594730635321957
3,2.5,1930,7266,2.0,0,0,3,1930,0,2005,47.7191,-122.309,1930,7266,13.102160670086809
2,1.0,1510,4000,1.0,0,0,3,930,580,1924,47.6917,-122.38,1300,4000,13.122363377404328
3,1.75,2092,250905,1.0,0,0,3,2092,0,1981,47.2664,-122.027,2092,217800,12.873902018105829
4,2.5,1790,19177,1.0,0,0,4,1790,0,1966,47.3617,-122.172,1760,11726,12.408809387066722
4,2.25,3180,13653,2.0,0,0,3,3180,0,1978,47.6316,-122.05,2910,12350,13.399995114002609
4,2.5,2430,42646,1.0,0,0,3,1450,980,1989,47.6164,-121.953,2000,38159,13.102160670086809
3,2.5,2170,9798,2.0,0,0,3,2170,0,1995,47.3817,-122.023,2020,8121,12.736700896592344
3,1.0,1050,5500,1.0,0,0,3,930,120,1920,47.5402,-122.38,1410,5834,12.983101310070822
3,2.0,1190,4072,1.5,0,0,5,1190,0,1907,47.5276,-122.274,1680,5850,12.409013489526863
3,2.0,1730,6007,1.0,0,0,3,1730,0,2004,47.3573,-122.2,2000,6245,12.608198852372823
2,1.5,1000,1251,2.0,0,0,3,930,70,2006,47.6529,-122.384,1420,1187,12.840000466430148
4,1.75,2430,14000,1.0,0,0,4,1580,850,1963,47.6554,-122.134,1910,8285,13.308012724290958
2,1.0,720,8040,1.0,0,0,3,720,0,1943,47.4662,-122.359,2300,9500,12.254862809699606
2,1.0,820,16030,1.0,0,0,4,820,0,1923,47.2039,-122.003,1880,14046,12.128111104060462
6,5.0,2850,6600,2.0,0,0,3,2850,0,1994,47.6813,-122.187,1870,9900,13.39239051461739
2,2.25,1140,1332,3.0,0,0,3,1140,0,1999,47.6543,-122.356,1140,1267,13.073173133213556
4,1.0,1150,2560,1.5,0,0,3,1150,0,1909,47.6368,-122.355,1890,3000,13.091904169919621
4,3.5,3640,4983,2.0,0,3,3,2790,850,2014,47.5619,-122.027,3270,14700,13.70558407858567
3,2.5,1790,6371,2.0,0,0,3,1790,0,1998,47.3291,-122.168,1850,6371,12.513557345278134
3,1.5,1470,14821,1.0,0,0,4,1470,0,1958,47.3658,-122.148,1760,15370,12.483704382128453
3,2.25,1640,6044,2.0,0,0,3,1640,0,1996,47.2844,-122.205,1600,7418,12.524526376648708
4,2.75,3140,7258,2.0,0,1,3,3140,0,2006,47.7064,-122.232,2990,13600,13.732128949025222
3,1.5,1800,12196,1.0,0,0,4,1800,0,1966,47.333,-122.345,1490,11730,12.628067055589549
4,3.5,2760,5040,2.0,0,2,3,2760,0,1955,47.6756,-122.401,2370,5760,13.914441447807139
4,2.75,2910,7467,2.0,0,0,3,2910,0,2013,47.4841,-121.772,2790,7868,13.130446619797462
4,1.0,1480,8321,1.0,0,0,3,1080,400,1953,47.7629,-122.318,1580,8502,12.959844447906553
4,2.75,2730,6856,2.0,0,0,3,2730,0,2003,47.7739,-122.164,2520,5569,13.244581010128577
3,1.0,1080,8100,1.0,0,0,4,1080,0,1955,47.777,-122.307,1080,8100,12.733755386362587
3,2.5,3110,217800,2.0,0,0,3,3110,0,2001,47.3281,-122.124,2220,217800,13.233904752137237
4,2.25,2510,4090,2.0,0,0,3,1840,670,2012,47.7345,-121.967,2070,4090,12.92391243868049
3,1.0,1470,8200,1.0,0,0,3,1040,430,1953,47.7347,-122.302,1420,8200,12.577636201962656
3,1.75,1330,9831,1.0,0,0,3,1330,0,1987,47.3304,-122.277,1330,7500,12.421184025147118
4,3.0,3720,29043,2.0,0,0,3,3720,0,1991,47.6907,-122.161,1610,23000,13.661193197579918
5,2.25,3120,16672,2.0,0,0,4,3120,0,1969,47.6458,-122.219,3740,17853,14.47819853103951
4,2.75,4030,10240,2.0,0,2,3,3310,720,1943,47.7168,-122.365,2490,7680,13.635187003832993
1,1.0,1220,12426,1.0,0,4,4,1220,0,1946,47.4047,-122.331,2770,22270,12.691580461311874
3,1.5,1060,5750,1.0,0,0,2,1060,0,1981,47.5532,-122.372,1060,5750,12.666657052859417
4,2.5,2750,6259,2.0,0,0,3,2750,0,2002,47.3304,-122.179,2810,6824,12.793859310432293
3,1.75,1760,26055,1.0,0,0,3,920,840,1979,47.3664,-122.1,1350,13475,12.323855681186558
3,1.0,1490,8239,1.0,0,0,4,1490,0,1963,47.306,-122.37,1200,8470,12.235388699864227
3,1.75,1830,9758,1.0,0,0,3,1300,530,1977,47.7107,-122.23,1850,8000,12.971424201839042
4,1.0,2590,18224,1.5,0,0,4,2000,590,1911,47.5318,-122.286,1800,7080,13.060487973686241
5,2.75,2830,5310,2.0,0,0,3,2830,0,2006,47.7074,-122.101,3150,6581,13.493926933836812
3,3.75,3250,5797,2.0,0,2,4,2370,880,1951,47.6481,-122.405,1840,5797,13.782470703886075
3,1.5,1780,5000,1.0,0,4,4,1030,750,1958,47.5168,-122.256,1780,7500,12.948009990259552
3,2.5,2150,7484,2.0,0,0,3,2150,0,1988,47.6191,-122.043,2150,6879,12.816517334324876
5,2.5,2250,7945,1.0,0,0,4,1360,890,1977,47.7316,-122.221,1820,7866,13.010202010515998
3,2.25,3340,13805,1.0,0,0,3,3340,0,1950,47.744,-122.292,2060,12304,13.415032991367148
3,2.25,1330,1198,2.0,0,0,3,1080,250,2007,47.555,-122.362,1260,1062,12.691580461311874
4,2.5,2370,9517,1.0,0,0,3,1630,740,1984,47.6222,-122.034,2440,9035,13.39239051461739
2,1.0,750,5379,1.0,0,0,3,750,0,1919,47.5324,-122.272,1030,5511,12.644327576461329
3,2.5,2550,4240,2.0,0,0,3,2550,0,2006,47.3986,-122.169,2550,4240,12.691580461311874
3,1.75,1590,11914,1.0,0,2,3,1090,500,1957,47.4427,-122.274,1630,9052,12.496874845318198
3,1.75,1400,6750,1.0,0,0,3,1040,360,1975,47.717,-122.226,1860,7480,13.010313873595706
3,2.25,1380,1621,2.0,0,0,3,1140,240,2007,47.678,-122.375,1460,1403,13.071070083016778
3,2.75,1940,3088,2.0,0,3,3,1770,170,2008,47.5185,-121.878,1410,2335,12.961231720492929
2,1.0,810,6827,1.0,0,0,3,810,0,1944,47.5495,-122.357,990,6827,12.691580461311874
5,2.75,2920,11880,1.0,0,0,5,1660,1260,1968,47.5133,-122.031,3910,14491,13.652991628466498
4,2.75,2950,5803,2.0,0,0,3,2950,0,2007,47.7368,-122.231,2940,5803,13.304684934198283
3,2.5,2030,8398,2.0,0,0,4,2030,0,1975,47.6272,-122.095,2450,8104,13.458835614025542
4,3.5,3910,8095,2.0,0,0,3,3130,780,2007,47.5588,-122.036,3770,7021,13.569610019527449
3,3.0,2290,1407,2.5,0,0,3,1890,400,2014,47.5446,-122.017,2230,1407,13.36138027787483
4,1.5,2120,5000,2.0,0,0,4,2120,0,1900,47.6024,-122.296,1830,5000,13.345506928718539
2,1.0,750,5534,1.0,0,0,3,750,0,1947,47.7017,-122.36,1050,5534,12.691580461311874
1,0.75,520,12981,1.0,0,0,5,520,0,1920,47.2082,-121.995,1340,12233,12.476099782743233
3,1.75,1560,5223,1.0,0,0,4,810,750,1940,47.7175,-122.288,1440,8491,12.899094818276968
3,2.0,1620,9566,1.0,0,0,4,1620,0,1968,47.474,-122.146,1660,10011,12.8554769031422
2,1.0,1110,6411,1.0,0,0,3,1110,0,1944,47.4962,-122.242,1150,6504,12.31447851937396
2,1.5,1320,73600,1.0,0,0,3,1320,0,1993,47.2755,-122.271,1320,33600,12.765688433465597
2,1.0,1300,11400,1.0,0,0,3,1300,0,1961,47.3459,-122.299,1360,9750,12.043553716032399
4,2.25,2130,8499,1.0,0,0,4,1600,530,1975,47.3657,-122.21,1890,11368,12.691580461311874
0,0.0,290,20875,1.0,0,0,1,290,0,1963,47.5308,-121.888,1620,22850,11.863582336583399
3,1.5,2100,10000,1.0,0,0,4,2100,0,1954,47.4222,-122.331,1300,7500,12.409013489526863
3,3.5,1650,2262,3.0,0,0,3,1650,0,2010,47.6823,-122.347,1620,3166,13.213117740672793
3,2.25,1410,1287,2.0,0,0,3,1290,120,2005,47.5344,-122.068,1490,1435,12.84660987581782
4,3.25,4160,47480,2.0,0,0,3,4160,0,1995,47.7266,-122.115,3400,40428,13.85952744338105
5,2.75,3390,5211,2.0,0,0,3,3390,0,2004,47.5977,-121.981,3210,5211,13.507625778194974
3,2.25,2860,8458,2.0,0,0,3,2860,0,1983,47.4269,-122.148,1760,8458,12.80765263256463
3,1.75,1650,5000,1.5,0,0,4,1650,0,1900,47.6743,-122.371,1630,5000,13.500799813124575
5,2.5,2510,8050,1.0,0,0,4,1490,1020,1977,47.7212,-122.172,1840,8471,13.071070083016778
4,3.0,2130,4838,1.5,0,0,4,2130,0,1930,47.4871,-122.203,1070,4838,12.821258284620408
2,2.25,860,696,2.0,0,0,3,860,0,2009,47.5663,-122.29,1100,3000,12.751299696013497
4,2.5,2400,8320,2.0,0,0,3,2400,0,1999,47.4808,-121.781,2430,9258,13.152028970060078
4,2.5,1840,4593,2.0,0,0,3,1840,0,2010,47.6866,-122.013,1740,3600,12.969212197910155
3,2.0,1680,11250,1.0,0,0,4,1680,0,1967,47.4861,-121.786,1760,12160,13.017002861746503
4,2.75,3190,9023,2.0,0,0,3,3190,0,2005,47.5898,-121.989,3159,5615,13.527828485512494
5,2.75,2510,28185,1.0,0,0,4,1600,910,1963,47.7719,-122.282,2910,14880,13.253303916664924
3,2.0,1940,4500,1.0,0,3,3,1090,850,1926,47.6659,-122.359,1700,4500,13.458835614025542
2,1.0,710,7200,1.0,0,0,3,710,0,1943,47.4903,-122.245,960,7200,12.2783933071098
4,2.5,2370,6500,2.0,0,0,3,2370,0,1998,47.3328,-122.173,2590,6137,12.70076888736628
2,2.25,1320,1034,3.0,0,0,3,1320,0,1996,47.7039,-122.344,1330,1206,12.624782980388359
3,1.75,2610,117176,1.0,0,0,3,1390,1220,1981,47.2585,-121.925,2140,142005,12.842649474601725
3,3.25,3620,4000,2.0,0,0,3,2730,890,2005,47.6393,-122.403,1910,5000,13.830399170458024
3,2.75,2190,7258,2.0,0,0,3,2190,0,2000,47.3486,-122.301,2190,8645,12.751299696013497
4,2.5,3060,10043,1.0,0,0,4,1700,1360,1968,47.7387,-122.337,1630,8296,13.071070083016778
3,2.5,2460,5400,1.0,0,0,4,1520,940,2001,47.5231,-122.202,1745,5400,13.047639831208393
3,2.5,1800,3265,2.0,0,0,3,1800,0,2014,47.5338,-121.841,1800,3663,12.989330146390989
3,1.5,1650,8676,1.0,0,0,4,1130,520,1979,47.7471,-122.352,1400,8499,12.873902018105829
1,0.75,840,7203,1.5,0,0,3,840,0,1949,47.4756,-122.301,1560,8603,12.319401330837177
4,2.25,2020,5600,1.0,0,2,4,1210,810,1961,47.6821,-122.267,2660,6050,13.604789526648622
3,1.0,890,4810,1.0,0,0,3,890,0,1910,47.5153,-122.266,1230,6057,11.941455846009388
3,1.5,1400,9600,1.0,0,0,4,1400,0,1964,47.2878,-122.297,2210,15000,12.254862809699606
3,1.5,1490,9630,1.0,0,0,4,1490,0,1959,47.7623,-122.256,1960,10469,12.86099861326992
3,1.0,1460,7200,1.0,0,0,3,1260,200,1906,47.6875,-122.336,1430,4650,13.195613839143922
4,2.5,2430,6796,2.0,0,0,3,2430,0,1993,47.4499,-122.127,2450,8400,12.931081799238862
2,0.75,440,8313,1.0,1,3,4,440,0,1943,47.4339,-122.512,880,26289,12.577636201962656
4,2.5,2600,6015,2.0,0,0,3,2600,0,2004,47.5971,-122.031,2910,5305,13.370784735902808
6,4.75,5540,7200,2.5,0,2,4,3950,1590,1909,47.6361,-122.366,2930,7200,14.782494404153947
3,2.5,1800,5761,2.0,0,0,4,1800,0,1990,47.5293,-122.363,1800,5952,12.919512529357881
2,1.0,1160,6000,1.0,0,0,4,860,300,1942,47.69,-122.292,1330,6000,13.056223574899784
4,2.5,2060,5742,2.0,0,0,3,2060,0,1999,47.3612,-122.185,1610,7298,12.524526376648708
3,2.0,1860,7500,1.0,0,0,3,930,930,1909,47.5662,-122.364,1000,5000,12.971540487669746
2,1.0,700,8100,1.0,0,0,3,700,0,1949,47.7492,-122.311,1230,8100,12.448822726483302
4,2.5,3030,13068,2.0,0,0,3,3030,0,1978,47.6313,-122.172,2940,11999,13.42984807715229
3,1.0,1660,7440,1.0,0,0,3,1270,390,1957,47.5242,-122.362,1540,7440,12.254862809699606
4,1.5,1780,14810,1.0,0,0,4,1180,600,1950,47.3581,-122.288,1450,6728,12.388394202324129
4,2.5,3910,8442,2.0,0,0,3,2710,1200,2000,47.3766,-122.027,2650,7576,13.10011776845701
3,3.0,2090,7634,1.0,0,0,3,1450,640,2001,47.7408,-121.974,2090,9600,12.89921982609012
3,2.5,1780,7214,1.0,0,0,4,1400,380,1986,47.3667,-122.182,1520,7228,12.491251587763836
5,3.0,3290,14134,1.0,0,0,3,1870,1420,2004,47.6708,-122.14,1970,11470,13.45166712454693
3,2.25,990,736,2.5,0,0,3,880,110,2009,47.6605,-122.319,1030,1201,12.858397831569864
4,2.75,2250,5700,1.0,0,0,3,1200,1050,1951,47.6406,-122.344,1720,3850,13.38237873149439
3,2.5,2130,8022,2.0,0,0,3,2130,0,1985,47.7252,-122.106,2130,7605,13.071070083016778
4,2.5,1810,39639,1.0,0,0,3,1230,580,1970,47.3472,-122.11,1810,44866,12.367340793126296
4,1.5,2740,4912,1.0,0,0,4,1370,1370,1937,47.6523,-122.412,2160,5006,13.565766324852886
5,3.25,2400,3118,2.0,0,0,4,1780,620,1928,47.6094,-122.291,2100,3941,13.458835614025542
4,3.75,3550,15151,2.0,0,0,3,3550,0,2004,47.5888,-121.971,4340,15151,13.774584391351627
3,2.5,2140,2868,2.0,0,0,3,1770,370,2007,47.6668,-122.132,2140,2527,13.409044949522526
3,2.25,2000,217800,2.0,0,0,3,2000,0,1996,47.5599,-121.911,2220,217800,13.199324418540456
3,2.25,2010,11817,2.0,0,0,4,2010,0,1986,47.5665,-122.023,2190,10168,13.180632285528304
3,1.5,1270,1483,3.0,0,0,3,1270,0,2007,47.6987,-122.317,1270,1413,12.936033799212835
4,2.75,3320,8653,2.0,0,0,3,3320,0,2014,47.7521,-122.334,2140,8727,13.429833371161804
4,2.75,2790,6600,2.0,0,0,3,2790,0,2000,47.4362,-122.109,2900,6752,13.036805489042683
3,2.5,2330,3995,2.0,0,0,3,2330,0,2006,47.5542,-122.001,2330,3740,13.399995114002609
4,2.5,1840,13493,2.0,0,0,3,1840,0,1994,47.2649,-122.242,1430,11463,12.154779351142624
3,2.25,2420,23507,1.0,0,0,4,2420,0,1969,47.5107,-122.027,2540,22257,13.56047378176299
4,2.5,1930,9653,1.0,0,0,4,1930,0,1968,47.3367,-122.335,2100,10454,13.049792684569493
3,2.5,1580,4698,2.0,0,0,3,1580,0,1998,47.3539,-122.025,2070,4698,12.691580461311874
3,2.25,3050,10689,2.0,0,0,4,3050,0,1988,47.3326,-122.201,2697,10925,12.991115090794375
3,1.75,1370,19550,1.0,0,0,3,1370,0,1978,47.7002,-121.912,1430,17550,12.834681304952548
3,1.5,1480,6752,1.0,0,0,4,1480,0,1959,47.4993,-122.176,1450,8023,12.635091506592074
2,1.0,1180,4900,1.0,0,0,5,1180,0,1954,47.5321,-122.029,1650,7121,12.65395846952229
3,1.5,1460,5040,1.0,0,0,3,1100,360,1971,47.7112,-122.357,2330,7560,13.197470849891134
4,2.0,1760,5500,1.0,0,1,3,780,980,1925,47.5183,-122.265,1510,5500,12.560244459250788
4,2.5,2960,37430,2.0,0,0,3,2960,0,1990,47.3988,-122.023,2800,36384,13.199231821660906
4,2.5,3980,16304,1.0,0,1,3,2480,1500,1968,47.639,-122.21,3980,16304,14.274516433000468
4,2.5,2650,10459,2.0,0,0,4,2650,0,1989,47.2739,-122.293,2340,8777,12.765688433465597
4,1.5,2230,11536,1.0,0,1,4,1220,1010,1954,47.4409,-122.348,2170,12465,12.779873068457553
5,2.5,2500,11900,1.0,0,0,3,1400,1100,1963,47.5915,-122.132,2820,11900,13.270783382522602
3,1.0,1070,7140,1.0,0,0,3,1070,0,1989,47.5427,-122.288,1390,2374,12.699243334057444
3,1.0,1120,10032,1.0,0,0,3,1120,0,1962,47.7182,-122.194,1210,9918,12.781280528225432
3,1.75,1960,5000,1.0,0,0,5,980,980,1911,47.5576,-122.317,1790,5000,12.936033799212835
3,2.5,1870,9825,1.0,0,0,4,1250,620,1994,47.4639,-121.744,1380,11475,12.691580461311874
3,1.75,1880,5978,1.0,0,0,5,940,940,1957,47.5793,-122.294,1930,4770,13.239257128875828
3,3.25,1380,1121,3.0,0,0,3,1380,0,2008,47.6617,-122.349,1310,1405,13.071070083016778
4,1.75,1850,6000,1.0,0,0,4,1270,580,1944,47.4923,-122.247,1270,6600,12.345834587905333
4,1.75,1940,4800,1.0,0,0,5,1030,910,1922,47.6054,-122.314,1450,4800,13.132313708257497
3,1.5,1390,7417,1.0,0,0,3,1390,0,1967,47.3369,-122.275,1390,7665,11.998433280751929
3,1.75,2020,10031,1.0,0,0,5,1370,650,1952,47.7487,-122.319,1500,8456,13.190022025878143
3,2.25,2780,6000,1.0,0,3,4,1670,1110,1948,47.6442,-122.406,2780,6000,13.634588022084026
4,4.0,3770,9750,1.0,0,0,4,1940,1830,1967,47.7159,-122.367,2260,9878,13.678544702891116
4,2.25,3920,7200,2.0,0,0,3,3120,800,1928,47.5731,-122.284,3400,7200,14.207552645740298
3,2.0,1430,7280,1.0,0,0,3,990,440,1980,47.3742,-122.18,1430,7280,12.429216196844383
4,3.5,4330,15335,2.0,0,0,4,3230,1100,1988,47.5315,-122.231,3840,14311,14.346138809026444
3,1.5,1790,229125,2.0,0,3,3,1790,0,1987,47.2309,-122.009,1970,216928,13.071070083016778
4,2.5,2210,5929,2.0,0,0,3,2210,0,2004,47.35,-122.139,2200,5901,12.706847933442663
2,1.0,750,6089,1.0,0,2,3,750,0,1937,47.475,-122.199,1430,6451,12.269047444691562
3,2.5,1720,4120,2.0,0,0,3,1720,0,1999,47.4319,-122.328,1720,5544,12.736700896592344
3,2.5,2340,2155,2.0,0,0,3,2120,220,2012,47.53,-122.073,2640,2680,13.482133526250363
4,2.5,3470,4160,2.0,0,0,3,2480,990,1927,47.63,-122.363,2280,5440,14.077874822431765
4,2.75,2890,6825,1.0,0,0,3,1560,1330,1973,47.734,-122.182,1900,10120,13.279367126213993
4,2.0,2750,7807,1.5,0,0,5,2250,500,1916,47.7168,-122.287,1510,7807,13.255144488638146
3,2.5,2270,5536,2.0,0,0,3,2270,0,2003,47.5389,-121.881,2270,5731,13.13675925768806
3,2.5,1890,4838,2.0,0,0,3,1730,160,2002,47.4802,-122.279,1910,7409,12.505992035646432
2,1.0,720,4125,1.0,0,0,4,720,0,1943,47.5245,-122.354,1000,6100,12.594730635321957
3,3.25,1370,1227,3.0,0,0,3,1370,0,2007,47.6964,-122.341,1370,1236,12.834681304952548
4,2.75,2810,5497,2.0,0,0,3,2810,0,2011,47.7081,-122.116,2990,5842,13.527828485512494
5,3.5,3520,5400,2.0,0,0,3,2400,1120,2008,47.6364,-122.363,1360,3600,14.22097566607244
4,2.5,2180,10140,1.0,0,0,4,1180,1000,1968,47.6822,-122.111,1840,9375,13.199324418540456
3,2.5,3020,4120,2.0,0,0,3,2360,660,2008,47.5714,-122.373,2280,4120,13.560618308335483
4,2.5,3510,17400,1.0,0,0,4,1930,1580,1957,47.5963,-122.171,2730,12120,13.744109073811613
3,1.75,1070,7200,1.0,0,0,3,1070,0,1994,47.3129,-122.023,1280,7200,12.321185452630678
4,2.5,2100,7208,2.0,0,0,3,2100,0,1974,47.4478,-122.128,2060,7480,12.71589776896258
2,1.75,1520,4220,1.0,0,0,4,840,680,1910,47.6876,-122.366,1120,5700,13.060487973686241
3,2.0,1110,8375,1.0,0,0,5,1110,0,1951,47.6978,-122.297,1410,7734,13.132313708257497
3,1.5,1260,3135,1.0,0,0,4,780,480,1944,47.6693,-122.371,1540,3025,13.120361374733656
2,2.0,1480,804,3.0,0,0,3,1480,0,2008,47.602,-122.308,1380,1751,13.036805489042683
4,1.75,2400,7700,1.5,0,0,4,1500,900,1927,47.7125,-122.332,1530,7700,12.871334622600584
1,1.0,420,3298,1.0,0,0,4,420,0,1949,47.5375,-122.391,1460,4975,12.341695599314889
3,2.5,2040,2500,2.0,0,0,3,1470,570,2008,47.573,-122.372,1410,2500,13.112111000939978
7,3.5,3470,16264,2.0,0,0,4,3470,0,1980,47.6203,-122.149,3040,13500,13.764217263576723
4,2.5,3290,6465,2.0,0,0,3,3290,0,2002,47.5981,-121.976,3100,5929,13.482133526250363
3,1.75,1960,5520,1.0,0,0,4,1080,880,1952,47.6535,-122.397,1720,5760,13.39239051461739
3,2.25,1870,7200,1.0,0,0,3,1390,480,1975,47.734,-122.174,1830,7876,12.767115985456782
3,1.0,1190,9000,1.0,0,0,3,1190,0,1968,47.77,-122.264,1960,7200,12.499861036413716
3,2.5,3490,28213,1.5,0,2,3,2242,1248,2009,47.365,-122.456,2120,56628,13.447341234599806
3,1.75,1010,8580,1.0,0,0,3,1010,0,1961,47.6703,-122.174,1500,8580,12.765688433465597
4,1.5,1170,6240,1.0,0,0,4,1170,0,1960,47.5495,-122.232,2380,8846,13.17115354157376
3,1.75,1640,6435,1.0,0,0,3,1190,450,1972,47.7197,-122.217,1770,6930,12.936033799212835
3,1.0,1500,5750,1.5,0,0,4,1050,450,1927,47.5677,-122.376,1500,5060,13.180632285528304
3,1.5,1250,8710,1.0,0,0,4,1250,0,1953,47.6245,-122.198,1750,9185,13.696727021974308
2,1.0,1070,32633,1.0,0,0,4,1070,0,1930,47.4716,-122.078,1360,32156,12.676076274775909
3,1.5,1020,9072,1.0,0,0,3,920,100,1930,47.695,-122.301,1620,7930,13.10011776845701
2,1.0,1050,7500,1.5,0,3,4,1050,0,1910,47.5577,-122.399,2540,13680,13.163505320735505
5,2.5,2750,5589,1.5,0,0,5,1840,910,1910,47.6364,-122.3,1460,4250,13.726679344257658
3,2.25,2220,12056,2.0,0,0,3,2220,0,1985,47.7148,-122.101,2320,12025,13.203021280421783
5,2.25,2610,4080,2.0,0,0,5,1750,860,1909,47.6757,-122.309,2160,4080,13.42828803739339
3,1.5,1480,7749,1.0,0,0,5,1480,0,1960,47.5144,-122.379,1140,5320,13.009082690945363
4,2.5,1940,6887,2.0,0,0,3,1940,0,1990,47.2911,-122.353,1870,6144,12.535376392672774
2,1.5,1068,1452,2.0,0,0,3,1068,0,1990,47.753,-122.244,1078,1357,12.388185847286392
3,2.0,1240,11172,1.0,0,0,3,1000,240,1984,47.6364,-122.037,1330,14102,12.901716706288706
2,1.75,1170,976,2.0,0,0,3,780,390,2010,47.6192,-122.316,1280,1183,13.180632285528304
3,1.75,1720,15225,1.0,0,0,4,1020,700,1970,47.579,-122.051,1860,13588,12.971540487669746
2,2.0,1180,2553,2.0,0,0,3,1180,0,2005,47.3501,-122.02,1310,2687,12.180754837545884
3,2.5,3240,12625,2.0,0,0,3,3240,0,1987,47.5327,-122.232,3470,12331,14.068601185646436
3,2.5,1550,12920,2.0,0,0,5,1550,0,1999,47.6973,-122.194,2610,10800,13.193753373491
3,1.75,1440,7070,1.0,0,0,3,1440,0,1980,47.6947,-122.125,1440,7210,13.038981768465277
3,2.75,2180,3703,2.0,0,0,3,2180,0,2004,47.776,-122.169,2190,3963,13.005829561148378
5,2.5,3180,23809,1.0,0,0,3,3180,0,1978,47.3727,-122.054,2500,15778,13.122263372403996
4,2.5,2650,6875,2.0,0,0,3,2650,0,2014,47.479,-122.124,2650,5831,13.253382867842435
4,2.75,1860,7500,1.0,0,0,5,1220,640,1967,47.5398,-122.173,2020,8137,13.180537941455402
1,1.0,540,10125,1.0,0,0,3,540,0,1961,47.7739,-122.358,1840,10125,12.751299696013497
4,2.5,3000,8100,2.0,0,0,3,3000,0,1992,47.7151,-122.305,1550,8100,13.31710745419684
4,2.25,2220,8125,1.0,0,0,4,1450,770,1965,47.5429,-122.177,1980,8700,13.226723392728571
3,1.75,1010,6552,1.0,0,0,3,1010,0,1969,47.375,-122.117,1010,6552,11.901583454762012
5,3.0,3270,9146,2.0,0,0,3,3270,0,2002,47.3342,-122.169,3200,6300,12.7868906411162
3,2.75,2780,7200,1.5,0,0,4,1870,910,1913,47.5632,-122.27,1700,7200,13.471610805514265
4,3.0,1850,9976,2.0,0,0,3,1850,0,1991,47.5059,-122.149,2270,8542,12.971540487669746
2,1.0,990,5643,1.0,0,0,3,870,120,1947,47.6802,-122.298,1280,5700,12.983101310070822
4,2.5,3056,11385,2.0,0,0,3,3056,0,2014,47.2905,-122.264,2849,8607,13.169676260454946
4,2.5,3320,11901,2.0,0,0,5,2650,670,1977,47.554,-122.16,2700,11114,13.656045783313248
4,1.75,3050,9440,1.0,0,0,3,1800,1250,1966,47.7228,-122.183,2020,8660,13.304684934198283
3,1.75,1510,8301,1.0,0,0,3,1510,0,1967,47.7243,-122.222,1460,7910,12.810388612383504
4,2.25,3360,10810,2.0,0,0,4,3360,0,1988,47.3316,-122.203,2590,10810,13.049792684569493
4,2.5,3780,10962,2.0,0,0,3,3780,0,1990,47.6533,-122.183,3310,11651,13.795307850646754
3,3.0,1560,2091,3.0,0,0,3,1560,0,2006,47.6604,-122.352,1530,2091,13.302181803980165
3,2.5,2660,206480,1.0,0,0,3,2660,0,1989,47.6042,-121.956,2660,206736,13.286181462633724
3,1.5,760,40039,1.0,0,0,3,760,0,1906,47.5295,-121.829,980,6000,12.154779351142624
3,2.5,1650,5994,2.0,0,0,4,1650,0,1989,47.3603,-122.19,1930,6666,12.517227074167097
2,1.0,1320,1824,1.5,0,0,4,1320,0,1909,47.585,-122.294,1320,4000,12.886641043883259
3,1.5,1360,1488,2.0,0,0,3,1120,240,2003,47.6526,-122.384,1360,1573,12.89043132005704
2,1.0,1657,5031,2.0,0,0,3,1657,0,1910,47.5699,-122.389,2050,6201,13.210374254727043
4,1.0,1270,6459,1.5,0,0,3,1270,0,1918,47.5441,-122.273,1300,4100,12.328290278254423
3,1.75,1120,10450,1.0,0,0,3,1120,0,1973,47.4418,-121.772,1250,10414,12.092343880201831
3,2.5,1950,4949,2.0,0,0,3,1950,0,2009,47.5155,-121.87,2200,5740,12.971540487669746
3,1.0,1200,9800,1.0,0,0,4,1200,0,1971,47.7412,-122.109,1220,10220,12.832011076396668
2,1.0,1800,5182,1.0,0,0,3,900,900,1942,47.5508,-122.3,1570,5876,12.721879840640128
4,1.75,1780,5000,1.0,0,0,5,890,890,1903,47.5329,-122.292,1860,5000,12.765545566117686
3,2.5,1790,6452,2.0,0,0,3,1790,0,2004,47.3841,-122.042,1610,3600,12.66032791780777
5,1.75,2170,9752,1.0,0,0,3,1100,1070,1962,47.3355,-122.331,1810,10609,12.535376392672774
3,1.0,1000,5100,1.0,0,0,3,860,140,1946,47.6857,-122.293,1000,5100,12.959844447906553
2,1.75,1860,5940,1.0,0,2,5,1020,840,1956,47.5751,-122.407,2130,5940,13.418757390458131
2,3.0,1410,1240,2.0,0,0,3,1140,270,2006,47.5221,-122.39,1410,1273,12.911642346088676
3,2.25,2230,11835,1.0,0,0,5,1630,600,1974,47.563,-122.178,2190,10384,13.388489786890393
4,2.5,3190,7399,2.0,0,0,3,3190,0,2006,47.3558,-122.004,3250,7323,13.321050288284548
4,1.5,2470,6000,1.5,0,0,3,1480,990,1940,47.6365,-122.391,2140,4000,13.458835614025542
4,2.5,3370,10602,2.0,0,0,3,3370,0,1999,47.6591,-122.147,2950,9949,13.94214320889764
3,1.0,1140,27760,1.0,0,0,4,1140,0,1981,47.5372,-121.972,1690,87300,12.404103496029308
3,1.75,1560,8078,1.5,1,4,4,1560,0,1928,47.5779,-122.246,2890,16710,13.997832114758229
4,2.5,2310,7555,2.0,0,0,3,2310,0,1997,47.7544,-122.303,1980,8416,13.112313041550827
3,2.25,2130,12286,2.0,0,0,3,2130,0,1977,47.6471,-122.114,2130,10158,13.189928563566752
3,2.0,2460,41343,1.0,0,0,4,2460,0,1988,47.5142,-122.021,2500,53885,13.337474757021274
3,2.5,3190,49137,2.0,0,0,3,3190,0,1988,47.6027,-122.043,3240,53143,13.542060067759218
4,2.5,1950,5000,2.0,0,0,3,1950,0,2012,47.515,-121.872,2710,5000,12.959844447906553
3,1.75,1520,5500,1.5,0,0,5,1520,0,1936,47.5839,-122.383,2310,5500,13.51169910358261
3,2.5,1322,6006,2.0,0,0,3,1322,0,2009,47.2706,-122.254,1440,6796,12.2783933071098
5,2.0,1810,4850,1.5,0,0,3,1810,0,1900,47.67,-122.394,1360,4850,13.180632285528304
4,2.5,2410,7950,2.0,0,0,3,2410,0,1997,47.7185,-122.226,1920,7713,13.334162827017881
3,1.75,1760,8266,1.0,0,0,5,1760,0,1954,47.7708,-122.339,1400,8519,13.016780614829264
2,1.0,910,22725,1.0,0,0,1,910,0,1926,47.7712,-122.299,2000,14566,12.628067055589549
4,1.0,1560,8450,1.5,0,0,4,1560,0,1954,47.4552,-122.354,1380,8100,12.628067055589549
3,2.5,2540,5612,2.0,0,0,3,2540,0,1999,47.4965,-122.157,2380,6303,12.959844447906553
3,1.5,1300,12240,1.0,0,0,3,1300,0,1963,47.737,-122.243,2040,9326,12.80765263256463
3,1.75,2170,10018,1.0,0,0,4,1630,540,1978,47.3087,-122.264,2049,15263,12.468436909997665
3,2.25,1870,3230,2.0,0,0,3,1870,0,1997,47.4915,-122.167,1620,3363,12.572103684392932
3,2.0,1610,14046,2.0,0,0,3,1610,0,1933,47.7704,-122.264,2410,9000,12.464583340681674
3,1.0,1080,6250,1.0,0,0,2,1080,0,1950,47.5045,-122.33,1070,6250,11.964001084330445
3,2.5,1600,9830,2.0,0,0,4,1600,0,1993,47.339,-122.266,1890,8910,12.611371073081239
3,2.25,1960,7414,1.0,0,0,3,1490,470,1984,47.2977,-122.374,1580,8038,12.429216196844383
3,2.25,1890,7200,1.0,0,0,4,1230,660,1973,47.7156,-122.317,1970,8101,12.983101310070822
4,2.75,2310,4020,3.0,0,0,5,2310,0,1979,47.6154,-122.291,2270,3750,13.698976741708323
3,3.0,2470,11900,2.0,0,0,3,2290,180,1976,47.641,-122.057,2590,11900,13.399995114002609
3,1.75,1890,9535,1.0,0,0,3,1210,680,1976,47.4872,-122.223,2040,11108,12.74984936943585
3,1.75,2110,7129,1.0,0,0,3,1280,830,1982,47.7219,-122.102,1810,8674,13.199324418540456
3,2.5,3080,8448,2.0,0,2,3,3080,0,2000,47.6469,-122.389,2500,6400,13.764217263576723
3,1.0,1540,9450,1.0,0,0,4,1540,0,1960,47.3612,-122.315,1210,9450,12.334905517373143
3,2.5,1890,6088,2.0,0,0,3,1890,0,1996,47.2886,-122.218,1700,6600,12.487485104968359
3,2.5,3240,33661,2.0,0,0,3,3240,0,2001,47.4785,-122.095,1870,43560,13.262125319779487
4,2.5,2900,9972,2.0,0,0,3,2900,0,1993,47.5536,-122.121,2901,8567,13.652991628466498
3,1.75,1230,10005,1.0,0,0,4,1230,0,1963,47.621,-122.114,1530,8560,12.948009990259552
5,1.75,2040,8996,1.0,0,2,4,1020,1020,1962,47.588,-122.118,1950,8270,13.238812190047575
3,2.5,3090,384634,2.0,0,0,3,3090,0,2007,47.7072,-121.927,2200,292645,13.398478813484644
4,3.0,2210,4191,2.0,0,0,3,2210,0,2004,47.2959,-122.225,890,4288,12.66032791780777
3,2.5,1670,3980,2.0,0,0,3,1670,0,2000,47.5317,-122.047,1670,2897,13.071491047030571
3,1.75,1670,10798,1.0,0,0,4,1670,0,1962,47.549,-122.17,2290,10798,13.217673557208654
4,2.5,1800,5070,1.0,0,0,5,1080,720,1979,47.5303,-122.28,1870,5365,12.80765263256463
5,5.0,4490,10279,2.0,0,0,3,3930,560,2013,47.5974,-122.202,2490,10279,14.403297222866392
3,1.75,2060,3300,2.0,0,0,4,1500,560,1918,47.6498,-122.32,1830,3712,13.604789526648622
3,2.25,1850,4050,2.0,0,0,4,1850,0,1985,47.5669,-122.017,1650,4468,13.005829561148378
5,1.0,1870,7800,1.0,0,0,3,1580,290,1962,47.5127,-122.321,1740,7808,12.476099782743233
3,2.75,3280,10558,1.0,0,2,4,2040,1240,1979,47.5606,-122.133,3150,9998,13.737549016494562
4,2.5,2150,5397,2.0,0,0,3,2150,0,1998,47.4644,-122.151,2260,5080,12.89921982609012
2,1.5,960,1829,2.0,0,0,3,960,0,2005,47.6032,-122.308,1470,1829,12.86405886099653
3,2.5,1560,2740,2.0,0,0,3,1560,0,1999,47.4909,-122.154,1310,2698,12.584509081250419
4,2.75,2220,11925,1.0,0,0,3,1560,660,1953,47.6381,-122.205,2500,11377,13.623138665316818
3,2.25,1510,6071,1.0,0,0,4,1150,360,1985,47.3619,-122.077,1510,7271,12.487485104968359
5,3.0,2230,4400,2.0,0,0,3,1730,500,1913,47.6404,-122.325,1280,1800,13.732128949025222
4,2.0,1470,7412,1.0,0,0,3,1470,0,1967,47.3702,-122.318,1390,7825,12.429216196844383
4,3.0,2170,2500,2.0,0,0,3,1710,460,1997,47.6742,-122.303,2170,4080,13.550567972481982
4,4.5,3860,15246,2.0,0,4,3,2940,920,2004,47.56,-122.161,3750,14790,14.345485654591048
3,1.0,1580,13912,1.0,0,0,4,1580,0,1955,47.7552,-122.276,2130,16420,12.957488734214095
4,2.5,2380,13435,2.0,0,0,3,2380,0,1992,47.5833,-122.028,2730,9677,13.381645975334411
4,2.5,3450,39683,2.0,0,0,3,3450,0,2002,47.342,-122.025,3350,39750,13.487006490992238
2,1.0,1140,15624,1.0,0,0,4,1140,0,1909,47.7673,-122.367,2110,15493,12.80902155817197
3,2.5,1690,1200,2.0,0,0,3,1410,280,2013,47.5389,-122.367,1690,1760,12.92366850649243
4,2.5,4940,10037,1.0,0,4,3,3450,1490,1953,47.5095,-122.247,2430,9272,13.592367006650065
2,2.75,1100,1088,2.0,0,0,3,750,350,2006,47.6405,-122.324,2090,4125,12.994530005894443
5,4.25,5040,9466,2.0,0,0,3,5040,0,2004,47.5282,-122.133,4300,9417,14.065490763232043
5,1.75,2190,8250,1.0,0,2,3,1190,1000,1963,47.4887,-122.223,2570,8250,12.429216196844383
4,2.5,3420,21344,2.0,0,0,3,3420,0,2002,47.45,-122.334,2110,21344,13.369223455335854
4,2.5,3040,6887,2.0,0,0,3,3040,0,1999,47.6073,-122.015,2790,7196,13.380101573483037
3,1.0,970,8378,1.0,0,0,4,970,0,1962,47.3078,-122.365,1050,8563,12.057456621201391
4,2.0,1610,6200,1.0,0,0,4,1610,0,1979,47.3833,-122.306,1610,7500,12.402872221504781
3,2.0,1770,7200,1.0,0,0,4,1770,0,1967,47.6642,-122.173,2250,11250,13.149978544437301
3,1.0,1010,7245,1.0,0,0,3,1010,0,1969,47.3338,-122.306,1300,8236,12.205822614274965
4,3.5,4370,422967,1.0,0,2,4,2580,1790,1978,47.2332,-122.029,3260,422967,13.6623593784701
4,2.25,2000,9000,1.0,0,0,4,2000,0,1978,47.3125,-122.387,2190,8374,12.672911898413817
3,2.0,1420,4080,1.5,0,0,5,1420,0,1904,47.6801,-122.348,1220,3060,13.546323068148657
4,3.5,3930,16970,2.0,0,0,3,3930,0,1997,47.7412,-121.966,2740,17219,13.262125319779487
2,1.75,2080,8112,1.0,1,4,4,1040,1040,1939,47.7134,-122.277,2030,8408,13.989463865087712
3,1.75,1500,6180,1.0,0,0,4,1060,440,1947,47.5689,-122.284,1740,6180,12.994530005894443
3,2.5,1520,6298,2.0,0,0,3,1520,0,1986,47.3687,-122.182,1670,7207,12.468436909997665
5,3.5,3330,3705,2.0,0,0,3,2610,720,2008,47.5567,-122.124,2810,3971,13.58609739363647
4,2.0,1530,6375,2.0,0,0,3,1530,0,1942,47.4692,-122.162,1500,8712,12.35017298950393
4,4.0,4500,11795,2.0,0,0,3,4500,0,1991,47.5533,-122.098,3930,11576,14.230925996925606
3,1.75,2170,26460,1.0,0,0,3,1450,720,1986,47.6147,-122.045,2090,29075,13.142166004700508
3,1.0,1080,6000,1.0,0,0,4,1080,0,1952,47.7579,-122.33,1200,7210,12.524526376648708
4,2.75,1820,5400,1.0,0,0,4,1220,600,1988,47.5204,-122.205,1630,5400,12.971540487669746
3,1.75,1680,8460,1.0,0,0,3,1180,500,1976,47.7554,-122.353,1890,9529,12.947057155504279
3,2.5,1270,9675,2.0,0,0,3,1270,0,1993,47.4639,-121.744,1270,11700,12.542544882151386
2,2.25,1530,1324,2.0,0,0,3,1280,250,2010,47.6032,-122.311,1410,1689,13.210374254727043
0,0.0,3064,4764,3.5,0,2,3,3064,0,1990,47.6362,-122.322,2360,4000,13.906264921232738
3,1.75,2110,10454,1.0,0,0,4,1440,670,1978,47.7344,-122.246,1990,10890,13.087771932634709
4,2.75,3040,13559,2.0,0,0,3,3040,0,2003,47.522,-122.149,3830,12202,13.641157170819497
4,1.0,1070,5750,1.0,0,0,3,870,200,1923,47.564,-122.379,1270,5750,12.901217828752792
4,2.5,3720,8633,2.0,0,0,3,3720,0,1999,47.6085,-122.013,3515,9660,13.617059619240436
4,2.5,3020,15164,1.0,0,0,4,1730,1290,1976,47.5882,-122.192,2600,11556,13.567049198665774
1,1.0,790,3000,1.0,0,0,3,790,0,1953,47.6544,-122.386,1110,4100,12.886641043883259
4,2.25,2610,24931,2.0,0,0,3,2610,0,1983,47.5771,-122.05,2550,18306,13.398478813484644
4,2.5,3420,17038,2.0,0,0,3,3420,0,2007,47.718,-122.241,2520,14190,13.487006490992238
3,2.5,1830,6162,2.0,0,0,3,1830,0,1994,47.3291,-122.17,1860,7017,12.60786434827203
2,1.5,1350,4592,1.0,0,0,3,1070,280,1939,47.6511,-122.405,1610,5102,13.248996028337695
4,3.25,4130,11444,2.0,0,0,3,4130,0,2001,47.5208,-122.15,3720,11431,13.94214320889764
3,1.5,1630,6625,1.0,0,0,5,980,650,1980,47.29,-122.368,1440,7145,12.345834587905333
5,2.75,2790,4807,1.5,0,0,4,2140,650,1949,47.3098,-122.223,1056,4807,12.570715759118084
3,2.25,1352,1694,3.0,0,0,3,1352,0,2007,47.7265,-122.315,1439,1387,12.691580461311874
4,2.5,2518,4663,2.0,0,0,3,2518,0,2005,47.5894,-122.017,2280,4525,13.373900003219756
4,2.5,3430,35120,2.0,0,0,3,3430,0,1984,47.6484,-122.182,3920,35230,14.006957022535229
4,2.5,2180,11132,1.0,0,0,4,1620,560,1978,47.3187,-122.367,1950,13801,12.524526376648708
4,2.75,2580,11900,1.0,0,0,4,1620,960,1967,47.4475,-122.159,1570,9375,12.788288265382837
3,2.5,1440,5434,2.0,0,0,3,1440,0,2003,47.6818,-122.034,1560,3770,12.994530005894443
3,3.5,2620,10137,2.0,0,0,3,1970,650,1992,47.4979,-122.371,1960,7680,13.195613839143922
3,1.75,1500,10230,1.0,0,0,2,1500,0,1968,47.4349,-122.168,1770,8374,12.660331092405906
3,1.0,1390,16000,1.0,0,0,4,1390,0,1960,47.2898,-122.251,1420,10000,12.345834587905333
4,1.75,2010,10816,1.0,0,0,3,1410,600,1955,47.5048,-122.251,1610,9360,12.468436909997665
3,2.5,3360,8708,2.0,0,0,3,3360,0,2006,47.7037,-122.016,1810,4764,13.652991628466498
4,2.25,2420,59800,1.0,0,0,4,1350,1070,1985,47.6206,-122.056,2160,17598,13.215853720491667
3,2.5,2760,6187,2.0,0,0,3,2760,0,2014,47.5821,-122.047,2760,6600,13.634633557296535
3,1.5,1760,9600,1.0,0,0,4,1760,0,1966,47.4085,-122.195,1450,9600,12.513557345278134
4,3.0,2230,52983,2.0,0,0,3,2230,0,1991,47.3577,-122.195,2060,8755,13.038981768465277
4,2.5,2390,6976,2.0,0,0,3,2390,0,2003,47.4807,-122.182,2390,6346,12.751299696013497
4,4.5,3420,7440,3.0,0,0,3,3420,0,2014,47.6875,-122.33,1360,5580,14.115615150414612
3,2.5,1780,4000,2.0,0,0,4,1780,0,1995,47.5677,-122.003,1730,4000,13.036805489042683
3,1.5,1090,9600,1.0,0,0,4,1090,0,1968,47.3639,-122.109,1240,9620,12.206072645530174
3,3.5,1630,1329,2.0,0,0,3,1360,270,2000,47.6159,-122.306,1580,1319,13.136660682105154
4,1.75,1340,8400,1.0,0,0,5,1340,0,1967,47.5382,-122.173,1980,8400,12.948009990259552
4,2.75,1970,7213,1.0,0,0,3,1170,800,1977,47.4424,-122.126,1980,7045,12.685407602204794
4,3.5,2840,4637,3.0,0,0,3,2840,0,2008,47.7033,-122.321,1730,5279,13.437174117244362
2,1.0,860,8308,1.0,0,0,4,860,0,1948,47.5075,-122.377,1310,8308,12.706847933442663
3,1.0,1270,7153,1.0,0,0,5,1270,0,1949,47.4815,-122.226,1650,7153,12.367340793126296
3,1.0,1320,5250,1.5,0,0,5,1320,0,1913,47.5566,-122.378,1490,5250,13.173056491719846
4,3.5,2980,2147,2.5,0,0,3,2490,490,2006,47.5463,-121.995,2880,2428,13.444446876573442
3,1.75,1620,7330,1.0,0,0,4,1090,530,1974,47.7148,-122.213,1380,7191,13.036805489042683
6,3.5,3670,3959,2.0,0,0,3,2410,1260,2008,47.6356,-122.373,2060,3625,14.22097566607244
5,2.0,1760,21562,1.0,0,1,3,1560,200,1959,47.7597,-122.263,2150,12676,13.081541382884074
3,1.75,1660,5750,1.0,0,0,4,1080,580,1909,47.5843,-122.385,2060,5560,13.42984807715229
3,1.0,1440,5000,2.0,0,0,3,1440,0,1910,47.6741,-122.354,1850,4500,13.235692062711331
4,2.5,2780,13521,2.0,0,0,3,2780,0,1987,47.6374,-122.042,2980,11454,13.480037821676145
3,2.25,2140,9775,1.0,0,0,4,1470,670,1978,47.306,-122.379,2050,8625,12.254862809699606
4,2.25,2300,7700,1.0,0,0,3,1380,920,1959,47.7137,-122.322,2010,8820,12.94084150078094
2,1.0,970,13700,1.0,0,0,3,970,0,1949,47.515,-122.362,1570,10880,12.611537753638338
3,1.0,960,9624,1.0,0,0,3,960,0,1953,47.7758,-122.301,1540,9624,12.363076394339839
3,1.0,1250,4800,1.0,0,0,4,1250,0,1951,47.5517,-122.381,1404,4800,12.736700896592344
3,1.75,1370,3300,2.0,0,0,5,1370,0,1927,47.6714,-122.32,1560,3927,13.253391639810733
3,1.0,1170,7560,1.0,0,0,3,1170,0,1958,47.4514,-122.178,1170,7560,11.888618414744723
4,3.5,3290,20107,2.0,0,4,3,2220,1070,1990,47.355,-122.319,2990,16988,13.591116224748411
3,2.25,1590,7748,2.0,0,0,4,1590,0,1991,47.2857,-122.3,1590,7606,12.479909311159902
2,1.0,880,5750,1.0,0,0,3,880,0,1939,47.5642,-122.379,1190,5750,12.542544882151386
3,2.5,2242,4500,2.0,0,0,3,2242,0,2014,47.2583,-122.198,2009,4500,12.643617647101749
3,1.75,2100,5058,1.0,0,2,3,1340,760,1941,47.5743,-122.378,1640,5000,13.312983737012978
4,2.5,2310,5362,2.0,0,4,4,2010,300,1928,47.6044,-122.284,2530,5960,13.733215315237445
2,1.0,1070,6100,1.0,0,0,3,1070,0,1940,47.5698,-122.377,1770,5695,12.915708143594921
3,1.75,1250,3880,1.0,0,0,4,750,500,1944,47.6869,-122.392,1240,3880,13.002960280156547
3,2.25,1670,7881,1.0,0,0,4,1190,480,1977,47.4105,-122.18,1870,7820,12.437184366493561
5,2.75,3010,5398,2.0,0,0,3,3010,0,2014,47.6067,-122.053,3360,5407,13.55413930030229
3,2.5,1810,1585,3.0,0,0,3,1810,0,2014,47.6957,-122.376,1560,1586,13.270697171910022
4,1.0,1100,5000,1.5,0,0,5,1100,0,1904,47.4868,-122.204,1560,4838,12.706847933442663
5,4.0,4440,9270,1.0,0,0,5,2220,2220,1968,47.5708,-122.212,2720,9614,14.074021253115776
3,3.5,1810,1846,2.0,0,0,4,1440,370,2009,47.607,-122.305,1480,3600,13.345506928718539
4,2.5,3030,12590,1.5,0,0,4,3030,0,1988,47.5806,-122.193,2980,11635,13.864300722133706
4,2.75,2310,7350,1.0,0,0,3,1670,640,1989,47.7505,-122.182,2600,6077,13.060487973686241
5,2.75,2410,5003,1.0,0,0,3,1410,1000,2008,47.5298,-122.274,1590,5003,12.80765263256463
4,2.25,2170,8050,1.0,0,0,3,1220,950,1976,47.7354,-122.174,1820,7700,13.051940913107783
3,2.25,3370,11757,2.0,0,2,4,3370,0,1980,47.5573,-122.16,2690,10500,13.813508555293602
3,2.5,2020,6564,1.0,0,0,3,1310,710,1994,47.3545,-122.158,1710,5151,12.441144767709657
2,1.0,1747,12250,2.5,0,0,4,1747,0,1948,47.3282,-122.285,1620,10300,12.496874845318198
3,1.0,820,5150,1.0,0,0,5,820,0,1918,47.5514,-122.284,1100,5150,12.628067055589549
3,2.5,2620,21587,2.0,0,0,3,2620,0,1992,47.6384,-121.959,2570,23650,13.418013619505286
3,1.0,1220,7695,1.0,0,0,3,1220,0,1954,47.5191,-122.339,1210,7412,12.310432660854417
3,1.75,1340,8250,1.0,0,0,3,1100,240,1985,47.3668,-122.09,1540,7860,12.345834587905333
3,2.5,1920,15124,2.0,0,0,3,1920,0,1995,47.5015,-121.773,1920,16477,12.969212197910155
4,2.0,1720,7210,1.0,0,0,3,860,860,1971,47.7307,-122.239,1250,7210,12.765688433465597
6,5.0,7100,18200,2.5,0,0,3,5240,1860,1933,47.6427,-122.408,3130,6477,14.978661367769956
2,1.0,980,5000,1.0,0,0,4,980,0,1950,47.7518,-122.279,1600,5965,13.028052697933088
3,1.0,1010,8863,1.0,0,0,4,1010,0,1990,47.1955,-121.999,1090,8410,12.100712129872347
3,2.5,1960,8469,2.0,0,0,4,1960,0,1984,47.7236,-122.105,2040,8189,13.221884677980118
3,1.0,880,6664,1.0,0,0,3,880,0,1961,47.6855,-122.199,1690,6564,13.217673557208654
4,2.75,3190,10970,2.0,0,0,3,3190,0,1994,47.5862,-122.029,2850,8416,13.440817108522863
3,2.25,1920,11500,1.0,0,0,3,1920,0,1972,47.5498,-122.188,2260,8866,13.151922179645874
4,2.5,2420,4981,2.0,0,0,3,2420,0,2009,47.3785,-122.023,2420,5000,12.84792653170257
4,2.75,3090,16538,3.0,0,0,4,2590,500,1919,47.5803,-122.403,1500,5130,13.815510557964274
3,2.5,1710,1296,3.0,0,0,3,1510,200,2004,47.6963,-122.342,1610,1282,12.9384405392434
2,2.5,1170,809,2.0,0,0,3,1170,0,2007,47.6875,-122.339,1170,1121,13.086736199761178
3,1.0,1440,4268,1.0,0,0,3,1040,400,1953,47.5468,-122.293,1370,4268,12.560244459250788
4,2.25,2840,20242,1.0,0,0,3,2240,600,1972,47.639,-122.216,2840,20372,13.950915194970477
4,2.75,2100,11894,1.0,0,0,4,1720,380,1968,47.6006,-122.194,2390,9450,13.369223455335854
3,1.0,1440,8287,1.5,0,0,4,1440,0,1928,47.7438,-122.315,1330,8285,12.821258284620408
3,1.0,1180,7669,1.0,0,0,4,1180,0,1967,47.4479,-122.176,1190,7669,12.2783933071098
3,1.5,1400,6865,1.0,0,0,4,1400,0,1986,47.3639,-122.048,1480,8125,12.437184366493561
3,2.5,2620,6842,2.0,0,0,3,2620,0,2002,47.6846,-122.037,2280,4800,13.36138027787483
3,1.75,1100,10005,1.0,0,0,5,1100,0,1964,47.5374,-122.173,1340,9709,12.955127458028414
4,2.5,2210,7079,2.0,0,0,3,2210,0,1993,47.4206,-122.183,1970,7000,12.854483932248728
5,4.0,4360,8030,2.0,0,0,3,4360,0,2015,47.5923,-121.973,3570,6185,14.070145024369824
3,1.75,1880,45738,1.0,0,0,4,1410,470,1980,47.7662,-122.114,2340,38556,13.217673557208654
4,2.75,3440,8150,2.0,0,0,3,3440,0,2014,47.5168,-122.189,2560,8315,13.500799813124575
4,2.25,1950,7280,2.0,0,0,4,1950,0,1979,47.2957,-122.37,1910,7280,12.301382825334498
2,1.5,1140,2500,1.0,0,1,3,630,510,1988,47.5707,-122.359,1500,5000,12.779873068457553
3,1.5,2200,7620,1.0,0,0,4,1130,1070,1942,47.7263,-122.363,2170,7672,13.151922179645874
2,1.0,1210,7040,1.0,0,0,3,1210,0,1952,47.745,-122.297,1210,7205,12.676076274775909
3,3.5,1500,1249,2.0,0,0,3,1240,260,2004,47.6727,-122.373,1440,1850,13.10011776845701
5,2.5,2090,4698,2.0,0,0,3,2090,0,1998,47.3538,-122.025,2070,4698,12.66032791780777
3,1.75,1550,9720,1.0,0,0,3,1050,500,1976,47.3433,-122.037,1550,9750,12.449018824140563
4,2.0,2190,4560,2.5,0,0,5,2190,0,1910,47.662,-122.329,2190,4560,13.795307850646754
3,1.5,1180,7000,1.0,0,0,4,1180,0,1977,47.2959,-122.373,1630,7500,12.170445467887022
4,2.5,2580,3436,2.0,0,0,3,2580,0,2013,47.6853,-122.21,1780,5772,13.687677186454389
3,1.5,1370,8470,1.0,0,0,4,1370,0,1961,47.2874,-122.192,1710,8800,12.128111104060462
3,2.25,1358,1141,3.0,0,0,3,1358,0,2007,47.7052,-122.346,1358,1196,12.542544882151386
3,2.25,1715,6819,2.0,0,0,3,1715,0,1995,47.3097,-122.327,2238,6819,12.458774999085929
3,2.5,4530,22873,2.0,0,2,5,3220,1310,1912,47.4567,-122.369,3100,18210,13.924364962876357
2,3.0,2770,10800,1.5,0,0,5,1910,860,1984,47.6082,-122.057,2140,10800,13.132313708257497
5,1.5,1720,12551,1.0,0,0,3,1720,0,1967,47.5241,-122.053,1560,12960,12.983101310070822
3,2.5,1980,13964,1.0,0,0,5,1980,0,1959,47.571,-122.227,2040,13964,13.541073712262515
4,2.75,3070,7201,2.0,0,0,3,3070,0,2006,47.4897,-122.147,2880,8364,13.190022025878143
2,2.25,1230,1078,2.0,0,0,3,1160,70,2008,47.5324,-122.073,1240,817,12.691580461311874
3,1.75,1880,5752,1.0,0,0,4,940,940,1945,47.5354,-122.378,1110,5201,12.928778628331663
5,2.5,3370,5092,2.0,0,0,3,3370,0,2006,47.3594,-122.036,2910,5092,12.911642346088676
4,2.5,2760,13093,2.0,0,0,4,2760,0,1989,47.5845,-122.06,2810,13545,13.521139497361697
3,1.0,1030,8395,1.0,0,0,4,1030,0,1960,47.3322,-122.337,1370,9380,12.072541252905651
2,1.0,580,7500,1.0,0,0,3,580,0,1943,47.4852,-122.251,1700,11250,12.301382825334498
4,1.75,2600,41041,1.5,0,0,4,2600,0,1965,47.6634,-122.172,2750,37318,13.832367675030698
3,2.5,3310,21096,2.0,0,2,3,3310,0,2004,47.3049,-122.386,3310,13835,12.945626198904275
4,2.75,1950,6930,1.0,0,2,4,1250,700,1960,47.616,-122.113,1950,8560,13.339086360915616
3,1.0,920,6460,1.0,0,0,5,920,0,1969,47.3665,-122.082,920,4770,12.154516158615772
6,4.25,3100,9378,3.0,0,2,3,3100,0,1978,47.6381,-122.314,3270,6334,13.933293593620657
4,2.0,2260,10800,1.0,0,0,3,2260,0,1978,47.6124,-122.153,2650,9900,13.437174117244362
5,3.5,3860,9600,1.0,0,3,4,2660,1200,1973,47.7139,-122.223,2440,9600,13.415032991367148
3,1.75,1720,13104,1.0,0,0,4,1720,0,1962,47.4709,-122.26,1840,13104,12.560244459250788
4,2.5,2480,9869,1.0,0,0,4,1240,1240,1963,47.7612,-122.229,2230,10310,13.083622549087899
2,1.0,1020,5000,1.0,0,0,4,1020,0,1916,47.6781,-122.363,1480,5000,13.132313708257497
6,3.75,4090,49542,2.0,0,0,3,3100,990,1984,47.6408,-122.153,2980,43357,13.955272500339433
3,2.0,1470,2781,2.0,0,0,3,1470,0,2003,47.349,-122.024,1360,3008,12.429216196844383
2,1.0,1320,4750,1.5,0,0,4,1320,0,1928,47.6729,-122.38,1360,2873,13.262125319779487
3,2.25,1530,1279,2.0,0,0,3,1116,414,2007,47.7035,-122.357,1320,1427,12.875183248261878
3,2.75,1250,1655,2.0,0,0,3,830,420,2006,47.5554,-122.382,1520,3001,12.821258284620408
2,1.75,2070,23160,1.0,0,0,3,1260,810,1946,47.6551,-122.394,1690,5458,13.265597545490236
4,2.5,2670,20894,2.0,0,0,3,2330,340,2002,47.7735,-122.281,2440,15815,12.911642346088676
4,2.5,3000,10392,2.0,0,0,3,3000,0,1995,47.535,-122.049,3140,9213,13.514405465180353
3,2.5,1630,4534,2.0,0,0,3,1630,0,1987,47.7148,-122.205,1380,4779,12.953044912785026
4,2.5,2980,12075,1.0,0,0,3,1910,1070,2007,47.5074,-122.172,2240,12075,13.112313041550827
3,2.5,1320,1683,2.0,0,0,3,1270,50,2004,47.5357,-122.365,1320,2206,12.818551923022664
3,1.75,2010,6150,2.0,0,0,5,2010,0,1939,47.4975,-122.231,1770,7380,12.765688433465597
3,2.75,2020,10744,1.0,0,0,5,1270,750,1954,47.4403,-122.343,2020,11069,13.159659162148026
3,2.5,2000,9202,2.0,0,0,4,2000,0,1992,47.3516,-122.057,1750,7827,12.323855681186558
3,2.25,1200,1400,3.0,0,0,3,1200,0,2005,47.7046,-122.357,1370,6552,12.676076274775909
3,1.0,880,7500,1.0,0,0,3,880,0,1978,47.3837,-122.307,880,7500,12.345834587905333
3,1.5,2420,5000,2.0,0,0,4,2200,220,1925,47.6744,-122.353,2070,5000,13.676248490630767
2,2.25,2130,4920,1.5,0,4,4,1530,600,1941,47.573,-122.409,2130,4920,13.500799813124575
4,2.75,2650,6717,2.0,0,0,3,2650,0,2014,47.4947,-122.171,2740,7923,13.208541073645382
5,4.0,3870,5929,2.0,0,0,3,3870,0,2014,47.6965,-122.134,3600,5625,14.077790203467066
6,3.25,4250,23326,1.0,0,3,3,2150,2100,1967,47.34,-122.327,3370,15983,13.049792684569493
3,1.0,1290,5500,1.0,0,0,3,980,310,1951,47.5266,-122.392,1680,5000,12.827240356297954
2,1.0,1470,7137,1.0,0,0,3,1020,450,1941,47.7008,-122.352,1470,7067,13.006804366769831
4,2.5,3320,8325,2.5,0,0,5,3320,0,1905,47.6263,-122.314,3680,6050,14.403297222866392
3,1.5,1360,2030,3.0,0,0,3,1360,0,2008,47.6961,-122.349,1360,1167,12.86099861326992
3,2.0,1010,7380,1.0,0,0,3,1010,0,1982,47.6273,-122.062,1650,9030,12.86099861326992
3,1.0,1610,5100,1.5,0,0,5,1010,600,1901,47.6765,-122.386,1270,5100,13.1911615632746
4,2.25,2530,9200,1.0,0,0,5,1570,960,1976,47.5612,-122.152,3030,9400,13.71236979904476
4,2.5,1980,5020,2.0,0,0,3,1980,0,2007,47.5147,-122.19,1980,5064,12.911642346088676
3,2.0,1490,3880,1.0,0,0,3,1490,0,1959,47.662,-122.363,1490,3880,13.217673557208654
4,2.5,2750,16139,2.0,0,0,3,2750,0,1989,47.5843,-122.06,2810,13093,13.546029831441698
4,1.0,1370,41194,1.5,0,2,5,1370,0,1900,47.2716,-122.144,1590,84070,12.450977688625896
3,1.0,1010,9611,1.0,0,0,4,1010,0,1973,47.3006,-122.066,1200,9611,12.392552212472792
4,2.5,2080,7000,1.0,0,0,4,1400,680,1989,47.4252,-122.163,2090,7082,12.706847933442663
3,3.5,3110,14872,1.0,0,0,3,3110,0,2003,47.6178,-122.209,3110,12433,14.630875371248468
4,3.25,3720,7150,2.0,0,2,3,3720,0,2007,47.5359,-122.069,4040,7442,13.795307850646754
3,1.5,1410,9000,1.0,0,0,3,1410,0,1953,47.7635,-122.35,1910,7214,12.524526376648708
3,2.5,1770,5000,2.0,0,0,3,1770,0,2009,47.3358,-122.051,2230,5200,12.450977688625896
3,2.5,2230,4006,2.0,0,0,3,2230,0,2014,47.73,-122.335,2230,4180,13.458835614025542
3,3.5,1660,2298,2.0,0,0,3,1260,400,2009,47.5809,-122.403,1500,2198,13.317930160948304
4,3.5,2950,3737,2.0,0,0,3,2270,680,2012,47.5313,-122.074,2580,3581,13.624047343253036
4,2.5,1850,5388,2.0,0,0,3,1850,0,2009,47.3494,-122.041,2140,5086,12.70076888736628
3,1.5,1350,6000,1.0,0,2,3,900,450,1950,47.5275,-122.391,1730,6012,13.17115354157376
2,1.0,1040,4880,1.0,0,0,3,1040,0,1910,47.6809,-122.311,1500,4590,13.297995946047488
4,3.0,2780,5000,1.5,0,0,5,1710,1070,1919,47.5721,-122.381,1150,5000,13.422467969854667
3,1.5,1320,13200,1.0,0,0,3,1320,0,1970,47.5009,-122.143,1730,13200,12.697715449879391
4,3.0,2620,18362,1.0,0,0,4,1870,750,1956,47.5646,-122.184,2630,16792,13.399237251139507
2,2.0,1390,12530,1.0,0,0,3,970,420,1959,47.7499,-122.29,1940,12530,12.973863369085885
3,2.25,1322,1796,2.0,0,0,3,1087,235,2005,47.5976,-122.298,1690,2025,12.765688433465597
2,1.0,870,7500,1.0,0,0,3,870,0,1947,47.5465,-122.384,1240,5709,12.84779494409793
3,2.25,2110,7279,1.0,0,0,4,2110,0,1984,47.6669,-122.17,2130,7279,13.48161001171088
4,3.25,4280,47179,2.0,0,0,3,3050,1230,2002,47.3017,-122.127,2820,43401,13.507557748670134
3,1.75,1210,7350,1.0,0,0,3,1210,0,1977,47.7,-122.172,1610,7313,13.253391639810733
3,2.0,2010,16736,2.0,0,0,4,2010,0,1929,47.7643,-122.352,1890,11477,12.84792653170257
2,1.0,1210,8400,1.0,0,0,3,780,430,2000,47.6503,-122.393,1860,6000,13.621925808891609
3,2.5,1990,8325,2.0,0,0,4,1310,680,1997,47.705,-122.201,2450,10606,13.287877815881902
3,1.75,1940,219527,1.0,0,0,3,1940,0,1991,47.4214,-122.02,2060,108900,13.16158409055761
4,2.5,2100,10750,1.0,0,2,4,2100,0,1967,47.3338,-122.337,2310,10425,12.772805901234461
2,1.0,880,5500,1.0,0,0,3,880,0,1904,47.5573,-122.289,1080,5500,12.584509081250419
2,1.5,1260,9693,1.0,0,0,3,1260,0,1957,47.7775,-122.365,1800,9693,12.411296595541433
2,1.0,620,4455,1.0,0,0,3,620,0,1927,47.6877,-122.395,1180,5000,12.959844447906553
4,1.0,1300,6075,1.0,0,0,5,1300,0,1954,47.773,-122.349,1450,7320,12.842649474601725
4,2.5,2670,13463,2.0,0,0,4,2670,0,1989,47.5627,-122.018,2560,10982,13.444446876573442
4,2.0,1520,6200,1.5,0,0,3,1520,0,1945,47.678,-122.269,1910,6200,13.369223455335854
3,1.5,1580,5000,1.0,0,0,3,1290,290,1939,47.687,-122.386,1570,4500,12.971540487669746
4,2.5,2770,19116,1.0,0,0,4,1600,1170,1961,47.3386,-122.319,2730,18429,12.672005500405428
4,2.5,2090,12833,1.0,0,0,3,1220,870,1969,47.7266,-122.175,1740,11200,13.049792684569493
4,2.75,2910,9000,1.0,0,0,4,2130,780,1966,47.544,-122.176,1970,9000,13.199231821660906
3,2.5,1960,9535,2.0,0,0,3,1960,0,1989,47.7371,-122.215,2520,9206,13.262125319779487
3,1.5,2110,5195,1.0,0,0,3,1210,900,1959,47.5283,-122.286,1950,5195,12.818551923022664
3,1.0,1280,3200,1.5,0,0,3,1280,0,1903,47.6029,-122.307,1320,1676,12.959844447906553
2,1.0,860,5160,1.0,0,0,4,860,0,1909,47.6823,-122.388,1090,5356,12.873902018105829
2,1.5,1540,6549,2.0,0,0,3,1540,0,1980,47.7189,-122.353,1470,6552,13.120361374733656
3,2.75,2170,7900,1.0,0,0,4,1380,790,1978,47.362,-122.277,2170,7700,12.599802497419917
2,2.0,1370,3827,1.0,0,0,3,1020,350,1952,47.652,-122.404,1550,5102,13.190022025878143
3,1.75,1900,6334,1.0,0,2,3,1450,450,1948,47.6675,-122.276,1530,6334,13.554145793829866
3,1.75,3320,478288,1.5,0,3,4,2260,1060,1933,47.2407,-121.953,2960,217800,13.410545324897761
4,3.25,4240,11189,2.0,0,2,3,4240,0,2006,47.6526,-122.191,3390,12540,14.322328160332725
3,1.5,1710,5120,2.0,0,0,4,1710,0,1920,47.6801,-122.305,1530,5170,13.523820464114955
3,2.0,1460,2800,1.0,0,0,4,730,730,1921,47.67,-122.295,1780,4560,13.304684934198283
3,1.0,1260,9638,2.0,0,0,4,1260,0,1920,47.6773,-122.178,1760,7822,13.102160670086809
3,2.5,2410,17424,1.0,0,0,3,1630,780,1978,47.3741,-122.218,1530,11761,12.706847933442663
4,1.75,2140,7102,1.0,0,0,4,1070,1070,1948,47.7042,-122.37,1950,7102,13.244581010128577
4,2.75,2290,6120,2.0,0,0,4,2170,120,1926,47.6746,-122.327,1910,4590,13.818506066944073
4,2.5,3500,9198,2.0,0,0,3,3500,0,2004,47.6785,-122.025,3990,8598,13.579788224443204
3,2.5,2190,2658,2.0,0,3,4,2190,0,1979,47.6528,-122.203,2315,2538,13.554145793829866
3,2.5,1610,8544,2.0,0,0,5,1610,0,1994,47.3714,-122.054,1840,8190,12.672946381766982
3,1.75,2700,18246,1.0,0,0,4,1510,1190,1967,47.4817,-122.097,1620,16986,12.850554654108839
3,2.0,1310,6738,1.0,0,0,4,1310,0,1990,47.3694,-122.083,1290,8067,12.428816116823043
4,5.0,5820,13906,2.0,0,0,3,3750,2070,1993,47.3814,-122.164,2980,13000,13.572801851155225
3,2.5,1340,8867,2.0,0,0,3,1340,0,1984,47.724,-122.327,1630,7287,12.977337605354071
5,2.0,2080,16117,1.0,0,0,5,1740,340,1959,47.3424,-122.289,1510,13068,12.445089546000673
4,3.25,3200,4477,2.0,0,0,3,2390,810,2006,47.664,-122.402,1830,4920,13.623138665316818
4,2.25,1970,7125,1.5,0,0,3,1500,470,1908,47.6725,-122.293,1980,4750,13.304684934198283
3,3.25,1860,1787,3.0,0,0,3,1860,0,2007,47.7563,-122.316,1830,1787,12.84779494409793
6,1.0,1730,2760,1.5,0,0,3,1250,480,1918,47.6342,-122.353,1630,3200,13.241034907121827
4,2.75,2730,4268,2.0,0,1,3,2730,0,2009,47.6397,-122.395,2340,5000,13.715690222682063
3,1.0,1220,6000,1.0,0,0,5,1220,0,1961,47.2811,-122.214,1420,13137,11.992260421644849
4,2.25,2230,6791,2.0,0,0,3,2230,0,2005,47.3769,-122.028,2420,6297,12.736700896592344
3,2.5,1250,1103,3.0,0,2,3,1250,0,2005,47.6619,-122.352,1250,1188,13.081541382884074
3,1.75,1370,10050,1.0,0,1,4,1370,0,1966,47.3338,-122.341,1720,10050,12.498742259492994
3,1.5,1940,8951,1.0,0,0,3,1300,640,1958,47.473,-122.328,2000,8319,12.611371073081239
4,2.5,2260,9686,1.0,0,0,4,1520,740,1965,47.286,-122.218,1750,9916,12.323633434269318
3,2.5,1500,7350,1.0,0,0,2,1060,440,1979,47.3025,-122.382,1390,7770,12.538967060803502
5,3.25,3620,4650,2.0,0,0,3,2790,830,2004,47.3552,-122.026,2850,4650,12.884106188280072
3,2.5,3670,18505,1.0,0,4,3,2530,1140,1983,47.7588,-122.376,2920,20000,14.038654109278484
3,2.5,1960,3060,2.0,0,0,3,1960,0,2010,47.6764,-122.389,1220,3060,13.503535792943449
3,2.5,1710,7230,2.0,0,0,3,1710,0,1996,47.2778,-122.298,1720,6537,12.524526376648708
4,3.75,4100,22798,1.5,0,3,5,2540,1560,1934,47.5648,-122.21,3880,18730,14.522067425434138
3,1.0,1400,4800,1.0,0,0,4,700,700,1917,47.5499,-122.391,1470,6000,12.983101310070822
3,1.0,1120,8321,1.0,0,0,4,1120,0,1941,47.5631,-122.091,1980,8671,12.901716706288706
3,1.0,1700,8645,1.0,0,0,3,1700,0,1955,47.4899,-122.337,1500,7980,12.559191273266128
2,1.0,790,6600,1.0,0,0,3,790,0,1949,47.6149,-122.293,1520,4400,12.985397522331171
3,1.75,1397,18000,1.0,0,0,3,1397,0,1965,47.3388,-122.166,1950,31294,12.456831363877356
3,2.75,2030,7700,1.0,0,0,5,1400,630,1965,47.626,-122.112,1780,8160,13.373900003219756
2,1.5,1170,1274,3.0,0,0,3,1170,0,2001,47.6719,-122.381,1290,1308,12.911642346088676
3,2.25,1590,926,3.0,0,0,3,1590,0,2014,47.5402,-122.387,1640,1321,13.102058624063964
4,2.0,1880,7500,1.0,0,0,5,980,900,1946,47.495,-122.266,1670,14350,12.26434155365415
3,1.0,870,5200,1.0,0,0,5,870,0,1969,47.3695,-122.081,870,5200,12.083905011555967
2,1.0,1300,6617,1.0,0,0,3,1300,0,1986,47.7238,-122.302,1820,7800,12.690040815126281
2,2.5,2130,5001,1.0,0,0,5,1330,800,1972,47.6573,-122.399,1750,6000,13.468785944878709
4,2.5,1780,15000,2.0,0,0,2,1780,0,1993,47.4239,-122.153,2005,9680,12.779873068457553
3,1.75,2320,6090,2.0,0,3,3,2040,280,1939,47.643,-122.412,3110,7052,13.883169206438088
2,1.0,870,4280,1.0,0,2,4,870,0,1921,47.6697,-122.29,1750,4280,13.128345449081877
4,1.75,2370,5000,1.5,0,2,3,1770,600,1919,47.6779,-122.357,2100,4550,13.676248490630767
3,3.25,2660,17852,2.5,0,0,3,2660,0,2014,47.3077,-122.011,1320,11876,12.845291484064564
4,2.5,2090,10306,2.0,0,0,3,2090,0,1986,47.6304,-122.051,2660,11481,13.357435499583813
4,1.0,1060,5750,1.0,0,0,3,950,110,1904,47.6562,-122.389,1790,5857,12.907941679901988
3,2.5,1400,4800,1.0,0,0,3,1200,200,1921,47.6865,-122.379,1440,3840,12.736700896592344
4,1.75,2170,5750,1.0,0,2,3,1370,800,1975,47.5668,-122.383,1450,5750,13.284482226880764
4,2.75,2656,21195,2.0,0,0,3,2656,0,2014,47.3162,-122.272,1860,16510,13.112313041550827
5,2.75,3220,5934,2.0,0,0,3,3220,0,2006,47.7076,-122.101,3100,5934,13.589863876431945
3,1.0,1300,10139,1.0,0,0,3,1300,0,1962,47.3427,-122.087,1260,10139,12.468436909997665
2,1.0,1510,19874,1.0,0,0,3,1510,0,1951,47.4924,-122.34,1540,10000,12.328290278254423
4,2.5,2440,9727,2.0,0,0,3,2440,0,1987,47.6613,-122.132,2370,11503,13.52716159652479
5,2.75,2570,7260,2.0,0,0,3,2570,0,1996,47.2622,-122.212,2200,7421,12.70381302974751
3,2.0,2260,7163,1.0,0,0,3,2260,0,2012,47.4593,-122.136,2340,6730,13.081437210791684
3,2.5,3450,48787,2.0,0,0,3,3450,0,1987,47.739,-122.129,2810,41040,13.715690222682063
4,2.5,2155,8140,2.0,0,0,3,2155,0,1996,47.4204,-122.201,2155,7245,12.790520409166778
5,4.25,4110,42755,2.0,0,2,3,2970,1140,2000,47.3375,-122.337,2730,12750,13.506264307596652
4,2.25,1960,12436,2.0,0,0,3,1960,0,1984,47.6276,-122.037,1960,12436,13.122363377404328
2,1.5,830,1020,2.0,0,0,3,830,0,2006,47.5604,-122.363,830,1379,12.230765258120545
3,1.75,1710,7350,1.0,0,0,3,1280,430,1981,47.699,-122.167,2100,7560,13.17115354157376
3,1.0,1570,4000,2.0,0,0,5,1570,0,1908,47.6575,-122.346,1640,4000,13.458835614025542
3,1.5,1370,9720,2.0,0,0,3,1370,0,1968,47.7302,-122.197,1510,8775,12.834681304952548
3,2.5,1740,4497,2.0,0,0,3,1740,0,2012,47.3697,-122.117,1950,4486,12.611371073081239
4,2.5,2700,37431,1.0,0,0,4,1600,1100,1978,47.7258,-122.117,2290,37431,13.42984807715229
5,2.5,3990,3839,1.0,0,0,4,1990,2000,1962,47.6236,-122.299,2090,5000,13.321214236149494
4,1.75,2570,12039,1.0,0,0,3,1910,660,1978,47.626,-122.048,2200,12384,13.112313041550827
2,2.0,1070,649,2.0,0,0,3,720,350,2008,47.5213,-122.357,1070,928,12.468244583811861
4,3.5,4560,16643,1.0,0,3,3,2230,2330,1995,47.5521,-122.115,4060,15177,13.997832114758229
3,1.5,2360,6750,2.0,0,0,5,1930,430,1926,47.6923,-122.332,1320,4500,13.462400680190038
3,2.75,2550,54014,2.0,0,0,4,1980,570,1967,47.7596,-122.117,2180,21600,13.287877815881902
3,2.5,1850,7875,1.0,0,0,3,1250,600,1968,47.434,-122.171,1930,8062,12.468436909997665
3,2.25,2100,7335,2.0,0,0,3,2100,0,1983,47.647,-122.061,2050,8930,13.106233995474446
4,2.5,2910,5000,2.0,0,0,3,2910,0,2002,47.3782,-122.127,2740,5045,12.886641043883259
2,1.0,990,10556,2.0,0,0,3,990,0,1981,47.5118,-122.188,1350,7295,12.429216196844383
3,2.5,1500,2314,2.0,0,0,3,1500,0,2005,47.5537,-121.998,1440,2170,12.911642346088676
4,2.5,2270,8391,2.0,0,0,3,2270,0,1988,47.574,-122.013,2420,8391,13.373900003219756
4,3.75,4350,7965,2.0,0,0,3,4350,0,2013,47.6289,-122.205,2190,8557,14.54064078437727
4,3.25,2790,5420,1.0,0,3,3,1130,1660,1963,47.7698,-122.386,2530,7200,13.785051350479566
3,1.75,1950,15037,1.0,0,0,3,1950,0,1989,47.6892,-121.913,1760,15181,12.685407602204794
4,1.75,2390,17717,1.0,0,0,4,2390,0,1964,47.5755,-122.218,2390,10730,13.738899455592433
3,2.0,1370,7500,1.0,0,0,3,1370,0,1997,47.3634,-122.046,1420,7500,12.437184366493561
2,1.0,1240,9900,1.0,0,0,3,940,300,1950,47.4862,-122.326,1050,9375,12.043553716032399
5,5.25,3410,8118,2.0,0,0,3,3410,0,2006,47.6295,-122.236,3410,16236,14.626440774180603
3,1.75,2090,12026,1.0,0,0,4,2090,0,1948,47.3095,-122.217,1700,9496,12.423198124518821
4,2.5,2810,11902,2.0,0,0,4,2810,0,1993,47.5303,-122.143,2990,10754,13.524489584246979
4,3.0,2720,11740,1.0,0,0,5,2720,0,1957,47.5833,-122.242,2640,11740,13.753635154246187
4,3.0,1800,2500,2.0,0,0,3,1800,0,2000,47.5333,-122.294,1830,6900,12.429216196844383
4,2.75,3300,4987,2.0,0,0,3,3300,0,2014,47.6175,-122.056,3520,5453,13.652979863691412
3,1.5,970,8400,1.0,0,0,3,970,0,1966,47.3284,-122.331,1230,8400,11.951180395901384
3,3.5,1790,1682,2.0,0,0,3,1480,310,2006,47.542,-122.321,1150,4000,12.41694116596877
2,2.5,1480,1369,3.0,0,0,3,1480,0,2009,47.676,-122.121,1390,1337,12.948009990259552
3,1.0,1540,37950,1.0,0,0,4,1090,450,1959,47.3259,-122.289,1820,24375,12.969212197910155
2,1.0,1020,9200,1.0,0,0,3,1020,0,1978,47.4461,-121.769,1520,9600,12.621488084491506
3,2.5,2490,21937,2.0,0,0,3,2490,0,1993,47.6442,-121.898,2450,21937,13.131818536175084
3,1.75,1330,12092,1.0,0,0,4,720,610,1981,47.5102,-122.324,1770,11770,12.736553826954605
3,1.0,1270,7500,1.0,0,0,3,1270,0,1953,47.4921,-122.339,1340,3000,12.547887726561882
3,1.0,1200,7220,1.0,0,0,3,1200,0,1977,47.3746,-122.183,1200,7200,12.32476637748788
4,1.75,2520,7200,1.0,0,2,5,1260,1260,1955,47.4835,-122.192,2360,7300,12.983101310070822
3,2.5,3680,35617,1.0,0,0,3,2390,1290,1985,47.7213,-122.12,3570,35633,13.554145793829866
4,2.25,2420,7927,1.0,0,0,4,1400,1020,1973,47.7583,-122.343,2120,7693,12.89921982609012
2,1.75,2060,7192,1.0,0,0,3,1420,640,1940,47.7038,-122.317,1860,7140,13.032438669876342
5,2.5,3210,12000,1.0,0,0,4,1830,1380,1968,47.6205,-122.148,2450,12000,13.493926933836812
4,2.0,2560,12155,1.0,0,0,4,1350,1210,1960,47.3326,-122.323,1790,11906,12.449018824140563
3,1.75,1650,11220,1.0,0,0,4,1650,0,1969,47.7567,-122.071,1340,10129,12.796633237315017
2,1.5,1790,3760,1.5,0,0,4,1280,510,1928,47.6871,-122.373,1540,5080,13.038981768465277
3,1.5,1080,9774,1.0,0,0,3,1080,0,1968,47.3155,-122.401,1190,9611,12.293396473701849
3,2.25,2190,45738,1.0,0,0,3,2190,0,1990,47.7108,-122.12,2970,4496,13.337474757021274
3,1.0,1060,4880,1.0,0,0,2,910,150,1913,47.5545,-122.288,1200,4880,13.228073831826443
5,3.0,3100,5250,2.0,0,0,3,3100,0,2006,47.5369,-121.888,2460,5250,13.199231821660906
3,2.5,2880,10126,2.0,0,0,4,2880,0,1985,47.6319,-122.037,2960,10514,13.487006490992238
3,2.25,1830,7770,1.0,0,0,4,1400,430,1977,47.3925,-122.161,1960,7272,12.449018824140563
3,2.0,2020,5500,1.5,0,3,3,1790,230,1937,47.6388,-122.409,2580,5500,14.151982794585487
3,2.0,1300,3731,1.0,0,0,3,900,400,1993,47.5374,-122.27,1300,3731,12.66032791780777
4,3.0,3400,292723,2.0,0,0,3,3400,0,1998,47.4883,-121.725,1760,69696,13.44154411691548
4,2.75,2460,3600,2.0,0,0,3,1640,820,1907,47.6093,-122.297,1890,3600,13.473020249017498
4,3.5,3730,15029,2.0,0,2,3,2440,1290,1991,47.3804,-122.163,3440,14280,13.304601597392535
3,2.0,1360,4840,1.5,0,0,3,1360,0,1936,47.5487,-122.376,1450,4840,12.853175887588712
5,2.5,2210,9655,1.0,0,0,3,1460,750,1976,47.7698,-122.222,2080,8633,13.060487973686241
2,1.5,1180,834,3.0,0,0,3,1180,0,2009,47.7074,-122.356,1180,1207,12.691580461311874
2,1.0,770,7200,1.0,0,0,3,770,0,1951,47.7143,-122.325,1320,7139,12.456831363877356
3,2.5,2680,7757,2.0,0,0,3,2680,0,1990,47.2918,-122.346,2430,8231,12.676076274775909
4,1.75,2250,8580,1.0,0,0,4,1330,920,1958,47.7633,-122.199,2250,10032,13.056223574899784
3,2.5,1950,7421,2.0,0,0,3,1950,0,1996,47.3842,-122.036,2200,4668,12.584509081250419
3,2.5,2560,43608,2.0,0,0,3,2560,0,2002,47.7614,-122.026,3000,54088,13.335860551666734
4,4.25,6410,43838,2.5,0,2,4,5610,800,1906,47.5703,-122.28,2270,6630,14.817978986079481
5,2.0,1220,4200,1.0,0,0,4,1090,130,1921,47.6677,-122.321,1790,4200,13.060381585048447
4,1.75,1790,11801,1.0,0,0,4,1790,0,1974,47.5172,-122.17,2000,12988,12.881564890851399
4,2.5,2510,8580,2.0,0,0,4,2510,0,1991,47.295,-122.37,2290,7809,12.706847933442663
3,2.5,1680,4075,2.0,0,0,3,1680,0,2008,47.6964,-122.024,1710,4075,12.884106188280072
3,2.5,1470,3999,2.0,0,0,3,1470,0,2003,47.5328,-121.871,1960,4444,12.850554654108839
4,2.25,1990,21312,1.0,0,0,4,1990,0,1968,47.439,-122.144,2400,19210,12.80765263256463
3,1.75,1150,13278,1.0,0,0,5,1150,0,1966,47.6384,-121.969,1560,12400,12.733755386362587
3,2.5,2380,3332,2.0,0,0,3,2380,0,2014,47.7194,-122.199,2590,4382,13.38472764187182
4,1.0,1320,5000,1.5,0,0,3,1320,0,1928,47.5457,-122.363,1640,5164,12.341477282536376
3,1.75,2050,10519,1.0,0,0,3,1240,810,1979,47.4257,-122.146,1770,9605,12.487485104968359
2,2.5,1900,2983,2.0,0,0,3,1900,0,2006,47.7029,-122.015,1510,3876,13.180632285528304
4,2.0,1740,6369,1.0,0,0,5,870,870,1954,47.7461,-122.332,1560,7200,12.736697955411548
3,1.0,1630,6009,1.0,0,3,4,1630,0,1954,47.693,-122.383,2120,6009,13.217673557208654
3,1.75,2340,4206,1.0,0,0,5,1170,1170,1917,47.5759,-122.288,1360,4725,13.369223455335854
4,1.75,1610,11305,1.0,0,0,3,1610,0,1968,47.727,-122.176,1870,11850,12.823957341589573
4,1.75,1680,7800,1.0,0,0,3,1330,350,1966,47.6286,-122.118,1680,7210,13.019222618484815
3,2.5,1590,9736,2.0,0,0,3,1590,0,1985,47.33,-122.278,1580,7500,12.560244459250788
3,2.25,1650,4859,2.0,0,0,3,1650,0,1988,47.7729,-122.172,1890,5018,12.821258284620408
4,2.5,2140,7754,2.0,0,0,3,2140,0,1996,47.7173,-122.338,1690,7775,13.17115354157376
3,1.75,2330,16300,2.0,0,0,3,2330,0,1964,47.7037,-122.24,2330,16300,13.444446876573442
4,2.5,2160,9750,2.0,0,0,3,2160,0,1983,47.7438,-122.246,2840,10535,13.15773052124162
2,1.0,1040,5765,1.0,0,0,3,1040,0,1944,47.7024,-122.346,1040,3844,12.790528770335836
4,3.5,3560,7178,2.0,0,3,3,2590,970,2006,47.7054,-122.107,3290,6978,13.632788921148979
4,1.5,1810,7200,1.0,0,0,3,1810,0,1966,47.7207,-122.186,2060,7200,12.971540487669746
4,2.5,3240,7621,2.0,0,2,3,3240,0,2003,47.5641,-122.032,4610,7150,13.676248490630767
4,2.5,2480,8563,2.0,0,0,3,2480,0,1992,47.381,-122.033,2460,8660,12.959726793926773
3,1.75,1660,4800,1.0,0,0,3,960,700,1941,47.5734,-122.412,1510,4800,13.180632285528304
3,1.75,2000,5000,1.0,0,0,4,1110,890,1921,47.6859,-122.399,1750,5000,13.210374254727043
4,2.25,1920,11603,2.0,0,0,4,1920,0,1967,47.4315,-122.169,1840,7350,12.691580461311874
2,1.0,990,8250,1.0,0,0,3,990,0,1955,47.7252,-122.331,1080,8168,12.80765263256463
5,1.5,1700,7200,1.5,0,0,3,1700,0,1937,47.7614,-122.203,1460,7194,13.214030565930152
3,1.0,1120,9075,1.0,0,0,3,1120,0,1977,47.7551,-122.072,1120,9705,12.721885810807203
4,2.0,1260,8400,1.0,0,0,3,1260,0,1991,47.1946,-122.0,1120,8400,12.241439789367465
4,2.75,2360,15100,1.0,0,0,3,2360,0,2014,47.5117,-122.365,1440,13346,13.190022025878143
3,2.5,1560,3987,2.0,0,0,3,1560,0,2002,47.687,-122.043,1600,3152,12.983101310070822
3,1.0,1470,6500,1.0,0,0,4,1470,0,1953,47.473,-122.362,1470,9300,12.92391243868049
1,1.0,740,5000,1.0,0,0,3,740,0,1923,47.5519,-122.292,1400,4400,12.608198852372823
3,2.5,1610,6732,2.0,0,0,3,1610,0,1994,47.3658,-122.172,1680,7414,12.254862809699606
4,3.0,4460,6833,2.0,0,0,3,3140,1320,1955,47.6342,-122.289,3130,7450,14.462613800022813
7,3.0,2800,9569,1.0,0,2,3,1400,1400,1963,47.5102,-122.183,2150,7333,12.765688433465597
3,1.0,1250,10094,1.0,0,0,4,1250,0,1927,47.4987,-121.781,1300,10094,12.449018824140563
3,2.0,2180,4976,1.5,0,2,4,1680,500,1930,47.573,-122.38,1850,5000,13.226723392728571
3,1.0,1050,6002,1.0,0,0,3,840,210,1941,47.6988,-122.316,1180,6003,12.934828253557487
3,1.0,900,6099,1.0,0,0,3,790,110,1944,47.4807,-122.289,1240,6099,12.323855681186558
2,1.0,1270,3700,1.5,0,0,3,1270,0,1909,47.5949,-122.307,1980,3200,12.910407015480683
2,1.0,1570,8210,1.0,0,0,4,1150,420,1952,47.7221,-122.371,1680,8196,13.134291948269603
3,2.25,1570,7187,1.0,0,0,4,1170,400,1980,47.7604,-122.356,1660,8775,13.073173133213556
5,2.75,3170,8093,2.0,0,0,3,3170,0,2014,47.5933,-122.06,3210,7062,13.699848271927866
6,2.5,1560,7144,1.0,0,0,3,1060,500,1913,47.5335,-122.272,1300,6232,12.180703554179633
3,1.75,1420,1361,2.0,0,0,3,960,460,2014,47.5684,-122.314,1340,1343,12.591335046320818
1,1.0,470,63737,1.0,0,2,5,470,0,1924,47.2163,-121.984,1350,46762,12.167851432709975
4,2.5,3060,6000,2.0,0,0,3,3060,0,2012,47.3689,-122.058,3040,6000,13.049792684569493
4,3.25,4670,51836,2.0,0,0,4,4670,0,1988,47.635,-122.164,4230,41075,14.271668780387957
2,1.5,1010,7719,2.0,0,0,3,1010,0,1981,47.5128,-122.189,1210,7719,12.634238139159114
3,1.5,1360,7680,1.0,0,0,3,1360,0,1955,47.7441,-122.337,1630,7679,12.772805901234461
4,2.5,4060,8547,2.0,0,0,3,2790,1270,2007,47.3694,-122.056,2810,8313,13.112313041550827
4,3.5,4700,13730,2.0,0,3,3,3500,1200,1958,47.6899,-122.217,3210,15306,14.790070197962406
3,1.5,1370,4790,2.0,0,0,4,1370,0,1982,47.7253,-122.164,1370,3799,12.779873068457553
3,1.0,1590,8160,1.0,0,1,3,1090,500,1954,47.4013,-122.321,1540,10500,12.691580461311874
3,1.75,2410,51763,1.0,0,0,4,1410,1000,1981,47.7429,-122.056,2410,49207,12.976180867226248
2,1.5,1240,1892,2.0,0,0,3,1240,0,2002,47.5915,-122.295,1220,1740,12.773940009663361
4,2.5,1811,4381,2.0,0,0,3,1811,0,2007,47.454,-122.19,1811,4150,12.468436909997665
4,2.5,2420,10285,1.0,0,4,3,1700,720,1958,47.4871,-122.36,2540,9900,13.541073712262515
3,2.0,2250,14274,1.0,0,0,4,1500,750,1964,47.5762,-122.217,2820,13813,13.345186877507613
2,1.0,810,6480,1.0,0,0,5,810,0,1942,47.6493,-122.398,1920,6000,13.142166004700508
3,1.5,1340,10224,1.0,0,0,4,1340,0,1956,47.5752,-122.157,1340,10440,12.94084150078094
3,2.5,3370,36218,2.0,0,0,4,3370,0,1988,47.5855,-121.987,2980,31793,13.458764182902971
3,1.0,1080,7000,1.0,0,0,4,1080,0,1916,47.7637,-122.351,1410,7214,12.765688433465597
4,2.25,1310,8400,1.0,0,0,4,1310,0,1966,47.7317,-122.181,1600,8400,12.950388112664518
3,1.0,1050,6000,1.0,0,0,3,1050,0,1952,47.5709,-122.401,1720,6000,12.89921982609012
3,2.5,2150,8060,2.0,0,0,3,2150,0,1995,47.6952,-122.188,2150,7172,13.251635713108469
2,1.0,940,9458,1.0,0,0,3,940,0,1948,47.7523,-122.311,1450,9458,12.487485104968359
3,1.5,1230,3060,1.0,0,0,3,910,320,1927,47.667,-122.333,1260,4488,13.345506928718539
3,1.75,2180,7318,1.0,0,0,4,1210,970,1967,47.5251,-122.37,2140,7560,13.091904169919621
3,2.5,2290,9142,1.0,0,0,3,2290,0,1972,47.691,-122.387,1770,8035,13.438487123487413
4,1.75,1360,7700,1.0,0,0,4,1360,0,1966,47.4558,-122.177,1321,7756,12.468436909997665
3,1.0,1040,6800,1.0,0,0,5,1040,0,1951,47.492,-122.224,1430,6080,12.26434155365415
4,3.75,3370,6766,2.0,0,0,3,3370,0,2005,47.7063,-122.106,3530,6766,13.592367006650065
3,1.0,1100,8560,1.0,0,0,3,1100,0,1961,47.329,-122.338,1120,8470,12.206022644280132
3,2.5,2400,12546,1.0,0,0,3,2400,0,1983,47.6317,-122.041,2940,12150,13.190022025878143
4,2.0,1910,4225,1.0,0,0,4,910,1000,1919,47.3084,-122.234,1060,4800,12.154516158615772
3,2.25,1970,7210,1.0,0,0,4,1380,590,1978,47.3821,-122.171,1970,7350,12.733755386362587
3,2.0,2540,7200,1.5,0,3,4,1600,940,1905,47.5972,-122.292,2040,5900,13.560618308335483
3,1.0,1060,7920,1.0,0,0,4,1060,0,1968,47.5649,-122.358,1060,7457,12.696185227698622
4,2.25,2060,10358,1.0,0,0,4,1320,740,1962,47.5478,-122.174,2060,9676,13.232114241363448
5,2.5,2820,9375,1.0,0,0,4,1550,1270,1968,47.5707,-122.128,2820,9375,13.17628321939376
3,1.75,1430,8412,1.0,0,0,4,1070,360,1928,47.7218,-122.299,1490,8410,12.834681304952548
4,2.5,2030,9825,1.0,0,0,3,1330,700,1985,47.6892,-122.3,2180,7500,13.301346032932768
3,1.0,1330,5850,1.0,0,0,3,930,400,1954,47.5498,-122.298,1440,5850,12.676076274775909
4,2.25,3160,34560,1.0,0,0,4,3160,0,1981,47.7337,-122.132,3530,38045,13.779883380321124
2,1.0,1050,403365,1.0,0,3,5,1050,0,1905,47.2221,-122.059,1760,108900,13.068962600677214
2,1.75,1290,6600,1.0,0,2,3,870,420,1951,47.531,-122.39,2380,7370,13.259164418896473
3,2.5,1070,1219,2.0,0,0,3,720,350,2004,47.5618,-122.384,1070,1254,12.821258284620408
3,2.0,1380,9000,2.0,0,0,2,1380,0,1946,47.2613,-122.248,1460,9732,12.28071618852594
2,2.75,1590,20917,1.5,0,0,3,1590,0,1920,47.2786,-122.25,1310,6000,12.205822614274965
4,2.5,1700,6380,1.0,0,0,4,850,850,1940,47.6988,-122.319,1380,6380,12.983101310070822
2,1.0,860,6600,1.0,0,0,5,860,0,1949,47.4878,-122.324,1030,6732,12.206072645530174
3,2.5,1470,4488,2.0,0,0,5,1470,0,1980,47.723,-122.162,1400,4441,12.899094818276968
2,2.5,1830,1988,2.0,0,0,3,1530,300,2011,47.5779,-122.409,1800,2467,13.304684934198283
3,2.5,2180,15693,1.0,0,0,4,1850,330,1979,47.592,-122.082,2270,24000,13.208541073645382
4,2.75,2030,9120,1.0,0,0,4,2030,0,1988,47.282,-122.303,1790,7627,12.618182296357007
5,2.75,3260,11700,1.0,0,0,3,1630,1630,1964,47.6169,-122.104,2860,11700,13.432051530118724
3,1.0,1500,3920,1.0,0,0,3,1000,500,1947,47.6718,-122.359,1640,4017,13.314635265051452
4,1.75,1950,10219,1.0,0,0,3,1950,0,1962,47.7492,-122.336,1500,9099,12.886641043883259
4,2.5,3520,8095,2.0,0,0,3,3520,0,2006,47.7065,-122.109,2460,4676,13.541073712262515
4,2.75,2240,8937,1.0,0,0,4,1460,780,1976,47.6495,-122.194,2360,9038,13.422467969854667
3,2.0,1310,1361,3.0,0,0,3,1310,0,2003,47.7337,-122.343,1370,1608,12.644327576461329
3,2.5,3030,9053,2.0,0,0,3,3030,0,2009,47.4945,-122.149,3010,6026,13.141969907043247
5,3.25,4230,10260,2.0,0,0,3,3860,370,1996,47.5503,-122.081,2980,10997,13.650282078596497
3,2.25,1680,8450,1.0,0,0,3,1340,340,1960,47.7575,-122.361,1850,8300,12.86099861326992
6,2.5,3300,13501,1.0,0,0,3,2060,1240,1980,47.5116,-122.163,2060,8745,13.089840185698769
4,1.75,2090,4300,1.5,0,0,4,1250,840,1925,47.5555,-122.397,1670,5000,13.110290796170059
2,1.0,1000,4000,1.0,0,0,3,1000,0,1910,47.6742,-122.396,1490,5000,12.941321002108754
2,1.5,1340,3600,1.5,0,0,3,1340,0,1903,47.6358,-122.364,1340,3600,13.17115354157376
3,1.5,1400,9750,1.0,0,0,4,1400,0,1964,47.3768,-122.17,1160,9750,12.524526376648708
4,2.25,1810,7601,1.0,0,0,3,1080,730,1986,47.2857,-122.358,1570,7601,12.611371073081239
4,2.5,2980,8107,2.0,0,0,3,2980,0,2000,47.5389,-121.876,2750,7760,13.341498907321
4,2.75,2560,83200,1.0,0,0,3,1860,700,1980,47.7511,-122.111,1990,38332,13.239257128875828
2,1.0,1530,6350,1.5,0,0,4,1530,0,1923,47.6325,-122.303,2640,6350,13.687677186454389
3,1.75,1770,10125,2.0,0,0,3,1770,0,1944,47.7289,-122.353,1680,9825,13.096019402064726
2,1.5,1310,1264,2.0,0,0,3,1120,190,2006,47.5772,-122.409,1330,1265,13.017002861746503
4,1.75,1370,9993,1.0,0,0,3,1370,0,1918,47.7572,-122.228,1650,11592,12.691580461311874
4,2.5,2360,13500,1.0,0,0,4,1780,580,1973,47.6315,-122.103,2780,12400,13.304684934198283
4,2.5,2570,50308,1.5,0,0,3,2570,0,1993,47.7418,-122.039,3420,37891,13.592367006650065
4,3.5,4140,7089,2.0,0,0,3,3160,980,2003,47.7059,-122.2,2640,8896,13.652991628466498
4,2.5,2800,5900,1.0,0,0,3,1660,1140,1963,47.6809,-122.286,2580,5900,13.407542319637992
3,1.0,990,12696,1.5,0,0,3,990,0,1936,47.4776,-122.279,1260,8937,12.06249091705215
5,3.75,3700,7920,3.0,0,4,3,2900,800,1983,47.6865,-122.266,2860,6360,14.151982794585487
3,2.5,1930,5790,2.0,0,0,4,1930,0,1988,47.7733,-122.17,1790,4901,12.983101310070822
5,2.5,2450,6994,2.0,0,0,3,2450,0,2002,47.3572,-122.192,1940,6035,12.751299696013497
3,1.0,3060,30166,1.0,0,0,5,3060,0,1959,47.5656,-122.093,1880,19602,13.635187003832993
3,2.5,1630,2844,2.0,0,0,3,1630,0,2003,47.5413,-122.288,1610,2582,12.70972258554707
3,1.75,2120,18335,1.0,0,0,3,1380,740,1961,47.451,-122.273,2050,18333,12.425208175446844
4,2.0,1450,7560,1.0,0,0,3,1450,0,1967,47.3375,-122.276,1430,7560,12.367128004530962
4,2.5,2230,6487,2.0,0,0,3,2230,0,2003,47.3287,-122.169,2230,6882,12.628067055589549
3,1.0,1170,1105,1.0,0,0,3,1170,0,1965,47.5448,-122.375,1380,1399,12.821258284620408
3,1.75,1420,6289,1.0,0,0,3,1100,320,1967,47.7398,-122.314,1460,7402,12.706611541868012
4,2.5,2070,5415,2.0,0,0,3,2070,0,1996,47.5706,-122.006,2120,5331,13.267329147654515
3,1.75,2400,14012,1.0,0,0,3,2400,0,1971,47.3371,-122.325,2800,13988,12.785491060761776
3,2.0,1820,1358,3.0,0,0,3,1820,0,2014,47.5433,-122.376,1710,1367,13.081437210791684
2,1.0,910,8155,1.0,0,0,4,910,0,1948,47.7399,-122.3,1240,8155,12.560244459250788
3,2.5,1650,4636,2.0,0,0,3,1650,0,1999,47.5997,-122.016,1650,4504,13.049792684569493
4,2.5,2180,7204,2.0,0,0,3,2180,0,2014,47.7221,-122.352,1500,7650,13.506264307596652
3,3.0,2110,7794,1.0,0,0,3,2110,0,1981,47.4005,-122.293,1330,10044,12.402872221504781
4,2.5,2790,8111,2.0,0,0,3,2480,310,2004,47.4492,-122.116,2550,7634,13.005829561148378
2,1.0,880,2970,1.0,0,0,3,880,0,1927,47.6868,-122.349,1370,3060,13.106233995474446
3,2.0,1230,11413,1.0,0,0,3,990,240,1984,47.6321,-122.034,1570,11517,12.89921982609012
4,2.5,3270,35445,2.0,0,0,3,3270,0,1989,47.548,-122.121,4180,32130,13.883169206438088
4,2.0,2120,7806,1.0,0,0,4,1770,350,1949,47.6859,-122.166,1560,9920,13.122363377404328
3,1.5,1500,6337,1.0,0,0,5,1500,0,1953,47.7276,-122.312,1420,6337,12.506177237980511
4,2.25,1930,7452,1.0,0,0,3,1430,500,1984,47.4098,-122.189,1714,7200,12.65075846679162
3,2.5,2510,6320,2.0,0,0,3,2510,0,1996,47.5868,-122.033,2518,5819,13.398478813484644
5,1.75,1880,16617,1.0,0,0,3,960,920,1963,47.6003,-122.132,1720,8400,13.279367126213993
4,2.25,1770,7000,1.0,0,0,5,1770,0,1972,47.7193,-122.218,1780,6500,13.081541382884074
4,2.5,2500,11983,1.0,0,0,3,1320,1180,1984,47.4292,-122.148,1460,9005,12.652359748158593
4,2.5,2710,9248,2.0,0,0,3,2710,0,2011,47.5164,-121.875,2710,5000,13.199324418540456
4,1.75,1890,6000,1.0,0,0,4,1110,780,1947,47.7274,-122.305,1560,6356,12.971540487669746
2,1.0,1570,5000,1.5,0,3,4,1570,0,1924,47.5955,-122.294,1760,3000,13.592367006650065
4,2.5,2780,35000,1.0,0,0,4,2780,0,1985,47.7386,-122.091,2740,35072,13.421356241001977
2,1.0,1040,4172,1.0,0,0,3,1040,0,1946,47.6308,-122.302,3120,4800,12.821258284620408
3,1.5,1250,7700,1.0,0,0,5,1250,0,1968,47.5383,-122.178,1430,7700,12.92391243868049
6,3.0,2650,12870,1.0,0,0,4,2650,0,1977,47.2069,-121.989,1450,8668,12.691580461311874
3,1.0,1040,4000,1.0,0,0,3,1040,0,1950,47.6178,-122.292,1170,4000,12.994530005894443
4,1.0,1340,22500,1.5,0,0,3,1340,0,1926,47.489,-122.316,1620,10800,12.524526376648708
4,2.5,2340,5420,2.0,0,0,3,2340,0,2003,47.3773,-122.029,2420,6252,12.777052192115912
4,1.0,1620,17500,1.0,0,0,3,1620,0,1962,47.3021,-122.388,2400,17394,12.292250341771226
3,1.0,1380,7470,1.0,0,0,5,1380,0,1965,47.7479,-122.343,1440,7473,12.721885810807203
3,3.5,1590,1102,3.0,0,0,3,1590,0,2010,47.6824,-122.347,1620,3166,13.158695306651719
6,3.0,2400,9373,2.0,0,0,3,2400,0,1991,47.3262,-122.214,2060,7316,12.542544882151386
4,1.5,1730,7700,1.0,0,0,4,1010,720,1963,47.4996,-122.163,1650,8066,12.668233097314884
2,2.5,2380,9374,1.0,0,2,3,2380,0,2011,47.7095,-122.019,1610,5000,13.614617615584883
4,2.5,2120,9603,2.0,0,0,3,2120,0,1985,47.5348,-122.053,1990,9611,13.262125319779487
3,1.5,1580,5000,1.0,0,0,3,1290,290,1939,47.687,-122.386,1570,4500,13.458835614025542
3,1.5,1940,4000,1.5,0,0,3,1310,630,1915,47.6205,-122.291,1940,4000,13.498056327178823
2,1.75,1720,3000,1.0,0,0,5,860,860,1925,47.686,-122.351,1360,4500,13.244581010128577
4,3.5,3200,7605,2.0,0,2,3,2500,700,2013,47.3443,-122.327,2240,4416,13.507625778194974
4,2.75,3010,10450,2.0,0,0,3,3010,0,1996,47.6979,-122.112,3010,10530,13.604789526648622
3,2.5,1830,8022,2.0,0,0,3,1830,0,1987,47.6198,-122.044,2030,7736,13.184398768323781
4,2.5,2640,7883,2.0,0,0,3,2640,0,1990,47.3124,-122.188,2150,7683,12.791077667470416
4,1.0,1630,8400,1.0,0,0,3,1630,0,1962,47.3052,-122.362,1190,8989,12.25462468611234
5,1.0,1410,6400,1.0,0,0,5,960,450,1955,47.4207,-122.334,1400,6500,12.597547004611188
4,2.5,2280,9899,2.0,0,0,3,2280,0,1987,47.461,-122.148,1970,9451,12.691580461311874
3,1.0,1060,10050,1.0,0,0,4,1060,0,1967,47.7355,-122.231,1570,9938,12.721885810807203
4,1.0,1770,7345,1.5,0,0,3,1770,0,1966,47.5393,-122.351,1580,7345,12.524526376648708
3,2.25,2750,219542,2.0,0,0,3,1870,880,1981,47.6367,-121.948,2430,219542,13.142166004700508
3,2.25,2480,8755,2.0,0,0,3,2480,0,1979,47.4543,-122.125,2280,9940,12.691580461311874
3,2.25,2070,2833,2.0,0,2,3,1490,580,1966,47.5543,-122.398,1940,3794,13.422467969854667
3,1.0,1710,5110,1.0,0,0,3,1100,610,1954,47.5256,-122.379,1310,5110,12.89043132005704
1,1.0,1090,8750,1.0,0,0,4,1090,0,1924,47.54,-122.269,1830,5000,13.046561663988047
4,2.25,1920,3225,1.5,0,0,5,1300,620,1923,47.5848,-122.384,1960,3750,13.296316684527767
4,2.5,2200,110642,1.0,0,0,5,1330,870,1979,47.7409,-122.052,2290,51400,13.190022025878143
2,1.0,960,5000,1.0,0,0,3,960,0,1951,47.5188,-122.372,930,5000,12.267285329698163
3,1.75,1700,5750,1.5,0,2,5,1450,250,1925,47.5643,-122.38,1700,5750,13.208541073645382
3,1.0,1140,9779,1.0,0,0,3,1140,0,1963,47.424,-122.201,1520,9814,12.364357624495886
3,1.75,1080,1306,1.0,0,0,3,580,500,1954,47.6601,-122.4,1440,2225,12.7098736543592
2,1.0,950,2784,1.0,0,0,4,950,0,1972,47.3793,-122.321,1080,3899,12.001198684265708
3,1.0,1170,7395,1.0,0,0,4,1170,0,1969,47.4627,-122.19,1430,7920,12.449018824140563
4,1.75,2420,8400,1.0,0,0,5,1620,800,1964,47.5017,-122.165,1660,8400,12.765688433465597
4,2.5,2560,7492,2.0,0,0,3,2560,0,2014,47.4467,-122.287,1260,11541,12.897969044188466
3,2.5,1790,3078,2.0,0,0,3,1790,0,2010,47.5638,-122.094,1890,3078,13.180632285528304
4,1.5,1280,7400,1.0,0,0,3,1280,0,1958,47.6023,-122.123,1310,7400,12.814206451763162
3,2.5,2020,4861,2.0,0,0,3,2020,0,2005,47.4659,-122.144,2170,4600,12.577636201962656
5,1.75,1680,8400,1.0,0,0,4,1680,0,1979,47.3035,-122.307,1800,8550,12.072541252905651
3,1.75,1510,44000,1.0,0,0,3,1240,270,1989,47.4851,-121.716,2290,36242,12.959844447906553
2,1.5,1070,1236,2.0,0,0,3,1000,70,2005,47.5619,-122.382,1170,1888,12.903585283599758
3,1.0,990,9798,1.0,0,0,3,990,0,1968,47.767,-122.164,1210,9870,12.524526376648708
5,2.5,2830,25958,1.0,0,1,5,1610,1220,1979,47.5896,-122.083,2670,21567,13.458835614025542
3,2.5,2040,9622,2.0,0,0,3,2040,0,1995,47.4833,-121.8,2390,9868,13.102160670086809
3,2.25,1530,1396,2.0,0,0,3,1240,290,2007,47.666,-122.367,1690,2500,13.122363377404328
3,1.0,1800,5612,1.0,0,0,4,1200,600,1942,47.525,-122.378,1450,5250,12.855790268162783
4,2.75,2240,7200,1.0,0,0,3,1140,1100,1967,47.3357,-122.275,1580,7416,12.468436909997665
3,1.75,1390,8980,1.0,0,0,4,1390,0,1985,47.2015,-122.005,1770,9085,12.537173338349476
3,1.0,1400,9450,1.0,0,0,4,1060,340,1955,47.5051,-122.194,1400,8108,12.538967060803502
3,2.5,3380,7074,2.0,0,0,3,2200,1180,1999,47.7462,-121.978,2060,6548,12.983101310070822
3,1.0,910,8789,1.0,0,0,3,910,0,1966,47.4345,-122.326,1160,8789,12.30591798049989
5,3.0,3490,6091,2.0,0,0,3,3490,0,2009,47.7744,-122.225,2870,5932,13.480037821676145
3,2.0,1600,7995,1.0,0,0,3,1600,0,1950,47.5177,-122.257,2440,6900,12.714395139078047
5,5.5,5190,12637,2.0,0,2,3,5190,0,2001,47.5424,-121.872,3840,12637,13.737549016494562
4,2.75,2830,13059,2.0,0,0,3,2830,0,1998,47.595,-121.986,3840,11596,13.51979631381523
5,2.25,2300,11505,1.0,0,0,3,1300,1000,1963,47.3812,-122.223,2350,11505,12.60803161430905
3,2.5,2300,9752,2.0,0,2,3,2300,0,1968,47.5825,-122.076,2640,10764,13.547631112808673
3,2.0,2160,105415,1.0,0,0,3,2160,0,1991,47.4806,-122.152,2760,9620,13.704578997256993
3,2.5,2497,4400,2.0,0,0,3,2497,0,2007,47.2873,-122.283,2434,4400,12.524526376648708
5,2.5,2350,4000,2.0,0,0,3,2350,0,1993,47.6265,-122.296,1840,4000,13.721199878493033
5,3.0,2876,13927,1.0,0,2,4,1970,906,1973,47.5528,-122.229,3500,14454,13.704578997256993
3,2.5,2030,217805,1.0,0,0,3,2030,0,1999,47.3942,-122.515,1870,109468,13.244581010128577
3,1.75,1760,10349,1.0,0,0,3,1760,0,1957,47.6347,-122.173,1970,10933,13.262125319779487
3,2.5,2170,5000,2.0,0,0,3,2170,0,2003,47.5453,-121.996,2170,5000,13.366093562326927
2,1.75,1660,6000,1.0,0,0,3,1160,500,1942,47.6624,-122.291,1660,4000,13.089840185698769
1,1.0,620,8685,1.0,0,0,4,620,0,1976,47.4095,-122.29,1300,12150,12.072541252905651
3,3.5,2300,5611,1.0,0,0,3,2300,0,2004,47.7122,-122.026,2170,5926,13.422467969854667
4,2.5,2240,9385,2.0,0,0,3,2240,0,1991,47.7125,-122.332,2010,9000,13.287877815881902
5,1.75,1940,6654,1.5,0,0,4,1940,0,1953,47.4663,-122.359,2300,9500,12.873902018105829
3,1.0,1150,6000,1.5,0,0,3,1150,0,1927,47.4963,-121.787,1210,7700,12.634603026569334
3,1.0,880,18109,1.0,0,0,4,880,0,1970,47.3634,-122.101,940,11193,11.56171562913966
2,1.0,1020,7679,1.0,0,0,5,1020,0,1942,47.4915,-122.188,1280,6497,12.409013489526863
2,1.0,720,5880,1.0,0,0,3,720,0,1940,47.5056,-122.27,1440,7200,12.125404742462718
3,2.75,2330,4780,2.0,0,3,3,1730,600,1930,47.3459,-122.326,1100,5336,13.217673557208654
4,2.5,2490,11650,1.0,0,0,3,1390,1100,1990,47.4416,-122.332,2010,10495,12.506177237980511
2,1.0,790,5800,1.0,0,0,3,790,0,1943,47.6973,-122.36,1460,5800,12.944432168911668
2,1.5,1400,5000,1.0,0,0,4,1150,250,1904,47.6681,-122.362,1530,4200,13.151922179645874
2,1.5,830,1034,2.0,0,0,3,830,0,2009,47.5926,-122.3,1130,2534,12.751299696013497
4,1.75,2610,21600,1.0,0,0,4,2610,0,1966,47.6245,-122.227,2920,20330,14.077874822431765
2,1.0,830,6000,1.0,0,0,3,830,0,1940,47.5308,-122.376,830,4960,12.254862809699606
2,1.75,2320,5500,1.5,0,2,3,1720,600,1925,47.586,-122.292,2380,5000,13.458835614025542
4,2.5,1940,6206,2.0,0,0,3,1940,0,1990,47.3063,-122.359,2060,7092,12.537173338349476
2,1.0,840,3860,1.0,0,0,4,840,0,1909,47.6842,-122.365,1390,3860,12.798017320580957
3,1.0,1750,5355,2.0,0,0,4,1750,0,1929,47.6792,-122.31,2240,4590,13.47005811976228
4,2.5,1720,5805,2.0,0,0,3,1720,0,2000,47.3286,-122.208,2360,7700,12.59710070584057
5,1.75,3240,34510,2.0,0,0,4,2690,550,1963,47.5529,-122.027,2650,28250,13.312983737012978
3,1.5,1250,7194,1.0,0,0,4,1250,0,1969,47.7298,-122.231,1340,7242,12.788288265382837
4,4.5,4920,270236,2.0,0,3,3,3820,1100,2006,47.4695,-121.775,4920,260924,13.85665250129545
4,2.5,2320,12042,1.0,0,0,4,1320,1000,1975,47.763,-122.16,2160,7054,13.060487973686241
5,3.0,3340,10796,1.0,0,2,3,2120,1220,1964,47.5421,-122.229,3290,12955,14.099184609018517
4,3.5,4640,13404,2.0,0,0,3,4640,0,2007,47.531,-122.134,4690,13590,14.052557014447475
4,1.0,1730,177657,1.5,0,0,3,1730,0,1948,47.5163,-121.829,1400,45175,12.611537753638338
3,2.25,1400,2421,2.0,0,0,3,1400,0,2005,47.695,-122.169,1500,2743,13.367659733359671
3,1.0,1290,189486,1.0,0,0,4,1290,0,1960,47.3356,-122.157,2370,98881,12.793720411897448
4,2.25,1680,3179,2.0,0,0,3,1680,0,2002,47.3258,-122.186,1678,3590,12.449018824140563
3,2.25,2370,217800,2.0,0,0,3,2370,0,1979,47.6364,-121.984,3100,86248,13.282780098810234
3,2.5,2610,7301,2.0,0,0,3,2610,0,2004,47.7614,-122.139,2460,7181,13.262125319779487
3,3.0,2520,2152,1.5,0,0,3,1560,960,1925,47.6363,-122.371,1140,2152,13.567049198665774
3,2.5,2550,5376,2.0,0,0,3,2550,0,2004,47.6647,-122.083,2250,4050,13.474427708785377
3,1.0,1050,5156,1.5,0,0,3,1050,0,1919,47.5169,-122.358,1050,5502,12.013700752882718
3,1.0,1010,8848,1.0,0,0,4,1010,0,1968,47.2742,-122.299,1380,10650,12.345399710751273
2,1.0,940,5120,1.0,0,0,3,940,0,1909,47.6073,-122.308,1300,5120,12.834681304952548
3,2.0,1910,13505,1.0,0,0,3,1910,0,1955,47.7114,-122.23,2010,8000,12.929870265288878
2,1.0,1010,11919,1.0,0,0,3,1010,0,1947,47.7461,-122.322,1220,11240,12.611537753638338
4,2.5,3360,11548,2.0,0,0,3,3360,0,1988,47.6534,-122.182,3400,14091,13.764217263576723
2,1.75,1030,1066,2.0,0,0,3,765,265,2006,47.5394,-122.387,1030,1106,12.721885810807203
3,1.0,1140,5395,1.0,0,0,4,1010,130,1909,47.6782,-122.306,1700,5376,13.263862939678027
3,1.75,2300,11400,1.0,0,0,4,1520,780,1977,47.6884,-122.128,2300,10140,13.132313708257497
4,2.5,3160,13194,2.0,0,0,5,3160,0,1965,47.5472,-122.233,3490,13194,13.989463865087712
2,1.75,1130,276170,1.0,0,0,3,1130,0,2006,47.2673,-122.027,2092,217800,13.244581010128577
2,1.75,930,7080,1.0,0,0,3,930,0,1923,47.5224,-122.36,1100,7680,12.524526376648708
3,1.0,990,7420,1.0,0,0,5,990,0,1960,47.2898,-122.221,1010,7420,12.245293358683455
1,1.0,720,123710,1.0,0,0,4,720,0,1935,47.2893,-122.084,1860,297514,12.429216196844383
4,2.25,2660,7957,1.0,0,0,4,1750,910,1977,47.7351,-122.199,1890,8250,13.17115354157376
2,1.75,2080,4800,1.0,0,0,5,1080,1000,1923,47.6896,-122.362,1310,4800,13.514405465180353
2,1.0,920,6600,1.0,0,0,3,920,0,1919,47.5452,-122.27,1510,5944,12.94084150078094
3,2.5,2460,6600,1.5,0,0,4,1560,900,1929,47.6364,-122.351,2090,3400,13.744014556259204
4,2.75,1890,5240,1.0,0,0,3,980,910,1981,47.5528,-122.356,1600,5240,12.834681304952548
3,1.75,1630,8400,1.0,0,0,4,1060,570,1955,47.5983,-122.149,1630,7245,13.122343377204325
4,3.5,5440,38900,2.0,0,0,3,5440,0,1990,47.6605,-122.069,4830,41313,14.385924973141922
2,1.0,1400,9600,1.5,0,0,4,1400,0,1941,47.2113,-121.993,1230,9600,12.206072645530174
4,2.5,2910,6555,2.0,0,0,3,2910,0,2005,47.6659,-122.172,2910,10419,13.604789526648622
3,2.25,1820,99752,1.0,0,0,4,1820,0,1969,47.2838,-122.006,1850,117612,12.818551923022664
4,3.5,3230,7200,1.0,0,1,3,1640,1590,2000,47.6838,-122.212,2660,7200,14.141210697603576
3,2.0,1900,9513,1.0,0,0,3,1900,0,1995,47.2843,-122.357,1790,8028,12.66032791780777
4,2.75,2390,6820,2.0,0,0,4,2140,250,1945,47.6788,-122.27,1980,6820,13.591116224748411
4,1.75,1450,10074,1.0,0,0,4,1450,0,1966,47.4546,-122.182,1340,8023,12.644166273130065
4,3.5,3070,4684,2.0,0,0,3,2190,880,2009,47.5316,-122.076,2290,2664,13.573438996764546
3,1.75,1400,5648,1.5,0,0,5,1400,0,1917,47.5133,-122.196,2320,9420,12.425208175446844
2,2.0,1140,12000,1.0,0,0,3,1140,0,1943,47.5277,-122.031,1880,6125,13.081541382884074
2,1.0,1150,6835,1.0,0,1,3,1010,140,1922,47.5567,-122.273,1150,6561,12.959844447906553
3,1.75,1530,6300,1.0,0,0,3,1530,0,1942,47.516,-122.375,920,6300,12.929991484756872
3,1.75,1970,54450,1.0,0,0,3,1570,400,1980,47.5936,-122.012,2460,36677,13.38472764187182
3,2.5,1830,8372,2.0,0,0,3,1830,0,1987,47.3116,-122.4,1770,8372,12.374865602094301
4,3.5,4080,10666,2.0,0,0,3,4080,0,2005,47.6818,-122.023,3920,8154,13.732128949025222
4,3.5,3930,43560,2.0,0,0,3,3930,0,2003,47.7497,-122.121,2860,36460,13.997832114758229
3,1.0,1010,9945,1.0,0,0,4,1010,0,1973,47.5324,-121.763,1390,12710,12.644327576461329
4,1.0,1200,11834,1.0,1,3,3,1200,0,1972,47.4557,-122.443,1670,47462,12.736700896592344
2,1.0,820,4234,1.0,0,1,3,820,0,1951,47.5294,-122.386,1550,4236,12.873773804758644
4,2.5,1950,4947,2.0,0,0,3,1950,0,2000,47.5042,-122.193,1760,5611,13.017000639521811
3,1.75,1670,5375,1.0,0,0,3,1270,400,1952,47.6416,-122.397,1460,6125,13.457406021215947
3,2.0,2590,108900,2.0,0,0,3,1980,610,1988,47.4088,-122.055,3170,108900,13.128345449081877
4,2.5,3300,28433,2.0,0,0,3,3300,0,1998,47.5072,-122.112,3550,26386,13.493926933836812
3,1.75,1250,7710,1.0,0,0,4,1250,0,1947,47.7623,-122.317,1340,7710,12.730801174465157
3,2.25,2020,21010,2.0,0,0,3,2020,0,1995,47.6988,-121.915,1850,18151,12.948009990259552
4,2.75,2640,9000,2.0,0,0,3,2640,0,1990,47.6481,-122.125,2980,9137,13.579788224443204
4,2.0,1730,9139,2.0,0,0,3,1730,0,1957,47.7181,-122.316,1410,7311,13.053549061403968
3,1.0,840,4495,1.0,0,0,3,840,0,1921,47.496,-122.349,1260,7434,12.43320821811392
3,2.5,2160,7584,2.0,0,0,3,2160,0,1988,47.5751,-122.014,2160,7372,13.226723392728571
4,1.75,2100,4400,1.5,0,0,5,1720,380,1924,47.5299,-122.266,1850,4400,13.005829561148378
3,2.25,2820,8100,1.0,0,0,4,1720,1100,1947,47.4944,-122.304,1040,8100,12.604764869350909
3,2.5,2370,4375,2.0,0,0,3,2370,0,2006,47.354,-121.999,2380,4606,12.810388612383504
4,3.5,3490,87497,2.0,0,0,3,3490,0,2001,47.4028,-122.002,2400,55657,13.498056327178823
4,1.75,1790,11875,1.0,0,0,4,1490,300,1969,47.522,-122.047,1870,11760,12.92391243868049
2,1.0,1440,4046,1.0,0,0,3,960,480,1946,47.6901,-122.382,1400,4046,13.096019402064726
3,1.5,1550,8000,1.0,0,0,3,1330,220,1980,47.5536,-122.286,1150,5150,12.863592648446968
3,2.5,2340,35021,1.0,0,0,3,2340,0,1986,47.3988,-122.028,2630,35190,13.17115354157376
4,2.5,2490,5812,2.0,0,0,3,2490,0,2000,47.3875,-122.155,2690,6012,12.748978162759576
4,2.5,2450,4247,2.0,0,0,3,2450,0,2013,47.7048,-122.113,2970,4685,13.476111241621927
5,3.25,3920,4832,2.0,0,0,3,3030,890,2014,47.5202,-121.885,2660,4832,13.331326865144705
4,1.75,1700,6000,1.0,0,0,3,1700,0,1967,47.3252,-122.208,1280,6000,11.911030218672101
4,2.5,2290,11173,2.0,0,0,4,2290,0,1988,47.4314,-122.164,2290,10404,12.986543654261794
4,1.5,1610,6923,1.0,0,0,3,1010,600,1969,47.3747,-122.306,1320,7684,12.524526376648708
5,4.75,3830,35000,1.0,0,0,3,2130,1700,1976,47.7597,-122.079,2750,36150,13.081541382884074
3,1.5,1280,3640,2.0,0,0,3,1280,0,1983,47.334,-122.214,1150,4105,12.125404742462718
4,3.25,4290,12103,1.0,0,3,3,2690,1600,1997,47.5503,-122.102,3860,11244,14.151982794585487
3,1.5,2230,8558,2.0,0,0,3,2230,0,1960,47.5833,-122.219,2200,8558,13.437174117244362
5,2.0,2020,4000,2.0,0,0,3,2020,0,1950,47.5799,-122.305,1960,4000,12.86099861326992
4,2.75,2090,8064,2.0,0,0,5,2090,0,1967,47.6829,-122.195,1460,8400,13.473020249017498
3,2.0,1760,5000,1.0,0,0,5,960,800,1920,47.6408,-122.403,1380,5000,13.351886535682578
2,1.5,830,920,2.0,0,0,3,830,0,2005,47.5998,-122.306,830,1200,12.751299696013497
4,1.5,2220,9496,1.0,0,0,4,1490,730,1954,47.6233,-122.206,1800,8286,13.733215315237445
3,1.5,1380,6657,2.0,0,0,3,1380,0,1986,47.7085,-122.217,1420,8187,13.028052697933088
3,1.5,1250,4000,1.0,0,0,3,1250,0,1955,47.6916,-122.379,1030,4000,13.021437458814368
3,1.0,1190,8450,1.0,0,0,5,1190,0,1961,47.4807,-122.157,1660,8450,12.674512552799726
4,2.25,2580,7344,2.0,0,0,3,2580,0,1977,47.5647,-122.09,2390,7507,13.284482226880764
3,1.75,2070,37904,1.0,0,0,4,1420,650,1973,47.425,-122.186,2011,19110,12.644327576461329
4,2.0,2195,2681,1.0,0,0,3,1060,1135,1912,47.6965,-122.342,1710,1280,12.88016441955496
4,2.5,2880,8400,2.0,0,4,3,2050,830,1955,47.7704,-122.386,2880,7440,13.560618308335483
4,2.5,2020,7200,1.5,0,0,4,2020,0,1954,47.5223,-121.818,1440,7200,12.675920012567607
4,2.75,3210,6825,1.0,0,0,5,1810,1400,1975,47.7338,-122.169,1840,8000,13.270783382522602
5,3.75,4320,39094,2.0,1,4,3,4320,0,1938,47.7519,-122.276,1920,7750,14.403297222866392
3,2.5,2250,9235,2.0,0,0,3,2250,0,1985,47.7268,-122.105,2290,8187,13.215853720491667
4,2.5,2390,9600,2.0,0,0,3,2390,0,1996,47.3289,-122.001,1900,9603,12.658739355122632
3,2.0,1470,1656,2.0,0,0,3,1310,160,2003,47.5653,-122.369,1470,2288,12.84792653170257
3,1.75,1460,6360,1.0,0,2,3,1010,450,1979,47.5311,-122.353,1400,4240,12.665078520566368
4,2.25,2190,3746,2.0,0,0,3,2190,0,2005,47.3896,-122.034,2200,3591,12.591335046320818
2,1.0,790,13170,1.0,0,0,3,790,0,1947,47.5487,-122.357,970,12700,12.542544882151386
3,2.5,3100,20553,1.0,0,0,3,3100,0,1954,47.7635,-122.377,3000,22302,13.742939865129438
3,1.5,1540,11858,1.0,0,0,4,1540,0,1966,47.4755,-122.157,1550,11473,12.7868906411162
4,2.5,2600,11542,1.5,0,0,4,2200,400,1939,47.7076,-122.377,2840,10960,14.018451401960965
3,3.25,1876,1531,3.0,0,0,3,1876,0,2009,47.6864,-122.265,1876,1533,13.326935543133104
4,2.5,2300,4249,2.0,0,0,3,2300,0,2006,47.3516,-122.0,2390,4385,12.774223335915433
3,2.25,1660,8188,2.0,0,0,4,1660,0,1988,47.3766,-122.115,1660,7000,12.445089546000673
2,1.0,860,5800,1.0,0,0,5,860,0,1942,47.4979,-122.183,900,6000,12.31447851937396
2,1.5,1710,4189,1.0,0,1,5,1160,550,1951,47.5286,-122.383,1530,5608,13.024750548537328
4,2.5,2080,9846,1.0,0,0,3,1240,840,1984,47.3338,-122.268,1890,7977,12.56706326353651
2,2.0,1170,8251,1.0,0,0,3,1170,0,1941,47.6873,-122.291,1360,6798,12.883649231099161
4,2.5,2300,8100,1.0,0,0,4,1360,940,1979,47.2979,-122.371,1910,7630,12.608198852372823
3,1.0,1700,7700,1.0,0,0,3,1120,580,1960,47.5114,-122.318,1700,8800,12.429216196844383
4,1.75,1880,4080,1.0,0,0,3,940,940,1924,47.6754,-122.327,1410,4080,13.296316684527767
3,2.0,1670,6824,1.0,0,0,3,1300,370,1990,47.3666,-122.084,1660,7586,12.314927050442256
3,2.0,1460,10311,1.0,0,0,4,1460,0,1975,47.6771,-122.156,1690,9679,13.02915099568215
5,3.0,3730,5500,1.5,0,0,3,2160,1570,1927,47.6507,-122.32,1890,5500,13.795001681332733
4,2.5,4080,11054,2.0,0,0,3,4080,0,2001,47.5188,-122.151,3520,11914,13.864300722133706
2,2.5,1520,1588,2.0,0,0,3,1240,280,2007,47.5825,-122.313,1660,6000,12.971540487669746
2,1.5,950,676,2.0,0,0,3,850,100,2003,47.6005,-122.306,950,1280,12.624782980388359
3,2.0,1020,889,2.0,0,0,3,720,300,2009,47.5434,-122.375,1130,972,12.542544882151386
4,2.75,3020,7203,2.0,0,0,3,3020,0,2014,47.6948,-122.178,3010,7215,13.687620366658358
3,2.25,2550,8588,1.0,0,4,3,2550,0,1989,47.7711,-122.195,3050,8588,13.102160670086809
3,2.5,1950,3000,2.0,0,0,3,1950,0,2001,47.4938,-122.337,1620,6000,12.66032791780777
3,1.5,2700,24539,2.0,0,0,3,2120,580,1977,47.7348,-121.984,1830,11000,13.171058298943088
3,1.0,1060,7473,1.0,0,0,3,1060,0,1959,47.3699,-122.309,1320,7912,12.367340793126296
3,2.0,1300,9644,1.0,0,0,3,1300,0,1994,47.3131,-121.998,1430,9656,12.495003937382387
3,1.75,1670,6720,1.0,0,0,3,1140,530,1980,47.7198,-122.193,1670,7320,12.911642346088676
3,2.25,1610,11920,1.0,0,0,4,1110,500,1968,47.3683,-122.279,1690,11839,12.531772785169476
2,1.0,820,5700,1.0,0,0,5,820,0,1942,47.4915,-122.184,1000,5700,12.245293358683455
3,1.75,1900,8910,2.0,0,0,4,1900,0,1988,47.2769,-122.145,1610,8586,12.345617172968069
3,2.25,1700,9600,2.0,0,0,3,1700,0,1984,47.39,-122.158,1930,9600,12.591335046320818
2,0.75,840,49658,1.0,0,0,2,840,0,1948,47.4727,-122.292,1240,11000,12.254862809699606
3,3.0,2880,3750,2.0,0,0,3,2220,660,1909,47.6155,-122.29,1910,4000,13.815510557964274
3,2.25,1880,7488,2.0,0,0,3,1880,0,1980,47.3631,-122.277,2180,7344,12.577636201962656
2,1.0,950,15996,1.0,0,0,4,950,0,1946,47.4987,-121.787,950,25510,12.173032791451973
3,2.5,2185,6042,2.0,0,0,3,2185,0,2009,47.3573,-122.202,2297,5876,12.832011076396668
3,2.5,2540,40106,2.0,0,0,3,2540,0,1991,47.6037,-122.043,3190,71797,13.142166004700508
3,1.75,1520,9600,1.0,0,0,4,1520,0,1967,47.473,-122.149,1590,10183,12.660169175050076
3,2.5,1600,7982,2.0,0,0,3,1600,0,1993,47.3397,-122.266,1890,9830,12.66032791780777
4,2.5,2260,6086,2.0,0,0,3,2260,0,1999,47.3642,-122.174,2260,6218,12.736553826954605
3,1.75,1490,5000,1.0,0,1,3,1250,240,1954,47.5257,-122.392,1980,5000,13.244581010128577
4,2.5,3170,5100,2.0,0,0,3,3170,0,2012,47.5187,-122.208,1580,5100,13.521139497361697
4,2.5,2770,6000,2.0,0,0,3,2400,370,1993,47.5536,-122.383,2120,6000,13.437174117244362
3,2.75,3610,107386,1.5,1,3,3,3130,480,1918,47.3351,-122.362,2630,42126,12.959844447906553
3,2.5,1720,4515,2.0,0,0,3,1720,0,2005,47.5426,-121.879,2220,4618,12.871334622600584
4,1.75,1950,13440,1.5,0,0,4,1950,0,1931,47.5232,-121.821,1300,7432,12.721885810807203
5,2.5,2760,8015,1.0,0,0,4,1600,1160,1960,47.7255,-122.297,460,18000,12.842649474601725
3,2.0,1630,8018,1.0,0,0,3,1630,0,2003,47.2638,-122.243,1610,8397,12.468436909997665
2,1.0,840,7414,1.0,0,0,4,840,0,1928,47.6771,-122.172,1740,9784,12.793859310432293
4,1.75,1650,7276,1.0,0,0,3,1010,640,1977,47.7721,-122.206,1840,8550,13.060487973686241
3,2.5,1710,10341,2.0,0,2,3,1710,0,1986,47.3494,-122.171,1830,9358,12.567237494741757
3,1.75,2380,10450,1.0,0,0,3,1400,980,1977,47.6409,-122.111,2150,9600,13.244581010128577
3,3.25,1760,1778,3.0,0,0,3,1760,0,2008,47.7201,-122.301,1520,1615,13.060381585048447
4,4.5,4650,7660,2.0,0,0,3,3640,1010,2008,47.6349,-122.198,1710,8400,14.375126345899696
3,2.5,2020,5613,2.0,0,0,3,2020,0,2003,47.6835,-122.035,2020,4609,13.176851562688398
3,1.75,2220,17568,1.0,0,0,4,2220,0,1967,47.749,-122.083,2070,11745,12.987688474077727
3,2.5,2210,6280,2.0,0,0,3,2210,0,2003,47.35,-122.043,2250,5972,12.793720411897448
2,1.0,1210,7440,1.0,0,0,3,780,430,1940,47.7376,-122.322,1070,7440,12.694652660348845
3,2.5,1780,4050,2.0,0,0,3,1780,0,2001,47.7346,-122.308,1571,4976,12.821258284620408
5,3.0,3640,6930,2.0,0,0,3,3640,0,2004,47.3521,-122.012,3740,7182,13.226723392728571
3,1.5,1340,7391,1.0,0,0,4,1340,0,1966,47.3837,-122.317,1300,7391,12.409013489526863
3,1.0,1480,32700,1.0,0,0,4,1380,100,1942,47.4949,-122.327,1500,22600,12.577636201962656
4,2.25,2150,8250,1.0,0,0,4,1240,910,1978,47.3045,-122.378,2050,7875,12.560244459250788
3,2.0,1770,6610,1.0,0,0,4,960,810,1954,47.7703,-122.343,2010,4361,13.015891132893811
3,1.0,1010,7200,1.0,0,0,5,1010,0,1948,47.7601,-122.307,1590,7663,12.669806661762314
3,1.0,1100,17334,1.0,0,0,3,1100,0,1978,47.3003,-122.27,1530,18694,11.842229212112828
4,3.0,2530,5625,1.0,0,0,3,1470,1060,1976,47.7094,-122.233,1840,7070,13.345506928718539
3,2.25,2520,78408,2.0,0,0,3,2520,0,1988,47.3514,-122.279,1490,29972,13.016753941879633
4,3.5,3500,4080,2.0,0,2,3,2590,910,2004,47.6834,-122.292,2430,5100,13.825460888817442
4,3.25,3600,38016,2.0,0,2,3,3310,290,1991,47.7124,-122.253,2440,22693,14.162640089059476
3,2.75,4120,16365,1.0,0,2,3,4120,0,1999,47.5265,-122.148,4020,14110,14.077874822431765
4,2.75,3260,19542,1.0,0,0,4,2170,1090,1968,47.6245,-122.236,3480,19863,14.446782334806132
4,2.5,2290,12047,2.0,0,0,4,2290,0,1988,47.5599,-122.105,3130,15666,13.508985397711013
2,1.0,840,6720,1.0,0,0,3,840,0,1952,47.5707,-122.396,1250,6720,12.779873068457553
3,1.0,880,9238,1.5,0,0,5,880,0,1946,47.7494,-122.319,1170,9238,12.582795284772684
4,2.5,3350,4501,2.0,0,0,3,2640,710,2002,47.688,-122.379,1000,4500,13.737549016494562
3,2.25,1830,25641,2.0,0,0,3,1830,0,1989,47.4786,-122.112,1500,25641,12.84660987581782
3,2.5,3090,67082,2.0,0,0,3,3090,0,1990,47.4032,-122.023,3650,62290,13.248996028337695
4,2.5,1910,8947,1.0,0,0,4,1160,750,1970,47.7374,-122.183,1920,7350,13.151922179645874
4,3.0,2910,8540,2.0,0,0,3,2910,0,2003,47.5223,-122.156,3040,6091,13.460263166016727
3,3.25,1530,1786,2.0,0,0,3,1200,330,2007,47.6783,-122.366,1390,2900,13.235692062711331
5,2.25,2590,7245,1.0,0,0,3,1510,1080,1973,47.6398,-122.111,1930,7245,13.197470849891134
4,1.0,1430,5909,1.0,0,0,3,1070,360,1947,47.7623,-122.313,1460,8433,12.506177237980511
5,3.25,2180,7200,2.0,0,0,4,2180,0,1982,47.7078,-122.234,1840,7644,13.06685066747407
3,1.75,1810,10463,1.0,0,0,4,1810,0,1969,47.4581,-122.162,1620,8551,12.738170404571704
3,2.5,2280,12746,1.0,0,0,4,1490,790,1973,47.6362,-122.175,2100,12746,13.541073712262515
3,2.5,1730,46638,2.0,0,0,3,1730,0,1991,47.4614,-121.709,1750,35508,12.983101310070822
4,2.5,1900,15123,2.0,0,0,3,1900,0,1995,47.5015,-121.772,1900,16477,12.92391243868049
3,1.0,1790,6000,1.5,0,0,2,1790,0,1937,47.5448,-122.32,1060,4000,12.959844447906553
3,2.5,2780,11964,2.0,0,0,3,2780,0,2009,47.7127,-122.216,1760,9640,13.623744542342319
5,2.5,3270,6129,2.0,0,0,3,3270,0,2004,47.4461,-122.208,2980,5928,13.091904169919621
5,3.25,3950,11438,2.0,0,2,3,3430,520,2006,47.6898,-122.189,2070,10751,14.166167429577444
5,1.75,2190,27260,1.0,0,0,4,2190,0,1947,47.4546,-122.337,1620,39480,12.644327576461329
3,1.5,1500,10227,1.0,0,0,4,1000,500,1945,47.2043,-121.996,1490,7670,12.45722039325398
3,1.0,940,2366,1.0,0,0,3,940,0,1916,47.6744,-122.383,1500,5000,12.782686009834167
2,1.0,750,6480,1.0,0,0,3,750,0,1943,47.5195,-122.35,1050,6390,12.380025952653611
2,1.0,870,5700,1.0,0,0,4,870,0,1957,47.498,-122.17,1020,5700,11.918390573078392
4,2.5,2430,5499,2.0,0,0,3,2430,0,2002,47.3779,-122.125,2890,5190,12.644327576461329
4,2.75,2030,56192,1.0,0,0,3,1550,480,1979,47.752,-122.073,2510,44866,12.994530005894443
3,1.75,1270,7875,1.0,0,0,4,1270,0,1980,47.3696,-122.17,1830,7210,12.154779351142624
4,2.75,4510,5000,2.5,0,2,3,3270,1240,1941,47.6852,-122.4,2010,5000,13.870945264852375
4,2.75,2230,50094,1.0,0,2,4,1330,900,1977,47.2576,-122.099,2230,40770,12.685407602204794
2,1.0,680,6400,1.0,0,0,3,680,0,1943,47.5136,-122.316,1240,7800,12.100156419938624
4,1.0,1460,4600,1.0,0,2,3,780,680,1946,47.566,-122.38,1560,4600,13.005829561148378
3,2.5,1820,8722,1.5,0,0,3,1820,0,1926,47.2137,-121.989,1480,12285,12.567237494741757
4,3.0,3140,9058,1.0,0,0,3,2140,1000,1989,47.5462,-122.154,2760,10018,13.759997848034015
4,3.5,4440,20668,2.0,0,2,5,3240,1200,1965,47.5472,-122.235,4240,18650,14.363631966473962
4,2.5,2280,5000,2.0,0,0,3,2280,0,2006,47.3593,-122.037,2910,5000,12.751299696013497
5,3.0,2110,10766,2.0,0,0,3,2110,0,2005,47.3599,-122.176,1460,10400,12.66032791780777
2,1.0,1120,5650,1.0,0,1,3,720,400,1904,47.5155,-122.255,2160,6480,12.409013489526863
3,2.5,1840,9900,1.0,0,0,3,1840,0,1978,47.6131,-122.151,2730,9900,13.221303325259232
4,4.5,3780,6000,2.0,0,4,4,2770,1010,1910,47.5922,-122.388,2660,6000,14.284820196454122
3,1.0,1360,5840,1.0,0,0,4,1360,0,1953,47.4945,-122.166,1250,6708,12.441934969252157
3,1.75,1820,34800,1.0,0,0,4,1820,0,1967,47.4616,-121.98,2570,52707,12.840000466430148
3,1.5,1600,10440,1.0,0,0,3,1600,0,1954,47.7109,-122.311,1600,8816,12.873902018105829
5,6.75,9640,13068,1.0,1,4,3,4820,4820,1983,47.557,-122.21,3270,10454,15.356241272388583
2,1.0,790,7153,1.0,0,0,4,790,0,1944,47.4869,-122.324,810,7128,12.26434155365415
2,1.75,1170,2400,1.0,0,0,4,740,430,1903,47.6653,-122.333,1570,3919,13.120361374733656
4,2.5,2810,11897,2.0,0,0,3,2810,0,2003,47.3251,-122.186,1770,4240,12.863592648446968
4,2.5,2710,8127,2.0,0,0,3,2710,0,1994,47.379,-122.032,2520,8436,12.89896979483491
3,3.0,3730,35900,1.0,0,0,3,2960,770,1979,47.5814,-122.122,2280,16026,13.623138665316818
4,2.0,2060,6000,1.0,0,1,4,1370,690,1954,47.5237,-122.383,2060,6600,13.465953081794405
2,1.5,988,1080,3.0,0,0,3,988,0,2007,47.7123,-122.301,1128,1080,12.594730635321957
5,3.5,3180,40946,1.0,0,3,3,1690,1490,1968,47.5833,-122.073,2430,29620,13.279367126213993
2,1.0,990,4313,1.5,0,2,4,990,0,1917,47.5677,-122.38,1480,5750,12.999065161059836
3,1.75,1300,4127,1.0,0,0,4,650,650,1918,47.5353,-122.352,1420,4000,12.506177237980511
3,1.0,1040,8645,1.0,0,0,4,1040,0,1962,47.3631,-122.116,1290,8645,12.19804047383291
2,1.75,2090,11317,1.0,0,0,5,1090,1000,1931,47.4594,-122.279,1940,11317,12.524526376648708
2,1.0,830,9000,1.0,0,0,3,830,0,1939,47.3813,-122.243,1160,7680,11.350406535472453
5,2.5,3200,17204,1.0,0,0,3,2160,1040,1952,47.6209,-122.222,4090,15732,14.054527458434775
4,1.5,1800,10150,1.5,0,0,4,1800,0,1958,47.7325,-122.242,1630,10660,13.016891744462095
5,2.5,2070,9600,1.0,0,0,3,1270,800,1962,47.4997,-122.364,1950,7800,12.886641043883259
3,1.75,1260,11775,1.0,0,0,5,1260,0,1942,47.5501,-122.296,1270,5480,12.774223335915433
5,2.5,3840,16905,2.0,0,0,3,3840,0,1991,47.2996,-122.342,3270,12133,13.228523573232719
3,2.25,2370,38639,1.0,0,0,3,1930,440,1978,47.771,-122.099,2900,37452,13.142166004700508
3,2.25,2890,21480,2.0,0,4,3,1790,1100,1941,47.5027,-122.381,2110,8107,13.885502929784309
4,1.75,1920,9380,1.0,0,0,3,1920,0,1964,47.6344,-122.118,1580,8580,13.081541382884074
4,1.0,1410,3376,1.5,0,0,5,1410,0,1911,47.6606,-122.365,1040,3600,13.241034907121827
4,1.75,1770,7336,1.0,0,0,4,1770,0,1986,47.4265,-122.163,2030,8183,12.765688433465597
3,1.75,1300,8099,1.0,0,0,4,1080,220,1976,47.5026,-122.172,1270,8099,12.524526376648708
4,2.25,2210,14073,1.0,0,0,3,1630,580,1978,47.4774,-122.142,2340,11340,12.983101310070822
3,2.5,1930,64904,1.0,0,0,4,1930,0,1988,47.346,-122.157,2350,57500,12.873902018105829
2,1.75,1950,2719,1.0,0,0,5,1010,940,1919,47.6513,-122.346,1360,1256,13.493926933836812
3,1.75,1630,5999,1.5,0,0,4,1630,0,1985,47.3816,-122.313,1540,7500,12.487485104968359
3,1.75,1990,13000,2.0,0,3,3,1990,0,1980,47.7439,-122.262,2880,11340,13.458835614025542
3,2.5,1820,1866,2.0,0,0,3,1570,250,2008,47.4643,-122.346,1660,6900,12.699243334057444
2,1.75,1050,2926,1.0,0,0,4,1050,0,1974,47.3811,-122.317,1150,3802,12.138863895836725
3,2.0,1470,16500,1.0,0,0,3,1470,0,1961,47.3617,-122.061,1720,14406,12.611537753638338
6,4.25,5550,11547,2.0,0,2,3,4270,1280,2014,47.6547,-122.202,3480,11547,14.669925886120343
2,1.0,720,5913,1.0,0,0,3,720,0,1920,47.5447,-122.27,1560,6600,12.345834587905333
3,1.75,2100,5000,1.5,0,0,3,2100,0,1916,47.6776,-122.36,1830,4200,13.458835614025542
3,1.0,1320,7341,1.0,0,0,3,1320,0,1982,47.7367,-122.295,1160,7573,12.821258284620408
4,2.0,2110,4140,2.0,0,0,3,1710,400,1925,47.5836,-122.387,1440,4420,13.493926933836812
4,2.5,2800,28254,2.0,0,0,3,2800,0,2001,47.3552,-122.063,2530,4694,12.994530005894443
5,3.5,3990,5000,2.0,0,0,3,2910,1080,2004,47.54,-122.27,1310,5000,13.514405465180353
4,2.0,1940,25600,1.0,0,0,1,1940,0,1962,47.5722,-122.129,2000,10071,12.80765263256463
3,2.5,3060,9576,2.0,0,0,3,3060,0,2005,47.5928,-122.199,3060,9579,14.051783539850701
3,2.25,1680,35127,2.0,0,0,3,1680,0,1987,47.3025,-122.067,1820,35166,12.560244459250788
3,2.75,1780,15114,1.0,0,0,3,1080,700,1980,47.258,-122.305,1792,10155,12.66032791780777
4,1.75,1760,5356,1.0,0,0,4,920,840,1950,47.679,-122.288,1680,5184,13.279367126213993
7,4.75,5310,8816,2.0,0,0,3,3650,1660,2013,47.6221,-122.208,2920,10610,14.648419680899378
4,1.75,2240,9886,1.5,0,0,4,2240,0,1965,47.6294,-122.116,1540,8040,13.122363377404328
3,1.75,1330,10523,1.0,0,0,3,1000,330,1981,47.4605,-122.206,1320,8775,12.59642411582829
2,2.25,1490,6770,1.5,0,0,3,1490,0,1926,47.5577,-122.297,1820,7875,13.081541382884074
4,2.5,2850,37522,2.0,0,0,3,2850,0,1987,47.5852,-121.992,2980,35280,13.37700559577791
4,4.0,5780,7173,2.0,0,0,3,4130,1650,2008,47.6374,-122.288,3930,7994,14.876767060088614
4,1.75,2360,4750,2.0,0,0,5,1660,700,1911,47.6729,-122.293,1810,4750,13.5985975564007
3,2.5,3080,13880,2.0,0,0,3,3080,0,1990,47.3726,-122.025,2780,15318,13.253389885423228
4,1.75,1510,5500,1.5,0,0,3,1510,0,1920,47.535,-122.359,1320,6431,12.429216196844383
3,1.75,1650,1180,3.0,0,0,3,1650,0,2014,47.6636,-122.319,1720,1960,13.303016877097587
3,1.0,1220,4541,1.0,0,0,3,890,330,1952,47.5387,-122.294,1670,3429,12.544329003944888
3,2.5,2440,10363,2.0,0,0,3,2440,0,1988,47.5634,-122.016,2500,10728,13.337474757021274
2,3.25,3570,392475,1.0,0,0,3,2370,1200,1998,47.5448,-121.93,3190,217800,13.635187003832993
3,3.25,1550,1280,2.0,0,0,3,1220,330,2013,47.6493,-122.384,1550,1579,13.253391639810733
4,2.5,1850,5040,1.0,0,0,3,1230,620,1930,47.5386,-122.373,1010,5040,13.01477816672439
2,1.0,730,9975,1.0,0,0,1,730,0,1943,47.4808,-122.315,860,9000,11.302204433654575
5,4.0,1680,7268,1.0,0,0,3,1370,310,2008,47.5571,-122.356,2040,8259,13.208541073645382
5,2.5,2760,11340,2.0,0,0,4,2760,0,1978,47.4769,-122.141,2470,11340,12.84792653170257
5,2.5,3597,4972,2.0,0,0,3,3597,0,2006,47.3002,-122.282,3193,6000,12.706847933442663
3,2.0,2700,6120,1.0,0,0,4,1350,1350,1962,47.6731,-122.327,1700,4590,13.721199878493033
2,1.0,1240,7590,1.0,0,0,4,1040,200,1939,47.7061,-122.34,1190,5692,12.793720411897448
3,1.0,2480,8906,1.0,0,0,3,1240,1240,1969,47.5366,-122.289,1800,8906,12.765688433465597
3,1.75,1080,3200,1.0,0,0,4,880,200,1926,47.6503,-122.338,1780,5200,13.5985975564007
3,1.0,780,3540,1.0,0,0,2,780,0,1920,47.565,-122.291,1260,3540,12.100712129872347
3,2.5,2500,7394,2.0,0,0,3,2500,0,1990,47.7441,-122.173,2790,7642,13.244581010128577
5,2.0,2330,8586,1.0,0,0,4,1270,1060,1961,47.7671,-122.334,1550,8287,12.800779753276867
3,1.75,1250,9486,1.0,0,0,4,1250,0,1971,47.4341,-122.446,1270,9600,12.594730635321957
3,2.5,1950,6871,2.0,0,0,3,1950,0,1997,47.7603,-122.307,1950,7663,12.834681304952548
2,1.0,1140,8147,1.0,0,0,3,1140,0,1958,47.7278,-122.289,1260,8148,12.873902018105829
5,3.25,3570,5425,2.0,0,0,3,3570,0,2005,47.5933,-122.007,2690,5347,13.348701819615057
2,1.5,1200,1259,2.0,0,0,3,1000,200,2015,47.6001,-122.298,1320,1852,13.028052697933088
8,3.5,4440,6480,2.0,0,3,5,3140,1300,1959,47.631,-122.303,4440,8640,14.493544100714171
3,2.5,1440,2500,2.0,0,0,3,1440,0,2008,47.5123,-122.358,1440,5000,12.568804211051438
3,2.5,2280,4757,2.0,0,0,3,2280,0,2003,47.5901,-122.018,2280,4534,13.345506928718539
3,1.5,1540,5040,2.0,0,0,3,1540,0,1907,47.6138,-122.299,1590,3600,13.398478813484644
4,2.75,3770,10900,2.0,0,2,5,3070,700,1924,47.5849,-122.29,3000,5000,14.343193298796688
3,2.5,2070,6145,2.0,0,0,3,2070,0,2003,47.3357,-122.172,2070,5297,12.577463773304586
3,2.0,1220,7620,1.0,0,0,3,720,500,1947,47.4564,-122.352,1640,7620,12.67794951915759
3,3.0,1460,1200,3.0,0,0,3,1460,0,2006,47.7,-122.367,1460,1245,12.964551001744079
3,2.5,1740,5267,2.0,0,0,3,1740,0,1999,47.3777,-122.023,2180,5000,12.721885810807203
3,2.75,3470,9610,3.0,1,4,3,3470,0,1989,47.7205,-122.26,4130,11875,14.580978400103845
6,3.0,1880,7200,1.0,0,0,4,1880,0,1966,47.5029,-122.188,1540,13022,12.694652660348845
4,2.5,2260,13755,1.0,0,0,4,2260,0,1975,47.3767,-122.161,2650,13650,12.765688433465597
4,2.5,2310,6320,2.0,0,0,3,2310,0,1997,47.3287,-122.167,1850,6181,12.706847933442663
3,1.0,1420,10980,1.0,0,0,4,1200,220,1954,47.574,-122.138,1630,9763,12.86099861326992
5,2.75,2930,31411,1.0,0,0,4,1520,1410,1975,47.5576,-122.186,3070,12378,13.321214236149494
4,1.75,2090,8164,1.0,0,0,4,1070,1020,1963,47.6715,-122.155,1310,7975,13.272506035834049
3,2.5,2510,4600,2.0,0,2,3,2510,0,2006,47.7051,-122.223,2560,7500,13.985253332551368
4,3.5,4140,13392,2.0,0,0,3,4140,0,2000,47.5261,-122.144,4140,11529,13.764217263576723
4,2.5,1890,8505,1.0,0,0,3,1290,600,1980,47.6796,-122.115,1720,9600,12.987688474077727
2,2.0,2370,155130,1.0,0,0,3,2370,0,1970,47.7388,-121.972,1860,14475,13.527828485512494
3,1.0,990,10752,1.5,0,0,4,990,0,1929,47.7648,-122.35,1820,7600,12.905450375840756
3,2.5,2650,144183,1.0,0,0,3,2650,0,1967,47.4212,-122.144,1940,41210,12.959844447906553
5,3.5,3440,6037,2.0,0,0,3,3440,0,2014,47.4765,-121.734,3270,6037,13.303003521415745
2,1.0,970,5500,1.0,0,0,3,970,0,1956,47.556,-122.291,1180,6000,12.254862809699606
5,2.0,2140,5000,1.5,0,0,4,2020,120,1913,47.6044,-122.299,1810,4400,13.42984807715229
4,1.75,3080,6500,1.0,0,0,4,1700,1380,1941,47.6353,-122.402,2960,5711,13.946538820370678
3,1.0,890,7110,1.0,0,0,3,890,0,1957,47.4971,-122.261,1100,8375,12.037653993905211
3,1.0,1200,10458,1.0,0,0,4,1200,0,1961,47.3262,-122.342,1160,9000,12.154779351142624
3,1.75,1540,10400,1.0,0,0,3,1540,0,1977,47.5651,-121.89,1090,7500,12.736700896592344
6,2.75,2940,7350,1.0,0,0,3,1780,1160,1978,47.3103,-122.339,2120,8236,12.66032791780777
3,4.0,3370,8252,2.0,0,0,3,3370,0,2014,47.5965,-122.013,3710,8252,13.878485357125662
4,3.0,2160,5200,1.0,0,0,3,1320,840,1978,47.3627,-122.091,1460,5144,12.341258918085241
3,1.75,2000,14733,1.0,0,0,4,2000,0,1958,47.6001,-122.178,2620,14733,13.458835614025542
3,2.0,1970,9600,1.0,0,0,4,1300,670,1967,47.2824,-122.301,1710,7703,12.593713168725786
4,1.75,1650,8560,1.0,0,0,3,1650,0,1970,47.6652,-122.146,1700,8560,13.17115354157376
4,1.75,2190,8400,2.0,0,0,2,2190,0,1978,47.3003,-122.373,2410,7700,12.56374708980199
3,1.75,1680,7250,1.0,0,0,3,930,750,1952,47.7201,-122.35,1340,7250,12.66032791780777
6,4.0,4470,17877,3.0,0,3,3,3230,1240,2013,47.4514,-122.273,1790,18260,13.30268293152761
3,1.75,1750,14400,1.0,0,0,4,1750,0,1951,47.4535,-122.361,2030,14400,12.815838217151068
4,3.25,5640,35006,2.0,0,2,3,4900,740,2015,47.5491,-122.104,4920,35033,14.508632738211714
4,2.25,2600,10660,2.0,0,0,4,2600,0,1979,47.5533,-122.156,3150,10660,13.61339437384214
3,2.0,1400,6200,1.0,0,0,3,700,700,1948,47.7634,-122.34,1410,7564,12.388394202324129
3,1.0,1270,8920,1.0,0,0,5,1270,0,1969,47.534,-122.172,1590,8589,12.953944725779365
4,2.75,2510,12500,1.0,0,0,5,2050,460,1976,47.6278,-122.11,2200,12088,13.46453363514018
3,1.75,1630,28600,1.0,0,0,3,1630,0,1967,47.7742,-122.14,2260,26000,13.047639831208393
5,3.5,3390,7950,2.0,0,2,3,3390,0,2003,47.4792,-122.181,2580,6900,12.99430270733681
3,1.75,1720,7200,1.0,0,0,3,1420,300,1959,47.7062,-122.304,1380,8000,13.341016863445674
3,1.5,1740,9046,1.0,0,0,3,1740,0,1956,47.7402,-122.255,1830,9513,12.936033799212835
3,2.5,2570,3600,2.5,0,0,3,2570,0,2007,47.5412,-121.994,2570,3600,13.42984807715229
2,1.0,840,3400,1.0,0,2,4,840,0,1924,47.6403,-122.372,2000,4000,13.180632285528304
4,2.0,2040,11850,1.0,0,2,3,1020,1020,1959,47.6891,-122.208,2040,8504,13.526494262499357
3,2.5,2480,4136,2.0,0,0,3,2480,0,2009,47.493,-122.147,2510,4314,13.11835535600679
3,2.5,2370,55321,3.0,0,0,4,2370,0,1982,47.6148,-122.057,2590,41553,13.664687668229691
5,4.5,3732,4426,2.5,0,0,3,2932,800,2001,47.6189,-122.288,2950,4000,14.018451401960965
3,2.75,1810,3292,2.0,0,0,3,1810,0,2014,47.5164,-121.877,1810,2769,12.85893154328709
4,2.5,3070,7207,2.0,0,0,4,2670,400,1927,47.6325,-122.29,3190,7523,14.354923638582177
4,2.0,1750,8116,1.0,0,0,4,1750,0,1943,47.5097,-122.181,1440,7865,12.203569515312056
3,2.5,1920,7200,2.0,0,2,3,1780,140,1997,47.5709,-122.408,2080,5000,13.710150042306449
3,1.0,2710,19000,2.0,0,3,4,2710,0,1950,47.4462,-122.359,2150,19000,12.92391243868049
4,2.5,2090,9702,1.0,0,0,5,1320,770,1965,47.7467,-122.339,1850,7200,13.049792684569493
3,1.5,1240,9975,1.0,0,0,3,1240,0,1977,47.5667,-121.905,1390,10735,12.911642346088676
4,2.0,2260,6000,1.0,0,0,3,1430,830,1958,47.6876,-122.298,2030,5874,13.350295445450335
2,1.0,770,11084,1.0,0,0,4,770,0,1947,47.7482,-122.321,1010,11084,12.456831363877356
3,1.0,1350,7560,1.0,0,0,4,950,400,1959,47.3784,-122.303,1470,7560,12.388394202324129
4,2.5,3630,8387,2.0,0,0,3,3630,0,1997,47.3623,-122.127,3370,8869,13.102160670086809
3,1.5,1260,3135,1.5,0,0,3,1260,0,1931,47.5755,-122.388,1700,4180,13.16733674304706
3,3.5,3030,11550,2.0,0,2,3,3030,0,1971,47.5051,-122.381,2340,10560,13.458835614025542
5,3.25,4020,4500,2.0,0,0,3,3120,900,2010,47.6349,-122.204,3550,5775,14.16546295614218
3,2.5,2000,7414,2.0,0,0,4,2000,0,1993,47.3508,-122.057,2000,7414,12.577636201962656
3,1.75,1940,167125,1.0,1,1,4,1480,460,1955,47.459,-122.504,1910,127195,13.36138027787483
4,1.75,1850,7500,1.0,0,0,3,1850,0,1954,47.4217,-122.333,1460,7500,12.106804643871504
3,1.0,1100,27008,1.0,0,0,3,960,140,1935,47.4963,-122.249,1280,8890,11.967180737247824
3,2.0,1310,2550,1.0,0,0,3,780,530,1986,47.6911,-122.35,1460,5100,12.966878474563934
3,2.5,3150,21893,2.0,0,0,3,3150,0,2006,47.6455,-121.901,2280,21886,13.180632285528304
2,1.0,900,9260,1.0,0,0,3,900,0,1946,47.6695,-122.36,1230,6913,13.114331205707064
4,1.0,1200,7552,1.0,0,0,3,1060,140,1919,47.5317,-122.37,1580,7680,12.425208175446844
4,1.0,1420,6458,1.0,0,0,4,1420,0,1953,47.6988,-122.358,1670,6350,12.894207284266574
3,1.0,1660,8800,1.0,0,0,4,960,700,1963,47.3212,-122.352,1370,10112,12.25462468611234
4,2.25,3740,18000,1.0,0,0,4,1870,1870,1951,47.7027,-122.378,2610,10902,13.955272500339433
3,2.5,1550,4486,2.0,0,0,3,1550,0,2000,47.3299,-122.269,1700,4487,12.542544882151386
3,1.75,1610,11200,1.0,0,0,3,1610,0,1955,47.6641,-122.176,1610,11200,13.017002861746503
5,2.0,2050,3000,1.5,0,0,3,1470,580,1912,47.6864,-122.352,1560,4500,13.351886535682578
3,3.75,6400,76665,1.0,0,2,4,3810,2590,1966,47.7313,-122.37,3430,60548,14.09692301740246
4,2.25,2710,38180,2.0,0,0,4,2710,0,1977,47.77,-122.097,2590,38180,13.289571296388235
4,3.5,4420,20759,2.0,0,0,3,4420,0,2003,47.6354,-122.221,3020,20666,14.660520087833465
3,1.0,1030,4958,1.0,0,0,5,1030,0,1952,47.6647,-122.277,2230,6987,13.484224848030362
4,2.75,3500,6226,2.0,0,0,3,3500,0,2004,47.6846,-122.045,3480,7222,13.560618308335483
2,1.0,1260,7810,2.0,0,0,3,1260,0,1945,47.5003,-122.248,1260,7755,12.449018824140563
2,1.0,1770,16660,1.0,0,3,3,1220,550,1957,47.3346,-122.354,2790,20504,12.751299696013497
3,2.75,2440,76531,1.0,0,0,3,1640,800,1980,47.7672,-122.161,1890,10042,13.487006490992238
3,2.0,1960,13100,1.0,0,2,5,1650,310,1957,47.4419,-122.34,1960,10518,12.90669184092882
4,2.5,1980,6660,2.0,0,0,4,1980,0,1974,47.7158,-122.167,1980,7150,13.045482333068371
2,1.0,870,5340,1.5,0,0,2,870,0,1906,47.5849,-122.302,1190,4440,12.511017357532783
3,1.5,1640,2720,1.5,0,0,3,1640,0,1929,47.6869,-122.317,1490,4375,13.071070083016778
3,2.0,1680,81893,1.0,0,0,3,1680,0,1991,47.3248,-122.179,2480,38637,12.765688433465597
3,2.0,980,5000,1.0,0,0,3,980,0,1940,47.595,-122.308,1970,3025,12.983101310070822
2,1.0,900,5000,1.0,0,0,5,900,0,1930,47.2008,-121.995,1150,5000,12.254862809699606
3,2.0,1690,6790,1.0,0,0,3,1360,330,1979,47.2981,-122.38,1740,6790,12.409013489526863
4,2.0,1600,15044,1.0,0,0,3,1600,0,1972,47.72,-122.216,1660,8102,12.985397522331171
5,3.5,3080,7759,2.0,0,0,3,2310,770,2003,47.7454,-121.977,2980,8223,13.028052697933088
3,2.5,1750,7208,2.0,0,0,3,1750,0,1994,47.4315,-122.192,2050,7524,12.688498794774466
4,2.75,2410,6000,1.0,0,0,5,1410,1000,1950,47.6707,-122.399,1760,6000,13.5985975564007
4,2.5,4190,7504,2.0,0,0,3,4190,0,2004,47.4394,-122.114,2480,6727,13.038981768465277
4,2.0,1710,7490,2.0,0,0,3,1320,390,1956,47.4544,-122.357,1880,7704,12.776345727939585
2,1.0,930,7550,1.0,0,0,3,930,0,1986,47.4866,-122.303,1370,10176,12.345834587905333
3,1.75,1640,11730,1.0,0,0,5,1640,0,1967,47.7351,-122.189,1640,7770,12.891691559669328
3,2.5,2310,7348,1.0,0,3,3,2310,0,2010,47.7116,-122.019,2310,7153,13.513053199930338
3,1.75,1640,13500,1.0,0,0,3,1110,530,1940,47.7164,-122.304,1770,12600,13.017002861746503
1,1.0,670,5750,1.0,0,0,3,670,0,1942,47.5624,-122.394,1170,5750,12.718896271958837
3,1.75,1430,16200,1.0,0,0,4,1430,0,1967,47.5223,-122.043,1690,13125,12.965709567358951
3,2.0,1870,3378,1.0,0,0,3,1120,750,1913,47.5371,-122.393,1870,1872,12.736700896592344
2,2.0,1540,7290,2.0,0,0,3,1540,0,1948,47.551,-122.395,1540,7072,13.044401835934616
4,2.5,2380,12067,2.0,0,0,3,2380,0,2002,47.4873,-122.144,2330,8621,12.994416363073707
4,3.5,3060,4573,2.0,0,0,3,2410,650,2012,47.5522,-122.001,3170,3634,13.560618308335483
3,1.75,2270,11472,1.0,0,0,4,1370,900,1956,47.7057,-122.374,2270,8340,13.37700559577791
4,3.25,5050,20100,1.5,0,2,3,4750,300,1982,47.6312,-122.223,3890,20060,14.880221294956703
3,1.75,1200,24805,1.0,0,0,3,1200,0,1984,47.4236,-122.195,2150,4339,12.429216196844383
2,1.0,840,9000,1.0,0,0,5,840,0,1951,47.5033,-122.329,1350,10400,12.301382825334498
2,1.0,1010,4050,1.0,0,0,3,1010,0,1950,47.5838,-122.382,2310,5000,12.834681304952548
3,1.75,1380,3402,1.5,0,0,3,1380,0,1900,47.6109,-122.302,1500,5496,13.217673557208654
3,1.0,1090,10296,1.0,0,0,4,1090,0,1950,47.7743,-122.26,1910,10296,12.425208175446844
3,1.75,1780,5850,1.0,0,0,5,980,800,1944,47.5589,-122.392,1550,5850,13.245465574538311
4,2.5,3600,203425,2.0,0,0,3,3400,200,1979,47.7597,-122.018,3150,202989,13.432784936825598
3,1.75,1780,5175,1.0,0,0,4,990,790,1927,47.5696,-122.386,1780,5175,13.329377546788654
4,1.75,1260,3880,1.0,0,0,5,860,400,1918,47.687,-122.391,1000,3880,13.091904169919621
3,1.75,1160,5850,1.0,0,0,4,1160,0,1918,47.5064,-122.356,1110,8382,12.154779351142624
4,2.0,1790,14690,1.0,0,1,4,1670,120,1960,47.3965,-122.321,2440,10664,12.388394202324129
4,2.0,1530,7816,1.0,0,0,3,1530,0,1955,47.7309,-122.332,1480,7816,13.122363377404328
3,2.0,2290,16258,1.0,0,0,5,2290,0,1960,47.4672,-122.165,1660,10530,13.017002861746503
3,2.5,2150,8361,2.0,0,0,3,2150,0,1991,47.4627,-122.129,2150,9368,12.823957341589573
3,2.5,2300,3060,1.5,0,0,3,1510,790,1930,47.6827,-122.31,1590,3264,13.453104939316557
3,1.75,1480,6592,1.0,0,0,4,1080,400,1978,47.2982,-122.378,1660,7150,12.367340793126296
6,1.0,2330,5000,1.5,0,0,4,2330,0,1920,47.6789,-122.397,1570,5000,13.764217263576723
4,1.75,1820,7381,1.0,0,0,5,1150,670,1962,47.4567,-122.171,1610,8462,12.676076274775909
3,1.5,1490,12186,1.0,0,0,4,1490,0,1950,47.7739,-122.322,1180,14285,12.818248353914994
2,1.0,1550,38449,1.0,0,0,3,1550,0,1947,47.4315,-122.199,1188,25875,12.310432660854417
4,2.25,2630,39000,2.0,0,0,3,2630,0,1979,47.4089,-122.149,2270,66647,13.025852477023484
4,3.5,4370,37193,2.0,0,3,3,2780,1590,1996,47.241,-121.979,2860,39356,13.06685066747407
3,2.0,1360,3120,2.0,0,0,3,1360,0,1989,47.6943,-122.307,1360,3120,12.891439638771157
2,1.0,940,6000,1.0,0,0,2,940,0,1954,47.4631,-122.329,1890,8547,12.415117272464881
3,2.5,2060,4742,2.0,0,0,3,2060,0,2014,47.3706,-122.017,2370,4725,12.690801696614887
2,2.5,2160,5581,1.0,0,0,3,2160,0,2002,47.7017,-122.023,2315,5652,13.480037821676145
3,2.0,1340,7200,1.5,0,0,4,1340,0,1923,47.5601,-122.265,1630,5760,13.208541073645382
3,3.25,2330,4000,1.0,0,2,3,1730,600,1964,47.5882,-122.295,2080,4000,13.624350052503114
3,1.0,1660,7650,1.5,0,0,3,1350,310,1910,47.5576,-122.277,1750,5760,13.253391639810733
5,3.25,2700,3650,2.0,0,2,3,2070,630,1926,47.5959,-122.291,1940,4000,13.764217263576723
2,2.5,1880,40575,1.0,0,0,3,1880,0,1987,47.5614,-121.899,1930,32935,13.038981768465277
1,1.0,900,6380,1.0,0,0,3,900,0,1947,47.7019,-122.311,1830,6380,12.765688433465597
4,2.5,2830,8399,2.0,0,0,3,2830,0,1998,47.5851,-122.034,2520,6890,13.42984807715229
3,1.5,1840,10125,1.0,0,0,4,1220,620,1959,47.5607,-122.217,2320,10160,13.62918097977278
4,2.5,2730,4385,2.0,0,0,3,2730,0,2001,47.5975,-122.038,2670,4644,13.475833190394113
4,2.5,1870,8190,1.0,0,0,3,1100,770,1977,47.4521,-122.161,1590,9150,12.560244459250788
2,1.0,1210,10000,1.0,0,0,3,1210,0,1953,47.4402,-122.333,1620,10959,12.311333156187667
4,1.0,1410,7000,1.5,0,0,3,1410,0,1963,47.3767,-122.287,1540,7000,12.323855681186558
3,2.0,1640,4714,1.0,0,0,3,1640,0,2009,47.3539,-122.021,1770,4802,12.765545566117686
3,1.75,1300,7030,1.0,0,0,3,1300,0,1968,47.721,-122.179,1450,7650,12.86099861326992
4,1.5,2000,6778,1.0,0,0,4,1170,830,1962,47.3708,-122.311,1940,7531,12.560069005263145
3,2.25,1420,3433,2.0,0,0,4,1420,0,1981,47.7245,-122.163,1150,3432,12.72635342806692
3,2.25,1470,7518,1.0,0,0,3,1160,310,1985,47.2725,-122.3,1720,8300,12.301382825334498
3,1.75,1380,3225,1.0,0,0,4,940,440,1915,47.6652,-122.338,1250,3750,13.197470849891134
2,1.0,900,23000,1.0,0,0,2,900,0,1953,47.3576,-122.156,1460,8265,11.966164347883234
2,2.5,2290,3507,2.0,0,0,3,2290,0,2005,47.5545,-122.002,2290,3640,13.353475098367715
4,1.0,1360,11175,1.0,0,0,3,1360,0,1961,47.4551,-122.272,1340,9702,12.190959007720126
6,1.75,2120,3801,1.5,0,0,4,1220,900,1925,47.6832,-122.311,1850,4181,13.108264453024827
4,3.0,1680,6003,1.0,0,0,3,1150,530,1997,47.2885,-122.218,1820,6207,12.345834587905333
3,2.5,1930,4505,1.0,0,3,4,1440,490,1973,47.3459,-122.326,1550,4505,12.950388112664518
3,2.25,2040,435600,2.0,0,2,4,2040,0,1983,47.2328,-121.945,2020,223027,13.17115354157376
2,2.0,1660,4500,1.0,0,0,3,1660,0,2003,47.7094,-122.031,1670,5580,13.233904752137237
3,2.5,1770,9450,1.0,0,0,3,1770,0,1988,47.3196,-122.272,2200,8582,12.577463773304586
4,2.5,2420,9147,2.0,0,0,3,2420,0,1998,47.3221,-122.322,1400,7200,12.871334622600584
3,1.75,1790,7679,1.0,0,0,4,1790,0,1953,47.7442,-122.338,1560,7680,12.853175887588712
2,2.25,2160,17861,2.0,1,4,4,2160,0,1956,47.502,-122.385,2660,18530,13.997832114758229
3,3.75,2670,6517,2.5,0,4,4,2020,650,1977,47.5702,-122.38,2010,6073,13.503535792943449
2,3.0,2560,982278,1.0,0,0,3,2560,0,2004,47.6955,-121.861,1620,40946,13.579788224443204
4,3.0,5520,8313,2.0,0,3,3,3570,1950,2008,47.5655,-122.129,3770,8278,14.054527458434775
5,3.75,3050,8972,2.0,0,0,3,3050,0,2014,47.6819,-122.172,2750,8979,13.721144931928553
5,2.25,2960,7680,1.0,0,2,5,1550,1410,1958,47.6456,-122.389,2860,7680,13.864300722133706
3,2.0,3650,843309,2.0,0,0,4,3650,0,1991,47.3627,-122.496,1870,273992,13.217673557208654
3,3.5,1500,1471,3.0,0,0,3,1500,0,1999,47.7034,-122.362,1500,1445,12.73050527270238
4,2.75,4250,10925,2.0,0,0,3,4250,0,2003,47.5297,-122.14,4650,11544,14.004476657476898
4,2.5,2090,6667,2.0,0,0,3,2090,0,1997,47.4648,-122.15,2250,6165,12.911642346088676
4,2.0,1710,8814,1.0,0,0,5,1030,680,1975,47.395,-122.174,1710,7272,12.594730635321957
4,2.0,1960,16015,1.0,0,0,3,1960,0,1980,47.33,-122.22,1960,16015,12.814478597635029
4,2.0,2480,3680,1.5,0,0,4,1470,1010,1916,47.5686,-122.392,1500,5750,13.353475098367715
4,2.5,3150,4203,2.0,0,0,3,3150,0,2002,47.688,-122.164,3150,5169,13.610943392223
4,3.5,3915,6364,2.0,0,0,3,3915,0,2014,47.6844,-122.016,3830,6507,13.778836200094895
5,3.0,2020,5917,1.0,0,0,3,1220,800,1993,47.5482,-122.294,2130,5529,12.647548191161372
4,2.5,2510,7245,2.0,0,0,3,2510,0,2007,47.5096,-122.363,1830,8900,12.834681304952548
4,3.5,3090,4060,2.0,0,0,3,2420,670,1992,47.5733,-122.287,1720,4080,13.541073712262515
5,3.0,2660,7700,1.5,0,0,4,1670,990,1962,47.46,-122.174,1610,7700,12.721885810807203
5,2.75,2190,12687,1.0,0,0,5,1370,820,1978,47.7762,-122.257,2280,10784,13.008074231002201
2,1.0,830,7609,1.0,0,0,3,830,0,1943,47.5057,-122.348,1170,7609,11.813030057420567
4,2.5,3360,40471,2.0,0,0,4,3360,0,1994,47.742,-122.035,3150,36823,13.64709190633931
4,2.75,2270,10460,2.0,0,0,3,2270,0,1965,47.5603,-122.222,2610,10180,13.658856747918897
6,4.25,5860,13928,2.0,0,3,3,4150,1710,2013,47.5382,-122.114,5790,13928,14.375126345899696
2,1.0,880,9750,1.0,0,0,5,880,0,1938,47.4885,-122.298,1220,9406,12.254862809699606
3,1.0,1290,12005,1.0,0,0,4,1290,0,1966,47.6835,-122.199,1930,8000,13.396960210307455
4,2.5,3240,35083,2.0,0,0,4,3240,0,1978,47.6337,-122.154,3340,24501,13.790192749979985
4,1.75,1530,8152,1.0,0,0,5,910,620,1948,47.7557,-122.328,1310,8152,12.730801174465157
2,1.0,1030,4188,1.0,0,0,3,1030,0,1981,47.3738,-122.057,1450,3376,12.154516158615772
5,1.75,1730,10368,1.0,0,0,5,1010,720,1963,47.5008,-122.162,1730,7728,12.498742259492994
4,2.25,2380,128937,1.0,0,0,4,2380,0,1960,47.4253,-122.043,1030,114998,12.529966099944527
3,2.0,2870,6360,1.5,0,1,4,1790,1080,1946,47.6813,-122.275,2310,6466,13.604789526648622
5,3.5,2880,10000,2.0,0,3,3,1980,900,1991,47.4874,-122.223,2120,9535,12.992254692057308
5,2.0,2280,5750,1.0,0,0,4,1140,1140,1951,47.5672,-122.39,1780,5750,12.855790268162783
4,2.5,2170,10500,1.0,0,0,3,1570,600,1962,47.7512,-122.295,1850,11127,12.948009990259552
3,2.25,1410,8909,2.0,0,2,3,1410,0,1988,47.3983,-122.31,2050,8909,12.669806661762314
3,2.5,3240,8016,2.0,0,0,3,2910,330,2004,47.5382,-121.877,2990,7561,13.304684934198283
2,0.75,750,16321,1.0,0,1,3,750,0,1936,47.6985,-122.229,3020,10625,12.983101310070822
3,1.75,1270,4800,1.0,0,0,3,1270,0,1952,47.5362,-122.376,1220,4800,12.936033799212835
3,1.5,1380,12196,1.0,0,0,4,1380,0,1967,47.3204,-122.322,1600,10720,12.560244459250788
4,2.5,2496,8058,2.0,0,0,3,2496,0,1998,47.6791,-122.149,2496,7757,13.401509118833824
4,1.75,2040,5000,2.0,0,0,4,2040,0,1921,47.6279,-122.315,3220,5600,14.056494027406815
4,2.75,2020,15810,1.0,0,0,4,1620,400,1967,47.5921,-122.155,2210,10160,13.38472764187182
3,1.75,1580,5750,1.0,0,2,4,1330,250,1947,47.6339,-122.392,2480,5750,13.418757390458131
3,3.5,1790,1288,3.0,0,0,3,1390,400,2000,47.651,-122.384,1560,1426,13.017002861746503
3,1.75,1300,9856,1.0,0,0,4,1300,0,1962,47.3448,-122.298,1400,9600,12.396693005138824
3,2.5,2520,10012,2.0,0,0,3,2520,0,1987,47.6295,-122.051,2680,10071,13.487006490992238
4,2.5,2680,5539,2.0,0,0,3,2680,0,2013,47.4759,-121.734,2680,5992,13.016980639277364
4,2.5,2400,6137,2.0,0,0,3,2400,0,1990,47.6187,-122.04,2120,7468,13.262125319779487
4,2.25,2840,31720,1.0,0,0,3,1780,1060,1958,47.7505,-122.375,2290,29577,13.304684934198283
2,2.25,1040,1516,2.0,0,0,3,1040,0,2008,47.6037,-122.307,1560,1920,12.971540487669746
3,1.0,1380,10875,1.0,0,0,3,1380,0,1977,47.4653,-121.745,1040,10875,12.609869696537642
4,2.5,2790,7956,2.0,0,0,3,2790,0,2005,47.3681,-122.31,1660,8192,12.834681304952548
2,2.0,1390,1302,2.0,0,0,3,1390,0,1986,47.3089,-122.33,1390,1302,12.13859648040526
3,2.0,1510,3000,1.0,0,0,4,910,600,1972,47.6804,-122.319,1620,4000,13.10011776845701
3,1.5,1800,9216,1.0,0,0,4,1800,0,1950,47.2739,-122.249,1400,10022,12.375815420117268
3,1.75,1280,3880,1.5,0,0,5,1280,0,1916,47.6871,-122.391,980,3880,13.16158409055761
3,2.5,2130,8404,2.0,0,0,3,2130,0,1991,47.4623,-122.13,2130,8404,12.842649474601725
5,2.75,2560,5618,1.5,0,2,3,2220,340,1923,47.6416,-122.355,2740,4000,13.976778705560397
3,1.0,1140,8144,1.0,0,0,3,1140,0,1956,47.7464,-122.317,1150,8144,12.531772785169476
3,0.75,1110,3960,1.0,0,0,3,1110,0,1951,47.6834,-122.366,1610,5530,12.93181285535698
3,2.5,1660,4083,2.0,0,0,3,1660,0,2013,47.3595,-122.045,1800,4087,12.556729517143344
4,2.5,2320,8721,2.0,0,0,3,2320,0,1991,47.7326,-122.226,2260,8268,13.240146413060712
4,2.5,2450,5280,2.0,0,0,3,2450,0,2003,47.7734,-122.224,2300,4674,13.17115354157376
3,1.0,1370,5250,1.0,0,0,3,1070,300,1939,47.6421,-122.348,2410,4200,13.39239051461739
3,1.5,1000,6914,1.0,0,0,3,1000,0,1947,47.7144,-122.319,1000,6947,12.842649474601725
4,2.5,2420,8404,2.0,0,0,3,2420,0,2013,47.372,-122.13,2440,4822,12.80765263256463
2,2.25,3950,3938,2.0,0,4,3,2910,1040,1991,47.5912,-122.384,3220,4500,14.085537695177335
3,2.5,3310,387684,1.0,0,0,3,2160,1150,1919,47.4167,-121.936,2340,189050,13.384650715836164
2,2.75,730,5000,1.0,0,0,3,730,0,1929,47.5381,-122.374,980,5000,13.047639831208393
4,3.0,3230,438213,2.0,0,0,3,3230,0,1999,47.4141,-122.47,1600,144619,13.764217263576723
4,2.75,3120,5000,2.0,0,0,3,3120,0,2010,47.594,-122.062,3200,5000,13.592367006650065
5,3.75,5020,8694,2.0,0,1,3,3970,1050,2007,47.6146,-122.213,4190,11275,15.110237725558674
3,2.0,1060,5750,1.0,0,0,3,1060,0,1981,47.5523,-122.372,1080,5750,12.66032791780777
3,2.25,2360,14950,1.0,0,0,4,2360,0,1978,47.3856,-122.158,2720,14388,12.973863369085885
3,2.5,3160,24437,1.0,0,3,3,2160,1000,1991,47.5531,-122.131,3990,11977,13.955272500339433
3,2.25,1790,6930,1.0,0,0,3,1390,400,1974,47.3536,-122.317,1810,7420,12.626426366132089
5,3.75,3090,4943,2.0,0,0,3,3090,0,2010,47.4594,-122.133,3191,5561,13.219490088135052
4,2.5,2550,4630,2.0,0,0,3,2550,0,2005,47.5928,-122.004,2550,5151,13.194684038983954
2,1.75,1550,9230,1.0,0,0,3,970,580,1969,47.4701,-121.744,1550,10856,12.765402678355779
4,3.5,3400,5222,2.0,0,0,3,3400,0,2005,47.3559,-122.0,3190,5326,13.151922179645874
3,3.0,2640,5978,2.0,0,0,3,2640,0,2012,47.4759,-121.735,2680,6060,13.190022025878143
4,2.25,1780,10260,2.0,0,0,3,1780,0,1971,47.6647,-122.142,2360,10080,13.329377546788654
3,1.75,2150,4333,1.0,0,0,3,1200,950,1956,47.5537,-122.388,1480,6500,12.971540487669746
4,3.25,3920,881654,3.0,0,3,3,3920,0,2002,47.5385,-121.896,2970,112384,14.316285845876763
4,2.5,2980,16263,2.0,0,0,3,2980,0,1989,47.5457,-122.153,2730,10018,13.827439128829548
5,2.5,1900,7843,2.0,0,0,5,1900,0,1966,47.6273,-122.123,1900,7350,13.437174117244362
4,1.75,2800,49149,1.0,0,0,4,1400,1400,1978,47.4649,-122.034,2560,61419,12.994530005894443
4,2.0,1440,7641,1.0,0,0,4,1440,0,1943,47.508,-122.183,1440,7750,11.99535161421452
3,2.25,1140,977,2.0,0,0,3,850,290,2008,47.5439,-122.375,1140,976,12.500606192931057
5,2.5,2760,6000,2.0,0,0,3,2760,0,2006,47.5289,-122.321,1360,6000,12.611537753638338
3,2.0,1410,7998,1.0,0,0,4,1410,0,1940,47.4968,-122.277,1780,8278,12.301382825334498
5,2.5,2100,14858,1.0,0,0,5,2100,0,1970,47.4721,-122.123,1980,11730,12.834681304952548
4,2.0,1830,6000,1.0,0,0,5,1070,760,1953,47.5453,-122.279,1830,5500,12.84397135185964
3,2.5,1730,4924,2.0,0,0,3,1730,0,1996,47.5672,-122.005,1610,4313,13.082957047025236
4,2.5,3150,13700,2.0,0,0,4,3150,0,1966,47.5309,-122.224,3200,11900,14.043840635965784
3,1.0,1780,7470,1.0,0,0,3,1050,730,1960,47.5123,-122.337,1780,8113,12.343658308482738
3,1.0,1590,8470,1.0,0,0,4,1140,450,1967,47.4473,-122.159,1570,9375,12.660169175050076
2,1.5,2060,7713,1.5,0,0,4,2060,0,1930,47.3722,-122.185,1780,7713,12.271392111650817
5,3.0,2500,5750,1.0,0,0,3,1430,1070,1999,47.551,-122.369,1980,7130,12.971540487669746
4,2.75,2850,3000,2.5,0,0,3,2530,320,2003,47.6406,-122.304,2083,4500,13.985253332551368
3,2.5,2390,34041,1.0,0,0,3,1840,550,1984,47.3546,-122.081,2460,35686,12.736553826954605
4,2.75,2240,5400,2.0,0,0,4,1540,700,1940,47.5785,-122.402,1830,5000,13.287877815881902
4,2.25,2270,12000,1.0,0,0,4,1290,980,1976,47.3287,-122.353,2030,23980,12.649956863542283
4,2.5,2850,11000,2.0,0,0,3,2850,0,1998,47.6759,-122.161,1720,11000,13.541073712262515
2,2.5,2305,5580,1.0,0,0,3,2305,0,2007,47.7203,-122.024,1440,5748,13.465953081794405
4,2.25,1980,15086,2.0,0,0,3,1980,0,1981,47.647,-122.064,2100,10927,13.180632285528304
3,2.0,1500,7828,1.0,0,0,4,1500,0,1967,47.4484,-122.158,1500,7700,12.66032791780777
3,2.25,2210,7916,2.0,0,0,3,2210,0,1978,47.7175,-122.339,1450,7955,13.122363377404328
2,1.0,800,4850,1.0,0,0,4,800,0,1944,47.6639,-122.364,1150,4365,12.994530005894443
5,1.5,1730,9230,1.0,0,0,3,1010,720,1962,47.4646,-122.184,1730,9230,12.567237494741757
4,1.0,1150,6000,1.5,0,0,3,1150,0,1907,47.562,-122.283,840,3030,12.323855681186558
2,1.0,1100,7200,1.0,0,0,4,1100,0,1944,47.4752,-122.172,1390,7200,11.918390573078392
2,1.0,770,8149,1.0,0,0,3,770,0,1948,47.7458,-122.298,1160,8149,12.531772785169476
3,1.0,1020,8484,1.0,0,0,3,1020,0,1949,47.7719,-122.31,1180,9660,12.634603026569334
2,1.0,1020,8102,1.0,0,0,3,1020,0,1956,47.5135,-122.193,1770,7291,12.644327576461329
3,2.25,2420,7200,1.0,0,0,3,1420,1000,1948,47.6867,-122.275,2500,7200,13.9108207377686
4,2.75,2310,7851,1.0,0,0,4,1790,520,1989,47.5473,-122.187,2230,7359,13.291430818519867
4,5.75,7220,223462,2.0,0,4,3,6220,1000,2000,47.7097,-122.013,2680,7593,14.47819853103951
4,2.0,1700,6025,1.0,0,0,3,1700,0,1978,47.3029,-122.221,1320,5956,12.235631447771718
3,2.5,1500,2255,2.0,0,0,3,1500,0,2005,47.5538,-121.997,1440,2040,12.759957758756611
4,3.5,4270,5800,2.0,0,3,5,3170,1100,1937,47.6474,-122.411,3100,5800,14.120727983505116
2,1.0,1480,5325,1.0,0,0,4,1120,360,1925,47.2079,-121.993,1670,5800,12.2783933071098
3,1.0,1100,5100,2.0,0,0,4,1100,0,1900,47.679,-122.386,1540,5100,12.89921982609012
2,1.0,950,4500,1.0,0,2,3,850,100,1926,47.6562,-122.354,1670,4000,13.122363377404328
2,1.0,830,9000,1.0,0,0,3,830,0,1939,47.3813,-122.243,1160,7680,12.367340793126296
4,2.5,3000,6892,2.0,0,0,3,3000,0,2005,47.7623,-122.165,3000,6589,13.279367126213993
3,2.25,1470,4322,2.0,0,0,3,1470,0,1985,47.5672,-122.018,1610,4322,13.105217218569358
3,1.75,1310,18400,1.0,0,0,3,870,440,1954,47.5035,-122.302,1840,10790,12.365210866868471
4,2.75,2960,5040,2.0,0,3,3,2210,750,1952,47.5747,-122.408,2270,5500,13.661776458022231
3,2.0,1720,10098,1.0,0,0,4,1140,580,1981,47.6231,-122.043,1840,10098,13.13981029100805
4,3.75,4090,24825,2.0,0,0,4,3400,690,1926,47.6338,-122.319,3910,11500,14.690979295318174
3,3.0,2340,5002,2.0,0,0,3,2340,0,2013,47.4831,-121.773,2790,5375,12.966584038698583
3,2.25,1936,9495,1.0,0,0,3,1936,0,2013,47.3714,-122.197,1410,12770,12.733460357595142
3,3.25,1210,1173,2.0,0,0,3,1000,210,2002,47.7114,-122.356,1650,1493,12.745485726148077
3,2.25,1360,1236,2.0,0,0,3,1140,220,2006,47.6198,-122.299,1620,1231,13.122363377404328
3,1.75,1390,7904,1.0,0,0,3,1390,0,1985,47.4892,-122.181,1910,7904,12.91410843858387
3,2.0,2090,4077,1.5,0,0,4,1530,560,1931,47.6433,-122.3,2010,4132,13.864300722133706
4,1.75,2090,6485,1.0,0,0,3,1280,810,1956,47.4958,-122.265,2190,9600,12.254862809699606
4,3.0,2253,7700,2.0,0,0,3,2253,0,1957,47.3935,-122.3,1786,9052,12.86099861326992
2,1.75,1430,7921,1.0,0,0,3,1430,0,1983,47.5088,-122.371,1290,8040,12.765688433465597
4,2.25,3040,10283,1.0,0,0,4,1430,1610,1984,47.6268,-122.038,1870,11074,13.199324418540456
3,2.25,1970,11088,1.0,0,0,4,1180,790,1967,47.7651,-122.277,1970,10470,13.049792684569493
2,1.5,830,1077,2.0,0,0,3,830,0,2006,47.6058,-122.319,830,1366,12.765688433465597
3,1.5,1320,2625,2.0,0,0,3,1320,0,1986,47.7316,-122.338,1230,5250,12.502466658583977
3,1.75,1990,6500,1.0,0,0,3,1090,900,1961,47.488,-122.221,2150,6500,12.560244459250788
5,2.75,2400,4900,2.0,0,0,3,2400,0,2011,47.355,-122.057,2110,5696,12.911642346088676
4,2.5,4200,35267,2.0,0,0,3,4200,0,1990,47.7108,-122.071,3540,22234,13.892471599100402
3,2.25,1650,7313,1.0,0,0,3,1220,430,1975,47.7375,-122.194,1690,7252,13.038981768465277
5,2.75,3080,5752,2.0,0,0,3,3080,0,2014,47.4922,-122.153,3000,4650,13.270697171910022
3,2.75,1990,9600,1.0,0,0,3,1530,460,1978,47.532,-122.05,2170,10400,13.262125319779487
5,1.75,1750,8325,1.0,0,0,5,1750,0,1966,47.4007,-122.198,1430,8325,12.505806799006097
3,2.5,2180,5000,1.0,0,0,4,1240,940,1977,47.5828,-122.396,2000,5000,13.345506928718539
4,2.0,2490,4700,1.0,0,0,4,1690,800,1952,47.5254,-122.392,2240,5000,13.458835614025542
4,2.25,2260,8715,1.0,0,0,4,1530,730,1976,47.6237,-122.106,2220,8650,13.422467969854667
4,2.5,3940,4407,2.0,0,0,4,2620,1320,1921,47.6374,-122.299,1790,4407,13.99532898454011
4,3.5,4370,10860,2.0,0,0,3,4370,0,2008,47.5066,-122.148,3560,8070,13.840203170554645
5,3.25,4610,10576,2.0,0,3,3,3310,1300,2006,47.5373,-122.07,4042,8321,13.997832114758229
4,2.5,2620,4400,2.0,0,0,3,2620,0,2004,47.5524,-121.991,2640,4554,13.517778149658993
4,1.75,1930,6720,1.0,0,2,3,1130,800,1959,47.6935,-122.312,1850,6380,13.112313041550827
3,1.0,1130,9147,1.0,0,0,5,1130,0,1952,47.7006,-122.197,1930,9906,12.962194625251508
3,2.5,1720,3407,2.0,0,0,3,1720,0,1992,47.4034,-122.188,1720,3407,12.409013489526863
4,2.75,2730,3560,1.5,0,0,3,1550,1180,1921,47.6737,-122.304,1860,3560,13.693342923990066
4,2.25,2220,15232,1.0,0,0,3,1690,530,1978,47.7449,-122.103,2110,15280,13.047639831208393
4,2.25,2640,34870,1.0,0,0,3,1770,870,1977,47.4688,-122.009,2500,35580,13.15773052124162
3,2.0,1630,8702,1.0,0,0,3,1630,0,1987,47.5168,-122.193,2250,9890,13.005829561148378
4,3.5,3790,90169,2.0,0,0,3,3790,0,1998,47.6587,-122.022,3410,46951,14.074021253115776
3,1.0,1550,8778,1.0,0,0,3,1250,300,1952,47.5413,-122.281,2120,7268,12.608198852372823
4,3.0,3040,36246,1.5,0,0,3,2680,360,1923,47.6093,-122.07,3520,13178,13.676248490630767
3,2.5,2830,9972,2.0,0,0,3,2830,0,2006,47.7382,-121.975,3557,9159,13.197470849891134
3,2.5,3200,18750,1.0,0,0,2,2660,540,1967,47.5717,-122.12,3200,22475,13.270783382522602
4,3.5,4060,9486,2.0,0,0,3,4060,0,2005,47.6634,-122.2,2410,9486,14.28551418721001
4,2.5,2510,35020,1.0,0,0,4,1610,900,1977,47.5834,-122.003,2080,34398,13.353475098367715
3,2.5,2260,3640,2.0,0,0,3,2260,0,1994,47.7356,-122.157,2350,3710,13.115338762467365
3,1.75,2910,35200,1.5,0,0,3,2910,0,1979,47.5747,-122.035,2590,37500,13.217673557208654
2,1.0,1110,6000,1.0,0,0,3,1010,100,1951,47.5632,-122.282,1410,3500,13.279367126213993
3,2.25,1950,7221,1.0,0,0,4,1950,0,2006,47.431,-122.285,2310,8125,12.9190224533863
1,1.0,560,5700,1.0,0,0,3,560,0,1947,47.511,-122.359,1120,5000,11.571194373094205
3,2.5,2770,39529,2.0,0,0,3,2770,0,1987,47.6495,-122.042,3010,35435,13.480037821676145
3,2.75,1690,5763,1.0,0,0,5,1180,510,1985,47.7336,-122.202,1560,7518,12.92391243868049
5,2.75,2630,10165,1.0,0,0,4,1690,940,1976,47.5196,-122.049,2440,10165,13.112313041550827
5,2.5,3320,7266,2.0,0,0,3,3320,0,2000,47.5862,-122.054,3060,10269,13.5985975564007
4,1.5,2190,13660,1.0,0,3,3,2190,0,1952,47.7658,-122.37,2520,20500,13.345506928718539
4,2.75,3280,6845,2.0,0,0,3,3280,0,2003,47.7042,-122.107,3280,7467,13.506945274596069
3,1.75,1410,15134,1.0,0,0,3,1410,0,1980,47.6931,-121.921,1770,15337,12.66032791780777
3,2.25,1950,8892,2.0,0,0,3,1950,0,1983,47.7213,-122.11,1900,8750,13.081541382884074
3,2.0,1760,5400,1.0,0,0,5,1160,600,1927,47.6558,-122.331,1640,5400,13.480037821676145
3,2.25,1650,7800,1.0,0,0,3,1260,390,1969,47.7377,-122.197,1760,8268,12.86099861326992
3,1.0,1690,6658,1.0,0,0,3,1690,0,1942,47.7099,-122.35,1080,5925,12.89921982609012
3,2.0,1610,3600,2.0,0,2,5,1610,0,1925,47.5969,-122.293,2540,6600,13.507625778194974
3,2.0,1690,9583,1.0,0,0,4,1690,0,1969,47.4825,-122.164,1690,9583,12.506177237980511
2,1.0,820,3000,1.0,0,0,4,820,0,1924,47.6842,-122.348,1490,3000,13.185338176565716
3,3.0,2300,7701,1.0,0,0,3,2300,0,1960,47.5102,-122.18,1570,8116,12.429216196844383
3,1.0,1080,10639,1.5,0,0,3,1080,0,1953,47.3171,-122.219,1470,10600,12.296827008798639
4,2.75,3400,7081,2.0,0,0,3,3400,0,2001,47.5661,-122.123,3060,7081,13.627009950093603
4,2.5,3230,12100,1.0,0,0,3,1870,1360,1977,47.562,-122.146,2670,10200,13.625559974005828
3,1.75,2180,14135,1.0,0,2,5,1300,880,1947,47.673,-122.187,3540,10318,13.664687668229691
4,1.5,2700,14760,1.5,0,0,5,2700,0,1940,47.1996,-122.003,1670,7200,12.936033799212835
3,1.75,2150,19127,1.0,0,0,3,1650,500,1978,47.5061,-122.324,1550,15000,12.820987977820545
3,2.0,1640,9825,1.0,0,0,4,1090,550,1971,47.7244,-122.2,1500,9750,13.028052697933088
4,3.0,4750,21701,1.5,0,0,5,4750,0,1976,47.6454,-122.218,3120,18551,14.592539222504922
1,1.0,680,21727,1.0,0,0,3,680,0,1952,47.446,-122.175,1470,19406,12.584406336246305
4,2.25,2380,7400,1.0,0,0,4,1760,620,1979,47.3555,-122.149,1940,7400,12.672946381766982
5,2.75,3630,38461,2.0,0,0,3,3630,0,2000,47.4289,-122.094,4440,50378,13.482133526250363
3,2.25,1750,9353,1.0,0,0,3,1210,540,1987,47.7305,-122.225,1930,8545,12.980799813082541
4,2.25,1940,10200,1.0,0,0,3,1360,580,1960,47.4253,-122.283,1940,10200,12.682306824526545
3,3.25,1770,1977,3.0,0,0,3,1770,0,2001,47.7186,-122.314,1860,2210,12.901716706288706
4,2.5,1610,4052,2.0,0,0,3,1610,0,2013,47.3603,-122.081,2110,4034,12.56706326353651
4,2.5,2680,4500,2.0,0,0,3,2680,0,2011,47.3561,-122.056,2010,4500,12.84779494409793
4,2.25,2580,21115,2.0,0,0,4,2580,0,1977,47.5566,-122.219,2690,10165,13.577111226758614
3,2.5,2620,4800,2.0,0,0,3,2620,0,2002,47.6849,-122.037,2400,4756,13.300509562787802
3,1.75,1890,9920,1.0,0,0,3,1230,660,1944,47.7327,-122.306,1380,9086,12.86099861326992
3,1.75,1370,1921,3.0,0,0,3,1370,0,2007,47.6595,-122.351,1370,4000,13.410545324897761
3,1.75,1540,13002,1.0,0,0,2,1200,340,1984,47.6231,-122.044,1620,10098,13.107148211597849
3,2.5,2080,4828,2.0,0,0,3,2080,0,2002,47.3737,-122.132,2190,4620,12.577636201962656
3,1.0,1610,8579,1.0,0,0,4,1010,600,1962,47.4563,-122.171,1610,8579,12.230765258120545
3,1.0,980,9682,1.0,0,0,3,980,0,1969,47.4136,-122.207,1580,9682,12.211060187041213
4,1.0,1360,5900,1.5,0,0,4,1360,0,1949,47.7512,-122.318,1050,5900,12.706696406811568
3,1.0,1050,6874,1.0,0,0,3,1050,0,1954,47.762,-122.355,1500,8954,12.429216196844383
3,1.5,2710,47419,1.5,0,0,3,2170,540,1980,47.6522,-121.966,2130,48144,13.00019574343012
4,2.5,2100,8400,1.0,0,0,4,1240,860,1976,47.735,-122.17,1980,8610,13.056223574899784
5,3.5,2960,12527,2.0,0,0,3,1940,1020,1986,47.3134,-122.35,2210,10952,12.87261914429294
2,1.0,1520,5400,1.0,0,0,3,920,600,1951,47.6796,-122.279,1600,5400,13.337394108607988
4,2.75,3470,212639,2.0,0,0,3,2070,1400,1993,47.7066,-121.968,2370,233917,13.302348874400735
3,2.25,3440,44374,2.0,0,3,4,2190,1250,1979,47.547,-122.111,3470,40185,13.514405465180353
3,2.5,1070,1155,2.0,0,0,3,720,350,2005,47.5617,-122.385,1120,2594,12.706847933442663
3,1.0,1080,6250,1.0,0,0,2,1080,0,1950,47.5045,-122.33,1070,6250,11.728036844587175
4,3.0,2340,7048,1.0,0,0,4,1340,1000,1979,47.7306,-122.227,1440,8088,13.091904169919621
5,2.75,2990,6768,2.0,0,0,3,2990,0,2014,47.5462,-122.182,2870,6768,13.59553822302392
3,2.5,1380,1389,3.0,0,0,3,1380,0,2008,47.6427,-122.327,1380,1249,13.175904144332359
5,3.75,4960,13990,2.0,0,2,3,3760,1200,2001,47.5491,-122.137,5200,18116,14.119312012295937
2,1.0,930,3750,1.0,0,0,4,930,0,1909,47.6733,-122.296,1740,4300,13.122363377404328
3,1.0,1400,8451,1.5,0,0,3,1400,0,1953,47.7719,-122.337,1590,8433,12.760316889663686
2,1.0,900,5000,1.0,0,0,3,900,0,1944,47.6883,-122.395,1280,5000,13.223113280504473
3,2.0,2570,28500,1.0,0,0,3,1970,600,1983,47.7318,-122.138,3070,32400,13.399995114002609
3,1.0,1050,6300,1.0,0,0,3,1050,0,1942,47.5128,-122.374,740,6300,12.301382825334498
3,2.25,1620,7772,2.0,0,0,4,1620,0,1988,47.3521,-122.302,1710,6455,12.577636201962656
3,1.0,880,6050,1.0,0,0,3,880,0,1945,47.4995,-122.248,1130,6050,12.392552212472792
3,1.75,1340,16480,1.0,0,0,4,1340,0,1968,47.364,-122.162,1520,10451,12.384218830913648
4,2.5,2570,9470,2.0,0,0,3,2570,0,2006,47.6548,-122.19,2570,10663,13.9108207377686
9,4.0,4620,5508,2.5,0,0,3,3870,750,1915,47.6684,-122.309,2710,4320,14.151982794585487
2,1.5,1050,1046,2.0,0,0,3,960,90,2007,47.6028,-122.309,1470,1768,12.834681304952548
3,1.0,1640,12060,1.0,0,0,4,1640,0,1960,47.4941,-122.151,1680,9147,12.647548191161372
3,2.25,1630,10969,2.0,0,0,3,1630,0,1991,47.3305,-122.285,1410,7920,12.487485104968359
3,2.25,2230,10026,1.0,0,0,3,1430,800,1975,47.6647,-122.153,2230,9340,13.27968844210788
2,2.0,1350,4220,1.0,0,0,3,1350,0,2004,47.718,-122.034,1350,4409,13.081541382884074
3,1.5,1240,8738,1.0,0,0,3,1240,0,1959,47.5849,-122.17,1440,9344,13.071070083016778
3,1.75,2680,8625,1.0,0,0,5,1590,1090,1974,47.5316,-122.056,2620,14275,13.262125319779487
5,2.75,2900,5155,2.0,0,0,3,2900,0,2008,47.5977,-122.008,2900,6176,13.415032991367148
3,1.0,1400,7360,1.0,0,0,4,1400,0,1968,47.3123,-122.186,1600,8030,11.906493415053063
5,2.0,2400,3500,1.5,0,0,3,1900,500,1911,47.6762,-122.356,1520,4000,13.38472764187182
4,2.75,2475,4000,2.0,0,0,3,2475,0,2014,47.3452,-122.21,2166,4000,12.675763725937609
3,1.75,1270,6017,1.0,0,0,4,1030,240,1990,47.737,-122.225,1630,7381,12.91410843858387
3,2.5,2620,4558,2.0,0,3,3,2620,0,2010,47.1944,-121.974,1670,4558,12.533576212168626
3,3.5,3470,4171,3.0,0,0,3,3470,0,2008,47.711,-122.229,3430,4268,13.634947454185182
4,2.75,2700,35362,2.0,0,0,5,2700,0,1976,47.7628,-122.094,2810,35915,13.413539339110365
2,1.0,780,3475,1.0,0,0,4,780,0,1930,47.4944,-121.789,1210,6769,12.56374708980199
2,1.0,700,5940,1.0,0,0,3,700,0,1948,47.7289,-122.337,1070,5995,12.550194123397286
4,2.5,3340,5314,2.0,0,0,3,3340,0,2010,47.5167,-121.885,3220,5500,13.460263166016727
2,2.5,1280,819,2.0,0,0,3,1060,220,2006,47.6905,-122.364,1290,2900,12.675920012567607
5,4.25,3920,16258,2.0,0,0,3,2900,1020,1990,47.5871,-122.192,2540,12131,13.815510557964274
3,1.75,1930,13350,1.0,0,0,3,1930,0,1967,47.3317,-122.365,2270,13350,12.594730635321957
2,1.0,1090,10481,1.0,0,0,2,780,310,1981,47.632,-122.03,1160,10533,12.911642346088676
3,2.25,1620,10850,1.0,0,0,3,1620,0,1966,47.4437,-122.194,1910,10568,12.429216196844383
3,2.0,1700,8400,2.0,0,2,3,1700,0,1927,47.6825,-122.19,1820,9000,13.331489136950335
3,1.0,1170,8816,1.0,0,0,4,1170,0,1966,47.3059,-122.368,1200,9108,12.24288661865289
5,3.25,3160,5000,2.0,0,2,3,2180,980,2005,47.6464,-122.405,3160,5746,13.771558670435091
3,2.25,1560,6013,2.0,0,0,3,1560,0,1990,47.2862,-122.352,1640,6290,12.272211448034218
3,2.5,2290,4203,2.0,0,0,3,2290,0,2001,47.5441,-122.172,2290,5089,13.287877815881902
3,2.5,2010,6857,1.0,0,0,4,1450,560,1955,47.6402,-122.314,2380,6370,13.77468856344402
4,1.75,2320,7500,1.0,0,0,3,1220,1100,1955,47.7574,-122.343,2230,7500,12.92391243868049
3,2.5,1980,3128,2.0,0,0,3,1890,90,2009,47.5456,-122.016,2160,2240,13.329377546788654
4,1.0,1200,2171,1.5,0,0,3,1200,0,1933,47.7076,-122.342,1130,1598,12.84792653170257
3,2.25,2430,7614,1.5,0,0,3,1900,530,1979,47.5065,-122.191,1720,11250,12.80765263256463
4,3.25,3910,7500,2.0,0,0,3,3910,0,2006,47.6527,-122.198,2600,9235,14.316285845876763
4,2.5,2660,3672,2.0,0,0,5,1800,860,1910,47.6609,-122.324,1510,3825,13.710150042306449
3,2.5,2360,11254,1.0,0,2,3,2360,0,1990,47.3356,-122.333,2390,11254,13.151922179645874
3,3.5,3350,5025,2.0,0,2,3,2670,680,2014,47.5699,-122.296,2030,5117,13.231217782316412
3,1.0,1140,4500,1.0,0,0,3,840,300,1907,47.5897,-122.314,1150,3000,13.017002861746503
4,2.5,2680,11998,1.0,0,3,3,1510,1170,1960,47.337,-122.321,2680,12746,13.038981768465277
3,1.0,1160,11776,1.0,0,0,3,1160,0,1968,47.7427,-122.074,1160,10050,12.628067055589549
2,1.0,1600,8961,1.0,0,0,4,1390,210,1949,47.3098,-122.21,1502,6798,12.294541293517781
3,1.0,1200,10703,1.5,0,0,2,1200,0,1918,47.5209,-122.28,1380,8068,12.206072645530174
3,2.25,1940,6500,1.0,0,0,3,1440,500,1979,47.3565,-122.149,1880,8991,12.296827008798639
4,1.0,3390,4500,1.5,0,0,3,2190,1200,1924,47.5824,-122.293,2030,4872,13.567049198665774
3,2.25,2070,7800,1.0,0,0,3,1170,900,1964,47.3431,-122.305,1570,8400,12.538967060803502
3,1.75,1490,16200,1.0,0,0,5,1490,0,1958,47.5919,-122.175,2070,16200,13.438122572428
4,2.5,1983,6002,2.0,0,0,3,1983,0,2012,47.3281,-122.164,2502,4750,12.751299696013497
4,1.0,1420,6000,1.5,0,0,3,1420,0,1950,47.6844,-122.302,1420,6180,13.071070083016778
3,2.5,2640,5964,2.0,0,0,3,2640,0,2003,47.7043,-122.128,2680,5211,13.426902566922532
3,1.0,990,10723,1.0,0,0,5,990,0,1960,47.4887,-122.133,1460,10723,12.560069005263145
4,2.25,2590,10002,1.0,0,0,4,1340,1250,1968,47.7689,-122.266,1550,10436,13.021437458814368
4,3.0,3330,4000,1.0,0,0,3,1790,1540,1958,47.6559,-122.344,1610,4000,13.652991628466498
2,1.0,940,9330,1.0,0,0,3,940,0,1941,47.5445,-122.273,1900,6145,12.449018824140563
4,3.0,3310,217800,1.5,0,0,3,3310,0,1989,47.6616,-121.999,2810,217800,14.038654109278484
2,2.25,1330,806,3.0,0,0,3,1330,0,2009,47.6904,-122.395,1320,1389,13.17628321939376
4,2.5,2720,7043,2.0,0,0,3,2720,0,2003,47.3315,-122.169,2640,6958,12.920247193282195
3,1.0,1500,12616,1.0,0,0,3,1500,0,1967,47.7415,-122.101,1820,13950,12.889169490236618
3,2.5,2620,8950,2.0,0,0,3,2620,0,1992,47.5523,-122.119,2850,8809,13.522480879185897
3,2.5,1950,8251,2.0,0,0,3,1950,0,1990,47.343,-122.28,1540,8588,12.569325904829029
4,2.25,2040,9565,1.0,0,0,3,1400,640,1959,47.7356,-122.335,1890,8580,13.017002861746503
3,2.25,2210,11585,1.0,0,0,4,1510,700,1958,47.7574,-122.279,1870,14092,13.13626628257332
2,2.0,1560,4823,1.0,0,0,3,1560,0,2004,47.7111,-122.032,1855,4989,13.159659162148026
3,2.25,1410,1377,2.0,0,0,3,1290,120,2005,47.5342,-122.067,1445,1370,12.841325847671216
4,1.75,2520,8442,1.0,0,0,4,1640,880,1953,47.6317,-122.205,2110,8442,13.554145793829866
3,1.0,1250,7157,1.0,0,0,3,1250,0,1944,47.7323,-122.304,1300,6796,12.89921982609012
3,2.25,1620,12309,2.0,0,0,3,1620,0,1987,47.6188,-122.029,2030,13963,13.06685066747407
3,2.25,2610,9002,2.0,0,0,3,2610,0,1988,47.6909,-122.104,2320,8306,13.422467969854667
3,2.75,3580,14217,2.0,0,3,4,2210,1370,1989,47.3244,-122.379,3990,14674,13.304684934198283
3,2.5,1760,1755,3.5,0,0,3,1760,0,1998,47.6688,-122.279,1700,1721,13.206704525838079
4,2.5,2500,8540,2.0,0,0,3,2500,0,1990,47.5759,-121.994,2560,8475,13.367659733359671
4,2.25,2060,8400,1.0,0,0,3,1300,760,1960,47.4984,-122.23,1990,7383,12.736700896592344
5,3.25,3680,10300,1.5,0,0,4,3680,0,1927,47.6548,-122.28,2690,7200,14.204168547756057
4,1.5,1100,9600,1.0,0,0,4,1100,0,1960,47.7,-122.175,1100,9630,12.774223335915433
4,2.5,3190,4980,2.0,0,0,3,3190,0,2005,47.3657,-122.034,2830,6720,12.945626198904275
4,2.75,2150,9915,1.0,0,0,5,1240,910,1976,47.5378,-122.17,1980,9325,12.926348493478372
3,2.25,1750,15528,1.0,0,0,3,1270,480,1963,47.7739,-122.274,2170,12000,12.853175887588712
3,2.75,2690,8890,2.0,1,4,4,2690,0,1975,47.5487,-122.197,2940,8890,14.316285845876763
3,2.5,1690,1479,3.0,0,0,3,1420,270,2005,47.6022,-122.311,1280,1253,13.106233995474446
4,2.5,2720,5771,2.0,0,0,3,2720,0,2015,47.4917,-122.17,1940,4184,13.030138433361811
4,2.5,2650,5880,2.0,0,0,3,2650,0,2005,47.3509,-122.165,2610,6490,12.70381302974751
2,1.0,880,5600,1.0,0,0,5,880,0,1955,47.5071,-122.265,1240,7015,12.367340793126296
4,2.75,2850,7510,2.0,0,0,3,2850,0,2008,47.7097,-122.305,1510,8833,13.3645249345543
5,2.75,2540,27007,1.0,0,0,3,1520,1020,1980,47.4326,-122.155,1800,26572,12.948009990259552
4,2.5,2000,5500,2.0,0,0,3,2000,0,2003,47.3552,-122.014,2000,5512,12.793859310432293
3,2.75,1160,1073,2.0,0,0,3,880,280,2007,47.5788,-122.315,1250,5400,12.906004259685854
3,2.0,1450,9044,2.0,0,0,3,1450,0,1990,47.1955,-121.987,1450,9044,12.312682380588432
3,3.5,1560,2198,2.0,0,0,3,1180,380,2006,47.5812,-122.403,1550,1467,13.235692062711331
3,2.5,3020,50800,1.0,0,0,5,1510,1510,1968,47.5529,-122.026,2400,27135,13.507625778194974
