bedrooms,sqft_lot,floors,waterfront,view,condition,grade,sqft_above,sqft_basement,lat,long,sqft_living15,sqft_lot15,price_ln
3,7201,1.0,0,0,3,7,1320,0,47.7126,-122.211,1380,7201,12.821258284620408
3,1171,3.0,0,0,3,8,1480,0,47.62,-122.3,1480,1231,13.122363377404328
4,8250,1.0,0,0,3,7,1060,250,47.425,-122.332,1260,8255,12.434004713576181
3,11593,2.0,0,0,3,7,1460,0,47.2984,-122.385,1640,9703,12.409013489526863
3,1250,2.0,0,0,3,8,1140,270,47.6515,-122.375,1720,2825,13.180632285528304
4,7500,1.0,0,0,5,7,1200,1050,47.5877,-122.157,1440,7500,13.217673557208654
1,7540,1.0,1,4,4,6,720,0,47.3509,-122.323,1120,9736,13.253391639810733
3,9653,2.0,0,0,3,8,2120,0,47.3843,-122.213,1780,9801,12.834547962729536
3,7440,1.0,0,0,3,7,1270,390,47.5242,-122.362,1540,7440,12.254862809699606
5,1074218,1.5,0,0,5,8,2010,1000,47.4564,-122.004,2450,68825,13.203943364396752
6,8400,1.0,0,0,3,7,1030,900,47.4869,-122.34,1780,9520,12.694652660348845
3,13367,2.0,0,2,3,10,2660,0,47.6501,-122.217,2660,13367,14.457890621470566
3,12350,1.0,0,4,4,8,1530,1990,47.5837,-122.382,2140,7800,13.560618308335483
2,12500,1.0,0,0,3,6,970,0,47.5102,-122.33,1280,6250,12.47227568630483
3,9492,2.0,0,0,3,8,2140,0,47.3289,-122.204,2180,9184,12.618182296357007
4,6813,2.0,0,0,3,9,3030,0,47.6296,-122.029,2310,8682,13.231872276608467
3,9500,1.0,0,0,3,8,1650,0,47.631,-122.098,1880,9375,13.091904169919621
4,8149,1.5,0,0,4,7,1780,0,47.745,-122.302,1180,8149,12.886641043883259
4,7305,1.0,0,0,4,7,1050,1050,47.4676,-122.296,1760,7308,12.721885810807203
3,9680,1.0,0,0,4,7,1370,0,47.6127,-122.045,1370,10208,12.89921982609012
3,7785,1.0,0,0,3,8,1140,0,47.709,-122.363,2080,10620,12.916568464424731
4,9889,1.0,0,0,3,7,1540,900,47.6932,-122.3,1710,6284,13.5985975564007
3,39768,2.0,0,0,3,8,2070,0,47.7696,-122.036,2740,44866,13.204772513645047
4,4874,2.0,0,0,3,9,2905,0,47.4084,-122.169,2900,5271,12.80765263256463
3,6000,1.0,0,0,3,7,1210,0,47.4984,-122.224,1210,6000,12.367340793126296
3,3900,1.0,0,0,4,7,1480,0,47.2977,-122.367,1830,6956,12.429216196844383
3,3243,1.5,0,0,3,8,1980,0,47.6429,-122.327,1380,1249,13.58735446482652
5,6000,1.5,0,0,3,8,2080,250,47.6461,-122.392,2150,6000,13.623138665316818
3,47419,1.5,0,0,3,7,2170,540,47.6522,-121.966,2130,48144,13.00019574343012
4,11700,1.0,0,0,5,8,1480,960,47.5606,-122.184,2140,10807,13.442996549995796
3,48994,2.0,0,0,4,9,2790,0,47.3487,-122.088,2550,37834,13.017002861746503
3,16535,1.0,0,0,3,7,1850,0,47.6565,-121.912,1528,13295,12.487485104968359
3,10723,1.0,0,0,4,6,950,0,47.4899,-122.133,1520,10723,12.560244459250788
3,4875,1.0,0,0,5,6,1280,0,47.3686,-122.081,1060,4875,12.100712129872347
3,9000,1.0,0,0,4,7,1070,0,47.6984,-122.132,1700,8400,12.798017320580957
4,8160,1.0,0,0,3,7,1900,0,47.2114,-121.986,1280,6532,12.206072645530174
4,323215,2.0,0,0,3,10,5370,0,47.6003,-122.076,3780,9891,14.26339638195639
3,10355,2.0,0,0,3,9,2550,0,47.739,-122.203,2550,10084,13.213117740672793
4,8171,2.0,0,0,3,8,2010,0,47.7688,-122.218,2090,8203,12.980799813082541
2,5484,1.0,0,0,3,8,1030,350,47.6382,-122.399,1380,5347,13.205076362864512
3,7350,1.0,0,0,3,8,1390,490,47.4457,-122.123,1910,8400,12.676076274775909
3,11360,1.0,0,0,3,8,1490,0,47.5896,-122.12,2350,10320,13.102160670086809
3,5150,1.0,0,0,5,6,820,0,47.5514,-122.284,1100,5150,12.628067055589549
2,7605,1.0,0,0,3,7,1340,0,47.1936,-121.981,1670,7136,12.345834587905333
4,5703,2.0,0,0,3,9,2793,0,47.3682,-122.178,2793,5704,12.951575056424048
3,17700,1.0,0,0,4,8,1740,1340,47.4695,-122.366,2100,15100,13.180632285528304
3,5000,1.5,0,0,3,7,1110,490,47.655,-122.358,1380,5000,13.217673557208654
3,7350,1.0,0,0,3,8,1610,0,47.4503,-122.131,2120,7350,12.655554639055113
4,11545,1.0,0,0,4,8,1430,1430,47.588,-122.168,2190,11396,13.771558670435091
4,7965,2.0,0,0,3,7,1880,0,47.3642,-122.052,1570,7584,12.691272721657192
3,7225,2.0,0,0,4,7,2000,0,47.349,-122.167,1950,7464,12.718896271958837
3,5978,1.5,1,4,4,7,1990,0,47.3449,-122.329,2100,6221,13.345506928718539
3,7500,1.0,0,0,3,7,880,250,47.6973,-122.389,2190,5250,13.217673557208654
2,3504,2.0,0,0,3,7,1860,0,47.776,-122.239,1860,4246,12.84792653170257
5,9276,2.0,0,0,4,7,2000,0,47.444,-122.19,1240,8270,12.611537753638338
2,1140,2.0,0,0,3,8,1080,290,47.7053,-122.342,1370,1090,12.821123140353697
2,6620,1.5,0,0,3,8,1740,0,47.526,-121.828,1560,5400,12.765688433465597
5,107157,2.0,0,0,3,10,3440,2160,47.7341,-122.102,3470,75794,13.900770401915098
3,8551,1.0,0,0,5,7,1010,0,47.7351,-122.295,1310,8504,12.765688433465597
4,13684,2.0,0,0,3,9,2650,0,47.6278,-122.108,2650,12032,13.498056327178823
3,35150,1.0,0,0,4,7,1800,730,47.3913,-122.121,2460,36386,12.834681304952548
2,3040,1.5,0,0,3,8,1460,240,47.6442,-122.369,1620,3230,13.473020249017498
4,7969,1.0,0,0,3,7,1100,530,47.7336,-122.19,1580,7440,12.929991484756872
3,9600,2.0,0,0,3,8,2410,600,47.7671,-122.263,2620,9660,13.120361374733656
3,5070,2.0,0,3,3,8,1660,0,47.5552,-122.296,2440,6664,13.104199406776658
3,7350,1.0,0,0,3,7,1170,450,47.7248,-122.179,1800,7350,13.038981768465277
4,5650,2.0,0,0,3,7,2230,0,47.5073,-122.168,1590,7241,12.994530005894443
3,7740,1.0,0,0,5,6,1410,0,47.523,-122.371,1220,7740,13.102160670086809
2,5760,1.0,0,0,3,6,730,200,47.5598,-122.266,1970,5760,13.08049917330563
3,5512,2.0,0,0,3,9,2250,400,47.6265,-122.295,1440,5100,13.864300722133706
3,15120,1.0,0,0,4,8,2100,0,47.6201,-122.222,3070,16078,13.955272500339433
2,15600,1.0,0,0,3,6,1220,0,47.2853,-122.265,1510,17818,12.28071618852594
3,7470,1.0,0,0,3,7,1050,730,47.5123,-122.337,1780,8113,12.343658308482738
5,10010,1.0,0,0,3,7,1510,1510,47.5249,-122.044,1760,10878,13.049792684569493
3,9750,1.0,0,0,3,7,1350,400,47.398,-122.299,1900,10125,12.54236629477704
4,9548,2.0,0,0,3,7,1830,0,47.7379,-122.224,1740,9750,12.936033799212835
3,3400,1.0,0,0,3,7,990,540,47.6204,-122.296,1880,4212,13.178743710840436
3,6413,1.0,0,0,4,7,910,500,47.6826,-122.298,1330,6050,13.287877815881902
3,167125,1.0,1,1,4,7,1480,460,47.459,-122.504,1910,127195,13.36138027787483
3,2250,3.0,0,4,3,8,2080,0,47.6598,-122.355,2080,2250,13.480037821676145
4,6360,2.0,0,0,3,8,1830,0,47.4184,-122.18,1830,6596,12.556729517143344
3,7080,1.0,0,0,4,7,1210,660,47.7244,-122.179,1620,8000,12.976180867226248
3,10500,1.0,0,0,4,8,2150,280,47.2579,-122.312,1670,9800,12.513557345278134
4,41194,1.5,0,2,5,5,1370,0,47.2716,-122.144,1590,84070,12.450977688625896
6,6015,2.0,0,2,3,10,3080,920,47.453,-122.118,3180,5700,13.253391639810733
3,12402,1.0,0,0,4,6,1150,0,47.7422,-122.099,1400,13600,12.748396936355535
2,8147,1.0,0,0,3,7,1140,0,47.7278,-122.289,1260,8148,12.873902018105829
3,683,2.0,0,0,3,7,1150,0,47.5323,-122.071,1150,755,12.721885810807203
5,9519,1.0,0,0,3,8,1670,1060,47.7504,-122.307,1150,9519,13.23560277301084
3,5000,1.5,0,0,4,7,2110,890,47.5781,-122.293,1970,5000,13.409044949522526
3,8130,2.0,0,0,4,9,1950,0,47.3875,-122.161,2350,7691,12.702292116906802
4,7254,1.0,0,0,2,8,1610,1000,47.5618,-122.176,2250,7407,13.213117740672793
4,6375,1.0,0,2,4,8,1600,510,47.6819,-122.272,2760,6375,13.737549016494562
4,7289,2.0,0,0,3,7,2020,0,47.401,-122.171,2090,7259,12.793859310432293
4,9822,1.0,0,0,5,7,2070,0,47.566,-122.14,1300,9572,12.834681304952548
4,8400,1.0,0,0,5,9,1270,1100,47.6716,-122.264,2370,8400,13.937728190688523
3,4500,1.5,0,1,4,8,1690,0,47.5841,-122.383,2140,7200,13.485616636703183
3,6300,1.0,0,0,3,6,1050,0,47.5128,-122.374,740,6300,12.301382825334498
0,28008,2.0,0,0,3,12,4810,0,47.6642,-122.069,4740,35061,14.074523057692726
4,22000,1.0,0,3,4,9,1580,1350,47.3227,-122.384,2930,9758,13.235692062711331
2,1259,2.0,0,0,3,8,1000,200,47.6001,-122.298,1320,1852,13.028052697933088
3,4000,1.5,0,0,3,8,2168,0,47.6561,-122.325,1770,4000,13.262125319779487
4,9800,1.0,0,0,3,8,1780,530,47.6657,-122.178,2310,9800,13.238367053160635
3,11060,1.0,0,0,4,7,1610,580,47.6893,-122.208,2020,8588,13.458835614025542
3,952,3.0,0,0,3,8,1250,0,47.7098,-122.333,1250,1030,12.230765258120545
4,7672,1.0,0,0,3,8,1480,940,47.5637,-122.085,2370,7699,13.17115354157376
3,7917,2.0,0,0,3,8,2270,0,47.2643,-122.22,2160,7917,12.736700896592344
3,9000,1.0,0,0,3,7,1440,430,47.7373,-122.198,1870,8640,12.959844447906553
3,2345,2.0,0,0,3,7,1750,210,47.5419,-122.288,1760,1958,12.644327576461329
5,2932,3.0,0,0,3,8,2950,0,47.5923,-122.298,1580,2047,13.335860551666734
2,4895,1.0,0,0,3,6,710,500,47.5202,-122.373,1100,6000,12.560244459250788
3,3143,2.0,0,0,3,7,1570,0,47.7364,-121.969,1740,3591,12.691580461311874
5,9078,1.0,0,0,4,7,1510,0,47.4852,-122.305,1480,9078,12.421184025147118
4,5000,1.0,0,0,5,7,1460,1270,47.5843,-122.393,2010,5000,13.554145793829866
2,6150,1.0,0,0,3,7,810,0,47.7289,-122.34,1080,7200,12.6112043647371
5,53578,1.0,0,0,4,9,2230,750,47.4908,-122.059,2860,75546,13.262125319779487
2,5000,1.0,0,0,3,7,1190,0,47.5717,-122.382,1600,5000,13.09704556942004
3,8991,2.0,0,0,3,7,1270,0,47.3563,-122.149,1270,8993,11.84939770159144
3,7200,1.0,0,2,3,8,1620,1620,47.567,-122.273,2700,7200,13.71236979904476
3,22464,2.0,0,0,5,8,2330,1410,47.6354,-122.196,2680,19564,13.815460556714232
4,214750,2.0,0,0,3,8,2620,0,47.4239,-122.068,2060,212137,13.427639758257062
3,9620,1.0,0,0,3,7,1300,0,47.282,-122.331,1420,9620,12.301155526776865
5,7171,1.0,0,0,4,7,1460,690,47.3952,-122.176,1710,7300,12.54236629477704
3,21275,1.0,0,0,4,6,1180,0,47.4018,-122.037,1490,35100,12.240474072247506
4,4553,2.0,0,0,3,7,1950,0,47.5066,-122.175,1780,4598,12.682306824526545
3,7205,2.0,0,0,3,8,2050,0,47.3487,-122.304,2050,7264,12.834681304952548
4,8989,1.0,0,0,4,8,1680,830,47.5569,-122.172,2510,8931,13.296316684527767
3,20000,1.0,0,0,4,7,1360,0,47.2861,-122.253,1530,9997,11.976659481202368
4,7200,1.0,0,0,3,7,1810,0,47.7207,-122.186,2060,7200,12.971540487669746
3,6250,1.5,0,0,4,7,1460,0,47.6693,-122.333,1690,4750,13.465953081794405
3,18439,1.0,0,0,3,7,1510,0,47.5491,-122.046,1600,34326,12.832011076396668
2,21750,1.5,0,0,5,6,1280,0,47.3096,-122.241,1520,21750,12.043553716032399
3,13056,1.0,0,0,4,7,1230,0,47.3171,-122.279,1690,15750,12.072541252905651
3,9732,1.0,0,0,3,7,1760,0,47.1923,-122.014,1910,9231,12.660169175050076
4,9150,1.0,0,0,3,7,1740,0,47.4498,-122.28,1540,9147,12.84792653170257
3,4270,2.0,0,0,3,8,2500,0,47.536,-121.877,2420,4205,13.19654277557858
2,6750,1.0,0,0,3,7,950,140,47.6836,-122.397,1640,6750,13.028052697933088
3,1262,3.0,0,0,3,8,1494,0,47.6826,-122.324,1494,1264,13.38472764187182
3,44866,1.0,0,0,4,7,1410,0,47.3273,-122.37,2950,29152,12.721885810807203
4,207141,2.0,0,0,3,10,4030,660,47.7072,-121.983,2890,200527,13.830399170458024
3,7586,2.0,0,0,3,8,1630,0,47.5689,-122.023,2090,7330,13.071070083016778
4,4930,2.0,0,0,3,9,2890,90,47.5445,-122.12,2980,6099,13.527828485512494
3,9711,1.0,0,0,3,7,1060,0,47.4095,-122.315,1650,9711,12.583995250631936
4,4639,2.0,0,0,3,8,2390,0,47.3527,-121.999,2390,4521,12.536189012048483
3,35741,2.0,0,0,3,7,4110,0,47.6642,-122.171,2710,8865,13.846039762999096
3,6720,1.0,0,0,4,7,1270,450,47.6138,-122.298,1690,3248,13.108264453024827
4,7260,2.0,0,0,3,8,2200,940,47.5664,-122.124,2860,8186,13.51979631381523
2,57499,1.0,0,0,2,6,990,0,47.4145,-122.463,2090,27442,12.70381302974751
3,13775,1.0,0,0,3,8,1550,1090,47.5875,-122.177,2120,12432,13.180632285528304
3,3399,1.5,0,0,3,7,1200,340,47.6853,-122.359,1500,3914,13.180820946975897
3,4468,3.0,0,0,3,10,2840,0,47.7069,-122.117,3040,5400,13.483597910599078
3,7258,1.0,0,0,3,7,1170,0,47.3333,-122.266,1410,7750,12.429216196844383
3,11325,2.0,0,0,3,7,1899,0,47.3987,-122.3,2000,10454,12.577291314909747
3,1146,3.0,0,0,3,9,1760,0,47.6073,-122.304,1346,3472,13.329377546788654
3,5000,1.5,0,2,3,7,1040,0,47.6754,-122.359,1440,4400,13.304684934198283
3,7500,1.0,0,0,3,6,1260,0,47.4191,-122.33,1260,7500,11.695247021764184
3,3104,2.0,0,0,3,7,1140,0,47.5707,-122.018,1150,2981,12.644327576461329
2,1623,2.0,0,0,3,8,1260,200,47.6764,-122.301,1460,1137,13.112313041550827
3,11256,1.0,0,0,4,7,1250,400,47.4707,-122.26,1860,11256,12.591335046320818
3,3731,1.0,0,0,3,7,900,400,47.5374,-122.27,1300,3731,12.66032791780777
5,18827,1.0,0,2,4,10,2150,1900,47.5323,-122.237,3600,25120,14.137594057133388
3,5497,2.0,0,0,3,9,2680,0,47.7043,-122.128,2780,5497,13.457406021215947
4,5974,2.0,0,0,3,9,3080,0,47.6007,-121.974,2950,5425,13.504900980868788
2,6687,1.0,0,0,3,6,720,0,47.7001,-122.362,840,6687,12.70487629406884
3,4597,2.0,0,0,3,8,1850,0,47.3755,-122.136,2210,5000,12.445089546000673
2,2550,1.0,0,0,4,5,680,0,47.6767,-122.388,1120,5100,12.80765263256463
3,12092,1.0,0,0,4,6,720,610,47.5102,-122.324,1770,11770,12.736553826954605
2,8914,1.0,0,0,3,6,720,0,47.4488,-122.274,1100,8916,12.095141084822892
2,5000,1.5,0,2,3,5,1380,0,47.5708,-122.359,1500,5000,13.58609739363647
2,4025,1.0,0,0,4,7,1190,350,47.5876,-122.391,1950,4420,13.253391639810733
4,10140,1.0,0,0,3,7,1460,910,47.3352,-122.278,1450,7800,12.628067055589549
3,4320,1.0,0,0,4,7,970,900,47.6663,-122.357,1810,3900,13.42984807715229
3,218235,1.0,0,0,3,8,3360,0,47.6601,-121.946,2650,220849,13.287877815881902
1,5746,1.0,0,0,4,5,760,0,47.3046,-122.215,970,6696,11.461632170582678
4,7966,1.0,0,0,3,7,1200,880,47.7393,-122.181,1920,7500,13.081541382884074
3,3538,1.0,0,0,3,7,800,600,47.5405,-122.27,1620,6331,12.764258840656002
3,1330,2.0,0,0,3,8,1010,210,47.6904,-122.37,1360,3750,13.032438669876342
3,1187,2.0,0,0,3,8,1080,200,47.6651,-122.368,1280,1681,13.197470849891134
4,7800,1.0,0,0,5,7,1120,580,47.4801,-122.158,1560,7800,12.762827201184564
2,9869,1.0,0,0,3,6,910,0,47.4572,-122.184,1480,9750,12.314927050442256
6,3404,2.0,0,0,3,7,1600,700,47.7067,-122.343,1560,1312,13.047639831208393
4,11900,1.0,0,3,4,9,1640,1200,47.5271,-122.386,2790,10070,13.579788224443204
3,5794,1.5,0,0,3,7,1380,410,47.7477,-122.171,2140,7769,12.92391243868049
3,7410,1.0,0,0,4,7,1500,0,47.4597,-122.162,1750,7990,12.506177237980511
3,7969,1.0,0,0,3,7,930,900,47.4667,-122.214,1790,7425,12.652359748158593
3,7414,1.0,0,0,3,7,1490,470,47.2977,-122.374,1580,8038,12.429216196844383
2,9839,1.0,0,0,3,6,940,0,47.5379,-122.386,1330,8740,12.834681304952548
3,10402,1.0,0,0,4,7,1110,0,47.5676,-122.177,2050,9660,13.321214236149494
3,57063,1.0,0,0,4,9,1790,530,47.6163,-122.056,3290,7314,13.249876697703288
4,7089,2.0,0,0,3,10,3160,980,47.7059,-122.2,2640,8896,13.652991628466498
3,4600,3.0,0,2,3,11,4490,630,47.7052,-122.223,2510,5918,14.253765488895429
5,8400,1.5,0,0,5,7,2660,0,47.2909,-122.189,1590,8165,12.628067055589549
3,9641,1.5,0,0,3,7,1650,0,47.7145,-122.231,1940,6701,12.92391243868049
3,30056,1.0,0,0,5,8,1840,660,47.4468,-122.337,2500,30000,13.262125319779487
3,35438,2.0,0,0,3,7,2000,0,47.4733,-121.994,2000,51836,12.971540487669746
4,13736,1.0,0,0,4,6,1490,0,47.712,-122.281,2040,7200,12.92391243868049
4,8402,1.0,0,0,5,10,2240,1130,47.6349,-122.29,3190,8700,14.648419680899378
5,8560,1.0,0,2,3,7,1620,800,47.532,-122.285,2210,7040,12.771386454580234
3,6859,1.0,0,0,4,7,1290,0,47.5317,-122.387,1560,6369,13.190022025878143
4,10754,1.0,0,0,5,7,1100,1080,47.7711,-122.341,1810,6929,12.66032791780777
4,8587,3.0,0,0,3,11,2950,370,47.691,-122.337,1860,5668,13.815510557964274
4,26300,2.0,0,0,3,9,2850,970,47.7618,-122.261,1860,12136,13.554145793829866
3,9600,1.0,0,0,3,7,1210,350,47.457,-122.27,2070,9600,12.691426603322494
3,3292,2.0,0,0,3,8,1810,0,47.5164,-121.877,1810,2769,12.85893154328709
3,17355,1.0,0,0,3,7,1200,500,47.3637,-122.057,1900,9528,12.658739355122632
4,5471,2.0,0,0,3,8,3000,0,47.4797,-122.126,2730,5471,13.199324418540456
4,9000,1.0,0,0,4,8,1590,980,47.2986,-122.372,2120,8571,12.568978139219542
4,6075,1.5,0,0,5,7,1660,0,47.6755,-122.403,1810,5400,13.42984807715229
3,7350,1.0,0,0,3,7,1140,500,47.2625,-122.3,1480,8041,12.30591798049989
5,6720,1.0,0,0,4,7,1750,840,47.435,-122.192,1820,7521,12.718896271958837
4,9600,1.0,0,0,4,7,1010,820,47.5728,-122.125,1910,11100,12.978493006984626
3,7500,1.0,0,0,3,6,1050,0,47.5473,-122.396,1380,7500,12.994530005894443
5,8382,1.5,0,0,3,7,1260,0,47.5058,-122.355,910,8382,12.301382825334498
3,4888,1.0,0,0,3,6,1600,0,47.383,-122.097,2520,5700,12.388185847286392
5,16481,2.0,0,0,3,12,4960,1710,47.6409,-122.221,4800,16607,14.91345595764468
2,5000,1.0,0,0,4,6,910,0,47.683,-122.374,1480,5000,13.017002861746503
2,4440,2.0,0,0,4,8,1440,770,47.6305,-122.3,1560,4920,13.617059619240436
5,8652,1.0,0,0,3,7,1150,1120,47.6692,-122.151,1950,8050,13.148031124152906
3,9600,1.0,0,0,4,7,1260,0,47.3592,-122.076,1640,9946,12.582795284772684
4,9753,1.0,0,0,4,7,1120,600,47.2922,-122.371,1510,9753,12.487296407920908
3,18935,1.5,0,0,3,11,2980,0,47.7133,-122.079,3670,18225,13.617059619240436
3,4667,2.0,0,0,3,7,1440,0,47.5662,-122.017,1610,4756,13.010313873595706
3,8698,1.0,0,0,3,8,1950,0,47.39,-122.153,2330,7212,12.796633237315017
3,3600,2.0,0,0,3,9,1900,240,47.6337,-122.365,2020,4800,13.753635154246187
4,9248,2.0,0,0,3,8,1850,0,47.735,-122.244,2080,8711,13.151922179645874
2,2890,1.0,0,0,4,7,790,460,47.6795,-122.353,1500,3225,13.017002861746503
4,27072,1.0,0,0,3,7,1380,1320,47.2877,-122.293,2460,34850,12.660010407089116
3,7500,2.0,0,0,3,8,1820,0,47.7155,-122.104,2040,8304,12.957488734214095
4,20181,1.0,0,0,3,7,1090,1060,47.7627,-122.245,2150,10480,12.84792653170257
4,5000,1.0,0,0,4,7,944,870,47.684,-122.281,1290,5000,13.180632285528304
3,2183,3.0,0,0,3,8,1330,0,47.6987,-122.365,1310,5000,13.199231821660906
6,31374,2.0,0,4,3,13,8860,1030,47.6305,-122.24,4540,42730,15.744855690144892
3,7752,1.0,0,0,3,9,2180,1170,47.6263,-122.099,2570,7988,14.077874822431765
3,8505,1.5,0,0,3,7,1210,0,47.5389,-122.353,1430,8505,12.66032791780777
3,19600,1.0,0,0,4,8,2110,0,47.4742,-122.198,880,10077,12.89921982609012
3,2700,2.0,0,0,3,8,1658,0,47.3667,-122.307,1658,2700,12.483325522491416
3,1470,3.0,0,3,3,7,1333,0,47.7058,-122.302,1360,1680,12.732279371334467
3,10000,1.0,0,0,4,7,2100,0,47.4222,-122.331,1300,7500,12.409013489526863
3,9900,1.0,0,0,3,7,1400,0,47.6272,-122.209,1810,10796,13.652991628466498
2,5250,1.0,0,0,4,7,1140,140,47.5258,-122.377,1050,5250,12.765688433465597
4,7610,1.0,0,0,4,8,1290,700,47.6236,-122.103,1820,8198,13.17915761382862
2,1394,2.0,0,0,3,8,1170,0,47.6131,-122.297,1250,3136,12.866179972011919
4,5202,1.0,0,1,4,6,1070,680,47.5677,-122.317,2090,5400,12.706847933442663
1,4920,1.0,0,0,3,7,720,720,47.534,-122.376,1440,4920,12.873902018105829
3,20193,1.0,0,0,3,7,1430,0,47.5619,-122.183,2140,18364,13.023647404465171
3,11150,1.0,0,0,3,7,1110,240,47.446,-121.776,1290,10043,12.644327576461329
3,30346,1.0,0,0,3,8,1880,0,47.3515,-122.291,2260,5883,12.644327576461329
4,9775,2.0,0,2,3,8,2890,0,47.5339,-121.854,2640,7184,13.262125319779487
3,229125,2.0,0,3,3,7,1790,0,47.2309,-122.009,1970,216928,13.071070083016778
2,3916,1.0,0,2,4,6,810,200,47.5728,-122.306,1580,3888,12.89921982609012
3,5036,1.0,0,1,4,7,1680,0,47.4734,-122.186,1680,4921,12.821258284620408
3,4408,2.0,0,0,3,8,1730,0,47.5683,-122.005,1730,4408,13.005829561148378
1,7639,1.0,0,0,4,5,570,400,47.4655,-122.346,1360,7380,12.2783933071098
2,43056,1.5,0,0,3,5,1010,0,47.7105,-121.316,830,18297,11.951180395901384
3,8036,1.0,0,0,3,7,1270,930,47.7763,-122.209,1850,7563,12.873902018105829
3,8460,1.0,0,0,3,7,1180,500,47.7554,-122.353,1890,9529,12.947057155504279
5,12739,2.0,0,3,3,10,4430,1360,47.538,-122.114,5790,13928,14.375126345899696
4,4554,2.0,0,0,3,9,2578,0,47.2603,-122.194,2647,4554,12.901592010235175
4,6334,2.0,0,0,3,8,2910,0,47.4826,-121.771,2790,6352,13.122343377204325
4,37647,2.0,0,0,3,8,2150,0,47.3117,-122.083,2410,42193,12.84792653170257
4,6400,1.0,0,0,3,7,1170,890,47.2924,-122.197,1890,8736,12.458774999085929
4,9015,2.0,0,0,4,7,2050,0,47.4357,-122.168,1780,8820,12.577636201962656
3,4000,2.0,0,0,5,9,1820,600,47.6054,-122.295,2030,4550,13.514405465180353
3,75794,1.0,0,0,3,7,2080,0,47.7018,-122.189,1870,11020,13.592367006650065
3,8137,1.0,0,0,4,7,1370,0,47.2802,-122.303,1660,8840,12.528156144699286
4,3500,1.5,0,0,5,7,1260,820,47.5445,-122.383,1380,5900,13.16158409055761
5,15435,1.0,0,1,5,7,1390,850,47.7426,-122.288,2240,10750,13.081541382884074
4,4547,2.0,0,0,3,7,1996,0,47.3365,-122.051,2180,5127,12.560244459250788
5,7030,1.0,0,0,3,8,1420,1200,47.7338,-122.352,1360,7964,12.896716695872
5,14800,1.5,0,0,3,6,1760,90,47.4935,-122.321,1250,14800,12.66032791780777
3,8476,1.0,0,0,4,8,1690,1070,47.5402,-122.215,2610,9835,13.618278388434565
3,2750,2.0,0,0,3,8,1680,340,47.5633,-122.297,1720,1546,12.971540487669746
5,15580,2.0,0,0,3,11,3390,1010,47.6232,-122.207,2150,14249,14.403297222866392
3,8100,1.0,0,0,4,7,1310,670,47.7353,-122.331,1450,8212,12.911642346088676
4,9235,1.0,0,0,4,8,1690,1290,47.5513,-122.162,2690,10046,13.34230179776959
4,10875,1.0,0,1,3,7,1940,1200,47.6656,-122.406,3300,10080,13.560618308335483
2,5100,1.0,0,0,3,7,800,0,47.6775,-122.388,1330,5100,12.992254692057308
2,4225,1.0,0,0,3,8,1440,0,47.7143,-122.032,1680,6200,12.987688474077727
4,16263,2.0,0,0,3,9,2980,0,47.5457,-122.153,2730,10018,13.827439128829548
3,8235,1.0,0,0,3,7,1030,740,47.4323,-122.328,1560,8918,12.594730635321957
3,12420,1.0,0,0,3,7,1430,0,47.5116,-122.191,1900,10350,12.449018824140563
2,8153,1.0,0,0,3,6,960,0,47.7341,-122.3,1160,8199,12.611537753638338
2,2272,1.0,0,0,4,6,750,700,47.633,-122.282,2170,4370,13.169246963303179
3,9855,1.0,0,0,3,7,1310,0,47.7296,-122.241,1310,8370,12.611537753638338
4,6105,2.0,0,0,3,10,3180,0,47.6255,-122.314,3180,6029,14.089347223594002
3,6360,1.0,0,0,3,8,1470,390,47.5327,-122.392,1770,6175,13.038981768465277
3,1787,3.0,0,0,3,8,1860,0,47.7563,-122.316,1830,1787,12.84779494409793
2,4720,1.0,0,0,4,6,670,0,47.5243,-122.358,1480,4720,11.580584113444043
4,3721,2.0,0,0,3,8,2150,0,47.3363,-122.215,2150,3721,12.524526376648708
3,7680,1.0,0,0,3,7,1220,250,47.5276,-122.359,1470,6784,13.212094386173922
3,1517,2.0,0,0,3,8,1080,200,47.6651,-122.368,1280,1681,13.112313041550827
3,8215,1.0,0,0,3,7,1200,1200,47.5001,-122.338,1460,8217,12.730801174465157
6,7200,2.0,0,0,3,8,2440,950,47.5205,-122.288,2040,7214,12.62313688948169
3,6960,1.0,0,0,3,7,1140,580,47.6972,-122.129,1720,7280,13.017002861746503
3,7000,2.0,0,0,5,7,1840,850,47.6784,-122.277,1800,6435,13.737549016494562
4,8725,1.0,0,0,4,8,1500,1000,47.6304,-122.205,1900,8998,13.78071205242158
4,11536,1.0,0,1,4,7,1220,1010,47.4409,-122.348,2170,12465,12.779873068457553
3,5700,1.0,0,0,4,8,1000,800,47.6491,-122.367,1680,5350,13.527761816623505
2,1262,2.0,0,0,3,8,1160,240,47.5342,-122.349,1060,1524,12.608198852372823
3,11231,2.0,0,0,3,8,2060,0,47.7571,-122.141,2140,10224,12.994530005894443
4,11070,1.0,0,2,4,8,1300,1200,47.336,-122.334,2500,11070,12.84792653170257
4,8000,2.0,0,0,3,9,3050,0,47.7465,-122.231,1910,8000,13.514405465180353
3,7350,1.0,0,0,2,8,1660,0,47.3118,-122.337,1840,7673,12.144197241812087
2,1037,3.5,0,0,3,8,1730,0,47.5594,-122.285,1280,1026,13.079455876393052
4,25211,2.0,0,3,3,11,3280,0,47.6398,-122.05,3280,25211,13.604789526648622
5,9900,2.0,0,2,4,9,2600,2060,47.5135,-122.2,3380,9900,13.513053199930338
3,40392,1.0,0,0,3,9,1390,1190,47.7637,-122.134,2460,46173,13.253391639810733
3,9471,1.0,0,0,4,8,1310,0,47.6644,-122.148,2100,9449,13.169246963303179
3,3192,2.0,0,0,3,7,2400,0,47.6963,-122.348,1360,3192,13.253391639810733
3,16200,1.0,0,0,3,7,1650,0,47.3926,-122.168,1650,8680,12.48559653028049
3,6150,1.5,0,0,4,6,950,100,47.5715,-122.394,1360,6150,12.89921982609012
3,9000,1.0,0,0,4,7,1040,0,47.5253,-122.043,1750,10878,12.854483932248728
6,6554,2.0,0,1,3,8,2000,350,47.5115,-122.256,1560,6554,12.89921982609012
5,4425,2.0,0,0,3,8,2880,0,47.7048,-122.109,2940,6581,13.504900980868788
3,7629,1.0,0,0,3,7,1120,280,47.3788,-122.179,1530,7688,12.496874845318198
3,30689,1.0,0,4,3,9,1770,0,47.7648,-122.37,2650,30280,13.499429010990795
3,11985,1.0,0,0,3,9,1770,1200,47.6359,-122.052,2990,12049,13.521139497361697
2,5525,1.0,0,0,2,6,910,0,47.5322,-122.379,1620,5525,12.821258284620408
3,4535,2.0,0,0,3,9,3040,0,47.51,-122.185,2670,4666,13.077366011473593
3,7000,1.5,0,0,4,7,1680,0,47.2775,-122.203,1540,7480,12.297739834055998
3,5009,2.0,0,0,4,6,1590,0,47.7012,-122.322,1730,6380,13.045482333068371
4,9716,1.0,0,0,3,7,2340,0,47.4842,-122.347,1180,13500,12.86099861326992
5,14648,2.0,0,0,3,9,3570,0,47.7377,-121.974,3160,7882,13.343905647351566
4,4862,2.0,0,0,3,8,2460,0,47.7719,-122.235,2900,4895,13.112313041550827
4,12727,2.0,0,0,3,10,4800,0,47.5311,-122.134,4750,13602,13.891545244240271
3,9830,1.0,0,0,4,7,1720,0,47.5905,-122.245,3200,8923,13.764217263576723
3,10710,1.0,0,0,3,7,860,860,47.5092,-122.362,1480,10359,12.736700896592344
5,7264,1.0,0,0,3,7,1290,720,47.6945,-122.33,1510,7326,13.049792684569493
3,8800,1.0,0,0,4,7,1160,0,47.6112,-122.128,1750,8400,13.081541382884074
3,1189,3.0,0,0,3,8,1420,0,47.6625,-122.352,1380,1196,13.028052697933088
3,26500,1.0,0,0,4,8,1570,380,47.5784,-122.179,2160,12751,13.217673557208654
3,6743,1.0,0,0,3,8,1330,0,47.7012,-122.286,2600,7350,13.306350213517344
4,8837,1.5,0,0,3,7,1370,0,47.4386,-122.285,1360,9000,12.384218830913648
5,11250,1.0,0,0,3,7,1410,1170,47.397,-122.313,2240,11780,12.468436909997665
2,9250,1.0,0,0,3,7,860,820,47.7618,-122.162,1590,9542,12.637855061955712
4,4500,2.0,0,0,3,7,1830,0,47.3504,-122.005,2080,5100,12.721885810807203
3,7373,1.0,0,0,4,7,1100,0,47.3124,-122.183,1430,8415,12.388394202324129
3,4875,1.0,0,0,4,7,1040,600,47.3661,-122.094,1640,5200,12.35017298950393
2,9100,1.0,0,0,4,6,1122,0,47.328,-122.341,840,9344,12.128111104060462
3,7200,1.0,0,0,3,7,1190,290,47.3037,-122.375,1830,7200,12.581078546153629
5,65340,1.5,0,0,4,7,1670,500,47.7555,-122.204,3170,12884,12.983101310070822
4,7693,1.5,0,0,4,7,1410,0,47.7604,-122.331,1330,8395,12.779873068457553
3,1750,2.0,0,0,3,7,1350,460,47.6513,-122.386,1640,1563,13.129338991140754
3,1075,3.0,0,0,3,8,1540,80,47.5405,-122.026,1620,1237,12.948009990259552
2,1695,2.0,0,0,3,9,1100,0,47.5663,-122.289,1100,3082,12.832011076396668
5,7019,2.5,0,0,4,10,3590,700,47.6439,-122.302,1920,4000,13.963930563082547
3,10155,1.0,0,0,3,7,1130,260,47.2575,-122.305,1790,10155,12.157407473548894
4,8100,2.0,0,0,3,8,3000,0,47.7151,-122.305,1550,8100,13.31710745419684
4,7440,1.0,0,0,3,7,1180,1180,47.5044,-122.245,1680,7800,12.611537753638338
3,4803,2.0,0,0,3,7,1920,0,47.3745,-122.127,2240,5231,12.494816653928332
4,10850,1.0,0,0,4,8,1680,840,47.7751,-122.284,2590,10800,13.304684934198283
2,5200,1.0,0,0,5,5,700,0,47.4924,-122.174,970,5200,12.205822614274965
3,4800,1.0,0,0,4,7,1200,0,47.6084,-122.136,1510,7668,12.89921982609012
2,14200,1.0,0,0,3,7,790,0,47.459,-122.285,1430,10000,12.196022309676673
2,6448,1.0,0,0,3,7,990,0,47.5031,-122.245,1130,7200,12.301155526776865
2,4000,1.0,0,0,3,6,730,200,47.5321,-122.323,1100,5000,12.504323669331189
2,4814,1.0,0,0,4,5,880,0,47.3107,-121.999,1010,6160,12.247694320220994
3,6700,1.0,0,0,3,8,1370,0,47.6982,-122.362,1180,6694,13.142166004700508
4,11131,1.0,0,0,4,9,2080,1160,47.6182,-122.215,2300,12150,14.279244574196415
5,32700,1.0,0,4,3,10,2190,1950,47.7633,-122.369,3220,22077,14.151982794585487
4,8354,1.0,1,4,3,9,1830,1820,47.6338,-122.072,3120,18841,14.690979295318174
3,1250,3.0,0,0,3,8,1240,0,47.6748,-122.377,1470,1250,13.180537941455402
4,6515,2.0,0,0,3,9,2700,0,47.4356,-122.11,2900,6710,12.963367645913872
4,9525,2.0,0,0,5,9,2490,0,47.5639,-122.217,2770,9525,13.753635154246187
3,5706,1.0,0,0,3,7,1570,0,47.3156,-122.188,1570,5706,12.487485104968359
3,3821,2.0,0,0,3,7,2090,0,47.3655,-122.017,2040,4200,12.782405071498284
3,10000,1.0,0,0,4,7,1350,0,47.5741,-122.133,1450,10000,13.017002861746503
4,11200,1.0,0,0,4,8,2180,0,47.7476,-122.086,1790,11200,13.082582507392484
3,54977,2.0,0,3,3,9,3780,450,47.4176,-122.343,2880,27201,13.696163800331709
4,28563,1.0,0,0,3,10,2540,0,47.7185,-122.114,2790,20301,13.560618308335483
4,16809,2.0,0,0,3,11,2990,0,47.7123,-122.073,3340,18752,13.592367006650065
3,9000,1.0,0,0,4,8,1320,400,47.3191,-122.383,1930,8000,12.522706539931722
3,1001,3.0,0,0,3,8,1370,0,47.7302,-122.355,1399,1151,12.697715449879391
2,4635,1.0,0,0,4,6,690,480,47.6842,-122.359,1240,4120,13.081541382884074
3,22040,2.0,0,2,4,8,2470,530,47.7745,-122.368,2600,7947,13.695600261291716
4,11088,2.0,0,1,3,8,3691,0,47.6122,-122.059,3190,11270,13.592367006650065
3,18900,1.0,0,0,3,7,1580,960,47.754,-122.144,2270,16000,13.071070083016778
3,7205,1.5,0,0,3,7,1290,0,47.7329,-122.237,1340,7214,12.80765263256463
3,44093,1.0,0,0,3,7,1860,0,47.4381,-122.188,1900,6130,12.892950213076524
3,1254,2.0,0,0,3,7,850,460,47.5622,-122.384,1310,1372,12.873902018105829
4,11479,1.0,0,0,4,7,1060,1060,47.7084,-122.303,1540,11000,13.10011776845701
4,7650,1.0,0,0,4,8,1280,650,47.3078,-122.386,1860,8800,12.409013489526863
3,8640,1.0,0,0,3,7,1420,350,47.326,-122.273,1894,7974,12.506177237980511
2,3900,1.0,0,0,3,8,1200,0,47.72,-122.024,1440,5580,12.9190224533863
3,6441,2.0,0,0,3,7,2390,0,47.3659,-122.029,2180,7346,12.765545566117686
4,16360,1.0,0,0,5,7,1510,970,47.7638,-122.265,1770,15205,13.235692062711331
5,36450,2.0,0,0,3,10,4850,0,47.6426,-122.158,3850,35325,13.790192749979985
3,10800,2.0,0,0,3,8,2240,0,47.7433,-122.229,1900,9900,12.873902018105829
4,3052,2.0,0,0,3,8,1940,500,47.555,-122.309,2390,4600,13.071070083016778
3,7738,1.0,0,0,3,8,1520,400,47.4562,-122.33,2170,8452,12.429216196844383
3,1069,3.0,0,0,3,8,1140,0,47.6907,-122.342,1230,1276,12.899207326011993
4,5493,2.0,0,0,3,8,2320,0,47.7727,-122.229,2450,5471,13.180632285528304
3,4334,3.0,1,4,3,10,2830,0,47.6318,-122.071,2830,38211,14.45631125815201
3,11576,2.0,0,0,3,7,2070,0,47.3417,-122.271,1890,7519,12.185869938212655
3,11472,1.0,0,0,4,7,1370,900,47.7057,-122.374,2270,8340,13.37700559577791
3,2980,2.0,0,0,3,7,1220,0,47.7151,-122.203,1220,2140,12.672946381766982
6,10003,1.5,0,0,4,8,3610,0,47.6261,-122.125,2560,10004,13.38472764187182
5,4500,2.0,0,0,3,9,2860,1110,47.5402,-122.069,3480,4500,13.606639665936783
3,7620,1.0,0,0,3,6,950,0,47.5178,-122.346,1260,7620,11.827736204810263
4,26742,1.0,0,3,3,8,1480,1480,47.6846,-122.268,2500,9460,13.964792260680028
3,6685,1.0,0,0,3,7,1360,0,47.7365,-122.324,1300,8138,12.577636201962656
6,4240,1.5,0,0,4,7,1970,600,47.6754,-122.307,2030,4240,13.465953081794405
3,8450,1.0,0,0,3,6,880,440,47.3278,-122.337,1320,8450,12.356645504009547
4,5700,2.0,0,0,3,9,3100,0,47.3696,-122.058,3060,6000,13.120361374733656
3,7245,1.0,0,1,3,7,1160,530,47.3505,-122.305,1690,6720,12.348006141418841
4,8451,1.0,0,0,3,7,1540,1540,47.674,-122.154,1550,8125,13.428376406540833
3,6021,2.0,0,0,3,7,2550,0,47.3828,-122.211,2080,6021,12.774223335915433
3,11632,2.0,0,0,3,10,3940,0,47.438,-122.344,2015,11632,13.66157352198021
3,1307,2.0,0,0,3,7,780,320,47.5601,-122.363,1170,4800,12.560244459250788
4,5390,1.0,0,0,4,8,1300,1300,47.6382,-122.397,2550,5600,13.658856747918897
3,5250,2.0,0,0,4,8,1660,0,47.3541,-122.3,1630,5505,12.487485104968359
2,8556,1.0,0,0,3,6,760,140,47.5148,-122.386,1500,8556,12.66032791780777
3,9490,2.0,0,0,3,7,1820,0,47.7481,-122.178,1950,8851,13.099094750464975
4,9935,2.0,0,0,3,8,3230,0,47.7685,-122.257,2820,9722,13.345506928718539
5,16679,1.0,0,0,3,10,2760,970,47.5987,-122.029,3280,16679,13.560618308335483
5,10000,1.0,0,0,3,7,960,920,47.7182,-122.201,1580,10000,12.911642346088676
2,6361,1.0,0,2,3,8,2170,0,47.7109,-122.017,2310,7419,13.534473028231162
3,3433,2.0,0,0,4,7,1420,0,47.7245,-122.163,1150,3432,12.72635342806692
4,9448,1.0,0,0,4,7,1250,1250,47.5212,-122.339,1640,9490,12.706847933442663
4,8116,1.0,0,0,4,5,1750,0,47.5097,-122.181,1440,7865,12.203569515312056
3,1983,3.0,0,0,3,9,1610,340,47.6078,-122.202,2040,2131,13.573438996764546
2,6000,1.0,0,0,3,6,1430,560,47.6521,-122.398,1350,6000,13.270783382522602
4,4000,2.0,0,0,5,9,1930,810,47.6343,-122.352,1680,4000,13.91535589293399
4,7650,1.0,0,0,3,9,1830,1500,47.6889,-122.352,1200,3876,14.001990124906893
4,4875,1.5,0,0,3,7,1420,0,47.6942,-122.321,1110,5413,12.89921982609012
4,4840,1.5,0,0,5,8,1200,820,47.5576,-122.376,1410,4840,12.971540487669746
4,19500,1.0,0,2,3,8,1450,810,47.6555,-122.086,2980,19500,13.199324418540456
3,4559,2.0,0,0,3,9,2040,0,47.6156,-122.295,1500,4500,13.607255619143816
3,22649,2.0,0,0,4,8,3290,0,47.5241,-122.193,2750,6119,13.296316684527767
2,8775,1.0,0,0,3,6,800,0,47.7171,-122.307,1470,8976,12.775638764318764
3,8100,1.0,0,0,3,7,830,360,47.7146,-122.311,1256,8100,12.959844447906553
4,11375,1.0,0,0,3,7,1330,700,47.7765,-122.261,1500,9160,12.86099861326992
4,3120,1.5,0,3,3,8,1780,0,47.5589,-122.264,1710,3600,13.465953081794405
3,17383,2.0,0,0,3,7,1690,0,47.3691,-122.031,2610,7999,12.587927887999204
3,7117,1.0,0,0,3,7,1170,310,47.7766,-122.248,2230,14775,12.560244459250788
2,780,2.0,0,0,3,8,760,360,47.5788,-122.41,1120,1322,12.84792653170257
4,7296,1.5,0,0,3,6,1550,0,47.5184,-122.366,1370,7680,12.429216196844383
4,5362,2.0,0,4,4,8,2010,300,47.6044,-122.284,2530,5960,13.733215315237445
5,4000,1.0,0,0,3,7,1140,400,47.533,-122.354,1630,4000,12.785491060761776
4,10125,2.0,0,0,4,7,1560,500,47.764,-122.262,1760,9876,12.983101310070822
3,11088,1.0,0,0,4,8,1180,790,47.7651,-122.277,1970,10470,13.049792684569493
3,19860,2.0,0,0,4,8,2380,0,47.5255,-122.173,2450,10220,13.274225726713574
4,7132,1.5,0,0,3,6,1360,0,47.5054,-122.301,1280,7175,12.367340793126296
4,6906,2.0,0,0,4,10,2280,1210,47.6424,-122.407,2540,6223,14.018451401960965
4,10050,1.0,0,3,5,9,3160,2610,47.677,-122.275,2950,6700,14.244040939003435
3,4506,2.0,0,0,3,8,2600,0,47.7353,-122.222,2600,4658,13.151922179645874
4,24170,2.0,0,0,3,10,3190,0,47.6209,-122.052,2110,26321,13.601698334078948
4,40918,2.0,0,0,3,9,3130,0,47.4761,-121.723,2760,35440,13.301346032932768
3,8116,2.0,0,0,3,8,2530,0,47.7597,-122.167,2280,8791,13.017002861746503
2,6380,1.0,0,0,3,6,890,0,47.691,-122.303,990,6380,12.429216196844383
4,7000,1.0,0,0,3,7,1250,790,47.4056,-122.176,1900,7378,12.48710767526016
2,4950,1.0,0,0,3,8,1870,0,47.7195,-122.022,1670,4800,13.23560277301084
3,4446,2.0,0,0,3,9,2450,500,47.5852,-122.391,1930,4255,13.742939865129438
4,7840,1.0,0,0,3,7,1280,1000,47.4809,-122.224,2120,7260,12.652359748158593
4,3880,1.5,0,0,4,7,1090,790,47.6635,-122.362,1390,3880,13.235692062711331
4,8064,2.0,0,0,5,7,2090,0,47.6829,-122.195,1460,8400,13.473020249017498
3,6628,1.0,0,0,4,7,1200,0,47.7367,-122.319,1330,6768,12.751299696013497
3,8919,1.0,0,0,3,7,1430,0,47.2118,-121.983,1580,8919,12.415117272464881
2,877,3.0,0,0,3,8,1070,0,47.6699,-122.393,1320,1193,12.853175887588712
3,5353,2.0,0,0,3,10,2850,610,47.5858,-122.393,2460,6325,14.038654109278484
4,8540,1.0,0,0,4,7,1540,520,47.734,-122.19,1560,7700,12.959844447906553
3,7200,1.0,0,0,4,7,1130,680,47.7493,-122.351,1810,8100,12.973863369085885
5,6500,1.0,0,0,3,7,1260,660,47.6394,-122.308,1970,5500,13.480037821676145
4,5932,2.0,0,0,3,9,2830,0,47.6479,-122.408,2840,5593,13.850192138671527
3,1125,3.0,0,0,3,8,1260,0,47.6706,-122.381,1360,1250,12.988831984779805
3,7875,1.0,0,0,4,7,1060,0,47.2761,-122.152,1420,7680,12.26434155365415
2,9843,1.0,0,0,4,7,1510,0,47.4419,-122.27,1590,9368,12.644166273130065
4,4011,1.5,0,0,4,7,1720,0,47.6719,-122.396,1580,3784,13.122363377404328
4,11975,2.0,0,0,4,8,2740,0,47.6315,-122.028,2310,9068,13.500799813124575
4,7957,1.0,0,0,4,7,2230,0,47.5859,-122.122,2230,8040,13.193753373491
5,10090,1.0,0,0,3,7,1300,1180,47.4964,-122.263,2290,9900,12.827992316801751
3,9391,2.0,0,2,3,9,2432,0,47.3453,-122.267,2912,8932,12.96453929221076
6,4240,2.0,0,2,4,7,2090,1030,47.5305,-122.353,1460,4240,12.66032791780777
3,6054,2.0,0,0,3,9,3040,0,47.3508,-122.163,2650,6054,12.92391243868049
3,6825,2.0,0,0,3,8,2100,0,47.4314,-122.189,2180,7614,12.628067055589549
2,10856,1.0,0,0,3,8,1260,600,47.4989,-122.265,1250,10008,12.487485104968359
4,7505,2.0,0,0,3,8,2630,0,47.6846,-122.163,2670,7506,13.493926933836812
3,7210,1.0,0,0,3,7,1290,0,47.2889,-122.363,1350,7509,12.230765258120545
3,8924,1.0,0,0,3,6,1150,0,47.3865,-122.217,1492,8924,11.695247021764184
3,9750,1.0,0,0,4,7,1280,1090,47.4459,-121.773,1230,9775,12.779873068457553
4,48351,1.0,0,0,4,8,1910,1000,47.6495,-122.164,2760,43560,13.737549016494562
3,24069,2.0,1,4,4,12,5403,0,47.4169,-122.348,3980,104374,14.569282360340654
4,10358,1.0,0,0,5,8,1280,820,47.7478,-122.338,2080,9000,13.032438669876342
4,10292,1.0,0,0,4,8,2860,0,47.6286,-122.206,1840,10273,14.089347223594002
4,10748,2.0,0,0,4,8,1780,0,47.762,-122.11,2070,37680,12.886641043883259
4,5400,1.0,0,2,3,7,990,600,47.637,-122.367,2190,4800,13.571143370198438
4,5368,2.0,0,0,3,8,2800,0,47.6076,-122.053,2790,5368,13.423948355025102
4,6360,2.0,0,0,3,7,1840,300,47.687,-122.286,1690,6360,13.330596315982785
3,3075,2.0,0,0,3,8,1580,0,47.545,-122.368,1710,2934,12.845291484064564
3,53400,1.0,0,0,4,7,1640,0,47.3944,-122.506,1850,380279,12.672946381766982
4,8490,2.0,0,0,3,10,3280,1040,47.5568,-122.029,4030,11008,13.854731271117556
4,4960,2.0,0,0,3,7,1710,310,47.6867,-122.369,1590,4550,13.102160670086809
2,8367,1.0,0,0,3,6,840,840,47.6976,-122.288,1830,6720,12.718896271958837
3,10836,1.0,0,0,3,7,910,830,47.3976,-122.166,2090,7500,12.437184366493561
3,8184,2.0,0,0,3,6,1300,0,47.7469,-122.319,1120,8184,12.437184366493561
4,130244,2.0,0,0,3,8,2220,0,47.4989,-121.9,2680,130680,13.388566418178986
4,6295,2.0,0,0,3,8,2110,0,47.3641,-122.193,2720,6311,12.676076274775909
3,4125,1.0,0,0,3,6,1260,0,47.4401,-122.279,1300,9091,12.283033686666302
3,24805,1.0,0,0,3,6,1200,0,47.4236,-122.195,2150,4339,12.429216196844383
7,10800,1.5,0,0,3,8,5370,0,47.538,-122.223,2310,10910,13.693229923255442
4,46644,2.0,0,0,3,11,3560,0,47.7268,-122.05,3520,50261,13.705695691957068
3,3400,1.5,0,0,4,8,1420,550,47.6163,-122.292,1940,4000,13.102160670086809
3,6341,1.0,0,0,5,8,1040,960,47.5639,-122.401,2030,6341,13.345506928718539
4,3680,2.0,0,0,3,8,2303,0,47.2599,-122.283,2303,3760,12.706832781812727
2,2970,1.0,0,0,3,7,990,310,47.6233,-122.319,1700,3000,13.217673557208654
3,6240,1.0,0,0,4,7,1500,0,47.7281,-122.311,1230,6240,12.973863369085885
3,10276,1.0,0,0,4,7,1340,0,47.7207,-122.222,2950,7987,12.706847933442663
3,6800,1.0,0,0,5,6,1040,0,47.492,-122.224,1430,6080,12.26434155365415
4,6900,1.0,0,0,3,8,1480,1080,47.686,-122.297,2600,7200,13.514405465180353
4,5280,2.0,0,0,3,8,2450,0,47.7734,-122.224,2300,4674,13.17115354157376
3,9075,1.0,0,0,3,7,1120,0,47.7551,-122.072,1120,9705,12.721885810807203
4,94525,1.5,0,0,3,6,1960,0,47.5418,-121.962,2430,188564,12.823957341589573
3,9168,2.0,0,0,3,9,2740,0,47.3835,-122.148,2690,10554,12.921470435024938
4,100835,2.0,0,0,3,9,3090,0,47.3087,-122.088,2400,50543,13.422467969854667
4,5494,3.0,0,0,3,9,3030,0,47.7103,-122.109,2910,5314,13.592304504696857
4,4652,2.0,0,0,3,7,2220,0,47.4902,-122.154,1840,4500,12.911642346088676
4,9565,1.0,0,0,3,8,1400,640,47.7356,-122.335,1890,8580,13.017002861746503
3,7770,1.0,0,0,4,7,980,0,47.6923,-122.201,1470,7350,13.047208703803568
4,22896,1.5,0,0,3,7,1360,540,47.3102,-122.023,1300,8960,12.456831363877356
3,189486,1.0,0,0,4,7,1290,0,47.3356,-122.157,2370,98881,12.793720411897448
2,4080,1.0,0,0,3,7,1050,430,47.6842,-122.393,1310,4080,12.92391243868049
4,5100,2.0,0,0,3,8,2350,0,47.3507,-122.007,2190,5100,12.899094818276968
3,1970,2.0,0,0,3,9,1610,590,47.6426,-122.327,1890,3505,13.864300722133706
3,7300,2.0,0,0,3,6,1400,0,47.4999,-122.268,1440,10825,12.254862809699606
4,7200,1.5,0,0,4,6,1000,0,47.742,-122.324,1280,7200,12.628067055589549
3,7156,1.0,0,0,4,6,1150,0,47.4864,-122.317,1210,7156,12.220961258023925
3,3500,2.0,0,0,3,7,1380,0,47.5558,-122.27,1620,3900,12.524526376648708
2,11584,1.0,0,0,4,6,1370,0,47.4224,-122.293,1330,8012,12.378343866470628
3,7473,1.0,0,0,4,7,1340,0,47.3087,-122.206,1510,8240,12.314927050442256
3,5750,1.0,0,0,3,8,1320,1120,47.6991,-122.296,2160,6820,13.681979165339751
3,4714,1.0,0,0,3,8,1640,0,47.3539,-122.021,1770,4802,12.765545566117686
4,7200,1.0,0,0,5,8,1390,680,47.697,-122.169,2110,8400,13.345506928718539
4,8960,1.0,0,0,5,7,1520,1100,47.7642,-122.335,1880,8960,12.911642346088676
4,15375,1.5,0,3,3,8,2820,480,47.526,-122.225,3250,15375,14.038654109278484
3,12231,1.0,0,0,4,7,1250,950,47.5076,-122.173,2200,9825,12.682306824526545
4,9263,2.0,0,0,3,10,3510,0,47.5413,-121.877,3690,10417,13.491164501140902
4,8269,2.0,0,0,3,8,2286,0,47.5174,-122.194,2110,4711,13.083622549087899
4,8399,2.0,0,0,3,9,2830,0,47.5851,-122.034,2520,6890,13.42984807715229
4,3000,2.0,0,0,3,7,1550,400,47.565,-122.281,1540,4300,13.118254949359786
3,8580,1.0,0,0,3,7,970,0,47.3363,-122.311,1430,11907,11.957611286231675
3,6600,1.5,0,0,4,6,1150,0,47.6709,-122.185,1530,6600,12.821258284620408
2,64468,1.0,0,0,3,7,1600,0,47.7344,-122.143,1950,64468,13.81049801614073
4,14439,1.0,0,0,4,7,1180,1010,47.2702,-122.29,2160,14439,12.542544882151386
3,8300,2.0,0,0,3,8,2250,0,47.7174,-122.308,1790,7626,13.296316684527767
5,13238,2.0,0,0,5,8,3160,0,47.5373,-122.224,2360,12042,14.038654109278484
4,9898,2.0,0,0,3,8,1960,0,47.3834,-122.168,2130,7662,12.611537753638338
3,8549,2.0,0,0,4,7,1420,0,47.3576,-122.039,1560,7471,12.524526376648708
5,5000,2.0,0,0,5,7,1940,0,47.6704,-122.362,1940,4230,13.265597545490236
3,5460,1.0,0,0,3,7,1260,0,47.7355,-122.18,1510,5460,13.132313708257497
2,4000,1.0,0,0,4,6,610,0,47.5469,-122.391,870,5160,12.56374708980199
3,6534,1.0,0,0,3,7,1320,0,47.4806,-122.223,2140,7405,11.976659481202368
4,6305,1.5,0,0,5,6,1640,0,47.5563,-122.28,1590,4816,13.159659162148026
2,6750,2.0,0,0,3,9,3360,0,47.7112,-122.033,2510,6750,13.652991628466498
3,5597,2.0,0,0,3,7,1470,0,47.5674,-122.019,1610,5217,13.056223574899784
3,344124,1.0,0,2,4,7,1510,0,47.2156,-122.029,1750,169884,12.697715449879391
2,2731,2.0,0,0,3,8,1750,0,47.5169,-121.878,1650,2731,12.884106188280072
3,14196,2.0,0,0,3,7,2070,0,47.4617,-122.07,1550,13860,12.84660987581782
3,4080,2.0,0,0,3,7,1560,0,47.6892,-122.319,1900,4080,13.016891744462095
3,5700,2.0,0,0,3,8,1981,0,47.3668,-122.178,1981,5894,12.62379565103384
3,3900,1.0,0,0,4,7,1280,0,47.6545,-122.336,2020,4560,13.51169910358261
3,39478,2.0,0,2,4,9,3260,400,47.2413,-121.972,2700,38312,13.180632285528304
2,10766,1.0,0,3,4,6,1160,790,47.4504,-122.377,1780,11721,13.413539339110365
4,3900,2.0,0,0,3,9,2550,580,47.6849,-122.327,1830,3900,14.14409462173648
2,17389,1.0,0,0,4,5,1210,0,47.5044,-122.148,2140,14419,12.464583340681674
4,8712,1.0,0,0,3,7,1260,1150,47.5729,-122.302,2220,6038,13.009866346177184
4,5222,2.0,0,0,3,9,3400,0,47.3559,-122.0,3190,5326,13.151922179645874
4,8862,1.0,0,0,4,8,1270,940,47.7725,-122.198,2030,8862,13.049792684569493
5,7200,1.0,0,0,3,7,1300,1040,47.7206,-122.211,1930,7221,13.071070083016778
3,9948,1.0,0,0,3,6,1360,0,47.3422,-122.053,1670,8475,12.367128004530962
4,21780,2.0,0,2,3,9,3040,1460,47.5581,-122.213,3540,20473,13.676248490630767
2,11600,1.0,0,0,3,6,840,0,47.492,-122.302,1610,9120,12.138863895836725
1,2480,1.0,0,0,4,6,800,0,47.5581,-122.316,1490,4650,12.495003937382387
4,24603,2.0,0,0,3,12,4360,0,47.6035,-122.005,4770,27521,14.187074114396758
5,6621,2.0,0,0,3,9,3110,0,47.543,-121.888,3550,7953,13.36138027787483
3,17688,1.0,0,0,3,8,2320,0,47.4519,-122.363,1610,14482,13.017002861746503
3,56192,1.0,0,0,3,7,1480,630,47.7701,-122.138,2570,46609,13.329377546788654
3,1249,3.0,0,0,3,8,1170,0,47.6722,-122.381,1350,1310,13.161487932088379
4,10422,2.0,0,0,3,10,3340,0,47.6515,-122.197,1770,9490,13.955272500339433
2,4950,1.0,0,0,3,7,1770,0,47.3497,-122.025,1770,4500,12.767115985456782
3,8220,1.0,0,0,3,7,1320,0,47.3697,-122.309,1320,7920,11.918390573078392
4,7883,2.0,0,0,3,8,2640,0,47.3124,-122.188,2150,7683,12.791077667470416
4,9209,2.0,0,0,3,11,3980,0,47.6286,-122.064,3800,9333,13.785051350479566
3,10384,1.0,0,0,4,6,1160,0,47.3634,-122.027,1200,9880,12.2783933071098
3,5488,1.0,0,2,4,7,1010,820,47.6914,-122.309,1200,5488,13.017002861746503
4,4425,2.0,0,0,3,8,2460,0,47.7048,-122.109,2990,5659,13.448785278172041
4,8455,2.0,0,0,3,8,3140,0,47.4866,-122.147,3140,7391,13.180420942442211
8,6695,1.0,0,0,3,7,1470,1320,47.7565,-122.331,1760,7624,12.736700896592344
4,8899,2.0,0,0,3,10,2940,830,47.6476,-122.079,3300,8308,13.914903301842308
3,6175,1.0,0,0,3,7,1210,0,47.7291,-122.202,1520,7475,13.077366011473593
2,4500,1.0,0,0,3,8,1510,0,47.6644,-122.13,1740,6000,13.056223574899784
5,12231,2.0,0,4,3,11,4750,2600,47.5373,-121.865,5380,12587,13.919870573288517
3,8570,1.0,0,0,5,7,1080,480,47.6155,-122.21,2660,9621,13.9108207377686
3,2800,1.5,0,0,3,7,1770,0,47.6631,-122.357,1630,3254,13.476535191124942
4,8000,1.0,0,0,3,7,1040,540,47.3467,-122.304,1550,8000,12.409013489526863
3,9957,1.0,0,0,4,7,1100,550,47.7303,-122.298,1650,7957,12.819906019370393
3,10027,2.0,0,0,3,8,1860,0,47.6775,-122.165,1530,9204,13.345506928718539
3,8125,1.0,0,0,3,7,1540,360,47.4564,-122.162,1480,8284,12.736700896592344
3,9682,1.0,0,0,3,7,980,0,47.4136,-122.207,1580,9682,12.211060187041213
3,5200,1.0,0,0,5,6,860,0,47.3677,-122.078,1010,5200,12.14950229404178
3,22081,1.5,0,0,4,7,2220,0,47.4693,-122.364,2010,12360,13.296316684527767
4,2500,2.0,0,0,3,8,1710,460,47.6742,-122.303,2170,4080,13.550567972481982
3,1577,3.0,0,0,3,7,1782,0,47.7114,-122.301,1550,1744,12.694652660348845
3,1263,2.0,0,0,3,8,1160,290,47.6508,-122.383,1390,1282,12.886641043883259
4,26720,2.0,0,0,3,8,2290,0,47.7502,-122.374,2290,26720,13.353475098367715
3,5858,1.0,0,0,4,7,1450,0,47.3482,-122.037,1520,6573,12.487485104968359
3,3821,2.0,0,0,3,8,2140,0,47.5541,-121.995,2860,3841,12.948009990259552
3,13350,1.0,0,0,3,8,1930,0,47.3317,-122.365,2270,13350,12.594730635321957
4,4074,2.0,0,0,3,8,2980,0,47.734,-121.965,2320,4255,13.081541382884074
2,6500,1.0,0,0,4,7,1140,540,47.55,-122.388,1610,6500,13.151922179645874
3,62726,2.0,0,0,3,10,3120,730,47.6735,-122.058,2630,46609,13.726679344257658
4,10433,2.0,0,0,3,8,2810,0,47.1895,-122.015,2640,9240,12.765688433465597
7,4400,1.5,0,0,5,7,2010,1100,47.6684,-122.319,1240,4280,13.500799813124575
4,8125,2.5,0,0,5,8,3090,0,47.6851,-122.395,1560,6250,14.01436141670944
4,14406,2.0,0,1,3,10,2570,960,47.7073,-122.244,3170,15181,13.681007264625794
3,9525,1.0,0,0,3,7,1210,0,47.5274,-122.345,1680,7620,12.611371073081239
5,5750,1.0,0,0,4,8,1140,1140,47.5672,-122.39,1780,5750,12.855790268162783
3,9765,2.0,0,0,3,8,2040,0,47.309,-122.349,2350,10150,12.694345864825653
4,21755,1.0,0,4,3,11,2620,1080,47.5662,-122.108,3480,13786,14.038654109278484
2,5175,1.0,0,0,3,7,1200,700,47.5689,-122.386,1370,5175,13.197470849891134
4,6551,1.0,0,3,3,7,1870,0,47.1934,-121.977,2280,5331,12.513557345278134
4,5616,2.0,0,0,3,8,2040,0,47.7737,-122.238,2380,4737,13.126355398673866
4,22588,2.0,0,0,3,10,3220,0,47.7311,-122.055,3220,22922,13.681979165339751
3,5349,2.0,0,0,3,7,2550,0,47.3504,-122.026,2640,5400,12.884106188280072
3,8710,1.0,0,0,3,7,1080,830,47.5038,-122.3,1460,8944,12.468436909997665
5,4229,2.0,0,0,3,7,2530,0,47.3531,-122.021,2070,4879,12.765402678355779
4,7076,1.5,0,0,3,7,1840,0,47.5185,-122.345,1510,7320,12.258427875864102
5,9497,2.0,0,0,3,10,2650,1281,47.3008,-122.386,3510,9497,13.017002861746503
3,12522,1.0,0,0,5,6,2080,0,47.267,-122.25,1690,11200,12.428816116823043
4,4000,2.0,0,0,3,8,2640,1200,47.6642,-122.291,1620,4000,13.62906049058654
4,21196,1.0,0,0,5,8,1590,810,47.4282,-122.347,2200,19134,13.251635713108469
3,1558,3.0,0,0,3,8,1860,0,47.7006,-122.339,1760,2456,13.199231821660906
3,6565,1.0,0,0,4,8,1420,460,47.6396,-122.113,2060,7280,13.225822085772558
4,4673,2.0,0,0,3,7,2680,0,47.7539,-122.219,2460,4645,13.071070083016778
3,15200,1.0,0,0,3,7,1120,510,47.7454,-122.103,2050,15200,12.886641043883259
3,219978,1.0,0,0,4,6,1250,0,47.4056,-121.955,1930,210394,12.765688433465597
3,5700,1.5,0,0,5,6,1240,0,47.4927,-122.169,1140,5700,12.380025952653611
2,2174,2.0,0,0,3,7,1160,0,47.5264,-122.366,1380,1919,12.031719258385396
4,5160,1.5,0,0,3,7,1970,0,47.534,-122.373,1230,4920,12.976180867226248
3,9826,1.0,0,0,4,7,1690,0,47.314,-122.365,1980,9826,12.546109948315882
4,5400,1.5,0,2,5,8,1940,1000,47.6366,-122.369,1970,2008,13.825460888817442
3,9240,2.0,0,0,4,8,2510,0,47.1896,-122.013,2690,9240,12.774223335915433
3,4000,1.0,0,0,3,6,1170,120,47.5309,-122.354,1140,4000,12.432411087740903
3,1442,3.0,0,0,3,9,1530,0,47.6692,-122.372,1620,1456,13.383187995686226
3,5650,1.0,0,2,3,8,1520,1380,47.5789,-122.396,1810,6250,13.331002242515657
3,7401,2.0,0,0,3,8,2120,0,47.5781,-122.018,2010,7972,13.324487561494463
3,6750,1.0,0,0,3,7,1080,510,47.73,-122.191,1590,7400,12.785491060761776
4,10452,2.0,0,0,3,9,2660,0,47.6972,-122.104,2890,9025,13.534473028231162
4,8190,1.5,0,0,3,7,1190,0,47.6908,-122.397,1190,1567,13.710150042306449
2,5750,1.0,0,0,3,6,880,0,47.5642,-122.379,1190,5750,12.542544882151386
3,1023,3.0,0,0,3,8,1640,0,47.6636,-122.319,1720,1960,13.37700559577791
3,2509,2.0,0,0,3,8,1270,0,47.5357,-122.365,1420,2206,12.745485726148077
2,3060,1.0,0,2,4,7,790,240,47.6779,-122.353,1390,3060,13.081541382884074
3,51836,1.0,0,0,3,9,1510,990,47.4694,-121.989,2270,54450,13.38472764187182
4,9800,2.0,0,0,4,9,3010,0,47.5336,-122.223,2510,9800,13.795307850646754
3,1128,3.0,0,0,3,7,1108,0,47.6961,-122.318,1285,1253,12.819906019370393
3,216332,1.0,0,0,3,7,1220,0,47.7224,-121.926,1540,61419,12.873902018105829
3,5987,1.0,0,0,3,7,960,700,47.5107,-122.381,1510,6000,12.92391243868049
3,38781,1.0,0,0,5,7,1210,1210,47.4511,-121.976,2650,88426,12.765402678355779
6,11690,2.0,0,0,3,10,3720,0,47.5699,-122.226,3030,11686,14.234220892822458
3,12746,1.0,0,0,4,8,1490,790,47.6362,-122.175,2100,12746,13.541073712262515
3,17120,1.0,0,2,4,8,1890,140,47.2953,-122.185,1870,13662,12.596254896773821
3,2375,3.0,0,0,3,8,1790,0,47.6726,-122.38,1450,2400,13.416449897529104
4,3960,2.0,0,0,3,9,2658,0,47.2603,-122.194,2578,4200,12.927819430584478
4,12728,1.0,0,0,4,7,1180,560,47.2808,-122.3,1830,11125,12.487485104968359
3,2538,2.0,0,0,3,7,1600,0,47.6447,-122.327,1660,1750,13.64709190633931
3,7187,1.0,0,0,4,7,970,470,47.291,-122.368,1440,7187,12.310432660854417
4,8580,1.0,0,0,3,8,1860,340,47.295,-122.37,2290,7816,12.66032791780777
4,5026,2.0,0,0,3,8,1812,0,47.4513,-122.202,2440,6007,12.821258284620408
3,3532,1.0,0,0,3,6,920,0,47.5539,-122.268,1250,4000,12.84792653170257
4,23954,1.5,1,3,5,10,2260,1180,47.5636,-122.231,4230,18723,14.725783217512866
4,8384,2.0,0,0,3,9,3340,0,47.6761,-122.152,1560,9429,13.604789526648622
4,6739,1.0,0,0,3,7,1000,400,47.5402,-122.298,1500,6380,12.69185119389127
2,5413,1.0,0,0,3,7,940,0,47.6956,-122.304,1340,5296,12.738170404571704
2,4000,1.5,0,0,3,6,760,0,47.5462,-122.32,1130,4000,12.84792653170257
3,8800,1.0,0,0,4,7,1410,0,47.2927,-122.183,2180,10108,12.33155926557159
4,12000,2.0,0,0,3,8,2250,0,47.3715,-122.274,2140,11871,12.568978139219542
4,108464,2.0,0,2,4,8,3110,0,47.592,-122.018,2340,4938,13.681979165339751
3,18505,1.0,0,4,3,10,2530,1140,47.7588,-122.376,2920,20000,14.038654109278484
2,16828,1.0,0,0,4,6,700,0,47.3009,-122.125,2010,29316,12.429216196844383
2,12000,1.0,0,0,4,8,1300,0,47.6366,-122.229,2420,15000,13.458835614025542
4,7719,2.0,0,0,3,8,2200,0,47.3649,-122.194,2460,7348,12.691580461311874
3,9605,1.0,0,0,3,7,860,860,47.7439,-122.242,1720,9998,12.542544882151386
5,5100,2.0,0,0,3,7,2540,0,47.5123,-122.316,1400,9440,12.779873068457553
4,20067,2.0,0,0,3,9,2910,0,47.4714,-122.273,1730,21420,13.122263372403996
2,5000,1.0,0,0,4,7,1050,100,47.6846,-122.317,1463,4320,13.221303325259232
3,507038,1.0,0,2,4,7,1580,0,47.2303,-121.936,2040,210394,12.966878474563934
5,5722,3.0,0,4,3,10,4340,0,47.6715,-122.406,1770,5250,14.895619375067824
4,8465,1.0,0,0,3,8,1490,720,47.2647,-122.221,2210,7917,12.591335046320818
5,5175,2.0,0,0,3,9,3160,0,47.755,-122.216,2100,9351,13.399995114002609
2,5695,1.0,0,0,4,6,1150,0,47.4989,-122.171,1150,5695,12.100712129872347
4,13912,2.0,0,2,3,10,3600,1150,47.5332,-122.265,3600,22124,14.085155942929903
3,8000,1.0,0,0,4,7,1200,290,47.3187,-122.18,1540,8000,12.220961258023925
2,8251,1.0,0,0,3,7,1170,0,47.6873,-122.291,1360,6798,12.883649231099161
3,7200,1.0,0,0,3,6,880,150,47.5255,-122.376,1030,7200,12.721885810807203
3,11799,1.0,0,0,3,7,1160,0,47.7263,-122.229,1220,10500,12.691580461311874
4,5300,2.0,0,0,3,8,1720,830,47.6786,-122.367,1590,4505,13.658856747918897
6,7128,2.5,0,0,4,11,5110,0,47.6285,-122.304,4110,6480,14.576316386998034
4,11306,2.0,0,2,3,9,3500,0,47.5428,-121.861,3180,8028,13.39239051461739
4,5701,2.0,0,0,3,8,3010,0,47.3492,-122.152,3010,5772,12.793720411897448
3,3870,1.0,0,0,3,7,640,640,47.6163,-122.294,1280,4800,12.793859310432293
3,4080,1.5,0,0,3,7,1960,0,47.6768,-122.31,1880,4080,13.369223455335854
3,8645,1.0,0,0,3,6,1700,0,47.4899,-122.337,1500,7980,12.559191273266128
4,4420,1.5,0,0,3,6,1040,0,47.6945,-122.368,1310,4920,12.889169490236618
4,8100,1.5,0,0,4,7,1160,860,47.7307,-122.297,1840,8680,12.821258284620408
2,17600,2.0,0,0,3,6,1610,0,47.4855,-122.266,1310,12950,12.580734844483294
4,3240,1.5,0,0,4,7,1930,0,47.6156,-122.299,1480,3600,13.35506114152335
3,10051,1.0,0,0,4,7,1170,0,47.4229,-122.324,1440,9800,12.206072645530174
4,9996,1.0,0,0,3,7,1710,0,47.5472,-122.3,1550,6768,12.84792653170257
4,7900,1.0,0,0,4,7,1070,990,47.6028,-122.12,1830,8000,12.886641043883259
4,53428,2.0,0,0,3,10,3440,1830,47.4358,-122.085,2340,30904,13.569610019527449
4,3250,1.5,0,0,5,8,1570,0,47.5405,-122.393,1570,5720,13.190022025878143
4,7700,2.0,0,0,4,8,2680,0,47.4094,-122.17,2400,7700,12.80353457595571
4,8780,2.0,0,0,3,9,2560,0,47.5717,-121.991,2780,8357,13.372343582672098
3,26027,2.0,0,0,3,12,4460,0,47.6573,-122.173,3770,26027,14.253765488895429
6,5000,1.0,0,0,3,8,1780,950,47.6751,-122.38,2090,5000,13.504900980868788
4,3000,1.0,0,0,3,7,1040,200,47.6076,-122.298,1480,3500,12.834681304952548
3,8100,1.0,0,0,3,6,1040,600,47.482,-122.34,1600,8100,12.154779351142624
3,38884,1.0,0,0,3,8,1730,0,47.4164,-121.951,2130,91040,13.060487973686241
5,10700,1.0,0,0,4,8,1570,700,47.741,-122.256,2020,10230,13.174481331666435
4,8497,2.0,0,0,3,8,1920,0,47.2608,-122.209,1940,8436,12.506177237980511
0,5669,2.0,0,0,3,7,1810,0,47.3493,-122.053,1810,5685,12.388394202324129
3,4399,2.0,0,0,3,7,2060,0,47.5415,-121.884,2060,4399,12.944432168911668
3,11403,2.0,0,0,3,8,1840,0,47.4862,-121.797,2150,11403,12.94084150078094
3,35108,1.5,0,0,3,10,2950,0,47.7316,-122.035,3810,35181,13.617059619240436
1,13679,1.0,0,0,4,6,530,0,47.6422,-121.954,1930,20624,12.89921982609012
4,5000,2.0,0,0,3,9,2568,0,47.2596,-122.194,2547,4500,12.962185235536063
4,21894,2.0,0,0,3,11,3930,0,47.7209,-122.128,3930,20000,13.904436767158675
3,4064,1.5,0,0,3,7,1810,0,47.6859,-122.339,1518,2945,13.217673557208654
4,11240,1.0,0,0,3,8,1440,1080,47.6748,-122.144,2360,10345,13.235692062711331
5,2992,1.5,0,0,4,8,1920,1130,47.621,-122.302,1200,1209,13.541073712262515
2,18000,1.0,0,0,3,6,720,0,47.5054,-122.261,1250,7925,12.180754837545884
3,6978,1.0,0,0,4,7,1864,0,47.285,-122.206,990,8000,12.367340793126296
4,6432,2.0,0,0,3,9,3070,0,47.4487,-122.205,2910,5106,13.043320170063875
4,23400,1.0,0,1,3,7,1710,1100,47.395,-122.311,1860,14900,12.916568464424731
3,8240,1.0,0,0,4,7,1180,0,47.3325,-122.321,1180,7840,12.230765258120545
4,8400,2.0,0,0,5,8,2410,0,47.626,-122.119,1910,8056,13.487006490992238
3,7684,1.0,0,0,3,8,1320,530,47.2975,-122.37,1940,7630,12.292250341771226
5,7500,1.0,0,0,3,7,1300,1080,47.5009,-122.235,2400,6000,12.796633237315017
4,32109,2.0,0,0,3,10,3470,0,47.7311,-122.036,3800,35181,13.681979165339751
3,7313,1.0,0,0,3,7,1220,430,47.7375,-122.194,1690,7252,13.038981768465277
4,20720,1.0,0,0,3,7,2430,0,47.775,-122.139,2580,26950,13.050706245640098
3,7200,1.0,0,0,4,7,1770,0,47.6642,-122.173,2250,11250,13.149978544437301
4,6050,2.0,0,0,5,8,1960,640,47.5656,-122.4,1990,6050,13.527761816623505
2,2500,1.0,0,1,3,7,630,510,47.5707,-122.359,1500,5000,12.779873068457553
5,7062,2.0,0,0,3,9,3170,0,47.5937,-122.061,3210,6891,13.732074599722239
4,5000,1.5,0,1,3,7,1640,180,47.6815,-122.269,2060,5000,13.38472764187182
3,5000,1.0,0,0,3,7,1140,0,47.5535,-122.362,1140,5000,12.528156144699286
4,7043,2.0,0,0,3,9,2720,0,47.3315,-122.169,2640,6958,12.920247193282195
3,1889,3.0,0,0,3,8,1280,0,47.6619,-122.324,1450,1889,13.199324418540456
4,10648,1.0,0,0,4,7,1410,0,47.3736,-122.188,1410,10522,11.842229212112828
3,249126,1.5,0,0,3,7,1444,0,47.4104,-122.486,1760,224770,12.948009990259552
3,10000,2.0,0,0,3,7,1650,0,47.3862,-122.315,1420,10000,12.494067169164
2,10800,1.5,0,0,5,8,1910,860,47.6082,-122.057,2140,10800,13.132313708257497
2,26329,1.0,1,3,4,6,830,0,47.4012,-122.425,2030,27338,12.86099861326992
3,10403,1.0,0,0,3,8,1630,600,47.4092,-122.295,1730,9450,12.736700896592344
3,6009,1.0,0,0,3,8,2300,0,47.7067,-122.013,1640,5931,13.512376380953572
4,7350,2.0,0,0,3,8,2140,0,47.4483,-122.124,2120,8395,12.80765263256463
3,8396,2.0,0,0,3,7,2170,0,47.3812,-122.023,2170,8378,12.774223335915433
3,10223,2.0,0,0,3,10,2520,0,47.631,-122.042,2630,10091,13.287877815881902
5,8410,2.0,0,0,3,8,1810,870,47.4401,-122.126,1860,8410,12.834681304952548
5,8118,2.0,0,0,3,11,3410,0,47.6295,-122.236,3410,16236,14.626440774180603
3,4775,2.0,0,2,5,8,1880,800,47.6333,-122.347,2280,5947,14.119312012295937
3,5283,2.0,0,0,3,9,3190,0,47.5534,-122.002,2950,5198,13.537118532419585
3,7389,1.0,0,0,3,8,1150,530,47.5199,-122.184,2100,10348,12.840000466430148
3,5159,2.0,0,0,3,7,1610,0,47.5675,-122.019,1610,5210,13.016891744462095
4,12000,1.0,0,0,3,7,1720,600,47.5246,-122.325,1390,6000,12.608198852372823
4,39704,1.0,0,0,3,9,2420,0,47.4053,-122.03,2760,36303,12.821258284620408
4,6175,2.0,0,0,3,9,3150,0,47.5966,-122.017,3150,6986,13.458835614025542
4,40608,2.0,0,0,3,9,2490,0,47.6507,-122.004,3170,45441,13.36138027787483
3,8800,1.0,0,0,5,7,850,850,47.6863,-122.189,2180,8960,13.244581010128577
4,6600,1.0,0,0,5,8,1220,1040,47.6753,-122.278,2240,6600,13.669328047786193
4,8100,1.0,0,0,4,7,1550,1070,47.4564,-122.351,1650,8100,12.793859310432293
2,17635,1.0,1,4,3,6,1160,0,47.5117,-122.248,1510,13122,13.458835614025542
5,7200,1.0,0,0,4,7,1490,1010,47.6964,-122.12,1960,8325,13.402265262537147
4,10514,2.0,0,0,3,10,3300,0,47.6323,-122.036,2820,11462,13.573438996764546
4,11072,2.0,0,0,3,9,2290,0,47.6283,-122.03,2340,9774,13.287877815881902
4,9240,1.5,0,2,3,10,3270,1250,47.5897,-122.229,3380,9240,14.038654109278484
2,5413,1.0,0,0,3,6,890,220,47.6925,-122.32,1300,5413,13.012548511397123
4,6250,1.0,0,0,3,7,860,720,47.7659,-122.31,1580,6250,12.154779351142624
3,9656,1.0,0,0,3,7,1170,330,47.7327,-121.982,1690,9656,12.705331632924699
3,14872,1.0,0,0,3,10,3110,0,47.6178,-122.209,3110,12433,14.630875371248468
4,8142,1.0,0,0,4,7,1490,800,47.4564,-122.211,1840,8142,12.693117740630761
3,6000,2.0,0,0,4,7,1370,0,47.3484,-122.033,1370,6200,12.567237494741757
4,6660,1.5,0,2,3,8,1960,320,47.6503,-122.368,1720,5336,13.617059619240436
4,28300,1.0,0,0,3,8,2690,0,47.4458,-122.343,2820,27100,13.422467969854667
2,5250,1.0,0,0,4,6,680,0,47.7013,-122.359,1620,5461,13.122363377404328
3,13300,2.0,0,0,3,9,1840,570,47.5632,-122.148,2930,10900,13.619495674038317
3,7320,2.0,0,0,3,7,1620,0,47.3617,-122.054,1550,7686,12.531411709159054
3,9600,1.0,0,0,4,8,1560,360,47.6341,-122.103,2040,9600,13.38779984090879
3,4565,2.0,0,0,3,7,2470,0,47.514,-122.189,2470,5064,13.005829561148378
4,15123,2.0,0,0,3,8,1900,0,47.5015,-121.772,1900,16477,12.92391243868049
3,10344,2.0,0,0,3,10,3200,0,47.7636,-122.216,2550,20152,13.457406021215947
5,7500,2.5,0,4,5,11,3510,640,47.6303,-122.362,2250,4050,14.935558127352449
2,750,2.0,0,0,3,7,1150,90,47.5322,-122.073,1240,750,12.721736545936414
5,5211,2.0,0,0,3,9,3390,0,47.5977,-121.981,3210,5211,13.507625778194974
3,4800,1.0,0,0,3,6,970,100,47.5187,-122.377,1120,1198,12.487485104968359
4,7950,1.0,0,0,4,8,1960,0,47.3109,-122.377,1960,8400,12.561997308078203
3,6773,1.0,0,0,4,8,1530,0,47.6653,-122.194,2240,7201,13.296316684527767
3,7130,2.0,0,0,3,10,1990,860,47.603,-122.289,2280,6459,13.571526340778213
3,8890,2.0,1,4,4,10,2690,0,47.5487,-122.197,2940,8890,14.316285845876763
3,1200,3.0,0,0,3,8,1210,0,47.6543,-122.345,1210,1200,13.122363377404328
5,5806,2.0,0,0,3,8,3220,0,47.3714,-122.103,2760,5813,12.779873068457553
3,7470,1.0,0,0,4,5,1100,0,47.5242,-121.831,1280,7055,12.429216196844383
3,7372,1.0,0,0,5,7,1290,0,47.3658,-122.085,1290,7366,12.441144767709657
2,690,2.0,0,0,3,8,760,380,47.6205,-122.3,1480,1171,13.253391639810733
3,11744,1.0,0,0,2,7,1340,0,47.4947,-122.36,2020,13673,12.785491060761776
3,6095,2.0,0,0,4,7,1510,0,47.3498,-122.037,1520,6000,12.468436909997665
3,3900,2.0,0,0,5,7,1340,0,47.6711,-122.379,1470,1611,13.36138027787483
4,5511,2.0,0,0,3,8,2580,0,47.4286,-122.185,2010,5600,12.821258284620408
3,3610,2.0,0,0,3,8,2330,0,47.6022,-122.021,1830,2948,13.068909856670238
3,38332,1.0,0,0,4,7,1010,1010,47.4582,-122.023,2110,36590,12.948009990259552
4,10800,1.0,0,0,5,8,1350,1180,47.5705,-122.225,2960,12150,13.687677186454389
4,5950,2.0,0,0,3,8,2060,0,47.3631,-122.192,2242,6406,12.584509081250419
3,9775,1.0,0,0,3,6,1280,0,47.3262,-122.334,1230,8750,12.2783933071098
6,6150,2.0,0,0,4,8,3810,0,47.694,-122.34,1830,5125,13.541073712262515
3,14633,1.0,0,0,4,7,1650,0,47.4984,-122.176,1370,12495,12.584509081250419
3,1641,3.0,0,0,3,8,1540,280,47.6482,-122.358,1720,1501,13.345506928718539
3,6000,1.0,0,0,4,7,1220,0,47.3245,-122.209,1420,6000,12.271392111650817
3,6250,1.0,0,3,4,7,1070,400,47.7394,-122.288,2630,7050,12.976180867226248
3,15900,1.0,0,0,3,6,1000,1000,47.4816,-122.233,1760,10500,12.404923504275338
3,9900,2.0,0,3,3,10,2130,350,47.7018,-122.381,2860,9288,14.197365800433305
4,8580,1.0,0,0,3,7,1140,710,47.4877,-122.24,2210,9240,12.66032791780777
4,11034,1.0,0,0,3,8,1720,620,47.7686,-122.278,2370,11941,12.994530005894443
3,6000,1.0,0,0,5,7,900,900,47.6867,-122.349,1800,3000,13.062615496138552
3,3326,2.0,0,0,3,8,1650,1060,47.5371,-122.073,2280,2738,13.329377546788654
3,8700,1.0,0,0,4,7,1530,0,47.4529,-122.207,1960,7600,12.367340793126296
3,11292,1.0,0,0,4,7,1090,0,47.7429,-122.358,1570,8198,12.91410843858387
3,7897,1.0,0,0,3,7,1260,0,47.1946,-122.003,1560,8285,12.2783933071098
3,8022,2.0,0,0,3,8,1830,0,47.6198,-122.044,2030,7736,13.184398768323781
4,4000,1.5,0,0,3,7,1780,0,47.6624,-122.354,1750,4000,12.994530005894443
4,29536,2.0,0,3,3,11,5980,1640,47.5571,-122.14,2840,20809,14.334304351379442
3,7880,2.0,0,0,3,9,3040,0,47.5277,-122.184,3040,7880,13.302273696165635
2,37373,1.0,0,0,4,7,1280,0,47.2631,-122.019,2180,48351,12.601487417784837
4,6724,2.0,0,0,3,7,1660,0,47.259,-122.256,1544,6054,12.449018824140563
4,34513,2.0,0,0,3,10,3890,0,47.7749,-122.048,3600,28435,13.560618308335483
3,5490,1.0,0,0,3,6,1010,0,47.4762,-122.293,1740,10658,11.884489021402711
4,11259,2.0,0,0,3,9,2320,0,47.6443,-122.194,2820,11770,13.369223455335854
3,6600,1.5,0,0,5,7,1270,0,47.5976,-122.295,1490,3600,13.01477816672439
3,2674,3.0,0,0,3,8,1980,0,47.5524,-122.382,1440,2674,12.983101310070822
2,4080,1.0,0,0,5,7,960,0,47.6893,-122.349,1300,4080,13.244581010128577
4,11595,1.0,0,0,4,7,1920,0,47.2858,-122.212,1400,10550,12.367340793126296
4,8448,2.0,0,0,3,10,3280,0,47.5818,-121.973,3730,8030,13.574075736677813
3,4992,1.0,0,0,3,7,1230,600,47.5145,-122.27,2050,7740,12.254862809699606
3,8022,2.0,0,0,3,8,2130,0,47.7252,-122.106,2130,7605,13.071070083016778
5,9180,1.0,0,1,4,8,1600,910,47.6389,-122.098,2650,9780,13.452386290345634
4,23994,2.0,0,3,3,9,2880,0,47.2124,-122.005,2470,17009,13.190022025878143
2,12350,1.5,0,0,3,7,1030,0,47.6984,-122.324,1790,6900,12.891691559669328
4,4356,2.0,0,0,3,9,1860,0,47.6785,-122.351,1860,4356,13.781953774435431
4,4760,1.5,0,0,5,9,1890,580,47.6331,-122.31,2470,4760,14.09692301740246
2,4284,1.0,0,0,3,7,970,0,47.6667,-122.333,2050,4284,13.112313041550827
4,8436,2.0,0,0,3,10,4150,0,47.5802,-122.039,4070,8438,13.785041041148075
2,9488,1.0,0,0,5,7,1200,0,47.4832,-122.299,1200,9488,12.352335152508426
3,16000,2.0,0,0,4,9,2560,190,47.693,-122.187,2370,11279,13.513053199930338
3,8100,1.0,0,0,4,7,920,920,47.455,-122.35,1250,8100,12.128111104060462
3,7293,1.0,0,0,4,7,1400,0,47.586,-122.12,1600,7960,13.145210385474938
3,161913,1.0,0,0,2,7,1430,260,47.356,-122.189,1930,12548,12.821258284620408
3,8145,2.0,0,0,5,7,1720,0,47.7393,-122.325,1400,8138,12.977337605354071
6,12000,2.0,0,0,3,8,2480,0,47.6131,-122.145,2220,8580,13.493926933836812
5,5402,2.0,0,0,3,9,3360,0,47.6067,-122.053,3360,5415,13.598591345201287
3,39317,2.0,0,0,3,11,4440,1590,47.6055,-122.21,4040,12333,14.417090544998729
3,9720,1.0,0,0,5,7,1230,0,47.3266,-122.138,1230,9720,12.301382825334498
4,7930,2.0,0,0,3,8,2460,0,47.6684,-122.175,1850,9000,13.500799813124575
7,8100,2.0,0,0,3,7,3440,0,47.6981,-122.349,1420,1560,13.217673557208654
4,6800,2.0,0,0,3,7,2220,0,47.49,-122.15,2220,5303,12.947890935553772
3,7651,1.0,0,0,3,7,1490,0,47.3211,-122.325,1590,7795,12.441144767709657
3,7104,2.0,0,0,3,8,1650,0,47.7053,-122.374,1730,7104,13.374677306018318
3,7300,1.0,0,0,3,7,1310,0,47.6016,-122.123,1310,7030,12.911642346088676
3,8450,1.0,0,0,2,6,1120,400,47.328,-122.337,1320,8450,11.813030057420567
4,176418,1.5,0,3,5,8,2480,0,47.1941,-122.038,1640,112384,13.056223574899784
4,3979,2.0,0,0,3,9,2610,780,47.6482,-122.408,3350,4165,13.868757442850647
2,7808,1.0,0,0,4,7,860,580,47.7431,-122.336,1550,7682,12.886641043883259
2,6250,1.0,0,2,4,7,1080,0,47.5128,-122.251,2100,6875,12.637855061955712
4,9000,2.0,0,4,3,8,2090,800,47.5682,-122.274,2550,8400,13.721199878493033
2,6400,1.0,0,0,3,8,2300,0,47.7196,-122.02,2300,6400,13.465953081794405
3,7200,1.0,0,0,4,7,980,0,47.5718,-122.395,1180,6572,12.971540487669746
4,19864,2.0,0,0,4,8,2620,0,47.7014,-122.122,2500,13285,13.38472764187182
3,6415,2.0,0,0,4,7,1620,0,47.3577,-122.038,1640,7253,12.524526376648708
3,17409,1.0,0,0,3,7,1680,0,47.6766,-122.176,1680,9101,13.122363377404328
2,5720,1.0,0,0,3,7,850,290,47.6827,-122.298,1410,5832,13.028052697933088
4,5115,2.0,0,0,3,8,2671,602,47.4477,-122.204,2996,5100,13.091904169919621
4,110642,1.0,0,0,5,7,1330,870,47.7409,-122.052,2290,51400,13.190022025878143
2,5133,1.5,0,0,3,7,1510,0,47.6415,-122.401,1470,6000,13.190022025878143
2,4500,1.0,0,2,3,7,850,100,47.6562,-122.354,1670,4000,13.122363377404328
4,6979,2.0,0,0,3,8,2390,0,47.5703,-121.996,2090,6321,13.345506928718539
3,12555,1.0,0,0,3,7,1080,530,47.6618,-122.136,1780,10374,13.146079904021645
3,3696,2.0,0,0,3,7,1460,0,47.6861,-122.013,1720,3631,12.879366547511184
3,6360,1.0,0,3,3,7,1280,1090,47.5039,-122.24,1990,6360,12.86099861326992
3,5500,1.0,0,0,3,6,1110,0,47.6717,-122.184,1670,6600,12.834681304952548
3,9552,1.0,0,0,4,9,1610,450,47.5402,-122.231,2930,11212,13.693342923990066
3,4348,2.0,0,0,4,8,2040,0,47.3517,-121.999,2380,4348,12.756935956327695
5,6551,1.5,0,4,4,9,2500,740,47.6792,-122.273,2740,9300,14.026241389231908
3,3240,1.5,0,0,4,6,1140,0,47.7093,-121.364,1140,4700,11.982929094215963
3,9600,1.0,0,0,4,7,1520,0,47.473,-122.149,1590,10183,12.660169175050076
3,5500,2.0,0,3,3,10,1730,750,47.6466,-122.404,2950,5670,14.143230317447586
4,6099,1.0,0,0,4,7,860,860,47.6765,-122.287,1100,5671,13.17115354157376
2,7800,1.0,0,0,4,7,1240,580,47.7513,-122.357,1400,7800,13.038981768465277
3,9435,1.0,0,0,4,7,1220,500,47.2979,-122.377,1690,7215,12.254862809699606
4,12040,1.0,0,0,3,7,1920,0,47.4805,-122.301,1530,10230,12.706847933442663
3,5000,1.5,0,0,3,7,1320,0,47.5711,-122.386,1320,4179,13.036805489042683
2,7623,1.0,0,0,2,6,930,0,47.467,-122.349,1300,7641,11.512925464970229
3,7920,1.0,0,0,3,7,1260,0,47.3452,-122.308,1300,7920,12.388394202324129
3,2589,2.0,0,0,3,8,1670,0,47.5314,-122.047,1670,2897,13.017002861746503
4,115434,2.0,0,0,3,9,4070,0,47.4843,-121.752,2970,95832,13.64709190633931
3,13241,1.5,0,0,5,9,1270,800,47.6415,-122.315,2200,4500,13.653967622617456
3,3600,1.5,0,0,4,7,1580,750,47.6025,-122.303,1750,3600,13.215853720491667
5,94960,1.0,0,0,3,6,2240,0,47.481,-121.788,1780,43400,12.655554639055113
3,8184,1.5,0,0,4,6,1280,0,47.7467,-122.319,1120,8184,12.624782980388359
3,7346,1.0,0,0,3,7,1260,0,47.4034,-122.176,1460,7363,12.577636201962656
4,5000,1.5,0,0,4,7,1690,840,47.6806,-122.36,1530,5000,13.506264307596652
3,5750,1.0,0,0,4,6,1240,0,47.564,-122.398,1240,5750,12.959844447906553
3,7875,1.0,0,0,4,8,1440,0,47.4561,-122.148,1800,8964,12.706847933442663
4,6093,2.0,0,0,3,8,2105,0,47.3531,-122.147,1930,8022,12.706847933442663
3,9235,2.0,0,0,3,8,2250,0,47.7268,-122.105,2290,8187,13.215853720491667
3,7340,2.0,0,0,3,8,1990,0,47.7579,-122.141,2180,11223,13.005829561148378
4,5404,2.0,0,0,3,9,3310,0,47.6635,-122.083,2600,4730,13.596234518176553
4,6985,1.0,0,0,3,7,1080,750,47.7494,-122.236,1650,9501,12.958667284733538
3,7200,1.0,0,0,4,7,1220,620,47.456,-122.209,1770,8075,12.614865543731012
4,217800,2.5,0,0,3,9,2710,0,47.2411,-121.932,2710,217800,13.253391639810733
4,9750,1.0,0,0,4,7,1460,0,47.6205,-122.102,1820,9840,12.96453929221076
4,8720,1.0,0,0,5,8,1360,710,47.6678,-122.182,2180,8510,13.37700559577791
3,3987,2.0,0,0,3,7,1560,0,47.687,-122.043,1600,3152,12.983101310070822
3,5850,1.0,0,0,3,7,930,400,47.5498,-122.298,1440,5850,12.676076274775909
2,9000,1.0,0,0,3,6,830,0,47.3813,-122.243,1160,7680,11.350406535472453
4,5077,1.5,0,0,4,8,1480,730,47.5719,-122.377,1740,5000,13.336667980051335
2,3000,1.0,0,0,3,6,860,0,47.5633,-122.288,1290,3500,12.66349749256905
4,7992,1.0,0,0,3,8,1610,900,47.3715,-122.285,2030,7992,12.672946381766982
3,23680,1.0,0,0,5,7,1250,0,47.475,-122.11,1450,23680,12.628067055589549
2,19700,2.0,0,0,3,8,1780,990,47.7581,-122.365,2360,9700,13.262125319779487
5,57063,2.0,0,0,4,9,4410,0,47.6554,-122.018,2900,50529,13.906264921232738
3,10780,1.0,0,0,3,7,1370,0,47.4727,-122.298,1370,10317,12.043553716032399
3,10021,1.0,0,0,4,8,1230,890,47.5621,-122.135,2690,10183,13.345506928718539
3,7770,1.0,0,0,4,7,1490,0,47.3686,-122.09,1540,7366,12.468052220629582
2,5000,1.5,0,0,3,8,1540,0,47.319,-122.394,1590,5000,12.502466658583977
3,1850,2.0,0,0,3,10,1690,140,47.5307,-122.074,2310,2680,13.292949677979863
4,7702,2.0,0,0,3,10,3460,0,47.5942,-121.977,3380,7464,13.658856747918897
3,27760,1.0,0,0,4,6,1140,0,47.5372,-121.972,1690,87300,12.404103496029308
4,5265,3.0,0,0,3,8,3560,0,47.7047,-122.113,3220,4892,13.69058885252855
3,3612,2.0,0,0,3,7,1300,0,47.5328,-122.282,1390,2943,12.644327576461329
3,3000,2.0,0,0,3,7,1260,0,47.5459,-121.997,1630,3023,13.075271769870477
4,6390,1.0,0,0,3,8,1390,1210,47.3174,-122.366,2110,6700,12.409013489526863
3,4000,1.5,0,0,3,7,1470,680,47.5733,-122.312,1750,4000,13.122363377404328
3,9750,1.0,0,0,5,7,1580,0,47.427,-122.331,1460,9750,12.57418196709457
2,8382,1.0,0,0,3,6,1220,0,47.5033,-122.359,1100,8382,12.409013489526863
3,4440,1.0,0,0,3,6,990,0,47.522,-122.354,990,6771,12.330720950095284
4,10925,2.0,0,0,3,10,4250,0,47.5297,-122.14,4650,11544,14.004476657476898
3,31497,1.0,0,0,4,8,1750,670,47.4422,-122.151,2040,30472,12.873902018105829
4,4412,2.0,0,0,3,9,2570,0,47.7076,-122.232,2460,5470,13.39239051461739
5,6342,2.0,0,0,3,8,2166,0,47.3461,-122.152,2474,5948,12.694652660348845
4,11934,1.0,0,0,3,7,1050,350,47.7346,-122.244,2080,10400,12.594730635321957
2,6000,1.0,0,0,3,7,1070,0,47.7307,-122.332,1490,7622,12.688498794774466
2,4000,1.0,0,0,3,6,780,100,47.6931,-122.379,950,4000,12.706847933442663
2,1391,2.0,0,0,3,8,870,360,47.6192,-122.301,1240,1350,13.102160670086809
4,7000,1.0,0,1,3,8,1450,500,47.5426,-122.262,1840,6440,13.595487133986309
4,9663,1.0,0,1,4,8,1330,1300,47.4841,-122.19,1900,8894,12.983101310070822
3,12125,1.0,0,0,4,7,1450,0,47.3575,-122.28,1210,12125,12.400816722322686
3,5700,2.0,0,0,3,9,2313,0,47.3572,-122.202,2323,5701,12.821258284620408
4,12485,1.0,0,0,5,7,950,850,47.5729,-122.147,1290,9840,12.959844447906553
3,5572,2.0,0,4,3,9,1930,450,47.6626,-122.271,3370,5500,13.963930563082547
3,3000,1.5,0,0,5,7,1070,830,47.5255,-122.265,1130,6000,12.647548191161372
4,9085,1.0,0,2,5,8,1570,1570,47.5675,-122.16,2430,9350,13.732128949025222
3,6120,1.5,0,0,4,7,1340,0,47.5272,-122.322,1260,6000,12.449018824140563
3,8000,1.0,0,0,3,7,1390,940,47.2958,-122.368,1570,7227,12.506177237980511
4,12305,2.0,0,2,3,10,4270,0,47.5489,-122.118,4190,13137,13.96047632821446
2,7500,1.0,0,2,3,6,720,0,47.5185,-122.392,1390,5000,13.010313873595706
3,54707,1.5,0,0,3,8,2370,400,47.7555,-122.289,1640,54707,13.060487973686241
3,10800,1.0,0,0,4,7,1200,0,47.5771,-122.144,1370,9950,12.873902018105829
3,45738,2.0,0,0,4,8,1400,0,47.3624,-122.455,2390,56628,12.92391243868049
4,5460,1.5,0,0,5,7,1080,200,47.5348,-122.268,1470,5934,12.845291484064564
3,10827,1.0,0,0,4,8,1530,0,47.6354,-122.234,2050,10827,13.670484785914017
2,10000,1.0,0,0,5,7,1220,0,47.7405,-122.241,2000,9600,12.706847933442663
3,8690,1.0,0,0,4,7,1150,0,47.3729,-122.115,1330,7040,12.02335100871488
2,8760,1.0,0,0,3,7,990,0,47.3302,-122.305,1560,11880,12.095141084822892
2,5280,1.0,0,0,5,6,800,0,47.205,-121.995,1240,7670,12.180754837545884
4,26319,2.0,0,0,3,12,5020,0,47.6008,-122.01,4930,26319,14.22097566607244
4,24440,2.0,0,0,3,10,3280,0,47.7073,-122.07,3490,25138,13.667590427887651
3,2975,3.0,0,2,3,8,1980,0,47.6294,-122.344,1980,3144,13.508985397711013
7,23115,2.0,0,2,3,11,4670,0,47.6183,-122.227,3240,13912,14.71159858252091
3,7757,2.0,0,0,3,8,2680,0,47.2918,-122.346,2430,8231,12.676076274775909
4,5311,2.0,0,0,3,9,2510,0,47.5028,-122.17,1590,9583,13.018779061147757
2,1304,3.0,0,0,3,7,1131,0,47.6912,-122.313,1131,1992,12.886514453592564
3,7200,1.5,0,2,4,9,3340,700,47.6288,-122.284,3450,10800,14.626440774180603
3,6620,1.0,0,3,4,8,1890,0,47.7016,-122.274,2590,7188,13.444446876573442
3,1178,2.0,0,0,3,8,1060,450,47.6181,-122.301,1510,1210,13.151922179645874
3,4800,1.0,0,0,3,7,1200,200,47.6865,-122.379,1440,3840,12.736700896592344
4,9112,1.0,0,0,4,7,1110,750,47.3792,-122.282,1570,9112,12.487485104968359
4,5395,2.0,0,0,3,8,2550,0,47.5355,-121.874,2850,6109,13.237476184504834
2,25732,1.0,0,2,4,8,2170,0,47.7542,-122.372,3020,23135,13.652991628466498
4,4048,1.5,0,0,4,7,1380,0,47.6583,-122.344,1440,3956,13.235692062711331
3,7200,1.0,0,0,5,7,1320,0,47.3947,-122.174,1540,7200,12.436191810580809
3,4132,2.0,0,0,3,8,2070,0,47.6036,-122.015,1530,5606,13.190022025878143
3,9360,1.0,0,0,4,7,940,940,47.7131,-122.283,1390,7200,13.006952525893
4,9875,2.0,0,0,3,9,2210,0,47.6285,-122.025,2440,8799,13.367659733359671
3,12825,1.0,0,1,3,9,3400,0,47.5435,-122.26,2510,11574,13.765269341527528
5,16100,1.0,0,3,4,8,1570,950,47.528,-122.224,2760,16988,13.705695691957068
4,24074,2.0,0,0,3,9,2920,0,47.381,-122.056,2760,26023,13.226723392728571
4,7620,1.0,0,0,3,7,1120,1120,47.5089,-122.346,1080,7620,12.396693005138824
6,68825,2.0,0,0,3,9,3830,0,47.4574,-122.003,2410,68825,13.473020249017498
3,3565,2.0,0,0,3,7,1670,0,47.7623,-122.161,1510,3770,12.829333698625952
5,7738,2.0,0,0,4,8,2830,0,47.5582,-122.136,2300,9840,13.565766324852886
6,7561,2.0,0,0,3,8,3300,0,47.6795,-122.104,2470,7561,13.142166004700508
3,5175,2.0,0,0,3,9,2130,140,47.516,-122.203,2850,5661,13.369223455335854
3,998,2.5,0,0,3,8,1540,80,47.5401,-122.027,1620,1299,12.936033799212835
3,11963,1.0,0,0,4,6,970,0,47.3776,-122.315,1210,11963,12.235388699864227
3,4080,1.0,0,0,4,7,900,200,47.6872,-122.351,1170,4080,12.968629277462286
3,7361,2.0,0,0,3,8,1900,0,47.4324,-122.191,2100,7361,12.849241456283877
2,6000,1.0,0,0,3,6,890,0,47.5437,-122.281,1090,5900,12.718896271958837
3,8506,2.0,0,0,3,7,1580,0,47.686,-122.185,2253,8515,13.270783382522602
4,10300,1.0,0,0,4,9,1810,1000,47.5626,-122.149,2710,9900,13.60787119318603
4,4300,1.5,0,0,3,6,2020,0,47.6653,-122.372,1290,3440,13.244581010128577
3,1180,3.0,0,0,3,8,1460,0,47.6998,-122.367,1460,1224,12.987688474077727
1,11800,1.5,0,0,3,7,1120,0,47.5123,-122.331,2330,9290,12.644166273130065
2,4234,2.0,0,0,3,7,1330,380,47.5319,-122.386,1530,4556,12.911642346088676
4,6688,2.0,0,0,3,9,2540,0,47.3314,-122.18,2810,6776,12.80765263256463
6,8057,1.0,0,0,4,7,1170,730,47.762,-122.335,2090,8626,12.834681304952548
5,9216,2.0,0,0,3,8,2630,0,47.7379,-121.966,2020,4980,13.17115354157376
3,6000,1.0,0,0,4,6,1840,0,47.5508,-122.392,2010,6000,13.163505320735505
3,9360,1.5,0,0,4,8,3410,0,47.4497,-122.147,2260,10128,13.122363377404328
3,6000,2.0,0,0,4,7,1610,0,47.349,-122.036,1570,6000,12.54966234992025
2,11234,1.0,0,0,4,6,790,0,47.4413,-122.349,1930,11871,12.430315592287684
3,8879,1.0,0,0,5,7,1540,1280,47.5094,-122.376,1640,7850,13.03178199917309
3,7800,1.0,0,0,4,7,1170,550,47.6928,-122.125,1760,7276,13.276799730708747
3,7800,1.0,0,0,4,8,1330,1330,47.6993,-122.378,1950,6240,13.329377546788654
3,6830,2.0,0,0,3,10,3290,0,47.6702,-122.142,3200,6227,13.742939865129438
4,31353,2.0,0,0,3,12,4430,0,47.6422,-122.157,3900,35237,14.4884550312067
2,3255,1.0,0,0,4,6,720,0,47.6823,-122.348,1430,3170,12.90669184092882
3,3000,2.0,0,0,5,7,1340,0,47.6857,-122.349,1120,3000,13.215853720491667
4,5607,1.0,0,0,5,9,1660,1070,47.6387,-122.396,1720,5400,13.845069360205818
4,11900,2.0,0,0,3,9,2130,0,47.6408,-122.058,2590,11900,13.38471225713809
3,9600,2.0,0,0,3,9,2270,0,47.7388,-122.206,2580,9617,13.262125319779487
2,5200,1.0,0,0,4,6,890,0,47.5311,-122.373,950,5200,12.611371073081239
2,48292,1.0,1,2,5,6,560,500,47.4285,-122.511,750,80201,12.736700896592344
1,10280,1.0,0,0,2,5,640,0,47.5144,-122.368,1090,9000,11.608235644774552
2,3000,1.0,0,0,3,6,760,0,47.6633,-122.357,1630,3600,13.180632285528304
4,15653,2.0,0,0,4,10,2790,0,47.5477,-122.215,3520,15653,13.764217263576723
4,8400,1.0,0,0,3,7,1350,780,47.4133,-122.209,1550,8596,12.429216196844383
3,1850,2.0,0,0,3,8,1400,660,47.6543,-122.373,1910,2951,13.116345305078767
5,21357,1.0,0,0,4,7,1420,1270,47.5831,-122.191,2600,17539,13.500799813124575
4,4945,2.0,0,0,3,8,2470,0,47.6898,-122.015,2510,4988,13.413539339110365
4,14120,1.0,0,0,3,7,1200,1020,47.361,-122.116,1300,9709,12.323855681186558
3,4780,2.0,0,0,3,7,2120,0,47.681,-122.032,1690,2650,13.262125319779487
3,62290,2.0,0,0,3,5,1170,0,47.5104,-121.787,1810,42173,12.66032791780777
3,11585,1.0,0,0,4,7,1510,700,47.7574,-122.279,1870,14092,13.13626628257332
4,9040,1.0,0,0,3,8,2170,500,47.4666,-122.326,1880,2648,12.736553826954605
3,4587,2.0,0,0,3,8,2440,0,47.7073,-122.114,2750,4587,13.426755063419057
3,4500,2.0,0,0,3,7,2000,0,47.4937,-122.149,2230,4501,12.94084150078094
3,15457,2.0,0,0,3,8,1860,0,47.7383,-121.955,2040,14055,12.92391243868049
3,3600,1.5,0,0,3,7,1180,880,47.6389,-122.371,1730,2475,13.296316684527767
4,4400,1.0,0,0,3,7,1450,1000,47.6414,-122.327,1890,1386,13.592367006650065
3,117176,1.0,0,0,4,9,1280,1280,47.4655,-122.033,2760,57063,13.049792684569493
4,63991,2.0,0,0,3,10,3700,0,47.7319,-122.051,3210,47215,13.707925347284336
1,5421,1.0,0,0,3,6,1110,0,47.7322,-122.359,1230,8100,12.587927887999204
5,17004,2.0,0,0,3,11,4260,1520,47.5802,-122.212,3460,10855,14.657508685256573
3,5100,1.5,0,0,5,8,1610,0,47.6825,-122.307,1740,5100,13.444446876573442
4,5772,2.0,0,0,3,9,2630,0,47.6952,-122.133,3460,6158,13.503109472573636
4,11820,2.0,0,0,3,10,2460,1270,47.5775,-122.019,3680,10667,13.444446876573442
3,10431,2.0,0,0,3,9,2570,0,47.4188,-122.213,2590,10078,12.899094818276968
2,4120,1.5,0,0,3,5,880,620,47.4857,-122.2,1300,4120,12.476099782743233
2,143947,1.0,0,0,3,5,833,0,47.3889,-122.482,1380,143947,13.15683050244657
3,149410,1.5,0,0,3,9,2720,0,47.7092,-121.892,2560,149410,13.190022025878143
4,9623,1.0,0,0,4,7,1290,600,47.2901,-122.279,1510,9711,12.660169175050076
4,5576,2.0,0,0,3,8,2860,0,47.745,-122.224,2290,10667,13.38472764187182
3,10018,1.0,0,0,4,7,1500,0,47.468,-122.163,1500,10937,12.556729517143344
2,3420,1.0,0,1,3,7,1080,240,47.6639,-122.399,2070,6000,13.071070083016778
3,6992,2.0,0,0,3,7,1740,0,47.3574,-122.158,1260,6825,12.474189562487116
3,1729,2.0,0,0,3,8,1080,700,47.6594,-122.355,1780,1741,13.399995114002609
3,8232,1.0,0,0,3,7,1560,0,47.623,-122.205,1930,8286,13.726679344257658
3,38400,1.0,0,4,3,8,1870,1530,47.7611,-122.372,3400,24338,13.623138665316818
3,4600,1.0,0,0,3,7,1100,0,47.5686,-122.385,1200,5175,13.017002861746503
2,6000,1.0,0,0,5,6,670,0,47.561,-122.275,1240,5040,12.936033799212835
3,6000,1.5,0,0,5,7,1730,770,47.5297,-122.354,1340,5000,12.94084150078094
3,8337,2.0,0,0,3,8,2070,0,47.3658,-122.176,2030,7248,12.691580461311874
2,42247,1.0,0,1,4,7,1240,0,47.5169,-122.201,1550,12459,13.623138665316818
4,5930,2.0,0,0,3,9,2540,0,47.6451,-122.387,1400,4000,13.805460222110773
4,7465,2.0,0,0,3,8,2580,0,47.6319,-122.022,2350,7596,13.337474757021274
4,4419,2.0,0,0,3,7,1984,0,47.3514,-122.213,2440,4418,12.611537753638338
5,19783,1.0,0,3,4,8,2500,0,47.5938,-122.174,1700,15375,13.591116224748411
4,7800,2.0,0,0,3,10,2770,0,47.684,-122.205,2720,10000,13.995621339461064
3,5000,1.5,0,3,3,8,1940,720,47.5829,-122.382,2270,5000,13.497369278027785
3,7480,2.0,0,0,3,7,1850,0,47.452,-122.159,1870,7480,12.54236629477704
4,6150,1.5,0,0,3,7,1760,0,47.3871,-122.224,1760,8276,12.367340793126296
3,10723,1.0,0,0,5,7,1630,0,47.4898,-122.133,1450,10723,12.793859310432293
3,39848,1.0,0,3,4,8,1600,0,47.1991,-122.013,1600,39848,12.84792653170257
2,5100,1.0,0,0,4,5,700,0,47.4957,-122.168,970,5811,12.245293358683455
5,16471,2.0,0,3,4,11,3250,3260,47.5758,-122.242,4480,16471,14.457364444136669
3,9840,1.0,0,0,4,8,1200,500,47.5192,-122.046,2040,14169,13.127898032902804
4,49658,2.0,0,0,3,10,4700,0,47.5878,-122.022,2870,49658,13.976778705560397
3,5455,1.0,0,0,5,7,1060,810,47.7029,-122.297,1870,7435,13.163505320735505
3,8588,1.0,0,4,3,9,2550,0,47.7711,-122.195,3050,8588,13.102160670086809
3,6360,1.0,0,0,3,7,1100,0,47.3878,-122.052,1620,6360,12.388394202324129
5,6352,2.0,0,0,3,10,3960,0,47.5806,-122.055,2930,9875,13.732118079400932
4,7000,1.0,0,0,2,7,1420,480,47.3092,-122.376,1600,7600,12.628067055589549
4,12188,1.0,0,0,4,7,1150,860,47.5013,-122.147,1720,8475,12.793859310432293
4,385506,2.0,0,3,3,7,2470,0,47.2396,-121.993,1680,158994,12.992140790354355
4,12005,1.0,0,0,4,8,2260,0,47.6342,-122.171,1870,10800,13.512985538642718
4,11090,1.0,0,0,3,7,1060,770,47.7333,-122.246,1990,10917,12.855790268162783
3,7480,1.0,0,0,4,7,1420,0,47.4651,-122.184,1720,7700,12.449018824140563
3,2114,1.5,0,0,3,8,1280,0,47.6174,-122.308,1540,1456,13.440817108522863
2,9000,1.0,0,0,3,6,950,0,47.5219,-122.361,1000,8280,12.170445467887022
3,5754,2.0,0,0,3,7,1360,0,47.3645,-122.183,1360,7050,12.384218830913648
3,6450,1.0,0,0,3,7,1370,0,47.7195,-122.288,1550,6898,12.785491060761776
4,5000,3.0,0,0,3,10,3130,0,47.5656,-122.403,1950,5152,13.825460888817442
4,6420,1.0,0,2,3,8,1590,750,47.7728,-122.386,2110,10856,13.413165577192354
5,24300,1.5,0,1,4,8,2310,950,47.7587,-122.274,2390,32057,13.534473028231162
3,2800,2.0,0,0,3,7,1460,0,47.6779,-122.371,1220,4062,13.270783382522602
3,5720,2.0,0,0,3,8,2329,0,47.362,-122.2,2197,5720,12.699411258888578
3,6699,2.0,0,0,3,7,2360,0,47.5317,-121.853,2360,4744,12.971540487669746
5,7860,2.0,0,0,3,9,2410,890,47.5463,-122.192,2540,9920,13.579646442240684
4,8000,2.0,0,0,3,7,1847,0,47.2872,-122.257,1847,8000,12.2783933071098
2,10096,1.0,0,2,4,7,1350,0,47.4967,-121.778,1280,10095,12.531411709159054
4,6867,1.0,0,1,5,7,1560,1300,47.6723,-122.263,2290,5350,13.680835654637672
3,6127,1.5,0,0,5,7,1580,0,47.7192,-122.32,1500,6128,12.904207367601158
4,3600,1.0,0,0,3,6,980,450,47.5343,-122.355,1170,4000,12.560244459250788
3,886,3.0,0,0,3,8,1270,80,47.5491,-122.387,1350,886,12.841325847671216
4,7236,2.0,0,0,3,10,3680,0,47.3543,-122.005,3310,7180,13.428376406540833
2,5600,1.0,0,0,5,7,880,0,47.5071,-122.265,1240,7015,12.367340793126296
3,3500,1.5,0,0,5,7,1290,540,47.573,-122.383,1530,4000,13.224919965729422
5,40946,1.0,0,3,3,7,1690,1490,47.5833,-122.073,2430,29620,13.279367126213993
3,3880,1.0,0,0,3,7,780,130,47.6862,-122.392,1220,3880,13.049792684569493
3,5200,2.0,0,0,3,8,2010,0,47.7142,-122.203,1860,4400,13.233904752137237
4,203425,2.0,0,0,3,9,3400,200,47.7597,-122.018,3150,202989,13.432784936825598
3,206910,2.0,0,0,3,10,2840,0,47.469,-122.063,2070,25067,13.579788224443204
4,24604,2.0,0,0,3,10,3510,0,47.6772,-122.056,3530,26673,13.569610019527449
5,8399,1.0,0,0,4,7,1320,800,47.7621,-122.335,2120,8398,12.84183167998138
2,6600,1.0,0,0,3,6,620,0,47.4862,-122.33,1050,6600,12.072541252905651
4,6120,1.0,0,0,3,7,1100,900,47.5035,-122.258,1880,6120,12.337100907936577
1,3000,1.0,0,0,3,7,730,0,47.6741,-122.396,1520,5000,12.886641043883259
5,7266,2.0,0,0,3,9,3320,0,47.5862,-122.054,3060,10269,13.5985975564007
5,9752,1.0,0,0,3,8,1200,900,47.3341,-122.304,1270,10200,12.606357693596795
4,13850,2.0,0,0,3,9,2110,0,47.5497,-122.077,2520,10194,13.314635265051452
3,7015,1.0,0,0,3,7,1250,0,47.4548,-122.29,1510,11460,12.043553716032399
3,58370,1.0,0,0,3,7,1610,0,47.6718,-122.044,2510,58127,13.287877815881902
5,6131,1.0,0,0,5,7,1560,1550,47.5615,-122.279,1720,6600,13.485616636703183
4,7316,2.0,0,0,3,8,2441,0,47.3237,-122.337,2724,7357,12.736700896592344
3,12036,1.0,0,0,3,7,1550,280,47.3126,-122.043,1810,12036,12.758519943986984
4,8400,1.0,0,0,5,7,1300,520,47.7615,-122.329,1700,9450,12.845159549240176
3,6122,1.0,0,0,3,8,1200,270,47.6517,-122.406,2200,6122,13.38779984090879
4,6240,1.5,0,0,5,7,1430,0,47.7272,-122.311,1410,6240,12.894207284266574
3,9450,1.0,0,0,4,7,1080,550,47.3729,-122.295,1280,9100,12.388394202324129
4,7972,2.0,0,0,4,8,2010,0,47.5782,-122.018,2100,8511,13.287877815881902
3,3480,2.0,0,0,3,7,1960,0,47.4802,-122.18,2560,3500,12.577463773304586
4,6054,2.0,0,0,3,9,3570,0,47.7053,-122.126,3600,6050,13.741853253475393
5,11800,2.0,0,0,3,10,3470,1400,47.633,-122.041,3180,11398,13.490472698968725
4,12164,1.5,0,0,4,11,3480,0,47.6404,-122.171,3960,16855,13.989463865087712
5,22326,2.0,0,0,3,11,4700,0,47.5417,-122.111,4730,27110,14.151982794585487
3,4072,1.5,0,0,5,6,1190,0,47.5276,-122.274,1680,5850,12.409013489526863
3,1904,2.0,0,0,3,8,1140,570,47.5827,-122.387,1260,1316,13.269057756555132
3,54059,2.0,0,0,3,10,2430,0,47.4664,-121.992,2910,49658,13.554145793829866
3,2159,1.0,0,0,3,7,1010,800,47.6273,-122.345,1810,2159,13.217673557208654
5,3868,1.0,0,0,3,7,1220,760,47.5173,-122.275,1970,3868,12.718297290209872
3,7250,1.0,0,2,3,7,960,300,47.6947,-122.311,1540,7250,13.091904169919621
1,6700,1.5,0,0,3,7,1140,0,47.6958,-122.357,1350,6700,13.199324418540456
4,11897,2.0,0,0,3,8,2810,0,47.3251,-122.186,1770,4240,12.863592648446968
3,8345,1.5,0,0,3,7,1220,0,47.5038,-122.266,1880,10169,12.323855681186558
3,20000,2.0,0,0,4,7,2510,0,47.2871,-122.287,2130,20000,12.802158113246987
4,8833,2.0,0,0,3,7,2880,0,47.5388,-121.89,2570,5234,13.19188944005294
4,8400,1.0,0,0,3,7,1330,650,47.6721,-122.152,1920,8400,12.959844447906553
3,5100,1.0,0,0,3,7,1280,0,47.5259,-122.38,1380,7140,12.599802497419917
3,7500,1.0,0,2,4,8,1620,0,47.7014,-122.381,2440,7800,13.567049198665774
4,4747,2.0,0,0,3,8,2430,0,47.5285,-122.031,1930,7200,13.279367126213993
3,7680,1.5,0,0,3,6,820,0,47.528,-122.359,1470,6912,11.918390573078392
4,9000,2.0,0,0,3,8,3010,0,47.4987,-122.147,3250,5531,13.180632285528304
4,76877,1.0,0,0,3,8,1900,0,47.3491,-122.113,1740,34848,12.873902018105829
3,3076,2.0,0,0,3,7,1650,0,47.682,-122.035,1560,3064,13.010313873595706
3,6607,2.0,0,0,3,7,1860,0,47.2891,-122.351,1760,6766,12.542544882151386
4,12875,1.0,0,0,3,8,1770,0,47.7438,-122.247,2150,12875,12.89921982609012
4,12100,1.0,0,0,3,9,1870,1360,47.562,-122.146,2670,10200,13.625559974005828
4,8384,1.0,0,0,3,7,1250,950,47.753,-122.317,1750,8384,12.959844447906553
5,13260,2.0,0,0,3,10,3530,0,47.5761,-122.205,3340,13260,14.291744736960645
3,8415,1.0,0,0,4,7,780,630,47.2914,-122.368,1440,7361,12.2783933071098
6,5000,1.5,0,0,5,7,1810,1300,47.6631,-122.348,1600,4000,13.493926933836812
4,7400,1.0,0,0,3,9,1670,420,47.3178,-122.38,2260,8000,12.520883385370206
3,7779,2.0,0,0,3,7,1920,0,47.4024,-122.171,1960,7536,12.538967060803502
4,6325,1.0,0,0,5,7,1440,690,47.5683,-122.396,1240,6325,13.337474757021274
4,6825,1.0,0,0,3,8,1560,1330,47.734,-122.182,1900,10120,13.279367126213993
3,13100,1.0,0,0,4,8,1510,720,47.5413,-122.174,2010,10650,13.105217218569358
2,819,2.0,0,0,3,8,1060,220,47.6905,-122.364,1290,2900,12.675920012567607
3,16738,1.5,0,0,4,5,1280,0,47.3895,-122.023,1590,16317,12.538967060803502
2,3700,1.5,0,0,3,7,1270,0,47.5949,-122.307,1980,3200,12.910407015480683
2,6236,1.0,0,0,4,6,1120,0,47.763,-122.291,1340,7784,12.691580461311874
4,3060,1.0,0,0,3,7,1100,1100,47.565,-122.284,1410,5100,12.788288265382837
4,12044,1.0,0,0,3,9,2010,0,47.6446,-122.068,2200,11144,13.34997692338999
2,6897,1.0,0,0,4,7,1060,1060,47.5566,-122.278,1900,4462,13.304684934198283
3,7200,1.0,0,0,3,7,1390,480,47.734,-122.174,1830,7876,12.767115985456782
3,11920,2.0,0,0,5,8,2600,0,47.582,-122.194,2430,10050,13.800396920154226
3,31564,1.0,0,0,3,7,1220,900,47.4938,-122.298,1790,11571,12.206072645530174
4,9576,1.0,0,0,4,7,1800,0,47.4664,-121.747,1370,9576,12.509874099861838
4,7200,1.5,0,0,3,7,1400,130,47.5015,-122.262,1530,7200,12.409013489526863
7,15235,2.0,0,1,3,11,2860,1780,47.5666,-122.231,3230,20697,14.48333993053993
3,5663,2.0,0,0,3,8,2320,0,47.539,-122.07,2500,4500,13.286181462633724
3,4800,1.0,0,0,3,7,1080,830,47.6844,-122.332,1750,4800,13.458835614025542
4,6139,2.0,0,0,3,8,2590,0,47.3883,-122.035,2410,6139,13.079455876393052
3,7205,1.0,0,0,3,7,1420,0,47.3555,-122.175,1690,7405,12.167851432709975
3,8004,2.0,0,0,3,7,1330,0,47.7098,-122.217,1300,7971,12.834681304952548
5,5042,2.0,0,2,3,9,2470,860,47.6497,-122.339,1780,3990,14.133964289082808
4,6500,2.0,0,0,3,8,3310,0,47.515,-121.87,2380,5000,13.226723392728571
3,9570,1.0,0,0,4,7,950,900,47.697,-122.322,1430,6380,13.213117740672793
3,8064,1.0,0,2,4,7,1160,450,47.6818,-122.189,2260,8328,13.42984807715229
3,1656,2.0,0,0,3,8,1310,160,47.5653,-122.369,1470,2288,12.84792653170257
4,14157,1.0,0,0,3,8,1460,1220,47.4286,-122.292,2100,9199,13.17115354157376
4,8824,2.0,0,0,3,9,2550,0,47.3979,-122.212,2630,11237,12.953944725779365
3,8976,1.0,0,0,3,7,1300,0,47.3357,-122.305,1430,9750,12.371587084007746
3,4200,2.0,0,0,3,7,1750,0,47.3605,-122.04,1890,4048,12.611537753638338
4,5054,2.0,0,0,3,9,2960,0,47.3601,-122.035,2960,5000,12.86099861326992
4,4240,1.5,0,0,4,7,1460,260,47.579,-122.294,1930,4280,13.199324418540456
3,19454,1.5,0,0,3,8,2390,0,47.4545,-122.336,1540,26979,13.16062208952142
3,6408,2.0,0,0,4,8,1650,0,47.6638,-122.128,1750,6402,12.994530005894443
4,6160,2.0,0,0,3,8,2590,0,47.4784,-122.122,2670,5600,13.161574475126766
3,2171,2.0,0,0,3,7,1400,310,47.5434,-122.368,1380,1300,12.79104981192925
4,4358,2.0,0,0,3,7,1790,0,47.3994,-122.204,1790,4305,12.468436909997665
2,8187,1.0,0,0,4,6,1060,0,47.7508,-122.349,1260,8188,12.445089546000673
4,10382,2.0,0,0,4,9,2940,0,47.5333,-122.151,2980,10547,13.530491602931978
3,10756,2.0,1,4,3,11,3430,980,47.5283,-122.205,3550,5634,14.914122846632385
3,7221,1.0,0,0,4,8,1950,0,47.431,-122.285,2310,8125,12.9190224533863
2,9000,1.0,0,0,3,5,910,0,47.526,-121.81,1290,9000,12.406970587897064
3,8489,1.0,0,0,4,7,1690,0,47.6079,-122.192,1850,8536,13.493926933836812
3,66211,2.0,0,0,3,10,3660,0,47.4087,-122.062,3660,107153,13.732128949025222
3,19821,2.0,0,0,3,9,2260,0,47.448,-122.088,2750,22718,13.10011776845701
3,4337,2.0,0,0,3,8,2250,0,47.5908,-122.017,2250,4721,13.286181462633724
3,6000,2.0,0,0,4,7,1530,0,47.3487,-122.036,1360,6000,12.487485104968359
3,5017,2.0,0,0,3,9,2380,0,47.6297,-122.021,2670,6066,13.387953203381294
3,843309,2.0,0,0,4,7,3650,0,47.3627,-122.496,1870,273992,13.217673557208654
3,10956,1.0,0,0,3,6,1240,0,47.3705,-122.15,1240,8137,12.388394202324129
3,9346,1.0,0,0,4,7,1260,0,47.3713,-122.186,1800,9705,12.20856952572876
3,10200,1.0,0,0,3,7,1430,0,47.7012,-122.166,1470,10350,12.911642346088676
3,7470,1.0,0,0,5,7,1380,0,47.7479,-122.343,1440,7473,12.721885810807203
3,7300,1.0,0,0,4,7,1180,0,47.2857,-122.197,2030,8424,12.25462468611234
3,7942,1.0,0,0,3,7,1080,0,47.3141,-122.355,1380,8244,11.652687407345388
3,4802,1.0,0,0,3,8,1640,0,47.3538,-122.021,1940,4802,12.742566016044742
4,6000,1.5,0,0,4,8,1590,0,47.6401,-122.299,1590,4000,13.876135179780709
3,9001,1.0,0,0,4,7,1910,0,47.6037,-122.119,2040,8700,13.224919965729422
4,4196,2.0,0,0,3,8,2090,0,47.7453,-122.192,2640,4503,13.101956567626667
4,6228,2.0,0,0,3,8,1930,0,47.3572,-122.191,1930,6168,12.68075282265981
4,6678,1.0,0,0,3,7,1040,400,47.571,-122.392,1320,6678,12.994530005894443
6,4290,1.0,0,0,4,7,1780,1780,47.5282,-122.269,3040,6000,12.983101310070822
3,79279,2.0,0,0,3,11,3420,0,47.7225,-122.126,4240,40500,14.018451401960965
4,4500,1.0,0,0,5,7,1060,1040,47.6699,-122.317,1920,3900,13.217673557208654
4,7765,1.0,0,0,3,6,2290,0,47.4997,-122.353,1240,8215,12.419165860990882
3,3060,1.5,0,0,3,8,1510,790,47.6827,-122.31,1590,3264,13.453104939316557
3,5750,2.0,0,0,5,9,2000,1000,47.5821,-122.39,1820,5750,13.928839243271277
3,13927,1.0,0,0,5,7,1180,0,47.4818,-122.094,1400,13173,12.608198852372823
3,10615,2.0,0,0,3,12,4570,0,47.5533,-122.097,3860,11576,13.852806342707972
4,52953,2.0,0,0,4,10,3190,0,47.5933,-122.075,3190,51400,13.631587719803345
5,10862,2.0,0,3,4,11,3940,2550,47.5728,-122.205,3290,14080,14.508657738524219
4,8470,1.0,0,0,3,8,1440,620,47.5605,-122.124,2180,8978,13.39239051461739
3,5060,1.5,0,0,3,7,860,0,47.7062,-122.341,880,5060,12.676076274775909
2,4000,1.0,0,0,4,6,740,740,47.6916,-122.38,1060,4000,12.921470435024938
2,7200,1.0,0,0,3,7,740,150,47.6998,-122.278,1290,7200,12.628067055589549
4,9600,1.0,0,0,3,8,1240,840,47.7149,-122.235,1880,9525,12.985397522331171
5,6565,1.0,0,0,3,8,1120,900,47.6821,-122.283,2020,6552,13.369223455335854
3,12950,1.0,0,0,3,8,2010,0,47.7222,-122.229,1490,10181,12.644327576461329
4,8601,2.0,0,0,3,7,1830,0,47.3576,-122.016,1830,5184,12.733755386362587
3,8865,1.0,0,0,3,7,1430,0,47.7331,-122.299,1250,8154,12.706847933442663
3,35000,2.0,0,0,3,10,2610,0,47.7377,-122.101,3060,35427,13.407542319637992
4,10358,1.0,0,0,4,8,1320,740,47.5478,-122.174,2060,9676,13.232114241363448
3,1200,2.0,0,0,3,8,1410,280,47.5388,-122.367,1740,1664,12.727541429394645
4,5710,2.0,0,0,3,8,2630,0,47.5342,-121.876,2550,5500,13.235692062711331
3,37042,2.0,0,0,3,9,2180,0,47.722,-122.026,2880,32688,13.38472764187182
2,2020,1.0,0,0,3,7,750,0,47.6175,-122.301,1630,2383,12.821258284620408
3,18730,1.5,0,0,4,7,1640,0,47.5975,-122.196,1670,12154,13.560618308335483
4,7173,2.0,0,0,3,11,4130,1650,47.6374,-122.288,3930,7994,14.876767060088614
3,6914,1.0,0,0,3,7,1000,0,47.7144,-122.319,1000,6947,12.842649474601725
3,8065,1.0,0,0,4,6,1310,0,47.701,-122.368,1420,8100,12.983101310070822
2,4301,1.0,0,0,4,7,910,0,47.6814,-122.399,1810,4301,13.253391639810733
3,12381,1.0,0,0,4,8,1870,0,47.3358,-122.32,1950,12667,12.658739355122632
3,12212,1.0,0,0,3,6,1130,0,47.4952,-122.34,1190,9240,11.747997587149712
4,47480,2.0,0,0,3,9,3770,0,47.3552,-121.99,3380,42689,13.407542319637992
2,6840,1.0,0,0,3,6,740,0,47.5168,-122.373,740,6840,11.711776323715394
2,15000,1.0,0,0,3,6,800,0,47.4932,-122.316,1170,15000,11.608235644774552
3,9247,1.0,0,0,3,7,1160,400,47.6954,-122.174,1690,8772,13.102160670086809
3,13775,1.0,0,0,3,8,1400,0,47.7413,-122.259,2200,10450,13.017002861746503
3,8050,1.0,0,0,4,7,1240,0,47.6108,-122.044,1370,9856,12.757080058928997
3,19000,1.0,0,0,4,9,1650,640,47.3837,-122.158,2900,13034,13.02915099568215
4,10004,1.0,0,2,4,9,2110,1730,47.5606,-122.225,3500,12118,13.94214320889764
4,6440,2.0,0,0,3,10,2760,0,47.5836,-122.026,3070,8127,13.438632906708023
4,4066,1.5,0,0,3,6,1270,910,47.5487,-122.277,1400,1343,12.721587258782296
3,14766,1.0,0,0,3,8,1590,0,47.5902,-122.147,2040,10190,12.834681304952548
5,5400,1.0,0,0,3,7,1320,650,47.5868,-122.308,1280,2150,12.899094818276968
3,7316,1.0,0,0,3,7,1450,0,47.7725,-122.349,1440,7316,12.971540487669746
4,5100,1.0,0,0,3,7,1320,460,47.6944,-122.288,1880,5100,13.270783382522602
4,8400,1.5,0,0,3,8,1330,0,47.6078,-122.169,2270,10146,13.199324418540456
3,7500,1.0,0,0,3,8,1520,0,47.2646,-122.219,2180,7506,12.425208175446844
4,8800,1.0,0,2,4,7,1240,860,47.6146,-122.114,2000,8800,13.353475098367715
4,9350,1.0,0,0,4,8,1820,0,47.6288,-122.098,2260,9299,13.161391764371807
3,5496,2.0,0,0,3,8,2180,0,47.5723,-122.007,2120,5496,13.324487561494463
3,7282,1.5,0,0,5,6,1380,0,47.3006,-122.223,860,4826,12.14950229404178
3,30940,2.0,0,0,3,8,1380,0,47.334,-122.106,2350,32500,12.80765263256463
4,4800,1.5,0,0,3,7,1660,0,47.6556,-122.345,1660,4800,13.262125319779487
3,7800,2.5,0,2,3,11,4170,980,47.6288,-122.282,4270,7800,14.626440774180603
3,2445,1.0,0,0,3,7,840,560,47.5926,-122.299,1400,3200,12.829333698625952
3,313672,1.0,0,0,4,7,1600,0,47.4129,-122.08,1780,90860,12.9190224533863
3,7370,1.0,0,0,4,7,900,400,47.3025,-122.37,1430,7500,12.330500223905226
3,3300,2.0,0,2,3,7,1870,0,47.6221,-122.325,1820,2460,13.74616047982948
4,8500,2.0,0,0,3,8,2230,0,47.2082,-122.009,2270,8770,12.691580461311874
2,1750,1.0,0,0,4,6,780,780,47.6347,-122.355,1850,3600,13.111100185125618
4,7464,2.0,0,0,4,7,1730,0,47.3782,-122.304,1370,7860,12.402461459535564
4,6399,2.0,0,0,3,9,3220,0,47.5883,-121.991,2850,6399,13.454540689742661
5,107157,1.0,0,0,4,8,2160,2160,47.4009,-122.059,2480,107157,13.244581010128577
4,3333,1.5,0,0,3,7,1350,0,47.6727,-122.397,1530,5000,12.969212197910155
3,5100,1.0,0,0,4,7,1030,160,47.5346,-122.385,1690,5100,12.999065161059836
3,959,3.0,0,0,3,8,1280,0,47.6914,-122.343,1130,1126,12.779873068457553
4,9600,1.0,0,2,3,9,1510,1500,47.5519,-122.156,2780,10000,13.62022533477846
4,5500,2.0,0,0,3,8,2240,0,47.496,-122.169,700,5500,12.873773804758644
3,2978,1.0,0,0,3,7,1210,320,47.6796,-122.39,1640,5100,13.36138027787483
3,7929,1.0,0,0,3,7,1490,0,47.2875,-122.218,1650,7929,12.409013489526863
3,7560,1.0,0,0,4,6,1150,0,47.4613,-122.184,1230,7560,12.2783933071098
5,4320,2.0,0,0,3,7,1980,310,47.664,-122.31,2870,4320,13.65063591477404
2,7620,1.0,0,0,3,7,900,0,47.5268,-122.343,1520,7620,12.676076274775909
3,3048,2.0,0,0,4,7,1880,0,47.6031,-122.303,1680,3600,13.016891744462095
3,40510,2.0,0,0,3,10,1320,780,47.6154,-122.047,2380,33450,13.17115354157376
4,9935,2.0,0,0,3,8,2600,0,47.4865,-122.142,2830,7620,13.199324418540456
8,12714,1.0,0,0,3,7,2850,0,47.4859,-122.205,1480,4942,12.829333698625952
4,5700,1.0,0,0,3,8,1200,1050,47.6406,-122.344,1720,3850,13.38237873149439
5,57499,1.0,0,0,4,8,2340,1140,47.4574,-122.024,2020,40946,13.184398768323781
4,12523,1.0,0,0,3,8,1780,1230,47.707,-122.316,2040,7560,12.901716706288706
3,8173,1.0,0,0,3,7,1470,570,47.7439,-122.333,1900,8172,12.779873068457553
3,3962,1.5,0,0,3,7,1540,610,47.7183,-122.285,1730,4609,12.947890935553772
2,12092,1.0,0,0,3,6,960,280,47.4957,-122.352,1820,7460,12.354492650648448
3,1377,2.0,0,0,3,7,1290,120,47.5342,-122.067,1445,1370,12.841325847671216
3,7190,2.0,0,1,5,7,1860,0,47.7716,-122.392,1670,5525,13.270783382522602
3,20189,2.0,0,0,3,10,3150,0,47.447,-122.088,2920,20612,13.253391639810733
3,41250,1.0,0,0,4,7,1820,1540,47.2604,-122.023,2580,98881,12.70684490313504
2,3500,1.0,0,0,5,7,1100,0,47.6741,-122.323,2050,4000,13.068962600677214
3,9137,1.0,0,0,3,7,1380,1380,47.6079,-122.132,1980,9137,13.049792684569493
7,2665,2.0,0,0,3,9,1950,1010,47.5835,-122.313,1970,4410,13.657452253306
4,3000,2.0,0,0,3,7,2080,560,47.6313,-122.344,1910,3000,14.250534468313983
4,2646,2.5,0,0,5,9,2290,840,47.6272,-122.316,2920,4500,14.050582680143757
3,9879,1.0,0,0,3,7,1460,0,47.6346,-122.127,1610,10050,13.049792684569493
3,10115,1.0,0,0,4,7,1370,0,47.2027,-122.0,1450,9282,12.487296407920908
4,3813,2.0,0,0,4,7,1680,0,47.593,-122.293,2540,3996,13.122363377404328
3,1469,3.0,0,0,3,8,1550,0,47.6911,-122.341,1520,1465,12.971540487669746
4,4875,2.0,0,0,3,9,2930,0,47.3421,-122.179,2815,4900,13.000229641160672
4,4069,3.0,0,0,4,10,2710,0,47.604,-122.288,1810,3586,13.670484785914017
2,5643,1.0,0,0,3,7,1600,0,47.6968,-122.279,1600,5746,12.990430706143503
3,2800,1.0,0,0,5,7,800,570,47.6157,-122.291,2270,3773,13.24147885829449
2,2674,1.0,0,0,4,6,720,360,47.5595,-122.317,1250,5000,12.66032791780777
3,8301,1.0,0,0,3,7,1510,0,47.7243,-122.222,1460,7910,12.810388612383504
3,6000,1.0,0,0,5,7,1150,0,47.498,-122.263,1980,6360,12.439166527697552
3,6762,2.0,0,0,3,10,2540,0,47.6239,-122.144,2870,6631,13.507625778194974
2,7500,1.0,0,0,3,7,790,0,47.4007,-122.294,1560,7794,11.77528972943772
3,7500,1.0,0,0,3,7,1370,0,47.3634,-122.046,1420,7500,12.437184366493561
5,16600,1.0,0,3,4,9,1860,1790,47.56,-122.144,3150,10400,14.085537695177335
4,84942,2.5,0,2,3,9,4150,1900,47.7466,-122.029,2700,199504,13.742939865129438
3,5120,1.5,0,0,4,6,910,450,47.5587,-122.393,1440,5120,12.971540487669746
3,1256,2.0,0,0,3,8,930,540,47.6033,-122.309,1510,1797,12.892950213076524
3,505166,1.0,1,3,4,8,1830,1000,47.3782,-122.514,2120,21988,13.81451005763069
2,3001,1.0,0,0,3,6,760,0,47.5874,-122.311,1750,5000,12.611537753638338
3,7476,1.0,0,0,3,7,1380,0,47.3336,-122.272,1600,7227,12.513557345278134
5,60984,2.0,0,0,3,9,3320,0,47.4862,-121.718,1580,55322,13.407542319637992
6,15240,1.0,0,0,3,7,1850,1000,47.5288,-122.345,2090,7620,12.793859310432293
4,9681,1.0,0,1,3,7,2140,1210,47.3978,-122.322,2580,9681,12.89921982609012
5,17234,1.0,0,0,3,7,1300,1270,47.7753,-122.355,1760,7969,12.524526376648708
4,15239,1.5,1,4,3,6,1370,180,47.4502,-122.378,1790,22047,13.437174117244362
1,24501,1.0,0,0,2,3,600,0,47.5316,-121.749,990,22549,12.542544882151386
3,4515,2.0,0,0,3,7,1720,0,47.5426,-121.879,2220,4618,12.871334622600584
3,213879,2.0,0,0,3,8,2280,0,47.4213,-122.033,2380,178160,12.80559572405745
4,4344,2.0,0,0,3,8,2320,0,47.4862,-122.163,2310,3770,13.016891744462095
3,7201,2.0,0,0,3,8,2200,0,47.3821,-122.207,2250,7240,12.619820027390809
4,3560,1.5,0,0,3,8,1550,1180,47.6737,-122.304,1860,3560,13.693342923990066
4,34689,1.5,1,4,3,9,2130,0,47.5489,-122.398,3030,28598,14.107433624673309
3,13000,1.5,0,0,3,6,1590,0,47.4789,-122.346,1460,8400,12.367340793126296
4,9000,1.0,0,0,5,7,1560,0,47.6707,-122.149,1510,8848,13.207255844422292
4,8558,2.0,0,0,3,7,2760,0,47.4802,-122.189,2760,7703,13.005829561148378
2,5400,1.0,0,0,4,5,860,0,47.492,-122.171,960,5400,12.138863895836725
3,25000,1.0,0,0,3,6,1010,0,47.6927,-121.901,2020,101494,11.918390573078392
4,38615,2.0,0,0,3,10,3960,0,47.7249,-122.024,3290,43560,13.5985975564007
3,12543,1.0,0,0,3,8,1180,800,47.3104,-122.394,2090,8539,12.498742259492994
3,9087,1.0,0,0,3,7,1400,0,47.7711,-122.34,1490,8380,12.676076274775909
3,5500,2.0,0,2,3,10,2440,520,47.6356,-122.402,2960,5876,14.108180171927094
2,986,2.0,0,0,3,7,950,160,47.5427,-122.272,1110,3515,12.439166527697552
3,7700,1.0,0,0,3,7,1460,0,47.6981,-122.127,1720,7280,12.958667284733538
3,5091,2.0,0,0,3,8,2190,0,47.3506,-122.039,2200,5948,12.80765263256463
3,4049,1.5,0,2,3,7,1000,560,47.5666,-122.375,1430,3738,13.019222618484815
3,8710,1.0,0,0,3,7,1460,0,47.4561,-122.357,1400,8645,12.691426603322494
2,14700,1.0,0,0,5,6,710,0,47.4939,-122.318,1320,14700,12.140199901379466
4,6002,2.0,0,0,3,9,1983,0,47.3281,-122.164,2502,4750,12.751299696013497
4,7560,1.5,0,0,3,7,1480,0,47.7079,-122.358,1480,7560,12.994530005894443
3,8946,1.0,0,0,3,6,940,740,47.6379,-121.966,1550,11625,12.850554654108839
3,9740,2.0,0,0,3,8,2080,0,47.261,-122.219,2080,8705,12.691272721657192
5,7902,1.0,0,0,3,7,1220,800,47.51,-122.327,2220,8819,12.409013489526863
4,35008,1.0,0,0,3,8,2380,0,47.5834,-122.001,2250,34794,13.296232647383299
3,3000,1.5,0,0,4,7,1810,0,47.6599,-122.363,1140,3000,13.208541073645382
4,5000,1.0,0,0,4,7,980,960,47.6719,-122.369,1940,5000,13.367659733359671
2,1444,2.0,0,0,3,9,1080,540,47.5892,-122.309,1660,1642,13.17115354157376
4,5085,2.0,0,0,4,8,2190,0,47.5693,-122.002,2130,5142,13.16158409055761
2,1461,1.0,0,0,3,7,670,340,47.6515,-122.4,1500,2499,12.736700896592344
2,6800,1.0,0,0,3,7,850,0,47.7282,-122.337,870,6800,12.577636201962656
3,5410,1.0,0,0,4,7,880,140,47.6924,-122.31,1580,5376,13.132313708257497
2,4172,1.0,0,0,3,7,1040,0,47.6308,-122.302,3120,4800,12.821258284620408
2,5120,1.0,0,0,4,6,750,0,47.5312,-122.375,930,7200,12.611537753638338
4,6360,1.5,0,0,3,6,1500,0,47.4979,-122.24,1190,6360,12.367340793126296
6,5000,1.0,0,0,3,8,1790,1170,47.6971,-122.341,1280,1251,13.38472764187182
3,18000,1.0,0,0,4,7,1280,620,47.3251,-122.354,1920,15000,12.26434155365415
4,6707,2.0,0,0,3,9,2620,0,47.5965,-122.038,2590,6530,13.418757390458131
4,4560,2.0,0,0,5,7,1810,1140,47.6525,-122.333,2000,4560,13.85952744338105
4,28405,2.0,0,0,3,8,2440,0,47.7386,-122.238,2480,11429,13.263862939678027
4,6200,1.0,0,0,5,6,1340,0,47.6214,-122.119,1210,7178,13.07087006301411
2,15873,1.0,0,0,3,7,900,430,47.6359,-122.033,1610,12043,12.994530005894443
4,12600,1.0,0,0,4,8,1850,1090,47.6294,-122.062,2030,11770,13.287877815881902
3,3000,1.0,0,0,3,5,710,710,47.4928,-122.274,1960,5000,12.345834587905333
4,12436,2.0,0,0,3,8,1960,0,47.6276,-122.037,1960,12436,13.122363377404328
3,9547,1.0,0,0,4,7,1740,0,47.4475,-122.213,1780,9936,12.505992035646432
4,10423,1.0,0,0,3,7,2440,0,47.725,-122.172,1990,7758,13.142166004700508
4,9870,2.0,0,0,3,9,3430,0,47.776,-122.173,3360,9724,13.527821818823604
3,8925,1.0,0,0,4,7,990,0,47.3294,-122.331,1360,8625,11.970350312009105
3,7208,2.0,0,0,3,8,1750,0,47.4315,-122.192,2050,7524,12.688498794774466
2,4320,1.0,0,0,3,5,820,0,47.514,-122.359,780,7424,11.5376180775606
3,4240,1.5,0,0,4,7,1680,0,47.5745,-122.311,1460,4240,13.199324418540456
4,7200,1.0,0,0,3,7,1300,520,47.5161,-122.388,1770,8149,13.214942558697421
3,7491,1.0,0,0,4,6,1160,0,47.7024,-122.359,1800,2267,12.942039823273047
3,11935,1.0,0,0,4,9,2020,0,47.632,-122.092,2410,12350,13.235692062711331
4,55387,2.0,0,0,3,9,2450,0,47.6323,-121.985,2730,38827,13.337474757021274
3,9570,1.0,0,0,3,7,870,390,47.7004,-122.305,1620,7000,12.93579280632096
2,5200,1.0,0,0,3,6,690,0,47.556,-122.395,1380,5700,12.736700896592344
4,12929,2.0,0,0,3,9,2490,0,47.6161,-122.021,2440,12929,13.331002242515657
5,5050,1.0,0,0,3,7,1216,792,47.5376,-122.292,2040,5297,13.038981768465277
3,7200,2.0,0,0,3,11,3690,0,47.6815,-122.2,1880,7200,14.27293540500315
4,4800,1.5,0,0,3,7,1520,900,47.6453,-122.358,1090,3800,13.764217263576723
4,6938,1.5,0,0,3,8,1890,0,47.5896,-122.389,1700,6250,13.623138665316818
2,1722,2.0,0,0,3,8,1180,0,47.5626,-122.384,1490,1469,12.897969044188466
3,9620,1.0,0,0,5,6,1330,0,47.3174,-122.127,1300,10360,12.240425761901836
3,7236,1.0,0,0,4,7,1170,140,47.6944,-122.333,1680,8431,13.174006610556168
3,3942,3.0,0,0,3,10,2920,0,47.531,-122.204,2920,3942,13.674522864663297
3,5800,1.0,0,0,4,8,1650,1120,47.6496,-122.413,2340,5800,13.892471599100402
3,10584,1.0,0,0,3,10,2020,0,47.5851,-122.028,3030,9870,13.35268113246654
3,8820,1.0,0,0,4,7,1580,0,47.317,-122.325,1280,8500,12.323855681186558
2,3600,1.0,0,0,3,7,1010,0,47.6641,-122.357,1540,3600,13.560618308335483
3,15426,1.0,0,0,4,7,1380,0,47.5951,-122.036,1380,15426,12.915166991419566
3,8182,1.0,0,0,3,7,1170,0,47.7368,-122.298,1610,8183,12.772805901234461
3,12753,2.0,0,0,3,7,2370,0,47.7359,-121.984,2280,16808,13.122263372403996
3,33503,1.5,0,1,4,8,2110,670,47.5844,-122.081,3150,15542,13.946538820370678
2,5120,1.0,0,0,3,6,710,0,47.5224,-122.357,1150,1252,12.283033686666302
5,36817,2.0,0,0,4,8,2970,0,47.7731,-122.139,2730,29150,13.457406021215947
4,4250,1.0,0,0,4,7,1210,0,47.5275,-122.321,1210,6000,12.66032791780777
3,4203,2.0,0,0,3,9,2290,0,47.5441,-122.172,2290,5089,13.287877815881902
2,3200,1.0,0,0,5,7,880,680,47.6419,-122.394,2060,4940,13.304684934198283
4,8056,1.0,0,0,3,7,1170,500,47.4884,-122.319,1360,8056,12.506177237980511
3,4320,1.0,0,0,3,6,660,660,47.5327,-122.347,1190,4200,12.810388612383504
5,7620,1.0,0,0,3,7,1700,1070,47.5188,-122.348,1720,7620,12.904207367601158
4,7552,1.0,0,0,4,7,860,790,47.7765,-122.324,1410,7199,12.793859310432293
4,8068,2.0,0,0,5,8,2000,0,47.5584,-122.137,2080,7837,13.473020249017498
3,50654,1.5,0,0,3,7,2410,0,47.4154,-122.458,1900,36300,13.091904169919621
4,7357,1.0,0,0,3,7,1350,670,47.7145,-122.225,1690,7804,13.16158409055761
3,3600,1.0,0,0,3,7,1000,660,47.6789,-122.351,1700,4356,13.362167369611646
2,2670,2.0,0,0,4,8,1860,0,47.5436,-122.187,1860,2531,13.044120715342844
3,3880,1.0,0,0,3,8,1300,470,47.6846,-122.392,1430,3880,13.410545324897761
3,8505,1.0,0,0,3,6,1340,0,47.4727,-122.297,1370,9000,12.2783933071098
4,3600,2.0,0,0,3,7,1677,0,47.32,-122.178,1677,3600,12.546109948315882
4,11444,2.0,0,0,3,11,4130,0,47.5208,-122.15,3720,11431,13.94214320889764
3,10139,1.0,0,0,3,7,1300,0,47.3427,-122.087,1260,10139,12.468436909997665
3,8424,1.0,0,0,4,7,1380,500,47.5116,-122.161,1970,8523,12.92391243868049
3,12600,2.0,0,0,4,11,3180,0,47.6366,-122.058,3030,12835,13.710150042306449
4,8178,1.0,0,2,3,8,1710,860,47.5483,-122.261,2050,7500,13.530491602931978
4,10576,2.0,0,0,3,11,3640,0,47.5899,-121.979,3370,10351,13.724491159577106
4,7210,1.0,0,0,4,7,1880,1280,47.7368,-122.183,2070,7560,13.055154627710879
4,8811,1.0,0,0,3,8,1360,800,47.3129,-122.39,2090,8400,12.468436909997665
3,36210,1.0,0,0,3,8,1930,0,47.7692,-122.128,1930,35060,13.253391639810733
3,8502,1.5,0,2,3,10,2610,1000,47.583,-122.379,2900,5016,13.830399170458024
4,5338,2.0,0,0,3,7,2220,0,47.4887,-122.15,2220,5338,12.821258284620408
2,920,2.0,0,0,3,7,830,0,47.5998,-122.306,830,1200,12.751299696013497
3,5764,2.0,0,0,3,9,2700,0,47.5618,-122.027,3270,14700,13.561778924882042
4,16197,2.0,0,0,3,10,4150,0,47.3423,-122.183,3618,15210,13.217673557208654
3,13939,1.0,0,0,4,7,1860,0,47.3746,-122.217,1530,10018,12.581078546153629
4,9900,1.0,0,2,3,8,1600,700,47.5256,-122.385,2510,7500,13.514405465180353
4,10079,2.0,0,0,3,7,2320,0,47.3828,-122.026,2010,7438,12.84792653170257
3,7412,1.0,0,0,4,7,1240,600,47.3933,-122.188,1980,7350,12.504323669331189
2,3522,1.0,0,0,3,6,840,0,47.6575,-122.395,1390,4800,12.911889229190782
3,1902,3.0,0,0,3,8,1730,0,47.6944,-122.377,1830,1804,13.248026395399986
4,6350,2.0,0,2,3,8,2610,740,47.5602,-122.39,1820,6350,13.645907773578093
5,8970,1.0,0,0,4,8,1700,1700,47.7358,-122.335,1890,8475,13.047639831208393
3,6000,1.0,0,0,3,8,1170,340,47.5168,-122.285,1125,6000,12.644327576461329
4,9301,2.0,0,0,3,9,2650,0,47.3477,-122.271,2730,8688,12.969212197910155
3,12566,1.0,1,4,4,8,1940,1390,47.5287,-122.22,3730,16560,14.485900751401603
3,7700,1.0,0,0,4,7,980,450,47.3993,-122.183,1430,8625,12.437184366493561
4,7090,2.0,0,0,3,8,2870,1480,47.3747,-122.156,2490,7266,13.064734264567692
4,9550,2.0,0,4,5,10,2530,250,47.454,-122.373,2724,10634,13.81049801614073
3,26600,1.0,0,0,4,7,2140,0,47.4066,-122.169,2310,8783,12.80765263256463
3,18893,1.0,0,0,4,7,2110,590,47.3397,-122.048,2260,17494,13.345506928718539
5,9457,2.0,0,0,4,9,2910,940,47.727,-122.362,2830,9608,13.737549016494562
2,4614,1.0,0,0,3,8,1350,0,47.7091,-122.015,1680,4775,13.11996049278802
4,5080,2.0,0,0,3,8,1750,690,47.5547,-122.379,1920,6375,13.17115354157376
3,8133,1.0,0,0,3,8,1390,440,47.7478,-122.247,2310,11522,13.142166004700508
2,11480,1.0,0,0,3,6,1140,0,47.5328,-122.274,1550,8150,13.028052697933088
3,11690,2.0,0,0,4,9,2050,0,47.5279,-122.161,2410,10172,13.279367126213993
4,33158,2.0,0,0,3,9,2740,0,47.3333,-122.074,2740,36074,13.073173133213556
5,5000,1.5,0,0,4,7,2020,0,47.6949,-122.37,1510,6600,13.098070684835283
2,6426,1.0,0,0,3,6,790,0,47.4933,-122.245,1380,6946,11.512925464970229
3,6760,1.0,0,0,4,8,1980,0,47.6398,-122.113,2120,7280,13.180632285528304
5,5000,2.0,0,0,3,8,2910,1080,47.54,-122.27,1310,5000,13.514405465180353
4,6654,2.0,0,0,3,10,2850,1110,47.6461,-122.389,2840,6400,13.993656743347747
3,217800,1.0,0,2,4,8,2030,0,47.2618,-122.12,2570,216057,12.886641043883259
4,194278,2.0,0,0,3,10,3180,0,47.4711,-122.084,2200,178160,13.698976741708323
3,6807,2.5,0,0,5,7,1830,0,47.7613,-122.322,1340,6807,12.994530005894443
3,8250,1.0,0,0,3,7,1230,0,47.4526,-122.176,1250,8250,12.542544882151386
5,6642,2.0,0,0,3,9,4475,0,47.6849,-122.018,3720,6633,13.850375645290354
3,4320,1.0,0,0,3,5,920,420,47.299,-122.228,980,6480,12.133501952695338
3,1320,3.0,0,0,3,8,1270,0,47.6937,-122.342,1370,1320,12.821123140353697
3,8307,1.0,0,0,4,8,1660,0,47.7575,-122.352,2510,7800,12.911642346088676
3,209199,1.5,0,0,3,8,1870,610,47.3085,-121.888,2040,219229,12.920261881056826
4,9899,2.0,0,0,3,8,2280,0,47.461,-122.148,1970,9451,12.691580461311874
3,6875,1.0,0,0,4,8,1230,570,47.6773,-122.11,1800,8749,13.248114582709889
3,12262,1.0,0,0,4,7,1550,0,47.5755,-122.216,2900,12372,13.493926933836812
3,4293,2.0,0,0,3,7,2410,0,47.5196,-121.869,2190,5900,13.017002861746503
3,1407,2.5,0,0,3,8,1850,380,47.5446,-122.017,2290,1407,13.36138027787483
3,13350,1.0,0,0,3,7,1190,600,47.4958,-122.262,1740,10624,12.724866438945341
2,5265,1.0,0,0,3,6,860,0,47.5048,-122.272,1650,8775,12.043553716032399
3,7300,1.0,0,0,4,7,1240,570,47.7299,-122.192,1460,7560,12.971540487669746
4,10240,2.0,0,2,3,8,3310,720,47.7168,-122.365,2490,7680,13.635187003832993
2,9900,1.0,0,0,3,6,710,0,47.479,-122.339,1070,9900,11.774427819638625
5,12478,2.0,0,0,3,9,2890,0,47.6295,-122.052,2570,11880,13.301346032932768
5,7313,2.0,0,0,4,8,2140,1230,47.5632,-122.015,2990,7806,13.444446876573442
3,4400,1.0,0,0,3,7,1030,570,47.6348,-122.281,2150,4000,13.444446876573442
3,23550,1.0,0,0,3,10,1490,1410,47.5708,-122.153,2900,19604,13.554145793829866
2,47044,1.0,0,0,4,10,2250,840,47.4291,-122.177,1860,62829,13.308842944346948
3,9000,2.0,0,0,4,9,2420,0,47.6599,-122.146,2630,9000,13.531671757339566
3,4910,2.0,0,0,3,8,1820,0,47.5703,-121.996,2090,6668,13.184398768323781
3,24740,2.0,0,0,3,11,5400,0,47.6426,-121.955,1690,20000,14.006130917572923
3,5171,2.0,0,0,3,8,2340,0,47.4832,-121.772,2790,5684,12.994507278363448
4,10125,1.5,0,0,5,8,2790,0,47.5651,-122.22,2570,10125,14.076335176246172
2,3600,1.5,0,2,4,7,1320,250,47.6366,-122.363,2140,3600,13.569610019527449
3,2800,2.0,0,0,3,7,1489,0,47.3454,-122.214,1584,2800,12.487485104968359
3,4030,1.0,0,0,5,7,1050,790,47.5549,-122.311,1840,5040,13.033532163697712
2,4601,1.0,0,0,3,8,1930,0,47.7196,-122.022,1670,4500,13.232114241363448
2,3447,1.0,0,0,4,8,930,0,47.3822,-122.318,1160,3447,12.092343880201831
3,6250,1.0,0,1,5,7,1090,890,47.554,-122.385,1980,6250,13.242809530480196
2,1209,3.0,0,0,3,8,1350,0,47.649,-122.383,1310,982,13.028052697933088
2,11250,1.0,0,0,2,6,740,0,47.5036,-122.362,1390,11250,12.370527200495705
2,1189,2.0,0,0,3,8,1210,0,47.5526,-121.998,1540,1672,12.769560925679471
3,37642,1.0,0,0,4,7,1660,0,47.2559,-122.007,2070,54450,12.66032791780777
3,9102,2.0,0,0,3,9,2370,0,47.3067,-122.394,2530,9883,12.706847933442663
3,8994,1.0,0,0,4,8,1110,1110,47.5473,-122.172,2220,8994,13.122363377404328
4,4500,2.0,0,0,3,9,3700,0,47.7473,-122.23,3050,5047,13.38472764187182
4,17008,2.0,0,0,4,8,2470,0,47.5924,-122.048,2470,31798,13.345506928718539
5,11412,2.0,0,0,3,7,3920,0,47.5766,-122.151,1400,9750,13.385496576934697
4,7840,1.0,0,0,4,7,1130,0,47.2986,-122.377,1690,7840,12.254862809699606
3,5000,2.0,0,0,3,8,2430,0,47.3786,-122.127,2910,5620,12.826649133255284
4,4225,1.0,0,0,4,6,910,1000,47.3084,-122.234,1060,4800,12.154516158615772
3,188760,1.0,0,0,4,10,2640,1120,47.308,-122.087,2820,50543,13.226723392728571
5,13068,1.0,0,0,4,10,1850,1800,47.5458,-122.231,2760,13927,13.897090544956697
4,7574,1.0,0,0,3,8,1720,630,47.5634,-122.087,2220,8496,13.493926933836812
4,12750,2.0,0,0,3,10,3020,0,47.6524,-122.184,3120,14351,13.648038204020525
3,120661,1.0,0,0,4,6,1780,0,47.7731,-121.897,1440,25000,12.727541429394645
2,4900,1.0,0,0,5,6,1180,0,47.5321,-122.029,1650,7121,12.65395846952229
2,5920,1.0,0,0,3,8,1830,300,47.6792,-122.275,2130,7192,13.565766324852886
4,8509,2.0,0,0,3,9,2430,0,47.5714,-121.991,2760,8509,13.39711217444421
5,10260,2.0,0,0,3,10,3860,370,47.5503,-122.081,2980,10997,13.650282078596497
3,11454,1.0,0,0,4,8,1590,0,47.5049,-122.186,1970,9960,12.94084150078094
4,12600,2.0,0,0,3,9,2590,0,47.5566,-122.162,2620,11050,13.541073712262515
4,2982,1.5,0,0,4,7,1610,0,47.587,-122.294,1610,4040,13.190022025878143
4,28710,1.0,0,0,3,8,1180,1000,47.405,-122.288,2180,28710,12.254862809699606
4,8866,2.0,0,0,4,9,2500,0,47.6604,-122.146,2630,8847,13.602317337503232
4,4680,1.5,0,0,5,9,1850,1060,47.6745,-122.31,1960,4120,13.758940206475879
3,7572,1.0,0,0,4,6,1280,0,47.4491,-122.176,1170,7667,12.072541252905651
3,10409,1.0,0,0,3,7,1280,500,47.4627,-122.168,1780,7415,12.742566016044742
5,15118,1.0,0,0,5,9,1780,1130,47.5696,-122.183,2880,15253,13.97080344237031
4,20100,1.0,0,0,4,8,1810,1510,47.5566,-122.153,2450,9821,13.776769729647844
2,5000,1.0,0,0,2,7,1010,0,47.6715,-122.365,1410,5000,12.969212197910155
5,108464,2.0,0,0,3,10,3260,1390,47.5669,-121.956,2810,155509,13.800396920154226
3,7560,1.0,0,0,3,9,2120,0,47.435,-122.16,2660,7700,12.863592648446968
4,5926,1.0,0,0,4,5,1330,0,47.496,-122.19,1150,5485,12.37102336582647
4,6200,1.0,0,0,4,7,1610,0,47.3833,-122.306,1610,7500,12.402872221504781
3,9600,1.0,0,0,5,8,1670,0,47.5754,-122.233,1900,9600,13.573438996764546
3,42180,1.0,0,0,2,6,1040,0,47.4518,-122.199,1270,24090,12.043553716032399
2,3090,1.0,0,0,4,6,950,0,47.551,-122.276,1230,4120,12.706847933442663
3,216493,1.0,0,2,3,8,2220,0,47.6624,-121.951,2900,169884,13.279367126213993
5,15598,1.0,0,0,4,8,1470,1370,47.4693,-122.117,2570,14930,12.834681304952548
2,9000,1.0,0,0,3,5,910,0,47.526,-121.81,1290,9000,12.614865543731012
3,8800,1.0,0,0,4,7,1010,0,47.2761,-122.208,1550,7700,12.230765258120545
3,4540,2.5,0,0,3,8,2490,0,47.5051,-122.155,2640,3844,12.933621252807452
3,1112,3.0,0,0,3,7,1290,0,47.7282,-122.296,1230,9000,12.628067055589549
3,4898,2.0,0,0,3,7,1660,0,47.3588,-122.044,1810,4462,12.594730635321957
3,1559,2.0,0,0,3,8,2024,490,47.7044,-122.209,2090,10454,13.262125319779487
2,6697,1.0,0,0,4,6,810,0,47.3057,-122.216,1140,6695,12.180241885495652
4,7292,2.0,0,0,3,8,2423,0,47.3227,-122.37,2495,7489,12.577636201962656
3,12430,1.0,0,0,4,7,1430,0,47.4903,-122.178,1200,8250,12.628067055589549
3,5200,1.0,0,0,3,7,1630,610,47.6191,-122.296,1470,3775,12.834681304952548
3,3322,2.0,0,0,3,7,1690,0,47.6824,-122.036,1650,3446,13.079455876393052
3,24691,1.0,1,4,4,9,1580,910,47.488,-122.364,2800,24121,13.959610901938031
4,5000,2.0,0,0,4,8,2130,0,47.5828,-122.291,2560,5000,13.526494262499357
3,6600,1.0,0,0,3,6,1280,120,47.4845,-122.331,1730,6600,12.278160721924428
2,12724,1.0,0,0,4,6,930,0,47.6567,-121.909,1240,21828,12.349956515858752
3,9525,1.0,0,0,3,7,1060,0,47.6855,-122.111,1630,9525,12.765545566117686
3,26337,1.0,0,0,3,8,2250,0,47.3032,-122.123,1830,26337,12.691580461311874
4,12648,2.0,0,0,4,9,2870,0,47.5632,-122.017,2560,12648,13.487006490992238
3,3350,1.5,0,0,4,7,1450,0,47.5607,-122.378,1340,4255,13.017002861746503
4,9743,2.0,0,0,3,7,2170,0,47.3814,-122.024,1670,7734,12.810388612383504
4,12693,1.0,0,0,3,8,1140,720,47.3114,-122.395,1950,8740,12.491251587763836
3,9401,1.0,0,0,3,8,1840,0,47.5847,-122.075,2850,14323,13.217673557208654
3,17235,1.0,0,0,4,7,1440,280,47.3438,-122.073,1990,35048,12.566889001969455
3,107593,2.0,0,0,4,8,2190,0,47.7731,-122.08,2570,47777,13.458764182902971
4,7200,1.0,0,0,5,7,1010,1010,47.7289,-122.201,1620,7275,13.112313041550827
4,4560,1.5,0,0,3,7,1540,990,47.6287,-122.3,1640,4560,13.574648456156384
3,4522,2.0,0,0,3,7,1490,0,47.7611,-122.233,1580,4667,12.808337329612947
4,7803,1.0,0,0,3,8,1350,370,47.5119,-122.337,1720,7803,12.72709609427261
5,20445,2.0,0,0,4,11,4290,0,47.6217,-122.239,3620,22325,14.80132735248704
2,5756,2.0,0,0,4,7,1680,0,47.3065,-122.222,1340,5447,12.254862809699606
2,865,2.0,0,0,3,8,1110,290,47.5478,-121.999,1380,1107,12.789683939021812
3,1193,2.0,0,0,3,9,1140,570,47.6173,-122.31,1510,1193,13.437174117244362
4,33826,2.0,0,0,5,8,3330,0,47.7596,-122.275,2580,28707,13.72240793970195
4,6583,1.0,0,0,3,7,1500,310,47.7273,-122.351,860,8670,13.591116224748411
2,3325,1.0,0,0,3,7,770,0,47.6102,-122.299,960,4800,13.116345305078767
3,5824,2.0,0,2,3,8,2100,0,47.5334,-121.867,1890,4140,13.132313708257497
4,43560,1.0,0,0,4,8,1890,0,47.3267,-122.166,2376,5820,12.676076274775909
3,10403,1.0,0,0,4,6,1400,0,47.362,-122.029,1230,10209,12.354492650648448
3,15701,1.0,0,0,4,7,1010,0,47.4518,-122.292,1260,9800,12.323855681186558
4,6733,2.0,0,0,3,9,2440,0,47.6374,-122.064,2570,6496,13.55284624848778
3,11200,1.0,0,0,3,7,1610,0,47.6641,-122.176,1610,11200,13.017002861746503
3,1590,2.0,0,0,3,9,1160,220,47.5444,-122.375,1380,1590,12.765688433465597
3,2790,1.0,0,0,3,7,990,280,47.6581,-122.396,1920,4000,13.205784985543401
3,4720,1.0,0,0,4,7,850,430,47.5509,-122.377,1280,4720,13.049792684569493
5,6710,1.5,0,0,3,7,1840,0,47.5686,-122.378,1410,4880,13.287877815881902
3,36831,1.0,0,0,3,7,1160,0,47.7507,-122.237,1800,15640,13.017002861746503
4,36085,2.0,0,0,3,9,2220,0,47.5839,-121.991,3000,36906,13.345506928718539
3,4648,2.0,0,0,3,8,1650,0,47.5968,-122.015,1800,5637,13.122363377404328
3,19000,2.0,0,4,3,10,3790,0,47.724,-122.373,2740,18628,14.28551418721001
3,3150,2.0,0,0,3,8,1700,0,47.5505,-121.998,1700,3600,13.189087009447237
3,7853,1.0,0,0,4,7,1370,0,47.5409,-122.18,1730,9465,12.91410843858387
4,4200,2.0,0,0,3,9,2150,240,47.6272,-122.318,2800,5250,13.997832114758229
2,4736,1.5,0,2,4,7,1040,700,47.5994,-122.287,2020,4215,13.244581010128577
2,5400,1.0,0,0,4,7,840,0,47.5489,-122.271,1340,5400,12.871591658972646
3,7700,1.0,0,0,4,7,1340,450,47.7205,-122.168,1610,7350,12.988831984779805
3,10890,2.0,0,0,4,7,2370,0,47.5827,-122.197,2370,9514,13.757351643790741
3,2825,1.0,0,0,3,7,1040,800,47.6428,-122.302,1820,3750,13.527828485512494
2,4996,1.0,0,0,3,8,1670,0,47.7141,-122.031,1670,4996,13.224919965729422
4,7200,1.5,0,0,4,7,1460,0,47.7602,-122.306,1690,7357,12.676076274775909
4,5500,1.0,0,0,3,7,1040,1040,47.6838,-122.386,1280,4000,13.081541382884074
3,3451,1.0,0,0,3,8,1520,0,47.7753,-122.375,1800,3451,12.931202871943169
3,8256,1.0,0,1,3,7,1090,500,47.3488,-122.304,1950,7840,12.559718004908541
4,4198,2.0,0,0,3,7,1870,0,47.3657,-122.021,1870,4184,12.657145080171944
5,217800,1.0,0,0,5,7,2080,0,47.3884,-122.404,1670,213008,13.081541382884074
4,3500,1.5,0,0,5,7,1510,0,47.6794,-122.357,1820,3750,13.581685158303204
3,7589,2.0,0,0,3,9,2490,0,47.5355,-122.179,2500,10386,13.257768014410532
4,7245,2.0,0,0,3,8,2350,0,47.6318,-122.023,2350,9419,13.302766428375653
3,3517,2.0,0,0,3,8,1720,770,47.5341,-122.067,1600,2378,13.187214349723945
3,3600,2.0,0,0,3,7,1950,0,47.3658,-122.021,1870,4184,12.604848765487542
3,8839,1.0,0,0,4,7,1660,0,47.7485,-122.3,1230,9236,12.8802918162046
3,3785,2.0,0,0,3,9,2190,550,47.7195,-122.182,2060,3457,13.399995114002609
3,4250,1.0,0,0,3,6,890,810,47.6542,-122.385,1440,4250,12.92391243868049
4,6122,1.0,0,2,4,8,1310,1070,47.6506,-122.405,1810,5202,13.607255619143816
3,8280,2.0,0,0,4,7,1560,0,47.3393,-122.259,1920,8120,12.388185847286392
3,9680,1.0,0,0,4,7,1390,0,47.634,-122.125,1460,10050,12.959844447906553
3,8415,1.0,0,0,3,7,1080,400,47.4585,-122.283,1780,8512,12.072541252905651
2,14000,1.0,0,0,4,6,710,0,47.4379,-122.337,1500,10540,12.384218830913648
2,2500,2.0,0,0,5,8,1690,870,47.6233,-122.3,1890,5000,13.567049198665774
3,6453,1.0,0,0,4,7,1830,0,47.7139,-122.288,1670,8012,13.055154627710879
3,5525,1.0,0,2,5,7,960,760,47.559,-122.298,1760,5525,13.122363377404328
4,13551,2.0,0,2,3,10,3000,850,47.5522,-122.103,3480,10737,13.81049801614073
3,8400,1.0,0,0,3,7,1970,590,47.7668,-122.197,1970,8400,13.038981768465277
5,9000,1.0,0,0,4,7,1320,740,47.6122,-122.137,2050,8800,13.141185131644917
3,4500,2.0,0,0,3,8,2242,0,47.2583,-122.198,2009,4500,12.643617647101749
5,28040,2.0,0,0,3,10,3760,0,47.6489,-122.183,3430,35096,13.840203170554645
4,4800,1.5,0,0,5,8,2230,500,47.642,-122.358,2190,4200,13.795307850646754
3,12690,1.0,0,0,3,7,1060,0,47.6736,-122.167,1920,10200,12.89921982609012
3,7006,1.0,0,0,4,7,1160,0,47.1937,-121.98,1670,7750,12.560244459250788
2,8336,1.0,0,0,4,6,910,480,47.4646,-122.361,1610,7847,12.80765263256463
4,2171,1.5,0,0,3,7,1200,0,47.7076,-122.342,1130,1598,12.388394202324129
2,2130,1.0,0,0,4,6,860,120,47.6769,-122.366,980,2800,12.89921982609012
3,8438,1.0,0,0,4,8,1620,0,47.703,-122.281,2040,9450,13.216764052825813
4,8457,2.0,0,0,3,9,2260,0,47.6251,-122.03,2410,7713,13.36138027787483
3,5200,1.0,0,0,5,7,1030,680,47.3651,-122.094,1390,5200,12.345834587905333
4,5500,2.0,0,0,5,9,2660,1400,47.6437,-122.321,3320,5500,14.077874822431765
3,3000,1.0,0,2,4,6,840,840,47.686,-122.346,1540,3700,12.959844447906553
4,7800,1.0,0,0,4,6,1750,0,47.4791,-122.347,1270,7800,12.388394202324129
5,2752,2.0,0,0,3,8,2170,0,47.5167,-122.347,1800,2752,12.79330360049857
3,9897,1.0,0,0,4,8,2140,0,47.5505,-122.219,2680,10083,13.591116224748411
3,9147,1.0,0,1,4,7,1210,370,47.6069,-122.112,2600,23564,13.151922179645874
2,4400,1.0,0,0,4,7,1150,0,47.6226,-122.292,1240,4400,13.045482333068371
3,4499,2.0,0,0,3,8,1880,0,47.5664,-121.999,2130,5114,13.178743710840436
3,6060,1.0,0,0,4,6,930,0,47.5289,-122.28,1640,6364,12.429216196844383
2,3132,2.0,0,0,3,8,1720,0,47.3728,-122.157,1740,4220,12.367128004530962
3,16500,1.0,0,0,3,7,1470,0,47.3617,-122.061,1720,14406,12.611537753638338
3,1280,3.0,0,2,3,8,1740,0,47.589,-122.387,1740,1308,13.270783382522602
3,7200,2.0,0,0,4,7,1730,0,47.4029,-122.196,1770,7396,12.429216196844383
2,6750,1.0,0,0,4,5,670,0,47.4521,-122.283,1700,11520,12.128111104060462
5,5470,1.0,0,0,3,7,1180,720,47.6666,-122.303,1300,3250,13.410545324897761
2,9230,1.0,0,0,3,6,970,580,47.4701,-121.744,1550,10856,12.765402678355779
4,5700,2.0,0,1,4,7,1820,560,47.6656,-122.271,2190,5700,13.507625778194974
4,13260,1.0,0,0,4,7,1290,820,47.4513,-122.16,1980,11016,12.676076274775909
2,4158,1.0,0,0,4,7,1220,280,47.7006,-122.35,1270,4081,12.736700896592344
4,6916,2.0,0,0,3,7,1820,0,47.3862,-122.029,1680,6995,12.671063732952366
4,9453,1.0,0,0,5,8,1100,1100,47.5744,-122.305,1390,5355,13.27594246533263
5,10000,2.0,0,3,3,8,1980,900,47.4874,-122.223,2120,9535,12.992254692057308
4,13500,1.5,0,0,3,7,1180,0,47.7165,-122.308,1580,8976,13.155798153490567
2,4866,1.0,0,0,3,8,1370,0,47.704,-122.012,1365,4784,12.97502278950562
3,4800,2.0,0,0,3,10,2440,0,47.5595,-122.365,1180,5480,13.345506928718539
4,22798,1.5,0,3,5,11,2540,1560,47.5648,-122.21,3880,18730,14.522067425434138
2,2162,2.0,0,0,4,8,1315,0,47.752,-122.253,1640,2128,12.757080058928997
3,4000,2.0,0,0,3,10,2730,890,47.6393,-122.403,1910,5000,13.830399170458024
3,1991,3.0,0,0,3,8,1553,0,47.7049,-122.34,1509,2431,12.928778628331663
3,15142,1.0,0,0,3,7,1360,430,47.7362,-122.172,1910,7500,12.936033799212835
3,6420,1.0,0,0,3,7,1590,0,47.5355,-122.392,1780,5900,13.178743710840436
3,10031,2.0,0,0,3,8,1720,0,47.7688,-122.238,2280,5845,12.855790268162783
3,3644,2.0,0,0,3,7,1990,0,47.3531,-122.017,2580,3800,12.670435394885823
4,14149,2.0,0,0,3,9,2250,0,47.7353,-121.962,2450,14027,13.120361374733656
3,10726,1.0,0,0,4,7,1360,0,47.4948,-122.134,1650,10726,12.821258284620408
5,96574,2.0,0,0,3,10,4150,0,47.6664,-122.045,3320,40803,13.743799710410274
5,5590,1.0,0,0,3,8,1580,990,47.7271,-122.228,2020,10500,13.199324418540456
3,7669,1.0,0,0,4,7,1180,0,47.4479,-122.176,1190,7669,12.2783933071098
3,15265,1.0,0,0,3,8,1540,460,47.387,-122.281,1920,15265,12.519056900844173
1,6600,1.0,0,0,3,5,480,200,47.6567,-122.392,1170,5500,13.142166004700508
4,6000,1.5,0,0,3,7,1310,0,47.5822,-122.295,1630,6000,12.821258284620408
4,9611,2.0,0,0,3,7,1840,0,47.4964,-122.251,1830,8505,12.793859310432293
2,5001,1.0,0,0,5,8,1330,800,47.6573,-122.399,1750,6000,13.468785944878709
5,4168,1.5,0,0,3,7,1600,0,47.5297,-122.381,1190,4168,12.80765263256463
3,10137,2.0,0,0,3,8,1760,0,47.355,-122.059,2000,6935,12.644327576461329
3,7544,1.0,0,0,3,10,2640,0,47.6224,-122.195,2650,7904,14.01436141670944
3,3026,2.0,0,0,3,7,1690,0,47.6885,-122.043,1650,3161,13.041153321978786
3,9834,1.0,0,0,3,7,1030,0,47.7676,-122.164,1210,9875,12.694652660348845
4,17533,1.0,0,2,3,9,1750,1580,47.652,-122.2,3340,12798,13.790192749979985
3,21907,2.0,0,0,3,9,2970,0,47.4741,-122.099,2040,27917,13.121362877070744
3,14288,1.0,0,0,3,6,780,780,47.7183,-122.306,1320,8928,12.86099861326992
3,9750,1.0,0,0,3,7,1400,0,47.3862,-122.304,1640,8050,12.441144767709657
2,22000,1.0,0,0,3,6,910,0,47.2777,-122.252,1326,9891,11.512925464970229
4,7733,2.0,0,0,3,8,2360,0,47.4403,-122.137,2160,7733,12.8790171187726
4,4500,1.5,0,2,3,7,1960,0,47.6797,-122.359,1960,4500,13.399995114002609
3,107386,1.5,1,3,3,8,3130,480,47.3351,-122.362,2630,42126,12.959844447906553
3,1714,3.0,0,0,3,8,1770,0,47.6532,-122.348,1720,3360,13.417269294945429
4,8640,1.0,0,0,3,7,850,850,47.5772,-122.153,1620,9000,12.84397135185964
3,5067,3.0,0,2,3,10,3040,0,47.5409,-122.267,1820,5998,13.389332408258568
3,51836,1.0,0,0,4,8,1820,720,47.389,-122.088,1650,51836,13.091904169919621
4,4940,2.0,0,0,3,10,2570,880,47.692,-122.338,1880,5387,13.805460222110773
3,8960,1.0,0,0,4,6,1384,0,47.3062,-122.371,1000,8470,12.100712129872347
4,89640,2.0,0,0,3,10,3590,0,47.7557,-122.036,2790,54014,13.686540176667314
4,14196,1.0,0,0,4,7,1330,600,47.7407,-122.097,1470,12852,12.959844447906553
2,5000,1.0,0,0,3,7,1000,240,47.6634,-122.351,1480,3500,13.37700559577791
5,17841,2.0,0,2,3,10,3160,1020,47.5618,-122.037,3260,12608,13.835313185260453
3,8056,1.0,0,0,4,6,1230,0,47.4878,-122.314,850,6714,11.918390573078392
3,10250,1.0,0,0,4,7,1690,0,47.4531,-122.344,1990,11084,12.706847933442663
2,6350,1.0,0,0,4,5,940,0,47.698,-122.357,1490,6350,12.553202176625375
3,1305,2.0,0,0,3,7,1116,414,47.7034,-122.357,1320,1427,12.84792653170257
4,6037,2.0,0,0,3,9,2990,0,47.4766,-121.735,2990,5992,13.295460856226304
3,22702,1.0,0,0,4,7,2160,0,47.7355,-121.982,1820,22687,12.468436909997665
3,1269,3.0,0,0,3,7,1420,0,47.6904,-122.342,1420,1300,12.92391243868049
3,3600,2.5,0,0,4,8,2510,0,47.6195,-122.313,1740,1885,13.422467969854667
3,5280,2.0,0,1,3,7,2360,710,47.4486,-122.353,2570,18983,12.765688433465597
3,8379,2.0,0,0,3,7,2020,0,47.3828,-122.023,2020,8031,12.70076888736628
3,4082,2.0,0,0,3,9,2080,940,47.651,-122.409,2060,5102,13.721199878493033
3,11658,1.0,0,0,4,8,1370,700,47.537,-122.178,1930,8744,13.060487973686241
3,13975,1.0,0,0,4,6,1400,0,47.4195,-122.33,1260,7500,12.542544882151386
5,3600,1.5,0,0,3,6,1510,500,47.6522,-122.366,1780,3600,13.071070083016778
4,117378,1.0,0,0,4,8,1680,1350,47.401,-122.135,2060,110957,13.028052697933088
3,3333,3.0,0,0,3,10,2800,580,47.6162,-122.288,2790,5000,13.989463865087712
3,5200,1.0,0,0,3,7,1060,440,47.3653,-122.09,1640,5200,12.429216196844383
5,8621,1.5,0,0,4,7,2500,0,47.7379,-122.185,1980,7395,13.17115354157376
2,1325,2.0,0,0,3,7,830,0,47.5472,-122.384,1310,1485,12.510298364092582
4,5236,2.0,0,0,3,7,1770,0,47.5137,-122.189,2470,5064,12.933379677736824
4,10800,1.5,0,0,4,7,1390,0,47.7248,-122.359,1390,9360,12.942039823273047
3,10000,1.0,0,0,4,7,1010,0,47.2881,-122.294,2420,34637,12.26434155365415
4,4800,2.0,0,0,3,8,2240,0,47.2911,-122.266,2240,5040,12.71050789427415
3,5000,2.0,0,0,4,8,2200,220,47.6744,-122.353,2070,5000,13.676248490630767
4,5166,2.0,0,0,3,8,2714,730,47.2966,-122.348,2848,5182,12.97208917432299
3,7232,2.0,0,0,3,7,3040,0,47.3355,-122.168,2760,6926,12.706847933442663
3,5000,2.0,0,0,3,7,1770,0,47.3358,-122.051,2230,5200,12.450977688625896
4,5400,1.0,0,0,5,6,1170,0,47.492,-122.172,1100,5400,12.611371073081239
2,9604,1.0,0,0,3,9,2260,0,47.7718,-122.208,2260,10747,13.219490088135052
3,1916,2.0,0,0,3,7,1720,0,47.4895,-122.166,1760,1916,12.542544882151386
2,5000,1.0,0,0,3,8,1350,670,47.6758,-122.375,1160,1118,13.517778149658993
3,7201,2.0,0,0,3,9,2840,0,47.5165,-121.883,2540,5260,13.286877315548319
2,5125,1.0,0,0,3,7,1000,0,47.6926,-122.347,1090,5100,13.098070684835283
4,6180,2.0,0,0,3,8,2070,0,47.4915,-122.183,1250,6018,12.92391243868049
3,15053,1.0,0,0,3,7,1320,0,47.7405,-122.095,1250,13368,12.611537753638338
3,7980,1.0,0,0,3,7,1460,0,47.7713,-122.265,1920,7980,12.577636201962656
4,9748,2.0,0,0,3,11,4170,0,47.528,-122.132,4560,10589,13.997832114758229
3,6400,1.0,0,2,4,8,1420,900,47.6449,-122.389,2540,7680,13.565766324852886
3,12199,1.0,0,0,3,7,1130,300,47.7352,-122.33,1490,8196,12.765688433465597
4,4500,2.5,0,0,5,9,2910,400,47.6594,-122.345,1440,3750,13.627975434117433
6,28176,1.0,0,4,5,10,3810,0,47.7612,-122.381,3810,26400,14.511154618722806
3,3740,1.5,0,0,3,6,1330,0,47.5502,-122.274,1330,5053,12.644327576461329
5,5310,2.0,0,0,3,9,2830,0,47.7074,-122.101,3150,6581,13.493926933836812
4,35757,2.0,0,0,4,9,2870,0,47.7568,-122.05,2700,41221,13.081541382884074
6,230652,2.0,0,3,3,11,6050,0,47.6033,-121.943,4210,233971,14.28551418721001
2,4750,1.0,0,0,4,7,1080,700,47.6859,-122.395,1690,5962,13.226723392728571
3,6092,2.0,0,0,3,8,2100,0,47.7508,-122.239,2250,8592,13.226705374548228
5,5700,2.0,0,1,4,7,1510,0,47.6653,-122.27,2190,5700,13.815510557964274
4,28005,2.0,0,0,3,10,2960,0,47.7477,-122.117,3510,35248,13.541073712262515
3,1044,3.0,0,0,3,8,1540,0,47.6765,-122.32,1580,3090,13.215853720491667
3,7500,1.0,0,0,4,6,1040,0,47.4206,-122.316,1270,8000,12.058152515453552
3,7000,1.5,0,0,4,7,1110,0,47.754,-122.341,1800,7000,12.618182296357007
3,5000,1.0,0,2,3,7,1240,0,47.5659,-122.36,1050,5000,12.724866438945341
3,87991,1.0,0,0,3,6,1040,1040,47.6724,-121.865,2080,84300,12.542544882151386
4,20870,2.0,0,0,3,8,2120,1060,47.7176,-122.241,2700,14190,13.16733674304706
4,9614,2.0,0,0,3,10,3488,0,47.6055,-122.013,3600,10891,13.610943392223
4,6360,1.5,0,0,3,7,1290,290,47.6873,-122.286,1690,6360,13.17115354157376
3,158558,1.0,0,0,4,9,3050,0,47.4326,-122.208,2960,31050,13.226723392728571
4,5647,2.0,0,0,3,8,2490,0,47.7043,-122.114,2970,5450,13.565744501764955
3,7236,1.0,0,0,3,7,1200,0,47.739,-122.194,1680,7800,12.796633237315017
5,7000,1.0,0,0,3,8,1810,1160,47.3079,-122.341,2630,8062,12.676076274775909
3,4197,2.0,0,0,3,7,1950,0,47.3613,-122.081,2300,4178,12.654597243098785
3,12845,1.0,0,3,3,9,1770,880,47.7209,-122.256,2650,12902,13.707925347284336
2,6000,1.0,0,0,3,7,790,0,47.5543,-122.273,960,6000,12.691580461311874
4,7412,1.0,0,0,4,8,1480,770,47.4449,-122.129,2070,7632,12.751299696013497
3,7191,1.0,0,0,3,7,1340,0,47.7148,-122.212,1340,7215,12.896716695872
4,6120,1.0,0,0,5,8,1340,1340,47.6965,-122.393,2320,6840,13.340695371721317
5,3149,2.0,0,0,3,8,1670,960,47.5065,-122.171,2240,4825,12.948009990259552
3,16500,1.0,0,0,4,8,1500,840,47.5952,-122.051,2210,15251,13.241034907121827
5,10189,2.0,0,0,3,8,3100,0,47.738,-121.965,2840,10189,13.199324418540456
5,47480,1.0,0,3,3,11,4610,1630,47.5317,-122.233,4170,17668,14.897315728316002
3,6500,3.0,0,0,3,9,2940,0,47.5482,-122.388,1680,6500,13.693342923990066
3,3478,2.0,0,0,3,10,1520,470,47.6361,-122.399,1710,6157,13.017002861746503
3,10000,1.0,0,0,5,7,970,0,47.6205,-122.063,1230,7500,12.734639950772321
3,20251,1.0,0,0,5,7,1200,360,47.619,-122.054,1560,19119,13.265597545490236
4,8392,2.0,0,0,3,9,2692,0,47.3519,-122.197,2574,14446,12.986479505583464
5,5120,2.5,0,0,3,9,2800,0,47.6059,-122.31,1780,5120,12.753037315912037
3,4600,1.0,0,0,3,6,960,0,47.6937,-122.213,2230,9350,13.122363377404328
2,2570,1.0,0,0,5,7,850,200,47.6764,-122.366,1080,2800,12.971540487669746
5,9629,1.0,0,0,4,7,1540,0,47.4915,-122.143,2260,9600,12.618182296357007
3,1339,2.0,0,0,3,8,1410,700,47.6088,-122.311,1630,2670,13.52442269237766
3,8400,1.0,0,0,3,6,840,0,47.3277,-122.343,840,9450,11.56171562913966
3,5000,1.5,0,0,3,7,1140,380,47.6733,-122.389,1530,4650,13.262125319779487
4,4000,2.0,0,0,3,9,1910,920,47.5845,-122.291,2740,4000,13.845069360205818
4,12100,1.0,0,0,3,7,1940,0,47.6892,-122.164,1380,12100,12.873902018105829
5,5000,1.5,0,0,4,7,1530,1190,47.6827,-122.376,1210,5000,13.270783382522602
4,6360,2.0,0,0,3,8,2110,0,47.5641,-122.012,2050,7000,13.321214236149494
3,43332,1.0,0,0,4,7,1400,560,47.739,-122.048,2010,44431,12.959844447906553
4,3179,2.0,0,0,3,8,1680,0,47.3258,-122.186,1678,3590,12.449018824140563
3,17114,2.0,0,0,3,7,2260,0,47.7537,-122.296,2360,14893,13.312983737012978
4,10660,2.0,0,0,4,8,2600,0,47.5533,-122.156,3150,10660,13.61339437384214
4,6000,2.0,0,0,3,9,3060,0,47.3689,-122.058,3040,6000,13.049792684569493
3,7651,2.0,0,0,3,8,1830,0,47.2642,-122.219,2160,8442,12.517227074167097
4,12811,2.0,0,0,3,10,3610,0,47.5812,-121.993,3530,11783,13.676248490630767
4,5000,1.5,0,0,3,7,1290,0,47.5128,-122.358,1440,2500,12.526342907575106
4,35621,1.0,0,0,3,9,2030,2030,47.3059,-122.108,2950,35259,12.909170156943286
3,4400,1.0,0,0,3,6,1320,0,47.6231,-122.292,1350,4400,12.765688433465597
5,13674,1.0,0,0,5,8,1300,1300,47.7176,-122.302,2150,7800,13.304601597392535
2,5248,1.0,0,0,5,6,1170,0,47.5318,-122.374,1170,5120,12.721885810807203
4,4435,2.0,0,3,3,8,2019,0,47.1958,-121.974,1950,4800,12.587927887999204
2,365904,1.0,0,0,3,7,1010,420,47.513,-121.857,2300,253519,12.782686009834167
3,5922,1.5,0,0,3,7,970,0,47.719,-122.321,1730,6128,12.779732213467533
4,13780,2.0,0,0,3,8,2120,0,47.4987,-122.365,1880,12000,12.909046386907855
3,6000,1.0,0,0,3,7,1060,450,47.5535,-122.39,1610,6000,12.793859310432293
3,6527,2.0,0,0,3,8,1780,0,47.2578,-122.217,2040,8840,12.487485104968359
3,32467,2.0,0,2,3,10,3190,1530,47.508,-122.113,3260,26386,13.664687668229691
2,4555,1.0,0,0,3,8,1510,0,47.7136,-122.031,1640,4500,13.06685066747407
2,4284,1.0,0,0,3,6,730,390,47.6688,-122.324,2050,4160,13.058358047428417
2,4500,1.0,0,0,4,7,920,670,47.5831,-122.392,1900,4450,13.102160670086809
3,1331,3.0,0,0,3,8,1300,0,47.6607,-122.352,1450,5270,13.321214236149494
4,5250,2.0,0,0,5,7,2340,0,47.5183,-122.266,1540,5250,12.628067055589549
4,43560,2.0,0,0,3,8,2560,0,47.3692,-122.047,2130,10150,12.873902018105829
4,16103,2.0,0,0,3,7,1820,0,47.3553,-122.196,2120,21277,12.487485104968359
4,8721,2.0,0,0,3,8,2320,0,47.7326,-122.226,2260,8268,13.240146413060712
4,14782,1.0,0,3,3,8,1460,1020,47.7646,-122.271,2910,10800,13.217673557208654
4,14554,2.0,1,4,3,8,2170,1270,47.7364,-122.286,3170,11810,14.48333993053993
3,7848,1.0,0,0,3,8,1330,0,47.4463,-122.127,2110,8497,12.757080058928997
3,7794,1.0,0,0,3,6,2110,0,47.4005,-122.293,1330,10044,12.402872221504781
5,5600,1.5,0,0,3,6,1430,0,47.5192,-122.266,1860,5980,12.994530005894443
4,11793,1.0,0,4,3,8,1420,1020,47.6807,-122.267,2500,8028,13.737549016494562
3,7622,1.0,0,0,4,7,1410,0,47.4273,-122.147,1830,8330,12.515393893085436
6,14150,2.0,0,2,5,9,2750,1000,47.6999,-122.393,2140,7968,14.034646087880946
2,951,3.0,0,0,3,9,1380,0,47.6654,-122.355,1430,3400,13.221303325259232
3,4200,1.0,0,0,3,7,940,0,47.6878,-122.35,1380,4080,12.739637756265655
4,12753,1.0,0,0,4,7,2400,0,47.6947,-122.177,1830,12060,13.279367126213993
2,2064,2.0,0,0,3,7,1150,0,47.3516,-122.292,1880,2855,12.274198474577775
7,8636,1.0,0,0,3,7,1550,800,47.5432,-122.277,1500,7366,12.581078546153629
3,3573,2.0,0,0,3,7,1600,0,47.507,-122.181,1500,11089,12.629541378077914
3,8200,1.0,0,0,5,8,1420,550,47.7602,-122.363,2140,8000,13.199324418540456
4,12090,1.0,0,0,3,9,2500,0,47.6346,-122.045,3380,12760,13.244581010128577
4,15002,1.0,0,0,5,9,2450,0,47.4268,-122.343,2650,15055,13.180632285528304
5,4502,2.0,0,0,3,9,2980,0,47.7698,-122.235,2850,4501,13.151922179645874
3,7800,1.0,0,0,4,7,1160,1160,47.5141,-122.316,1380,7800,12.676076274775909
3,2076,2.0,0,0,3,8,1930,510,47.5476,-122.37,2440,2310,13.036805489042683
4,8320,1.5,0,0,3,7,1440,0,47.7529,-122.318,1440,9230,12.886641043883259
6,3000,1.0,0,0,5,7,900,770,47.6637,-122.316,1330,1099,13.42984807715229
3,11330,1.0,0,0,3,7,1440,0,47.4742,-122.265,1580,10100,12.449018824140563
4,11523,2.0,0,0,4,10,2360,0,47.5318,-122.224,2850,11362,13.772081000036938
2,6017,1.0,0,0,3,7,770,0,47.7223,-122.321,1670,7500,12.917796211663054
3,7000,2.0,0,0,3,8,1580,0,47.3659,-122.17,2110,7062,12.542544882151386
4,6100,2.0,0,0,3,9,3010,0,47.6647,-122.08,2890,5176,13.579155112677833
5,37325,2.0,1,2,3,11,7680,2360,47.65,-122.214,3930,25449,15.770309654436833
5,9450,2.0,0,0,5,8,2180,1170,47.6705,-122.34,2660,4500,13.815510557964274
2,6685,1.0,0,0,3,7,1190,310,47.7186,-122.354,1420,6561,12.409013489526863
4,7125,1.5,0,0,3,7,1500,470,47.6725,-122.293,1980,4750,13.304684934198283
3,8156,1.0,0,0,5,7,1600,0,47.7397,-122.3,1200,8156,12.882836346839595
6,6924,1.0,0,2,3,7,1640,1100,47.5816,-122.296,1940,6000,13.28012581269758
3,15229,2.0,0,3,3,8,2590,0,47.3948,-122.325,2590,15229,13.196078415226609
4,7820,1.0,0,0,3,8,1280,840,47.6743,-122.145,2350,8605,13.102160670086809
4,6000,2.0,0,1,3,7,1920,0,47.4029,-122.321,1920,6000,12.91410843858387
3,7560,1.0,0,2,4,7,1320,630,47.1976,-121.999,1950,8941,12.505992035646432
3,14012,1.0,0,0,3,9,2400,0,47.3371,-122.325,2800,13988,12.785491060761776
3,15653,1.5,0,0,3,9,2580,0,47.4561,-122.361,1920,9840,13.083622549087899
2,9251,1.0,0,0,3,7,1380,0,47.7486,-122.249,1870,12158,12.675763725937609
3,3420,1.0,0,0,3,7,960,720,47.6855,-122.291,1680,4080,13.071070083016778
2,2622,1.0,0,0,5,7,800,400,47.7175,-122.292,1310,1926,12.631340380934517
4,13122,2.0,0,0,3,9,2540,480,47.6989,-122.111,3020,10873,13.527828485512494
1,4000,1.0,0,0,4,6,610,100,47.6562,-122.354,1440,4500,12.873902018105829
2,9000,1.0,0,0,1,6,920,0,47.6831,-122.189,1760,8400,13.190022025878143
3,10050,1.0,0,0,3,7,1800,0,47.6344,-122.126,1610,10050,13.27594246533263
4,8055,2.0,0,0,3,9,2640,0,47.315,-122.193,1650,8055,12.855790268162783
3,11880,2.0,0,0,3,8,2000,0,47.5882,-122.052,1820,15120,12.994530005894443
2,17172,1.0,0,0,4,6,1220,0,47.6934,-122.163,1510,12915,12.821258284620408
3,1920,1.5,0,0,3,7,1280,0,47.6117,-122.301,1280,3150,13.035715570678656
3,14400,1.0,0,0,4,7,1310,720,47.2639,-122.285,1330,14400,12.429216196844383
3,7828,2.0,0,0,3,9,3190,0,47.5047,-122.144,2970,7828,13.11332263275218
2,3825,1.0,0,0,3,8,1040,800,47.6808,-122.38,1290,5100,13.16158409055761
4,9990,2.0,0,0,3,10,2650,0,47.5605,-122.016,2710,8012,13.45166712454693
3,7695,1.0,0,0,3,7,1220,0,47.5191,-122.339,1210,7412,12.310432660854417
2,6000,1.0,0,0,4,7,1000,210,47.6482,-122.402,1840,6000,13.473020249017498
3,6005,2.0,0,0,3,9,2200,0,47.7408,-122.169,2320,6098,13.314635265051452
5,11778,2.0,0,0,3,8,3060,0,47.7212,-122.222,1840,10403,13.470199372675857
2,4700,1.0,0,0,5,5,700,0,47.4953,-122.169,960,5200,12.206072645530174
3,2815,2.0,0,0,3,8,1390,0,47.566,-122.366,1390,3700,12.89921982609012
3,3516,2.0,0,0,3,8,1610,0,47.4491,-122.188,1610,3056,12.628067055589549
3,7980,1.0,0,0,3,7,1260,0,47.7013,-122.373,1760,7606,12.84792653170257
3,8700,1.5,0,0,3,6,1350,0,47.4497,-122.289,1300,8700,12.450977688625896
5,9305,2.0,0,0,3,9,2770,0,47.5628,-122.114,2520,9773,13.597354548161103
3,5300,1.0,0,0,3,7,1200,1060,47.6756,-122.348,1950,5000,12.994530005894443
3,7210,1.0,0,0,3,7,1430,0,47.4189,-122.168,1220,7777,12.456831363877356
3,5080,2.0,0,0,3,8,2655,0,47.2972,-122.348,2879,5232,12.923790480024325
3,32660,1.0,0,0,4,8,2230,0,47.3321,-122.105,2400,33120,12.966878474563934
4,7140,2.0,0,0,3,9,3060,0,47.5393,-121.998,3240,6218,13.624350052503114
4,7266,2.0,0,0,3,9,2060,680,47.5346,-122.066,3030,6546,13.4443019385342
4,7991,1.5,0,0,3,7,1980,0,47.4604,-122.17,1730,7700,12.751299696013497
3,26862,1.0,0,0,3,7,1250,0,47.426,-122.154,1530,24463,12.567237494741757
4,6380,1.0,0,0,4,7,850,850,47.6988,-122.319,1380,6380,12.983101310070822
3,1350,3.0,0,0,3,8,1410,0,47.698,-122.34,1410,1253,12.959844447906553
3,4500,1.0,0,0,3,6,840,300,47.5897,-122.314,1150,3000,13.017002861746503
3,6396,2.0,0,0,3,7,1700,0,47.5333,-121.87,1700,4444,12.873773804758644
3,7702,2.0,0,0,3,9,2031,0,47.3058,-122.348,2390,7700,12.721885810807203
3,8582,2.0,0,0,3,9,2490,0,47.625,-122.042,2870,7598,13.39132124085783
3,6041,2.0,0,3,3,8,1840,990,47.5694,-122.283,3420,6360,13.898011779476018
3,6109,1.0,0,0,5,7,1070,0,47.7207,-122.32,1170,7200,12.727838209334498
3,10416,1.0,0,0,3,7,1320,0,47.3902,-122.208,1670,7991,12.400816722322686
3,8480,1.0,0,0,3,8,2170,0,47.4562,-122.33,2080,8452,12.66032791780777
4,15000,2.0,0,0,3,9,1890,800,47.612,-122.064,2670,15030,13.458835614025542
3,9600,1.0,0,0,4,6,1060,0,47.2878,-122.358,1060,9604,12.235631447771718
3,42693,1.0,0,2,3,10,2040,0,47.6479,-122.12,2640,11957,14.093142294562554
3,8227,1.5,0,0,5,8,1770,450,47.5665,-122.316,1750,4800,13.251635713108469
3,16301,1.0,0,0,3,8,1400,1000,47.6901,-122.282,1720,9828,13.296316684527767
3,13000,1.0,0,0,5,6,1360,0,47.3359,-122.033,1890,19650,13.353475098367715
4,11983,1.0,0,0,3,7,1320,1180,47.4292,-122.148,1460,9005,12.652359748158593
2,4950,1.0,0,0,3,7,800,200,47.5671,-122.394,1060,5500,13.17115354157376
3,5175,1.0,0,0,3,8,1030,420,47.7082,-122.338,1740,9250,13.049792684569493
5,137565,1.5,0,0,3,7,2120,0,47.4558,-122.507,2120,157123,12.987688474077727
5,6000,2.0,0,0,3,8,2760,0,47.5289,-122.321,1360,6000,12.611537753638338
5,11340,2.0,0,0,4,8,2480,840,47.3904,-122.154,2330,8339,12.921773567559736
6,5400,1.0,0,0,3,8,1620,1200,47.6791,-122.374,1560,2276,13.652991628466498
3,6265,1.0,0,0,3,7,1310,0,47.3893,-122.051,1100,6360,12.577636201962656
4,6909,1.0,0,0,4,7,970,970,47.7108,-122.352,1460,6906,12.955127458028414
3,5913,1.0,0,0,4,8,1120,590,47.6481,-122.406,2920,5922,13.422467969854667
2,11245,1.0,0,0,5,7,1400,0,47.7469,-122.321,1220,11241,12.950388112664518
4,10575,1.0,0,0,2,6,1730,450,47.589,-122.177,2180,12010,13.081541382884074
4,4500,1.5,0,0,3,7,1490,400,47.6684,-122.356,1640,4010,13.5985975564007
4,3717,2.0,0,0,3,8,1763,0,47.4213,-122.194,1763,3666,12.628067055589549
3,7620,1.0,0,0,3,7,1240,0,47.4576,-122.348,1150,7620,12.798874491141245
3,14608,2.0,0,2,3,12,4560,0,47.6995,-122.228,4050,14226,14.214286677921642
3,1800,2.0,0,0,3,7,1330,430,47.6579,-122.394,1150,4575,12.994530005894443
2,4188,1.0,0,0,3,8,1030,0,47.3738,-122.057,1450,3376,12.154516158615772
5,6930,2.0,0,0,3,8,3640,0,47.3521,-122.012,3740,7182,13.226723392728571
4,16397,2.0,0,0,3,10,2890,0,47.7102,-122.072,3170,16397,13.58609739363647
2,1086,2.0,0,0,3,7,890,270,47.768,-122.315,1160,1086,12.429216196844383
5,13927,1.0,0,2,4,9,1970,906,47.5528,-122.229,3500,14454,13.704578997256993
5,9600,1.0,0,0,4,8,1870,1540,47.6358,-122.103,2390,9679,13.422467969854667
3,2153,2.0,0,0,3,7,1390,0,47.5506,-122.29,1100,2617,12.496874845318198
4,36256,2.0,0,0,3,8,2590,0,47.769,-122.094,2670,35657,13.217673557208654
4,21312,1.0,0,0,4,8,1990,0,47.439,-122.144,2400,19210,12.80765263256463
4,17388,2.0,0,0,3,9,2600,0,47.5283,-122.146,2950,11553,13.407542319637992
2,4800,1.0,0,0,3,6,950,0,47.5864,-122.301,1420,5400,13.005829561148378
4,4822,1.0,0,0,2,6,920,1000,47.5507,-122.381,1120,4822,12.206072645530174
3,8706,1.0,0,0,3,7,940,940,47.7362,-122.292,1880,7200,12.888916933094222
4,4541,2.0,0,0,3,7,2230,0,47.3848,-122.1,2800,4860,12.441144767709657
2,10450,1.0,0,0,4,7,820,0,47.4261,-122.199,1240,11200,12.061046873479915
2,13122,1.0,1,4,3,7,1100,800,47.5121,-122.248,1650,13160,13.67509840424753
2,58488,2.0,0,0,3,9,2100,0,47.72,-121.402,1440,59346,12.821258284620408
4,745,3.0,0,0,3,7,1390,0,47.5393,-122.026,1390,942,12.618377641514309
2,3200,1.0,0,0,4,7,960,310,47.6565,-122.348,1410,1320,12.779873068457553
3,5791,2.0,0,0,3,7,1670,0,47.4424,-122.188,1610,6034,12.644327576461329
3,900,2.0,0,0,3,7,940,320,47.5621,-122.384,1310,1415,12.84792653170257
2,2699,1.0,0,0,3,7,1050,0,47.5471,-121.996,1240,2671,12.644327576461329
3,6497,1.0,0,0,4,7,960,0,47.3018,-122.378,1160,7080,11.982929094215963
4,7710,2.0,0,0,3,9,3060,0,47.4828,-122.136,3040,7840,13.284482226880764
4,15438,2.0,0,2,3,8,2680,0,47.6109,-122.226,4480,14406,13.963930563082547
4,15540,1.0,0,0,4,8,2120,830,47.3845,-122.152,2840,17136,12.904207367601158
3,26642,1.0,0,0,3,7,1180,350,47.7422,-122.097,1550,13566,12.92391243868049
3,16455,1.0,0,0,5,7,1640,730,47.7634,-122.277,2170,15551,13.199324418540456
5,6840,2.0,0,0,4,7,1990,0,47.7162,-122.166,1990,7150,12.989974189358584
3,11535,1.0,0,1,3,8,1680,1170,47.748,-122.288,2670,9942,13.710150042306449
4,8075,1.0,0,0,2,7,890,330,47.3341,-122.282,1290,7800,12.388394202324129
3,8050,1.5,0,0,4,7,1150,0,47.374,-122.296,1360,8050,11.722375689152436
4,101930,2.0,0,0,4,10,3300,0,47.576,-121.976,2880,213879,13.737549016494562
3,5112,2.0,0,0,3,8,2100,0,47.5338,-121.867,2100,4370,13.122163357401663
4,8300,1.0,0,0,4,8,1720,0,47.4654,-122.194,1840,8300,12.706847933442663
2,7590,1.0,0,0,4,7,1040,200,47.7061,-122.34,1190,5692,12.793720411897448
2,4013,1.5,0,0,3,7,1090,0,47.6652,-122.338,1390,4013,12.971540487669746
3,2400,2.0,0,0,3,7,2260,0,47.6094,-122.31,1320,2790,13.1470559899947
4,5505,2.0,0,0,3,8,2900,0,47.6063,-122.02,2970,5251,13.422467969854667
3,9509,2.0,0,0,3,8,1270,460,47.7067,-122.282,1810,8795,13.241034907121827
5,4499,2.0,0,0,3,8,2740,660,47.5385,-121.88,3400,6163,13.142166004700508
3,5000,1.5,0,0,3,7,1640,260,47.6779,-122.294,2090,5000,13.217673557208654
3,4560,1.0,0,0,4,7,960,0,47.5539,-122.365,970,4800,12.577636201962656
5,3825,2.0,0,0,3,9,2480,750,47.6785,-122.392,1480,5100,13.873307656690491
3,7332,2.0,0,0,3,7,1780,0,47.3593,-122.051,1510,7625,12.515210390011244
3,9793,1.0,0,0,4,7,1350,0,47.1981,-122.003,1690,8080,12.323855681186558
4,4951,2.0,0,0,3,9,3560,0,47.6178,-122.055,3540,5500,13.735119039463314
2,10000,2.5,1,4,3,11,4350,2490,47.6042,-122.112,3120,12300,15.002744038285911
2,9519,1.0,0,0,2,7,2110,0,47.7504,-122.306,1480,9519,12.89921982609012
4,7600,2.0,0,0,3,8,2200,0,47.3131,-122.191,1910,7600,12.611537753638338
3,11325,1.0,0,0,4,8,1440,0,47.3503,-122.279,1440,20000,12.4130868149145
3,7819,2.0,0,0,3,7,1590,0,47.4367,-122.199,1790,7733,12.730801174465157
3,2400,1.5,0,0,3,8,1450,0,47.6726,-122.381,1450,4275,13.102160670086809
4,11250,2.0,0,0,3,9,2390,0,47.3305,-122.371,2480,11250,12.79246945614324
3,7280,1.0,0,0,3,7,1080,460,47.3102,-122.322,1220,6440,12.538967060803502
3,19998,1.0,0,0,4,7,1580,0,47.3299,-122.046,1860,19998,12.765688433465597
4,8327,2.0,0,0,3,10,3569,0,47.4595,-122.208,2550,5251,13.270783382522602
3,5100,2.0,0,1,3,8,2600,0,47.5175,-122.205,2270,5400,13.27594246533263
4,9600,1.0,0,0,4,6,1100,0,47.7,-122.175,1100,9630,12.774223335915433
4,3600,1.5,0,0,3,8,1790,0,47.6117,-122.313,1770,3119,13.210374254727043
4,12197,1.0,0,0,3,7,1860,0,47.729,-122.235,1510,11761,13.001325049027272
3,3604,1.0,0,0,3,7,1260,0,47.3612,-122.103,1430,3767,12.464583340681674
4,8474,1.0,0,0,5,7,1010,1010,47.4579,-122.17,1720,8166,12.676076274775909
3,15114,1.0,0,0,3,7,1080,700,47.258,-122.305,1792,10155,12.66032791780777
5,6037,2.0,0,0,3,9,3440,0,47.4765,-121.734,3270,6037,13.303003521415745
3,9375,1.0,0,1,4,8,1330,570,47.6821,-122.273,2760,9375,13.857132232655093
3,9300,1.0,0,0,4,7,1300,0,47.7562,-122.073,1300,10064,12.691580461311874
2,8102,1.0,0,0,3,7,1020,0,47.5135,-122.193,1770,7291,12.644327576461329
3,5209,1.5,0,0,5,7,1670,0,47.5362,-122.271,1990,4960,12.706544857216672
4,16171,2.0,0,3,3,9,2520,710,47.3183,-122.253,2640,8517,13.081541382884074
4,20759,2.0,0,0,3,11,4420,0,47.6354,-122.221,3020,20666,14.660520087833465
3,7209,1.0,0,0,4,7,1240,570,47.3656,-122.278,1750,7209,12.468436909997665
4,8330,2.0,0,0,3,8,3380,0,47.7741,-122.379,2220,8330,13.393153582185892
3,13964,1.0,0,0,5,7,1980,0,47.571,-122.227,2040,13964,13.541073712262515
3,78844,1.0,0,0,3,8,1760,550,47.5406,-122.066,2830,6230,13.175904144332359
4,8160,1.5,0,2,4,8,1780,980,47.7248,-122.365,2720,8160,13.327750207129279
2,4095,2.0,0,0,4,8,1280,0,47.5501,-122.393,1470,5500,12.959844447906553
3,7210,1.0,0,0,4,7,1250,450,47.3546,-122.318,2070,7300,12.542544882151386
6,4000,1.5,0,0,4,7,1380,800,47.6643,-122.29,1720,4000,13.270783382522602
3,8280,1.0,0,0,3,7,1270,1270,47.7219,-122.358,1950,8280,13.218582235144872
3,10529,1.0,0,0,3,7,1380,0,47.7119,-122.233,1670,5694,12.751299696013497
4,10880,1.0,0,0,4,7,1190,1110,47.7341,-122.242,1960,10400,12.994530005894443
4,9077,1.0,0,0,4,8,1310,1300,47.4612,-122.147,1900,10500,12.676076274775909
2,217800,1.5,0,0,3,7,1600,770,47.5007,-122.088,2370,157687,13.204864598916073
5,16583,2.0,0,0,4,9,3090,0,47.6458,-122.218,3740,17853,14.303476887584182
2,2726,1.5,0,0,3,7,880,350,47.6815,-122.359,1710,3750,13.262125319779487
3,2940,3.0,0,0,3,7,1730,0,47.6911,-122.392,1690,4410,13.102160670086809
3,7140,1.0,0,0,3,7,1080,530,47.3943,-122.189,1800,7600,12.2783933071098
4,8270,2.0,0,0,5,7,1940,0,47.7567,-122.333,1800,7743,13.180632285528304
3,7227,2.0,0,1,3,9,1440,800,47.6208,-122.093,3150,16150,13.458835614025542
2,4120,1.0,0,0,5,5,720,0,47.303,-122.217,940,6180,11.918390573078392
3,14400,1.0,0,0,4,8,1460,770,47.5791,-122.048,2200,13280,13.217673557208654
5,6240,2.0,0,0,5,9,2440,400,47.6285,-122.309,2940,6000,14.169682371684887
3,6886,1.0,0,0,3,7,1410,0,47.7183,-122.353,1410,6561,13.049792684569493
3,6840,1.0,0,0,3,8,1300,1200,47.7222,-122.32,1580,8691,12.959844447906553
3,10625,1.0,0,0,3,7,1410,0,47.3649,-122.117,1410,9744,12.345834587905333
3,5137,2.0,0,0,3,9,2480,0,47.684,-122.164,2480,6023,13.482831119581757
3,5326,2.0,0,0,3,9,3040,0,47.4472,-122.207,3040,5442,13.122363377404328
4,15312,1.0,0,0,4,7,1080,520,47.4629,-121.743,1620,12375,12.609869696537642
3,9465,1.0,0,0,3,6,890,0,47.4388,-122.328,1590,9147,11.947949375319936
4,3943,2.0,0,0,3,8,2580,0,47.6853,-122.21,1700,5772,13.709038313453757
3,61419,1.0,0,0,4,8,1450,0,47.3343,-122.16,2256,82328,12.80765263256463
2,6300,1.0,0,0,3,7,760,460,47.5299,-122.387,1850,4886,12.89921982609012
5,4652,2.0,0,0,4,8,2310,280,47.6038,-122.294,2360,4650,13.698976741708323
4,15520,2.0,0,0,4,7,2420,0,47.5744,-122.137,1630,9965,13.217673557208654
3,7748,2.0,0,0,4,7,1590,0,47.2857,-122.3,1590,7606,12.479909311159902
4,10664,1.0,0,1,2,7,1510,840,47.5743,-122.238,2350,10140,13.592367006650065
4,3852,2.0,0,0,3,8,2770,0,47.5001,-122.232,1810,5641,13.256894270361935
2,6800,1.0,0,0,4,7,910,590,47.7004,-122.371,1450,6800,12.987688474077727
3,4763,2.0,0,0,3,7,1240,560,47.646,-122.362,1790,4763,13.415032991367148
3,11935,1.0,0,0,4,7,1200,0,47.3434,-122.082,1350,11935,12.363076394339839
2,3313,2.0,0,0,3,9,2310,0,47.6318,-122.365,2700,5670,14.03705282791151
3,14033,1.0,0,2,4,8,2570,0,47.4335,-122.338,2550,16100,13.248996028337695
4,7051,2.0,0,0,3,11,3700,0,47.5427,-121.995,3580,6175,13.764217263576723
2,4000,1.0,0,0,3,6,1000,0,47.6742,-122.396,1490,5000,12.941321002108754
3,1166,2.0,0,0,3,8,1020,610,47.6646,-122.367,1420,1670,13.201174557828619
4,19387,2.0,0,2,4,9,3260,990,47.5578,-122.212,3690,17024,14.107433624673309
3,13500,1.0,0,0,3,7,1110,530,47.7164,-122.304,1770,12600,13.017002861746503
3,7599,1.0,0,0,3,10,1630,0,47.6981,-122.376,2030,7599,13.550828609741554
3,7500,1.0,0,0,3,6,1270,0,47.4214,-122.316,1250,8000,12.190451264627217
3,3600,1.0,0,0,5,7,990,750,47.6448,-122.358,1250,3600,13.426777190331652
0,5900,1.0,0,0,2,4,390,0,47.526,-122.261,2170,6000,12.337100907936577
4,40097,1.0,0,0,4,12,4270,0,47.7354,-122.078,3510,36149,13.9108207377686
4,6519,2.0,0,0,3,7,1130,720,47.3087,-122.354,1280,6664,12.421184025147118
3,9012,1.0,0,0,4,7,1110,0,47.6563,-122.131,1800,8679,13.021437458814368
2,9900,1.0,0,0,3,7,940,300,47.4862,-122.326,1050,9375,12.043553716032399
4,3440,1.5,0,0,4,7,1480,540,47.6885,-122.376,1520,5080,13.203021280421783
4,5750,2.0,0,0,4,6,1600,0,47.5437,-122.28,1690,5750,12.56374708980199
3,7735,1.0,0,0,4,7,1060,1060,47.4869,-122.123,1010,8570,12.611537753638338
3,8645,1.0,0,0,4,7,1040,0,47.3631,-122.116,1290,8645,12.19804047383291
4,6250,1.5,0,0,3,6,1140,0,47.5433,-122.375,1140,1370,12.873902018105829
5,4800,2.0,0,0,3,7,3020,0,47.6025,-122.313,1350,1307,13.353475098367715
3,9163,1.0,0,0,3,7,1460,630,47.7334,-122.167,1960,7713,13.03134397901716
4,6000,1.0,0,0,4,7,960,960,47.7137,-122.315,1850,7200,13.028052697933088
3,13362,1.0,0,0,3,8,1220,600,47.5898,-122.052,2050,15000,13.081541382884074
4,8284,1.0,0,0,5,7,1210,1200,47.7202,-122.22,2050,7940,13.071070083016778
4,9349,2.0,0,0,3,10,3540,0,47.7046,-122.107,3280,7546,13.709038313453757
4,43560,2.0,0,0,3,9,2850,650,47.5481,-122.103,3640,40545,13.813508555293602
4,7475,1.0,0,0,5,7,1100,1100,47.543,-122.28,1600,5766,12.834681304952548
4,15929,2.0,1,4,3,12,2720,1390,47.6934,-122.271,2640,15929,14.648419680899378
6,6480,2.5,0,0,4,11,3560,0,47.627,-122.304,2780,6480,14.22097566607244
2,3160,1.0,0,0,3,7,840,250,47.6385,-122.344,1070,3160,13.068962600677214
2,1263,2.0,0,0,3,7,1078,0,47.7532,-122.244,1078,1263,12.388394202324129
3,7700,1.0,0,0,3,7,980,430,47.4577,-122.171,1510,7700,12.323855681186558
2,5889,1.0,0,0,4,6,920,0,47.3012,-122.218,1210,6180,11.957611286231675
4,8160,1.5,0,0,4,7,1400,340,47.7243,-122.363,1600,8160,13.151922179645874
3,12410,2.0,0,0,3,8,2590,900,47.4714,-122.071,1740,14448,13.353475098367715
4,11054,1.0,0,0,4,5,1690,0,47.4667,-122.215,1690,9040,12.367340793126296
3,7800,1.0,0,0,3,7,1260,390,47.7377,-122.197,1760,8268,12.86099861326992
3,41800,1.0,0,0,5,7,1210,600,47.4109,-121.958,1650,135036,12.65714826489039
4,7070,1.0,0,0,5,7,1010,1010,47.5202,-122.378,1390,6000,13.148031124152906
3,5611,1.0,0,0,3,8,2300,0,47.7122,-122.026,2170,5926,13.422467969854667
3,8649,1.0,0,0,3,7,2030,0,47.5082,-122.166,1760,7200,12.80765263256463
4,37800,1.0,0,0,4,8,1880,540,47.6688,-122.024,2780,35532,13.308012724290958
4,5846,1.0,0,0,3,8,1700,0,47.6539,-122.408,1480,5177,13.331002242515657
3,10078,1.0,0,0,4,6,1410,0,47.7587,-122.144,2090,9202,12.834681304952548
5,8309,2.0,0,0,3,9,2960,1100,47.757,-122.228,1730,11711,13.353475098367715
5,43124,1.0,0,2,4,7,1220,920,47.5516,-122.085,2520,14677,13.091904169919621
4,9684,2.0,0,0,3,8,2520,0,47.4848,-121.801,2090,10133,13.060487973686241
4,9099,2.0,0,0,3,8,2200,0,47.733,-122.225,2270,8900,13.279367126213993
4,9600,1.0,0,0,4,7,1000,520,47.5763,-122.154,1510,9000,13.139122161219284
3,2491,3.0,0,0,3,7,1536,65,47.719,-122.317,1420,1156,12.842649474601725
3,4620,1.5,0,0,4,7,1150,100,47.651,-122.341,1900,4400,13.475833190394113
4,7370,1.0,0,0,3,7,1460,900,47.7201,-122.308,1590,9906,12.799399490807907
6,11180,1.0,0,2,5,9,2440,1390,47.5849,-122.113,2500,10400,13.695600261291716
4,4876,2.0,0,0,4,9,2240,140,47.6822,-122.4,1780,4559,13.681979165339751
2,9784,1.0,0,0,3,6,790,0,47.7634,-122.284,2350,10102,12.706847933442663
4,4337,2.0,0,0,4,8,1840,0,47.6312,-122.307,2250,4337,13.603554196040628
4,7201,2.0,0,0,3,9,3070,0,47.4897,-122.147,2880,8364,13.190022025878143
3,5424,1.5,0,0,3,6,960,0,47.6997,-122.32,1550,5687,12.800779753276867
3,1796,2.0,0,0,3,8,1087,235,47.5976,-122.298,1690,2025,12.765688433465597
3,7125,1.0,0,0,3,7,1220,570,47.7184,-122.226,2040,7950,12.8790171187726
4,25412,2.0,0,0,3,12,4790,0,47.603,-122.012,3830,16314,14.331323723241304
3,4106,2.0,0,0,3,7,1450,0,47.3655,-122.019,2000,4000,12.538967060803502
5,6551,1.0,0,0,3,7,1330,900,47.487,-122.32,2230,9476,12.758519943986984
4,39098,2.0,0,0,3,12,3930,0,47.6399,-122.158,4250,38682,14.40274151293267
4,4800,2.0,0,0,3,7,1400,0,47.6168,-122.298,1620,2595,13.610943392223
3,4160,1.0,0,0,3,7,1230,600,47.5962,-122.288,1950,4160,13.373044271711628
3,54450,1.0,0,0,3,8,1570,400,47.5936,-122.012,2460,36677,13.38472764187182
5,7254,2.0,0,0,3,8,2760,740,47.5444,-121.881,2820,6317,13.357435499583813
4,5048,2.0,0,0,3,8,3110,0,47.3782,-122.125,3110,5190,12.864887147009613
4,33106,2.0,0,0,3,9,3420,0,47.3554,-121.986,3420,36590,13.39239051461739
3,48993,2.0,0,0,3,9,3430,0,47.2609,-122.27,2460,36256,13.151922179645874
3,4370,1.5,0,0,3,8,2120,0,47.606,-122.307,1960,5120,13.505582876565173
4,29930,2.0,0,0,4,8,1400,860,47.5689,-122.126,2770,29930,13.303016877097587
4,44431,2.0,0,0,3,7,2060,0,47.744,-122.046,2160,45657,13.122363377404328
5,10400,1.0,0,0,3,8,1280,970,47.4501,-122.139,2140,9592,12.821258284620408
3,7566,1.0,0,0,4,7,1270,0,47.5074,-122.175,1780,7520,12.531411709159054
3,16000,1.0,0,0,3,7,1330,0,47.28,-122.257,1330,14374,12.100712129872347
4,6200,2.0,0,0,4,8,2530,860,47.58,-122.29,3080,6000,13.704578997256993
3,2839,2.0,0,0,3,8,1830,0,47.6022,-122.021,1830,3011,12.92391243868049
3,98445,1.0,0,0,5,8,2680,0,47.5015,-122.108,2340,98445,13.304684934198283
4,11189,2.0,0,2,3,10,4240,0,47.6526,-122.191,3390,12540,14.322328160332725
3,12681,1.0,0,0,1,6,1380,1000,47.5294,-122.279,1720,6377,12.332705296463539
3,3880,1.5,0,0,4,8,1460,430,47.6642,-122.362,1010,3880,13.495305293806933
3,6194,2.0,0,0,3,8,1720,0,47.2624,-122.221,1720,6211,12.449018824140563
4,12042,1.0,0,0,4,7,1320,1000,47.763,-122.16,2160,7054,13.060487973686241
4,7850,2.0,1,4,3,11,3150,1270,47.572,-122.102,2760,8525,14.808762330974558
3,4851,2.0,0,0,3,7,1690,0,47.6795,-122.034,2330,4851,13.120361374733656
3,1483,3.0,0,0,3,8,1760,235,47.6025,-122.31,1520,1173,13.132313708257497
3,11620,1.0,0,0,3,7,1140,0,47.4991,-121.783,1140,8400,12.736700896592344
3,4572,1.5,0,0,3,8,1670,0,47.6854,-122.373,1480,4890,13.279367126213993
3,3002,2.0,0,0,3,7,1670,420,47.745,-121.984,2090,3163,12.771386454580234
2,6732,1.0,0,0,5,6,710,0,47.5151,-122.372,710,6720,12.608198852372823
3,11448,2.0,0,0,3,11,3560,0,47.7126,-122.104,3290,11506,13.64531518096816
3,10773,2.0,0,2,3,9,2770,0,47.5754,-122.12,2530,10423,13.527761816623505
3,8075,1.0,0,0,4,7,1040,0,47.6701,-122.176,1450,8075,12.873902018105829
3,6788,2.0,0,0,3,7,1420,0,47.2887,-122.351,1790,6607,12.437184366493561
2,1331,2.0,0,0,3,7,1050,190,47.5959,-122.298,1250,1431,12.847663339175718
5,13500,1.5,0,0,4,7,1700,0,47.4611,-122.067,1810,14550,12.759814070272997
5,4080,2.0,0,0,5,7,1750,860,47.6757,-122.309,2160,4080,13.42828803739339
3,6615,1.0,0,0,4,7,1200,0,47.5168,-122.351,1230,6615,12.468436909997665
4,97574,2.0,0,0,3,9,3580,0,47.3901,-122.071,2510,27068,13.541073712262515
2,1546,2.0,0,0,3,7,1240,0,47.5634,-122.298,1520,2468,12.706847933442663
4,5801,2.0,0,0,3,9,2890,0,47.7349,-122.238,2890,6286,13.253391639810733
5,10584,2.0,1,4,3,10,3540,1310,47.5943,-122.11,3470,18270,15.08723546434103
5,10626,1.0,0,4,4,10,3730,0,47.624,-122.221,4180,19110,14.74570419500742
4,6666,2.0,0,0,3,7,1770,0,47.2877,-122.349,1780,6666,12.644166273130065
3,5980,1.0,0,0,3,8,1790,730,47.5767,-122.383,1590,5750,13.38472764187182
4,6315,2.0,0,0,3,9,2360,1120,47.6841,-122.161,3620,5233,13.655928488139809
3,8148,1.0,0,0,3,7,1170,0,47.7479,-122.318,1200,8147,12.487485104968359
4,15420,2.0,0,0,3,10,3520,0,47.6375,-122.016,3400,21455,13.604789526648622
3,6443,2.0,0,0,3,7,1440,0,47.7471,-121.979,1700,6749,12.691580461311874
3,12289,1.0,0,0,4,7,1020,0,47.4235,-122.155,1300,9894,12.345834587905333
1,9812,1.0,0,0,4,7,1150,0,47.2951,-122.284,1200,9812,12.332705296463539
5,8694,2.0,0,1,3,12,3970,1050,47.6146,-122.213,4190,11275,15.110237725558674
3,16117,1.0,0,0,4,8,1710,650,47.5698,-122.121,2120,16117,13.446039810079485
4,7700,2.0,0,0,3,7,2253,0,47.3935,-122.3,1786,9052,12.86099861326992
3,6750,1.0,0,0,3,7,1280,530,47.2976,-122.377,1690,7770,11.99535161421452
3,15400,1.0,0,0,3,7,1380,730,47.4861,-122.226,2110,9800,12.571583438131306
5,18295,1.0,0,0,4,7,1880,0,47.6059,-122.154,2180,20674,13.334243736439827
2,4751,1.0,0,0,3,8,1870,0,47.7082,-122.015,2170,5580,13.292106151991423
3,1016,3.0,0,0,3,7,1310,50,47.6774,-122.324,1365,1156,13.190022025878143
4,11171,1.0,0,0,3,8,1280,620,47.561,-122.126,2330,9934,13.351886535682578
3,1298,3.0,0,0,3,8,1600,0,47.6954,-122.375,1600,1348,12.765688433465597
3,10200,2.0,0,0,4,7,2110,0,47.4744,-122.154,1800,10200,12.629688690847741
3,6405,2.0,0,0,3,8,2610,0,47.5373,-121.874,2580,6285,13.312983737012978
3,8580,1.0,0,0,3,6,1420,0,47.3076,-122.362,1200,8580,11.824079893607152
5,7543,1.0,0,0,3,7,1140,1100,47.7756,-122.372,2110,7408,13.058358047428417
3,8621,1.0,0,0,3,8,1780,0,47.5062,-122.149,2470,8542,12.915339207970002
4,9225,1.0,0,0,4,7,1250,940,47.7396,-122.256,2190,9225,12.834681304952548
4,5625,1.0,0,0,3,8,1470,1060,47.7094,-122.233,1840,7070,13.345506928718539
2,5125,1.0,0,0,5,6,1370,0,47.6926,-122.346,1200,5100,12.923790480024325
2,649,2.0,0,0,3,9,720,350,47.5213,-122.357,1070,928,12.468244583811861
3,5304,1.0,0,0,4,6,1610,0,47.3632,-122.087,1060,5304,12.2783933071098
3,14645,1.0,0,0,3,6,1220,0,47.4842,-122.117,1980,24960,12.66032791780777
4,11730,1.0,0,0,4,7,1220,0,47.3229,-122.283,1270,9520,12.201060103706629
4,12145,2.0,0,0,3,8,3052,0,47.2598,-122.304,2767,8604,12.959844447906553
4,8250,1.0,0,0,5,8,2100,970,47.5935,-122.172,2270,8800,13.687677186454389
3,7930,1.0,0,0,4,7,1650,0,47.3617,-122.05,1510,7930,12.43320821811392
3,5002,2.0,0,0,3,8,2340,0,47.4831,-121.773,2790,5375,12.966584038698583
3,5650,1.0,0,2,4,8,1190,1190,47.5119,-122.255,2350,6554,12.936033799212835
3,4800,1.0,0,0,4,6,770,770,47.67,-122.284,1510,4080,13.244581010128577
2,43560,1.0,0,0,4,5,920,0,47.5245,-121.931,1530,11875,12.449018824140563
4,7920,1.0,0,0,3,6,890,300,47.5305,-122.371,1140,7920,12.154779351142624
4,4290,2.0,0,0,3,9,3230,0,47.6874,-122.161,3220,5083,13.557387287754038
1,1033,1.0,0,0,3,7,780,0,47.6155,-122.306,1040,1319,12.429216196844383
4,7215,1.5,0,0,3,7,1440,0,47.7133,-122.212,1150,7215,12.779873068457553
2,1157,2.0,0,0,3,7,880,0,47.5188,-122.376,1070,1203,12.254862809699606
3,11920,1.0,0,0,4,7,1110,500,47.3683,-122.279,1690,11839,12.531772785169476
4,10016,2.0,0,0,3,8,2620,0,47.5295,-122.179,2620,10016,13.244581010128577
4,9384,1.5,0,0,4,6,1400,0,47.5166,-122.361,1600,8432,12.691580461311874
3,5558,2.0,0,0,3,9,3310,0,47.5553,-122.003,3310,5270,13.567049198665774
4,10725,1.0,0,0,3,7,960,700,47.5033,-122.3,1340,9023,12.54966234992025
3,7280,1.0,0,0,3,7,1140,450,47.4288,-122.153,1590,9634,12.542544882151386
4,9583,2.0,0,2,3,8,1770,280,47.3978,-122.313,2230,9730,12.863592648446968
2,3844,1.0,0,0,4,6,820,0,47.7049,-122.349,1520,3844,12.611537753638338
3,6300,1.0,0,0,3,7,1180,400,47.6505,-122.384,1560,1601,13.190022025878143
5,9360,1.0,0,0,3,7,1520,530,47.436,-122.195,1840,9383,12.834681304952548
3,14800,1.0,0,0,4,9,1920,930,47.559,-122.146,3300,10809,13.560618308335483
3,4050,1.0,0,0,3,7,870,610,47.681,-122.304,1350,4500,12.90495335793788
4,4028,2.0,0,0,3,8,2130,0,47.5108,-122.363,1830,7817,12.8790171187726
3,8998,2.0,0,0,3,8,1710,0,47.7236,-122.11,1710,9859,13.079455876393052
4,6320,2.0,0,0,3,8,2310,0,47.3287,-122.167,1850,6181,12.706847933442663
2,5000,1.0,0,0,4,7,730,360,47.5258,-122.378,990,5250,12.784650371346983
4,7400,1.5,0,0,5,7,1620,700,47.5558,-122.269,1740,4000,13.409900439342593
4,5379,2.0,0,0,3,8,2630,0,47.4977,-122.163,2630,5379,13.026292908653595
4,2248,1.5,0,0,3,7,1530,0,47.5766,-122.309,1340,3700,12.765688433465597
4,23488,2.0,0,0,3,9,2900,0,47.6726,-122.03,2900,34589,13.444446876573442
2,1277,2.0,0,0,3,7,860,0,47.5842,-122.314,1280,1265,12.68215153296633
3,1845,3.0,0,0,3,8,1280,0,47.662,-122.324,1450,1889,13.208541073645382
4,19785,2.0,0,0,3,8,2170,0,47.4034,-122.167,2280,8616,12.736700896592344
3,12075,1.0,0,0,3,7,1370,300,47.7681,-122.307,1800,12123,12.943236711506893
3,2900,1.5,0,0,5,8,1330,730,47.5897,-122.292,1910,3900,13.437174117244362
3,5864,1.0,0,0,3,7,790,590,47.7049,-122.339,1509,5864,12.682306824526545
2,7246,2.0,0,0,3,9,2730,0,47.512,-122.175,3220,7214,13.190022025878143
3,9898,1.0,0,0,3,7,1280,0,47.7677,-122.163,1290,9625,12.815838217151068
3,7950,1.0,0,0,4,7,1810,0,47.6236,-122.117,1680,7725,13.001325049027272
4,3800,1.5,0,0,3,7,1660,0,47.6883,-122.314,1660,3767,13.335860551666734
3,1246,2.0,0,1,3,9,1080,530,47.6423,-122.375,1610,1249,13.3999193535571
4,7500,2.0,0,2,4,11,2550,1360,47.6448,-122.409,3070,7500,14.508157613482537
4,7264,2.0,0,0,3,8,1720,850,47.258,-122.208,2420,7911,12.447056114972714
2,2814,1.0,0,0,3,6,810,500,47.5185,-122.376,1300,1344,12.610870864650634
3,65501,2.0,0,1,3,8,2420,0,47.6525,-122.087,2970,19036,13.122363377404328
2,4920,1.0,0,0,3,6,720,0,47.5352,-122.371,670,4920,12.65714826489039
4,20011,2.0,0,0,3,8,1820,0,47.5842,-122.045,2710,33915,13.296316684527767
5,17204,1.0,0,0,3,7,2160,1040,47.6209,-122.222,4090,15732,14.054527458434775
2,7733,1.0,0,0,3,6,1210,0,47.7148,-122.282,1670,7733,13.030686588832424
3,4650,2.0,0,0,3,7,1780,0,47.386,-122.047,3050,3848,12.611371073081239
3,12070,1.0,0,0,4,7,1000,0,47.3621,-122.11,1010,12635,12.225875272826354
4,13348,2.0,0,0,3,8,3020,160,47.7439,-121.977,3020,10029,13.142166004700508
3,5002,1.5,0,0,3,7,1180,0,47.7529,-122.324,1470,8410,12.301382825334498
4,36562,2.0,0,0,3,10,3100,0,47.7646,-122.065,3080,39351,13.458835614025542
4,37451,2.0,0,0,3,8,2242,0,47.7443,-122.228,2242,13125,13.102160670086809
3,5653,2.0,0,0,3,8,3192,0,47.2956,-122.35,3000,5134,12.96453929221076
3,15375,1.0,0,0,3,7,1140,850,47.4778,-122.288,1160,10236,12.365424063756604
3,10200,1.0,0,0,3,7,1360,800,47.7295,-122.331,2010,7850,12.911642346088676
2,6258,1.0,0,0,4,8,1450,0,47.3785,-122.322,1460,5375,12.409013489526863
4,159430,2.0,0,0,3,9,3540,0,47.6285,-121.899,1940,392040,13.592367006650065
5,8400,1.0,0,0,3,7,1330,700,47.6713,-122.152,1920,8400,13.122363377404328
3,2267,3.0,0,0,3,8,2320,0,47.7027,-122.359,1240,1883,12.959844447906553
4,7304,2.0,0,0,3,11,3070,1050,47.681,-122.167,2470,9600,13.783950745035533
3,8400,1.0,0,0,5,8,1600,0,47.5479,-122.179,2210,8400,13.081541382884074
2,8511,1.0,0,0,3,7,860,0,47.7312,-122.3,1554,8499,12.774223335915433
3,5200,1.0,0,1,4,8,1750,0,47.6995,-122.383,2060,5200,13.399995114002609
3,9762,1.0,0,0,4,7,1110,0,47.676,-122.15,1900,9720,12.9384405392434
3,7989,1.0,0,0,3,7,1280,600,47.7077,-122.299,1820,7414,12.994530005894443
8,6480,2.0,0,3,5,10,3140,1300,47.631,-122.303,4440,8640,14.493544100714171
4,7809,2.0,0,0,3,10,2820,0,47.622,-122.195,2630,7904,14.187074114396758
5,19831,1.0,0,3,3,9,2300,2300,47.7608,-122.378,2890,19831,13.5985975564007
3,3800,1.5,0,0,3,7,750,140,47.6803,-122.291,1280,3800,13.028052697933088
4,18645,2.0,0,1,3,10,3000,600,47.5294,-122.154,3970,10957,13.844370086644828
3,2386,2.0,0,0,3,8,1390,620,47.5525,-121.998,1690,1870,13.081520549333723
3,7775,2.0,0,0,3,7,1570,0,47.3876,-122.216,1580,8622,12.479909311159902
3,4720,1.0,0,0,3,6,790,500,47.5186,-122.358,1110,4720,12.4529327234617
4,10249,2.0,0,0,3,10,3980,0,47.5873,-122.196,2450,10912,14.383661248349535
2,212137,1.0,0,0,3,5,720,0,47.422,-122.066,2010,109642,11.918390573078392
2,4080,1.0,0,0,4,7,1170,0,47.6784,-122.386,1560,4586,13.272506035834049
3,9066,1.0,0,0,3,8,1440,660,47.4294,-122.292,2000,9132,12.834681304952548
3,2250,3.0,0,4,3,8,2080,0,47.6598,-122.355,2080,2250,13.567049198665774
3,9566,1.0,0,0,4,7,1620,0,47.474,-122.146,1660,10011,12.8554769031422
3,4094,2.0,0,0,3,7,1590,0,47.61,-122.293,1940,3924,13.025852477023484
2,1588,2.0,0,0,3,8,1240,280,47.5825,-122.313,1660,6000,12.971540487669746
4,5000,1.0,0,0,3,8,1110,600,47.6772,-122.285,1750,5304,13.3645249345543
4,14757,2.0,0,2,3,11,4140,0,47.5871,-121.969,4440,15523,13.87377946608825
3,10500,2.0,0,0,3,7,1800,0,47.3879,-122.032,1870,8555,12.714395139078047
4,6685,2.0,0,0,3,8,2790,0,47.4838,-121.773,2790,6444,13.186989394713999
3,9916,2.0,0,0,4,9,2630,0,47.3314,-122.202,2470,10810,12.736700896592344
3,9041,2.0,0,0,3,7,2480,0,47.6797,-122.035,2480,6500,13.337474757021274
3,8740,1.0,0,0,4,8,1820,0,47.3074,-122.385,2210,8320,12.417143615610113
3,7200,2.0,0,0,4,6,1410,0,47.5924,-122.302,1640,7200,13.458835614025542
2,4600,1.0,0,0,3,5,910,0,47.6916,-122.362,1020,4600,12.487485104968359
4,6977,2.0,0,0,3,8,2800,0,47.3542,-122.014,2800,6600,13.016891744462095
4,3840,1.5,0,0,3,7,1170,690,47.6886,-122.359,1400,3840,13.480037821676145
3,5015,1.5,0,0,5,7,2090,0,47.6378,-122.301,1930,4250,13.573438996764546
2,18700,1.0,0,0,4,7,1210,0,47.3752,-122.166,2250,10048,12.200557464842063
2,3850,1.0,0,0,3,7,800,500,47.5395,-122.39,950,5500,12.842649474601725
2,1010,2.0,0,0,3,8,1000,160,47.6207,-122.301,1200,1170,13.112313041550827
3,8540,1.0,0,3,4,8,1130,840,47.7213,-122.365,2280,8540,13.314635265051452
5,24684,2.0,0,0,3,9,2760,980,47.3832,-122.057,2880,26023,13.012548511397123
4,7725,1.0,0,0,4,8,1460,700,47.3078,-122.378,2060,8250,12.594730635321957
5,7200,1.0,0,0,3,7,1560,920,47.4586,-122.283,1910,9432,12.793859310432293
3,9150,1.0,0,0,3,7,1320,500,47.737,-122.334,1780,8055,12.989974189358584
3,9450,1.0,0,0,3,6,1000,0,47.4562,-122.193,1300,13500,12.26434155365415
4,8240,2.0,0,1,4,8,2170,0,47.5634,-122.128,2600,9898,13.381645975334411
4,7560,2.0,0,0,4,8,2460,0,47.7256,-122.367,2760,8918,13.36138027787483
4,90169,2.0,0,0,3,7,2800,0,47.5204,-121.829,1600,27194,13.178743710840436
3,12000,1.0,0,0,4,7,1110,450,47.7256,-122.166,2190,4612,13.105217218569358
4,7200,1.0,0,0,4,7,1050,1030,47.3385,-122.282,1500,7350,12.196022309676673
3,7700,1.0,0,0,3,7,1240,960,47.4119,-122.181,1770,7360,12.285807613549027
3,12094,2.0,0,0,4,8,2080,0,47.7035,-122.164,2230,12204,12.958054611811011
3,7654,1.0,0,0,3,7,1000,250,47.7289,-122.291,1310,7350,12.524526376648708
3,4000,1.5,0,0,4,7,1350,0,47.6581,-122.354,1880,4000,13.458835614025542
4,5350,2.0,0,0,4,9,2120,170,47.6428,-122.411,2910,5350,13.790192749979985
3,10500,2.0,0,0,3,7,1840,0,47.7326,-122.234,1840,7374,13.084661510220318
4,7213,1.0,0,0,3,8,1170,800,47.4424,-122.126,1980,7045,12.685407602204794
5,8680,2.0,0,0,3,9,3680,0,47.6575,-122.197,2020,8847,14.136143730555741
5,27311,2.0,0,2,3,10,3890,0,47.7291,-122.363,3160,22641,13.912664491554942
4,4497,1.5,0,1,3,7,1730,1120,47.5876,-122.292,2450,6000,13.38472764187182
3,9600,1.0,0,0,3,7,970,0,47.4451,-121.768,1110,9600,12.396693005138824
3,6500,1.0,0,0,3,7,1340,0,47.7168,-122.192,1620,7107,12.866179972011919
3,9612,1.0,0,3,4,8,1700,380,47.7293,-122.283,2560,10202,13.442996549995796
2,22239,1.0,0,0,4,7,1300,0,47.4801,-122.092,1300,14810,13.106233995474446
4,6568,2.0,0,0,3,8,1980,0,47.704,-122.101,2310,6496,13.366876954454732
4,5606,2.0,0,0,3,9,2560,0,47.3274,-122.178,2667,7334,12.765688433465597
3,9540,1.0,0,0,4,7,1330,0,47.758,-122.075,1250,10350,12.676076274775909
3,4046,2.0,0,0,3,7,1870,0,47.342,-122.059,2130,4800,12.421184025147118
4,25000,1.0,0,0,3,8,1750,940,47.5537,-122.026,2640,28250,13.242366169799025
4,9700,1.0,0,0,3,8,1670,1030,47.7752,-122.198,2470,9228,13.081541382884074
4,56192,2.0,0,0,3,9,3440,0,47.6969,-122.046,3150,44431,13.573438996764546
3,11989,1.0,0,0,4,9,2270,0,47.5434,-122.229,2880,12439,13.610943392223
4,8476,1.0,0,0,4,7,1240,510,47.4447,-122.137,1660,7875,12.721885810807203
3,4437,1.0,0,0,3,7,1030,1030,47.5705,-122.376,1750,4452,13.038981768465277
2,3880,1.0,0,0,4,6,860,0,47.6862,-122.391,1230,4260,12.948009990259552
4,19745,1.5,0,0,4,6,1840,1320,47.3103,-122.006,1540,8611,12.721885810807203
4,8184,1.5,0,0,3,7,1330,0,47.7343,-122.347,1220,660,12.577636201962656
4,5969,2.0,0,0,3,8,3266,0,47.2975,-122.35,3087,5169,12.943236711506893
3,9182,2.0,0,0,3,9,2560,0,47.5361,-122.051,2800,8784,13.527828485512494
5,8712,1.0,0,0,3,8,1420,670,47.5968,-122.127,2490,8712,13.226723392728571
3,10092,1.0,0,0,3,9,2600,0,47.6223,-122.032,2440,9298,13.345506928718539
3,7670,1.5,0,0,5,7,1050,0,47.2046,-121.996,1220,7670,12.367340793126296
3,7535,1.5,0,0,5,6,1590,0,47.3769,-122.234,1110,6000,12.425208175446844
4,3850,2.0,0,0,3,7,2190,0,47.4854,-122.16,1900,3850,12.765688433465597
4,7209,2.0,0,0,3,7,1677,0,47.2957,-122.357,2236,7209,12.594730635321957
4,3600,2.5,0,0,4,8,2440,0,47.6298,-122.362,2440,5440,14.09692301740246
5,3118,2.0,0,0,4,7,1780,620,47.6094,-122.291,2100,3941,13.458835614025542
4,6350,1.0,0,0,4,7,1310,1030,47.5559,-122.379,2020,6350,13.37700559577791
3,50800,1.0,0,0,5,8,1510,1510,47.5529,-122.026,2400,27135,13.507625778194974
3,7260,1.0,0,0,3,6,1030,0,47.5113,-122.347,1380,8100,12.468436909997665
4,4500,2.0,0,0,3,8,1800,0,47.5998,-122.014,1800,4500,13.092934566713517
5,4120,2.0,0,0,3,8,2460,690,47.6754,-122.315,2080,4160,13.652991628466498
6,14034,1.0,0,2,4,9,2350,2060,47.3376,-122.324,2600,13988,13.064734264567692
3,11319,2.0,0,0,4,8,2110,0,47.742,-122.105,1860,11319,13.079455876393052
3,4000,2.0,0,0,3,9,2570,920,47.6385,-122.281,1880,4000,14.297936707208567
3,4729,2.0,0,0,3,7,1480,0,47.6794,-122.034,2250,4729,13.15483056754183
2,1118,2.0,0,0,3,8,1020,140,47.6754,-122.375,1210,1118,13.096019402064726
3,5411,1.0,0,0,3,7,1250,0,47.5064,-122.265,1490,6320,12.012536438968622
3,3400,1.0,0,0,5,7,970,760,47.6662,-122.364,1640,5000,13.415032991367148
4,12394,2.0,0,0,3,10,2860,0,47.5832,-122.026,3070,8515,13.39239051461739
4,5995,2.0,0,0,3,8,2500,0,47.3749,-122.107,2530,5988,12.765688433465597
4,4750,2.0,0,0,3,9,2840,0,47.4511,-122.121,2460,4750,13.17115354157376
4,7693,2.0,0,0,3,8,2414,0,47.3046,-122.222,1500,7177,12.584509081250419
5,3583,2.0,0,0,3,8,2180,600,47.4879,-122.152,2640,3850,13.071070083016778
4,10783,2.0,0,0,3,9,3290,0,47.3904,-122.178,2810,10783,13.016891744462095
3,10860,1.0,0,0,3,7,1810,0,47.6393,-121.967,1420,11982,12.917673504748366
4,10210,1.5,0,2,3,8,1670,260,47.7078,-122.277,2730,6600,13.353475098367715
1,3230,1.0,0,0,3,6,1080,0,47.3075,-122.217,1210,5760,11.626254150277232
3,6600,1.0,0,0,4,7,1240,290,47.462,-122.188,1500,7700,12.729320789294722
5,7199,1.0,0,0,3,7,1710,1130,47.5065,-122.275,2210,10800,12.584680299468456
3,5500,1.5,0,0,3,7,1280,980,47.681,-122.388,1790,5355,12.911642346088676
4,5366,2.0,0,0,3,8,2430,0,47.3352,-122.19,2100,5414,12.679196402112153
4,12261,2.0,0,0,3,9,2730,0,47.7419,-122.205,2730,10872,13.32530422140102
3,1103,3.0,0,2,3,8,1250,0,47.6619,-122.352,1250,1188,13.081541382884074
3,13249,1.0,0,0,3,7,1640,0,47.3589,-122.281,1640,9240,12.542544882151386
3,27003,1.5,0,0,3,8,1550,0,47.606,-122.056,2400,27003,13.193753373491
3,14810,1.0,0,0,5,7,1400,890,47.5343,-122.185,2540,8640,13.083622549087899
4,11600,2.0,0,3,3,11,3060,1330,47.5862,-122.246,3240,12000,14.291744736960645
3,14250,2.0,0,0,3,7,1480,0,47.6595,-122.186,1660,14250,13.053656179394538
3,7066,1.0,0,0,3,8,1400,0,47.7127,-122.325,1400,7320,12.765545566117686
4,7392,1.0,0,0,4,8,2010,1210,47.7719,-122.361,1660,8363,13.091904169919621
3,7585,2.0,0,0,4,8,1830,0,47.3893,-122.154,2070,7585,12.691580461311874
4,7412,2.0,0,0,3,8,2040,0,47.6347,-122.026,2050,7830,13.208541073645382
2,4500,1.0,0,0,3,7,1020,390,47.6883,-122.384,1300,4500,13.304684934198283
3,20531,2.0,0,0,3,8,2220,0,47.2864,-122.264,2420,19249,12.854353204750012
2,8424,1.0,0,0,4,6,810,0,47.3286,-122.346,820,8424,12.043553716032399
4,5340,1.0,0,0,3,7,1130,450,47.6003,-122.306,830,980,12.89921982609012
4,8400,2.0,0,0,2,8,2190,0,47.3003,-122.373,2410,7700,12.56374708980199
3,20700,1.0,0,0,3,7,1300,0,47.5587,-121.904,1930,37638,12.819906019370393
4,5500,2.0,0,0,3,10,2850,1490,47.6427,-122.397,1290,5500,14.0623706358958
4,4296,2.0,0,0,3,9,2190,770,47.6526,-122.372,2150,6000,13.94214320889764
3,11491,2.0,0,2,3,11,3680,0,47.5647,-122.128,3710,10030,14.018451401960965
3,11782,1.0,0,0,4,8,1590,540,47.5423,-122.215,2700,11782,13.567049198665774
3,11997,1.0,0,0,3,7,1260,300,47.5378,-121.742,1820,36590,12.899094818276968
3,6000,1.0,0,0,3,8,2040,340,47.6955,-122.275,1680,7200,13.102160670086809
1,10079,1.0,1,4,5,5,760,0,47.4683,-122.438,1230,14267,12.820987977820545
5,11900,1.0,0,0,3,7,1070,640,47.506,-122.365,1030,10360,12.675920012567607
5,10542,1.0,0,0,5,9,1620,1530,47.7469,-122.217,3150,11807,13.304684934198283
2,4050,1.0,0,0,3,7,1010,0,47.5838,-122.382,2310,5000,12.834681304952548
5,7986,1.0,0,0,4,7,1060,770,47.5208,-122.35,1410,7260,12.777052192115912
4,8155,1.5,0,0,4,6,1770,0,47.719,-122.173,1460,7360,13.122363377404328
3,35988,1.0,0,0,4,8,1590,0,47.4365,-122.106,2780,23789,12.628394870704762
2,7102,1.0,0,0,3,6,860,0,47.7042,-122.369,1450,7102,12.736700896592344
2,5160,1.0,0,0,3,6,770,0,47.5304,-122.356,920,5160,12.487485104968359
3,150117,1.0,0,0,3,7,1250,0,47.5956,-122.009,3060,50055,13.071070083016778
4,7845,1.0,0,0,4,7,1030,500,47.5589,-122.082,1710,7627,13.337474757021274
3,7210,1.0,0,0,3,7,1150,350,47.3124,-122.352,1500,7210,12.345834587905333
2,19709,1.5,0,0,4,8,1440,310,47.3351,-122.044,1950,21075,13.262125319779487
3,8645,1.0,0,0,3,7,1190,430,47.6651,-122.151,2010,8645,13.0542986464902
4,7944,1.5,0,0,3,7,1370,0,47.4224,-122.289,1370,9181,12.296827008798639
5,38461,2.0,0,0,3,11,3630,0,47.4289,-122.094,4440,50378,13.482133526250363
3,36585,2.0,0,0,3,10,2850,0,47.7376,-122.102,3340,35671,13.458835614025542
3,37913,2.0,0,0,4,7,1620,0,47.2875,-122.289,2190,21518,12.821258284620408
3,7200,1.0,0,0,3,7,1080,300,47.5292,-122.348,1220,7200,12.962194625251508
5,12408,1.0,0,0,3,10,1740,1590,47.6318,-122.058,2780,12000,13.527828485512494
3,7600,2.0,0,0,3,7,1490,340,47.5317,-122.351,1300,4000,12.553202176625375
4,7754,2.0,0,0,3,8,2140,0,47.7173,-122.338,1690,7775,13.17115354157376
4,7200,1.5,0,0,3,6,1010,0,47.742,-122.325,1360,7200,12.577636201962656
3,7200,1.0,0,0,3,7,1020,780,47.5616,-122.275,1740,5475,13.122363377404328
2,6250,1.0,0,0,3,7,1400,920,47.5468,-122.386,1420,6250,12.901592010235175
1,3200,1.0,0,0,3,7,830,0,47.6557,-122.348,1350,2512,13.17115354157376
3,4692,2.0,0,0,3,8,2200,0,47.7761,-122.169,2440,3833,13.081541382884074
2,4125,1.0,0,0,4,7,1050,0,47.5736,-122.307,1650,4125,12.8802918162046
6,4621,1.5,0,0,3,8,2650,0,47.5543,-122.275,1640,4879,12.618182296357007
3,5080,2.0,0,0,4,8,1930,0,47.5694,-122.001,2190,5085,13.18740177358355
2,11429,1.0,0,0,3,7,1130,0,47.4526,-122.284,1550,10700,12.230521325932484
5,13874,1.5,0,3,4,9,2340,1370,47.5686,-122.154,3370,13874,14.038654109278484
3,19593,1.5,1,4,3,10,1790,1060,47.5894,-122.111,2850,18782,14.28551418721001
3,12378,1.0,0,0,4,6,1300,0,47.4996,-121.778,1300,11596,12.84792653170257
3,2752,2.0,0,0,3,8,1690,0,47.6332,-122.108,1690,2855,12.973863369085885
4,4987,2.0,0,0,3,9,3300,0,47.6175,-122.056,3520,5453,13.652979863691412
3,4944,1.0,0,0,3,7,1530,0,47.6857,-122.341,1500,4944,13.369223455335854
4,9643,2.0,0,0,4,7,1930,0,47.4065,-122.18,1930,7525,12.66032791780777
4,6957,2.0,0,0,3,8,1930,0,47.4309,-122.191,2090,6996,12.807515636879778
4,6675,1.0,0,3,4,8,1920,1450,47.5887,-122.291,2250,5550,13.608486388529947
4,4000,2.0,0,0,3,9,2640,970,47.658,-122.396,1980,4000,13.826252654496177
2,7750,1.0,0,0,4,6,590,590,47.769,-122.316,1380,8976,12.517227074167097
3,2091,3.0,0,0,3,8,1560,0,47.6604,-122.352,1530,2091,13.302181803980165
3,9610,3.0,1,4,3,11,3470,0,47.7205,-122.26,4130,11875,14.580978400103845
7,8624,1.0,0,0,3,8,1690,1250,47.7555,-122.307,1850,8031,12.948009990259552
3,7225,2.0,0,0,3,8,2410,0,47.7211,-122.31,1940,8347,13.329223063311982
5,10335,2.0,0,0,3,9,2970,0,47.598,-122.019,2970,10335,13.495305293806933
4,7351,2.0,0,0,3,9,2400,0,47.5707,-122.022,2330,7756,13.38472764187182
2,1368,2.0,0,0,3,7,1280,350,47.5489,-122.363,1590,2306,12.594730635321957
4,11877,2.0,0,0,3,9,2670,0,47.6327,-122.036,2430,11333,13.414958361716755
3,9282,1.0,0,0,4,7,1630,0,47.2021,-122.002,1420,9282,12.323633434269318
3,8320,1.0,0,0,4,7,1160,0,47.3831,-122.288,1480,7800,12.213544660368875
3,5760,1.0,0,0,4,8,1260,900,47.5346,-122.391,2090,5760,13.415032991367148
3,10640,1.0,0,0,3,7,1330,0,47.7364,-122.193,1460,8520,12.832011076396668
3,38038,1.0,1,4,3,9,1934,1852,47.3907,-122.448,2850,33361,14.137521590739645
3,14141,1.0,0,0,3,8,1500,980,47.3778,-122.033,2480,10667,12.873902018105829
4,9827,2.0,0,2,3,10,3210,1430,47.5524,-122.078,3810,8207,14.11413257045439
3,9600,1.0,0,0,4,7,1220,500,47.6581,-122.126,1720,9600,13.217673557208654
2,1252,2.0,0,0,3,8,1120,230,47.522,-122.39,1410,1265,12.912876152537605
4,15411,2.0,0,2,3,8,2480,0,47.5379,-122.16,2940,14679,13.407542319637992
4,8048,2.0,0,0,3,9,3550,0,47.5422,-121.888,3920,7871,13.345506928718539
4,4410,1.5,0,2,3,7,1720,0,47.6791,-122.402,2140,4500,13.557387287754038
2,7692,1.0,0,0,3,6,950,0,47.4909,-122.298,1820,8221,12.167851432709975
4,18400,1.5,0,3,3,9,2360,670,47.7019,-122.243,3030,12486,13.711260536590475
5,10875,1.0,0,0,4,7,1540,1160,47.6163,-122.138,2040,7464,13.270783382522602
3,13309,1.0,0,0,4,7,1610,0,47.3398,-122.133,1610,15725,12.415928302517449
3,5304,1.5,0,0,5,7,1640,780,47.6765,-122.285,1560,5304,13.454540689742661
3,108900,1.0,0,0,4,7,1656,0,47.3758,-122.425,2030,29859,13.044401835934616
4,19487,1.0,0,0,3,11,2460,890,47.5796,-121.998,3360,19460,13.64709190633931
4,4800,1.5,0,0,3,7,1800,0,47.6388,-122.302,1950,4800,13.357830678407371
2,7200,1.0,0,0,4,5,840,0,47.3769,-122.237,1030,7200,12.216022976383341
3,9630,2.0,0,0,3,7,1180,0,47.7352,-122.232,2660,5979,12.743734923249724
1,4512,1.0,0,0,3,7,770,250,47.6724,-122.266,1230,5029,12.984250075274694
4,26211,2.0,1,2,2,10,4570,730,47.661,-122.269,3890,19281,14.753562781619943
3,8140,2.0,0,0,3,9,2170,0,47.385,-122.169,2390,8100,12.873773804758644
4,6752,2.0,0,2,3,9,3030,390,47.517,-121.876,3010,5172,13.36138027787483
2,5000,1.0,0,0,3,7,990,0,47.5666,-122.403,2250,6032,13.102160670086809
3,8400,1.0,0,0,5,7,940,0,47.5112,-122.167,950,8400,12.444715460291308
2,6000,1.0,0,0,3,7,950,0,47.6897,-122.294,1440,6000,13.106233995474446
4,16575,1.0,0,0,3,9,2190,1090,47.426,-122.285,1570,13209,13.467370516475379
5,8442,2.0,1,4,3,9,2800,0,47.5784,-122.076,3220,9156,14.430696197054507
3,8018,1.0,0,0,3,7,1630,0,47.2638,-122.243,1610,8397,12.468436909997665
2,2079,2.0,0,0,3,8,1550,0,47.54,-122.368,1420,1977,12.70076888736628
3,10900,1.0,0,0,4,6,1260,0,47.491,-122.188,1090,8137,12.154779351142624
3,1529,2.0,0,0,3,7,1400,0,47.5535,-121.997,1440,1536,12.788288265382837
6,5000,2.0,0,0,4,7,2550,0,47.6785,-122.396,1480,5000,13.835313185260453
4,17789,1.5,0,0,3,8,1980,770,47.6141,-122.212,3060,11275,14.187074114396758
3,17239,1.0,0,0,4,7,1890,510,47.75,-122.245,2390,7350,13.028052697933088
3,7473,1.0,0,0,3,7,1060,0,47.3699,-122.309,1320,7912,12.367340793126296
4,8501,2.0,0,0,5,7,2100,0,47.1951,-122.01,2130,8560,12.748396936355535
4,13729,2.0,0,0,3,11,3200,0,47.6402,-122.171,4050,16921,14.056101022882205
4,35120,2.0,0,0,3,10,3430,0,47.6484,-122.182,3920,35230,14.006957022535229
3,7375,1.0,0,0,3,7,1010,440,47.7212,-122.179,1350,7440,12.904207367601158
3,2147,1.5,0,0,4,7,1280,0,47.6362,-122.324,2010,2640,13.415032991367148
4,6000,1.0,0,1,3,8,1350,460,47.5233,-122.386,2020,6000,13.235692062711331
4,453895,2.0,0,3,3,11,4360,790,47.6795,-121.991,2500,215186,14.576316386998034
3,26831,1.5,0,3,5,7,1491,768,47.2741,-122.266,1980,15794,12.478006361013815
3,18616,1.0,0,0,4,6,1250,0,47.3414,-122.047,1920,15654,12.571926831029916
2,12142,1.0,0,0,3,9,1910,0,47.6276,-122.053,2580,12326,12.983101310070822
2,24792,2.0,0,0,2,7,1200,0,47.6337,-121.961,2150,24792,12.043553716032399
3,8095,2.0,0,2,3,10,2090,0,47.5287,-122.385,1940,5635,13.217673557208654
3,54450,2.0,0,0,3,11,2720,0,47.5473,-122.092,3170,60548,13.67969083482174
3,7720,2.0,0,0,3,9,2590,0,47.659,-122.146,2600,9490,13.603554196040628
2,3300,1.0,0,0,4,7,970,0,47.6609,-122.343,1060,3600,13.151922179645874
3,6642,2.0,0,0,3,7,1690,0,47.6793,-122.033,2120,5080,13.054084536651034
4,3800,3.0,0,0,3,9,3440,0,47.6408,-122.307,1760,3800,14.066269276311457
8,3000,1.5,0,0,3,7,1210,1070,47.6675,-122.316,1610,3000,13.458835614025542
4,7452,1.0,0,0,3,7,1430,500,47.4098,-122.189,1714,7200,12.65075846679162
3,9145,1.5,0,0,4,6,990,0,47.5022,-122.36,1640,8320,12.4130868149145
3,1067,3.0,0,0,3,8,1270,0,47.7236,-122.353,1090,1118,12.691580461311874
3,5500,1.5,0,0,3,7,1280,980,47.681,-122.388,1790,5355,13.345506928718539
3,7000,1.0,0,0,3,7,1190,0,47.6453,-122.403,1350,7000,13.15676480412166
3,9708,1.5,0,0,5,7,1690,0,47.5732,-122.136,1570,9858,12.971540487669746
3,1204,3.0,0,0,3,8,1640,0,47.6196,-122.297,1630,3136,13.556739829006913
3,15040,1.0,0,0,4,6,1550,0,47.4873,-122.099,1510,41416,12.429016176841717
2,3825,1.0,0,0,3,7,850,400,47.6805,-122.38,1370,4998,13.03789422077788
5,38125,1.0,0,0,4,7,1120,200,47.3937,-122.323,2360,15070,12.84792653170257
3,8925,1.0,0,0,4,7,2150,0,47.6253,-122.119,1100,7875,12.988603387224805
4,6214,1.5,0,3,4,10,2590,1250,47.6388,-122.406,3280,5915,14.582140515284022
2,20917,1.5,0,0,3,5,1590,0,47.2786,-122.25,1310,6000,12.205822614274965
3,11340,1.0,0,3,4,7,1060,1060,47.4109,-122.329,1830,8650,12.815838217151068
3,7200,2.0,0,2,3,10,1780,140,47.5709,-122.408,2080,5000,13.710150042306449
3,2600,1.5,0,0,4,8,1570,0,47.6867,-122.37,1490,4000,13.270783382522602
4,3332,2.0,0,0,3,7,1630,140,47.5563,-122.281,1640,4000,13.011431816697048
4,3800,2.0,0,0,3,11,2880,400,47.6299,-122.28,2050,3800,14.761360092079974
3,2216,2.0,0,2,4,9,2090,515,47.6529,-122.202,2605,1979,13.832367675030698
2,4635,1.0,0,0,3,6,840,440,47.5532,-122.28,1660,6180,12.345834587905333
2,6509,1.0,0,0,4,5,660,0,47.4938,-122.171,970,5713,12.33468571299815
3,43995,2.0,0,0,3,8,2510,0,47.4545,-121.988,2470,48351,13.16158409055761
4,7960,1.0,0,0,3,8,1340,760,47.6079,-122.195,2060,7960,13.507625778194974
3,15600,1.0,0,0,3,7,1630,0,47.68,-122.165,1830,10850,13.165422866864775
5,7232,2.0,0,0,3,9,4180,0,47.7049,-122.125,3570,6054,13.855586674386608
4,38985,2.0,0,0,3,10,3480,0,47.6895,-122.052,3630,36290,13.704578997256993
3,1198,2.0,0,0,3,8,1080,250,47.555,-122.362,1260,1062,12.691580461311874
4,3500,1.5,0,0,5,8,1540,390,47.6167,-122.29,1800,5000,13.444284544557734
3,11835,1.0,0,0,5,8,1630,600,47.563,-122.178,2190,10384,13.388489786890393
4,5043,1.0,0,0,3,7,870,910,47.7045,-122.342,1350,5044,12.628067055589549
3,2000,2.0,0,0,3,9,1330,180,47.5815,-122.402,1510,1352,13.38472764187182
3,4800,1.0,0,0,3,7,1200,200,47.6865,-122.379,1440,3840,13.193753373491
3,6000,1.0,0,0,4,7,1080,0,47.7579,-122.33,1200,7210,12.524526376648708
3,5400,1.5,0,0,4,7,1380,770,47.555,-122.379,1940,6500,13.300509562787802
3,9954,1.0,0,0,4,7,1060,0,47.3801,-122.289,1620,8760,12.2783933071098
3,8400,1.0,0,0,4,7,1220,0,47.5467,-122.173,2110,9119,12.513373504851106
4,3909,2.0,0,0,3,8,2580,0,47.6852,-122.21,1820,5772,13.71003892502204
4,6260,2.0,0,0,3,7,2580,0,47.4858,-122.185,2160,3600,12.832011076396668
3,3545,3.0,0,0,5,9,2130,0,47.6389,-122.349,1970,3464,13.878485357125662
3,8377,1.0,0,0,4,7,940,0,47.5974,-122.2,1710,6900,13.493926933836812
4,7000,1.5,0,0,3,7,1710,0,47.7037,-122.293,2030,7938,12.978493006984626
2,3000,1.0,0,0,4,7,1010,0,47.4965,-121.785,1150,7000,12.542544882151386
3,5060,1.0,0,0,3,7,1040,0,47.5636,-122.394,890,5060,13.081541382884074
3,8450,1.0,0,0,4,6,910,0,47.4787,-122.158,1400,8040,12.521795378137476
3,8108,1.0,0,0,3,7,1010,0,47.735,-122.309,1110,8108,12.206072645530174
3,7500,1.0,0,0,4,7,1090,1040,47.4593,-122.343,1590,7500,12.765688433465597
4,7510,2.0,0,0,5,8,1840,0,47.2595,-122.218,1650,7957,12.498742259492994
3,7800,1.0,0,0,3,7,1130,0,47.5239,-122.288,1170,7800,12.429216196844383
2,7250,1.0,0,0,3,5,720,0,47.5267,-122.032,1760,7250,12.706847933442663
4,7215,2.0,0,0,3,9,3010,0,47.6952,-122.178,3010,7215,13.687620366658358
3,4006,2.0,0,0,3,8,1720,0,47.569,-122.007,1780,3974,13.190022025878143
4,16028,1.0,0,3,3,9,1870,1200,47.5271,-122.228,3070,19822,14.018451401960965
5,5500,2.0,0,2,3,9,3620,0,47.5442,-121.996,3260,5500,13.66002565512388
2,2040,3.0,0,0,3,7,1320,0,47.7224,-122.291,1430,2040,12.598114733306197
3,1200,3.0,0,0,3,8,1460,0,47.7,-122.367,1460,1245,12.964551001744079
2,3708,1.5,0,0,3,7,1250,0,47.685,-122.363,1430,3708,13.16158409055761
5,5379,2.0,0,0,3,9,2860,0,47.7082,-122.104,2980,6018,13.487006490992238
4,8292,2.0,0,0,3,7,2200,0,47.7456,-122.315,1090,8290,12.92391243868049
3,10731,1.0,0,0,3,7,1530,0,47.7655,-122.244,2100,12593,12.89921982609012
3,4600,2.0,0,0,3,8,2570,0,47.2582,-122.196,2570,5000,12.736671484395103
3,16170,1.0,0,0,3,7,1630,0,47.7104,-122.235,1630,9931,12.834681304952548
3,844,2.0,0,0,3,7,798,200,47.6983,-122.367,998,1110,12.676076274775909
6,10000,2.0,0,0,3,8,2950,1360,47.6214,-122.062,2100,10000,13.567049198665774
3,8100,1.0,0,2,3,8,1680,0,47.7212,-122.364,1880,7750,13.369223455335854
4,7665,2.0,0,0,4,8,2210,0,47.5424,-122.168,1960,7903,13.180632285528304
3,3570,1.5,0,0,5,7,1490,50,47.6692,-122.325,1620,4080,13.244581010128577
3,7341,1.0,0,0,3,7,1320,0,47.7367,-122.295,1160,7573,12.821258284620408
3,8312,1.0,0,1,4,7,1220,720,47.4556,-122.346,2060,9503,13.017002861746503
3,55867,1.0,1,4,4,8,2330,1600,47.7022,-122.224,2730,26324,14.93718811956338
3,42159,2.0,0,0,3,10,2960,0,47.7183,-122.1,2640,25209,13.651814465293484
3,76531,1.0,0,0,3,10,1640,800,47.7672,-122.161,1890,10042,13.487006490992238
4,11700,1.0,0,0,4,9,1960,340,47.6331,-122.094,2840,12000,13.329377546788654
4,4650,1.0,0,1,3,7,1190,930,47.6964,-122.4,2070,6487,13.274225726713574
4,11603,2.0,0,0,4,7,1920,0,47.4315,-122.169,1840,7350,12.691580461311874
3,10153,2.0,0,0,3,10,2260,0,47.641,-122.068,2740,10153,13.304684934198283
3,8784,1.0,0,0,3,7,1230,550,47.701,-122.172,1780,7704,13.060487973686241
4,17133,1.0,0,4,3,10,2220,1400,47.5604,-122.027,3530,17026,13.731041401337825
4,6626,2.0,0,0,3,9,2990,0,47.7107,-122.11,2910,5533,13.610882040647779
3,7200,1.0,0,3,3,9,1780,1040,47.7691,-122.388,2300,7200,13.465953081794405
5,8642,1.0,0,0,3,7,1330,900,47.487,-122.32,2100,11056,12.721736545936414
3,12473,1.0,0,0,3,8,1420,460,47.7623,-122.256,2300,10469,12.896716695872
3,4800,2.0,0,0,3,8,1690,450,47.6311,-122.312,2440,4800,13.814009431838008
4,5000,1.5,0,0,5,7,1720,610,47.6804,-122.358,2090,5000,13.700099706452946
3,7200,1.0,0,0,3,7,1500,0,47.7748,-122.337,1650,7392,12.793859310432293
4,7220,2.0,0,1,3,8,1600,730,47.7764,-122.386,2220,9100,13.38472764187182
3,3388,1.0,0,0,4,8,1230,640,47.6372,-122.395,1780,4050,13.38472764187182
3,1091,3.0,0,1,3,9,1530,130,47.5818,-122.402,1510,1352,13.500114646944978
3,21096,2.0,0,2,3,9,3310,0,47.3049,-122.386,3310,13835,12.945626198904275
4,11000,1.0,0,0,3,8,1620,640,47.6224,-122.109,1960,10000,13.226723392728571
4,13383,1.0,0,0,3,8,1170,1170,47.6211,-122.037,1810,12532,13.049792684569493
3,7251,1.0,0,0,4,8,1770,0,47.4087,-122.17,2560,7210,12.678884827097948
4,4800,2.0,0,0,3,8,2009,0,47.2586,-122.2,1798,4800,12.538967060803502
4,7200,1.0,0,0,4,7,1300,0,47.4179,-122.181,1420,7200,12.46651198158808
3,4418,2.0,0,0,4,8,1820,0,47.6947,-122.19,1920,13402,13.401509118833824
3,9668,1.0,0,1,4,8,1540,870,47.6996,-122.391,2510,5250,13.480736877978643
2,7142,1.0,0,0,3,7,1170,0,47.7497,-122.313,1170,7615,12.323855681186558
3,8120,2.0,0,0,3,8,2260,0,47.2924,-122.357,2250,7784,12.691580461311874
3,4244,2.0,0,0,3,8,2440,0,47.7057,-122.112,2690,4556,13.499429010990795
2,1516,2.0,0,0,3,8,1040,0,47.6037,-122.307,1560,1920,12.971540487669746
1,4590,1.0,0,0,3,6,790,0,47.5677,-122.285,1070,4590,12.765688433465597
4,18303,2.0,0,0,4,10,2900,0,47.5981,-122.03,2900,18303,13.592367006650065
3,11571,1.0,0,0,3,7,1150,0,47.4931,-122.298,1630,11571,12.271392111650817
4,7200,2.0,0,0,3,10,3120,800,47.5731,-122.284,3400,7200,14.207552645740298
3,14398,1.0,0,0,3,7,1080,500,47.6328,-122.174,1650,14407,13.333353372545968
3,7770,1.0,0,0,4,7,1680,0,47.6028,-122.167,1880,7770,13.180632285528304
2,1172,2.0,0,0,3,8,1000,240,47.5877,-122.316,1260,1111,12.834547962729536
3,5128,1.0,0,1,3,8,1270,1160,47.5198,-122.389,2510,5330,13.235692062711331
3,5500,1.5,0,0,5,7,1520,0,47.5839,-122.383,2310,5500,13.51169910358261
4,35025,2.0,0,0,3,10,3440,0,47.6674,-122.055,3210,35005,13.656514826473817
3,15890,1.0,0,0,3,7,840,300,47.4752,-121.757,1200,15247,12.721885810807203
4,22215,2.0,0,0,5,7,2570,0,47.4833,-122.157,2460,6533,12.873902018105829
2,280962,2.0,0,2,3,9,1890,370,47.6359,-121.94,2860,219542,13.383187995686226
4,9545,1.0,0,0,4,7,1080,600,47.739,-122.243,1890,9545,12.959844447906553
3,5000,2.0,0,3,5,9,2000,670,47.5855,-122.292,2320,5000,13.968231644981937
4,4000,2.0,0,0,3,7,2475,0,47.3452,-122.209,2475,4000,12.706544857216672
4,8937,1.0,0,0,4,8,1460,780,47.6495,-122.194,2360,9038,13.422467969854667
3,13418,1.0,0,0,3,8,1430,870,47.6075,-122.2,2140,9380,13.321214236149494
4,9996,1.0,0,0,4,8,1920,960,47.7584,-122.143,2410,10584,13.327750207129279
5,27810,1.0,0,0,3,7,1990,0,47.3325,-122.35,2240,20000,12.128111104060462
4,6731,1.0,0,0,4,7,1210,700,47.5693,-122.391,1780,6350,13.208541073645382
3,9315,2.0,0,0,3,7,1780,0,47.7484,-122.353,1780,8545,13.14020329553266
4,12220,1.5,0,0,4,7,1560,0,47.5287,-122.053,1920,12220,13.14432054475637
3,6263,2.0,0,0,3,9,2390,0,47.7379,-122.248,2390,11761,13.190022025878143
3,35912,2.0,0,0,3,8,2160,0,47.7273,-122.083,2230,35244,13.071070083016778
3,14000,1.0,0,0,4,7,1300,0,47.4213,-122.322,1390,8750,12.345834587905333
2,9600,1.5,0,0,4,6,1400,0,47.2113,-121.993,1230,9600,12.206072645530174
2,9850,1.0,0,0,4,7,1200,0,47.3089,-122.21,1060,5095,12.14950229404178
3,8448,2.0,0,2,3,9,3080,0,47.6469,-122.389,2500,6400,13.764217263576723
3,9157,2.0,0,0,3,9,2390,0,47.6617,-122.15,2360,8250,13.507625778194974
4,8400,1.0,0,0,5,7,1340,0,47.3313,-122.343,1120,8400,12.415522869712381
2,6014,1.0,0,0,4,6,600,600,47.5357,-122.28,1270,4652,12.886641043883259
3,5717,2.0,0,0,3,7,2230,0,47.4388,-122.117,2230,5194,12.817874186636166
4,8400,1.0,0,0,4,8,1240,850,47.6872,-122.123,2340,9000,13.321214236149494
2,6230,1.0,0,0,3,8,2280,0,47.7065,-122.013,1640,5931,13.531156275605168
2,6000,1.0,0,0,2,7,1260,200,47.7009,-122.317,1580,6380,12.65075846679162
3,43560,1.0,0,0,4,7,1340,580,47.6052,-122.044,2540,58806,13.142166004700508
4,6000,1.0,0,0,3,7,1280,1080,47.6465,-122.357,1700,3460,13.458835614025542
3,14800,1.0,0,0,3,8,1620,670,47.7735,-122.273,2320,12474,13.060487973686241
4,6380,1.5,0,0,3,7,1210,0,47.6924,-122.321,1340,6380,13.091904169919621
4,64694,1.0,0,0,3,8,1450,700,47.3268,-122.388,2430,59612,12.899094818276968
3,17321,1.0,0,0,4,7,1100,730,47.5072,-122.272,1450,10706,12.594730635321957
3,7350,1.0,0,0,3,7,1470,0,47.3616,-122.286,1720,8050,12.388394202324129
4,15054,1.0,0,0,3,8,1460,1400,47.7655,-122.3,1730,18525,13.038981768465277
4,7480,1.0,0,0,3,7,1230,580,47.3275,-122.361,1870,9594,12.468436909997665
3,9622,1.0,0,1,3,8,1210,0,47.5728,-122.179,1580,9714,13.399995114002609
3,10227,1.0,0,0,4,6,1270,0,47.6876,-122.168,1470,9750,12.92391243868049
3,3090,1.5,0,0,5,6,1350,0,47.682,-122.348,1350,3090,12.89921982609012
2,6000,1.0,0,0,3,6,940,0,47.4907,-122.336,1310,6000,11.652687407345388
3,9417,1.0,0,0,4,8,1500,510,47.373,-122.185,1200,8250,12.721885810807203
4,7508,2.0,0,0,3,10,3430,0,47.6866,-122.11,3110,8741,13.608486388529947
3,43995,1.0,0,0,3,7,1960,0,47.4915,-122.106,1960,42253,13.081541382884074
3,43560,1.0,0,0,4,7,1350,950,47.7716,-122.101,2320,57000,13.17115354157376
3,7500,1.0,0,0,4,7,920,0,47.3791,-122.289,1660,8000,12.220961258023925
3,1212,2.0,0,0,3,9,1040,450,47.6226,-122.313,1490,1337,13.507625778194974
3,4332,2.0,0,0,3,8,1810,0,47.5776,-121.996,1740,4332,13.15676480412166
3,21010,2.0,0,0,3,7,2020,0,47.6988,-121.915,1850,18151,12.948009990259552
3,4995,2.0,0,0,3,8,2242,0,47.2595,-122.202,1798,4942,12.706544857216672
4,8000,1.0,0,0,3,6,1280,0,47.4949,-122.255,1420,8211,12.409013489526863
3,7200,1.5,0,0,4,7,1340,0,47.5601,-122.265,1630,5760,13.208541073645382
4,20100,1.0,0,0,4,6,820,340,47.5175,-122.201,1670,10200,13.122363377404328
4,6555,2.0,0,0,3,9,2910,0,47.6659,-122.172,2910,10419,13.604789526648622
3,11774,1.0,0,1,3,8,2240,410,47.4909,-122.363,2650,10120,13.120361374733656
3,8760,1.0,0,0,4,6,1510,0,47.3015,-122.216,1040,7828,12.154779351142624
3,1977,2.0,0,0,3,8,1360,360,47.6127,-122.299,1720,3420,13.213117740672793
4,5100,2.0,0,0,3,8,2470,0,47.3622,-122.041,2240,5123,12.727838209334498
2,1155,3.0,0,0,3,7,980,130,47.5496,-122.388,1110,1089,12.896716695872
2,5680,1.0,0,0,4,8,1440,0,47.3825,-122.319,1320,3547,12.254862809699606
3,8775,1.5,0,1,4,8,2190,0,47.7303,-122.287,1910,8145,13.283546414995719
1,3876,1.0,0,0,3,6,700,0,47.6886,-122.352,1150,3952,12.66032791780777
3,4838,2.0,0,0,3,8,1730,160,47.4802,-122.279,1910,7409,12.505992035646432
4,4630,2.0,0,0,3,7,2550,0,47.5928,-122.004,2550,5151,13.194684038983954
2,13054,1.0,0,1,3,7,2080,0,47.7435,-122.292,2440,13054,13.304684934198283
2,11450,1.0,0,0,3,6,930,0,47.4862,-122.264,1150,11450,12.154779351142624
4,7200,1.0,0,0,3,7,1230,570,47.7717,-122.376,2260,7498,13.071070083016778
3,5100,1.0,0,0,4,7,1210,450,47.5345,-122.383,1440,5100,13.151922179645874
4,4372,2.0,0,0,5,8,1540,690,47.6698,-122.334,2020,4372,13.710150042306449
3,1612,2.0,0,0,3,8,1430,470,47.544,-122.385,1780,1525,12.97502278950562
4,4600,1.5,0,0,3,8,1820,840,47.6258,-122.305,2350,4600,14.02577148344747
4,9240,1.0,0,0,3,7,1160,1160,47.4909,-122.257,2130,7320,12.691426603322494
3,4094,2.0,0,0,3,9,2375,0,47.6627,-122.086,2095,4442,13.475833190394113
3,223462,1.0,0,2,4,6,1000,0,47.2099,-122.043,1710,105850,12.301382825334498
4,50621,2.0,0,0,3,10,4280,640,47.6575,-122.006,4920,74052,14.158220442802499
3,4872,1.0,0,0,4,6,1210,0,47.5551,-122.273,1070,4872,13.049792684569493
4,7665,1.0,0,0,4,8,1500,420,47.4476,-122.128,2100,7344,12.739637756265655
3,4840,1.5,0,0,3,8,1360,0,47.5487,-122.376,1450,4840,12.853175887588712
4,5000,1.5,0,0,3,8,1780,0,47.6761,-122.297,2030,5000,13.39162686433209
4,9779,1.0,0,0,3,10,2350,0,47.6411,-122.065,2700,10441,13.447341234599806
3,9600,1.0,0,0,3,8,1930,0,47.5747,-122.237,2350,9840,13.58609739363647
3,9370,1.0,0,0,4,8,1620,1300,47.5491,-122.151,2890,9609,13.38472764187182
3,9154,1.0,0,0,3,8,1540,0,47.6207,-122.042,1990,10273,13.017002861746503
3,16679,1.0,0,0,3,8,1840,0,47.3207,-122.275,1910,15571,12.52434454193596
3,11536,2.0,0,0,3,7,2240,0,47.4886,-122.245,1650,8760,12.686954392923091
3,9864,1.0,0,0,3,7,1160,360,47.3186,-122.171,1580,7425,12.388394202324129
4,12369,2.0,0,0,3,10,3200,0,47.5273,-122.143,3770,12960,13.494100711839987
3,6000,1.0,0,0,3,8,1840,200,47.6334,-122.35,1820,4920,13.67911793305872
3,3264,1.5,0,0,5,7,1350,750,47.6702,-122.364,1720,3750,13.345506928718539
3,1683,2.0,0,0,3,8,1270,50,47.5357,-122.365,1320,2206,12.818551923022664
3,10000,2.0,0,0,4,7,1830,0,47.741,-121.979,1480,10000,12.793859310432293
4,10375,1.0,0,0,5,7,1630,0,47.7566,-122.073,1360,10026,12.793859310432293
4,8126,2.0,0,0,3,8,2830,0,47.4863,-122.14,2830,7916,13.152892582439152
2,6016,1.0,0,0,3,6,800,0,47.6913,-122.369,1470,3734,12.911642346088676
5,10453,1.0,0,2,3,8,1360,480,47.4508,-122.368,2250,11250,12.886641043883259
5,13990,2.0,0,2,3,11,3760,1200,47.5491,-122.137,5200,18116,14.119312012295937
3,8906,1.0,0,0,3,7,1240,1240,47.5366,-122.289,1800,8906,12.765688433465597
3,8701,1.0,0,0,3,7,1220,400,47.6071,-122.137,1600,7910,13.060381585048447
3,8145,1.0,0,0,4,6,990,160,47.7471,-122.317,1200,8145,12.577636201962656
4,12103,1.0,0,3,3,11,2690,1600,47.5503,-122.102,3860,11244,14.151982794585487
2,2550,1.0,0,0,3,6,910,0,47.3494,-122.022,1310,2550,12.170445467887022
3,6269,1.0,0,0,4,6,990,500,47.4917,-122.188,1490,7722,12.328290278254423
3,3150,1.5,0,0,4,8,1650,0,47.6156,-122.297,1650,4500,13.340695371721317
3,6161,2.0,0,0,3,10,3840,0,47.6336,-122.064,3230,7709,13.674753120248011
5,35124,2.5,0,0,3,11,4470,0,47.7377,-122.084,4050,34118,13.63098657761512
4,81892,1.0,0,0,3,8,2360,0,47.369,-122.156,1730,18096,13.005829561148378
4,6166,2.0,0,0,3,9,3310,0,47.521,-121.877,3200,7027,13.396960210307455
5,11928,2.0,0,0,3,9,2540,1150,47.6108,-122.06,2640,11928,13.369223455335854
3,1800,2.0,0,0,3,7,1320,0,47.6081,-122.289,2010,4500,13.199324418540456
5,8000,1.0,0,0,4,7,1240,1200,47.7283,-122.17,1780,8391,13.17115354157376
4,22111,2.0,0,0,3,10,3360,0,47.5951,-122.017,3150,11374,13.686540176667314
2,3272,1.0,0,0,5,8,1090,0,47.3794,-122.32,1160,5475,12.487485104968359
3,6400,1.0,0,0,4,7,1240,470,47.3036,-122.377,1600,6400,12.468436909997665
3,13280,2.5,0,0,3,6,1480,0,47.5378,-122.043,1510,8723,13.028052697933088
3,7080,1.0,0,2,3,8,1310,280,47.5244,-122.386,2080,7200,13.487006490992238
3,7916,2.0,0,0,3,9,2370,0,47.528,-122.171,2500,8221,13.39239051461739
3,1362,3.0,0,0,3,7,1440,0,47.6908,-122.365,1180,2603,13.058358047428417
4,5376,1.5,0,0,4,7,1550,900,47.6865,-122.396,1920,5264,13.454468951158033
3,2262,3.0,0,0,3,8,1650,0,47.6823,-122.347,1620,3166,13.213117740672793
2,7311,1.0,0,0,3,7,860,790,47.7772,-122.357,1660,7255,12.804909146618877
4,13400,1.0,0,2,4,8,2060,0,47.4404,-122.34,1950,10370,12.765688433465597
6,18200,2.5,0,0,3,13,5240,1860,47.6427,-122.408,3130,6477,14.978661367769956
2,2686,2.0,0,0,3,7,1090,0,47.717,-122.19,1160,2158,12.425208175446844
3,7198,1.0,0,0,5,6,1280,0,47.2094,-121.996,1260,7198,12.332705296463539
2,1430,2.0,0,0,3,8,750,0,47.6093,-122.31,1320,2790,12.834681304952548
4,6179,2.0,0,0,4,9,2330,720,47.6253,-122.284,3020,6505,14.204168547756057
2,92782,1.0,0,0,2,6,1330,0,47.6624,-121.868,1280,168141,13.028052697933088
3,3600,2.0,0,0,3,8,1610,0,47.771,-122.169,2210,3600,12.936033799212835
2,12250,2.5,0,0,4,6,1747,0,47.3282,-122.285,1620,10300,12.496874845318198
4,4772,2.0,0,0,3,9,2708,0,47.3413,-122.178,2502,4900,12.98757862822796
6,29985,1.0,0,0,5,7,1400,1400,47.4398,-122.08,1980,29985,12.911642346088676
3,4080,1.0,0,0,5,6,1170,0,47.5338,-122.381,920,4242,12.793859310432293
3,5868,2.0,0,0,3,7,3020,0,47.3361,-122.175,2710,5470,12.524526376648708
3,10959,1.0,0,0,4,7,1030,680,47.697,-122.199,1710,10498,13.099094750464975
3,873,3.0,0,0,3,8,1340,0,47.7325,-122.343,1340,1186,12.621488084491506
4,34000,2.0,0,0,4,7,2650,0,47.7516,-122.237,1960,34000,13.329377546788654
4,6621,1.0,0,0,4,6,1030,0,47.4857,-122.221,1420,6631,12.230765258120545
4,6293,2.0,0,0,3,9,3130,780,47.5389,-121.86,4410,6015,13.472949824002503
3,8028,1.0,0,0,3,7,1200,330,47.7768,-122.361,1530,8028,13.001325049027272
4,5612,2.0,0,0,3,9,2820,0,47.7477,-122.236,1620,14881,13.279367126213993
3,8950,1.0,0,0,3,7,1160,0,47.7499,-122.338,1210,8193,12.594561129431222
2,4520,1.0,0,0,5,7,890,890,47.5798,-122.404,1560,4520,13.369145327283938
3,5120,1.5,0,0,3,6,1210,200,47.5238,-122.355,1330,5120,12.592524814456407
4,7451,1.0,0,0,3,8,1350,620,47.765,-122.335,1980,7510,12.772805901234461
3,4400,1.5,0,0,4,8,1700,0,47.612,-122.292,1610,4180,13.592367006650065
2,2970,1.0,0,0,3,7,970,0,47.6233,-122.319,1670,3000,12.959844447906553
3,3174,2.0,0,0,3,9,2060,260,47.6897,-122.175,2320,3187,13.180632285528304
4,37026,1.0,0,0,4,8,1970,0,47.4375,-122.446,1970,51836,12.886641043883259
4,8113,1.0,0,0,4,7,1350,0,47.5807,-122.196,1930,8113,13.296316684527767
4,8344,2.0,0,0,3,8,2360,0,47.4403,-122.126,1860,8410,12.672946381766982
2,3434,1.0,0,0,5,6,740,0,47.2088,-121.992,1160,6000,12.072541252905651
4,85377,1.5,0,0,3,8,1976,870,47.317,-122.281,1696,57934,13.085699393032737
3,4102,2.0,0,0,3,7,1690,0,47.3552,-122.015,1830,4733,12.594730635321957
3,6000,2.0,0,0,3,8,2500,0,47.4408,-122.161,2130,6000,12.977337605354071
3,5259,2.0,0,0,3,8,1560,0,47.5985,-122.016,2170,5461,13.24634935718532
4,5249,2.0,0,0,3,7,2290,0,47.4916,-122.162,2270,4348,12.971540487669746
4,4322,1.0,0,0,3,7,1140,1180,47.5755,-122.289,1820,4322,13.081541382884074
3,7416,1.0,0,0,4,7,1570,0,47.4117,-122.174,1900,7416,12.441144767709657
3,7800,2.0,0,3,3,10,3230,0,47.6348,-122.403,3030,6600,14.389874202534253
2,5000,1.0,0,0,3,7,890,0,47.6666,-122.279,1680,5000,13.432784936825598
3,1634,3.0,0,0,3,8,1260,0,47.697,-122.349,1260,1135,12.742566016044742
3,21138,1.0,0,0,4,7,1240,570,47.4674,-122.178,1850,12200,12.611537753638338
3,10816,2.0,0,0,3,7,1430,0,47.3122,-121.996,1560,10816,12.128111104060462
2,6240,1.0,0,0,4,7,1100,0,47.6446,-122.403,1250,6240,13.253391639810733
4,35868,2.0,0,0,3,9,2710,0,47.375,-122.022,2780,36224,13.085699393032737
2,5040,1.0,0,0,3,7,940,0,47.5375,-122.374,940,5040,12.26763800118833
5,9000,2.0,0,0,3,10,4430,0,47.6168,-122.216,2470,9490,14.71159858252091
3,6187,2.0,0,0,3,7,1770,0,47.4034,-122.189,1650,7200,12.409013489526863
4,7200,1.0,0,0,4,7,1500,390,47.7278,-122.218,2070,7200,13.135279602670876
3,8880,1.0,0,0,3,7,1330,700,47.5586,-122.311,2140,5592,12.909170156943286
4,16007,2.0,0,0,3,9,2740,0,47.6353,-122.229,2760,16008,14.018451401960965
3,11556,2.0,0,0,3,8,1880,0,47.6283,-122.032,1880,12000,13.217673557208654
2,1157,2.0,0,0,4,7,710,0,47.6413,-122.329,1370,1173,12.899094818276968
4,32997,1.5,0,0,4,7,3080,0,47.498,-122.321,1980,5711,12.80765263256463
2,10500,1.0,0,0,3,7,1460,0,47.4461,-121.768,1340,9600,12.304333014697693
4,7287,2.0,0,0,3,8,2910,0,47.5354,-121.869,2420,6180,13.296316684527767
3,5093,2.0,0,3,3,10,3250,0,47.5123,-122.39,2820,7752,13.864300722133706
3,5060,1.0,0,0,4,7,910,500,47.7073,-122.34,1130,5693,12.92391243868049
4,36254,1.0,0,0,4,8,1590,910,47.4685,-122.004,2360,36254,13.017002861746503
5,13000,1.0,0,0,3,7,2350,0,47.4939,-122.256,1570,11440,12.533770787832148
3,7360,1.0,0,0,4,7,1200,0,47.6979,-122.13,1200,7500,12.86099861326992
2,1020,2.0,0,0,3,7,830,0,47.5604,-122.363,830,1379,12.230765258120545
2,5000,1.0,0,3,3,7,930,0,47.5333,-122.388,1760,5228,13.458835614025542
3,3655,2.0,0,0,3,7,1970,0,47.7453,-121.984,1970,2952,12.765688433465597
3,104979,2.0,0,0,3,8,3210,590,47.4304,-121.841,2040,109771,13.064734264567692
4,5954,2.0,0,0,3,8,2470,0,47.7685,-122.236,2470,4800,13.217673557208654
3,11895,1.0,0,0,3,7,1790,300,47.5362,-122.267,2180,11072,13.042345669418298
2,6900,2.0,0,0,3,7,1590,850,47.5568,-122.271,1770,6900,13.404077678076318
7,2400,1.5,0,0,3,6,2310,0,47.6775,-122.39,1340,3825,13.270783382522602
3,1121,3.0,0,0,3,8,1380,0,47.6617,-122.349,1310,1405,13.071070083016778
4,11050,1.0,0,0,5,7,1500,0,47.4509,-122.088,1970,20800,12.45273739188573
3,6300,1.0,0,0,3,7,1340,0,47.7186,-122.218,1780,7200,12.777052192115912
2,1249,3.0,0,0,3,8,1240,0,47.6718,-122.386,1240,2500,13.036805489042683
4,4750,2.0,0,0,5,7,1660,700,47.6729,-122.293,1810,4750,13.5985975564007
5,7642,2.0,0,0,3,8,4140,0,47.591,-122.008,3330,6953,13.487006490992238
4,9606,2.0,0,0,3,9,3800,0,47.7368,-122.208,3400,9677,13.500799813124575
3,1540,2.0,0,0,3,8,1100,270,47.5638,-122.388,1370,915,12.86099861326992
4,2750,1.0,0,0,3,8,1010,1010,47.6053,-122.291,1840,4000,13.303016877097587
4,10000,2.0,0,0,3,8,2040,640,47.726,-122.296,1530,8000,13.16158409055761
2,6718,1.0,0,2,3,7,1230,470,47.4131,-122.331,2040,7500,12.736700896592344
3,5280,1.0,0,0,4,7,1190,0,47.5131,-122.383,1280,5280,12.92391243868049
3,3600,2.5,0,0,3,9,2570,0,47.5412,-121.994,2570,3600,13.42984807715229
4,6000,2.0,0,0,3,8,2940,0,47.7533,-122.198,2510,6600,13.235692062711331
4,5010,2.0,0,0,3,9,2170,660,47.6952,-122.327,1880,5739,13.51169910358261
5,23985,2.0,0,4,3,12,6720,1280,47.6232,-122.22,4600,21750,15.49260711887219
4,2452,1.5,0,0,4,7,1540,0,47.6522,-122.348,1290,3360,13.244581010128577
3,11050,1.0,0,0,4,8,1320,700,47.4706,-122.119,1940,11050,12.706847933442663
4,5398,1.0,0,0,3,7,1430,500,47.646,-122.363,1910,4902,13.458835614025542
2,9520,1.0,0,0,4,6,720,0,47.7678,-122.316,1450,8612,12.180754837545884
3,4108,2.0,0,0,3,7,1590,0,47.4832,-122.181,2160,3912,12.690040815126281
4,8890,1.0,0,0,5,6,1770,0,47.4589,-122.353,1010,7620,12.779873068457553
4,8000,2.0,0,0,4,8,3340,0,47.317,-122.385,2230,8000,12.647548191161372
2,13647,1.0,0,0,5,6,1020,0,47.2848,-121.927,980,8250,11.982929094215963
4,13592,1.0,0,1,3,9,2560,1250,47.5134,-122.2,3230,9311,13.641038116113718
3,2000,3.0,0,0,3,9,1680,0,47.6604,-122.29,1950,5000,13.415032991367148
2,5080,1.0,0,0,5,6,1070,0,47.5224,-122.35,900,5080,12.691580461311874
4,5000,1.0,0,0,3,7,1030,1030,47.6992,-122.379,1280,5000,13.32530422140102
2,5570,1.0,0,0,3,8,1930,0,47.7173,-122.034,1810,5178,13.151922179645874
3,3000,2.0,0,0,3,8,1730,0,47.6532,-122.34,1730,1774,13.407542319637992
4,20400,1.0,0,0,4,11,2920,0,47.6237,-122.228,3080,20400,14.316285845876763
3,16480,1.0,0,0,4,7,1340,0,47.364,-122.162,1520,10451,12.384218830913648
3,3540,2.0,0,0,3,8,1960,0,47.3568,-122.055,1840,3825,12.742566016044742
3,2003,2.0,0,0,3,7,1480,310,47.5421,-122.321,1220,4000,12.429016176841717
3,7200,1.0,0,0,3,7,1010,440,47.7311,-122.199,1500,6767,12.631340380934517
4,3760,1.5,0,0,3,6,1210,0,47.6872,-122.344,1540,3800,13.021437458814368
2,10005,2.0,0,0,3,7,1010,0,47.5118,-122.189,1210,7794,12.644327576461329
4,6906,1.0,0,0,4,7,1040,1150,47.319,-122.373,1250,6440,12.577463773304586
3,2387,2.0,0,0,3,8,1830,820,47.6315,-122.362,1870,2216,13.652991628466498
4,35218,2.0,0,0,3,8,2680,0,47.4613,-121.997,2980,35218,12.873902018105829
5,279968,2.0,0,3,3,12,4070,2810,47.4624,-121.779,4690,256803,14.212943494375175
3,10454,1.0,0,0,4,6,1175,0,47.6388,-122.218,2010,10800,13.560618308335483
4,5000,2.0,0,0,3,7,1910,0,47.3608,-122.036,2020,5000,12.603169503967822
2,4000,1.0,0,0,3,7,1070,130,47.5766,-122.378,1770,4000,13.017002861746503
4,4000,1.5,0,0,3,8,1350,0,47.6885,-122.386,1520,4000,13.255144488638146
2,4447,1.0,0,0,3,8,1340,0,47.7175,-122.033,1350,4458,12.850554654108839
4,8800,1.0,0,0,3,7,1100,1030,47.383,-122.288,1480,8120,12.468436909997665
2,8900,1.0,0,0,3,6,900,900,47.51,-122.323,2040,10450,12.721885810807203
3,3971,2.0,0,0,3,7,1470,0,47.6816,-122.035,1650,3148,13.104504859103015
4,7957,1.0,0,0,4,8,1750,910,47.7351,-122.199,1890,8250,13.17115354157376
2,3915,1.0,0,0,4,7,980,0,47.5589,-122.29,1425,1576,12.834681304952548
3,4200,1.0,0,4,5,8,1140,1010,47.5671,-122.405,2510,7500,13.764217263576723
3,6825,1.0,0,0,3,7,1200,0,47.7491,-122.353,1470,8100,12.904207367601158
4,4596,2.0,0,0,3,8,2030,0,47.3515,-122.275,2040,4705,12.764258840656002
3,6000,2.0,0,0,3,8,1780,800,47.5778,-122.289,2300,5995,13.407542319637992
5,12491,1.0,0,0,3,6,1390,360,47.6995,-122.174,1560,12473,13.049792684569493
4,50233,1.0,0,0,4,7,1170,1170,47.5905,-122.022,2470,62290,13.249876697703288
3,1227,3.0,0,0,3,8,1370,0,47.6964,-122.341,1370,1236,12.834681304952548
3,8085,1.0,0,0,3,7,1210,570,47.7357,-122.197,1780,8085,13.075271769870477
4,6800,1.0,0,0,5,7,1340,850,47.7367,-122.195,1560,7611,12.928293073575826
4,7620,1.5,0,0,3,7,1550,0,47.5287,-122.35,1450,7620,12.751299696013497
3,3068,2.0,0,0,3,7,1690,0,47.6763,-122.028,1690,3260,13.086736199761178
4,18700,1.0,0,0,3,9,2210,700,47.7557,-122.368,2420,26140,13.527761816623505
2,102366,1.0,0,0,4,7,1940,470,47.5629,-121.918,2460,310582,13.304684934198283
2,1493,2.0,0,0,3,8,1050,300,47.5421,-122.388,1250,1202,12.886641043883259
5,14959,1.0,0,0,4,7,1770,870,47.6191,-122.234,3240,17904,14.150553201775892
6,4000,2.0,0,0,3,7,2390,0,47.5173,-122.286,1680,5000,13.044401835934616
3,19127,1.0,0,0,3,7,1650,500,47.5061,-122.324,1550,15000,12.820987977820545
4,5577,2.0,0,0,3,7,1990,0,47.3191,-122.191,2020,6400,12.554967402149943
3,7200,2.0,0,0,5,7,1480,0,47.3126,-122.023,1350,7200,12.4529327234617
4,7194,1.0,0,0,4,8,1400,590,47.4417,-122.135,1820,7400,12.70076888736628
4,10660,1.0,0,0,4,7,1030,360,47.4128,-122.323,1800,11960,12.513557345278134
3,5401,2.0,0,0,3,7,1550,0,47.737,-121.967,1740,4485,12.765688433465597
3,9195,1.0,0,0,3,8,1220,850,47.6491,-122.061,2080,9551,13.197470849891134
4,4000,2.0,0,0,3,9,2460,1020,47.6356,-122.281,2620,4000,14.403297222866392
3,8036,1.5,0,0,3,8,1950,1000,47.7239,-122.313,2060,7200,12.864887147009613
3,9388,1.0,0,0,3,7,1390,1340,47.3785,-122.185,2255,5701,12.751299696013497
3,915,2.0,0,0,3,8,1020,240,47.555,-122.363,1260,1056,12.54966234992025
4,7275,1.0,0,0,3,7,1180,0,47.7301,-122.2,1210,7275,12.706847933442663
3,4800,2.0,0,0,3,8,1660,0,47.6352,-122.358,1690,4000,13.738953435242118
4,7349,2.0,0,0,3,9,2550,0,47.3059,-122.349,2400,8508,12.818551923022664
3,6033,2.0,0,0,4,7,1770,0,47.3764,-122.119,1590,6510,12.599802497419917
4,199940,1.0,0,0,3,8,1310,1120,47.4116,-122.029,2220,150282,13.015891132893811
4,7233,1.0,0,0,3,8,1460,1030,47.3115,-122.396,2000,8000,12.524526376648708
3,1090,3.0,0,0,3,7,1315,50,47.6776,-122.324,1360,1124,13.180632285528304
3,7500,1.0,0,0,3,7,1180,340,47.7276,-122.181,2080,8000,13.038981768465277
3,3438,2.0,0,0,3,7,2095,0,47.3523,-122.213,1805,3402,12.58621994565405
4,3500,2.0,0,0,3,7,1710,0,47.3448,-122.217,1710,3500,12.55284875728966
5,14207,1.0,0,3,3,9,1540,1270,47.5742,-122.11,3190,14000,13.62918097977278
4,5060,2.0,0,0,3,9,2620,0,47.5634,-122.394,900,5060,13.597354548161103
3,9600,1.0,0,0,3,7,1190,0,47.4805,-121.762,1360,10140,12.609869696537642
3,9900,1.0,0,0,4,7,1090,0,47.6755,-122.16,1720,10419,12.611537753638338
5,16500,2.0,0,2,3,11,5050,0,47.5863,-121.967,4570,16500,13.840203170554645
5,13430,1.5,0,0,4,8,2310,0,47.6395,-122.203,2810,13906,13.652991628466498
3,1325,2.0,0,0,3,7,1180,230,47.5582,-122.363,1270,1282,12.66032791780777
3,15788,1.0,0,0,3,8,2160,0,47.6227,-122.207,2260,9787,13.802425318415619
3,2875,2.0,0,0,3,8,1770,0,47.5631,-122.397,1770,3833,12.994416363073707
6,7350,1.0,0,0,3,8,1780,1160,47.3103,-122.339,2120,8236,12.66032791780777
3,8394,1.0,0,0,4,8,1480,0,47.6634,-122.144,1920,9184,13.017002861746503
3,3452,2.0,0,0,3,12,2890,1000,47.626,-122.323,2860,2199,14.626440774180603
4,9300,1.0,0,0,5,7,1340,620,47.4487,-121.772,1500,9752,12.826649133255284
3,5100,1.5,0,0,4,7,2080,800,47.6805,-122.385,1820,5100,13.399995114002609
3,11866,1.0,0,0,3,8,2080,0,47.5872,-122.173,2240,10696,13.608486388529947
3,9315,1.0,0,0,3,7,1350,0,47.6587,-122.124,1840,9920,13.122263372403996
3,2231,2.0,0,0,3,7,1600,0,47.3314,-122.29,1600,2962,12.273731294003989
4,7000,1.0,0,0,4,7,1940,830,47.3396,-122.256,2140,7684,12.779873068457553
6,6000,2.0,0,4,3,9,2220,190,47.54,-122.382,1980,6000,13.55089375844349
4,9095,1.0,0,0,4,7,1130,900,47.7321,-122.185,1940,8000,12.911642346088676
2,5581,1.0,0,0,3,8,2160,0,47.7017,-122.023,2315,5652,13.480037821676145
3,6360,1.5,0,1,4,8,1790,1080,47.6813,-122.275,2310,6466,13.604789526648622
3,3218,3.0,0,0,3,7,2050,0,47.7612,-122.344,2050,7200,12.96453929221076
4,4500,1.5,0,0,5,8,1860,800,47.6864,-122.347,1830,4000,13.547631112808673
3,6474,1.0,0,2,3,8,1560,840,47.7728,-122.386,2340,10856,13.399995114002609
4,7320,1.0,0,0,4,7,1570,0,47.5967,-122.14,1530,8800,13.017002861746503
3,4080,2.0,0,0,3,7,2360,0,47.6825,-122.038,2290,4080,13.217673557208654
3,8861,1.0,0,0,3,7,1430,0,47.4454,-122.289,1080,9425,12.542544882151386
4,22445,2.0,0,0,4,8,2300,0,47.6454,-121.902,2640,21886,13.11835535600679
3,5960,2.0,0,2,5,8,1600,0,47.4758,-122.265,1410,13056,12.958207815235998
4,4751,2.0,0,0,3,7,2490,0,47.4813,-122.188,2510,5233,12.793859310432293
4,5741,2.0,0,0,3,9,3220,0,47.5169,-121.886,2960,6534,13.369223455335854
3,10350,1.0,0,0,3,7,1420,520,47.3385,-122.256,1810,7800,12.594730635321957
3,5000,2.0,0,0,4,7,1310,0,47.6722,-122.379,1270,4750,13.304684934198283
4,9827,2.0,0,0,3,8,2280,0,47.6883,-122.168,1660,9827,13.384419902217138
4,8400,1.0,0,0,3,7,770,770,47.4278,-122.152,1520,9891,12.537173338349476
3,8466,1.0,0,0,3,7,1290,840,47.4537,-122.211,2250,9682,12.793859310432293
2,1251,2.0,0,0,3,7,930,70,47.6529,-122.384,1420,1187,12.840000466430148
3,1005,3.0,0,0,3,8,1540,0,47.6828,-122.346,1510,1501,13.244581010128577
3,5978,2.0,0,0,3,9,2640,0,47.4759,-121.735,2680,6060,13.190022025878143
3,8040,2.0,0,0,3,8,2260,0,47.3203,-122.184,2390,8040,12.721885810807203
4,6625,2.0,0,0,3,8,3030,0,47.4815,-122.152,3030,9620,13.17115354157376
4,10072,2.0,0,0,3,8,2350,0,47.7628,-122.168,2210,9687,13.112313041550827
3,2767,2.0,0,0,3,8,1260,0,47.4914,-122.155,1310,2767,12.66032791780777
3,934,3.0,0,0,3,8,1680,0,47.5891,-122.387,1740,1280,13.232114241363448
2,1600,2.0,0,0,3,8,980,0,47.638,-122.375,1180,1600,13.010313873595706
4,10760,2.0,0,0,3,9,2960,0,47.5677,-122.013,2480,9528,13.45166712454693
3,11632,2.0,0,0,3,8,2250,0,47.5272,-122.169,2360,11632,13.195613839143922
4,20445,2.0,0,0,4,10,3470,0,47.547,-122.219,3360,21950,13.80949248563871
3,9535,2.0,0,0,3,8,1960,0,47.7371,-122.215,2520,9206,13.262125319779487
3,5000,2.0,0,0,3,7,1980,140,47.6666,-122.331,2020,5000,13.547631112808673
4,4750,2.0,0,0,3,9,2960,0,47.5544,-121.993,2960,4750,13.573438996764546
3,3378,1.0,0,0,3,7,1120,750,47.5371,-122.393,1870,1872,12.736700896592344
3,1180,3.0,0,0,3,8,1300,0,47.6871,-122.339,1300,1174,13.151922179645874
2,7193,1.0,0,0,3,7,1060,0,47.7102,-122.356,1980,7560,13.041153321978786
4,3376,1.5,0,0,5,7,1410,0,47.6606,-122.365,1040,3600,13.241034907121827
3,9015,2.0,0,0,3,9,3110,0,47.4369,-122.147,2650,8960,13.091904169919621
5,40341,1.0,0,0,5,8,2170,1850,47.4952,-122.068,2650,53437,13.287877815881902
3,6120,1.0,0,0,3,7,1020,0,47.6787,-122.285,2370,6695,13.091904169919621
3,8289,1.0,0,0,4,7,1250,1250,47.4973,-122.177,1710,8205,12.66032791780777
4,6000,1.0,0,3,5,7,1000,1000,47.6428,-122.348,2610,4377,13.473020249017498
4,5803,2.0,0,0,3,9,2950,0,47.7368,-122.231,2940,5803,13.304684934198283
2,12750,1.0,0,0,3,6,840,0,47.484,-122.211,1480,6969,12.072541252905651
3,3980,2.0,0,0,3,8,2320,0,47.5391,-122.07,2580,3980,13.271645080120082
5,18200,1.0,0,0,3,7,1990,0,47.4938,-122.262,1860,8658,12.089538829274222
4,3900,1.5,0,0,4,7,1480,1180,47.6398,-122.306,2350,3900,13.694472229587218
2,8661,1.0,0,0,3,7,1120,0,47.7034,-122.307,1470,7205,12.896716695872
3,1320,3.0,0,2,3,8,1400,0,47.7147,-122.356,1490,1449,12.813117127036707
4,7000,1.0,0,0,3,8,1680,500,47.4651,-122.192,2000,8000,12.669806661762314
4,5250,1.0,0,0,3,7,1110,420,47.7336,-122.339,1100,5250,12.852652190273785
3,7125,2.0,0,0,3,7,1330,0,47.7308,-122.194,1570,7350,12.409013489526863
6,11000,2.0,0,3,3,10,3690,1020,47.6622,-122.272,2950,5300,14.594835434765272
7,11250,1.5,0,0,4,8,2320,350,47.7121,-122.332,2030,9000,13.262125319779487
3,24539,2.0,0,0,3,7,2120,580,47.7348,-121.984,1830,11000,13.171058298943088
2,6240,1.0,0,0,3,6,800,0,47.7257,-122.296,1530,8000,12.560244459250788
4,10372,1.0,0,0,3,7,1510,780,47.6888,-122.199,1900,8109,13.56255192157088
2,3400,1.0,0,0,3,7,980,0,47.6688,-122.323,1200,3420,12.84792653170257
2,6000,1.5,0,0,4,6,1100,0,47.5275,-122.323,1280,6000,12.254862809699606
3,11858,1.0,0,0,4,7,1540,0,47.4755,-122.157,1550,11473,12.7868906411162
3,1501,2.5,0,0,3,8,1530,380,47.6441,-122.385,1760,1750,13.279367126213993
3,892,2.0,0,0,3,8,1040,210,47.5826,-122.387,1250,1296,13.017002861746503
3,7000,2.0,0,0,1,7,1200,0,47.5883,-122.384,3290,6000,11.77528972943772
4,5737,2.0,0,0,4,8,1700,740,47.6472,-122.367,2020,5543,13.617059619240436
3,5650,1.0,0,0,5,6,1040,0,47.5111,-122.256,1290,5650,12.460714863903755
3,6842,2.0,0,0,3,7,2620,0,47.6846,-122.037,2280,4800,13.36138027787483
4,6990,1.5,0,3,5,9,2330,1000,47.5886,-122.287,2620,5310,14.03062193758122
4,6856,2.0,0,0,3,8,2730,0,47.7739,-122.164,2520,5569,13.244581010128577
2,1334,3.0,0,0,3,8,1290,0,47.6719,-122.382,1350,1334,13.122363377404328
3,12500,1.0,0,0,3,7,1330,0,47.5263,-122.051,2310,12500,12.911642346088676
4,11343,1.0,0,2,5,10,1980,760,47.7117,-122.278,2790,10027,13.853769270081365
5,8179,2.0,0,0,3,9,3380,0,47.4827,-122.135,2840,8179,13.304684934198283
2,5840,1.0,0,0,3,7,1380,0,47.7732,-122.172,1810,5035,12.721885810807203
6,8401,1.0,0,0,3,8,1500,1500,47.7226,-122.299,1400,8403,13.1749558275235
2,7980,1.0,0,0,3,5,550,0,47.511,-122.348,1330,7980,11.652687407345388
3,7380,1.0,0,0,3,6,940,0,47.4516,-122.175,1210,8095,12.398756989359676
2,5240,1.0,0,0,4,6,790,0,47.5303,-122.288,1430,5320,12.610870864650634
4,7350,1.0,0,0,3,7,1600,870,47.6936,-122.128,1970,7700,13.334243736439827
3,7200,1.0,0,0,4,7,1570,0,47.7501,-122.314,1410,7434,12.721885810807203
4,4000,1.5,0,0,4,9,2190,700,47.6419,-122.351,2280,4000,13.514405465180353
4,7012,2.0,0,0,3,10,3960,0,47.5854,-122.08,3680,8522,13.664687668229691
4,43560,1.5,0,2,5,10,3430,0,47.6426,-122.18,3700,44431,13.77468856344402
4,8960,2.0,0,0,3,10,3560,0,47.6903,-122.213,1660,7680,14.125932117385544
4,9972,2.0,0,0,3,9,2900,0,47.5536,-122.121,2901,8567,13.652991628466498
4,13900,1.0,0,0,3,8,1830,1720,47.5681,-122.127,2770,12200,13.663524200966393
4,11520,2.0,0,0,3,8,2110,540,47.683,-122.187,2000,7680,13.487006490992238
3,5700,1.0,0,0,4,5,960,0,47.4983,-122.172,960,5700,12.249850267876061
3,8073,1.0,0,0,4,8,1880,660,47.7176,-122.36,2110,7702,13.38472764187182
3,997,2.5,0,0,3,8,1540,80,47.5394,-122.027,1620,1068,13.017002861746503
5,8015,1.0,0,0,4,8,1600,1160,47.7255,-122.297,460,18000,12.842649474601725
4,2400,1.5,0,0,4,6,1330,0,47.65,-122.34,1330,4400,13.329377546788654
4,26000,2.0,0,0,4,8,2050,0,47.3423,-122.063,2330,31100,12.608198852372823
3,7500,1.0,0,0,4,7,1280,810,47.3951,-122.172,1800,7350,12.570715759118084
3,4050,2.0,0,0,3,7,1780,0,47.7346,-122.308,1571,4976,12.821258284620408
4,8336,2.0,0,0,4,9,2740,0,47.3904,-122.176,2460,9189,12.886641043883259
3,13912,1.0,0,0,4,8,1580,0,47.7552,-122.276,2130,16420,12.957488734214095
3,10762,1.0,0,0,3,7,1130,510,47.3586,-122.074,1680,10259,12.330500223905226
4,4924,2.0,0,0,3,8,2650,0,47.7734,-122.238,2380,4733,13.17115354157376
3,2555,2.0,0,2,3,7,1500,0,47.627,-122.353,1820,2555,13.46949290849953
3,5639,1.0,0,3,3,7,1740,0,47.1942,-121.977,2380,5331,12.542544882151386
6,6440,2.0,0,3,3,10,2680,1750,47.5462,-122.265,3530,7314,14.210925330218936
1,1799,1.0,0,0,3,7,580,0,47.6829,-122.375,1260,4000,12.708664464369061
3,7236,1.0,0,0,5,7,1080,0,47.7143,-122.32,1120,8008,12.873902018105829
6,2760,1.5,0,0,3,7,1250,480,47.6342,-122.353,1630,3200,13.241034907121827
3,19113,1.0,0,0,3,7,1500,0,47.6976,-121.916,1820,18151,12.943236711506893
3,6000,2.0,0,0,3,8,2240,0,47.4837,-122.138,2400,6000,12.736700896592344
3,8667,1.0,0,0,5,7,740,740,47.5718,-122.136,1600,10644,13.124361380067002
3,7995,1.0,0,0,4,7,1250,0,47.3684,-122.092,1540,7650,12.245293358683455
3,15903,1.0,0,0,3,8,1340,460,47.3813,-122.043,2000,15233,12.723734846555153
3,389126,1.5,0,0,4,7,1530,0,47.1776,-122.011,1768,42148,12.345834587905333
4,15293,2.0,0,0,3,10,3820,0,47.6097,-122.017,2790,7142,13.764217263576723
3,18815,2.0,0,0,5,7,2110,0,47.5836,-122.042,2690,21010,13.955272500339433
3,1846,2.0,0,0,4,8,1440,370,47.607,-122.305,1480,3600,13.345506928718539
2,9052,1.0,0,2,5,6,1460,0,47.6857,-122.208,2554,7834,13.825460888817442
3,1005,3.0,0,0,3,8,1540,0,47.6827,-122.346,1510,1501,13.217673557208654
3,23522,2.0,0,0,3,10,2130,1110,47.3388,-122.033,3180,23273,13.712923969189173
5,12673,1.0,0,0,4,9,2050,1230,47.5504,-122.146,3060,12847,13.779883380321124
3,5000,1.0,0,0,3,9,1230,700,47.6582,-122.278,2300,6000,13.482133526250363
4,4500,2.0,0,0,3,8,1980,0,47.579,-122.001,1770,4595,13.210007887256376
4,2750,1.5,0,0,4,6,1260,780,47.6698,-122.3,1940,3750,13.188151117942333
3,1162,3.0,0,0,3,8,1420,0,47.6982,-122.349,1430,1560,12.765545566117686
4,5258,2.0,0,0,3,7,2510,0,47.4818,-122.188,2570,5119,12.92391243868049
2,5143,1.0,0,0,3,8,1870,0,47.7142,-122.033,1810,5143,13.256894270361935
4,3752,2.0,0,0,3,9,2550,800,47.6782,-122.365,1050,4960,13.825460888817442
3,1602,2.0,0,0,3,8,1140,390,47.5555,-122.362,1450,1198,12.676076274775909
4,2849,2.0,0,0,3,7,2020,0,47.6831,-122.329,1910,3120,13.296316684527767
3,10800,1.0,0,0,3,7,1000,0,47.52,-122.03,1140,16846,12.890380877422915
2,4000,1.0,0,0,3,7,950,360,47.5798,-122.306,1310,4000,12.106252310247962
3,5080,1.5,0,0,3,8,1780,570,47.5516,-122.263,1700,5080,13.249876697703288
2,19874,1.0,0,0,3,7,1510,0,47.4924,-122.34,1540,10000,12.328290278254423
4,3604,2.0,0,2,5,9,1960,1680,47.6145,-122.284,1940,4600,14.050582680143757
4,19607,1.0,0,2,4,8,1290,1290,47.5067,-122.197,1970,9569,12.855790268162783
2,1058,3.0,0,0,3,7,1140,0,47.6608,-122.333,1170,1116,13.051940913107783
3,7995,1.0,0,0,3,7,1350,720,47.403,-122.175,1620,6799,12.706696406811568
0,8319,2.0,0,0,3,8,2290,0,47.3473,-122.151,2500,8751,12.736553826954605
2,5000,1.0,0,0,5,6,1030,0,47.6585,-122.363,1550,5000,13.028052697933088
4,6184,2.0,0,0,3,9,3450,0,47.6072,-122.054,3020,5369,13.656374136624356
4,5164,2.0,0,0,3,8,2260,0,47.509,-122.166,2260,5866,12.947890935553772
4,28206,1.0,1,4,4,12,3500,3500,47.5928,-122.086,4913,14663,14.978661367769956
4,252648,2.0,0,0,3,10,2920,0,47.4784,-122.048,2180,71874,13.617059619240436
3,7345,1.0,0,0,3,7,1380,360,47.3663,-122.285,1770,8250,12.506177237980511
3,9550,1.0,0,0,4,7,1320,480,47.5679,-122.178,1890,9902,13.407542319637992
3,11394,1.0,0,0,3,8,1550,640,47.6685,-122.409,2190,9540,14.069377281921325
4,4800,1.5,0,2,3,7,1580,0,47.5454,-122.383,1580,4800,13.231235719375272
4,4720,2.0,0,0,3,7,2220,0,47.3541,-122.024,2090,4717,12.714395139078047
3,8848,1.0,0,0,4,7,1010,0,47.2742,-122.299,1380,10650,12.345399710751273
4,8125,1.0,0,0,4,8,1450,770,47.5429,-122.177,1980,8700,13.226723392728571
4,5053,1.0,0,0,4,7,1180,370,47.5499,-122.274,1450,5639,12.978493006984626
2,1275,3.0,0,0,3,8,1020,0,47.7003,-122.346,980,1415,12.577636201962656
3,8239,1.0,0,0,4,6,1490,0,47.306,-122.37,1200,8470,12.235388699864227
3,7000,2.0,0,0,3,7,1700,0,47.3798,-122.025,1950,7000,12.675920012567607
3,8911,1.0,0,0,3,7,1590,0,47.7394,-122.252,1590,9625,12.611537753638338
5,9225,2.0,0,0,3,8,2340,0,47.6369,-122.098,2140,9348,13.256894270361935
4,4750,2.0,0,2,3,9,2370,1100,47.5917,-122.386,2420,4761,14.01272072725198
2,5400,1.0,0,0,3,6,650,0,47.6185,-122.295,1310,4906,12.594730635321957
3,12521,1.5,0,0,4,7,940,0,47.7169,-122.331,1920,9046,12.971540487669746
3,9166,1.0,0,0,4,7,1170,580,47.7696,-122.325,1810,8760,12.821258284620408
3,9588,2.0,0,0,3,10,2849,0,47.6487,-122.079,3190,8897,13.589863876431945
2,3200,1.0,0,0,3,7,930,0,47.609,-122.314,1690,3840,13.122363377404328
3,4108,1.5,0,0,5,7,1610,0,47.5704,-122.376,1680,4467,13.244581010128577
3,5193,2.0,0,0,3,8,2150,0,47.6952,-122.187,2150,7172,13.282780098810234
2,923,2.0,0,0,3,7,1090,0,47.5347,-122.071,1410,1326,12.644327576461329
2,6000,1.0,0,0,3,6,880,340,47.5647,-122.27,1220,6840,13.021437458814368
3,9653,2.0,0,0,3,7,2529,0,47.3738,-122.161,2533,6125,12.823822561617671
9,6988,2.5,0,0,3,7,2450,1380,47.6927,-122.338,1460,6291,13.304683267530228
3,4080,1.5,0,0,3,7,1590,0,47.662,-122.326,1570,4080,13.353475098367715
4,18480,1.0,0,0,4,9,2420,0,47.6214,-122.227,3330,19910,14.214286677921642
2,5024,1.0,0,0,4,7,790,0,47.6833,-122.395,1330,5024,12.959844447906553
4,4500,2.0,0,0,4,7,1980,0,47.6728,-122.379,1550,2541,13.122363377404328
3,3730,2.0,0,0,3,9,2980,0,47.5533,-121.995,2710,3640,13.415032991367148
3,9484,1.0,0,0,3,7,1290,850,47.6234,-122.191,1960,9630,13.38472764187182
4,7552,1.0,0,0,3,6,1060,140,47.5317,-122.37,1580,7680,12.425208175446844
3,7400,1.0,0,0,4,7,1090,0,47.2923,-122.19,1140,8165,12.185869938212655
3,11000,1.0,0,0,4,7,1290,1290,47.5646,-122.181,2280,17643,13.038764353528014
2,13531,1.0,0,0,3,6,900,0,47.2616,-122.251,1767,8308,12.066810578196666
3,4500,2.0,0,0,3,7,2120,0,47.5322,-121.88,2530,4816,12.988831984779805
5,16952,2.0,0,2,3,10,1970,820,47.4384,-122.347,2980,17281,13.51169910358261
3,6527,2.0,0,0,4,7,1580,580,47.7292,-122.212,1950,9675,12.971540487669746
3,7962,1.0,0,0,3,7,1110,0,47.5035,-122.36,1200,8094,12.254862809699606
3,4694,2.0,0,0,3,7,1450,0,47.3654,-122.021,1870,4198,12.520883385370206
2,7440,1.0,0,0,5,6,810,0,47.7346,-122.352,830,7500,12.9190224533863
4,104108,2.0,0,0,3,8,2400,0,47.4686,-121.989,2270,54450,13.287877815881902
3,8885,1.5,0,0,5,6,1540,0,47.7403,-121.984,1730,5000,12.834681304952548
4,14773,2.0,0,0,3,8,2100,0,47.3045,-122.391,2370,15440,12.628067055589549
3,1458,3.0,0,0,3,9,1660,0,47.5876,-122.309,1660,1784,13.23560277301084
3,8000,1.0,0,0,4,7,1040,0,47.4711,-122.35,1170,9450,12.429216196844383
3,15005,1.0,0,0,4,7,1610,0,47.6886,-121.911,1610,15479,12.751299696013497
3,6180,1.0,0,3,3,6,970,0,47.5658,-122.291,1120,4500,12.79524723570714
3,2133,2.0,0,0,3,8,1520,380,47.5675,-122.369,1530,3264,12.948009990259552
3,10065,1.0,0,0,3,7,1260,0,47.5727,-122.138,1320,10278,13.071070083016778
4,5559,1.5,0,0,3,8,2290,1000,47.6788,-122.346,1790,6000,13.779883380321124
5,13497,2.0,0,0,3,11,3510,910,47.5262,-122.143,4220,12015,14.001990124906893
3,12250,2.0,0,0,3,8,1580,0,47.3771,-122.315,1560,9900,12.495003937382387
3,21043,1.0,0,0,3,6,1080,0,47.5515,-122.357,1380,7620,12.254862809699606
4,4895,1.0,0,0,3,8,1980,1540,47.6678,-122.361,1570,2153,13.592367006650065
3,15985,1.0,0,0,3,8,1540,450,47.6205,-122.141,2470,10125,13.203021280421783
4,209088,2.0,0,0,3,10,3280,0,47.6553,-122.023,2460,39498,13.737549016494562
3,9250,2.0,0,0,3,8,2150,0,47.7179,-122.113,2240,9266,13.234798806734117
3,14630,1.5,0,1,3,8,2200,0,47.6074,-122.213,2850,15803,14.0225247273486
3,881,3.0,0,0,3,8,1120,0,47.6914,-122.343,1120,1087,12.487485104968359
4,7800,2.0,0,0,3,8,2070,0,47.3487,-122.315,1950,7815,12.449018824140563
4,11834,1.0,1,3,3,6,1200,0,47.4557,-122.443,1670,47462,12.736700896592344
3,6600,2.0,0,0,4,7,1370,0,47.3504,-122.035,1370,6600,12.628067055589549
4,215186,2.0,0,0,4,8,3670,420,47.2964,-122.116,2430,142005,13.369223455335854
3,3690,2.0,0,0,3,8,1740,0,47.5345,-121.867,2100,4944,12.896716695872
4,5118,2.0,0,0,3,9,2870,0,47.5544,-121.99,2940,4800,13.493926933836812
5,22120,1.0,0,0,3,7,1410,1300,47.7642,-122.195,2850,12224,13.112717000352523
2,8100,1.0,0,0,3,7,860,500,47.7295,-122.359,1830,6766,12.611537753638338
3,7500,1.0,0,0,3,7,880,0,47.3837,-122.307,880,7500,12.345834587905333
5,34991,2.0,0,0,3,9,3070,0,47.4721,-122.148,2150,19515,13.337474757021274
5,14275,2.0,0,0,3,10,3190,390,47.5322,-122.056,2740,14300,13.547631112808673
4,59863,2.0,0,0,4,10,2490,1420,47.4846,-122.067,2830,37674,13.567049198665774
2,3917,2.0,0,0,3,10,1500,710,47.6166,-122.291,1720,3933,14.048208322083296
5,8030,2.0,0,0,3,10,4360,0,47.5923,-121.973,3570,6185,14.070145024369824
3,7225,1.0,0,0,4,7,1480,0,47.513,-122.185,1430,7201,12.676076274775909
2,1049,3.0,0,0,3,8,1020,0,47.68,-122.348,1350,1395,13.017002861746503
3,4077,2.0,0,0,3,8,1780,0,47.3568,-122.056,1970,4077,12.65075846679162
3,17707,2.0,0,1,3,9,2680,0,47.7031,-122.224,2840,21743,13.318086398742544
4,6460,1.0,0,0,3,7,1070,440,47.7121,-122.214,1450,6630,12.983101310070822
2,6908,1.5,0,0,3,6,1130,0,47.745,-122.313,1150,6908,12.691580461311874
4,34412,1.0,0,3,4,9,2070,1000,47.64,-122.24,3780,27940,14.467835744003965
3,11413,1.0,0,0,3,7,990,240,47.6321,-122.034,1570,11517,12.89921982609012
4,6417,1.0,0,0,3,7,1720,0,47.7268,-122.311,1430,6240,12.793859310432293
2,5029,1.0,0,0,4,7,920,0,47.6726,-122.265,1230,5029,13.304684934198283
3,8050,1.0,0,0,3,7,1130,570,47.6304,-122.218,2920,12239,13.764217263576723
2,1073,2.0,0,0,3,7,1140,240,47.5462,-122.369,1580,2036,12.560244459250788
3,5000,2.0,0,0,3,7,1370,0,47.7372,-121.981,1600,7724,12.611371073081239
3,5250,1.0,0,0,4,7,1500,400,47.6991,-122.392,1810,5250,13.239612937454568
5,6720,2.0,0,0,3,7,2300,0,47.528,-122.32,1200,6000,12.89921982609012
3,8800,1.0,0,0,3,7,1140,600,47.2968,-122.372,1690,7920,12.449018824140563
4,10320,2.0,0,0,3,11,5060,0,47.6245,-122.21,3010,10080,14.580978400103845
3,7333,1.0,0,0,4,7,1020,620,47.5636,-122.316,2130,4933,13.235692062711331
4,7991,2.0,0,0,3,9,2720,0,47.7168,-122.331,1590,8611,13.36138027787483
4,6844,2.0,0,0,3,10,3530,0,47.5975,-121.985,3530,10038,13.720089371998993
4,156988,2.0,0,2,3,9,1870,1070,47.6214,-121.946,2940,71002,13.128345449081877
2,8107,1.0,0,0,5,7,930,900,47.701,-122.305,1260,6960,13.038981768465277
2,6720,1.0,0,0,5,6,670,0,47.5151,-122.372,710,6720,12.627903107724602
4,10530,1.0,0,0,3,7,1620,0,47.3808,-122.211,1890,9975,12.429016176841717
3,4000,1.5,0,0,4,7,1370,1090,47.6268,-122.297,1680,4000,13.241434472045343
3,9656,1.0,0,0,3,7,960,450,47.6354,-122.208,2410,9384,13.732128949025222
3,9314,2.0,0,0,3,8,1800,0,47.7762,-122.198,2100,9658,12.506177237980511
2,1848,2.0,0,0,3,7,1160,0,47.7366,-122.176,1160,1566,12.345617172968069
3,3000,1.0,0,0,3,7,830,200,47.6813,-122.317,1830,3000,12.86099861326992
4,5352,2.5,0,0,3,8,1980,0,47.532,-122.385,1680,5352,13.51979631381523
4,5071,2.0,0,0,3,9,1760,630,47.6144,-122.283,1940,5071,13.64709190633931
4,6406,2.0,0,0,3,8,1982,0,47.3636,-122.192,2340,6501,12.553908640801701
4,7260,1.0,0,0,4,6,1550,0,47.6229,-122.121,1210,7260,12.768541502448002
4,12445,2.0,1,4,5,10,3850,1000,47.7011,-122.244,3350,12210,14.914122846632385
3,7700,1.0,0,0,5,8,1400,630,47.626,-122.112,1780,8160,13.373900003219756
4,6738,2.0,0,0,3,8,2290,0,47.5714,-122.005,2100,6261,13.253391639810733
3,6224,2.0,0,0,3,7,1900,0,47.5941,-122.004,2260,5450,13.19188944005294
3,14986,2.0,0,0,3,6,1850,0,47.4837,-122.148,2660,10650,12.706847933442663
3,1165,3.0,0,0,3,8,1480,0,47.6199,-122.3,1480,1231,13.16158409055761
3,7350,2.0,0,0,3,8,2290,0,47.429,-122.162,2170,7529,12.80765263256463
3,16200,1.0,0,0,3,7,1510,0,47.3926,-122.167,1650,13950,12.524526376648708
4,9323,2.0,0,0,3,10,3010,0,47.578,-122.053,2840,8413,13.534471703726974
4,18400,1.5,0,0,4,6,1530,0,47.329,-122.219,1620,13535,12.301382825334498
4,9820,1.0,0,0,4,8,1220,930,47.7758,-122.2,2060,9830,13.060487973686241
3,13399,1.0,0,0,4,7,900,530,47.4787,-122.275,1720,6415,12.2783933071098
4,2552,2.0,0,0,3,10,2160,450,47.5322,-122.076,2610,2664,13.493926933836812
5,52595,2.0,0,0,4,7,3610,0,47.6832,-121.907,1620,60112,13.282780098810234
4,6705,1.0,0,0,4,7,1230,820,47.7242,-122.217,1610,7292,13.079455876393052
4,3340,1.0,0,0,4,7,1200,1200,47.6646,-122.365,1520,3758,13.422467969854667
3,2180,3.0,0,0,3,8,1330,0,47.6987,-122.365,1330,5000,13.199231821660906
4,7172,2.0,0,0,3,8,1910,0,47.7615,-122.309,1630,10127,13.11935886838403
4,18150,1.0,0,0,4,7,2020,0,47.739,-122.249,1530,11970,12.751299696013497
4,11400,1.0,0,0,4,9,1430,1280,47.561,-122.153,2640,11000,13.737549016494562
2,7667,1.0,0,0,3,6,900,310,47.6571,-122.396,1330,6462,13.178743710840436
2,5100,1.0,0,0,4,7,900,0,47.6804,-122.378,1400,5100,13.06685066747407
3,8816,1.0,0,0,4,6,1170,0,47.3059,-122.368,1200,9108,12.24288661865289
4,8014,2.0,0,0,3,10,3730,0,47.6036,-122.059,3670,8279,13.737549016494562
4,14300,2.0,0,0,3,9,3120,0,47.5318,-122.055,2580,10005,13.500936790044177
2,27042,1.0,0,1,3,6,1000,240,47.5026,-122.465,2140,20059,12.779873068457553
2,4758,1.0,0,0,3,6,720,0,47.5176,-122.376,990,4920,12.323855681186558
5,18741,2.0,0,0,3,11,3210,1510,47.6347,-122.013,3880,37328,13.681979165339751
3,4218,1.0,0,0,4,7,910,730,47.6546,-122.344,1670,4000,13.37700559577791
3,1423,2.0,0,0,3,8,1248,248,47.715,-122.355,1460,1423,12.821258284620408
3,7232,1.0,0,2,3,8,1520,1430,47.5257,-122.382,2130,7140,13.878954730520809
2,4000,1.0,0,0,3,7,1000,660,47.6832,-122.304,1570,5500,12.92391243868049
5,8500,1.0,0,0,4,7,1400,800,47.3073,-122.006,1360,8855,12.678884827097948
3,3451,2.0,0,0,3,7,1770,0,47.4325,-122.197,1490,2138,12.121331417075083
4,7570,2.0,0,0,3,9,2720,0,47.7113,-122.349,1770,5705,13.235692062711331
4,68841,1.0,0,0,3,7,1750,0,47.4442,-122.081,1550,32799,12.682306824526545
3,9592,2.0,0,0,3,8,1780,640,47.5093,-122.153,2420,9145,12.997933299026151
3,3837,2.0,0,0,3,8,2000,0,47.7713,-122.167,2210,4075,13.151922179645874
3,9685,1.0,0,0,3,5,1770,0,47.4753,-122.342,1520,11122,12.66032791780777
3,11880,1.0,0,0,3,7,1010,0,47.3762,-122.219,1150,9435,11.884489021402711
4,5291,2.0,0,0,3,7,2800,0,47.1937,-121.977,2380,5291,12.691580461311874
5,10450,2.0,1,4,3,11,4050,1940,47.5554,-122.077,3330,14810,14.603967918328545
4,7312,1.0,0,0,4,7,2010,0,47.2785,-122.213,2010,7650,12.429216196844383
3,4190,1.5,0,0,4,8,1490,600,47.6178,-122.284,2090,6270,13.664687668229691
4,4120,1.5,0,0,4,8,2060,780,47.5683,-122.283,1840,5871,13.507625778194974
3,1680,3.0,0,0,3,8,1570,0,47.6585,-122.348,1290,1870,13.399995114002609
4,7579,2.0,0,0,3,8,1550,0,47.354,-122.047,1630,6397,12.676076274775909
4,10650,2.0,0,0,4,8,2130,0,47.5567,-122.159,3380,10050,13.438632906708023
3,7757,1.0,0,0,3,8,1670,0,47.3802,-122.207,2290,7859,12.577463773304586
3,18400,2.0,0,0,3,8,2507,0,47.2867,-122.27,1520,14709,13.221067790276669
3,8422,1.0,0,0,3,7,1270,0,47.7601,-122.197,1470,8500,12.736700896592344
3,8055,1.5,0,0,3,7,1520,0,47.7222,-122.305,1560,8160,12.538967060803502
4,9225,1.0,0,0,5,8,1610,430,47.636,-122.097,1730,9225,13.422467969854667
4,7650,2.0,0,2,4,9,2550,0,47.5296,-122.342,2550,7650,13.049792684569493
3,12040,1.0,0,0,4,7,1440,0,47.3715,-122.16,1720,12040,12.443119102013375
3,7538,1.0,0,0,3,7,1020,0,47.3587,-122.288,1650,7201,12.392552212472792
4,37769,2.0,0,0,3,11,4230,0,47.7287,-122.077,3890,37034,13.800396920154226
3,9825,1.0,0,0,4,7,1250,620,47.4639,-121.744,1380,11475,12.691580461311874
3,5000,2.0,0,0,4,7,1710,900,47.6729,-122.373,1500,5000,13.317930160948304
3,3035,1.0,0,0,3,7,920,920,47.6557,-122.327,1780,4000,13.217673557208654
4,7945,2.0,0,0,3,9,2650,0,47.7113,-122.296,1200,7920,13.457406021215947
4,213444,1.0,0,0,5,8,2140,740,47.2887,-122.109,2810,213444,13.270697171910022
3,5175,2.0,0,0,3,7,1690,0,47.3564,-122.016,1830,5175,12.628067055589549
3,7005,3.0,0,2,3,9,2670,260,47.6763,-122.404,2450,6460,13.86191693077843
4,11163,1.5,0,0,4,6,1200,0,47.3024,-122.106,1200,11163,12.089538829274222
3,52302,1.0,0,0,3,9,3040,0,47.7635,-122.112,2070,38600,13.815510557964274
4,8881,2.0,0,1,3,10,1940,970,47.6424,-122.411,2540,5250,13.9108207377686
4,5100,1.0,0,0,4,8,1440,1260,47.5331,-122.384,1880,5100,13.217673557208654
3,7290,1.0,0,0,3,7,940,470,47.5396,-122.274,1550,7375,12.388394202324129
5,10457,2.0,0,0,3,11,3500,0,47.5198,-122.157,3500,11734,13.787933790194039
4,12495,2.0,0,0,3,10,3040,1640,47.6984,-122.206,3240,10749,14.115615150414612
3,7848,1.0,0,0,3,7,1320,460,47.3608,-122.056,1680,7848,12.508027377268673
4,6250,2.0,0,0,3,8,2910,0,47.538,-121.87,2550,6250,13.279367126213993
3,7395,1.0,0,0,4,7,1170,0,47.4627,-122.19,1430,7920,12.449018824140563
4,5000,2.5,0,2,3,8,3270,1240,47.6852,-122.4,2010,5000,13.870945264852375
3,19225,1.0,0,0,4,10,2160,2160,47.6368,-122.216,3430,18469,14.389310980891652
2,4080,1.0,0,0,4,6,810,0,47.5337,-122.379,1400,4080,12.691580461311874
3,13458,2.0,0,0,3,9,2550,0,47.5586,-122.121,3180,13458,13.480037821676145
4,15000,1.0,0,0,4,7,1480,0,47.4312,-122.196,1450,8768,12.524526376648708
5,16789,2.0,0,0,5,9,3580,0,47.5364,-122.239,3390,17000,14.156892152514327
3,55756,1.0,0,0,3,7,1020,0,47.3836,-122.082,1490,12745,12.644327576461329
2,7775,1.0,0,0,3,6,1080,0,47.5447,-122.394,1730,7350,12.751299696013497
4,6536,2.0,0,0,3,8,2830,0,47.3888,-122.032,2830,6872,13.186276703147982
3,4120,1.0,0,0,3,7,980,100,47.6771,-122.319,1280,3090,13.61571725525828
4,6240,2.0,0,0,3,11,3950,0,47.6221,-122.29,2040,6240,14.344961645853429
5,35536,2.0,0,0,3,10,2530,880,47.65,-122.155,3140,43453,13.610943392223
4,6565,2.0,0,0,3,9,3555,0,47.6847,-122.017,3625,5637,13.7056845311805
3,8789,1.0,0,0,3,7,910,0,47.4345,-122.326,1160,8789,12.30591798049989
3,8560,1.0,0,0,3,8,1500,240,47.6475,-122.409,2240,5800,13.62584409325319
4,7650,1.0,0,0,3,7,1100,470,47.6801,-122.106,1580,7650,12.971540487669746
4,3080,2.0,0,0,3,8,1714,0,47.429,-122.188,1714,3250,12.634603026569334
3,3395,1.0,0,0,5,7,620,520,47.6712,-122.393,1480,3500,12.957488734214095
4,1880,2.0,0,3,5,9,1830,1080,47.616,-122.282,3100,8200,14.430696197054507
3,7246,1.0,0,0,4,6,1060,0,47.4936,-122.165,1090,6694,12.526342907575106
2,809,2.0,0,0,3,9,1170,0,47.6875,-122.339,1170,1121,13.086736199761178
4,5014,1.0,0,0,4,7,930,710,47.5545,-122.356,1600,5452,12.840000466430148
3,7673,1.0,0,0,3,7,940,500,47.4034,-122.178,1440,8418,12.425208175446844
4,5555,2.0,0,0,3,7,1800,0,47.3498,-122.052,1810,5669,12.513557345278134
5,40816,2.0,0,0,4,11,4320,0,47.644,-122.185,4320,44584,14.328334184392938
3,6371,2.0,0,0,3,8,1790,0,47.3291,-122.168,1850,6371,12.513557345278134
3,8360,1.0,0,0,3,7,1120,390,47.6119,-122.133,1700,8360,12.89921982609012
3,8100,1.0,0,0,4,8,1140,420,47.7261,-122.364,2130,8100,13.17115354157376
4,438213,2.0,0,0,3,9,3230,0,47.4141,-122.47,1600,144619,13.764217263576723
2,1753,2.0,0,0,4,7,880,0,47.6475,-122.397,1010,1748,12.706847933442663
3,5449,1.0,0,0,2,7,1180,360,47.29,-122.358,1460,6740,12.078239274020289
4,2620,1.5,0,0,5,7,1650,480,47.6515,-122.346,1330,2719,13.321214236149494
3,36847,2.0,0,2,3,9,2320,0,47.4838,-121.714,2550,35065,12.988831984779805
4,5342,2.0,0,0,3,8,2990,0,47.6124,-122.009,2990,5936,13.37623010136138
3,1102,3.0,0,0,3,8,1440,0,47.6995,-122.346,1440,1434,12.834681304952548
4,3031,1.0,0,0,3,7,1200,730,47.7457,-121.985,1930,2611,12.708891298894248
4,5876,2.0,0,0,3,7,3280,0,47.6802,-122.034,2600,5000,13.461688683007948
3,9715,2.0,0,0,3,8,2060,0,47.6961,-122.316,1240,7072,13.641157170819497
4,7200,1.0,0,2,5,7,1260,1260,47.4835,-122.192,2360,7300,12.983101310070822
3,4086,2.0,0,0,3,8,1730,0,47.5016,-122.341,2030,4086,12.765688433465597
4,7056,2.0,0,0,3,7,1700,0,47.3385,-122.262,1650,6025,12.504323669331189
3,28025,1.0,0,0,4,7,1920,350,47.4857,-122.318,1770,14833,12.738170404571704
3,23786,1.5,0,0,3,9,3420,0,47.4739,-122.11,1590,23774,13.395506266304954
4,8160,1.0,0,0,3,7,1200,900,47.5145,-122.365,1140,8160,12.553202176625375
4,5880,2.0,0,0,3,9,2710,0,47.3314,-122.172,2520,6000,12.821258284620408
4,7200,2.0,0,0,3,8,1970,0,47.3132,-122.182,1790,7500,12.560244459250788
3,9600,1.0,0,0,4,7,1300,670,47.2824,-122.301,1710,7703,12.593713168725786
3,7749,1.0,0,0,5,7,1480,0,47.5144,-122.379,1140,5320,13.009082690945363
5,11772,1.0,0,0,4,7,1030,1010,47.5015,-122.166,1560,9435,12.567237494741757
3,8458,2.0,0,0,3,7,2860,0,47.4269,-122.148,1760,8458,12.80765263256463
2,1012,2.0,0,0,3,8,1200,330,47.602,-122.306,1530,1425,13.017002861746503
4,42998,2.0,0,0,3,9,3310,0,47.7232,-122.131,3350,42847,13.63877337946422
4,10375,2.0,0,0,4,8,2130,0,47.4381,-122.16,2220,8508,12.983101310070822
3,10080,1.0,0,0,4,7,1200,0,47.3261,-122.135,1230,9800,12.133501952695338
4,21000,3.0,0,4,5,11,4720,0,47.7591,-122.376,3010,20000,14.237504968023648
3,5058,1.0,0,2,3,7,1340,760,47.5743,-122.378,1640,5000,13.312983737012978
3,3500,1.5,0,0,5,8,1540,300,47.6063,-122.292,1800,3300,13.573693741384442
4,5021,2.0,0,0,3,7,2390,0,47.5353,-121.879,2520,5333,12.959844447906553
4,9601,2.0,0,0,3,7,1830,0,47.3541,-122.015,1830,5892,12.679196402112153
3,4800,1.0,0,0,3,7,1270,0,47.693,-122.361,1490,4800,12.721885810807203
4,5020,2.0,0,0,3,7,1980,0,47.5147,-122.19,1980,5064,12.911642346088676
3,10125,1.0,0,0,3,8,1350,0,47.3334,-122.298,1520,9720,12.43320821811392
4,19177,1.0,0,0,4,7,1790,0,47.3617,-122.172,1760,11726,12.408809387066722
4,8400,1.0,0,0,4,7,1240,860,47.735,-122.17,1980,8610,13.056223574899784
4,6332,2.0,0,0,3,10,3440,0,47.5347,-122.155,3310,6528,13.568970428843668
4,4840,1.0,0,0,3,7,940,340,47.5477,-122.395,1360,4840,12.873902018105829
3,6550,1.0,0,2,3,7,1070,400,47.5463,-122.381,1440,6550,13.17115354157376
6,24700,2.0,0,0,3,10,2520,1350,47.7517,-122.233,2360,30030,13.93551335035897
5,20446,2.0,0,2,3,9,2130,900,47.6133,-122.106,2890,20908,13.579788224443204
4,10050,1.0,0,0,4,8,1420,1250,47.3792,-122.28,2190,10050,12.524526376648708
4,5556,2.0,0,0,4,8,2430,0,47.3762,-122.126,2430,5556,12.851866129706648
3,12700,2.0,0,0,3,8,2240,810,47.7445,-122.214,3050,12386,13.279367126213993
3,213008,1.0,0,0,2,6,960,0,47.5621,-121.862,1520,57499,12.206072645530174
3,1320,2.0,0,0,3,7,1280,330,47.6,-122.298,1480,1602,12.899094818276968
3,10131,2.0,0,0,3,9,2630,0,47.7695,-122.259,2800,10123,13.319573546692034
2,4000,1.0,0,0,4,6,880,0,47.5331,-122.352,1430,4000,12.203068136509875
3,7000,1.0,0,0,3,7,1605,400,47.6039,-122.298,1750,4500,13.104199406776658
4,15398,1.0,0,0,4,7,1370,150,47.5265,-122.05,1840,12500,13.186745636333598
3,8400,1.0,0,0,4,7,1570,0,47.76,-122.34,1860,8639,12.994518642193514
4,10364,2.0,0,0,3,8,2400,0,47.4832,-121.799,2390,9918,13.091904169919621
4,9000,1.0,0,0,4,7,1290,610,47.4629,-122.361,1950,10800,12.697715449879391
2,6000,1.0,0,0,3,6,860,0,47.2109,-121.985,1300,6000,11.711776323715394
9,4400,2.0,0,0,3,7,2830,850,47.6374,-122.324,1960,2450,13.458835614025542
1,4560,1.0,0,0,3,5,480,0,47.5253,-121.826,890,4803,12.043553716032399
4,8000,1.0,0,0,3,7,1190,420,47.6301,-122.118,1560,7896,13.173056491719846
2,2676,1.0,0,0,3,7,820,50,47.5702,-122.287,1500,1719,12.528156144699286
4,5763,1.0,0,0,5,8,1640,1300,47.5589,-122.295,2020,7320,13.369223455335854
4,2874,1.0,0,0,3,7,1060,850,47.6101,-122.295,1520,2874,13.108264453024827
2,11071,1.0,0,0,3,7,850,430,47.6351,-122.033,1280,10879,12.864887147009613
3,7056,1.0,0,0,4,7,1670,0,47.3139,-122.212,1330,8415,12.100712129872347
2,2530,2.5,0,0,4,7,1850,0,47.6106,-122.31,1500,1795,13.112313041550827
4,3600,3.0,0,3,4,9,2600,600,47.632,-122.369,2490,4080,14.183619879528669
4,7800,1.0,0,0,5,8,1790,0,47.6266,-122.103,2150,7838,13.253391639810733
3,10450,1.0,0,0,4,7,1510,0,47.684,-122.113,1310,9450,13.294259106981302
3,108900,1.0,0,0,4,9,1860,600,47.4824,-122.0,2870,102366,13.304684934198283
4,6219,2.0,0,0,3,9,2960,0,47.3603,-122.037,2960,5361,12.813117127036707
2,4800,1.0,0,0,3,8,1060,150,47.5625,-122.316,1380,4800,12.84792653170257
5,6375,1.0,0,0,4,7,1270,1050,47.3351,-122.282,1760,7600,12.468436909997665
4,45963,2.0,0,0,3,9,2710,0,47.4745,-121.724,2710,33955,13.190022025878143
3,13862,1.0,0,0,3,7,1678,0,47.3744,-122.19,1550,11753,12.774223335915433
4,5950,1.0,0,0,3,8,1330,620,47.639,-122.347,2600,5593,13.704578997256993
3,2688,1.5,0,0,5,7,1390,0,47.6783,-122.366,1440,2900,13.217673557208654
4,7245,2.0,0,0,3,7,2140,0,47.729,-122.35,2080,7875,13.112313041550827
2,8487,1.0,0,0,4,6,870,0,47.4955,-122.239,1350,6850,12.01974306733868
2,31505,1.0,0,0,3,6,1000,0,47.7659,-121.899,1560,22597,12.487485104968359
3,7084,1.0,0,0,4,8,1280,330,47.3146,-122.384,2170,8505,12.292250341771226
3,7123,1.0,0,0,3,7,1790,0,47.7429,-121.981,1660,8128,12.873902018105829
3,6250,2.0,0,2,3,10,2710,860,47.5624,-122.399,2550,7596,13.641157170819497
4,5921,1.0,0,0,4,7,1230,1230,47.308,-122.209,1260,6648,12.419165860990882
2,2884,2.0,0,0,3,7,1061,0,47.346,-122.218,1481,2887,12.319356686983513
1,912,3.0,0,0,3,7,1120,0,47.5924,-122.299,1380,3200,12.644327576461329
3,8330,1.0,0,3,4,10,2260,700,47.7035,-122.385,2960,8840,14.097677449727945
2,2689,2.0,0,0,3,7,1240,0,47.3236,-122.323,1430,3609,12.069680020624618
3,6000,1.0,0,0,4,7,1230,0,47.3256,-122.209,1240,6000,12.343658308482738
5,5971,1.0,0,2,3,10,2000,1540,47.6643,-122.202,2820,6029,14.11413257045439
3,9361,1.5,0,0,4,7,1360,200,47.5591,-122.295,1670,6244,13.209458084255262
3,10496,2.0,0,0,3,9,2670,0,47.6272,-122.026,2490,8636,13.396200043034057
2,15120,1.0,0,0,4,6,990,0,47.7669,-122.206,1300,11500,12.691580461311874
4,10003,2.0,0,0,3,9,2950,0,47.489,-122.14,2790,9323,13.220397117675693
3,4539,2.0,0,0,3,8,1760,0,47.5754,-122.013,1960,4808,13.122363377404328
4,21486,1.0,0,2,5,7,2290,0,47.5515,-122.189,2540,15936,13.345506928718539
3,7589,2.0,0,0,3,7,1490,0,47.3474,-122.037,1510,6603,12.46651198158808
3,10588,1.0,0,0,3,7,1480,0,47.2872,-122.212,1370,10588,12.319401330837177
5,5000,2.0,0,1,3,9,2350,880,47.5202,-122.393,1520,5000,13.610943392223
4,18360,1.0,0,0,4,7,1560,740,47.4518,-122.16,1870,9588,12.66032791780777
4,13041,1.0,0,0,4,8,1180,750,47.7502,-122.085,1880,10234,13.059423577630454
3,1486,2.5,0,0,3,8,1330,240,47.652,-122.384,1610,1486,13.110290796170059
2,5101,1.5,0,0,3,8,1410,0,47.6872,-122.333,1410,4224,13.397719800165472
5,9240,1.0,0,0,4,7,1540,300,47.7308,-122.34,1200,5250,12.983101310070822
4,31584,2.0,0,0,4,9,2510,0,47.6153,-122.054,2510,39221,13.312983737012978
3,6240,1.0,0,0,5,5,1050,0,47.4933,-122.338,1410,6240,12.245293358683455
3,10072,1.0,0,0,3,7,1050,0,47.7341,-121.976,1130,10087,12.611537753638338
4,13000,1.0,0,0,4,8,1470,340,47.2202,-121.993,1850,13000,12.538967060803502
4,20041,2.0,0,0,3,11,5320,0,47.5852,-121.966,4640,17268,13.876135179780709
3,7620,1.0,0,0,4,7,1050,400,47.4569,-122.354,1380,7620,12.611537753638338
5,6553,2.0,0,0,3,9,3280,0,47.475,-121.737,3360,7242,13.296232647383299
2,52769,1.5,0,0,4,6,1520,374,47.3088,-122.273,1820,50529,12.542544882151386
3,4505,1.0,0,2,4,7,1070,0,47.5305,-122.384,1380,4505,13.370004400318926
3,38500,1.5,0,0,4,5,490,0,47.7112,-121.315,800,18297,11.918390573078392
2,8600,1.0,0,0,4,4,770,0,47.5325,-122.031,1420,6960,12.421184025147118
2,4680,1.0,0,0,5,6,830,830,47.5134,-122.388,1930,5400,12.815838217151068
3,8347,2.0,0,0,3,8,1940,0,47.3654,-122.164,1940,7131,12.688498794774466
3,6450,1.0,0,0,3,7,1440,800,47.7034,-122.315,1390,6450,13.1749558275235
4,5500,1.5,0,0,3,7,1360,0,47.6878,-122.285,1530,5790,12.993392996107369
3,1984,2.0,0,0,3,8,2220,170,47.5405,-122.027,2150,1984,13.353157587649061
4,8750,1.5,0,0,4,7,1530,0,47.4556,-122.157,1390,8750,12.505806799006097
4,12174,1.0,1,4,3,7,1490,800,47.5114,-122.245,2290,9379,13.641752231830807
6,13950,2.5,0,0,4,7,2780,0,47.3738,-122.226,2120,13950,12.691580461311874
3,3844,1.0,0,0,3,7,960,0,47.7027,-122.346,1020,3844,12.751299696013497
4,5550,2.0,0,0,3,8,1840,0,47.3937,-122.183,2030,5500,12.611537753638338
4,3350,1.0,0,0,3,7,860,690,47.6583,-122.362,1310,5000,13.343104044102228
3,9045,2.0,0,0,4,6,2050,0,47.4572,-122.18,1200,9045,12.517227074167097
3,10450,1.0,0,0,3,8,1390,960,47.7433,-122.259,2250,10450,13.038981768465277
4,9840,1.0,0,0,4,8,1560,1370,47.3103,-122.382,2800,8374,12.948009990259552
4,9990,2.0,0,0,4,10,2240,0,47.5516,-122.217,2600,11480,13.790192749979985
3,4429,2.0,0,0,4,7,1800,0,47.6842,-122.357,1310,4429,13.269057756555132
2,4000,1.0,0,0,3,7,990,670,47.6394,-122.28,2070,4000,13.547631112808673
4,6978,2.0,0,0,3,8,2780,0,47.6881,-122.04,2760,5460,13.473020249017498
1,8282,1.5,0,0,3,6,920,0,47.761,-122.214,2260,14025,12.644327576461329
4,5000,2.0,0,0,3,8,1770,470,47.6027,-122.295,2120,5000,13.715690222682063
3,35287,2.0,0,0,3,8,2300,0,47.2477,-121.937,1760,47916,12.706847933442663
4,18599,1.5,0,0,3,5,1460,0,47.5006,-122.351,1320,8100,11.813030057420567
4,5033,2.0,0,0,3,8,3172,0,47.2961,-122.348,2704,5232,12.977337605354071
4,17424,1.0,0,0,3,9,3130,1020,47.639,-122.236,3930,21420,14.48333993053993
3,7705,1.0,0,0,4,7,980,980,47.53,-122.347,1380,4349,12.779873068457553
4,10660,2.0,0,0,3,11,4440,0,47.5294,-122.137,4390,9976,13.851842487211664
3,148975,1.0,0,0,4,6,1270,1000,47.5092,-122.195,2210,17388,13.021437458814368
1,6380,1.0,0,0,3,6,900,0,47.7019,-122.311,1830,6380,12.765688433465597
3,12615,1.0,0,0,4,7,1300,400,47.6965,-122.197,1950,13163,13.399995114002609
3,7649,1.0,0,0,4,7,1210,0,47.7693,-122.32,1210,6760,12.644327576461329
3,7200,1.0,0,0,3,8,1420,1000,47.6867,-122.275,2500,7200,13.9108207377686
5,2975,3.0,0,2,3,10,3280,1180,47.6313,-122.37,2490,4231,13.102160670086809
3,7230,2.0,0,0,3,7,1710,0,47.2778,-122.298,1720,6537,12.524526376648708
3,6300,1.0,0,0,3,7,1400,0,47.2074,-122.001,1400,8490,12.367340793126296
4,49658,2.0,0,0,3,10,3670,0,47.6219,-122.015,3040,49658,13.69362536997415
3,13374,1.0,0,0,3,8,1860,0,47.5397,-122.054,1960,9797,13.235692062711331
3,11331,1.0,0,0,3,7,1250,580,47.2899,-122.287,2240,16433,12.345834587905333
4,22194,1.0,0,0,4,8,2180,480,47.6142,-122.107,2660,18135,13.345506928718539
2,4500,1.5,0,0,4,7,910,0,47.5633,-122.289,1270,3500,12.765688433465597
4,5000,2.0,0,0,4,7,1770,0,47.6748,-122.386,1550,5000,13.357435499583813
4,7199,2.0,0,1,3,9,2870,990,47.6855,-122.269,2940,9600,14.22097566607244
4,5456,1.0,0,0,5,7,1450,0,47.5442,-122.297,980,6100,12.881564890851399
4,10574,2.0,0,0,5,8,2220,1100,47.5376,-122.18,2720,8330,13.407542319637992
4,4400,1.5,0,0,4,9,2050,0,47.644,-122.319,2320,5500,13.514405465180353
3,6824,1.0,0,0,3,7,1300,370,47.3666,-122.084,1660,7586,12.314927050442256
5,6250,2.0,0,0,3,7,2200,0,47.3675,-122.021,1850,6091,12.467956025160314
1,4368,1.0,0,0,5,6,900,0,47.2107,-121.99,1290,5000,11.937539391917154
5,17825,1.0,0,0,4,7,1400,700,47.3094,-122.191,2200,14602,12.64400494377584
4,8536,1.0,0,3,4,8,1400,750,47.5663,-122.163,2800,9500,13.67739725583464
4,8000,1.0,0,0,3,7,1630,0,47.3948,-122.201,1630,7700,12.2783933071098
5,49222,2.0,0,0,4,8,2880,1300,47.5488,-122.094,3170,8029,13.67509840424753
3,19900,1.5,0,0,3,9,2930,0,47.7234,-122.066,3160,20492,13.37700559577791
4,6960,1.5,0,0,5,8,1910,0,47.6893,-122.348,1360,3300,13.635187003832993
3,6000,1.5,0,0,3,7,1660,0,47.6409,-122.401,1640,6000,13.267329147654515
3,9669,2.0,0,0,4,8,2000,0,47.1964,-122.009,1930,9202,12.689609289058494
3,32214,1.0,0,0,3,7,1180,0,47.3313,-122.198,2300,13714,12.097930486910471
3,8100,1.0,0,0,3,7,1210,290,47.4632,-122.19,1600,7896,12.594391594803367
4,4000,2.0,0,0,3,8,2130,0,47.5108,-122.362,1830,7217,12.8790171187726
3,13600,1.0,0,0,4,8,1900,0,47.6163,-122.219,2510,16600,14.006130917572923
4,17541,1.0,0,0,4,7,1360,980,47.745,-122.229,2250,9212,13.073173133213556
4,35073,2.0,0,0,3,9,2470,0,47.3064,-122.108,2990,35259,13.091904169919621
4,7560,2.0,0,0,5,8,2100,0,47.7076,-122.356,1250,7560,13.541007920624608
3,4810,1.0,0,0,3,6,890,0,47.5153,-122.266,1230,6057,11.941455846009388
3,10928,2.0,0,0,3,9,1830,830,47.5442,-122.141,2800,10025,13.551545012129809
3,2631,2.0,0,0,3,8,1730,0,47.5878,-122.165,1730,2751,13.297995946047488
3,9055,2.0,0,0,3,10,2460,600,47.6971,-122.101,2990,9598,13.480037821676145
3,8727,2.0,0,0,3,7,1970,0,47.3263,-122.189,1670,9168,12.476099782743233
3,7884,1.0,0,0,3,7,1060,500,47.7312,-122.298,1820,9000,12.815838217151068
3,30409,1.0,0,0,3,7,1560,830,47.4789,-122.296,1750,13500,12.721885810807203
2,2748,2.0,0,0,4,9,1800,0,47.6104,-122.113,1800,2755,13.064734264567692
4,5959,1.0,0,0,3,7,1250,1030,47.5655,-122.395,1640,5911,13.17115354157376
2,4533,1.0,0,0,3,6,600,200,47.6979,-122.325,1720,6800,12.706847933442663
3,10000,1.0,0,1,5,8,1640,1130,47.7011,-122.206,2450,10000,13.426902566922532
3,6550,2.0,0,2,4,8,2840,530,47.5442,-122.38,1500,6550,13.62918097977278
4,41600,1.0,0,0,3,8,1640,700,47.7466,-122.077,2340,34960,13.165901679418813
4,8086,2.0,0,0,3,10,3070,0,47.5399,-122.16,3320,10738,13.59747891853624
2,69260,1.0,0,0,4,5,1360,0,47.5229,-121.838,1460,69260,12.721885810807203
3,16258,1.0,0,0,5,8,2290,0,47.4672,-122.165,1660,10530,13.017002861746503
2,2332,1.0,0,0,4,8,920,0,47.3779,-122.32,1310,2853,12.078239274020289
4,7219,2.0,0,0,4,8,2280,0,47.5719,-122.021,2240,7471,13.347265381733402
4,5453,2.0,0,1,4,8,2220,650,47.5129,-122.388,1660,4800,13.408894788098713
4,5800,2.0,0,3,5,10,3170,1100,47.6474,-122.411,3100,5800,14.120727983505116
2,1146,3.0,0,0,3,7,1020,0,47.6774,-122.325,1138,1156,13.028052697933088
3,1827,2.0,0,0,3,8,1540,0,47.5479,-121.998,1540,1827,12.904207367601158
3,5000,1.0,0,0,4,7,1110,1110,47.5807,-122.394,1450,5000,13.265164176036
4,130208,2.0,0,0,3,10,4620,0,47.5885,-121.939,4620,131007,14.193261827504923
3,4195,2.0,0,0,3,8,2010,0,47.732,-122.197,2010,5779,13.045482333068371
3,7400,1.0,0,0,4,8,1260,660,47.5633,-122.131,2360,8048,13.312983737012978
2,999,2.0,0,0,3,8,940,400,47.5655,-122.386,1470,1436,12.916568464424731
5,33310,2.0,0,0,4,11,4170,0,47.5455,-122.126,4670,37960,14.077874822431765
4,23623,2.0,0,0,3,9,3780,0,47.559,-122.118,3370,10210,13.777600984891054
5,7268,1.0,0,0,3,8,1370,310,47.5571,-122.356,2040,8259,13.208541073645382
2,6000,1.0,0,0,2,7,830,200,47.5291,-122.268,1770,5000,12.345856326799476
5,4000,1.0,0,0,5,7,970,720,47.5312,-122.354,1240,4000,12.899194825777613
2,7615,1.0,0,0,4,6,1000,0,47.49,-122.191,1060,8000,12.352335152508426
4,8196,1.0,0,0,5,7,1150,1120,47.7214,-122.227,1920,10122,13.122363377404328
3,6360,1.0,0,2,3,7,1010,450,47.5311,-122.353,1400,4240,12.665078520566368
3,4088,2.0,0,0,3,8,1880,390,47.5356,-122.384,1760,5425,13.235692062711331
3,4800,1.5,0,0,3,7,1140,0,47.6368,-122.354,1260,4800,13.481435445942783
6,14040,1.5,0,3,3,8,2460,1380,47.506,-122.241,2170,6765,13.324487561494463
2,6000,1.0,0,0,3,7,900,0,47.6855,-122.289,1460,4800,13.019222618484815
3,53578,1.0,0,0,3,8,1690,0,47.6546,-122.049,2290,52707,13.141969907043247
3,7242,1.0,0,0,3,7,1220,600,47.4318,-122.292,1350,8214,12.388290030231738
2,7538,1.0,0,0,4,7,1040,0,47.7107,-122.352,1440,7530,12.985397522331171
3,1620,2.0,0,0,3,9,1560,790,47.6308,-122.279,2000,4380,13.993656743347747
4,5000,2.0,0,0,3,7,1770,0,47.3506,-122.006,2080,5100,12.691426603322494
4,3515,1.0,0,0,5,8,1030,940,47.6873,-122.314,1650,4275,13.190022025878143
4,8317,1.5,0,0,4,8,2000,0,47.5394,-122.379,1390,6001,13.535928921546361
3,8179,1.0,0,0,3,6,1070,0,47.5015,-122.349,1050,8177,12.254862809699606
3,1377,2.0,0,0,3,8,1100,520,47.6195,-122.299,1620,1251,13.369223455335854
3,9743,2.0,0,0,4,7,1480,0,47.3293,-122.001,1810,9601,12.505992035646432
5,7897,2.5,0,0,4,8,2300,0,47.7556,-122.356,2030,7902,13.122363377404328
4,9371,2.0,0,0,4,8,2210,0,47.3634,-122.279,2300,11584,12.628067055589549
2,6650,1.0,0,0,3,7,970,470,47.2896,-122.369,1600,6847,12.220961258023925
2,9400,2.0,0,4,5,10,2610,570,47.5617,-122.158,3760,9450,14.160234370783252
4,8636,1.5,0,0,4,6,1230,0,47.3231,-122.219,1168,8316,12.183315658407558
3,6250,2.0,0,3,3,8,1670,710,47.5137,-122.252,2540,4010,13.112313041550827
3,1306,3.0,0,0,3,7,1250,0,47.6705,-122.39,1320,1250,12.943236711506893
4,15508,2.0,0,0,3,8,2680,0,47.3025,-122.39,1960,15586,12.611537753638338
4,7675,2.0,0,0,3,9,2940,0,47.7054,-122.129,3120,6574,13.64709190633931
3,5750,1.0,0,0,3,7,1040,760,47.686,-122.395,1320,5625,13.321214236149494
3,8400,1.0,0,0,4,8,1640,0,47.5484,-122.172,2110,8400,13.151922179645874
3,5707,2.0,0,0,3,7,1640,0,47.4016,-122.209,1850,5827,12.611537753638338
4,48351,2.0,0,0,3,10,2950,0,47.5938,-122.048,2870,34417,13.635187003832993
4,22594,2.0,0,0,3,8,2440,0,47.6333,-121.97,2560,33341,13.244581010128577
3,7400,1.0,0,0,3,7,1050,530,47.6715,-122.162,1560,7458,13.081541382884074
4,5244,2.0,0,0,3,9,2420,0,47.4729,-122.35,1400,5250,13.016891744462095
3,9912,2.0,0,0,3,8,1590,0,47.3731,-122.43,1670,9912,12.86099861326992
3,4290,1.0,0,0,3,7,1080,300,47.674,-122.379,1510,3900,13.38472764187182
2,3120,1.0,0,2,5,7,790,200,47.68,-122.353,1930,3120,12.988831984779805
5,15246,1.0,0,1,4,10,1940,1550,47.5479,-122.212,3410,15682,14.074021253115776
3,5146,2.0,0,0,3,7,1770,0,47.5263,-122.356,1230,5160,12.834681304952548
4,13600,1.0,0,0,4,8,1770,490,47.5436,-122.233,2630,13995,13.670484785914017
1,5650,1.0,0,0,3,6,590,0,47.5181,-122.267,980,5650,12.216022976383341
2,7697,1.0,0,0,3,6,850,460,47.4982,-122.348,1270,6410,12.14046688843218
5,9360,1.0,0,0,4,7,1110,1110,47.4341,-122.169,1780,7704,12.608198852372823
4,5835,2.0,0,0,3,8,2550,0,47.5373,-121.87,2420,5817,13.205784985543401
2,6000,1.0,0,0,3,7,1270,0,47.6482,-122.393,1770,6000,12.959844447906553
5,6324,2.0,0,0,3,9,3210,1420,47.5382,-121.86,4420,6790,13.603554196040628
4,7000,1.0,0,0,5,7,1770,0,47.7193,-122.218,1780,6500,13.081541382884074
2,4000,1.0,0,2,3,7,870,0,47.5682,-122.374,1690,4000,12.983101310070822
2,6600,1.0,0,0,3,8,2380,0,47.717,-122.02,1870,6600,13.458549858915724
4,8454,1.0,0,0,4,7,1310,0,47.7572,-122.318,1320,8274,12.624782980388359
4,6308,1.0,0,0,3,8,1640,1270,47.7352,-122.201,1970,7127,13.17115354157376
4,7800,1.0,0,0,4,8,1700,0,47.651,-122.119,2430,8342,13.304684934198283
3,6847,2.0,0,0,3,9,2420,0,47.7329,-122.356,1180,8100,13.384650715836164
3,1838,2.0,0,0,4,7,1270,380,47.6666,-122.367,1550,1558,13.023647404465171
2,4400,1.0,0,0,4,7,960,0,47.5269,-122.264,1520,5000,12.672946381766982
3,913,2.0,0,0,3,8,1100,270,47.5636,-122.388,1370,915,12.873902018105829
3,9760,1.0,0,0,4,7,1110,260,47.3009,-122.384,1640,9040,12.356645504009547
3,9142,1.0,0,0,3,8,2290,0,47.691,-122.387,1770,8035,13.438487123487413
4,5000,2.0,0,0,3,7,2430,0,47.515,-121.873,2430,5441,13.081541382884074
2,1058,2.0,0,0,3,7,1160,70,47.5325,-122.073,1240,817,12.691580461311874
4,10437,1.0,0,0,4,8,2040,1100,47.5786,-122.229,2010,10437,13.737549016494562
3,8146,1.0,0,0,3,7,1630,0,47.7293,-122.29,1480,8146,12.936033799212835
4,11637,2.0,0,0,3,11,3360,0,47.3018,-122.342,3530,11205,12.948009990259552
3,4583,1.0,0,0,3,7,1030,0,47.4231,-122.329,1730,8023,12.254862809699606
2,4200,1.0,0,0,3,6,780,0,47.5381,-122.267,1620,6000,12.793859310432293
3,10318,1.0,0,0,3,7,930,670,47.7466,-122.347,1590,7040,12.86099861326992
4,6000,1.5,0,0,5,7,1620,0,47.4763,-122.206,1310,6000,12.697715449879391
3,4800,1.0,0,0,4,7,1230,1230,47.6343,-122.282,2860,4800,13.77468856344402
3,22873,2.0,0,2,5,8,3220,1310,47.4567,-122.369,3100,18210,13.924364962876357
2,4225,1.0,0,0,3,8,1350,0,47.7106,-122.03,1660,4225,12.966878474563934
3,8722,2.0,0,0,3,7,1490,0,47.3648,-122.185,1510,8061,12.345834587905333
3,5700,2.0,0,0,4,7,1650,0,47.4563,-122.348,1320,7620,12.765688433465597
4,13402,2.0,0,0,3,13,4890,0,47.5303,-122.131,5790,13539,14.392123922268269
4,8750,2.0,0,0,3,8,2040,450,47.5931,-122.116,2120,10240,13.185338176565716
2,88909,1.0,0,3,3,10,2320,1170,47.5462,-122.112,3490,40185,13.766320313773502
4,5102,1.0,0,0,5,8,1340,930,47.6528,-122.408,1800,5102,13.507625778194974
2,13392,1.0,1,4,5,7,1159,875,47.3312,-122.503,1156,15961,13.215853720491667
4,44431,1.0,0,0,4,9,2460,0,47.6042,-122.147,2830,44431,13.710150042306449
3,4500,1.0,0,0,5,7,1200,0,47.5553,-122.316,1340,4500,12.971540487669746
2,7200,1.0,0,0,3,6,1010,0,47.4815,-122.339,1290,9000,12.206072645530174
3,17859,1.0,0,0,4,7,1150,220,47.5617,-121.859,1460,47044,12.524526376648708
3,12440,1.0,0,0,3,8,1220,580,47.6254,-122.05,2460,12352,12.944432168911668
4,3797,1.5,0,0,4,6,1330,890,47.5574,-122.315,1490,4340,12.8790171187726
3,10240,1.0,0,0,3,7,1090,510,47.7281,-122.232,1520,9394,12.873902018105829
4,5220,1.0,0,0,3,7,1560,0,47.6905,-122.305,1300,5220,13.01477816672439
3,9035,1.0,0,0,4,6,880,0,47.476,-122.151,1440,10350,12.345834587905333
5,4000,2.0,0,0,3,9,2350,0,47.6265,-122.296,1840,4000,13.721199878493033
4,3600,1.5,0,0,3,7,1250,200,47.5985,-122.298,1680,3600,12.973863369085885
3,1596,2.0,0,0,3,8,1220,450,47.6474,-122.396,1670,1596,13.132313708257497
3,7076,1.0,0,0,3,7,1130,770,47.7569,-122.326,1540,10113,12.66032791780777
4,18306,1.0,0,0,3,7,1630,1130,47.7302,-122.215,2470,9856,13.10724973959428
3,2415,2.0,0,0,3,7,1660,0,47.3763,-122.148,1740,2624,12.013700752882718
4,5580,2.0,0,0,5,7,1830,410,47.5598,-122.27,1530,4800,13.180632285528304
3,3825,1.0,0,0,3,7,1290,600,47.6831,-122.381,1320,3825,13.171058298943088
3,99752,1.0,0,0,4,7,1820,0,47.2838,-122.006,1850,117612,12.818551923022664
4,9198,2.0,0,0,3,9,3500,0,47.6785,-122.025,3990,8598,13.579788224443204
3,48716,1.0,0,3,3,9,1870,970,47.6832,-121.915,2710,43676,13.122363377404328
3,8528,1.0,0,0,4,7,1290,450,47.7097,-122.303,1610,8528,13.081541382884074
3,3332,2.0,0,0,3,9,2380,0,47.7194,-122.199,2590,4382,13.38472764187182
2,9690,1.0,0,0,4,6,640,640,47.5341,-122.279,1630,15884,12.736700896592344
4,4995,1.5,0,0,4,7,1730,700,47.5782,-122.292,2240,5000,13.270783382522602
3,10900,2.0,0,0,3,7,2320,0,47.6877,-122.283,1610,5800,13.511021367196111
3,11475,1.0,0,0,3,7,1150,0,47.4629,-121.744,1640,11475,12.567237494741757
4,5027,2.0,0,0,3,7,2960,0,47.5328,-121.881,2760,5500,13.122363377404328
3,3600,2.0,0,0,3,8,1730,0,47.5019,-122.34,2030,3600,12.70205769064877
4,7093,2.0,0,0,3,7,2440,0,47.3817,-122.204,1860,6072,12.644327576461329
5,9270,1.0,0,0,5,10,2220,2220,47.5708,-122.212,2720,9614,14.074021253115776
4,8706,1.0,0,0,4,7,1010,720,47.4586,-122.175,1369,8418,12.65075846679162
3,5000,1.5,0,0,3,7,1110,0,47.655,-122.359,1420,5000,13.235692062711331
4,4840,2.0,0,0,3,10,3190,210,47.5066,-122.146,3400,5710,13.521139497361697
4,7091,1.5,0,1,4,8,1970,1570,47.6467,-122.394,2200,6000,13.572164299332545
2,1039,2.0,0,0,3,7,840,280,47.5788,-122.315,1130,5400,12.850423411901156
4,8906,1.0,0,0,3,7,1230,530,47.4288,-122.198,1180,10407,12.128111104060462
2,5000,1.0,0,0,3,6,960,0,47.5188,-122.372,930,5000,12.267285329698163
3,6120,1.5,0,0,3,7,1600,0,47.6847,-122.291,1670,4590,13.17115354157376
3,10227,1.0,0,0,4,6,1520,0,47.5872,-122.196,2710,10912,13.38472764187182
4,4840,1.5,0,0,4,7,1360,0,47.556,-122.376,1320,4840,12.897969044188466
3,10742,1.0,0,0,5,7,960,400,47.4351,-122.173,1830,9000,12.598114733306197
4,19513,2.0,0,4,4,10,3190,0,47.6991,-122.235,2750,13496,14.569282360340654
3,4800,1.0,0,0,4,6,780,140,47.6937,-122.362,1370,4800,13.102160670086809
2,5072,1.0,0,0,3,6,1030,0,47.6962,-122.294,1220,6781,12.89264828070708
2,4920,1.0,0,0,4,6,780,780,47.7248,-122.325,1760,7510,12.644327576461329
4,4500,2.0,0,0,4,9,1850,730,47.6245,-122.316,2590,4100,13.748301808270824
4,37076,2.0,0,0,4,12,4010,0,47.7139,-122.106,4280,35326,14.09692301740246
4,12215,1.0,1,4,3,9,1590,1090,47.4396,-122.353,2960,19964,14.085155942929903
3,7520,1.0,0,0,4,7,1420,0,47.601,-122.134,2000,7520,12.931461918290916
4,3000,2.0,0,0,3,9,2250,470,47.5371,-122.388,1600,4600,13.579788224443204
4,11200,1.0,0,0,4,7,1300,930,47.7691,-122.167,2090,10563,13.081541382884074
5,20828,1.5,0,0,4,8,2440,0,47.3762,-122.158,2670,14472,13.102140261715295
4,7882,2.0,0,0,3,8,1570,680,47.3703,-122.314,1550,7508,12.429216196844383
3,7735,1.0,0,0,4,7,1300,0,47.1983,-122.0,1300,8941,12.321630986164447
5,7920,3.0,0,4,3,9,2900,800,47.6865,-122.266,2860,6360,14.151982794585487
2,7200,1.0,0,0,3,7,1240,0,47.4971,-122.282,1130,9200,12.2783933071098
3,4874,2.0,0,0,3,7,2620,0,47.5328,-121.879,2360,4231,13.060487973686241
2,8189,1.0,0,0,3,6,860,0,47.735,-122.306,1180,8189,12.607529732240799
4,7620,2.0,0,0,3,8,1800,0,47.4346,-122.201,1800,6879,12.762827201184564
4,9030,1.0,0,0,4,7,1450,1210,47.4558,-122.212,1870,9030,12.654277907314498
5,20274,1.0,0,3,4,9,1660,1220,47.6267,-122.222,3750,20220,14.400515579904516
2,7819,1.0,0,0,3,7,1110,320,47.7307,-122.302,1380,7473,12.850423411901156
3,21744,2.0,1,4,4,9,1750,300,47.4536,-122.376,2300,12200,13.554145793829866
3,1972,2.5,0,2,3,8,1180,400,47.5903,-122.386,1500,1908,13.199324418540456
3,4833,1.0,0,0,4,7,1060,860,47.7067,-122.352,1580,5134,12.86099861326992
5,8921,2.0,0,0,3,9,3580,0,47.693,-122.202,2710,9308,13.955272500339433
3,2400,1.5,0,0,3,7,1170,510,47.6849,-122.367,1080,4560,13.058358047428417
2,6120,1.0,0,0,3,7,1060,300,47.6841,-122.291,1800,5100,13.17115354157376
4,8483,2.0,0,0,3,9,2590,0,47.738,-122.221,2660,8717,13.253391639810733
3,57063,2.0,0,0,4,8,1680,0,47.4669,-121.765,1910,57063,12.994530005894443
3,6440,1.0,0,2,5,7,970,970,47.5664,-122.389,1730,4640,13.386264921190707
3,10200,1.0,0,0,4,7,1020,0,47.7503,-122.348,1170,8188,12.721885810807203
3,7469,1.5,0,0,3,6,1120,360,47.5048,-122.301,1460,7379,12.468436909997665
3,5500,1.0,0,0,3,7,980,310,47.5266,-122.392,1680,5000,12.827240356297954
4,12462,1.0,0,2,4,8,1770,0,47.4355,-122.338,2310,14810,13.366876954454732
2,2475,1.0,0,0,5,6,620,0,47.6655,-122.371,1290,2475,12.904207367601158
2,11285,1.0,0,0,4,8,1180,900,47.3628,-122.147,2590,13048,13.180632285528304
4,7200,2.0,0,0,3,8,3070,0,47.4899,-122.138,2590,7200,13.17115354157376
4,7245,1.0,0,0,4,7,1250,1000,47.6045,-122.169,1960,7245,13.507625778194974
3,9650,1.5,0,0,5,5,1570,0,47.3531,-121.982,1330,9650,12.267374684906338
3,9100,1.0,0,0,3,7,1510,0,47.3331,-122.319,1180,7220,12.201060103706629
3,7881,1.0,0,0,3,7,1160,700,47.3855,-122.322,1490,7527,12.772805901234461
2,11500,1.0,0,0,5,7,1040,0,47.2791,-122.3,1300,11954,12.323855681186558
7,4000,2.0,0,1,3,8,2800,870,47.6375,-122.388,2010,4000,13.621925808891609
4,7800,1.0,0,0,3,8,1650,0,47.4507,-122.139,1750,10400,12.699243334057444
2,19271,2.0,1,4,3,7,1494,0,47.4728,-122.497,1494,43583,13.049792684569493
2,1867,1.0,0,0,3,7,600,600,47.627,-122.345,1790,2221,13.077366011473593
2,5700,1.0,0,0,4,6,870,0,47.498,-122.17,1020,5700,11.918390573078392
4,7400,1.0,0,0,4,7,1130,0,47.3437,-122.316,1540,7379,12.2783933071098
5,12500,1.0,0,0,4,8,1130,1130,47.3887,-122.286,1360,18000,12.460714863903755
3,11700,1.0,0,0,4,7,1390,0,47.7002,-122.192,1060,8686,13.017002861746503
4,5005,1.0,0,0,3,7,1430,730,47.6971,-122.302,1770,5326,13.217673557208654
4,6944,1.0,0,2,3,7,1310,930,47.338,-122.258,1780,7477,12.568978139219542
2,5100,1.0,0,0,3,7,1100,170,47.6771,-122.328,1670,3900,13.322852238153732
3,15022,2.0,0,0,3,10,3320,0,47.429,-122.341,3430,15018,13.541073712262515
2,1222,2.0,0,0,3,7,860,80,47.7178,-122.318,1302,1840,12.691580461311874
3,5702,2.0,0,0,3,8,2588,0,47.3453,-122.151,2403,5703,12.631340380934517
4,16236,1.0,0,0,3,7,1540,840,47.6126,-122.12,2230,8925,13.458692746677631
4,7064,1.0,0,0,4,8,1780,550,47.6955,-122.097,1740,8075,13.296316684527767
4,49765,1.0,0,0,4,8,3110,0,47.3343,-122.044,1880,19709,13.18345847676414
3,10390,1.0,0,0,3,7,1470,0,47.4192,-122.201,1770,7507,12.478006361013815
4,9640,1.0,0,0,3,8,1320,910,47.7269,-122.325,2100,9600,12.983101310070822
4,9001,1.0,0,0,3,8,2750,0,47.457,-122.189,1340,11050,12.71589776896258
4,9581,1.0,0,0,3,7,1580,0,47.692,-122.165,1580,10552,12.92391243868049
4,422096,1.5,0,0,3,9,3150,740,47.4125,-121.982,2180,229996,13.933293593620657
2,1060,3.0,0,0,3,8,1020,0,47.6801,-122.348,1340,1415,12.998499390181943
3,6860,2.0,0,0,3,6,1040,0,47.5121,-122.375,1030,6512,12.384218830913648
2,5280,1.0,0,0,4,5,690,0,47.4953,-122.187,1140,4860,11.842229212112828
5,11358,2.0,0,0,4,10,2780,1270,47.56,-122.225,3120,13555,14.068601185646436
4,9205,1.0,0,0,3,8,1260,630,47.774,-122.348,1430,6775,12.611537753638338
4,4600,1.5,0,0,3,7,1710,0,47.6847,-122.318,1740,4455,13.113927898583228
4,35679,2.0,0,0,4,9,2910,0,47.5859,-121.991,2720,36728,13.614006181753545
3,9079,1.0,0,0,3,7,1300,0,47.4834,-122.159,1890,7369,12.7098736543592
4,13200,1.0,0,0,3,7,1220,570,47.4672,-122.185,1740,8950,12.190959007720126
3,3760,1.0,0,0,5,7,930,580,47.5425,-122.39,1510,3760,13.16158409055761
3,736,2.5,0,0,3,8,880,110,47.6605,-122.319,1030,1201,12.858397831569864
3,2800,1.0,0,0,4,7,730,730,47.67,-122.295,1780,4560,13.304684934198283
3,5547,2.0,0,0,4,6,1280,0,47.3344,-122.215,1150,4500,12.025749091398891
2,5000,1.0,0,0,3,7,1200,160,47.6372,-122.392,1540,4000,13.369223455335854
4,4750,1.5,0,0,3,7,1550,0,47.6824,-122.389,1320,4750,13.186276703147982
3,800,2.0,0,0,3,8,1140,290,47.5477,-122.388,1430,1387,12.858397831569864
4,7746,2.0,0,0,3,10,3720,0,47.7323,-122.165,3080,11067,13.77468856344402
3,15000,1.0,0,0,3,7,1480,340,47.7401,-122.249,1930,13600,13.081541382884074
5,4200,1.0,0,0,4,6,1090,130,47.6677,-122.321,1790,4200,13.060381585048447
3,9605,1.0,0,0,3,7,1520,0,47.667,-122.142,2040,9900,13.180632285528304
3,1125,3.0,0,0,3,8,1510,0,47.6711,-122.39,1390,1174,13.180632285528304
2,7095,1.0,0,0,3,6,790,0,47.4928,-122.239,1150,7200,11.977288214325878
4,9715,1.0,0,0,4,7,970,360,47.6038,-122.122,1590,8400,13.035606513478047
2,4625,1.0,0,0,4,7,950,0,47.6912,-122.34,1440,4625,12.971540487669746
3,9583,1.0,0,0,4,7,1430,0,47.7206,-122.197,1890,11100,13.023647404465171
3,7885,2.0,0,0,3,8,1720,0,47.3136,-122.344,2340,7885,12.578518571181103
3,4324,2.0,0,0,3,8,2370,0,47.3515,-121.999,2370,4348,12.909170156943286
3,19270,2.0,0,0,3,8,2250,0,47.6569,-122.088,2940,19541,13.582316670796564
5,5460,2.0,0,0,3,8,2740,0,47.4042,-122.204,2900,5971,12.821258284620408
5,4000,2.0,0,0,3,9,2350,0,47.6265,-122.296,1840,4000,13.830399170458024
3,858,2.0,0,0,3,8,950,508,47.592,-122.293,1458,3000,13.337474757021274
3,5108,1.0,0,0,3,7,1620,0,47.6978,-122.316,1380,6130,13.1205617554577
4,9798,2.0,0,0,4,9,2770,0,47.562,-122.081,3040,11100,13.721199878493033
4,15000,1.0,0,0,5,7,1930,0,47.3864,-122.312,1620,7500,12.506177237980511
3,4183,2.0,0,0,3,7,2020,0,47.3658,-122.017,2030,4140,12.679196402112153
4,7920,1.0,0,3,3,10,1860,1510,47.6773,-122.403,2730,7380,14.09692301740246
4,7105,2.0,0,2,3,10,2890,790,47.6956,-122.311,1580,6815,13.748301808270824
5,6400,1.0,0,0,5,7,960,450,47.4207,-122.334,1400,6500,12.597547004611188
3,3840,1.0,0,0,3,7,950,480,47.6847,-122.381,1430,3840,13.053013299269535
5,12000,2.0,0,0,4,8,2410,0,47.5434,-122.175,2080,12000,13.381645975334411
3,6000,1.0,0,0,5,7,1300,0,47.5482,-122.392,1230,6000,13.235692062711331
4,5200,1.0,0,0,4,7,910,800,47.3634,-122.09,1560,5200,12.419165860990882
1,33278,1.0,0,2,4,4,530,0,47.6412,-122.079,2830,14311,12.779873068457553
3,9000,2.0,0,0,3,7,1800,0,47.3186,-122.331,1670,8486,12.462650972930621
3,7200,1.0,0,0,3,7,1130,240,47.7329,-122.308,1300,7208,12.841325847671216
3,2400,2.0,0,0,3,8,1740,460,47.6325,-122.371,2200,3600,13.312983737012978
2,13300,1.5,0,0,3,6,1230,200,47.6996,-122.203,1950,11421,12.959844447906553
5,3705,2.0,0,0,3,9,2610,720,47.5567,-122.124,2810,3971,13.58609739363647
2,1207,3.0,0,0,3,9,1570,0,47.6215,-122.201,1570,1206,13.45166712454693
3,8800,1.0,0,0,3,8,1270,860,47.383,-122.168,1960,8075,12.553202176625375
4,4000,1.5,0,0,3,9,2100,780,47.5843,-122.293,2110,4000,13.534473028231162
4,13129,2.0,0,0,4,8,2770,0,47.6268,-122.05,2400,13129,13.388454534525607
3,16239,1.0,0,0,3,7,880,1000,47.7004,-122.304,1260,7528,13.021437458814368
4,6663,2.0,0,0,3,7,1850,0,47.3618,-122.195,1850,6417,12.594730635321957
4,7700,2.0,0,0,3,9,2920,0,47.7351,-121.975,2920,8943,13.152892582439152
3,4635,1.5,0,0,3,8,1540,100,47.6793,-122.319,1530,4635,13.155798153490567
4,18042,2.0,0,0,3,8,2490,0,47.4161,-122.441,1960,21107,13.112313041550827
3,8316,1.0,0,0,5,6,1540,0,47.323,-122.216,1250,8316,12.218495165528731
3,6300,1.0,0,0,3,7,820,750,47.5565,-122.275,1510,4281,13.056223574899784
4,8596,2.0,0,0,3,8,2910,0,47.2596,-122.304,2770,8602,12.65139928706347
3,5750,1.5,0,0,4,7,1210,0,47.5403,-122.391,1160,5000,12.994530005894443
2,8710,1.0,0,0,3,7,1280,0,47.4472,-122.16,1520,9375,12.439166527697552
2,2841,2.0,0,0,3,6,1310,0,47.3502,-122.022,1360,2550,12.292250341771226
3,5401,1.0,0,0,4,7,1530,0,47.686,-122.304,1640,5467,13.253391639810733
4,3420,1.0,0,0,4,7,1020,770,47.6489,-122.337,1680,3420,13.235692062711331
3,4203,2.0,0,0,3,8,2430,0,47.5346,-121.875,2500,4798,13.151922179645874
3,12540,1.0,0,0,4,7,1720,0,47.5699,-122.177,1440,11850,13.102160670086809
4,84267,2.0,0,2,3,11,5670,0,47.323,-122.044,4100,83729,13.748301808270824
3,18540,1.0,0,0,3,8,1800,500,47.7767,-122.369,2460,18540,13.269057756555132
3,4038,2.0,0,0,4,8,2110,0,47.3875,-122.153,2110,3727,12.779873068457553
3,6856,2.0,0,0,3,10,2960,0,47.5906,-122.057,3320,6856,13.635187003832993
2,5029,1.0,0,0,3,7,910,250,47.6723,-122.266,1220,5029,13.313190327241996
4,18916,1.0,0,0,4,9,4040,0,47.6155,-122.238,3000,18831,14.635796869104627
4,3844,1.0,0,0,5,7,1200,1200,47.7027,-122.347,1100,3844,12.90793176669214
2,8867,2.0,0,0,3,7,1820,0,47.4764,-122.269,1430,9288,12.235631447771718
3,16173,2.0,0,0,3,10,2790,0,47.3043,-122.343,2890,11632,13.005829561148378
3,10620,1.5,0,0,3,7,1090,0,47.3748,-122.294,1380,10620,11.84939770159144
3,3466,2.0,0,0,3,7,2340,0,47.5322,-121.851,1970,3739,12.966878474563934
4,3543,2.0,0,0,3,7,1960,0,47.4849,-122.184,2420,3646,12.691580461311874
3,2096,2.0,0,0,3,8,1290,420,47.6055,-122.305,1630,1543,13.230320518909421
4,8640,1.0,0,0,3,7,1430,700,47.7087,-122.198,2120,8826,13.180632285528304
4,8890,1.0,0,0,3,7,980,550,47.5308,-122.35,1100,5203,12.771386454580234
4,6781,2.0,0,0,3,8,2100,620,47.4612,-122.215,2280,5942,12.80765263256463
3,7641,1.0,0,0,3,7,1510,840,47.7307,-122.219,2190,7500,12.994530005894443
3,8509,1.0,0,0,3,7,1150,400,47.5299,-122.344,1840,7620,12.818551923022664
4,3840,1.0,0,0,3,7,1170,760,47.5303,-122.346,1610,3840,12.70076888736628
5,5001,1.0,0,0,3,7,1360,910,47.5539,-122.3,1950,5500,12.644327576461329
3,4923,1.0,0,0,4,8,1070,1070,47.6902,-122.339,1470,4923,13.473020249017498
4,12081,2.0,0,0,3,10,4360,0,47.6377,-122.219,2180,10800,14.498607402670718
2,2500,2.0,0,2,3,7,1090,110,47.6304,-122.301,2690,4800,13.138236726560619
4,7350,2.0,0,0,3,9,2240,0,47.5652,-122.013,2200,8017,13.442996549995796
4,7230,2.0,0,0,3,9,3340,0,47.549,-122.096,3230,7529,13.602317337503232
3,5100,2.0,0,0,4,7,1100,0,47.679,-122.386,1540,5100,12.89921982609012
4,17400,1.5,0,0,4,9,2180,1270,47.5969,-122.206,3770,19530,14.143374420048886
3,8571,1.0,0,0,3,8,1270,500,47.3109,-122.339,2120,7711,12.388394202324129
3,968,2.0,0,0,3,7,1140,320,47.6601,-122.4,1460,1531,13.003016619771763
3,12821,1.0,0,0,3,7,1880,0,47.7681,-122.305,1540,12868,12.873389066055598
3,8442,1.5,0,0,5,7,1060,810,47.6964,-122.365,1640,6174,13.030248088496522
3,38095,1.0,0,0,3,7,1240,0,47.6522,-121.97,2060,38552,12.751299696013497
3,7140,1.0,0,2,3,8,2390,1500,47.5073,-122.239,1820,7320,12.971540487669746
2,6160,2.0,0,0,4,8,1610,0,47.6644,-122.13,1750,6305,13.017002861746503
4,38412,2.0,0,0,3,10,3420,1280,47.6445,-122.167,3640,35571,13.710150042306449
5,15916,1.5,0,0,5,8,3810,0,47.4521,-122.14,2470,11662,13.151922179645874
3,18304,1.0,0,0,4,7,1050,0,47.3206,-122.269,1690,15675,12.038245534886672
3,5478,1.0,0,0,5,6,1200,0,47.4959,-122.174,1270,6855,12.429216196844383
3,12177,1.0,0,0,3,7,1200,380,47.6254,-122.045,1660,11374,13.071070083016778
2,1712,2.0,0,0,4,7,880,0,47.6475,-122.397,1360,1748,12.685407602204794
4,16950,2.0,0,0,3,10,3730,0,47.5678,-122.228,3200,16950,14.047019025610112
3,5500,2.0,0,2,3,9,2340,0,47.6451,-122.319,2830,5500,13.797568558625834
5,7176,1.0,0,0,3,7,1310,940,47.4486,-122.194,1550,9081,12.765545566117686
5,17935,2.0,0,0,3,11,4180,0,47.5873,-122.202,2950,13760,14.450339829199704
2,8120,1.0,0,0,3,7,700,0,47.6962,-122.321,1130,5599,12.89921982609012
2,7338,2.0,0,0,4,7,1010,0,47.5123,-122.19,1220,7719,12.66032791780777
3,11616,1.0,0,0,3,7,1100,400,47.4062,-122.174,1830,8288,12.345834587905333
3,4905,2.0,0,0,3,8,2170,0,47.3503,-122.039,2300,4935,12.706544857216672
3,2400,1.5,0,0,5,7,1500,0,47.6333,-122.362,1780,3600,13.329296242670557
5,5374,2.5,0,0,4,9,3100,0,47.6154,-122.283,2180,5800,14.28551418721001
4,6095,1.5,0,0,4,6,1080,0,47.6962,-122.346,1200,5060,12.959844447906553
5,16238,2.0,0,0,4,8,2870,0,47.6308,-122.238,2870,16238,14.256986103595471
2,7832,1.0,0,0,3,6,1460,0,47.4617,-122.346,1460,7632,12.948009990259552
3,6911,1.0,0,0,3,7,1260,350,47.7188,-122.177,1630,6911,12.983101310070822
2,1749,1.0,0,0,3,8,660,630,47.6118,-122.116,1860,1749,12.500606192931057
3,12247,1.0,0,0,3,8,1610,0,47.4476,-122.124,2010,9271,12.628067055589549
5,8854,1.0,0,0,4,8,1500,1330,47.5743,-122.209,2260,8604,13.670484785914017
4,8223,2.0,0,0,3,10,3270,0,47.6018,-122.073,3460,8872,13.589237113641136
3,33090,1.5,0,2,5,8,2010,0,47.2133,-122.007,1840,22620,12.936033799212835
1,10235,1.5,0,0,3,6,780,0,47.713,-121.315,930,10165,12.025749091398891
4,5105,2.0,0,0,4,8,2240,0,47.3922,-122.165,1920,5288,12.691580461311874
3,7030,1.0,0,0,3,7,1300,0,47.721,-122.179,1450,7650,12.86099861326992
3,2550,2.0,0,0,3,7,1340,0,47.6793,-122.38,1370,5100,13.112313041550827
3,31238,2.0,0,0,3,9,2150,0,47.6596,-121.96,2650,38307,13.296316684527767
2,10492,1.0,0,0,3,7,870,0,47.5467,-122.365,1300,7987,12.853175887588712
4,8440,2.0,0,0,4,8,2230,0,47.7558,-122.217,2160,9412,13.01477816672439
3,17585,1.0,0,0,3,7,1150,0,47.6503,-121.908,1200,7500,12.796633237315017
2,7400,1.0,0,2,4,7,830,100,47.5691,-122.408,1920,4152,13.218582235144872
3,56609,2.0,1,4,3,12,4490,0,47.6997,-122.24,2710,51330,14.953343559785665
3,5200,1.0,0,0,4,7,1160,0,47.3643,-122.09,1470,5200,12.203569515312056
3,5488,1.5,0,0,3,7,1540,220,47.6479,-122.367,1760,5943,13.527828485512494
3,478288,1.5,0,3,4,8,2260,1060,47.2407,-121.953,2960,217800,13.410545324897761
3,10511,1.0,0,0,4,6,900,0,47.2883,-122.272,1460,10643,12.092343880201831
3,8436,1.0,0,0,3,7,1140,600,47.3456,-122.305,1550,8436,12.388390035648781
4,27540,2.0,0,0,3,8,2150,0,47.637,-121.969,2150,27540,13.217673557208654
3,3680,2.0,0,0,4,9,2190,990,47.577,-122.38,2000,3680,13.652991628466498
3,3738,1.0,0,0,3,10,1720,950,47.5299,-122.203,2610,3734,13.590865880523797
3,5400,2.0,0,0,5,8,1670,0,47.635,-122.284,2100,5400,13.800396920154226
4,8475,1.0,0,0,4,7,1330,850,47.4045,-122.174,1500,7140,12.538967060803502
3,10968,2.0,0,0,4,9,2370,0,47.6679,-122.172,2380,8144,13.457406021215947
4,6114,2.0,0,0,3,9,2620,0,47.5603,-122.013,2620,5808,13.422467969854667
3,5000,1.0,0,0,4,7,810,600,47.6727,-122.395,1760,5000,13.217673557208654
4,11025,2.0,0,0,3,10,3750,0,47.6367,-122.059,2930,12835,13.732128949025222
3,5027,1.5,0,0,3,7,1650,0,47.515,-121.874,2430,6000,12.89921982609012
5,5600,1.5,0,0,3,6,1430,0,47.5192,-122.266,1860,5980,11.79810440720389
5,9900,1.0,0,0,3,7,1050,370,47.6348,-122.118,1580,8075,13.091904169919621
4,7535,2.0,0,0,3,9,3200,0,47.666,-122.276,1650,6850,14.042646130548022
3,9253,1.0,0,0,3,7,1090,280,47.3717,-122.073,1470,9253,12.570715759118084
3,7875,1.0,0,0,3,7,1580,0,47.1958,-122.003,1560,8314,12.180754837545884
3,949,3.0,0,0,3,8,1240,0,47.6488,-122.334,1310,1140,13.204864598916073
5,8065,2.0,0,0,3,8,3160,0,47.5678,-122.089,2540,7917,13.53777881636566
4,7088,1.0,0,0,3,8,1650,0,47.5688,-122.087,1850,7523,13.234798806734117
3,8244,2.0,0,0,3,10,2420,0,47.5595,-122.019,2500,9320,13.369223455335854
2,1756,3.0,0,0,3,9,1780,210,47.6264,-122.323,1955,1438,13.444446876573442
3,2052,2.0,0,0,3,8,1410,0,47.5171,-122.347,1410,1988,12.541830341213517
4,9279,1.0,0,0,3,7,1540,0,47.5163,-122.268,1540,5110,12.367340793126296
3,8512,2.0,0,0,3,7,1680,0,47.1952,-121.986,1580,8512,12.513557345278134
3,9630,1.0,0,0,4,8,1490,0,47.7623,-122.256,1960,10469,12.86099861326992
3,11975,1.0,0,0,4,7,1500,0,47.4658,-121.758,1510,13875,12.8790171187726
4,7490,2.0,0,0,3,7,1320,390,47.4544,-122.357,1880,7704,12.776345727939585
3,1221,2.0,0,0,3,8,1050,190,47.7073,-122.356,1180,887,12.676076274775909
4,7644,2.0,0,0,3,10,3320,0,47.5541,-122.106,3320,9472,13.764217263576723
4,88714,2.0,0,0,3,12,6380,0,47.5592,-122.015,3040,7113,14.415719742864951
3,8505,1.0,0,0,4,7,1860,0,47.3106,-122.365,1810,8262,12.287652632522597
3,9000,1.0,0,0,5,9,1870,0,47.7203,-122.361,2030,8160,13.297808008925324
3,18500,2.0,0,0,4,8,2120,0,47.3914,-122.169,2120,14479,12.834681304952548
3,8142,1.0,0,0,3,7,1040,780,47.505,-122.316,1820,8142,12.641096555879882
4,7140,1.0,0,0,3,8,1290,880,47.691,-122.113,2120,7820,13.226723392728571
4,5375,1.0,0,0,2,7,1060,770,47.4169,-122.316,1040,7500,12.468436909997665
5,14685,2.0,0,0,3,10,4590,0,47.664,-122.2,3030,9486,14.352003928478842
4,5427,1.0,0,0,3,6,1120,0,47.3628,-122.087,1150,5304,12.300928176542852
4,8800,1.0,0,0,4,8,2020,0,47.3202,-122.384,2320,8000,12.409013489526863
3,13095,1.0,0,0,4,9,1780,0,47.367,-122.152,2750,13095,12.691580461311874
4,7489,2.0,0,0,3,7,1220,0,47.6133,-122.306,1220,3750,13.748301808270824
4,5835,2.0,0,0,3,8,2350,0,47.3494,-122.153,3010,5772,12.506177237980511
3,7770,2.0,0,0,3,8,2030,0,47.5253,-121.93,1360,10782,12.971540487669746
4,9000,1.5,0,0,4,7,1350,0,47.6953,-122.332,1940,8000,12.971540487669746
3,8831,1.0,0,0,3,7,1460,370,47.7286,-122.215,2330,8064,12.973863369085885
3,1246,3.0,0,0,3,8,1410,0,47.6981,-122.34,1410,1253,12.969212197910155
2,2820,1.0,0,0,4,7,830,0,47.689,-122.347,1460,3150,13.159659162148026
4,7877,1.5,0,0,5,7,1190,0,47.7538,-122.322,1480,9975,12.70381302974751
3,111514,2.0,0,0,3,6,3460,440,47.5621,-121.924,2460,217800,12.936033799212835
2,1347,3.0,0,0,3,8,1260,0,47.6994,-122.341,1260,1356,12.765688433465597
1,12120,1.0,0,0,3,4,560,0,47.675,-121.854,1300,19207,12.608198852372823
4,7680,1.0,0,0,5,6,890,800,47.5296,-122.375,1060,7680,12.900156886911459
4,4668,2.0,0,0,3,8,2450,0,47.7721,-122.235,2460,4895,13.122363377404328
3,7920,1.0,0,0,3,8,1260,450,47.3473,-122.305,1760,8120,12.375815420117268
4,3952,1.5,0,0,4,8,1790,0,47.689,-122.352,1200,3876,13.592367006650065
3,13775,1.0,0,2,3,7,1250,0,47.4981,-121.772,1260,13707,12.765688433465597
3,6540,1.0,0,0,3,6,840,0,47.3743,-122.116,1010,6600,12.354492650648448
3,6833,1.0,0,0,3,7,1190,0,47.3191,-122.18,1540,8000,12.206072645530174
3,10277,1.0,0,0,3,6,1180,0,47.488,-121.787,1680,11104,12.524526376648708
3,7638,1.0,0,0,5,7,1060,0,47.5941,-122.142,1470,8097,12.948009990259552
3,9800,1.0,0,0,5,7,1370,0,47.3068,-122.27,1370,9800,12.41673867533327
4,7334,2.0,0,0,3,8,2830,0,47.4868,-122.141,2830,7378,13.199324418540456
3,23522,1.0,0,0,4,7,1230,0,47.515,-122.162,2340,23522,12.959844447906553
3,6205,1.0,0,0,5,7,1320,0,47.7412,-122.343,1210,6205,12.65395846952229
5,5500,1.5,0,0,3,7,1710,910,47.6806,-122.388,1790,5500,13.36138027787483
3,8223,1.0,0,0,4,7,1030,0,47.4282,-122.331,1460,9463,12.495003937382387
4,13360,2.0,0,0,3,9,3250,0,47.3524,-122.198,2612,14448,13.095896191189158
3,5400,1.0,0,0,4,7,1050,700,47.6799,-122.279,1750,5400,13.482172604342352
3,9375,1.0,0,0,3,7,1160,0,47.7419,-122.073,1160,9650,12.84792653170257
5,7055,2.0,0,0,3,9,3700,0,47.5929,-122.057,3170,6527,13.6989205603549
4,5490,1.0,0,3,3,8,1160,1160,47.5091,-122.241,2240,7200,12.938680894971032
4,7700,1.0,0,0,4,7,1010,720,47.4996,-122.163,1650,8066,12.668233097314884
5,12821,2.0,0,2,3,10,2890,590,47.2641,-122.215,3400,9870,13.081541382884074
3,10879,2.0,0,0,3,9,2280,0,47.6217,-122.034,2400,9536,13.266463721378086
2,1960,2.0,0,0,3,8,1414,0,47.5423,-122.189,1414,2511,12.966878474563934
3,223377,1.0,0,0,3,7,1240,480,47.7329,-121.92,2530,221442,12.994416363073707
3,7304,1.0,0,0,3,9,1300,1030,47.5982,-122.172,2330,9518,13.1538620444637
2,1253,2.0,0,0,3,8,840,340,47.6124,-122.309,1310,1963,12.945626198904275
2,4590,1.0,0,0,3,7,890,0,47.6901,-122.362,1310,4590,13.071070083016778
4,12000,1.0,0,0,4,7,1360,910,47.7559,-122.148,2500,10120,12.948009990259552
4,11670,1.0,0,0,4,7,1330,1100,47.7307,-122.228,1580,10464,13.15773052124162
4,5883,2.0,0,0,3,7,2163,0,47.2734,-122.251,1700,10143,12.421184025147118
4,7350,1.0,0,0,3,8,2030,0,47.6274,-122.094,2000,7998,13.244581010128577
3,5650,1.0,0,0,3,7,1640,0,47.3736,-122.13,2250,5488,12.538967060803502
5,5901,2.0,0,0,3,9,2900,0,47.5396,-121.998,3200,5775,13.603430579006044
3,1512,2.0,0,0,3,7,1300,145,47.5341,-122.069,1445,1082,12.936033799212835
4,8874,1.0,0,0,3,8,1370,1320,47.3078,-122.383,1990,7875,12.636067751381615
4,4090,2.0,0,0,3,8,1840,670,47.7345,-121.967,2070,4090,12.92391243868049
2,16637,1.0,0,3,3,10,2160,560,47.5499,-122.264,2880,7320,14.181888277364392
3,6000,1.0,0,0,5,6,900,900,47.7505,-122.317,1060,6628,12.850554654108839
3,1487,3.0,0,0,3,9,1580,0,47.6514,-122.386,1600,1525,13.203574632829152
7,307752,3.0,0,4,3,12,9410,4130,47.6675,-121.986,4850,217800,14.639686000930624
3,926,3.0,0,0,3,8,1590,0,47.5402,-122.387,1640,1321,13.091801071821688
3,8867,1.0,0,0,3,8,1320,400,47.44,-122.136,2200,9170,12.759957758756611
3,9417,1.0,0,0,5,6,710,620,47.7231,-122.301,1690,7937,12.834681304952548
2,7500,1.5,0,0,4,7,1160,0,47.6499,-121.916,1110,7500,12.65075846679162
4,2222,2.0,0,0,3,9,1610,420,47.679,-122.375,1420,2222,13.547631112808673
3,3729,2.0,0,0,3,9,2080,0,47.6731,-122.199,2080,4000,13.708913722822812
3,6223,1.0,0,0,3,7,820,440,47.3574,-122.158,1260,6553,12.254862809699606
2,3960,1.0,0,0,3,7,950,0,47.6885,-122.337,1320,4050,13.085699393032737
3,11550,1.5,0,0,3,8,1910,0,47.6213,-122.064,2230,11550,13.270783382522602
4,8579,2.0,0,0,3,8,2090,0,47.6364,-122.03,1850,8843,13.210740488021742
4,8971,2.0,0,0,3,9,2340,0,47.5679,-122.011,2510,9219,13.287877815881902
4,5120,1.0,0,0,5,6,770,770,47.5359,-122.372,1080,5120,12.886641043883259
3,11603,2.0,0,2,3,8,1540,930,47.6569,-122.123,2850,11250,13.508985397711013
5,12957,2.0,0,1,3,9,3110,1680,47.5469,-122.194,2620,13538,13.615228675793327
3,3202,2.0,0,0,4,8,1640,800,47.7152,-122.342,2440,3200,13.151922179645874
3,13500,1.0,0,0,4,7,1500,0,47.4666,-122.072,1350,13680,12.506177237980511
2,5765,1.0,0,0,3,7,1040,0,47.7024,-122.346,1040,3844,12.790528770335836
3,10290,1.0,0,0,4,7,1140,200,47.3553,-122.149,1760,7903,12.487485104968359
2,1705,2.0,0,0,3,8,1270,290,47.5482,-122.374,1560,1758,12.757080058928997
2,5000,1.0,0,0,3,7,1080,0,47.5682,-122.359,1010,5000,12.691580461311874
3,8100,1.0,0,0,3,7,960,0,47.7766,-122.307,1120,8100,12.449018824140563
2,965,3.0,0,0,3,9,1540,0,47.6181,-122.318,1410,964,13.369223455335854
5,6983,2.0,0,0,3,10,3361,0,47.3427,-122.169,3112,6920,13.144124869185841
2,9400,2.0,0,4,5,10,2610,570,47.5617,-122.158,3760,9450,14.224303456165114
4,12138,1.0,0,0,3,8,1700,1010,47.7657,-122.29,2390,10052,13.190022025878143
3,4920,2.0,0,0,3,7,1710,0,47.5347,-122.376,1500,4920,12.936033799212835
3,7326,2.0,0,0,3,8,1820,0,47.7133,-122.217,2430,7696,13.102058624063964
4,6000,2.0,0,0,3,7,1987,0,47.2679,-122.255,1880,9589,12.449018824140563
3,10323,1.0,0,0,4,7,1040,0,47.5882,-122.155,1580,7200,12.92659177288597
3,5999,1.5,0,0,4,7,1630,0,47.3816,-122.313,1540,7500,12.487485104968359
3,7458,2.0,0,0,3,9,2060,0,47.3045,-122.351,2480,7743,12.759957758756611
4,11901,2.0,0,0,5,9,2650,670,47.554,-122.16,2700,11114,13.656045783313248
5,9432,2.0,0,0,3,8,2450,0,47.4519,-122.13,2310,9100,12.793720411897448
4,3976,1.5,0,0,4,8,1930,0,47.6117,-122.297,1470,4080,13.38472764187182
3,10424,2.0,0,0,3,7,1640,0,47.7345,-121.977,1560,10101,12.765688433465597
2,3834,1.5,0,0,3,6,1140,0,47.5642,-122.378,1190,5750,12.676076274775909
3,7210,1.0,0,0,3,7,1110,820,47.735,-122.174,1870,7877,12.981951223687584
2,8842,1.0,0,0,3,7,840,600,47.7443,-122.325,1650,8461,12.721885810807203
3,10117,1.0,0,0,3,7,1290,0,47.7598,-122.146,1770,11839,12.821258284620408
3,4442,2.0,0,0,3,8,2860,0,47.661,-122.396,1440,4400,13.591116224748411
3,7017,2.0,0,3,3,7,2010,0,47.6828,-122.267,2450,6045,13.560618308335483
4,7200,2.0,0,3,3,8,1700,280,47.6318,-122.369,2490,4200,13.710150042306449
3,6431,2.0,0,0,3,10,2940,0,47.5818,-122.047,2760,6695,13.725754326396588
5,13332,2.0,0,0,4,8,2910,0,47.4977,-122.359,1760,8900,13.312983737012978
3,7440,1.0,0,0,5,7,1040,820,47.5035,-122.255,1490,8160,12.61602765891119
4,6906,2.0,0,0,4,8,2090,0,47.5718,-121.996,2090,6370,13.306350213517344
3,5405,1.0,0,2,4,7,960,960,47.5583,-122.38,1190,5405,13.102160670086809
4,8684,1.5,0,0,3,7,1400,0,47.4887,-122.344,1520,8712,12.128111104060462
4,17802,1.0,0,2,3,9,1750,1150,47.7004,-122.229,2900,15720,13.739169324707552
4,4590,2.0,0,0,3,8,1830,0,47.6593,-122.327,1650,4590,13.458835614025542
3,3054,2.0,0,0,3,8,1880,0,47.6091,-122.147,1840,3815,13.202836761554206
3,12201,1.0,0,0,3,7,1230,0,47.3285,-122.134,1230,10780,12.254862809699606
4,9900,1.0,0,2,4,8,1690,1690,47.4438,-122.34,2390,9900,13.060487973686241
3,10012,2.0,0,0,3,10,2520,0,47.6295,-122.051,2680,10071,13.487006490992238
3,1777,2.0,0,0,3,8,1260,310,47.6655,-122.369,1000,1777,13.253391639810733
4,10200,1.0,0,2,3,8,2000,180,47.7638,-122.27,2590,10445,12.994530005894443
3,6460,1.0,0,0,5,6,920,0,47.3665,-122.082,920,4770,12.154516158615772
4,5350,1.0,0,0,3,7,980,490,47.7048,-122.315,1970,6138,13.049792684569493
3,7215,1.0,0,0,4,8,1770,850,47.5836,-122.2,2180,8931,13.710150042306449
4,4249,2.0,0,0,3,8,2300,0,47.3516,-122.0,2390,4385,12.774223335915433
5,5000,2.0,0,0,3,8,2580,760,47.5168,-121.871,3420,5000,13.291261913866142
3,6947,2.0,0,3,3,9,2700,0,47.5172,-122.208,2500,6947,13.764217263576723
2,9000,1.0,0,2,5,6,1200,0,47.4039,-122.323,1660,9000,12.449018824140563
3,12164,2.0,0,0,3,10,2360,0,47.5596,-122.022,2400,11260,13.345506928718539
3,6000,1.5,0,0,3,7,1150,0,47.4963,-121.787,1210,7700,12.634603026569334
3,3060,1.0,0,0,5,8,950,790,47.6816,-122.31,1800,3960,13.504900980868788
3,8622,2.0,0,0,3,8,2210,0,47.5715,-122.02,2340,7192,13.287877815881902
3,5546,1.0,0,0,2,6,920,0,47.7114,-122.284,1300,5546,12.240474072247506
2,1107,3.0,0,0,3,8,1100,0,47.6584,-122.35,1110,2750,12.948009990259552
4,13660,1.0,0,3,3,8,2190,0,47.7658,-122.37,2520,20500,13.345506928718539
4,11026,1.0,0,0,4,7,2150,0,47.7635,-122.263,1760,10283,12.89921982609012
3,22486,1.0,0,0,4,6,1970,0,47.4511,-122.089,1850,20160,12.57418196709457
3,7419,1.0,0,0,3,7,1330,0,47.7322,-122.236,1330,7297,12.751154757974255
5,9597,1.0,0,0,4,7,1240,800,47.6544,-122.134,1800,8553,13.081541382884074
5,3240,1.0,0,0,3,5,840,840,47.5965,-122.311,1380,1260,12.84792653170257
3,4000,1.0,0,0,3,7,900,400,47.6368,-122.388,1750,4000,13.038981768465277
3,44867,1.0,0,4,3,9,2330,720,47.5316,-122.233,4110,20336,14.508657738524219
3,9500,1.0,0,3,4,8,1150,590,47.4919,-122.365,2110,9450,13.279367126213993
3,7634,1.0,0,0,3,8,1450,640,47.7408,-121.974,2090,9600,12.89921982609012
2,3990,1.0,0,0,3,7,1140,0,47.6554,-122.333,1800,5700,13.45166712454693
3,8128,1.0,0,0,3,6,1040,0,47.7425,-121.981,1520,7500,12.363076394339839
3,5440,1.0,0,0,4,6,790,500,47.6951,-122.367,1220,5464,13.017002861746503
2,1137,3.0,0,0,3,7,1200,0,47.6715,-122.392,1280,1295,13.005829561148378
3,8000,2.0,0,0,3,8,2110,0,47.7311,-122.204,1740,7270,12.86099861326992
2,977,3.0,0,0,3,9,1680,0,47.632,-122.361,1680,977,13.748301808270824
3,6132,2.0,0,3,3,10,2600,1360,47.6396,-122.409,2730,5221,14.01436141670944
4,85728,2.0,0,0,3,11,3840,0,47.615,-121.954,2430,42643,13.641157170819497
4,8580,2.0,0,0,3,9,3610,0,47.6706,-122.173,2360,8580,13.797346587336603
2,44431,1.0,0,0,5,6,1300,0,47.327,-122.267,1470,14850,12.072541252905651
4,10250,1.0,0,0,3,7,2390,910,47.5873,-122.249,1950,6045,13.715690222682063
3,18200,1.0,0,0,4,7,1390,0,47.3208,-122.337,1810,9675,12.473615784141067
3,6000,1.5,0,0,4,7,1630,700,47.5765,-122.378,1600,4000,13.312983737012978
3,8040,1.0,0,0,3,7,960,480,47.7128,-122.306,1500,8040,12.661200552824075
2,711,2.0,0,0,3,7,1150,0,47.5323,-122.07,1150,748,12.691580461311874
4,12500,2.0,0,0,2,8,2020,0,47.5403,-122.175,1800,13175,12.834681304952548
4,7231,2.0,0,0,3,8,3110,0,47.3279,-122.191,2820,7311,12.814478597635029
5,9612,1.0,0,2,4,9,2030,1720,47.5511,-122.157,3270,9688,13.756291198304304
4,31941,1.0,0,0,4,9,2640,0,47.3099,-122.116,2780,35365,13.102058624063964
4,17000,2.0,0,3,4,10,2820,910,47.5355,-122.242,3880,15550,14.262980960217469
3,6000,1.0,0,0,3,7,1190,0,47.5026,-122.236,1200,6000,12.220961258023925
5,9720,1.0,0,0,4,7,1390,520,47.5772,-122.159,1750,9720,13.244581010128577
4,7620,1.5,0,0,3,6,1190,0,47.5281,-122.348,1060,7320,12.65075846679162
3,9576,2.0,0,0,3,10,3060,0,47.5928,-122.199,3060,9579,14.051783539850701
3,12676,2.0,0,0,3,7,2420,0,47.4943,-121.789,1210,6769,12.897969044188466
3,2551,2.0,0,0,3,8,1900,160,47.5881,-122.165,2060,2936,13.42984807715229
5,7630,1.0,0,0,4,7,1730,850,47.6226,-122.205,2040,7717,13.726679344257658
4,7850,2.0,0,0,3,8,2380,0,47.4356,-122.201,1940,7334,12.736700896592344
4,7115,2.0,0,0,3,9,2390,0,47.2593,-122.222,2600,7916,12.793859310432293
3,7965,1.0,0,0,4,7,1650,0,47.7335,-122.193,1560,7350,12.981951223687584
3,35722,1.0,0,0,3,9,2300,0,47.7455,-122.112,2600,34798,13.16158409055761
3,7500,1.0,0,0,3,7,1140,0,47.619,-122.064,1380,7500,12.782686009834167
4,5572,1.5,0,3,3,7,1760,450,47.5727,-122.376,1760,4713,13.142166004700508
5,7910,1.0,0,0,3,7,1070,1070,47.6071,-122.137,1680,8700,13.180632285528304
5,28212,1.5,0,0,4,8,2790,680,47.3342,-122.108,2020,28177,13.028052697933088
3,10454,1.0,0,0,3,7,1610,0,47.4517,-122.331,1720,9583,12.542544882151386
4,9624,2.0,0,0,3,8,2310,0,47.5386,-122.053,1940,9636,13.30092788532057
3,7200,1.0,0,0,3,7,1420,300,47.7062,-122.304,1380,8000,13.341016863445674
3,4000,2.0,0,0,3,8,1760,0,47.6401,-122.32,1760,4000,13.444446876573442
4,8049,2.0,0,0,3,9,2160,0,47.3337,-122.26,2490,8995,12.666657052859417
2,5100,1.5,0,0,4,7,1120,140,47.6805,-122.384,1260,5100,13.176851562688398
5,6000,1.0,0,0,5,7,1500,1500,47.492,-122.225,2230,7125,12.84792653170257
3,4200,1.0,0,0,5,7,830,790,47.6743,-122.285,1580,5000,13.122363377404328
3,11752,1.5,0,0,5,8,1570,0,47.7686,-122.348,2010,8291,12.936033799212835
2,7617,1.0,0,0,3,6,910,0,47.7332,-122.305,1310,6624,12.80765263256463
4,6500,1.0,0,0,3,7,1250,480,47.6982,-122.282,1910,8100,13.458835614025542
5,6000,2.0,0,0,3,7,2060,0,47.6685,-122.305,1770,5000,13.270783382522602
2,2625,2.0,0,0,4,7,1260,0,47.6747,-122.151,1260,2625,12.901716706288706
3,9153,2.0,0,0,3,8,1970,0,47.7698,-122.268,1800,9800,13.142067960678665
4,10319,2.0,0,0,4,11,3180,0,47.5372,-122.232,3130,12120,14.020490138650812
3,17550,1.0,0,0,3,7,2190,0,47.6984,-121.912,1700,17550,12.834681304952548
5,15200,2.0,0,0,3,10,3720,0,47.5956,-122.026,4100,19036,13.77468856344402
2,28593,1.5,1,3,4,7,2040,0,47.3979,-122.465,2040,35124,13.329377546788654
3,11580,1.0,0,0,4,8,1580,0,47.5503,-122.155,2630,10009,13.308012724290958
3,3727,2.0,0,0,3,8,1880,380,47.6422,-122.361,1600,4800,13.58609739363647
3,55847,1.0,0,2,4,8,2320,0,47.3121,-122.253,2400,26112,13.202098345423183
3,23180,1.0,1,4,3,8,1100,870,47.5495,-122.398,3030,34689,13.976778705560397
3,4000,2.0,0,0,3,8,1580,0,47.6363,-122.32,2190,4000,13.444446876573442
4,6000,2.0,0,2,3,10,2380,100,47.6392,-122.406,3030,5600,13.795001681332733
3,4480,1.0,0,0,3,7,870,170,47.6461,-122.356,1730,4200,13.372343582672098
3,14862,1.0,0,0,3,8,1380,1040,47.3301,-122.365,2550,14675,12.691580461311874
3,14052,1.0,0,0,5,8,1720,870,47.7357,-122.333,1570,8162,13.096019402064726
2,3899,1.0,0,0,4,8,1080,0,47.3792,-122.321,1090,3899,12.180754837545884
4,6587,2.0,0,0,3,8,2260,710,47.4776,-122.122,2970,5690,13.21766446625824
3,15210,1.0,0,0,5,7,1120,0,47.3659,-122.113,1710,8470,12.429016176841717
4,51908,2.0,0,0,3,11,4090,0,47.7226,-122.039,4290,41655,13.849911984681606
3,13775,1.0,0,0,3,8,1670,0,47.4873,-121.783,2130,14500,12.834681304952548
3,5800,1.0,0,0,4,8,1520,460,47.6499,-122.413,2280,5800,13.539757056377766
4,4600,1.5,0,2,4,8,1420,570,47.5638,-122.38,1810,5750,13.401509118833824
4,10459,2.0,0,0,4,8,2650,0,47.2739,-122.293,2340,8777,12.765688433465597
4,15405,1.0,0,2,4,8,1850,1780,47.566,-122.225,3380,11184,13.55284624848778
4,5099,2.0,0,0,3,9,3390,1100,47.5394,-121.861,4290,5537,13.458835614025542
4,6536,2.0,0,0,3,9,2600,0,47.5232,-122.191,2640,6185,13.304684934198283
5,5445,1.5,0,0,4,7,1760,800,47.5502,-122.311,1080,5445,12.999065161059836
3,6600,1.0,0,0,3,7,1760,0,47.3836,-122.184,2590,6600,12.577636201962656
3,1022,3.0,0,0,3,8,1400,0,47.6989,-122.317,1270,1205,12.959844447906553
4,13500,1.0,0,0,3,7,1230,800,47.4596,-122.066,1830,13800,12.721885810807203
3,8775,1.0,0,0,3,7,1290,690,47.7753,-122.359,1550,9240,12.987688474077727
4,6796,2.0,0,0,3,8,2430,0,47.4499,-122.127,2450,8400,12.931081799238862
5,22763,1.0,0,3,4,11,1910,1850,47.5333,-122.22,3730,11201,14.133964289082808
3,9350,2.0,0,2,4,9,2960,0,47.6218,-122.094,2960,11745,13.514405465180353
3,8100,1.0,0,0,4,6,900,0,47.2866,-122.221,1000,7830,12.097930486910471
2,6300,1.0,0,0,3,6,710,0,47.5155,-122.374,740,6300,12.57418196709457
5,6907,2.0,0,0,3,10,3450,780,47.6866,-122.205,2650,8076,14.151982794585487
