bedrooms,sqft_living,sqft_lot,floors,waterfront,view,condition,grade,sqft_above,yr_built,yr_renovated,lat,long,sqft_living15,sqft_lot15,price_ln
2,1270,7440,1.0,0,0,4,7,910,1949,0,47.5285,-122.372,1040,7500,12.89921982609012
3,1930,213008,1.0,0,2,3,7,1300,1980,0,47.6751,-121.993,2860,208652,13.249876697703288
3,3020,5868,2.0,0,0,3,7,3020,2003,0,47.3361,-122.175,2710,5470,12.524526376648708
4,3700,4500,2.0,0,0,3,9,3700,2007,0,47.7473,-122.23,3050,5047,13.38472764187182
3,2480,15022,1.0,0,4,3,9,1330,1967,2003,47.5497,-122.396,2500,8178,13.864300722133706
5,3740,32481,1.5,0,0,3,8,2240,1958,0,47.3965,-122.314,2040,11398,12.8790171187726
3,1690,4476,2.0,0,0,3,7,1690,2008,0,47.3663,-122.114,2250,4488,12.619836556453032
2,1150,3775,1.0,0,0,3,7,1150,1917,0,47.6539,-122.329,2240,3753,13.304601597392535
3,1490,3800,1.0,0,0,3,6,700,1913,0,47.5554,-122.27,2180,4000,12.479909311159902
4,3960,7012,2.0,0,0,3,10,3960,2005,0,47.5854,-122.08,3680,8522,13.664687668229691
4,3430,43560,1.5,0,2,5,10,3430,1979,0,47.6426,-122.18,3700,44431,13.77468856344402
5,1240,8936,1.0,0,0,3,7,1240,1954,0,47.5738,-122.136,1600,9341,12.71589776896258
4,2560,9731,2.0,0,0,4,7,2560,1973,0,47.7261,-122.246,1860,9731,13.38472764187182
4,3380,27589,2.0,0,0,3,10,3380,1966,0,47.6292,-122.225,3390,20075,14.17318500223609
3,1750,7800,1.0,0,0,4,7,1150,1956,0,47.4596,-122.343,1750,7560,12.706696406811568
3,1710,7230,2.0,0,0,3,7,1710,1996,0,47.2778,-122.298,1720,6537,12.524526376648708
2,1110,957,2.0,0,0,3,8,930,2005,0,47.6319,-122.362,1680,1104,13.120361374733656
3,1260,5758,2.0,0,0,3,7,1260,1999,0,47.5524,-122.139,3090,10142,12.71589776896258
4,2760,18306,1.0,0,0,3,7,1630,1978,0,47.7302,-122.215,2470,9856,13.10724973959428
3,1650,10075,1.0,0,0,3,7,1170,1955,0,47.7695,-122.359,1690,8125,12.779873068457553
4,1200,11834,1.0,1,3,3,6,1200,1972,0,47.4557,-122.443,1670,47462,12.736700896592344
3,1870,9825,1.0,0,0,4,7,1250,1994,0,47.4639,-121.744,1380,11475,12.691580461311874
3,2160,9540,2.0,0,0,3,8,2160,1979,0,47.7668,-122.243,1720,12593,12.905450375840756
4,2330,5000,1.5,0,0,4,7,1510,1929,0,47.6823,-122.368,1460,5000,13.440817108522863
5,2920,6960,2.0,0,1,3,9,2120,1953,2008,47.6712,-122.272,2470,6735,14.247292974389811
1,790,12000,1.0,0,0,3,6,790,1918,0,47.5146,-122.265,1900,6000,12.421184025147118
2,700,3400,1.0,0,0,3,6,700,1946,0,47.6212,-122.296,1570,4512,12.896716695872
4,1940,5753,1.5,0,0,3,7,1940,1947,0,47.7188,-122.358,2170,6075,12.901716706288706
2,1470,3864,1.0,0,0,4,7,1170,1916,0,47.6638,-122.345,1570,3864,13.214030565930152
4,2270,11500,1.0,0,0,3,8,1540,1967,0,47.7089,-122.241,2020,10918,13.345346915917172
4,3200,7605,2.0,0,2,3,9,2500,2013,0,47.3443,-122.327,2240,4416,13.507625778194974
3,1660,9549,1.0,0,0,3,7,1660,1956,0,47.6503,-122.198,2090,9549,13.422467969854667
4,1170,6240,1.0,0,0,4,6,1170,1960,0,47.5495,-122.232,2380,8846,13.17115354157376
4,2360,15860,1.0,0,0,3,9,2360,1977,0,47.6307,-122.051,2650,11798,13.329377546788654
2,2560,5000,1.0,0,0,4,6,1280,1944,0,47.6681,-122.368,1390,4000,13.190022025878143
4,3510,9400,2.0,0,0,3,9,3510,2014,0,47.4827,-122.131,3550,9429,13.3999193535571
4,1220,10580,1.0,0,0,3,7,1220,1965,0,47.6205,-122.116,1350,7800,12.943236711506893
5,1720,5000,1.5,0,0,3,8,1720,1915,0,47.6627,-122.355,1720,5000,13.560618308335483
3,1620,4500,2.0,0,0,4,8,1620,1926,0,47.643,-122.361,1210,4320,13.592367006650065
4,1360,6000,1.5,0,0,3,7,1360,1917,0,47.6854,-122.288,1710,6000,13.145102864373818
4,2900,18303,2.0,0,0,4,10,2900,1994,0,47.5981,-122.03,2900,18303,13.592367006650065
3,2360,4063,1.0,0,0,5,7,1180,1940,0,47.6902,-122.382,1660,4063,13.35624902525044
4,3140,32336,1.5,0,0,3,10,3140,1995,0,47.7412,-122.087,2340,19965,13.475833190394113
3,1660,16275,2.0,0,0,3,7,1660,1990,0,47.6903,-121.915,1520,16275,12.742566016044742
4,2340,52272,2.0,0,0,2,8,2340,1978,0,47.3468,-122.091,2480,40500,12.577636201962656
2,790,8250,1.0,0,0,3,6,790,1947,0,47.4523,-122.286,900,8250,11.608235644774552
2,860,4320,1.0,0,0,3,7,860,1925,0,47.5263,-122.325,980,6000,12.429216196844383
2,1300,3865,1.0,0,0,3,8,1300,2006,0,47.7193,-122.024,1350,4199,12.894207284266574
3,1010,7633,1.0,0,0,4,6,1010,1961,0,47.3781,-122.314,1190,8386,12.323855681186558
4,3450,5000,2.0,0,0,3,8,3450,2008,0,47.4925,-122.273,1420,5000,13.005829561148378
3,2190,2416,3.0,0,0,3,8,2190,2014,0,47.6758,-122.38,1510,3615,13.486937044136416
4,5860,52889,2.0,0,0,4,10,4910,1996,0,47.7245,-122.095,3320,39066,13.961513852084117
3,1570,10050,1.0,0,0,3,7,1570,1963,0,47.736,-122.231,2540,9940,12.814478597635029
5,3840,16905,2.0,0,0,3,11,3840,1991,0,47.2996,-122.342,3270,12133,13.228523573232719
4,2780,6207,2.0,0,0,3,8,2780,2001,0,47.6867,-122.038,2660,5592,13.465953081794405
4,2290,11173,2.0,0,0,4,8,2290,1988,0,47.4314,-122.164,2290,10404,12.986543654261794
4,2270,24237,1.0,0,0,4,7,1360,1977,0,47.4672,-122.175,2050,8016,12.77351486971506
5,2980,5809,2.0,0,2,3,8,2980,2005,0,47.5537,-121.996,2120,3416,13.527828485512494
2,2160,17861,2.0,1,4,4,9,2160,1956,0,47.502,-122.385,2660,18530,13.997832114758229
4,3950,10856,3.0,0,0,3,10,3950,2013,0,47.5818,-121.996,3200,10856,13.726132746813057
4,1930,13041,1.0,0,0,4,8,1180,1980,0,47.7502,-122.085,1880,10234,13.059423577630454
4,2870,8625,1.0,0,1,4,8,1860,1959,0,47.7425,-122.289,2430,8479,13.458835614025542
3,2283,3996,2.0,0,0,3,8,2283,2008,0,47.4221,-122.192,1760,3992,12.873773804758644
4,1800,2500,2.0,0,0,3,7,1800,2000,0,47.5333,-122.294,1830,6900,12.429216196844383
4,1880,6160,2.0,0,0,3,7,1880,1993,0,47.3214,-122.347,1580,6405,12.513557345278134
5,3160,8000,1.0,0,0,4,7,1580,1960,0,47.5735,-122.208,2440,8079,13.617059619240436
4,1890,9205,1.0,0,0,3,8,1260,1964,0,47.774,-122.348,1430,6775,12.611537753638338
3,3420,8700,1.0,0,0,3,9,2890,1951,0,47.6352,-122.29,3370,8700,14.626440774180603
4,2410,8447,2.0,0,3,4,8,2060,1936,1980,47.6499,-122.088,2520,14789,13.217673557208654
1,2140,10350,1.0,0,0,3,7,1470,1976,0,47.7352,-122.17,1980,8400,13.034624463096321
3,1300,9000,1.0,0,0,3,7,1300,1956,0,47.7352,-122.337,1500,9600,12.628853631403569
3,1680,7910,1.0,0,0,3,7,1680,1949,0,47.5085,-122.385,1330,7910,13.304601597392535
4,2430,6099,1.0,0,0,5,8,1470,1965,0,47.6777,-122.287,2180,6099,13.541073712262515
3,2340,5002,2.0,0,0,3,8,2340,2013,0,47.4831,-121.773,2790,5375,12.966584038698583
7,4670,23115,2.0,0,2,3,11,4670,1992,0,47.6183,-122.227,3240,13912,14.71159858252091
4,2190,7350,2.5,0,0,5,8,2190,1958,0,47.5786,-122.236,1880,7350,13.737549016494562
3,1660,9600,1.0,0,0,3,8,1380,1981,0,47.7601,-122.167,2030,9500,12.948009990259552
4,1820,6000,1.0,0,0,3,7,930,1942,0,47.6872,-122.296,1590,6000,12.959844447906553
4,2830,10240,2.0,0,0,4,9,2830,1998,0,47.5903,-121.986,3490,10240,13.559327152571864
3,1940,8376,1.0,0,0,4,8,1290,1963,0,47.5586,-122.173,2400,8674,13.217673557208654
2,1120,4284,1.0,0,0,3,6,730,1921,0,47.6688,-122.324,2050,4160,13.058358047428417
3,2140,13260,1.0,0,0,3,7,1240,1948,0,47.5074,-122.353,1640,13260,12.736700896592344
4,1860,12693,1.0,0,0,3,8,1140,1978,0,47.3114,-122.395,1950,8740,12.491251587763836
3,1122,6554,1.5,0,0,3,5,1122,1900,0,47.5135,-122.257,1610,5650,12.487485104968359
4,2050,7201,2.0,0,0,3,8,2050,1994,0,47.7003,-122.165,1970,7350,13.122363377404328
3,1260,7500,1.0,0,0,3,6,1260,1954,0,47.4191,-122.33,1260,7500,11.695247021764184
3,1540,8110,1.0,0,0,4,7,1190,1959,0,47.7329,-122.291,1290,8110,12.693117740630761
2,1270,43560,1.0,0,0,4,5,1270,1908,0,47.3651,-122.165,1870,6960,13.217673557208654
4,2640,5900,2.0,0,2,3,8,2640,1937,1998,47.5421,-122.383,1700,5900,13.652991628466498
4,4040,8400,2.0,0,0,3,9,3220,2006,0,47.7067,-122.131,3940,8400,13.664687668229691
3,1550,1469,3.0,0,0,3,8,1550,2004,0,47.6911,-122.341,1520,1465,12.971540487669746
4,3230,256132,2.0,0,0,3,9,3230,2006,0,47.6544,-121.998,3080,217800,13.681979165339751
4,1720,7560,1.0,0,0,3,7,1720,1959,0,47.2845,-122.25,1750,7988,12.235631447771718
3,1140,7316,1.0,0,0,3,6,1140,1959,0,47.527,-122.362,1140,7440,12.706847933442663
3,1410,1250,2.0,0,0,3,8,1140,2010,0,47.6515,-122.375,1720,2825,13.180632285528304
3,2000,5000,1.0,0,0,4,7,1110,1921,0,47.6859,-122.399,1750,5000,13.210374254727043
2,1180,2160,1.0,0,1,3,7,940,1909,0,47.6313,-122.368,2700,5400,13.304684934198283
3,1820,9670,2.0,0,0,3,8,1820,1984,0,47.6382,-122.11,2160,11424,13.231217782316412
4,2640,6240,2.0,0,0,3,9,2640,2001,0,47.5788,-122.059,2640,5898,13.38472764187182
4,2130,4028,2.0,0,0,3,8,2130,2014,0,47.5108,-122.363,1830,7817,12.8790171187726
3,1800,7318,2.0,0,0,3,8,1800,1989,0,47.5747,-122.008,1800,5414,13.112313041550827
3,880,7500,1.0,0,0,3,7,880,1978,0,47.3837,-122.307,880,7500,12.345834587905333
2,900,5512,1.0,0,0,3,7,900,1947,0,47.6877,-122.289,1270,5512,13.060487973686241
3,2060,4200,2.0,0,0,3,8,2060,2014,0,47.3706,-122.018,2370,4200,12.7366685431278
4,2520,3980,2.0,0,0,3,8,2520,2005,0,47.5401,-122.07,2610,3980,13.302181803980165
2,790,6000,1.0,0,0,3,7,790,1948,0,47.5543,-122.273,960,6000,12.691580461311874
3,1790,6452,2.0,0,0,3,7,1790,2004,0,47.3841,-122.042,1610,3600,12.66032791780777
3,1430,9583,1.0,0,0,4,7,1430,1964,0,47.7206,-122.197,1890,11100,13.023647404465171
3,1690,6375,1.0,0,0,3,8,1690,1903,2002,47.5247,-121.926,1270,7774,13.032438669876342
5,3370,16846,2.0,0,1,3,9,2650,1998,0,47.5584,-122.089,3330,13000,13.304684934198283
5,2010,3600,1.5,0,0,3,6,1510,1912,0,47.6522,-122.366,1780,3600,13.071070083016778
4,1650,6480,2.0,0,0,5,7,1650,1947,0,47.7117,-122.286,1650,6350,13.102160670086809
4,2460,5750,1.5,0,3,5,7,1620,1919,0,47.5601,-122.378,1760,4830,13.422467969854667
3,1160,4360,1.0,0,0,4,8,1160,1929,0,47.6718,-122.291,1810,4360,13.124361380067002
4,2080,6360,1.0,0,0,3,7,1330,1960,0,47.5392,-122.278,2080,6741,12.773656603114773
3,1290,3870,1.0,0,0,5,7,1290,1916,0,47.5873,-122.29,2020,5850,13.38087407255583
2,1000,4800,1.0,0,0,3,6,1000,1952,0,47.6926,-122.362,1000,4800,12.84792653170257
4,2170,4600,1.0,0,0,3,7,1270,1950,0,47.6894,-122.384,1750,4000,13.471610805514265
4,2230,4541,2.0,0,0,3,7,2230,2006,0,47.3848,-122.1,2800,4860,12.441144767709657
3,1420,990,3.0,0,0,3,8,1420,2008,0,47.6801,-122.348,1350,1415,13.054084536651034
3,1120,8549,1.0,0,0,3,7,1120,1952,0,47.6294,-122.205,1440,8640,13.527828485512494
4,2640,3750,2.0,0,0,5,7,1840,1911,0,47.6783,-122.363,1690,5000,13.527828485512494
4,2150,5397,2.0,0,0,3,8,2150,1998,0,47.4644,-122.151,2260,5080,12.89921982609012
4,2400,6137,2.0,0,0,3,8,2400,1990,0,47.6187,-122.04,2120,7468,13.262125319779487
3,2280,77972,1.0,0,0,3,8,1460,1977,0,47.4804,-122.151,2460,14430,13.527428405491154
3,2060,3200,2.0,0,0,3,8,2060,1907,1984,47.637,-122.324,1760,2669,13.592367006650065
2,720,5600,1.0,0,0,4,7,720,1920,0,47.5641,-122.391,1330,5600,12.983101310070822
2,1030,8576,1.5,0,0,5,6,1030,1952,0,47.7352,-122.295,1310,8504,12.66032791780777
2,1080,4725,1.5,0,0,3,7,1080,1944,0,47.5275,-122.381,1520,4961,12.873902018105829
3,2430,5867,2.0,0,0,3,7,2430,2011,0,47.5162,-121.872,2620,5866,13.091904169919621
4,1800,10150,1.5,0,0,4,7,1800,1958,0,47.7325,-122.242,1630,10660,13.016891744462095
3,1410,6413,1.0,0,0,4,7,910,1947,0,47.6826,-122.298,1330,6050,13.287877815881902
2,880,4558,1.0,0,0,3,7,880,1951,0,47.6803,-122.287,1370,5243,12.936033799212835
3,3160,24437,1.0,0,3,3,11,2160,1991,0,47.5531,-122.131,3990,11977,13.955272500339433
4,2750,17789,1.5,0,0,3,8,1980,1914,1992,47.6141,-122.212,3060,11275,14.187074114396758
3,1550,3569,2.0,0,0,3,7,1550,2011,0,47.3528,-122.211,2095,3402,12.464583340681674
3,2350,7035,2.0,0,0,3,8,2350,1989,0,47.5713,-122.02,2270,7192,13.326935543133104
4,1814,5000,1.0,0,0,4,7,944,1951,0,47.684,-122.281,1290,5000,13.180632285528304
3,2750,10000,1.0,0,3,3,8,1650,1967,0,47.5644,-122.153,2490,10000,13.704578997256993
3,1676,18778,2.0,0,0,3,7,1676,1997,0,47.6521,-121.905,1410,18778,12.706847933442663
3,2450,12497,1.0,0,0,4,7,2450,1967,0,47.5317,-121.834,1560,11700,12.788288265382837
2,2410,102366,1.0,0,0,4,7,1940,1912,1989,47.5629,-121.918,2460,310582,13.304684934198283
6,2700,7416,1.0,0,0,3,7,1350,1969,0,47.5525,-122.3,2260,5324,12.86099861326992
3,1260,889,3.0,0,0,3,8,1260,2008,0,47.6277,-122.345,1340,1324,13.079455876393052
3,2170,1984,2.5,0,0,3,8,2170,2008,0,47.5401,-122.027,2150,1984,13.37700559577791
5,4300,12250,2.0,0,0,3,10,4300,2004,0,47.5557,-122.027,3950,12250,13.790192749979985
3,2420,5304,1.5,0,0,5,7,1640,1947,0,47.6765,-122.285,1560,5304,13.454540689742661
5,2730,6000,1.5,0,0,3,8,2130,1927,0,47.6571,-122.281,2730,6000,13.732128949025222
3,3040,6255,2.0,0,0,3,7,3040,1999,0,47.3817,-122.206,2670,6259,12.736700896592344
3,1400,9450,1.0,0,0,4,7,1060,1955,0,47.5051,-122.194,1400,8108,12.538967060803502
3,1060,4650,1.0,0,0,3,7,910,1950,0,47.5784,-122.393,1480,4750,13.017002861746503
2,1310,2915,2.0,0,0,3,8,1310,1999,0,47.4911,-122.154,1310,3425,12.706847933442663
2,980,1020,3.0,0,0,3,8,980,2008,0,47.6844,-122.387,980,1023,12.70381302974751
3,2000,15265,1.0,0,0,3,8,1540,1967,0,47.387,-122.281,1920,15265,12.519056900844173
1,1240,4800,2.0,0,0,3,6,1240,1910,0,47.4778,-122.211,1030,4800,12.577636201962656
3,3330,20053,2.0,0,0,3,9,3330,1968,1998,47.6395,-122.214,2870,20053,14.416597272675006
4,3040,11651,2.0,0,0,3,10,3040,1987,0,47.6348,-122.038,2540,11815,13.445895102749807
5,3320,11340,2.0,0,0,4,8,2480,1999,0,47.3904,-122.154,2330,8339,12.921773567559736
2,990,4000,1.0,0,0,4,7,990,1911,0,47.6589,-122.341,1560,4000,13.523820464114955
3,1330,7216,1.0,0,0,3,7,1330,1969,0,47.7199,-122.18,1500,8000,12.850554654108839
4,1770,7778,2.0,0,0,3,7,1770,1998,0,47.4192,-122.201,1770,7591,12.765688433465597
6,3560,107362,1.5,0,0,4,8,2760,1963,0,47.6356,-122.15,3210,35001,13.909000901051613
3,1020,1570,2.0,0,0,3,7,720,2004,0,47.5871,-122.317,1470,1249,12.611537753638338
6,3080,5500,2.0,0,0,1,7,3080,1900,0,47.6031,-122.296,1830,5000,12.977337605354071
4,2630,16475,2.0,0,0,4,8,2630,1953,0,47.639,-122.219,2670,15001,13.64531518096816
3,1280,7198,1.0,0,0,5,6,1280,1916,1983,47.2094,-121.996,1260,7198,12.332705296463539
4,3500,7519,2.0,0,0,3,9,3500,2004,0,47.6799,-122.024,3920,7982,13.579788224443204
4,1650,7088,1.0,0,0,3,8,1650,1973,0,47.5688,-122.087,1850,7523,13.234798806734117
3,2410,64073,1.0,0,0,4,8,1820,1976,0,47.7457,-122.141,2980,48760,13.345506928718539
5,3810,8019,2.0,0,0,3,10,3810,2008,0,47.5915,-122.058,3390,7713,13.780919113194654
5,2820,9956,1.0,0,0,4,7,1410,1967,0,47.4715,-122.33,2700,9956,12.669806661762314
3,2320,7875,1.0,0,0,3,8,1620,1967,0,47.4524,-122.146,1990,9720,12.80712646676642
3,1510,10588,1.5,0,0,3,7,1510,1947,0,47.3775,-122.319,1360,2873,12.345834587905333
3,3020,4120,2.0,0,0,3,9,2360,2008,0,47.5714,-122.373,2280,4120,13.560618308335483
3,1420,9600,1.0,0,0,4,6,1420,1954,0,47.4232,-122.292,1400,8415,11.899547485276912
3,1450,3350,1.5,0,0,4,7,1450,1919,0,47.5607,-122.378,1340,4255,13.017002861746503
3,1930,7266,2.0,0,0,3,8,1930,2005,0,47.7191,-122.309,1930,7266,13.102160670086809
3,1170,4000,1.0,0,0,3,6,720,1943,2013,47.5306,-122.354,1130,4000,12.66032791780777
3,1530,8829,1.0,0,0,5,8,1530,1972,0,47.545,-122.171,2060,9226,13.122363377404328
4,2280,3800,2.0,0,0,3,7,2280,2006,0,47.3586,-122.036,2630,4045,12.628067055589549
5,3600,14720,1.0,0,2,5,8,1800,1960,0,47.7022,-122.227,3600,15358,13.635187003832993
3,1610,6911,1.0,0,0,3,7,1260,1988,0,47.7188,-122.177,1630,6911,12.983101310070822
4,2840,4637,3.0,0,0,3,8,2840,2008,0,47.7033,-122.321,1730,5279,13.437174117244362
4,2240,5400,2.0,0,0,4,7,1540,1940,0,47.5785,-122.402,1830,5000,13.287877815881902
4,1960,6138,1.0,0,0,4,7,1260,1960,0,47.6968,-122.299,2000,7057,13.242809530480196
4,3160,13063,2.0,0,0,3,10,3160,1999,0,47.5996,-122.021,3350,14213,13.448785278172041
4,1390,17739,1.0,0,0,3,7,1390,1958,0,47.3457,-122.302,1230,7840,12.47227568630483
3,2580,7500,2.0,0,0,3,9,2580,1991,0,47.5577,-122.396,910,6500,13.369223455335854
4,2030,4997,2.0,0,0,3,8,2030,2004,0,47.393,-122.184,2095,5500,12.647387406532035
4,2880,5929,2.5,0,0,3,8,2880,2014,0,47.2752,-122.349,2880,5846,12.971307902484373
2,2270,1763,3.0,0,0,3,7,1820,2009,0,47.6757,-122.121,2180,1763,13.393916067926225
3,1860,9629,1.0,0,0,4,7,1240,1961,0,47.4913,-122.143,1940,9629,12.66032791780777
4,1390,3708,1.5,0,0,4,7,1390,1926,0,47.685,-122.363,1430,3708,13.321214236149494
3,1300,3600,2.0,0,0,3,7,1300,1900,0,47.6345,-122.366,2510,4800,13.615839362835207
3,930,6060,1.0,0,0,4,6,930,1973,0,47.5289,-122.28,1640,6364,12.429216196844383
3,1470,1152,3.0,0,0,3,8,1470,2003,0,47.6516,-122.337,1470,1506,13.329377546788654
3,1250,7700,1.0,0,0,4,7,1250,1955,0,47.5974,-122.149,1520,7700,13.045482333068371
4,1330,5750,1.5,0,2,3,7,1330,1915,0,47.5681,-122.384,1360,5750,13.122363377404328
4,1320,4800,1.0,0,0,4,7,870,1930,0,47.5534,-122.365,940,4800,12.898469544699415
3,1340,9750,1.0,0,0,4,7,890,1974,0,47.5644,-121.898,1460,12900,12.691426603322494
4,1740,7292,1.0,0,0,3,7,1020,1962,0,47.4787,-122.302,1740,7573,12.100712129872347
3,1360,9625,1.0,0,0,3,7,1360,1963,0,47.3799,-122.211,1890,9625,12.404923504275338
3,1730,6653,1.0,0,0,4,7,1360,1990,0,47.3588,-122.088,1730,7061,12.502466658583977
5,2390,8775,1.0,0,0,4,7,1270,1980,0,47.4639,-122.17,1800,8000,12.788288265382837
1,850,8050,1.0,0,0,2,6,850,1906,0,47.5427,-122.288,1590,5180,13.102160670086809
3,1080,9774,1.0,0,0,3,7,1080,1968,0,47.3155,-122.401,1190,9611,12.293396473701849
2,1590,4500,1.0,0,0,4,7,920,1946,0,47.5831,-122.392,1900,4450,13.102160670086809
3,2400,12350,1.0,0,0,4,8,1420,1968,0,47.6533,-122.192,2615,12043,13.466860471410342
3,1880,8706,1.0,0,0,3,7,940,1927,0,47.7362,-122.292,1880,7200,12.888916933094222
3,1560,8100,1.0,0,0,4,8,1140,1952,0,47.7261,-122.364,2130,8100,13.17115354157376
3,1420,1716,2.0,0,0,3,7,1050,2003,0,47.7364,-122.295,1420,8150,12.676076274775909
4,2570,9000,1.0,0,0,4,8,1590,1979,0,47.2986,-122.372,2120,8571,12.568978139219542
4,1760,5356,1.0,0,0,4,7,920,1950,0,47.679,-122.288,1680,5184,13.279367126213993
3,2040,6000,1.0,0,0,3,8,1840,1951,0,47.6334,-122.35,1820,4920,13.67911793305872
3,1670,8800,1.0,0,0,4,7,1150,1961,0,47.6096,-122.132,2020,8250,13.16158409055761
2,1420,5185,1.0,0,0,3,7,1420,2004,0,47.3543,-122.022,2140,4890,12.721885810807203
4,4690,207141,2.0,0,0,3,10,4030,2007,0,47.7072,-121.983,2890,200527,13.830399170458024
4,1580,6200,1.0,0,0,3,6,790,1944,0,47.4971,-122.24,1320,6499,11.977131068100993
4,2190,17600,1.0,0,0,4,7,1110,1966,0,47.4712,-122.112,1820,17600,12.821258284620408
4,2400,11640,1.0,0,0,5,8,1800,1968,0,47.4485,-122.139,2440,10823,13.112313041550827
3,2520,10175,1.0,0,0,3,8,1630,1979,0,47.5652,-122.089,2220,8388,13.437174117244362
3,1760,10835,1.0,0,0,4,8,1290,1976,0,47.522,-122.048,2050,10488,12.994530005894443
2,1330,92782,1.0,0,0,2,6,1330,1950,0,47.6624,-121.868,1280,168141,13.028052697933088
3,1620,7686,2.0,0,0,3,7,1620,1989,0,47.3613,-122.053,1370,7686,12.415117272464881
4,2130,8410,2.0,0,0,4,8,2130,1977,0,47.5589,-122.128,2170,8400,13.417269294945429
4,2560,43560,2.0,0,0,3,8,2560,1989,0,47.3692,-122.047,2130,10150,12.873902018105829
3,1460,5040,1.0,0,0,3,7,1100,1971,0,47.7112,-122.357,2330,7560,12.706641851603198
4,2260,7336,2.0,0,0,4,7,2260,1977,0,47.7297,-122.219,2200,7724,13.093963902882631
4,3500,5960,2.0,0,0,3,9,3500,2010,0,47.6944,-122.022,3390,6856,13.641157170819497
4,3150,38865,1.0,0,0,3,10,2480,1986,0,47.7302,-122.106,3150,35880,13.657686472770706
5,2730,5820,2.0,0,0,3,8,2730,2014,0,47.4856,-122.154,2730,5700,13.246344056817916
3,1720,2000,1.5,0,0,3,8,1060,1910,2000,47.6384,-122.35,1590,4000,13.748301808270824
4,3700,13175,2.0,0,0,4,11,3700,1989,0,47.5471,-122.133,3880,15508,14.068601185646436
2,2260,9604,1.0,0,0,3,9,2260,1990,0,47.7718,-122.208,2260,10747,13.219490088135052
3,2460,4182,2.0,0,0,5,8,2100,1910,0,47.6782,-122.311,2370,4284,13.805460222110773
3,1340,9764,1.0,0,0,3,7,1340,1944,0,47.6786,-122.161,1310,9764,12.524526376648708
2,890,8180,1.0,0,0,3,7,890,1947,0,47.737,-122.3,1130,8180,12.52597986527669
3,1570,9136,1.0,0,0,3,7,1570,1953,0,47.7688,-122.337,1380,9127,12.706847933442663
3,1440,7198,1.0,0,0,3,7,990,1981,0,47.4333,-122.194,1550,7156,12.520883385370206
3,1830,13477,1.0,0,3,4,7,1170,1981,0,47.7243,-122.21,1960,11344,12.992254692057308
3,1980,4274,2.0,0,0,3,7,1980,2003,0,47.7767,-122.239,2000,4394,12.936033799212835
3,1200,6561,1.0,0,0,3,6,1200,1950,1968,47.7763,-122.36,1340,9450,12.482567372341379
4,1980,9757,2.0,0,0,5,7,1980,1995,0,47.3675,-122.019,1610,6147,12.785491060761776
3,1800,7371,1.0,0,0,3,7,1280,1979,0,47.7584,-122.145,1960,7675,12.959844447906553
4,2140,9377,2.0,0,0,4,8,2140,1986,0,47.2649,-122.218,2030,7846,12.683858415217964
2,1140,2980,2.0,0,0,3,7,1140,1988,0,47.5707,-122.018,1150,2981,12.628067055589549
4,2900,15535,1.0,0,2,4,7,1870,1961,0,47.612,-122.119,2330,10217,13.38472764187182
4,3440,4920,2.0,0,4,3,10,2520,2014,0,47.5727,-122.409,2350,5166,14.111904571018076
3,880,9035,1.0,0,0,4,6,880,1967,0,47.476,-122.151,1440,10350,12.345834587905333
3,1070,4800,1.0,0,0,3,6,970,1947,0,47.5187,-122.377,1120,1198,12.487485104968359
4,5730,44947,2.0,0,4,3,11,4280,1991,0,47.6052,-122.064,3310,17628,14.020897387689224
2,1320,1395,2.0,0,0,3,8,990,2014,0,47.6689,-122.362,1550,1519,13.178743710840436
3,3600,21399,1.0,0,3,3,9,2310,1950,2007,47.6191,-122.099,2830,17559,14.119312012295937
2,840,12750,1.0,0,0,3,6,840,1925,0,47.484,-122.211,1480,6969,11.918390573078392
2,970,4560,1.0,0,0,4,7,970,1907,0,47.6561,-122.332,1500,4560,13.444446876573442
3,1660,7221,1.0,0,0,3,7,980,1962,0,47.4962,-122.32,1770,8083,12.323855681186558
4,2330,19436,2.0,0,0,3,8,2330,1987,0,47.7663,-122.215,1910,10055,13.1749558275235
4,3010,6202,2.0,0,0,3,9,3010,2005,0,47.5533,-121.993,2520,5001,13.55284624848778
5,2060,4800,2.5,0,0,3,8,2060,1907,0,47.66,-122.282,1740,4800,13.611239054032211
4,1850,6125,1.5,0,0,3,6,1110,1945,0,47.5352,-122.37,990,6125,12.899094818276968
4,2030,5202,2.0,0,0,3,8,2030,2001,0,47.388,-122.176,2260,5232,12.626426366132089
2,1080,2674,1.0,0,0,4,6,720,1919,0,47.5595,-122.317,1250,5000,12.66032791780777
3,1360,5111,1.5,0,0,5,7,1360,1934,0,47.6988,-122.313,1900,5111,13.217673557208654
3,1550,8300,1.0,0,0,4,8,1550,1965,0,47.4654,-122.195,1860,8000,12.611537753638338
3,3060,7831,2.0,0,2,3,9,3060,2004,0,47.5401,-121.861,3140,7438,13.38472764187182
4,2660,8027,2.0,0,0,3,8,2660,1997,0,47.4831,-121.781,2480,8095,13.010313873595706
3,1440,7800,1.0,0,0,4,7,1440,1958,0,47.5996,-122.12,1440,7800,13.104199406776658
3,1264,1536,2.0,0,0,3,8,1264,2003,0,47.6694,-122.279,1264,2067,13.180632285528304
4,2420,15482,2.0,0,0,4,8,2420,1925,1997,47.5907,-122.196,2870,13905,13.790192749979985
3,2400,6653,3.0,0,2,3,11,2400,1992,0,47.6019,-122.29,1910,6653,14.143374420048886
2,1440,3225,1.0,0,0,3,7,960,1915,0,47.6653,-122.338,1160,3630,13.005829561148378
3,1400,6300,1.0,0,0,3,7,1400,1998,0,47.2074,-122.001,1400,8490,12.367340793126296
3,1430,4777,2.0,0,0,3,7,1430,2010,0,47.4867,-122.152,1639,3854,12.779873068457553
3,2010,9725,2.0,0,0,4,8,2010,1987,0,47.568,-122.018,1850,6858,13.102160670086809
4,2690,4000,2.0,0,3,4,9,2120,1909,1989,47.6418,-122.372,2830,4000,13.592367006650065
3,1010,7896,1.0,0,0,3,7,1010,1984,0,47.4046,-122.181,1540,7896,12.468244583811861
4,2170,7700,1.0,0,0,3,7,1420,1969,0,47.7216,-122.219,1710,7770,13.049792684569493
4,2390,9600,2.0,0,0,3,7,2390,1996,0,47.3289,-122.001,1900,9603,12.658739355122632
4,2980,2147,2.5,0,0,3,10,2490,2006,0,47.5463,-121.995,2880,2428,13.444446876573442
4,2130,5500,1.5,0,0,5,7,2130,1939,0,47.6807,-122.199,1490,6000,13.543701834668783
3,1760,8400,1.0,0,0,4,8,1460,1960,0,47.5355,-122.39,1980,8400,13.42984807715229
5,1940,6654,1.5,0,0,4,7,1940,1953,0,47.4663,-122.359,2300,9500,12.873902018105829
4,1950,9720,1.0,0,0,3,7,1400,1986,0,47.3969,-122.205,2300,10530,12.644327576461329
3,1940,9000,1.0,0,0,3,7,1290,1965,0,47.4361,-122.189,1900,9120,12.567237494741757
4,2280,14290,1.5,0,0,4,7,1510,1942,0,47.7054,-122.297,2140,9890,13.340856130503111
3,3200,203425,1.0,0,0,3,10,3200,2000,0,47.7614,-122.015,3200,203425,13.639965985449344
4,1820,5015,1.0,0,0,4,6,1190,1926,0,47.5569,-122.31,1530,9130,12.611537753638338
4,3070,5850,2.0,0,0,5,9,2400,1927,0,47.633,-122.283,2940,5573,14.266586177324491
3,1280,6967,1.5,0,0,3,7,1280,1949,0,47.7512,-122.329,1280,7245,12.180754837545884
5,2830,7738,2.0,0,0,4,8,2830,1977,0,47.5582,-122.136,2300,9840,13.565766324852886
4,2300,41167,2.0,0,0,3,7,2300,1988,0,47.3412,-122.108,2300,21765,12.8790171187726
3,2210,5742,1.0,0,0,3,8,1460,1951,0,47.6891,-122.318,1900,4590,13.287877815881902
5,2080,4000,1.0,0,0,4,6,1040,1909,0,47.5858,-122.308,1940,6000,13.054084536651034
4,4690,14930,2.0,0,2,3,10,3680,1995,0,47.7718,-122.283,2910,13320,13.304684934198283
3,1150,35415,1.0,0,0,4,7,1010,1950,0,47.5974,-122.129,2460,11781,13.017002861746503
2,1330,5510,1.0,0,0,3,6,850,1910,0,47.6901,-122.362,1200,4150,12.942039823273047
4,1720,6270,2.0,0,0,3,8,1720,1978,0,47.5458,-122.268,2130,8700,13.075271769870477
4,2370,6000,1.0,0,2,3,8,1440,1959,0,47.7023,-122.388,3280,8843,13.709038313453757
3,1070,14000,1.0,0,0,3,7,1070,1960,0,47.4971,-122.279,920,12500,11.898187865760873
3,1400,9600,1.0,0,0,4,7,1400,1964,0,47.2878,-122.297,2210,15000,12.254862809699606
4,3740,12080,1.0,0,0,3,10,2000,1988,0,47.7214,-122.056,4210,15277,13.897090544956697
3,4110,35741,2.0,0,0,3,7,4110,1976,0,47.6642,-122.171,2710,8865,13.846039762999096
2,1620,4879,1.0,0,0,3,7,1040,1924,2011,47.5703,-122.385,1500,5000,13.265597545490236
4,3910,6293,2.0,0,0,3,9,3130,2006,0,47.5389,-121.86,4410,6015,13.472949824002503
3,1820,2935,2.0,0,0,3,8,1820,1999,0,47.6018,-122.021,1820,2936,13.030248088496522
5,2460,6846,1.5,0,0,5,7,1340,1911,0,47.5445,-122.321,1410,4800,13.005829561148378
3,1290,7952,1.0,0,0,3,7,1290,1998,0,47.3867,-122.19,1670,7280,12.375815420117268
4,1987,6000,2.0,0,0,3,7,1987,2011,0,47.2679,-122.255,1880,9589,12.449018824140563
3,1740,3600,1.0,0,0,5,7,990,1923,0,47.6448,-122.358,1250,3600,13.426777190331652
2,1090,1357,2.0,0,0,3,7,1090,1990,0,47.7526,-122.244,1078,1318,12.425208175446844
3,2010,14298,2.0,0,0,3,7,2010,1977,0,47.5069,-122.472,2010,14298,12.765688433465597
3,2160,3000,1.5,0,0,3,7,1260,1909,2011,47.5644,-122.289,1060,3500,12.844631635805715
5,1950,8086,1.0,0,0,3,7,1130,1980,0,47.3179,-122.331,1670,8550,12.478006361013815
3,1400,4914,1.5,0,0,3,7,1400,1929,0,47.681,-122.364,1400,3744,13.060487973686241
4,1400,11934,1.0,0,0,3,7,1050,1961,0,47.7346,-122.244,2080,10400,12.594730635321957
3,1380,3402,1.5,0,0,3,7,1380,1900,2000,47.6109,-122.302,1500,5496,13.217673557208654
4,2260,7005,1.0,0,1,4,7,1130,1947,0,47.6895,-122.207,2330,9180,13.382201376626112
3,1860,5028,2.0,0,0,3,8,1860,2012,0,47.7318,-121.982,2320,5465,12.779873068457553
4,3060,7920,1.0,0,0,3,8,1810,1974,0,47.7675,-122.261,2690,7767,13.009194679298691
4,1900,10454,1.0,0,0,4,7,1180,1954,0,47.5933,-122.195,2060,11325,13.38472764187182
3,1400,1529,2.0,0,0,3,7,1400,2005,0,47.5535,-121.997,1440,1536,12.788288265382837
3,1650,4725,2.0,0,0,3,8,1650,2011,0,47.3548,-122.055,2000,4725,12.608198852372823
4,2330,5000,1.5,0,0,5,7,1720,1925,0,47.6804,-122.358,2090,5000,13.700099706452946
1,540,10125,1.0,0,0,3,5,540,1961,0,47.7739,-122.358,1840,10125,12.751299696013497
3,2590,32380,1.0,0,0,3,8,2590,1951,1994,47.7539,-122.37,2340,28456,13.602317337503232
2,1020,7920,1.0,0,0,3,6,1020,1939,0,47.5558,-122.31,1530,6900,12.367340793126296
6,6050,230652,2.0,0,3,3,11,6050,2001,0,47.6033,-121.943,4210,233971,14.28551418721001
6,1880,7200,1.0,0,0,4,7,1880,1966,0,47.5029,-122.188,1540,13022,12.694652660348845
3,2030,1800,3.0,0,0,3,9,2030,2013,0,47.6199,-122.3,1450,1441,13.716794585025117
5,6300,16065,2.0,0,1,3,12,4360,2004,0,47.5922,-122.207,3260,17287,14.827111469642754
3,1130,7014,1.0,0,0,3,7,1130,1954,0,47.4743,-122.274,1440,9350,12.230765258120545
4,2210,10039,1.0,0,0,4,8,1710,1967,0,47.634,-122.101,2070,10965,13.337474757021274
3,1340,6000,1.0,0,0,4,7,1340,1960,0,47.5866,-122.25,1590,9000,13.217673557208654
5,2980,9838,1.0,0,0,3,7,1710,1968,0,47.3807,-122.222,2240,9838,12.771386454580234
4,3300,10764,1.0,0,0,4,9,1720,1971,0,47.7119,-122.365,2290,10975,13.547631112808673
3,1760,2114,2.0,0,0,3,7,1400,2008,0,47.6666,-122.37,1300,1500,13.312983737012978
2,900,6000,1.0,0,0,3,7,900,1944,2004,47.6855,-122.289,1460,4800,13.019222618484815
3,1560,7884,1.0,0,0,3,7,1060,1969,0,47.7312,-122.298,1820,9000,12.815838217151068
4,1350,9000,1.5,0,0,4,7,1350,1964,0,47.6953,-122.332,1940,8000,12.971540487669746
3,1640,13939,1.0,0,0,3,7,1040,1960,0,47.3947,-122.313,2080,13000,12.04649057570571
4,1640,8467,1.0,0,2,4,6,1220,1943,0,47.4894,-122.188,1060,7396,12.47415132083813
3,2480,10800,2.0,0,0,3,8,2480,1998,0,47.6083,-122.06,2380,11310,13.369223455335854
5,3150,9134,1.0,0,0,4,8,1640,1966,0,47.4934,-122.189,1990,9133,12.751299696013497
2,1290,5141,1.0,0,0,4,7,1050,1947,0,47.6878,-122.29,1290,5406,13.389332408258568
3,1430,7599,1.5,0,0,4,6,1010,1930,0,47.4783,-122.265,1290,10320,12.367340793126296
2,1540,6872,1.0,0,0,4,7,820,1946,0,47.6454,-122.373,1420,5538,13.329377546788654
3,1690,5080,1.0,0,0,3,7,1190,1976,0,47.5312,-122.348,1300,5080,12.762827201184564
4,2400,104108,2.0,0,0,3,8,2400,1988,0,47.4686,-121.989,2270,54450,13.287877815881902
4,2980,42253,1.0,0,0,4,9,1860,1973,0,47.6392,-122.163,2980,42253,13.763164077592064
4,2730,3560,1.5,0,0,3,8,1550,1921,2007,47.6737,-122.304,1860,3560,13.693342923990066
3,1510,6083,1.0,0,0,4,6,860,1940,0,47.6966,-122.324,1510,5712,12.656989016542255
4,2350,8906,2.0,0,0,3,7,2350,1993,0,47.4205,-122.215,2000,8165,12.594730635321957
3,960,9380,1.0,0,0,3,6,960,1949,0,47.4852,-122.343,1460,9240,12.254862809699606
3,1270,4800,1.0,0,0,3,7,1270,1953,0,47.693,-122.361,1490,4800,12.721885810807203
3,1970,12205,2.0,0,0,4,8,1970,1990,0,47.7397,-122.209,2640,9636,12.904207367601158
3,2460,14155,2.0,0,0,3,8,1900,2014,0,47.7743,-122.279,2440,14080,13.407542319637992
4,1470,70800,1.0,0,0,3,7,1470,1976,0,47.3458,-121.948,1810,72337,12.691580461311874
5,2550,4623,2.5,0,0,4,9,2550,1905,0,47.6092,-122.294,1570,3875,13.649455973634192
3,1210,5200,1.0,0,0,3,6,1210,1941,0,47.531,-122.373,890,5200,12.971540487669746
4,1340,6200,1.0,0,0,5,6,1340,1959,0,47.6214,-122.119,1210,7178,13.07087006301411
2,820,681,3.0,0,0,3,8,820,2006,0,47.6619,-122.352,820,1156,12.736553826954605
4,2300,11165,2.0,0,0,4,8,2300,1979,0,47.5794,-122.118,2170,11165,13.291261913866142
2,980,4108,1.0,0,0,3,7,980,1947,0,47.687,-122.381,1500,4046,12.936033799212835
1,800,16306,1.0,0,0,2,6,680,1931,0,47.4916,-122.308,1270,8666,12.429216196844383
3,2550,4240,2.0,0,0,3,7,2550,2006,0,47.3986,-122.169,2550,4240,12.691580461311874
4,2970,29163,2.0,0,0,3,9,2970,1993,0,47.6717,-122.025,3100,31105,13.480037821676145
3,1100,5700,1.0,0,0,3,7,1100,1950,0,47.6883,-122.282,1560,6588,13.081541382884074
4,1230,7890,1.0,0,1,4,7,1090,1950,0,47.5808,-122.189,2380,13176,13.251635713108469
3,1440,7008,1.0,0,0,3,7,1440,1985,0,47.3702,-122.182,1680,7200,12.409013489526863
3,1860,5584,1.0,0,0,3,8,1310,1951,0,47.637,-122.4,1630,6022,13.664687668229691
4,3280,25211,2.0,0,3,3,11,3280,1985,0,47.6398,-122.05,3280,25211,13.604789526648622
3,4090,16972,2.0,0,2,3,11,3590,2007,0,47.7258,-122.37,3740,16972,14.334304351379442
5,3190,6178,2.0,0,0,3,8,3190,2003,0,47.5104,-122.154,2480,7548,13.190022025878143
2,1076,1060,3.0,0,0,3,7,1076,2006,0,47.7167,-122.298,1076,1060,12.577636201962656
4,3130,5240,2.0,0,0,3,8,3130,2004,0,47.3446,-122.042,2470,5240,12.89921982609012
3,2670,12187,2.0,0,0,3,8,2670,1986,0,47.6677,-122.15,2400,8999,13.51979631381523
3,1640,8400,1.0,0,0,4,8,1640,1962,0,47.5484,-122.172,2110,8400,13.151922179645874
3,1750,9353,1.0,0,0,3,7,1210,1987,0,47.7305,-122.225,1930,8545,12.980799813082541
3,1553,6550,1.0,0,0,3,7,1553,1900,2001,47.2056,-121.994,1010,10546,12.388394202324129
2,1150,711,2.0,0,0,3,7,1150,2013,0,47.5323,-122.071,1150,748,12.732279371334467
3,1320,8625,1.0,0,0,4,7,1320,1957,0,47.4902,-122.179,1370,8295,12.464583340681674
4,3510,9263,2.0,0,0,3,10,3510,2001,0,47.5413,-121.877,3690,10417,13.491164501140902
3,1410,7419,1.0,0,0,3,7,1050,1969,0,47.534,-122.173,1800,8000,12.616525295149378
4,2870,35757,2.0,0,0,4,9,2870,1977,0,47.7568,-122.05,2700,41221,13.081541382884074
1,740,5000,1.0,0,0,3,7,740,1923,0,47.5519,-122.292,1400,4400,12.608198852372823
3,1000,4080,1.0,0,0,4,7,740,1945,0,47.5351,-122.381,1480,4080,12.7868906411162
2,1900,4450,1.0,0,0,5,7,1500,1916,0,47.5834,-122.293,2130,5000,13.38472764187182
1,580,7200,1.0,0,0,3,6,580,2000,0,47.5249,-122.373,1360,7560,12.66032791780777
4,2580,209523,2.0,0,0,3,8,2580,1984,0,47.6932,-122.006,3440,213444,13.591116224748411
5,2790,4807,1.5,0,0,4,7,2140,1949,0,47.3098,-122.223,1056,4807,12.570715759118084
3,1530,23660,1.0,0,0,3,7,1530,1952,0,47.7467,-122.295,1800,11407,13.017002861746503
4,1560,4350,2.0,0,0,3,7,1560,2003,0,47.5025,-122.186,1560,4350,12.542544882151386
3,2080,4307,2.0,0,0,3,7,2080,2004,0,47.53,-121.848,2080,4947,12.815838217151068
4,1790,4080,1.5,0,0,5,7,1790,1928,0,47.5749,-122.291,1710,4080,13.464959680733502
3,1200,6615,1.0,0,0,4,7,1200,1954,0,47.5168,-122.351,1230,6615,12.468436909997665
3,1240,5200,1.0,0,0,5,6,1240,1970,0,47.3683,-122.079,1060,5200,12.273731294003989
4,2090,4000,1.0,0,0,3,6,1060,1907,0,47.5893,-122.299,1590,4000,12.94084150078094
3,1260,6000,1.0,0,3,3,7,1260,1951,0,47.5058,-122.384,2020,6600,13.217673557208654
3,2960,9350,2.0,0,2,4,9,2960,1978,0,47.6218,-122.094,2960,11745,13.514405465180353
2,1240,42247,1.0,0,1,4,7,1240,1915,0,47.5169,-122.201,1550,12459,13.623138665316818
2,770,7200,1.0,0,0,3,7,770,1951,0,47.7143,-122.325,1320,7139,12.456831363877356
5,2876,13927,1.0,0,2,4,9,1970,1973,0,47.5528,-122.229,3500,14454,13.704578997256993
3,1720,4080,1.0,0,0,4,7,960,1924,0,47.5747,-122.287,1660,4080,13.329377546788654
4,3870,35889,2.0,0,0,3,10,2530,2001,0,47.4677,-122.01,3020,35366,13.287708309991167
3,1890,9100,2.0,0,0,4,7,1890,1952,0,47.7676,-122.339,1640,9100,12.793720411897448
2,820,16030,1.0,0,0,4,5,820,1923,0,47.2039,-122.003,1880,14046,12.128111104060462
3,2830,56628,2.0,0,0,3,11,2830,2001,0,47.7409,-122.198,2830,16430,13.8878312195439
4,2010,7688,1.0,0,0,3,8,1170,1979,0,47.3086,-122.396,1990,7688,12.341477282536376
3,2030,217805,1.0,0,0,3,9,2030,1999,0,47.3942,-122.515,1870,109468,13.244581010128577
3,980,6800,1.0,0,0,3,6,980,1946,0,47.4411,-122.186,1140,9975,11.877568578558138
4,1450,32234,1.5,0,0,4,6,1450,1932,0,47.3818,-122.21,1530,10125,12.551469227172218
3,1970,4058,2.0,0,0,3,7,1970,2004,0,47.5308,-121.853,2340,4067,12.945626198904275
3,1910,4408,3.0,0,0,3,8,1910,2007,0,47.7634,-122.35,1910,8154,12.89921982609012
3,1750,5200,1.0,0,1,4,8,1750,1956,0,47.6995,-122.383,2060,5200,13.399995114002609
5,4080,7500,2.0,0,2,4,8,2720,1961,0,47.6722,-122.349,2000,4545,13.623138665316818
2,1170,3000,1.5,0,0,3,7,1170,1910,0,47.6697,-122.338,1530,4000,13.175904144332359
1,900,6380,1.0,0,0,3,6,900,1947,0,47.7019,-122.311,1830,6380,12.886641043883259
3,1150,8079,1.0,0,0,4,7,1150,1983,0,47.3766,-122.18,1540,7399,12.083905011555967
3,2190,17550,1.0,0,0,3,7,2190,1989,0,47.6984,-121.912,1700,17550,12.834681304952548
3,1330,7600,1.0,0,0,4,7,1330,1968,0,47.3103,-122.366,1500,7776,12.292250341771226
3,1730,6240,1.0,0,1,3,8,1000,1954,0,47.5282,-122.391,1620,6240,13.142166004700508
2,1510,7280,2.0,0,0,3,7,1510,1987,0,47.6264,-122.058,1510,8120,13.00019574343012
1,750,20339,1.0,0,0,4,4,550,1946,0,47.4756,-122.09,2020,23958,12.779873068457553
3,1350,8737,1.0,0,0,3,7,1350,1966,0,47.4378,-122.279,1600,8928,12.546109948315882
4,2430,8509,2.0,0,0,3,9,2430,1992,0,47.5714,-121.991,2760,8509,13.39711217444421
5,3090,19865,1.0,0,0,4,9,3090,1953,0,47.6232,-122.235,2970,19862,14.187074114396758
4,2730,4526,2.0,0,0,3,7,2730,2009,0,47.491,-122.153,2190,4572,12.994530005894443
3,2640,4080,2.0,0,0,3,9,1840,1912,2000,47.6636,-122.326,1990,4080,13.742939865129438
3,2010,2212,2.0,0,0,3,8,1390,2014,0,47.5523,-121.998,1690,1619,13.0651939046797
4,2560,5606,2.0,0,0,3,9,2560,2004,0,47.3274,-122.178,2667,7334,12.765688433465597
3,1530,7200,1.0,0,0,3,8,1530,1975,0,47.7691,-122.297,2150,7216,12.836013750186327
2,830,5000,1.0,0,0,4,7,830,1921,0,47.6914,-122.352,1110,5000,12.881564890851399
2,870,10492,1.0,0,0,3,7,870,1937,0,47.5467,-122.365,1300,7987,12.853175887588712
4,3260,10032,1.0,0,0,3,8,1960,1978,0,47.7203,-122.323,1802,7249,13.195613839143922
3,1090,8400,1.0,0,0,4,6,1090,1961,0,47.4942,-122.322,1100,10850,12.367340793126296
3,1320,9750,1.0,0,0,3,7,1320,1954,0,47.4267,-122.331,1530,9750,12.468436909997665
3,1390,7200,1.0,0,0,3,7,1390,1996,0,47.434,-122.154,1630,7340,12.460714863903755
4,3140,12792,2.0,0,0,4,9,3140,1977,0,47.3863,-122.156,2510,12792,12.89921982609012
3,2390,4590,2.0,0,0,3,8,2090,1941,1998,47.6615,-122.276,2280,5179,13.795307850646754
4,2520,11240,1.0,0,0,3,8,1440,1977,0,47.6748,-122.144,2360,10345,13.235692062711331
2,1370,8400,1.0,0,0,3,7,1370,1948,0,47.7344,-122.336,1330,8396,12.598114733306197
3,1330,8136,1.0,0,0,4,7,1330,1977,0,47.7001,-122.173,1330,8136,13.17115354157376
4,2680,5439,2.0,0,0,3,7,2680,2000,0,47.7534,-122.218,2460,4473,13.124361380067002
4,1910,8400,2.0,0,0,3,7,1910,1975,0,47.7352,-122.175,1910,8400,12.983101310070822
4,2180,10754,1.0,0,0,5,7,1100,1954,0,47.7711,-122.341,1810,6929,13.180632285528304
3,1370,1350,2.0,0,0,3,7,1010,2007,0,47.5534,-122.382,1450,6000,12.815838217151068
4,1620,7875,1.0,0,0,3,7,1620,1956,0,47.6041,-122.126,1890,8400,12.959844447906553
3,2170,5866,2.0,0,0,3,7,2170,2006,0,47.5403,-121.889,2440,5798,13.00245308073177
4,1260,7645,1.5,0,0,3,6,1260,1925,0,47.5044,-122.35,1170,7649,12.959844447906553
3,3420,23786,1.5,0,0,3,9,3420,2014,0,47.4739,-122.11,1590,23774,13.395506266304954
4,2990,4521,2.0,0,0,3,7,2990,2014,0,47.7401,-122.226,2580,7539,13.244492510637393
3,1730,9893,1.0,0,0,4,9,1730,1988,0,47.3747,-122.164,2120,9108,12.6112043647371
3,1470,6950,1.0,0,0,5,6,1470,1932,0,47.7619,-122.343,1660,5065,12.751154757974255
3,1410,4080,1.0,0,0,4,7,1000,1950,0,47.6808,-122.384,1410,4080,13.304684934198283
3,2320,5663,2.0,0,0,3,8,2320,2003,0,47.539,-122.07,2500,4500,13.286181462633724
4,1500,1856,1.0,0,0,5,7,750,1901,0,47.5917,-122.296,1220,1739,12.977337605354071
3,2080,8690,1.0,0,0,3,8,1430,1974,0,47.4424,-122.344,2400,9625,13.217582643985264
3,1150,10466,1.0,0,0,5,7,1150,1959,0,47.5531,-122.177,1350,10384,13.04871683723603
3,2230,7934,2.0,0,0,3,7,2230,2005,0,47.5439,-121.88,2310,4818,13.005829561148378
3,2730,5832,2.0,0,0,3,9,2730,1998,0,47.6216,-122.161,2360,5832,13.815510557964274
3,2280,139392,1.0,0,0,3,8,2280,1977,0,47.291,-122.118,2280,117176,12.931202871943169
3,1930,8254,2.0,0,0,3,7,1930,2014,0,47.4973,-122.346,1540,8849,12.821123140353697
4,2303,3826,2.0,0,0,3,8,2303,2006,0,47.3258,-122.165,2516,4500,12.611537753638338
3,1100,145490,1.5,0,0,4,6,1100,1915,0,47.5697,-121.898,1100,11610,13.049792684569493
2,1070,6000,1.0,0,0,4,5,1070,1922,0,47.495,-122.227,1910,6000,12.323855681186558
2,1360,5000,1.0,0,0,3,7,1200,1936,0,47.6372,-122.392,1540,4000,13.369223455335854
3,1820,4418,2.0,0,0,4,8,1820,1994,0,47.6947,-122.19,1920,13402,13.401509118833824
4,4400,186846,2.0,0,0,4,9,4400,1993,0,47.1593,-121.957,2280,186846,13.440089571204487
3,2920,34527,1.0,0,4,4,9,1800,1954,1983,47.5799,-122.4,2480,7933,13.830399170458024
4,1220,3780,1.5,0,0,3,7,1220,1927,0,47.6667,-122.36,1400,3185,13.087771932634709
4,2360,8286,1.0,0,0,3,7,1320,1952,0,47.6226,-122.205,1680,7630,13.681979165339751
3,1860,9003,1.0,0,0,3,7,1490,1955,0,47.7624,-122.26,2090,11574,12.936033799212835
3,1060,5200,1.0,0,0,5,6,1060,1970,0,47.3636,-122.093,1380,5200,12.072255497795835
4,2370,9360,2.0,0,0,4,8,2370,1979,0,47.6518,-122.123,2370,9720,13.4367068548096
3,1710,4140,2.0,0,0,3,8,1710,2004,0,47.5498,-121.997,1730,3680,13.237476184504834
4,1750,9000,1.0,0,0,3,8,1410,1977,2003,47.6403,-122.105,2120,9600,13.345506928718539
3,2828,4050,2.0,0,0,3,8,2828,2013,0,47.382,-122.197,2513,4507,12.813117127036707
4,1170,34925,1.0,0,0,4,6,1170,1942,0,47.5305,-121.841,1610,28108,12.551433829568632
3,1580,20588,1.0,0,0,3,8,1580,1970,0,47.706,-122.29,2080,7800,13.345506928718539
4,2220,4000,1.5,0,0,3,8,1970,1925,0,47.6564,-122.325,1984,4000,13.573438996764546
3,1140,8528,1.0,0,0,5,7,1140,1967,0,47.2098,-122.004,1140,8112,12.449018824140563
4,3570,6246,2.0,0,0,3,7,3570,2005,0,47.5927,-122.006,2260,5231,13.404530269168
2,1170,2800,1.5,0,0,4,5,1170,1905,0,47.6574,-122.345,1660,4996,13.240146413060712
3,2180,37042,2.0,0,0,3,9,2180,1998,0,47.722,-122.026,2880,32688,13.38472764187182
2,1660,5581,1.0,0,0,3,8,1660,2005,0,47.713,-122.033,1670,4871,13.208541073645382
4,2170,4080,2.0,0,0,3,7,1920,1980,0,47.6124,-122.293,1890,4400,13.39239051461739
3,1410,9384,1.0,0,0,3,7,1410,1948,0,47.7161,-122.33,1990,9384,13.018113356030529
4,1990,8548,2.0,0,0,3,8,1990,1973,0,47.667,-122.178,2320,8926,12.983101310070822
3,860,10426,1.0,0,0,3,6,860,1954,0,47.4987,-122.341,1140,11250,11.314474526246391
3,1050,9876,1.0,0,0,3,7,1050,1953,0,47.7635,-122.262,1760,9403,12.644327576461329
3,2140,7200,1.0,0,0,4,8,1480,1966,0,47.5084,-122.185,2070,7220,12.754627486106171
3,1590,2500,1.5,0,0,4,7,1190,1908,0,47.6668,-122.299,1420,3800,13.228523573232719
4,3040,20682,2.0,0,0,3,7,3040,2000,0,47.7245,-121.959,2670,9742,13.056223574899784
5,3930,12719,2.0,0,2,4,10,2540,1974,0,47.5631,-122.213,3600,15909,14.038654109278484
3,1490,2478,3.0,0,0,3,8,1490,2009,0,47.7236,-122.353,1270,1156,12.759957758756611
4,2160,8755,2.0,0,0,3,7,2160,1993,0,47.3585,-122.195,1990,7971,12.652359748158593
3,1840,8140,1.0,0,0,4,7,1040,1975,0,47.3106,-122.325,1600,6720,12.56549381513693
3,1870,25157,2.0,0,0,3,7,1870,1978,0,47.695,-121.915,1870,15391,13.071070083016778
2,880,5750,1.0,0,0,3,6,880,1939,0,47.5642,-122.379,1190,5750,12.542544882151386
3,1660,10440,1.0,0,0,3,7,1040,1978,0,47.4448,-121.77,1240,10380,12.570715759118084
3,1340,10035,1.0,0,0,3,7,1340,1959,0,47.4916,-122.254,2090,10035,12.332705296463539
4,2010,7972,2.0,0,0,4,8,2010,1989,0,47.5782,-122.018,2100,8511,13.287877815881902
3,1310,9529,1.0,0,0,3,7,1310,1956,0,47.4105,-122.295,1330,9529,12.367340793126296
3,1110,7000,1.5,0,0,4,7,1110,1955,0,47.754,-122.341,1800,7000,12.618182296357007
5,4475,6642,2.0,0,0,3,9,4475,2014,0,47.6849,-122.018,3720,6633,13.850375645290354
4,2120,9706,1.0,0,0,3,7,1370,1965,0,47.4939,-122.297,1730,11337,12.589803261492332
4,2090,8579,2.0,0,0,3,8,2090,1987,0,47.6364,-122.03,1850,8843,13.210740488021742
4,1780,8000,2.0,0,0,4,6,1080,1900,1996,47.3124,-122.003,1750,9147,12.206072645530174
3,2590,8384,1.0,0,0,4,8,1590,1971,0,47.7739,-122.199,2590,8800,13.091904169919621
1,1110,5421,1.0,0,0,3,6,1110,1935,0,47.7322,-122.359,1230,8100,12.587927887999204
4,2510,8165,1.0,0,0,4,7,1610,1972,0,47.3092,-122.372,1940,8250,12.496295238126061
3,1140,8800,1.0,0,0,3,7,1140,1972,0,47.2629,-122.275,1270,13560,12.058152515453552
2,1840,4076,1.0,0,0,3,8,1140,1957,0,47.6875,-122.393,1540,4076,13.262125319779487
3,1170,4080,1.0,0,0,5,6,1170,1917,0,47.5338,-122.381,920,4242,12.793859310432293
3,2060,7080,2.0,0,0,3,9,1800,1940,0,47.6455,-122.409,3070,7500,13.793776065818268
3,2090,8354,2.0,0,0,3,8,2090,2012,0,47.7336,-121.965,2280,6348,12.90669184092882
3,2230,4551,1.5,0,2,5,8,1450,1928,0,47.5078,-122.236,2060,7200,12.992254692057308
2,1320,3090,1.0,0,0,4,7,1320,1908,0,47.5517,-122.276,1270,4120,12.850964019126442
3,1260,895,3.0,0,0,3,7,1160,2009,0,47.7072,-122.336,1190,1095,12.628067055589549
4,1660,11664,1.0,0,0,3,6,1010,1952,0,47.4943,-122.331,1670,9975,12.301382825334498
3,1880,3000,1.0,0,0,4,8,1040,1931,0,47.6418,-122.351,1790,3000,13.473020249017498
3,1270,8792,1.0,0,0,5,7,1270,1969,0,47.5351,-122.174,1780,8792,12.814478597635029
5,9200,35069,2.0,0,0,3,13,6200,2001,0,47.6289,-122.233,3560,24345,15.532905611903466
2,1315,2162,2.0,0,0,4,8,1315,1974,0,47.752,-122.253,1640,2128,12.757080058928997
3,3030,5600,2.0,0,2,3,9,2220,1905,2005,47.5978,-122.292,2040,6600,14.01436141670944
4,2320,7400,1.5,0,0,5,7,1620,1913,0,47.5558,-122.269,1740,4000,13.409900439342593
4,2620,7553,2.0,0,0,3,8,2620,1996,0,47.5301,-122.18,2620,11884,13.312983737012978
4,2150,6807,2.0,0,0,4,8,2150,1991,0,47.4053,-122.189,1910,7240,12.665078520566368
3,1940,8347,2.0,0,0,3,8,1940,1990,0,47.3654,-122.164,1940,7131,12.688498794774466
3,1230,922,2.0,0,0,3,8,1080,2009,0,47.6518,-122.384,1230,1237,12.899094818276968
3,1300,10125,1.0,0,0,4,6,1300,1959,0,47.2921,-122.215,1300,10125,11.827736204810263
2,1300,11080,1.0,0,0,4,7,1300,1955,0,47.7281,-122.233,1600,9259,12.959844447906553
4,2210,7722,2.0,0,0,3,9,2210,1999,0,47.5992,-122.019,2970,8683,13.369223455335854
2,1611,2210,2.0,0,2,3,10,1611,2005,0,47.6291,-122.347,2070,2182,13.652991628466498
4,2160,6825,2.0,0,0,3,8,2160,1994,0,47.4111,-122.2,2020,7035,12.691580461311874
3,1610,1356,2.0,0,0,3,8,1240,2007,0,47.5257,-122.361,1270,1314,12.676076274775909
5,2240,7770,1.0,0,0,3,7,1340,1978,0,47.7198,-122.171,1820,7770,13.028052697933088
3,1400,10800,1.0,0,0,3,6,1400,1962,0,47.719,-122.202,1430,10000,12.542187675503545
3,2300,5500,1.5,0,0,4,8,2000,1921,0,47.5785,-122.293,2100,5000,13.36138027787483
4,2717,4513,2.0,0,0,3,8,2717,2005,0,47.3373,-122.266,2550,4841,12.732279371334467
3,2020,6628,1.0,0,0,4,7,1250,1963,0,47.4934,-122.332,1540,9995,12.611537753638338
3,1220,5652,1.0,0,0,3,6,1220,1905,0,47.5767,-122.408,1490,2467,13.262125319779487
3,1640,2720,1.5,0,0,3,8,1640,1929,0,47.6869,-122.317,1490,4375,13.071070083016778
4,2430,4748,1.5,0,0,3,8,1630,1928,0,47.5904,-122.389,2430,4748,13.491164501140902
3,1400,7205,1.0,0,0,3,7,1140,1985,0,47.349,-122.166,1970,7252,12.301382825334498
3,2460,6600,1.5,0,0,4,8,1560,1929,0,47.6364,-122.351,2090,3400,13.744014556259204
2,800,6380,1.0,0,2,3,7,800,1940,0,47.691,-122.309,920,5940,12.845291484064564
3,1500,7200,1.0,0,0,3,7,1500,1957,0,47.7748,-122.337,1650,7392,12.793859310432293
3,2430,5715,2.0,0,0,3,7,2430,1999,0,47.3718,-122.168,3040,5702,12.742566016044742
4,2560,6238,2.0,0,0,3,8,2560,2007,0,47.4899,-122.255,2560,6240,12.86099861326992
8,4040,20666,1.0,0,0,4,9,2020,1962,0,47.634,-122.221,3670,20500,14.316285845876763
3,1710,9707,1.0,0,0,4,8,1710,1966,0,47.623,-122.105,1820,8700,13.166380262821104
4,2320,4800,1.5,0,0,3,7,2170,1918,0,47.6893,-122.365,1390,4800,13.226723392728571
3,1760,6875,1.0,0,0,4,8,1760,1967,0,47.74,-122.093,1670,13650,12.89921982609012
2,760,7114,1.0,0,0,3,6,760,1946,0,47.7005,-122.352,780,7102,12.971540487669746
3,2150,4000,1.5,0,0,3,7,1470,1928,0,47.5733,-122.312,1750,4000,13.122363377404328
3,1900,9513,1.0,0,0,3,8,1900,1995,0,47.2843,-122.357,1790,8028,12.66032791780777
2,780,7200,1.0,0,0,2,6,780,1935,0,47.5609,-122.279,1750,7200,12.66032791780777
5,4850,36450,2.0,0,0,3,10,4850,1977,0,47.6426,-122.158,3850,35325,13.790192749979985
2,810,8382,1.0,0,0,4,5,810,1942,0,47.5033,-122.358,1040,8382,11.736069016284437
3,2020,7800,1.0,0,0,4,7,1330,1958,0,47.7368,-122.337,1870,7800,13.005717195285008
6,3550,6533,2.0,0,0,3,8,3550,1925,0,47.5719,-122.284,3140,6234,13.704578997256993
3,1950,10080,1.0,0,0,4,7,1950,1967,0,47.7282,-122.186,2340,8800,13.091904169919621
4,2950,7024,2.0,0,0,3,10,2950,2012,0,47.6651,-122.403,2950,6339,13.734083559268544
4,1900,9075,2.0,0,0,3,7,1900,1988,0,47.7776,-122.352,1800,8460,12.917796211663054
3,3390,10078,2.0,0,0,3,10,3040,2012,0,47.537,-122.185,3290,12332,13.527828485512494
3,2100,14850,1.0,0,0,4,7,2100,1963,0,47.3622,-122.059,1930,17238,12.685407602204794
3,1980,2975,3.0,0,2,3,8,1980,1993,0,47.6294,-122.344,1980,3144,13.508985397711013
4,2220,23750,1.0,0,0,3,7,2220,1963,0,47.7759,-122.214,2650,21167,13.185338176565716
3,1600,8040,1.0,0,0,4,7,1050,1965,0,47.7471,-122.337,1810,7819,12.85813738098889
4,2240,5000,2.0,0,0,3,8,1770,1900,2014,47.6027,-122.295,2120,5000,13.715690222682063
3,1560,9706,1.0,0,0,4,7,1560,1963,0,47.3191,-122.213,1510,9706,12.570715759118084
3,1540,10400,1.0,0,0,3,6,1540,1977,0,47.5651,-121.89,1090,7500,12.736700896592344
3,2290,15600,1.0,0,0,3,8,1420,1948,1990,47.3558,-122.29,1890,14143,13.049792684569493
4,1940,7500,1.0,0,0,4,7,1720,1966,0,47.3736,-122.215,2000,9000,12.520883385370206
4,3940,4407,2.0,0,0,4,8,2620,1921,0,47.6374,-122.299,1790,4407,13.99532898454011
4,2120,9680,2.0,0,2,4,8,2120,1965,0,47.3367,-122.332,2360,9647,12.818985433379513
3,1650,4648,2.0,0,0,3,8,1650,2001,0,47.5968,-122.015,1800,5637,13.122363377404328
5,2920,11880,1.0,0,0,5,8,1660,1968,0,47.5133,-122.031,3910,14491,13.652991628466498
4,1680,10500,2.0,0,0,3,7,1680,1962,0,47.6806,-122.166,1830,10264,13.17115354157376
3,1570,1777,2.0,0,0,3,8,1260,2007,0,47.6655,-122.369,1000,1777,13.253391639810733
4,2360,8116,1.0,0,0,4,7,1180,1916,1970,47.7635,-122.335,1670,8160,12.894081648233996
3,1200,15843,1.0,0,2,3,7,1200,1955,0,47.4991,-121.779,1410,15843,12.608198852372823
3,1640,9750,1.0,0,0,3,7,1640,1959,0,47.7425,-122.241,1340,9750,12.834681304952548
3,1270,6600,1.5,0,0,5,7,1270,1903,0,47.5976,-122.295,1490,3600,13.01477816672439
3,1910,8710,1.0,0,0,3,7,1080,1954,0,47.5038,-122.3,1460,8944,12.468436909997665
3,1380,10875,1.0,0,0,3,7,1380,1977,0,47.4653,-121.745,1040,10875,12.609869696537642
4,6410,43838,2.5,0,2,4,12,5610,1906,0,47.5703,-122.28,2270,6630,14.817978986079481
2,2470,8840,2.0,0,0,4,8,1780,2001,0,47.5693,-122.301,1940,8840,13.36138027787483
3,2940,12487,2.0,0,0,3,10,2940,1997,0,47.5879,-121.973,3110,10837,13.58609739363647
3,3620,14250,2.0,0,0,3,8,3220,2007,0,47.5767,-122.225,2370,14250,14.269765830241871
3,1040,7800,1.0,0,0,3,7,1040,1948,0,47.4804,-122.229,1780,8400,12.388394202324129
2,1830,7200,1.0,0,2,4,7,1070,1949,0,47.5592,-122.273,1570,6000,13.279367126213993
3,2540,51836,1.0,0,0,4,8,1820,1976,0,47.389,-122.088,1650,51836,13.091904169919621
2,1250,7543,1.0,0,0,3,7,1250,1962,0,47.4051,-122.296,1250,7506,12.0015054797889
2,900,5016,1.0,0,0,3,6,900,1948,0,47.542,-122.282,1420,5184,12.402872221504781
5,3760,4702,2.0,0,0,3,9,2780,2014,0,47.7202,-122.223,2950,5981,13.592304504696857
3,1430,15246,1.0,0,0,4,7,980,1961,0,47.4075,-122.214,1960,13068,12.367340793126296
4,3030,12590,1.5,0,0,4,10,3030,1988,0,47.5806,-122.193,2980,11635,13.864300722133706
3,1140,4600,1.0,0,0,3,7,1140,1942,0,47.6897,-122.337,1370,5000,13.038981768465277
4,2790,10125,1.5,0,0,5,8,2790,1985,0,47.5651,-122.22,2570,10125,14.076335176246172
3,1780,23819,1.0,0,0,3,7,1780,1953,0,47.4912,-122.312,1130,14450,12.4130868149145
4,3140,12519,1.0,0,0,3,7,2320,1951,1983,47.6941,-122.173,2240,7308,13.279367126213993
3,3440,103672,2.0,0,0,3,9,3440,1990,0,47.3895,-121.986,2710,112820,13.235692062711331
3,1690,9144,1.0,0,0,4,7,1140,1956,0,47.739,-122.253,1840,10600,12.84779494409793
3,1830,9152,1.0,0,0,5,8,1830,1959,0,47.5531,-122.181,1770,9220,13.217673557208654
5,1680,3240,1.0,0,0,3,5,840,1906,0,47.5965,-122.311,1380,1260,12.84792653170257
4,1950,7350,1.0,0,0,3,7,1150,1963,0,47.656,-122.134,2050,9068,12.86099861326992
3,1280,14972,1.0,0,0,3,7,1280,1963,0,47.4129,-122.209,1800,9698,12.20856952572876
4,2068,7242,2.0,0,0,4,7,2068,1976,0,47.3318,-122.281,1560,7524,12.528156144699286
2,890,6095,1.0,0,0,3,7,890,1947,0,47.6823,-122.298,1450,5985,13.142166004700508
2,620,6600,1.0,0,0,3,6,620,1963,0,47.4862,-122.33,1050,6600,12.072541252905651
2,1420,21158,1.0,0,0,3,7,1420,1953,0,47.4594,-122.359,1220,8625,12.429216196844383
3,1460,9261,1.0,0,0,3,7,1460,1985,0,47.5155,-122.189,1550,8800,12.706847933442663
3,2330,7200,1.0,0,0,4,8,1320,1950,0,47.565,-122.274,1820,7200,13.38472764187182
4,1200,43560,1.0,0,0,3,5,1200,1968,0,47.3375,-122.123,1400,54450,12.254862809699606
3,2050,9045,2.0,0,0,4,6,2050,1959,0,47.4572,-122.18,1200,9045,12.517227074167097
4,1390,4500,1.5,0,0,5,7,1390,1908,0,47.5552,-122.311,1900,5460,12.959844447906553
4,2520,10890,1.0,0,0,3,7,1260,1979,0,47.3224,-122.343,2090,12375,12.513557345278134
4,2780,3100,2.0,0,0,3,8,2120,2014,0,47.6886,-122.364,1740,3600,13.676248490630767
2,1100,1737,2.0,0,0,3,8,1100,2006,0,47.4499,-122.189,1610,2563,12.154779351142624
3,1780,9672,1.0,0,0,3,8,1350,1960,0,47.7774,-122.35,1860,10080,12.886641043883259
4,1580,8468,2.0,0,0,4,7,1580,1971,0,47.3336,-122.281,1580,8260,12.487485104968359
3,2770,9136,2.0,0,0,3,10,2770,1991,0,47.5605,-122.115,2890,8442,13.664687668229691
4,3220,9328,2.0,0,0,3,8,3220,2006,0,47.7273,-121.958,3020,9300,13.217673557208654
2,1090,1183,3.0,0,0,3,8,1090,2008,0,47.6974,-122.349,1110,1384,12.631340380934517
2,1060,5703,1.0,0,2,4,6,1060,1946,0,47.3444,-122.327,2240,4416,12.691580461311874
3,1390,8333,1.0,0,0,3,7,1390,1982,0,47.7652,-122.31,1320,7090,12.66032791780777
3,1790,8144,2.0,0,0,3,8,1790,1989,0,47.6169,-122.045,1800,7503,13.27594246533263
3,1530,8498,1.0,0,0,3,7,1530,1959,0,47.404,-122.203,1380,8498,11.901583454762012
5,2720,8800,1.0,0,0,4,7,1500,1958,0,47.5976,-122.118,2110,8800,13.180632285528304
3,920,14400,1.0,0,0,4,7,920,1977,0,47.2816,-122.269,1170,9600,12.266697267346608
3,2060,25046,1.0,0,0,4,8,1600,1980,0,47.184,-121.959,2050,21255,12.706847933442663
4,2570,7859,2.0,0,0,3,8,2570,1992,0,47.3736,-122.045,2150,7284,12.892950213076524
4,3910,8095,2.0,0,0,3,9,3130,2007,0,47.5588,-122.036,3770,7021,13.569610019527449
3,2660,7800,1.0,0,0,4,8,1330,1951,0,47.6993,-122.378,1950,6240,13.329377546788654
5,2700,5001,2.0,0,0,3,10,2700,2009,0,47.6811,-122.288,1610,5191,13.748301808270824
2,1480,1349,2.0,0,0,3,7,1240,2007,0,47.5439,-122.386,1550,1349,12.943236711506893
4,2290,5350,2.0,0,0,4,9,2120,1958,0,47.6428,-122.411,2910,5350,13.790192749979985
4,4410,12426,2.0,0,2,3,12,3420,1996,0,47.5518,-122.107,4090,12127,14.22097566607244
4,2390,8432,2.0,0,0,3,9,2390,1998,0,47.6027,-122.024,2710,7417,13.406037428458571
3,1300,7420,1.0,0,0,4,6,1300,1960,0,47.2899,-122.219,1250,7420,12.245293358683455
5,2560,14467,1.0,0,0,3,8,1280,1960,0,47.5547,-122.178,2200,10267,13.279367126213993
2,1500,6685,1.0,0,0,3,7,1190,1926,0,47.7186,-122.354,1420,6561,12.409013489526863
4,1900,5000,1.0,0,0,3,7,1400,1963,0,47.6456,-122.387,1710,4994,13.397719800165472
6,3810,6150,2.0,0,0,4,8,3810,1977,0,47.694,-122.34,1830,5125,13.541073712262515
2,1120,7797,1.0,0,0,3,6,1120,1948,0,47.4871,-122.22,2180,7200,12.283866672970193
4,2650,5880,2.0,0,0,3,9,2650,2005,0,47.3509,-122.165,2610,6490,12.70381302974751
5,3940,13738,1.5,0,3,4,9,3940,1951,0,47.6203,-122.212,2370,13320,14.491002803285499
4,2200,7700,1.0,0,0,3,7,1100,1979,0,47.464,-122.18,1790,7700,12.538967060803502
4,1440,3600,1.5,0,0,4,7,1440,1924,0,47.5694,-122.385,1010,5175,13.217673557208654
4,2920,4000,1.5,0,0,5,8,1910,1909,0,47.6578,-122.28,2470,4000,14.151982794585487
4,2060,8767,2.0,0,0,3,8,2060,1983,0,47.7228,-122.103,1610,8062,13.204864598916073
4,2628,11466,2.0,0,0,3,9,2628,2014,0,47.2904,-122.264,2849,10909,13.12068196462179
6,2870,206474,2.0,0,0,3,7,2330,1960,1985,47.401,-122.095,2380,59677,13.199324418540456
3,1660,3990,2.0,0,0,3,7,1660,2009,0,47.5298,-122.268,1670,4050,12.690040815126281
3,1560,2091,3.0,0,0,3,8,1560,2006,0,47.6604,-122.352,1530,2091,13.302181803980165
2,1800,4500,1.0,0,2,3,7,1000,1942,0,47.6305,-122.347,2270,3840,13.742939865129438
3,2610,9409,1.0,1,4,4,8,2610,1963,0,47.5789,-122.076,2970,9156,14.23224525833067
4,1720,8300,1.0,0,0,4,8,1720,1973,0,47.3192,-122.385,2010,8000,12.388394202324129
4,1970,7200,2.0,0,0,3,8,1970,1979,0,47.3132,-122.182,1790,7500,12.560244459250788
2,980,1013,3.0,0,0,3,8,980,2008,0,47.6844,-122.387,980,1023,12.721587258782296
1,1180,4000,1.5,0,2,4,8,840,1910,0,47.5561,-122.266,1420,4000,13.477236699396434
4,1410,4480,1.5,0,0,3,8,1410,1927,0,47.6385,-122.344,1240,3400,13.345506928718539
1,700,2500,1.0,0,0,4,7,700,1907,0,47.5662,-122.364,1340,5000,12.594730635321957
4,3500,7200,2.0,0,0,3,9,3500,2005,0,47.6818,-122.025,3920,7666,13.578014500425663
2,1130,5413,1.0,0,0,3,7,880,1939,0,47.6971,-122.315,1250,5413,13.001325049027272
3,1060,7473,1.0,0,0,3,7,1060,1959,0,47.3699,-122.309,1320,7912,12.367340793126296
3,1580,3075,2.0,0,0,3,8,1580,2013,0,47.545,-122.368,1710,2934,12.845291484064564
4,2240,5402,2.0,0,0,3,8,2240,2005,0,47.772,-122.35,2240,7560,13.228523573232719
4,3540,9349,2.0,0,0,3,10,3540,2003,0,47.7046,-122.107,3280,7546,13.709038313453757
5,2710,4200,2.0,0,0,3,7,1890,1919,2014,47.6754,-122.307,2150,4200,13.737549016494562
4,2380,20277,1.0,0,0,3,8,1500,1999,0,47.3046,-122.392,2370,15440,12.736700896592344
4,2680,4499,2.0,0,0,3,9,2680,1999,0,47.565,-122.125,2920,4500,13.601202855312463
3,1330,77972,1.0,0,0,3,7,1330,1928,1954,47.6891,-122.159,1340,17689,13.710150042306449
4,2680,9185,2.0,0,0,3,9,2680,1989,0,47.5738,-121.992,2810,8505,13.337474757021274
2,910,5525,1.0,0,0,2,6,910,1910,0,47.5322,-122.379,1620,5525,12.821258284620408
3,1930,36210,1.0,0,0,3,8,1930,1977,0,47.7692,-122.128,1930,35060,13.253391639810733
3,2080,167270,1.0,0,0,3,7,2080,2000,0,47.4032,-121.963,2080,55321,13.321214236149494
3,2320,5284,2.0,0,0,3,8,2320,2004,0,47.591,-122.017,2320,4383,13.38472764187182
5,3420,6403,2.0,0,2,3,8,2700,2013,0,47.5162,-121.874,2710,6038,13.370784735902808
2,800,3330,1.0,0,0,3,7,800,1918,0,47.6566,-122.358,1300,4320,12.83067328355501
4,2260,8457,2.0,0,0,3,9,2260,1992,0,47.6251,-122.03,2410,7713,13.36138027787483
3,2010,4905,1.0,0,0,5,7,1230,1912,0,47.6105,-122.309,2210,1834,13.458835614025542
4,4168,8485,2.0,0,0,3,10,3222,2007,0,47.3029,-122.387,4362,8100,12.999065161059836
2,1010,4320,1.0,0,0,5,7,1010,1924,0,47.6846,-122.317,1680,4320,13.124361380067002
3,1780,9660,1.0,0,0,3,7,1780,1962,0,47.7171,-122.193,1200,9660,12.989974189358584
3,2450,42180,1.0,0,0,4,7,2450,1978,2000,47.3549,-122.111,1440,42180,13.017002861746503
4,2160,4500,2.0,0,0,3,7,2160,2002,0,47.4819,-122.182,2160,4496,12.791077667470416
2,770,8600,1.0,0,0,4,4,770,1914,0,47.5325,-122.031,1420,6960,12.421184025147118
5,1820,10500,1.0,0,0,4,7,1080,1979,0,47.4058,-122.177,1820,7500,12.524526376648708
4,3530,8400,2.0,0,0,5,8,2630,1958,0,47.6402,-122.395,2340,8216,13.906264921232738
2,1270,1282,2.0,0,0,3,8,1000,2006,0,47.5581,-122.363,1270,1325,12.655554639055113
3,2940,5432,3.0,0,3,4,10,2440,1978,0,47.6299,-122.354,4400,5500,14.353464849118517
4,2510,11880,1.0,0,0,5,8,1630,1978,0,47.5427,-122.181,2390,11211,13.406037428458571
3,1830,7770,1.0,0,0,4,7,1400,1977,0,47.3925,-122.161,1960,7272,12.449018824140563
3,2710,23292,1.0,0,4,3,9,2080,1956,0,47.7608,-122.374,2430,20000,13.81451005763069
3,2070,4463,1.5,0,0,5,8,1780,1931,0,47.6853,-122.305,2070,5000,13.568330428821824
3,2350,1620,2.0,0,0,3,9,1560,2001,0,47.6308,-122.279,2000,4380,13.993656743347747
4,1860,9364,1.0,0,0,3,7,1080,1953,0,47.731,-122.301,1800,9364,13.076319438902923
4,1370,8499,1.0,0,0,3,7,1370,1949,0,47.736,-122.301,1370,8187,12.611537753638338
2,1640,17335,1.0,0,0,3,7,840,1978,0,47.6397,-121.953,2440,17850,12.84660987581782
4,2060,5607,2.0,0,0,3,7,2060,2002,0,47.4365,-122.144,2060,5367,12.748071301947057
1,1150,9812,1.0,0,0,4,7,1150,1962,0,47.2951,-122.284,1200,9812,11.652687407345388
4,1830,8734,2.0,0,0,4,7,1830,1991,0,47.3679,-122.179,1870,7212,12.560244459250788
3,1400,7735,1.0,0,0,4,7,1400,1989,0,47.357,-122.04,1530,7754,12.505992035646432
4,2970,5050,2.0,0,0,3,8,2970,2014,0,47.7043,-122.122,2810,4998,13.659054389205284
4,2360,11300,1.0,0,0,4,9,2360,1974,0,47.5728,-122.163,2290,11951,13.503535792943449
4,4010,10880,2.0,0,3,4,11,3150,1990,0,47.5359,-122.213,3530,17310,14.142653699296968
3,1990,7577,2.0,0,0,3,7,1990,1990,0,47.2908,-122.351,1900,7152,12.587927887999204
4,1730,11700,1.0,0,0,3,7,880,1956,0,47.6031,-122.13,1570,7820,13.049792684569493
4,2080,12007,1.0,0,0,4,8,1220,1979,0,47.6259,-122.051,2110,12459,12.999065161059836
5,1720,4000,1.5,0,0,3,7,1520,1925,0,47.6197,-122.287,2280,4000,13.434250138552928
2,1100,7323,1.0,0,0,3,7,780,1982,0,47.2874,-122.37,1410,7227,12.100434313507177
3,3180,10492,2.0,0,2,3,10,3180,1991,0,47.655,-122.124,3000,9812,13.815510557964274
2,1880,5400,1.5,0,0,3,8,1880,1902,0,47.6238,-122.311,1590,5400,13.530159100850776
4,1900,21780,1.5,0,0,3,7,1900,1940,1987,47.3776,-122.314,1240,9166,12.26434155365415
3,1690,1432,2.0,0,0,3,7,1360,2008,0,47.6513,-122.4,1650,2788,13.120361374733656
2,980,3800,1.0,0,0,3,7,980,1926,0,47.6903,-122.34,1520,5010,12.873902018105829
3,2070,7225,1.0,0,0,3,8,1690,1979,0,47.3551,-122.148,2070,7400,12.611537753638338
4,1600,6380,1.0,0,0,3,8,1130,1959,0,47.701,-122.306,1090,6380,13.112313041550827
4,1850,2340,2.5,0,0,3,8,1850,2014,0,47.543,-122.372,1850,2340,13.115942809601407
3,1050,572,2.0,0,0,3,7,740,2006,0,47.5549,-122.363,1260,1062,12.429216196844383
3,970,10000,1.0,0,0,5,7,970,1972,0,47.6205,-122.063,1230,7500,12.734639950772321
3,1300,9600,1.0,0,0,4,7,1300,1969,0,47.6388,-122.103,2070,9775,13.028052697933088
3,3670,18505,1.0,0,4,3,10,2530,1983,0,47.7588,-122.376,2920,20000,14.038654109278484
3,2080,2250,3.0,0,4,3,8,2080,1997,0,47.6598,-122.355,2080,2250,13.567049198665774
3,3330,15093,2.5,0,0,3,9,3330,1988,0,47.5395,-122.242,4340,20031,13.764217263576723
2,1160,1073,2.0,0,0,3,7,880,2007,0,47.5788,-122.315,1250,4812,12.911642346088676
4,1690,6090,1.5,0,0,3,7,1400,1945,0,47.6814,-122.269,1820,6090,13.217673557208654
4,2220,8229,1.5,0,0,4,7,2220,1958,0,47.3722,-122.22,1660,8396,12.524526376648708
3,1270,3600,1.0,0,0,3,7,1270,1963,0,47.6099,-122.297,1660,3600,12.764258840656002
3,2840,4468,3.0,0,0,3,10,2840,2006,0,47.7069,-122.117,3040,5400,13.483597910599078
4,2860,48351,1.0,0,0,3,8,1710,1978,0,47.7605,-122.085,2460,43560,13.276799730708747
2,1120,6380,1.0,0,0,3,7,1120,1942,1994,47.6951,-122.316,1230,6380,12.989974189358584
3,1680,2000,3.0,0,0,3,9,1680,1909,1998,47.6604,-122.29,1950,5000,13.415032991367148
3,1650,7700,1.0,0,0,4,8,1650,1977,0,47.3155,-122.365,2020,7700,12.524526376648708
4,1130,8308,1.5,0,0,4,6,1130,1944,0,47.4669,-122.355,1130,8652,12.587927887999204
2,1760,12000,1.0,0,0,4,7,1760,1964,0,47.6288,-122.109,2200,12088,13.122363377404328
4,2240,8937,1.0,0,0,4,8,1460,1976,0,47.6495,-122.194,2360,9038,13.422467969854667
3,2120,18255,1.0,0,0,3,8,1590,1984,0,47.6279,-122.037,2120,12997,13.217673557208654
4,4290,12103,1.0,0,3,3,11,2690,1997,0,47.5503,-122.102,3860,11244,14.140488415159751
2,980,5110,1.0,0,0,4,7,780,1939,0,47.7002,-122.314,1430,5110,12.80765263256463
4,1530,8890,1.0,0,0,3,7,980,1925,0,47.5308,-122.35,1100,5203,12.771386454580234
5,2870,5700,1.0,0,0,3,7,1950,1964,0,47.6621,-122.33,1730,5529,13.547631112808673
2,840,12252,1.0,0,0,3,6,840,1994,0,47.3069,-122.013,1010,11876,12.154779351142624
3,1490,9285,1.0,0,0,3,8,1490,1995,0,47.3248,-122.169,2040,6681,12.577632753680849
3,1660,8641,2.0,0,0,4,8,1660,1987,0,47.3663,-122.088,1490,8641,12.505992035646432
4,2980,10194,2.0,0,0,3,9,2980,1993,0,47.5515,-122.12,2980,10053,13.499339843778206
3,2600,10183,1.0,0,0,3,8,1300,2004,0,47.6984,-122.201,1860,10401,13.525158256956614
2,1000,4640,1.0,0,2,3,7,1000,1915,0,47.5659,-122.389,1940,5800,13.132313708257497
2,1810,4220,2.0,0,0,3,8,1810,2004,0,47.7177,-122.034,1350,4479,13.10011776845701
2,1060,3036,1.5,0,0,4,6,1060,1943,0,47.6578,-122.324,1730,5535,12.983101310070822
3,1550,7270,1.5,0,0,5,7,1550,1953,0,47.72,-122.317,1050,7210,13.024750548537328
5,3850,16249,2.0,0,2,3,9,3030,2002,0,47.3324,-122.168,2640,7393,13.13626628257332
4,1370,5339,1.5,0,0,4,6,1370,1948,0,47.5046,-122.3,1280,7048,12.296827008798639
5,1940,5000,2.0,0,0,5,7,1940,1951,0,47.6704,-122.362,1940,4230,13.265597545490236
3,1010,5400,1.0,0,0,3,6,1010,1959,0,47.5746,-122.293,960,5400,12.666657052859417
4,1240,3867,1.0,0,0,3,7,800,1987,0,47.7157,-122.284,1150,7733,12.89921982609012
2,1080,5000,1.0,0,0,5,6,1080,1923,0,47.6826,-122.394,1530,5000,13.038981768465277
3,1440,12888,1.0,0,2,3,7,1090,1958,0,47.471,-122.262,1710,12888,12.468436909997665
3,1790,6120,1.0,0,0,3,6,1790,1937,1964,47.508,-122.337,830,6120,12.323855681186558
4,4420,5750,2.0,0,0,3,10,3410,2006,0,47.5404,-122.073,4420,5750,13.698976741708323
3,1740,10378,1.0,0,0,5,7,1740,1977,0,47.3815,-122.09,1420,10167,12.449018824140563
2,880,6345,1.0,0,0,3,7,880,1919,0,47.5341,-122.358,1440,6345,12.652359748158593
3,1660,8800,1.0,0,0,4,7,960,1963,0,47.3212,-122.352,1370,10112,12.25462468611234
2,890,7250,1.0,0,0,3,7,890,1943,0,47.7118,-122.314,900,7000,12.560244459250788
3,2170,8396,2.0,0,0,3,7,2170,1995,0,47.3812,-122.023,2170,8378,12.774223335915433
4,2160,7417,1.0,0,0,4,7,1360,1983,0,47.5122,-122.181,1880,8022,12.779873068457553
3,6030,39317,2.0,0,0,3,11,4440,1991,0,47.6055,-122.21,4040,12333,14.417090544998729
4,2570,11473,2.0,0,0,3,8,2570,2008,0,47.2809,-122.296,2430,5997,12.784089518836488
3,2130,6969,2.0,0,0,3,7,2130,2003,0,47.3655,-122.027,1670,9545,12.676076274775909
4,2441,7316,2.0,0,0,3,8,2441,2007,0,47.3237,-122.337,2724,7357,12.736700896592344
3,1010,6000,1.5,0,0,3,7,1010,1919,1977,47.6438,-122.357,1960,4000,13.363111062666896
2,810,6697,1.0,0,0,4,6,810,1923,0,47.3057,-122.216,1140,6695,12.180241885495652
3,2780,4000,2.0,0,2,5,8,1960,1904,0,47.6565,-122.355,1490,4800,13.840203170554645
4,3290,8147,2.0,0,0,3,10,3290,2003,0,47.7048,-122.107,3290,7467,13.660609596746312
4,2980,10179,2.0,0,2,3,9,2980,2003,0,47.3895,-122.033,2980,8828,13.260384675301703
3,1150,11475,1.0,0,0,3,7,1150,1971,0,47.4629,-121.744,1640,11475,12.567237494741757
4,3800,9606,2.0,0,0,3,9,3800,2008,0,47.7368,-122.208,3400,9677,13.500799813124575
3,1220,9600,1.0,0,0,5,7,1220,1958,0,47.2622,-122.282,1310,9600,12.257240932104573
4,2650,12001,2.0,0,0,4,9,2650,1984,0,47.5496,-122.14,2880,14054,13.676248490630767
4,2410,4000,2.0,0,0,5,8,1650,1910,0,47.6727,-122.316,1820,4000,13.691080479586097
3,2890,12130,2.0,0,3,4,10,2830,1987,0,47.6505,-122.203,2415,11538,13.972514306773938
2,1930,5570,1.0,0,0,3,8,1930,2005,0,47.7173,-122.034,1810,5178,13.151922179645874
4,2290,5249,2.0,0,0,3,7,2290,2003,0,47.4916,-122.162,2270,4348,12.971540487669746
3,2110,208737,2.0,0,3,3,9,2110,1977,0,47.2674,-122.072,2390,125017,13.122363377404328
3,1950,19747,1.0,0,0,3,7,1150,1979,0,47.7685,-122.162,2560,9674,12.994530005894443
3,1320,9000,1.0,0,0,3,7,1320,1966,0,47.3461,-122.272,1320,9800,12.188417710291453
3,2340,12443,1.5,0,0,4,8,2340,1965,0,47.5432,-122.177,1970,9600,13.235692062711331
3,1390,5127,1.0,0,0,3,8,1390,1990,0,47.4504,-122.206,1960,5019,12.604680966175126
3,3660,66211,2.0,0,0,3,10,3660,2003,0,47.4087,-122.062,3660,107153,13.732128949025222
3,1900,5250,1.0,0,0,4,7,1500,1943,0,47.6991,-122.392,1810,5250,13.239612937454568
4,5440,239580,1.0,0,0,2,9,2720,1969,0,47.354,-122.293,1970,40392,13.652991628466498
3,2110,1339,2.0,0,0,3,8,1410,2014,0,47.6088,-122.311,1630,2670,13.52442269237766
4,3030,7864,2.0,0,0,3,9,3030,1999,0,47.6075,-122.017,2790,7034,13.437174117244362
2,1470,2052,1.5,0,0,3,7,1470,1986,0,47.3086,-122.328,1470,2052,12.384218830913648
3,1360,1275,2.0,0,0,3,8,1240,2007,0,47.5904,-122.315,1360,1275,12.891691559669328
5,2970,6500,2.0,0,0,3,9,2970,2000,0,47.5973,-122.018,2970,6588,13.42984807715229
3,2300,3060,1.5,0,0,3,8,1510,1930,2002,47.6827,-122.31,1590,3264,13.453104939316557
5,4170,33310,2.0,0,0,4,11,4170,1991,0,47.5455,-122.126,4670,37960,14.077874822431765
4,1790,3420,1.0,0,0,4,7,1020,1923,0,47.6489,-122.337,1680,3420,13.235692062711331
3,1730,4408,2.0,0,0,3,8,1730,1996,0,47.5683,-122.005,1730,4408,13.005829561148378
4,3590,5625,2.0,0,0,3,10,3590,2012,0,47.6959,-122.133,3590,5625,13.9108207377686
3,1270,1566,2.0,0,0,3,8,1060,2014,0,47.6647,-122.284,1160,1327,13.346313003752748
3,1580,507038,1.0,0,2,4,7,1580,1985,0,47.2303,-121.936,2040,210394,12.966878474563934
4,1540,9541,1.5,0,0,4,7,1540,1961,0,47.7104,-122.213,1290,9541,12.821258284620408
5,4320,40816,2.0,0,0,4,11,4320,1997,0,47.644,-122.185,4320,44584,14.328334184392938
3,2180,4533,2.0,0,0,3,7,2180,2010,0,47.754,-122.215,2180,7347,13.114331205707064
4,2840,13367,1.0,0,0,3,7,1420,1952,0,47.6237,-122.21,2840,12744,13.758940206475879
2,960,6250,1.0,0,0,4,6,740,1940,0,47.5378,-122.375,1090,6000,12.983101310070822
4,2560,6900,1.0,0,0,3,8,1480,1959,0,47.686,-122.297,2600,7200,13.514405465180353
5,2880,4425,2.0,0,0,3,8,2880,2005,0,47.7048,-122.109,2940,6581,13.504900980868788
4,2120,9603,2.0,0,0,3,8,2120,1985,0,47.5348,-122.053,1990,9611,13.262125319779487
3,2890,7027,2.0,0,0,3,8,2890,2004,0,47.6111,-122.009,2890,7197,13.480037821676145
3,1070,6315,1.0,0,0,3,7,1070,1992,0,47.2803,-122.356,1520,5707,12.331603367977383
4,2170,5988,2.0,0,0,3,8,2170,2014,0,47.7484,-122.317,1170,8147,13.219490088135052
3,1770,8141,1.0,0,0,5,8,1770,1952,0,47.7232,-122.371,1770,8100,13.399995114002609
4,3080,10550,2.0,0,3,3,8,1940,1976,2007,47.5806,-122.244,2780,10550,14.151982794585487
4,1960,5008,1.0,0,0,3,6,980,1900,1988,47.5958,-122.299,1175,2315,13.017002861746503
4,1170,8147,1.5,0,0,3,6,1170,1959,0,47.7281,-122.289,1260,8147,12.765688433465597
3,1250,7280,1.0,0,0,3,7,1250,1965,0,47.3414,-122.286,1450,7350,12.30591798049989
3,1240,4080,1.5,0,0,3,8,1240,1914,0,47.5745,-122.291,1420,4080,13.180632285528304
3,2610,117176,1.0,0,0,3,7,1390,1981,0,47.2585,-121.925,2140,142005,12.842649474601725
3,1390,2450,2.0,0,0,3,7,1390,2009,0,47.5298,-122.269,1390,2450,12.24913213499062
3,840,9480,1.0,0,0,3,6,840,1960,0,47.3277,-122.341,840,9420,11.36789969291997
4,2470,3811,2.0,0,0,3,8,2470,1999,0,47.5362,-121.877,2400,4266,13.016891744462095
5,2870,4712,2.0,0,0,3,9,2870,2014,0,47.5463,-122.182,2870,6768,13.54155912074854
3,1090,9862,1.0,0,0,3,8,1090,1987,0,47.6256,-122.036,1710,9862,12.854483932248728
3,3290,11441,2.0,0,0,4,10,3290,1988,0,47.3052,-122.34,2600,12070,13.151922179645874
4,1560,8450,1.5,0,0,4,6,1560,1954,0,47.4552,-122.354,1380,8100,12.628067055589549
4,3190,52953,2.0,0,0,4,10,3190,1980,0,47.5933,-122.075,3190,51400,13.631587719803345
2,3010,16050,1.0,0,3,4,9,1260,1976,0,47.5643,-122.16,3010,11612,13.813668863084903
2,1220,1120,2.5,0,0,3,8,1110,2008,0,47.6374,-122.388,2010,3175,13.049792684569493
4,1410,7000,1.5,0,0,3,7,1410,1963,0,47.3767,-122.287,1540,7000,12.323855681186558
3,2090,4700,2.0,0,0,3,8,2090,2002,0,47.3724,-122.104,2740,5040,12.57418196709457
4,3920,19088,1.0,0,1,3,10,2240,2005,0,47.576,-122.214,3800,13749,14.288634314546254
4,3070,7201,2.0,0,0,3,9,3070,2006,0,47.4897,-122.147,2880,8364,13.190022025878143
3,1220,4541,1.0,0,0,3,7,890,1952,0,47.5387,-122.294,1670,3429,12.544329003944888
3,1280,10000,1.0,0,0,4,7,1280,1954,0,47.5716,-122.139,1240,10000,13.06685066747407
3,1920,7200,2.0,0,2,3,10,1780,1997,0,47.5709,-122.408,2080,5000,13.710150042306449
3,2050,9000,1.0,0,0,4,7,2050,1951,0,47.5885,-122.245,2910,8856,13.477587269075746
4,2050,3784,2.0,0,0,3,8,2050,2001,0,47.7189,-122.181,2050,3366,13.199324418540456
4,3930,39098,2.0,0,0,3,12,3930,1999,0,47.6399,-122.158,4250,38682,14.40274151293267
4,1650,5974,1.0,0,0,5,7,860,1972,0,47.5008,-122.257,1940,6001,12.43320821811392
4,1520,80150,1.0,0,0,2,5,1520,1948,0,47.4742,-121.769,1740,84506,12.80765263256463
4,2170,19785,2.0,0,0,3,8,2170,1992,0,47.4034,-122.167,2280,8616,12.736700896592344
4,4980,18069,2.0,0,3,3,11,4980,2006,0,47.5348,-121.856,4080,14577,14.006130917572923
6,3190,12196,2.0,0,0,4,8,3190,1979,0,47.6309,-122.103,2790,13068,13.406037428458571
3,1790,87213,1.0,0,0,4,7,1790,1974,0,47.732,-122.077,3270,39586,13.279367126213993
1,1660,5422,1.0,0,0,4,7,830,1908,0,47.6821,-122.388,1100,5356,13.39239051461739
4,1904,8200,2.0,0,0,5,7,1904,1999,0,47.3107,-122.001,1560,12426,12.80765263256463
3,1700,6500,1.0,0,0,3,8,1700,1967,0,47.6837,-122.284,1880,6000,13.233904752137237
5,3050,2992,1.5,0,0,4,8,1920,1931,0,47.621,-122.302,1200,1209,13.541073712262515
4,1840,5419,1.0,0,0,4,7,920,1942,0,47.6483,-122.404,1800,5419,13.367659733359671
2,1620,3795,2.0,0,0,3,7,1620,2014,0,47.5321,-122.034,1620,6000,12.51417112746354
3,2270,100545,2.0,0,0,3,8,2270,1998,0,47.4815,-122.47,1277,100545,13.279367126213993
1,560,12120,1.0,0,0,3,4,560,1967,0,47.675,-121.854,1300,19207,12.608198852372823
3,1400,2003,1.0,0,0,4,8,700,1908,2006,47.6508,-122.368,1370,1281,13.038981768465277
5,4020,40341,1.0,0,0,5,8,2170,1970,0,47.4952,-122.068,2650,53437,13.287877815881902
4,2540,5808,2.0,0,0,5,8,1820,1910,1986,47.6857,-122.376,1520,5461,13.592354506571938
3,2550,6677,2.0,0,0,3,8,2550,2002,0,47.7336,-122.232,1930,7217,13.296316684527767
3,1990,31200,1.0,0,0,3,8,1990,1986,0,47.5544,-122.035,3120,29625,13.102160670086809
2,890,8100,1.0,0,0,3,6,890,1942,0,47.4839,-122.34,1260,8100,11.918390573078392
6,1900,8240,1.0,0,0,2,7,1200,1964,0,47.7037,-122.296,1900,8240,12.628067055589549
4,2370,9636,1.0,0,0,3,8,1660,1976,0,47.6497,-122.194,2350,9588,13.415032991367148
3,1340,7391,1.0,0,0,4,7,1340,1966,0,47.3837,-122.317,1300,7391,12.409013489526863
4,3620,35429,2.0,0,0,3,10,3620,2006,0,47.4238,-122.098,3310,54193,13.42984807715229
3,1540,8400,1.0,0,0,5,7,1540,1968,0,47.5237,-122.199,1690,7689,12.84792653170257
4,2140,6360,2.0,0,0,3,7,1840,1945,0,47.687,-122.286,1690,6360,13.330596315982785
4,1600,4300,1.5,0,0,4,7,1600,1916,0,47.6648,-122.343,1610,4300,13.091904169919621
1,920,8282,1.5,0,0,3,6,920,1944,1980,47.761,-122.214,2260,14025,12.644327576461329
3,2610,3357,2.0,0,0,4,7,1980,1926,0,47.638,-122.306,1940,3357,13.863347887378435
3,1420,5000,1.0,0,0,3,7,920,1987,0,47.4192,-122.33,1400,7500,12.230765258120545
4,3390,10519,2.0,0,2,3,10,3390,1990,0,47.332,-122.334,2830,10519,13.27594246533263
4,2520,7205,2.0,0,0,3,8,2520,1987,0,47.343,-122.316,2350,7632,12.721885810807203
4,3010,10450,2.0,0,0,3,9,3010,1996,0,47.6979,-122.112,3010,10530,13.604789526648622
3,1370,8280,1.0,0,0,4,7,1370,1980,0,47.4096,-122.172,1850,7820,12.310432660854417
4,3460,6738,2.0,0,0,3,11,3460,2013,0,47.506,-122.145,3340,6120,13.787081247606546
4,1560,7569,1.5,0,0,4,7,1560,1966,0,47.4496,-122.155,1480,8755,12.538967060803502
3,2393,4788,2.0,0,0,3,8,2393,2012,0,47.4517,-122.204,2439,5477,12.89921982609012
3,1540,8400,1.5,0,0,3,7,1540,1902,0,47.6187,-122.295,1330,4800,13.710150042306449
3,2030,2805,2.0,0,0,3,8,1720,2001,0,47.5305,-122.047,1670,2898,13.062613372998555
3,1970,7500,2.0,0,0,3,8,1970,1988,0,47.2658,-122.218,1950,8220,12.61152108683278
3,1400,7880,1.0,0,0,3,7,1000,1981,0,47.5095,-122.193,1400,7279,12.647548191161372
5,3360,9200,2.0,0,0,3,9,3360,2014,0,47.7754,-122.173,3360,9713,13.512396692189409
3,1450,9333,2.0,0,0,4,7,1450,1972,0,47.346,-122.315,1910,7701,12.409013489526863
5,2230,8642,1.0,0,0,3,7,1330,2014,0,47.487,-122.32,2100,11056,12.721736545936414
3,2260,5500,1.5,0,0,3,7,1280,1910,0,47.681,-122.388,1790,5355,13.345506928718539
3,1470,2500,2.0,0,0,3,8,1080,1984,0,47.6762,-122.36,1640,4300,13.102160670086809
1,1020,7920,1.0,0,0,3,7,1020,1947,1983,47.5385,-122.355,1000,7168,12.502466658583977
3,2920,6300,1.0,0,0,3,8,1710,1956,0,47.7065,-122.37,1940,6300,13.42984807715229
3,2060,10839,2.0,0,0,3,8,2060,1987,0,47.5675,-122.016,2180,8126,13.279367126213993
3,2280,16671,1.5,0,0,4,6,1760,1909,0,47.7096,-122.219,1850,9351,13.199324418540456
3,1860,7881,1.0,0,0,3,7,1160,1986,0,47.3855,-122.322,1490,7527,12.772805901234461
3,1410,1350,3.0,0,0,3,8,1410,2005,0,47.698,-122.34,1410,1253,12.959844447906553
4,1940,8170,1.0,0,0,4,7,1940,1948,0,47.7381,-122.302,1310,8169,12.487485104968359
2,1320,2040,3.0,0,0,3,7,1320,1997,0,47.7224,-122.291,1430,2040,12.598114733306197
2,880,1712,2.0,0,0,4,7,880,1945,0,47.6475,-122.397,1360,1748,12.685407602204794
3,1410,8088,1.0,0,0,3,7,1410,1987,0,47.7303,-122.227,1770,7401,12.92391243868049
3,1980,11274,1.0,0,0,4,7,1480,1968,0,47.4474,-122.167,1520,8010,12.611371073081239
3,1610,8613,1.0,0,0,5,7,1610,1962,0,47.6527,-122.195,2010,8670,13.493926933836812
2,900,23000,1.0,0,0,2,7,900,1953,0,47.3576,-122.156,1460,8265,11.966164347883234
4,3270,15704,2.0,0,0,3,9,2110,1990,0,47.6256,-122.042,3020,8582,13.38472764187182
3,1390,1278,2.0,0,0,3,8,1140,2005,0,47.6735,-122.375,1390,1256,13.058358047428417
4,3220,6399,2.0,0,0,3,9,3220,2004,0,47.5883,-121.991,2850,6399,13.454540689742661
4,1660,6075,1.5,0,0,5,7,1660,1915,0,47.6755,-122.403,1810,5400,13.42984807715229
3,2480,3200,2.0,0,0,3,10,2480,2010,0,47.5951,-122.307,1980,3200,13.721199878493033
3,1810,5733,1.0,0,0,4,7,1010,1926,0,47.5709,-122.388,1260,4680,13.151922179645874
3,2500,21780,1.0,0,0,3,8,1770,1986,0,47.3282,-122.198,2670,23400,12.873902018105829
4,4410,8112,3.0,0,4,3,11,3570,2003,0,47.5888,-122.392,2770,5750,14.301018373745976
3,1640,26127,2.0,0,0,3,6,1640,1975,0,47.7656,-121.905,1620,25788,12.429216196844383
4,2140,2278,3.0,0,0,3,9,2140,2005,0,47.6734,-122.38,1540,2285,13.422467969854667
3,1100,8680,1.0,0,0,3,6,1100,1962,0,47.3072,-122.363,1100,9220,12.122691036591123
3,1370,11050,1.0,0,0,3,7,1370,1981,0,47.4485,-121.776,1520,10000,12.542544882151386
4,1480,11171,1.5,0,0,4,6,1480,1947,0,47.5849,-122.051,2790,20680,13.698976741708323
3,1620,7500,1.0,0,2,4,8,1620,1949,0,47.7014,-122.381,2440,7800,13.567049198665774
3,1540,12446,1.0,0,0,5,8,1540,1967,0,47.5172,-122.027,1330,11508,12.890305208700545
4,1590,4280,1.5,0,0,3,7,1590,1924,0,47.667,-122.335,2230,4280,13.303016877097587
4,2090,4400,2.0,0,0,3,8,2090,2011,0,47.5403,-122.286,2090,3430,13.028052697933088
3,1010,9678,1.0,0,0,5,7,1010,1955,0,47.4396,-122.285,1010,9375,12.409013489526863
4,1850,7730,1.0,0,0,5,7,1100,1956,0,47.7481,-122.355,2260,8581,12.506177237980511
3,1220,8400,1.0,0,0,4,7,1220,1962,0,47.5467,-122.173,2110,9119,12.513373504851106
4,2660,7754,1.5,0,0,3,8,1590,1986,0,47.3078,-122.337,2250,7754,12.544329003944888
3,1150,9600,1.0,0,0,3,7,1150,1979,0,47.4434,-121.774,1520,9976,12.641782404774146
4,2390,38258,2.0,0,0,3,8,2390,2001,0,47.7433,-122.094,1960,17113,13.231217782316412
5,2060,329903,1.5,0,3,5,7,2060,1989,0,47.1776,-121.944,2240,220232,12.976180867226248
4,5520,8313,2.0,0,3,3,9,3570,2008,0,47.5655,-122.129,3770,8278,14.054527458434775
4,2520,10370,2.0,0,0,3,9,2520,1980,0,47.6377,-122.049,2848,12682,13.396200043034057
3,1330,9200,1.0,0,0,4,7,1330,1973,0,47.2916,-122.185,1590,9200,12.117241431823558
3,2140,13068,1.0,0,0,4,7,1460,1974,0,47.3099,-122.197,2090,17424,12.512361777931053
4,2200,10800,1.0,0,0,3,6,2200,1960,0,47.4476,-122.169,1430,10800,12.611537753638338
4,3420,7462,2.0,0,0,3,9,3420,2002,0,47.6388,-122.064,3080,8031,13.641038116113718
3,1580,11580,1.0,0,0,4,8,1580,1979,0,47.5503,-122.155,2630,10009,13.308012724290958
4,3080,6731,2.0,0,3,3,9,3080,2003,0,47.4522,-122.118,3080,6731,13.217673557208654
4,4150,6303,3.0,0,0,3,9,4150,2014,0,47.7047,-122.123,3570,6285,13.804439499330272
2,770,8636,1.0,0,0,2,6,770,1951,0,47.5075,-122.358,1110,8636,12.190959007720126
4,2600,6390,1.0,0,0,3,8,1390,1978,0,47.3174,-122.366,2110,6700,12.409013489526863
4,2950,4560,2.0,0,0,5,7,1810,1912,0,47.6525,-122.333,2000,4560,13.85952744338105
4,3650,7784,2.0,0,0,3,9,3650,2006,0,47.7066,-122.101,3150,6442,13.635187003832993
4,2250,3433,1.5,0,0,3,8,1500,1927,2013,47.6382,-122.307,1970,3484,13.864300722133706
4,3300,15907,2.0,0,0,5,10,3300,1985,0,47.5413,-122.216,2740,11358,14.115615150414612
0,290,20875,1.0,0,0,1,1,290,1963,0,47.5308,-121.888,1620,22850,11.863582336583399
5,1940,8875,1.0,0,0,3,7,1940,1957,0,47.4407,-122.275,1380,8875,12.611537753638338
3,1780,7280,1.0,0,2,3,7,1340,1972,0,47.723,-122.215,2060,7280,13.015891132893811
4,3488,9614,2.0,0,0,3,10,3488,1998,0,47.6055,-122.013,3600,10891,13.610943392223
3,1590,11222,1.0,0,0,4,7,1590,1948,0,47.7762,-122.367,2160,16300,13.091904169919621
4,2040,5770,2.0,0,0,3,7,2040,1994,0,47.3522,-122.059,1570,6753,12.429216196844383
3,2650,7819,1.0,0,2,4,8,1760,1956,0,47.4821,-122.192,2400,7727,12.92391243868049
3,1540,9000,1.0,0,0,3,8,1540,1971,0,47.7152,-122.322,1710,7488,13.102160670086809
3,2240,7791,2.0,0,0,3,7,2240,2002,0,47.5361,-121.88,2480,5018,13.022543042122118
5,3710,8674,2.0,0,0,3,9,3710,1996,0,47.514,-122.176,3250,8678,13.370784735902808
3,1710,7134,1.0,0,0,4,7,1130,1979,0,47.3911,-122.191,1790,7455,12.055482286897673
2,2830,8630,2.0,0,0,3,10,2830,2001,0,47.6481,-122.081,3190,7515,13.58609739363647
4,3040,12522,2.0,0,0,3,7,3040,2000,0,47.7247,-121.959,2490,9742,13.025852477023484
5,3630,6000,1.5,0,0,3,9,2470,2004,0,47.6816,-122.199,2560,7560,13.981024996441848
3,2000,7560,1.0,0,0,4,7,1300,1968,0,47.4346,-122.171,1900,8301,12.594730635321957
3,1430,2003,2.0,0,0,3,8,980,1996,0,47.5908,-122.292,2210,4000,13.033532163697712
3,1630,7480,1.0,0,0,3,7,1330,1979,0,47.4514,-122.159,1940,7480,12.58313827911664
4,1490,956,2.0,0,0,3,7,1020,2005,0,47.6184,-122.301,1510,1350,13.13626628257332
3,1500,10730,1.0,0,0,3,7,1000,1977,0,47.6385,-121.966,1570,12210,12.90669184092882
4,2110,265716,1.0,0,0,4,8,2110,1979,0,47.657,-122.026,2110,110597,13.249876697703288
4,1890,6052,1.0,0,0,4,7,1890,1955,0,47.7055,-122.3,1510,6072,12.791077667470416
5,2910,9636,1.0,0,0,4,7,1690,1964,0,47.5803,-122.119,2830,10385,13.180632285528304
2,770,5680,1.0,0,0,4,6,770,1929,0,47.6951,-122.366,1170,5514,12.80765263256463
4,2290,9120,2.0,0,0,4,8,2290,1977,0,47.5613,-122.128,2290,9120,13.399995114002609
4,1610,4770,1.0,0,0,4,7,1230,1941,0,47.5333,-122.381,1180,6120,13.112313041550827
3,1100,10005,1.0,0,0,5,7,1100,1964,0,47.5374,-122.173,1340,9709,12.955127458028414
2,2910,6110,2.0,0,2,4,9,2910,1985,0,47.5279,-122.387,2090,5763,13.337474757021274
4,2040,5000,1.5,0,0,5,7,1180,1924,0,47.6786,-122.36,1540,5000,13.560618308335483
4,1990,7252,1.0,0,0,3,7,1270,1999,0,47.2839,-122.202,2100,7535,12.506177237980511
4,1220,11730,1.0,0,0,4,7,1220,1960,0,47.3229,-122.283,1270,9520,12.201060103706629
4,3120,157875,2.0,0,0,4,8,3120,1977,0,47.444,-122.187,1580,7050,13.579788224443204
2,1070,8130,1.0,0,0,3,7,1070,1942,0,47.697,-122.37,1360,7653,13.132313708257497
4,1580,4800,1.5,0,2,3,7,1580,1912,0,47.5454,-122.383,1580,4800,13.231235719375272
3,1550,4980,1.0,0,0,3,7,1080,1978,0,47.7035,-122.34,940,4980,12.791077667470416
5,3890,9130,2.0,0,0,3,9,3890,2004,0,47.5407,-121.86,3450,8361,13.557387287754038
2,1240,5000,1.0,0,0,3,7,1000,1920,0,47.6634,-122.351,1480,3500,13.37700559577791
3,3070,5871,3.0,0,0,4,8,2510,1928,0,47.5007,-122.223,2220,4000,12.738170404571704
3,1490,8102,2.0,0,0,4,7,1490,1990,0,47.3712,-122.092,1640,7943,12.468436909997665
3,2440,5800,1.0,0,3,4,8,1320,1945,0,47.6474,-122.412,2530,5800,13.547631112808673
3,1550,18958,1.5,0,0,3,7,1550,1983,0,47.3699,-122.319,1840,12826,12.577636201962656
3,1880,11556,2.0,0,0,3,8,1880,1987,0,47.6283,-122.032,1880,12000,13.217673557208654
4,3220,7700,2.0,0,0,4,8,3220,1976,0,47.3188,-122.38,2570,7700,12.793856532650658
4,2110,7291,2.0,0,0,4,7,2110,1977,0,47.6888,-122.201,2350,8625,13.415032991367148
3,2300,8938,2.0,0,0,3,9,2300,1989,0,47.4181,-122.211,2570,9694,12.886641043883259
3,3000,8250,1.0,0,0,4,8,1760,1963,0,47.6191,-122.112,2040,8250,13.151922179645874
2,1410,3600,1.5,0,0,4,7,1310,1925,0,47.6695,-122.338,1740,4200,13.541073712262515
3,1210,4000,1.5,0,0,3,7,1090,1928,0,47.5934,-122.308,1210,4000,13.017002861746503
4,1800,5070,1.0,0,0,5,7,1080,1979,0,47.5303,-122.28,1870,5365,12.80765263256463
3,3940,10360,2.0,0,0,3,9,3110,1992,0,47.6468,-122.116,2720,11941,13.746588041145232
3,1250,8450,1.0,0,0,4,7,1250,1954,0,47.503,-122.364,1350,9300,12.71589776896258
4,1910,6731,1.0,0,0,4,7,1210,1953,0,47.5693,-122.391,1780,6350,13.208541073645382
5,2840,12870,2.0,0,2,4,7,2840,1925,0,47.4961,-122.235,2170,9612,12.751299696013497
6,5860,13928,2.0,0,3,3,10,4150,2013,0,47.5382,-122.114,5790,13928,14.375126345899696
5,2820,4608,1.0,0,0,3,7,1450,1967,0,47.6886,-122.361,1620,3840,13.303016877097587
3,1320,10416,1.0,0,0,3,7,1320,1996,0,47.3902,-122.208,1670,7991,12.400816722322686
3,1840,13020,1.0,0,0,3,8,1390,1980,0,47.6923,-122.095,2210,13020,12.90669184092882
3,960,10815,1.0,0,0,5,5,960,1900,0,47.3091,-122.006,1330,10815,12.206067645517674
2,2680,11214,1.0,0,0,3,9,2680,2006,0,47.7078,-122.019,2305,6908,13.742939865129438
2,1420,2229,2.0,0,0,3,7,1420,2004,0,47.4871,-122.165,1500,2230,12.535376392672774
3,2090,15000,1.0,0,0,3,7,2090,1961,0,47.4885,-121.783,1690,14400,12.855790268162783
4,1910,77574,1.0,0,0,4,8,1910,1971,0,47.3932,-122.12,2130,37026,12.873902018105829
3,2680,87117,1.0,0,0,3,7,1340,1989,0,47.5646,-121.935,2580,87117,13.071070083016778
3,1910,1501,2.5,0,0,3,8,1530,2007,0,47.6441,-122.385,1760,1750,13.279367126213993
5,2000,5885,1.0,0,0,3,7,1260,1994,0,47.3155,-122.347,1960,6514,12.345617172968069
3,2950,4446,2.0,0,0,3,9,2450,2001,0,47.5852,-122.391,1930,4255,13.742939865129438
3,1690,10250,1.0,0,0,4,7,1690,1955,0,47.4531,-122.344,1990,11084,12.706847933442663
3,2960,42159,2.0,0,0,3,10,2960,1995,0,47.7183,-122.1,2640,25209,13.651814465293484
3,1740,18000,1.0,0,0,3,7,1230,1989,0,47.7397,-122.242,1740,11250,12.911642346088676
2,700,5559,1.0,0,0,5,6,700,1949,0,47.7492,-122.311,1230,8100,12.491251587763836
4,2150,27345,2.0,0,0,5,8,2150,1976,0,47.469,-122.121,2200,11923,12.92391243868049
3,1470,7930,1.0,0,0,3,7,1070,1950,0,47.7013,-122.368,1440,8100,12.899094818276968
2,1270,32175,1.0,0,0,4,7,1270,1947,0,47.3347,-122.304,1270,10200,12.524526376648708
3,1270,1213,2.0,0,0,3,8,1040,2005,0,47.6736,-122.375,1410,1265,13.054084536651034
4,2180,17180,2.0,0,0,4,7,2180,1977,0,47.698,-121.92,1880,14043,13.060487973686241
3,1140,3104,2.0,0,0,3,7,1140,1988,0,47.5707,-122.018,1150,2981,12.644327576461329
4,2300,4482,2.0,0,0,3,7,2300,2013,0,47.3599,-122.082,2300,3825,12.712890247898626
3,1770,1863,2.0,0,0,3,8,1430,2003,0,47.5478,-122.005,1410,1375,13.017002861746503
3,1270,12733,1.0,0,0,3,7,1270,1955,0,47.445,-122.276,1660,11536,12.388394202324129
3,2230,4006,2.0,0,0,3,8,2230,2014,0,47.73,-122.335,2230,4180,13.458835614025542
3,1930,5400,2.0,0,2,3,9,1930,1978,0,47.77,-122.391,2100,6840,13.312983737012978
4,2260,6086,2.0,0,0,3,8,2260,1999,0,47.3642,-122.174,2260,6218,12.736553826954605
3,1180,4000,1.0,0,0,3,7,1040,1929,0,47.5226,-122.284,1430,4000,12.733460357595142
2,1030,8786,1.0,0,0,3,6,1030,1956,0,47.4814,-122.341,1480,8121,12.429216196844383
5,2340,6000,2.0,0,0,4,10,2340,1922,0,47.5764,-122.287,2350,6000,13.897090544956697
1,430,5050,1.0,0,0,2,4,430,1912,0,47.6499,-121.909,1200,7500,11.289781913656018
4,3640,5096,2.0,0,0,3,8,2740,2010,0,47.5428,-122.27,1910,9189,13.353475098367715
2,750,2020,1.0,0,0,3,7,750,1908,1995,47.6175,-122.301,1630,2383,12.821258284620408
3,1380,5060,1.0,0,0,3,7,1380,1986,0,47.7059,-122.341,1030,5060,12.834681304952548
4,2550,5055,2.0,0,0,4,10,2550,1910,0,47.636,-122.301,1970,4431,13.766845385982993
3,1400,10436,1.0,0,0,4,7,1040,1985,0,47.4261,-122.144,1860,9318,12.464197165739629
4,4410,5104,2.0,0,0,3,9,3400,2006,0,47.5392,-121.861,4390,5537,13.547631112808673
1,670,4920,1.0,0,0,3,5,670,1920,0,47.5342,-122.373,1050,4920,12.644327576461329
2,1230,1820,2.0,0,0,4,7,830,1948,0,47.6684,-122.401,1660,3056,12.834681304952548
3,1440,9806,1.0,0,0,3,7,1440,1965,0,47.3857,-122.212,1590,9782,12.441144767709657
4,2440,3012,3.0,0,1,3,8,2440,2005,0,47.6923,-122.392,1860,4650,13.384650715836164
4,1420,10300,2.0,0,0,3,7,1420,1950,2001,47.3121,-122.215,1420,10300,12.323855681186558
4,1770,13168,2.0,0,0,3,7,1770,1990,0,47.7306,-121.966,2050,14859,13.028052697933088
4,3020,13530,1.0,0,0,4,8,1540,1977,0,47.6299,-122.099,2230,11896,13.415032991367148
3,1810,24586,1.0,0,4,4,9,930,1983,0,47.5314,-122.222,3540,14200,13.805460222110773
3,1140,5395,1.0,0,0,4,7,1010,1909,0,47.6782,-122.306,1700,5376,13.263862939678027
2,1020,5000,1.0,0,0,4,7,1020,1916,0,47.6781,-122.363,1480,5000,13.132313708257497
4,2870,4500,2.0,0,3,3,10,2510,2012,0,47.6291,-122.363,2870,6354,14.508657738524219
4,1660,10725,1.0,0,0,3,7,960,1956,0,47.5033,-122.3,1340,9023,12.54966234992025
2,1070,189486,1.0,0,0,3,6,1070,1942,0,47.7199,-122.085,1970,60548,12.608198852372823
3,1980,12543,1.0,0,0,3,8,1180,1978,0,47.3104,-122.394,2090,8539,12.498742259492994
4,2510,38141,1.0,0,0,3,9,2510,1960,0,47.7219,-122.258,3180,11760,13.304684934198283
4,2020,4960,2.0,0,0,3,7,1710,1938,0,47.6867,-122.369,1590,4550,13.102160670086809
3,1092,7500,1.5,0,0,3,6,1092,1918,0,47.5321,-122.354,930,4000,12.641096555879882
2,1790,4250,1.0,0,0,3,7,920,1915,2014,47.6367,-122.301,1910,4250,13.488394416267086
3,1600,3200,1.5,0,0,3,7,1600,1909,0,47.653,-122.331,1860,3420,13.098070684835283
3,1650,8676,1.0,0,0,4,8,1130,1979,0,47.7471,-122.352,1400,8499,12.873902018105829
4,4240,13162,2.0,0,0,3,10,4240,2004,0,47.6193,-122.229,3010,12163,14.598375034543926
4,3320,8653,2.0,0,0,3,8,3320,2014,0,47.7521,-122.334,2140,8727,13.429833371161804
3,1970,8426,2.0,0,0,3,8,1970,1992,0,47.2674,-122.306,1970,9197,12.542544882151386
3,2360,12987,2.0,0,0,3,8,2360,1983,0,47.5471,-122.149,2480,11665,13.527828485512494
3,1410,44866,1.0,0,0,4,7,1410,1985,0,47.3273,-122.37,2950,29152,12.721885810807203
4,1740,9600,1.0,0,2,3,7,1160,1957,0,47.432,-122.276,1630,9600,12.594561129431222
3,1370,8671,1.0,0,0,3,7,1370,1955,0,47.6217,-122.198,1580,8671,13.610943392223
5,1880,3774,1.5,0,0,3,6,1360,1917,0,47.566,-122.37,1420,2550,12.736700896592344
4,4090,215186,2.0,0,0,4,8,3670,1979,0,47.2964,-122.116,2430,142005,13.369223455335854
6,2770,5000,1.0,0,0,3,8,1870,1969,0,47.669,-122.365,1570,2108,13.698976741708323
3,2580,40392,1.0,0,0,3,9,1390,1986,0,47.7637,-122.134,2460,46173,13.253391639810733
2,930,2600,1.0,0,0,3,7,930,1981,0,47.7242,-122.161,1370,3488,12.546109948315882
3,1780,7192,1.0,0,0,4,7,1250,1974,0,47.4093,-122.173,1870,8500,12.439166527697552
3,3140,10983,2.0,0,0,3,10,3140,1991,0,47.5595,-122.04,3140,10983,13.604789526648622
3,3060,13554,2.0,0,0,3,10,3060,1984,0,47.5609,-122.106,3060,11455,13.669328047786193
4,2360,7650,1.0,0,0,3,8,1640,1963,0,47.75,-122.292,2320,11060,13.122163357401663
2,700,3000,1.0,0,0,4,6,700,1918,0,47.6846,-122.346,1560,4500,12.644327576461329
3,1570,7416,1.0,0,0,4,7,1570,1971,0,47.4117,-122.174,1900,7416,12.441144767709657
3,920,20412,1.0,1,2,5,6,920,1950,0,47.4781,-122.49,1162,54705,13.180632285528304
3,1180,7384,1.0,0,0,5,7,1180,1959,0,47.3838,-122.287,1150,7455,12.430015877014949
4,3360,40471,2.0,0,0,4,10,3360,1994,0,47.742,-122.035,3150,36823,13.64709190633931
3,2040,273556,1.0,0,0,3,7,2040,1997,0,47.4361,-122.469,1790,273556,13.055154627710879
2,950,15996,1.0,0,0,4,7,950,1946,1995,47.4987,-121.787,950,25510,12.173032791451973
3,1840,7350,1.0,0,0,3,8,1370,1974,0,47.6729,-122.166,1920,8518,13.279367126213993
4,3130,8920,2.0,0,0,3,8,3130,2014,0,47.7397,-122.316,1450,9183,13.445171251831484
3,2460,5400,1.0,0,0,4,8,1520,2001,0,47.5231,-122.202,1745,5400,13.047639831208393
4,3240,13044,2.0,0,0,4,9,3240,1984,0,47.5825,-122.242,2920,13044,13.997415361261886
3,3650,5353,2.0,0,4,4,7,2200,1947,0,47.5949,-122.291,1950,4970,13.732128949025222
3,1110,5000,1.5,0,0,3,7,1110,1947,0,47.655,-122.359,1420,5000,13.235692062711331
2,970,9750,1.0,0,0,5,6,970,1940,0,47.5073,-122.372,1850,9000,12.621488084491506
4,3000,5470,2.0,0,0,3,8,3000,2005,0,47.3613,-122.038,2420,4891,12.779873068457553
3,1700,17355,1.0,0,0,3,7,1200,1978,0,47.3637,-122.057,1900,9528,12.658739355122632
3,1010,5000,1.0,0,0,3,7,1010,1952,0,47.675,-122.394,1680,5000,13.060487973686241
4,2410,9549,1.0,0,0,4,7,1780,1956,0,47.6503,-122.197,2090,9549,13.53843866462451
4,2430,5481,1.0,0,0,3,8,1430,1953,0,47.5569,-122.298,2050,5508,12.904207367601158
5,3480,36615,2.0,0,0,4,8,2490,1983,0,47.5741,-122.05,2540,35910,13.38472764187182
3,2220,60984,2.0,0,0,4,8,2220,1987,0,47.4802,-122.052,1930,55333,13.071070083016778
3,1120,10187,1.0,0,0,3,7,1120,1968,0,47.3694,-122.311,1900,8736,12.390121875703295
1,1820,3008,2.0,0,0,3,7,1090,1910,2004,47.6529,-122.339,1860,3420,13.42984807715229
3,960,4560,1.0,0,0,4,7,960,1968,0,47.5539,-122.365,970,4800,12.577636201962656
3,1100,8536,1.0,0,0,4,7,1100,1957,0,47.5162,-122.261,1570,8040,12.531772785169476
3,1200,9087,1.0,0,0,5,7,1200,1969,0,47.5234,-122.177,1250,11826,12.736406735684207
3,1710,5110,1.0,0,0,3,7,1100,1954,0,47.5256,-122.379,1310,5110,12.89043132005704
4,1830,5612,2.0,0,0,3,7,1830,2003,0,47.3572,-122.015,1830,5998,12.733460357595142
4,3780,10099,1.0,0,1,3,11,2240,2006,0,47.5508,-122.192,3120,10669,13.976778705560397
3,660,6600,1.0,0,0,4,5,660,1940,0,47.4842,-122.33,1320,6600,12.323855681186558
5,2760,6420,1.0,0,0,5,7,1380,1964,0,47.5396,-122.276,1400,7112,12.899094818276968
3,1760,5421,2.0,0,0,3,7,1760,1991,0,47.3484,-122.037,1570,6000,12.611537753638338
3,2010,17362,2.0,0,0,3,8,2010,1994,0,47.6904,-122.176,1920,7200,13.219490088135052
5,1990,6840,2.0,0,0,4,7,1990,1974,0,47.7162,-122.166,1990,7150,12.989974189358584
3,1210,14499,1.0,0,0,3,7,1210,1984,0,47.4705,-121.754,1570,15360,12.774223335915433
2,1310,4000,1.0,0,0,3,6,1310,1913,0,47.6854,-122.329,1550,4000,13.142166004700508
5,3040,10257,2.0,0,0,3,10,3040,1993,0,47.5531,-122.119,2860,9327,13.77468856344402
4,2110,9825,2.0,0,0,3,8,2110,2000,0,47.4979,-122.153,1650,9900,12.948009990259552
4,2060,8451,2.0,0,0,3,8,2060,1995,0,47.7168,-122.333,2060,9460,13.204864598916073
3,1500,9656,1.0,0,0,3,7,1170,1989,0,47.7327,-121.982,1690,9656,12.705331632924699
4,2340,11034,1.0,0,0,3,8,1720,1967,0,47.7686,-122.278,2370,11941,12.994530005894443
3,1800,2700,2.0,0,0,3,8,1800,2011,0,47.5458,-122.369,1580,2036,12.80765263256463
5,2900,5155,2.0,0,0,3,8,2900,2008,0,47.5977,-122.008,2900,6176,13.415032991367148
2,720,5040,1.0,0,0,3,4,720,1949,0,47.5323,-122.347,1290,4120,11.925035115797062
2,2200,89298,1.0,0,0,3,7,1100,1973,0,47.4633,-121.976,2590,89298,12.594730635321957
3,2480,14141,1.0,0,0,3,8,1500,1994,0,47.3778,-122.033,2480,10667,12.873902018105829
3,2070,9195,1.0,0,0,3,8,1220,1982,0,47.6491,-122.061,2080,9551,13.197470849891134
3,1840,11440,1.0,0,0,4,8,1340,1977,0,47.474,-122.14,1940,11440,12.810388612383504
4,2590,9341,2.0,0,0,3,8,2590,1985,0,47.6496,-122.114,2280,9510,13.579914798710824
2,900,6656,1.0,0,0,3,7,900,1940,0,47.5467,-122.377,1230,6400,12.779873068457553
3,2460,10300,1.0,0,0,3,10,2460,1992,0,47.6999,-122.391,2410,5250,13.81049801614073
2,1650,5106,1.0,0,0,3,7,1090,1960,0,47.6992,-122.309,1300,6947,12.983101310070822
4,2560,8927,1.0,0,0,3,7,1790,1976,0,47.34,-122.271,1920,9669,12.621488084491506
2,720,4222,1.0,0,0,4,5,720,1942,0,47.4965,-122.186,860,4785,11.925035115797062
3,1410,1332,2.0,0,0,3,7,960,2014,0,47.5683,-122.314,1410,1343,12.59642411582829
4,2410,7950,2.0,0,0,3,8,2410,1997,0,47.7185,-122.226,1920,7713,13.334162827017881
3,1970,8000,1.0,0,0,4,8,1970,1968,0,47.6324,-122.1,1910,8000,13.17115354157376
3,1782,1577,3.0,0,0,3,7,1782,2000,0,47.7114,-122.301,1550,1744,12.694652660348845
2,790,4000,1.0,0,0,3,6,790,1948,0,47.6844,-122.289,990,5000,12.896716695872
2,910,4725,1.0,0,0,3,7,910,1949,0,47.676,-122.281,1600,5200,13.151922179645874
3,1440,9065,1.0,0,0,4,8,1440,1972,0,47.7163,-122.333,1990,8812,12.921470435024938
3,1760,9055,2.0,0,0,4,7,1760,1985,0,47.6534,-122.128,2010,9383,13.038981768465277
3,970,5488,1.0,0,0,3,7,970,1976,0,47.5366,-122.359,1040,5488,12.25247901834433
3,1800,7763,1.0,0,0,3,6,1470,1984,0,47.3766,-122.184,1440,7483,12.506177237980511
4,2010,12188,1.0,0,0,4,7,1150,1960,0,47.5013,-122.147,1720,8475,12.793859310432293
3,2010,7495,1.0,0,0,4,8,1570,1979,0,47.5613,-122.083,2050,8402,13.337474757021274
3,2590,7237,2.0,0,0,3,8,2590,2004,0,47.7113,-122.309,1670,7648,13.337474757021274
4,2720,4613,2.0,0,0,3,9,2720,2005,0,47.7352,-122.223,2830,4836,13.294634598344782
3,1730,3000,2.0,0,0,3,8,1730,1996,0,47.6532,-122.34,1730,1774,13.407542319637992
4,4970,16582,2.0,0,3,4,11,3930,1992,0,47.5496,-122.12,3580,13335,14.177372028590307
3,2830,6000,1.0,0,3,3,9,1730,1954,0,47.5751,-122.378,2040,5300,13.477817176048548
3,1860,7200,1.0,0,0,4,7,1240,1977,0,47.7332,-122.192,1560,7630,13.005829561148378
4,3000,10392,2.0,0,0,3,9,3000,1995,0,47.535,-122.049,3140,9213,13.514405465180353
4,1940,7607,2.0,0,0,3,8,1940,1995,0,47.685,-122.158,2250,7600,13.122363377404328
4,2700,9700,1.0,0,0,3,8,1670,1978,0,47.7752,-122.198,2470,9228,13.081541382884074
2,1840,3825,1.0,0,0,3,8,1040,1928,0,47.6808,-122.38,1290,5100,13.16158409055761
3,4500,21870,2.0,0,0,3,10,4500,2004,0,47.3043,-122.159,4670,23058,13.573438996764546
4,2730,6856,2.0,0,0,3,8,2730,2003,0,47.7739,-122.164,2520,5569,13.244581010128577
4,2340,8955,2.0,0,0,3,9,2340,1990,0,47.6283,-122.026,2340,8955,13.37700559577791
4,2500,6278,2.0,0,0,3,9,2500,2002,0,47.3325,-122.168,2700,7200,12.886641043883259
3,1940,5980,1.0,0,0,3,7,1520,1987,0,47.5476,-122.075,1910,6309,13.270783382522602
3,2570,4600,2.0,0,0,3,8,2570,2014,0,47.2582,-122.196,2570,5000,12.736671484395103
5,1860,9000,2.0,0,0,3,7,1860,1980,0,47.4484,-121.772,1390,9752,12.730801174465157
4,3650,38546,2.0,0,0,3,9,2550,1996,0,47.4776,-121.73,2860,34284,13.453104939316557
4,3240,5562,2.0,0,0,3,10,3240,2013,0,47.5919,-121.975,3380,5562,13.704578997256993
3,2480,4000,1.0,0,0,3,8,1240,1948,2014,47.615,-122.288,2450,4000,13.732128949025222
4,2200,7150,2.0,0,0,4,7,2200,1990,0,47.3595,-122.089,1740,7150,12.736553826954605
3,2330,26571,2.5,0,0,3,8,2330,1987,0,47.6009,-122.158,2030,20037,13.180632285528304
4,2640,7500,1.0,0,0,3,8,1620,1967,0,47.3135,-122.369,1980,7875,12.676076274775909
3,1950,8130,2.0,0,0,4,9,1950,1990,0,47.3875,-122.161,2350,7691,12.702292116906802
3,5120,4600,3.0,0,2,3,11,4490,2008,0,47.7052,-122.223,2510,5918,14.253765488895429
4,1880,7303,1.0,0,0,3,7,1010,1976,0,47.7129,-122.203,1710,7200,12.955127458028414
3,1480,14250,2.0,0,0,3,7,1480,1996,0,47.6595,-122.186,1660,14250,13.053656179394538
4,4060,35621,1.0,0,0,3,9,2030,1989,0,47.3059,-122.108,2950,35259,12.909170156943286
4,4660,17398,2.0,0,2,3,11,4660,2003,0,47.5422,-122.112,5080,24913,14.0623706358958
4,3950,10912,2.0,0,0,3,10,3950,2003,0,47.5877,-122.196,3000,10998,14.392123922268269
5,4150,7500,2.5,0,4,5,11,3510,1909,0,47.6303,-122.362,2250,4050,14.935558127352449
3,2300,6009,1.0,0,0,3,8,2300,2005,0,47.7067,-122.013,1640,5931,13.512376380953572
2,1390,6670,1.0,0,0,3,6,720,1941,0,47.6914,-122.308,920,6380,13.006952525893
3,1300,2580,1.0,0,0,5,7,820,1919,0,47.674,-122.319,1180,2820,13.043320170063875
3,1560,1345,2.0,0,0,3,8,1260,2009,0,47.5637,-122.375,1560,4800,13.012548511397123
2,1760,4600,1.0,0,0,4,7,850,1926,0,47.5654,-122.372,1150,4800,12.779873068457553
4,1720,9600,1.0,0,0,4,8,1720,1969,0,47.4764,-122.155,1660,10720,12.84792653170257
4,1400,54014,1.5,0,0,4,7,1400,1935,0,47.4153,-122.184,1910,8523,12.396796305588273
3,2130,8801,1.0,0,0,3,8,1370,1976,0,47.7462,-122.29,2820,8801,13.087720171460754
1,530,33278,1.0,0,2,4,4,530,1950,0,47.6412,-122.079,2830,14311,12.779873068457553
4,3040,4155,2.0,0,0,3,8,2350,2013,0,47.5429,-122.012,2680,4000,13.623138665316818
3,2200,34680,2.0,0,0,3,9,2200,1985,0,47.3139,-122.116,2560,35840,12.957488734214095
3,1440,3488,2.0,0,0,4,7,1440,1983,0,47.7257,-122.162,1390,3488,12.655554639055113
3,2590,108900,2.0,0,0,3,8,1980,1988,0,47.4088,-122.055,3170,108900,13.128345449081877
4,2920,7200,1.0,0,3,3,8,1470,1921,2006,47.5947,-122.288,3210,6825,13.864300722133706
3,1800,8518,2.0,0,0,3,7,1800,1996,0,47.3643,-122.185,1770,7570,12.691580461311874
4,2280,6010,1.0,0,0,3,7,1140,1900,0,47.6034,-122.289,2240,6200,13.350295445450335
4,1700,8400,1.0,0,0,3,7,1700,1953,0,47.7677,-122.359,1750,8475,13.126355398673866
4,4190,15724,2.0,0,2,3,11,4190,1994,0,47.5518,-122.096,3300,10113,13.963930563082547
4,2810,10951,2.0,0,0,3,8,2810,2003,0,47.3249,-122.187,1680,6625,12.886641043883259
3,1530,19007,1.0,0,0,4,8,1290,1949,0,47.4508,-122.352,2090,20962,12.992254692057308
3,1700,8400,2.0,0,2,3,7,1700,1927,0,47.6825,-122.19,1820,9000,13.331489136950335
3,1310,7314,1.0,0,0,5,6,1310,1960,0,47.2888,-122.221,1010,7314,12.379815846549256
3,3490,21064,1.0,1,4,3,10,2290,1968,0,47.6092,-122.073,1780,15244,14.508657738524219
3,1610,3600,2.0,0,0,3,8,1610,2010,0,47.771,-122.169,2210,3600,12.936033799212835
2,1760,4441,1.0,0,0,3,8,1310,1950,0,47.5311,-122.381,1350,5748,12.969095641001111
4,6530,871200,2.0,0,2,3,11,6530,2008,0,47.664,-121.878,1280,858132,14.28551418721001
3,1640,14374,1.0,0,0,4,7,1140,1963,0,47.4476,-122.332,2020,10500,12.799399490807907
3,2100,10000,1.0,0,0,4,7,2100,1954,0,47.4222,-122.331,1300,7500,12.409013489526863
3,1700,6120,1.0,0,0,3,7,1700,1952,0,47.5807,-122.397,1330,6120,13.122363377404328
4,1950,3000,2.0,0,0,3,7,1550,1998,0,47.565,-122.281,1540,4300,13.118254949359786
3,1960,3480,2.0,0,0,3,7,1960,2004,0,47.4802,-122.18,2560,3500,12.577463773304586
5,4495,10079,2.0,0,0,3,9,3580,2013,0,47.7339,-122.209,4495,10079,13.676248490630767
3,1720,6271,2.0,0,0,3,7,1720,1993,0,47.3898,-122.049,1570,6587,12.487485104968359
5,5790,13726,2.0,0,3,3,10,4430,2014,0,47.5388,-122.114,5790,13726,14.030960589909466
2,920,4000,1.0,0,0,4,7,920,1906,0,47.6711,-122.328,1300,4000,13.149978544437301
4,3700,11000,1.0,0,0,4,7,1840,1962,0,47.768,-122.251,1720,11564,13.303016877097587
4,2070,4427,2.0,0,0,3,7,2070,2007,0,47.5208,-121.869,2070,4556,12.959844447906553
4,1790,8400,1.0,0,0,4,7,1260,1954,0,47.7627,-122.353,1470,8400,12.902962812368953
3,3490,8343,2.0,1,4,4,9,2150,1939,1991,47.7265,-122.281,2990,13104,14.331323723241304
4,3880,9979,2.5,0,0,3,10,3880,2007,0,47.5408,-121.992,3130,6112,13.87377946608825
2,720,4120,1.0,0,0,5,5,720,1915,0,47.303,-122.217,940,6180,11.918390573078392
3,2730,38869,1.5,1,4,3,9,1940,1963,2001,47.4857,-122.361,2630,28188,14.107246900744096
2,1440,4225,1.0,0,0,3,8,1440,2005,0,47.7143,-122.032,1680,6200,12.987688474077727
4,1770,5855,2.0,0,0,3,7,1770,2003,0,47.3483,-122.053,1790,5679,12.421184025147118
3,2580,23925,2.0,0,0,3,9,2580,2001,0,47.2978,-122.376,1660,8460,13.122263372403996
3,1520,8835,1.0,0,0,4,7,1520,1957,0,47.6054,-122.118,1760,8580,13.17115354157376
3,1280,16200,1.0,0,0,3,8,1030,1976,0,47.7427,-122.071,1160,10565,12.736700896592344
3,1310,6960,1.0,0,0,4,7,1310,1974,0,47.2761,-122.153,1580,7200,12.345830240069793
4,2720,3000,2.0,0,0,3,9,2250,2014,0,47.5371,-122.388,1600,4600,13.579788224443204
2,910,22000,1.0,0,0,3,6,910,1956,0,47.2777,-122.252,1326,9891,11.512925464970229
3,1540,5040,2.0,0,0,3,8,1540,1907,0,47.6138,-122.299,1590,3600,13.398478813484644
3,1820,1545,3.0,0,2,3,8,1640,1998,0,47.6523,-122.346,1440,1290,13.1313231187758
4,1850,1836,2.0,0,0,3,7,1600,2005,0,47.5529,-121.996,1770,2236,13.07338319518261
3,1250,15603,1.0,0,0,4,7,1250,1959,0,47.5093,-122.172,1720,10220,12.367340793126296
4,2643,5750,2.0,0,0,3,8,2643,2012,0,47.3519,-122.173,2406,5772,12.839867831639848
4,2680,10000,2.0,0,0,3,8,2040,1942,2014,47.726,-122.296,1530,8000,13.16158409055761
3,1820,13362,1.0,0,0,3,8,1220,1977,0,47.5898,-122.052,2050,15000,13.151922179645874
5,2630,3149,2.0,0,0,3,8,1670,2013,0,47.5065,-122.171,2240,4825,12.948009990259552
3,2400,217800,2.0,0,0,3,8,1590,1975,0,47.4166,-121.94,2340,207781,13.317930160948304
3,2210,3600,2.0,0,0,3,8,1820,1995,0,47.7031,-122.279,2010,6690,12.969212197910155
5,3150,10542,1.0,0,0,5,9,1620,1974,0,47.7469,-122.217,3150,11807,13.304684934198283
3,1210,8505,1.5,0,0,3,7,1210,1958,0,47.5389,-122.353,1430,8505,12.66032791780777
3,1290,6604,1.0,0,0,3,7,1290,1984,0,47.323,-122.349,1440,6682,12.354492650648448
4,5610,11063,3.0,0,0,3,11,4750,2006,0,47.65,-122.065,4560,11063,14.274832338863149
4,2000,13300,1.0,0,0,4,7,1200,1968,0,47.353,-122.294,1800,9810,12.577636201962656
4,2010,6294,2.0,0,0,3,7,2010,2000,0,47.776,-122.24,1870,4394,12.965709567358951
3,860,7030,1.0,0,0,3,7,860,1973,0,47.7151,-122.211,1360,7500,12.765688433465597
4,2250,292288,1.0,0,0,4,7,2250,1963,0,47.3787,-122.091,1550,23798,12.926348493478372
3,1760,5355,1.0,0,0,3,7,1160,1956,0,47.5368,-122.267,1790,6225,12.911642346088676
3,2000,6130,1.0,0,0,4,8,1120,1951,0,47.6925,-122.388,2140,7150,13.215853720491667
3,1060,10050,1.0,0,0,4,7,1060,1967,0,47.7355,-122.231,1570,9938,12.721885810807203
3,1330,7500,1.0,0,0,3,8,1330,1961,0,47.6074,-122.195,1690,7800,13.57598352739954
5,5840,11652,2.0,0,1,3,11,4410,1988,0,47.5835,-122.202,3120,13639,14.603967918328545
3,880,6600,1.0,0,0,5,6,880,1945,0,47.5002,-122.247,1020,6600,12.441144767709657
2,880,17743,1.0,0,0,4,5,880,1951,0,47.4115,-122.197,1217,13000,12.58621994565405
4,3980,16304,1.0,0,1,3,10,2480,1968,0,47.639,-122.21,3980,16304,14.274516433000468
2,670,5600,1.0,0,0,3,6,670,1903,0,47.5498,-122.304,1960,7176,12.367340793126296
3,2330,14892,1.0,0,0,3,8,1970,1980,0,47.6267,-122.046,2570,14217,13.285332205682469
3,2090,4725,2.0,0,0,3,7,1610,1947,2013,47.657,-122.394,1280,4725,13.670484785914017
4,2470,5100,2.0,0,0,3,8,2470,2005,0,47.3622,-122.041,2240,5123,12.727838209334498
4,1780,7914,1.5,0,0,4,7,1780,1962,0,47.5142,-122.163,1350,8069,12.826649133255284
2,1570,125452,1.0,0,3,4,7,1570,1953,0,47.2077,-122.016,1660,46119,12.611504419749437
4,3100,5600,2.0,0,0,3,9,3100,2005,0,47.5968,-121.978,3080,5600,13.507625778194974
3,1900,2133,2.0,0,0,3,8,1520,2009,0,47.5675,-122.369,1530,3264,12.948009990259552
4,2700,49428,1.0,0,0,4,9,2700,1988,0,47.3168,-122.079,2728,85905,12.785491060761776
4,2810,17674,1.0,0,0,4,8,1640,1978,0,47.6745,-122.144,2400,11240,13.304684934198283
2,1070,9750,1.0,0,0,3,7,1070,1947,0,47.7532,-122.318,1500,8775,12.697715449879391
4,3350,199253,2.0,0,0,3,10,3350,2004,0,47.3602,-121.988,3350,183897,13.514405465180353
3,1320,3145,2.0,0,0,3,7,1320,1998,0,47.5909,-122.297,1320,3002,12.904207367601158
4,3610,18948,2.0,0,0,3,10,3610,1993,0,47.2911,-122.342,3568,18948,13.142166004700508
3,2010,4320,2.0,0,2,3,9,2010,1999,0,47.5153,-122.256,1640,5225,13.457406021215947
3,2206,82031,1.0,0,2,3,6,866,1983,0,47.6302,-122.069,2590,53024,13.567049198665774
3,1670,4120,1.5,0,0,3,7,1140,1929,2012,47.4881,-122.199,1010,4120,12.591335046320818
2,1490,1627,2.0,0,0,3,8,1190,2009,0,47.5455,-122.375,1400,1498,12.697715449879391
4,1490,9112,1.0,0,0,3,6,970,1940,0,47.4991,-122.345,1650,8411,12.509874099861838
4,2370,4000,1.5,0,2,5,8,1980,1928,0,47.601,-122.294,2440,5750,13.633988681340885
3,1300,9079,1.0,0,0,3,7,1300,1986,0,47.4834,-122.159,1890,7369,12.7098736543592
4,2600,4800,1.0,0,2,3,8,1400,1953,0,47.637,-122.371,2050,3505,13.567049198665774
6,2890,7500,1.0,0,0,4,8,1830,1976,0,47.7099,-122.23,1880,7500,13.138236726560619
4,1820,17918,1.0,0,0,4,8,1190,1962,0,47.521,-122.179,1890,15241,12.971307902484373
3,1800,7200,1.0,0,0,3,7,1020,1964,0,47.5616,-122.275,1740,5475,13.122363377404328
3,2570,13000,2.0,0,0,4,7,2570,1962,0,47.7705,-122.371,2570,8521,13.359804233419363
4,1950,4947,2.0,0,0,3,8,1950,2000,0,47.5042,-122.193,1760,5611,13.017000639521811
4,2660,10800,1.0,0,0,3,7,2660,1955,2014,47.5894,-122.172,2640,10800,13.55758144366184
3,1800,10050,1.0,0,0,3,7,1800,1955,0,47.6344,-122.126,1610,10050,13.27594246533263
4,3520,3944,1.5,0,0,5,8,2200,1913,0,47.6424,-122.348,2310,4725,14.01436141670944
3,1350,941,3.0,0,0,3,9,1350,2007,0,47.6265,-122.364,1640,1369,13.680835654637672
3,1900,7584,1.0,0,0,5,7,1900,1962,0,47.5091,-122.19,1410,7584,12.721885810807203
3,2360,11254,1.0,0,2,3,9,2360,1990,0,47.3356,-122.333,2390,11254,13.151922179645874
4,2180,4000,2.0,0,0,3,8,2180,1920,2005,47.6186,-122.288,2660,4000,13.623138665316818
3,1530,6372,1.0,0,0,3,7,1210,1962,0,47.535,-122.289,1960,6426,12.866179972011919
4,1960,10400,1.0,0,0,4,8,1220,1985,0,47.3199,-122.392,1650,8660,12.560244459250788
5,4220,26784,1.0,0,0,3,10,2110,1958,2006,47.6003,-122.206,3450,33945,14.30715336231349
3,2140,10256,2.0,0,0,3,8,2140,1987,0,47.3751,-122.044,2040,11717,12.881564890851399
4,2630,59586,1.0,0,0,3,7,1470,1963,0,47.4496,-122.209,2230,5715,13.35506114152335
4,1980,7403,2.0,0,0,3,7,1980,1988,0,47.2897,-122.372,1980,7510,12.402872221504781
5,2520,49222,2.0,0,0,4,8,2520,1978,0,47.4918,-122.064,2780,55321,13.190022025878143
3,2560,35265,2.0,0,0,3,9,2560,1981,0,47.7354,-122.095,2820,35496,13.459549644759198
3,2110,7794,1.0,0,0,3,6,2110,1981,0,47.4005,-122.293,1330,10044,12.402872221504781
2,2056,52333,1.0,0,0,4,7,1048,1980,0,47.2592,-122.291,2220,6458,12.57418196709457
4,4883,26040,2.0,0,3,3,10,3859,2006,0,47.263,-122.216,3736,9870,13.193753373491
4,3160,6540,1.0,0,3,3,8,1580,1959,0,47.5037,-122.24,1990,7090,13.021658673282696
3,3200,35782,1.0,0,0,3,8,2360,1978,0,47.4121,-122.154,3090,37887,12.765688433465597
3,2070,6145,2.0,0,0,3,7,2070,2003,0,47.3357,-122.172,2070,5297,12.577463773304586
3,1710,5992,1.5,0,0,4,7,1560,1928,0,47.6861,-122.354,1240,3001,13.38472764187182
4,1420,8063,1.0,0,0,3,7,940,1962,0,47.4174,-122.316,1330,7515,12.230765258120545
3,1384,8960,1.0,0,0,4,6,1384,1965,0,47.3062,-122.371,1000,8470,12.100712129872347
3,1500,2506,1.0,0,0,3,7,870,2003,0,47.5962,-122.301,1500,4662,12.886641043883259
3,2390,15084,2.0,0,0,3,8,2390,2000,0,47.3389,-122.048,1850,17494,13.579788224443204
5,2810,14207,1.0,0,3,3,9,1540,1979,0,47.5742,-122.11,3190,14000,13.62918097977278
2,1040,5796,1.0,0,2,4,6,1040,1921,0,47.7362,-122.29,2300,5796,12.691580461311874
4,4230,31747,2.0,0,0,4,10,4230,1985,0,47.731,-122.132,4080,35576,13.686540176667314
3,1440,4859,2.0,0,0,2,6,1440,1921,0,47.5503,-122.285,1360,4558,13.142146396665135
4,2360,7350,1.0,0,0,4,7,1440,1965,0,47.3417,-122.277,1450,7305,12.560244459250788
2,2410,5930,2.0,0,0,3,9,1930,2007,0,47.5657,-122.395,1540,5892,13.493926933836812
3,1620,2640,1.5,0,0,5,8,1620,1929,0,47.6884,-122.322,1470,4080,13.407542319637992
3,3192,5653,2.0,0,0,3,8,3192,2014,0,47.2956,-122.35,3000,5134,12.96453929221076
4,4270,43386,1.0,0,0,3,10,2680,1991,0,47.6915,-122.053,3630,36180,13.790192749979985
4,4480,42717,2.0,0,0,3,9,4480,1987,0,47.7711,-122.088,3140,41632,13.635187003832993
4,2590,16437,2.0,0,0,3,8,2590,1986,0,47.3714,-122.059,2320,15625,13.049792684569493
5,3460,5400,2.0,0,0,3,10,2830,2012,0,47.5201,-122.204,1890,5400,13.795307850646754
3,2070,8581,2.0,0,0,3,8,2070,1994,0,47.5101,-122.151,2440,7849,13.060487973686241
4,2070,6180,2.0,0,0,3,8,2070,2007,0,47.4915,-122.183,1250,6018,12.92391243868049
4,2240,27820,1.5,0,0,4,8,2240,1976,0,47.5936,-122.054,2330,20000,13.2714366173941
3,2480,53250,2.0,0,0,3,9,2480,1990,0,47.3323,-122.079,2510,36549,12.873902018105829
3,1640,1873,3.0,0,0,3,8,1640,2014,0,47.6196,-122.297,1640,3920,13.539757056377766
5,2700,9000,2.0,0,0,5,9,2700,1987,0,47.6599,-122.146,2630,9000,13.707925347284336
3,1640,5097,2.0,0,0,3,7,1640,1969,0,47.7522,-122.278,1880,6000,13.071070083016778
4,2780,7875,2.0,0,0,3,9,2780,2006,0,47.7294,-122.352,1000,7500,13.458835614025542
3,1690,1689,2.0,0,0,3,8,1150,2014,0,47.5528,-121.999,1540,1689,12.94798618045229
4,1540,5110,1.0,0,0,3,7,1540,1957,0,47.5164,-122.268,1540,5110,12.478006361013815
4,2760,8558,2.0,0,0,3,7,2760,2001,0,47.4802,-122.189,2760,7703,13.005829561148378
3,2740,83199,2.0,0,4,3,9,2740,1973,0,47.3581,-122.266,2500,29269,12.89921982609012
4,2300,18360,1.0,0,0,4,7,1560,1979,0,47.4518,-122.16,1870,9588,12.66032791780777
3,1520,7800,1.0,0,0,4,7,1120,1967,0,47.3784,-122.29,1740,8000,12.429216196844383
3,2480,10804,1.0,0,0,3,8,1800,1976,0,47.7721,-122.367,2480,10400,13.102058624063964
3,2790,16173,2.0,0,0,3,10,2790,1988,0,47.3043,-122.343,2890,11632,13.005829561148378
3,1800,2791,2.0,0,0,3,8,1800,2011,0,47.5442,-122.371,1580,2617,12.847663339175718
2,1730,6375,2.0,0,0,4,6,1730,1945,0,47.5357,-122.368,1180,6250,12.89087258460229
4,2030,4033,2.0,0,0,4,7,1630,1925,0,47.7056,-122.342,1350,1340,12.983101310070822
3,1210,10588,1.0,0,0,4,7,1210,1958,0,47.2876,-122.212,1408,10588,12.206072645530174
5,1760,21562,1.0,0,1,3,8,1560,1959,0,47.7597,-122.263,2150,12676,13.081541382884074
3,1980,3128,2.0,0,0,3,8,1890,2009,0,47.5456,-122.016,2160,2240,13.329377546788654
4,2830,213879,2.0,0,0,4,8,2830,1987,0,47.2925,-122.107,2250,213008,13.217491722495906
4,1540,5000,1.5,0,0,4,7,1090,1922,0,47.6754,-122.294,1590,5000,13.203021280421783
2,700,8100,1.0,0,0,3,6,700,1949,0,47.7492,-122.311,1230,8100,12.448822726483302
3,1320,5250,1.5,0,0,5,7,1320,1913,0,47.5566,-122.378,1490,5250,13.173056491719846
5,4220,9240,2.0,0,2,5,11,3420,1991,0,47.5895,-122.229,3380,9240,14.269765830241871
3,1380,8182,1.0,0,0,5,7,1380,1942,0,47.7513,-122.349,1300,8188,12.959844447906553
3,2380,11824,1.0,0,0,4,9,1450,1972,0,47.5371,-122.218,2750,11491,13.592367006650065
4,2300,9900,1.0,0,2,3,8,1600,1961,0,47.5256,-122.385,2510,7500,13.514405465180353
3,1600,10548,1.0,0,0,4,7,1600,1962,0,47.2925,-122.284,2880,13609,12.301382825334498
3,1540,1487,2.0,0,0,3,8,1540,2011,0,47.5397,-122.027,1620,1104,13.16158409055761
5,7400,18898,2.0,0,3,3,13,6290,2001,0,47.5431,-122.112,6110,26442,14.908440063496885
4,1940,4517,1.0,0,0,3,8,1190,2010,0,47.776,-122.26,1910,10410,12.959844447906553
4,2020,8100,1.5,0,0,4,7,1160,1946,0,47.7307,-122.297,1840,8680,12.821258284620408
4,3266,5398,2.0,0,0,3,8,3266,2014,0,47.2975,-122.35,3087,5152,12.959726793926773
3,1170,1174,2.0,0,0,3,7,840,2007,0,47.5459,-122.376,1170,2537,12.524526376648708
4,2770,3330,2.0,0,0,3,8,1970,2001,0,47.6327,-122.109,2180,3380,13.525158256956614
4,2780,6369,1.0,0,0,3,8,1590,1978,0,47.7284,-122.216,2170,7490,13.132313708257497
2,840,49658,1.0,0,0,2,6,840,1948,0,47.4727,-122.292,1240,11000,12.254862809699606
4,2480,4504,2.0,0,0,3,7,2480,2005,0,47.4998,-122.15,2950,4504,12.959844447906553
3,1840,16815,1.0,0,0,5,7,960,1972,0,47.4837,-122.11,1810,16732,12.873902018105829
4,2140,8800,2.0,0,0,4,7,2140,1963,0,47.3655,-122.291,2060,9790,12.409013489526863
3,1850,9550,1.0,0,0,3,8,1850,1988,0,47.3225,-122.273,2250,9550,12.57418196709457
3,1540,10800,1.0,0,0,5,6,770,1947,0,47.5763,-122.222,2020,10800,13.122363377404328
3,1240,983,3.0,0,0,3,8,1240,2009,0,47.7235,-122.353,1240,1026,12.669806661762314
3,1450,4106,2.0,0,0,3,7,1450,2011,0,47.3655,-122.019,2000,4000,12.538967060803502
4,2820,15000,2.0,0,0,4,9,2820,1985,0,47.7255,-122.101,2440,15000,13.38472764187182
4,1940,6887,2.0,0,0,3,7,1940,1990,0,47.2911,-122.353,1870,6144,12.535376392672774
3,1300,8160,1.0,0,0,4,7,1300,1960,0,47.511,-122.172,1290,8970,12.375815420117268
4,2050,9015,2.0,0,0,4,7,2050,1973,0,47.4357,-122.168,1780,8820,12.577636201962656
3,1210,3720,2.0,0,0,4,8,1210,1930,0,47.6317,-122.301,1560,6000,13.369223455335854
3,1460,5715,1.0,0,0,3,7,1460,1957,2014,47.54,-122.276,1400,5715,12.736700896592344
4,2470,7539,2.0,0,0,3,9,2470,2006,0,47.7407,-122.226,2580,7539,13.217673557208654
4,3670,4960,2.0,0,0,3,9,2870,2005,0,47.7022,-122.374,1520,6335,13.58735446482652
3,1260,1111,2.0,0,0,3,8,1260,2003,0,47.5476,-122.005,1410,1630,12.765688433465597
3,3530,69834,2.0,0,0,3,10,3530,1994,0,47.6377,-121.995,3560,74256,13.541073712262515
4,2710,7199,1.0,0,0,4,7,1710,1967,0,47.3789,-122.213,2070,9271,12.460714863903755
3,1960,8000,1.0,0,0,4,7,1290,1977,0,47.7249,-122.178,1960,8000,12.904207367601158
4,1960,30480,1.0,0,2,4,7,1060,1972,0,47.1924,-121.988,1460,8914,12.524526376648708
3,2320,3174,2.0,0,0,3,9,2060,1997,0,47.6897,-122.175,2320,3187,13.180632285528304
4,4260,11765,2.0,0,0,3,11,3280,1939,2010,47.638,-122.288,4260,10408,15.03928598958639
3,1430,20193,1.0,0,0,3,7,1430,1955,0,47.5619,-122.183,2140,18364,13.023647404465171
4,1820,7700,1.0,0,0,4,7,1100,1955,0,47.7545,-122.357,1700,8500,12.751009798924933
4,2340,9748,1.0,0,1,3,8,1610,1981,0,47.3363,-122.331,2070,8241,12.736406735684207
3,1330,5000,2.0,0,0,4,7,1210,1909,0,47.5724,-122.384,1500,4000,13.185338176565716
4,2650,7200,2.0,0,0,3,8,2250,1979,0,47.7317,-122.354,2110,7269,13.23560277301084
3,1250,1017,3.0,0,0,3,8,1250,2008,0,47.7099,-122.333,1250,1017,12.669806661762314
2,850,6174,1.0,0,0,4,7,850,1950,0,47.7352,-122.328,1100,6174,12.63947712232758
3,1860,15681,1.0,0,0,4,7,1860,1971,0,47.3191,-122.339,1860,22979,12.524526376648708
4,2350,5100,2.0,0,0,3,8,2350,2003,0,47.3507,-122.007,2190,5100,12.899094818276968
2,840,6480,1.0,0,0,4,5,840,1954,0,47.264,-122.258,1100,7300,11.732060994886899
4,2220,6953,2.0,0,0,4,8,2220,1999,0,47.3509,-122.041,2240,6716,12.765688433465597
3,1750,3900,2.0,0,0,3,8,1750,1977,0,47.6638,-122.129,1750,5700,13.023647404465171
4,3300,10514,2.0,0,0,3,10,3300,1984,0,47.6323,-122.036,2820,11462,13.573438996764546
3,1160,36831,1.0,0,0,3,7,1160,1938,0,47.7507,-122.237,1800,15640,13.017002861746503
2,1840,9000,1.0,0,2,3,8,1340,1957,0,47.5281,-122.388,1880,7560,13.487006490992238
3,1260,8487,1.0,0,0,3,7,1260,1970,0,47.7664,-122.201,1890,13051,12.723377235393874
3,2370,6752,2.0,0,0,3,8,2370,1994,0,47.2703,-122.312,1870,7455,12.644327576461329
2,830,7200,1.0,0,0,2,6,830,1920,0,47.5604,-122.275,1150,6600,12.206072645530174
2,1840,14874,1.0,0,2,3,8,1300,1952,0,47.4382,-122.348,2920,15084,12.971540487669746
4,2850,3000,2.5,0,0,3,9,2530,2003,0,47.6406,-122.304,2083,4500,13.985253332551368
3,1560,1490,2.0,0,0,3,8,1240,1995,0,47.6248,-122.319,1560,1662,13.345506928718539
3,1260,5612,1.0,0,0,4,7,1260,1972,0,47.7362,-122.179,1640,4745,12.691580461311874
4,2060,26036,1.0,0,0,4,8,1160,1947,0,47.4444,-122.351,2590,21891,13.38087407255583
3,2100,14027,2.0,0,0,3,8,2100,1979,0,47.3833,-122.1,2730,5999,12.506177237980511
5,2660,8737,1.0,0,4,5,8,1470,1969,0,47.5667,-122.155,3280,8783,13.9108207377686
4,2020,10720,1.0,0,0,4,8,1420,1976,0,47.6373,-122.104,2190,10164,13.226723392728571
2,1640,2128,2.0,0,0,4,8,1640,1974,0,47.753,-122.252,1640,2128,12.921470435024938
4,3030,3841,3.0,0,0,3,9,3030,2005,0,47.6781,-122.369,1080,4922,13.687677186454389
3,2090,6294,2.0,0,0,3,9,2090,2004,0,47.686,-122.095,2520,5735,13.24634935718532
5,4770,31570,2.0,0,0,3,12,4770,1990,0,47.5468,-122.123,4520,32070,14.204168547756057
4,2550,11524,2.0,0,0,3,8,2550,1990,0,47.7324,-121.963,2370,14001,12.914724012626085
4,1950,9800,1.0,0,0,3,8,1330,1968,0,47.666,-122.178,2170,9800,13.235692062711331
4,4420,7850,2.0,1,4,3,11,3150,2001,0,47.572,-122.102,2760,8525,14.808762330974558
10,2920,3745,2.0,0,0,4,7,1860,1913,0,47.6635,-122.32,1810,3745,13.399995114002609
4,1440,10920,1.0,0,0,3,5,1440,1943,0,47.5049,-122.18,1500,11902,12.524526376648708
4,1757,19370,1.0,0,2,5,7,1757,1955,0,47.3974,-122.312,1850,11125,12.834681304952548
3,2560,117176,1.0,0,0,4,9,1280,1977,0,47.4655,-122.033,2760,57063,13.049792684569493
5,3740,14913,1.5,0,0,4,9,3740,1979,0,47.6234,-122.059,2180,7600,13.399995114002609
3,1070,8179,1.0,0,0,3,6,1070,1949,0,47.5015,-122.349,1050,8177,12.254862809699606
5,2840,6010,2.0,0,0,3,8,2840,2003,0,47.3161,-122.27,2740,5509,12.826649133255284
5,2910,9480,1.5,0,0,3,8,2910,1939,0,47.6552,-122.278,2940,6600,13.997832114758229
3,2160,11484,1.5,0,0,4,7,2160,1968,0,47.7277,-122.185,2270,10080,13.023647404465171
2,1550,7764,1.0,1,4,4,8,1550,1965,1986,47.358,-122.446,1690,11620,13.304684934198283
3,1160,3441,1.0,0,0,4,6,580,1930,0,47.5314,-122.392,1160,4000,12.884106188280072
3,3030,30007,1.5,0,0,4,10,3030,1992,0,47.743,-122.036,3360,34983,13.550176889176255
3,2310,3075,2.0,0,0,3,8,1730,2005,0,47.5644,-122.383,2310,3075,13.287029998959563
2,710,4240,1.0,0,0,4,6,710,1942,0,47.5226,-122.351,850,5200,12.509874099861838
4,1830,7200,2.0,0,2,3,8,1750,1923,0,47.6315,-122.282,3100,7200,14.038654109278484
3,1700,7496,2.0,0,0,3,8,1700,1994,0,47.432,-122.189,2280,7496,12.765545566117686
4,3370,8402,1.0,0,0,5,10,2240,1962,0,47.6349,-122.29,3190,8700,14.648419680899378
3,1150,7486,1.0,0,0,3,7,1150,1970,0,47.7261,-122.219,1510,7486,12.691580461311874
3,2000,7225,2.0,0,0,4,7,2000,1985,0,47.349,-122.167,1950,7464,12.718896271958837
3,970,5000,1.0,0,0,3,6,970,1968,0,47.5282,-122.279,1290,5875,12.328290278254423
3,1650,5000,2.0,0,0,3,8,1650,1985,0,47.3206,-122.394,1720,5000,12.28442161194115
2,1390,7740,1.0,0,0,4,6,1390,1925,0,47.5232,-122.371,1290,7740,12.777052192115912
4,4070,7800,3.0,0,0,4,8,3390,2002,0,47.6838,-122.327,2020,6760,14.151982794585487
3,1220,8119,1.0,0,0,4,7,1220,1955,0,47.6328,-122.236,1910,8119,13.681979165339751
3,1240,12400,1.0,0,0,3,7,1240,1958,0,47.607,-122.132,1640,9600,12.93723789327764
5,4280,8465,2.0,0,0,3,10,4280,2014,0,47.7325,-122.165,2990,11067,13.811000402486387
2,1140,75132,1.0,0,0,3,7,1140,1956,0,47.7349,-122.074,2570,35200,12.84792653170257
4,2470,6116,1.0,0,0,3,7,1420,1985,0,47.3792,-122.047,1670,7627,12.771386454580234
2,1630,7680,1.0,0,0,3,7,830,1947,0,47.7092,-122.291,1250,7740,12.962194625251508
3,3680,13384,2.0,0,0,3,10,3680,1994,0,47.5484,-122.119,3600,11306,13.844972268113892
2,970,3279,2.0,0,0,3,7,790,2007,0,47.5469,-122.383,1150,1351,12.621025931510646
4,2690,7350,1.5,0,0,5,7,2690,1949,0,47.7062,-122.311,1660,9000,13.122363377404328
1,1010,10900,1.0,0,0,4,6,1010,1968,0,47.7391,-121.982,1410,8359,12.555672620796942
5,2350,14197,1.0,0,0,4,8,1220,1962,0,47.6005,-122.204,2470,11629,13.704578997256993
3,1810,1658,3.0,0,0,3,8,1810,1998,0,47.6955,-122.376,1470,1585,13.01477816672439
2,890,19703,1.0,0,0,3,6,890,1934,0,47.4922,-121.783,1270,9800,12.345834587905333
3,2010,57934,1.0,0,0,3,7,2010,1978,0,47.6262,-121.96,2040,55527,13.11332263275218
4,2710,12138,1.0,0,0,3,8,1700,1968,0,47.7657,-122.29,2390,10052,13.190022025878143
3,1350,11805,1.0,0,0,3,7,1350,1986,0,47.7313,-121.971,1350,14200,12.691580461311874
4,2850,7453,2.0,0,0,3,9,2850,1991,0,47.7439,-122.174,2700,8468,13.199324418540456
3,1540,3600,1.0,0,0,3,7,890,1994,0,47.6103,-122.296,1540,3600,13.122363377404328
3,1030,12700,1.0,0,0,4,5,1030,1944,0,47.3877,-122.236,1140,6955,12.345617172968069
4,2350,46173,2.0,0,0,4,8,2350,1980,0,47.6657,-122.067,2390,36567,13.36138027787483
4,2620,9525,2.5,0,0,4,9,2620,1974,0,47.5631,-122.219,2580,9525,13.639250592548915
2,900,13531,1.0,0,0,3,6,900,1979,0,47.2616,-122.251,1767,8308,12.066810578196666
2,1170,976,2.0,0,0,3,9,780,2010,0,47.6192,-122.316,1280,1183,13.180632285528304
2,970,2700,1.0,0,0,4,7,770,1926,0,47.6852,-122.312,1570,3348,12.959844447906553
4,2550,4000,1.5,0,0,4,7,1760,1926,0,47.6811,-122.318,1840,4000,13.37700559577791
4,2470,7780,2.0,0,0,3,8,2470,2002,0,47.3337,-122.191,2100,5972,12.712890247898626
2,1640,6750,1.0,0,0,4,8,1340,1939,0,47.7068,-122.308,1760,7490,13.370004400318926
4,3020,3600,2.5,0,0,3,9,3020,2009,0,47.5407,-121.993,2570,3600,13.5985975564007
2,1510,6516,1.0,0,0,3,8,1510,2005,0,47.7076,-122.013,1640,6009,13.081437210791684
2,1340,7250,1.0,0,0,4,7,1340,1951,0,47.7015,-122.32,1450,7026,13.017002861746503
4,2130,9600,1.0,0,0,4,7,2130,1966,0,47.4119,-122.211,1710,9600,12.628067055589549
4,2090,8064,2.0,0,0,5,7,2090,1967,0,47.6829,-122.195,1460,8400,13.473020249017498
3,1690,13500,1.0,0,0,4,7,1690,1978,0,47.5897,-122.233,1950,10500,13.567049198665774
3,1260,7128,1.0,0,0,4,7,1260,1969,0,47.7263,-122.205,1330,7326,12.764258840656002
2,910,4500,1.5,0,0,4,7,910,1906,0,47.5633,-122.289,1270,3500,12.765688433465597
4,2100,7920,1.5,0,0,4,6,1400,1916,0,47.5293,-122.371,1230,7920,12.969212197910155
4,3670,9958,2.0,0,0,3,10,3670,2005,0,47.4617,-122.159,3300,10679,13.17115354157376
4,2620,9873,2.0,0,0,3,8,2620,1987,0,47.5822,-122.051,2520,9935,13.304684934198283
4,2530,15520,1.0,0,0,5,8,2220,1964,0,47.613,-122.167,2500,13300,13.60910120564123
5,5960,13703,2.0,0,2,3,10,4770,1984,0,47.6151,-122.107,2810,17320,14.119312012295937
3,1170,4400,1.0,0,0,3,7,870,1951,0,47.6584,-122.391,1240,4400,13.060487973686241
2,1660,11437,2.0,0,0,3,7,1660,1958,1992,47.4899,-122.339,1290,7860,12.721885810807203
4,3690,11468,2.0,0,0,3,11,3690,1987,0,47.5699,-122.092,3370,10751,13.710150042306449
3,1690,5171,2.0,0,0,3,8,1690,2003,0,47.2779,-122.347,2550,5025,12.533576212168626
3,1210,9622,1.0,0,1,3,8,1210,1955,2009,47.5728,-122.179,1580,9714,13.399995114002609
2,1440,4660,1.0,0,2,3,8,1440,2008,0,47.7092,-122.015,1680,4989,13.005829561148378
3,1670,22703,1.0,0,0,3,7,1310,1988,0,47.4708,-121.756,1510,16817,12.938200125731003
3,1940,3800,1.0,0,0,4,7,1050,1927,0,47.6842,-122.309,1700,3800,13.348701819615057
3,2320,7140,2.0,0,0,3,8,2320,1990,0,47.275,-122.295,2360,7955,12.637855061955712
4,1930,7862,2.0,0,0,3,7,1930,1994,0,47.3644,-122.04,1640,9145,12.735229225980888
4,4210,10308,2.0,0,0,3,10,4210,2006,0,47.5905,-122.117,3860,10200,13.952486012991352
4,1980,4560,1.5,0,0,3,7,1980,1920,0,47.6606,-122.331,1810,3245,13.458835614025542
3,1020,8100,1.0,0,0,3,7,1020,1954,0,47.3586,-122.314,1020,8100,12.341477282536376
5,3020,9187,2.0,0,0,3,9,3020,2007,0,47.6806,-122.167,2250,9675,13.687677186454389
3,1120,10665,1.0,0,0,4,6,1120,1961,0,47.2886,-122.274,1240,10639,12.323855681186558
2,990,4332,1.0,0,0,3,7,990,1909,0,47.6528,-122.331,1920,3420,13.337474757021274
3,1950,1968,2.0,0,0,4,7,1160,1979,0,47.5179,-122.195,1950,1968,12.791077667470416
3,1239,6036,1.0,0,0,3,7,1239,2009,0,47.3689,-122.175,2060,5746,12.441543897532917
3,1650,9600,1.0,0,0,4,7,1650,1977,0,47.5779,-122.044,2040,12220,13.073173133213556
3,1400,5648,1.5,0,0,5,6,1400,1917,0,47.5133,-122.196,2320,9420,12.425208175446844
4,5070,60123,2.0,0,0,3,11,5070,2000,0,47.6567,-122.004,4920,101930,13.9108207377686
3,4560,16339,2.0,0,2,3,10,4040,2001,0,47.7024,-122.243,2620,11561,14.010254634756786
3,2410,4293,2.0,0,0,3,7,2410,2007,0,47.5196,-121.869,2190,5900,13.017002861746503
3,3990,8505,2.0,0,2,3,9,2870,1922,1999,47.5744,-122.283,3640,8505,14.22097566607244
3,1210,5240,1.0,0,0,4,7,610,1983,0,47.5524,-122.356,1560,5240,12.628067055589549
3,1830,208216,2.0,0,0,3,8,1830,1997,0,47.4377,-122.464,1530,16988,13.112313041550827
4,3860,67953,2.0,0,2,4,12,3860,1927,0,47.7469,-122.378,4410,128066,14.377979414882104
3,1520,14080,2.0,0,0,3,7,1520,1984,0,47.6273,-122.059,1530,9758,13.010313873595706
4,1890,15770,2.0,0,0,4,7,1890,1968,0,47.4281,-122.343,2410,15256,12.873899453999977
2,880,9750,1.0,0,0,5,6,880,1938,0,47.4885,-122.298,1220,9406,12.254862809699606
6,2180,7220,2.0,0,0,3,7,2180,1980,0,47.3046,-122.305,2260,7344,12.345834587905333
5,4115,7910,2.0,0,0,3,9,4115,2014,0,47.6847,-122.016,3950,6765,13.804277705031145
2,840,3340,1.0,0,0,3,6,700,1912,0,47.6692,-122.359,1700,3980,13.017002861746503
2,1020,1049,3.0,0,0,3,8,1020,2008,0,47.68,-122.348,1350,1395,13.017002861746503
4,3770,35081,2.0,0,0,3,10,3770,1989,0,47.6908,-122.051,4000,35492,13.764217263576723
4,3320,52707,2.0,0,0,3,10,3320,1999,0,47.6247,-122.016,3040,54450,13.608486388529947
3,1080,7486,1.5,0,0,3,6,990,1942,0,47.4838,-122.335,1170,7800,12.339291489316397
2,1850,4667,1.0,0,0,3,8,1850,2010,0,47.7101,-122.014,1860,6008,13.286181462633724
3,3230,5250,2.0,0,0,3,9,2680,2014,0,47.5196,-121.878,2710,5250,13.291219683244712
4,1850,5674,2.0,0,0,3,7,1850,1993,0,47.3536,-122.142,1750,6875,12.577636201962656
4,2910,9000,1.0,0,0,4,8,2130,1966,0,47.544,-122.176,1970,9000,13.199231821660906
3,1410,15134,1.0,0,0,3,7,1410,1980,0,47.6931,-121.921,1770,15337,12.66032791780777
3,1010,7755,1.0,0,0,3,6,1010,1953,0,47.4238,-122.332,1270,8350,12.128111104060462
3,1381,1180,3.0,0,0,3,8,1381,2007,0,47.711,-122.32,1381,1180,12.793859310432293
3,2260,5300,1.0,0,0,3,7,1200,1940,0,47.6756,-122.348,1950,5000,12.994530005894443
4,1540,2452,1.5,0,0,4,7,1540,1906,0,47.6522,-122.348,1290,3360,13.244581010128577
2,1050,2926,1.0,0,0,4,8,1050,1974,0,47.3811,-122.317,1150,3802,12.138863895836725
5,3640,8239,2.0,0,3,3,10,2540,1982,0,47.5842,-122.111,3330,10643,14.282384294201082
3,1220,22443,1.0,0,0,4,7,1220,1972,0,47.2633,-122.245,1260,19950,12.211060187041213
4,2500,4945,2.0,0,0,3,9,2500,2013,0,47.5185,-121.885,2760,6000,13.262125319779487
3,1620,12309,2.0,0,0,3,7,1620,1987,0,47.6188,-122.029,2030,13963,13.06685066747407
3,2810,6300,2.0,0,0,3,8,2810,2001,0,47.6077,-122.02,2860,6630,13.493926933836812
2,1570,8210,1.0,0,0,4,8,1150,1952,0,47.7221,-122.371,1680,8196,13.134291948269603
5,3130,9450,1.0,0,0,4,8,1580,1973,0,47.3099,-122.384,1900,9000,12.619175180767549
4,2920,14210,2.0,0,0,4,10,2920,1978,0,47.6196,-122.15,2840,13702,13.58609739363647
5,2330,6000,1.5,0,0,3,8,2080,1937,0,47.6461,-122.392,2150,6000,13.623138665316818
3,770,6552,1.0,0,0,3,6,670,1942,0,47.5133,-122.372,920,7200,12.634603026569334
4,2170,10500,1.0,0,0,3,7,1570,1962,0,47.7512,-122.295,1850,11127,12.948009990259552
4,2220,36085,2.0,0,0,3,9,2220,1989,0,47.5839,-121.991,3000,36906,13.345506928718539
3,1520,12246,1.0,0,0,4,6,1520,1971,0,47.3434,-122.049,1460,12246,12.367340793126296
4,2480,9869,1.0,0,0,4,8,1240,1963,0,47.7612,-122.229,2230,10310,13.083622549087899
4,3980,9209,2.0,0,0,3,11,3980,2002,0,47.6286,-122.064,3800,9333,13.785051350479566
4,3070,16028,1.0,0,3,3,9,1870,1976,0,47.5271,-122.228,3070,19822,14.018451401960965
4,1400,7632,1.5,0,0,5,6,1400,1930,0,47.4625,-122.345,1400,7632,12.4130868149145
3,1580,7034,1.0,0,0,4,7,1180,1989,0,47.3564,-122.04,1470,7358,12.556729517143344
4,3130,5700,1.5,0,0,3,7,1750,1953,0,47.6811,-122.283,2080,5700,13.41652441595382
3,1920,4480,2.0,0,1,3,9,1920,1949,1997,47.6472,-122.373,1790,4500,13.82645049800261
4,1130,5200,1.0,0,0,3,6,1130,1968,0,47.3616,-122.089,1140,5200,12.100434313507177
4,1830,7614,2.0,0,0,3,7,1830,1991,0,47.3682,-122.179,1860,6930,12.388394202324129
6,3190,4700,2.0,0,0,3,8,3190,2003,0,47.3724,-122.105,2680,5640,12.79246945614324
3,1150,8100,1.0,0,0,3,6,1150,1932,0,47.494,-122.307,1120,8100,12.128111104060462
5,3300,7560,2.0,0,0,3,10,3300,2007,0,47.6467,-122.118,3150,8580,13.91535589293399
3,2000,9760,1.0,0,0,4,8,1400,1978,0,47.4417,-122.134,1890,8089,12.676076274775909
3,1620,10850,1.0,0,0,3,7,1620,1966,0,47.4437,-122.194,1910,10568,12.429216196844383
3,1320,4400,1.0,0,0,3,6,1320,1909,0,47.6231,-122.292,1350,4400,12.765688433465597
2,1520,5010,1.0,0,0,3,7,1520,1999,0,47.6948,-122.364,1110,5040,12.89921982609012
3,2153,4400,2.0,0,0,3,8,2153,2007,0,47.2872,-122.283,2434,4400,12.464583340681674
4,2350,5835,2.0,0,0,3,8,2350,2003,0,47.3494,-122.153,3010,5772,12.506177237980511
4,2885,33671,2.0,0,0,4,8,2885,1984,0,47.5174,-122.046,1910,16000,13.312983737012978
4,2380,12573,1.0,0,0,4,9,2380,1963,0,47.5984,-122.176,2900,10700,13.63530675714132
3,1880,1793,2.0,0,0,3,7,1810,2001,0,47.5405,-122.293,1800,2537,12.498742259492994
4,1760,7300,1.0,0,0,3,7,880,1956,0,47.6034,-122.125,1680,7500,12.84792653170257
2,850,3276,1.0,0,0,3,6,850,1910,0,47.6742,-122.35,1460,4100,12.871334622600584
4,2550,39460,1.0,0,0,3,8,1890,1982,0,47.7707,-122.123,2560,38638,13.217673557208654
4,2960,11347,1.0,0,0,4,8,1570,1946,0,47.4738,-122.353,1660,8911,13.058358047428417
3,1520,9600,1.0,0,0,3,8,1520,1966,0,47.3263,-122.365,2060,9600,12.388394202324129
2,830,1276,2.0,0,0,3,7,830,2005,0,47.6175,-122.297,1540,1484,12.608198852372823
3,2960,69351,2.0,1,3,4,9,2960,1990,0,47.4,-122.42,2350,41433,13.527828485512494
3,1490,9120,1.0,0,0,5,7,1490,1959,0,47.4806,-122.163,1340,8040,12.644327576461329
4,2060,5950,2.0,0,0,3,8,2060,2000,0,47.3631,-122.192,2242,6406,12.584509081250419
3,2130,2306,2.0,0,1,5,7,1420,1924,0,47.5424,-122.391,1560,4500,13.331002242515657
4,1790,3952,1.5,0,0,4,8,1790,1932,0,47.689,-122.352,1200,3876,13.592367006650065
4,3230,19193,1.0,0,3,4,8,2000,1973,0,47.5755,-122.07,3230,13420,13.58609739363647
3,3620,8131,2.0,0,0,4,10,2730,1988,0,47.5776,-122.214,2040,3776,13.811502536566735
4,5000,38012,2.0,0,0,3,11,3610,2004,0,47.554,-122.036,3850,18054,14.187074114396758
3,980,6530,1.0,0,0,3,7,980,1969,0,47.7133,-122.213,1220,6723,12.636230366228709
2,1660,4000,1.0,0,0,3,7,1000,1950,0,47.6832,-122.304,1570,5500,12.92391243868049
4,3090,87120,1.0,0,0,4,7,1590,1974,0,47.7275,-122.122,2560,88426,13.296316684527767
4,2390,5021,2.0,0,0,3,7,2390,2002,0,47.5353,-121.879,2520,5333,12.959844447906553
3,1780,5000,1.0,0,4,4,7,1030,1958,0,47.5168,-122.256,1780,7500,12.948009990259552
3,1620,6000,1.0,0,0,3,7,1280,1998,0,47.2835,-122.2,1710,6318,12.419165860990882
4,4220,5817,2.0,0,0,3,9,2910,2006,0,47.5392,-121.862,4290,6637,13.358225701126313
3,2600,5100,2.0,0,1,3,8,2600,1998,0,47.5175,-122.205,2270,5400,13.27594246533263
4,2190,8402,2.0,0,0,4,6,2190,1928,0,47.6944,-122.175,2210,7802,13.199324418540456
3,1550,5034,2.0,0,0,4,7,1550,1922,0,47.7072,-122.36,1820,7200,12.971540487669746
3,1650,4859,2.0,0,0,3,7,1650,1988,0,47.7729,-122.172,1890,5018,12.821258284620408
3,1960,6997,2.0,0,0,3,7,1960,2006,0,47.5415,-121.887,2320,5178,12.911642346088676
3,2610,11290,1.0,0,0,3,7,1630,1985,0,47.6632,-122.201,2570,9125,13.537118532419585
4,1990,9656,2.0,0,0,3,7,1990,1994,0,47.3125,-121.998,1500,9656,12.487296407920908
3,1690,1618,2.0,0,0,3,8,1150,2014,0,47.5518,-121.998,1690,1618,12.829272034526369
3,950,13475,1.0,0,0,3,7,950,1950,0,47.7543,-122.306,1240,8910,12.628067055589549
4,1320,7694,1.0,0,0,3,7,1320,1928,1972,47.4297,-122.325,1620,8468,12.180754837545884
4,3190,10970,2.0,0,0,3,10,3190,1994,0,47.5862,-122.029,2850,8416,13.440817108522863
2,780,8271,1.0,0,0,4,6,780,1924,0,47.7,-122.3,2220,8271,12.672946381766982
4,3610,7904,3.0,0,0,3,11,3290,1994,0,47.6992,-122.385,2460,7300,13.62918700385102
4,2050,6705,1.0,0,0,4,7,1230,1973,0,47.7242,-122.217,1610,7292,13.079455876393052
4,2140,7754,2.0,0,0,3,8,2140,1996,0,47.7173,-122.338,1690,7775,13.17115354157376
3,2270,8187,1.0,0,0,4,8,1420,1954,0,47.7573,-122.278,2020,14092,12.92391243868049
2,1040,83199,1.0,0,0,4,7,870,1965,0,47.4222,-122.443,1760,75794,12.644327576461329
5,2860,68519,2.0,0,0,5,8,2860,1958,0,47.5265,-121.835,1670,35910,13.415032991367148
4,2870,6776,2.0,0,0,3,8,2870,2004,0,47.539,-121.878,2770,6658,13.226723392728571
3,1440,54315,1.0,0,0,3,7,790,1974,0,47.591,-122.01,2690,40518,13.122363377404328
2,1450,2550,1.0,0,0,3,7,820,1984,0,47.6911,-122.348,1450,5100,13.017002861746503
4,3070,10375,2.0,0,0,3,10,2180,1962,2005,47.5862,-122.198,2500,11194,14.217636764806924
3,1320,11090,1.0,0,0,3,7,1320,1955,0,47.7748,-122.304,1320,8319,12.524526376648708
3,1910,12321,1.0,0,0,4,7,1100,1952,0,47.5995,-122.198,1910,11761,13.522480879185897
4,2280,9725,2.0,0,0,3,8,2280,1986,0,47.7568,-122.141,2140,8780,13.244581010128577
2,3180,9400,2.0,0,4,5,10,2610,1985,0,47.5617,-122.158,3760,9450,14.160234370783252
3,1890,16001,1.5,0,0,4,7,1890,1950,0,47.7663,-122.201,1820,11450,12.894207284266574
5,2320,8400,1.0,0,0,3,7,1510,1963,0,47.557,-122.365,1200,4800,12.765688433465597
2,830,5720,1.0,0,0,4,6,830,1950,0,47.7339,-122.339,1150,5250,12.323855681186558
3,1530,1396,2.0,0,0,3,8,1240,2007,0,47.666,-122.367,1690,2500,13.122363377404328
4,2370,3302,2.0,0,0,3,8,1610,1926,2014,47.684,-122.341,2170,3800,13.592367006650065
4,1700,6000,1.0,0,0,3,7,1700,1967,0,47.3252,-122.208,1280,6000,11.911030218672101
3,1140,7500,1.0,0,0,3,7,1140,1976,0,47.619,-122.064,1380,7500,12.782686009834167
3,910,7700,1.0,0,0,4,7,910,1971,0,47.7303,-122.238,1250,7700,12.611537753638338
4,1610,6250,1.0,0,0,4,7,1610,1952,0,47.5293,-122.271,1310,6000,12.628067055589549
4,3400,99170,1.0,0,0,4,8,2000,1980,0,47.7293,-122.099,3460,47920,13.670484785914017
5,2530,8564,2.0,0,0,4,8,2530,1976,0,47.5622,-122.153,2480,8714,13.681979165339751
4,2640,3899,2.0,0,0,3,7,2640,2000,0,47.754,-122.217,2460,4057,12.985397522331171
2,1550,3200,1.5,0,0,3,8,1550,1927,0,47.6368,-122.306,1800,3937,13.312983737012978
3,1440,3218,1.0,0,0,3,7,850,2008,0,47.5655,-122.36,1170,5000,12.84792653170257
3,2160,2260,2.0,0,2,5,8,1620,1917,0,47.6321,-122.371,2570,2400,13.710150042306449
3,2216,31215,1.0,0,0,3,9,2216,1968,2005,47.3164,-122.199,2216,30048,13.410545324897761
3,1860,12000,1.0,0,0,4,7,1860,1976,0,47.2942,-122.19,1815,9604,12.496874845318198
5,3360,6120,2.0,0,0,3,9,3360,2014,0,47.607,-122.053,3230,5398,13.62917495565825
3,2670,5108,2.0,0,2,3,9,2670,2000,0,47.5342,-121.866,2670,6500,13.190022025878143
4,2290,26720,2.0,0,0,3,8,2290,1977,0,47.7502,-122.374,2290,26720,13.353475098367715
4,3100,8529,2.0,0,0,3,9,3100,1990,0,47.6252,-122.029,2710,8344,13.507625778194974
5,4320,7620,2.0,0,0,3,7,2880,1973,2014,47.6824,-122.287,1880,7620,13.9108207377686
3,1150,4500,1.5,0,0,3,7,1150,1917,1991,47.6985,-122.348,1230,5400,13.017002861746503
3,1520,8519,1.0,0,0,3,7,1520,1954,0,47.7712,-122.339,1570,9000,12.80765263256463
3,1760,2688,2.0,0,0,3,7,1760,2005,0,47.4903,-122.166,1760,2329,12.593034282073779
3,1370,6450,1.0,0,0,3,7,1370,1948,0,47.7195,-122.288,1550,6898,12.785491060761776
3,1480,1192,2.0,0,0,3,8,1180,2013,0,47.5556,-122.363,1330,1094,12.676076274775909
4,1100,5000,1.5,0,0,5,6,1100,1904,0,47.4868,-122.204,1560,4838,12.706847933442663
3,2390,8102,2.0,0,0,4,8,2390,1986,0,47.4378,-122.16,2310,8606,12.84792653170257
3,2250,8076,2.0,0,0,3,8,2250,1995,0,47.3667,-122.041,2180,7244,12.873902018105829
3,1100,6000,1.5,0,0,2,6,1100,1926,0,47.5279,-122.318,960,5880,12.071969661006694
4,1510,4235,1.0,0,0,3,7,1510,1955,0,47.546,-122.293,1510,4268,12.445089546000673
3,2130,12286,2.0,0,0,3,8,2130,1977,0,47.6471,-122.114,2130,10158,13.189928563566752
4,1700,8043,1.0,0,0,3,7,850,1954,0,47.4758,-122.288,1540,13260,11.9891596439666
4,2650,9301,2.0,0,0,3,9,2650,2001,0,47.3477,-122.271,2730,8688,12.969212197910155
4,4370,37193,2.0,0,3,3,8,2780,1996,0,47.241,-121.979,2860,39356,13.06685066747407
3,1470,6808,1.0,0,0,3,7,1160,1984,0,47.2884,-122.365,1570,7881,12.323855681186558
3,1920,4803,2.0,0,0,3,7,1920,2005,0,47.3745,-122.127,2240,5231,12.494816653928332
4,1740,6000,1.0,0,0,4,7,1740,1952,0,47.5026,-122.236,1190,6000,12.733755386362587
3,1400,7582,1.0,0,0,3,7,1400,1956,0,47.4536,-122.33,1280,7872,12.560244459250788
3,1780,214315,1.0,0,0,3,7,1780,1954,0,47.7631,-122.028,2740,133419,13.373900003219756
6,4000,7500,2.0,0,0,3,7,4000,1978,0,47.6146,-122.306,1380,6298,13.513053199930338
2,960,8276,1.0,0,0,3,5,960,1939,0,47.5322,-122.033,1620,6000,12.628067055589549
3,1640,4218,1.0,0,0,4,7,910,1941,0,47.6546,-122.344,1670,4000,13.37700559577791
2,2060,2700,1.0,0,0,3,7,1030,1929,0,47.6856,-122.312,1390,2700,13.091904169919621
3,1890,7314,1.0,0,0,3,7,1100,1981,0,47.4121,-122.172,1520,7676,12.449018824140563
3,1490,7275,1.0,0,0,3,7,1090,1974,0,47.7148,-122.213,1420,7330,12.936033799212835
5,2490,9639,1.0,0,0,4,8,1610,1959,0,47.551,-122.22,2290,9958,13.674522864663297
3,1370,5858,1.0,0,0,3,7,1370,1987,0,47.3815,-122.313,1400,7500,12.460521046672795
4,1370,41194,1.5,0,2,5,5,1370,1900,0,47.2716,-122.144,1590,84070,12.450977688625896
3,1390,8300,1.0,0,0,4,7,1390,1974,0,47.7383,-121.983,1470,7500,12.666657052859417
3,1950,4197,2.0,0,0,3,7,1950,2013,0,47.3613,-122.081,2300,4178,12.654597243098785
3,1260,9570,1.0,0,0,3,7,870,1941,0,47.7004,-122.305,1620,7000,12.93579280632096
2,1650,8975,1.0,0,0,5,6,1650,1942,0,47.5073,-122.36,1260,8668,12.487485104968359
4,2720,4000,2.0,0,1,3,10,2070,2014,0,47.5554,-122.267,1450,4000,13.64827463858836
5,3230,3825,2.0,0,0,3,9,2480,2014,0,47.6785,-122.392,1480,5100,13.873307656690491
3,2360,6149,2.0,0,3,3,8,1560,1926,1989,47.5433,-122.384,2000,6149,13.444446876573442
3,1280,4031,2.0,0,0,4,6,1280,1985,0,47.3342,-122.215,1150,4500,12.128111104060462
3,2170,12220,1.0,0,0,5,8,2170,1965,0,47.6537,-122.195,1980,9000,13.717897729097274
3,1010,6120,1.0,0,0,3,6,1010,1942,0,47.6648,-122.204,1260,5977,13.217673557208654
4,1960,94525,1.5,0,0,3,6,1960,1979,0,47.5418,-121.962,2430,188564,12.823957341589573
3,1630,6625,1.0,0,0,5,7,980,1980,0,47.29,-122.368,1440,7145,12.345834587905333
5,3940,7067,2.0,0,0,3,10,3230,2008,0,47.6232,-122.205,1910,7735,14.343193298796688
4,1510,5500,1.5,0,0,3,7,1510,1920,0,47.535,-122.359,1320,6431,12.429216196844383
3,1680,10500,1.0,0,0,4,8,1680,1959,0,47.6098,-122.169,2250,10400,13.422467969854667
5,3270,9146,2.0,0,0,3,7,3270,2002,0,47.3342,-122.169,3200,6300,12.7868906411162
4,1830,5375,1.0,0,0,2,7,1060,1962,0,47.4169,-122.316,1040,7500,12.468436909997665
5,2300,28480,2.0,0,0,3,6,2300,1994,0,47.6403,-121.964,1880,26720,13.071070083016778
3,1900,16117,1.0,0,0,4,7,1900,1958,0,47.3144,-122.278,1640,19166,12.449018824140563
4,2680,7700,2.0,0,0,4,8,2680,1990,0,47.4094,-122.17,2400,7700,12.80353457595571
2,1780,2493,3.0,0,0,3,8,1780,1981,0,47.6704,-122.358,2050,4400,13.355853220772683
3,1833,1706,3.0,0,0,3,9,1833,1998,0,47.6827,-122.325,1466,1455,13.485616636703183
3,1290,8470,1.0,0,0,4,7,970,1966,0,47.3054,-122.371,1300,7350,12.323855681186558
0,1490,7111,2.0,0,0,3,7,1490,1999,0,47.5261,-121.826,1500,4675,12.676076274775909
5,3760,10207,2.0,0,0,3,10,3150,1969,0,47.5605,-122.225,3550,12118,13.813508555293602
5,2260,6508,1.0,0,0,3,7,1330,2003,0,47.7508,-122.322,1940,9450,13.019222618484815
4,3010,7200,2.0,0,0,3,9,3010,2014,0,47.6948,-122.179,3010,7203,13.64109764523836
4,1680,5043,1.5,0,0,4,6,1680,1911,0,47.5354,-122.273,1560,5765,12.81134443958811
3,1430,10850,1.0,0,0,3,7,1430,1994,0,47.2671,-122.233,1610,8015,12.367128004530962
4,1960,5160,1.0,0,0,3,7,1170,2001,0,47.5313,-122.36,1960,5160,12.531772785169476
4,3330,33826,2.0,0,0,5,8,3330,1924,0,47.7596,-122.275,2580,28707,13.72240793970195
3,1980,8755,1.0,0,0,4,7,1300,1963,0,47.3922,-122.321,2030,8671,12.641096555879882
3,1510,11200,1.0,0,0,4,8,1510,1960,0,47.3347,-122.325,2110,12070,12.73895717281511
5,2344,8000,1.0,0,0,4,8,1560,1976,0,47.3185,-122.377,2344,8000,12.779873068457553
3,1650,4636,2.0,0,0,3,8,1650,1999,0,47.5997,-122.016,1650,4504,13.049792684569493
2,1270,3200,1.0,0,0,4,7,960,1920,0,47.6565,-122.348,1410,1320,12.779873068457553
4,3190,7869,2.0,0,2,3,9,3190,2001,0,47.5317,-121.866,2630,6739,13.495298406730877
4,2689,6688,2.0,0,0,3,9,2689,2006,0,47.3803,-122.184,2665,5700,12.959844447906553
3,2070,25710,1.0,0,0,5,6,2070,1917,0,47.2032,-121.964,1350,17998,12.65075846679162
2,1230,3600,1.5,0,0,5,7,1230,1925,0,47.6423,-122.361,1210,4500,13.36295384232226
2,1330,7200,1.0,0,0,3,7,1330,1993,0,47.4467,-122.281,1450,11682,12.388394202324129
3,1220,216332,1.0,0,0,3,7,1220,1981,0,47.7224,-121.926,1540,61419,12.873902018105829
2,1270,1372,3.0,0,0,3,8,1270,2000,0,47.6776,-122.318,1610,3090,12.989974189358584
3,1450,4040,2.0,0,0,3,7,1450,2010,0,47.3665,-122.022,1610,4040,12.524526376648708
4,3720,213073,1.0,0,2,3,10,3720,2007,0,47.3216,-121.94,2190,59241,13.567049198665774
3,2130,1400,2.0,0,0,3,9,1080,2010,0,47.5661,-122.29,1520,3132,13.197470849891134
3,1380,8536,2.0,0,0,4,7,1380,1955,0,47.4374,-122.335,1260,8750,12.487485104968359
4,2120,6865,1.0,0,0,3,7,1060,1954,0,47.7775,-122.337,1460,7780,12.560244459250788
2,880,7683,1.0,0,0,3,6,880,1942,0,47.7145,-122.361,1370,7695,12.69495936177741
3,1400,8710,1.0,0,0,4,7,1400,1948,0,47.5066,-122.377,1460,8710,12.84792653170257
3,990,10723,1.0,0,0,5,7,990,1960,0,47.4887,-122.133,1460,10723,12.560069005263145
2,1360,4688,1.0,0,0,3,7,780,1944,0,47.6874,-122.315,1340,4750,13.098070684835283
3,1580,9049,1.0,0,0,3,8,1580,1966,0,47.7776,-122.375,2100,8446,12.873773804758644
3,1180,7200,1.0,0,0,4,7,1180,1968,0,47.4249,-122.178,1180,7200,12.427214194173711
2,1240,6417,1.0,0,0,5,7,1240,1924,0,47.5439,-122.379,1800,6417,13.062613372998555
3,1630,1404,2.0,0,0,3,8,1020,2014,0,47.6646,-122.367,1420,1670,13.199324418540456
3,2250,7294,2.0,0,0,3,8,2250,1994,0,47.2636,-122.212,2140,7363,12.640772878906674
4,1870,10450,1.0,0,0,3,8,1620,1978,0,47.5938,-122.154,2060,10450,13.399995114002609
4,1730,7464,2.0,0,0,4,7,1730,1959,0,47.3782,-122.304,1370,7860,12.402461459535564
4,1640,3000,1.0,0,0,3,7,1000,1984,0,47.5625,-122.283,1150,4545,12.676076274775909
3,1540,3570,1.5,0,0,5,7,1490,1930,0,47.6692,-122.325,1620,4080,13.244581010128577
2,1510,2001,2.0,0,0,4,8,1510,1985,0,47.6211,-122.153,1510,2055,13.005829561148378
2,650,5400,1.0,0,0,3,6,650,1950,0,47.6185,-122.295,1310,4906,12.594730635321957
4,2690,9551,2.0,0,0,3,9,2690,1992,0,47.4343,-122.156,2890,9121,12.992254692057308
4,1750,10160,1.0,0,0,3,8,1320,1972,0,47.5909,-122.158,2170,11165,13.203943364396752
2,910,6000,1.0,0,0,3,6,910,1943,0,47.5253,-122.266,1460,5800,12.445089546000673
4,2150,3721,2.0,0,0,3,8,2150,2006,0,47.3363,-122.217,2150,3721,12.468436909997665
2,1290,3383,2.0,0,0,3,7,1290,2008,0,47.6968,-122.025,1290,2828,12.628067055589549
5,2010,5210,1.5,0,0,3,9,1890,1927,0,47.6501,-122.37,2330,5000,13.815510557964274
4,3280,11060,2.0,0,0,3,8,2270,1986,0,47.5399,-122.181,2320,11004,13.270783382522602
4,2230,10160,1.0,0,0,3,7,1400,1968,0,47.5123,-122.32,1740,10080,12.542544882151386
3,1650,3952,2.0,0,0,3,7,1650,1950,0,47.6727,-122.33,1210,4560,13.217673557208654
4,5180,13077,2.0,0,3,3,12,4280,1998,0,47.5513,-122.109,5030,15069,14.212943494375175
3,1830,12750,2.0,0,0,3,7,1830,1991,0,47.5003,-122.328,1610,10000,12.611537753638338
4,4920,50621,2.0,0,0,3,10,4280,2012,0,47.6575,-122.006,4920,74052,14.158220442802499
3,1270,1406,2.0,0,0,3,8,1060,2014,0,47.6647,-122.284,1160,1327,13.294634598344782
4,1480,11200,1.0,0,0,4,7,1480,1969,0,47.5064,-122.141,1480,20310,12.644327576461329
3,1540,1827,2.0,0,0,3,8,1540,2005,0,47.5479,-121.998,1540,1827,12.904207367601158
3,1670,6240,1.0,0,0,4,8,1240,1974,0,47.6413,-122.113,1910,7000,13.208541073645382
3,990,8528,1.0,0,0,3,6,990,1966,0,47.3066,-122.371,1228,8840,12.257193425037888
4,2500,26400,1.0,0,0,3,8,1780,1977,0,47.3444,-122.084,2180,31900,12.817195990611529
3,1220,7250,1.0,0,0,3,7,1220,1962,0,47.4887,-121.784,1700,15251,12.43320821811392
3,1900,7980,1.0,0,0,4,7,1340,1977,0,47.305,-122.373,1690,7840,12.367340793126296
3,2100,4440,2.0,0,4,3,7,2100,1945,0,47.5865,-122.397,2100,6000,13.592367006650065
3,1870,9000,1.0,0,0,3,7,1120,1923,0,47.5224,-122.318,1850,6000,12.765688433465597
3,1770,3205,2.0,0,0,3,9,1770,2005,0,47.6658,-122.084,2120,4134,13.293905376298046
2,2870,102366,2.0,0,2,4,8,1770,1994,0,47.4847,-122.0,2960,108900,13.253391639810733
4,3630,42884,1.5,0,0,3,9,2300,1979,0,47.2617,-122.19,2830,80148,12.89921982609012
5,2738,6031,2.0,0,0,3,8,2738,2014,0,47.2962,-122.35,2738,5201,12.889043219638559
3,2210,9226,2.0,0,0,3,8,2210,1998,0,47.4849,-121.782,2430,8902,12.978262033430072
3,1689,1388,3.0,0,0,3,8,1689,2008,0,47.7174,-122.317,1459,1384,12.859438956078275
3,1550,6022,2.0,0,0,3,8,1550,1989,0,47.3525,-122.304,1650,5627,12.491251587763836
4,2470,33305,2.0,0,0,3,9,2470,1993,0,47.6303,-121.99,2440,33305,13.358383666532218
3,1110,1150,2.0,0,0,3,8,940,2007,0,47.5929,-122.306,1380,1751,12.157407473548894
2,870,2676,1.0,0,0,3,7,820,2004,0,47.5702,-122.287,1500,1719,12.528156144699286
2,1300,6731,1.0,0,0,3,7,1300,1950,0,47.5697,-122.395,1240,6731,12.729320789294722
3,1360,11250,1.0,0,0,4,7,1360,1955,0,47.5697,-122.177,1440,11250,13.122263372403996
3,2830,4334,3.0,1,4,3,10,2830,2006,0,47.6318,-122.071,2830,38211,14.45631125815201
4,3270,50994,2.0,0,0,4,8,2720,1983,0,47.347,-122.087,2780,36036,12.983101310070822
6,3900,9100,2.0,0,0,3,8,2870,1979,0,47.6612,-122.137,2080,9216,13.38472764187182
3,1410,2500,2.0,0,0,3,7,1410,2006,0,47.5132,-122.358,1290,5190,12.487485104968359
4,3133,16197,2.0,0,0,3,9,2533,1965,2010,47.4255,-122.338,3090,15588,13.437174117244362
3,1860,8378,2.0,0,0,3,7,1860,1995,0,47.3875,-122.032,1870,8378,12.765688433465597
3,1300,1325,2.0,0,0,3,8,1080,2005,0,47.6584,-122.346,1290,1323,13.199139216206378
2,700,7457,1.0,0,0,3,6,700,1943,0,47.5348,-122.295,1500,7130,12.886641043883259
3,1900,8125,1.0,0,0,3,7,1540,1969,0,47.4564,-122.162,1480,8284,12.736700896592344
5,3690,36036,1.0,0,0,3,9,1890,1985,0,47.3473,-122.085,2680,44131,12.994530005894443
3,2290,14800,1.0,0,0,3,8,1620,1965,0,47.7735,-122.273,2320,12474,13.060487973686241
3,2010,11200,1.0,0,0,3,8,1360,1979,0,47.7728,-122.253,2200,10640,13.126355398673866
4,1820,6916,2.0,0,0,3,7,1820,1994,0,47.3862,-122.029,1680,6995,12.671063732952366
5,2370,6000,1.5,0,2,3,8,1340,1926,2003,47.6645,-122.358,1350,4500,13.554145793829866
4,1570,9415,2.0,0,0,4,7,1570,1984,0,47.3168,-122.174,1550,8978,12.367340793126296
3,1910,5562,2.0,0,0,3,8,1910,1988,0,47.5738,-122.017,1940,4647,13.115540152056203
6,3902,3880,3.0,0,4,4,9,2782,1977,0,47.5837,-122.399,1100,3870,14.077874822431765
3,1020,9147,1.0,0,0,4,6,1020,1900,1965,47.3127,-122.002,1600,9700,12.273731294003989
4,1740,8449,1.0,0,0,4,7,1170,1958,0,47.6079,-122.123,1980,11175,13.028052697933088
4,2900,4950,2.0,0,0,3,8,2900,2004,0,47.7717,-122.236,2590,4950,13.16158409055761
3,1430,11761,1.0,0,0,4,8,1430,1964,0,47.6686,-122.157,2040,10035,13.044618028779476
3,1600,7232,1.0,0,0,3,8,1600,1966,0,47.6293,-122.121,1970,8120,13.023647404465171
3,1440,4025,1.0,0,0,4,6,720,1917,0,47.567,-122.38,1500,5750,12.971540487669746
3,1050,5156,1.5,0,0,3,7,1050,1919,0,47.5169,-122.358,1050,5502,12.013700752882718
4,1490,8544,1.0,0,0,4,7,1490,1970,0,47.3894,-122.166,1180,8372,12.397312647831376
4,1920,3225,1.5,0,0,5,7,1300,1923,0,47.5848,-122.384,1960,3750,13.296316684527767
3,1370,1540,2.0,0,0,3,8,1100,2006,0,47.5638,-122.388,1370,915,12.86099861326992
3,1060,9039,1.0,0,0,3,7,1060,1973,2013,47.4293,-122.151,1410,9515,12.449018824140563
1,940,87120,1.0,0,0,3,6,940,1944,0,47.7182,-121.956,1930,165528,12.429216196844383
3,1310,9855,1.0,0,0,3,7,1310,1962,0,47.7296,-122.241,1310,8370,12.611537753638338
3,1950,5689,2.0,0,0,3,7,1950,2009,0,47.5158,-121.873,2190,5653,12.959844447906553
2,1040,4172,1.0,0,0,3,7,1040,1946,0,47.6308,-122.302,3120,4800,12.821258284620408
4,3010,7221,2.0,0,0,3,10,3010,2004,0,47.5833,-121.97,3490,7518,13.547631112808673
3,1790,231303,1.0,0,0,3,7,1250,1980,0,47.7558,-122.027,2090,93654,12.931444973384856
3,1610,5024,2.0,0,0,3,7,1610,2004,0,47.3833,-122.043,1790,3717,12.589632918250288
4,2550,8632,1.0,0,0,3,8,1700,1972,0,47.6477,-122.197,2550,9534,13.445895102749807
4,1650,7800,1.0,0,0,3,8,1650,1968,0,47.4507,-122.139,1750,10400,12.699243334057444
3,2230,9053,2.0,0,0,4,9,2230,1987,0,47.6594,-122.144,2390,8038,13.304684934198283
3,1810,11800,1.0,0,0,3,7,1240,1977,0,47.4997,-122.231,1810,5641,12.435993181123408
4,2130,8800,1.0,0,0,3,7,1100,1962,0,47.383,-122.288,1480,8120,12.468436909997665
4,1540,7168,1.0,0,0,3,7,1160,1964,0,47.455,-122.198,1540,7176,12.751299696013497
3,1160,7491,1.0,0,0,4,6,1160,1917,0,47.7024,-122.359,1800,2267,12.942039823273047
2,960,21850,1.0,0,0,3,6,960,1947,0,47.4122,-122.267,1020,21850,12.396693005138824
4,2990,12788,2.0,0,0,3,10,2990,1988,0,47.5601,-122.037,3250,12212,13.541073712262515
5,3340,24755,2.0,0,0,3,10,3340,2002,0,47.4565,-122.066,3420,23274,13.457406021215947
3,1590,7620,1.0,0,0,4,7,1090,1984,0,47.3655,-122.048,1590,7620,12.520883385370206
4,3580,12000,1.0,0,0,3,10,1840,1979,0,47.6319,-122.05,2910,12428,13.687563543633653
4,2180,8800,1.0,0,0,5,7,1170,1977,0,47.3676,-122.046,1630,8800,12.448822726483302
4,2720,10006,2.0,0,0,3,9,2720,1989,0,47.6295,-122.042,2720,10759,13.296232647383299
3,3740,22464,2.0,0,0,5,8,2330,1966,0,47.6354,-122.196,2680,19564,13.815460556714232
5,3450,19080,2.0,0,3,3,9,3450,2001,0,47.2123,-122.005,2570,17007,13.17115354157376
2,1080,3420,1.0,0,0,4,7,780,1922,0,47.6715,-122.393,1380,3656,13.217673557208654
4,2830,5000,2.0,0,0,3,9,2830,1995,0,47.6597,-122.29,1950,5000,13.693342923990066
6,2400,8620,2.0,0,0,3,8,1640,1987,0,47.7152,-122.162,1940,7350,12.983101310070822
3,1640,9750,1.0,0,0,3,7,1640,1968,0,47.3256,-122.141,1200,9750,12.24288661865289
3,2100,213008,1.0,0,0,3,8,2100,1990,0,47.2984,-122.144,1330,214315,13.134291948269603
3,1900,6334,1.0,0,2,3,8,1450,1948,0,47.6675,-122.276,1530,6334,13.554145793829866
3,1250,4000,1.0,0,0,3,7,1250,1955,0,47.6916,-122.379,1030,4000,13.021437458814368
3,1520,6559,1.0,0,0,4,7,1170,1992,0,47.35,-122.037,1520,6095,12.594730635321957
6,3250,12000,1.0,0,1,3,8,1800,1966,0,47.6935,-122.28,3490,10320,13.565766324852886
3,1900,10454,1.0,0,0,3,7,1390,1978,0,47.7748,-122.291,2000,12000,12.911642346088676
3,860,11900,1.0,0,0,4,6,860,1963,0,47.3574,-122.186,1660,10248,11.982929094215963
4,3140,12591,2.0,0,0,3,9,3140,1993,0,47.3826,-122.146,2650,11720,13.047639831208393
3,1290,8250,1.0,0,0,3,7,1290,1983,0,47.3353,-122.27,1410,7823,12.301382825334498
3,1300,1187,3.0,0,0,3,8,1300,2005,0,47.6704,-122.391,1320,1194,13.133303317442664
4,2230,8440,2.0,0,0,4,8,2230,1968,0,47.7558,-122.217,2160,9412,13.01477816672439
5,2590,7245,1.0,0,0,3,8,1510,1973,0,47.6398,-122.111,1930,7245,13.197470849891134
3,1970,10080,1.0,0,0,3,7,1970,1966,0,47.4703,-122.276,2240,10080,12.915339207970002
4,1330,8184,1.5,0,0,3,7,1330,1949,0,47.7343,-122.347,1220,660,12.577636201962656
4,1530,5250,1.0,0,0,3,7,1110,1981,0,47.7336,-122.339,1100,5250,12.852652190273785
4,4960,6000,2.5,0,0,3,11,3680,1909,2003,47.6437,-122.356,2160,4080,14.169682371684887
5,3290,8000,1.0,0,0,3,7,1790,1968,0,47.3733,-122.214,2380,7000,12.705331632924699
4,1970,8390,1.0,0,0,3,7,1140,1955,0,47.4861,-122.251,1710,10890,12.487485104968359
3,2080,9740,2.0,0,0,3,8,2080,1988,0,47.261,-122.219,2080,8705,12.691272721657192
4,2640,47480,1.0,0,0,4,8,1590,1979,0,47.4258,-122.021,2390,67415,13.043320170063875
3,1080,6250,1.0,0,0,2,5,1080,1950,0,47.5045,-122.33,1070,6250,11.964001084330445
3,1440,11250,1.0,0,0,3,7,1440,1967,0,47.4627,-122.213,2200,11250,12.577636201962656
3,2520,7975,2.0,0,0,4,9,1550,1990,0,47.6704,-122.183,2520,9900,13.623138665316818
3,1280,16738,1.5,0,0,4,5,1280,1932,0,47.3895,-122.023,1590,16317,12.538967060803502
3,3280,79279,1.0,0,0,3,10,3280,2001,0,47.3207,-122.293,1860,24008,13.37700559577791
3,1600,2388,2.0,0,0,3,8,1600,2004,0,47.5345,-122.069,1410,1287,12.89921982609012
3,1680,11193,2.0,0,0,3,8,1680,1984,0,47.4482,-122.125,2080,8084,12.631340380934517
4,2520,7770,1.0,0,0,3,8,1680,1965,0,47.7721,-122.372,2340,7770,13.171724806942052
3,1870,9000,1.0,0,0,5,9,1870,1958,0,47.7203,-122.361,2030,8160,13.297808008925324
4,2600,7787,2.0,0,0,3,8,2600,2005,0,47.4877,-122.139,2830,7787,13.081541382884074
3,1920,15124,2.0,0,0,3,8,1920,1995,0,47.5015,-121.773,1920,16477,12.969212197910155
4,2440,7093,2.0,0,0,3,7,2440,1999,0,47.3817,-122.204,1860,6072,12.644327576461329
3,1880,30346,1.0,0,0,3,8,1880,1988,0,47.3515,-122.291,2260,5883,12.644327576461329
3,2440,18674,2.0,0,0,4,8,2440,1994,0,47.3672,-122.126,2530,10603,12.765688433465597
4,2500,35802,1.5,0,0,3,7,2500,1955,0,47.6488,-122.153,2880,40510,13.652991628466498
3,2770,15886,2.0,0,0,3,10,2770,1982,0,47.7464,-122.362,3290,15886,13.422467969854667
4,2550,7349,2.0,0,0,3,9,2550,1989,0,47.3059,-122.349,2400,8508,12.818551923022664
4,1780,4169,2.0,0,0,3,8,1780,1994,0,47.5695,-122.006,1830,4164,13.199324418540456
3,1230,9660,1.0,0,0,3,7,1230,1968,0,47.6829,-122.06,1380,10125,12.682306824526545
3,1440,6232,2.0,0,0,3,7,1440,1985,0,47.5658,-122.018,1740,5999,12.976759403545538
5,2310,5249,2.0,0,0,3,8,1560,2000,0,47.5463,-122.272,1900,7296,13.151922179645874
4,2290,9546,1.0,0,0,4,8,1780,1976,0,47.5617,-122.13,2360,8864,13.412791675524135
4,2910,4680,1.5,0,0,5,9,1850,1937,0,47.6745,-122.31,1960,4120,13.758940206475879
2,1460,10500,1.0,0,0,3,7,1460,1980,0,47.4461,-121.768,1340,9600,12.304333014697693
4,1450,8960,1.0,0,0,3,6,1450,1943,0,47.4972,-122.348,1160,7680,12.404923504275338
4,2780,9550,2.0,0,4,5,10,2530,1978,0,47.454,-122.373,2724,10634,13.81049801614073
3,3970,263538,1.5,0,0,3,9,3970,1991,0,47.6067,-121.952,3970,194676,13.878485357125662
3,1650,1838,2.0,0,0,4,7,1270,1991,0,47.6666,-122.367,1550,1558,13.023647404465171
2,1130,8160,1.0,0,0,4,6,1130,1952,0,47.4997,-122.317,1060,6120,12.240474072247506
3,2080,3920,2.0,0,0,3,8,2080,2010,0,47.5412,-122.286,2110,3710,13.013663960480988
4,1920,9380,1.0,0,0,3,7,1920,1964,0,47.6344,-122.118,1580,8580,13.081541382884074
4,3530,6844,2.0,0,0,3,10,3530,2014,0,47.5975,-121.985,3530,10038,13.720089371998993
3,1340,7200,1.0,0,0,3,7,1340,1972,0,47.718,-122.193,1730,8820,13.017002861746503
3,2990,10711,1.0,1,4,3,9,1560,1976,1991,47.3573,-122.324,2870,11476,13.617059619240436
3,2370,5344,2.0,0,0,3,9,2370,2003,0,47.54,-121.863,2990,5418,13.191796152119666
3,1430,12632,1.0,0,0,3,7,1430,1959,0,47.6371,-122.123,1750,10350,13.096019402064726
1,1010,5750,1.0,0,0,3,7,1010,1911,1948,47.5411,-122.392,1230,5750,12.92391243868049
4,2730,5000,1.0,0,0,5,7,1460,1955,0,47.5843,-122.393,2010,5000,13.554145793829866
3,1860,8505,1.0,0,0,4,7,1860,1967,0,47.3106,-122.365,1810,8262,12.287652632522597
2,1670,6000,1.0,0,0,3,7,1090,1950,0,47.6517,-122.374,1670,6000,13.324691789004618
3,2140,2867,2.0,0,0,3,8,1960,2005,0,47.5357,-122.073,2280,2836,13.255144488638146
3,1190,11996,1.0,0,0,4,7,1190,1969,0,47.7561,-122.071,1190,9756,12.715597423563116
3,1920,6862,1.0,0,2,3,7,1120,1952,0,47.5193,-122.274,2000,6900,12.691580461311874
3,2120,4512,2.0,0,0,3,8,2120,1988,0,47.75,-122.183,2000,4553,13.071545759338541
4,1580,7350,1.0,0,0,4,7,960,1963,0,47.6734,-122.154,1560,7350,13.021437458814368
4,2050,10271,2.0,0,0,3,7,2050,1998,0,47.3628,-122.075,2050,8103,12.711383088608054
4,3760,8804,2.0,0,0,3,8,2470,2002,0,47.5161,-122.191,1960,7225,13.111302430044903
4,2230,52983,2.0,0,0,3,8,2230,1991,0,47.3577,-122.195,2060,8755,13.038981768465277
4,2480,91911,1.0,0,2,4,7,1470,1973,0,47.4579,-121.981,2540,91911,13.112313041550827
2,770,6000,1.0,0,0,3,6,770,1953,0,47.6999,-122.364,1710,6000,12.886641043883259
4,3620,16000,2.0,0,0,3,9,3620,1976,0,47.3711,-122.06,2590,16000,13.081541382884074
3,2590,9263,1.0,0,0,5,8,1440,1977,0,47.7691,-122.262,2580,9450,13.16158409055761
4,1677,3600,2.0,0,0,3,7,1677,2012,0,47.32,-122.178,1677,3600,12.546109948315882
3,1610,5304,1.0,0,0,4,6,1610,1968,0,47.3632,-122.087,1060,5304,12.2783933071098
3,1230,1613,2.0,0,0,3,8,1010,2003,0,47.6661,-122.37,1610,1873,12.994416363073707
3,1410,5760,1.0,0,0,3,7,1410,1985,0,47.3702,-122.185,1670,6222,12.409013489526863
4,3160,4200,2.0,0,4,3,8,2180,1999,0,47.5963,-122.292,2180,5200,13.944343429807242
3,1810,8158,1.0,0,0,3,8,1450,1984,0,47.6258,-122.038,1740,9532,13.13626628257332
2,980,5393,1.0,0,0,3,6,980,1969,0,47.3674,-122.081,980,5200,11.759785542901755
3,2390,7939,1.0,0,0,5,7,1610,1983,0,47.4987,-122.166,1920,7939,12.9123828126164
3,2090,11895,1.0,0,0,3,7,1790,1954,0,47.5362,-122.267,2180,11072,13.042345669418298
3,2220,12056,2.0,0,0,3,8,2220,1985,0,47.7148,-122.101,2320,12025,13.203021280421783
3,1400,7066,1.0,0,0,3,8,1400,1957,0,47.7127,-122.325,1400,7320,12.765545566117686
4,4040,19700,2.0,0,0,3,11,4040,1987,0,47.7205,-122.127,3930,21887,13.803437976730004
5,4050,13495,1.0,0,2,4,9,2230,1988,0,47.4384,-122.352,3210,13495,13.737549016494562
3,2100,9066,1.0,0,0,3,8,1440,1962,0,47.4294,-122.292,2000,9132,12.834681304952548
3,1220,1450,1.0,0,0,3,6,620,1905,0,47.6361,-122.368,1660,2960,12.86099861326992
3,1220,7585,1.0,0,0,4,7,1220,1954,0,47.6094,-122.194,1380,8918,13.547631112808673
3,1250,7700,1.0,0,0,5,7,1250,1968,0,47.5383,-122.178,1430,7700,12.92391243868049
5,2670,14455,2.0,0,0,5,9,2670,1958,0,47.7565,-122.284,1810,14455,13.437174117244362
4,2650,4316,1.5,0,0,3,8,1520,1905,2013,47.5866,-122.389,1690,5625,13.465953081794405
2,1980,8550,1.0,0,0,3,7,990,1981,0,47.6989,-122.369,1480,6738,13.279367126213993
1,720,5000,1.0,0,0,4,6,720,1908,0,47.5289,-122.272,1170,5000,12.128111104060462
3,1050,5850,1.0,0,0,3,7,1050,1980,0,47.4574,-122.358,1220,8880,12.468436909997665
3,1530,26642,1.0,0,0,3,7,1180,1988,0,47.7422,-122.097,1550,13566,12.92391243868049
3,1400,1078,2.0,0,0,3,8,940,2009,0,47.5701,-122.288,1420,1230,12.971773018771827
5,2450,4591,2.0,0,0,3,7,2450,1994,0,47.6828,-122.388,1060,5500,13.17115354157376
3,1950,12630,1.0,0,0,4,8,1230,1969,0,47.6301,-122.107,1990,12196,13.142166004700508
3,1260,972,2.0,0,0,3,8,840,2008,0,47.5872,-122.316,1270,925,12.775638764318764
3,1370,11658,1.0,0,0,4,6,1370,1958,0,47.4576,-122.182,1080,9198,12.429016176841717
4,3440,14554,2.0,1,4,3,8,2170,2012,0,47.7364,-122.286,3170,11810,14.48333993053993
5,2481,4045,2.0,0,0,3,8,2481,2014,0,47.2602,-122.284,2363,4175,12.641096555879882
3,2210,6300,1.5,0,0,5,8,2210,1916,0,47.5892,-122.29,2700,6300,13.591116224748411
4,2160,7725,1.0,0,0,4,8,1460,1978,0,47.3078,-122.378,2060,8250,12.594730635321957
3,1340,2720,1.5,0,0,3,7,1340,1913,0,47.6518,-122.335,2030,4590,13.38472764187182
3,1200,15606,1.0,0,0,3,7,1200,1985,0,47.4752,-121.755,1210,15606,12.644166273130065
4,1880,14653,2.0,0,0,3,8,1880,1978,0,47.6959,-121.921,1750,14858,12.917042553500947
3,2180,11100,1.0,0,0,3,8,1230,1983,0,47.717,-122.101,1930,12000,13.199324418540456
3,2140,7641,1.0,0,0,3,8,1290,1979,0,47.5053,-122.186,2090,8000,12.736553826954605
6,2610,9132,1.0,0,0,4,8,1320,1965,0,47.622,-122.14,2170,8000,13.312983737012978
3,2400,99752,1.0,0,0,3,9,2400,1996,0,47.3917,-122.084,2800,98010,13.287877815881902
3,1690,6658,1.0,0,0,3,7,1690,1942,1982,47.7099,-122.35,1080,5925,12.89921982609012
3,1150,10132,1.0,0,0,4,7,1150,1970,0,47.3172,-122.372,1180,8713,12.206072645530174
4,2020,4350,2.0,0,0,5,9,1730,1943,0,47.6503,-122.41,1620,5800,13.673946993642486
4,1790,47250,1.0,0,0,3,7,1220,1987,0,47.5302,-121.746,1250,43791,12.873902018105829
3,1680,10455,2.0,0,0,3,8,1680,1982,0,47.7229,-122.11,1860,10063,13.217673557208654
5,4610,10576,2.0,0,3,3,11,3310,2006,0,47.5373,-122.07,4042,8321,13.997832114758229
2,1060,4228,1.0,0,0,3,7,860,1906,0,47.6231,-122.293,1060,4187,13.151922179645874
5,4780,118047,2.0,0,0,3,11,4780,1994,0,47.7243,-122.052,4040,31760,14.310206799800381
2,1400,19570,1.5,0,0,3,6,1100,1929,0,47.4724,-122.271,2250,6500,12.429216196844383
3,1330,816,3.0,0,0,3,8,1330,2004,0,47.6836,-122.387,1330,1113,12.834681304952548
5,1798,11232,1.0,0,0,3,7,1798,1967,0,47.3266,-122.291,1300,15582,12.205572520488492
4,2100,6480,1.0,0,0,5,7,1300,1947,0,47.7049,-122.359,1840,7500,13.166380262821104
4,2660,5500,2.0,0,2,3,9,2660,2003,0,47.5439,-121.996,3620,5500,13.532999094842712
4,2240,7500,1.0,0,0,4,7,1120,1956,0,47.7466,-122.34,1440,7500,12.751154757974255
2,1450,27075,1.0,0,0,3,7,1450,1940,0,47.7281,-122.353,1890,10599,13.049792684569493
4,2960,28005,2.0,0,0,3,10,2960,1989,0,47.7477,-122.117,3510,35248,13.541073712262515
4,4060,9734,1.0,0,4,3,9,2150,1977,0,47.7678,-122.254,2750,10370,13.310501319519723
3,1340,10224,1.0,0,0,4,7,1340,1956,0,47.5752,-122.157,1340,10440,12.94084150078094
3,1630,3070,2.0,0,0,3,7,1630,2004,0,47.6785,-122.03,1690,3200,13.073173133213556
3,2360,4638,2.0,0,3,3,9,2360,1996,0,47.6837,-122.321,1620,4638,13.270869585703553
3,1710,2300,2.0,0,0,3,8,1570,2005,0,47.6743,-122.142,2120,2856,13.197470849891134
4,2620,10536,1.0,0,0,3,8,1520,1979,0,47.5847,-122.075,2760,12431,13.465953081794405
3,1570,1050,2.0,0,0,3,8,1570,1915,0,47.6358,-122.356,2070,3600,13.582316670796564
3,1710,15844,1.0,0,0,4,8,1710,1964,0,47.4706,-122.1,1990,20359,12.68354828961461
3,2660,32757,1.0,0,0,4,8,2660,1975,0,47.7649,-122.098,2720,35191,13.270783382522602
3,1430,10005,1.5,0,0,4,7,1430,1950,0,47.7181,-122.338,1720,8822,12.89921982609012
4,3320,8808,2.0,0,0,3,9,3320,2005,0,47.592,-121.989,3160,9226,13.574712071411344
2,1780,3810,1.5,0,0,3,7,980,1922,0,47.6474,-122.362,1690,3810,13.445895102749807
4,3130,7582,2.0,0,0,3,8,3130,2004,0,47.577,-122.055,2990,6441,13.407542319637992
3,1450,1053,2.0,0,0,3,8,940,2008,0,47.6754,-122.374,1410,1080,13.038981768465277
3,1800,5750,1.0,0,0,3,7,1040,1947,0,47.686,-122.395,1320,5625,13.321214236149494
4,3090,7650,2.0,0,2,3,8,2340,1959,1989,47.3622,-122.157,2760,10370,13.506264307596652
4,2420,7200,2.0,0,0,3,9,2420,1991,0,47.6893,-122.197,2650,7800,13.555443652545467
3,1510,13737,1.0,0,3,4,6,810,1961,0,47.7289,-122.283,2560,10202,12.892950213076524
3,1860,13374,1.0,0,0,3,8,1860,1985,0,47.5397,-122.054,1960,9797,13.235692062711331
3,3690,8837,2.0,0,0,3,10,3690,2001,0,47.5402,-121.876,3690,9585,13.493926933836812
1,470,15000,1.0,0,0,3,4,470,1947,0,47.6554,-121.908,1730,22500,11.957611286231675
3,2790,13791,1.0,0,3,3,8,2790,2006,0,47.4389,-122.351,2720,12600,13.938612755098257
4,2500,8500,2.0,0,0,4,8,2500,1979,0,47.5569,-122.151,2470,9100,13.541073712262515
5,1420,6250,1.5,0,0,4,8,1420,1926,0,47.5807,-122.389,1420,6250,13.253303916664924
3,2030,6500,2.0,0,0,3,8,2030,1988,0,47.5654,-122.092,2030,8485,13.334373177900108
3,1460,1613,2.0,0,0,3,8,1180,2007,0,47.6781,-122.375,1460,1403,13.206704525838079
6,2580,8064,1.5,0,0,3,7,1880,1913,0,47.5549,-122.287,1510,6084,12.694652660348845
4,1360,6000,1.0,0,0,4,6,1020,1944,0,47.4783,-122.285,1230,6000,12.519056900844173
5,3450,6360,2.0,0,0,5,9,1860,1905,0,47.6133,-122.287,2310,5000,14.136579049433688
3,1710,12000,1.0,0,0,4,7,1710,1972,0,47.2616,-122.281,1310,9600,12.449018824140563
3,2240,3825,2.0,0,0,3,7,2240,1995,0,47.6786,-122.389,1460,5100,13.423948355025102
5,3010,5398,2.0,0,0,3,9,3010,2014,0,47.6067,-122.053,3360,5407,13.55413930030229
3,1580,6127,1.5,0,0,5,7,1580,1947,0,47.7192,-122.32,1500,6128,12.904207367601158
4,1920,6480,1.5,0,0,3,7,1920,1920,0,47.6897,-122.374,1600,6470,13.190022025878143
4,2200,7600,2.0,0,0,3,8,2200,1978,0,47.3131,-122.191,1910,7600,12.611537753638338
2,800,3090,1.0,0,0,4,6,800,1925,0,47.5518,-122.277,1400,3090,12.736553826954605
3,3040,41072,1.0,0,0,4,8,1520,1978,0,47.3944,-121.972,2230,54014,13.122363377404328
2,1640,4080,1.0,0,0,3,7,840,1921,0,47.6645,-122.326,1980,4080,13.1749558275235
3,1590,8670,1.0,0,0,3,7,1590,1994,0,47.3725,-122.073,1590,9253,12.449018824140563
3,1450,4050,2.0,0,0,3,7,1450,2010,0,47.367,-122.019,1660,3800,12.522706539931722
4,1880,3880,1.5,0,0,4,7,1090,1944,0,47.6635,-122.362,1390,3880,13.235692062711331
3,3290,6830,2.0,0,0,3,10,3290,2000,0,47.6702,-122.142,3200,6227,13.742939865129438
4,3000,9460,2.0,0,0,3,9,3000,2001,0,47.3959,-122.211,3000,8450,12.971540487669746
3,1610,6480,1.0,0,0,4,7,1610,1947,0,47.7137,-122.307,1230,8040,12.991685053762213
3,1000,10800,1.0,0,0,3,7,1000,1959,0,47.52,-122.03,1140,16846,12.890380877422915
3,1400,7300,2.0,0,0,3,6,1400,1948,0,47.4999,-122.268,1440,10825,12.254862809699606
3,1190,4750,1.0,0,0,3,7,970,1940,0,47.6726,-122.386,1460,4750,13.122363377404328
3,1060,5750,1.0,0,0,2,7,1060,1981,0,47.5532,-122.372,1060,5750,12.666657052859417
3,1830,8276,1.0,0,0,3,8,1350,1989,0,47.6336,-122.025,1920,8276,13.27594246533263
3,3240,33151,2.0,0,2,3,10,3240,1995,0,47.3256,-122.378,4050,24967,13.311329476916953
4,1300,7200,1.0,0,0,3,7,1300,1958,0,47.6169,-122.294,1540,6600,12.966878474563934
3,1990,3990,1.0,0,0,5,7,1130,1912,0,47.6572,-122.333,1710,4000,13.541731390681484
2,2280,6815,1.0,0,0,3,8,2280,2002,0,47.7103,-122.027,2280,6750,13.635187003832993
3,1260,900,2.0,0,0,3,7,940,2007,0,47.5621,-122.384,1310,1415,12.84792653170257
3,1080,5250,1.0,0,0,4,7,1080,1947,0,47.7309,-122.336,1100,5250,12.705331632924699
2,780,1133,2.0,0,0,3,7,780,2009,0,47.5924,-122.295,1130,1270,12.821258284620408
3,1780,191228,2.0,0,2,3,8,1780,1988,0,47.4575,-121.748,2440,87120,13.208541073645382
3,960,5424,1.5,0,0,3,6,960,1916,0,47.6997,-122.32,1550,5687,12.800779753276867
3,1950,10633,1.0,0,0,3,7,1250,1978,0,47.7019,-122.313,1290,6380,13.270783382522602
2,900,5220,1.0,0,0,4,6,900,1956,0,47.5105,-122.387,1480,6660,12.706696406811568
2,790,5120,1.0,0,0,3,6,790,1950,0,47.557,-122.395,1250,5120,12.834681304952548
3,1530,6300,1.0,0,0,3,6,1530,1942,2004,47.516,-122.375,920,6300,12.929991484756872
3,2330,4160,2.0,0,0,4,8,2330,1992,0,47.6367,-122.109,2940,4500,13.369067193127552
3,3080,8448,2.0,0,2,3,9,3080,2000,0,47.6469,-122.389,2500,6400,13.764217263576723
4,1510,1501,1.5,0,0,3,7,1510,1906,0,47.6526,-122.342,1560,1602,12.948009990259552
5,3480,57499,1.0,0,0,4,8,2340,1976,0,47.4574,-122.024,2020,40946,13.184398768323781
3,2120,5277,2.0,0,0,3,7,2120,2005,0,47.6811,-122.034,2370,5257,13.237476184504834
3,1200,7210,1.0,0,0,4,6,1200,1977,0,47.3729,-122.183,1200,7650,12.031719258385396
5,2350,13000,1.0,0,0,3,7,2350,1961,0,47.4939,-122.256,1570,11440,12.533770787832148
6,2744,9926,2.0,0,0,3,7,2744,2006,0,47.2773,-122.216,2470,9926,12.611537753638338
2,1500,4158,1.0,0,0,4,7,1220,1947,0,47.7006,-122.35,1270,4081,12.736700896592344
3,3200,18184,1.0,0,0,5,8,2000,1977,0,47.6034,-122.172,1670,7416,13.65475477908488
3,2350,5080,1.5,0,0,3,8,1780,1929,0,47.5516,-122.263,1700,5080,13.249876697703288
3,1550,4160,1.5,0,0,4,6,1550,1926,0,47.5387,-122.265,1590,5000,12.959844447906553
4,2360,7716,1.0,0,0,3,7,1390,1978,0,47.7301,-122.223,2160,8794,12.911642346088676
4,1620,4080,1.5,0,0,3,7,1620,1923,0,47.6696,-122.324,1760,4080,13.091904169919621
3,1650,8073,1.0,0,0,3,7,1100,1980,0,47.3187,-122.182,1280,8073,12.367234404488503
3,1920,12244,2.0,0,0,3,7,1920,1998,0,47.7256,-121.97,1920,11859,12.849504233844186
4,2010,7561,1.5,0,0,4,7,1890,1921,0,47.311,-122.227,1420,6564,12.409013489526863
3,2110,6900,1.5,0,0,5,6,1220,1955,0,47.504,-122.26,1350,7683,12.560244459250788
3,1250,8000,1.0,0,0,3,7,1250,1956,0,47.5065,-122.337,1040,6973,12.366915170647005
3,2890,8470,2.0,0,0,3,10,2890,1996,0,47.5785,-122.054,3000,8879,13.560618308335483
3,2070,12708,2.0,0,0,3,8,2070,1996,0,47.5295,-122.18,2620,9617,13.235692062711331
3,2390,4600,2.0,0,0,3,8,1750,1920,1995,47.5383,-122.268,1690,5220,12.948009990259552
3,1800,7199,1.0,0,0,3,7,1300,1972,0,47.7264,-122.307,1800,8100,13.122363377404328
3,1130,11250,1.0,0,0,3,7,1130,1965,0,47.7254,-122.227,1410,11250,12.777052192115912
3,3960,6132,2.0,0,3,3,10,2600,1933,0,47.6396,-122.409,2730,5221,14.01436141670944
3,1440,10500,1.0,0,0,3,8,1130,1983,0,47.318,-122.391,1510,8125,12.4130868149145
3,1650,9641,1.5,0,0,3,7,1650,1983,0,47.7145,-122.231,1940,6701,12.92391243868049
2,2080,14659,1.0,0,0,3,7,1040,1960,0,47.4858,-122.231,1920,15208,12.66032791780777
3,2790,6900,1.0,0,2,3,8,1700,1955,0,47.7328,-122.288,2410,8100,13.235692062711331
2,960,4800,1.5,0,0,2,6,960,1912,0,47.5752,-122.411,1440,4800,12.691580461311874
3,1270,1333,3.0,0,0,3,8,1270,2006,0,47.6933,-122.342,1330,1333,12.901716706288706
3,1800,12669,1.0,0,0,3,7,1800,1956,1990,47.6935,-122.173,1970,9775,13.060487973686241
2,1000,1760,1.0,0,0,4,6,600,1924,0,47.6261,-122.355,2120,2802,13.024750548537328
3,1608,4800,2.0,0,0,3,8,1608,2013,0,47.2585,-122.201,2009,4800,12.54236629477704
3,950,4760,1.5,0,0,3,6,950,1929,0,47.5236,-122.348,1080,4760,12.611537753638338
3,1800,3300,2.0,0,0,3,7,1690,2004,0,47.5491,-122.276,1570,3902,12.896716695872
4,2900,4762,2.0,0,0,3,8,2900,2005,0,47.3663,-122.129,2900,5173,12.777052192115912
4,2330,7778,1.0,0,0,3,7,1230,1961,0,47.7109,-122.323,1250,8160,13.122363377404328
3,2610,5000,2.0,0,0,4,7,1710,1946,0,47.6729,-122.373,1500,5000,13.317930160948304
3,2780,32880,1.0,0,0,3,9,2780,1993,0,47.4798,-121.727,2780,40091,13.235692062711331
3,1890,9920,1.0,0,0,3,7,1230,1944,0,47.7327,-122.306,1380,9086,12.86099861326992
3,1140,4800,1.5,0,0,3,7,1140,1915,0,47.6368,-122.354,1260,4800,13.481435445942783
2,840,5510,1.0,0,0,3,7,840,1955,0,47.5247,-122.391,1630,5510,12.89921982609012
3,1750,3354,2.0,0,0,4,7,1750,1991,0,47.6953,-122.199,1750,4286,13.296316684527767
2,1068,1758,2.0,0,0,3,7,1068,1990,0,47.7527,-122.244,1078,1315,12.400816722322686
3,1950,26500,1.0,0,0,4,8,1570,1965,0,47.5784,-122.179,2160,12751,13.217673557208654
4,3340,34238,1.0,0,0,4,8,2060,1977,0,47.7654,-122.076,2400,36590,13.39239051461739
4,2630,28298,2.0,0,0,3,8,2630,1996,0,47.6314,-121.968,2840,26071,13.38472764187182
2,982,846,2.0,0,0,3,8,806,2006,0,47.7034,-122.345,1010,3844,12.429216196844383
4,3180,4649,2.0,0,0,4,9,2070,1925,0,47.6583,-122.273,2720,5980,13.937728190688523
4,2970,14880,1.0,0,4,5,9,1560,1962,0,47.5907,-122.086,3310,13388,13.610943392223
5,3990,9938,2.0,0,0,3,11,3990,2001,0,47.5198,-122.156,3490,11734,13.881298298502276
3,3280,10302,1.0,0,0,3,10,1680,1970,0,47.6948,-122.286,1550,6300,13.8878312195439
2,1120,1039,2.0,0,0,3,7,840,2007,0,47.5788,-122.315,1130,5400,12.850423411901156
3,1250,10723,1.0,0,0,4,7,1250,1961,0,47.4894,-122.135,1520,10723,12.644327576461329
3,2190,7904,2.0,0,0,3,8,2190,1995,0,47.2617,-122.21,2190,7669,12.502838336714998
4,2740,12899,2.0,0,0,4,10,2740,1990,0,47.5811,-122.028,2830,9453,13.493926933836812
3,1690,8190,1.0,0,0,4,8,1690,1958,0,47.5857,-122.172,1840,8705,13.180632285528304
4,1680,3000,2.0,0,0,3,7,1680,2003,0,47.494,-122.279,1420,5500,12.579358855274103
4,2540,28563,1.0,0,0,3,10,2540,1984,0,47.7185,-122.114,2790,20301,13.560618308335483
2,1240,57000,1.0,0,0,3,7,1240,1962,0,47.597,-122.059,3050,25545,13.132313708257497
3,1640,8400,1.0,0,0,3,8,1180,1968,0,47.3733,-122.289,1600,8120,12.41186655850927
5,4830,11466,2.0,0,0,3,10,3720,2014,0,47.5774,-122.222,2180,11017,14.333708936059677
3,2080,9600,1.0,0,0,3,7,2080,1988,0,47.7698,-122.238,2220,9600,12.936033799212835
4,1840,4760,1.5,0,0,4,6,1080,1929,0,47.5297,-122.349,1170,5950,12.978493006984626
4,4090,51908,2.0,0,0,3,11,4090,1991,0,47.7226,-122.039,4290,41655,13.849911984681606
3,1800,5700,1.0,0,0,4,8,1000,1941,0,47.6491,-122.367,1680,5350,13.527761816623505
3,1930,12443,1.0,0,0,3,7,1930,1969,0,47.4906,-121.775,1400,12183,12.873902018105829
3,2180,7519,1.0,0,0,4,7,1310,1981,0,47.6959,-122.125,1510,7107,13.250756592172728
2,1000,4000,1.0,0,0,3,6,1000,1910,0,47.6742,-122.396,1490,5000,12.941321002108754
5,4480,5000,2.5,0,0,5,12,3420,1902,0,47.6275,-122.315,3220,5600,14.503645196700676
4,2860,10292,1.0,0,0,4,8,2860,1953,1999,47.6286,-122.206,1840,10273,14.089347223594002
3,1580,8820,1.0,0,0,4,7,1580,1967,0,47.317,-122.325,1280,8500,12.323855681186558
3,2770,10000,1.0,0,1,5,8,1640,1962,0,47.7011,-122.206,2450,10000,13.426902566922532
4,2250,6840,2.0,0,0,3,9,2250,1987,0,47.4398,-122.151,2480,7386,12.886641043883259
4,1760,6150,1.5,0,0,3,7,1760,1951,0,47.3871,-122.224,1760,8276,12.367340793126296
4,2970,34981,2.0,0,0,3,9,2970,1998,0,47.7365,-122.037,3170,30277,13.369223455335854
3,1470,8000,1.0,0,0,4,8,1470,1974,0,47.3191,-122.385,1980,8000,12.409013489526863
3,1890,11875,1.0,0,0,3,7,1230,1979,0,47.4472,-121.774,1580,10920,12.513189630620563
3,1870,1436,2.0,0,0,3,7,1870,2004,0,47.4899,-122.166,1720,1852,12.577463773304586
4,2030,7350,1.0,0,0,3,8,2030,1966,0,47.6274,-122.094,2000,7998,13.244581010128577
4,1750,10270,1.5,0,0,4,8,1750,1968,0,47.7612,-122.31,1750,10127,12.804909146618877
4,3674,12793,2.0,0,1,3,9,3674,1987,0,47.4357,-122.343,3220,13100,13.458764182902971
5,4720,18741,2.0,0,0,3,11,3210,2005,0,47.6347,-122.013,3880,37328,13.681979165339751
3,1890,9450,1.0,0,0,3,7,1090,1957,0,47.4829,-122.341,1470,8100,12.506177237980511
4,1820,6137,1.5,0,3,4,7,1690,1911,0,47.6681,-122.36,2130,5100,13.579788224443204
2,1870,6275,1.0,0,0,3,8,1870,2003,0,47.7108,-122.031,1670,5200,13.269057756555132
3,1610,12555,1.0,0,0,3,7,1080,1977,0,47.6618,-122.136,1780,10374,13.146079904021645
3,1410,4840,1.0,0,2,4,6,1230,1942,0,47.6646,-122.204,1410,5400,13.38472764187182
4,4340,217800,2.0,0,0,3,11,4340,2003,0,47.6471,-122.013,3430,219106,13.987360814890934
4,2190,9209,2.0,0,0,4,8,2190,1996,0,47.3341,-122.188,2430,6687,12.721885810807203
4,2170,5764,2.0,0,0,3,8,2170,1992,0,47.5673,-121.999,2010,5681,13.235692062711331
7,2580,5750,1.0,0,0,4,7,1880,1901,0,47.6025,-122.294,2280,5750,13.303016877097587
4,1910,2874,1.0,0,0,3,7,1060,1910,0,47.6101,-122.295,1520,2874,13.108264453024827
3,2180,9865,1.0,0,0,4,8,1660,1966,0,47.5358,-122.235,2600,10034,13.721199878493033
5,5410,13431,2.0,0,0,4,10,5050,1941,0,47.6306,-122.288,3750,11596,14.749542971314586
3,4380,42769,2.0,0,0,5,11,4380,1983,0,47.7167,-122.109,3630,35425,13.864300722133706
3,2415,2186,2.0,0,1,3,9,2415,1981,0,47.6506,-122.202,2660,2165,13.610943392223
3,2210,7660,1.0,0,1,4,7,1460,1968,0,47.5619,-122.4,2110,8750,13.473020249017498
4,2000,6778,1.0,0,0,4,7,1170,1962,0,47.3708,-122.311,1940,7531,12.560069005263145
2,900,2910,1.0,0,0,5,7,900,1924,0,47.6859,-122.322,1320,2910,12.851866129706648
3,1050,18304,1.0,0,0,4,7,1050,1953,0,47.3206,-122.269,1690,15675,12.038245534886672
3,3230,5000,2.0,0,2,5,8,2430,1945,0,47.7011,-122.389,1820,5000,13.652991628466498
5,2980,10064,1.0,0,0,3,7,1680,1940,0,47.7372,-122.316,1590,7800,12.814478597635029
3,1320,24684,1.0,0,0,3,7,1320,1979,0,47.4771,-122.322,1120,21214,11.918390573078392
4,2330,11400,1.0,0,0,4,8,2330,1974,0,47.4495,-122.148,2640,10200,12.834681304952548
2,1670,8195,1.0,0,0,3,7,1670,1954,1975,47.6627,-122.192,1980,7500,13.399995114002609
3,1720,15225,1.0,0,0,4,7,1020,1970,0,47.579,-122.051,1860,13588,12.971540487669746
4,1980,7264,2.0,0,0,3,7,1980,1996,0,47.3678,-122.019,1600,6380,12.388394202324129
3,1090,7350,1.0,0,0,4,7,1090,1990,0,47.3687,-122.085,1490,7741,12.296827008798639
4,1560,8820,1.0,0,3,3,7,1060,1979,0,47.3382,-122.257,2140,7800,12.468052220629582
4,4110,14219,2.0,0,2,4,10,2570,1979,0,47.7382,-122.264,2760,12283,13.623138665316818
2,700,2334,1.0,0,0,3,7,700,1945,0,47.701,-122.39,2300,5000,12.813117127036707
3,1860,15457,2.0,0,0,3,8,1860,1997,0,47.7383,-121.955,2040,14055,12.92391243868049
4,2740,45732,2.0,0,0,3,8,2740,1995,0,47.74,-122.048,2080,43560,13.088806593875486
3,1160,18055,1.0,0,0,2,5,1160,1950,0,47.4772,-122.269,1340,10324,12.111761966058932
5,4830,18707,2.0,0,1,5,9,3930,1952,1998,47.5858,-122.247,2880,10520,14.334899412390753
4,2030,8120,2.0,0,0,3,7,2030,1950,0,47.4994,-122.261,1520,9440,12.201060103706629
3,1890,6183,1.0,0,0,3,7,1090,1967,0,47.5396,-122.269,1750,6183,12.89921982609012
3,1800,5000,1.0,0,0,4,7,1080,1942,0,47.6738,-122.297,1800,5000,13.335052470814679
4,2070,3808,2.0,0,0,3,8,2070,2003,0,47.4498,-122.12,1900,2992,12.759957758756611
4,1550,5053,1.0,0,0,4,7,1180,1963,0,47.5499,-122.274,1450,5639,12.978493006984626
4,3050,82764,1.0,0,0,3,8,1650,1966,0,47.5266,-122.189,2930,10074,13.226723392728571
3,1210,7000,1.0,0,0,3,7,1210,1975,0,47.4572,-122.169,1670,7000,12.611537753638338
3,2710,4500,1.5,0,0,4,8,1880,1929,0,47.6747,-122.295,2060,4500,13.5985975564007
3,950,8000,1.0,0,0,3,7,950,1968,0,47.7193,-122.184,2270,8540,12.721885810807203
4,2600,11280,1.5,0,0,3,7,1570,1961,0,47.336,-122.304,1660,11200,12.439166527697552
5,3160,11470,1.0,0,0,4,9,1780,1971,0,47.5368,-122.216,3260,11470,13.795307850646754
7,3700,7647,2.0,0,1,3,8,3700,1948,1984,47.7393,-122.289,2510,7479,13.199324418540456
4,2100,10750,1.0,0,2,4,8,2100,1967,0,47.3338,-122.337,2310,10425,12.772805901234461
5,1950,8025,1.0,0,2,3,7,1150,1960,0,47.6159,-122.114,1780,8560,13.171393512778367
3,1270,6017,1.0,0,0,4,7,1030,1990,0,47.737,-122.225,1630,7381,12.91410843858387
5,3732,4426,2.5,0,0,3,10,2932,2001,0,47.6189,-122.288,2950,4000,14.018451401960965
3,1300,8800,1.0,0,0,4,8,1300,1963,0,47.6199,-122.116,1350,8800,13.126355398673866
4,2080,5191,2.0,0,0,3,8,2080,2001,0,47.5978,-122.017,2170,5518,13.306350213517344
4,1770,7799,2.0,0,0,3,7,1770,1998,0,47.4192,-122.202,1770,7778,12.691580461311874
3,1140,7560,1.0,0,0,4,6,1140,1958,0,47.4624,-122.185,1300,7560,12.292250341771226
3,1780,8621,1.0,0,0,3,8,1780,1992,0,47.5062,-122.149,2470,8542,12.915339207970002
3,940,5904,1.0,0,0,3,6,940,1947,0,47.699,-122.35,870,5728,12.465548126091774
3,2330,3610,2.0,0,0,3,8,2330,1999,0,47.6022,-122.021,1830,2948,13.068909856670238
3,1494,1262,3.0,0,0,3,8,1494,2011,0,47.6826,-122.324,1494,1264,13.38472764187182
4,2580,5787,2.0,0,0,3,9,2580,2007,0,47.5416,-121.994,2580,4410,13.560618308335483
4,2740,33158,2.0,0,0,3,9,2740,1993,0,47.3333,-122.074,2740,36074,13.073173133213556
3,1720,7200,1.0,0,0,3,7,1140,1977,0,47.6977,-122.132,1700,8400,13.17115354157376
2,1050,934,2.0,0,0,3,8,960,2007,0,47.6029,-122.309,1470,1885,12.873902018105829
3,1200,5404,1.0,0,0,3,6,1200,1937,0,47.6969,-122.368,1200,5987,12.834681304952548
3,1930,3462,2.0,0,0,3,7,1930,2004,0,47.7453,-121.985,1930,2952,12.694652660348845
4,2130,8560,1.0,0,0,3,7,1560,1992,0,47.1949,-122.01,2130,8560,12.553202176625375
3,950,1110,2.0,0,0,3,8,950,2003,0,47.6226,-122.319,1230,1215,13.071070083016778
4,2730,3047,2.0,0,0,3,8,2400,2006,0,47.5797,-122.391,1980,4600,13.554015915266142
3,1380,8682,1.0,0,0,4,7,1380,1966,0,47.4238,-122.322,1410,10594,12.594730635321957
4,2500,4950,2.0,0,0,3,8,2500,2010,0,47.6964,-122.017,2500,4950,13.42984807715229
3,2340,59058,1.0,0,0,3,8,2340,1985,0,47.4052,-122.028,2700,37263,13.091904169919621
3,2450,9248,2.0,0,4,3,8,1960,1933,1993,47.5476,-122.397,2620,10207,13.7525707581904
3,1440,11925,1.0,0,0,3,7,1440,1968,0,47.2738,-122.3,1440,10425,12.345399710751273
4,4500,215186,2.0,0,3,3,11,2630,2009,0,47.559,-122.045,3030,25447,14.419826524817603
4,3510,7200,2.0,0,0,3,9,2600,2009,0,47.5537,-122.398,2050,6200,13.822982572802974
2,1260,1575,2.0,0,0,3,7,1260,2001,0,47.5914,-122.295,1220,1740,12.832011076396668
3,1680,8512,2.0,0,0,3,7,1680,1991,0,47.1952,-121.986,1580,8512,12.513557345278134
5,2790,7600,1.5,0,0,4,7,2790,1965,0,47.4999,-122.165,1480,7600,12.793581494067123
3,3640,10300,1.0,0,0,4,9,2060,1979,0,47.5612,-122.146,3110,10625,13.737549016494562
3,2010,9480,1.0,0,0,3,8,1570,1951,0,47.7102,-122.281,1920,8791,12.971424201839042
3,1510,6710,1.0,0,0,3,7,1070,1972,0,47.7193,-122.216,1660,6600,12.892950213076524
3,1370,11400,2.0,0,0,3,7,1370,1980,0,47.4477,-121.77,1390,9600,12.542544882151386
3,2010,3800,2.0,0,0,2,7,2010,1922,0,47.6408,-122.307,1540,3800,13.262125319779487
3,3220,6409,2.0,0,0,3,9,3220,2008,0,47.4815,-122.127,3330,6231,13.345506928718539
5,1980,3868,1.0,0,0,3,7,1220,1990,0,47.5173,-122.275,1970,3868,12.718297290209872
3,1210,6650,1.0,0,0,3,6,1210,1959,0,47.6214,-122.12,990,7590,12.779873068457553
4,4440,10660,2.0,0,0,3,11,4440,2003,0,47.5294,-122.137,4390,9976,13.851842487211664
2,1010,5000,1.0,0,0,2,7,1010,1924,0,47.6715,-122.365,1410,5000,12.969212197910155
4,1740,9613,2.0,0,0,5,8,1740,1989,0,47.463,-122.125,1680,9769,12.611537753638338
4,2930,22000,1.0,0,3,4,9,1580,1978,0,47.3227,-122.384,2930,9758,13.235692062711331
4,1700,14756,1.0,0,0,3,7,850,1955,0,47.5762,-122.143,1680,10250,12.711383088608054
4,3350,6605,2.0,0,0,3,8,2670,1990,0,47.7498,-122.181,2730,5962,13.217673557208654
4,1950,5000,2.0,0,0,3,8,1950,2012,0,47.515,-121.872,2710,5000,12.959844447906553
3,2760,6420,2.0,0,2,3,9,2110,1991,0,47.3895,-122.221,2030,7725,12.834681304952548
4,2770,8521,1.0,0,0,4,7,1470,1953,0,47.6255,-122.199,1910,9380,13.541073712262515
5,2910,53898,1.0,0,0,5,7,1510,1979,0,47.7201,-122.062,3210,216928,13.304684934198283
4,2570,4412,2.0,0,0,3,9,2570,2001,0,47.7076,-122.232,2460,5470,13.39239051461739
4,2250,4495,2.0,0,0,3,7,2250,2008,0,47.3663,-122.114,2250,4500,12.58621994565405
3,2540,5612,2.0,0,0,3,9,2540,1999,0,47.4965,-122.157,2380,6303,12.959844447906553
3,1850,7056,2.5,0,0,4,8,1850,1979,0,47.6602,-122.13,1970,7056,13.005829561148378
3,2680,20104,1.0,0,0,5,9,1820,1964,0,47.6304,-122.234,3060,19837,14.093142294562554
4,1660,10656,1.5,0,0,4,7,1180,1920,0,47.5391,-122.385,1120,8816,13.190022025878143
3,1580,2407,2.0,0,0,3,8,1580,2013,0,47.5455,-122.368,1580,2212,12.834681304952548
4,1714,3250,2.0,0,0,3,8,1714,2010,0,47.429,-122.189,1714,3250,12.628067055589549
2,1340,4122,1.0,0,0,3,8,1340,2007,0,47.7182,-122.022,1350,4273,12.871334622600584
3,2320,55847,1.0,0,2,4,8,2320,1960,0,47.3121,-122.253,2400,26112,13.202098345423183
2,1220,10170,1.0,0,0,3,7,980,1948,0,47.7297,-122.327,1990,9064,13.001325049027272
2,960,7200,1.0,0,0,3,7,960,1910,1987,47.649,-122.403,1550,6000,13.17115354157376
3,1440,8560,1.0,0,0,4,7,1440,1979,0,47.7296,-122.232,1460,7560,12.92391243868049
4,2280,8339,1.0,0,0,4,7,1220,1954,0,47.6986,-122.297,1970,8340,13.488394416267086
2,1070,5080,1.0,0,0,5,6,1070,1942,0,47.5224,-122.35,900,5080,12.691580461311874
3,1780,9732,1.0,0,0,3,8,1780,1967,0,47.5796,-122.229,1900,10200,13.473020249017498
3,2460,4399,2.0,0,0,3,7,2460,2007,0,47.5415,-121.884,2060,4399,12.995665724358371
2,2080,8112,1.0,1,4,4,8,1040,1939,1984,47.7134,-122.277,2030,8408,13.989463865087712
3,2500,6733,1.0,0,0,3,8,1770,1979,0,47.6691,-122.36,1770,6343,13.437174117244362
3,1120,10701,1.0,0,0,3,7,1120,1954,0,47.5544,-122.358,1130,6350,12.560244459250788
2,1080,6760,1.0,0,2,3,6,1080,1923,0,47.7008,-122.386,2080,5800,12.994530005894443
3,2150,7007,1.0,0,0,3,6,2150,1954,0,47.7615,-122.362,1720,9000,12.611537753638338
2,770,3325,1.0,0,0,3,7,770,1918,0,47.6102,-122.299,960,4800,13.116345305078767
2,790,8424,1.0,0,0,4,6,790,1953,0,47.7511,-122.352,1470,8424,12.500606192931057
3,1460,7140,1.0,0,0,4,7,980,1980,0,47.3954,-122.191,1400,8572,12.225875272826354
4,2850,8526,2.0,0,0,3,9,2850,1998,0,47.6747,-122.191,2440,7072,13.704578997256993
3,1040,5000,1.0,0,0,3,7,1040,1959,0,47.5122,-122.358,1440,5000,12.289724218025784
3,1950,8480,1.0,0,0,4,8,1250,1962,0,47.5893,-122.15,1740,8480,13.329377546788654
1,1060,54846,1.0,1,4,3,5,1060,1935,0,47.4716,-122.445,2258,31762,12.560244459250788
3,1590,13000,1.5,0,0,3,6,1590,1944,0,47.4789,-122.346,1460,8400,12.367340793126296
6,4090,49542,2.0,0,0,3,9,3100,1984,0,47.6408,-122.153,2980,43357,13.955272500339433
2,880,6413,1.0,0,0,3,7,880,1950,0,47.573,-122.395,1360,6413,12.959844447906553
3,1500,10018,1.0,0,0,4,7,1500,1957,0,47.468,-122.163,1500,10937,12.556729517143344
3,1420,1438,2.0,0,0,3,9,1280,2003,0,47.6265,-122.323,1490,1439,13.415032991367148
3,3400,12825,1.0,0,1,3,9,3400,1961,0,47.5435,-122.26,2510,11574,13.765269341527528
3,1720,3951,2.0,0,0,3,7,1720,1992,0,47.4033,-122.187,1720,3605,12.456442183097975
4,3200,7545,2.0,0,0,3,7,3200,2003,0,47.3666,-122.03,2840,7137,12.899094818276968
3,1770,10000,1.0,0,0,3,7,1340,1978,0,47.3814,-122.322,1270,5055,12.398756989359676
3,950,6951,1.0,0,0,4,7,950,1950,0,47.7263,-122.3,1410,7200,12.886641043883259
3,2890,21480,2.0,0,4,3,8,1790,1941,1989,47.5027,-122.381,2110,8107,13.885502929784309
4,2870,6000,1.0,0,0,5,8,1730,1951,0,47.6362,-122.282,2370,5500,14.050582680143757
1,860,4800,1.0,0,0,3,6,860,1907,0,47.6146,-122.299,1380,4800,12.706847933442663
3,1520,7500,1.0,0,0,3,8,1520,1985,0,47.2646,-122.219,2180,7506,12.425208175446844
3,1010,8551,1.0,0,0,5,7,1010,1953,0,47.7351,-122.295,1310,8504,12.765688433465597
4,3040,2800,2.0,0,0,3,9,2100,1906,2014,47.6245,-122.327,1260,2178,13.641157170819497
5,2340,9225,2.0,0,0,3,8,2340,1973,0,47.6369,-122.098,2140,9348,13.256894270361935
3,1850,1499,2.5,0,0,3,9,1790,2005,0,47.6475,-122.396,1770,1539,13.190022025878143
4,2460,7350,2.0,0,0,3,9,2460,1989,0,47.3061,-122.349,2390,8568,12.758519943986984
3,1330,36537,1.0,0,0,4,7,1330,1989,0,47.3126,-122.129,1650,35100,12.456831363877356
5,1750,8325,1.0,0,0,5,7,1750,1966,0,47.4007,-122.198,1430,8325,12.505806799006097
3,1970,3420,2.0,0,3,5,8,1970,1913,0,47.6762,-122.354,1770,3420,13.607255619143816
4,2390,6979,2.0,0,0,3,8,2390,1993,0,47.5703,-121.996,2090,6321,13.345506928718539
5,3990,13087,2.0,0,0,3,9,2400,1991,0,47.3632,-122.061,2580,13633,13.383187995686226
3,1180,11579,1.0,0,0,4,7,1180,1962,0,47.4502,-122.089,1780,22486,12.425208175446844
1,620,8685,1.0,0,0,4,5,620,1976,0,47.4095,-122.29,1300,12150,12.072541252905651
3,1260,11877,1.0,0,0,3,7,1260,1975,0,47.4442,-121.762,1430,9790,12.652743674449463
4,2240,9934,1.0,0,0,4,8,1490,1968,0,47.6147,-122.166,2640,11622,13.38472764187182
3,1490,8239,1.0,0,0,4,6,1490,1963,0,47.306,-122.37,1200,8470,12.235388699864227
4,2930,9840,1.0,0,0,4,8,1560,1977,0,47.3103,-122.382,2800,8374,12.948009990259552
4,2310,7851,1.0,0,0,4,8,1790,1989,0,47.5473,-122.187,2230,7359,13.291430818519867
4,2009,5000,2.0,0,0,3,8,2009,2014,0,47.2577,-122.198,2009,5182,12.622180913736818
3,1330,9540,1.0,0,0,4,7,1330,1971,0,47.758,-122.075,1250,10350,12.676076274775909
4,3260,110579,2.0,0,0,3,10,3260,1997,0,47.6436,-121.997,3470,97895,13.480037821676145
3,1670,5797,2.0,0,0,3,7,1670,1988,0,47.3505,-122.179,1670,6183,12.468436909997665
5,2540,5022,1.0,0,0,4,8,1540,1955,0,47.5593,-122.3,2510,5182,13.182517300224076
3,1940,3211,2.0,0,0,3,8,1940,2009,0,47.5644,-122.093,1880,3078,13.226723392728571
4,1480,6324,1.0,0,0,3,7,1480,1943,0,47.6147,-122.302,1480,3600,12.535376392672774
3,2140,8925,2.0,0,0,3,8,2140,1991,0,47.6314,-122.027,2310,8956,13.369223455335854
4,2660,4000,2.0,0,0,3,8,2660,2001,0,47.6876,-122.038,2330,4517,13.27594246533263
4,3720,5000,2.5,0,0,5,9,2720,1905,0,47.6282,-122.322,2610,5000,14.18287219523813
4,1660,34848,1.0,0,0,1,5,930,1933,0,47.6621,-122.132,2160,11467,13.217673557208654
4,3150,9130,2.0,0,0,3,9,3150,2001,0,47.5974,-122.017,2970,6228,13.45166712454693
3,1040,1824,1.0,0,0,3,6,1040,1925,0,47.6793,-122.3,1010,5100,12.759957758756611
2,830,1241,2.0,0,0,3,7,830,2005,0,47.6363,-122.368,1610,2666,12.959844447906553
3,2980,7338,2.0,0,0,3,8,2980,2006,0,47.437,-122.207,3010,5267,13.081541382884074
4,1890,8034,1.0,0,0,4,8,1890,1967,0,47.6338,-122.117,1920,7210,13.163505320735505
2,940,5040,1.0,0,0,3,7,940,1926,0,47.5375,-122.374,940,5040,12.26763800118833
4,1960,48787,1.5,0,0,4,9,1960,1983,0,47.7484,-122.111,1970,36425,13.244581010128577
4,2950,48351,2.0,0,0,3,10,2950,1986,0,47.5938,-122.048,2870,34417,13.635187003832993
3,1010,12705,1.0,0,0,4,7,1010,1959,0,47.3348,-122.303,1490,10200,12.341477282536376
3,1180,7300,1.0,0,0,4,7,1180,1968,0,47.2857,-122.197,2030,8424,12.25462468611234
3,1710,7225,2.0,0,0,4,7,1710,1988,0,47.2917,-122.373,1710,7225,12.431214199507057
2,930,5368,1.0,0,0,4,7,930,1953,0,47.6952,-122.275,1770,6000,12.948009990259552
4,1810,7601,1.0,0,0,3,7,1080,1986,0,47.2857,-122.358,1570,7601,12.611371073081239
4,2040,53578,1.0,0,0,5,7,1160,1959,0,47.3844,-122.0,2040,53578,13.208541073645382
4,1840,4011,2.0,0,0,3,9,1840,2005,0,47.6662,-122.083,2120,4011,13.27594246533263
3,1590,6420,1.0,0,0,3,7,1590,1944,0,47.5355,-122.392,1780,5900,13.178743710840436
3,1710,5913,1.0,0,0,4,8,1120,1941,0,47.6481,-122.406,2920,5922,13.422467969854667
3,1680,2229,2.0,0,0,3,7,1680,2007,0,47.7484,-122.322,1230,9300,12.751299696013497
4,2350,63162,2.0,0,0,4,8,2350,1994,0,47.7545,-122.047,2370,63162,13.384650715836164
4,3160,39960,1.0,0,0,3,10,3160,1980,0,47.6418,-122.157,3900,36444,13.753635154246187
3,1370,1007,3.0,0,0,3,8,1330,2009,0,47.6682,-122.361,1570,1635,13.169246963303179
3,1530,1305,2.0,0,0,3,7,1116,2007,0,47.7034,-122.357,1320,1427,12.84792653170257
2,1390,3600,1.0,0,0,4,7,1010,1913,0,47.6422,-122.36,1590,3600,13.317930160948304
3,4010,12105,1.0,0,3,5,11,2600,1983,0,47.554,-122.151,4010,15081,14.22844768091114
4,3280,6845,2.0,0,0,3,10,3280,2003,0,47.7042,-122.107,3280,7467,13.506945274596069
3,1290,886,3.0,0,0,3,7,1290,2004,0,47.7161,-122.295,1270,1152,12.644327576461329
3,2570,28500,1.0,0,0,3,9,1970,1983,0,47.7318,-122.138,3070,32400,13.399995114002609
3,1570,7475,1.0,0,0,4,7,1200,1983,0,47.7223,-122.174,1700,7230,12.959844447906553
3,2180,15693,1.0,0,0,4,8,1850,1979,0,47.592,-122.082,2270,24000,13.208541073645382
3,1050,7670,1.5,0,0,5,7,1050,1955,0,47.2046,-121.996,1220,7670,12.367340793126296
4,2950,4836,2.0,0,0,3,7,2950,2006,0,47.479,-122.129,2120,4750,13.180632285528304
4,2580,3943,2.0,0,0,3,8,2580,2013,0,47.6853,-122.21,1700,5772,13.709038313453757
3,1660,8125,1.0,0,0,3,7,1150,1999,0,47.4373,-122.333,1250,8125,12.594730635321957
3,1790,7212,1.0,0,0,4,8,1790,1998,0,47.3898,-122.154,2330,7212,12.793720411897448
2,1510,5319,2.0,0,0,4,8,1510,1978,0,47.6647,-122.13,1740,6160,12.915339207970002
5,1910,5428,1.0,0,0,3,8,1390,1954,0,47.5333,-122.392,1820,5900,13.316284070041636
4,2400,3520,1.0,0,0,3,7,1370,1924,2005,47.6295,-122.346,2230,1419,13.693342923990066
3,1340,11070,1.0,0,0,4,7,1340,1978,0,47.3527,-122.178,1650,7630,12.236286572936184
2,910,295772,1.0,0,0,3,5,910,1953,0,47.3752,-122.11,2050,48351,13.186370507378621
4,1700,10642,1.0,0,0,4,7,850,1954,0,47.5674,-122.142,1610,11200,12.987688474077727
3,1920,7700,1.0,0,0,4,8,1320,1978,0,47.3213,-122.378,2040,8000,12.70381302974751
3,1120,7500,1.0,0,0,3,7,1120,1965,0,47.5112,-122.359,1120,5000,12.345834587905333
2,1295,1093,2.0,0,0,3,9,1105,2007,0,47.6192,-122.299,1295,1413,13.09607689527849
3,1160,10079,1.0,0,0,3,7,1160,1986,0,47.7341,-121.976,1130,10087,12.661913960963405
3,1660,9697,1.0,0,0,4,7,1660,1952,0,47.7564,-122.286,2060,20624,13.01477816672439
3,1390,1080,2.0,0,0,3,7,1140,2006,0,47.5325,-122.282,1450,1461,12.542544882151386
4,2270,10460,2.0,0,0,3,9,2270,1965,0,47.5603,-122.222,2610,10180,13.658856747918897
5,3260,9253,2.0,0,0,3,8,3260,2004,0,47.3674,-122.07,2770,8067,12.80765263256463
4,2610,2552,2.0,0,0,3,10,2160,2008,0,47.5322,-122.076,2610,2664,13.493926933836812
3,1890,5000,1.5,0,0,3,9,1890,1929,0,47.6312,-122.353,2560,5000,13.624350052503114
3,1350,944,2.0,0,0,3,8,1050,2007,0,47.5997,-122.312,1350,1245,12.87004844878984
2,700,4000,1.0,0,0,3,6,700,1943,0,47.5487,-122.391,1060,6000,12.706847933442663
3,890,5965,1.0,0,0,3,7,890,1950,0,47.7518,-122.279,1930,7500,12.70076888736628
2,720,5160,1.0,0,0,3,6,720,1949,0,47.5274,-122.357,990,5160,12.423198124518821
3,1380,8147,1.0,0,0,4,7,1380,1948,0,47.7407,-122.3,1360,8147,12.84792653170257
2,1070,1276,3.0,0,0,3,8,1070,2006,0,47.6719,-122.39,1290,2057,13.044509938199464
3,1560,9247,1.0,0,0,3,7,1160,1989,0,47.6954,-122.174,1690,8772,13.102160670086809
3,1650,7800,1.0,0,0,3,7,1260,1969,0,47.7377,-122.197,1760,8268,12.86099861326992
3,1480,6550,1.5,0,0,4,6,1480,1925,0,47.5498,-122.381,1200,6550,12.894207284266574
2,1490,4800,1.0,0,0,4,7,750,1918,0,47.5496,-122.391,1400,6000,13.055154627710879
3,1160,5200,1.0,0,0,4,7,1160,1977,0,47.3643,-122.09,1470,5200,12.203569515312056
4,4300,8406,2.0,0,1,3,11,3580,1987,0,47.5396,-122.214,2770,10006,13.937728190688523
4,2130,7300,1.0,0,0,4,7,1230,1963,0,47.605,-122.167,2130,7560,13.504355129326852
4,1790,42000,1.0,0,0,3,7,1170,1983,0,47.4819,-121.744,2060,50094,13.110290796170059
4,2540,8800,1.0,0,1,3,9,1620,1977,0,47.3204,-122.387,2540,8800,12.834547962729536
3,1260,1251,2.0,0,0,3,7,1040,2003,0,47.5943,-122.296,1780,7715,12.742566016044742
4,1850,6037,2.0,0,0,3,7,1850,1991,0,47.359,-122.191,1860,6037,12.535376392672774
3,1660,7003,2.0,0,0,3,7,1660,1996,0,47.3599,-122.188,1840,6680,12.505992035646432
2,1370,1248,2.0,0,0,3,7,1200,2000,0,47.6399,-122.32,1800,3360,13.226723392728571
4,2590,7891,2.0,0,0,3,9,2590,2006,0,47.5055,-122.194,1400,7891,13.180632285528304
4,2680,4673,2.0,0,0,3,7,2680,1999,0,47.7539,-122.219,2460,4645,13.071070083016778
3,1110,7208,1.0,0,0,3,7,1110,1980,0,47.6979,-122.124,1440,7210,12.927564299099261
3,1580,14400,1.0,0,0,4,7,1580,1981,0,47.2598,-122.281,1480,9600,12.323855681186558
3,1610,15005,1.0,0,0,4,7,1610,1986,0,47.6886,-121.911,1610,15479,12.751299696013497
4,1980,10800,1.0,0,0,5,6,990,1948,0,47.5768,-122.222,2180,10800,13.474427708785377
5,4360,8504,2.0,0,4,3,10,3530,2014,0,47.6936,-122.19,2680,9000,14.39769824446591
3,940,7125,1.5,0,0,4,7,940,1958,0,47.3756,-122.297,1170,7125,12.128111104060462
3,1830,10873,1.0,0,0,3,8,1830,1989,0,47.3066,-122.394,2490,8976,12.628067055589549
3,2120,10021,1.0,0,0,4,8,1230,1976,0,47.5621,-122.135,2690,10183,13.345506928718539
4,1560,4290,2.0,0,0,3,7,1560,1994,0,47.5292,-122.323,1250,6000,12.506177237980511
4,2470,5044,2.0,0,0,3,9,2470,2005,0,47.7728,-122.271,2790,5583,13.128345449081877
4,3280,27441,2.0,0,0,3,9,3280,1996,0,47.6711,-122.012,3200,26960,13.457406021215947
2,1540,7290,2.0,0,0,3,7,1540,1948,1983,47.551,-122.395,1540,7072,13.044401835934616
3,1310,8600,1.0,0,0,4,7,1310,1987,0,47.686,-122.185,2510,8515,13.060487973686241
4,2320,8721,2.0,0,0,3,8,2320,1991,0,47.7326,-122.226,2260,8268,13.240146413060712
3,1940,217800,2.0,0,0,3,9,1940,1990,0,47.5636,-121.932,2580,83558,13.178743710840436
4,2330,9687,2.0,0,3,3,9,2330,1918,0,47.6264,-122.283,3880,9017,14.077874822431765
3,1220,3000,1.5,0,0,3,6,1220,1901,0,47.6506,-122.346,1350,3000,12.84792653170257
5,4130,10404,2.0,0,0,3,10,4130,2004,0,47.5556,-122.03,3890,11531,13.813508555293602
5,2590,8610,1.0,0,0,4,7,1340,1958,0,47.6112,-122.126,1750,8610,13.081541382884074
3,870,5200,1.0,0,0,5,6,870,1969,0,47.3701,-122.078,1020,5200,12.287652632522597
4,1520,5250,1.0,0,0,3,6,1520,1949,0,47.6581,-122.39,1530,5250,13.017002861746503
4,2490,40608,2.0,0,0,3,9,2490,1997,0,47.6507,-122.004,3170,45441,13.36138027787483
4,1970,10500,1.0,0,0,3,8,1820,1961,0,47.479,-122.356,2090,12300,12.92391243868049
5,2850,4551,2.0,0,0,3,8,2370,2006,0,47.4916,-122.144,2850,4849,13.190022025878143
4,2690,5564,2.0,0,0,3,7,2690,2007,0,47.3537,-122.018,2210,4046,12.793720411897448
3,1130,12500,1.5,0,0,3,7,1130,1954,0,47.5491,-122.268,2280,8750,12.834681304952548
4,4500,11795,2.0,0,0,3,12,4500,1991,0,47.5533,-122.098,3930,11576,14.230925996925606
4,1720,2300,1.0,0,0,3,7,860,1940,2014,47.5762,-122.412,1720,4680,13.226723392728571
4,2330,3497,2.0,0,0,3,9,1920,2003,0,47.554,-122.308,2330,5242,13.102160670086809
1,500,7440,1.0,0,0,1,5,500,1928,0,47.5252,-122.362,1350,7440,11.736069016284437
2,740,6550,1.0,0,0,4,5,740,1946,0,47.4807,-122.332,1080,8515,12.216022976383341
4,2960,4640,2.0,0,0,3,9,2960,2005,0,47.3597,-122.04,2750,4623,12.963367645913872
5,1880,10000,1.0,0,0,3,7,960,1963,0,47.7182,-122.201,1580,10000,12.911642346088676
4,1520,9800,1.5,0,0,4,7,1520,1971,0,47.7303,-122.236,1540,7700,12.871334622600584
3,1590,4600,1.5,0,0,4,7,1290,1926,0,47.6807,-122.399,1770,4350,13.257768014410532
2,2210,4440,2.0,0,0,4,8,1440,1931,0,47.6305,-122.3,1560,4920,13.617059619240436
5,2840,9425,1.0,0,0,4,7,1590,1962,0,47.7609,-122.297,1900,11600,12.959844447906553
3,2900,23550,1.0,0,0,3,10,1490,1987,0,47.5708,-122.153,2900,19604,13.554145793829866
2,1120,1312,2.0,0,0,3,7,1000,2004,0,47.534,-122.364,1560,1314,12.2783933071098
3,1660,13085,1.0,0,0,3,7,1010,1985,0,47.3298,-122.277,1660,7778,12.429216196844383
3,1630,7599,1.0,0,0,3,10,1630,2006,0,47.6981,-122.376,2030,7599,13.550828609741554
4,2000,2309,3.0,0,0,3,8,2000,2008,0,47.7027,-122.361,1440,1548,13.03134397901716
4,3190,27806,2.0,0,0,3,9,3190,1997,0,47.3425,-122.03,2810,28619,13.345506928718539
4,1670,13125,1.0,0,0,5,8,1670,1973,0,47.6315,-122.101,2360,12500,13.401509118833824
4,4590,17621,2.0,0,0,3,10,3160,2003,0,47.6973,-122.205,3800,12268,13.94214320889764
3,1180,5350,1.5,0,0,4,6,1180,1959,0,47.505,-122.259,1490,5350,12.468436909997665
3,2660,4975,2.0,0,0,3,8,2660,2014,0,47.5487,-122.272,1840,6653,13.304601597392535
4,4170,4322,2.0,0,0,3,9,2940,2005,0,47.6136,-122.041,2970,4922,13.604789526648622
4,2340,6350,1.0,0,0,4,7,1310,1974,0,47.5559,-122.379,2020,6350,13.37700559577791
5,2400,13450,1.0,0,0,5,7,1200,1957,0,47.6007,-122.117,1950,10361,13.38472764187182
5,1570,3000,2.0,0,0,4,7,1570,1908,0,47.6677,-122.316,1610,3000,13.180632285528304
3,1910,3481,2.0,0,0,3,8,1910,2009,0,47.4293,-122.188,1714,3177,12.587927887999204
4,2440,4850,2.0,0,0,3,8,2440,2013,0,47.7043,-122.114,2970,5450,13.52199953011205
3,1590,1102,3.0,0,0,3,8,1590,2010,0,47.6824,-122.347,1620,3166,13.158695306651719
3,2300,8067,1.0,0,0,4,8,1300,1979,0,47.7091,-122.198,2120,9524,13.329377546788654
3,1260,10488,1.0,0,0,2,7,1110,1952,0,47.5417,-122.357,1540,9120,12.175613438045465
4,2080,8100,1.0,0,2,5,8,1220,1952,0,47.7228,-122.369,2090,8100,13.407542319637992
3,1400,7508,2.0,0,0,4,7,1400,1987,0,47.7233,-122.167,1710,7700,12.971540487669746
3,1010,6300,1.0,0,0,3,7,1010,1957,0,47.7304,-122.352,1480,7480,12.611537753638338
2,1020,47044,1.0,0,0,5,7,1020,1904,1958,47.4206,-122.155,1930,12139,12.538967060803502
3,1750,12500,1.0,0,0,3,7,1150,1954,0,47.5666,-121.902,1680,13000,12.66032791780777
4,3700,21755,1.0,0,4,3,11,2620,1988,0,47.5662,-122.108,3480,13786,14.038654109278484
2,1850,3060,1.0,0,0,3,7,1060,1929,1992,47.6821,-122.308,1850,4080,13.195613839143922
6,2230,10080,1.0,0,0,3,7,1390,1969,0,47.7089,-122.201,2110,8475,12.793859310432293
3,1840,9040,1.0,0,0,3,8,1370,1979,0,47.3144,-122.339,1870,8992,12.560244459250788
4,2530,4560,1.5,0,0,3,7,1540,1925,2014,47.6287,-122.3,1640,4560,13.574648456156384
3,1200,6120,1.0,0,0,4,7,950,1945,0,47.6929,-122.287,1550,6120,13.074223002076394
4,1710,117176,1.5,0,0,4,6,1710,1942,0,47.4497,-122.212,1940,12223,12.87364557497069
5,2930,31411,1.0,0,0,4,9,1520,1975,0,47.5576,-122.186,3070,12378,13.321214236149494
3,1350,7370,1.0,0,0,4,6,1350,1912,0,47.5336,-122.278,1440,6000,12.611537753638338
4,2320,4142,2.0,0,0,3,7,2320,2010,0,47.3662,-122.019,2150,4140,12.736700896592344
5,4140,7642,2.0,0,0,3,8,4140,2003,0,47.591,-122.008,3330,6953,13.487006490992238
2,720,5750,1.0,0,0,2,6,720,1943,0,47.5535,-122.393,980,6125,12.644327576461329
3,1900,6400,1.0,0,0,5,7,1410,1942,0,47.6697,-122.281,1350,6400,13.467370516475379
2,930,7400,1.0,0,2,4,7,830,1909,0,47.5691,-122.408,1920,4152,13.218582235144872
3,2110,11319,2.0,0,0,4,8,2110,1978,0,47.742,-122.105,1860,11319,13.079455876393052
4,3170,9900,2.0,0,0,4,8,3170,1979,0,47.6181,-122.147,2540,12400,13.563195629349785
3,1770,7200,1.0,0,0,4,7,1770,1967,0,47.6642,-122.173,2250,11250,13.149978544437301
3,920,6750,1.0,0,0,4,7,920,1951,0,47.6322,-122.212,1460,8933,13.38472764187182
3,2710,19000,2.0,0,3,4,7,2710,1950,0,47.4462,-122.359,2150,19000,12.92391243868049
2,980,3600,1.0,0,0,3,6,980,1907,0,47.6366,-122.365,1690,3600,13.296316684527767
5,1890,6050,2.0,0,0,4,7,1890,1944,0,47.5018,-122.242,1170,6050,12.736553826954605
4,2740,43101,2.0,0,0,3,9,2740,1993,0,47.7649,-122.049,2740,33447,13.353475098367715
4,1440,8320,1.5,0,0,3,7,1440,1946,0,47.7529,-122.318,1440,9230,12.886641043883259
3,1190,3000,2.0,0,0,3,7,1190,2002,0,47.4933,-122.275,1190,3000,12.341477282536376
2,720,5040,1.0,0,0,3,6,720,1955,0,47.5267,-122.36,1357,5120,12.230765258120545
3,1710,1664,2.0,0,0,5,8,1300,2003,0,47.6456,-122.383,1470,5400,13.180630398734072
2,750,16321,1.0,0,1,3,4,750,1936,0,47.6985,-122.229,3020,10625,12.983101310070822
3,2770,10773,2.0,0,2,3,9,2770,1992,0,47.5754,-122.12,2530,10423,13.527761816623505
3,1650,5100,1.0,0,0,5,7,1040,1908,0,47.6873,-122.321,1540,5100,13.304684934198283
3,1200,5029,1.0,0,0,3,6,880,1937,0,47.6936,-122.294,1510,5854,12.948009990259552
4,2007,4968,2.0,0,0,3,9,2007,2009,0,47.3301,-122.191,2189,5852,12.631176968890687
4,2100,4480,1.5,0,0,4,7,1780,1928,0,47.6691,-122.294,2050,4480,13.428376406540833
3,1400,2036,2.0,0,0,3,7,1400,2003,0,47.5516,-122.382,1500,2036,12.754483029623435
4,1800,2752,2.0,0,0,3,8,1800,2014,0,47.5165,-122.346,1800,2752,12.733165241760036
3,1650,7313,1.0,0,0,3,7,1220,1975,0,47.7375,-122.194,1690,7252,13.038981768465277
3,1560,3000,1.0,0,0,4,6,770,1918,0,47.6846,-122.345,1390,3000,13.083622549087899
4,2240,5105,2.0,0,0,4,8,2240,2002,0,47.3922,-122.165,1920,5288,12.691580461311874
3,1380,1121,3.0,0,0,3,8,1380,2008,0,47.6617,-122.349,1310,1405,13.071070083016778
5,2070,9600,1.0,0,0,3,7,1270,1962,0,47.4997,-122.364,1950,7800,12.886641043883259
3,1450,8928,1.0,0,0,3,7,1450,1998,0,47.3637,-122.075,2050,8523,12.528156144699286
3,1960,6500,2.0,0,0,4,8,1960,1977,0,47.6642,-122.129,1860,6160,13.017002861746503
3,2196,7475,2.0,0,0,3,8,2196,2006,0,47.3803,-122.204,1860,6755,12.717398144337816
3,1410,8925,1.0,0,0,3,7,1410,1958,0,47.6782,-122.162,1330,8925,12.994530005894443
4,3990,18115,2.0,0,0,4,11,3990,1989,0,47.6177,-122.229,3450,16087,14.81614243827218
4,4060,52707,2.0,0,0,4,9,4060,1996,0,47.7615,-122.041,3100,50755,13.687677186454389
4,2000,5100,1.0,0,0,4,7,1130,1949,0,47.6798,-122.391,1540,5100,13.296316684527767
4,1890,8505,1.0,0,0,3,8,1290,1980,0,47.6796,-122.115,1720,9600,12.987688474077727
4,3030,29163,2.0,0,0,3,10,3030,1998,0,47.6569,-122.02,2780,40669,13.635187003832993
4,4570,74487,2.0,0,4,5,12,4570,1948,1985,47.7282,-122.372,3810,74487,14.27293540500315
5,2930,10148,2.0,0,0,3,9,2930,2002,0,47.4887,-122.145,2930,8425,12.456831363877356
4,4050,9517,2.0,0,0,3,11,3360,1990,0,47.5769,-122.215,3330,9436,13.993656743347747
4,1440,8680,1.5,0,0,3,7,1440,1922,0,47.502,-122.228,1440,9000,12.771386454580234
5,2510,28185,1.0,0,0,4,7,1600,1963,0,47.7719,-122.282,2910,14880,13.253303916664924
5,1890,9600,1.0,0,0,4,7,1890,1960,0,47.7391,-122.241,2350,5308,12.685308526089488
4,1790,14690,1.0,0,1,4,7,1670,1960,0,47.3965,-122.321,2440,10664,12.388394202324129
3,2020,7512,2.0,0,0,4,8,2020,1981,0,47.6927,-122.206,2410,8500,13.51979631381523
3,1790,3962,2.0,0,0,3,8,1790,1992,0,47.6894,-122.391,1340,3960,13.277656261810364
8,2800,2580,2.0,0,0,3,8,1880,1997,0,47.6086,-122.303,1800,2580,13.102160670086809
4,1810,7200,1.0,0,0,3,7,1810,1966,0,47.7207,-122.186,2060,7200,12.971540487669746
5,2220,5185,2.0,0,3,3,7,2220,2003,0,47.543,-122.29,2340,6316,12.821258284620408
3,1730,8490,1.0,0,0,3,7,1210,1969,0,47.7187,-122.219,1870,7400,13.038981768465277
4,1930,7452,1.0,0,0,3,7,1430,1984,0,47.4098,-122.189,1714,7200,12.65075846679162
3,1580,6300,1.0,0,0,3,7,1180,1925,0,47.6505,-122.384,1560,1601,13.190022025878143
3,1710,5200,1.0,0,0,5,7,1030,1977,0,47.3651,-122.094,1390,5200,12.345834587905333
2,840,5000,1.0,0,0,4,7,840,1908,0,47.6803,-122.371,1240,5000,13.033532163697712
2,1820,8409,1.0,0,0,4,6,910,1948,0,47.7538,-122.327,1300,8409,12.751299696013497
3,1070,1155,2.0,0,0,3,7,720,2005,0,47.5617,-122.385,1120,2594,12.706847933442663
4,2360,7370,1.0,0,0,3,7,1460,1985,0,47.7201,-122.308,1590,9906,12.799399490807907
4,1730,7350,1.5,0,0,4,6,1730,1970,0,47.3467,-122.307,1440,7752,11.934919875029603
3,1584,2800,2.0,0,0,3,7,1584,2012,0,47.3451,-122.214,1584,2800,12.47227568630483
2,810,4368,1.0,0,0,3,6,810,1958,0,47.6915,-122.312,1890,5253,13.017002861746503
3,1660,6582,1.0,0,0,5,7,1000,1946,0,47.7169,-122.353,1110,6584,13.054084536651034
3,3100,45738,2.0,0,0,3,10,3100,1991,0,47.6854,-122.048,3340,45738,13.703908381382972
3,1420,1192,2.0,0,0,3,8,1140,2008,0,47.5881,-122.304,1340,1213,12.751299696013497
4,1960,7230,2.0,0,0,3,8,1960,2002,0,47.2855,-122.36,1850,7208,12.505992035646432
3,1880,2200,2.0,0,0,3,8,1520,2007,0,47.6666,-122.367,1500,1426,13.353475098367715
2,2720,4913,1.0,0,1,4,8,1700,1936,0,47.6384,-122.404,2520,5303,13.681979165339751
3,1580,4010,1.0,0,0,4,7,790,1909,0,47.6769,-122.371,1350,5350,13.102058624063964
3,1560,9600,1.0,0,0,4,7,1560,1961,0,47.6918,-122.163,1520,10000,12.721885810807203
3,1340,10200,1.5,0,0,3,7,1340,1953,0,47.7756,-122.351,1420,10200,12.736553826954605
4,1800,7200,1.0,0,0,3,7,1230,1979,0,47.7717,-122.376,2260,7498,13.071070083016778
2,1320,1957,1.0,0,0,3,8,660,2004,0,47.5364,-122.365,1420,2198,12.771386454580234
2,1190,6967,1.0,0,0,3,7,1190,1946,0,47.5896,-122.243,1700,6968,13.282950442052277
5,2830,4000,2.5,0,0,4,8,2830,1918,0,47.5132,-122.262,1480,4000,12.91312273125911
2,940,15000,1.0,0,0,3,7,940,1960,0,47.4312,-122.195,1450,15000,12.323855681186558
3,1820,7420,2.0,0,0,4,8,1820,1983,0,47.4368,-122.162,1900,7526,12.873902018105829
2,1530,1324,2.0,0,0,3,8,1280,2010,0,47.6032,-122.311,1410,1689,13.210374254727043
3,2130,4000,2.0,0,0,3,7,2130,1908,0,47.6741,-122.323,2010,4000,13.37700559577791
4,3260,5000,2.0,0,0,5,9,2630,1937,0,47.6598,-122.273,2600,5000,14.253765488895429
2,980,3400,1.0,0,0,3,7,980,1923,0,47.6688,-122.323,1200,3420,12.84792653170257
5,4220,15959,2.0,0,0,3,11,4220,2004,0,47.5869,-121.967,4630,16531,13.968231644981937
3,1380,5400,1.0,0,0,4,7,1380,1954,0,47.7134,-122.288,1190,6075,12.84792653170257
2,1270,6000,1.0,0,0,3,7,1270,1939,0,47.6482,-122.393,1770,6000,12.959844447906553
2,1470,5566,1.0,0,0,4,7,770,1919,0,47.5348,-122.269,1410,5808,12.730801174465157
4,1440,7100,1.5,0,0,3,7,1440,1906,0,47.6725,-122.396,1490,5000,13.122363377404328
3,1200,7360,1.0,0,0,4,7,1200,1978,0,47.6979,-122.13,1200,7500,12.86099861326992
5,3360,6000,2.0,0,0,3,8,2640,1963,1999,47.558,-122.277,1930,6000,13.493926933836812
3,1060,7350,1.0,0,0,4,7,1060,1959,0,47.3809,-122.287,1060,7350,12.111761966058932
4,3140,24800,1.0,0,0,4,8,2080,1971,0,47.3782,-122.161,2850,12900,12.834681304952548
4,2760,4905,2.0,0,1,4,9,1840,1938,0,47.6591,-122.27,3200,5424,14.108180171927094
3,1400,6750,1.0,0,0,3,7,1040,1975,0,47.717,-122.226,1860,7480,13.010313873595706
4,3420,9575,2.0,0,0,3,11,3420,1994,0,47.5527,-122.095,3310,8192,13.779883380321124
4,2030,4499,2.0,0,0,3,8,2030,2003,0,47.4511,-122.119,2030,4539,12.80902155817197
4,4500,21780,2.0,0,2,3,9,3040,1980,0,47.5581,-122.213,3540,20473,13.676248490630767
3,1180,5965,1.5,0,0,4,6,1180,1928,0,47.7281,-122.299,1270,7710,12.779873068457553
3,1830,3200,2.0,0,0,3,8,1830,1991,0,47.7155,-122.218,2030,3331,12.980799813082541
7,2310,5000,2.0,0,0,3,8,2310,1984,0,47.6781,-122.376,1360,1552,13.496901814831999
4,2870,6658,2.0,0,0,3,8,2870,2004,0,47.5394,-121.878,2770,6658,13.242809530480196
3,3190,29982,1.0,0,3,4,8,2630,1941,0,47.458,-122.368,2600,19878,13.864300722133706
4,2500,11983,1.0,0,0,3,7,1320,1984,2008,47.4292,-122.148,1460,9005,12.652359748158593
3,1995,18360,2.0,0,0,3,7,1995,1957,0,47.4129,-122.322,1980,13640,12.511717418356127
3,910,4500,1.0,0,0,3,7,910,1948,0,47.6828,-122.395,1370,5000,13.049792684569493
3,1680,8284,2.0,0,0,3,7,1680,1989,0,47.3609,-122.048,1550,8284,12.437184366493561
4,1730,8320,1.0,0,0,3,7,1230,1977,0,47.327,-122.361,1840,9800,12.460714863903755
3,2456,7566,2.0,0,0,3,8,2456,2012,0,47.297,-122.351,2478,7212,12.706696406811568
3,2770,15232,1.0,0,0,3,8,1570,1976,0,47.5706,-122.16,2340,11400,13.527828485512494
2,1440,7130,1.0,0,2,3,7,1210,1948,0,47.6778,-122.267,1970,7130,13.122363377404328
4,1340,5800,1.5,0,2,3,7,1340,1914,0,47.5658,-122.389,1900,5800,13.028052697933088
4,1820,3905,2.0,0,0,3,7,1820,2001,0,47.7346,-121.985,1820,3863,12.706847933442663
3,1230,9600,1.0,0,0,4,7,1230,1984,0,47.3675,-122.095,1330,8250,12.388185847286392
4,2060,7720,2.0,0,0,3,8,2060,1995,0,47.2956,-122.374,1630,7720,12.398963153673362
3,1300,1331,3.0,0,0,3,8,1300,2007,0,47.6607,-122.352,1450,5270,13.321214236149494
3,1920,4000,1.0,0,0,3,7,1070,1950,0,47.6392,-122.318,2280,4000,13.329377546788654
4,3720,8301,2.0,0,0,3,10,2880,2008,0,47.5885,-122.199,2080,9676,14.187074114396758
3,1650,10150,1.0,0,0,3,8,1230,1976,0,47.6963,-122.169,1930,8958,13.199139216206378
3,1540,9028,1.0,0,0,4,6,1540,1968,0,47.6698,-122.177,1450,9028,13.017002861746503
4,3430,13609,2.0,0,0,3,11,3430,2001,0,47.5196,-122.151,3880,11614,13.812506048943975
3,1470,1779,2.0,0,0,3,8,1160,2005,0,47.5472,-121.998,1470,1576,12.847321085298983
2,1040,4750,1.0,0,0,2,6,850,1950,0,47.5293,-122.272,1350,5000,11.982929094215963
3,2590,4961,2.0,0,0,3,9,2590,1944,2007,47.5271,-122.381,1230,4961,13.444446876573442
3,1560,2589,1.0,0,0,3,7,790,1923,2001,47.6587,-122.344,1450,3893,13.311329476916953
5,2490,24969,1.0,0,2,4,8,1540,1959,0,47.336,-122.35,2790,15600,13.353475098367715
5,2780,12335,1.0,0,0,4,8,1590,1968,0,47.5681,-122.128,2750,9930,13.274225726713574
4,2230,5109,1.5,0,0,3,7,1330,1918,0,47.6996,-122.31,1630,5109,13.287877815881902
4,2740,8336,2.0,0,0,4,9,2740,1990,0,47.3904,-122.176,2460,9189,12.886641043883259
3,1350,7553,1.5,0,0,3,6,1350,1914,0,47.5345,-122.274,1380,7470,12.542544882151386
3,1150,6800,1.0,0,0,3,7,1150,1954,0,47.727,-122.339,1210,6800,12.92513120787462
3,1000,6947,1.0,0,0,4,7,1000,1947,0,47.7142,-122.319,1000,6947,12.834681304952548
5,2710,4500,2.0,0,0,3,8,2710,2014,0,47.3547,-122.062,2710,4626,12.946470710938664
4,1720,7455,1.0,0,0,4,7,1020,1963,0,47.4669,-122.182,1720,7700,12.4130868149145
3,2100,5060,2.0,0,0,3,7,2100,2006,0,47.563,-122.298,1520,2468,13.075271769870477
3,1050,7854,1.0,0,0,4,7,1050,1975,0,47.3011,-122.369,1360,7668,12.377922902456833
3,1800,3300,2.0,0,0,3,7,1690,2004,0,47.5491,-122.276,1570,4097,13.071070083016778
3,4320,19225,1.0,0,0,4,10,2160,1972,0,47.6368,-122.216,3430,18469,14.389310980891652
3,1520,3451,1.0,0,0,3,8,1520,1996,0,47.7753,-122.375,1800,3451,12.931202871943169
3,2490,24691,1.0,1,4,4,9,1580,1961,0,47.488,-122.364,2800,24121,13.959610901938031
4,4200,210394,2.0,0,0,4,10,4200,1993,0,47.5607,-121.961,2370,184694,14.316285845876763
4,2475,4000,2.0,0,0,3,7,2475,2014,0,47.3452,-122.209,2475,4000,12.706544857216672
6,2490,8732,1.5,0,0,4,8,2490,1966,0,47.7252,-122.187,1840,8024,13.060487973686241
3,1870,9000,1.0,0,0,3,7,1440,1978,0,47.7373,-122.198,1870,8640,12.959844447906553
4,1490,7560,2.0,0,0,3,7,1490,1966,0,47.3684,-122.318,1490,7689,12.464583340681674
3,1200,8404,1.0,0,0,3,7,1200,1964,0,47.4482,-122.269,2120,12000,12.301155526776865
3,2000,217800,2.0,0,0,3,8,2000,1996,0,47.5599,-121.911,2220,217800,13.199324418540456
4,3040,4006,2.0,0,0,3,8,2350,2013,0,47.5439,-122.011,2050,4000,13.610943392223
5,4010,8510,2.0,0,1,5,9,2850,1971,0,47.6578,-122.286,2610,6128,14.148404973237604
3,1390,9585,1.0,0,0,4,7,1390,1973,0,47.752,-122.35,1240,8188,12.832412065508505
6,4210,6105,2.0,0,0,3,9,3280,2008,0,47.5211,-122.157,3820,6368,13.710150042306449
3,1690,4102,2.0,0,0,3,7,1690,2003,0,47.3552,-122.015,1830,4733,12.594730635321957
2,1370,4866,1.0,0,0,3,8,1370,2005,0,47.704,-122.012,1365,4784,12.97502278950562
5,1790,30456,1.0,0,0,4,7,1350,1964,0,47.3469,-122.195,2420,35647,12.75419405403986
3,2260,4165,2.0,0,0,3,7,2260,2005,0,47.5922,-122.008,2770,4566,13.217673557208654
2,1040,7372,1.0,0,0,5,7,840,1939,0,47.5285,-122.378,1930,5150,12.84792653170257
2,1122,9100,1.0,0,0,4,6,1122,1960,0,47.328,-122.341,840,9344,12.128111104060462
3,1990,20466,1.5,0,0,4,8,1410,1987,0,47.3259,-121.896,1660,93393,12.751299696013497
2,1090,3272,1.0,0,0,5,8,1090,1970,0,47.3794,-122.32,1160,5475,12.487485104968359
3,2360,118483,1.0,0,0,3,8,2360,1981,0,47.5595,-121.867,2660,91476,13.286181462633724
1,800,2480,1.0,0,0,4,6,800,1919,0,47.5581,-122.316,1490,4650,12.495003937382387
2,2170,6361,1.0,0,2,3,8,2170,2009,0,47.7109,-122.017,2310,7419,13.534473028231162
3,1530,8500,1.0,0,0,5,7,1030,1996,0,47.3592,-122.046,1850,8140,12.409013489526863
2,670,6300,1.0,0,0,5,6,670,1942,0,47.5161,-122.374,760,6300,12.538967060803502
3,1010,7920,1.0,0,0,3,6,1010,1925,0,47.5249,-122.37,1520,7560,12.283033686666302
3,2030,24829,1.0,0,0,4,7,1220,1979,0,47.2718,-122.291,1980,15204,12.323855681186558
3,1800,9216,1.0,0,0,4,7,1800,1950,0,47.2739,-122.249,1400,10022,12.375815420117268
3,1260,12330,1.0,0,0,3,7,1260,1968,0,47.7412,-122.095,1320,12800,12.777052192115912
3,1470,10052,1.0,0,0,4,8,1470,1956,0,47.726,-122.316,1480,9780,13.081541382884074
3,1910,15508,1.0,0,0,3,8,1210,1984,0,47.3128,-122.345,2450,7989,12.611537753638338
4,1220,8500,1.5,0,0,5,6,1220,1916,0,47.4792,-122.277,1460,8500,12.460714863903755
4,1860,5040,1.5,0,0,5,8,1860,1920,0,47.2077,-121.993,1680,5800,12.2783933071098
5,1550,9750,1.0,0,0,4,7,1550,1966,0,47.6811,-122.169,1970,9750,13.142166004700508
3,1870,7189,1.0,0,0,3,7,1270,1959,0,47.5412,-122.27,1780,6200,12.978493006984626
3,2580,47480,1.0,0,0,3,7,1360,1953,0,47.5333,-121.933,1760,48181,12.713552679045067
3,1390,7417,1.0,0,0,3,7,1390,1967,0,47.3369,-122.275,1390,7665,11.998433280751929
3,1310,1254,2.0,0,0,3,7,850,2007,0,47.5622,-122.384,1310,1372,12.873902018105829
4,2280,27441,2.0,0,0,3,8,2280,1996,0,47.7628,-122.123,2350,35020,13.262125319779487
3,1850,16863,1.0,0,0,4,7,1280,1980,0,47.7166,-122.225,1790,9000,13.005829561148378
3,1670,5060,2.0,0,2,5,7,1670,1925,0,47.5671,-122.379,1670,5118,13.480037821676145
3,1830,12891,1.0,0,0,3,7,1830,1994,0,47.3924,-122.192,2320,8709,12.72635342806692
4,2550,12918,2.0,0,0,3,9,2550,1987,0,47.5623,-122.109,2550,11036,13.464206877215169
2,1060,16470,1.0,0,0,3,7,1060,1977,0,47.7409,-122.089,1790,16748,12.782686009834167
4,2040,9225,1.0,0,0,5,8,1610,1968,0,47.636,-122.097,1730,9225,13.422467969854667
3,1170,4950,1.0,0,0,4,7,1170,1960,0,47.6057,-122.135,1570,7700,12.706847933442663
4,1610,8976,1.0,0,0,4,8,1610,1966,0,47.6011,-122.192,1930,8976,13.38472764187182
3,980,7790,1.0,0,0,5,7,980,1969,0,47.7141,-122.213,1390,7280,12.765688433465597
4,1850,6000,1.0,0,0,4,6,1270,1944,0,47.4923,-122.247,1270,6600,12.345834587905333
4,4920,270236,2.0,0,3,3,10,3820,2006,0,47.4695,-121.775,4920,260924,13.85665250129545
3,1390,9624,1.5,0,0,4,7,1390,1954,0,47.7758,-122.301,1440,9624,12.608198852372823
4,2100,4500,1.0,0,0,5,7,1060,1924,0,47.6699,-122.317,1920,3900,13.217673557208654
3,1020,1204,2.0,0,0,3,7,720,2004,0,47.5445,-122.376,1360,1506,12.380025952653611
2,2180,21392,2.0,0,0,3,8,2180,1934,1979,47.7162,-122.246,2890,22000,13.527828485512494
5,5040,9466,2.0,0,0,3,11,5040,2004,0,47.5282,-122.133,4300,9417,14.065490763232043
3,2330,8000,1.0,0,0,3,7,1390,1986,0,47.2958,-122.368,1570,7227,12.506177237980511
4,3080,9601,2.0,0,1,3,10,3080,1990,0,47.334,-122.332,3200,9375,13.235692062711331
4,1700,7495,1.0,0,0,4,7,1200,1964,0,47.7589,-122.354,1650,7495,13.041153321978786
4,4160,10335,2.0,0,0,3,10,4160,2014,0,47.6235,-122.192,1840,10333,14.430696197054507
5,1550,5225,1.5,0,0,4,7,1550,1941,0,47.554,-122.306,1220,5225,12.793859310432293
4,3150,5979,2.0,0,0,3,9,3150,2005,0,47.7082,-122.101,3150,6595,13.544357787463703
3,1440,4268,1.0,0,0,3,7,1040,1953,0,47.5468,-122.293,1370,4268,12.560244459250788
2,2550,5663,1.0,0,0,3,10,1720,2011,0,47.5304,-122.202,2560,3828,13.353475098367715
4,1780,10260,2.0,0,0,3,8,1780,1971,0,47.6647,-122.142,2360,10080,13.329377546788654
3,1770,6187,2.0,0,0,3,7,1770,1992,0,47.4034,-122.189,1650,7200,12.409013489526863
3,1300,5413,1.5,0,0,3,7,1300,1925,1992,47.6988,-122.32,1590,6380,13.19188944005294
3,2290,9158,2.0,0,0,4,8,2290,1984,0,47.5476,-122.14,2210,9588,13.619495674038317
4,1070,7467,1.5,0,0,3,7,1070,1944,0,47.4942,-122.235,1160,7467,12.206072645530174
3,1560,9600,1.0,0,0,3,7,1210,1964,0,47.457,-122.27,2070,9600,12.691426603322494
3,1720,99916,2.0,0,0,4,7,1720,1990,0,47.3391,-122.093,1340,73180,12.80765263256463
4,2890,4000,1.5,0,0,4,9,2190,1931,0,47.6419,-122.351,2280,4000,13.514405465180353
3,1600,1950,2.0,0,0,2,7,1600,1906,0,47.6028,-122.312,1310,1138,12.618182296357007
2,810,6827,1.0,0,0,3,6,810,1944,0,47.5495,-122.357,990,6827,12.691580461311874
3,2660,4000,2.0,0,0,3,9,2170,2003,0,47.6186,-122.288,2660,4000,13.726679344257658
3,1030,15264,1.0,0,0,4,7,1030,1962,0,47.5016,-122.168,1430,14840,12.388394202324129
1,710,6000,1.5,0,0,3,6,710,2015,0,47.5756,-122.316,1440,4800,12.861504978551874
4,1530,18400,1.5,0,0,4,6,1530,1938,0,47.329,-122.219,1620,13535,12.301382825334498
3,2830,3750,3.0,0,0,3,10,2830,2014,0,47.6798,-122.385,1780,5100,13.784999802759252
3,2310,36665,1.0,0,2,3,8,1580,1983,0,47.7697,-122.274,2000,14000,13.16158409055761
5,3420,8000,2.0,0,0,3,10,3420,2006,0,47.5736,-122.212,1900,8000,14.179382540974075
2,1770,4950,1.0,0,0,3,7,1770,2003,0,47.3497,-122.025,1770,4500,12.767115985456782
3,1720,5234,2.0,0,0,3,9,1240,2011,0,47.5547,-122.278,1720,5825,13.317930160948304
3,1320,8000,1.0,0,0,3,7,1320,1957,0,47.6027,-122.122,1720,8100,12.928778628331663
2,1290,2828,2.0,0,0,3,7,1290,2008,0,47.6968,-122.025,1290,2628,12.487485104968359
2,800,5040,1.0,0,0,3,6,800,1960,0,47.6953,-122.362,1020,5040,12.765688433465597
4,1960,8400,1.0,0,0,4,8,1960,1967,0,47.3111,-122.379,2080,8400,12.468436909997665
4,1470,5100,1.5,0,0,3,7,1470,1946,0,47.6769,-122.381,1470,5100,13.219490088135052
3,1980,8505,1.0,0,0,3,7,1030,1965,0,47.538,-122.353,1830,8505,12.358793732547838
4,2440,9450,1.5,0,0,3,7,2440,1947,2014,47.7061,-122.307,1720,7503,13.458835614025542
2,1000,5120,1.0,0,0,3,6,1000,1902,0,47.6088,-122.307,1940,4300,12.668233097314884
3,1260,8614,1.0,0,0,4,7,1260,1985,0,47.3586,-122.056,1600,8614,12.409013489526863
4,3160,42733,2.0,0,0,3,9,3160,1995,0,47.6367,-121.958,1890,24000,13.89061803045108
3,2080,5750,1.0,0,0,5,7,1040,1926,0,47.5791,-122.392,1710,4830,13.399995114002609
4,4120,22370,2.0,0,0,3,10,4120,1997,0,47.6239,-122.023,3180,7257,13.668169970065565
2,1120,1201,3.0,0,0,3,8,1120,1999,0,47.6524,-122.353,1370,1298,13.049792684569493
2,920,5157,1.0,0,0,3,6,920,1909,0,47.5499,-122.269,1700,5150,13.071070083016778
4,1470,5450,1.5,0,0,3,7,1470,1918,0,47.6458,-122.306,2160,5450,13.458835614025542
4,1930,6957,2.0,0,0,3,8,1930,1995,0,47.4309,-122.191,2090,6996,12.807515636879778
3,1980,39932,2.0,0,0,3,8,1980,1994,0,47.7433,-122.196,2610,12769,12.999065161059836
3,1660,5250,2.0,0,0,4,8,1660,1988,0,47.3541,-122.3,1630,5505,12.487485104968359
3,1600,39848,1.0,0,3,4,8,1600,1958,0,47.1991,-122.013,1600,39848,12.84792653170257
4,2170,5404,1.5,0,0,5,6,1470,1920,0,47.3046,-122.22,1030,5477,12.429216196844383
3,1640,4714,1.0,0,0,3,8,1640,2009,0,47.3539,-122.021,1770,4802,12.765545566117686
2,760,3000,1.0,0,0,3,6,760,1922,0,47.6633,-122.357,1630,3600,13.180632285528304
3,2920,9370,1.0,0,0,4,8,1620,1981,0,47.5491,-122.151,2890,9609,13.38472764187182
5,3060,6895,2.0,0,0,3,8,3060,2003,0,47.3809,-122.098,2590,6895,12.850554654108839
5,3700,9140,1.0,0,0,3,8,1850,1957,0,47.5086,-122.258,2190,6720,12.936033799212835
3,1270,4815,1.5,0,0,3,6,980,1922,0,47.5495,-122.31,1270,6431,12.464583340681674
4,2470,35073,2.0,0,0,3,9,2470,1989,0,47.3064,-122.108,2990,35259,13.091904169919621
3,3690,7200,2.0,0,0,3,11,3690,2007,0,47.6815,-122.2,1880,7200,14.27293540500315
3,2480,5280,1.5,0,0,5,7,1620,1947,0,47.5575,-122.303,2090,4800,13.071070083016778
6,2500,5200,1.0,0,0,3,8,1250,1966,0,47.5517,-122.268,1800,5200,12.936033799212835
2,1220,17172,1.0,0,0,4,6,1220,1947,0,47.6934,-122.163,1510,12915,12.821258284620408
4,1700,12048,2.0,0,0,3,7,1700,1990,0,47.3748,-122.186,1960,7650,12.533576212168626
4,2640,25038,2.0,0,0,4,8,2640,1995,0,47.5277,-122.174,2630,16668,13.395439297466748
3,1140,1069,3.0,0,0,3,8,1140,2005,0,47.6907,-122.342,1230,1276,12.899207326011993
6,3610,17580,1.0,0,4,5,9,2070,1959,0,47.5739,-122.069,2890,14060,13.782987366258714
3,1270,20700,1.0,0,0,2,7,1150,1948,0,47.7576,-122.296,1990,15000,12.468436909997665
5,3090,7415,2.0,0,0,3,8,3090,2014,0,47.435,-122.329,2790,7425,13.2002499160614
4,1870,6000,1.0,0,0,5,8,1670,1949,0,47.6435,-122.399,1710,6000,13.458835614025542
3,3050,6000,1.0,0,3,3,8,1720,1984,0,47.7701,-122.389,2340,7200,13.480037821676145
2,860,12160,1.0,0,0,4,6,860,1921,0,47.5267,-122.361,1010,7611,12.644327576461329
3,3840,9751,2.0,0,0,3,10,3840,1998,0,47.6347,-122.064,3230,7189,13.662883716505357
4,2180,6500,2.0,0,0,3,7,1410,1945,0,47.5365,-122.37,920,6500,12.983101310070822
3,3240,23522,2.0,0,0,3,10,2130,1992,0,47.3388,-122.033,3180,23273,13.712923969189173
4,2390,40510,1.0,0,0,4,8,2390,1969,0,47.7566,-122.113,3200,36989,13.208541073645382
5,4890,12039,2.0,0,0,3,9,3590,2014,0,47.7338,-122.208,4590,10079,13.671582449157189
3,1580,1487,3.0,0,0,3,9,1580,2013,0,47.6514,-122.386,1600,1525,13.203574632829152
3,2630,77972,2.0,0,0,3,9,2630,2004,0,47.745,-121.916,2250,75794,13.304684934198283
2,2130,4920,1.5,0,4,4,7,1530,1941,0,47.573,-122.409,2130,4920,13.500799813124575
4,3200,53357,2.0,0,0,4,9,3200,1972,0,47.755,-122.035,2650,54014,13.573438996764546
3,1240,11108,1.0,0,0,4,7,1240,1952,0,47.4465,-122.354,2220,16533,12.873902018105829
3,1280,5100,1.0,0,0,3,7,880,1961,0,47.5035,-122.259,1360,6120,12.154779351142624
4,1880,6200,1.0,0,2,5,8,1440,1954,0,47.5035,-122.384,2070,6500,13.42984807715229
3,1420,7297,1.0,0,0,3,7,1130,1984,0,47.4046,-122.194,1730,7419,12.502466658583977
3,2060,1850,2.0,0,0,3,8,1400,2007,0,47.6543,-122.373,1910,2951,13.116345305078767
3,1520,7252,1.0,0,0,3,7,1140,1975,0,47.7358,-122.175,1910,7820,12.911642346088676
3,1580,6860,2.0,0,0,3,7,1580,1995,0,47.4447,-122.188,1580,7050,12.577636201962656
3,2460,12600,1.0,0,0,4,8,1810,1970,0,47.473,-122.118,1820,11180,12.911642346088676
4,5461,22880,1.0,0,0,4,9,3265,1964,0,47.3557,-122.29,1940,10995,13.208541073645382
3,1510,3413,2.0,0,0,3,7,1510,1985,0,47.3912,-122.167,1570,3777,12.345834587905333
3,1440,7425,1.0,0,0,4,7,1440,1965,0,47.7243,-122.185,1800,8344,12.911642346088676
3,1400,8364,1.0,0,0,4,7,1400,1958,0,47.4918,-122.178,1210,8160,12.520883385370206
5,4860,23723,2.0,0,2,4,11,3820,1989,0,47.5767,-122.215,4040,13860,14.334304351379442
2,910,6232,1.0,0,0,3,6,910,1943,0,47.5328,-122.272,1070,6232,11.951180395901384
3,2820,5348,2.0,0,0,3,9,2820,2008,0,47.7073,-122.118,3140,5640,13.526494262499357
4,1580,3632,2.0,0,0,3,7,1580,2011,0,47.3672,-122.019,1950,3800,12.6112043647371
3,1410,10015,1.0,0,3,3,6,1410,1993,0,47.4948,-121.776,1570,10485,12.736700896592344
4,4220,8417,3.0,0,0,3,10,4220,2012,0,47.5869,-122.054,3730,8435,13.87377946608825
3,1950,3600,2.0,0,0,3,7,1950,2010,0,47.3658,-122.021,1870,4184,12.604848765487542
3,1250,7300,1.0,0,0,4,7,1250,1956,0,47.6032,-122.125,1540,7400,12.86099861326992
4,2170,8240,1.0,0,0,4,8,1370,1968,0,47.6291,-122.093,2020,7944,13.292106151991423
4,1970,6600,2.0,0,0,3,7,1970,1987,0,47.3491,-122.168,1970,7682,12.524162674153336
3,1200,9266,1.0,0,0,4,7,1200,1960,0,47.314,-122.208,1200,9266,12.367340793126296
3,1510,17040,1.0,0,0,4,6,1510,1975,0,47.2649,-122.285,1520,14000,12.128111104060462
3,880,6050,1.0,0,0,3,6,880,1945,0,47.4995,-122.248,1130,6050,12.392552212472792
3,1650,7739,1.0,0,0,3,8,1290,1986,0,47.3532,-122.304,1650,6033,12.323855681186558
4,4400,16625,2.0,0,0,3,11,4400,2003,0,47.5868,-121.968,4440,15523,13.864300722133706
4,1430,8400,1.0,0,0,3,6,730,1969,0,47.7417,-122.172,1310,8240,12.768541502448002
6,2210,8594,1.0,0,0,3,7,1310,1959,0,47.4594,-122.273,1850,8594,12.388394202324129
3,3150,8550,2.0,0,0,3,10,3150,2007,0,47.6387,-122.284,2510,8550,14.457364444136669
3,4120,60392,2.0,0,2,3,9,3180,1994,0,47.6804,-121.913,2770,64033,13.235692062711331
3,1220,1186,3.0,0,0,3,8,1220,2007,0,47.6972,-122.341,1280,1251,12.779873068457553
2,1390,11340,1.0,0,0,4,7,1390,1969,0,47.4969,-122.3,1200,10224,12.128111104060462
4,2720,18295,1.0,0,0,4,8,2000,1979,0,47.5851,-122.073,2720,18295,13.37700559577791
3,3140,37120,1.0,0,0,3,9,1760,1984,0,47.5244,-121.842,2100,13500,13.185338176565716
2,870,3121,1.0,0,0,4,7,870,1923,0,47.6659,-122.369,1570,1777,12.886641043883259
2,1340,5350,1.5,0,0,3,8,1340,1941,0,47.6384,-122.403,2210,5350,13.292106151991423
3,2140,5037,1.0,0,0,3,7,2140,1957,0,47.5494,-122.274,1630,6054,12.706847933442663
3,1330,6000,1.0,0,0,4,7,630,1900,0,47.5255,-122.327,1140,6000,12.388394202324129
4,2450,4080,1.5,0,0,4,8,1490,1930,0,47.6899,-122.319,2000,4080,13.583578500616985
3,1050,57499,1.0,0,0,3,7,1050,1975,0,47.5602,-121.86,1460,42688,12.842649474601725
4,3120,5001,2.0,0,0,3,9,3120,2005,0,47.2779,-122.349,3120,5244,12.84792653170257
3,2320,98445,1.0,0,0,4,8,1380,1978,0,47.7323,-122.116,2830,54014,13.422467969854667
2,1710,4189,1.0,0,1,5,7,1160,1951,0,47.5286,-122.383,1530,5608,13.024750548537328
5,1810,4850,1.5,0,0,3,7,1810,1900,0,47.67,-122.394,1360,4850,13.180632285528304
3,1530,2890,2.0,0,0,3,7,1530,2001,0,47.5434,-122.293,1540,2890,12.429216196844383
3,890,6488,1.5,0,0,3,5,890,1928,0,47.7087,-121.352,1330,16250,11.918390573078392
2,1100,6240,1.0,0,0,4,7,1100,1941,0,47.6446,-122.403,1250,6240,13.253391639810733
4,2570,262018,1.0,0,0,3,7,1420,1988,0,47.4417,-122.09,2260,19811,12.873902018105829
3,2370,7875,2.0,0,0,3,9,2370,2003,0,47.5427,-121.863,2660,7752,13.166380262821104
3,1200,8360,1.0,0,0,2,6,1200,1948,0,47.5414,-122.281,1570,6823,11.982929094215963
3,1300,812,2.0,0,0,3,8,880,2008,0,47.5893,-122.317,1300,824,12.706696406811568
5,3600,17300,1.0,0,0,4,8,2410,1968,0,47.4468,-122.341,2620,30200,12.90793176669214
2,1180,3003,2.0,0,0,3,6,1180,2005,0,47.3491,-122.02,1310,3003,12.254386505808725
3,2180,6120,1.0,0,2,3,8,1380,1949,0,47.6501,-122.405,2020,6122,13.287877815881902
3,1880,3800,1.0,0,0,5,7,1030,1927,0,47.6841,-122.309,1700,3800,13.411294669256542
2,1010,4000,1.0,0,0,3,7,1010,1947,0,47.5311,-122.382,1480,4366,12.727838209334498
3,1040,7288,1.0,0,0,3,7,1040,1959,0,47.7287,-122.311,1160,7287,12.691426603322494
3,2960,8330,1.0,0,3,4,10,2260,1953,0,47.7035,-122.385,2960,8840,14.097677449727945
3,1960,9686,1.0,0,0,3,8,1460,1989,0,47.6339,-122.026,1960,8254,13.235692062711331
3,920,4770,1.0,0,0,4,6,920,1969,0,47.3654,-122.082,920,4770,12.279090738266746
2,810,8494,1.0,0,0,3,6,810,1949,0,47.7389,-122.324,1050,7975,12.377922902456833
3,880,7004,1.0,0,0,3,5,880,1950,0,47.3019,-122.216,880,7828,11.765627818525983
5,10040,37325,2.0,1,2,3,11,7680,1940,2001,47.65,-122.214,3930,25449,15.770309654436833
5,3020,4800,2.0,0,0,3,7,3020,1901,0,47.6025,-122.313,1350,1307,13.353475098367715
3,1060,7638,1.0,0,0,5,7,1060,1966,0,47.5941,-122.142,1470,8097,12.948009990259552
3,2330,12141,1.0,0,0,3,7,1390,1983,0,47.7607,-122.146,1850,12141,13.190022025878143
4,3340,5677,2.0,0,0,3,9,3340,2011,0,47.709,-122.118,3240,5643,13.591116224748411
4,1530,7845,1.0,0,0,4,7,1030,1981,0,47.5589,-122.082,1710,7627,13.337474757021274
3,2150,4604,2.0,0,0,3,8,2150,2003,0,47.5893,-122.019,2280,4253,13.270783382522602
3,1840,5752,2.0,0,0,3,7,1840,2003,0,47.7042,-122.187,1670,2462,13.049792684569493
5,2970,7000,1.0,0,0,3,8,1810,1979,0,47.3079,-122.341,2630,8062,12.676076274775909
4,2720,6427,1.0,0,0,3,8,1650,2008,0,47.4931,-122.354,2720,8484,13.060381585048447
3,2780,275033,1.0,0,0,3,10,2780,2006,0,47.4496,-121.766,1680,16340,13.764217263576723
4,2200,6900,2.0,0,0,4,8,2200,1975,0,47.7682,-122.261,2400,6900,13.1470559899947
2,1200,3900,1.0,0,0,3,8,1200,2006,0,47.72,-122.024,1440,5580,12.9190224533863
3,2340,10005,1.0,0,0,4,8,1460,1978,0,47.4431,-122.133,2250,8162,12.834681304952548
4,2980,16263,2.0,0,0,3,9,2980,1989,0,47.5457,-122.153,2730,10018,13.827439128829548
3,2720,7250,2.0,0,0,3,9,2720,1990,0,47.6894,-122.195,2870,7250,13.721199878493033
2,770,7554,1.0,0,0,3,6,770,1946,0,47.7057,-122.36,1390,7500,12.86099861326992
3,2510,9900,1.0,0,0,3,8,1610,1978,0,47.2988,-122.374,1940,8510,12.495003937382387
3,1490,10344,1.0,0,0,3,7,1490,1985,0,47.7517,-122.326,1450,8632,12.765688433465597
2,1150,5664,1.0,0,0,3,7,870,1948,0,47.6894,-122.284,1380,5664,13.151922179645874
2,2140,5000,1.0,0,0,3,7,1000,1930,1991,47.6284,-122.291,2250,4000,13.422467969854667
4,1810,39639,1.0,0,0,3,7,1230,1970,0,47.3472,-122.11,1810,44866,12.367340793126296
3,1180,13650,1.0,0,0,4,7,1180,1967,0,47.4551,-122.154,1460,11730,12.449018824140563
3,1360,9310,1.0,0,0,4,7,1020,1980,0,47.4901,-122.185,1480,8330,12.345834587905333
4,1390,10660,1.0,0,0,4,7,1030,1960,0,47.4128,-122.323,1800,11960,12.513557345278134
3,1770,9000,1.0,0,0,3,7,1090,1954,0,47.4997,-122.326,1520,21141,12.56374708980199
4,2280,42077,2.0,0,0,3,8,2280,1994,0,47.3424,-122.077,2280,36236,13.005829561148378
3,2320,65340,1.5,0,0,3,9,2320,1992,0,47.6106,-122.055,3100,59603,13.676248490630767
3,2200,2880,2.0,0,0,5,7,1440,1904,0,47.6308,-122.312,2440,4640,13.693342923990066
5,4510,15175,2.0,0,0,3,10,4510,1969,2002,47.5309,-122.228,3510,13500,14.44144898883077
4,2190,9113,2.0,0,0,3,7,2190,1986,0,47.3241,-122.275,1570,8306,12.409013489526863
3,1320,1161,3.0,0,0,3,8,1320,2010,0,47.7162,-122.294,1320,1161,12.751299696013497
4,2030,8426,2.0,0,0,3,7,2030,1944,0,47.4806,-122.287,1190,7007,12.524526376648708
4,3280,6000,2.0,0,0,3,9,3280,2014,0,47.554,-122.19,2900,10108,13.741810195034317
4,1770,33132,1.0,0,0,4,8,1190,1965,0,47.4413,-122.151,2490,20000,12.873902018105829
2,890,3060,1.0,0,0,3,7,770,1910,0,47.6663,-122.326,1760,4080,13.203021280421783
3,1600,10530,1.0,0,2,3,8,1600,1962,0,47.7437,-122.291,2590,8274,13.239257128875828
3,1440,13824,1.0,0,0,4,7,1440,1957,0,47.5872,-122.241,2540,12092,13.311329476916953
2,760,5280,1.0,0,0,3,6,760,1946,0,47.483,-122.33,1710,6594,11.711776323715394
4,3660,5800,2.5,0,0,3,10,3360,1909,1995,47.6283,-122.312,3240,5800,14.224967687341977
2,1500,1174,2.0,0,0,3,8,1140,2014,0,47.6689,-122.363,1550,1519,13.180537941455402
2,800,5765,1.0,0,0,4,6,800,1936,0,47.7024,-122.346,1160,3844,12.538070601756466
4,2000,8700,1.0,0,0,5,7,1010,1975,0,47.374,-122.141,1490,7350,12.524526376648708
4,2360,7620,1.0,0,0,4,7,1180,1955,0,47.5278,-122.345,1910,7620,12.86099861326992
5,4490,6000,2.0,0,0,3,10,3200,2006,0,47.5396,-122.073,4530,6000,13.698976741708323
2,1280,4000,1.0,0,0,4,7,730,1929,0,47.5798,-122.383,2250,5382,13.112313041550827
3,940,11055,1.5,0,0,4,7,940,1959,0,47.3732,-122.295,1420,9100,12.100712129872347
3,1170,5360,1.0,0,0,3,6,1170,1919,0,47.5181,-122.364,1180,7200,12.721885810807203
3,2930,218235,2.0,0,2,3,8,2930,1990,0,47.5481,-121.886,2450,218235,13.473020249017498
4,3680,5854,1.0,0,3,3,10,2060,1967,0,47.6327,-122.395,3140,5000,13.795307850646754
3,2180,4976,1.5,0,2,4,8,1680,1930,0,47.573,-122.38,1850,5000,13.226723392728571
4,1430,8355,1.5,0,0,4,7,1430,1983,0,47.3178,-122.174,1550,7938,12.321630986164447
4,1820,12327,1.0,0,0,4,7,1380,1955,0,47.5767,-122.144,1450,9256,12.80765263256463
3,3240,8338,2.0,0,0,3,9,3240,2001,0,47.6321,-122.064,3420,8405,13.607255619143816
4,3550,13938,1.0,0,0,5,8,2100,1966,0,47.425,-122.283,2050,9000,13.058358047428417
3,1610,144619,1.0,0,0,3,7,1610,1977,0,47.5659,-121.863,2220,144619,12.959844447906553
3,1370,10708,1.0,0,0,3,7,1370,1969,0,47.2769,-122.264,1770,14482,12.230765258120545
1,740,1284,1.0,0,0,4,6,740,1928,0,47.6741,-122.406,1430,3988,12.577636201962656
2,3180,9400,2.0,0,4,5,10,2610,1985,0,47.5617,-122.158,3760,9450,14.224303456165114
3,1850,9600,1.5,0,0,5,7,1850,1965,0,47.7259,-122.226,1250,10500,13.100526682795154
3,2830,6536,2.0,0,0,3,9,2830,1989,0,47.7462,-122.172,2710,6954,13.313809841975283
4,2650,4924,2.0,0,0,3,8,2650,2011,0,47.7734,-122.238,2380,4733,13.17115354157376
5,1810,3000,2.0,0,0,3,7,1810,1998,0,47.5622,-122.291,1670,3000,12.799399490807907
3,2090,51212,1.0,0,0,3,8,1510,1989,0,47.3097,-122.099,2690,40820,12.84792653170257
3,1680,3420,1.0,0,0,3,7,960,1992,0,47.6855,-122.291,1680,4080,13.071070083016778
4,3000,8645,2.0,0,0,3,8,3000,1985,0,47.7315,-122.224,1930,8866,13.102160670086809
3,3110,123710,2.0,0,0,3,8,2430,1995,0,47.3879,-122.002,2420,92782,13.458835614025542
2,820,6400,1.0,0,0,4,7,820,1944,0,47.55,-122.379,1490,6400,12.797408559943435
2,750,6439,1.0,0,0,4,6,750,1934,0,47.6995,-122.354,1470,6374,12.730801174465157
4,1780,11130,1.0,0,0,5,8,1780,1962,0,47.5931,-122.178,2610,11130,13.592991811418907
2,940,9458,1.0,0,0,3,6,940,1948,0,47.7523,-122.311,1450,9458,12.487485104968359
4,1170,4000,1.0,0,0,3,7,1170,1955,0,47.5797,-122.305,1720,4000,12.706847933442663
4,1860,6687,1.0,0,0,4,7,1220,1983,0,47.4046,-122.186,1860,6117,12.572103684392932
2,740,6460,1.0,0,0,3,6,740,1953,0,47.5077,-122.344,1170,6975,12.092343880201831
3,1450,4000,1.0,0,1,4,8,950,1948,0,47.5554,-122.266,1880,4000,13.17115354157376
3,2100,8163,2.0,0,0,3,7,2100,1984,0,47.3336,-122.269,1410,7515,12.6112043647371
5,4360,8030,2.0,0,0,3,10,4360,2015,0,47.5923,-121.973,3570,6185,14.070145024369824
3,1800,5761,2.0,0,0,4,7,1800,1990,0,47.5293,-122.363,1800,5952,12.919512529357881
3,1630,4000,1.0,0,0,3,7,1100,1968,0,47.5351,-122.353,1300,4000,12.560244459250788
2,1290,1493,2.0,0,0,3,8,1290,2014,0,47.5171,-122.346,1410,1875,12.387560521575551
5,2860,12293,1.0,0,0,4,8,1430,1947,0,47.7385,-122.348,1920,18110,12.926348493478372
4,2930,25020,2.0,0,0,3,9,2930,2013,0,47.5514,-122.023,2400,32374,13.864300722133706
3,1690,5131,1.0,0,0,3,7,1690,1941,1998,47.5234,-122.38,860,5137,13.038981768465277
3,2550,8588,1.0,0,4,3,9,2550,1989,0,47.7711,-122.195,3050,8588,13.102160670086809
3,1000,18513,1.0,0,0,3,6,1000,1940,0,47.5118,-122.348,1280,8113,12.100712129872347
5,1710,7700,1.5,0,0,3,7,1710,1962,0,47.5922,-122.146,1530,7700,12.975370353663669
3,1440,5623,1.0,0,0,4,6,720,1922,0,47.696,-122.319,1280,5623,12.948009990259552
3,1330,12618,1.0,0,3,3,7,1330,1983,0,47.4403,-122.271,1870,8429,12.487485104968359
2,1010,1309,2.0,0,0,3,7,860,2007,0,47.5659,-122.286,1190,3060,12.57418196709457
4,5180,19850,2.0,0,3,3,12,3540,2006,0,47.562,-122.162,3160,9750,14.626440774180603
4,3200,7081,2.0,0,0,3,9,3200,2004,0,47.5886,-121.989,3120,6094,13.468785944878709
5,2910,5802,2.0,0,0,3,7,2910,2006,0,47.3591,-122.036,2910,5000,12.92391243868049
3,670,23522,1.0,0,0,4,6,670,1968,0,47.5329,-121.89,1880,20270,12.736700896592344
4,2641,8615,2.0,0,0,3,7,2641,1998,0,47.4038,-122.213,2641,8091,12.691426603322494
4,2730,5707,2.0,0,0,3,8,2000,2011,0,47.7327,-121.965,2430,5899,13.101139740952702
4,2650,9990,2.0,0,0,3,10,2650,1990,0,47.5605,-122.016,2710,8012,13.45166712454693
4,2820,39413,2.0,0,0,4,9,2820,1989,0,47.3064,-122.1,2910,39413,13.049792684569493
4,3090,41147,1.0,0,0,3,7,3090,1990,0,47.6748,-122.049,3300,34280,13.676248490630767
2,950,3880,1.0,0,0,4,6,950,1919,0,47.687,-122.389,1660,3880,13.16158409055761
3,2110,18815,2.0,0,0,5,7,2110,1979,0,47.5836,-122.042,2690,21010,13.955272500339433
3,1340,7210,1.0,0,0,4,7,1340,1975,0,47.4182,-122.167,1370,7210,12.449018824140563
4,3020,6068,2.0,0,0,3,9,3020,2006,0,47.773,-122.16,3240,5757,13.326935543133104
4,2260,5705,2.0,0,0,3,8,2260,2014,0,47.3726,-122.159,2260,5727,12.793720411897448
4,2070,20280,2.0,0,0,4,7,2070,1968,0,47.774,-122.134,2190,21560,13.112313041550827
4,3080,35430,2.0,0,0,3,9,3080,1997,0,47.6325,-121.97,2640,28972,13.36138027787483
2,1240,2500,2.0,0,0,3,7,1240,1985,0,47.6793,-122.395,1660,5000,13.005829561148378
3,3720,11610,2.0,0,0,3,11,3720,1982,0,47.636,-122.049,3530,11877,13.892471599100402
3,1970,9607,2.0,0,0,3,7,1090,1988,0,47.3462,-122.286,2020,9608,12.57418196709457
3,1360,5120,1.5,0,0,4,6,910,1924,0,47.5587,-122.393,1440,5120,12.971540487669746
1,2880,7560,1.0,0,0,3,7,1440,1925,2014,47.537,-122.375,1400,5040,13.217673557208654
4,2090,8164,1.0,0,0,4,8,1070,1963,0,47.6715,-122.155,1310,7975,13.272506035834049
3,1780,2778,2.0,0,0,3,8,1530,2007,0,47.5487,-122.372,1380,1998,13.001325049027272
3,1380,11130,1.0,0,0,3,7,1380,1960,0,47.3146,-122.323,1380,9200,12.25462468611234
3,1520,3593,2.0,0,0,3,7,1520,2004,0,47.3842,-122.042,1610,3612,12.570715759118084
3,1230,9600,1.0,0,0,3,7,1230,1952,0,47.5553,-122.288,1510,6600,12.8790171187726
3,1280,12928,1.5,0,0,3,6,1280,1942,0,47.3215,-122.399,1610,19467,12.542187675503545
3,2150,30476,2.0,0,0,3,7,2150,1991,0,47.4605,-122.277,2010,10800,12.721885810807203
4,3680,8580,1.0,0,3,5,10,1840,1959,0,47.5266,-122.387,2700,9100,13.864300722133706
3,1780,6840,2.0,0,0,4,6,1780,1947,0,47.727,-122.3,1410,7200,12.676076274775909
3,3530,4920,2.0,0,0,3,9,2660,2015,0,47.641,-122.357,1900,4200,14.253765488895429
4,2100,3400,1.0,0,0,5,7,1100,1915,0,47.6429,-122.371,1890,3771,13.527828485512494
3,2370,12196,2.0,0,0,4,7,2370,1970,0,47.6734,-122.176,1380,12196,13.102160670086809
4,4810,18851,2.0,0,3,3,11,4810,2007,0,47.6364,-122.214,3970,19929,14.979910587170387
4,2440,14470,1.0,0,0,4,9,1660,1970,0,47.6401,-122.168,2810,15564,13.457406021215947
2,1230,4800,2.0,0,0,3,7,1230,1952,2004,47.7145,-122.35,1560,7200,13.047639831208393
4,2530,10000,2.0,0,0,3,7,2530,2013,0,47.431,-122.335,1420,9898,13.036805489042683
3,1360,5967,1.0,0,0,3,6,1360,1954,0,47.4973,-122.256,1360,6052,12.487485104968359
4,2320,12042,1.0,0,0,4,7,1320,1975,0,47.763,-122.16,2160,7054,13.060487973686241
3,1160,3750,1.5,0,0,3,7,1160,1910,0,47.5652,-122.359,1530,3750,12.873902018105829
2,980,5100,1.0,0,0,4,6,980,1907,0,47.6824,-122.38,1190,5100,12.886641043883259
4,1740,7895,2.0,0,0,3,7,1740,1999,0,47.3401,-122.282,1720,6813,12.618182296357007
2,950,3060,1.0,0,0,3,6,810,1925,0,47.6698,-122.323,1510,3780,13.102160670086809
6,3560,4290,1.0,0,0,4,7,1780,1957,0,47.5282,-122.269,3040,6000,12.983101310070822
2,2460,16940,1.5,0,4,4,9,1930,1936,0,47.6792,-122.404,2260,6851,14.130321297804308
3,1410,8250,1.0,0,0,3,7,1410,1954,0,47.7621,-122.36,1580,8250,12.691580461311874
3,1520,8870,1.5,0,0,4,7,1520,1951,0,47.7638,-122.317,1520,7800,12.676076274775909
5,4460,2975,3.0,0,2,3,10,3280,2015,0,47.6313,-122.37,2490,4231,13.102160670086809
4,2750,6259,2.0,0,0,3,9,2750,2002,0,47.3304,-122.179,2810,6824,12.793859310432293
4,2540,12843,2.0,0,0,3,9,2540,1992,0,47.3866,-122.169,2410,9383,12.768256561571306
3,1630,12295,2.0,0,0,4,7,1630,1985,0,47.4279,-122.161,1730,9948,12.736553826954605
4,1750,4779,2.0,0,0,3,7,1750,2009,0,47.7608,-122.232,1580,4687,12.93723789327764
4,2160,4800,2.0,0,0,4,7,1290,1929,0,47.4777,-122.212,1570,4800,12.691426603322494
3,1310,1266,2.0,0,0,3,8,1120,2002,0,47.5663,-122.408,1310,1378,13.005829561148378
3,1820,7750,1.0,0,0,3,8,1820,1992,0,47.3169,-122.352,2080,8084,12.506177237980511
4,1480,7560,1.5,0,0,3,7,1480,1940,0,47.7079,-122.358,1480,7560,12.994530005894443
3,2610,8481,2.0,0,0,3,10,2610,1993,0,47.5535,-122.115,3140,10008,13.604789526648622
3,970,6600,1.0,0,0,3,7,970,1965,0,47.4836,-122.332,1200,6600,12.013700752882718
4,2390,9968,1.0,0,0,4,9,1390,1989,0,47.3706,-122.056,2560,12385,12.936033799212835
2,2034,13392,1.0,1,4,5,7,1159,1947,0,47.3312,-122.503,1156,15961,13.215853720491667
4,1890,4500,1.5,0,0,3,7,1490,1907,1993,47.6684,-122.356,1640,4010,13.5985975564007
4,2410,8447,2.0,0,3,4,8,2060,1936,1980,47.6499,-122.088,2520,14789,13.217673557208654
4,3390,7870,2.0,0,0,3,8,3390,2014,0,47.4536,-122.274,1960,10069,13.112313041550827
3,1410,905,3.0,0,0,3,9,1410,2014,0,47.5818,-122.402,1510,1352,13.179688444023599
4,1700,6031,2.0,0,0,3,8,1700,1994,0,47.3582,-122.191,1930,6035,12.323855681186558
3,1250,219978,1.0,0,0,4,6,1250,1980,0,47.4056,-121.955,1930,210394,12.765688433465597
4,2350,5589,2.0,0,0,3,7,2350,2001,0,47.5098,-122.155,2014,6365,12.964422189335751
4,4580,4838,2.0,0,3,4,11,3080,1991,0,47.6305,-122.354,3540,6483,14.880221294956703
3,2520,2152,1.5,0,0,3,8,1560,1925,2006,47.6363,-122.371,1140,2152,13.567049198665774
5,2830,25958,1.0,0,1,5,8,1610,1979,0,47.5896,-122.083,2670,21567,13.458835614025542
3,1670,7881,1.0,0,0,4,7,1190,1977,0,47.4105,-122.18,1870,7820,12.437184366493561
2,700,3180,1.0,0,0,3,6,480,1951,0,47.4976,-122.262,1760,6360,11.694413341015606
3,1180,7573,1.0,0,0,4,7,1180,1977,0,47.7372,-122.294,1320,7573,12.779873068457553
3,1320,7695,1.0,0,0,4,7,1320,1959,0,47.4908,-122.181,1370,8295,12.524526376648708
3,1810,12600,1.0,0,0,3,7,1400,1977,0,47.7143,-122.233,1934,12600,13.017002861746503
3,1630,15200,1.0,0,0,3,7,1120,1988,0,47.7454,-122.103,2050,15200,12.886641043883259
4,2810,11902,2.0,0,0,4,9,2810,1993,0,47.5303,-122.143,2990,10754,13.524489584246979
4,3060,5000,2.0,0,0,3,9,3060,2006,0,47.5395,-122.188,2870,5548,13.473020249017498
3,2350,5700,1.5,0,0,4,8,1810,1939,0,47.639,-122.31,2170,6000,13.554145793829866
3,1410,8100,2.0,0,0,3,7,1410,1985,0,47.3617,-122.046,1560,8100,12.479909311159902
3,1150,5120,1.0,0,0,4,6,800,1946,0,47.5588,-122.392,1220,5120,12.948009990259552
4,1983,6002,2.0,0,0,3,9,1983,2012,0,47.3281,-122.164,2502,4750,12.751299696013497
4,2330,14175,1.0,0,0,3,7,1800,1980,0,47.4193,-122.194,1480,10125,12.826649133255284
3,2340,12282,1.0,0,2,3,8,1470,1978,0,47.7379,-122.289,2640,8887,12.611537753638338
3,1250,8700,1.0,0,0,4,7,1250,1959,0,47.4744,-122.328,1300,8700,12.631340380934517
4,1570,18730,1.0,0,0,3,7,1200,1960,0,47.3999,-122.301,1920,18295,12.387977448827787
3,2577,156816,2.0,0,0,3,8,2577,2000,0,47.2935,-122.108,2090,156816,13.112313041550827
3,1580,19998,1.0,0,0,4,7,1580,1968,0,47.3299,-122.046,1860,19998,12.765688433465597
4,1930,3876,1.5,0,0,5,7,1450,1924,0,47.6604,-122.324,1280,3825,13.504900980868788
4,2520,2370,2.0,0,0,3,8,1690,1908,0,47.6109,-122.303,1530,2370,13.081541382884074
4,1870,7700,2.0,0,0,3,7,1870,1977,0,47.6937,-122.127,1970,7700,13.16158409055761
2,1450,4750,1.0,0,0,3,7,850,1950,0,47.5293,-122.272,1190,5000,12.254862809699606
4,2400,7693,2.0,0,0,3,8,2400,2003,0,47.4881,-122.142,2400,8038,13.017002861746503
5,1970,15247,1.0,0,0,3,7,1450,1986,0,47.5669,-121.905,1300,10800,12.983101310070822
5,2200,6250,2.0,0,0,3,7,2200,1996,0,47.3675,-122.021,1850,6091,12.467956025160314
4,3030,7644,2.0,0,0,3,8,2830,2006,0,47.5457,-121.881,3400,6908,13.34222153772701
5,2550,5040,1.5,0,0,5,8,2550,1902,0,47.6136,-122.299,1590,3840,13.38472764187182
3,1900,3960,1.5,0,0,3,8,1200,1905,0,47.6122,-122.298,1310,3960,13.270783382522602
3,1430,9240,2.0,0,0,3,7,1430,1984,0,47.6258,-122.058,1480,8125,12.969212197910155
5,3280,4000,2.0,0,0,3,9,2440,2003,0,47.689,-122.396,1980,4000,13.804449610604848
4,3910,7500,2.0,0,2,4,11,2550,1933,0,47.6448,-122.409,3070,7500,14.508157613482537
2,700,4700,1.0,0,0,5,5,700,1953,0,47.4953,-122.169,960,5200,12.206072645530174
4,1950,6192,2.0,0,0,3,8,1950,1992,0,47.5698,-121.999,2040,5441,13.235692062711331
3,1370,9720,2.0,0,0,3,7,1370,1968,0,47.7302,-122.197,1510,8775,12.834681304952548
2,1060,5200,1.0,0,0,3,6,1060,1969,0,47.3688,-122.08,910,5200,12.285345826424681
4,1490,5300,1.0,0,0,3,7,1110,1977,0,47.5949,-122.296,1330,1499,12.959844447906553
4,4320,8709,2.0,0,0,3,11,3190,2006,0,47.5369,-122.07,4010,8321,13.864300722133706
4,4720,21000,3.0,0,4,5,11,4720,1971,0,47.7591,-122.376,3010,20000,14.237504968023648
2,2090,11317,1.0,0,0,5,7,1090,1931,0,47.4594,-122.279,1940,11317,12.524526376648708
3,1230,7420,1.5,0,0,5,7,1230,1913,0,47.3184,-122.22,1260,7556,12.206072645530174
2,1240,3000,1.5,0,0,3,7,1240,1906,0,47.6689,-122.326,1800,4080,13.087771932634709
4,1630,3060,2.0,0,0,3,7,1630,2003,0,47.5072,-122.336,1270,4590,12.371587084007746
5,3680,10300,1.5,0,0,4,10,3680,1927,0,47.6548,-122.28,2690,7200,14.204168547756057
4,2440,5000,1.0,0,0,3,8,1340,1954,0,47.6823,-122.371,2170,5000,13.24634935718532
5,5150,12230,2.0,0,2,3,10,3700,2007,0,47.6249,-122.09,2940,13462,14.136143730555741
4,1540,5120,1.0,0,0,5,6,770,1943,0,47.5359,-122.372,1080,5120,12.886641043883259
2,1270,5500,1.5,0,0,4,8,1270,1921,0,47.6121,-122.294,1870,4400,13.312983737012978
4,3780,10962,2.0,0,0,3,10,3780,1990,0,47.6533,-122.183,3310,11651,13.795307850646754
3,2200,9840,1.0,0,0,5,8,1500,1978,0,47.559,-122.136,2410,9623,13.442996549995796
4,2390,23972,2.0,0,0,3,7,1720,1949,0,47.3197,-122.343,1950,22750,12.634603026569334
3,1950,9906,2.0,0,0,3,8,1950,1988,0,47.6363,-122.025,1860,7689,13.180632285528304
3,1230,3405,1.0,0,0,3,7,1230,2010,0,47.438,-122.179,1440,4066,12.594730635321957
2,950,4800,1.0,0,0,3,6,950,1941,0,47.5864,-122.301,1420,5400,13.005829561148378
3,2150,161607,2.0,0,0,3,7,1330,1995,0,47.4178,-121.937,2400,207781,13.148031124152906
3,1700,8360,1.0,0,0,4,7,850,1955,0,47.5766,-122.147,1520,8360,13.028052697933088
3,1450,61419,1.0,0,0,4,8,1450,1976,0,47.3343,-122.16,2256,82328,12.80765263256463
4,2180,5799,2.0,0,0,4,8,2180,1993,0,47.5702,-121.995,2060,6061,13.256019762217003
1,640,10280,1.0,0,0,2,5,640,1920,0,47.5144,-122.368,1090,9000,11.608235644774552
3,1950,7263,2.0,0,0,3,7,1950,2007,0,47.5194,-121.869,2190,5900,12.921470435024938
3,1790,2700,2.0,0,0,3,8,1790,2010,0,47.564,-122.093,1890,3078,13.141969907043247
4,1610,6923,1.0,0,0,3,6,1010,1969,0,47.3747,-122.306,1320,7684,12.524526376648708
5,2070,4698,2.0,0,0,3,7,2070,1999,0,47.3539,-122.024,2010,4698,12.729320789294722
4,5230,89298,2.5,0,0,3,11,5230,2002,0,47.4097,-122.063,4110,107153,14.115615150414612
4,1400,7242,1.5,0,0,3,7,1400,1959,0,47.4339,-122.291,1310,7314,12.380025952653611
4,1220,7980,1.5,0,0,3,6,1220,1944,0,47.4924,-122.237,1210,7920,12.013700752882718
3,1810,4332,2.0,0,0,3,8,1810,1992,0,47.5776,-121.996,1740,4332,13.15676480412166
3,1510,12408,1.0,0,0,4,7,1510,1969,0,47.5069,-122.141,1480,17800,12.64642215549184
2,850,5250,1.0,0,0,4,7,850,1950,0,47.731,-122.342,1440,5250,12.591335046320818
4,3430,6500,2.0,0,0,3,9,3050,2006,0,47.7079,-122.106,3070,6802,13.567049198665774
3,1760,6788,2.0,1,4,3,7,1760,1940,1960,47.7336,-122.284,1630,7588,13.955272500339433
3,1639,2710,2.0,0,0,3,8,1479,2003,0,47.5924,-122.294,1580,1733,13.017002861746503
4,2190,6896,2.0,0,0,3,7,2190,2007,0,47.5191,-121.869,2190,5900,13.021437458814368
4,1830,11090,1.0,0,0,3,7,1060,1962,0,47.7333,-122.246,1990,10917,12.855790268162783
2,900,4800,1.0,0,0,4,6,780,1944,0,47.6575,-122.4,1270,5520,13.179688444023599
4,1760,7216,1.0,0,0,3,7,1090,1947,0,47.7041,-122.355,1180,3844,12.971424201839042
3,3730,383328,1.5,0,0,4,9,2230,1990,0,47.4257,-122.03,1940,217800,13.383958115092792
4,1630,5750,1.0,0,0,3,7,1160,1947,0,47.5674,-122.384,1640,5750,13.262125319779487
3,1220,14645,1.0,0,0,3,6,1220,1970,0,47.4842,-122.117,1980,24960,12.66032791780777
4,2170,204296,1.0,0,0,4,7,2170,1980,0,47.281,-121.933,1760,154202,12.89921982609012
4,2030,8517,1.0,0,0,4,8,1380,1961,0,47.5495,-122.174,2230,8824,13.122363377404328
3,990,7050,1.0,0,0,3,7,990,1967,0,47.7274,-122.202,1200,8125,12.644327576461329
3,1030,6600,1.0,0,0,3,7,1030,1954,0,47.4941,-122.34,1220,9040,12.072541252905651
4,2210,19025,1.0,0,0,4,7,1460,1952,0,47.5927,-122.203,2640,14999,13.764217263576723
3,1580,1303,2.0,0,0,3,8,1340,2010,0,47.5875,-122.315,1560,1294,13.217673557208654
4,2520,7253,2.0,0,0,3,9,2520,1990,0,47.5148,-122.159,2570,8359,12.999065161059836
3,1360,7680,1.0,0,0,3,7,1360,1955,0,47.7441,-122.337,1630,7679,12.772805901234461
5,2520,5753,1.5,0,0,4,7,1510,1928,0,47.2058,-121.997,1620,6875,12.429216196844383
4,3350,5416,2.0,0,0,3,9,3350,2014,0,47.6849,-122.016,3625,5637,13.580420935631663
3,1570,6450,1.5,0,0,4,6,1570,1931,0,47.2021,-121.996,1400,6450,12.037653993905211
3,3070,223463,2.0,0,0,3,9,3070,2003,0,47.664,-121.993,3640,223463,13.531820506782031
4,2110,4178,2.0,0,0,3,7,2110,2013,0,47.3612,-122.081,2300,4142,12.691426603322494
6,2860,17853,1.0,0,0,3,8,1430,1962,2015,47.546,-122.175,1920,13452,13.610943392223
3,1710,7350,1.0,0,0,3,8,1280,1981,0,47.699,-122.167,2100,7560,13.17115354157376
1,560,5700,1.0,0,0,3,5,560,1947,0,47.511,-122.359,1120,5000,11.571194373094205
4,2160,8000,1.0,0,0,4,9,1660,1976,0,47.3165,-122.382,2350,8200,12.779873068457553
4,2220,130244,2.0,0,0,3,8,2220,1989,0,47.4989,-121.9,2680,130680,13.388566418178986
3,5290,224442,2.0,0,0,4,11,4540,1988,0,47.6671,-122.051,3750,84936,14.340239086899256
6,2890,8122,1.0,0,0,3,8,1630,1977,0,47.5886,-122.113,2730,9915,13.126355398673866
4,2560,4020,2.0,0,0,3,9,2560,2006,0,47.3533,-122.027,3010,4916,12.92391243868049
4,2200,9453,1.0,0,0,5,8,1100,1955,0,47.5744,-122.305,1390,5355,13.27594246533263
3,1990,7405,1.0,0,0,5,7,1990,1971,0,47.5421,-122.172,2120,6462,13.142166004700508
3,2000,30605,2.0,0,0,4,8,2000,1989,0,47.3442,-122.062,1930,35350,12.899094818276968
4,2830,6163,2.0,0,0,3,9,2830,2000,0,47.5227,-122.19,2730,6202,13.1749558275235
3,1820,8722,1.5,0,0,3,7,1820,1926,2008,47.2137,-121.989,1480,12285,12.567237494741757
3,1690,1760,2.0,0,0,3,8,1410,2014,0,47.5387,-122.367,1740,1760,12.730801174465157
3,3150,20189,2.0,0,0,3,10,3150,1990,0,47.447,-122.088,2920,20612,13.253391639810733
3,3870,46609,2.0,0,3,3,9,3870,1997,0,47.5966,-122.112,4030,17880,14.058456736574664
4,5370,323215,2.0,0,0,3,10,5370,2002,0,47.6003,-122.076,3780,9891,14.26339638195639
3,1170,3868,1.5,0,0,4,7,1170,1925,0,47.5543,-122.29,1400,3800,12.89921982609012
2,1090,4013,1.5,0,0,3,7,1090,1900,0,47.6652,-122.338,1390,4013,13.437174117244362
3,2460,54885,2.0,0,0,4,8,2460,1980,0,47.4996,-122.146,2770,21407,13.16158409055761
3,1670,8230,1.0,0,0,5,7,1670,1954,0,47.2613,-122.255,2077,4910,12.336881585641587
3,1540,1428,3.0,0,0,3,9,1540,2013,0,47.6648,-122.353,1660,3300,13.444446876573442
5,2600,13674,1.0,0,0,5,8,1300,1967,0,47.7176,-122.302,2150,7800,13.304601597392535
3,2270,13590,1.5,0,0,4,6,1300,1948,0,47.2099,-122.001,1160,13545,12.205822614274965
3,1140,8775,1.0,0,0,3,6,990,1942,0,47.4824,-122.336,1300,8775,12.191973721150672
5,2260,10087,1.0,0,0,3,8,1520,1967,0,47.5982,-122.128,2500,9440,13.356644673128994
3,850,2500,1.0,0,0,3,7,850,1986,0,47.5677,-122.36,850,5000,12.594730635321957
4,1950,7139,1.0,1,4,3,7,1150,1957,0,47.5121,-122.248,1600,13122,13.458835614025542
3,1880,5752,1.0,0,0,4,7,940,1945,0,47.5354,-122.378,1110,5201,12.928778628331663
7,2350,8636,1.0,0,0,3,7,1550,1962,0,47.5432,-122.277,1500,7366,12.581078546153629
4,3890,25470,2.0,1,3,5,10,3030,1923,0,47.6608,-122.269,4140,19281,14.897315728316002
3,1110,9012,1.0,0,0,4,7,1110,1966,0,47.6563,-122.131,1800,8679,13.021437458814368
5,3090,7069,2.0,0,0,3,9,3090,2012,0,47.5114,-122.196,2480,8000,13.329377546788654
3,2320,6775,1.0,0,0,3,8,2320,2008,0,47.7158,-122.016,1680,4750,13.49812500613905
4,2807,9430,2.0,0,0,3,8,2807,1996,0,47.7449,-122.223,2028,11056,13.353475098367715
3,1460,2800,2.0,0,0,3,7,1460,1928,0,47.6779,-122.371,1220,4062,13.270783382522602
3,1820,4200,2.0,0,0,3,8,1820,2014,0,47.3693,-122.017,2370,4200,12.636669294275944
3,1690,53578,1.0,0,0,3,8,1690,1984,0,47.6546,-122.049,2290,52707,13.141969907043247
5,1120,9022,1.5,0,0,4,7,1120,1962,0,47.7296,-122.24,1310,7500,12.736700896592344
3,1020,6173,1.0,0,0,3,6,780,1948,0,47.5042,-122.329,1330,5909,12.367340793126296
6,2600,9350,1.0,0,0,4,8,1340,1963,0,47.6198,-122.105,2090,9102,13.304684934198283
2,1010,4050,1.0,0,0,3,7,1010,1950,0,47.5838,-122.382,2310,5000,12.834681304952548
2,2070,23160,1.0,0,0,3,7,1260,1946,0,47.6551,-122.394,1690,5458,13.265597545490236
2,1200,1867,1.0,0,0,3,7,600,1924,1998,47.627,-122.345,1790,2221,13.077366011473593
3,1080,9225,1.0,0,0,2,7,1080,1955,0,47.4842,-122.346,1410,9840,11.900905258737373
4,4750,13912,2.0,0,2,3,10,3600,2005,0,47.5332,-122.265,3600,22124,14.085155942929903
4,3080,6500,1.0,0,0,4,9,1700,1941,0,47.6353,-122.402,2960,5711,13.946538820370678
4,5270,12195,2.0,1,4,3,11,3400,1979,0,47.5696,-122.09,3390,9905,14.77102200299171
3,1330,7419,1.0,0,0,3,7,1330,1985,0,47.7322,-122.236,1330,7297,12.751154757974255
4,2420,8400,1.0,0,0,5,7,1620,1964,0,47.5017,-122.165,1660,8400,12.765688433465597
3,1150,6000,1.0,0,0,5,7,1150,1956,0,47.498,-122.263,1980,6360,12.439166527697552
4,2060,10358,1.0,0,0,4,8,1320,1962,0,47.5478,-122.174,2060,9676,13.232114241363448
4,2420,6495,2.0,0,0,3,8,2420,2005,0,47.3771,-122.029,2420,6200,12.818551923022664
4,1530,7816,1.0,0,0,3,7,1530,1955,0,47.7309,-122.332,1480,7816,13.122363377404328
4,2410,4560,2.0,0,2,5,9,1800,1929,0,47.6796,-122.402,2150,5100,13.77468856344402
4,2800,6977,2.0,0,0,3,8,2800,2003,0,47.3542,-122.014,2800,6600,13.016891744462095
3,1910,4488,2.0,0,0,3,8,1910,1998,0,47.6176,-122.14,1530,3696,13.332624302887524
4,2820,4174,2.0,0,0,3,9,2820,2004,0,47.7112,-122.226,2560,4853,13.425426551894413
3,1890,7053,2.0,0,0,4,8,1890,1992,0,47.3967,-122.183,2000,7226,12.758519943986984
2,1610,1968,2.0,0,0,4,7,1610,1979,0,47.5184,-122.196,1950,1968,12.535376392672774
2,910,9753,1.0,0,0,3,5,910,1947,0,47.3897,-122.236,1160,7405,11.350406535472453
3,1400,9087,1.0,0,0,3,7,1400,1954,0,47.7711,-122.34,1490,8380,12.676076274775909
4,1210,4250,1.0,0,0,4,7,1210,1941,0,47.5275,-122.321,1210,6000,12.66032791780777
3,1880,3054,2.0,0,0,3,8,1880,1988,0,47.6091,-122.147,1840,3815,13.202836761554206
3,1150,6480,1.5,0,0,4,5,1150,1946,0,47.2642,-122.258,1100,7300,12.052338545588132
4,3780,6800,2.0,0,0,3,8,3780,2004,0,47.3526,-122.012,3640,7326,13.217582643985264
3,1740,7345,1.0,0,0,3,7,1380,1973,0,47.3663,-122.285,1770,8250,12.506177237980511
5,2820,14062,2.0,0,0,4,7,2380,1960,0,47.7081,-122.215,1910,10392,13.414958361716755
4,1867,15314,2.0,0,0,3,9,1867,2013,0,47.3524,-122.198,2616,8048,12.845159549240176
3,1770,2677,2.0,0,0,3,7,1770,2005,0,47.4339,-122.194,1550,1798,12.468436909997665
3,860,5185,1.0,0,0,4,6,860,1968,0,47.3634,-122.086,1120,5494,12.196022309676673
5,1830,47916,1.5,0,0,3,6,1830,1948,0,47.4881,-121.777,2010,13135,13.021437458814368
3,1400,3538,1.0,0,0,3,7,800,1953,0,47.5405,-122.27,1620,6331,12.764258840656002
4,1820,3899,2.0,0,0,3,7,1820,1999,0,47.735,-121.985,1820,3899,12.793720411897448
4,1790,10200,1.0,0,0,4,8,1210,1963,0,47.3774,-122.225,1540,6600,12.618182296357007
4,2820,5934,1.0,0,3,5,9,1770,1952,0,47.5706,-122.403,2230,6000,13.77468856344402
4,2500,12090,1.0,0,0,3,9,2500,1983,0,47.6346,-122.045,3380,12760,13.244581010128577
3,3190,5283,2.0,0,0,3,9,3190,2007,0,47.5534,-122.002,2950,5198,13.547631112808673
4,1900,9077,2.0,0,0,3,7,1900,1954,2015,47.7684,-122.304,1900,12868,13.036805489042683
3,2600,5085,1.0,0,0,4,7,1400,1940,0,47.5659,-122.376,1320,4000,13.199324418540456
2,850,2700,1.0,0,0,5,6,850,1924,0,47.6684,-122.316,1630,3000,13.010313873595706
4,2190,3622,1.5,0,0,5,8,1990,1925,0,47.6887,-122.312,1450,3082,13.345506928718539
3,1180,7793,1.0,0,0,4,7,1180,1992,0,47.4053,-122.181,1720,7793,12.490875577231112
6,2150,4505,1.0,0,0,3,7,1270,1952,0,47.6514,-122.369,1740,4505,13.534473028231162
3,1820,1358,3.0,0,0,3,9,1820,2014,0,47.5433,-122.376,1710,1367,13.081437210791684
3,2110,9199,1.0,0,0,3,10,2110,1993,0,47.6496,-122.083,3130,8841,13.425574251473737
3,1300,12600,1.0,0,0,4,7,1300,1969,0,47.7422,-122.1,1480,13530,12.661913960963405
2,830,1858,2.0,0,0,3,7,830,2005,0,47.5828,-122.314,1480,3030,12.72039215855042
5,3160,10587,1.0,0,0,5,7,2190,1960,0,47.7238,-122.165,2200,7761,13.337474757021274
3,2080,75794,1.0,0,0,3,7,2080,1958,0,47.7018,-122.189,1870,11020,13.592367006650065
1,630,1362,1.0,0,0,3,7,630,1943,0,47.6342,-122.342,1090,1376,12.971540487669746
5,2110,10766,2.0,0,0,3,7,2110,2005,0,47.3599,-122.176,1460,10400,12.66032791780777
5,2360,10081,1.0,0,0,4,7,1180,1961,0,47.5552,-122.178,2200,10461,13.17115354157376
3,2310,53578,1.0,0,0,4,8,1340,1981,0,47.7677,-122.135,2660,49658,13.142166004700508
2,1910,1369,3.0,0,0,3,9,1910,2002,0,47.6544,-122.373,1910,1879,13.320968304271384
3,920,5200,1.0,0,0,4,6,920,1969,0,47.3647,-122.082,920,4875,12.250089530946948
5,4460,269345,2.0,0,4,3,9,3330,1996,0,47.4992,-122.06,2670,115434,13.633328991371235
3,1560,4200,2.0,0,0,3,7,1560,2003,0,47.3838,-122.026,1560,4200,12.502466658583977
3,2950,78843,1.5,0,0,3,9,2950,2006,0,47.5917,-122.068,3880,78843,13.539757056377766
3,1880,9659,1.0,0,0,3,8,1180,1951,0,47.7497,-122.284,1780,9659,13.071070083016778
4,2430,7242,2.0,0,0,3,8,2430,2003,0,47.3533,-122.015,2430,7242,12.928778628331663
1,900,6380,1.0,0,0,3,6,900,1947,0,47.7019,-122.311,1830,6380,12.765688433465597
4,2850,2970,2.0,0,0,3,8,2120,1999,0,47.547,-122.01,2380,3559,13.337474757021274
4,2180,9702,1.0,0,0,5,7,1090,1962,0,47.4973,-122.268,2020,9792,12.80353457595571
3,1550,7820,1.0,0,0,4,7,1210,1981,0,47.717,-122.163,1550,6900,12.994530005894443
3,1490,9844,1.0,0,0,4,7,1190,1959,0,47.7626,-122.297,1840,10150,12.926348493478372
4,2290,4539,2.0,0,0,3,7,2290,2001,0,47.4753,-122.172,1710,7200,12.594730635321957
3,1430,11173,1.0,0,0,1,7,1430,1955,0,47.5734,-122.153,1520,11659,12.84792653170257
3,2470,8800,2.0,0,0,3,9,2470,1961,2004,47.5753,-122.222,2340,10980,13.652991628466498
4,2790,7956,2.0,0,0,3,9,2790,2005,0,47.3681,-122.31,1660,8192,12.834681304952548
3,1360,13496,1.0,0,0,4,8,1360,1960,0,47.4032,-122.314,1900,10538,12.751299696013497
4,2160,19283,2.0,0,0,3,8,2160,1981,0,47.7603,-122.169,1990,9744,13.071070083016778
3,1760,5488,1.5,0,0,3,7,1540,1927,0,47.6479,-122.367,1760,5943,13.527828485512494
4,1510,9176,1.0,0,0,5,7,1510,1957,0,47.7651,-122.339,1480,9176,12.904207367601158
3,1720,28000,1.0,0,0,4,7,1720,1958,0,47.4375,-122.176,2000,41817,12.694652660348845
4,3420,5012,2.0,0,0,3,10,2330,2008,0,47.732,-121.982,2320,5465,13.214030565930152
4,2260,16188,1.0,0,0,3,10,2260,1984,0,47.5637,-122.112,2840,10158,13.567049198665774
3,1540,8925,1.0,0,0,4,7,1540,1957,0,47.7762,-122.337,1620,10397,12.8802918162046
3,1010,12000,1.0,0,0,4,7,1010,1977,0,47.77,-122.207,1080,10619,12.66032791780777
3,1370,4790,2.0,0,0,4,7,1370,1982,0,47.7253,-122.164,1370,3799,12.779873068457553
3,1460,8710,1.0,0,0,3,7,1460,1955,0,47.4561,-122.357,1400,8645,12.691426603322494
5,6490,10862,2.0,0,3,4,11,3940,1991,0,47.5728,-122.205,3290,14080,14.508657738524219
2,1570,2031,2.0,0,0,3,8,1310,2006,0,47.548,-122.375,1570,2039,12.765545566117686
2,1600,5795,1.5,0,0,3,8,1600,1940,0,47.6709,-122.276,2310,6301,13.418495646168909
4,1850,7199,2.0,0,0,4,7,1850,1989,0,47.4031,-122.172,1940,7432,12.629705057593787
3,2050,15020,1.0,0,2,3,9,1600,1960,0,47.759,-122.371,2930,15050,13.541073712262515
3,1460,43000,1.0,0,0,3,7,1460,1952,0,47.4434,-122.347,2250,20023,12.89921982609012
3,1580,8541,2.0,0,0,3,7,1580,1990,0,47.3334,-122.289,1640,7542,12.271626276269613
3,1190,6445,1.0,0,0,3,7,1190,1996,0,47.5057,-122.172,1920,8195,12.683858415217964
3,2430,4524,1.5,0,0,4,7,1830,1924,0,47.674,-122.35,1610,4100,13.567049198665774
3,990,12696,1.5,0,0,3,7,990,1936,0,47.4776,-122.279,1260,8937,12.06249091705215
4,2440,3600,1.5,0,0,5,8,1480,1929,0,47.6853,-122.331,1770,4000,13.567049198665774
4,1680,9966,1.0,0,0,3,7,1100,1977,0,47.3923,-122.311,2400,10369,12.498742259492994
3,1350,8587,1.0,0,0,3,7,1350,1998,0,47.2073,-122.012,1350,8587,12.404923504275338
3,1580,1972,2.5,0,2,3,8,1180,2007,0,47.5903,-122.386,1500,1908,13.199324418540456
3,1410,9600,1.0,0,0,4,7,1410,1983,0,47.7591,-122.146,1410,9600,12.80902155817197
4,4160,13170,2.0,0,0,3,11,3040,2001,0,47.5182,-122.149,3780,13148,13.955272500339433
3,1580,8841,1.5,0,0,5,7,1180,1923,0,47.6931,-122.352,1580,7512,13.16158409055761
3,1170,8239,1.0,0,0,3,7,1170,1981,0,47.3679,-122.088,1180,7866,12.230765258120545
3,2450,6500,2.0,0,0,4,8,2450,1985,0,47.3739,-122.172,2200,6865,12.70381302974751
3,2680,28243,2.0,0,0,3,9,2680,1993,0,47.7637,-122.05,2670,32130,13.399995114002609
4,1250,8840,1.0,0,0,4,7,910,1979,0,47.4138,-122.317,1410,8378,12.589803261492332
3,4720,32467,2.0,0,2,3,10,3190,1998,0,47.508,-122.113,3260,26386,13.664687668229691
4,3270,5187,2.0,0,0,3,9,3110,2014,0,47.6966,-122.133,3600,5825,13.848838945412718
4,2640,9000,2.0,0,0,3,10,2640,1990,0,47.6481,-122.125,2980,9137,13.579788224443204
4,2120,13780,2.0,0,0,3,8,2120,1993,0,47.4987,-122.365,1880,12000,12.909046386907855
3,1500,1473,2.0,0,0,3,8,1120,2000,0,47.6063,-122.305,1720,1976,12.9190224533863
4,1280,5460,1.5,0,0,5,7,1080,1920,0,47.5348,-122.268,1470,5934,12.845291484064564
2,1200,4000,1.0,0,0,3,7,1070,1940,0,47.5766,-122.378,1770,4000,13.017002861746503
2,1140,3990,1.0,0,0,3,7,1140,1924,0,47.6554,-122.333,1800,5700,13.45166712454693
2,1770,8640,1.5,0,0,3,6,1520,1949,0,47.6926,-122.363,1060,4804,13.279367126213993
3,3870,33980,2.0,0,0,3,10,3150,1991,0,47.5589,-122.117,3590,10750,13.710150042306449
3,3140,9808,2.0,0,0,3,9,2500,2001,0,47.6383,-122.097,2370,10014,13.726679344257658
3,1000,223462,1.0,0,2,4,6,1000,1933,0,47.2099,-122.043,1710,105850,12.301382825334498
5,4600,8764,2.0,0,0,3,10,3180,2007,0,47.5491,-122.19,3210,9431,13.687677186454389
3,2470,7700,2.0,0,0,4,8,2470,1990,0,47.4096,-122.17,2400,7700,12.80765263256463
3,1840,9929,1.0,0,0,3,7,1200,1987,0,47.7408,-122.236,1710,9929,12.765688433465597
4,2340,50233,1.0,0,0,4,7,1170,1966,0,47.5905,-122.022,2470,62290,13.249876697703288
3,4230,54977,2.0,0,3,3,9,3780,1951,2000,47.4176,-122.343,2880,27201,13.696163800331709
2,780,5000,1.0,0,0,4,6,780,1943,0,47.5112,-122.357,1030,5000,12.560244459250788
3,2040,9622,2.0,0,0,3,8,2040,1995,0,47.4833,-121.8,2390,9868,13.102160670086809
3,1600,2244,2.0,0,0,3,7,1600,2005,0,47.4899,-122.164,1600,1700,12.468436909997665
3,1860,1558,3.0,0,0,3,8,1860,2014,0,47.7006,-122.339,1760,2456,13.199231821660906
4,2910,48351,1.0,0,0,4,8,1910,1967,0,47.6495,-122.164,2760,43560,13.737549016494562
4,2470,2550,3.0,0,0,3,8,2470,2004,0,47.6765,-122.389,1270,3060,13.507625778194974
3,1690,9826,1.0,0,0,4,7,1690,1988,0,47.314,-122.365,1980,9826,12.546109948315882
4,2450,4668,2.0,0,0,3,8,2450,2004,0,47.7721,-122.235,2460,4895,13.122363377404328
3,3050,44867,1.0,0,4,3,9,2330,1968,0,47.5316,-122.233,4110,20336,14.508657738524219
3,990,10752,1.5,0,0,4,7,990,1929,0,47.7648,-122.35,1820,7600,12.905450375840756
4,3310,5101,2.0,0,0,3,9,3310,2005,0,47.6649,-122.08,3010,5176,13.560618308335483
2,1380,951,3.0,0,0,3,9,1380,2006,0,47.6654,-122.355,1430,3400,13.221303325259232
4,2070,7312,1.0,0,0,4,7,1230,1977,0,47.6958,-122.12,1770,7668,13.016891744462095
3,1450,4694,2.0,0,0,3,7,1450,2011,0,47.3654,-122.021,1870,4198,12.520883385370206
3,1120,10576,1.0,0,0,4,7,1120,1969,0,47.7575,-122.072,1300,10000,12.676076274775909
4,2090,7400,1.0,0,0,3,9,1670,1973,0,47.3178,-122.38,2260,8000,12.520883385370206
3,2050,5160,1.5,0,0,4,8,1300,1926,0,47.6374,-122.304,2220,5960,13.513053199930338
4,2796,3520,2.5,0,0,3,8,2796,2013,0,47.3427,-122.278,2040,5195,12.765545566117686
3,2390,4000,1.5,0,0,3,9,1690,1936,0,47.6604,-122.28,2350,4000,13.793264949016955
4,2090,45738,2.0,0,0,3,8,2090,1987,0,47.6876,-122.049,3420,45738,13.304684934198283
3,2110,7434,2.0,0,0,4,7,2110,1978,0,47.3935,-122.169,2100,7749,12.672946381766982
5,5530,38816,1.5,0,2,3,10,5530,1969,1994,47.7352,-122.116,3800,44417,14.115615150414612
3,1020,7650,1.0,0,0,3,6,1020,1919,0,47.6795,-122.202,1870,5500,13.345506928718539
3,1570,11752,1.5,0,0,5,8,1570,1930,0,47.7686,-122.348,2010,8291,12.936033799212835
2,1240,4120,1.0,0,0,4,7,890,1906,0,47.6689,-122.314,1640,3740,13.199324418540456
3,1670,5090,2.0,0,0,3,7,1670,2003,0,47.4799,-122.18,2560,4851,12.759957758756611
3,2220,20531,2.0,0,0,3,8,2220,1998,0,47.2864,-122.264,2420,19249,12.854353204750012
3,1890,11141,1.0,0,0,4,8,1890,1968,0,47.5697,-122.163,2720,11144,13.262125319779487
3,1900,3255,2.0,0,0,3,8,1900,1988,2000,47.6075,-122.147,1880,3350,13.217673557208654
3,2760,8476,1.0,0,0,4,8,1690,1967,0,47.5402,-122.215,2610,9835,13.618278388434565
4,2130,9579,1.0,0,0,4,7,1250,1968,0,47.3069,-122.271,1590,9800,12.358793732547838
3,1770,2150,3.0,0,0,3,8,1770,1999,0,47.6102,-122.314,2010,3200,13.399995114002609
4,1950,13320,1.0,0,0,4,8,1370,1969,0,47.6196,-122.139,2120,12051,13.36138027787483
2,1160,3838,2.0,0,0,3,7,1160,1983,0,47.7255,-122.164,1410,3780,12.608198852372823
4,3890,3600,2.0,0,0,3,9,2860,2005,0,47.6342,-122.282,2460,6050,14.28551418721001
3,1200,8316,1.0,0,0,4,6,1200,1953,0,47.3221,-122.215,1200,8316,12.273731294003989
4,3560,12047,2.0,0,0,3,10,3560,1988,0,47.3019,-122.341,3420,11250,13.093963902882631
2,1600,5969,1.0,0,0,4,7,800,1950,0,47.5691,-122.394,1520,5969,13.16829230929273
4,3320,20100,1.0,0,0,4,8,1810,1981,0,47.5566,-122.153,2450,9821,13.776769729647844
3,1200,5000,1.0,0,0,3,6,1200,1979,0,47.5122,-122.357,1440,2500,12.341477282536376
3,1460,7930,1.0,0,0,3,7,1460,1989,0,47.359,-122.049,1630,7930,12.462650972930621
4,1690,3250,1.5,0,0,3,7,1550,1901,0,47.6637,-122.346,1620,3250,13.096532617369807
3,1640,10695,1.0,0,2,3,8,1640,1975,0,47.7145,-122.222,2790,9775,13.132313708257497
4,2500,10062,1.0,0,0,3,8,1600,1975,0,47.639,-122.1,2500,9750,13.329377546788654
3,1650,7104,2.0,0,0,3,8,1650,1945,1986,47.7053,-122.374,1730,7104,13.374677306018318
3,1760,12823,1.0,0,0,4,7,1460,1956,0,47.2868,-122.21,1450,10800,12.505992035646432
3,1860,9100,1.5,0,0,3,8,1860,1939,2006,47.7522,-122.304,1620,9519,12.821258284620408
3,1560,14333,1.0,0,0,4,7,1560,1953,0,47.432,-122.348,1640,14333,12.86747112777554
5,3180,13806,2.0,0,0,4,10,3180,1990,0,47.652,-122.182,3180,13798,13.593448921169424
4,3560,8960,2.0,0,0,3,10,3560,2001,0,47.6903,-122.213,1660,7680,14.125932117385544
4,2280,39848,2.0,0,0,4,8,2280,1991,0,47.5003,-122.465,1900,38472,12.939641740589034
4,3160,8726,2.0,0,0,3,9,3160,1999,0,47.2582,-122.223,2500,8648,12.965709567358951
4,2440,7042,1.5,0,2,4,7,1640,1941,0,47.5731,-122.408,2170,7900,13.493926933836812
4,1890,8362,1.0,0,0,3,7,1890,1966,0,47.4377,-122.279,1600,9257,12.65075846679162
4,2910,6555,2.0,0,0,3,9,2910,2005,0,47.6659,-122.172,2910,10419,13.604789526648622
4,1870,16200,1.0,0,0,5,8,1250,1974,0,47.6651,-122.174,2000,11250,13.406037428458571
3,1296,1051,3.0,0,0,3,8,1296,2009,0,47.7175,-122.284,1520,1939,12.899094818276968
3,2220,10275,2.0,0,0,3,9,1640,1980,0,47.5304,-122.055,2300,9975,13.102160670086809
3,1370,3850,1.0,0,0,5,7,770,1911,1988,47.6374,-122.279,1390,3600,13.652991628466498
3,1990,7397,2.0,0,0,3,9,1990,1993,0,47.7703,-122.165,2210,7397,13.19188944005294
3,4040,147856,2.0,0,0,3,9,4040,2004,0,47.2711,-122.067,3000,125452,13.541073712262515
3,1570,43350,1.0,0,3,4,7,1570,1967,0,47.2377,-122.016,1570,220849,12.691580461311874
3,1250,7820,1.0,0,0,3,7,1250,1967,0,47.3397,-122.291,1300,7920,12.323855681186558
2,1190,1265,3.0,0,0,3,7,1190,2005,0,47.7274,-122.357,1390,1756,12.542544882151386
3,1522,1465,2.0,0,0,3,8,1248,2006,0,47.6922,-122.375,1522,1341,12.917796211663054
4,3320,5559,2.0,0,0,3,9,3320,2012,0,47.5607,-122.031,3400,6854,13.652991628466498
3,2120,41325,1.0,0,0,4,7,1420,1973,0,47.2906,-122.055,1780,42000,12.691580461311874
3,1530,8700,1.0,0,0,4,7,1530,1970,0,47.4529,-122.207,1960,7600,12.367340793126296
3,3087,5002,2.0,0,0,3,8,3087,2014,0,47.2974,-122.349,2927,5183,12.899094818276968
3,2460,5027,2.0,0,0,3,8,2460,2002,0,47.372,-122.102,2740,5000,12.628067055589549
3,2970,234788,2.0,0,3,3,9,2040,1991,0,47.5353,-121.897,2970,220413,13.489087657196063
2,1000,10200,1.0,0,0,3,6,1000,1961,0,47.5687,-121.899,1150,13702,12.269047444691562
2,1180,7750,1.0,0,0,4,6,590,1945,0,47.769,-122.316,1380,8976,12.517227074167097
2,1470,1101,2.0,0,0,3,8,1340,2005,0,47.6768,-122.301,1470,1582,13.142166004700508
3,1610,9000,1.0,0,0,4,7,1100,1978,0,47.3187,-122.179,1610,8000,12.220961258023925
3,1610,8579,1.0,0,0,4,7,1010,1962,0,47.4563,-122.171,1610,8579,12.230765258120545
3,2790,36585,1.0,0,0,4,8,1410,1970,0,47.4734,-121.999,1900,45302,13.077366011473593
2,1150,2064,2.0,0,0,3,7,1150,2004,0,47.3516,-122.292,1880,2855,12.274198474577775
3,1470,9570,1.0,0,0,3,7,1280,1941,0,47.7032,-122.306,1390,9570,13.034624463096321
4,1960,9021,2.0,0,0,4,8,1960,1973,0,47.6349,-122.096,1960,9975,13.321214236149494
3,2450,7051,1.0,0,0,3,8,1870,1990,0,47.5308,-122.171,2450,8788,13.19393957589355
3,1590,7819,2.0,0,0,3,7,1590,1992,0,47.4367,-122.199,1790,7733,12.730801174465157
3,2650,7286,2.0,0,0,3,8,2650,1990,0,47.5084,-122.154,2400,7220,13.009194679298691
3,1070,4000,1.0,0,0,4,7,1070,1971,0,47.5529,-122.305,1090,4000,12.86099861326992
2,1090,1950,1.0,0,0,4,8,1090,1982,0,47.3782,-122.319,1360,3426,11.917723684090689
3,1920,7415,2.0,0,0,3,7,1920,1989,0,47.4022,-122.171,1930,7536,12.468436909997665
4,3190,49658,2.0,0,0,3,10,3190,1999,0,47.6216,-122.015,3040,49658,13.669328047786193
4,2070,7519,1.0,0,0,3,7,1160,1963,0,47.632,-122.119,1730,7519,13.124361380067002
3,1480,7040,1.0,0,0,3,7,1480,1974,0,47.6723,-122.169,2040,7810,13.142166004700508
3,2430,9133,1.0,0,0,4,7,1410,1978,0,47.5116,-122.157,1980,9592,12.721885810807203
3,1480,983,2.0,0,0,3,8,1180,2013,0,47.5555,-122.363,1330,1062,12.652359748158593
4,2070,7980,1.5,0,0,4,7,2070,1940,0,47.5092,-122.386,1600,7980,13.244581010128577
3,1500,10269,1.0,0,0,3,7,1030,1958,0,47.7672,-122.348,2090,10269,12.772805901234461
3,1460,8800,1.0,0,0,4,7,1460,1956,0,47.5895,-122.232,2200,8800,13.437174117244362
3,2280,4280,1.0,0,0,5,7,1280,1917,0,47.6685,-122.335,1650,4280,13.681979165339751
2,1260,1347,3.0,0,0,3,8,1260,2005,0,47.6994,-122.341,1260,1356,12.765688433465597
3,2490,4244,2.0,0,0,3,9,2490,2005,0,47.3705,-122.131,2490,4748,12.821258284620408
2,1340,4664,1.0,0,0,3,8,1340,2004,0,47.7182,-122.034,1350,4236,12.936033799212835
3,1520,10227,1.0,0,0,4,6,1520,1951,0,47.5872,-122.196,2710,10912,13.38472764187182
3,3110,44967,2.0,0,0,3,9,3020,1999,0,47.4343,-122.082,2150,44967,12.847663339175718
3,1790,7485,1.0,0,0,4,8,1330,1979,0,47.3118,-122.34,1970,8097,12.479909311159902
4,1210,6380,1.5,0,0,3,7,1210,1936,0,47.6924,-122.321,1340,6380,13.091904169919621
2,840,9000,1.0,0,0,5,6,840,1951,0,47.5033,-122.329,1350,10400,12.301382825334498
3,1610,14000,1.0,0,0,4,7,1050,1977,0,47.3429,-122.036,1550,10080,12.481808646963554
3,1840,7350,1.0,0,0,3,8,1310,1976,0,47.7089,-122.23,1860,7000,12.976412321920025
4,3040,7274,2.0,0,3,3,9,2320,1986,0,47.7184,-122.28,2830,10080,13.369223455335854
3,1670,10800,1.0,0,0,4,8,1670,1956,0,47.2004,-122.003,1670,9169,12.594730635321957
3,1530,7650,1.0,0,0,4,8,1530,1977,0,47.4435,-122.128,1850,6804,12.666657052859417
4,2390,8858,1.0,0,0,4,8,1740,1979,0,47.6925,-122.184,2240,8858,13.314635265051452
2,1220,10000,1.0,0,0,5,7,1220,1950,0,47.7405,-122.241,2000,9600,12.706847933442663
1,620,8261,1.0,0,0,3,5,620,1939,0,47.5138,-122.364,1180,8244,12.40860524294026
4,2260,9696,1.0,0,0,3,9,2260,1983,0,47.643,-122.066,2400,12111,13.319080814482016
1,730,6890,1.0,0,0,4,4,730,1926,0,47.467,-122.215,1790,7969,11.84939770159144
1,1220,4160,1.0,0,0,3,7,1220,1922,0,47.6746,-122.315,1970,4200,13.392543174719968
4,2800,21370,2.0,0,0,3,8,2800,2003,0,47.776,-122.246,1880,9336,13.151922179645874
4,3140,94525,2.0,0,0,4,8,2280,1977,0,47.4155,-122.163,1910,14300,12.902962812368953
3,1380,6250,1.0,0,0,4,7,1380,1918,0,47.5514,-122.385,2270,6250,13.223113280504473
3,1460,7800,1.0,0,0,2,7,1040,1979,0,47.3035,-122.382,1310,7865,12.358793732547838
4,1980,23625,2.0,0,0,3,8,1980,1938,1984,47.7553,-122.092,2300,24640,13.398478813484644
2,1060,10423,1.5,0,0,3,7,1060,1965,0,47.705,-122.313,2240,10200,12.301382825334498
4,1920,8562,2.0,0,2,4,7,1920,1994,0,47.1932,-122.008,1820,8628,12.640934730489125
4,1800,8100,2.0,0,0,3,7,1800,1998,0,47.3611,-122.047,1590,8100,12.429216196844383
3,2390,4452,2.0,0,1,3,9,1790,1929,0,47.5826,-122.378,2610,5000,13.579788224443204
4,3610,12811,2.0,0,0,3,10,3610,2000,0,47.5812,-121.993,3530,11783,13.676248490630767
4,3720,14125,1.0,0,0,4,9,1930,1960,0,47.5911,-122.177,3160,15300,13.681979165339751
4,2090,4300,1.5,0,0,4,7,1250,1925,0,47.5555,-122.397,1670,5000,13.110290796170059
3,2390,8315,2.0,0,0,4,9,2390,1990,0,47.6271,-122.028,2370,7816,13.369223455335854
6,4310,10000,2.0,0,0,3,8,2950,2008,0,47.6214,-122.062,2100,10000,13.567049198665774
2,1000,4776,1.0,0,0,4,6,1000,1942,0,47.5619,-122.315,1500,4800,12.712890247898626
4,2900,9680,2.0,0,0,3,7,1990,1947,0,47.7037,-122.308,1850,7540,13.353475098367715
2,1300,1229,2.0,0,0,3,8,1160,2000,0,47.6727,-122.375,1430,1255,13.085699393032737
2,1040,13920,1.0,0,0,3,6,1040,1973,0,47.3756,-122.306,1100,7575,12.114505452004684
5,3160,5635,2.0,0,0,3,9,3160,2003,0,47.5362,-122.067,3670,6087,13.437174117244362
2,1120,7440,1.0,0,0,4,7,1120,1939,0,47.7405,-122.323,1170,7440,12.724568775600384
5,3570,5425,2.0,0,0,3,7,3570,2005,0,47.5933,-122.007,2690,5347,13.348701819615057
4,2180,8480,1.0,0,3,4,7,1210,1959,0,47.4961,-122.366,2240,8497,13.208541073645382
3,1730,8400,1.0,0,0,4,7,1400,1980,0,47.6792,-122.115,1830,8636,13.165422866864775
3,960,8106,1.0,0,0,3,7,960,1962,0,47.6737,-122.156,1650,8035,12.834681304952548
4,1620,8125,2.0,0,0,4,7,1620,1983,0,47.6255,-122.059,1480,8120,13.142166004700508
3,1260,8280,1.0,0,0,3,6,1260,1946,0,47.7,-122.299,2100,8280,12.611537753638338
4,3420,222156,2.0,0,0,3,9,3420,2002,0,47.3608,-121.97,3340,222156,13.38472764187182
3,1520,7700,1.0,0,0,3,7,820,1969,0,47.7226,-122.219,1420,7674,13.038981768465277
3,2300,9752,2.0,0,2,3,8,2300,1968,2003,47.5825,-122.076,2640,10764,13.547631112808673
5,2570,12906,2.0,0,0,3,8,2570,1987,0,47.5814,-122.05,2580,12927,13.422467969854667
2,780,55764,1.0,0,0,4,4,780,1945,0,47.442,-122.105,1620,30847,12.206072645530174
4,2710,37277,2.0,0,0,3,9,2710,2000,0,47.4634,-121.987,2390,39299,13.353475098367715
3,1640,4875,1.0,0,0,4,7,1040,1977,0,47.3661,-122.094,1640,5200,12.35017298950393
2,1410,5101,1.5,0,0,3,8,1410,1927,0,47.6872,-122.333,1410,4224,13.397719800165472
3,2820,8879,1.0,0,0,5,7,1540,1920,1957,47.5094,-122.376,1640,7850,13.03178199917309
3,1210,3600,1.5,0,2,5,7,1210,1910,0,47.6798,-122.354,1630,3910,13.427639758257062
3,1980,9540,1.0,0,0,3,7,1080,1949,0,47.7551,-122.353,1680,9529,12.889169490236618
4,2070,7800,2.0,0,0,3,8,2070,1989,0,47.3487,-122.315,1950,7815,12.449018824140563
3,3250,34848,1.0,0,0,3,10,2260,2006,0,47.6077,-122.158,2770,21512,13.955272500339433
2,890,6350,1.0,0,0,3,6,890,1943,0,47.6975,-122.357,1490,6350,12.660210450591306
3,2940,6431,2.0,0,0,3,10,2940,2014,0,47.5818,-122.047,2760,6695,13.725754326396588
3,1450,1387,3.0,0,0,3,8,1450,2000,0,47.6765,-122.302,1450,1429,13.116345305078767
5,2490,7666,1.0,0,0,4,7,1490,1989,0,47.4022,-122.171,1930,7415,12.584509081250419
3,1560,8968,1.0,0,0,4,8,1560,1972,0,47.6243,-122.1,1990,8034,13.017002861746503
3,1300,8480,1.0,0,0,3,7,1300,1969,0,47.6991,-122.13,1740,7280,12.892950213076524
3,2480,5500,2.0,0,3,3,10,1730,1950,2005,47.6466,-122.404,2950,5670,14.143230317447586
3,1470,7350,1.0,0,0,3,7,1470,1969,0,47.3616,-122.286,1720,8050,12.388394202324129
2,990,8250,1.0,0,0,3,7,990,1955,0,47.7252,-122.331,1080,8168,12.80765263256463
4,2600,4506,2.0,0,0,3,9,2600,2005,0,47.5146,-122.188,2470,6041,13.146079904021645
3,1260,12750,1.0,0,0,3,7,1260,1979,0,47.7289,-122.233,1460,7865,12.89896979483491
3,1990,12793,2.0,0,0,3,8,1990,1993,0,47.7347,-122.226,2290,9035,13.017002861746503
3,1150,7314,1.0,0,0,3,7,1150,1960,0,47.6246,-122.113,1350,7350,12.611537753638338
3,2080,12032,2.0,0,0,3,8,2080,1978,0,47.7455,-122.073,2320,9900,13.102160670086809
3,2460,138085,2.0,0,0,4,9,2460,1977,0,47.4572,-122.007,2090,219542,13.312983737012978
3,1510,10450,1.0,0,0,4,7,1510,1964,0,47.684,-122.113,1310,9450,13.294259106981302
3,1330,1064,3.0,0,0,3,8,1330,2004,0,47.6835,-122.387,1330,1113,12.834681304952548
4,1850,7350,1.0,0,0,3,7,1050,1965,0,47.3413,-122.277,1450,7250,12.506177237980511
4,1750,5500,1.5,0,0,5,7,1050,1926,0,47.6802,-122.388,1640,5500,13.038981768465277
3,1820,1357,3.0,0,0,3,9,1820,2014,0,47.5432,-122.376,1710,1372,13.060381585048447
3,1410,1290,2.0,0,0,3,7,1290,2004,0,47.5345,-122.069,1490,1380,12.876462838967504
5,2000,3750,2.0,0,0,4,7,2000,1921,0,47.6618,-122.355,1520,3750,13.279367126213993
3,1740,12000,2.0,0,0,3,9,1740,1974,0,47.6276,-122.053,2580,12224,13.197470849891134
2,1960,6000,1.0,0,0,3,8,1210,1951,0,47.6849,-122.333,2060,6000,13.430142151555232
2,1340,7380,1.0,0,0,3,6,1340,1940,0,47.4785,-122.229,1980,9600,12.165250651009918
5,2480,10090,1.0,0,0,3,7,1300,2004,0,47.4964,-122.263,2290,9900,12.827992316801751
4,2730,12261,2.0,0,0,3,9,2730,1991,0,47.7419,-122.205,2730,10872,13.32530422140102
3,1330,16000,1.0,0,0,3,7,1330,1978,0,47.28,-122.257,1330,14374,12.100712129872347
4,1660,3200,2.0,0,0,3,7,1660,2011,0,47.3666,-122.019,1960,3558,12.611537753638338
3,1980,7680,1.5,0,0,4,6,1070,1911,0,47.6839,-122.195,1330,8704,13.314635265051452
3,1070,9000,1.0,0,0,4,7,1070,1978,0,47.6984,-122.132,1700,8400,12.798017320580957
4,2460,5100,1.5,0,0,5,7,1450,1909,0,47.6782,-122.3,1560,5100,13.507625778194974
4,2240,4508,1.0,0,2,4,8,1340,1926,0,47.5096,-122.25,1930,5250,13.051940913107783
3,1230,6000,1.0,0,0,4,7,1230,1967,0,47.3256,-122.209,1240,6000,12.343658308482738
3,1030,6127,1.0,0,0,3,7,880,1947,0,47.7192,-122.32,1610,6127,12.439166527697552
2,1430,3000,1.5,0,0,3,7,1300,1929,0,47.6415,-122.303,1750,4000,13.337474757021274
3,1570,8410,1.0,0,0,3,7,1180,1991,0,47.1942,-121.99,1540,8410,12.437184366493561
4,2940,29013,2.0,0,0,3,10,2940,1992,0,47.7635,-122.044,3010,34071,13.287877815881902
3,1690,1200,2.0,0,0,3,8,1410,2014,0,47.5388,-122.367,1740,1664,12.727541429394645
3,3220,54160,2.0,0,2,4,9,2690,1981,0,47.5468,-122.109,3460,44374,13.551545012129809
3,3440,44374,2.0,0,3,4,10,2190,1979,0,47.547,-122.111,3470,40185,13.514405465180353
2,780,6250,1.0,0,0,3,6,780,1942,0,47.5099,-122.33,1280,7100,12.50968958099426
2,880,6900,1.0,0,0,3,6,880,1943,0,47.4903,-122.191,1060,8000,12.154779351142624
4,1900,10297,1.0,0,0,4,8,1900,1966,0,47.5944,-122.155,2220,9612,13.24634935718532
3,880,18205,1.0,0,0,4,6,880,1945,0,47.5013,-122.244,1110,16115,12.292250341771226
5,3650,9050,2.0,0,4,5,10,3370,1921,0,47.6345,-122.367,2880,5400,14.684290307167377
4,2340,9716,1.0,0,0,3,7,2340,2009,0,47.4842,-122.347,1180,13500,12.86099861326992
3,1120,8200,1.0,0,0,4,7,1120,1938,0,47.7254,-122.29,1820,7205,13.00019574343012
3,2120,14915,1.0,0,0,3,9,1720,1979,0,47.3524,-122.285,2320,13100,12.712890247898626
2,680,4800,1.0,0,0,3,6,680,1917,0,47.6084,-122.304,1610,4800,12.80765263256463
3,1540,1005,3.0,0,0,3,8,1540,2008,0,47.6828,-122.346,1510,1501,13.244581010128577
6,1900,8057,1.0,0,0,4,7,1170,1959,0,47.762,-122.335,2090,8626,12.834681304952548
3,1250,952,3.0,0,0,3,8,1250,2008,0,47.7098,-122.333,1250,1030,12.230765258120545
3,1820,9766,1.0,0,0,4,7,1450,1987,0,47.397,-122.203,1860,8236,12.524526376648708
4,2320,5534,1.5,0,0,4,7,1540,1915,0,47.6944,-122.355,1670,5913,13.071070083016778
3,1360,6186,1.5,0,0,4,6,760,1941,0,47.7503,-122.334,1610,7453,12.451149885149517
3,1960,4709,2.0,0,0,3,7,1960,2003,0,47.5322,-121.871,1700,4444,12.959844447906553
5,4240,9588,2.0,0,0,3,9,4240,2014,0,47.6901,-122.018,4080,8425,13.864291198278831
2,1210,10000,1.0,0,0,3,7,1210,1953,0,47.4402,-122.333,1620,10959,12.311333156187667
2,1260,2625,2.0,0,0,4,7,1260,1983,0,47.6747,-122.151,1260,2625,12.901716706288706
3,2080,26574,1.0,0,2,3,7,1380,1993,0,47.2846,-122.192,1770,8140,12.506177237980511
3,2000,7205,2.0,0,0,3,8,2000,1998,0,47.3499,-122.302,2180,7611,12.691580461311874
3,2250,11632,2.0,0,0,3,8,2250,1988,0,47.5272,-122.169,2360,11632,13.195613839143922
3,1060,8100,2.0,0,0,4,7,1060,1983,0,47.3617,-122.047,1410,8100,12.594730635321957
3,1410,2052,2.0,0,0,3,8,1410,2014,0,47.5171,-122.347,1410,1988,12.541830341213517
3,1640,5650,1.0,0,0,3,8,1640,1952,0,47.509,-122.251,1640,5650,12.621818063045895
3,2380,9719,2.0,0,0,3,8,2380,2001,0,47.2932,-122.283,2830,11505,12.61153442029945
4,5430,108900,2.0,0,0,4,10,5430,1987,0,47.6582,-122.038,3170,107076,14.122995257712235
4,4420,7902,2.0,0,0,3,10,3350,2004,0,47.5327,-121.86,3440,7851,13.500799813124575
3,1380,4590,1.0,0,0,2,7,930,1950,0,47.6841,-122.293,1320,4692,12.765688433465597
3,1900,7680,1.0,0,0,3,7,1260,1959,0,47.5081,-122.266,2000,7740,12.301382825334498
4,3260,4900,2.0,0,0,3,9,3260,2013,0,47.4812,-122.123,3260,6132,13.244581010128577
3,2150,9900,1.0,0,0,3,8,1450,1977,0,47.6647,-122.149,2170,9500,13.034624463096321
3,1230,7492,1.0,0,0,3,7,1230,1955,0,47.7633,-122.315,1710,7238,12.676076274775909
3,1970,6295,2.0,0,0,3,7,1970,2011,0,47.5158,-121.874,2710,6009,13.180632285528304
3,1920,4833,1.0,0,0,4,7,1060,1921,0,47.7067,-122.352,1580,5134,12.86099861326992
4,5150,453895,2.0,0,3,3,11,4360,1997,0,47.6795,-121.991,2500,215186,14.576316386998034
4,1920,11603,2.0,0,0,4,7,1920,1967,0,47.4315,-122.169,1840,7350,12.691580461311874
4,2780,11583,1.0,0,3,3,8,1190,1955,0,47.7293,-122.284,2580,10241,13.37700559577791
3,1620,7320,2.0,0,0,3,7,1620,1989,0,47.3617,-122.054,1550,7686,12.531411709159054
4,5860,7200,2.0,0,0,5,10,3690,1907,0,47.6287,-122.287,4150,7200,14.690979295318174
4,2620,10016,2.0,0,0,3,8,2620,1996,0,47.5295,-122.179,2620,10016,13.244581010128577
3,1180,7700,1.0,0,0,4,7,1180,1959,0,47.6133,-122.133,1510,8800,12.873902018105829
3,1730,1301,3.0,0,0,3,9,1730,2011,0,47.653,-122.352,1330,1240,13.345506928718539
3,2600,4438,2.0,0,0,3,7,2600,2004,0,47.6799,-122.034,2600,4904,13.272506035834049
3,2080,5687,1.5,0,0,4,8,2080,1924,0,47.5776,-122.289,2300,5995,13.45166712454693
3,1520,4288,1.0,0,0,3,7,1020,1949,0,47.5284,-122.387,1660,4288,12.84792653170257
3,890,7200,1.0,0,0,3,7,890,1951,0,47.71,-122.286,1630,7455,12.823957341589573
3,1480,6120,1.5,0,0,3,7,1480,1946,0,47.6858,-122.295,1480,6120,13.122363377404328
2,1210,4800,1.0,0,0,3,8,1060,1950,0,47.5625,-122.316,1380,4800,12.84792653170257
4,1640,7194,1.5,0,0,4,7,1480,1915,0,47.7649,-122.205,1440,9405,13.049792684569493
4,2720,51396,2.0,0,0,4,8,2720,1977,0,47.4777,-122.1,1960,51366,13.091904169919621
6,2950,11200,1.0,0,0,4,7,1700,1970,0,47.7476,-122.087,1790,11200,12.886641043883259
4,2720,6781,2.0,0,0,3,8,2100,1999,0,47.4612,-122.215,2280,5942,12.80765263256463
4,1330,2400,1.5,0,0,4,6,1330,1901,0,47.65,-122.34,1330,4400,13.329377546788654
4,2060,21344,1.0,0,0,2,8,1460,1978,0,47.5934,-122.154,2060,16088,13.42320843638239
3,1550,8778,1.0,0,0,3,7,1250,1952,0,47.5413,-122.281,2120,7268,12.608198852372823
3,1590,2910,2.0,0,0,3,7,1110,1984,0,47.6855,-122.321,1590,3880,13.262125319779487
3,1570,4875,1.0,0,0,4,7,1310,1977,0,47.3621,-122.094,1380,5200,12.278160721924428
2,760,3001,1.0,0,0,3,6,760,1913,0,47.5874,-122.311,1750,5000,12.611537753638338
3,2030,217800,1.0,0,2,4,8,2030,1977,0,47.2618,-122.12,2570,216057,12.886641043883259
3,1360,8752,1.0,0,2,4,6,1360,1942,0,47.6879,-122.208,2530,7680,13.545013310266594
3,1910,17003,1.5,0,0,4,8,1910,1963,0,47.3095,-122.283,1820,14806,12.608198852372823
3,2160,6527,2.0,0,0,4,7,1580,1987,0,47.7292,-122.212,1950,9675,12.971540487669746
3,1040,7405,1.0,0,0,4,6,1040,1971,0,47.3105,-122.021,1580,7405,12.225875272826354
4,2880,8882,2.0,0,0,4,8,2480,1965,0,47.6999,-122.284,2460,9610,13.493926933836812
3,2290,8234,1.0,0,0,4,7,1250,1950,0,47.7611,-122.351,1660,7200,12.815702338354745
2,2470,4600,1.0,0,3,4,7,1140,1916,0,47.5599,-122.378,1790,5175,13.29967239237474
3,1310,7349,1.0,0,0,3,7,870,1995,0,47.3639,-122.186,1690,6580,12.394624752074764
3,1650,2958,2.0,0,0,3,7,1650,1985,0,47.3916,-122.167,1510,3788,12.360937356091089
2,720,4760,1.0,0,0,5,5,720,1942,0,47.496,-122.186,840,4760,12.287652632522597
3,1200,1400,3.0,0,0,3,8,1200,2005,0,47.7046,-122.357,1370,6552,12.676076274775909
3,2210,8622,2.0,0,0,3,8,2210,1988,0,47.5715,-122.02,2340,7192,13.287877815881902
3,2610,6360,2.0,0,2,3,8,2130,1924,0,47.6287,-122.351,3010,6000,13.815510557964274
2,1240,2150,2.0,0,0,3,8,1240,2014,0,47.6884,-122.374,1340,5289,13.208541073645382
4,2100,7208,2.0,0,0,3,8,2100,1974,0,47.4478,-122.128,2060,7480,12.71589776896258
4,1914,3150,2.0,0,0,3,8,1914,2009,0,47.43,-122.188,1714,3164,12.628067055589549
3,2360,9005,1.0,0,0,5,7,1340,1929,0,47.7076,-122.337,1520,9005,13.081541382884074
2,1290,1137,3.0,0,0,3,8,1290,2007,0,47.6718,-122.382,1290,1332,13.083622549087899
3,1290,5700,1.0,0,0,5,7,1290,1950,0,47.5713,-122.397,1160,5700,13.16436867154936
4,1790,5257,2.0,0,0,3,7,1790,1996,0,47.3849,-122.204,1680,5320,12.433606545145677
2,770,850,2.0,0,0,3,7,770,2006,0,47.5644,-122.388,1350,915,12.577636201962656
3,2150,31238,2.0,0,0,3,9,2150,1996,0,47.6596,-121.96,2650,38307,13.296316684527767
3,1980,6000,1.0,0,0,4,7,1380,1958,0,47.6921,-122.283,1260,6000,13.3645249345543
3,4610,81935,2.0,0,0,4,9,4610,1984,0,47.6217,-122.021,2900,43500,13.527828485512494
2,1150,30184,1.0,0,0,3,6,1150,1950,0,47.4492,-122.2,1670,19684,11.76756768334381
4,3330,21785,2.0,0,0,3,9,3330,1994,0,47.4725,-122.136,3330,21796,13.226723392728571
3,2380,14500,1.0,0,0,4,7,1850,1961,0,47.7714,-122.256,1830,13600,12.821258284620408
4,2600,41041,1.5,0,0,4,8,2600,1965,0,47.6634,-122.172,2750,37318,13.832367675030698
2,940,7700,1.0,0,0,4,6,940,1916,0,47.7067,-122.354,1290,7375,12.70381302974751
3,1470,6682,1.0,0,0,3,7,1470,1987,0,47.7315,-122.226,1790,7379,12.89921982609012
3,2440,15540,2.0,0,0,3,9,2440,1992,0,47.6104,-122.06,2440,15283,13.087771932634709
3,1720,17235,1.0,0,0,4,7,1440,1974,0,47.3438,-122.073,1990,35048,12.566889001969455
3,1360,8968,1.0,0,0,3,7,1360,1956,0,47.7105,-122.289,1490,7355,12.779873068457553
2,950,676,2.0,0,0,3,7,850,2003,0,47.6005,-122.306,950,1280,12.624782980388359
3,2110,2850,3.0,0,0,3,8,2110,2001,0,47.6915,-122.339,1340,5001,13.17115354157376
4,1900,7000,1.0,0,0,2,7,1420,1968,0,47.3092,-122.376,1600,7600,12.628067055589549
4,2170,5024,2.0,0,0,3,8,2170,2012,0,47.495,-122.145,2460,5024,13.054084536651034
3,1120,9730,1.0,0,0,3,7,1120,1944,1989,47.7372,-122.221,2530,8717,12.799399490807907
4,2360,8616,2.0,0,0,4,8,2360,1974,0,47.6495,-122.198,2360,9337,13.531156275605168
3,1322,6006,2.0,0,0,3,7,1322,2009,0,47.2706,-122.254,1440,6796,12.2783933071098
3,1020,7874,1.0,0,0,3,7,1020,1956,0,47.5175,-122.346,1290,7320,12.292250341771226
2,1050,2570,1.0,0,0,5,7,850,1927,0,47.6764,-122.366,1080,2800,12.971540487669746
3,1509,1114,3.0,0,0,3,8,1509,2014,0,47.7049,-122.34,1509,2431,12.948009990259552
4,3600,5040,2.0,0,0,3,9,2610,2004,0,47.6487,-122.388,1590,5040,13.785051350479566
1,790,13062,1.0,0,0,3,6,790,1942,0,47.4919,-122.311,1240,7137,11.813030057420567
3,1570,10939,1.0,0,0,3,8,1200,1974,0,47.6389,-122.102,1760,10200,13.151922179645874
3,2280,10255,2.0,0,0,4,8,2280,1985,0,47.4334,-122.161,2310,10094,12.84792653170257
3,1030,24750,1.0,0,2,3,5,1030,1943,0,47.3343,-122.362,2810,28800,12.425208175446844
4,2760,27631,2.0,0,0,4,8,1800,1978,0,47.7484,-122.291,2490,13158,13.122363377404328
2,2100,58488,2.0,0,0,3,9,2100,2005,0,47.72,-121.402,1440,59346,12.821258284620408
3,3310,5000,2.0,0,0,3,9,3310,2006,0,47.5558,-122.001,2670,4907,13.554145793829866
2,1450,4000,1.5,0,0,4,7,1350,1903,0,47.6571,-122.326,1310,4000,13.38472764187182
4,2710,41811,1.5,0,0,4,8,1690,1995,0,47.5836,-122.046,2110,35656,13.473020249017498
2,1590,1679,2.0,0,0,3,8,1590,2012,0,47.5449,-122.011,1590,1680,12.888727473369634
4,1980,7931,1.0,0,0,4,7,1160,1983,0,47.7513,-122.334,1910,7931,12.886641043883259
3,1580,1487,3.0,0,1,3,9,1580,2009,0,47.6276,-122.359,1610,1297,13.565766324852886
2,1680,4950,1.0,0,0,3,8,1680,2006,0,47.7194,-122.022,1570,4800,13.180632285528304
2,1010,3600,1.0,0,0,3,7,1010,1913,0,47.6641,-122.357,1540,3600,13.560618308335483
4,2880,5500,2.0,0,0,4,9,1920,1926,0,47.6448,-122.317,2110,5500,13.9108207377686
4,3070,4000,2.0,0,0,4,8,2070,1940,0,47.659,-122.281,2560,4000,14.074021253115776
3,2570,7242,2.0,0,0,3,7,2170,1951,1991,47.721,-122.319,1690,7639,13.195613839143922
4,1840,220308,2.0,0,0,3,8,1840,2000,0,47.4306,-122.049,1890,65340,13.337474757021274
5,2260,12500,1.0,0,0,4,8,1130,1960,0,47.3887,-122.286,1360,18000,12.460714863903755
3,1710,4561,2.0,0,0,4,8,1710,1994,0,47.5691,-122.004,1810,4770,13.122363377404328
3,1700,6498,1.0,0,0,3,7,1700,1986,0,47.3781,-122.044,1700,6654,12.577636201962656
3,2520,26943,1.0,0,0,3,7,1760,1977,0,47.7728,-122.25,2300,10004,12.948009990259552
3,1650,2802,2.0,0,0,3,7,1650,2004,0,47.4328,-122.196,1490,2084,12.429216196844383
3,2780,7200,1.5,0,0,4,8,1870,1913,0,47.5632,-122.27,1700,7200,13.471610805514265
4,2240,5500,2.0,0,0,3,8,2240,2013,0,47.496,-122.169,700,5500,12.873773804758644
2,870,8400,1.0,0,0,3,7,870,1960,0,47.4493,-122.282,1070,12465,12.388394202324129
4,2010,7575,1.0,0,0,3,7,1220,1974,0,47.7328,-122.2,1820,7831,12.994530005894443
3,2670,13218,1.0,0,0,4,10,2670,1988,0,47.3683,-122.153,1960,13130,12.959844447906553
4,4370,10860,2.0,0,0,3,11,4370,2008,0,47.5066,-122.148,3560,8070,13.840203170554645
2,980,1600,2.0,0,0,3,8,980,2010,0,47.638,-122.375,1180,1600,13.010313873595706
3,1000,19204,1.0,0,0,3,7,1000,1968,2010,47.3167,-122.081,2450,25927,12.425208175446844
3,2160,9612,2.0,0,0,3,7,2160,1994,0,47.1927,-122.011,1970,9247,12.531772785169476
5,3480,15185,2.0,0,0,4,8,3480,1964,0,47.5757,-122.216,3030,14257,13.785051350479566
3,1500,1119,3.0,0,2,3,7,1110,2008,0,47.6327,-122.346,1500,1057,13.312983737012978
3,2140,3584,1.0,0,0,3,7,1070,1952,0,47.636,-122.391,1620,4000,13.42984807715229
3,1610,14046,2.0,0,0,3,7,1610,1933,1988,47.7704,-122.264,2410,9000,12.464583340681674
2,1370,5756,1.0,0,0,3,8,1370,1986,0,47.714,-122.205,1380,5444,12.84792653170257
2,1180,904,2.0,0,0,3,10,780,2014,0,47.6396,-122.329,1380,3610,13.398478813484644
3,1860,7190,2.0,0,1,5,7,1860,1952,0,47.7716,-122.392,1670,5525,13.270783382522602
3,1460,10200,1.0,0,0,4,7,1460,1957,0,47.4238,-122.197,1460,8500,12.301382825334498
3,1140,8558,1.0,0,0,4,7,1140,1982,0,47.7027,-122.198,1490,10530,12.948009990259552
3,1800,4800,1.0,0,2,4,9,900,1927,0,47.5672,-122.372,1400,4800,13.345506928718539
3,1370,17859,1.0,0,0,4,7,1150,1930,0,47.5617,-121.859,1460,47044,12.524526376648708
3,1270,7128,1.0,0,0,4,6,1270,1954,0,47.422,-122.321,1270,7986,12.266697267346608
3,1790,7125,1.0,0,0,3,7,1220,1974,0,47.7184,-122.226,2040,7950,12.8790171187726
2,880,4814,1.0,0,0,4,5,880,1906,0,47.3107,-121.999,1010,6160,12.247694320220994
3,1010,11244,1.0,0,0,4,7,1010,1947,0,47.7467,-122.321,1220,11242,12.765688433465597
5,3470,12003,2.0,0,0,3,8,3470,1978,0,47.624,-122.048,2220,12283,13.303016877097587
4,3070,5936,2.0,0,0,3,9,3070,2005,0,47.5902,-121.988,3160,5936,13.502168738731916
4,2460,44431,1.0,0,0,4,9,2460,1957,0,47.6042,-122.147,2830,44431,13.710150042306449
3,2500,51836,1.0,0,0,3,9,1510,2013,0,47.4694,-121.989,2270,54450,13.38472764187182
3,1510,1493,3.0,0,0,3,8,1510,2014,0,47.669,-122.402,1530,1357,13.304601597392535
4,3170,5100,2.0,0,0,3,9,3170,2012,0,47.5187,-122.208,1580,5100,13.521139497361697
3,1680,4075,2.0,0,0,3,7,1680,2008,0,47.6964,-122.024,1710,4075,12.884106188280072
2,1800,119790,1.0,0,0,4,7,1200,1947,1977,47.4617,-122.012,2320,79208,12.873902018105829
2,1870,6625,1.0,0,0,3,7,960,1948,0,47.5071,-122.249,1680,6000,12.343658308482738
3,1250,150117,1.0,0,0,3,7,1250,1975,0,47.5956,-122.009,3060,50055,13.071070083016778
3,980,9903,1.0,0,0,4,7,980,1966,0,47.7746,-122.239,1830,9903,12.721885810807203
4,7620,29536,2.0,0,3,3,11,5980,2005,0,47.5571,-122.14,2840,20809,14.334304351379442
5,2910,9525,2.0,0,0,4,9,2910,1968,0,47.5633,-122.218,2740,9525,13.676248490630767
4,2470,131790,2.0,0,2,3,8,2470,1937,0,47.4421,-122.444,1470,92747,13.279367126213993
3,1440,2500,2.0,0,0,3,7,1440,2008,0,47.5123,-122.358,1440,5000,12.568804211051438
3,2670,10338,2.0,0,0,3,9,2670,1987,0,47.6599,-122.146,2670,8866,13.526494262499357
3,1180,8775,1.0,0,0,3,7,1180,1966,0,47.2848,-122.223,1300,8100,12.154779351142624
5,2060,9000,1.0,0,0,4,7,1320,1961,0,47.6122,-122.137,2050,8800,13.141185131644917
2,2860,59612,1.0,1,4,3,8,1510,1948,2003,47.3276,-122.389,2720,59612,13.128345449081877
3,2930,9280,2.0,0,0,4,10,2930,1988,0,47.6335,-122.151,2730,10090,13.715690222682063
2,750,4515,1.0,0,0,3,6,750,1942,0,47.5198,-122.351,1020,5000,12.481808646963554
4,1860,7350,1.0,0,0,4,7,1090,1977,0,47.3979,-122.174,1710,7350,12.429216196844383
4,1420,4923,1.5,0,0,4,8,1420,1928,0,47.6901,-122.339,1470,4923,13.428376406540833
3,2150,4333,1.0,0,0,3,7,1200,1956,0,47.5537,-122.388,1480,6500,12.971540487669746
4,2910,20946,2.0,0,0,4,8,2350,1976,0,47.7085,-122.24,2020,11342,13.465953081794405
4,2620,5060,2.0,0,0,3,9,2620,2005,0,47.5634,-122.394,900,5060,13.597354548161103
3,1500,7367,1.0,0,0,3,8,1500,1974,0,47.6722,-122.167,1920,7579,13.178743710840436
3,2100,5058,1.0,0,2,3,7,1340,1941,0,47.5743,-122.378,1640,5000,13.312983737012978
3,2050,4976,2.0,0,0,3,8,2050,1994,0,47.5689,-121.995,2050,5153,13.19095616886994
2,820,6200,1.0,0,0,4,6,820,1954,0,47.4163,-122.34,1410,14000,12.520883385370206
4,2250,3463,2.0,0,0,4,8,2250,1968,0,47.6324,-122.106,1850,2811,13.116345305078767
2,670,1675,1.0,0,0,5,6,670,1960,0,47.5918,-122.295,1220,1740,12.409013489526863
2,1400,10800,1.0,0,0,4,7,1400,1974,0,47.7726,-122.21,1560,11280,12.691580461311874
4,1430,4096,2.0,0,0,3,7,1430,1900,0,47.604,-122.306,1640,3377,13.091904169919621
3,1120,8443,1.0,0,0,3,7,1120,1953,0,47.7715,-122.336,1450,8433,12.80765263256463
3,1660,21514,1.0,0,0,4,7,1660,1973,0,47.2159,-121.964,1660,21600,12.301382825334498
4,1860,9576,1.0,0,0,3,7,1400,1962,0,47.3612,-122.284,1860,9576,12.425208175446844
3,2500,10359,2.0,0,0,3,10,2500,1986,0,47.6286,-122.051,2580,10142,13.465953081794405
2,860,10400,1.0,0,0,4,6,860,1983,0,47.3682,-122.096,1390,9086,12.180754837545884
3,1430,7222,2.0,0,0,3,7,1430,1993,0,47.5112,-122.19,1430,7220,12.542544882151386
3,1790,5250,1.0,0,0,3,7,1400,1943,0,47.6627,-122.276,1790,5250,13.309672475709322
4,2640,4000,2.0,0,0,5,8,1730,1925,0,47.6727,-122.297,1530,3740,13.704578997256993
3,1290,12231,1.0,0,0,3,7,1290,1976,0,47.7404,-122.11,1390,11632,12.685407602204794
3,1358,1141,3.0,0,0,3,7,1358,2007,0,47.7052,-122.346,1358,1196,12.542544882151386
3,2580,15653,1.5,0,0,3,9,2580,1990,0,47.4561,-122.361,1920,9840,13.083622549087899
4,2110,12653,2.0,0,0,4,8,2110,1972,0,47.536,-122.225,2350,10980,13.623138665316818
4,1300,18836,1.0,0,0,4,7,1300,1941,0,47.5029,-122.188,1540,8498,12.679196402112153
3,1600,20873,1.0,0,0,3,8,1600,1955,0,47.5632,-122.182,2640,18364,13.151922179645874
3,1500,6000,1.0,0,0,5,7,850,1940,0,47.6474,-122.402,1700,6000,13.458835614025542
3,1380,12000,1.0,0,0,3,7,1380,1963,0,47.3997,-122.215,1890,22001,12.611537753638338
4,2250,4119,2.0,0,0,3,8,2250,2001,0,47.5973,-122.034,2290,3115,13.279367126213993
3,3800,13995,2.0,0,3,3,9,3800,1983,0,47.7741,-122.203,2480,8434,13.353475098367715
3,1140,9628,1.0,0,0,4,7,1140,1969,0,47.2933,-122.372,1510,9633,11.701477571514818
3,2870,13695,2.0,0,0,3,10,2870,1991,0,47.6944,-122.102,2840,8472,13.679404424967283
5,3080,7759,2.0,0,0,3,8,2310,2003,0,47.7454,-121.977,2980,8223,13.028052697933088
4,1980,4500,2.0,0,0,4,7,1980,1910,0,47.6728,-122.379,1550,2541,13.122363377404328
2,930,3100,1.0,0,0,3,6,930,1911,0,47.5943,-122.302,1670,3800,12.873902018105829
3,1590,7617,2.0,0,0,3,7,1590,1986,0,47.3819,-122.312,1490,7450,12.254862809699606
3,1660,4800,2.0,0,0,3,7,1660,1906,2014,47.6296,-122.308,1660,4800,13.345506928718539
4,2230,4635,1.5,0,0,5,7,1510,1908,0,47.682,-122.349,1520,4635,13.458835614025542
3,1520,3425,2.0,0,0,3,7,1520,1986,0,47.6801,-122.161,1640,3425,12.904207367601158
3,2240,41339,1.0,0,0,4,9,2240,1945,1992,47.6483,-122.163,2900,45738,13.82347872761345
2,830,1119,2.0,0,0,3,7,830,2005,0,47.5828,-122.314,1480,3622,12.705164699416962
3,2050,9396,1.0,0,0,5,7,1170,1960,0,47.7447,-122.328,1680,9391,12.899094818276968
4,2540,8400,2.0,0,0,5,7,2540,1977,0,47.3754,-122.277,1600,8050,12.505992035646432
3,4310,10842,2.0,0,2,3,10,3140,1988,0,47.7735,-122.386,2280,11106,13.997832114758229
3,2080,12094,2.0,0,0,4,8,2080,1982,0,47.7035,-122.164,2230,12204,12.958054611811011
4,3900,9750,1.0,0,4,5,10,2520,1972,0,47.5605,-122.158,3410,9450,14.297936707208567
4,2060,9828,1.0,0,0,4,8,2060,1960,0,47.5867,-122.174,2260,9996,13.369223455335854
3,1800,2792,2.0,0,0,3,8,1800,2011,0,47.5442,-122.371,1580,2617,12.847663339175718
4,3320,5034,2.0,0,0,4,7,3320,2006,0,47.4011,-122.164,2580,4950,12.92391243868049
3,1790,7259,1.0,0,0,3,7,1390,1980,0,47.4643,-122.171,1790,7700,12.634603026569334
3,2780,4815,3.0,0,2,3,10,2780,1974,0,47.6569,-122.286,2820,5000,14.038654109278484
4,1920,9500,1.0,0,0,4,7,1470,1966,0,47.5683,-122.177,1820,10091,13.486340991819
4,3360,13636,2.0,0,0,3,10,3360,1987,0,47.6373,-122.042,2980,10615,13.547631112808673
4,2540,11500,1.0,0,0,4,8,1640,1979,0,47.5609,-122.15,2820,9800,13.349498949988076
3,2490,2722,2.0,0,0,3,8,2020,1999,0,47.5893,-122.165,2490,2755,13.33254326232668
5,2480,4400,1.5,0,0,3,7,1640,1919,0,47.6046,-122.3,1940,4400,13.199324418540456
3,2140,7280,1.0,0,0,3,7,1070,1910,0,47.6993,-122.377,2280,8400,13.310501319519723
6,5110,7128,2.5,0,0,4,11,5110,1906,0,47.6285,-122.304,4110,6480,14.576316386998034
3,1290,1213,3.0,0,0,3,8,1290,2001,0,47.6609,-122.344,1290,3235,13.017002861746503
3,1720,8145,2.0,0,0,5,7,1720,1949,0,47.7393,-122.325,1400,8138,12.977337605354071
4,1750,6120,1.0,0,0,3,7,1150,1962,0,47.6958,-122.29,1350,6120,13.312983737012978
3,1340,196020,1.0,0,0,4,7,1340,1987,0,47.2931,-121.992,2250,232230,12.736700896592344
4,3800,12200,2.0,0,3,4,10,3800,1986,0,47.5689,-122.156,3710,14796,13.764217263576723
3,1510,4178,2.0,0,0,3,8,1510,1902,1979,47.6849,-122.335,2140,4916,13.591116224748411
3,1970,8540,1.0,0,3,4,8,1130,1950,0,47.7213,-122.365,2280,8540,13.314635265051452
3,1560,32137,1.0,0,0,5,7,910,1976,0,47.3197,-122.117,1470,29150,12.429216196844383
5,2590,9394,1.0,0,0,4,7,1390,1963,0,47.3941,-122.307,2580,9049,12.815838217151068
3,1920,9512,1.0,0,0,3,8,1440,1980,0,47.7606,-122.167,1820,9512,12.94084150078094
3,3110,6765,2.0,0,1,4,9,2550,1946,0,47.6886,-122.276,2630,7626,14.307764796144829
4,1580,8475,1.5,0,2,4,7,1580,1928,0,47.5104,-122.254,1700,5650,12.91410843858387
3,2090,6258,1.0,0,0,3,7,1390,1956,0,47.5503,-122.301,1790,5793,12.765688433465597
2,1384,1822,2.0,0,0,3,7,1384,1990,0,47.7525,-122.244,1078,1315,12.517227074167097
3,3340,13805,1.0,0,0,3,8,3340,1950,1992,47.744,-122.292,2060,12304,13.415032991367148
3,2540,237402,1.0,0,0,3,9,2540,2007,0,47.2688,-122.024,2200,229125,13.304684934198283
3,1470,6867,1.0,0,0,3,8,1470,1955,0,47.7495,-122.327,1470,6523,12.901716706288706
3,1240,12285,1.0,0,0,3,7,620,1939,1991,47.3219,-122.341,1560,11564,12.423198124518821
3,1890,3880,1.5,0,0,4,8,1460,1915,0,47.6642,-122.362,1010,3880,13.495305293806933
4,2570,4480,1.5,0,0,4,8,1580,1927,0,47.6701,-122.291,2070,4480,13.697852514496041
2,1730,1037,3.5,0,0,3,8,1730,2008,0,47.5594,-122.285,1280,1026,13.079455876393052
3,1420,1269,3.0,0,0,3,7,1420,2007,0,47.6904,-122.342,1420,1300,12.92391243868049
4,2700,10160,2.0,0,0,3,9,2700,1988,0,47.5685,-122.012,2760,9219,13.422060479434315
3,2310,4729,2.0,0,0,3,8,2310,2011,0,47.7734,-122.237,2440,4711,13.110290796170059
4,1940,6350,1.0,0,0,4,7,970,1951,0,47.6948,-122.357,960,6350,13.008074231002201
3,2470,4948,2.0,0,0,3,8,2470,2003,0,47.3438,-122.039,2500,4993,12.730801174465157
2,1280,7861,1.0,0,0,4,6,1280,1913,0,47.3007,-122.228,1020,6480,12.180754837545884
3,1120,9075,1.0,0,0,3,7,1120,1977,0,47.7551,-122.072,1120,9705,12.721885810807203
3,1320,7560,1.0,0,0,3,6,840,1983,0,47.7451,-121.98,1210,7560,12.691580461311874
3,1340,8250,1.0,0,0,3,7,1100,1985,0,47.3668,-122.09,1540,7860,12.345834587905333
3,2930,29136,2.0,0,0,3,8,2240,1990,0,47.3102,-122.042,2110,29362,13.038981768465277
3,1400,8821,1.0,0,0,3,7,1400,1991,0,47.1949,-121.989,1450,8721,12.35103841578036
3,2370,7916,2.0,0,0,3,9,2370,1990,0,47.528,-122.171,2500,8221,13.39239051461739
6,1370,5080,1.5,0,0,3,6,1120,1931,0,47.5238,-122.35,1020,5080,12.072541252905651
4,3290,6628,2.0,0,0,3,9,3290,2003,0,47.5994,-121.975,3240,5831,13.480037821676145
4,1660,5150,1.5,0,0,5,7,1280,1928,0,47.6835,-122.362,1490,4017,13.437174117244362
5,3340,4900,2.0,0,2,3,9,2500,2014,0,47.5193,-121.877,3220,5200,13.365858424966437
3,1320,8959,1.0,0,0,3,7,1320,1993,0,47.3536,-122.144,1740,7316,12.487485104968359
3,1400,7410,1.0,0,0,3,6,1400,1944,0,47.4798,-122.343,1070,7410,12.4130868149145
3,2430,7857,2.0,0,0,5,8,1730,1980,0,47.4546,-122.211,2160,8740,12.791077667470416
3,1990,15375,1.0,0,0,3,7,1140,1946,0,47.4778,-122.288,1160,10236,12.365424063756604
3,1600,9579,1.0,0,0,3,8,1180,1977,0,47.7662,-122.159,1750,9829,13.17115354157376
4,2930,5973,2.0,0,0,3,10,2930,2008,0,47.3846,-122.186,3038,7095,12.952760593018148
3,1450,4706,2.0,0,0,3,7,1450,2009,0,47.761,-122.232,1490,4667,12.89921982609012
3,2060,7658,2.0,0,0,3,8,2060,2003,0,47.2923,-122.36,2250,7299,12.687881320225673
4,2440,9727,2.0,0,0,3,9,2440,1987,0,47.6613,-122.132,2370,11503,13.52716159652479
3,2714,17936,2.0,0,0,3,9,2714,2005,0,47.3185,-122.275,2590,18386,13.049792684569493
4,2020,10332,1.0,0,0,3,7,1010,1954,0,47.5059,-122.303,2240,8379,12.388394202324129
3,1460,7860,1.0,0,0,5,7,1460,1967,0,47.6233,-122.108,1850,8148,13.081541382884074
3,1550,12670,1.0,0,0,4,7,1550,1962,0,47.5024,-122.169,1550,8880,12.388394202324129
4,2990,6626,2.0,0,0,3,9,2990,2014,0,47.7107,-122.11,2910,5533,13.610882040647779
3,1200,5525,1.0,0,0,2,7,1200,1947,0,47.6981,-122.325,1580,7200,12.575910575995186
4,2310,5650,1.0,0,2,3,8,1330,1952,2012,47.513,-122.252,2300,5650,13.017002861746503
8,7710,11750,3.5,0,0,5,12,6090,1904,0,47.6263,-122.314,4210,8325,15.009433026436708
3,1720,954,3.0,0,0,3,8,1460,2006,0,47.648,-122.358,1720,1294,13.286181462633724
5,1340,11198,1.5,0,0,3,8,1340,1934,0,47.736,-122.295,1390,8020,12.754049534926956
4,2490,23478,2.0,0,0,3,8,2490,1981,0,47.7547,-122.094,2030,12611,13.122363377404328
2,960,87991,1.5,0,0,3,5,960,1946,0,47.63,-121.9,1940,392040,12.100712129872347
3,940,5000,1.0,0,0,3,7,880,1941,0,47.6771,-122.398,1420,5000,13.262125319779487
3,1280,3200,1.5,0,0,3,7,1280,1903,0,47.6029,-122.307,1320,1676,12.959844447906553
3,2500,6000,2.0,0,0,3,8,2500,2012,0,47.4408,-122.161,2130,6000,12.977337605354071
1,930,29258,1.0,0,0,3,6,930,1941,0,47.4837,-122.236,2000,18321,12.154779351142624
5,3680,6060,2.0,0,0,5,9,2630,1925,0,47.6341,-122.304,3050,5850,14.430696197054507
4,1250,8400,1.0,0,0,3,7,960,1951,0,47.7505,-122.315,1560,8400,12.706847933442663
3,2340,6183,1.0,0,0,3,7,1210,1929,0,47.6979,-122.31,1970,6183,13.142166004700508
3,2470,11900,2.0,0,0,3,9,2290,1976,0,47.641,-122.057,2590,11900,13.399995114002609
3,1470,9337,2.0,0,0,3,7,1470,1991,0,47.7651,-122.323,1360,8684,12.404923504275338
5,3470,28212,1.5,0,0,4,8,2790,1978,0,47.3342,-122.108,2020,28177,13.028052697933088
3,2910,17172,2.0,0,0,3,10,2910,1989,0,47.2789,-122.331,2910,20048,13.017002861746503
4,1540,8400,1.0,0,0,3,7,770,1971,0,47.4278,-122.152,1520,9891,12.537173338349476
3,2700,6037,2.0,0,0,3,8,2700,2004,0,47.5376,-121.879,2740,6054,13.244581010128577
3,1190,10350,1.0,0,0,4,7,1190,1959,0,47.7428,-122.244,1850,10500,12.631340380934517
2,2070,3128,2.0,1,3,3,9,1760,1988,0,47.5686,-122.06,2740,3568,14.188452474366878
5,2300,23345,1.0,0,0,5,7,1170,1967,0,47.4739,-122.114,2280,23345,13.024750548537328
4,2620,16200,1.0,0,2,4,7,1570,1950,1993,47.6623,-122.196,3050,11875,13.783049347808893
4,3090,12511,2.0,0,0,4,10,3090,1998,0,47.5932,-121.983,3100,10882,13.567049198665774
5,3540,5971,1.0,0,2,3,10,2000,2005,0,47.6643,-122.202,2820,6029,14.11413257045439
4,2810,10986,2.0,0,0,3,10,2810,1997,0,47.5943,-121.981,3540,10986,13.517104522149518
4,3180,5405,2.0,0,0,3,7,3180,2001,0,47.4905,-122.14,2610,5403,13.142166004700508
3,1980,11214,1.0,0,0,3,7,1980,1959,0,47.4696,-122.298,1510,9072,12.367340793126296
3,2530,27227,2.0,0,0,3,8,2530,1987,0,47.527,-122.193,2160,30192,13.017002861746503
3,1530,10731,1.0,0,0,3,7,1530,1986,0,47.7655,-122.244,2100,12593,12.89921982609012
3,1560,7352,1.0,0,0,3,6,1560,1992,0,47.2804,-122.251,1120,7950,12.18811232015318
4,1830,7308,2.0,0,0,3,7,1830,2002,0,47.3565,-122.015,1830,5692,12.788288265382837
4,2080,7700,1.0,0,0,3,7,1450,1968,0,47.4349,-122.17,1900,7980,12.611537753638338
4,3590,5334,2.0,0,2,3,9,3140,2006,0,47.6763,-122.267,2100,6250,14.079412101750652
2,1470,5400,1.5,0,0,3,8,1470,1912,0,47.6391,-122.36,1760,3573,13.670484785914017
4,1450,10074,1.0,0,0,4,7,1450,1966,0,47.4546,-122.182,1340,8023,12.644166273130065
3,1440,7187,1.0,0,0,4,7,970,1981,0,47.291,-122.368,1440,7187,12.310432660854417
4,3340,5700,2.0,0,0,3,11,3340,2013,0,47.5059,-122.146,3340,6940,13.776769729647844
4,2700,10814,1.0,0,0,4,8,1560,1966,0,47.369,-122.177,2460,6310,12.611537753638338
5,3390,9760,1.0,0,0,5,8,1750,1978,0,47.4462,-122.137,2360,9600,13.038981768465277
3,2720,11937,2.0,0,0,3,9,2720,1990,0,47.4185,-122.212,2590,9683,12.82772382438505
3,1310,8065,1.0,0,0,4,6,1310,1948,0,47.701,-122.368,1420,8100,12.983101310070822
4,2510,35020,1.0,0,0,4,8,1610,1977,0,47.5834,-122.003,2080,34398,13.353475098367715
4,2630,4000,2.0,0,0,5,9,1810,1909,0,47.6393,-122.317,2370,4700,13.85952744338105
2,3950,3938,2.0,0,4,3,10,2910,1991,0,47.5912,-122.384,3220,4500,14.085537695177335
3,1860,15559,2.0,0,0,4,7,1860,1963,0,47.1559,-121.646,1110,11586,12.84792653170257
3,1480,3900,1.0,0,0,4,7,1480,1980,0,47.2977,-122.367,1830,6956,12.409013489526863
3,1420,9081,1.0,0,0,4,6,1420,1990,0,47.1948,-121.999,1090,8410,12.216022976383341
4,3080,7242,2.0,0,0,3,9,3080,2014,0,47.6948,-122.178,3010,7205,13.6989205603549
3,1060,6232,1.0,0,0,4,7,1060,1968,0,47.5329,-122.271,1120,5379,12.793859310432293
4,1550,4750,1.5,0,0,3,7,1550,1919,0,47.6824,-122.389,1320,4750,13.186276703147982
3,1590,27200,1.5,0,0,4,6,1590,1926,0,47.4238,-122.052,1820,74052,12.542544882151386
3,3080,7282,2.0,0,0,3,9,3080,2008,0,47.4826,-122.149,3080,7274,13.279367126213993
2,1320,73600,1.0,0,0,3,7,1320,1993,0,47.2755,-122.271,1320,33600,12.765688433465597
3,2390,2750,2.0,0,0,5,8,1580,1925,0,47.6339,-122.354,2200,5160,13.726679344257658
3,1260,24550,1.5,0,2,4,7,1260,1937,0,47.5442,-122.396,2500,12320,13.407542319637992
3,1710,21485,2.0,0,0,3,7,1710,1989,0,47.6198,-122.053,1680,21485,13.085699393032737
5,2190,4900,2.0,0,0,5,7,1490,1940,0,47.6892,-122.386,1370,4606,13.284482226880764
3,1390,4602,1.0,0,0,3,7,930,1981,0,47.6944,-122.366,1230,4800,12.89921982609012
3,1680,9090,1.0,0,0,4,7,1130,1959,0,47.6068,-122.13,1960,9090,13.081541382884074
3,3010,5717,2.0,0,0,3,10,3010,2000,0,47.5943,-122.15,2780,5138,13.65063591477404
4,1530,2248,1.5,0,0,3,7,1530,1914,0,47.5766,-122.309,1340,3700,12.765688433465597
3,1270,8422,1.0,0,0,3,7,1270,1967,0,47.7601,-122.197,1470,8500,12.736700896592344
3,2090,7450,1.0,0,0,3,7,1350,1978,0,47.7598,-122.303,1740,7644,13.091904169919621
5,2400,4496,2.0,0,0,3,7,2400,2004,0,47.3692,-122.126,1880,4319,12.730801174465157
3,3160,4270,2.0,0,0,3,8,2650,2006,0,47.7453,-122.194,2720,12523,13.226723392728571
4,2220,7230,1.0,0,1,3,8,1280,1950,0,47.7065,-122.279,2210,7230,13.422467969854667
4,3300,10250,1.0,0,0,3,7,2390,1946,1991,47.5873,-122.249,1950,6045,13.715690222682063
3,1270,1180,3.0,0,0,3,8,1270,2001,0,47.6697,-122.392,1320,1180,13.007401358934647
3,1200,7220,1.0,0,0,3,6,1200,1977,0,47.3746,-122.183,1200,7200,12.32476637748788
3,960,9633,1.0,0,0,5,6,960,1982,0,47.1951,-122.001,1080,8610,12.292250341771226
2,1270,1685,2.0,0,0,3,8,1270,2012,0,47.5646,-122.295,1270,1843,12.721885810807203
3,2040,11294,1.0,0,0,4,7,1340,1952,0,47.5923,-122.197,2120,9587,13.500799813124575
3,1120,6900,1.0,0,0,5,7,1120,1956,0,47.6023,-122.132,1300,7000,12.994075357102798
3,1880,6565,1.0,0,0,4,8,1420,1972,0,47.6396,-122.113,2060,7280,13.225822085772558
2,1470,6398,1.0,0,0,4,7,970,1941,0,47.6716,-122.279,1950,6398,13.308012724290958
2,1150,8138,1.0,0,0,3,7,1150,1954,0,47.737,-122.325,1300,8139,12.712890247898626
4,3160,10043,2.0,0,2,3,9,3160,2011,0,47.7001,-122.238,3450,10043,14.038654109278484
4,1870,3497,1.0,0,0,3,7,1200,1954,0,47.5309,-122.347,1270,3497,12.779873068457553
3,2620,78843,1.0,0,3,4,7,1310,1964,0,47.2584,-122.093,2330,130244,12.779873068457553
5,5990,10450,2.0,1,4,3,11,4050,2002,0,47.5554,-122.077,3330,14810,14.603967918328545
3,3580,118047,1.0,0,0,3,9,3240,1992,0,47.4453,-121.98,3240,123275,13.331813601586536
5,3700,7055,2.0,0,0,3,9,3700,2014,0,47.5929,-122.057,3170,6527,13.6989205603549
3,1150,8050,1.5,0,0,4,7,1150,1956,0,47.374,-122.296,1360,8050,11.722375689152436
5,2750,6000,1.5,0,0,3,8,1750,1904,1994,47.6729,-122.334,1520,4158,13.795307850646754
3,1850,7480,2.0,0,0,3,7,1850,1978,0,47.452,-122.159,1870,7480,12.54236629477704
4,2790,17476,1.0,0,2,3,7,1450,1956,0,47.4556,-122.369,2790,16401,13.249876697703288
2,870,8487,1.0,0,0,4,6,870,1944,0,47.4955,-122.239,1350,6850,12.01974306733868
4,3720,15048,3.0,0,0,3,7,3720,1979,2014,47.5116,-122.144,2020,15180,13.122363377404328
3,1740,9488,1.0,0,0,4,8,1180,1977,0,47.5339,-122.174,1880,8615,13.017002861746503
5,2550,7725,1.0,0,0,5,8,1390,1967,0,47.5388,-122.171,2450,7725,13.081541382884074
2,1510,3961,1.0,0,0,3,8,1510,2010,0,47.709,-122.018,1510,3962,13.091904169919621
3,2300,12197,2.0,0,0,3,8,2300,1989,0,47.4369,-122.338,1710,11220,13.190022025878143
2,1070,5000,1.0,0,0,3,7,1070,1924,0,47.6666,-122.331,1710,5000,13.369223455335854
1,850,8050,1.0,0,0,2,6,850,1906,0,47.5427,-122.288,1590,5180,12.013700752882718
4,2770,2650,2.0,0,0,3,9,2180,2014,0,47.6435,-122.354,1820,2960,13.921670753792664
3,1630,11475,1.0,0,0,4,7,1330,1979,0,47.4635,-121.746,1630,11475,12.637855061955712
2,1350,4220,1.0,0,0,3,8,1350,2004,0,47.718,-122.034,1350,4409,13.081541382884074
4,2570,36465,2.0,0,0,4,8,2570,1980,0,47.6555,-122.042,2390,41454,13.270783382522602
3,1040,9750,1.0,0,0,3,7,1040,1959,0,47.4553,-122.274,1510,11100,12.289954129510877
3,2210,7916,2.0,0,0,3,8,2210,1978,0,47.7175,-122.339,1450,7955,13.122363377404328
3,2470,5650,1.0,0,2,3,7,1550,1973,0,47.5072,-122.252,1660,5650,12.796633237315017
3,1010,7680,1.0,0,0,4,7,1010,1967,0,47.732,-122.231,1320,7373,12.765688433465597
3,1790,11542,1.0,0,0,5,7,1190,1969,0,47.5124,-122.16,1790,9131,12.9384405392434
4,3060,50002,1.0,0,2,4,8,2460,1957,0,47.6205,-122.096,2740,16181,13.774428112863044
3,1410,7700,1.0,0,0,3,7,980,1962,0,47.4577,-122.171,1510,7700,12.323855681186558
4,2140,7350,2.0,0,0,3,8,2140,1985,0,47.4483,-122.124,2120,8395,12.80765263256463
3,1450,12125,1.0,0,0,4,7,1450,1981,0,47.3575,-122.28,1210,12125,12.400816722322686
3,1380,4500,1.0,0,0,5,7,1380,1960,0,47.5866,-122.25,1590,9000,13.38472764187182
3,1450,6081,1.0,0,0,4,7,1450,1969,0,47.7522,-122.278,1880,6000,12.911642346088676
4,2400,10364,2.0,0,0,3,8,2400,1995,0,47.4832,-121.799,2390,9918,13.091904169919621
2,910,2693,1.0,0,0,3,6,910,2003,0,47.3493,-122.025,1360,2693,12.206072645530174
3,1500,7482,1.0,0,0,4,7,1210,1968,0,47.4619,-122.187,1480,7308,12.577636201962656
3,1220,7447,1.0,0,0,4,7,1220,1964,0,47.6886,-122.211,1340,7200,13.45597438174451
4,2320,16800,2.0,0,0,4,9,2320,1977,0,47.2959,-122.166,2700,15680,12.468436909997665
3,1410,7290,1.0,0,0,3,7,940,1980,0,47.5396,-122.274,1550,7375,12.388394202324129
4,1360,8136,1.0,0,0,3,7,1360,1948,0,47.7366,-122.333,1570,8132,12.70076888736628
3,1780,8033,1.0,0,0,2,7,1210,1977,0,47.7275,-122.219,1630,7508,13.071070083016778
2,2680,7392,1.0,0,0,3,9,2680,2004,0,47.717,-122.026,2315,7045,13.560618308335483
4,3820,13224,2.0,0,0,3,10,3280,1990,0,47.6005,-122.199,3340,9700,14.03062193758122
4,3020,13457,1.0,0,0,5,9,3020,1956,0,47.7174,-122.336,2120,7553,13.60244109222154
4,1220,7489,2.0,0,0,3,7,1220,1903,0,47.6133,-122.306,1220,3750,13.748301808270824
3,1660,6263,2.0,0,0,3,8,1660,2003,0,47.3507,-122.141,2190,6192,12.560244459250788
3,1530,2890,2.0,0,0,3,7,1530,2001,0,47.5434,-122.293,1540,2890,12.676076274775909
1,680,21727,1.0,0,0,3,5,680,1952,1995,47.446,-122.175,1470,19406,12.584406336246305
3,1010,3520,1.0,0,0,3,7,1010,1902,0,47.6208,-122.319,1300,1233,13.17115354157376
2,1210,6000,1.0,0,0,4,7,1000,1942,0,47.6482,-122.402,1840,6000,13.473020249017498
4,2040,8996,1.0,0,0,4,8,1260,1974,0,47.666,-122.185,2470,9180,13.048985907599553
3,2250,11520,1.0,0,1,3,8,2250,1956,0,47.7619,-122.268,2730,12445,13.507625778194974
4,2980,8051,1.5,0,2,4,10,2020,1935,0,47.6426,-122.409,2760,5499,13.959610901938031
4,1670,9472,1.0,0,0,3,7,1100,1960,0,47.5299,-122.357,1080,5195,12.721885810807203
2,870,5700,1.0,0,0,4,6,870,1957,0,47.498,-122.17,1020,5700,11.918390573078392
3,1680,1683,2.0,0,0,3,9,1120,2014,0,47.6424,-122.374,1610,1249,13.353395730138775
3,1490,974,2.0,0,0,3,7,1220,2009,0,47.5567,-122.363,1490,1283,12.65075846679162
3,2380,6832,2.0,0,0,3,8,2380,2002,0,47.5372,-121.876,2580,6832,13.260384675301703
4,1510,7200,1.5,0,0,4,7,1510,1955,0,47.761,-122.307,1950,10656,12.765688433465597
4,4060,5500,2.0,0,0,5,9,2660,1924,0,47.6437,-122.321,3320,5500,14.077874822431765
3,1240,7200,1.0,0,0,3,7,1240,1947,0,47.7298,-122.342,1210,7200,12.771386454580234
3,1640,53400,1.0,0,0,4,7,1640,1966,0,47.3944,-122.506,1850,380279,12.672946381766982
3,1470,16500,1.0,0,0,3,7,1470,1961,0,47.3617,-122.061,1720,14406,12.611537753638338
3,1200,16000,1.0,0,0,3,7,1200,1970,0,47.7452,-122.101,1960,15500,12.779873068457553
4,2840,8820,1.0,0,2,5,8,1420,1952,0,47.5542,-122.265,2310,8750,13.609715644984677
4,3680,5000,2.0,0,3,3,9,2480,1936,0,47.6599,-122.269,3200,5000,14.28551418721001
4,3240,11131,1.0,0,0,4,9,2080,1953,0,47.6182,-122.215,2300,12150,14.279244574196415
4,1260,7250,1.0,0,0,3,6,1260,1943,0,47.5267,-122.032,1880,7250,13.019222618484815
3,2420,4000,2.0,0,0,5,9,1820,1907,0,47.6054,-122.295,2030,4550,13.514405465180353
3,2170,8480,1.0,0,0,3,8,2170,1965,0,47.4562,-122.33,2080,8452,12.66032791780777
3,1970,2752,2.0,0,0,3,8,1970,1978,0,47.6345,-122.108,1850,2778,12.961020226995565
4,2286,8269,2.0,0,0,3,8,2286,2002,0,47.5174,-122.194,2110,4711,13.083622549087899
2,1450,2272,1.0,0,0,4,6,750,1924,0,47.633,-122.282,2170,4370,13.169246963303179
3,1680,8424,1.0,0,0,3,7,1680,1993,0,47.1969,-122.011,1990,8545,12.57418196709457
3,1480,8475,1.0,0,0,4,7,1480,1968,0,47.3126,-122.361,1800,8800,12.363076394339839
4,4060,10800,2.0,0,0,3,10,4060,2007,0,47.4241,-122.29,1830,9768,13.180632285528304
2,1090,4000,1.0,0,0,3,8,970,1951,0,47.5798,-122.393,1700,4000,13.038981768465277
3,1690,8901,1.0,0,0,3,7,1690,1986,0,47.3546,-122.176,1690,7532,12.203569515312056
3,1510,10827,2.0,0,0,3,7,1510,1984,0,47.654,-122.127,1900,10908,12.873902018105829
2,1320,4520,1.0,0,1,3,6,1320,1912,1971,47.5655,-122.394,1420,4560,13.020452460588517
3,1990,3000,1.5,0,0,3,7,1230,1908,1970,47.6272,-122.29,1600,4080,13.251635713108469
3,1170,9085,1.0,0,0,3,7,1170,1967,0,47.2808,-122.354,1230,9085,12.128111104060462
3,3010,7014,2.0,0,0,3,8,3010,2009,0,47.4949,-122.149,3030,6180,13.195613839143922
2,1020,4002,1.0,0,0,5,7,1020,1953,0,47.5828,-122.395,1780,5000,13.038981768465277
4,2190,4866,2.0,0,0,3,7,2190,2009,0,47.4907,-122.152,2190,5670,12.944432168911668
3,1470,873,3.0,0,0,3,10,1470,2009,0,47.6256,-122.362,1410,967,13.440111405027261
3,3200,18750,1.0,0,0,2,9,2660,1967,1996,47.5717,-122.12,3200,22475,13.270783382522602
3,2730,7136,2.0,0,0,3,8,2730,2012,0,47.3938,-122.321,2130,8932,13.142166004700508
3,3790,10829,2.0,0,0,3,11,3790,1993,0,47.5525,-122.098,3620,10989,13.742886100243274
5,1710,9720,2.0,0,0,4,8,1710,1974,0,47.5903,-122.157,2270,9672,13.215853720491667
3,2320,7800,1.0,0,0,4,7,1160,1960,0,47.5141,-122.316,1380,7800,12.676076274775909
3,1570,14992,1.0,0,0,3,8,1570,2001,0,47.6965,-121.922,1640,15000,12.736700896592344
3,1470,17577,1.0,0,0,5,7,1470,1967,0,47.4695,-122.116,2300,13832,12.772805901234461
4,2440,6651,2.0,0,0,3,9,2440,2014,0,47.6971,-122.371,1350,7653,13.35605114259421
3,1510,4560,2.0,0,0,4,7,1510,1909,1995,47.5689,-122.408,1990,5000,13.351886535682578
4,3940,27591,2.0,0,3,3,9,3440,2000,0,47.5157,-122.116,3420,29170,13.493926933836812
2,960,20954,1.0,0,0,3,7,960,1977,0,47.4485,-121.774,1240,9752,12.449018824140563
3,2290,7350,2.0,0,0,3,8,2290,1988,0,47.429,-122.162,2170,7529,12.80765263256463
3,1380,8362,1.0,0,0,3,7,1380,1967,0,47.3121,-122.323,1380,8800,12.367340793126296
3,2420,7423,2.0,0,0,3,8,2420,1990,0,47.3199,-122.186,2260,7629,12.736406735684207
5,5000,26540,2.0,0,3,3,10,3410,2008,0,47.5665,-122.21,3360,17398,14.363631966473962
3,3370,5350,1.5,0,1,4,7,2310,1910,0,47.5373,-122.39,1720,5618,13.422467969854667
4,2090,6667,2.0,0,0,3,8,2090,1997,0,47.4648,-122.15,2250,6165,12.911642346088676
4,2020,10260,2.0,0,0,4,7,2020,1984,0,47.6801,-122.114,2020,10311,13.303851253449706
3,1040,9997,1.0,0,0,4,7,1040,1955,0,47.7583,-122.302,1040,8699,12.577636201962656
4,1770,9239,2.0,0,0,3,7,1770,2004,0,47.3512,-122.006,2150,5450,12.775638764318764
4,2020,7865,1.0,0,0,4,7,1010,1963,0,47.5008,-122.162,1650,7865,12.618182296357007
4,2920,252648,2.0,0,0,3,10,2920,2002,0,47.4784,-122.048,2180,71874,13.617059619240436
3,1880,10032,1.0,0,0,4,8,1880,1984,0,47.5527,-122.16,2430,9732,13.43131758513165
3,1240,239144,1.0,0,0,3,6,1240,1921,1992,47.4303,-122.046,1990,109335,12.363076394339839
4,2500,20000,1.0,0,0,4,8,1700,1969,0,47.5901,-122.198,2650,20000,13.764217263576723
5,2550,20875,1.0,0,0,4,9,1610,1953,0,47.6336,-122.192,2510,21673,13.704578997256993
4,1410,10648,1.0,0,0,4,7,1410,1966,0,47.3736,-122.188,1410,10522,11.842229212112828
4,2190,9400,1.0,0,0,4,7,1450,1962,0,47.6531,-122.196,1980,9000,13.493926933836812
3,1620,5108,1.0,0,0,3,7,1620,1954,0,47.6978,-122.316,1380,6130,13.1205617554577
4,1980,5909,2.0,0,0,3,8,1980,2003,0,47.3913,-122.185,2550,5487,12.636392954636515
3,1640,3896,2.0,0,0,3,8,1640,1994,0,47.5689,-122.006,1780,3999,13.077366011473593
5,2260,11970,1.0,0,0,4,7,1250,1962,0,47.3896,-122.218,1950,11970,12.524526376648708
3,1100,32700,1.0,0,0,3,7,1100,1967,0,47.3186,-122.289,1616,32700,12.179831334324946
4,2240,7620,1.0,0,0,3,7,1120,1966,0,47.5089,-122.346,1080,7620,12.396693005138824
3,1300,11520,1.0,0,0,3,6,1300,1958,0,47.6829,-122.195,1440,8064,13.296316684527767
4,2140,4217,1.5,0,0,3,6,1320,1925,0,47.5484,-122.287,1720,5413,12.373703486914124
3,1850,15170,1.0,0,0,3,7,1850,1965,0,47.4991,-121.774,1160,14175,12.873902018105829
4,3080,5974,2.0,0,0,3,9,3080,2003,0,47.6007,-121.974,2950,5425,13.504900980868788
4,3290,5414,2.0,0,1,3,9,2360,2006,0,47.7074,-122.219,1820,9609,13.710094485207625
3,2160,7500,2.0,0,0,3,10,2160,1982,0,47.6232,-122.299,1550,3839,13.825460888817442
4,2570,22215,2.0,0,0,5,7,2570,1958,0,47.4833,-122.157,2460,6533,12.873902018105829
3,1660,8797,1.0,0,0,4,7,1660,1956,0,47.5892,-122.202,2350,10053,13.476535191124942
5,4380,14925,2.0,0,0,3,11,4380,2003,0,47.5848,-121.969,4310,14633,13.758940206475879
5,2460,7830,1.0,0,0,5,9,1490,1955,0,47.6938,-122.31,2050,7830,13.635187003832993
3,1920,11500,1.0,0,0,3,8,1920,1972,2000,47.5498,-122.188,2260,8866,13.151922179645874
4,4060,8547,2.0,0,0,3,9,2790,2007,0,47.3694,-122.056,2810,8313,13.112313041550827
2,1250,4576,1.0,0,0,3,6,1040,1925,0,47.5387,-122.266,1550,5000,13.01477816672439
3,1710,7920,1.0,0,0,3,8,1260,1968,0,47.3473,-122.305,1760,8120,12.375815420117268
4,2270,7665,2.0,0,0,3,9,2270,1986,0,47.6612,-122.148,2450,8706,13.504013820746453
3,2380,6250,2.0,0,3,3,8,1670,1997,0,47.5137,-122.252,2540,4010,13.112313041550827
3,1420,8126,1.0,0,0,3,8,1420,1991,0,47.3871,-122.189,1730,7954,12.487485104968359
4,2220,4760,1.0,0,0,3,7,1320,1918,0,47.5215,-122.348,940,4760,12.892950213076524
2,910,22725,1.0,0,0,1,6,910,1926,0,47.7712,-122.299,2000,14566,12.628067055589549
3,2020,10744,1.0,0,0,5,7,1270,1954,0,47.4403,-122.343,2020,11069,13.159659162148026
3,2000,7350,1.0,0,0,3,8,2000,1953,0,47.7061,-122.368,1890,6960,13.235692062711331
3,3570,15151,1.0,0,0,4,8,2400,1981,0,47.7475,-122.364,3140,14375,13.748301808270824
3,1420,4080,1.5,0,0,3,7,1420,1905,2013,47.6872,-122.349,1420,4590,13.091904169919621
3,2140,2770,2.0,0,0,3,8,1770,2007,0,47.6664,-122.131,2510,2708,13.36295384232226
3,1620,3975,1.0,0,0,5,7,940,1926,0,47.6786,-122.368,1320,3922,13.370784735902808
1,590,833,1.0,0,0,4,7,590,1926,0,47.6082,-122.299,780,1617,12.216022976383341
3,1300,7885,1.0,0,0,3,7,1300,1968,0,47.4556,-122.209,1840,7600,12.479909311159902
3,2130,7199,2.0,0,0,3,8,2130,1990,0,47.6331,-122.027,1890,7546,13.21128958659873
1,610,4400,1.0,0,0,3,5,610,1922,0,47.4865,-122.197,1090,4930,11.744037185933616
3,1370,9000,1.0,0,0,3,7,1370,1962,0,47.4973,-122.328,1400,9075,12.323855681186558
4,2660,5608,2.0,0,0,3,9,2660,2003,0,47.5449,-121.995,3010,5608,13.499429010990795
3,1380,9875,1.0,0,0,3,7,1380,1959,0,47.5131,-122.334,1200,6250,12.409013489526863
3,1300,5150,1.5,0,0,4,7,1300,1920,0,47.6838,-122.362,1400,4017,13.444446876573442
4,2130,3420,1.5,0,0,4,7,1730,1916,0,47.649,-122.336,1520,3420,13.493926933836812
4,2990,8913,2.0,0,0,4,9,2990,1991,0,47.4353,-122.159,2740,8030,13.060275185090907
4,2700,4590,2.0,0,0,3,8,2700,2002,0,47.6734,-122.329,2080,3570,13.830399170458024
3,2340,5500,2.0,0,2,3,9,2340,1988,0,47.6451,-122.319,2830,5500,13.797568558625834
4,2240,4025,1.0,0,2,3,7,1250,1926,2005,47.6818,-122.311,1380,3500,13.353475098367715
3,970,7854,1.0,0,0,4,7,970,1980,0,47.4899,-122.185,1480,7800,12.478006361013815
4,2240,9600,2.0,0,0,3,8,2240,1971,0,47.361,-122.281,2050,9240,12.699243334057444
3,1810,7350,1.0,0,0,3,8,1310,1984,0,47.4434,-122.125,2240,7350,12.697715449879391
4,2440,9600,1.0,0,0,5,7,1220,1963,0,47.4142,-122.179,1370,9600,12.523434872083365
2,1220,3000,1.0,0,0,3,7,920,1926,0,47.6823,-122.365,1270,3000,13.120361374733656
5,2520,13001,2.0,0,1,3,8,2010,1973,0,47.6385,-122.114,2170,8215,13.415032991367148
8,2790,6695,1.0,0,0,3,7,1470,1977,0,47.7565,-122.331,1760,7624,12.736700896592344
2,1000,905,3.0,0,0,3,8,1000,2006,0,47.6842,-122.387,980,1023,12.628067055589549
2,1100,1228,2.0,0,0,3,7,900,2007,0,47.5538,-122.282,1340,1380,12.745485726148077
4,1920,3600,2.0,0,0,4,8,1920,1907,0,47.6382,-122.368,1920,3600,13.676248490630767
4,2330,10451,2.0,0,0,4,8,2330,1965,0,47.6044,-122.168,1880,8400,13.652991628466498
3,2010,12950,1.0,0,0,3,8,2010,1953,0,47.7222,-122.229,1490,10181,12.644327576461329
6,4250,23326,1.0,0,3,3,10,2150,1967,0,47.34,-122.327,3370,15983,13.049792684569493
3,1370,9800,1.0,0,0,5,7,1370,1968,0,47.3068,-122.27,1370,9800,12.41673867533327
2,1643,14616,1.0,0,1,4,7,1643,1954,0,47.3973,-122.312,2270,9940,12.691426603322494
3,2080,9827,2.0,0,0,3,8,2080,1989,0,47.3058,-122.394,2660,9861,12.611537753638338
2,740,5995,1.0,0,0,4,7,740,1949,0,47.7291,-122.337,1140,5995,12.6270829649738
4,1940,6909,1.0,0,0,4,7,970,1941,0,47.7108,-122.352,1460,6906,12.955127458028414
3,1360,3737,1.5,0,0,4,6,1360,1910,0,47.6751,-122.362,1820,4500,13.017002861746503
3,2240,6050,1.0,0,0,4,8,1250,1950,0,47.5658,-122.4,1720,6050,13.345506928718539
2,1070,6678,1.0,0,0,4,7,1070,1951,0,47.7315,-122.357,1680,7788,12.721885810807203
3,2540,4750,1.5,0,0,5,9,1840,1930,0,47.6838,-122.4,2190,4750,13.64709190633931
2,1320,1329,2.0,0,0,3,8,1180,2007,0,47.6728,-122.374,1490,5000,12.959844447906553
3,1470,1235,2.0,0,0,3,7,1180,2008,0,47.5537,-122.313,1470,1243,12.611537753638338
3,1690,4088,2.0,0,0,3,7,1690,2004,0,47.6779,-122.034,1950,4088,13.11835535600679
3,1580,1321,2.0,0,2,3,8,1080,2014,0,47.6688,-122.402,1530,1357,13.465953081794405
4,2120,3794,2.0,0,0,4,7,1420,1926,0,47.6893,-122.359,1420,3840,13.487239797107582
4,1380,6700,1.0,0,0,3,7,1190,1928,0,47.4871,-122.281,1380,8292,12.128111104060462
4,3640,231739,1.5,0,0,3,10,3640,1999,0,47.5078,-122.018,2670,91040,13.567049198665774
5,2920,11440,2.0,0,0,3,8,2920,2003,0,47.7607,-122.354,1720,9348,13.122363377404328
4,1330,9715,1.0,0,0,4,7,970,1957,0,47.6038,-122.122,1590,8400,13.035606513478047
5,3950,44431,1.0,0,0,3,10,2100,1969,0,47.6451,-122.173,3860,45870,14.037853789107714
3,1660,3729,1.0,0,0,5,7,970,1922,0,47.5741,-122.414,1560,3729,13.366093562326927
3,1670,5146,2.0,0,0,3,8,1670,1991,0,47.5707,-121.999,1940,5146,13.199324418540456
3,890,9465,1.0,0,0,3,6,890,1957,0,47.4388,-122.328,1590,9147,11.947949375319936
4,2210,5002,1.0,0,0,3,7,1370,1977,0,47.6637,-122.401,1970,4920,13.504900980868788
3,1410,8909,2.0,0,2,3,7,1410,1988,0,47.3983,-122.31,2050,8909,12.669806661762314
3,1680,6108,1.0,0,0,3,8,1680,1989,0,47.4501,-122.208,2220,5664,12.810388612383504
4,1840,11367,1.5,0,0,4,7,1840,1950,0,47.7656,-122.358,1690,9800,12.936033799212835
3,1340,63597,1.0,0,0,4,7,1340,1963,0,47.4379,-122.011,1950,87120,12.577636201962656
2,1070,1236,2.0,0,0,3,8,1000,2005,0,47.5619,-122.382,1170,1888,12.903585283599758
3,2330,15536,1.0,0,2,3,10,2330,1996,0,47.655,-122.087,3320,17461,13.407542319637992
3,1800,6680,2.0,0,0,3,8,1800,1983,0,47.7293,-122.223,1630,8621,12.985397522331171
5,4050,35600,2.0,0,0,3,12,4050,1990,0,47.5465,-122.122,4770,33880,13.820498099475314
4,2680,8500,1.0,0,4,4,9,1480,1962,0,47.5634,-122.156,2940,8650,14.03263603695292
4,2620,35124,2.0,0,0,3,9,2620,1987,0,47.3067,-122.116,2920,35807,13.001325049027272
3,2031,7702,2.0,0,0,3,9,2031,1988,0,47.3058,-122.348,2390,7700,12.721885810807203
4,1690,4080,1.5,0,0,4,7,1140,1912,0,47.6825,-122.379,1600,4590,13.29041696240058
2,1160,1103,2.0,0,0,3,7,890,2006,0,47.7677,-122.315,1160,1086,12.524526376648708
3,1260,7560,2.0,0,0,5,6,1260,1943,0,47.7225,-122.351,1260,7595,12.834681304952548
3,1620,8085,1.0,0,0,3,7,1210,1976,0,47.7349,-122.197,1700,8085,12.886641043883259
4,2460,4200,2.0,0,0,3,8,2460,1998,0,47.6041,-122.02,2460,4200,13.250756592172728
2,2380,9374,1.0,0,2,3,8,2380,2011,0,47.7095,-122.019,1610,5000,13.614617615584883
2,1320,8380,1.0,0,0,3,7,1320,1953,0,47.705,-122.367,1290,8025,13.010313873595706
5,1840,6710,1.5,0,0,3,7,1840,1920,0,47.5686,-122.378,1410,4880,13.287877815881902
3,3010,9600,2.0,0,0,3,8,2410,1978,0,47.7671,-122.263,2620,9660,13.120361374733656
3,1330,2183,3.0,0,0,3,8,1330,2014,0,47.6987,-122.365,1310,5000,13.199231821660906
4,2980,210395,2.0,0,0,3,9,2980,2001,0,47.4575,-121.707,2530,45596,13.337474757021274
4,3430,7200,2.0,0,0,3,9,3430,2014,0,47.6842,-122.196,1530,7800,14.070152776337855
4,3060,5000,2.0,0,0,3,8,3060,2001,0,47.3786,-122.126,3060,5668,12.896716695872
3,2290,14810,1.0,0,0,5,7,1400,1967,0,47.5343,-122.185,2540,8640,13.083622549087899
4,2790,45902,2.0,0,0,3,9,2790,1987,0,47.7674,-122.086,2890,42421,13.392314175825796
2,750,6380,1.0,0,0,3,7,750,1949,0,47.7033,-122.308,1690,6495,12.672946381766982
4,1900,9428,2.0,0,0,3,8,1900,1978,0,47.7628,-122.244,1830,10480,12.834681304952548
3,2180,5000,1.0,0,0,4,8,1240,1977,0,47.5828,-122.396,2000,5000,13.345506928718539
4,2940,9172,2.0,0,0,3,9,2940,2006,0,47.3444,-122.269,2660,7955,13.081541382884074
4,3430,10157,2.0,0,0,3,10,3430,2000,0,47.723,-122.158,3480,10157,13.514405465180353
4,1740,10875,1.0,0,0,3,8,1740,1967,0,47.5132,-122.157,1680,10701,12.971424201839042
4,2260,10800,1.0,0,0,3,9,2260,1978,0,47.6124,-122.153,2650,9900,13.437174117244362
3,1580,13912,1.0,0,0,4,8,1580,1955,0,47.7552,-122.276,2130,16420,12.957488734214095
3,960,10181,1.0,0,0,3,7,960,1961,0,47.7231,-122.229,1740,10194,12.682306824526545
3,1480,7200,1.0,0,0,3,7,1190,1975,0,47.3037,-122.375,1830,7200,12.581078546153629
4,2240,9684,2.0,0,0,4,9,2240,1970,0,47.5489,-122.225,2440,9618,13.7525707581904
3,2310,5200,1.0,0,0,4,7,1520,1940,0,47.6357,-122.397,2310,5200,13.573438996764546
3,1210,2046,2.0,0,0,3,9,920,2008,0,47.5212,-122.357,1070,651,12.6112043647371
2,1290,6272,1.0,0,0,4,6,890,1922,0,47.6777,-122.305,1260,5376,13.106233995474446
3,1420,10980,1.0,0,0,4,7,1200,1954,0,47.574,-122.138,1630,9763,12.86099861326992
2,850,5000,1.0,0,0,3,6,850,1976,0,47.3817,-122.314,1160,5000,12.103486056755072
4,1200,11163,1.5,0,0,4,6,1200,1970,0,47.3024,-122.106,1200,11163,12.089538829274222
3,720,7598,1.0,0,0,5,6,720,1947,0,47.5483,-122.36,1080,7209,12.611537753638338
3,1870,3118,2.0,0,0,3,8,1870,1993,0,47.3739,-122.056,1580,3601,12.230765258120545
2,800,5192,1.0,0,0,5,7,800,1951,0,47.5119,-122.386,1190,5320,12.724717618348295
1,1020,4512,1.0,0,0,3,7,770,1937,0,47.6724,-122.266,1230,5029,12.984250075274694
2,1040,11500,1.0,0,0,5,7,1040,1947,0,47.2791,-122.3,1300,11954,12.323855681186558
5,2750,5589,1.5,0,0,5,9,1840,1910,0,47.6364,-122.3,1460,4250,13.726679344257658
4,2070,8658,2.0,0,0,3,8,2070,1999,0,47.5072,-122.257,2010,7215,12.826649133255284
3,1050,9206,1.5,0,0,3,7,1050,1954,0,47.7071,-122.301,1380,6384,12.793859310432293
4,1870,8750,1.0,0,2,3,7,1870,1977,0,47.1985,-122.001,1770,8207,12.409013489526863
3,1580,3840,2.0,0,0,3,8,1580,1908,0,47.6192,-122.319,1680,2624,13.499429010990795
2,1790,4000,1.0,0,0,4,7,1040,1923,0,47.6405,-122.301,1310,4000,13.473020249017498
2,870,6552,1.0,0,0,3,6,870,1947,0,47.7188,-122.353,1500,6678,12.388394202324129
3,2210,6500,1.0,0,0,4,7,1030,1912,0,47.5434,-122.388,1750,6370,13.122363377404328
2,1460,6000,1.0,0,0,2,7,1260,1925,0,47.7009,-122.317,1580,6380,12.65075846679162
3,2300,7800,2.0,0,2,3,9,2300,1997,0,47.6842,-122.155,2300,8187,13.510343171171474
2,2020,7200,1.0,0,3,4,7,1700,1947,0,47.506,-122.384,2020,7200,13.487006490992238
3,1390,13860,2.0,0,0,3,7,1390,1979,0,47.4704,-121.747,1390,11860,12.751299696013497
3,1290,7210,1.0,0,0,3,7,1290,1984,0,47.2889,-122.363,1350,7509,12.230765258120545
3,1620,79993,1.0,0,2,4,6,1620,1960,0,47.2138,-121.982,1620,15680,12.608198852372823
6,5310,12741,2.0,0,2,3,10,3600,1967,0,47.5696,-122.213,4190,12632,13.864300722133706
3,1070,5150,1.0,0,0,4,6,1070,1940,0,47.5335,-122.349,1020,4800,12.425208175446844
3,1090,8400,1.0,0,0,4,7,1090,1966,0,47.6219,-122.115,1320,8400,12.936033799212835
3,1770,8755,1.0,0,0,3,8,1330,1981,0,47.4464,-122.123,1910,8710,12.699243334057444
4,4080,10295,2.0,0,0,3,10,4080,1998,0,47.5933,-121.982,3470,10295,13.709038313453757
3,940,8512,1.0,0,0,4,7,940,1967,0,47.7002,-122.191,1060,8512,12.779873068457553
4,2390,6820,2.0,0,0,4,7,2140,1945,0,47.6788,-122.27,1980,6820,13.591116224748411
4,2370,6557,2.0,0,0,3,9,2370,1998,0,47.423,-122.155,2370,7378,12.818551923022664
4,3380,75794,2.0,0,0,3,10,3380,1997,0,47.3511,-122.266,3710,17913,13.369067193127552
3,2130,8742,1.0,0,3,3,7,1330,1955,0,47.5057,-122.231,2380,7448,12.796633237315017
3,3020,6073,2.0,0,0,4,9,3020,1954,0,47.6332,-122.29,3020,7700,14.151982794585487
3,1690,3322,2.0,0,0,3,7,1690,2003,0,47.6824,-122.036,1650,3446,13.079455876393052
2,2130,5001,1.0,0,0,5,8,1330,1972,0,47.6573,-122.399,1750,6000,13.468785944878709
3,1240,5750,1.0,0,0,4,6,1240,1948,0,47.564,-122.398,1240,5750,12.959844447906553
3,970,7275,1.0,0,0,4,7,970,1970,0,47.4006,-122.188,1750,7200,12.2783933071098
3,2110,8000,2.0,0,0,3,8,2110,1975,0,47.7311,-122.204,1740,7270,12.86099861326992
3,1510,6083,1.0,0,0,4,6,860,1940,0,47.6966,-122.324,1510,5712,12.936033799212835
4,2370,10858,2.0,0,0,3,9,2370,2003,0,47.6336,-122.192,2510,21673,13.849428776167734
3,1720,5000,1.5,0,0,3,8,1720,1932,2009,47.738,-121.983,1410,8300,12.948009990259552
4,2380,15800,1.0,0,0,3,8,1680,1957,2001,47.5929,-122.133,1950,11751,13.393153582185892
4,2830,14538,2.0,0,0,3,8,2830,2003,0,47.5405,-121.882,2270,6939,13.45166712454693
4,1450,5530,1.0,0,0,4,6,1450,1969,0,47.3613,-122.087,1060,5200,12.074875668892323
4,2610,3277,1.5,0,0,5,8,1920,1922,0,47.6636,-122.33,1810,3277,13.815510557964274
4,2640,8055,2.0,0,0,3,9,2640,2004,0,47.315,-122.193,1650,8055,12.855790268162783
3,1980,3478,1.5,0,0,4,7,1440,1929,0,47.6775,-122.372,1610,3478,13.226723392728571
3,2350,209088,1.0,0,0,3,7,2350,1993,0,47.6527,-121.949,2300,209088,13.197470849891134
4,3140,10918,1.0,0,0,3,8,1900,1968,1986,47.7086,-122.243,3170,10918,13.253391639810733
3,1370,4000,2.0,0,0,4,8,1370,1918,0,47.6711,-122.324,1370,4000,13.29379249303186
4,3580,19989,1.5,1,4,4,7,3480,1915,1965,47.7087,-122.276,2410,6389,14.53335035111459
4,1930,7925,1.0,0,0,3,8,1300,1960,0,47.7626,-122.312,1930,7200,12.814478597635029
3,1730,9211,1.0,0,0,3,8,1730,1961,0,47.7149,-122.322,1440,9211,12.89921982609012
3,1850,7684,1.0,0,0,3,8,1320,1979,0,47.2975,-122.37,1940,7630,12.292250341771226
3,1960,1985,2.0,0,0,3,7,1750,2003,0,47.5419,-122.289,1760,1985,12.80765263256463
3,1240,6090,1.0,0,0,4,7,1240,1950,0,47.7542,-122.307,1550,9096,12.629705057593787
5,4610,13252,2.0,0,4,3,11,4610,2004,0,47.5878,-121.969,4400,15154,13.971659240454205
4,3080,10757,2.0,0,3,5,8,3080,1961,0,47.5671,-122.159,2810,10757,13.864300722133706
3,2100,4700,2.0,0,0,3,8,2100,1999,0,47.5341,-121.867,2100,4700,13.060487973686241
5,1960,7875,1.0,0,0,4,7,1960,1968,0,47.7256,-122.18,1800,7764,12.981721047601862
4,1720,7210,1.0,0,0,3,7,860,1971,0,47.7307,-122.239,1250,7210,12.765688433465597
3,1720,1977,2.0,0,0,3,8,1360,2007,0,47.6127,-122.299,1720,3420,13.213117740672793
3,2510,5400,2.0,0,0,3,9,2510,1992,0,47.5204,-122.206,1840,5400,13.217673557208654
3,1750,7208,2.0,0,0,3,8,1750,1994,0,47.4315,-122.192,2050,7524,12.688498794774466
2,1330,4140,1.0,0,0,4,7,930,1919,1940,47.6802,-122.306,1410,5100,13.00245308073177
3,2060,12558,1.0,0,0,4,7,1350,1984,0,47.6659,-122.144,1850,8722,13.345506928718539
4,1590,6000,1.5,0,0,4,8,1590,1925,0,47.6401,-122.299,1590,4000,13.876135179780709
3,2260,11781,1.0,0,0,4,8,1520,1968,0,47.5982,-122.128,2530,10176,13.478638241321722
4,2740,8120,2.0,0,0,3,9,2740,1999,0,47.6123,-122.006,2780,8344,13.444446876573442
3,1360,7293,2.0,0,0,3,8,1360,1988,0,47.3304,-122.302,1540,7353,12.423198124518821
4,3860,5130,2.0,0,0,3,8,2930,2004,0,47.5387,-121.879,3130,6163,13.43131758513165
3,860,5200,1.0,0,0,5,6,860,1969,0,47.3677,-122.078,1010,5200,12.14950229404178
4,1430,7232,1.5,0,0,3,7,1430,1948,0,47.7197,-122.328,1540,7232,12.834681304952548
4,3170,3862,3.0,0,0,3,8,3170,2008,0,47.6705,-122.145,2840,4181,13.617059619240436
4,1970,12409,1.0,0,0,4,7,1220,1968,0,47.7489,-122.236,1690,10720,12.889169490236618
3,1430,9750,1.0,0,0,5,7,1430,1962,0,47.7441,-122.357,1630,9282,12.971424201839042
4,2250,5306,2.0,0,0,3,8,2250,2012,0,47.356,-122.057,2250,5306,12.834681304952548
5,2180,8240,1.0,0,0,4,8,1220,1977,0,47.3122,-122.191,2050,7590,12.577632753680849
2,1430,7819,1.0,0,0,3,7,1110,1944,0,47.7307,-122.302,1380,7473,12.850423411901156
2,930,5650,1.0,0,2,3,7,930,1941,0,47.5478,-122.377,1340,6400,12.631340380934517
3,1380,7334,1.0,0,0,3,7,980,1981,0,47.4339,-122.192,1910,7859,12.013700752882718
3,1320,3625,2.0,0,0,3,7,1320,1900,0,47.6049,-122.288,1660,5438,13.047639831208393
3,2670,4800,2.0,0,0,3,8,2670,2014,0,47.3483,-122.042,2340,5000,12.9190224533863
2,1220,2500,1.0,0,0,3,6,770,1910,0,47.5727,-122.372,1540,3000,12.449018824140563
4,1220,8075,1.0,0,0,2,7,890,1969,0,47.3341,-122.282,1290,7800,12.388394202324129
4,2010,10816,1.0,0,0,3,7,1410,1955,0,47.5048,-122.251,1610,9360,12.468436909997665
3,2760,6187,2.0,0,0,3,10,2760,2014,0,47.5821,-122.047,2760,6600,13.634633557296535
3,1980,7309,2.0,0,0,3,7,1980,1993,0,47.7257,-122.172,2060,9681,13.028052697933088
4,2500,7690,1.0,0,0,3,7,1250,1973,0,47.7713,-122.307,2040,8646,12.866179972011919
3,1130,9879,2.0,0,0,3,6,1130,1996,0,47.635,-121.964,1900,14907,12.736700896592344
3,1480,6752,1.0,0,0,4,7,1480,1959,0,47.4993,-122.176,1450,8023,12.635091506592074
4,1400,8374,1.0,0,0,3,7,1400,1953,0,47.4735,-122.344,1420,8360,12.736700896592344
3,2110,5800,1.5,0,0,4,7,1990,1927,0,47.6645,-122.342,1620,4300,13.493926933836812
6,2750,4400,2.0,0,0,3,8,1770,1987,0,47.6883,-122.335,1860,4400,13.676133541495632
4,3420,49223,2.0,0,0,3,9,3420,2004,0,47.3534,-121.992,3580,49223,13.428376406540833
4,2320,4344,2.0,0,0,3,8,2320,2012,0,47.4862,-122.163,2310,3770,13.016891744462095
4,1820,7200,1.0,0,0,3,7,1300,1976,0,47.5161,-122.388,1770,8149,13.214942558697421
3,900,4084,1.5,0,0,3,7,900,1910,0,47.684,-122.393,1280,4080,12.89921982609012
3,1950,3600,1.5,0,0,5,8,1430,1911,0,47.637,-122.363,1950,3600,13.652991628466498
4,2612,5850,2.0,0,0,3,8,2612,2014,0,47.3751,-122.189,2419,8984,12.84779494409793
3,1240,9300,1.0,0,0,3,7,1240,1954,0,47.4363,-122.333,1250,9300,12.577636201962656
4,3090,7112,2.0,0,0,3,9,3090,2001,0,47.705,-122.118,3050,6000,13.560618308335483
3,2430,10500,2.0,0,1,3,9,2430,1989,0,47.5818,-122.198,3440,12842,13.842152488910695
3,2260,8040,2.0,0,0,3,8,2260,1990,0,47.3203,-122.184,2390,8040,12.721885810807203
3,1760,4046,1.0,0,0,3,7,960,1931,0,47.6876,-122.381,1500,4046,13.224919965729422
3,1040,9800,1.0,0,0,4,7,1040,1955,0,47.5765,-122.155,1280,8880,12.834681304952548
5,3410,4726,2.0,0,0,3,9,3410,2007,0,47.5459,-122.184,2810,5129,13.592367006650065
4,2320,4468,2.0,0,0,3,8,2160,1999,0,47.546,-122.009,2330,3541,13.365309556014719
3,1570,1486,2.5,0,0,3,8,1330,2000,0,47.652,-122.384,1610,1486,13.110290796170059
3,1160,7912,1.0,0,0,4,7,1160,1956,0,47.7336,-122.306,1190,7482,12.706847933442663
2,810,5060,1.0,0,0,3,6,810,1941,0,47.5635,-122.394,900,5060,13.132313708257497
5,4750,8234,2.0,0,2,3,10,3350,2013,0,47.3574,-122.318,2160,14496,13.554145793829866
4,2320,3825,1.5,0,0,5,8,1820,1926,0,47.6659,-122.327,1940,3825,13.754698418567516
2,950,6000,1.0,0,0,3,7,950,1942,0,47.6897,-122.294,1440,6000,13.106233995474446
2,1110,1189,3.0,0,0,3,8,1110,2000,0,47.6711,-122.377,1420,1311,12.823957341589573
6,3000,6320,2.0,0,2,3,8,2400,1969,0,47.562,-122.279,1720,6360,13.42984807715229
3,1740,7682,1.0,0,0,3,8,1330,1978,0,47.4451,-122.126,2010,8820,12.762827201184564
4,3130,3900,2.0,0,0,3,9,2550,2008,0,47.6849,-122.327,1830,3900,14.14409462173648
4,1430,27153,1.5,0,0,4,5,1430,1934,0,47.5372,-121.744,1880,27153,12.524526376648708
4,3360,11637,2.0,0,0,3,11,3360,1990,0,47.3018,-122.342,3530,11205,12.948009990259552
3,1300,2446,1.0,0,3,3,8,880,1961,0,47.6071,-122.285,2440,5051,13.42468772659298
3,2510,9240,2.0,0,0,4,8,2510,2001,0,47.1896,-122.013,2690,9240,12.774223335915433
2,860,5000,1.0,0,0,3,6,860,1915,1945,47.5133,-122.356,1220,5000,12.4529327234617
4,1650,7276,1.0,0,0,3,7,1010,1977,0,47.7721,-122.206,1840,8550,13.060487973686241
3,1190,1149,2.0,0,0,3,8,1050,2008,0,47.5818,-122.387,1210,1316,12.89921982609012
3,2220,4830,2.0,0,3,3,9,1790,1928,2010,47.5825,-122.4,1670,4830,13.911729415704817
4,1260,7248,1.5,0,0,5,7,1260,1955,0,47.433,-122.292,1300,7732,12.464583340681674
3,1250,8636,1.0,0,0,5,7,1250,1968,0,47.5066,-122.159,1620,7653,12.676076274775909
2,880,1165,2.0,0,0,3,8,880,2005,0,47.6192,-122.297,1640,3825,12.793859310432293
3,1270,7500,1.0,0,0,3,7,1270,1953,0,47.4921,-122.339,1340,3000,12.547887726561882
4,2540,7620,1.0,0,3,3,8,1320,1948,0,47.5709,-122.406,2540,8613,13.39239051461739
3,1980,9800,1.0,0,0,3,7,1980,1991,0,47.3745,-122.224,1630,7650,12.631340380934517
4,3820,8850,2.0,0,0,3,10,3820,2014,0,47.6506,-122.195,2330,12000,14.058417520119434
3,1270,7700,1.0,0,0,4,7,1270,1968,0,47.6711,-122.148,1510,7700,13.028052697933088
4,3350,29242,2.0,0,0,3,11,3350,1988,0,47.7197,-122.131,3920,24728,13.721199878493033
4,3780,20023,2.0,0,2,3,10,3780,2001,0,47.5491,-122.006,2150,3675,13.785051350479566
4,3250,4500,2.0,0,0,3,8,3250,2009,0,47.4944,-122.149,3030,4518,13.159659162148026
3,1650,5683,2.0,0,0,3,7,1650,2003,0,47.683,-122.035,1650,4193,13.122363377404328
2,1540,6549,2.0,0,0,3,7,1540,1980,0,47.7189,-122.353,1470,6552,13.120361374733656
3,2380,11200,1.0,0,0,4,8,2380,1963,0,47.5873,-122.193,2010,11200,13.733215315237445
2,800,5600,1.0,0,0,5,6,800,1955,0,47.4959,-122.172,1100,6000,12.154252896800378
3,2160,35912,2.0,0,0,3,8,2160,1982,0,47.7273,-122.083,2230,35244,13.071070083016778
4,2280,9827,2.0,0,0,3,8,2280,1995,0,47.6883,-122.168,1660,9827,13.384419902217138
4,2320,7200,1.0,0,0,3,7,1260,1943,2000,47.5893,-122.232,1760,7200,13.554145793829866
2,940,1222,2.0,0,0,3,7,860,2004,0,47.7178,-122.318,1302,1840,12.691580461311874
3,1020,7020,1.5,0,0,4,7,1020,1953,0,47.7362,-122.314,1020,5871,12.793859310432293
3,1280,960,2.0,0,0,3,9,1040,2014,0,47.602,-122.311,1280,1173,13.217491722495906
5,2800,11325,1.0,0,0,4,8,1400,1970,0,47.6166,-122.172,2510,13700,13.652991628466498
3,2242,4995,2.0,0,0,3,8,2242,2011,0,47.2595,-122.202,1798,4942,12.706544857216672
4,2150,5000,2.0,0,0,3,8,2150,2001,0,47.6962,-122.314,2030,6380,13.270783382522602
3,1810,3930,2.0,0,0,3,8,1810,2008,0,47.7169,-122.02,1560,5100,13.199324418540456
3,1270,2790,1.0,0,0,3,7,990,1970,0,47.6581,-122.396,1920,4000,13.205784985543401
2,870,4280,1.0,0,2,4,6,870,1921,0,47.6697,-122.29,1750,4280,13.128345449081877
4,1450,5456,1.0,0,0,5,7,1450,1951,0,47.5442,-122.297,980,6100,12.881564890851399
2,980,853,2.0,0,0,3,7,820,2009,0,47.5925,-122.295,1130,1270,12.842649474601725
3,1460,11100,1.0,0,0,3,7,1460,1956,0,47.3253,-122.298,1460,11100,12.240474072247506
3,2200,7201,2.0,0,0,3,8,2200,1994,0,47.3821,-122.207,2250,7240,12.619820027390809
4,2500,7417,2.0,0,0,3,9,2500,1991,0,47.6251,-122.026,2770,8188,13.369223455335854
5,3620,4650,2.0,0,0,3,8,2790,2004,0,47.3552,-122.026,2850,4650,12.884106188280072
3,2120,9350,1.0,0,0,3,7,1280,1979,0,47.7562,-122.145,2200,9000,12.966878474563934
4,3730,4560,2.0,0,0,3,9,2760,2015,0,47.6725,-122.33,1800,4560,13.296316684527767
4,2470,7698,2.0,0,0,3,8,2470,1983,0,47.4406,-122.141,2330,7986,12.793581494067123
2,2730,7246,2.0,0,0,3,9,2730,1998,0,47.512,-122.175,3220,7214,13.190022025878143
3,1200,7500,1.0,0,0,3,6,1200,1905,1989,47.4921,-122.275,1010,7000,12.254862809699606
4,3600,5217,2.0,0,0,3,9,2720,1947,2014,47.6189,-122.286,2270,5217,14.115615150414612
3,3390,7000,1.0,0,3,4,8,1740,1979,0,47.5701,-122.408,1770,6500,13.726679344257658
4,1480,8321,1.0,0,0,3,7,1080,1953,0,47.7629,-122.318,1580,8502,12.959844447906553
4,1870,6693,2.0,0,0,3,7,1870,1996,0,47.2774,-122.299,1650,6518,12.608198852372823
4,2547,4800,2.0,0,0,3,9,2547,2014,0,47.2592,-122.194,2598,4800,12.880138938277327
3,2030,7350,1.0,0,0,4,7,1190,1977,0,47.6939,-122.126,1950,7350,13.284482226880764
3,1440,5469,1.0,0,0,3,8,1440,1988,0,47.5753,-122.017,1980,6198,12.765688433465597
3,1250,21303,1.0,0,0,3,6,1250,1970,0,47.6625,-122.059,1250,17920,12.467956025160314
4,2680,11998,1.0,0,3,3,8,1510,1960,0,47.337,-122.321,2680,12746,13.038981768465277
3,1700,6396,2.0,0,0,3,7,1700,2003,0,47.5333,-121.87,1700,4444,12.873773804758644
3,1430,2343,2.0,0,0,3,8,1430,2012,0,47.5648,-122.294,1270,1916,12.992254692057308
3,1820,1641,3.0,0,0,3,8,1540,2006,0,47.6482,-122.358,1720,1501,13.345506928718539
5,2450,6534,2.0,0,0,3,8,1770,1951,2014,47.688,-122.281,1620,6534,13.651814465293484
3,2100,8276,2.0,0,1,4,8,2100,1979,0,47.6068,-122.112,2420,18135,13.304684934198283
4,2960,4760,2.0,0,0,3,8,2160,1900,0,47.6367,-122.318,1600,4760,13.830399170458024
3,1140,4560,1.0,0,0,4,6,770,1944,0,47.6889,-122.362,1340,3980,13.068962600677214
3,1410,9647,1.0,0,0,3,8,1410,1961,0,47.7608,-122.361,2090,9272,12.814478597635029
3,1690,6642,2.0,0,0,3,7,1690,2004,0,47.6793,-122.033,2120,5080,13.054084536651034
3,2010,3090,1.5,0,0,5,7,1510,1926,0,47.682,-122.348,1600,3150,13.623138665316818
4,1650,4745,1.0,0,0,3,7,1130,1972,0,47.7359,-122.18,1650,5184,12.983101310070822
5,2160,4000,1.5,0,0,5,7,1530,1927,0,47.667,-122.289,2040,4000,13.417269294945429
4,2700,37011,2.0,0,0,3,9,2700,1984,0,47.3496,-122.088,2700,37457,12.86099861326992
4,2700,8810,2.0,0,0,3,9,2700,2004,0,47.7041,-122.116,2730,5100,13.444446876573442
2,2640,13939,1.0,0,1,5,8,1640,1963,0,47.5647,-122.165,2880,14810,13.652991628466498
4,2200,10800,1.0,0,0,3,8,1500,1964,0,47.7711,-122.288,2280,10800,13.032438669876342
4,2600,17388,2.0,0,0,3,9,2600,1996,0,47.5283,-122.146,2950,11553,13.407542319637992
2,1510,4080,1.0,0,0,3,7,1010,1923,0,47.6742,-122.329,1660,4080,13.45597438174451
3,1100,7657,1.0,0,0,3,7,1100,1955,0,47.4374,-122.285,1300,8000,12.358793732547838
4,1920,8910,1.0,0,0,4,8,1200,1969,0,47.5897,-122.156,2250,8800,13.36138027787483
4,2400,12469,1.0,0,2,4,8,1760,1958,0,47.5861,-122.112,2400,10400,13.639965985449344
3,1240,13869,1.0,0,0,4,7,1240,1957,0,47.6919,-122.21,1970,7790,13.422467969854667
3,1530,1602,2.0,0,0,3,8,1140,2013,0,47.5555,-122.362,1450,1198,12.676076274775909
4,1790,2250,1.0,0,2,4,7,840,1909,0,47.6526,-122.345,1440,1545,13.071070083016778
4,2670,4410,2.0,0,0,3,8,2670,1999,0,47.5978,-122.038,2670,4410,13.412043452518782
3,1210,12500,1.0,0,0,3,7,1210,1962,0,47.503,-122.351,1210,12500,12.458774999085929
4,1910,5000,2.0,0,0,3,7,1910,2005,0,47.3608,-122.036,2020,5000,12.603169503967822
2,800,15000,1.0,0,0,3,6,800,1927,0,47.4932,-122.316,1170,15000,11.608235644774552
3,1480,7210,1.0,0,0,3,7,1180,1986,0,47.3124,-122.351,1690,7396,12.52888051995733
3,3740,39640,2.0,0,2,3,10,3740,1991,0,47.4036,-122.462,2930,26136,13.578521599828012
2,730,9975,1.0,0,0,1,5,730,1943,0,47.4808,-122.315,860,9000,11.302204433654575
3,1270,16800,1.0,0,0,4,7,1270,1957,0,47.4599,-122.276,1700,10200,12.445089546000673
4,4130,5575,2.0,1,4,4,10,2860,1993,0,47.5968,-122.083,2980,5575,14.827111469642754
3,1390,8250,1.0,0,0,3,7,1390,1987,0,47.3707,-122.094,1390,7875,12.409013489526863
5,2080,6150,1.0,0,0,3,7,1040,1950,0,47.5707,-122.394,1420,6150,12.751299696013497
4,2360,7733,2.0,0,0,3,8,2360,1983,0,47.4403,-122.137,2160,7733,12.8790171187726
5,4410,14380,2.0,0,0,3,11,4410,2006,0,47.6463,-122.121,2720,11454,14.03062193758122
4,1750,11381,1.0,0,0,4,7,1610,1947,0,47.7425,-122.321,1080,11375,13.04871683723603
3,990,1343,2.0,0,0,3,8,840,2007,0,47.6236,-122.306,1350,2521,13.102160670086809
3,3440,10428,1.5,0,0,5,8,3440,1974,0,47.449,-122.128,2160,8400,12.971540487669746
2,990,4313,1.5,0,2,4,6,990,1917,0,47.5677,-122.38,1480,5750,12.999065161059836
3,1460,5818,1.0,0,0,3,7,1140,1986,0,47.3113,-122.358,1490,6031,12.388394202324129
3,2540,5050,2.0,0,0,3,7,2540,2006,0,47.3358,-122.055,2280,5050,12.611537753638338
3,1660,10000,1.0,0,0,4,7,1010,1961,0,47.5852,-122.174,2020,9720,13.180520958576972
3,1380,1234,3.0,0,0,3,8,1380,2006,0,47.6935,-122.342,1370,1282,12.845291484064564
2,1180,900,2.0,0,0,3,10,780,2014,0,47.6395,-122.329,1380,3610,13.40746712884131
3,2590,15229,2.0,0,3,3,8,2590,1984,0,47.3948,-122.325,2590,15229,13.196078415226609
3,1030,4089,1.5,0,0,3,7,1030,1927,0,47.574,-122.385,1440,4917,13.253391639810733
4,2150,39449,1.0,0,0,3,7,1420,1978,0,47.5531,-121.892,2010,35717,13.093963902882631
2,850,2850,1.0,0,0,4,7,850,1927,0,47.6875,-122.309,1450,4015,13.10011776845701
2,1070,1200,2.0,0,0,3,7,1070,1999,0,47.697,-122.347,1070,1200,12.652359748158593
3,1130,7500,1.5,0,0,4,7,1130,1908,0,47.5254,-122.318,1240,6000,12.661755469798955
2,1320,4750,1.5,0,0,4,7,1320,1928,0,47.6729,-122.38,1360,2873,13.262125319779487
3,3150,9258,1.0,0,1,3,8,2370,1970,0,47.5571,-122.08,2740,10274,13.017002861746503
3,1560,12000,1.0,0,0,4,7,1110,1968,0,47.7256,-122.166,2190,4612,13.105217218569358
4,2080,7200,1.0,0,0,4,7,1050,1966,0,47.3385,-122.282,1500,7350,12.196022309676673
4,3490,5000,2.0,0,0,3,8,3490,2003,0,47.3772,-122.127,2910,5025,12.676076274775909
4,3000,6892,2.0,0,0,3,8,3000,2005,0,47.7623,-122.165,3000,6589,13.279367126213993
3,1550,34175,1.5,0,0,3,7,1550,1999,0,47.4855,-121.698,2300,35174,12.676076274775909
2,1050,9600,1.0,0,0,4,6,1050,1959,0,47.3274,-122.346,990,8880,12.198544379109382
9,3830,6988,2.5,0,0,3,7,2450,1938,0,47.6927,-122.338,1460,6291,13.304683267530228
5,2473,9282,2.0,0,1,5,7,2473,1963,0,47.3966,-122.308,2040,10920,12.745485726148077
4,4280,47179,2.0,0,0,3,10,3050,2002,0,47.3017,-122.127,2820,43401,13.507557748670134
3,2430,7049,2.0,0,0,3,8,2430,2007,0,47.5399,-122.352,1770,7049,13.001325049027272
3,1470,11398,1.0,0,0,3,8,1470,1950,0,47.746,-122.296,1710,11407,12.86099861326992
5,4320,7502,2.0,0,0,3,9,3500,2012,0,47.5235,-122.168,3250,7538,13.695882070508743
3,1680,17409,1.0,0,0,3,7,1680,1962,0,47.6766,-122.176,1680,9101,13.122363377404328
1,680,1638,1.0,0,4,1,6,680,1910,1992,47.5832,-122.399,1010,3621,12.437184366493561
3,3490,4000,2.0,0,0,3,9,2570,2009,0,47.6385,-122.281,1880,4000,14.297936707208567
4,3510,9364,2.0,0,0,3,10,3510,2001,0,47.54,-121.876,3510,9161,13.45166712454693
5,3050,8904,1.0,0,0,4,8,1650,1956,0,47.5709,-122.214,2920,8904,13.852806342707972
3,1480,9606,1.0,0,0,4,7,1100,1964,0,47.2978,-122.363,1600,9619,11.898187865760873
4,1670,5200,1.0,0,0,4,7,1030,1977,0,47.3652,-122.09,1500,5200,12.345830240069793
3,1140,7785,1.0,0,0,3,8,1140,1954,0,47.709,-122.363,2080,10620,12.916568464424731
5,2760,3846,2.5,0,0,3,8,2760,2013,0,47.5047,-122.17,2760,4587,12.959726793926773
3,1780,11342,1.0,0,0,3,7,1780,1964,0,47.4617,-122.327,2140,8449,12.542544882151386
3,760,40039,1.0,0,0,3,6,760,1906,0,47.5295,-121.829,980,6000,12.154779351142624
4,3110,6829,2.0,0,0,3,8,3110,2014,0,47.4349,-122.328,2910,7425,13.305684434531367
3,1760,16928,1.0,0,0,3,7,1760,1953,0,47.6363,-122.202,3430,10059,13.604789526648622
3,1410,1332,3.0,0,0,3,8,1410,2005,0,47.6916,-122.34,1430,1448,12.914354713674388
4,4610,40202,1.0,0,0,4,10,2500,1980,0,47.4599,-122.0,3050,41056,13.353475098367715
2,1630,9255,1.0,0,0,3,7,1630,1941,0,47.7222,-122.332,1800,8000,12.989974189358584
5,2500,13500,1.0,0,0,3,7,1850,1979,0,47.7564,-122.144,2300,9750,13.054084536651034
4,1900,76877,1.0,0,0,3,8,1900,2004,0,47.3491,-122.113,1740,34848,12.873902018105829
4,2580,3436,2.0,0,0,3,8,2580,2013,0,47.6853,-122.21,1780,5772,13.687677186454389
3,1980,4000,2.0,0,0,3,8,1980,1919,0,47.6364,-122.351,1980,3600,13.468785944878709
2,1030,4400,1.0,0,0,3,7,1030,1924,0,47.681,-122.361,1400,4200,13.058358047428417
3,2100,4097,2.0,0,0,3,9,2100,2008,0,47.5983,-122.2,1820,4764,13.805864180912469
3,860,11725,1.0,0,0,4,6,860,1943,0,47.5093,-122.184,1300,9514,12.254862809699606
4,2770,8642,2.0,0,0,4,9,2770,1987,0,47.6599,-122.146,2670,9000,13.718448845121143
4,1770,4338,2.0,0,0,3,7,1770,2001,0,47.3672,-122.099,1770,6606,12.542187675503545
3,1690,9516,1.0,0,0,3,7,1690,1997,0,47.2132,-122.001,1850,9516,12.487485104968359
3,1960,6380,1.0,0,0,4,7,980,1939,0,47.6975,-122.316,1480,6380,13.238367053160635
3,1780,6527,2.0,0,0,3,8,1780,1989,0,47.2578,-122.217,2040,8840,12.487485104968359
4,1960,4500,1.5,0,2,3,7,1960,1922,0,47.6797,-122.359,1960,4500,13.399995114002609
4,2430,6766,2.0,0,0,3,8,2430,1999,0,47.7294,-122.358,1820,6772,13.279367126213993
3,2360,4080,2.0,0,0,3,7,2360,2003,0,47.6825,-122.038,2290,4080,13.217673557208654
3,1430,10816,2.0,0,0,3,7,1430,1994,0,47.3122,-121.996,1560,10816,12.128111104060462
2,1020,8100,1.0,0,0,3,6,1020,1940,0,47.4971,-122.334,1200,12500,12.180754837545884
3,1250,5411,1.0,0,0,3,7,1250,1980,0,47.5064,-122.265,1490,6320,12.012536438968622
4,2200,3141,2.0,0,0,3,7,2060,1994,0,47.5726,-122.305,1660,3175,13.049792684569493
3,1180,932,3.0,0,0,3,8,1180,2010,0,47.638,-122.375,1180,2632,13.028052697933088
4,2640,7388,2.0,0,0,3,7,2640,2003,0,47.3505,-122.027,2640,6383,12.793859310432293
4,1210,6250,1.0,0,0,3,7,1210,1962,0,47.5008,-122.333,1210,8291,12.072541252905651
2,820,8423,1.0,0,2,3,6,820,1957,0,47.4741,-122.2,1960,9140,12.487485104968359
3,1350,7560,1.0,0,0,4,7,950,1959,0,47.3784,-122.303,1470,7560,12.388394202324129
4,2020,15810,1.0,0,0,4,9,1620,1967,0,47.5921,-122.155,2210,10160,13.38472764187182
4,3010,15992,2.0,0,0,3,11,3010,1996,0,47.5895,-121.994,3330,12333,13.560618308335483
5,3810,15916,1.5,0,0,5,8,3810,1967,0,47.4521,-122.14,2470,11662,13.151922179645874
3,1680,3000,1.0,0,2,4,6,840,1900,0,47.686,-122.346,1540,3700,12.959844447906553
6,2540,8400,1.0,0,0,3,8,1340,1977,0,47.4414,-122.129,1900,7695,12.668233097314884
4,2630,39000,2.0,0,0,3,9,2630,1979,0,47.4089,-122.149,2270,66647,13.025852477023484
2,1840,7230,1.0,0,0,3,7,1570,1938,0,47.3815,-122.228,1282,6769,12.409013489526863
3,1670,17071,1.0,0,0,3,7,1100,1988,0,47.69,-121.913,1660,15593,12.691580461311874
3,3040,5326,2.0,0,0,3,9,3040,2008,0,47.4472,-122.207,3040,5442,13.122363377404328
2,1620,3640,1.0,0,0,3,7,900,1929,0,47.543,-122.299,1590,5538,12.779873068457553
4,3030,21780,2.0,0,0,3,8,3030,1986,0,47.4481,-122.338,3020,28027,13.318341260645768
3,2330,11424,2.0,0,0,4,8,2330,1984,0,47.6386,-122.11,2050,11448,13.458835614025542
4,2250,8458,1.0,0,0,3,8,1450,1954,0,47.5235,-122.383,1950,7198,13.233904752137237
3,1840,6755,1.0,0,2,3,8,1840,1989,0,47.3512,-122.305,1790,6459,12.70381302974751
6,1730,2760,1.5,0,0,3,7,1250,1918,0,47.6342,-122.353,1630,3200,13.241034907121827
3,1100,4184,1.0,0,0,4,7,1100,1965,0,47.5309,-122.382,1630,4366,12.939641740589034
3,1780,11096,1.0,0,0,3,7,1210,1979,0,47.617,-122.051,1780,10640,12.691580461311874
4,1890,9623,1.0,0,0,4,7,1290,1969,0,47.2901,-122.279,1510,9711,12.660169175050076
4,5050,202554,2.0,0,0,3,10,3260,2000,0,47.5269,-121.922,3370,213444,14.104441849816487
4,2820,6611,1.0,0,0,3,7,1410,1958,0,47.7473,-122.285,2320,6611,13.091904169919621
3,2880,18296,1.0,0,0,3,8,1580,1958,0,47.4881,-122.281,1380,9592,12.560244459250788
3,1490,9600,1.0,0,0,4,7,1170,1987,0,47.7378,-121.977,1590,10104,12.567237494741757
4,2400,8592,2.0,0,0,3,8,2400,1978,0,47.4383,-122.193,2180,8100,12.721885810807203
3,2200,7200,1.0,0,0,3,8,1270,1962,0,47.3745,-122.276,1800,8000,12.487485104968359
4,2270,7245,1.0,0,0,3,7,1410,1979,0,47.7722,-122.315,1740,7571,12.983101310070822
3,1490,10125,1.0,0,0,4,7,1490,1962,0,47.3075,-122.284,2488,4981,12.122691036591123
4,2880,3091,2.0,0,0,3,9,1940,2014,0,47.5711,-122.286,1560,4080,13.36138027787483
4,1930,8040,1.0,0,0,3,7,1380,1978,0,47.7283,-122.218,2080,7200,13.148031124152906
4,1980,5352,2.5,0,0,3,8,1980,1941,2005,47.532,-122.385,1680,5352,13.51979631381523
4,2350,3800,2.0,0,0,3,8,2350,2014,0,47.4783,-122.123,2670,4180,13.060477335331782
4,2240,8376,1.0,0,0,3,8,1740,1984,0,47.6323,-122.029,1890,7875,13.180632285528304
4,5545,871200,2.0,0,0,3,11,3605,2003,0,47.676,-121.882,3420,871200,13.750972036826703
3,1680,8648,1.0,0,0,4,7,1680,1963,0,47.7338,-122.332,1290,8147,12.827992316801751
3,2280,18241,1.0,0,0,3,9,960,1995,0,47.7453,-122.213,3100,12465,13.230320518909421
3,2080,5200,1.0,0,0,3,7,1040,1974,0,47.4738,-122.35,1410,6550,12.767115985456782
3,2800,35362,2.0,0,0,3,9,2800,1985,0,47.3507,-122.089,2800,37058,12.9190224533863
3,1240,7500,1.0,0,0,4,7,1240,1976,0,47.6199,-122.062,1240,9750,12.691426603322494
4,2080,4080,1.0,0,0,5,7,1040,1962,0,47.572,-122.29,1340,4080,13.217673557208654
3,1250,8200,1.0,0,0,4,7,1250,1954,0,47.3255,-122.304,1680,8633,12.55302548257067
4,2100,7355,1.0,0,0,5,7,2100,1969,0,47.5078,-122.161,1750,7200,12.896716695872
3,1610,6655,2.0,0,0,4,7,1610,1985,0,47.4296,-122.161,1780,7529,12.788288265382837
3,1310,7125,1.0,0,0,4,7,1310,1978,0,47.3739,-122.148,1650,7290,12.388394202324129
3,2450,9377,1.0,0,2,4,8,1540,1962,0,47.7296,-122.284,2520,9725,13.440817108522863
3,1780,9315,2.0,0,0,3,7,1780,1996,0,47.7484,-122.353,1780,8545,13.14020329553266
4,2780,10480,1.0,0,3,3,7,1390,1967,0,47.6597,-122.204,2860,10506,13.805460222110773
3,1560,7500,1.0,0,0,4,8,1560,1966,0,47.489,-122.18,1600,7904,12.631340380934517
3,1130,7200,1.0,0,0,4,6,1130,1944,0,47.4779,-122.342,1270,7500,12.478006361013815
3,1220,6719,1.0,0,0,3,6,1220,1953,0,47.4187,-122.329,1580,7200,12.185869938212655
4,2060,7475,1.0,0,0,3,8,1440,1985,0,47.7272,-122.105,2280,8396,13.263081384343208
4,3600,18645,2.0,0,1,3,10,3000,2013,0,47.5294,-122.154,3970,10957,13.844370086644828
3,1710,8998,2.0,0,0,3,8,1710,1982,0,47.7236,-122.11,1710,9859,13.079455876393052
3,2390,9000,1.0,0,0,3,8,1500,1975,0,47.6809,-122.113,2040,9000,13.253391639810733
3,960,12527,1.0,0,0,3,7,960,1972,0,47.6891,-122.203,1220,7579,13.217673557208654
3,1540,4773,2.0,0,0,3,8,1540,1941,2009,47.5678,-122.378,1540,5750,13.17115354157376
3,1990,65340,2.0,0,0,3,8,1990,1986,0,47.4726,-121.99,2120,59241,13.122363377404328
3,1200,10080,1.0,0,0,4,7,1200,1969,0,47.3261,-122.135,1230,9800,12.133501952695338
3,3520,237402,2.5,0,0,3,9,3520,2004,0,47.2687,-122.056,2310,165963,13.715690222682063
5,3990,3839,1.0,0,0,4,8,1990,1962,0,47.6236,-122.299,2090,5000,13.321214236149494
4,3320,38032,2.0,0,0,4,10,3320,1991,0,47.7478,-122.036,3270,37804,13.5985975564007
2,710,1131,2.0,0,0,4,7,710,1943,0,47.6413,-122.329,1370,1173,12.899094818276968
3,2060,4437,1.0,0,0,3,7,1030,1929,0,47.5705,-122.376,1750,4452,13.038981768465277
5,2460,7240,1.0,0,0,3,9,1840,1991,0,47.5486,-122.189,2530,7885,13.3645249345543
4,3900,9750,1.0,0,4,5,10,2520,1972,0,47.5605,-122.158,3410,9450,14.316285845876763
2,1200,2622,1.0,0,0,5,7,800,1956,0,47.7175,-122.292,1310,1926,12.631340380934517
4,1640,5014,1.0,0,0,4,7,930,1982,0,47.5545,-122.356,1600,5452,12.840000466430148
3,960,3960,1.0,0,0,3,7,960,1943,0,47.6465,-122.404,1550,6050,12.911642346088676
4,2580,2875,2.0,0,0,3,9,2580,2015,0,47.5674,-122.392,1290,5750,13.419500608626866
4,1700,4418,2.0,0,0,3,8,1700,1931,2000,47.6434,-122.3,2090,4174,13.764217263576723
3,2190,8834,1.0,0,0,3,7,1390,1987,0,47.2633,-122.244,1490,8766,12.176901268229894
3,2980,28000,1.0,0,0,3,10,1820,1981,0,47.7318,-122.139,2570,28500,13.422467969854667
4,2940,5735,1.0,0,0,3,9,1470,1957,0,47.6381,-122.304,2230,5659,14.28551418721001
1,720,4800,1.0,0,0,3,6,720,1914,0,47.5303,-122.27,1240,4860,12.154779351142624
3,1800,22000,2.0,0,0,3,8,1800,1931,0,47.4889,-122.286,1440,16640,12.793859310432293
3,1030,7200,1.0,0,0,3,6,880,1948,0,47.5255,-122.376,1030,7200,12.721885810807203
4,2490,5500,2.0,0,0,3,9,1780,2015,0,47.5499,-122.393,1710,5500,13.709038313453757
4,3680,5759,2.0,0,0,3,9,2840,2003,0,47.5367,-122.067,3620,6006,13.577253368840017
2,670,6300,1.0,0,0,4,6,670,1942,0,47.5145,-122.374,740,6300,12.513557345278134
3,1950,17400,1.0,0,0,3,7,1210,1976,0,47.7424,-122.091,1900,17250,13.089840185698769
10,4590,10920,1.0,0,2,3,9,2500,2008,0,47.5861,-122.113,2730,10400,13.953531855861648
2,1110,26051,1.0,0,0,3,6,1110,1951,0,47.4711,-122.291,2240,12255,12.429216196844383
2,1190,1499,2.0,0,0,3,9,1100,2004,0,47.6666,-122.285,1430,1332,13.218945475250573
3,1350,14212,1.0,0,0,4,6,1350,1981,0,47.6606,-122.06,1520,14404,12.721885810807203
4,3770,4000,2.5,0,0,5,9,2890,1916,0,47.6157,-122.287,2800,5000,14.217636764806924
3,1340,7473,1.0,0,0,4,7,1340,1973,0,47.3087,-122.206,1510,8240,12.314927050442256
3,1370,78408,1.0,0,0,5,7,1370,1964,0,47.3867,-122.081,1620,9690,12.779309529417562
3,1250,9775,1.0,0,0,3,7,1250,1971,0,47.4474,-121.771,1390,9650,12.072541252905651
3,1510,1178,2.0,0,0,3,8,1060,2007,0,47.6181,-122.301,1510,1210,13.151922179645874
2,1030,1066,2.0,0,0,3,7,765,2006,0,47.5394,-122.387,1030,1106,12.721885810807203
5,3230,13572,1.0,0,2,3,8,1880,1965,0,47.4393,-122.347,2910,15292,13.180632285528304
5,3831,13800,2.0,1,4,3,9,3831,1959,1980,47.5919,-122.251,3850,36563,14.808762330974558
3,2120,22482,1.0,0,0,5,7,1360,1979,0,47.341,-122.265,2330,16016,12.705331632924699
3,1740,11547,1.0,0,0,3,7,1740,1954,0,47.4945,-122.22,880,78408,12.409013489526863
4,2980,5000,2.0,0,0,3,10,2980,2006,0,47.5431,-121.997,3140,5500,13.547631112808673
3,1150,11802,1.0,0,0,4,7,1150,1932,1958,47.5624,-122.361,1880,6082,12.755638097612096
3,1250,6180,1.5,0,0,3,7,1250,1955,0,47.7474,-122.327,1490,6180,12.358793732547838
3,1200,9527,1.0,0,0,3,7,1200,1959,0,47.5112,-122.316,1510,9457,11.918390573078392
3,2400,7260,1.0,0,0,3,7,1440,1955,0,47.5045,-122.251,1060,7200,12.724122114385484
2,1320,13052,1.5,0,0,3,7,1320,1980,0,47.712,-121.352,1320,13052,12.206072645530174
3,1420,6289,1.0,0,0,3,7,1100,1967,0,47.7398,-122.314,1460,7402,12.706611541868012
4,2940,7108,2.0,0,1,3,9,2220,2011,0,47.5437,-122.395,2240,7950,13.676248490630767
6,2510,5310,1.0,0,0,4,7,1460,1944,0,47.5533,-122.304,1390,5407,12.994530005894443
2,2350,2390,3.0,0,2,3,10,2000,2007,0,47.5999,-122.286,1950,2390,13.864300722133706
3,1190,1200,3.0,0,0,3,8,1190,2008,0,47.6542,-122.346,1180,1224,13.071070083016778
5,2110,8500,1.0,0,0,3,7,1100,1962,0,47.7737,-122.35,2020,8500,12.611537753638338
4,1610,24000,1.5,0,0,3,6,1610,1947,0,47.2751,-122.252,1270,9600,12.367340793126296
3,1620,9566,1.0,0,0,4,7,1620,1968,0,47.474,-122.146,1660,10011,12.8554769031422
5,2040,5280,1.0,0,0,4,7,1020,1961,0,47.5941,-122.144,1720,7344,13.16158409055761
2,810,4800,1.0,0,0,3,7,810,1948,0,47.5232,-122.375,1240,7740,12.443119102013375
3,2360,6699,2.0,0,0,3,7,2360,2003,0,47.5317,-121.853,2360,4744,12.971540487669746
4,1820,22043,2.5,0,0,4,7,1820,1918,0,47.7606,-122.28,1880,19961,12.577636201962656
3,1070,1089,2.0,0,0,3,7,900,2009,0,47.5902,-122.387,1450,1437,12.866050764698604
3,2790,6720,2.0,0,0,3,8,2790,2002,0,47.5958,-122.038,2620,6720,13.38472764187182
4,3350,46748,2.0,0,0,3,10,3350,2004,0,47.3432,-122.025,3350,39683,13.38472764187182
4,1720,6099,1.0,0,0,4,7,860,1949,0,47.6765,-122.287,1100,5671,13.17115354157376
4,1880,7953,1.0,0,0,4,7,1880,1965,0,47.5838,-122.123,1750,8591,13.195613839143922
2,1020,8442,1.0,0,4,4,7,920,1941,0,47.5145,-122.391,2550,10323,13.42984807715229
4,3500,13875,1.0,0,4,4,9,1830,1938,0,47.5083,-122.388,2960,15000,13.687620366658358
4,2340,5300,1.0,0,0,5,8,1700,1963,0,47.6202,-122.112,1890,8250,13.407542319637992
4,2050,4953,2.0,0,0,3,9,2050,2014,0,47.3448,-122.024,2340,6175,12.855790268162783
2,1460,4200,1.0,0,0,4,6,880,1914,0,47.6774,-122.361,1540,4200,12.936033799212835
4,2770,9532,2.0,0,0,4,9,2770,1988,0,47.5688,-122.012,2770,9219,13.474427708785377
4,2360,7440,1.0,0,0,3,7,1180,1955,0,47.5044,-122.245,1680,7800,12.611537753638338
3,1950,4345,2.0,0,0,3,7,1950,2007,0,47.5202,-121.873,2260,4345,12.959844447906553
4,2100,3671,1.5,0,0,3,8,1750,1929,0,47.6359,-122.3,1800,4560,13.641157170819497
4,2030,2222,2.0,0,0,3,9,1610,2015,0,47.679,-122.375,1420,2222,13.547631112808673
5,2730,7344,1.0,0,0,5,7,1510,1962,0,47.4602,-122.171,1730,7700,12.644327576461329
2,580,7500,1.0,0,0,3,5,580,1943,0,47.4852,-122.251,1700,11250,12.301382825334498
5,5067,13315,1.0,0,2,3,9,3154,1968,0,47.3391,-122.325,2860,13957,13.021437458814368
3,2470,9226,2.0,0,0,3,9,2470,1991,0,47.7439,-122.17,2820,11013,13.316284070041636
3,1270,6612,1.5,0,3,3,7,1270,1927,0,47.5433,-122.264,2100,7680,13.15773052124162
4,2610,3500,1.5,0,0,5,7,1610,1927,0,47.6848,-122.326,1820,3900,13.622532420981791
4,1640,10500,1.0,0,0,4,7,1010,1968,0,47.6933,-122.116,1680,7650,12.904207367601158
3,2560,4000,1.5,0,0,5,8,1660,1927,0,47.6384,-122.279,2560,4000,13.897090544956697
4,3830,7150,2.0,0,0,3,9,3830,2014,0,47.7049,-122.126,3640,6055,13.805450121049656
3,1990,3478,2.0,0,0,3,10,1520,1990,0,47.6361,-122.399,1710,6157,13.017002861746503
2,880,12000,1.0,0,0,3,7,880,1939,0,47.7436,-122.356,1960,9395,12.720541624210963
4,3600,9200,1.0,0,4,4,9,2100,1976,0,47.5866,-122.116,2700,9775,13.8878312195439
4,2100,4400,1.5,0,0,5,7,1720,1924,0,47.5299,-122.266,1850,4400,13.005829561148378
4,1500,2106,2.0,0,0,3,7,1500,2014,0,47.5669,-122.297,1490,2175,12.114877985345247
3,1200,7800,1.0,0,0,4,7,1200,1954,0,47.5196,-122.371,1230,7070,12.524526376648708
2,1090,2686,2.0,0,0,3,7,1090,1982,0,47.717,-122.19,1160,2158,12.425208175446844
3,1200,8560,1.0,0,0,4,7,1200,1975,0,47.7392,-122.194,1550,7800,12.823687763477682
2,860,8250,1.0,0,0,3,7,860,1940,0,47.7132,-122.334,1780,11200,12.751299696013497
3,2980,12600,1.5,0,0,3,8,1590,1941,2012,47.674,-122.196,1520,9660,13.710150042306449
5,4850,40902,2.0,0,0,3,10,4850,2001,0,47.3181,-122.344,1640,13503,13.253303916664924
2,1400,4050,1.0,0,0,4,8,1400,1954,0,47.6768,-122.269,1900,5940,13.457406021215947
3,1950,4949,2.0,0,0,3,7,1950,2009,0,47.5155,-121.87,2200,5740,12.971540487669746
2,2320,9311,1.0,0,0,3,8,2320,2007,0,47.7226,-122.03,1680,4765,13.450227239488942
3,1860,1290,2.0,0,0,3,9,1240,2010,0,47.6179,-122.301,1710,1525,13.500799813124575
3,2930,5641,2.0,0,0,3,8,2930,2013,0,47.71,-122.113,3300,5641,13.534263734807642
3,1310,2996,2.0,0,0,3,7,1310,1998,0,47.5879,-122.299,1310,2997,12.894207284266574
5,4440,9784,2.0,0,0,3,10,4440,2012,0,47.4702,-122.275,2720,10080,13.304684934198283
3,1980,10203,1.0,0,0,4,7,1680,1946,0,47.3402,-122.046,1980,13664,13.253391639810733
3,2440,4244,2.0,0,0,3,8,2440,2011,0,47.7057,-122.112,2690,4556,13.499429010990795
4,4060,20822,2.0,0,0,3,10,4060,1991,0,47.7213,-122.055,4170,23958,13.976778705560397
3,2730,11380,2.0,0,0,3,10,2730,1995,0,47.58,-122.057,2800,10070,13.554145793829866
3,2040,18360,2.0,0,0,4,8,2040,1983,0,47.6976,-122.137,2590,21315,13.488394416267086
2,790,7275,1.0,0,0,4,6,790,1944,0,47.4771,-122.174,850,7399,11.918390573078392
3,1810,9845,1.0,0,0,4,8,1810,1959,1991,47.5505,-122.221,1900,10083,13.477797551906928
3,1620,7566,2.0,0,0,3,7,1620,1990,0,47.3566,-122.039,1470,7566,12.544329003944888
3,1180,14292,1.0,0,0,3,7,1180,1981,0,47.4818,-121.733,1480,14400,13.028052697933088
4,1970,4740,1.5,0,0,3,7,1670,1904,2005,47.6136,-122.303,1510,4740,12.92391243868049
2,1390,1222,3.0,0,0,3,7,1340,2009,0,47.6754,-122.121,1480,1369,13.049792684569493
4,1670,1189,3.0,0,0,3,8,1427,2000,0,47.6182,-122.302,1700,1401,13.274225726713574
3,2980,7202,2.0,0,0,3,8,2980,1999,0,47.6769,-122.177,2430,7280,13.613700324586457
3,1670,3330,1.5,0,0,4,7,1670,1925,0,47.6551,-122.36,1370,5000,13.091904169919621
3,3540,38322,2.0,0,0,3,10,3540,1989,0,47.6892,-122.048,3540,35926,13.697346199613632
3,1600,5952,1.0,0,0,4,7,1150,1964,0,47.5292,-122.362,1460,6200,12.70381302974751
4,2610,7227,2.0,0,0,3,9,2610,2011,0,47.314,-122.023,2630,7421,12.873902018105829
4,1680,7620,1.0,0,0,4,7,1180,1965,0,47.4578,-122.351,1460,7620,12.718896271958837
3,1360,20000,1.0,0,0,4,7,1360,1953,0,47.2861,-122.253,1530,9997,11.976659481202368
2,790,6600,1.0,0,0,3,6,790,1949,0,47.6149,-122.293,1520,4400,12.985397522331171
3,1360,2030,3.0,0,0,3,8,1360,2008,0,47.6961,-122.349,1360,1167,12.86099861326992
4,1800,5555,2.0,0,0,3,7,1800,2003,0,47.3498,-122.052,1810,5669,12.513557345278134
4,1750,6397,2.0,0,0,3,7,1750,1988,0,47.3082,-122.358,1940,6502,12.506177237980511
4,2310,7490,2.0,0,0,3,8,2310,1980,0,47.4379,-122.192,2310,8480,12.676076274775909
4,2060,9719,1.0,0,0,4,8,1320,1960,0,47.5549,-122.176,2050,9643,13.217673557208654
3,2160,8091,1.5,0,0,3,8,2160,2000,0,47.3474,-122.303,2190,8297,12.779873068457553
5,3530,7924,2.0,0,0,3,10,3530,2001,0,47.5894,-122.243,1750,9226,14.151982794585487
4,1560,7500,1.0,0,0,4,7,1560,1968,0,47.7281,-122.181,1730,7500,12.992254692057308
4,2420,4000,1.5,0,0,5,9,1870,1911,0,47.6567,-122.325,1810,4000,13.732128949025222
4,2140,13000,1.0,0,0,3,7,1320,1968,0,47.7683,-122.252,2360,11000,12.922692182275261
3,1160,257875,1.0,0,0,2,7,1160,1980,0,47.4655,-122.072,1420,15450,12.798155623603098
3,3400,5979,2.0,0,0,4,9,2290,1937,0,47.6585,-122.273,3090,6435,14.077874822431765
2,1150,3600,1.0,0,0,3,6,1150,1910,0,47.5729,-122.31,1160,4000,12.506177237980511
2,1060,6120,1.0,0,0,3,7,1060,1908,0,47.6739,-122.329,1730,4080,13.624350052503114
3,1430,7905,1.0,0,0,4,7,1430,1988,0,47.2757,-122.145,1870,8400,12.206072645530174
3,1390,4820,1.0,0,0,4,7,910,1926,0,47.704,-122.343,1320,4820,12.765688433465597
3,1380,1547,3.0,0,0,3,8,1380,2000,0,47.6908,-122.341,1380,1465,12.751299696013497
2,720,4000,1.0,0,0,3,6,720,1918,0,47.5346,-122.353,1630,4000,12.528156144699286
4,2610,4400,1.0,0,0,5,8,1260,1920,0,47.6158,-122.293,1770,4400,13.698976741708323
4,3190,10034,2.0,0,0,3,9,3190,2007,0,47.6379,-122.111,2110,9300,13.737549016494562
4,1810,6583,1.0,0,0,3,7,1500,1968,0,47.7273,-122.351,860,8670,13.591116224748411
3,1190,4072,1.5,0,0,5,6,1190,1907,0,47.5276,-122.274,1680,5850,12.409013489526863
3,1340,4200,2.0,0,0,3,7,1340,2002,0,47.2942,-122.226,990,4520,12.287652632522597
3,2000,6341,1.0,0,0,5,8,1040,1981,0,47.5639,-122.401,2030,6341,13.345506928718539
4,2480,176418,1.5,0,3,5,8,2480,1927,0,47.1941,-122.038,1640,112384,13.056223574899784
5,2690,5557,2.0,0,0,3,7,2690,2012,0,47.4914,-122.253,2090,10500,12.538967060803502
3,1160,8774,1.0,0,0,3,7,1160,1972,0,47.7159,-122.165,1990,7908,12.821258284620408
5,1800,4500,2.0,0,0,4,7,1680,1939,0,47.6648,-122.358,1730,4500,13.533545445841723
4,2650,7945,2.0,0,0,3,9,2650,2006,0,47.7113,-122.296,1200,7920,13.457406021215947
3,2600,5540,2.0,0,0,3,8,2600,2004,0,47.3446,-122.041,2600,5540,12.781280528225432
4,1990,4725,1.5,0,0,4,7,1190,1944,0,47.5275,-122.38,1240,4961,13.005829561148378
2,1260,1240,3.0,0,0,3,8,1260,2004,0,47.6531,-122.352,1330,1300,13.091904169919621
4,2160,7826,1.0,0,0,4,7,1390,1976,0,47.7754,-122.276,2190,9900,12.994530005894443
4,3230,7187,2.0,0,0,3,9,3230,2008,0,47.4995,-122.15,2950,6537,13.253391639810733
3,2080,3000,1.0,0,0,4,7,1040,1925,0,47.6853,-122.35,1000,3193,13.112313041550827
4,2040,5000,2.0,0,0,4,9,2040,1921,0,47.6279,-122.315,3220,5600,14.056494027406815
3,1360,1236,2.0,0,0,3,8,1140,2006,0,47.6198,-122.299,1620,1231,13.122363377404328
4,2700,4275,2.0,0,0,3,9,2700,2004,0,47.6725,-122.327,1810,4500,13.997832114758229
3,970,4700,1.0,0,0,4,6,720,1943,0,47.5285,-122.354,1560,4600,12.05524975579559
2,1700,5000,1.0,0,0,3,6,850,1915,0,47.6787,-122.363,1690,5000,13.145528971035935
4,2050,4000,1.5,0,0,5,7,1210,1941,0,47.5799,-122.306,1310,4000,13.112313041550827
3,810,4600,1.0,0,0,3,6,810,1918,0,47.5712,-122.316,1520,4800,12.86099861326992
3,1980,9061,2.0,0,0,4,8,1980,1987,0,47.6366,-122.029,1930,8869,13.217673557208654
4,1300,7200,1.0,0,0,4,7,1300,1970,0,47.4179,-122.181,1420,7200,12.46651198158808
3,2242,4500,2.0,0,0,3,8,2242,2014,0,47.2583,-122.198,2009,4500,12.643617647101749
3,1040,6535,1.0,0,0,3,6,1040,1947,0,47.4906,-122.306,1100,6535,12.323855681186558
5,3480,9200,2.0,0,0,3,8,3480,1979,0,47.5585,-122.153,3130,9200,13.664687668229691
2,1060,16988,1.0,0,0,3,6,1060,1954,0,47.4305,-122.157,2320,10580,11.929000752190408
4,2500,20868,1.0,0,2,3,8,1600,1956,0,47.431,-122.338,2170,15026,13.283631525000452
2,1220,5000,1.0,0,0,5,7,860,1921,0,47.4906,-122.204,1120,5000,12.441144767709657
3,2200,12231,1.0,0,0,4,7,1250,1964,0,47.5076,-122.173,2200,9825,12.682306824526545
3,1940,10800,1.0,0,0,3,8,1340,1979,0,47.7471,-122.075,2080,9600,12.977337605354071
3,1500,5111,2.0,0,0,5,8,1500,1984,0,47.6118,-122.284,2380,4519,13.547631112808673
2,1630,1686,2.0,0,0,3,10,1330,2014,0,47.6113,-122.314,1570,2580,13.500798443260623
3,1500,1249,2.0,0,0,3,8,1240,2004,0,47.6727,-122.373,1440,1850,13.10011776845701
4,2900,6400,2.0,0,0,3,7,2040,1911,1970,47.5563,-122.393,1340,6144,13.017002861746503
3,1730,7800,1.0,0,0,3,7,1330,1958,0,47.7365,-122.337,1780,8309,12.886638512234486
2,1550,2285,2.0,0,0,3,8,1550,2007,0,47.5398,-122.369,1550,2135,12.691580461311874
4,2420,10285,1.0,0,4,3,8,1700,1958,0,47.4871,-122.36,2540,9900,13.541073712262515
3,1240,4000,1.0,0,0,3,7,1240,1986,0,47.4728,-122.191,1570,4586,12.464583340681674
3,1360,73616,1.0,0,0,3,7,1360,1971,0,47.7528,-122.119,2040,50965,12.936033799212835
2,770,4000,1.0,0,0,5,5,770,1924,0,47.6959,-122.364,1420,5040,12.932412793445883
2,1140,5720,1.0,0,0,3,7,850,1947,0,47.6827,-122.298,1410,5832,13.028052697933088
3,1190,6250,1.0,0,0,3,7,990,1954,0,47.5658,-122.292,1760,6434,12.429216196844383
3,1300,8800,1.0,0,0,3,7,1300,1977,0,47.64,-121.966,1600,12210,12.695229181245296
3,2100,5000,1.5,0,0,3,8,2100,1916,0,47.6776,-122.36,1830,4200,13.458835614025542
5,3750,12077,2.0,0,4,3,10,3750,2005,0,47.3525,-122.002,3120,7255,13.560618308335483
4,1930,6508,2.0,0,0,3,8,1930,1996,0,47.7458,-121.977,2170,6548,12.793859310432293
3,1330,6768,1.0,0,0,4,7,1330,1952,0,47.7366,-122.319,1320,6910,12.759957758756611
4,1770,6000,2.0,0,0,5,7,1770,1911,1981,47.6493,-122.401,1340,6000,13.353475098367715
3,1560,9361,1.5,0,0,4,7,1360,1936,0,47.5591,-122.295,1670,6244,13.209458084255262
4,3600,5697,2.0,0,0,3,9,2940,2014,0,47.5755,-122.071,3490,5911,13.676840269518083
3,2100,3000,2.0,0,0,3,7,2100,1996,0,47.595,-122.306,1650,4500,13.112313041550827
3,3090,7708,2.0,0,0,3,10,3090,1999,0,47.6868,-122.108,3140,8592,13.620103761621664
2,1000,3554,1.0,0,0,4,8,1000,1975,0,47.3811,-122.32,1150,4000,12.254862809699606
3,2710,9204,1.5,0,4,3,9,1480,1975,0,47.7039,-122.385,2960,10080,14.17318500223609
3,1890,10661,1.0,0,0,5,7,1460,1978,0,47.3583,-122.056,1680,9604,12.66032791780777
2,1900,7740,1.0,0,0,4,7,1150,1923,0,47.5227,-122.372,1140,7740,13.017002861746503
3,1920,3624,2.0,0,0,3,9,1920,2003,0,47.6647,-122.087,1930,3533,13.420985389894444
3,1700,7650,1.0,0,0,4,7,1340,1975,0,47.7214,-122.166,1980,7200,12.945626198904275
4,4020,9656,2.0,0,0,3,10,4020,2007,0,47.6358,-122.207,1960,9520,14.45631125815201
3,1240,10800,1.0,0,0,5,7,1240,1959,0,47.5233,-122.185,1810,10800,12.765688433465597
2,800,6050,1.0,0,0,4,6,800,1944,0,47.5001,-122.242,880,6050,12.323855681186558
4,2890,15067,2.0,0,0,3,9,2890,2003,0,47.5666,-121.907,3090,15398,13.151922179645874
4,2450,15002,1.0,0,0,5,9,2450,1974,0,47.4268,-122.343,2650,15055,13.180632285528304
3,2050,4800,2.0,0,0,3,8,1950,1922,0,47.6315,-122.311,2220,4800,13.840203170554645
4,1890,5954,2.0,0,0,3,7,1890,2004,0,47.3293,-122.194,2030,5880,12.606525211814795
1,640,4800,1.0,0,0,3,6,640,1918,0,47.5551,-122.382,1250,2847,12.736700896592344
4,3730,7200,2.0,0,0,3,10,2810,2006,0,47.6824,-122.199,2490,7200,14.210925330218936
2,910,4191,1.0,0,0,3,6,910,1910,0,47.6929,-122.36,1480,6050,12.524526376648708
3,2880,426452,2.0,0,3,3,7,2880,1979,0,47.2485,-122.101,1460,320890,13.017002861746503
4,3260,4640,2.0,0,0,5,9,2360,1907,0,47.6272,-122.312,3240,5800,14.099184609018517
3,1620,998,2.5,0,0,3,8,1540,2012,0,47.5394,-122.027,1620,1068,13.041153321978786
4,2530,10155,2.0,0,0,3,8,2530,1998,0,47.351,-122.146,2330,7205,12.765688433465597
4,2880,7386,2.0,0,0,4,9,2880,1987,0,47.4397,-122.15,2420,7663,12.994530005894443
3,960,213008,1.0,0,0,2,6,960,1933,0,47.5621,-121.862,1520,57499,12.206072645530174
4,2090,13500,1.0,0,0,4,8,2090,1949,0,47.573,-122.225,2130,13500,13.62918097977278
4,2970,9072,2.0,0,0,3,10,2970,1991,0,47.562,-122.114,2740,8729,13.64709190633931
3,1260,8910,1.0,0,0,4,7,1260,1949,0,47.7,-122.375,1560,8910,13.005829561148378
4,1420,5000,1.5,0,0,4,7,1420,1945,0,47.6771,-122.397,1490,5000,13.190022025878143
3,1030,8395,1.0,0,0,4,7,1030,1960,0,47.3322,-122.337,1370,9380,12.072541252905651
3,1190,27215,1.0,0,0,5,7,1190,1943,1989,47.4978,-122.115,1450,56628,12.524526376648708
3,1190,20672,1.5,0,3,3,7,1190,1948,0,47.4459,-122.359,2150,16239,12.834681304952548
3,2070,10023,1.0,0,0,3,8,1220,1981,0,47.6492,-122.062,2130,9694,13.102160670086809
3,1480,7700,1.0,0,0,3,8,1480,1975,0,47.7225,-122.202,1930,8560,12.886641043883259
3,1460,968,2.0,0,0,3,7,1140,2003,0,47.6601,-122.4,1460,1531,13.003016619771763
4,2020,3440,1.5,0,0,4,7,1480,1928,0,47.6885,-122.376,1520,5080,13.203021280421783
3,1300,1920,2.0,0,0,3,8,850,2006,0,47.5183,-122.376,1300,1344,12.506177237980511
2,1110,1773,2.0,0,0,3,8,1110,2014,0,47.5647,-122.293,1420,2855,12.344964644396793
4,2380,4500,1.5,0,0,3,6,1470,1926,2014,47.5652,-122.281,1300,4500,13.028052697933088
3,1580,2765,2.0,0,0,3,8,1580,2011,0,47.5444,-122.369,1580,1820,12.765402678355779
3,2510,5320,2.0,0,0,3,8,2510,2005,0,47.5374,-122.357,1820,5736,12.886641043883259
4,2350,9329,2.0,0,0,3,8,2350,1977,0,47.583,-122.17,1640,9403,13.398478813484644
3,1790,50529,1.0,0,0,5,7,1090,1965,0,47.3511,-122.073,1940,50529,12.762827201184564
3,2240,10800,2.0,0,0,3,8,2240,1996,0,47.7433,-122.229,1900,9900,12.873902018105829
2,1440,8842,1.0,0,0,3,7,840,1950,0,47.7443,-122.325,1650,8461,12.721885810807203
3,1220,835,1.5,0,0,4,6,1220,1950,0,47.6981,-122.341,1360,1251,12.936033799212835
5,2200,4942,2.0,0,0,3,8,2200,1989,0,47.5772,-122.001,2200,5924,13.112313041550827
3,2750,16000,2.0,0,0,4,9,2560,1981,0,47.693,-122.187,2370,11279,13.513053199930338
3,2620,8280,1.0,0,0,4,7,1330,1948,0,47.7235,-122.359,1530,8160,13.329377546788654
3,2130,5000,1.5,0,0,5,7,1330,1925,0,47.6746,-122.362,2010,5000,13.38779984090879
3,1260,915,2.0,0,0,3,8,1020,2007,0,47.555,-122.363,1260,1056,12.54966234992025
3,1330,5100,1.0,0,0,3,7,900,1942,0,47.6837,-122.291,1500,5100,13.223113280504473
2,1130,6908,1.5,0,0,3,6,1130,1945,0,47.745,-122.313,1150,6908,12.691580461311874
3,1320,6530,1.0,0,0,4,7,1320,1989,0,47.2871,-122.354,1620,6817,12.476099782743233
3,1300,3550,1.5,0,0,3,7,1300,1927,0,47.6696,-122.32,1410,4080,13.028052697933088
3,1150,887,3.0,0,0,3,7,1150,2007,0,47.7072,-122.356,1180,915,12.570715759118084
4,2120,5400,1.0,0,0,4,8,1060,1941,0,47.6501,-122.395,2052,6000,13.473020249017498
2,1800,9236,1.0,0,0,3,7,1800,1954,0,47.3792,-122.198,1730,5701,12.337100907936577
3,1890,7004,1.0,0,0,3,7,1290,1965,0,47.5557,-122.28,1440,5378,13.050867375699259
3,1490,8000,1.0,0,0,3,8,1490,1978,0,47.3817,-122.166,1740,8165,12.524526376648708
4,1830,7762,2.0,0,0,3,8,1830,1993,0,47.267,-122.31,2109,8966,12.691580461311874
3,1490,6930,1.0,0,0,4,7,1490,1990,0,47.3682,-122.179,1880,6861,12.409013489526863
2,820,8860,1.0,0,0,3,6,820,1950,0,47.452,-122.19,1660,15375,12.193493863323313
6,2400,7500,1.5,0,0,3,7,1400,1975,0,47.7661,-122.313,1980,7500,13.120361374733656
5,3400,4499,2.0,0,0,3,8,2740,2005,0,47.5385,-121.88,3400,6163,13.142166004700508
4,4190,10259,2.0,0,0,3,11,3150,2000,0,47.6332,-122.066,4300,11919,13.955272500339433
2,1690,4200,2.0,0,0,3,7,1690,1906,0,47.621,-122.303,1540,4200,13.044401835934616
3,1840,5000,1.0,0,0,4,7,920,1910,0,47.6808,-122.376,1220,5000,13.120361374733656
4,2490,4325,1.5,0,0,3,8,1690,1922,2003,47.6628,-122.326,1960,4284,13.893397096621346
2,1020,13647,1.0,0,0,5,6,1020,1915,1974,47.2848,-121.927,980,8250,11.982929094215963
3,2350,7641,1.0,0,0,3,7,1510,1978,0,47.7307,-122.219,2190,7500,12.994530005894443
3,1860,4777,2.0,0,0,5,7,1860,1908,0,47.6892,-122.311,1580,3822,13.284482226880764
4,2540,7210,1.0,0,0,4,7,1600,1979,0,47.4601,-122.165,1820,7766,12.721885810807203
3,2250,8300,2.0,0,0,3,8,2250,2003,0,47.7174,-122.308,1790,7626,13.296316684527767
3,1140,3292,2.0,0,0,3,7,1140,1988,0,47.5701,-122.017,1150,3592,12.644327576461329
3,1480,1384,3.0,0,0,3,8,1480,2008,0,47.691,-122.342,1310,1329,12.985397522331171
2,880,6780,1.0,0,0,4,6,880,1945,0,47.5009,-122.248,1190,6780,12.232836282799388
4,3400,292723,2.0,0,0,3,10,3400,1998,0,47.4883,-121.725,1760,69696,13.44154411691548
3,1530,7906,1.0,0,0,3,7,1150,1980,0,47.4418,-122.136,1460,7875,12.66032791780777
4,3490,6906,2.0,0,0,4,10,2280,1928,0,47.6424,-122.407,2540,6223,14.018451401960965
3,1320,6500,1.0,0,0,3,7,1320,1947,0,47.7119,-122.319,1110,6592,13.007625699933905
3,1360,5850,1.0,0,0,4,7,1000,1938,0,47.5711,-122.391,1540,5850,13.217673557208654
3,1130,4445,1.5,0,0,4,8,1130,1930,0,47.6845,-122.375,1330,4445,13.418013619505286
4,2040,7145,1.0,0,0,3,8,1490,1994,0,47.3275,-122.171,1940,7145,12.556729517143344
4,2311,4396,2.0,0,0,3,9,2311,2014,0,47.3276,-122.163,2458,4616,12.897818845174491
2,940,3800,1.0,0,0,3,7,940,1929,0,47.6798,-122.292,1680,3800,13.084044497477192
5,1910,9720,1.0,0,0,4,7,1390,1955,0,47.5772,-122.159,1750,9720,13.244581010128577
4,2770,5686,2.0,0,0,3,9,2770,2004,0,47.5997,-121.973,2910,5000,13.458835614025542
3,1630,10962,1.0,0,0,4,8,1100,1977,0,47.3801,-122.166,1830,8470,12.628067055589549
3,1690,1613,2.0,0,0,3,8,1150,2014,0,47.5524,-121.998,1690,1619,12.932569975771658
3,1160,7875,1.0,0,0,3,7,1160,1953,0,47.724,-122.323,1600,7875,12.560244459250788
4,3460,7702,2.0,0,0,3,10,3460,2010,0,47.5942,-121.977,3380,7464,13.658856747918897
3,2090,8095,2.0,0,2,3,10,2090,1988,0,47.5287,-122.385,1940,5635,13.217673557208654
5,2100,5107,2.0,0,0,3,7,1410,1999,0,47.5108,-122.257,1410,5650,12.594730635321957
4,3100,21303,1.0,0,1,4,9,3100,1962,0,47.5847,-122.081,3480,9697,13.764217263576723
4,2830,10677,2.0,0,0,3,9,2830,1993,0,47.742,-122.208,2970,9619,13.349100464228668
4,1860,7980,1.0,0,0,4,8,1860,1966,0,47.4524,-122.15,1860,8814,12.84792653170257
3,2070,4132,2.0,0,0,3,8,2070,1999,0,47.6036,-122.015,1530,5606,13.190022025878143
7,2940,8624,1.0,0,0,3,8,1690,1977,0,47.7555,-122.307,1850,8031,12.948009990259552
4,1930,7207,1.0,0,0,4,7,1360,1988,0,47.3783,-122.182,1760,7207,12.542544882151386
4,2740,5700,2.0,0,0,3,9,2740,2006,0,47.3535,-122.026,3010,5281,12.992026875676325
3,1500,11975,1.0,0,0,4,7,1500,1970,0,47.4658,-121.758,1510,13875,12.8790171187726
2,680,6400,1.0,0,0,3,6,680,1943,0,47.5136,-122.316,1240,7800,12.100156419938624
5,2160,5720,1.0,0,0,5,7,1500,1950,0,47.5728,-122.304,2160,4996,13.217673557208654
3,1190,9135,1.0,0,0,4,7,1190,1959,0,47.5164,-122.189,1520,9146,12.608198852372823
2,2050,4000,1.5,0,2,3,8,2050,1979,0,47.6415,-122.373,1940,4000,13.623138665316818
4,2040,8265,2.0,0,0,3,7,2040,1996,0,47.4973,-122.341,2160,8265,12.779873068457553
3,1020,5950,1.0,0,0,3,6,880,1950,0,47.5436,-122.357,1800,5950,12.86099861326992
2,1000,1188,3.0,0,0,3,8,1000,2005,0,47.6823,-122.327,2300,3500,12.959726793926773
4,1680,9244,2.0,0,0,3,8,1680,1991,0,47.4612,-122.352,1840,9387,12.791077667470416
2,1810,10360,1.0,0,0,3,6,1010,1946,0,47.5039,-122.266,1810,10360,12.283033686666302
3,1960,13100,1.0,0,2,5,8,1650,1957,0,47.4419,-122.34,1960,10518,12.90669184092882
4,3480,38985,2.0,0,0,3,10,3480,1989,0,47.6895,-122.052,3630,36290,13.704578997256993
4,2440,5001,2.0,0,0,3,8,2440,2005,0,47.5108,-122.193,2260,5001,13.028052697933088
3,3380,7074,2.0,0,0,3,8,2200,1999,0,47.7462,-121.978,2060,6548,12.983101310070822
4,2670,5895,2.0,0,0,3,8,2670,1999,0,47.6066,-122.016,2820,6531,13.309672475709322
5,2820,9375,1.0,0,0,4,8,1550,1968,0,47.5707,-122.128,2820,9375,13.17628321939376
2,1440,22081,2.0,0,0,3,7,1440,1990,0,47.7698,-121.896,1440,19544,12.487485104968359
4,3620,42580,2.0,0,0,3,10,3620,1984,0,47.7204,-122.115,2950,33167,13.710150042306449
4,2900,6736,2.0,0,0,3,8,2900,2013,0,47.4954,-122.152,2900,6736,13.1749558275235
4,3360,9767,2.0,0,0,3,9,2450,1990,0,47.3047,-122.347,2580,8757,12.928778628331663
3,1900,6660,1.0,0,0,5,7,950,1966,0,47.3594,-122.054,1690,8111,12.429216196844383
4,1980,15086,2.0,0,0,3,8,1980,1981,0,47.647,-122.064,2100,10927,13.180632285528304
4,3500,4080,2.0,0,2,3,9,2590,2004,0,47.6834,-122.292,2430,5100,13.825460888817442
4,2000,4800,2.0,0,0,4,7,2000,1911,0,47.6583,-122.351,1260,1452,13.480037821676145
3,1870,8442,1.5,0,0,5,7,1060,1927,0,47.6964,-122.365,1640,6174,13.030248088496522
2,950,9000,1.0,0,0,3,6,950,1924,0,47.5219,-122.361,1000,8280,12.170445467887022
4,2250,6064,2.0,0,0,3,8,2250,2005,0,47.4956,-122.174,1520,7840,12.895462777212407
6,3300,4218,2.0,0,0,3,8,2200,1970,0,47.6557,-122.344,1420,4218,13.732128949025222
3,1870,7500,1.0,0,0,5,8,1320,1978,0,47.4428,-122.134,1870,7275,12.751154757974255
3,1680,1478,2.0,0,0,3,8,1360,2009,0,47.5674,-122.369,1530,2753,12.896716695872
4,1740,4816,1.0,0,0,5,7,870,1942,0,47.5758,-122.382,1210,5074,13.226633298580126
3,1690,12662,1.0,0,0,5,7,1090,1982,0,47.4972,-122.264,1950,9642,12.669806661762314
4,2490,11650,1.0,0,0,3,7,1390,1990,0,47.4416,-122.332,2010,10495,12.506177237980511
2,1480,804,3.0,0,0,3,8,1480,2008,0,47.602,-122.308,1380,1751,13.036805489042683
3,2540,4760,2.0,0,0,3,8,2540,2010,0,47.3452,-122.022,2540,4571,12.758519943986984
3,1000,4000,1.5,0,0,4,6,1000,1915,0,47.5523,-122.286,1040,4240,12.345834587905333
3,1550,1919,3.0,0,0,3,8,1550,2003,0,47.6729,-122.379,1550,2918,13.340695371721317
3,3620,4000,2.0,0,0,3,10,2730,2005,0,47.6393,-122.403,1910,5000,13.830399170458024
3,1560,8314,1.0,0,0,3,7,1560,1962,0,47.4117,-122.209,1820,8925,12.519056900844173
3,1520,9041,1.0,0,0,4,7,1520,1954,0,47.6158,-122.213,3260,10020,13.604789526648622
5,2400,9537,1.0,0,0,5,7,1210,1959,0,47.5112,-122.186,1760,9533,12.873902018105829
1,1090,5250,1.0,0,0,3,6,980,1927,0,47.6999,-122.391,2160,5250,12.834681304952548
4,1970,8941,2.0,0,0,3,7,1970,1973,0,47.7223,-122.172,1880,7793,12.89921982609012
1,830,3200,1.0,0,0,3,7,830,1924,0,47.6557,-122.348,1350,2512,13.17115354157376
3,1230,9568,1.0,0,0,5,7,1230,1962,0,47.539,-122.179,1270,9575,12.866179972011919
4,3510,12410,2.0,0,0,4,9,3510,1976,0,47.6381,-122.166,3000,13209,13.785051350479566
5,2760,8015,1.0,0,0,4,8,1600,1960,0,47.7255,-122.297,460,18000,12.842649474601725
4,1550,4815,1.5,0,0,3,7,1550,1909,0,47.667,-122.336,1680,4013,13.32612021491835
5,2880,5000,2.0,0,0,3,8,2260,2012,0,47.3455,-122.023,2590,4800,12.947771866672285
3,1280,5100,1.0,0,0,3,7,1280,1948,0,47.5259,-122.38,1380,7140,12.599802497419917
4,2150,9148,1.0,0,0,4,7,2150,1955,0,47.5828,-122.197,2370,9148,13.592367006650065
2,800,1196,2.0,0,0,3,8,800,2003,0,47.6972,-122.341,1020,1087,12.542544882151386
3,1940,37565,1.0,0,0,4,8,1940,1987,0,47.4801,-122.063,2560,37565,13.122363377404328
3,1260,4080,1.5,0,0,4,7,1260,1928,0,47.6893,-122.354,1130,3876,13.244581010128577
4,1870,9500,1.0,0,0,4,7,1090,1962,0,47.7012,-122.187,2010,10000,13.102160670086809
3,1600,1431,2.0,0,0,3,8,1240,2006,0,47.6865,-122.363,1500,4120,13.038981768465277
4,2060,5742,2.0,0,0,3,7,2060,1999,0,47.3612,-122.185,1610,7298,12.524526376648708
3,1230,12201,1.0,0,0,3,7,1230,1969,0,47.3285,-122.134,1230,10780,12.254862809699606
3,1840,6985,1.0,0,0,3,7,1290,1971,0,47.7586,-122.342,2160,7990,12.84792653170257
3,2400,7745,2.0,0,0,3,9,2400,2001,0,47.6734,-122.173,2080,8615,13.527828485512494
6,2820,15600,1.5,0,2,5,7,1970,1940,0,47.4635,-122.362,2520,7797,13.205232855226624
4,4300,70407,2.0,0,0,3,10,2710,1992,0,47.4472,-122.092,3520,26727,13.304684934198283
4,3780,6000,2.0,0,4,4,11,2770,1910,1977,47.5922,-122.388,2660,6000,14.284820196454122
3,2140,9897,1.0,0,0,4,8,2140,1959,0,47.5505,-122.219,2680,10083,13.591116224748411
5,2050,3000,1.5,0,0,3,7,1470,1912,1984,47.6864,-122.352,1560,4500,13.351886535682578
4,3020,7465,2.0,0,0,3,9,3020,2004,0,47.5982,-121.98,3100,5587,13.527828485512494
2,1370,1140,2.0,0,0,3,8,1080,2009,0,47.7053,-122.342,1370,1090,12.821123140353697
3,1430,3455,1.0,0,0,3,7,980,1947,0,47.6873,-122.336,1450,4599,13.144124869185841
3,1610,8064,1.0,0,2,4,7,1160,1981,0,47.6818,-122.189,2260,8328,13.42984807715229
4,2110,4140,2.0,0,0,3,9,1710,1925,2003,47.5836,-122.387,1440,4420,13.493926933836812
4,2910,6250,2.0,0,0,3,8,2910,1999,0,47.538,-121.87,2550,6250,13.279367126213993
4,1920,7700,2.0,0,0,4,7,1920,1970,0,47.5381,-122.177,1310,7700,12.936033799212835
2,920,4400,1.0,0,0,3,7,920,1948,0,47.6903,-122.332,1560,4600,12.92910139177192
3,1600,6120,1.5,0,0,3,7,1600,1924,0,47.6847,-122.291,1670,4590,13.17115354157376
2,770,7434,1.0,0,0,3,6,770,1947,0,47.7606,-122.32,1060,7453,12.487296407920908
3,2390,7875,1.0,0,1,3,10,1980,1948,0,47.6515,-122.278,3720,9075,13.985253332551368
3,1980,6450,1.0,0,0,4,6,1120,1950,0,47.5291,-122.356,1180,5160,12.742566016044742
3,1430,1448,3.0,0,0,3,8,1430,2005,0,47.6916,-122.341,1430,1383,12.916568464424731
2,1640,4176,1.0,0,0,4,7,1040,1948,0,47.5162,-122.26,1460,5200,12.765545566117686
4,2430,5502,2.0,0,0,3,8,2430,2002,0,47.356,-122.014,2000,5702,12.959844447906553
4,1980,7081,1.0,0,0,3,7,1470,1977,0,47.3669,-122.288,1980,7081,12.567237494741757
3,2130,3500,1.0,0,0,4,8,1210,1994,0,47.736,-122.159,2030,3710,13.189348902184951
3,1780,5175,1.0,0,0,4,7,990,1927,0,47.5696,-122.386,1780,5175,13.329377546788654
4,1490,4054,1.5,0,0,5,7,1490,1926,0,47.6744,-122.301,1510,3889,13.316284070041636
4,3020,15164,1.0,0,0,4,8,1730,1976,0,47.5882,-122.192,2600,11556,13.567049198665774
3,1890,6560,2.0,0,0,3,7,1890,2003,0,47.3684,-122.031,2390,7570,12.685407602204794
3,1880,6008,2.0,0,0,3,7,1880,2009,0,47.3366,-122.052,2180,5185,12.556729517143344
5,2740,9600,1.0,0,0,4,7,1370,1945,0,47.5738,-122.315,1990,4800,13.060487973686241
3,1280,9000,1.5,0,0,4,6,1280,1954,0,47.4915,-122.338,1430,4500,12.388394202324129
3,2290,5002,2.0,0,0,4,9,1950,1995,0,47.6811,-122.207,2290,5100,13.878485357125662
2,1280,12500,1.0,0,0,3,7,1060,1951,0,47.4833,-122.237,1460,17771,12.546109948315882
3,1530,1840,2.0,0,0,3,8,1240,2008,0,47.587,-122.301,1800,3431,13.038981768465277
4,3370,6675,1.0,0,3,4,8,1920,1948,0,47.5887,-122.291,2250,5550,13.608486388529947
4,2820,2850,1.5,0,0,5,7,1860,1928,0,47.6813,-122.367,1570,4500,13.454540689742661
2,800,8550,1.0,0,0,3,7,800,1947,0,47.4075,-122.294,1490,8550,11.461632170582678
4,1350,7255,1.0,0,0,4,7,1350,1959,0,47.7287,-122.31,1050,7288,12.89921982609012
4,2440,7155,2.0,0,0,3,8,2440,1993,0,47.4501,-122.126,2450,8109,12.86876061860541
2,1230,987,2.0,0,0,3,7,1060,2011,0,47.6007,-122.305,1290,1328,12.84792653170257
4,1780,15000,2.0,0,0,2,7,1780,1993,0,47.4239,-122.153,2005,9680,12.779873068457553
6,3610,12033,2.0,0,0,3,8,3210,1970,0,47.7692,-122.219,2210,8577,13.321214236149494
3,2840,7500,2.0,0,3,3,11,2840,1997,0,47.7049,-122.224,2580,5918,13.897090544956697
3,1640,5650,1.0,0,0,3,7,1640,2003,0,47.3736,-122.13,2250,5488,12.538967060803502
3,1270,8920,1.0,0,0,5,7,1270,1969,0,47.534,-122.172,1590,8589,12.953944725779365
4,4330,15335,2.0,0,0,4,11,3230,1988,0,47.5315,-122.231,3840,14311,14.346138809026444
4,2090,6906,2.0,0,0,4,8,2090,1992,0,47.5718,-121.996,2090,6370,13.306350213517344
4,2050,4400,1.5,0,0,4,9,2050,1922,0,47.644,-122.319,2320,5500,13.514405465180353
3,1200,4500,1.0,0,0,5,7,1200,1906,0,47.5553,-122.316,1340,4500,12.971540487669746
3,1550,3402,2.0,0,0,3,7,1550,2009,0,47.3523,-122.212,2095,3402,12.519056900844173
2,1050,3419,2.0,0,0,3,7,1050,1996,0,47.3848,-122.039,1050,3417,12.004568269319446
3,1560,5760,1.0,0,0,5,6,780,1927,0,47.5272,-122.359,1320,7680,12.776769666333555
4,2140,159865,1.0,0,0,4,7,1140,1960,0,47.4235,-122.218,1830,15569,12.802020362712987
3,1820,17600,1.0,0,0,5,7,1820,1972,0,47.4703,-122.112,2190,17440,12.676076274775909
4,2110,5306,2.0,0,0,3,8,2110,2012,0,47.356,-122.057,2250,5306,12.84792653170257
2,930,3200,1.0,0,0,3,7,930,1904,0,47.609,-122.314,1690,3840,13.122363377404328
3,2620,10137,2.0,0,0,3,8,1970,1992,0,47.4979,-122.371,1960,7680,13.195613839143922
3,2120,18500,2.0,0,0,4,8,2120,1983,0,47.3914,-122.169,2120,14479,12.834681304952548
5,3800,42316,1.5,0,0,4,9,3800,1984,0,47.3488,-122.095,2580,35775,13.217491722495906
4,1100,9600,1.0,0,0,4,6,1100,1960,0,47.7,-122.175,1100,9630,12.774223335915433
3,1920,3300,1.0,0,0,4,8,960,1913,0,47.6239,-122.298,1740,4000,13.493926933836812
3,1770,3880,1.0,0,0,3,8,1300,1963,0,47.6846,-122.392,1430,3880,13.410545324897761
3,1800,7620,1.0,0,0,3,8,1350,1951,0,47.7165,-122.361,1770,7620,13.140217047893891
4,2050,10920,1.0,0,3,3,8,1450,1974,0,47.7431,-122.286,2440,10920,13.579788224443204
4,2510,9963,1.0,0,0,4,9,2200,1967,0,47.5973,-122.177,3110,9963,13.592367006650065
4,2210,7665,2.0,0,0,4,8,2210,1968,0,47.5424,-122.168,1960,7903,13.180632285528304
6,1750,17685,1.0,0,0,4,5,1750,1943,0,47.5096,-122.178,1750,9209,12.66032791780777
4,3090,10730,2.0,0,0,5,8,2420,1985,0,47.5458,-122.141,2220,7875,13.789525860992281
4,1220,4900,1.0,0,0,3,6,1220,1942,0,47.5292,-122.269,1410,3000,12.429216196844383
4,1920,7102,1.0,0,0,3,7,1130,1992,0,47.539,-122.356,1830,6440,12.429216196844383
3,2110,56192,1.0,0,0,3,7,1480,1978,0,47.7701,-122.138,2570,46609,13.329377546788654
4,2430,7163,2.0,0,0,3,8,2430,2003,0,47.3558,-122.013,2430,6028,12.923790480024325
3,880,6664,1.0,0,0,3,6,880,1961,0,47.6855,-122.199,1690,6564,13.217673557208654
3,840,6500,1.0,0,0,5,6,840,1969,0,47.3704,-122.08,870,5200,12.089538829274222
3,1450,8820,1.0,0,0,3,6,1050,1958,0,47.4698,-122.264,1510,8820,12.52434454193596
3,1150,700,2.0,0,0,3,7,800,2000,0,47.5552,-122.381,1060,1910,12.736700896592344
2,1170,8925,1.0,0,2,3,6,1170,1911,0,47.4017,-122.321,1380,7440,12.072541252905651
4,3320,8587,3.0,0,0,3,11,2950,2008,0,47.691,-122.337,1860,5668,13.815510557964274
3,1640,7200,2.0,0,0,4,8,1640,1985,0,47.5948,-122.153,1830,8372,12.765688433465597
4,1600,5750,2.0,0,0,4,6,1600,1902,0,47.5437,-122.28,1690,5750,12.56374708980199
3,1750,7490,1.0,0,0,4,7,1180,1979,0,47.3746,-122.149,1570,7490,12.323855681186558
4,2970,52567,2.0,0,0,3,8,2970,1924,1985,47.7333,-122.128,3280,46676,13.407542319637992
4,4730,47870,1.0,1,4,3,10,2940,1954,0,47.6967,-122.216,3250,49346,15.037814318974933
3,1350,7827,1.0,0,0,4,7,1350,1968,0,47.3786,-122.219,1900,7827,12.468244583811861
5,2800,8442,2.0,1,4,3,9,2800,1963,2001,47.5784,-122.076,3220,9156,14.430696197054507
3,970,7700,1.0,0,0,4,7,970,1959,0,47.3793,-122.304,1160,8250,12.230765258120545
4,2160,8158,1.0,0,0,4,8,1660,1952,0,47.6948,-122.328,1520,7208,13.279367126213993
3,1870,5876,2.0,0,0,3,7,1870,1986,0,47.3779,-122.045,1670,6203,12.721885810807203
2,1490,6000,1.0,0,0,3,7,1090,1946,0,47.6296,-122.3,1590,6000,13.262125319779487
3,1480,7749,1.0,0,0,5,7,1480,1960,0,47.5144,-122.379,1140,5320,13.009082690945363
3,1440,4394,1.0,0,0,5,8,1440,1987,0,47.5688,-122.019,1900,5893,13.151922179645874
3,2570,5000,1.0,0,0,4,8,1480,1940,0,47.6578,-122.285,2420,5484,13.820498099475314
3,3250,6000,2.0,0,0,3,10,2500,2001,0,47.5533,-122.391,1650,6000,13.681979165339751
3,1830,9758,1.0,0,0,3,8,1300,1977,0,47.7107,-122.23,1850,8000,12.971424201839042
3,2210,7680,1.0,0,2,3,8,1730,1972,0,47.7729,-122.389,2390,7680,13.122363377404328
4,2180,10575,1.0,0,0,2,6,1730,1950,0,47.589,-122.177,2180,12010,13.081541382884074
2,1070,5824,1.0,0,2,5,7,1070,1949,0,47.507,-122.242,2090,7980,12.675920012567607
3,1910,9001,1.0,0,0,4,7,1910,1957,0,47.6037,-122.119,2040,8700,13.224919965729422
3,1930,7200,1.5,0,0,3,6,1930,1929,0,47.5263,-121.809,1350,9000,12.560244459250788
4,2950,4502,2.0,0,0,3,7,2950,2005,0,47.5002,-122.151,2360,4502,13.028052697933088
6,2470,9328,2.0,0,0,3,8,2470,1982,0,47.6025,-122.153,2470,9454,13.353475098367715
4,2650,8685,2.0,0,0,3,9,2650,2006,0,47.344,-122.269,2650,7932,12.957488734214095
3,1700,8645,1.0,0,0,3,6,1700,1955,0,47.4899,-122.337,1500,7980,11.911701584927597
4,4230,37769,2.0,0,0,3,11,4230,1989,0,47.7287,-122.077,3890,37034,13.800396920154226
4,2760,7533,1.0,0,0,3,8,1400,1997,0,47.371,-122.108,2340,7943,12.821123140353697
4,2590,3889,3.0,0,0,3,9,2590,2013,0,47.6259,-122.142,2590,4062,13.541073712262515
3,1560,242629,1.0,0,0,3,7,1560,1981,0,47.6493,-121.956,2320,220654,13.287877815881902
4,2420,4635,1.5,0,0,5,7,2420,1905,0,47.682,-122.347,1590,3150,13.617059619240436
4,2050,8094,1.0,0,0,3,8,1050,1976,0,47.6614,-122.138,1990,9020,13.30635354129883
4,3480,13421,2.0,0,0,3,11,3480,1995,0,47.5504,-122.097,3290,9642,13.685401872617254
5,1890,10880,1.0,0,0,3,7,1890,1962,0,47.7196,-122.197,1670,9750,12.948009990259552
4,2370,10083,2.0,0,0,5,8,2370,1966,0,47.6715,-122.166,2370,10133,13.440089571204487
3,2650,5512,2.0,0,0,3,9,2250,1984,0,47.6265,-122.295,1440,5100,13.864300722133706
3,1260,1211,3.0,0,0,3,8,1260,2004,0,47.6969,-122.343,1270,1211,12.724866438945341
5,3180,40946,1.0,0,3,3,7,1690,1968,0,47.5833,-122.073,2430,29620,13.279367126213993
4,3120,7644,2.0,0,0,3,10,3120,2010,0,47.5156,-121.884,2980,6050,13.262125319779487
4,2430,8960,1.0,0,0,3,7,1430,1960,0,47.4979,-122.232,2430,8960,12.449018824140563
3,2680,9750,1.0,0,0,4,8,1610,1979,0,47.7028,-122.231,2480,8750,13.389332408258568
2,800,4342,1.0,0,0,3,6,670,1927,0,47.6997,-122.316,1210,4343,12.92391243868049
3,1850,5775,2.0,0,0,3,6,1740,1928,0,47.5446,-122.296,1520,3578,12.706847933442663
3,1140,9639,1.0,0,0,4,7,1140,1967,0,47.3112,-122.265,1140,9639,12.345834587905333
4,3530,49222,2.0,0,0,4,9,3530,1986,0,47.7285,-122.112,3750,49222,13.721199878493033
3,1600,4400,1.0,0,0,3,7,1030,1941,0,47.6348,-122.281,2150,4000,13.444446876573442
4,1600,14000,1.0,0,0,3,8,1310,1950,0,47.7258,-122.326,1600,10200,12.96453929221076
3,2680,41250,2.0,0,0,3,7,2680,1984,0,47.4817,-121.749,1940,47044,13.287877815881902
4,2000,5827,2.0,0,0,3,7,2000,1997,0,47.3629,-122.026,1710,6929,12.371587084007746
5,4780,20440,1.0,0,0,4,10,3660,1975,0,47.6242,-122.239,4660,20440,14.761360092079974
3,1500,7420,1.0,0,0,3,7,1000,1972,0,47.7236,-122.174,1840,7272,12.845291484064564
3,1120,8321,1.0,0,0,4,6,1120,1941,1987,47.5631,-122.091,1980,8671,12.901716706288706
2,1140,5500,1.0,0,0,3,6,1140,1947,0,47.5187,-122.363,1110,5500,12.428816116823043
3,1700,10000,2.0,0,0,3,8,1700,1992,0,47.7661,-122.205,1460,9621,13.025852477023484
6,2850,15240,1.0,0,0,3,7,1850,1962,0,47.5288,-122.345,2090,7620,12.793859310432293
4,2550,4630,2.0,0,0,3,7,2550,2005,0,47.5928,-122.004,2550,5151,13.194684038983954
2,1660,5200,1.0,0,0,5,7,1120,1906,0,47.6871,-122.334,1260,5160,13.306599766403055
3,1370,6700,1.0,0,0,3,8,1370,1940,2012,47.6982,-122.362,1180,6694,13.142166004700508
3,1640,12060,1.0,0,0,4,7,1640,1960,0,47.4941,-122.151,1680,9147,12.647548191161372
4,1810,9240,2.0,0,0,3,7,1810,1961,0,47.4362,-122.187,1660,9240,12.501138639610538
3,2230,8296,2.0,0,0,3,7,2230,2004,0,47.4386,-122.116,2480,5940,12.86099861326992
4,3150,5500,2.0,0,0,3,9,3150,2014,0,47.6644,-122.293,1550,4200,14.001990124906893
4,2400,5400,2.0,0,2,4,7,1600,1965,0,47.5099,-122.26,2400,5400,13.071070083016778
3,1980,13503,1.0,0,2,4,9,1320,1952,0,47.5867,-122.111,2450,10890,13.604789526648622
4,4490,24767,2.0,0,2,3,11,3800,1998,0,47.5544,-122.147,3370,32700,14.142653699296968
2,990,9223,1.0,0,0,3,7,990,1949,0,47.72,-122.32,1230,7244,12.80765263256463
4,5030,11023,2.0,0,2,3,11,3250,2008,0,47.5722,-122.236,3640,11490,14.71159858252091
2,1530,5000,2.0,0,0,4,7,1260,1989,0,47.6755,-122.37,1470,5000,13.264296873292995
4,1960,7945,1.0,0,0,4,7,980,1946,0,47.7326,-122.291,1290,7945,12.886641043883259
4,3040,10283,1.0,0,0,4,8,1430,1984,0,47.6268,-122.038,1870,11074,13.199324418540456
4,1860,7808,1.0,0,0,3,7,1080,1953,0,47.7314,-122.3,1530,7884,13.017002861746503
3,1020,6000,1.0,0,0,3,5,1020,1900,0,47.5281,-122.031,2070,7200,12.254862809699606
2,1480,2167,2.0,0,0,3,8,1390,2007,0,47.6658,-122.132,2130,2556,13.056223574899784
3,1120,98445,1.5,0,2,4,7,1120,1917,0,47.1853,-122.017,1620,34200,12.66349749256905
4,3340,5314,2.0,0,0,3,10,3340,2010,0,47.5167,-121.885,3220,5500,13.460263166016727
3,2870,8170,2.0,0,0,3,10,2250,1995,0,47.5363,-122.385,1310,8170,13.652991628466498
3,1970,9153,2.0,0,0,3,8,1970,2007,0,47.7698,-122.268,1800,9800,13.142067960678665
5,4280,11307,2.0,0,0,3,10,2710,1996,0,47.5503,-122.081,3080,11307,13.639965985449344
3,2160,15788,1.0,0,0,3,8,2160,1951,0,47.6227,-122.207,2260,9787,13.802425318415619
2,760,4000,1.0,0,0,3,7,760,1944,0,47.6896,-122.396,1520,4000,12.936033799212835
6,3390,7200,2.0,0,0,3,8,2440,2007,0,47.5205,-122.288,2040,7214,12.62313688948169
2,520,22334,1.0,0,0,2,5,520,1951,0,47.4799,-122.296,1572,10570,11.320553572322773
3,1660,7500,1.0,0,0,4,7,1060,1940,0,47.7105,-122.306,1450,7500,13.034624463096321
4,4330,26162,2.0,0,0,3,11,4330,1997,0,47.6009,-122.011,5110,26319,14.00530412959693
4,1960,14242,1.0,0,1,4,8,1290,1958,0,47.4947,-122.369,2490,10907,13.304684934198283
3,1880,7350,1.0,0,0,3,8,1390,1984,0,47.4457,-122.123,1910,8400,12.676076274775909
2,1080,7242,2.0,0,0,4,7,1080,1984,0,47.7065,-122.235,1800,7321,12.765688433465597
4,2110,3000,2.0,0,0,3,8,2110,2001,0,47.6769,-122.328,1780,4000,13.58735446482652
3,2160,4000,1.5,0,0,3,8,1960,1903,2013,47.6045,-122.307,2160,5120,13.369223455335854
4,2230,7200,1.0,0,0,4,7,1300,1963,0,47.7648,-122.33,2010,7752,12.89921982609012
3,2430,73151,1.0,0,0,3,8,2430,1974,0,47.4749,-122.092,2800,39250,13.169246963303179
3,1720,1587,2.5,0,2,3,9,1410,2004,0,47.6187,-122.299,1490,1620,13.366093562326927
5,4370,12240,2.0,0,0,3,11,3270,1990,0,47.582,-122.199,2980,12800,14.22097566607244
4,2030,9825,1.0,0,0,3,8,1330,1985,0,47.6892,-122.3,2180,7500,13.301346032932768
3,1150,3000,1.0,0,0,5,6,1150,1906,0,47.6867,-122.345,1460,3200,12.971540487669746
4,2730,9260,2.0,0,0,3,8,2730,2008,0,47.7222,-122.331,2730,7357,13.337474757021274
3,1900,11165,1.0,0,0,4,7,1900,1959,0,47.5789,-122.118,2030,11165,13.231217782316412
3,1820,5000,1.5,0,0,4,8,1720,1941,0,47.5845,-122.395,2220,7200,13.527828485512494
4,1980,12062,2.0,0,0,3,8,1980,1992,0,47.4038,-122.167,2300,7902,12.834547962729536
2,1930,5479,1.0,0,0,3,8,1930,2005,0,47.7054,-122.011,1900,5479,13.21412180264387
5,1790,9335,2.0,0,0,5,8,1790,1952,0,47.5945,-122.201,1840,9612,13.45166712454693
5,2732,9500,1.0,0,2,4,8,1870,1975,0,47.3436,-122.323,2720,10000,13.081541382884074
3,1600,7982,2.0,0,0,3,8,1600,1993,0,47.3397,-122.266,1890,9830,12.66032791780777
5,2250,10400,1.0,0,0,3,8,1280,1973,0,47.4501,-122.139,2140,9592,12.821258284620408
3,3940,11632,2.0,0,0,3,10,3940,2014,0,47.438,-122.344,2015,11632,13.66157352198021
4,1440,4300,1.5,0,0,4,8,1290,1929,0,47.6846,-122.372,1640,5000,13.393916067926225
2,1170,4887,1.0,0,0,3,6,1020,1929,0,47.695,-122.366,1170,5441,13.036805489042683
3,2350,6000,1.5,0,0,4,8,1990,1922,0,47.6476,-122.32,2010,5040,13.681979165339751
3,840,8470,1.0,0,0,4,6,840,1961,0,47.3275,-122.338,840,8450,12.043259555124262
4,2190,4265,2.0,0,0,3,9,1540,2015,0,47.6178,-122.29,1730,4265,13.732128949025222
4,2090,6630,1.0,0,0,3,7,1070,1974,0,47.5077,-122.268,1550,7980,12.206072645530174
4,1540,1860,2.0,0,0,3,8,1540,2014,0,47.5521,-121.999,1210,1090,13.10467587166064
5,4500,8130,2.0,0,0,3,10,4500,2007,0,47.4832,-122.145,2840,8402,13.527828485512494
4,2340,11784,2.0,0,0,3,9,2340,1997,0,47.384,-122.149,2250,10760,12.706847933442663
2,1390,12530,1.0,0,0,3,8,970,1959,0,47.7499,-122.29,1940,12530,12.973863369085885
4,5830,131116,2.0,0,0,3,11,5830,2005,0,47.5986,-121.949,5340,207206,14.269765830241871
3,1200,6250,1.0,0,0,3,6,920,1943,0,47.5095,-122.331,1280,9375,12.542544882151386
4,1800,8623,1.0,0,0,4,8,1360,1980,0,47.692,-122.184,2370,8623,13.165422866864775
3,1050,5500,1.0,0,0,3,6,930,1920,0,47.5402,-122.38,1410,5834,12.983101310070822
4,1950,3225,2.0,0,0,3,7,1950,2002,0,47.5014,-122.226,1980,3225,12.66032791780777
3,2310,7200,2.0,0,0,3,8,2310,1990,0,47.4051,-122.193,1960,7201,12.699243334057444
2,1160,5038,1.0,0,0,5,7,740,1942,0,47.5304,-122.38,1160,5076,12.959844447906553
3,1590,9960,1.0,0,0,3,7,1060,1976,0,47.7742,-122.287,1860,9760,12.983043837154916
4,3140,11049,2.0,0,0,3,10,3140,1988,0,47.5817,-122.192,2750,11049,13.805460222110773
4,1360,5766,1.5,0,0,5,7,1360,1951,0,47.6827,-122.289,1500,5704,13.199324418540456
3,1340,1951,1.0,0,0,3,6,670,1915,0,47.5763,-122.309,1520,2248,12.721885810807203
4,2130,9100,1.0,0,0,3,8,1290,1978,0,47.3815,-122.169,1770,7700,12.301382825334498
4,2050,34222,2.0,0,0,4,8,2050,1989,0,47.7572,-122.022,2240,51400,13.199324418540456
4,3440,3800,3.0,0,0,3,9,3440,2014,0,47.6408,-122.307,1760,3800,14.066269276311457
3,2370,10289,1.0,0,0,4,9,1590,1977,0,47.592,-122.166,2500,10004,13.579788224443204
3,1800,6875,1.0,0,0,4,8,1230,1974,0,47.6773,-122.11,1800,8749,13.248114582709889
5,4450,9600,2.0,0,0,3,9,3650,2014,0,47.7336,-122.21,4000,9750,13.648215535186942
3,1050,5525,1.0,0,0,5,6,1050,1969,0,47.3608,-122.083,1100,5200,12.180754837545884
3,1370,14030,1.0,0,0,4,8,1370,1977,0,47.2969,-122.163,2100,15260,12.367340793126296
4,1750,8116,1.0,0,0,4,5,1750,1943,0,47.5097,-122.181,1440,7865,12.417143615610113
3,3150,21893,2.0,0,0,3,9,3150,2006,0,47.6455,-121.901,2280,21886,13.180632285528304
4,2380,13550,2.0,0,0,3,7,2380,1999,0,47.4486,-122.288,1230,9450,12.706847933442663
2,960,6250,1.0,0,0,3,6,960,1916,0,47.5491,-122.386,1350,6250,12.779873068457553
3,2060,47318,1.0,0,2,4,8,1600,1976,0,47.2758,-122.265,1870,19663,12.721885810807203
3,1120,7740,1.0,0,0,4,6,860,1948,0,47.7107,-122.291,1240,7740,12.779873068457553
5,2670,4000,2.0,0,0,4,7,1800,1914,0,47.6711,-122.315,2460,4000,13.407542319637992
4,2520,9684,2.0,0,0,3,8,2520,1994,0,47.4848,-121.801,2090,10133,13.060487973686241
4,2260,30250,2.0,0,0,3,7,2260,2013,0,47.4493,-122.281,1270,16350,12.89971970113177
3,1850,10920,1.5,0,0,3,6,1850,1915,0,47.7244,-122.222,1510,7871,12.456831363877356
3,2020,38332,1.0,0,0,4,7,1010,1975,0,47.4582,-122.023,2110,36590,12.948009990259552
4,2440,7150,1.0,0,0,3,7,1200,1963,1985,47.3662,-122.282,1790,7150,12.506177237980511
3,1910,17003,1.5,0,0,4,8,1910,1963,0,47.3095,-122.283,1820,14806,12.072541252905651
3,1350,6696,1.0,0,0,5,6,680,1944,0,47.4919,-122.187,1350,6700,12.506177237980511
3,1451,7159,1.0,0,0,3,7,1451,2010,0,47.3754,-122.163,2303,6126,12.611537753638338
