bedrooms,bathrooms,sqft_living,sqft_lot,floors,waterfront,view,condition,grade,sqft_above,sqft_basement,yr_built,long,sqft_living15,sqft_lot15,price_ln
4,2.5,3030,13068,2.0,0,0,3,9,3030,0,1978,-122.172,2940,11999,13.42984807715229
5,3.5,4200,5400,2.0,0,0,3,9,3140,1060,2012,-122.12,3300,5564,13.652991628466498
4,1.75,1650,7088,1.0,0,0,3,8,1650,0,1973,-122.087,1850,7523,13.234798806734117
3,3.25,2940,5432,3.0,0,3,4,10,2440,500,1978,-122.354,4400,5500,14.353464849118517
3,1.0,1150,11802,1.0,0,0,4,7,1150,0,1932,-122.361,1880,6082,12.755638097612096
3,1.75,1440,16819,1.5,0,0,4,6,1440,0,1925,-122.373,1560,12376,12.437184366493561
3,2.25,1450,4050,2.0,0,0,3,7,1450,0,2010,-122.019,1660,3800,12.522706539931722
1,1.0,580,1799,1.0,0,0,3,7,580,0,1908,-122.375,1260,4000,12.708664464369061
5,4.0,4360,8030,2.0,0,0,3,10,4360,0,2015,-121.973,3570,6185,14.070145024369824
2,1.0,840,3522,1.0,0,0,3,6,840,0,1947,-122.395,1390,4800,12.911889229190782
4,1.5,2550,5055,2.0,0,0,4,10,2550,0,1910,-122.301,1970,4431,13.766845385982993
3,1.5,1260,7964,1.0,0,0,4,7,1260,0,1955,-122.334,1510,8776,12.409013489526863
3,2.25,1780,9672,1.0,0,0,3,8,1350,430,1960,-122.35,1860,10080,12.886641043883259
3,2.25,3170,5000,2.0,0,0,5,10,2230,940,1975,-122.318,3170,5400,14.28551418721001
4,1.75,2200,8545,1.0,0,0,4,7,1100,1100,1918,-122.353,1940,9315,12.935913310026594
3,2.25,1930,3462,2.0,0,0,3,7,1930,0,2004,-121.985,1930,2952,12.694652660348845
4,2.75,2700,49428,1.0,0,0,4,9,2700,0,1988,-122.079,2728,85905,12.785491060761776
3,1.75,1840,7350,1.0,0,0,3,8,1370,470,1974,-122.166,1920,8518,13.279367126213993
5,2.75,2760,7200,1.0,0,0,3,7,1430,1330,1979,-122.147,2460,8750,13.081541382884074
4,3.25,5370,20388,2.0,0,4,4,11,5370,0,1990,-122.331,2770,22270,14.115615150414612
3,3.0,2610,22672,1.5,1,4,4,8,2610,0,1952,-122.354,2810,22672,14.269765830241871
4,2.25,3360,10810,2.0,0,0,4,9,3360,0,1988,-122.203,2590,10810,13.049792684569493
3,2.0,2160,8091,1.5,0,0,3,8,2160,0,2000,-122.303,2190,8297,12.779873068457553
4,2.75,3220,16145,2.0,0,0,3,10,3220,0,1993,-121.995,3200,12921,13.442996549995796
4,2.5,2130,3420,1.5,0,0,4,7,1730,400,1916,-122.336,1520,3420,13.493926933836812
4,2.5,2701,5821,2.0,0,0,3,7,2701,0,2013,-122.177,2566,5843,12.506177237980511
4,1.5,2070,7245,1.0,0,0,4,7,1060,1010,1964,-122.281,1450,7350,12.367340793126296
3,2.0,1710,4697,1.5,0,0,5,6,1710,0,1941,-122.218,1030,4705,12.358793732547838
4,2.5,2210,17715,2.0,0,0,3,8,2210,0,1997,-122.2,2210,16907,12.793859310432293
4,2.5,2950,48351,2.0,0,0,3,10,2950,0,1986,-122.048,2870,34417,13.635187003832993
3,2.5,3460,6590,2.0,0,0,3,7,3460,0,2001,-122.188,2490,6312,13.054084536651034
4,2.0,1850,11700,1.0,0,0,4,8,1850,0,1969,-122.12,2110,11700,12.86099861326992
4,2.5,2420,8404,2.0,0,0,3,8,2420,0,2013,-122.13,2440,4822,12.80765263256463
4,1.5,2650,6900,2.0,0,0,4,9,2400,250,1909,-122.305,2420,6900,14.191890085177342
4,2.5,2692,8392,2.0,0,0,3,9,2692,0,2014,-122.197,2574,14446,12.986479505583464
4,2.5,1677,7209,2.0,0,0,3,7,1677,0,2011,-122.357,2236,7209,12.594730635321957
3,1.0,1240,18000,1.0,0,0,2,7,1240,0,1943,-122.315,1240,18000,12.367340793126296
4,1.0,1360,13372,1.0,0,0,3,7,1360,0,1955,-122.263,1540,10283,12.706847933442663
3,1.75,2080,6554,1.0,0,0,3,7,1040,1040,1950,-122.257,1230,5650,12.691580461311874
3,1.75,1470,6018,1.0,0,0,3,8,1470,0,1987,-122.044,1720,6584,13.079455876393052
3,2.25,1450,4706,2.0,0,0,3,7,1450,0,2009,-122.232,1490,4667,12.89921982609012
3,1.0,1070,8250,1.0,0,0,3,7,1070,0,1961,-122.192,1190,8250,12.007621706806335
2,1.0,860,8511,1.0,0,0,3,7,860,0,1949,-122.3,1554,8499,12.774223335915433
2,2.25,1550,1824,2.0,0,0,3,8,1550,0,2007,-122.368,1460,1826,12.761393509182716
2,1.5,1170,1079,3.0,0,0,3,7,1170,0,2003,-122.333,1170,1116,13.03789422077788
2,1.75,1250,34395,1.0,0,0,4,7,1250,0,1950,-122.316,1910,26042,12.608198852372823
2,1.0,780,4132,1.0,0,0,3,7,780,0,1942,-122.387,1100,5100,12.57418196709457
4,2.5,2500,6005,2.0,0,0,3,9,2500,0,2001,-122.174,2680,7200,13.38472764187182
2,2.5,1480,2167,2.0,0,0,3,8,1390,90,2007,-122.132,2130,2556,13.056223574899784
3,1.75,1480,7500,1.0,0,0,4,7,1480,0,1968,-122.187,1480,7500,12.66032791780777
3,2.5,3430,48993,2.0,0,0,3,9,3430,0,2001,-122.27,2460,36256,13.151922179645874
3,2.0,1380,9000,2.0,0,0,2,7,1380,0,1946,-122.248,1460,9732,12.28071618852594
3,2.25,1990,10260,2.0,0,0,4,8,1990,0,1987,-122.115,1990,10260,13.422467969854667
3,2.0,1460,2610,2.0,0,0,3,8,1460,0,1987,-122.345,1320,3000,13.003579841414362
4,2.5,3200,22651,1.0,0,0,5,8,1610,1590,1970,-122.183,2030,5500,12.86099861326992
3,1.75,1650,7807,1.0,0,0,3,7,1650,0,1986,-122.167,1810,8475,12.496874845318198
3,1.0,1590,6240,1.0,0,0,3,7,1060,530,1956,-122.337,1410,6240,12.341477282536376
3,2.5,2420,7307,2.0,0,0,3,7,2420,0,1998,-121.871,2420,5577,13.085699393032737
4,3.5,3080,4815,2.0,0,3,3,10,2300,780,1937,-122.411,2910,5350,14.319311566793301
3,1.75,1790,50529,1.0,0,0,5,7,1090,700,1965,-122.073,1940,50529,12.762827201184564
4,2.5,1700,4268,2.0,0,0,3,7,1700,0,2000,-122.268,1700,4488,12.409013489526863
3,1.0,1020,10200,1.0,0,0,4,7,1020,0,1954,-122.348,1170,8188,12.721885810807203
4,3.0,3330,4000,1.0,0,0,3,8,1790,1540,1958,-122.344,1610,4000,13.652991628466498
3,2.5,3310,5300,2.0,0,2,3,8,2440,870,2008,-122.389,2140,7500,13.415032991367148
3,1.5,1730,40250,2.0,0,0,4,8,1730,0,1983,-122.111,1730,36250,13.19095616886994
3,1.75,1350,5850,1.0,0,0,4,7,1050,300,1973,-122.328,1710,7757,12.729320789294722
3,2.0,2310,21318,1.0,0,0,3,10,2310,0,1979,-122.224,2950,21814,14.124831805519536
3,1.75,1350,7588,1.0,0,0,3,7,1350,0,1993,-122.023,1470,7341,12.393589019201233
3,1.75,1680,8725,1.0,0,0,3,8,1240,440,1978,-122.397,2020,8352,12.468436909997665
3,1.75,1100,8662,1.0,0,0,5,7,1100,0,1964,-122.173,1100,9240,12.950388112664518
5,3.5,2980,5100,2.0,0,0,3,10,2370,610,2015,-122.299,1780,5100,14.066269276311457
4,2.25,2510,133729,2.0,0,0,4,8,2510,0,1977,-122.02,2510,69696,13.57788768538523
2,2.0,1540,7110,1.0,0,0,3,7,960,580,1949,-122.395,1860,7065,13.112313041550827
3,1.0,1100,17334,1.0,0,0,3,7,1100,0,1978,-122.27,1530,18694,11.842229212112828
4,2.75,2040,8996,1.0,0,0,4,8,1260,780,1974,-122.185,2470,9180,13.048985907599553
4,1.5,1540,7168,1.0,0,0,3,7,1160,380,1964,-122.198,1540,7176,12.751299696013497
6,3.0,2650,12870,1.0,0,0,4,7,2650,0,1977,-121.989,1450,8668,12.691580461311874
3,2.0,1870,5300,1.0,0,0,3,8,1870,0,2009,-122.02,1870,5050,13.270783382522602
2,1.5,790,1123,2.0,0,0,3,8,700,90,2003,-122.368,1370,1281,12.80765263256463
3,1.75,1250,9486,1.0,0,0,4,6,1250,0,1971,-122.446,1270,9600,12.594730635321957
4,2.5,2440,6733,2.0,0,0,3,9,2440,0,1999,-122.064,2570,6496,13.55284624848778
3,2.25,2380,11200,1.0,0,0,4,8,2380,0,1963,-122.193,2010,11200,13.733215315237445
2,2.25,1300,1314,3.0,0,0,3,8,1300,0,2008,-122.356,1300,1312,13.239257128875828
4,1.5,1920,10403,1.0,0,0,3,7,1370,550,1959,-122.366,1550,9619,12.254862809699606
3,1.0,1170,7395,1.0,0,0,4,7,1170,0,1969,-122.19,1430,7920,12.449018824140563
5,2.25,3030,9430,2.0,0,0,4,8,2600,430,1961,-122.353,2230,8425,13.180443588480854
4,1.75,2970,14880,1.0,0,4,5,9,1560,1410,1962,-122.086,3310,13388,13.610943392223
4,2.0,2030,9600,1.5,0,0,3,6,1430,600,1947,-122.272,1820,14600,12.444219088522305
4,3.0,2590,7213,2.0,0,0,3,8,2590,0,2001,-122.289,2550,6800,12.779873068457553
4,2.5,2650,18903,2.0,0,0,3,11,2650,0,1994,-121.989,3270,18843,13.521139497361697
2,1.0,1090,4128,1.0,0,0,3,7,1090,0,1948,-122.314,1090,5413,12.994530005894443
5,2.0,2500,7860,1.0,0,0,3,7,1040,1460,1963,-122.226,2060,9684,13.028052697933088
4,2.5,2630,8580,1.0,0,0,4,9,1700,930,1977,-122.166,2430,10240,13.473020249017498
3,1.0,1200,5650,1.5,0,0,3,7,1200,0,1928,-122.249,1610,5650,12.70381302974751
3,2.75,1740,8436,1.0,0,0,3,7,1140,600,1967,-122.305,1550,8436,12.388390035648781
2,2.5,2910,19449,2.0,1,4,5,9,1940,970,1985,-122.393,2540,23598,14.074021253115776
2,1.0,1410,7000,1.0,0,0,3,7,1410,0,1968,-122.223,1540,6000,12.721885810807203
2,2.25,1290,2436,2.0,0,0,3,7,1290,0,1984,-122.156,1360,3088,12.66032791780777
2,1.0,750,6480,1.0,0,0,3,6,750,0,1943,-122.35,1050,6390,12.380025952653611
3,2.5,1990,12793,2.0,0,0,3,8,1990,0,1993,-122.226,2290,9035,13.017002861746503
3,2.25,1870,4894,2.0,0,0,4,8,1750,120,1992,-122.19,1920,5988,13.329377546788654
3,1.5,800,8850,1.0,0,0,4,6,800,0,1959,-122.348,820,8775,12.160028707028767
3,1.75,2050,11856,1.0,0,0,3,7,1460,590,1962,-122.162,2670,11856,13.392810273834405
3,1.75,1800,5700,1.0,0,0,4,8,1000,800,1941,-122.367,1680,5350,13.527761816623505
4,2.5,2700,6769,2.0,0,0,3,9,2700,0,1999,-122.155,2880,7968,13.060487973686241
3,3.0,1833,1706,3.0,0,0,3,9,1833,0,1998,-122.325,1466,1455,13.485616636703183
5,4.0,3310,8400,2.0,0,0,3,10,3310,0,2000,-122.214,3430,8400,14.316285845876763
2,1.0,840,7425,1.0,0,0,4,6,840,0,1952,-122.339,1300,11674,12.294312434379583
3,1.0,1160,9375,1.0,0,0,3,7,1160,0,1967,-122.073,1160,9650,12.84792653170257
3,2.0,2590,14052,1.0,0,0,5,8,1720,870,1948,-122.333,1570,8162,13.096019402064726
2,1.0,1240,42247,1.0,0,1,4,7,1240,0,1915,-122.201,1550,12459,13.623138665316818
6,3.0,2470,9267,2.0,0,0,3,8,2470,0,1982,-122.152,2470,9151,13.319573546692034
2,1.75,1280,8500,1.0,0,0,3,7,1280,0,1953,-122.19,1950,10356,13.296316684527767
5,2.25,2530,8250,2.0,0,0,4,7,2530,0,1961,-122.134,2020,8250,13.175904144332359
3,1.5,1240,5506,1.0,0,0,4,7,1240,0,1971,-122.285,1670,5589,12.323855681186558
4,2.5,2500,5831,2.0,0,0,3,8,2500,0,2007,-122.039,2500,5188,12.765688433465597
3,1.75,2040,7281,1.0,0,0,3,7,1020,1020,1962,-122.282,1740,7527,12.441144767709657
2,1.0,1070,6100,1.0,0,0,3,6,1070,0,1940,-122.377,1770,5695,12.915708143594921
4,1.5,1730,8505,1.5,0,0,4,7,1730,0,1961,-122.347,1510,8505,12.506177237980511
4,1.75,3140,12519,1.0,0,0,3,7,2320,820,1951,-122.173,2240,7308,13.279367126213993
3,2.0,1690,9583,1.0,0,0,4,7,1690,0,1969,-122.164,1690,9583,12.506177237980511
2,1.75,1200,2622,1.0,0,0,5,7,800,400,1956,-122.292,1310,1926,12.631340380934517
3,1.0,1020,8625,1.0,0,0,3,7,1020,0,1978,-121.77,1290,9440,12.409013489526863
4,2.5,2440,4850,2.0,0,0,3,8,2440,0,2013,-122.114,2970,5450,13.52199953011205
3,2.75,2100,20150,1.0,0,0,4,7,2100,0,1955,-122.248,2100,15500,13.180632285528304
4,1.75,1550,50094,1.0,0,3,4,6,1550,0,1967,-122.059,1720,50094,12.706847933442663
6,2.75,2980,5000,1.5,0,0,3,7,2480,500,1916,-122.331,1470,5000,13.560618308335483
3,1.75,1300,7735,1.0,0,0,4,7,1300,0,1980,-122.0,1300,8941,12.321630986164447
5,3.25,3540,5971,1.0,0,2,3,10,2000,1540,2005,-122.202,2820,6029,14.11413257045439
5,2.25,1780,7245,1.0,0,0,4,8,1330,450,1976,-122.12,1780,7653,13.064734264567692
2,1.0,2060,8398,1.0,0,0,3,7,1260,800,1962,-122.324,1690,13495,12.506177237980511
4,2.75,2200,9676,1.0,0,0,3,8,1500,700,1979,-122.259,2120,9585,13.038981768465277
4,2.5,2210,5929,2.0,0,0,3,8,2210,0,2004,-122.139,2200,5901,12.706847933442663
3,2.5,1300,10484,2.0,0,0,3,8,1300,0,1983,-122.268,1380,7868,12.834654637930319
3,1.0,1620,4774,1.5,0,0,3,7,1620,0,1920,-122.339,1880,4560,13.643535293224463
2,1.0,1290,3140,2.0,0,0,3,7,1290,0,2008,-122.026,1290,2628,12.628067055589549
4,2.5,1940,6206,2.0,0,0,3,7,1940,0,1990,-122.359,2060,7092,12.537173338349476
3,2.5,1690,2752,2.0,0,0,3,8,1690,0,1979,-122.108,1690,2855,12.973863369085885
3,2.25,1870,9000,1.0,0,0,3,7,1440,430,1978,-122.198,1870,8640,12.959844447906553
4,2.75,1970,7213,1.0,0,0,3,8,1170,800,1977,-122.126,1980,7045,12.685407602204794
5,2.5,2670,184140,1.0,0,0,3,8,1410,1260,1980,-122.097,1860,35719,12.92391243868049
3,1.0,1070,6164,1.0,0,0,3,7,1070,0,1967,-122.291,1320,7920,12.072541252905651
4,2.5,2470,6116,1.0,0,0,3,7,1420,1050,1985,-122.047,1670,7627,12.771386454580234
3,2.5,1670,5146,2.0,0,0,3,8,1670,0,1991,-121.999,1940,5146,13.199324418540456
4,3.5,4060,9486,2.0,0,0,3,10,4060,0,2005,-122.2,2410,9486,14.28551418721001
4,3.0,3320,13500,1.0,0,0,3,7,1750,1570,1963,-122.065,1830,13800,12.618182296357007
3,2.0,1760,4046,1.0,0,0,3,7,960,800,1931,-122.381,1500,4046,13.224919965729422
5,4.0,5840,11652,2.0,0,1,3,11,4410,1430,1988,-122.202,3120,13639,14.603967918328545
3,1.0,1150,5120,1.0,0,0,4,6,800,350,1946,-122.392,1220,5120,12.948009990259552
4,4.5,3850,13551,2.0,0,2,3,10,3000,850,1998,-122.103,3480,10737,13.81049801614073
3,3.0,1330,1379,2.0,0,0,4,8,1120,210,2005,-122.313,1810,1770,13.221484468272136
5,3.25,4770,50094,1.0,0,0,4,11,3070,1700,1973,-122.16,3530,38917,13.854731271117556
3,2.5,2260,251460,1.5,0,0,3,10,2260,0,1995,-122.449,1610,244372,13.564096124683035
4,2.75,2490,17833,2.0,0,2,3,9,1490,1000,1979,-122.284,2640,16943,13.514405465180353
4,2.25,1580,7307,1.0,0,0,3,8,1160,420,1973,-122.086,2020,7458,13.17115354157376
3,2.25,1800,9800,1.0,0,0,4,7,1300,500,1959,-122.244,1680,9545,12.948009990259552
3,2.0,1450,7300,1.5,0,0,5,7,1450,0,1955,-122.342,1660,9069,12.834681304952548
3,2.25,1370,1007,3.0,0,0,3,8,1330,40,2009,-122.361,1570,1635,13.169246963303179
3,2.5,2680,4990,1.0,0,0,5,8,1440,1240,1951,-122.393,2320,6000,13.629421914601075
4,2.75,2990,4521,2.0,0,0,3,7,2990,0,2014,-122.226,2580,7539,13.244492510637393
3,3.5,1540,1427,2.0,0,0,3,7,1360,180,2007,-122.322,1220,4000,12.286038427168055
3,2.0,1450,9044,2.0,0,0,3,7,1450,0,1990,-121.987,1450,9044,12.312682380588432
3,2.5,2470,4948,2.0,0,0,3,8,2470,0,2003,-122.039,2500,4993,12.730801174465157
5,2.5,2340,7200,1.0,0,0,3,7,1300,1040,1975,-122.211,1930,7221,13.071070083016778
4,1.75,1910,6731,1.0,0,0,4,7,1210,700,1953,-122.391,1780,6350,13.208541073645382
4,2.25,2020,5800,1.0,0,3,4,9,1760,260,1941,-122.412,3100,5800,14.018451401960965
3,2.5,2010,14298,2.0,0,0,3,7,2010,0,1977,-122.472,2010,14298,12.765688433465597
3,2.75,3890,7216,2.0,0,1,3,8,3260,630,1967,-122.266,2490,9920,13.892471599100402
4,2.5,2150,4000,2.0,0,0,3,7,2150,0,2010,-122.018,1610,4000,12.736553826954605
3,2.5,2350,9648,1.0,0,0,4,9,2350,0,1966,-122.108,2320,10512,13.374526556505444
3,2.0,2220,6641,1.0,0,2,4,7,1220,1000,1947,-122.388,1800,5900,13.681979165339751
3,1.0,1680,7910,1.0,0,0,3,7,1680,0,1949,-122.385,1330,7910,13.304601597392535
2,1.0,790,5985,1.0,0,0,3,6,790,0,1944,-122.24,1030,5985,12.206072645530174
5,3.25,4300,50405,2.0,0,0,3,8,3220,1080,1972,-122.0,2680,41684,13.29379249303186
3,1.0,1480,32700,1.0,0,0,4,6,1380,100,1942,-122.327,1500,22600,12.577636201962656
3,1.5,2680,4775,2.0,0,2,5,8,1880,800,1913,-122.347,2280,5947,14.119312012295937
3,1.0,1020,7538,1.0,0,0,3,7,1020,0,1981,-122.288,1650,7201,12.392552212472792
2,2.5,1160,2174,2.0,0,0,3,7,1160,0,1998,-122.366,1380,1919,12.031719258385396
2,1.5,1930,3521,2.0,0,0,3,8,1930,0,1989,-122.146,1840,3576,13.14020329553266
5,2.25,2100,10726,1.0,0,0,4,7,1050,1050,1963,-122.134,2100,10726,12.744026936684417
4,3.25,4160,10335,2.0,0,0,3,10,4160,0,2014,-122.192,1840,10333,14.430696197054507
3,3.5,1560,1490,2.0,0,0,3,8,1240,320,1995,-122.319,1560,1662,13.345506928718539
3,3.0,1800,5000,1.5,0,2,3,8,1500,300,1929,-122.371,1670,5000,13.315295113310299
4,2.25,2020,85813,2.0,0,0,3,7,2020,0,1995,-122.026,2120,85813,13.102160670086809
2,1.5,1190,1265,3.0,0,0,3,7,1190,0,2005,-122.357,1390,1756,12.542544882151386
1,1.0,630,5150,1.0,0,0,4,5,630,0,1954,-122.369,1390,5150,12.889169490236618
3,2.0,1670,7700,1.0,0,0,3,7,1170,500,1972,-122.2,1500,7875,12.957488734214095
4,1.75,4060,5500,2.0,0,0,5,9,2660,1400,1924,-122.321,3320,5500,14.077874822431765
3,2.25,1790,7700,1.0,0,0,4,7,1340,450,1976,-122.168,1610,7350,12.988831984779805
3,1.0,1060,10050,1.0,0,0,4,7,1060,0,1967,-122.231,1570,9938,12.721885810807203
2,2.25,1290,1137,3.0,0,0,3,8,1290,0,2007,-122.382,1290,1332,13.083622549087899
2,2.5,1860,6359,2.0,0,0,3,7,1860,0,2003,-122.029,1860,6359,12.660169175050076
3,1.75,2090,12026,1.0,0,0,4,7,2090,0,1948,-122.217,1700,9496,12.423198124518821
2,2.5,1340,1263,3.0,0,0,3,8,1340,0,2008,-122.388,1510,1260,12.959844447906553
3,2.5,1370,1350,2.0,0,0,3,7,1010,360,2007,-122.382,1450,6000,12.815838217151068
4,2.5,2990,16809,2.0,0,0,3,11,2990,0,1990,-122.073,3340,18752,13.592367006650065
3,2.5,1780,11000,1.0,0,0,4,8,1210,570,1980,-122.149,2310,9700,13.36138027787483
2,2.5,1310,1500,2.0,0,0,3,8,1160,150,2006,-122.309,1320,1581,13.122363377404328
2,1.5,1540,6549,2.0,0,0,3,7,1540,0,1980,-122.353,1470,6552,13.120361374733656
3,2.5,2280,4757,2.0,0,0,3,8,2280,0,2003,-122.018,2280,4534,13.345506928718539
3,1.75,2050,16313,1.0,0,0,2,8,2050,0,1973,-122.212,3180,10264,13.34230179776959
3,2.5,2350,9051,1.0,0,0,4,8,1570,780,1966,-122.364,2270,8748,12.367340793126296
4,1.0,1570,4000,1.5,0,0,3,7,1570,0,1920,-122.321,1610,4000,13.17115354157376
4,2.5,3340,8384,2.0,0,0,3,9,3340,0,2014,-122.152,1560,9429,13.604789526648622
3,2.25,1760,11946,2.0,0,0,3,8,1760,0,1978,-122.05,2080,12068,13.122363377404328
4,2.5,4280,12796,2.0,0,0,3,11,3400,880,1999,-122.124,3520,9593,13.997832114758229
3,2.0,1680,19978,1.0,0,0,3,6,880,800,1948,-122.308,2150,11588,12.460714863903755
2,1.0,1020,13647,1.0,0,0,5,6,1020,0,1915,-121.927,980,8250,11.982929094215963
2,1.0,1770,16660,1.0,0,3,3,8,1220,550,1957,-122.354,2790,20504,12.751299696013497
3,2.0,2560,14680,1.0,0,0,3,8,1330,1230,1987,-122.118,2390,13848,13.303016877097587
4,3.0,2450,4668,2.0,0,0,3,8,2450,0,2004,-122.235,2460,4895,13.122363377404328
3,2.5,2110,3600,2.0,0,0,3,9,2110,0,2005,-122.082,2540,4384,13.366093562326927
4,2.5,2810,10613,2.0,0,0,3,9,2810,0,1989,-122.141,2800,9933,13.604789526648622
3,2.5,2390,1984,2.0,0,0,3,8,2220,170,2008,-122.027,2150,1984,13.353157587649061
4,1.5,3050,82764,1.0,0,0,3,8,1650,1400,1966,-122.189,2930,10074,13.226723392728571
3,2.75,1650,7272,1.0,0,0,4,7,1230,420,1972,-122.174,1770,7272,12.970377020406447
3,1.5,1870,7853,1.0,0,0,3,7,1300,570,1962,-122.281,1870,8300,13.091904169919621
4,2.5,3200,12369,2.0,0,0,3,10,3200,0,1998,-122.143,3770,12960,13.494100711839987
3,1.75,1210,9635,1.0,0,0,4,7,1210,0,1987,-121.98,1550,10707,12.736700896592344
4,2.0,1460,7254,1.0,0,0,3,6,1460,0,1959,-122.254,1460,7236,11.918390573078392
4,2.75,3160,8097,2.0,0,0,3,9,3160,0,2014,-122.166,2200,8097,13.664687668229691
4,2.5,2700,37431,1.0,0,0,4,8,1600,1100,1978,-122.117,2290,37431,13.42984807715229
4,3.25,3444,5166,2.0,0,0,3,8,2714,730,2014,-122.348,2848,5182,12.97208917432299
3,1.5,1210,7247,1.0,0,0,4,7,1210,0,1967,-122.321,1370,7869,12.245293358683455
4,2.25,2020,8400,1.0,0,0,4,8,1350,670,1961,-122.171,2060,8400,13.115540152056203
2,2.25,1290,1334,3.0,0,0,3,8,1290,0,2007,-122.382,1350,1334,13.122363377404328
2,2.25,860,696,2.0,0,0,3,9,860,0,2009,-122.29,1100,3000,12.751299696013497
6,2.0,2210,9870,2.0,0,0,4,7,2210,0,1969,-122.145,1390,9912,12.793859310432293
3,1.75,1420,6984,1.0,0,0,4,7,980,440,1980,-122.18,1430,7875,12.388394202324129
4,3.0,1810,5012,2.0,0,0,4,7,1810,0,1997,-122.292,1670,5161,12.89921982609012
3,2.75,2230,14400,1.0,0,0,4,8,1460,770,1977,-122.048,2200,13280,13.217673557208654
4,4.0,3280,8448,2.0,0,0,3,10,3280,0,2007,-121.973,3730,8030,13.574075736677813
5,2.0,2020,67953,1.5,0,0,4,7,1620,400,1936,-122.263,1270,13198,12.568978139219542
3,1.5,1590,8256,1.0,0,1,3,7,1090,500,1969,-122.304,1950,7840,12.559718004908541
4,2.5,2430,14400,1.0,0,0,5,8,1670,760,1963,-122.138,2140,9048,13.37700559577791
3,1.0,1690,13825,1.0,0,0,3,7,1210,480,1955,-122.322,1190,9450,12.458774999085929
3,1.0,800,5760,1.0,0,0,3,6,700,100,1949,-122.317,1060,6628,12.487485104968359
3,2.5,1430,8470,1.0,0,0,3,7,1190,240,1992,-121.991,1670,8418,12.506177237980511
3,2.0,1380,2500,1.0,0,0,3,7,750,630,1986,-122.363,1630,3800,12.983101310070822
3,2.5,3070,22098,2.0,0,0,3,9,3070,0,1995,-122.147,3070,21803,13.178743710840436
3,1.0,1230,4600,1.5,0,0,3,7,1230,0,1929,-122.392,1230,4600,13.165422866864775
2,2.5,1380,951,3.0,0,0,3,9,1380,0,2006,-122.355,1430,3400,13.221303325259232
3,3.5,1690,1765,2.0,0,0,3,8,1370,320,2006,-122.34,1690,1694,13.340695371721317
3,2.25,1690,12662,1.0,0,0,5,7,1090,600,1982,-122.264,1950,9642,12.669806661762314
2,1.0,1730,9610,1.0,0,0,3,7,1380,350,1962,-122.285,1310,9812,12.206072645530174
4,2.75,2930,25697,1.0,0,0,4,9,2310,620,1964,-122.226,3810,20681,14.22097566607244
3,2.25,1500,7482,1.0,0,0,4,7,1210,290,1968,-122.187,1480,7308,12.577636201962656
2,1.75,1170,4635,1.0,0,0,4,6,690,480,1924,-122.359,1240,4120,13.081541382884074
3,2.25,2080,4252,1.5,0,0,3,7,1550,530,2003,-122.157,2080,2275,12.506177237980511
3,3.25,3050,12700,2.0,0,0,3,8,2240,810,1990,-122.214,3050,12386,13.279367126213993
3,2.25,1640,3896,2.0,0,0,3,8,1640,0,1994,-122.006,1780,3999,13.077366011473593
1,1.0,700,2500,1.0,0,0,4,7,700,0,1907,-122.364,1340,5000,12.594730635321957
4,2.25,2160,9593,1.0,0,0,3,8,2160,0,1969,-122.112,2820,9628,13.270783382522602
2,1.5,870,4800,1.0,0,0,3,7,870,0,1924,-122.37,2090,4800,13.296316684527767
4,2.5,3190,11375,1.0,0,0,5,8,2210,980,1946,-122.3,1100,8500,13.398478813484644
4,2.5,2120,7820,1.0,0,0,3,8,1280,840,1975,-122.145,2350,8605,13.102160670086809
4,3.0,1820,8261,1.0,0,0,3,7,1420,400,1969,-122.219,1920,7961,13.151922179645874
3,1.0,2000,22500,1.0,0,0,3,7,1680,320,1939,-122.308,2000,10000,13.17115354157376
2,1.0,670,6000,1.0,0,0,5,6,670,0,1949,-122.275,1240,5040,12.936033799212835
3,2.0,1570,14992,1.0,0,0,3,8,1570,0,2001,-121.922,1640,15000,12.736700896592344
2,1.0,1180,2160,1.0,0,1,3,7,940,240,1909,-122.368,2700,5400,13.304684934198283
3,1.75,1940,219527,1.0,0,0,3,7,1940,0,1991,-122.02,2060,108900,13.16158409055761
6,3.0,2510,5310,1.0,0,0,4,7,1460,1050,1944,-122.304,1390,5407,12.994530005894443
2,1.0,1020,6380,1.0,0,0,3,7,1020,0,1930,-122.317,1380,6380,12.577636201962656
3,1.75,1470,8350,1.0,0,0,3,7,1470,0,1990,-122.253,1590,8182,12.26434155365415
4,1.75,1820,13600,1.5,0,0,3,7,1120,700,1959,-122.295,1810,11970,12.500606192931057
4,1.75,2080,7200,1.0,0,0,4,7,1050,1030,1966,-122.282,1500,7350,12.196022309676673
3,2.5,2828,4050,2.0,0,0,3,8,2828,0,2013,-122.197,2513,4507,12.813117127036707
4,2.0,1340,8190,1.0,0,0,4,7,1340,0,1942,-122.343,1410,9721,12.567237494741757
4,2.0,1370,4000,2.0,0,0,3,9,1370,0,1951,-122.394,2010,5720,13.312990348561371
3,1.5,1490,7275,1.0,0,0,3,7,1090,400,1974,-122.213,1420,7330,12.936033799212835
2,1.0,1070,5000,1.0,0,0,3,7,1070,0,1924,-122.331,1710,5000,13.369223455335854
2,1.75,1600,4000,1.0,0,0,5,7,850,750,1918,-122.3,1860,4000,13.444446876573442
4,2.5,2110,6820,1.0,0,0,5,7,1530,580,1942,-122.306,1420,6431,13.38472764187182
3,1.0,1240,10800,1.0,0,0,5,7,1240,0,1959,-122.185,1810,10800,12.765688433465597
3,1.5,1380,7200,1.0,0,0,3,7,1080,300,1948,-122.348,1220,7200,12.962194625251508
5,2.25,2410,12000,2.0,0,0,4,8,2410,0,1973,-122.175,2080,12000,13.381645975334411
4,2.5,1840,9611,2.0,0,0,3,7,1840,0,1996,-122.251,1830,8505,12.793859310432293
2,1.0,740,5995,1.0,0,0,4,7,740,0,1949,-122.337,1140,5995,12.6270829649738
3,2.0,2310,6000,2.0,0,1,4,9,1560,750,1926,-122.395,2000,6000,13.610943392223
4,1.75,1830,9600,1.0,0,0,4,7,1010,820,1966,-122.125,1910,11100,12.978493006984626
3,1.0,1440,5000,2.0,0,0,3,7,1440,0,1910,-122.354,1850,4500,13.235692062711331
3,2.5,2050,8172,2.0,0,0,3,8,2050,0,2002,-122.28,2140,5664,12.886514453592564
5,2.0,2330,10750,1.0,0,0,4,7,1190,1140,1962,-122.245,1830,10180,12.871334622600584
3,1.0,1400,13975,1.0,0,0,4,6,1400,0,1956,-122.33,1260,7500,12.542544882151386
3,2.5,1920,3867,2.0,0,0,3,8,1920,0,2005,-121.994,2190,3841,13.255144488638146
5,2.5,3150,9134,1.0,0,0,4,8,1640,1510,1966,-122.189,1990,9133,12.751299696013497
2,1.0,730,6000,1.0,0,0,3,6,730,0,1950,-122.3,1750,7200,12.072255497795835
5,1.75,1830,16650,1.5,0,0,3,7,1610,220,1958,-122.315,1790,12743,12.72724456135031
4,2.5,3010,9323,2.0,0,0,3,10,3010,0,1992,-122.053,2840,8413,13.534471703726974
6,3.5,2410,6000,2.0,0,4,3,9,2220,190,1916,-122.382,1980,6000,13.55089375844349
3,2.25,1600,7620,1.0,0,0,3,7,1280,320,1987,-122.208,1600,8215,12.821258284620408
3,3.5,3780,8295,2.0,0,0,3,9,2430,1350,1951,-122.29,3780,9127,14.408837403242009
2,1.0,1090,6771,1.0,0,0,3,6,1090,0,1954,-122.352,1200,4992,12.736700896592344
4,1.75,2510,8989,1.0,0,0,4,8,1680,830,1964,-122.172,2510,8931,13.296316684527767
4,2.5,1912,5000,2.0,0,0,3,8,1912,0,2012,-122.275,2020,5000,12.774223335915433
3,1.0,1010,7680,1.0,0,0,4,7,1010,0,1967,-122.231,1320,7373,12.765688433465597
4,3.0,2190,12825,1.0,0,0,3,9,1520,670,1989,-122.229,3050,4673,13.345506928718539
2,1.0,1410,5101,1.5,0,0,3,8,1410,0,1927,-122.333,1410,4224,13.397719800165472
4,2.5,2150,3143,2.0,0,0,3,7,2150,0,2010,-122.154,2640,3200,12.983101310070822
3,2.25,2360,5504,2.0,0,0,4,8,2080,280,1913,-122.288,2840,5470,14.09692301740246
3,1.75,1110,9012,1.0,0,0,4,7,1110,0,1966,-122.131,1800,8679,13.021437458814368
4,2.5,2460,7800,1.0,0,0,3,8,1500,960,1977,-122.384,2210,7800,12.474189562487116
5,2.5,3004,5700,2.0,0,0,3,9,3004,0,2006,-122.185,2665,5700,12.894207284266574
4,1.75,2620,11041,1.5,0,0,4,9,2620,0,1962,-122.174,2230,11041,13.487006490992238
2,1.0,780,7200,1.0,0,0,2,6,780,0,1935,-122.279,1750,7200,12.66032791780777
3,1.0,1340,10260,1.0,0,0,3,7,1340,0,1968,-122.317,1250,8775,12.05524975579559
3,2.25,1280,959,3.0,0,0,3,8,1280,0,2005,-122.343,1130,1126,12.779873068457553
3,2.25,2220,9800,2.0,0,0,3,8,2220,0,1987,-122.286,2420,10232,13.060487973686241
2,1.0,710,4618,1.0,0,1,3,5,710,0,1925,-122.394,1810,4988,12.834681304952548
2,1.0,1380,9251,1.0,0,0,3,7,1380,0,1940,-122.249,1870,12158,12.675763725937609
3,2.5,1870,3584,2.0,0,0,3,8,1870,0,2003,-122.121,1900,3920,12.751299696013497
3,2.5,2170,4905,2.0,0,0,3,8,2170,0,2004,-122.039,2300,4935,12.706544857216672
3,3.5,2514,1559,2.0,0,0,3,8,2024,490,2007,-122.209,2090,10454,13.262125319779487
4,2.75,2200,5207,1.0,0,0,5,7,1120,1080,1951,-122.343,1210,6008,12.821258284620408
3,2.5,1870,1436,2.0,0,0,3,7,1870,0,2004,-122.166,1720,1852,12.577463773304586
3,2.5,2280,2296,3.0,0,0,3,9,1890,390,2013,-122.299,1390,4000,13.764217263576723
2,2.5,1390,1132,2.0,0,0,3,8,1130,260,2006,-122.319,1400,1237,13.36138027787483
3,1.0,1060,7473,1.0,0,0,3,7,1060,0,1959,-122.309,1320,7912,11.84939770159144
3,2.25,1430,1383,3.0,0,0,3,8,1430,0,2005,-122.341,1430,1347,12.892950213076524
3,2.0,1640,9234,1.0,0,0,5,7,1060,580,1967,-122.274,2230,10354,12.672946381766982
3,2.5,1880,3054,2.0,0,0,3,8,1880,0,1988,-122.147,1840,3815,13.202836761554206
3,1.0,1180,6050,1.0,0,0,3,6,820,360,1944,-122.249,1070,6050,12.175613438045465
3,2.0,2920,13650,1.0,0,2,5,8,1460,1460,1975,-122.188,2920,10988,13.58609739363647
3,2.5,2170,9900,1.0,0,0,3,7,1690,480,1980,-122.031,1420,10614,12.39689959536784
4,1.75,2120,7725,1.0,0,0,3,8,1220,900,1965,-122.144,2160,7725,13.17115354157376
4,2.75,3050,4750,2.0,0,0,3,8,3050,0,2014,-122.153,2730,5480,13.242720874068063
4,3.0,2570,4000,2.0,0,0,3,8,1750,820,1909,-122.313,1970,4000,13.981024996441848
3,2.25,3330,20053,2.0,0,0,3,9,3330,0,1968,-122.214,2870,20053,14.416597272675006
3,1.75,1770,8240,1.0,0,0,4,7,1240,530,1978,-122.378,2060,8250,12.542544882151386
4,3.5,4080,10666,2.0,0,0,3,9,4080,0,2005,-122.023,3920,8154,13.732128949025222
5,3.5,3510,4798,2.0,0,0,3,10,2700,810,2008,-122.282,1460,1684,14.038654109278484
2,1.5,1320,1194,3.0,0,0,3,7,1320,0,2001,-122.39,1320,1250,12.971540487669746
3,2.5,1250,1103,3.0,0,2,3,8,1250,0,2005,-122.352,1250,1188,13.081541382884074
4,2.5,2750,15099,2.0,0,0,3,8,2750,0,1994,-121.972,2500,14564,13.190022025878143
3,2.5,2160,7525,2.0,0,0,3,9,2160,0,1986,-122.145,2470,7941,13.53579665516167
4,2.5,2600,7787,2.0,0,0,3,8,2600,0,2005,-122.139,2830,7787,13.081541382884074
3,1.75,2040,4005,1.5,0,0,4,8,1740,300,1930,-122.38,1380,4005,13.337474757021274
3,1.75,1590,9636,1.5,0,0,4,6,1590,0,1953,-122.321,1800,9975,12.75419405403986
4,2.5,2810,10986,2.0,0,0,3,10,2810,0,1997,-121.981,3540,10986,13.517104522149518
4,1.0,1550,7260,1.0,0,0,4,6,1550,0,1959,-122.121,1210,7260,12.768541502448002
3,2.5,2370,4324,2.0,0,0,3,8,2370,0,2006,-121.999,2370,4348,12.909170156943286
3,2.5,1560,9361,1.5,0,0,4,7,1360,200,1936,-122.295,1670,6244,13.209458084255262
3,2.75,2670,4800,2.0,0,0,3,8,2670,0,2014,-122.042,2340,5000,12.9190224533863
2,1.0,900,7620,1.0,0,0,3,7,900,0,1971,-122.343,1520,7620,12.676076274775909
4,4.25,4850,12445,2.0,1,4,5,10,3850,1000,1989,-122.244,3350,12210,14.914122846632385
3,2.0,1310,2550,1.0,0,0,3,7,780,530,1986,-122.35,1460,5100,12.966878474563934
3,2.5,2220,6049,2.0,0,0,4,8,2220,0,1990,-122.182,1980,7226,12.691580461311874
3,2.5,1090,7700,1.0,0,0,4,7,1090,0,1957,-122.12,1740,7700,12.886514453592564
4,2.25,2390,8858,1.0,0,0,4,8,1740,650,1979,-122.184,2240,8858,13.314635265051452
5,2.75,2720,4680,1.5,0,0,4,8,1710,1010,1913,-122.363,1670,4800,13.531156275605168
3,2.5,2470,9226,2.0,0,0,3,9,2470,0,1991,-122.17,2820,11013,13.316284070041636
5,4.5,6200,23373,3.0,0,1,4,11,5050,1150,1988,-122.215,3700,14486,14.487944696926677
3,2.25,2370,217800,2.0,0,0,3,7,2370,0,1979,-121.984,3100,86248,13.282780098810234
4,4.25,4883,26040,2.0,0,3,3,10,3859,1024,2006,-122.216,3736,9870,13.193753373491
4,3.5,2970,14486,2.0,0,0,3,9,2340,630,1997,-122.215,3680,14486,13.715690222682063
3,2.25,1530,4580,2.0,0,0,3,7,1530,0,2011,-121.968,2110,4094,12.721885810807203
2,1.5,1240,1892,2.0,0,0,3,7,1240,0,2002,-122.295,1220,1740,12.773940009663361
2,1.0,840,5000,1.0,0,0,4,7,840,0,1908,-122.371,1240,5000,13.033532163697712
3,1.0,1500,4500,1.0,0,0,3,7,1120,380,1938,-122.385,1440,4500,13.267329147654515
2,1.0,1250,5413,1.0,0,0,4,7,1250,0,1923,-122.315,1250,5413,13.144124869185841
4,2.5,2180,11132,1.0,0,0,4,8,1620,560,1978,-122.367,1950,13801,12.524526376648708
3,2.0,1400,8640,1.0,0,0,5,7,1400,0,1968,-122.319,1270,9375,12.442724546869176
4,2.5,2820,5056,2.0,0,0,3,9,2820,0,2006,-122.038,2820,5150,12.968979070504972
3,2.5,1520,3425,2.0,0,0,3,7,1520,0,1986,-122.161,1640,3425,12.904207367601158
4,1.75,2860,48351,1.0,0,0,3,8,1710,1150,1978,-122.085,2460,43560,13.180632285528304
3,3.25,1340,1151,3.0,0,0,3,7,1340,0,2008,-122.346,1290,1200,12.762827201184564
4,2.25,2050,7700,2.0,0,0,3,7,2050,0,1977,-122.375,1780,7700,12.409013489526863
4,2.5,2240,9934,1.0,0,0,4,8,1490,750,1968,-122.166,2640,11622,13.38472764187182
3,2.25,1190,1022,3.0,0,0,3,8,1190,0,1998,-122.349,1210,1171,12.765688433465597
4,2.75,2450,14803,2.0,0,0,4,9,2450,0,1988,-122.162,2330,14803,13.336538835312188
3,2.5,1610,3755,2.0,0,0,3,7,1610,0,1987,-122.097,1300,3823,12.886641043883259
2,1.0,950,4800,1.0,0,0,3,6,950,0,1941,-122.301,1420,5400,13.005829561148378
4,2.5,2940,35996,2.0,0,0,3,9,2940,0,1995,-122.067,2890,35089,13.180632285528304
3,2.0,2320,7800,1.0,0,0,4,7,1160,1160,1960,-122.316,1380,7800,12.676076274775909
5,1.5,2550,6300,1.0,0,0,4,7,1560,990,1959,-122.172,1380,6300,12.818551923022664
3,2.5,2370,9102,2.0,0,0,3,9,2370,0,1990,-122.394,2530,9883,12.706847933442663
3,1.5,2600,5085,1.0,0,0,4,7,1400,1200,1940,-122.376,1320,4000,13.199324418540456
4,2.5,2330,7936,2.0,0,0,3,9,2330,0,1987,-122.03,2460,8137,13.244581010128577
4,1.75,1730,8320,1.0,0,0,3,7,1230,500,1977,-122.361,1840,9800,12.460714863903755
4,2.5,2570,5520,2.0,0,0,3,9,2570,0,2000,-122.027,2470,5669,13.345506928718539
3,3.5,3680,11491,2.0,0,2,3,11,3680,0,1999,-122.128,3710,10030,14.018451401960965
5,2.5,2700,21208,1.0,0,0,4,8,1950,750,1955,-122.154,2550,20409,13.345506928718539
3,2.75,3860,12786,2.0,0,0,4,10,3860,0,1984,-122.141,2820,14636,13.713477832399123
2,1.75,1910,3376,2.0,0,0,3,8,1910,0,1980,-122.057,1470,3623,12.345834587905333
3,2.5,3240,108366,2.0,0,0,4,10,3240,0,1991,-122.094,2090,108366,13.386264921190707
4,2.5,1920,7345,2.0,0,0,3,8,1920,0,1992,-122.055,1860,7364,12.62313688948169
5,2.25,2130,4360,1.0,0,2,3,8,1240,890,1959,-122.395,1830,5000,13.244581010128577
3,2.25,1910,8390,1.0,0,0,3,7,1910,0,1979,-122.216,2410,8390,13.182517300224076
4,1.75,1820,7700,1.0,0,0,4,7,1100,720,1955,-122.357,1700,8500,12.751009798924933
4,2.25,2000,3800,2.0,0,0,3,8,2000,0,2001,-122.311,1610,3800,13.610943392223
5,2.25,2340,9225,2.0,0,0,3,8,2340,0,1973,-122.098,2140,9348,13.256894270361935
4,2.5,2280,2432,2.0,0,0,5,8,1520,760,1921,-122.355,1690,2099,13.29967239237474
3,2.5,2770,8820,1.0,0,0,3,7,1900,870,1980,-122.048,1850,10920,12.873902018105829
3,1.5,2270,8187,1.0,0,0,4,8,1420,850,1954,-122.278,2020,14092,12.92391243868049
3,1.0,1240,4080,1.0,0,0,3,7,1240,0,1925,-122.333,2060,4080,13.345506928718539
2,2.0,1240,2500,2.0,0,0,3,7,1240,0,1985,-122.395,1660,5000,13.005829561148378
3,2.25,1880,7279,1.0,0,0,3,7,1280,600,1962,-122.322,2020,8274,13.051940913107783
4,2.5,2050,8909,1.0,0,2,4,8,1690,360,1986,-122.31,2190,8912,12.908922601551504
2,1.0,960,5508,1.0,0,0,3,6,770,190,1951,-122.277,1280,5304,12.072541252905651
5,2.0,2590,8610,1.0,0,0,4,7,1340,1250,1958,-122.126,1750,8610,13.081541382884074
2,1.0,830,5100,1.0,0,0,3,6,830,0,1941,-122.346,1050,5100,12.691580461311874
4,1.5,1530,9000,1.0,0,0,4,6,1530,0,1976,-121.908,1520,8500,12.610870864650634
3,2.0,1490,9285,1.0,0,0,3,8,1490,0,1995,-122.169,2040,6681,12.577632753680849
2,1.0,760,6380,1.0,0,0,3,6,760,0,1941,-122.31,1590,6380,12.798293907500158
3,2.0,1780,8621,1.0,0,0,3,8,1780,0,1992,-122.149,2470,8542,12.915339207970002
3,1.75,1390,7904,1.0,0,0,3,7,1390,0,1985,-122.181,1910,7904,12.91410843858387
4,1.75,1660,6200,1.0,0,0,4,6,830,830,1948,-122.316,1780,5968,12.676076274775909
3,2.25,1830,39165,1.0,0,0,5,8,1830,0,1963,-121.992,2020,36184,13.060487973686241
3,2.0,1460,11481,1.0,0,0,2,7,1170,290,1995,-121.777,1540,9680,12.14950229404178
4,2.5,1594,7665,1.0,0,0,5,7,1088,506,1975,-122.211,1536,6000,12.502466658583977
4,2.25,2290,10409,2.0,0,0,3,8,2290,0,1972,-122.168,2040,10409,13.521139497361697
3,2.5,1610,2527,2.0,0,2,3,9,1080,530,2005,-122.29,1610,4173,13.038981768465277
3,2.5,1690,4476,2.0,0,0,3,7,1690,0,2008,-122.114,2250,4488,12.619836556453032
3,1.75,2519,8690,2.0,0,0,5,8,2519,0,1973,-122.344,2500,9500,13.132313708257497
2,1.5,1270,1282,2.0,0,0,3,8,1000,270,2006,-122.363,1270,1325,12.655554639055113
4,2.75,2475,4000,2.0,0,0,3,7,2475,0,2014,-122.209,2475,4000,12.706544857216672
2,1.0,810,4800,1.0,0,0,3,7,810,0,1948,-122.375,1240,7740,12.443119102013375
3,2.5,2680,28243,2.0,0,0,3,9,2680,0,1993,-122.05,2670,32130,13.399995114002609
3,1.5,2140,3600,2.0,0,0,3,9,1900,240,1925,-122.365,2020,4800,13.753635154246187
5,2.5,3440,12350,1.0,0,2,4,9,1760,1680,1976,-122.325,3440,12763,13.215853720491667
5,2.5,2130,8428,2.0,0,0,3,7,2130,0,2013,-122.282,1500,11810,12.84792653170257
3,1.0,1480,7469,1.5,0,0,3,6,1120,360,1940,-122.301,1460,7379,12.468436909997665
4,3.5,2650,3127,2.0,0,0,3,8,2230,420,2011,-122.046,2330,3137,13.422393893036974
4,2.5,2300,219106,1.0,0,0,4,7,1840,460,1958,-121.963,2120,123710,12.772805901234461
5,3.0,3223,6371,2.0,0,0,3,9,3223,0,2014,-122.163,1979,19030,13.060381585048447
3,1.0,1390,16000,1.0,0,0,4,6,1390,0,1960,-122.251,1420,10000,12.345834587905333
3,2.5,1720,6200,2.0,0,0,3,7,1720,0,2014,-121.989,1710,9520,12.449018824140563
3,1.75,1720,37363,1.0,0,0,4,8,1350,370,1974,-122.035,2740,40635,13.163505320735505
4,2.5,2200,5730,2.0,0,0,3,8,2200,0,2003,-122.153,2200,5772,12.6112043647371
3,1.0,840,8470,1.0,0,0,4,6,840,0,1961,-122.338,840,8450,12.043259555124262
4,2.25,2380,7700,2.0,0,0,4,8,2380,0,1977,-122.194,2100,7700,12.809431870699097
3,1.0,1630,3200,1.5,0,0,4,8,1630,0,1912,-122.352,1710,3600,13.737549016494562
4,2.5,2090,4400,2.0,0,0,3,8,2090,0,2011,-122.286,2090,3430,13.028052697933088
2,1.75,1270,7560,1.5,0,0,4,7,1270,0,1932,-122.357,1480,7560,12.9384405392434
4,2.25,2030,2222,2.0,0,0,3,9,1610,420,2015,-122.375,1420,2222,13.547631112808673
4,2.5,2789,3960,2.0,0,0,3,7,2789,0,2007,-122.28,2547,3960,12.513557345278134
3,2.5,1760,7601,2.0,0,0,3,8,1760,0,1992,-122.313,1920,6851,12.546109948315882
3,1.0,1590,11200,1.0,0,0,4,7,1590,0,1961,-122.188,1560,9750,12.417953004565673
4,2.75,2830,13059,2.0,0,0,3,10,2830,0,1998,-121.986,3840,11596,13.51979631381523
4,1.75,1690,8392,1.0,0,0,3,7,1190,500,1979,-122.256,1880,9861,12.911642346088676
3,2.0,1290,1213,3.0,0,0,3,8,1290,0,2001,-122.344,1290,3235,13.017002861746503
3,2.5,2040,7580,2.0,0,2,3,8,2040,0,1998,-122.209,1960,7820,12.675763725937609
3,1.75,1100,1307,2.0,0,0,3,7,780,320,2008,-122.363,1170,4800,12.560244459250788
4,1.5,1920,7973,1.0,0,0,3,8,1920,0,1955,-122.235,2020,8840,12.388394202324129
5,3.25,4180,49222,2.0,0,0,4,8,2880,1300,1979,-122.094,3170,8029,13.67509840424753
3,2.0,2050,9396,1.0,0,0,5,7,1170,880,1960,-122.328,1680,9391,12.899094818276968
3,1.0,1600,5000,1.5,0,0,3,7,1110,490,1947,-122.358,1380,5000,13.217673557208654
5,1.75,1320,38125,1.0,0,0,4,7,1120,200,1947,-122.323,2360,15070,12.84792653170257
3,1.75,1660,8303,1.0,0,0,3,7,1380,280,1974,-122.171,1740,8320,12.54236629477704
3,1.5,1150,8450,1.0,0,0,4,6,1150,0,1951,-122.224,1160,6800,12.491063600170463
3,2.0,3110,44967,2.0,0,0,3,9,3020,90,1999,-122.082,2150,44967,12.847663339175718
3,1.75,1670,9900,1.0,0,0,4,8,1670,0,1957,-122.172,2410,8800,13.337474757021274
3,1.75,1830,5120,1.5,0,2,5,8,1830,0,1903,-122.311,2120,5120,13.432784936825598
3,2.5,1760,1755,3.5,0,0,3,8,1760,0,1998,-122.279,1700,1721,13.206704525838079
4,2.75,2060,7350,1.0,0,0,3,7,1210,850,1978,-122.275,1940,7420,12.524526376648708
3,1.75,2930,19876,1.0,0,0,3,9,2030,900,1993,-122.17,2740,11499,13.304684934198283
2,1.5,1510,9843,1.0,0,0,4,7,1510,0,1961,-122.27,1590,9368,12.644166273130065
4,1.0,1190,7620,1.5,0,0,3,6,1190,0,1926,-122.348,1060,7320,12.65075846679162
4,2.5,4060,8547,2.0,0,0,3,9,2790,1270,2007,-122.056,2810,8313,13.112313041550827
4,1.5,1730,7464,2.0,0,0,4,7,1730,0,1959,-122.304,1370,7860,12.402461459535564
3,2.5,2720,11937,2.0,0,0,3,9,2720,0,1990,-122.212,2590,9683,12.82772382438505
3,2.0,1010,5973,1.0,0,0,5,6,1010,0,1942,-122.202,1920,6015,13.422467969854667
3,2.0,2100,31550,1.0,0,0,3,8,2100,0,2010,-121.917,1860,18452,12.896716695872
4,2.75,3520,19200,1.0,1,4,4,9,1950,1570,1951,-122.393,2450,7000,14.32353225439753
1,2.25,2140,10350,1.0,0,0,3,7,1470,670,1976,-122.17,1980,8400,13.034624463096321
4,2.0,2070,9822,1.0,0,0,5,7,2070,0,1955,-122.14,1300,9572,13.217673557208654
4,2.25,3530,5500,2.0,0,0,3,8,2860,670,1940,-122.273,2840,5500,14.319311566793301
4,2.5,2303,3680,2.0,0,0,3,8,2303,0,2013,-122.283,2303,3760,12.706832781812727
4,3.25,4200,210394,2.0,0,0,4,10,4200,0,1993,-121.961,2370,184694,14.316285845876763
3,1.0,1020,6903,1.0,0,0,3,7,1020,0,1951,-122.392,1440,6678,12.92391243868049
4,3.5,3400,3850,2.5,0,0,3,10,2790,610,2008,-122.302,2030,4000,13.996164057657532
3,1.75,1920,11340,1.0,0,0,4,7,1230,690,1977,-122.362,1980,9638,12.690040815126281
3,1.75,1930,14389,1.0,0,0,3,7,1130,800,1963,-122.317,1730,14378,12.86099861326992
2,1.0,1180,6552,1.0,0,0,4,6,1180,0,1949,-122.342,1070,7200,12.524526376648708
3,2.0,1450,9132,1.0,0,0,3,7,1450,0,1987,-122.226,1580,9104,12.877740794412995
3,2.25,2080,111513,1.5,0,0,3,8,1680,400,1977,-122.112,2440,107157,13.017002861746503
3,2.75,2870,6600,2.0,0,2,3,8,2870,0,1984,-122.113,2570,7925,13.534473028231162
4,2.25,3020,11489,1.5,1,3,5,10,2110,910,1916,-122.21,3890,11489,14.457364444136669
3,1.5,1480,7117,1.0,0,0,3,7,1170,310,1960,-122.248,2230,14775,12.560244459250788
3,2.0,1170,7258,1.0,0,0,3,7,1170,0,1984,-122.266,1410,7750,12.429216196844383
3,2.25,1940,217800,2.0,0,0,3,9,1940,0,1990,-121.932,2580,83558,13.178743710840436
2,1.0,800,5000,1.0,0,0,3,6,800,0,1938,-122.204,1220,5000,12.933621252807452
3,1.75,1880,13300,1.0,0,0,3,7,1380,500,1967,-122.204,3550,10883,13.493926933836812
7,2.25,3260,8145,2.0,0,0,5,8,3260,0,1967,-122.115,2340,8145,13.554145793829866
3,1.5,1360,9980,1.0,0,0,4,7,1360,0,1966,-122.206,1360,9750,12.40860524294026
4,2.5,2490,34947,2.0,0,0,3,9,2150,340,1985,-122.031,2490,39639,13.16158409055761
3,2.25,1540,1270,3.0,0,0,3,7,1540,0,2014,-122.341,1230,1454,13.016891744462095
3,1.75,1580,5750,1.0,0,2,4,8,1330,250,1947,-122.392,2480,5750,13.418757390458131
3,1.75,2490,7210,1.0,0,0,3,7,1290,1200,1972,-122.198,1610,7210,13.071070083016778
4,3.75,7620,29536,2.0,0,3,3,11,5980,1640,2005,-122.14,2840,20809,14.334304351379442
4,4.0,3860,67953,2.0,0,2,4,12,3860,0,1927,-122.378,4410,128066,14.377979414882104
4,2.5,2000,5006,2.0,0,0,3,7,2000,0,2005,-122.147,2410,4889,12.765545566117686
3,1.75,1560,5950,1.0,0,0,4,6,780,780,1944,-122.307,1320,7830,12.86099861326992
4,2.5,3340,8930,2.0,0,2,3,10,3340,0,1999,-121.867,3160,7865,13.487006490992238
4,1.75,1920,7500,1.0,0,0,4,7,1920,0,1962,-122.318,1490,8000,12.043553716032399
4,2.5,2090,11645,1.0,0,0,3,7,1200,890,1962,-122.299,1450,9481,12.647548191161372
4,2.75,4120,12500,1.0,0,4,4,8,2060,2060,1947,-122.385,3680,5000,14.038654109278484
3,1.75,1280,2147,1.5,0,0,4,7,1280,0,1910,-122.324,2010,2640,13.415032991367148
3,2.25,1790,9927,1.0,0,2,4,7,1240,550,1969,-122.077,2610,10700,13.38472764187182
3,3.25,1876,1531,3.0,0,0,3,9,1876,0,2009,-122.265,1876,1533,13.326935543133104
2,1.0,1140,10404,1.0,0,0,3,5,1140,0,1935,-122.286,2200,11550,12.524526376648708
3,1.75,1500,8173,1.0,0,0,3,7,1500,0,1997,-122.227,1970,8173,12.983101310070822
0,0.75,384,213444,1.0,0,0,3,4,384,0,2003,-122.491,1920,224341,12.487485104968359
3,2.25,1570,7200,2.0,0,0,3,8,1570,0,1991,-122.232,1620,7318,13.011320078611003
2,1.5,1160,982,2.0,0,0,3,7,890,270,2006,-122.315,1160,1008,12.559893520486
3,1.75,1340,6300,1.0,0,0,3,7,1340,0,1972,-122.218,1780,7200,12.777052192115912
4,1.5,2700,14760,1.5,0,0,5,9,2700,0,1940,-122.003,1670,7200,12.936033799212835
4,1.5,1430,8775,1.0,0,0,3,7,1030,400,1979,-122.383,1390,7800,12.2783933071098
3,2.75,3180,3680,2.0,0,0,4,9,2190,990,1918,-122.38,2000,3680,13.652991628466498
5,5.25,3410,8118,2.0,0,0,3,11,3410,0,2006,-122.236,3410,16236,14.626440774180603
5,3.5,3500,10794,2.0,0,0,3,10,3500,0,1996,-121.974,3110,10837,13.610943392223
4,2.25,2190,9113,2.0,0,0,3,7,2190,0,1986,-122.275,1570,8306,12.409013489526863
5,2.75,2280,10319,1.0,0,0,3,8,1300,980,1959,-122.363,2370,8056,12.948009990259552
2,1.0,1510,19874,1.0,0,0,3,7,1510,0,1951,-122.34,1540,10000,12.328290278254423
5,2.0,3160,3990,1.5,0,0,3,7,1870,1290,1923,-122.337,1780,4240,13.45166712454693
3,2.0,1800,43995,2.0,0,0,3,8,1800,0,1988,-122.022,2290,51400,13.197470849891134
3,1.0,1480,17360,1.0,0,1,3,8,1480,0,1954,-122.387,2250,8720,13.304684934198283
2,2.25,2910,6110,2.0,0,2,4,9,2910,0,1985,-122.387,2090,5763,13.337474757021274
4,1.75,1390,10660,1.0,0,0,4,7,1030,360,1960,-122.323,1800,11960,12.513557345278134
4,2.75,3080,6731,2.0,0,3,3,9,3080,0,2003,-122.118,3080,6731,13.217673557208654
4,2.25,2340,217014,1.0,0,0,4,8,2340,0,1982,-122.083,2340,107898,12.911518881677136
4,2.5,2490,6537,2.0,0,0,3,8,2490,0,2013,-121.884,2520,5848,13.297156667777491
3,2.25,1340,7202,2.0,0,0,4,7,1340,0,1989,-122.039,1470,7395,12.54236629477704
3,1.0,960,5512,1.0,0,0,4,6,960,0,1963,-122.165,1090,5837,12.323855681186558
4,3.5,5360,25800,1.0,0,0,3,9,3270,2090,1971,-122.054,2650,21781,13.458835614025542
2,1.0,2360,105850,1.0,0,2,2,6,1180,1180,1947,-121.97,2640,386812,12.821258284620408
3,2.25,1570,1680,3.0,0,0,3,8,1570,0,2014,-122.348,1290,1870,13.399995114002609
4,2.5,2590,9753,2.0,0,0,3,10,2590,0,1993,-122.027,2800,9917,13.42209753088025
4,2.0,1720,2410,1.0,0,0,3,7,970,750,1930,-122.361,1160,1404,12.834681304952548
3,1.75,1830,11788,1.0,0,1,3,8,1430,400,1958,-122.224,2140,11964,12.829333698625952
4,3.0,2210,4191,2.0,0,0,3,7,2210,0,2004,-122.225,890,4288,12.66032791780777
3,1.0,1260,10900,1.0,0,0,4,6,1260,0,1943,-122.188,1090,8137,12.154779351142624
5,1.0,1600,7350,1.0,0,0,5,7,1600,0,1962,-122.196,1600,7725,12.468436909997665
3,3.25,3410,25741,2.0,0,0,4,8,3410,0,1993,-121.868,1660,25865,13.487006490992238
3,1.5,2390,4000,1.5,0,0,3,9,1690,700,1936,-122.28,2350,4000,13.793264949016955
4,2.5,2311,4396,2.0,0,0,3,9,2311,0,2014,-122.163,2458,4616,12.897818845174491
5,2.5,2240,7770,1.0,0,0,3,7,1340,900,1978,-122.171,1820,7770,13.028052697933088
4,2.5,3280,5876,2.0,0,0,3,7,3280,0,2004,-122.034,2600,5000,13.461688683007948
6,1.5,1930,8400,1.0,0,0,3,7,1030,900,1971,-122.34,1780,9520,12.694652660348845
3,2.0,1940,40588,1.0,0,0,3,7,1940,0,2000,-122.159,1860,9657,12.800779753276867
2,1.0,700,8100,1.0,0,0,3,6,700,0,1949,-122.311,1230,8100,12.448822726483302
4,1.75,2020,36400,1.0,0,0,4,8,1550,470,1976,-122.076,2520,38255,13.163505320735505
3,2.0,1190,6833,1.0,0,0,3,7,1190,0,1995,-122.18,1540,8000,12.206072645530174
3,1.75,2450,15001,1.0,0,0,3,7,1980,470,1989,-121.913,1790,15323,12.899094818276968
3,4.0,5120,4600,3.0,0,2,3,11,4490,630,2008,-122.223,2510,5918,14.253765488895429
3,1.5,2480,5280,1.5,0,0,5,7,1620,860,1947,-122.303,2090,4800,13.071070083016778
3,3.5,2480,3200,2.0,0,0,3,10,2480,0,2010,-122.307,1980,3200,13.721199878493033
2,1.0,1500,4000,1.0,0,0,3,8,1100,400,1933,-122.353,1980,4000,13.508985397711013
4,1.75,2600,18042,1.0,0,0,4,8,2020,580,1969,-122.189,2200,9408,12.736406735684207
3,3.0,2440,2076,2.0,0,0,3,8,1930,510,2006,-122.37,2440,2310,13.036805489042683
3,2.0,1100,9165,1.0,0,0,4,7,1100,0,1969,-122.231,1510,8500,12.891691559669328
3,1.0,980,2490,2.0,0,0,4,6,980,0,1969,-122.182,980,3154,11.407564949312402
4,1.75,1980,5850,1.0,0,1,4,8,1380,600,1960,-122.391,1810,5850,13.493926933836812
4,2.5,2360,7350,1.0,0,0,4,7,1440,920,1965,-122.277,1450,7305,12.560244459250788
3,3.25,1390,1278,2.0,0,0,3,8,1140,250,2005,-122.375,1390,1256,13.058358047428417
4,2.5,2640,25038,2.0,0,0,4,8,2640,0,1995,-122.174,2630,16668,13.395439297466748
3,1.75,1380,7500,1.0,0,0,3,7,1380,0,1988,-122.045,1530,7500,12.388394202324129
5,3.5,3490,9680,2.0,0,4,3,9,2460,1030,1980,-122.391,3080,13489,13.755229627079345
4,2.25,2360,4000,2.0,0,0,3,9,2360,0,2013,-122.289,3040,4400,14.077874822431765
3,1.5,1630,7475,1.0,0,1,3,7,1160,470,1940,-122.272,2320,7475,13.38472764187182
2,1.0,1070,2196,1.0,0,0,4,7,880,190,1917,-122.308,1160,3600,12.75419405403986
4,2.25,1880,9163,2.0,0,0,3,8,1880,0,1981,-122.165,1900,7980,12.66032791780777
3,3.25,2260,7701,2.0,0,0,3,8,1760,500,2000,-122.377,1880,7529,13.076507902817875
4,1.0,1000,7134,1.0,0,0,3,6,1000,0,1943,-122.24,1020,7138,12.387977448827787
4,2.5,3220,7873,2.0,0,0,3,10,3220,0,1994,-122.03,2610,8023,13.545013310266594
3,2.5,1810,7200,1.0,0,0,5,7,1310,500,1960,-122.211,2050,7200,13.626164386233356
3,1.5,1390,48257,1.0,0,0,3,6,1390,0,1922,-121.894,1440,45302,12.524526376648708
2,1.0,2150,4500,1.5,0,0,3,7,1260,890,1917,-122.267,1590,5010,12.367340793126296
3,1.5,1470,4480,1.0,0,0,4,7,1130,340,1918,-122.291,2120,4480,13.32612021491835
4,2.25,2240,45738,2.0,0,0,3,7,2240,0,1988,-122.047,3180,45738,13.321214236149494
3,1.75,1780,9660,1.0,0,0,3,7,1780,0,1962,-122.193,1200,9660,12.989974189358584
3,3.5,1480,1077,2.0,0,0,3,7,1300,180,2007,-122.322,1140,2003,12.286038427168055
7,4.25,3670,4000,2.0,0,1,3,8,2800,870,1964,-122.388,2010,4000,13.621925808891609
3,1.75,1440,4000,1.0,0,0,4,7,1050,390,1979,-122.354,1560,4000,12.594730635321957
4,2.5,2910,7364,2.0,0,0,3,10,2910,0,2003,-122.213,2480,8400,14.173744286367
3,2.5,3410,13809,1.0,0,3,4,10,2450,960,1973,-122.326,3410,14245,13.383187995686226
2,2.25,1280,2574,2.0,0,0,3,7,1280,0,1992,-122.302,1250,3960,12.804909146618877
4,3.5,4460,16271,2.0,0,2,3,11,4460,0,2001,-121.97,4540,17122,13.872835624583544
2,2.5,980,1010,3.0,0,0,3,8,980,0,2008,-122.387,980,1023,12.772805901234461
3,2.5,3040,4535,2.0,0,0,3,9,3040,0,2007,-122.185,2670,4666,13.077366011473593
3,1.5,1320,8114,1.0,0,0,3,8,1320,0,1951,-122.195,2110,8114,13.38472764187182
3,1.5,1360,885,3.0,0,0,3,8,1360,0,2008,-122.349,1360,1167,12.791077667470416
3,2.5,2130,5205,2.0,0,0,3,8,2130,0,2013,-121.774,2250,5462,13.030248088496522
4,1.75,2560,43995,2.0,0,0,4,7,2560,0,1962,-122.093,2560,14764,13.091904169919621
4,2.5,2690,18653,2.0,0,0,3,8,2690,0,1985,-122.059,2230,9744,13.37700559577791
3,1.0,1640,12060,1.0,0,0,4,7,1640,0,1960,-122.151,1680,9147,12.647548191161372
3,2.5,1690,1200,2.0,0,0,3,8,1410,280,2013,-122.367,1690,1760,12.92366850649243
4,1.0,1390,18000,1.0,0,0,3,7,1390,0,1955,-122.284,1390,18000,12.363076394339839
4,2.0,1520,6200,1.5,0,0,3,7,1520,0,1945,-122.269,1910,6200,13.369223455335854
3,2.5,1720,99916,2.0,0,0,4,7,1720,0,1990,-122.093,1340,73180,12.80765263256463
4,2.25,2220,4200,1.5,0,0,5,8,1310,910,1932,-122.394,2020,4940,13.66701054964583
1,0.75,520,12981,1.0,0,0,5,3,520,0,1920,-121.995,1340,12233,12.476099782743233
3,2.25,1570,8767,1.0,0,0,3,7,1180,390,1990,-122.038,1570,7434,12.52434454193596
3,1.5,1200,890,2.0,0,0,3,8,1030,170,2008,-122.342,1230,2120,13.049685151906344
3,1.0,1230,9568,1.0,0,0,5,7,1230,0,1962,-122.179,1270,9575,12.866179972011919
3,1.75,1650,10150,1.0,0,0,3,8,1230,420,1976,-122.169,1930,8958,13.199139216206378
3,2.0,1760,9282,1.0,0,0,5,7,1100,660,1947,-122.29,1730,7500,12.2783933071098
3,1.0,1700,4165,1.5,0,0,3,7,1700,0,1918,-122.277,1400,4165,13.055154627710879
3,2.5,2150,15304,2.0,0,0,4,9,2150,0,1979,-122.136,2540,10507,13.384650715836164
3,2.5,1910,11550,1.5,0,0,3,8,1910,0,2003,-122.064,2230,11550,13.270783382522602
3,2.5,1280,1845,3.0,0,0,3,8,1280,0,2009,-122.324,1450,1889,13.208541073645382
4,1.0,2000,4676,1.5,0,0,3,7,1250,750,1916,-122.268,1140,4676,13.017002861746503
4,1.5,2500,9448,1.0,0,0,4,7,1250,1250,1966,-122.339,1640,9490,12.706847933442663
3,1.75,1496,1423,2.0,0,0,3,8,1248,248,2006,-122.355,1460,1423,12.821258284620408
3,2.5,1610,2937,2.0,0,0,3,8,1610,0,2006,-122.188,1610,3049,12.577636201962656
3,1.0,1370,17859,1.0,0,0,4,7,1150,220,1930,-121.859,1460,47044,12.524526376648708
3,2.0,1540,67953,1.0,0,0,3,7,1540,0,1997,-122.126,1250,9100,13.005829561148378
2,1.0,1040,7372,1.0,0,0,5,7,840,200,1939,-122.378,1930,5150,12.84792653170257
4,2.5,4080,10295,2.0,0,0,3,10,4080,0,1998,-121.982,3470,10295,13.709038313453757
2,2.0,1350,1209,3.0,0,0,3,8,1350,0,2013,-122.383,1310,982,13.028052697933088
4,2.75,2170,5988,2.0,0,0,3,8,2170,0,2014,-122.317,1170,8147,13.219490088135052
3,2.5,2360,6699,2.0,0,0,3,7,2360,0,2003,-121.853,2360,4744,12.971540487669746
2,1.5,1170,1274,3.0,0,0,3,8,1170,0,2001,-122.381,1290,1308,12.911642346088676
4,3.25,3640,60086,2.0,0,0,3,10,3640,0,2005,-122.016,2900,51721,13.737549016494562
5,2.75,3100,9825,2.0,0,2,4,8,3100,0,1950,-122.281,2120,8400,13.458835614025542
3,2.0,1230,8235,1.5,0,0,3,6,1230,0,1959,-122.304,1080,10281,12.180754837545884
3,1.75,1880,16262,1.0,0,0,5,7,1880,0,1980,-122.155,1900,7972,12.721736545936414
3,2.0,1470,6000,1.0,0,0,3,8,1090,380,1950,-122.202,1880,7799,13.353475098367715
3,1.75,1490,8000,1.0,0,0,3,8,1490,0,1978,-122.166,1740,8165,12.524526376648708
3,1.0,1220,6000,1.0,0,0,4,7,1220,0,1968,-122.209,1420,6000,12.271392111650817
2,2.5,1470,690,3.0,0,3,3,8,1470,0,2008,-122.346,1480,1284,13.38472764187182
3,1.0,1090,10620,1.5,0,0,3,7,1090,0,1959,-122.294,1380,10620,11.84939770159144
4,2.0,1470,8395,1.0,0,0,4,7,1470,0,1965,-122.117,1760,7976,13.005829561148378
2,1.0,830,6000,1.0,0,0,3,6,830,0,1940,-122.376,830,4960,12.254862809699606
4,2.5,2260,5824,2.0,0,0,3,8,2260,0,2011,-122.042,2240,5561,12.845291484064564
4,2.0,2420,10735,1.5,0,0,3,7,2420,0,1967,-122.122,1570,9540,13.17115354157376
4,3.5,3710,10400,2.0,0,0,3,8,2290,1420,2002,-122.186,1720,4276,13.222208712374044
2,1.0,910,8155,1.0,0,0,4,6,910,0,1948,-122.3,1240,8155,12.560244459250788
4,1.0,1450,8800,1.0,0,0,4,7,1450,0,1954,-122.135,1260,8942,12.983101310070822
4,2.5,2120,6754,2.0,0,0,3,7,2120,0,1998,-122.184,2120,6937,12.524526376648708
4,2.5,2750,10159,2.0,0,0,3,10,2750,0,1991,-122.135,3160,10159,13.60787119318603
3,2.25,1770,7667,1.0,0,0,3,8,1270,500,1966,-122.362,2180,8103,12.821258284620408
3,2.5,2890,8470,2.0,0,0,3,10,2890,0,1996,-122.054,3000,8879,13.560618308335483
4,2.5,2300,10843,2.0,0,0,5,8,2300,0,1955,-122.202,1780,10843,13.321214236149494
3,1.75,1460,2800,2.0,0,0,3,7,1460,0,1928,-122.371,1220,4062,13.270783382522602
3,1.75,1620,1325,2.5,0,0,3,9,1430,190,2005,-122.321,1750,1572,13.304684934198283
2,1.0,850,5225,1.0,0,0,3,7,850,0,1949,-122.38,1230,5225,12.777052192115912
5,2.5,2850,209523,1.0,0,0,4,7,1930,920,1925,-122.089,2220,209523,13.017002861746503
4,2.5,2080,7047,2.0,0,0,3,8,2080,0,1996,-122.215,2580,7227,12.706241689107635
1,0.75,370,1801,1.0,0,0,5,5,370,0,1923,-122.389,1340,5000,12.528156144699286
3,1.5,1780,10196,1.0,0,0,4,7,1270,510,1967,-122.291,1320,7875,12.487485104968359
2,1.0,790,6426,1.0,0,0,3,6,790,0,1944,-122.245,1380,6946,11.512925464970229
3,1.5,3000,5750,2.0,0,0,5,9,2000,1000,1924,-122.39,1820,5750,13.928839243271277
3,2.5,1780,7192,1.0,0,0,4,7,1250,530,1974,-122.173,1870,8500,12.439166527697552
3,2.75,2580,5200,2.0,0,0,3,8,2580,0,2008,-122.151,2700,5602,12.987688474077727
4,1.5,1850,3600,2.0,0,0,3,8,1660,190,1929,-122.307,1970,3600,13.732128949025222
3,1.5,1360,9760,1.5,0,0,5,7,1360,0,1984,-121.757,1310,11456,12.388394202324129
2,1.5,880,2400,1.5,0,0,3,7,880,0,1929,-122.295,1220,4440,13.329377546788654
4,3.5,4370,8510,2.0,0,1,3,10,3610,760,2003,-122.204,2960,10347,14.491114756306057
3,2.0,1470,20000,1.0,0,0,4,7,1470,0,1968,-122.08,1390,30056,12.447448965105444
4,2.25,2930,9840,1.0,0,0,4,8,1560,1370,1977,-122.382,2800,8374,12.948009990259552
4,2.0,3140,10875,1.0,0,1,3,7,1940,1200,1939,-122.406,3300,10080,13.560618308335483
2,1.0,1510,11165,1.5,0,0,4,7,1510,0,1921,-122.331,2210,8851,13.215853720491667
3,1.5,1670,5060,2.0,0,2,5,7,1670,0,1925,-122.379,1670,5118,13.480037821676145
5,3.0,2620,5477,2.0,0,0,3,10,2620,0,2009,-122.288,1680,5217,13.790192749979985
5,2.0,2190,9072,1.0,0,0,5,7,1110,1080,1965,-122.149,1660,8327,13.304684934198283
3,1.75,2090,7461,1.0,0,0,3,6,1200,890,1986,-122.184,1420,7462,12.460714863903755
3,2.0,1640,13249,1.0,0,0,3,7,1640,0,1995,-122.281,1640,9240,12.542544882151386
3,1.0,1370,6780,2.0,0,0,3,6,1370,0,1930,-122.291,1450,7214,12.723377235393874
4,2.75,2300,37533,1.0,0,3,5,8,1550,750,1979,-122.431,2130,10092,13.023647404465171
4,2.5,3760,29224,2.0,0,0,3,11,3760,0,1987,-122.128,3930,19916,13.825460888817442
3,1.75,1350,4000,1.5,0,0,4,7,1350,0,1925,-122.354,1880,4000,13.458835614025542
5,3.5,4180,17841,2.0,0,2,3,10,3160,1020,1990,-122.037,3260,12608,13.835313185260453
3,2.25,1440,7673,1.0,0,0,3,7,940,500,1982,-122.178,1440,8418,12.425208175446844
3,3.5,1970,5079,2.0,0,0,3,8,1680,290,2007,-122.296,1940,6000,13.287877815881902
4,2.5,2070,2992,2.0,0,0,3,8,2070,0,2002,-122.12,1900,2957,12.807515636879778
4,2.5,3180,15358,2.0,0,0,3,9,3180,0,1988,-122.053,3020,15522,13.560618308335483
3,1.75,1530,9362,1.0,0,0,3,7,1530,0,1987,-122.049,1480,8125,12.591335046320818
3,2.5,2070,8581,2.0,0,0,3,8,2070,0,1994,-122.151,2440,7849,13.060487973686241
3,2.5,2510,5186,2.0,0,0,3,7,2510,0,2001,-122.041,2530,5186,13.255144488638146
3,1.0,2120,7735,1.0,0,0,4,7,1060,1060,1967,-122.123,1010,8570,12.611537753638338
2,2.0,1660,5200,1.0,0,0,5,7,1120,540,1906,-122.334,1260,5160,13.306599766403055
3,2.5,2074,4900,2.0,0,0,3,8,2074,0,1997,-122.233,1840,7382,13.152116335553677
2,1.0,1550,4600,1.0,0,0,4,7,1050,500,1941,-122.384,1550,4600,13.226723392728571
5,3.0,2080,6150,1.0,0,0,3,7,1040,1040,1950,-122.394,1420,6150,12.751299696013497
2,1.0,1270,9182,1.5,0,0,3,6,1270,0,1917,-122.378,1760,9100,12.367340793126296
4,2.75,3130,21810,2.0,0,0,4,10,3130,0,1993,-122.073,3330,21810,13.641157170819497
3,1.5,1630,22764,1.0,0,0,3,7,1630,0,1970,-122.293,1620,17859,12.013700752882718
3,1.75,1010,6552,1.0,0,0,3,7,1010,0,1969,-122.117,1010,6552,11.901583454762012
3,2.25,2630,12899,2.0,0,0,4,9,2630,0,1966,-122.233,3140,15320,13.805460222110773
3,1.75,1890,7004,1.0,0,0,3,7,1290,600,1965,-122.28,1440,5378,13.050867375699259
4,2.75,3400,7081,2.0,0,0,3,9,3400,0,2001,-122.123,3060,7081,13.627009950093603
4,2.5,2250,50155,2.0,0,0,3,8,2250,0,1998,-121.756,2040,57857,13.074223002076394
5,3.0,2520,5500,1.0,0,0,3,8,1550,970,2004,-122.255,1700,8000,12.765688433465597
4,2.5,2790,230868,2.0,0,0,3,8,2790,0,1989,-122.019,1590,217800,13.303016877097587
4,2.5,2120,4558,2.0,0,0,3,7,2120,0,2002,-122.022,2370,5506,12.706696406811568
4,2.25,2200,9351,1.0,0,0,5,7,1290,910,1962,-122.333,1910,8660,12.955127458028414
5,2.5,2650,54380,2.0,0,0,3,9,2650,0,1984,-122.081,2560,49044,13.217582643985264
4,2.5,1770,5000,2.0,0,0,3,7,1770,0,2004,-122.005,2080,5100,12.582795284772684
3,2.5,1910,1501,2.5,0,0,3,8,1530,380,2007,-122.385,1760,1750,13.279367126213993
2,2.5,2510,14878,2.0,0,0,3,10,2510,0,1990,-122.205,3080,13594,13.304684934198283
4,3.25,2740,7266,2.0,0,0,3,9,2060,680,2003,-122.066,3030,6546,13.4443019385342
3,2.5,3280,26413,1.0,0,3,3,11,2670,610,1985,-122.05,3280,25211,13.623138665316818
4,2.75,2620,13777,1.5,0,2,4,9,1720,900,1926,-122.285,3530,9287,13.793264949016955
3,1.0,1220,7695,1.0,0,0,3,7,1220,0,1954,-122.339,1210,7412,12.310432660854417
2,2.0,1870,4751,1.0,0,0,3,8,1870,0,2006,-122.015,2170,5580,13.292106151991423
3,1.0,1100,4184,1.0,0,0,4,7,1100,0,1965,-122.382,1630,4366,12.939641740589034
2,1.75,2220,33000,1.0,0,0,4,8,2220,0,1970,-122.129,2220,33000,13.112212026347953
4,3.75,5070,60123,2.0,0,0,3,11,5070,0,2000,-122.004,4920,101930,13.9108207377686
2,1.0,1170,5000,1.0,0,0,4,7,1030,140,1920,-122.388,1170,5850,12.959844447906553
3,2.0,1710,5200,1.0,0,0,5,7,1030,680,1977,-122.094,1390,5200,12.345834587905333
2,1.0,1050,4800,1.0,0,0,4,7,1050,0,1969,-122.388,1230,4800,12.691580461311874
3,2.0,1830,10873,1.0,0,0,3,8,1830,0,1989,-122.394,2490,8976,12.628067055589549
4,1.5,1860,12197,1.0,0,0,3,7,1860,0,1964,-122.235,1510,11761,13.001325049027272
4,2.5,2440,22594,2.0,0,0,3,8,2440,0,1996,-121.97,2560,33341,13.244581010128577
2,2.25,1470,1101,2.0,0,0,3,8,1340,130,2005,-122.301,1470,1582,13.142166004700508
4,2.5,2460,4862,2.0,0,0,3,8,2460,0,2004,-122.235,2900,4895,13.112313041550827
2,2.5,1480,1369,3.0,0,0,3,7,1480,0,2009,-122.121,1390,1337,12.948009990259552
3,1.0,900,9600,1.0,0,0,4,7,900,0,1970,-122.173,1220,8240,12.70381302974751
3,2.25,2030,16200,2.0,0,0,3,8,2030,0,1984,-122.057,2660,17958,13.16158409055761
3,2.5,3140,9808,2.0,0,0,3,9,2500,640,2001,-122.097,2370,10014,13.726679344257658
5,2.75,2830,5310,2.0,0,0,3,9,2830,0,2006,-122.101,3150,6581,13.493926933836812
3,2.25,2510,9900,1.0,0,0,3,8,1610,900,1978,-122.374,1940,8510,12.495003937382387
3,1.75,1580,11455,1.0,0,0,4,7,1200,380,1974,-122.147,1550,10650,12.66032791780777
4,2.75,3110,6050,2.0,0,0,3,9,3110,0,2014,-122.126,3590,6054,13.592354506571938
3,2.5,2080,4931,2.0,0,0,3,8,2080,0,2000,-121.868,1890,4229,13.136167658380726
5,2.25,2680,13292,1.0,0,0,3,8,1340,1340,1976,-122.257,2220,13181,13.304601597392535
4,2.5,2290,5515,2.0,0,0,3,8,2290,0,2006,-122.357,1380,5515,13.017002861746503
4,2.5,3190,8684,1.0,0,3,5,9,1680,1510,1967,-122.162,3160,8684,14.01107734150825
2,1.0,1100,4000,1.0,0,0,3,7,1100,0,1906,-122.35,1590,4000,13.253391639810733
3,2.25,1250,811,3.0,0,0,3,8,1250,0,2014,-122.388,1250,1232,12.947890935553772
3,2.5,2320,5000,2.0,0,0,3,8,1620,700,1907,-122.292,2160,5000,13.710150042306449
3,2.5,2200,20000,1.0,0,1,3,7,1400,800,1952,-122.191,3050,11775,13.9108207377686
3,1.0,970,8710,1.0,0,0,4,6,970,0,1962,-122.302,1280,11805,12.043553716032399
5,2.0,1840,9240,1.0,0,0,4,7,1540,300,1942,-122.34,1200,5250,12.983101310070822
4,2.5,2590,11018,2.0,0,0,3,8,2590,0,1998,-122.211,2400,8042,12.755060730390513
3,1.0,1330,3740,1.5,0,0,3,6,1330,0,1903,-122.274,1330,5053,12.871334622600584
4,2.5,2060,7720,2.0,0,0,3,8,2060,0,1995,-122.374,1630,7720,12.398963153673362
4,1.0,1670,8102,1.5,0,0,3,6,1670,0,1944,-122.355,1310,7906,12.714395139078047
4,2.75,2240,7200,1.0,0,0,3,7,1140,1100,1967,-122.275,1580,7416,12.468436909997665
3,2.25,2870,8170,2.0,0,0,3,10,2250,620,1995,-122.385,1310,8170,13.652991628466498
5,2.5,3210,12000,1.0,0,0,4,8,1830,1380,1968,-122.148,2450,12000,13.493926933836812
3,1.0,1210,9525,1.0,0,0,3,7,1210,0,1955,-122.345,1680,7620,12.611371073081239
3,2.5,2480,5007,2.0,0,0,3,8,1960,520,2014,-122.369,1650,7806,13.560618308335483
5,1.0,1410,6400,1.0,0,0,5,7,960,450,1955,-122.334,1400,6500,12.597547004611188
3,1.75,710,5050,1.0,0,0,4,6,710,0,1950,-122.375,900,5050,12.751299696013497
4,3.0,2040,7145,1.0,0,0,3,8,1490,550,1994,-122.171,1940,7145,12.556729517143344
3,2.5,2280,2502,2.0,0,0,3,8,1880,400,2006,-122.073,2280,2812,13.248996028337695
3,2.25,2240,6450,1.0,0,0,3,7,1440,800,1979,-122.315,1390,6450,13.1749558275235
3,1.5,1460,9879,1.0,0,0,3,7,1460,0,1956,-122.127,1610,10050,13.049792684569493
3,1.0,1010,8800,1.0,0,0,4,7,1010,0,1968,-122.208,1550,7700,12.230765258120545
3,2.0,1580,5289,1.0,0,0,3,7,870,710,1940,-122.342,1310,5535,13.241034907121827
3,2.25,2010,11817,2.0,0,0,4,8,2010,0,1986,-122.023,2190,10168,13.180632285528304
3,1.5,960,6497,1.0,0,0,4,7,960,0,1970,-122.378,1160,7080,11.982929094215963
4,1.5,1440,3200,1.0,0,1,4,7,960,480,1960,-122.383,1650,6400,13.287029998959563
3,2.5,1490,8102,2.0,0,0,4,7,1490,0,1990,-122.092,1640,7943,12.468436909997665
5,2.0,3020,6000,1.5,0,0,5,7,1860,1160,1925,-122.378,1380,6000,13.180632285528304
3,2.5,1805,3402,2.0,0,0,3,7,1805,0,2009,-122.212,2095,3402,12.491251587763836
3,2.5,2090,6000,1.5,0,0,4,9,2090,0,1928,-122.281,2730,6000,14.126664986601197
4,2.0,2340,9716,1.0,0,0,3,7,2340,0,2009,-122.347,1180,13500,12.86099861326992
4,2.5,3230,19193,1.0,0,3,4,8,2000,1230,1973,-122.07,3230,13420,13.58609739363647
4,2.5,3420,21344,2.0,0,0,3,9,3420,0,2002,-122.334,2110,21344,13.369223455335854
4,1.75,2110,7208,1.0,0,0,3,8,1170,940,1975,-122.129,1820,7208,12.688498794774466
2,1.0,810,6697,1.0,0,0,4,6,810,0,1923,-122.216,1140,6695,12.180241885495652
3,3.5,1810,1846,2.0,0,0,4,8,1440,370,2009,-122.305,1480,3600,13.345506928718539
3,1.75,2310,7680,1.0,0,0,4,8,1410,900,1978,-122.285,2080,7680,12.727689830374363
3,1.75,1470,9750,1.0,0,0,4,7,1470,0,1978,-122.12,1800,9600,13.102160670086809
4,1.0,1550,7620,1.5,0,0,3,7,1550,0,1957,-122.35,1450,7620,12.751299696013497
3,2.25,2060,8640,1.0,0,0,4,8,2060,0,1966,-122.195,2030,9000,13.698976741708323
4,2.5,2240,4616,2.0,0,0,3,7,1840,400,2001,-122.194,2260,5200,13.017002861746503
2,1.0,1250,5880,1.0,0,0,3,6,900,350,1948,-122.391,1520,5020,12.959844447906553
4,4.5,4920,270236,2.0,0,3,3,10,3820,1100,2006,-121.775,4920,260924,13.85665250129545
4,2.25,1820,20349,1.0,0,0,5,8,1340,480,1977,-122.096,1270,12800,13.049792684569493
3,1.0,1280,10000,1.0,0,0,4,7,1280,0,1954,-122.139,1240,10000,13.06685066747407
2,1.0,790,7095,1.0,0,0,3,6,790,0,1944,-122.239,1150,7200,11.977288214325878
3,3.0,1390,1080,2.0,0,0,3,7,1140,250,2006,-122.281,1450,1081,12.524526376648708
3,2.0,1410,7566,1.0,0,0,3,7,1410,0,1985,-122.182,1570,7210,12.387977448827787
3,1.5,2440,7200,1.0,0,0,3,7,2440,0,1949,-122.274,1920,6900,13.217673557208654
4,2.75,3430,15877,1.0,0,4,3,11,3430,0,2005,-121.856,4080,14577,13.825460888817442
4,2.5,2260,5164,2.0,0,0,3,8,2260,0,1996,-122.166,2260,5866,12.947890935553772
3,2.25,1320,963,2.0,0,0,3,7,1040,280,2007,-122.357,1300,1285,12.449018824140563
3,1.5,1170,9848,1.0,0,0,3,7,1170,0,1963,-122.234,2220,5542,12.429216196844383
3,2.0,2010,33090,1.5,0,2,5,8,2010,0,1986,-122.007,1840,22620,12.936033799212835
4,2.5,2110,3750,2.0,0,0,3,8,2110,0,2000,-122.363,1700,5000,13.556739829006913
4,1.5,2430,3600,2.5,0,0,3,8,2430,0,1980,-122.285,2020,4800,13.753635154246187
3,1.0,1270,6500,1.0,0,0,4,7,1270,0,1956,-122.214,2260,7200,13.547631112808673
4,3.5,2710,14016,2.0,0,0,4,8,2710,0,1968,-122.286,1590,27903,13.127748849680666
4,2.0,2680,14157,1.0,0,0,3,8,1460,1220,1966,-122.292,2100,9199,13.17115354157376
4,2.0,1440,10800,1.0,0,0,4,7,1440,0,1967,-122.283,1190,7380,12.345834587905333
5,2.5,2300,28480,2.0,0,0,3,6,2300,0,1994,-121.964,1880,26720,13.071070083016778
3,2.75,1720,6720,1.0,0,0,4,7,1270,450,1947,-122.298,1690,3248,13.108264453024827
3,2.0,1830,12891,1.0,0,0,3,7,1830,0,1994,-122.192,2320,8709,12.72635342806692
3,2.0,1550,8300,1.0,0,0,4,8,1550,0,1965,-122.195,1860,8000,12.611537753638338
3,2.5,1870,3118,2.0,0,0,3,8,1870,0,1993,-122.056,1580,3601,12.230765258120545
4,2.5,3600,155509,2.0,0,0,3,9,3600,0,2004,-121.986,3410,34412,13.541073712262515
3,2.25,1810,8262,2.0,0,0,4,8,1810,0,1981,-122.37,1820,8262,12.506177237980511
3,2.25,1358,1204,3.0,0,0,3,7,1358,0,2007,-122.346,1358,1196,12.666657052859417
3,2.5,2980,7202,2.0,0,0,3,8,2980,0,1999,-122.177,2430,7280,13.613700324586457
2,1.0,1110,3943,1.0,0,0,5,6,740,370,1916,-122.352,1590,4311,12.92513120787462
3,1.75,1410,4080,1.0,0,0,4,7,1000,410,1950,-122.384,1410,4080,13.304684934198283
4,2.5,1840,220308,2.0,0,0,3,8,1840,0,2000,-122.049,1890,65340,13.337474757021274
5,3.25,2860,20790,1.0,0,0,4,7,1800,1060,1965,-122.295,1920,9612,13.244581010128577
3,1.75,1710,6400,1.0,0,0,4,7,1240,470,1976,-122.377,1600,6400,12.468436909997665
3,1.75,1480,2185,2.5,0,0,3,9,1480,0,2005,-122.17,1480,2441,13.337474757021274
3,1.5,1530,10827,1.0,0,0,4,8,1530,0,1955,-122.234,2050,10827,13.670484785914017
3,1.5,1760,4000,2.0,0,0,3,8,1760,0,1922,-122.32,1760,4000,13.444446876573442
4,2.5,1960,9898,2.0,0,0,3,8,1960,0,2001,-122.168,2130,7662,12.611537753638338
6,3.25,3560,21400,2.0,0,4,4,9,3560,0,1952,-122.372,3560,24338,13.883169206438088
3,1.75,1720,12540,1.0,0,0,4,7,1720,0,1956,-122.177,1440,11850,13.102160670086809
2,1.0,1080,7775,1.0,0,0,3,6,1080,0,1955,-122.394,1730,7350,12.751299696013497
3,2.5,1600,7295,2.0,0,0,2,7,1600,0,1993,-122.165,1410,9000,12.230765258120545
5,2.75,2860,5379,2.0,0,0,3,9,2860,0,2005,-122.104,2980,6018,13.487006490992238
2,2.0,1540,6804,1.0,0,0,5,7,1020,520,1942,-122.372,1380,6930,13.275084464421992
2,1.5,830,1119,2.0,0,0,3,7,830,0,2005,-122.314,1480,3622,12.705164699416962
5,3.0,2430,8000,1.0,0,0,4,7,1370,1060,1957,-122.12,1770,8000,13.134291948269603
3,1.0,1340,4120,1.0,0,0,4,7,1040,300,1921,-122.352,1270,4635,12.922692182275261
3,1.75,1650,1180,3.0,0,0,3,8,1650,0,2014,-122.319,1650,1960,13.303016877097587
4,4.0,5635,9695,2.0,0,3,3,10,4360,1275,2011,-122.334,3726,9765,13.764217263576723
4,2.5,2040,21781,2.0,0,0,3,8,2040,0,1994,-121.904,2410,21781,13.00245308073177
3,2.5,2160,10200,1.0,0,0,3,7,1360,800,1978,-122.331,2010,7850,12.911642346088676
3,2.5,2100,6092,2.0,0,0,3,8,2100,0,2013,-122.239,2250,8592,13.226705374548228
5,1.5,3360,5402,2.0,0,0,3,9,3360,0,2014,-122.053,3360,5415,13.598591345201287
3,2.5,1640,5707,2.0,0,0,3,7,1640,0,1995,-122.209,1850,5827,12.611537753638338
5,2.5,2400,4564,2.0,0,0,3,7,2400,0,2004,-122.126,1880,4109,12.498742259492994
3,1.75,1980,9220,2.0,0,0,3,8,1980,0,1987,-122.219,2080,8305,12.60249700898619
4,3.0,2390,4500,2.0,0,0,3,7,2390,0,1974,-122.204,1320,4500,12.577636201962656
3,2.5,3050,6000,1.0,0,3,3,8,1720,1330,1984,-122.389,2340,7200,13.480037821676145
4,2.5,2680,4499,2.0,0,0,3,9,2680,0,1999,-122.125,2920,4500,13.601202855312463
4,2.5,3250,235063,1.0,0,2,3,9,3250,0,1973,-122.113,1600,44287,12.587927887999204
5,3.0,3340,10796,1.0,0,2,3,9,2120,1220,1964,-122.229,3290,12955,14.099184609018517
4,1.75,2430,7559,1.0,0,0,4,8,1580,850,1981,-122.11,1980,8750,13.279367126213993
4,3.5,4440,8125,2.0,0,3,5,10,3140,1300,1922,-122.283,3990,8505,14.626440774180603
4,2.25,2050,8372,2.0,0,0,4,8,2050,0,1984,-122.107,2010,8037,13.296316684527767
3,1.75,1280,12776,1.0,0,0,4,7,1280,0,1977,-122.199,1680,11704,12.611537753638338
4,2.25,3260,4640,2.0,0,0,5,9,2360,900,1907,-122.312,3240,5800,14.099184609018517
3,3.0,1730,1755,3.0,0,0,3,8,1730,0,2014,-122.377,1830,1804,13.266377137543234
3,2.5,1020,2217,2.0,0,0,3,7,720,300,2004,-122.348,1060,1524,12.542544882151386
4,3.0,4260,18000,2.0,0,2,3,11,4260,0,2000,-122.24,3540,17015,14.508657738524219
3,1.0,1350,7973,1.5,0,0,3,7,1350,0,1954,-122.292,1310,7491,12.515210390011244
3,2.5,1950,8130,2.0,0,0,4,9,1950,0,1990,-122.161,2350,7691,12.702292116906802
4,2.5,2689,5724,2.0,0,0,3,9,2689,0,2006,-122.184,2665,5700,12.815838217151068
3,2.5,4310,32093,1.5,0,4,5,10,2510,1800,1982,-122.38,3810,26400,14.366517971363097
2,1.0,900,3400,1.0,0,0,5,6,900,0,1905,-122.314,940,6000,12.160028707028767
4,1.75,1880,3880,1.5,0,0,4,7,1090,790,1944,-122.362,1390,3880,13.235692062711331
2,2.25,1240,705,2.0,0,0,3,7,1150,90,2009,-122.073,1240,750,12.66032791780777
3,1.75,1000,8268,1.0,0,0,3,6,1000,0,1969,-122.172,1220,7800,12.765688433465597
3,2.25,1490,4539,2.0,0,0,3,7,1490,0,2009,-122.233,1750,4667,12.873902018105829
4,3.0,2320,7200,2.0,0,0,3,7,2320,0,1976,-122.312,2050,10000,12.644327576461329
4,3.0,2110,5000,1.5,0,2,4,7,1640,470,1930,-122.391,1380,5000,13.321214236149494
5,2.0,1870,7344,1.5,0,0,3,7,1870,0,1960,-122.144,1870,7650,13.017002861746503
3,1.75,1160,22470,1.0,0,0,4,7,1160,0,1976,-122.23,1940,15999,12.834681304952548
4,2.25,1720,8300,1.0,0,0,4,8,1720,0,1973,-122.385,2010,8000,12.388394202324129
3,1.75,1240,8659,1.0,0,0,5,7,1240,0,1986,-122.089,1490,8223,12.449018824140563
5,2.25,3700,7207,1.0,0,1,5,8,1850,1850,1970,-122.371,2340,7900,13.490472698968725
3,2.5,1460,11593,2.0,0,0,3,7,1460,0,1989,-122.385,1640,9703,12.409013489526863
4,3.5,4340,217800,2.0,0,0,3,11,4340,0,2003,-122.013,3430,219106,13.987360814890934
4,2.5,2990,10400,2.0,0,0,3,9,2990,0,2002,-122.359,2140,17449,13.419500608626866
4,2.75,3630,15405,1.0,0,2,4,8,1850,1780,1968,-122.225,3380,11184,13.55284624848778
3,2.5,3300,11570,2.0,0,0,3,9,3300,0,1994,-122.121,3280,11446,13.652991628466498
3,2.5,2110,8164,2.0,0,0,3,9,2110,0,1990,-122.171,2390,7499,13.190022025878143
2,1.0,2230,11472,2.0,0,0,3,7,2230,0,1951,-122.35,1870,8649,12.962194625251508
2,2.5,1620,3196,2.0,0,0,3,8,1620,0,2008,-121.878,1750,2828,12.863592648446968
4,1.75,1470,4236,1.5,0,0,4,7,1470,0,1946,-122.399,1480,5400,13.366093562326927
4,2.5,1980,7403,2.0,0,0,3,7,1980,0,1988,-122.372,1980,7510,12.402872221504781
2,2.0,1170,8251,1.0,0,0,3,7,1170,0,1941,-122.291,1360,6798,12.883649231099161
2,1.0,1800,5182,1.0,0,0,3,6,900,900,1942,-122.3,1570,5876,12.721879840640128
4,2.5,2270,4400,2.0,0,0,3,7,2270,0,2006,-121.888,2090,4400,12.959844447906553
3,2.75,2480,209199,1.5,0,0,3,8,1870,610,2000,-121.888,2040,219229,12.920261881056826
3,2.5,2550,45254,2.0,0,0,3,9,2550,0,2001,-121.964,2190,49222,13.45166712454693
4,3.5,3970,210830,2.0,0,0,3,9,3970,0,2000,-121.713,1680,42665,13.560618308335483
3,1.75,1370,10866,1.0,0,0,4,6,1370,0,1945,-122.164,1580,14250,12.506177237980511
3,1.75,1580,9187,1.0,0,0,3,8,1180,400,1993,-122.047,1620,6397,12.479909311159902
3,1.5,1370,11400,2.0,0,0,3,7,1370,0,1980,-121.77,1390,9600,12.542544882151386
2,1.75,1140,936,2.0,0,0,3,8,940,200,2014,-122.284,1160,1327,13.217491722495906
2,1.0,830,4000,1.0,0,0,4,6,830,0,1947,-122.381,1420,4000,13.028052697933088
4,2.25,2180,10754,1.0,0,0,5,7,1100,1080,1954,-122.341,1810,6929,12.66032791780777
3,1.75,1580,9049,1.0,0,0,3,8,1580,0,1966,-122.375,2100,8446,12.873773804758644
2,1.0,850,16400,1.0,0,0,3,6,850,0,1923,-122.299,1100,14459,12.542544882151386
3,2.25,2060,47318,1.0,0,2,4,8,1600,460,1976,-122.265,1870,19663,12.721885810807203
3,2.75,1800,9550,1.0,0,0,4,7,1320,480,1966,-122.178,1890,9902,13.407542319637992
3,1.5,1750,12500,1.0,0,0,3,7,1150,600,1954,-121.902,1680,13000,12.66032791780777
4,1.0,1460,3840,1.5,0,0,3,8,1340,120,1928,-122.347,990,4200,12.793859310432293
3,2.5,1730,8490,1.0,0,0,3,7,1210,520,1969,-122.219,1870,7400,13.038981768465277
5,1.5,1820,8712,1.0,0,0,5,7,1090,730,1960,-122.289,1820,8712,12.535376392672774
4,2.25,1960,14834,1.0,0,0,4,8,1330,630,1976,-122.095,1540,15000,13.068962600677214
3,1.0,1180,11862,1.0,0,0,4,7,1180,0,1948,-122.363,1540,8100,12.89418215832278
4,1.75,1260,3880,1.0,0,0,5,7,860,400,1918,-122.391,1000,3880,13.091904169919621
3,4.0,4160,31796,2.0,0,0,3,11,4160,0,1989,-122.017,4300,36192,13.919870573288517
3,2.5,1860,5321,2.0,0,0,3,7,1860,0,2000,-122.033,1940,5205,12.697700159242611
4,1.75,1350,9293,1.0,0,0,4,7,1350,0,1954,-122.196,1890,9293,13.347105650082236
3,1.75,2200,7700,1.0,0,0,3,7,1240,960,1975,-122.181,1770,7360,12.285807613549027
3,2.5,2260,9577,2.0,0,0,3,8,1700,560,1925,-122.399,1740,10240,13.710150042306449
5,2.75,2380,7500,1.0,0,0,3,7,1300,1080,1984,-122.235,2400,6000,12.796633237315017
3,2.25,1630,12295,2.0,0,0,4,7,1630,0,1985,-122.161,1730,9948,12.736553826954605
3,1.75,1550,12956,1.0,0,0,3,7,1210,340,1988,-121.752,1630,15360,12.827992316801751
3,1.75,1850,8667,1.0,0,0,4,7,880,970,1982,-122.198,1450,10530,13.017002861746503
4,0.5,2300,5570,2.0,0,0,3,8,2300,0,1996,-122.168,1820,6371,12.652359748158593
3,1.0,1560,4500,1.5,0,0,3,7,1560,0,1903,-122.306,1660,4500,12.936033799212835
3,2.5,1660,5250,2.0,0,0,4,8,1660,0,1988,-122.3,1630,5505,12.487485104968359
2,1.75,1610,158558,1.5,0,0,2,6,1610,0,1948,-121.84,1800,3572,12.542544882151386
3,2.5,2760,35171,2.0,0,0,3,9,2760,0,1990,-122.123,2720,35171,13.122363377404328
4,2.5,2640,3899,2.0,0,0,3,7,2640,0,2000,-122.217,2460,4057,12.985397522331171
4,4.0,4920,50621,2.0,0,0,3,10,4280,640,2012,-122.006,4920,74052,14.158220442802499
4,3.5,3530,7202,2.0,0,0,3,9,2660,870,2000,-122.36,2810,8100,13.45166712454693
4,2.5,2620,14126,1.0,0,4,4,8,1620,1000,1941,-122.397,2620,8905,13.734300502538732
3,1.75,1680,8100,1.0,0,2,3,8,1680,0,1950,-122.364,1880,7750,13.369223455335854
4,2.5,2620,9157,2.0,0,0,3,8,2620,0,1996,-122.203,2240,7405,13.693342923990066
2,1.0,1070,5824,1.0,0,2,5,7,1070,0,1949,-122.242,2090,7980,12.675920012567607
3,1.0,980,7200,1.0,0,0,4,7,980,0,1950,-122.395,1180,6572,12.971540487669746
3,1.75,1510,11234,1.0,0,0,3,7,1210,300,1965,-122.328,2080,9076,12.54236629477704
6,1.75,1820,6250,1.0,0,0,3,7,1130,690,1954,-122.39,1820,5750,13.208541073645382
3,1.5,1300,7200,1.0,0,0,5,7,1300,0,1960,-122.196,2280,7200,13.345506928718539
2,1.0,790,6600,1.0,0,0,3,6,790,0,1949,-122.293,1520,4400,12.985397522331171
4,2.5,1961,3207,2.0,0,0,3,7,1961,0,2006,-122.16,1961,3401,12.57418196709457
4,2.25,3040,5000,2.0,0,3,4,9,2080,960,1926,-122.278,2870,5000,14.366517971363097
5,3.5,4280,6530,2.0,0,3,3,10,4280,0,2014,-121.973,3960,6863,13.945652462759522
2,2.5,1370,1140,2.0,0,0,3,8,1080,290,2009,-122.342,1340,1050,12.779873068457553
4,4.0,2850,2970,2.0,0,0,3,8,2120,730,1999,-122.01,2380,3559,13.337474757021274
3,1.0,1190,8820,1.0,0,0,3,6,1190,0,1959,-122.184,1230,7980,12.0254496453718
3,3.0,1560,1466,3.0,0,0,3,8,1560,0,2006,-122.352,1530,2975,13.369223455335854
3,2.0,1820,5000,1.5,0,0,4,8,1720,100,1941,-122.395,2220,7200,13.527828485512494
2,2.25,1430,1210,2.0,0,0,3,8,1340,90,2005,-122.301,1430,1016,13.166380262821104
2,1.0,1100,4010,1.5,0,0,5,6,1100,0,1920,-122.351,980,4501,12.611537753638338
3,2.5,1800,1120,2.0,0,0,3,8,1800,0,2011,-122.369,1800,2380,12.876462838967504
4,1.75,1670,9886,1.0,0,0,5,7,1670,0,1947,-122.287,2590,9997,13.030248088496522
4,1.0,1310,5200,1.5,0,0,3,6,1160,150,1945,-122.37,1090,5180,12.206072645530174
4,3.5,2650,3060,2.0,0,0,3,9,2060,590,2001,-122.332,1470,3060,13.82347872761345
3,2.0,2540,237402,1.0,0,0,3,9,2540,0,2007,-122.024,2200,229125,13.304684934198283
5,4.0,2980,4500,1.5,0,0,3,7,2070,910,1921,-122.323,1560,4225,13.652991628466498
5,3.0,2200,6380,1.0,0,0,3,7,1440,760,1987,-122.322,1960,5800,13.235513475336985
3,2.5,2510,5320,2.0,0,0,3,8,2510,0,2005,-122.357,1820,5736,12.886641043883259
3,2.25,1410,905,3.0,0,0,3,9,1410,0,2014,-122.402,1510,1352,13.179688444023599
3,1.0,1570,5510,1.0,0,0,4,7,1070,500,1940,-122.319,1770,6380,13.112313041550827
2,1.5,1560,10807,1.0,0,0,2,7,1560,0,1949,-122.509,1660,196591,12.106252310247962
2,1.5,720,5120,1.0,0,0,3,6,720,0,1954,-122.357,1150,2566,12.106252310247962
4,2.5,2330,7050,2.0,0,0,3,8,2330,0,1998,-122.231,1810,5424,12.721885810807203
4,3.0,2590,6160,2.0,0,0,3,8,2590,0,2014,-122.122,2670,5600,13.161574475126766
3,1.75,1340,8250,1.0,0,0,3,7,1100,240,1985,-122.09,1540,7860,12.345834587905333
5,2.25,2100,6936,1.0,0,0,3,8,1600,500,1974,-122.169,2100,8661,13.248114582709889
3,1.5,1510,8360,1.0,0,0,3,7,1120,390,1960,-122.133,1700,8360,12.89921982609012
4,2.5,1560,7800,2.0,0,0,3,7,1560,0,1997,-122.316,1160,7800,12.476099782743233
3,1.75,1670,8511,1.0,0,0,3,7,1340,330,1985,-122.276,1580,7218,12.468436909997665
3,2.25,2000,18099,1.0,0,0,4,8,1250,750,1978,-122.18,2060,12000,13.173056491719846
4,2.0,1720,6099,1.0,0,0,4,7,860,860,1949,-122.287,1100,5671,13.17115354157376
2,1.0,1200,9000,1.0,0,2,5,6,1200,0,1917,-122.323,1660,9000,12.449018824140563
4,1.5,1950,12559,1.5,0,0,3,6,1950,0,1939,-122.282,1950,9178,12.323855681186558
4,2.5,3270,35445,2.0,0,0,3,11,3270,0,1989,-122.121,4180,32130,13.883169206438088
4,2.75,1910,7700,1.0,0,0,4,7,1000,910,1980,-122.17,1880,7875,12.429216196844383
3,3.0,1880,2200,2.0,0,0,3,8,1520,360,2007,-122.367,1500,1426,13.353475098367715
3,1.5,1270,1318,2.0,0,0,3,7,1080,190,2004,-122.384,1360,1488,12.863592648446968
2,1.0,890,6430,1.0,0,0,3,6,890,0,1935,-121.996,1460,6430,12.206022644280132
4,2.25,2140,8874,2.0,0,0,3,8,2140,0,1986,-122.217,2140,8789,12.706696406811568
4,2.5,2506,7206,2.0,0,0,3,8,2506,0,2007,-122.337,2441,7220,12.765688433465597
4,3.5,3510,11200,2.0,0,0,3,11,3510,0,2001,-122.15,3600,12124,13.748301808270824
5,4.0,3040,6000,2.0,0,0,3,8,2280,760,2011,-121.876,3070,5558,13.312983737012978
4,1.0,1770,7345,1.5,0,0,3,7,1770,0,1966,-122.351,1580,7345,12.524526376648708
4,3.5,3190,6000,1.5,0,3,4,9,2410,780,1912,-122.29,2840,4000,14.037853789107714
3,2.5,1990,4978,2.0,0,0,3,8,1990,0,2004,-121.856,2650,6816,13.054084536651034
4,2.5,2050,10271,2.0,0,0,3,7,2050,0,1998,-122.075,2050,8103,12.711383088608054
3,2.75,3230,75889,2.0,1,4,3,7,3230,0,1925,-122.37,2560,72229,13.955272500339433
4,2.75,2890,5000,1.5,0,0,3,8,1990,900,1911,-122.363,1080,3750,13.70848198520575
4,1.75,1970,10358,1.0,0,0,3,8,1540,430,1977,-122.255,1900,10358,12.86099861326992
2,1.0,1330,28270,1.5,0,0,3,6,1330,0,1925,-122.274,1210,6926,12.072541252905651
4,2.0,2230,9900,1.5,0,0,5,9,2230,0,1959,-122.173,2510,11041,13.604727796348284
3,1.0,1830,13900,1.0,0,0,3,7,1830,0,1951,-122.352,1840,10667,12.955127458028414
4,2.5,2030,9095,1.0,0,0,4,7,1130,900,1972,-122.185,1940,8000,12.911642346088676
2,2.0,1670,4996,1.0,0,0,3,8,1670,0,2004,-122.031,1670,4996,13.224919965729422
3,1.75,1560,9514,1.0,0,0,4,7,1560,0,1967,-122.21,1550,9600,12.560244459250788
3,1.0,1000,10560,1.0,0,0,3,7,1000,0,1955,-122.317,1190,9375,11.84939770159144
4,2.25,2240,8376,1.0,0,0,3,8,1740,500,1984,-122.029,1890,7875,13.180632285528304
4,3.5,3920,37122,2.0,0,0,3,10,3920,0,1996,-121.988,2550,32647,13.652991628466498
3,2.25,2610,9409,1.0,1,4,4,8,2610,0,1963,-122.076,2970,9156,14.23224525833067
2,2.25,2950,15593,1.0,0,0,4,8,1560,1390,1942,-122.236,2060,19855,14.253765488895429
4,1.75,2440,16730,1.0,0,0,3,7,1390,1050,1976,-122.11,1390,11600,13.089840185698769
3,1.0,1080,4120,1.0,0,0,3,7,980,100,1919,-122.319,1280,3090,13.61571725525828
3,2.25,1630,10500,1.0,0,0,3,7,1100,530,1974,-122.236,1640,9794,12.959844447906553
3,1.5,1430,9600,1.0,0,0,4,7,1430,0,1966,-122.15,1590,10240,12.492003184943147
3,1.0,1130,7000,1.0,0,0,3,6,830,300,1944,-122.283,1050,7000,13.038981768465277
2,1.0,760,7272,1.0,0,0,4,7,760,0,1980,-122.33,1370,7866,12.117241431823558
3,2.25,2206,82031,1.0,0,2,3,6,866,1340,1983,-122.069,2590,53024,13.567049198665774
4,2.5,2600,17388,2.0,0,0,3,9,2600,0,1996,-122.146,2950,11553,13.407542319637992
3,2.0,1450,2400,1.5,0,0,3,8,1450,0,1900,-122.381,1450,4275,13.102160670086809
4,2.75,2530,13474,2.0,0,0,4,8,2530,0,1994,-122.344,2490,13140,12.765402678355779
2,2.25,850,1656,2.0,0,0,3,8,850,0,2001,-122.344,850,1312,12.358793732547838
3,1.5,1420,8580,1.0,0,0,3,6,1420,0,1962,-122.362,1200,8580,11.824079893607152
4,2.75,2520,6964,1.0,0,0,4,7,1260,1260,1987,-122.175,1930,6949,12.634603026569334
4,2.5,2820,5934,1.0,0,3,5,9,1770,1050,1952,-122.403,2230,6000,13.77468856344402
4,2.75,1720,6270,2.0,0,0,3,8,1720,0,1978,-122.268,2130,8700,13.075271769870477
3,2.75,2540,8604,2.0,0,0,3,8,2540,0,1991,-122.185,2260,7438,12.793720411897448
3,2.25,1250,7500,1.0,0,0,5,7,1250,0,1942,-122.373,1280,7392,12.873902018105829
4,2.75,2650,8610,2.0,0,0,3,8,2650,0,1959,-122.121,1680,8316,13.588609957772352
4,2.5,2440,7797,1.0,0,0,3,8,1560,880,1965,-122.222,2090,8100,12.538249957868507
5,3.5,3150,4120,2.0,0,0,3,8,2460,690,1911,-122.315,2080,4160,13.652991628466498
4,2.75,4140,24190,2.0,0,0,3,11,4140,0,2002,-122.15,3950,24190,13.396200043034057
4,2.75,3340,5700,2.0,0,0,3,11,3340,0,2013,-122.146,3340,6940,13.776769729647844
3,1.75,1290,10117,1.0,0,0,3,7,1290,0,1984,-122.146,1770,11839,12.821258284620408
3,3.25,3690,7200,2.0,0,0,3,11,3690,0,2007,-122.2,1880,7200,14.27293540500315
4,2.5,2630,6247,2.0,0,0,3,8,2630,0,1992,-122.0,2130,4668,13.262125319779487
2,1.5,1320,73600,1.0,0,0,3,7,1320,0,1993,-122.271,1320,33600,12.765688433465597
4,3.5,3640,4983,2.0,0,3,3,9,2790,850,2014,-122.027,3270,14700,13.70558407858567
5,3.0,3880,8432,2.0,0,0,3,7,3880,0,2004,-122.176,2620,5623,12.971540487669746
2,1.0,720,6686,1.0,0,0,3,6,720,0,1942,-122.362,1200,6686,12.71589776896258
4,2.5,2490,9346,2.0,0,2,3,9,2490,0,1996,-122.147,2650,9454,12.807378622424539
3,2.25,1640,8400,1.0,0,0,4,8,1640,0,1962,-122.172,2110,8400,13.151922179645874
2,1.0,990,9223,1.0,0,0,3,7,990,0,1949,-122.32,1230,7244,12.80765263256463
5,2.5,2020,8250,1.0,0,0,4,8,1430,590,1978,-122.135,1680,8959,12.755638097612096
6,2.5,3610,12033,2.0,0,0,3,8,3210,400,1970,-122.219,2210,8577,13.321214236149494
4,2.25,1800,2752,2.0,0,0,3,8,1800,0,2014,-122.346,1800,2752,12.733165241760036
3,2.75,2590,223027,2.0,0,0,3,9,2590,0,1983,-122.001,3410,212137,13.732128949025222
4,2.5,2360,10000,1.0,0,3,3,8,1980,380,1977,-122.374,2480,5000,13.358225701126313
2,2.0,1070,649,2.0,0,0,3,9,720,350,2008,-122.357,1070,928,12.468244583811861
2,2.0,860,3000,1.0,0,0,3,6,860,0,1906,-122.288,1290,3500,12.66349749256905
4,2.0,1830,4590,2.0,0,0,3,8,1830,0,1908,-122.327,1650,4590,13.458835614025542
3,2.25,1870,3230,2.0,0,0,3,7,1870,0,1997,-122.167,1620,3363,12.572103684392932
2,2.5,2305,5580,1.0,0,0,3,8,2305,0,2007,-122.024,1440,5748,13.465953081794405
4,1.0,1440,7100,1.5,0,0,3,7,1440,0,1906,-122.396,1490,5000,13.122363377404328
1,1.0,920,5000,1.0,0,3,4,7,920,0,1906,-122.352,1890,5000,13.190022025878143
4,2.5,2410,7517,2.0,0,0,3,8,2410,0,1983,-122.142,2420,8095,12.994530005894443
3,2.5,2260,33042,1.0,0,0,3,9,1660,600,1986,-122.086,2600,40115,13.321214236149494
4,3.5,2710,5722,2.0,0,0,4,8,2040,670,1997,-122.302,2500,5722,13.198398063680326
3,1.0,1200,9087,1.0,0,0,5,7,1200,0,1969,-122.177,1250,11826,12.736406735684207
3,1.75,2080,7700,1.0,0,0,5,7,1600,480,1968,-122.178,1680,7700,12.96383646917609
4,2.25,2070,8893,2.0,0,0,4,8,2070,0,1986,-122.162,2390,7700,12.80765263256463
3,1.75,1270,4800,1.0,0,0,3,7,1270,0,1953,-122.361,1490,4800,12.721885810807203
4,3.5,2770,10505,2.0,0,0,3,8,2770,0,1940,-122.355,1760,10505,12.560244459250788
3,1.5,1470,9570,1.0,0,0,3,7,1280,190,1941,-122.306,1390,9570,13.034624463096321
4,2.25,1860,9576,1.0,0,0,3,7,1400,460,1962,-122.284,1860,9576,12.425208175446844
3,1.0,1410,8250,1.0,0,0,3,7,1410,0,1954,-122.36,1580,8250,12.691580461311874
4,2.5,2310,6320,2.0,0,0,3,8,2310,0,1997,-122.167,1850,6181,12.706847933442663
3,2.75,2290,34548,2.0,0,3,4,7,2290,0,1984,-122.163,399,275299,13.19188944005294
3,1.0,1560,3825,1.5,0,0,3,8,1390,170,1930,-122.387,1700,5100,13.710150042306449
3,1.5,1952,8613,1.0,0,0,4,7,1652,300,1960,-122.29,1400,8712,12.508027377268673
2,1.5,1400,1650,3.0,0,0,3,7,1400,0,1999,-122.29,1430,1650,12.621488084491506
4,2.5,2620,19864,2.0,0,0,4,8,2620,0,1984,-122.122,2500,13285,13.38472764187182
3,2.5,1930,6604,2.0,0,0,3,7,1930,0,2014,-122.351,910,6604,13.217673557208654
3,1.75,2050,6720,1.0,0,2,3,7,1050,1000,1939,-122.235,2380,7260,12.691426603322494
3,2.5,1530,2913,2.0,0,0,4,7,1530,0,1986,-122.184,1370,3783,12.845291484064564
3,2.5,2400,7745,2.0,0,0,3,9,2400,0,2001,-122.173,2080,8615,13.527828485512494
5,3.0,3900,5250,1.5,0,1,5,8,2620,1280,1931,-122.389,1950,5700,13.652991628466498
4,2.5,2920,24074,2.0,0,0,3,9,2920,0,1997,-122.056,2760,26023,13.226723392728571
4,2.5,3250,4500,2.0,0,0,3,8,3250,0,2009,-122.149,3030,4518,13.159659162148026
2,1.0,970,3279,2.0,0,0,3,7,790,180,2007,-122.383,1150,1351,12.621025931510646
4,3.25,3080,4287,2.0,0,0,3,10,2230,850,2012,-122.076,2250,2520,13.62918097977278
3,1.75,1620,5000,1.0,0,0,3,7,920,700,1954,-122.372,1610,5000,13.149978544437301
2,1.0,1802,11225,1.0,0,0,3,7,1802,0,1961,-122.323,1810,7332,12.676076274775909
5,1.75,1850,14800,1.5,0,0,3,6,1760,90,1937,-122.321,1250,14800,12.66032791780777
3,2.75,2210,7660,1.0,0,1,4,7,1460,750,1968,-122.4,2110,8750,13.473020249017498
4,2.75,2240,8162,2.0,0,0,5,7,1380,860,1946,-122.34,1550,8163,12.577636201962656
3,2.5,2120,3600,2.0,0,0,3,9,2120,0,2005,-122.082,2540,4592,13.42984807715229
5,3.5,3280,4000,2.0,0,0,3,9,2440,840,2003,-122.396,1980,4000,13.804449610604848
3,2.25,1900,3960,1.5,0,0,3,8,1200,700,1905,-122.298,1310,3960,13.270783382522602
3,1.75,2240,6050,1.0,0,0,4,8,1250,990,1950,-122.4,1720,6050,13.345506928718539
4,4.0,4420,5940,2.0,0,0,3,10,3410,1010,2006,-122.072,4510,5797,13.720650276940313
4,2.5,2680,7700,2.0,0,0,4,8,2680,0,1990,-122.17,2400,7700,12.80353457595571
4,2.25,1780,10260,2.0,0,0,3,8,1780,0,1971,-122.142,2360,10080,13.329377546788654
4,2.25,2260,41984,1.0,0,0,4,9,2260,0,1967,-122.171,2650,37318,13.737549016494562
2,1.0,1010,4000,1.0,0,0,3,6,1010,0,1911,-122.267,1040,4000,12.86099861326992
4,2.0,1940,6350,1.0,0,0,4,7,970,970,1951,-122.357,960,6350,13.008074231002201
3,2.5,2150,161607,2.0,0,0,3,7,1330,820,1995,-121.937,2400,207781,13.148031124152906
3,2.0,1630,7599,1.0,0,0,3,10,1630,0,2006,-122.376,2030,7599,13.550828609741554
2,1.75,2470,4600,1.0,0,3,4,7,1140,1330,1916,-122.378,1790,5175,13.29967239237474
4,3.0,1984,4419,2.0,0,0,3,7,1984,0,2010,-122.213,2440,4418,12.611537753638338
3,1.75,2040,273556,1.0,0,0,3,7,2040,0,1997,-122.469,1790,273556,13.055154627710879
4,2.0,2100,12620,1.0,0,0,4,7,2100,0,1972,-122.173,1720,7840,13.122363377404328
3,2.0,1420,1369,2.5,0,0,3,9,1340,80,2007,-122.357,1540,2168,13.217673557208654
2,2.0,1680,4950,1.0,0,0,3,8,1680,0,2006,-122.022,1570,4800,13.180632285528304
4,3.5,4740,8611,2.0,0,3,3,11,3640,1100,2006,-122.07,4042,8321,14.114874135189893
3,1.75,1700,6120,1.0,0,0,3,7,1700,0,1952,-122.397,1330,6120,13.122363377404328
4,2.25,2060,11385,1.0,0,0,4,7,1200,860,1962,-122.363,2110,11385,12.48559653028049
4,1.75,1540,5120,1.0,0,0,5,6,770,770,1943,-122.372,1080,5120,12.886641043883259
4,2.5,2210,4861,2.0,0,0,3,9,2210,0,2013,-122.364,1590,5080,13.38472764187182
2,1.0,720,4592,1.0,0,0,4,6,720,0,1943,-122.404,1030,5816,12.945626198904275
3,1.5,1890,9450,1.0,0,0,3,7,1090,800,1957,-122.341,1470,8100,12.506177237980511
3,1.75,1570,7775,2.0,0,0,3,7,1570,0,1982,-122.216,1580,8622,12.479909311159902
3,1.75,1260,8400,1.0,0,0,3,7,1260,0,1954,-122.335,1290,8750,12.57418196709457
3,1.75,2270,9000,1.0,0,0,4,8,1330,940,1978,-122.381,2090,8400,12.460714863903755
3,1.5,3430,264844,1.0,0,2,3,7,2230,1200,1988,-121.723,1660,145926,13.17020070681849
2,2.5,980,1013,3.0,0,0,3,8,980,0,2008,-122.387,980,1023,12.721587258782296
4,2.5,2440,6651,2.0,0,0,3,9,2440,0,2014,-122.371,1350,7653,13.35605114259421
3,2.5,2070,4944,2.0,0,0,3,9,2070,0,1930,-122.284,3300,6179,14.038654109278484
2,1.5,1200,6380,1.0,0,0,3,7,1200,0,1929,-122.319,1290,6598,12.80765263256463
4,2.5,2570,13450,1.0,0,4,3,8,1510,1060,1948,-122.285,3470,12615,13.58609739363647
3,2.0,1980,12150,1.0,0,0,3,9,1980,0,1994,-122.152,2200,12150,13.081333027846338
5,3.0,1810,3000,2.0,0,0,3,7,1810,0,1998,-122.291,1670,3000,12.799399490807907
4,2.25,2100,12172,1.0,0,0,5,9,2100,0,1961,-122.227,2400,10713,13.893397096621346
3,1.75,2430,5000,2.0,0,0,4,7,1760,670,1945,-122.372,1320,4062,13.347105650082236
6,4.5,3300,7561,2.0,0,0,3,8,3300,0,1980,-122.104,2470,7561,13.142166004700508
4,3.5,3470,7396,2.0,0,3,3,8,2520,950,1979,-122.279,2360,10541,13.604789526648622
3,3.25,3320,15022,2.0,0,0,3,10,3320,0,1989,-122.341,3430,15018,13.541073712262515
4,2.5,3100,7807,2.0,0,0,3,9,3100,0,2003,-122.227,3100,7807,13.592367006650065
3,1.75,1900,8910,2.0,0,0,4,7,1900,0,1988,-122.145,1610,8586,12.345617172968069
3,3.0,2780,6000,2.0,0,0,3,9,2780,0,2013,-121.886,2850,6000,13.296091449080134
4,2.5,1890,4158,2.0,0,0,3,8,1890,0,2014,-122.056,2720,4549,12.650277581954269
4,2.5,1914,3272,2.0,0,0,3,8,1914,0,2009,-122.189,1714,3250,12.611537753638338
3,1.5,1690,10500,1.0,0,0,4,7,1690,0,1967,-122.165,1570,10500,13.048824474069459
4,3.5,2210,7597,1.0,0,0,4,9,1550,660,1977,-122.197,2370,8811,13.9108207377686
3,2.5,1920,5322,2.0,0,0,3,8,1920,0,1999,-122.195,1920,5000,12.688498794774466
3,1.75,2320,55847,1.0,0,2,4,8,2320,0,1960,-122.253,2400,26112,13.202098345423183
4,2.5,2990,7231,2.0,0,0,3,9,2990,0,2001,-122.032,3160,8339,13.45597438174451
6,2.0,1900,8240,1.0,0,0,2,7,1200,700,1964,-122.296,1900,8240,13.384650715836164
2,1.75,1820,6050,1.0,0,0,3,7,910,910,1950,-122.323,1730,6050,13.12237737730633
3,2.25,1820,9694,1.0,0,0,3,7,1240,580,1977,-122.05,1820,9694,12.936033799212835
3,3.25,1290,1230,2.0,0,2,3,9,1090,200,2008,-122.37,1710,1797,13.287877815881902
3,1.0,1140,8366,1.0,0,0,5,6,1140,0,1943,-122.177,960,7200,12.388185847286392
3,1.5,2790,6900,1.0,0,2,3,8,1700,1090,1955,-122.288,2410,8100,13.235692062711331
3,1.0,910,7620,1.0,0,2,3,7,910,0,1971,-122.343,1660,7620,12.577636201962656
5,3.5,3610,52595,2.0,0,0,4,7,3610,0,1989,-121.907,1620,60112,13.282780098810234
5,2.0,1720,9972,1.0,0,0,4,8,1720,0,1951,-122.218,2700,9023,13.64709190633931
3,2.0,2310,10525,2.0,0,0,5,7,2310,0,1965,-122.174,1430,10523,13.348701819615057
3,1.0,1240,9198,1.5,0,0,4,7,1240,0,1959,-122.297,1170,8970,12.128111104060462
3,2.5,1750,3354,2.0,0,0,4,7,1750,0,1991,-122.199,1750,4286,13.296316684527767
5,2.0,2740,3838,1.0,0,0,4,7,1370,1370,1959,-122.393,1660,4040,13.142166004700508
3,2.5,2540,4775,2.0,0,0,3,7,2540,0,2006,-122.052,2270,5000,12.644327576461329
2,1.0,700,5200,1.0,0,0,5,6,700,0,1952,-122.175,1030,5200,11.951180395901384
5,4.75,6390,13180,2.0,0,0,3,10,4560,1830,1940,-122.291,4010,8137,14.7182498828867
3,3.25,1550,1280,2.0,0,0,3,9,1220,330,2013,-122.384,1550,1579,13.253391639810733
3,1.75,1340,7473,1.0,0,0,4,7,1340,0,1973,-122.206,1510,8240,12.314927050442256
3,1.75,1970,7100,1.0,0,0,3,7,1590,380,1976,-122.172,1790,7455,12.9190224533863
6,2.75,2520,54160,2.0,1,4,3,7,2520,0,1954,-122.376,2790,26809,13.790192749979985
2,1.0,860,3880,1.0,0,0,4,6,860,0,1916,-122.391,1230,4260,12.948009990259552
3,1.5,2240,87625,1.5,0,0,2,7,1480,760,1980,-122.094,1920,110206,12.721885810807203
3,2.25,1550,1485,3.0,0,0,3,8,1550,0,2011,-122.346,1550,1480,12.84792653170257
4,2.75,2420,5773,2.0,0,0,3,8,2420,0,2005,-122.029,2420,6200,12.837344422372032
5,1.5,2540,6660,2.0,0,3,4,8,2340,200,1954,-122.393,2460,9000,13.928839243271277
3,1.75,2160,22702,1.0,0,0,4,7,2160,0,1981,-121.982,1820,22687,12.468436909997665
2,1.0,790,7500,1.0,0,0,3,6,790,0,1950,-122.198,1970,8970,12.411052226216713
3,2.25,2320,38186,2.0,0,0,3,8,2320,0,1980,-122.068,2875,37523,13.321214236149494
5,3.0,3690,49709,1.0,0,2,3,9,2690,1000,1960,-122.32,2590,8691,13.262125319779487
4,2.5,3420,9575,2.0,0,0,3,11,3420,0,1994,-122.095,3310,8192,13.779883380321124
3,1.75,1390,11700,1.0,0,0,4,7,1390,0,1966,-122.192,1060,8686,13.017002861746503
2,1.75,1850,2530,2.5,0,0,4,7,1850,0,1903,-122.31,1500,1795,13.112313041550827
4,2.5,2260,9686,1.0,0,0,4,7,1520,740,1965,-122.218,1750,9916,12.323633434269318
3,2.5,1600,6315,2.0,0,0,3,8,1600,0,2013,-122.198,1608,4300,12.567237494741757
3,1.0,1820,5750,1.0,0,0,3,7,1120,700,1918,-122.383,1500,5750,13.184398768323781
3,2.0,1110,8375,1.0,0,0,5,7,1110,0,1951,-122.297,1410,7734,13.132313708257497
2,1.0,1510,4080,1.0,0,0,3,7,1010,500,1923,-122.329,1660,4080,13.45597438174451
4,1.0,1010,7515,1.0,0,0,4,6,1010,0,1955,-122.316,1330,7515,12.421184025147118
4,2.0,2270,18450,1.0,0,0,3,7,2270,0,1961,-122.262,2150,18450,12.834681304952548
3,1.75,1740,8560,1.0,0,0,3,8,1500,240,1948,-122.409,2240,5800,13.62584409325319
3,2.25,1810,8158,1.0,0,0,3,8,1450,360,1984,-122.038,1740,9532,13.13626628257332
4,2.5,3320,11901,2.0,0,0,5,9,2650,670,1977,-122.16,2700,11114,13.656045783313248
3,2.0,1270,1323,3.0,0,0,3,8,1270,0,2006,-122.342,1330,1323,12.793859310432293
2,3.25,1400,1243,3.0,0,0,3,8,1400,0,2000,-122.353,1400,1335,13.07064894171765
3,2.5,2550,4240,2.0,0,0,3,7,2550,0,2006,-122.169,2550,4240,12.691580461311874
3,2.5,1560,9600,1.0,0,0,3,7,1210,350,1964,-122.27,2070,9600,12.691426603322494
3,1.5,1660,8000,1.0,0,0,4,7,1120,540,1976,-122.172,1900,7500,12.392552212472792
3,2.0,1640,4218,1.0,0,0,4,7,910,730,1941,-122.344,1670,4000,13.37700559577791
3,2.0,1700,8448,1.0,0,0,3,7,1700,0,1996,-122.011,1350,8587,12.409013489526863
2,1.0,870,5635,1.0,0,0,3,7,870,0,1948,-122.398,1310,5750,12.721437949338195
2,2.25,2460,16940,1.5,0,4,4,9,1930,530,1936,-122.404,2260,6851,14.130321297804308
4,2.0,1450,7560,1.0,0,0,3,7,1450,0,1967,-122.276,1430,7560,12.367128004530962
3,1.5,880,6600,1.0,0,0,5,6,880,0,1945,-122.247,1020,6600,12.441144767709657
2,1.75,1350,4003,1.0,0,0,3,8,1350,0,2004,-122.033,1350,4479,12.947890935553772
4,2.5,2400,7292,1.0,0,0,3,8,1530,870,1980,-122.339,1710,7909,12.936033799212835
3,2.0,2240,5200,1.0,0,0,3,7,1630,610,1954,-122.296,1470,3775,12.834681304952548
3,2.5,3160,13603,2.0,0,0,3,8,3160,0,2003,-121.977,3050,9232,13.098070684835283
3,1.5,1370,4790,2.0,0,0,4,7,1370,0,1982,-122.164,1370,3799,12.779873068457553
3,1.0,1480,15416,1.0,0,2,4,8,1480,0,1955,-121.987,1190,10758,12.400816722322686
2,1.0,810,5060,1.0,0,0,3,6,810,0,1941,-122.394,900,5060,13.132313708257497
3,2.25,1440,1362,3.0,0,0,3,7,1440,0,2014,-122.365,1180,2603,13.058358047428417
2,1.0,700,3000,1.0,0,0,4,6,700,0,1918,-122.346,1560,4500,12.644327576461329
2,1.0,740,6380,1.0,0,0,3,6,740,0,1912,-122.318,1800,6380,12.916568464424731
4,2.25,2370,11310,1.0,0,0,3,8,1550,820,1968,-122.289,1890,8621,13.309672475709322
3,1.0,940,2366,1.0,0,0,3,6,940,0,1916,-122.383,1500,5000,12.782686009834167
2,1.0,1650,5106,1.0,0,0,3,7,1090,560,1960,-122.309,1300,6947,12.983101310070822
3,3.25,4110,20900,2.0,0,0,3,9,2630,1480,2002,-122.187,2640,14700,13.737549016494562
2,1.0,1060,7200,1.0,0,0,4,6,1060,0,1951,-122.315,1850,8291,12.61152108683278
5,2.75,3430,15119,2.0,0,0,3,10,3430,0,1998,-122.032,3430,12045,13.652991628466498
4,3.5,1800,6400,2.0,0,2,3,8,1800,0,1984,-122.3,1700,4736,13.772603056952997
2,1.0,910,3600,1.0,0,0,4,7,910,0,1909,-122.361,1720,3600,13.312983737012978
3,2.5,1070,1155,2.0,0,0,3,7,720,350,2005,-122.385,1120,2594,12.706847933442663
3,1.0,970,7275,1.0,0,0,4,7,970,0,1970,-122.188,1750,7200,12.2783933071098
4,1.75,2080,8750,1.0,0,0,4,8,1330,750,1967,-122.291,1790,8750,12.611537753638338
3,1.0,1120,10576,1.0,0,0,4,7,1120,0,1969,-122.072,1300,10000,12.676076274775909
5,3.0,2660,7700,1.5,0,0,4,7,1670,990,1962,-122.174,1610,7700,12.721885810807203
4,2.5,2382,5899,2.0,0,0,3,8,2382,0,2011,-122.295,2382,5897,12.751299696013497
3,2.25,2260,54014,1.0,0,0,3,7,1450,810,1962,-122.131,2140,44431,13.149978544437301
3,2.25,1370,6600,2.0,0,0,4,7,1370,0,1993,-122.035,1370,6600,12.628067055589549
3,1.75,1820,9545,1.0,0,0,3,7,1230,590,1976,-122.296,1790,9530,12.765688433465597
3,1.75,1300,7030,1.0,0,0,3,7,1300,0,1968,-122.179,1450,7650,12.86099861326992
4,3.25,3490,7024,2.0,0,0,3,10,3490,0,2006,-121.972,3450,6866,13.521139497361697
3,1.75,1990,9594,1.0,0,0,3,8,1190,800,1977,-122.137,1930,9765,13.137251989898079
4,1.0,1560,4080,1.5,0,0,3,7,1560,0,1923,-122.331,1890,4080,13.349498949988076
3,2.5,3000,25341,2.0,0,0,3,9,3000,0,1995,-122.013,3000,32417,13.514405465180353
3,1.0,660,6600,1.0,0,0,4,5,660,0,1940,-122.33,1320,6600,12.323855681186558
2,1.0,700,6046,1.0,0,0,3,6,700,0,1950,-122.34,990,6790,12.419165860990882
3,1.75,1490,1036,2.0,0,0,3,10,1090,400,2008,-122.403,1460,1206,13.16158409055761
2,1.0,940,9458,1.0,0,0,3,6,940,0,1948,-122.311,1450,9458,12.487485104968359
3,1.75,1620,7540,1.0,0,0,3,7,1310,310,1988,-122.052,1580,7540,12.460714863903755
3,2.5,2630,10047,2.0,0,0,3,9,2630,0,1996,-122.083,2640,10620,13.407542319637992
3,1.0,1660,8800,1.0,0,0,4,7,960,700,1963,-122.352,1370,10112,12.25462468611234
3,2.5,2460,138085,2.0,0,0,4,9,2460,0,1977,-122.007,2090,219542,13.312983737012978
3,1.75,1860,9629,1.0,0,0,4,7,1240,620,1961,-122.143,1940,9629,12.66032791780777
4,1.5,1740,8160,1.5,0,0,4,7,1400,340,1946,-122.363,1600,8160,13.151922179645874
4,2.75,2220,5310,1.0,0,0,5,7,1170,1050,1951,-122.294,1540,4200,13.42984807715229
4,1.75,2350,54450,1.0,0,0,4,7,1250,1100,1971,-122.005,2180,50529,13.01477816672439
5,2.5,2780,12335,1.0,0,0,4,8,1590,1190,1968,-122.128,2750,9930,13.274225726713574
4,4.25,4420,5750,2.0,0,0,3,10,3410,1010,2006,-122.073,4420,5750,13.698976741708323
5,2.5,2720,8120,1.0,0,0,3,7,1360,1360,1970,-122.308,2020,8120,12.969212197910155
4,2.75,2880,5750,1.5,0,0,5,9,1710,1170,1928,-122.387,1640,5750,13.732128949025222
3,2.5,3030,45004,2.0,0,0,3,9,3030,0,1987,-122.093,3080,35781,12.524435463425318
3,2.0,1130,16875,1.0,0,0,4,7,1130,0,1947,-122.3,1600,14300,12.764258840656002
3,2.5,2970,11985,1.0,0,0,3,9,1770,1200,1995,-122.052,2990,12049,13.521139497361697
4,2.25,2540,228254,1.0,0,0,3,8,1450,1090,1990,-121.912,1780,59241,13.199324418540456
4,1.75,1900,7313,1.0,0,0,3,7,1900,0,1973,-122.232,1420,7384,12.736700896592344
2,2.0,1340,5350,1.5,0,0,3,8,1340,0,1941,-122.403,2210,5350,13.292106151991423
5,1.75,2350,7800,1.0,0,0,4,8,1510,840,1968,-122.107,2220,8400,13.533147646990093
2,2.0,1350,4220,1.0,0,0,3,8,1350,0,2004,-122.034,1350,4409,13.081541382884074
4,3.5,3830,8963,2.0,0,0,3,10,3120,710,2014,-122.197,2190,10777,14.346138809026444
4,2.0,2240,11040,1.0,0,0,5,8,1120,1120,1961,-122.168,1790,11040,13.383187995686226
2,2.0,1480,6075,1.0,0,0,5,7,740,740,1919,-122.276,1230,6053,12.528156144699286
4,1.5,1490,7560,2.0,0,0,3,7,1490,0,1966,-122.318,1490,7689,12.464583340681674
3,1.0,1210,6650,1.0,0,0,3,6,1210,0,1959,-122.12,990,7590,12.779873068457553
4,2.0,1790,2250,1.0,0,2,4,7,840,950,1909,-122.345,1440,1545,13.071070083016778
3,1.0,1400,9750,1.0,0,0,3,7,1400,0,1968,-122.304,1640,8050,12.441144767709657
4,1.0,2050,7590,1.0,0,0,3,7,1280,770,1957,-122.224,2050,7800,12.706696406811568
4,3.25,2760,4104,2.0,0,0,3,8,1900,860,2014,-122.187,2760,5186,13.370784735902808
4,3.5,3560,7178,2.0,0,3,3,10,2590,970,2006,-122.107,3290,6978,13.632788921148979
2,2.5,1290,1445,3.0,0,0,3,8,1290,0,1999,-122.376,1470,1503,12.767115985456782
3,2.5,2620,9112,2.0,0,0,3,9,2620,0,1995,-122.116,2620,9067,13.51169910358261
4,1.75,1560,7200,1.0,0,0,3,6,860,700,1943,-122.279,1420,7200,13.038981768465277
3,1.75,2040,42693,1.0,0,2,3,10,2040,0,1980,-122.12,2640,11957,14.093142294562554
4,1.75,2340,7200,1.0,0,0,3,8,1590,750,1960,-122.369,1970,7800,12.577636201962656
2,2.5,2395,6143,1.0,0,0,3,8,2395,0,2003,-122.029,2170,6162,13.592367006650065
3,2.0,1430,7905,1.0,0,0,4,7,1430,0,1988,-122.145,1870,8400,12.206072645530174
4,2.25,1900,8600,1.0,0,0,4,8,1900,0,1975,-122.381,2120,8000,12.506177237980511
2,1.5,750,2964,1.0,0,0,5,5,750,0,1919,-122.277,1350,3090,12.461896336233012
4,1.75,2290,9215,1.0,0,0,5,8,1270,1020,1969,-122.051,2290,10200,13.122363377404328
4,1.5,1310,8250,1.0,0,0,3,7,1060,250,1953,-122.332,1260,8255,12.434004713576181
3,1.0,860,5200,1.0,0,0,5,6,860,0,1969,-122.078,1010,5200,12.14950229404178
1,1.0,570,4080,1.0,0,0,3,5,570,0,1942,-122.334,890,5100,11.407009239378679
4,2.5,1630,5361,2.0,0,0,3,7,1630,0,1999,-122.294,1920,5046,12.697715449879391
3,1.0,1210,7636,1.0,0,0,4,7,1210,0,1952,-122.266,1530,5900,13.033532163697712
4,1.75,2040,15000,1.0,0,0,4,7,1360,680,1967,-122.189,2310,15000,12.779873068457553
3,2.5,1590,3381,2.0,0,0,3,7,1590,0,2000,-121.986,1820,3383,12.611537753638338
4,2.0,2310,31850,1.5,0,0,4,8,2310,0,1984,-122.122,2710,36042,13.369223455335854
3,2.0,2590,3750,1.5,0,0,5,7,1790,800,1904,-122.353,2440,4000,13.693342923990066
3,2.0,1610,5100,1.5,0,0,5,8,1610,0,1940,-122.307,1740,5100,13.444446876573442
3,1.75,1970,10800,1.0,0,0,4,7,1300,670,1979,-122.172,1970,8768,12.765688433465597
2,1.0,710,1131,2.0,0,0,4,7,710,0,1943,-122.329,1370,1173,12.899094818276968
2,1.0,1040,4600,1.0,0,0,4,6,1040,0,1950,-122.277,1390,5897,12.608198852372823
5,2.75,2920,5250,1.5,0,0,5,7,1800,1120,1911,-122.221,1220,5250,12.487485104968359
3,3.0,2230,1407,2.5,0,0,3,8,1850,380,2014,-122.017,2290,1407,13.36138027787483
4,1.75,1820,9824,1.0,0,0,5,7,1820,0,1968,-122.093,1410,11013,12.47227568630483
2,1.0,1070,2880,1.0,0,0,3,7,1070,0,1902,-122.324,2030,2880,12.765688433465597
3,2.0,2730,15677,2.5,0,3,3,9,2730,0,1976,-122.365,2040,12209,13.244581010128577
4,2.75,2090,8400,1.0,0,0,4,8,1240,850,1976,-122.123,2340,9000,13.321214236149494
3,2.75,2480,3240,1.5,0,0,3,9,1890,590,1929,-122.311,2160,3240,13.444446876573442
2,1.0,1510,3360,1.0,0,0,3,7,880,630,1924,-122.297,1330,3360,13.17115354157376
2,1.0,1050,5671,1.0,0,0,3,7,850,200,1949,-122.286,1850,5243,12.992254692057308
4,2.0,1870,6551,1.0,0,3,3,7,1870,0,2009,-121.977,2280,5331,12.513557345278134
3,1.75,1460,12367,2.0,1,4,4,8,1120,340,1970,-122.375,1970,18893,13.351886535682578
3,2.5,1320,2614,2.0,0,0,3,7,1320,0,2005,-122.283,1320,2533,12.611537753638338
3,1.0,1190,7560,1.0,0,0,5,6,1190,0,1958,-122.177,1190,7560,12.570715759118084
4,3.5,3550,11000,1.0,0,2,3,11,2260,1290,1999,-122.134,4100,10012,14.119312012295937
3,2.25,2400,12350,1.0,0,0,4,8,1420,980,1968,-122.192,2615,12043,13.466860471410342
3,2.5,2690,8577,2.0,0,0,3,9,2690,0,1987,-122.351,2570,8066,12.736700896592344
5,2.25,2590,7245,1.0,0,0,3,8,1510,1080,1973,-122.111,1930,7245,13.197470849891134
5,3.75,3360,6000,2.0,0,0,3,8,2640,720,1963,-122.277,1930,6000,13.493926933836812
3,1.75,2840,9800,1.0,0,0,4,7,1420,1420,1977,-122.119,1650,9590,12.506177237980511
4,3.25,3440,7661,2.0,0,0,3,11,3440,0,2006,-121.995,3580,6478,13.715690222682063
5,3.0,3010,7357,2.0,0,0,3,9,3010,0,2008,-122.33,2370,8050,13.3999193535571
3,2.25,2890,21480,2.0,0,4,3,8,1790,1100,1941,-122.381,2110,8107,13.885502929784309
4,2.0,1650,7200,1.0,0,0,3,7,1650,0,1964,-122.344,1410,7200,12.594730635321957
3,2.5,2260,5100,2.0,0,0,3,8,2260,0,2007,-121.968,2260,5100,12.983101310070822
4,1.0,1350,11507,1.0,0,0,3,7,1350,0,1966,-122.197,1320,25675,12.206072645530174
3,1.0,960,7314,1.0,0,0,5,6,960,0,1960,-122.221,990,7314,12.230765258120545
3,2.0,1340,2550,2.0,0,0,3,7,1340,0,1984,-122.38,1370,5100,13.112313041550827
3,2.0,1130,7200,1.0,0,0,4,6,1130,0,1944,-122.342,1270,7500,12.478006361013815
4,2.25,2270,9600,1.0,0,0,3,7,1290,980,1976,-122.355,1930,15000,12.62806377689565
3,2.5,2030,217805,1.0,0,0,3,9,2030,0,1999,-122.515,1870,109468,13.244581010128577
3,1.5,1980,10203,1.0,0,0,4,7,1680,300,1946,-122.046,1980,13664,13.253391639810733
3,1.75,2720,149410,1.5,0,0,3,9,2720,0,1988,-121.892,2560,149410,13.190022025878143
3,1.75,2710,9088,1.0,0,0,4,7,2060,650,1965,-122.272,1690,10454,12.535376392672774
3,2.0,2110,5800,1.5,0,0,4,7,1990,120,1927,-122.342,1620,4300,13.493926933836812
4,3.0,2250,7245,1.0,0,0,4,7,1250,1000,1963,-122.169,1960,7245,13.507625778194974
3,2.5,1360,3188,2.0,0,0,3,7,1360,0,1986,-122.096,1090,3188,12.946818804889398
3,1.5,1460,78408,1.0,0,0,4,7,1460,0,1963,-122.058,3320,7787,13.458835614025542
6,1.75,2400,7500,1.5,0,0,3,7,1400,1000,1975,-122.313,1980,7500,13.120361374733656
4,2.5,2520,3980,2.0,0,0,3,8,2520,0,2005,-122.07,2610,3980,13.302181803980165
5,4.5,4600,7810,2.0,0,0,3,9,3200,1400,2006,-121.86,4480,6324,13.5985975564007
2,2.5,2170,7665,1.0,0,2,3,8,2170,0,2013,-122.019,2300,7100,13.45166712454693
3,1.0,1030,15264,1.0,0,0,4,7,1030,0,1962,-122.168,1430,14840,12.388394202324129
4,2.5,3950,10856,3.0,0,0,3,10,3950,0,2013,-121.996,3200,10856,13.726132746813057
2,2.0,1280,4095,2.0,0,0,4,8,1280,0,1918,-122.393,1470,5500,12.959844447906553
4,1.0,1030,5750,1.0,0,0,3,7,1030,0,1971,-122.37,1250,5750,12.644327576461329
3,2.5,1610,1356,2.0,0,0,3,8,1240,370,2007,-122.361,1270,1314,12.676076274775909
4,2.5,2542,6120,2.0,0,0,3,8,2542,0,2014,-122.188,2419,8984,12.793720411897448
5,3.0,3850,14990,1.0,0,0,4,9,2290,1560,1964,-122.218,3010,15001,14.151982794585487
4,2.75,2410,5225,2.0,0,0,3,8,2410,0,2001,-122.151,2300,5378,12.845291484064564
4,2.25,3440,35025,2.0,0,0,3,10,3440,0,1988,-122.055,3210,35005,13.656514826473817
2,2.0,1670,3507,1.0,0,0,3,9,1670,0,2007,-122.003,2330,3889,13.199231821660906
2,1.0,820,4234,1.0,0,1,3,6,820,0,1951,-122.386,1550,4236,12.873773804758644
4,3.25,3860,17820,1.0,0,4,4,10,2630,1230,1975,-122.215,4590,23760,14.573977204644862
3,3.0,1820,1641,3.0,0,0,3,8,1540,280,2006,-122.358,1720,1501,13.345506928718539
3,3.0,1320,1071,2.0,0,0,3,7,1080,240,2003,-122.296,1780,7715,12.791077667470416
5,1.5,1500,7112,1.0,0,0,5,6,760,740,1920,-122.35,1200,7112,12.487485104968359
3,3.0,1280,1085,3.0,0,0,3,8,1280,0,2004,-122.346,1300,1310,13.186276703147982
3,2.5,2120,5277,2.0,0,0,3,7,2120,0,2005,-122.034,2370,5257,13.237476184504834
3,1.5,1360,7488,1.0,0,0,4,7,1050,310,1975,-122.275,1580,7508,12.380025952653611
5,3.5,3790,8200,1.0,0,1,3,8,2120,1670,2001,-122.19,1740,8676,13.064204463230796
4,1.75,1790,7175,1.5,0,0,3,6,1410,380,1900,-122.318,1790,8417,12.095141084822892
2,2.75,1950,1610,3.0,0,0,3,8,1950,0,2009,-122.302,910,1745,13.226723392728571
2,1.75,1130,276170,1.0,0,0,3,8,1130,0,2006,-122.027,2092,217800,13.244581010128577
3,1.5,1400,7550,1.0,0,0,4,7,1400,0,1953,-122.337,1730,7562,12.936636027475542
3,1.75,1770,29004,1.0,0,0,3,8,1770,0,1959,-122.364,2300,24534,12.2783933071098
6,4.5,3900,9100,2.0,0,0,3,8,2870,1030,1979,-122.137,2080,9216,13.38472764187182
2,1.0,690,5200,1.0,0,0,3,6,690,0,1918,-122.395,1380,5700,12.736700896592344
4,2.5,3160,7210,1.0,0,0,4,7,1880,1280,1969,-122.183,2070,7560,13.055154627710879
4,2.5,2440,7093,2.0,0,0,3,7,2440,0,1999,-122.204,1860,6072,12.644327576461329
3,2.5,2400,6182,2.0,0,0,3,8,2400,0,1998,-121.87,2420,5829,13.16733674304706
4,1.0,1540,2452,1.5,0,0,4,7,1540,0,1906,-122.348,1290,3360,13.244581010128577
3,1.75,1880,11249,1.0,0,0,3,7,1330,550,1985,-122.257,1870,14547,12.736700896592344
4,2.25,2260,16188,1.0,0,0,3,10,2260,0,1984,-122.112,2840,10158,13.567049198665774
3,2.25,1330,7200,1.0,0,0,3,7,900,430,1974,-122.364,1380,9570,12.594730635321957
4,2.5,2370,2971,2.0,0,2,3,9,2080,290,2008,-122.224,2970,7500,13.527761816623505
2,1.5,1220,5000,1.0,0,2,4,7,1220,0,1938,-122.348,2090,3850,13.270783382522602
3,2.0,2300,13418,1.0,0,0,3,8,1430,870,1955,-122.2,2140,9380,13.321214236149494
3,1.0,1250,7560,1.0,0,0,3,6,1250,0,1959,-122.173,1270,7615,12.479909311159902
5,2.5,2510,83231,1.0,0,0,4,7,1260,1250,1975,-121.984,2460,46431,13.142166004700508
2,2.0,1870,4950,1.0,0,0,3,8,1870,0,2006,-122.022,1670,4800,13.23560277301084
5,2.0,1810,4850,1.5,0,0,3,7,1810,0,1900,-122.394,1360,4850,13.180632285528304
5,3.25,2800,3200,1.5,0,0,5,10,1910,890,1932,-122.35,2450,3500,14.083244992606359
4,2.5,3510,13100,2.0,0,0,4,10,3510,0,1966,-122.227,3230,12745,14.042646130548022
5,2.0,2610,5009,1.0,0,0,3,7,1710,900,1988,-122.366,1600,5040,12.992254692057308
5,3.5,2880,10000,2.0,0,3,3,8,1980,900,1991,-122.223,2120,9535,12.992254692057308
2,1.0,2180,9300,1.0,0,0,4,7,1090,1090,1947,-122.371,1830,7378,13.102160670086809
3,2.5,1800,3265,2.0,0,0,3,8,1800,0,2014,-121.841,1800,3663,12.989330146390989
4,3.0,3070,7150,2.0,0,0,3,9,3070,0,2007,-122.107,3200,6984,13.652991628466498
3,1.5,1470,18459,2.0,0,0,4,6,1470,0,1916,-122.36,1750,16074,12.037653993905211
3,1.5,1310,9471,1.0,0,0,4,8,1310,0,1970,-122.148,2100,9449,13.169246963303179
3,1.75,1930,9600,1.0,0,0,3,8,1930,0,1958,-122.237,2350,9840,13.58609739363647
2,1.0,930,12724,1.0,0,0,4,6,930,0,1912,-121.909,1240,21828,12.349956515858752
4,2.0,2040,5050,1.0,0,0,5,7,1160,880,1937,-122.324,2040,5050,13.465953081794405
2,1.5,830,1858,2.0,0,0,3,7,830,0,2005,-122.314,1480,3030,12.72039215855042
4,2.5,2770,5612,2.0,0,0,3,7,2770,0,2001,-122.036,2770,5177,13.38472764187182
2,1.5,1620,1444,2.0,0,0,3,9,1080,540,2007,-122.309,1660,1642,13.17115354157376
4,2.5,3040,6000,2.0,0,0,3,9,3040,0,2007,-122.03,2640,6000,12.973863369085885
3,2.5,3400,5119,2.0,0,0,3,8,2300,1100,2014,-122.305,1740,5969,13.864300722133706
2,2.5,3180,9400,2.0,0,4,5,10,2610,570,1985,-122.158,3760,9450,14.224303456165114
4,2.75,2770,3852,2.0,0,0,3,8,2770,0,2014,-122.232,1810,5641,13.256894270361935
3,2.75,2120,7650,1.0,0,0,4,7,2120,0,1958,-122.178,1180,7650,12.821258284620408
4,2.0,2180,3870,1.0,0,0,3,7,1020,1160,1900,-122.303,1520,2580,13.232114241363448
3,1.0,1010,7903,1.0,0,0,3,6,1010,0,1948,-122.32,1010,7903,12.538967060803502
6,2.5,3180,9375,1.0,0,0,4,8,1590,1590,1967,-122.129,2670,9625,13.42984807715229
4,1.75,1800,28650,1.0,0,0,4,7,1800,0,1975,-122.166,1800,5234,12.594730635321957
3,2.5,2240,7500,2.0,0,0,3,8,2240,0,1985,-122.22,2190,7506,12.675920012567607
3,1.0,1160,10988,1.0,0,0,3,7,1160,0,1965,-122.165,1670,51376,12.793859310432293
3,2.5,2410,11900,1.0,0,2,4,9,1600,810,1989,-122.34,3090,11902,13.102160670086809
4,2.75,3130,13412,2.0,0,0,3,9,2140,990,1993,-122.102,2260,9984,13.635187003832993
3,1.75,2430,9133,1.0,0,0,4,7,1410,1020,1978,-122.157,1980,9592,12.721885810807203
3,3.25,2960,39370,2.0,0,0,3,10,2960,0,1989,-122.202,2960,56628,13.507625778194974
4,1.75,1830,6000,1.0,0,0,4,7,930,900,1939,-122.41,1540,6000,13.367659733359671
2,1.0,1220,10000,1.0,0,0,5,7,1220,0,1950,-122.241,2000,9600,12.706847933442663
4,2.75,2390,9300,1.0,0,0,3,8,1430,960,1979,-122.206,1910,9348,13.554309416806534
3,2.25,2060,31400,2.0,0,0,3,8,2060,0,1984,-122.056,2160,34500,13.235692062711331
3,2.25,1520,1464,2.0,0,0,3,8,1240,280,2010,-122.375,1710,1464,12.84792653170257
3,2.25,2220,16020,1.0,0,0,4,8,1780,440,1966,-122.217,2080,9583,12.691580461311874
2,1.0,860,6800,1.0,0,0,3,6,860,0,1943,-122.337,1220,6800,12.332705296463539
2,2.0,1610,6160,2.0,0,0,4,8,1610,0,1977,-122.13,1750,6305,13.017002861746503
6,3.0,2290,6344,2.0,0,0,3,7,2290,0,1980,-122.37,1360,3202,12.948009990259552
2,1.0,770,4840,1.0,0,0,4,7,770,0,1927,-122.376,930,4840,12.524526376648708
4,1.0,1470,5450,1.5,0,0,3,7,1470,0,1918,-122.306,2160,5450,13.458835614025542
2,1.0,830,2699,1.0,0,0,3,7,830,0,1996,-122.038,1030,3574,12.072541252905651
2,1.75,1820,8409,1.0,0,0,4,6,910,910,1948,-122.327,1300,8409,12.751299696013497
2,1.0,1020,8102,1.0,0,0,3,7,1020,0,1956,-122.193,1770,7291,12.644327576461329
4,1.5,1600,6180,1.5,0,0,3,6,1600,0,1946,-122.285,1410,6180,12.959844447906553
2,1.75,1590,11276,1.0,0,0,4,7,1590,0,1972,-122.21,1750,10687,12.326075437924871
5,3.25,3620,4650,2.0,0,0,3,8,2790,830,2004,-122.026,2850,4650,12.884106188280072
3,1.75,1490,10125,1.0,0,0,4,7,1490,0,1962,-122.284,2488,4981,12.122691036591123
3,2.5,2242,5744,2.0,0,0,3,8,2242,0,2012,-122.199,2009,5712,12.644327576461329
1,1.0,700,2550,1.0,0,0,3,6,700,0,1954,-122.383,1330,4110,12.936033799212835
3,2.5,2620,108464,2.0,0,0,4,8,2620,0,1990,-122.036,3190,105850,12.96453929221076
3,1.75,1740,29597,1.0,0,0,4,7,1740,0,1965,-122.115,1560,20741,12.765688433465597
2,1.5,940,5000,1.0,0,0,4,7,810,130,1925,-122.374,940,5026,12.8790171187726
4,3.5,2770,8049,2.0,0,0,3,9,2770,0,2002,-122.081,3410,7447,13.617059619240436
3,2.0,1170,10051,1.0,0,0,4,7,1170,0,1957,-122.324,1440,9800,12.206072645530174
3,2.0,1320,8568,1.0,0,0,3,7,1320,0,1993,-122.164,1600,8463,12.45488394359296
3,1.75,1490,9800,1.0,0,0,4,7,1140,350,1947,-122.198,2310,9800,13.521139497361697
4,1.75,1580,5340,1.0,0,0,3,7,1130,450,1947,-122.306,830,980,12.89921982609012
1,0.75,520,2885,1.0,0,0,4,6,520,0,1947,-122.378,980,4241,12.644327576461329
3,1.0,1160,10500,1.0,0,0,4,7,1160,0,1966,-122.227,1520,10500,12.661913960963405
5,2.25,2550,9200,1.0,0,0,4,8,1580,970,1975,-122.363,2090,9200,13.025852477023484
3,1.75,1800,7210,1.0,0,0,3,7,1370,430,1976,-122.17,1820,8100,13.132313708257497
4,2.75,3870,10046,2.0,0,0,3,11,3870,0,2005,-122.191,3560,10046,14.151947079662003
4,1.0,1430,4080,1.5,0,0,3,7,1430,0,1924,-122.324,1760,4080,13.411669130972207
3,2.0,1990,3000,1.5,0,0,3,7,1230,760,1908,-122.29,1600,4080,13.251635713108469
3,2.5,1280,5040,2.0,0,0,4,7,1280,0,1985,-122.276,1500,5040,12.936033799212835
3,1.0,1270,7344,1.0,0,0,3,7,970,300,1967,-122.371,1290,7300,12.293396473701849
4,2.75,3000,6222,2.0,0,0,3,9,3000,0,2004,-122.025,3340,7222,13.465953081794405
4,1.0,1450,32234,1.5,0,0,4,6,1450,0,1932,-122.21,1530,10125,12.551469227172218
4,3.5,3930,43560,2.0,0,0,3,10,3930,0,2003,-122.121,2860,36460,13.997832114758229
3,2.0,1260,22100,2.0,0,0,4,7,1260,0,1981,-122.354,1430,13000,12.533576212168626
3,2.5,2120,196995,1.0,0,1,3,9,2120,0,1997,-122.459,1304,92423,13.37700559577791
4,2.5,3240,35083,2.0,0,0,4,9,3240,0,1978,-122.154,3340,24501,13.790192749979985
2,1.0,1040,3200,1.0,0,0,3,7,1040,0,1926,-122.334,1890,4000,13.270783382522602
3,2.5,2660,10637,2.0,0,0,3,9,2660,0,1991,-122.22,2590,8637,13.296316684527767
5,4.75,5410,13431,2.0,0,0,4,10,5050,360,1941,-122.288,3750,11596,14.749542971314586
3,2.0,2300,5000,1.0,0,0,4,8,1150,1150,1938,-122.413,2300,5000,13.38472764187182
4,3.0,2120,7650,2.0,0,0,3,8,2120,0,1964,-122.14,2260,7885,12.594730635321957
2,2.0,1250,3360,1.0,0,0,3,7,1250,0,1957,-122.349,1250,3360,13.122363377404328
3,2.0,1390,2688,1.5,0,0,5,7,1390,0,1915,-122.366,1440,2900,13.217673557208654
4,5.0,4110,43560,2.0,0,0,4,11,4110,0,1978,-122.18,3650,43995,13.85668129166795
2,1.0,1340,8100,1.0,0,0,4,7,1340,0,1953,-122.37,1700,8100,12.990887014615943
5,2.5,2590,7084,2.0,0,0,3,8,2590,0,2014,-122.113,3010,4823,13.566254010792813
3,1.0,1150,4945,1.0,0,2,3,7,1150,0,1943,-122.379,1390,4945,13.081541382884074
3,2.5,1600,2231,2.0,0,0,3,7,1600,0,2003,-122.29,1600,2962,12.273731294003989
3,1.75,1810,3000,1.5,0,0,4,7,1810,0,1903,-122.363,1140,3000,13.208541073645382
4,2.5,3300,165528,2.0,0,0,3,8,3300,0,1984,-122.028,3030,144696,13.541073712262515
2,2.0,1690,4200,2.0,0,0,3,7,1690,0,1906,-122.303,1540,4200,13.044401835934616
3,1.75,1370,19550,1.0,0,0,3,7,1370,0,1978,-121.912,1430,17550,12.834681304952548
3,1.5,2040,6000,1.0,0,0,3,7,1340,700,1957,-122.286,1190,6000,12.721885810807203
5,2.5,1710,7700,1.5,0,0,3,7,1710,0,1962,-122.146,1530,7700,12.975370353663669
3,2.25,1370,7087,2.0,0,0,3,7,1370,0,1993,-122.035,1400,6600,12.48559653028049
4,2.5,2550,7500,1.0,0,0,3,8,1750,800,1976,-122.386,2260,8800,12.533576212168626
3,1.75,1630,9403,1.0,0,0,3,7,1630,0,1983,-122.316,1430,8461,12.7868906411162
4,2.5,2009,4800,2.0,0,0,3,8,2009,0,2012,-122.2,1798,4800,12.538967060803502
5,3.0,2795,15101,2.0,0,0,3,8,2795,0,1996,-121.972,2750,14567,13.239257128875828
3,2.0,1560,2589,1.0,0,0,3,7,790,770,1923,-122.344,1450,3893,13.311329476916953
2,1.0,770,8636,1.0,0,0,2,6,770,0,1951,-122.358,1110,8636,12.190959007720126
3,2.5,1730,6930,2.0,0,0,3,8,1730,0,1994,-122.308,1780,6930,12.460714863903755
5,4.0,3870,5929,2.0,0,0,3,10,3870,0,2014,-122.134,3600,5625,14.077790203467066
4,2.5,2320,12042,1.0,0,0,4,7,1320,1000,1975,-122.16,2160,7054,13.060487973686241
2,2.5,2350,2390,3.0,0,2,3,10,2000,350,2007,-122.286,1950,2390,13.864300722133706
3,1.75,1330,10523,1.0,0,0,3,7,1000,330,1981,-122.206,1320,8775,12.59642411582829
2,2.5,2380,9374,1.0,0,2,3,8,2380,0,2011,-122.019,1610,5000,13.614617615584883
3,2.25,2520,6690,2.0,0,2,5,8,1700,820,1944,-122.381,1990,5792,13.635187003832993
3,2.5,3490,8343,2.0,1,4,4,9,2150,1340,1939,-122.281,2990,13104,14.331323723241304
4,2.5,2780,6369,1.0,0,0,3,8,1590,1190,1978,-122.216,2170,7490,13.132313708257497
4,2.75,3640,231739,1.5,0,0,3,10,3640,0,1999,-122.018,2670,91040,13.567049198665774
1,1.0,850,8050,1.0,0,0,2,6,850,0,1906,-122.288,1590,5180,12.013700752882718
3,1.0,1130,10018,1.0,0,0,4,6,1130,0,1954,-122.275,1770,7700,12.332705296463539
3,1.0,1360,20000,1.0,0,0,4,7,1360,0,1953,-122.253,1530,9997,11.976659481202368
3,2.25,1430,4777,2.0,0,0,3,7,1430,0,2010,-122.152,1639,3854,12.779873068457553
5,2.5,2500,9583,1.0,0,0,3,7,1300,1200,1979,-122.312,2120,19352,12.367340793126296
4,2.0,1760,7700,1.0,0,0,4,7,1760,0,1962,-122.318,1870,7316,12.175613438045465
3,2.25,1333,1470,3.0,0,3,3,7,1333,0,2009,-122.302,1360,1680,12.732279371334467
5,3.25,4130,7197,2.0,0,0,3,10,4130,0,2012,-122.06,3730,7202,13.81049801614073
3,1.5,1550,9126,1.0,0,0,5,7,1550,0,1957,-122.0,1450,9282,12.409013489526863
3,1.75,1740,6800,1.5,0,0,4,7,1740,0,1949,-122.373,990,6800,13.017002861746503
3,2.5,1790,6191,2.0,0,0,3,8,1790,0,1992,-122.195,1790,6758,12.429216196844383
3,1.75,1620,10000,1.5,0,0,5,6,1620,0,1918,-122.262,1880,10000,12.896716695872
4,2.5,2090,3777,2.0,0,0,3,8,2090,0,2012,-122.042,2160,3993,12.834547962729536
2,1.0,860,10400,1.0,0,0,4,6,860,0,1983,-122.096,1390,9086,12.180754837545884
4,1.0,1680,4021,1.5,0,0,3,7,1680,0,1921,-122.332,1710,4021,13.458835614025542
3,2.5,1980,7309,2.0,0,0,3,7,1980,0,1993,-122.172,2060,9681,13.028052697933088
3,1.75,1790,5120,1.0,0,0,4,6,940,850,1949,-122.355,1160,5120,12.721885810807203
4,2.5,2580,15031,2.0,0,0,3,9,2580,0,1999,-122.094,3030,10361,13.458835614025542
3,1.75,1590,2500,1.5,0,0,4,7,1190,400,1908,-122.299,1420,3800,13.228523573232719
3,1.0,1240,4800,1.0,0,0,3,7,800,440,1951,-122.353,1440,4800,13.17115354157376
4,2.5,1850,7199,2.0,0,0,4,7,1850,0,1989,-122.172,1940,7432,12.629705057593787
3,2.75,3010,12432,1.0,0,0,4,8,1890,1120,1970,-122.108,2500,12432,13.521139497361697
3,2.5,3220,6409,2.0,0,0,3,9,3220,0,2008,-122.127,3330,6231,13.345506928718539
4,2.5,2440,6581,2.0,0,0,3,8,2440,0,2014,-122.334,1480,7432,13.42984807715229
3,3.5,3070,7050,1.0,0,3,3,8,1570,1500,1928,-122.276,2350,5881,13.652991628466498
3,1.0,1610,8500,1.5,0,0,3,7,1610,0,1959,-122.297,1070,8750,12.100712129872347
6,3.25,3140,14923,2.0,0,0,3,10,3140,0,1991,-122.133,2980,10758,13.738467513465961
3,1.75,1790,27427,1.0,0,0,3,7,1130,660,1978,-121.761,1610,16684,12.691580461311874
3,2.5,2230,5050,2.0,0,0,3,7,2230,0,2006,-122.055,2260,5050,12.717997664739466
4,2.5,2740,8400,1.5,0,2,3,8,2740,0,1993,-122.008,2030,8638,12.66032791780777
3,2.0,1380,7476,1.0,0,0,3,7,1380,0,1989,-122.272,1600,7227,12.513557345278134
4,2.75,3410,35040,2.0,0,0,3,9,3410,0,1984,-122.03,2580,37263,13.208541073645382
4,1.75,2230,6838,1.0,0,0,3,7,1320,910,1985,-122.118,1580,7500,13.235692062711331
3,2.5,3110,11727,2.0,0,2,3,9,3110,0,2002,-121.871,4240,13353,13.458835614025542
4,3.5,3130,4500,2.0,0,0,3,9,2060,1070,2014,-122.33,1500,4500,14.133964289082808
4,1.75,1400,7920,1.0,0,0,3,7,1400,0,1963,-122.184,1910,7700,12.468244583811861
3,1.0,1030,24750,1.0,0,2,3,5,1030,0,1943,-122.362,2810,28800,12.425208175446844
5,3.25,2820,3275,2.0,0,0,3,8,2230,590,2006,-122.284,2610,3275,13.042237332925044
4,2.25,2190,9009,2.0,0,0,4,8,1840,350,1977,-122.188,2190,10251,13.500799813124575
4,2.25,1820,8255,1.5,0,0,4,7,1320,500,1930,-122.337,1550,7628,12.8989397868828
4,2.5,3450,43216,2.0,0,0,3,9,3450,0,2000,-122.025,3030,50481,13.641157170819497
4,2.0,1850,7560,1.0,0,0,4,7,1540,310,1978,-122.277,1620,7658,12.429216196844383
3,2.5,2420,8252,2.0,0,0,3,7,2420,0,1998,-121.871,2420,5818,13.029370510555164
5,2.5,2340,1989,2.0,1,4,3,8,2340,0,1959,-122.257,2200,3230,13.764164630612687
3,2.75,2310,1850,2.0,0,0,3,10,2020,290,2011,-122.073,2340,2155,13.477236699396434
4,1.75,2400,9900,1.0,0,0,3,7,1250,1150,1957,-122.362,1960,9900,12.86747112777554
3,2.5,2270,7887,2.0,0,2,3,8,2270,0,2004,-121.855,2550,7133,13.091904169919621
3,2.75,2820,5348,2.0,0,0,3,9,2820,0,2008,-122.118,3140,5640,13.526494262499357
3,1.5,2390,32109,1.0,0,0,3,7,2390,0,1975,-122.102,1370,32109,12.89921982609012
4,3.5,4083,68377,2.0,0,0,3,10,4083,0,2005,-122.262,2430,41382,13.3645249345543
5,4.0,1680,7268,1.0,0,0,3,8,1370,310,2008,-122.356,2040,8259,13.208541073645382
4,2.0,2710,4750,1.0,0,0,4,7,1460,1250,1919,-122.305,1700,3800,13.394677972724988
4,2.75,2420,10962,1.0,0,0,3,8,1530,890,1977,-122.152,2620,13200,13.493926933836812
4,2.5,3160,6961,2.0,0,0,3,8,3160,0,2005,-122.01,3110,5058,13.454540689742661
3,1.0,990,4250,1.0,0,0,4,7,840,150,1924,-122.39,990,4500,12.896716695872
2,1.75,1450,15798,2.0,1,4,3,7,1230,220,1915,-122.375,2030,13193,13.39239051461739
2,2.25,1700,2383,2.0,0,0,3,8,1700,0,2005,-121.997,1700,2700,13.065793025915934
3,1.0,1170,6700,1.0,0,0,3,8,1170,0,1957,-122.29,2410,7620,12.936033799212835
3,2.5,1740,4497,2.0,0,0,3,7,1740,0,2012,-122.117,1950,4486,12.611371073081239
4,2.0,2310,5004,1.0,0,0,3,7,1430,880,1994,-122.298,1630,5060,12.994530005894443
4,2.75,3120,20031,1.0,0,2,4,9,1980,1140,1954,-122.242,3330,18777,14.27293540500315
5,3.0,3850,9457,2.0,0,0,4,9,2910,940,1963,-122.362,2830,9608,13.737549016494562
4,2.5,3430,7508,2.0,0,0,3,10,3430,0,1998,-122.11,3110,8741,13.608486388529947
3,1.0,1280,3200,1.5,0,0,3,7,1280,0,1903,-122.307,1320,1676,12.959844447906553
3,2.0,3200,18184,1.0,0,0,5,8,2000,1200,1977,-122.172,1670,7416,13.65475477908488
3,1.5,1970,22486,1.0,0,0,4,6,1970,0,1968,-122.089,1850,20160,12.57418196709457
3,2.25,2180,4200,1.5,0,0,5,8,1520,660,1939,-122.302,1850,4200,13.496681756515656
4,3.5,2720,9000,2.0,0,0,3,8,2670,50,1997,-122.297,1960,7772,13.471681324889492
5,2.5,2810,6000,2.5,0,0,3,9,2810,0,1907,-122.35,2240,4800,13.971659240454205
4,2.5,2370,6500,2.0,0,0,3,9,2370,0,1998,-122.173,2590,6137,12.70076888736628
2,1.75,2170,25732,1.0,0,2,4,8,2170,0,1952,-122.372,3020,23135,13.652991628466498
7,4.0,3150,34830,1.0,0,0,3,9,3150,0,1957,-122.147,2390,12054,13.81451005763069
4,2.25,2510,8165,1.0,0,0,4,7,1610,900,1972,-122.372,1940,8250,12.496295238126061
4,1.0,1040,4420,1.5,0,0,3,6,1040,0,1944,-122.368,1310,4920,12.889169490236618
5,1.5,2160,5000,1.5,0,2,4,8,2160,0,1926,-122.36,1450,4265,13.554145793829866
4,2.0,2130,9579,1.0,0,0,4,7,1250,880,1968,-122.271,1590,9800,12.358793732547838
5,2.0,2270,8652,1.0,0,0,3,7,1150,1120,1965,-122.151,1950,8050,13.148031124152906
5,3.75,3700,7920,3.0,0,4,3,9,2900,800,1983,-122.266,2860,6360,14.151982794585487
3,1.5,1750,7000,2.0,0,0,3,8,1750,0,1983,-122.346,1840,9305,12.468436909997665
4,2.5,2560,12760,1.0,0,0,4,7,1760,800,1949,-122.303,1760,6384,13.579788224443204
2,2.25,1260,1032,2.0,0,0,3,7,1170,90,2008,-122.072,1240,809,12.706696406811568
4,2.5,2350,4675,2.0,0,0,3,9,2150,200,1923,-122.305,2240,3848,13.687677186454389
4,2.25,2390,12292,1.0,0,0,5,9,2390,0,1962,-122.221,2870,12337,13.799381176034391
5,1.75,2870,9680,1.0,0,4,5,9,1440,1430,1966,-122.111,2940,9729,13.963930563082547
4,2.5,4010,37076,2.0,0,0,4,12,4010,0,1990,-122.106,4280,35326,14.09692301740246
3,1.5,1580,5000,1.0,0,0,3,8,1290,290,1939,-122.386,1570,4500,13.458835614025542
6,4.0,3180,6551,2.0,0,0,3,9,3180,0,2014,-122.023,3230,7602,13.664629527004639
2,1.0,1140,5100,1.0,0,0,3,7,1140,0,1942,-122.383,1230,5100,12.89921982609012
3,2.25,2670,7500,1.0,0,0,4,7,1640,1030,1966,-122.354,1970,9598,13.049792684569493
3,2.5,3090,384634,2.0,0,0,3,8,3090,0,2007,-121.927,2200,292645,13.398478813484644
3,1.5,970,8400,1.0,0,0,3,7,970,0,1966,-122.331,1230,8400,11.951180395901384
2,1.0,830,5610,1.0,0,0,3,6,830,0,1922,-122.367,1310,2793,12.524526376648708
3,1.0,990,9599,1.0,0,0,4,6,990,0,1959,-122.215,1216,10364,12.409013489526863
2,1.75,1894,52769,1.5,0,0,4,6,1520,374,1936,-122.273,1820,50529,12.542544882151386
3,1.0,2298,10140,1.0,0,0,3,7,2298,0,1969,-122.083,2580,24724,12.826649133255284
3,1.0,1360,3880,1.0,0,0,3,7,1060,300,1963,-122.391,1110,3880,13.053977464537864
3,3.5,2620,10137,2.0,0,0,3,8,1970,650,1992,-122.371,1960,7680,13.195613839143922
4,1.75,1950,13320,1.0,0,0,4,8,1370,580,1969,-122.139,2120,12051,13.36138027787483
4,1.0,1740,8100,1.0,0,0,4,7,1020,720,1962,-122.185,1600,8949,12.468436909997665
4,2.0,1280,7560,1.0,0,0,5,6,1280,0,1959,-122.175,1250,7690,12.425208175446844
3,1.75,2580,11000,1.0,0,0,4,7,1290,1290,1951,-122.181,2280,17643,13.038764353528014
4,2.75,3160,8429,1.0,0,3,4,7,1620,1540,1982,-122.251,1760,6780,13.221303325259232
3,1.75,2050,11313,1.0,0,0,3,7,1520,530,1987,-122.358,1620,8065,12.437184366493561
3,2.0,2860,24046,1.0,0,0,3,9,1700,1160,1985,-121.904,1460,13648,12.575133071744538
3,2.5,2530,9932,2.0,0,0,3,8,2530,0,1995,-122.16,2140,7950,13.483528226615913
3,1.5,1950,7620,1.0,0,0,4,7,1010,940,1956,-122.346,1850,7620,12.524526376648708
3,1.75,1440,11325,1.0,0,0,4,8,1440,0,1966,-122.279,1440,20000,12.4130868149145
4,3.0,2580,6740,2.0,0,0,3,8,2580,0,1999,-122.185,2010,6740,12.793859310432293
3,1.0,1360,13000,1.0,0,0,5,6,1360,0,1945,-122.033,1890,19650,13.353475098367715
2,1.0,1680,6500,1.0,0,0,4,7,1140,540,1941,-122.388,1610,6500,13.151922179645874
4,2.5,3350,46748,2.0,0,0,3,10,3350,0,2004,-122.025,3350,39683,13.38472764187182
3,3.0,1730,1442,2.0,0,0,3,8,1440,290,2008,-122.348,1370,1524,12.7868906411162
3,1.75,1130,5111,1.0,0,0,4,7,930,200,1942,-122.4,1360,4424,13.244581010128577
4,3.0,2040,5050,1.0,0,0,3,8,1490,550,1993,-122.175,2020,6118,12.577463773304586
4,1.75,2090,8164,1.0,0,0,4,8,1070,1020,1963,-122.155,1310,7975,13.272506035834049
5,2.5,4310,28008,2.0,0,0,3,10,4310,0,1988,-122.056,3170,28559,13.937728190688523
3,2.5,3150,21893,2.0,0,0,3,9,3150,0,2006,-121.901,2280,21886,13.180632285528304
4,2.5,2800,17279,1.0,0,2,3,7,1560,1240,1957,-122.269,3060,13423,12.992254692057308
3,2.5,1790,3962,2.0,0,0,3,8,1790,0,1992,-122.391,1340,3960,13.277656261810364
3,2.25,1800,7371,1.0,0,0,3,7,1280,520,1979,-122.145,1960,7675,12.959844447906553
4,2.25,2500,4046,1.5,0,0,4,7,1520,980,1940,-122.382,1410,4046,13.414286444113364
3,2.25,2220,10530,1.0,0,0,4,8,1700,520,1974,-122.098,2500,10014,13.513053199930338
3,3.5,2840,4468,3.0,0,0,3,10,2840,0,2006,-122.117,3040,5400,13.483597910599078
4,2.25,1770,7778,2.0,0,0,3,7,1770,0,1998,-122.201,1770,7591,12.765688433465597
4,1.5,1220,3780,1.5,0,0,3,7,1220,0,1927,-122.36,1400,3185,13.087771932634709
3,2.25,1700,3333,1.5,0,0,3,7,1100,600,1924,-122.361,1700,3750,13.262125319779487
3,2.25,1520,14080,2.0,0,0,3,7,1520,0,1984,-122.059,1530,9758,13.010313873595706
3,2.5,2420,10733,2.0,0,0,3,8,2420,0,1996,-122.035,1950,8534,12.936033799212835
3,1.75,1550,7820,1.0,0,0,4,7,1210,340,1981,-122.163,1550,6900,12.994530005894443
3,1.0,1390,12823,1.0,0,0,4,7,1390,0,1968,-122.075,1390,10095,12.672946381766982
3,2.0,1239,6036,1.0,0,0,3,7,1239,0,2009,-122.175,2060,5746,12.441543897532917
4,2.25,2870,6000,1.0,0,0,5,8,1730,1140,1951,-122.282,2370,5500,14.050582680143757
3,2.75,3370,5350,1.5,0,1,4,7,2310,1060,1910,-122.39,1720,5618,13.422467969854667
4,2.5,1900,5790,2.0,0,0,3,8,1900,0,1994,-121.996,2030,5790,13.191516236092646
4,2.5,3040,7200,2.0,0,0,3,9,3040,0,2008,-122.366,2360,8245,13.458835614025542
3,1.0,1660,21514,1.0,0,0,4,7,1660,0,1973,-121.964,1660,21600,12.301382825334498
2,1.0,930,5368,1.0,0,0,4,7,930,0,1953,-122.275,1770,6000,12.948009990259552
4,2.5,2440,11005,2.0,0,0,3,9,2440,0,1994,-122.176,2590,14754,13.214030565930152
5,3.0,3070,9804,1.0,0,0,4,9,1740,1330,1968,-122.128,2550,9689,13.484224848030362
3,1.75,2570,13000,2.0,0,0,4,7,2570,0,1962,-122.371,2570,8521,13.359804233419363
3,1.0,1090,7315,1.0,0,0,5,6,1090,0,1981,-122.165,1090,5800,12.57418196709457
3,1.75,1970,7972,1.0,0,3,5,8,1370,600,1976,-122.225,2460,9796,13.124361380067002
3,1.75,1320,7200,1.0,0,0,4,7,1320,0,1977,-122.237,1750,7260,12.717398144337816
4,2.25,2810,23400,1.0,0,1,3,7,1710,1100,1958,-122.311,1860,14900,12.916568464424731
4,2.5,2790,4650,2.0,0,0,3,8,2790,0,2004,-122.026,2850,4650,12.834547962729536
3,2.25,2950,78843,1.5,0,0,3,9,2950,0,2006,-122.068,3880,78843,13.539757056377766
2,1.75,1290,1493,2.0,0,0,3,8,1290,0,2014,-122.346,1410,1875,12.387560521575551
5,2.75,3831,13800,2.0,1,4,3,9,3831,0,1959,-122.251,3850,36563,14.808762330974558
3,1.75,1510,30185,1.5,0,0,3,7,1510,0,1976,-122.089,1470,12465,12.676076274775909
4,2.25,2130,5337,2.0,0,0,3,7,2130,0,2001,-121.959,2300,6930,12.871334622600584
4,2.75,2240,8937,1.0,0,0,4,8,1460,780,1976,-122.194,2360,9038,13.422467969854667
3,1.75,2930,266587,2.0,0,0,3,8,2440,490,1995,-121.947,2700,438213,13.217582643985264
3,2.5,1320,955,3.0,0,0,3,7,1320,0,2009,-122.357,1300,1003,12.560244459250788
4,2.5,2980,5674,2.0,0,0,3,8,2980,0,2003,-122.347,2610,5495,12.706847933442663
3,3.0,3760,188760,1.0,0,0,4,10,2640,1120,1979,-122.087,2820,50543,13.226723392728571
3,1.0,1300,11520,1.0,0,0,3,6,1300,0,1958,-122.195,1440,8064,13.296316684527767
3,1.75,1320,10416,1.0,0,0,3,7,1320,0,1996,-122.208,1670,7991,12.400816722322686
3,2.5,2020,7800,1.0,0,0,4,7,1330,690,1958,-122.337,1870,7800,13.005717195285008
4,2.0,1610,4770,1.0,0,0,4,7,1230,380,1941,-122.381,1180,6120,13.112313041550827
2,2.0,1180,9265,1.0,0,0,3,7,1180,0,1940,-122.297,460,18000,12.458774999085929
4,2.5,2300,4249,2.0,0,0,3,8,2300,0,2006,-122.0,2390,4385,12.774223335915433
4,2.5,2770,7800,2.0,0,0,3,10,2770,0,1999,-122.205,2720,10000,13.995621339461064
4,1.5,1520,5910,1.0,0,0,3,7,1020,500,1946,-122.295,1710,5910,13.211838383831932
4,2.5,2320,7800,2.0,0,0,3,8,2320,0,1986,-122.266,2090,5721,13.060702844216937
3,2.5,1970,6634,2.0,0,0,3,8,1970,0,1989,-122.012,2090,6176,13.190022025878143
3,1.75,2050,11041,1.5,0,0,5,9,2050,0,1959,-122.174,2530,11041,13.521139497361697
5,3.0,2730,6000,1.0,0,0,3,8,1470,1260,1979,-122.234,2590,6000,12.994530005894443
5,3.25,5370,14091,2.0,0,0,3,10,3850,1520,1918,-122.216,2410,12047,14.914122846632385
2,1.75,1530,5000,2.0,0,0,4,7,1260,270,1989,-122.37,1470,5000,13.264296873292995
4,3.5,3310,21050,2.0,0,0,5,9,2400,910,1992,-122.041,2260,23400,13.45166712454693
4,2.5,2480,4504,2.0,0,0,3,7,2480,0,2005,-122.15,2950,4504,12.959844447906553
4,1.5,2120,7110,1.5,0,0,3,6,2120,0,1919,-122.227,1540,7110,12.4130868149145
3,2.25,1850,10855,1.0,0,0,3,8,1370,480,1985,-122.02,1850,8209,13.16158409055761
4,1.5,1800,3245,1.5,0,0,4,8,1800,0,1929,-122.331,1800,4275,13.681979165339751
2,1.0,1050,5000,1.0,0,0,5,7,1050,0,1907,-122.369,1340,5000,13.151922179645874
3,2.5,1020,1570,2.0,0,0,3,7,720,300,2004,-122.317,1470,1249,12.611537753638338
4,2.5,2080,5650,1.0,0,0,3,7,1680,400,1950,-122.257,1270,5650,12.66032791780777
3,2.0,1960,13100,1.0,0,2,5,8,1650,310,1957,-122.34,1960,10518,12.90669184092882
3,2.5,2020,26670,2.0,0,0,3,7,2020,0,1987,-122.31,1680,10939,12.64400494377584
2,2.25,1230,1058,2.0,0,0,3,7,1160,70,2008,-122.073,1240,817,12.691580461311874
4,2.5,2430,3249,2.0,0,0,3,8,2430,0,2010,-122.155,2650,3844,12.965709567358951
3,2.5,3030,46538,2.0,0,0,3,10,3030,0,1997,-122.041,3370,51450,13.617059619240436
3,2.5,2050,11690,2.0,0,0,4,9,2050,0,1989,-122.161,2410,10172,13.279367126213993
4,2.5,1990,6671,2.0,0,0,3,7,1990,0,1989,-122.358,1862,6566,12.468436909997665
3,2.0,2020,38332,1.0,0,0,4,7,1010,1010,1975,-122.023,2110,36590,12.948009990259552
3,1.0,1480,10094,1.0,0,0,4,7,1480,0,1956,-122.136,1430,10083,13.079455876393052
4,2.5,2060,3608,2.0,0,0,3,7,2060,0,2004,-122.309,2060,3608,12.502466658583977
4,2.5,1960,5642,2.0,0,0,3,7,1960,0,1998,-122.187,1870,5250,12.637855061955712
3,1.0,1150,8848,1.0,0,0,3,7,1150,0,1968,-122.111,1220,9576,12.334905517373143
2,1.0,820,4320,1.0,0,0,3,5,820,0,1937,-122.359,780,7424,11.5376180775606
5,2.75,2160,4000,1.5,0,0,5,7,1530,630,1927,-122.289,2040,4000,13.417269294945429
3,2.5,2420,4725,2.0,0,0,3,8,2420,0,2014,-122.018,2370,4200,12.821112328023315
3,1.0,1040,11900,1.0,0,0,5,6,1040,0,1972,-122.446,1250,9600,12.706847933442663
4,2.5,1840,13493,2.0,0,0,3,7,1840,0,1994,-122.242,1430,11463,12.154779351142624
4,2.25,2740,88426,2.0,0,0,3,7,2740,0,1991,-122.006,2740,62726,13.215853720491667
3,2.0,1400,1657,2.0,0,0,3,8,1060,340,2004,-122.298,1540,2275,13.253391639810733
5,3.0,2380,5000,2.0,0,0,5,7,2380,0,1909,-122.389,1800,4650,13.465953081794405
4,3.5,3290,8059,2.0,0,0,3,9,3290,0,2012,-122.02,3290,10758,13.593616226050496
4,3.0,2130,6325,1.0,0,0,5,7,1440,690,1948,-122.396,1240,6325,13.337474757021274
4,1.75,2600,41041,1.5,0,0,4,8,2600,0,1965,-122.172,2750,37318,13.832367675030698
3,3.5,3190,29982,1.0,0,3,4,8,2630,560,1941,-122.368,2600,19878,13.864300722133706
2,1.0,880,5500,1.0,0,0,3,6,880,0,1904,-122.289,1080,5500,12.584509081250419
5,3.5,4050,20925,2.0,0,3,3,10,3020,1030,1973,-122.241,3880,18321,14.28551418721001
3,2.5,1300,1187,3.0,0,0,3,8,1300,0,2005,-122.391,1320,1194,13.133303317442664
3,2.5,1790,3078,2.0,0,0,3,8,1790,0,2010,-122.094,1890,3078,13.180632285528304
3,1.0,1090,3523,1.0,0,0,4,6,1090,0,1969,-122.182,1030,3200,11.934919875029603
4,3.0,4370,217882,2.0,0,0,3,10,4370,0,1984,-122.034,2430,35096,13.70736839934457
5,3.0,2640,3200,2.0,0,0,4,7,2140,500,1906,-122.308,1540,2242,13.513560513714788
3,2.5,1940,8547,1.0,0,0,3,7,1460,480,1989,-122.177,1750,7803,12.491251587763836
3,1.0,1280,4875,1.0,0,0,5,6,1280,0,1969,-122.081,1060,4875,12.100712129872347
4,1.75,1620,8132,1.0,0,0,3,8,1620,0,1974,-122.11,1920,8400,12.999517547405484
4,2.0,1900,8160,1.0,0,0,3,7,1900,0,1975,-121.986,1280,6532,12.206072645530174
4,2.25,2000,8068,2.0,0,0,5,8,2000,0,1976,-122.137,2080,7837,13.473020249017498
3,2.25,1820,13362,1.0,0,0,3,8,1220,600,1977,-122.052,2050,15000,13.151922179645874
5,2.0,1870,13970,1.0,0,0,4,7,1120,750,1969,-122.042,1860,13970,13.028052697933088
3,1.75,1290,3870,1.0,0,0,5,7,1290,0,1916,-122.29,2020,5850,13.38087407255583
3,1.5,1580,3172,1.0,0,0,4,8,900,680,1946,-122.393,1580,5000,13.17020070681849
3,2.5,1730,3600,2.0,0,0,3,8,1730,0,2014,-122.34,2030,3600,12.70618104445496
3,2.5,2600,4506,2.0,0,0,3,8,2600,0,2003,-122.222,2600,4658,13.151922179645874
4,2.25,2050,12581,2.0,0,0,4,7,2050,0,1978,-122.204,1620,7400,12.628067055589549
4,3.25,2690,7200,2.0,0,3,3,9,1720,970,1978,-122.288,2400,8845,13.36138027787483
4,2.5,2240,7589,2.0,0,0,3,8,2240,0,1994,-122.207,2250,7300,12.706847933442663
4,1.5,1810,7998,1.0,0,0,3,8,1210,600,1960,-122.297,1830,7763,13.112313041550827
4,2.75,2720,4613,2.0,0,0,3,9,2720,0,2005,-122.223,2830,4836,13.294634598344782
3,1.0,1070,7615,1.0,0,0,4,7,1070,0,1969,-122.373,1240,6906,12.180754837545884
3,2.5,1530,1116,2.5,0,0,3,7,1530,0,2005,-122.25,1530,7780,12.449018824140563
4,3.5,2910,5260,2.0,0,0,3,9,2910,0,2012,-121.883,2910,5260,13.321214236149494
3,2.25,2090,12112,2.0,0,0,3,8,2090,0,1983,-122.13,1760,12112,13.239435048990167
4,2.5,2290,13416,2.0,0,0,4,9,2290,0,1981,-122.151,2680,13685,13.573438996764546
2,1.0,1100,3500,1.0,0,0,5,7,1100,0,1908,-122.323,2050,4000,13.068962600677214
4,1.75,1440,4300,1.5,0,0,4,8,1290,150,1929,-122.372,1640,5000,13.393916067926225
2,1.0,700,7457,1.0,0,0,3,6,700,0,1943,-122.295,1500,7130,12.886641043883259
3,2.0,1640,9972,1.0,0,0,4,7,1640,0,1977,-122.002,1680,10165,12.948009990259552
4,2.75,2020,2750,1.0,0,0,3,8,1010,1010,1917,-122.291,1840,4000,13.303016877097587
4,3.25,3140,10752,2.0,0,0,3,7,2300,840,1992,-122.363,1300,9920,12.921470435024938
2,1.0,2160,2192,1.0,0,0,5,8,1170,990,1925,-122.371,1150,2152,13.345506928718539
3,3.5,2300,5611,1.0,0,0,3,8,2300,0,2004,-122.026,2170,5926,13.422467969854667
4,1.75,2350,11914,1.0,0,0,4,8,2350,0,1961,-122.228,2240,10706,13.652991628466498
2,1.0,620,4455,1.0,0,0,3,6,620,0,1927,-122.395,1180,5000,12.959844447906553
2,2.5,2470,609,3.0,0,0,3,11,1910,560,2011,-122.312,2440,1229,14.026233289278482
3,1.0,2090,4000,1.5,0,2,3,8,1890,200,1931,-122.392,2090,4000,13.483528226615913
4,2.0,2200,13320,1.0,0,0,3,6,1100,1100,1944,-122.292,1330,6099,12.230765258120545
4,3.25,3910,6293,2.0,0,0,3,9,3130,780,2006,-121.86,4410,6015,13.472949824002503
3,2.5,2200,34680,2.0,0,0,3,9,2200,0,1985,-122.116,2560,35840,12.957488734214095
5,4.75,6240,47480,1.0,0,3,3,11,4610,1630,2003,-122.233,4170,17668,14.897315728316002
3,1.75,1880,108900,1.0,0,0,3,7,1880,0,1978,-122.01,2730,37731,13.507625778194974
4,2.5,2620,7328,2.0,0,0,3,8,2620,0,1983,-122.263,1670,5080,13.655341805811453
2,1.0,830,4500,1.0,0,0,3,6,830,0,1920,-122.265,1092,5350,11.982929094215963
5,1.75,2140,43124,1.0,0,2,4,7,1220,920,1962,-122.085,2520,14677,13.091904169919621
5,2.75,2220,4000,1.0,0,0,3,7,1230,990,1973,-122.305,1580,4000,12.96453929221076
4,2.5,3560,46644,2.0,0,0,3,11,3560,0,1992,-122.05,3520,50261,13.705695691957068
4,3.25,3910,7500,2.0,0,0,3,10,3910,0,2006,-122.198,2600,9235,14.316285845876763
3,2.5,1370,4400,1.0,0,0,3,8,1370,0,1988,-122.203,1630,4400,12.884106188280072
3,3.5,3620,8072,2.0,0,0,3,10,2920,700,1999,-122.127,3680,9624,13.96737290727352
3,1.75,1570,7416,1.0,0,0,4,7,1570,0,1971,-122.174,1900,7416,12.441144767709657
2,1.0,710,4240,1.0,0,0,4,6,710,0,1942,-122.351,850,5200,12.509874099861838
4,2.5,3200,7545,2.0,0,0,3,7,3200,0,2003,-122.03,2840,7137,12.899094818276968
3,2.25,2370,10289,1.0,0,0,4,9,1590,780,1977,-122.166,2500,10004,13.579788224443204
3,1.0,1290,10125,1.0,0,0,4,7,1290,0,1956,-122.265,1760,14460,12.799399490807907
5,3.25,2680,3011,2.0,0,0,3,9,1870,810,1910,-122.287,3440,5165,13.844049422770695
4,2.5,2170,204296,1.0,0,0,4,7,2170,0,1980,-121.933,1760,154202,12.89921982609012
3,2.5,3280,10302,1.0,0,0,3,10,1680,1600,1970,-122.286,1550,6300,13.8878312195439
3,2.5,2480,37843,1.5,1,3,4,8,2480,0,1974,-122.422,2350,42122,13.404530269168
4,3.5,3420,33106,2.0,0,0,3,9,3420,0,2004,-121.986,3420,36590,13.39239051461739
5,2.5,2760,4000,1.5,0,0,3,8,1730,1030,1926,-122.299,1680,4000,13.262125319779487
4,2.5,2600,11542,1.5,0,0,4,9,2200,400,1939,-122.377,2840,10960,14.018451401960965
3,1.5,1340,11744,1.0,0,0,2,7,1340,0,1950,-122.36,2020,13673,12.785491060761776
3,2.0,1150,4500,1.5,0,0,3,7,1150,0,1917,-122.348,1230,5400,13.017002861746503
3,3.0,2470,36445,2.0,0,0,4,8,2470,0,1980,-121.997,2310,35350,13.17115354157376
4,2.5,3290,5951,2.0,0,0,3,9,3290,0,2003,-121.976,3240,6159,13.498056327178823
4,3.25,3330,17533,1.0,0,2,3,9,1750,1580,1969,-122.2,3340,12798,13.790192749979985
4,2.5,2520,9684,2.0,0,0,3,8,2520,0,1994,-121.801,2090,10133,13.060487973686241
6,2.0,2570,4240,1.5,0,0,4,7,1970,600,1911,-122.307,2030,4240,13.465953081794405
4,1.75,1880,9600,1.0,0,0,5,7,1020,860,1946,-122.281,1560,14400,12.388394202324129
3,2.5,2420,8856,1.0,0,3,3,9,1620,800,1957,-122.263,2650,9750,13.534473028231162
3,2.5,1530,3840,2.0,0,0,3,8,1530,0,1994,-122.007,1720,3985,13.016891744462095
4,2.5,2920,7901,2.0,0,0,3,9,2920,0,2004,-122.125,3020,7900,13.541073712262515
4,2.75,1920,4627,1.0,0,0,3,8,1010,910,1998,-122.23,1910,7210,12.774223335915433
3,1.5,1150,27319,1.0,0,0,4,6,1150,0,1976,-122.454,1700,30691,12.788288265382837
3,2.5,2020,4845,2.0,0,0,3,7,2020,0,2001,-122.033,1930,5134,12.775638764318764
4,1.75,2230,7957,1.0,0,0,4,7,2230,0,1967,-122.122,2230,8040,13.193753373491
2,2.5,1860,3504,2.0,0,0,3,7,1860,0,2000,-122.239,1860,4246,12.84792653170257
3,1.0,1220,7585,1.0,0,0,4,7,1220,0,1954,-122.194,1380,8918,13.547631112808673
3,2.5,1880,4668,2.0,0,0,3,8,1880,0,1993,-121.999,2060,4668,13.142067960678665
4,2.0,1840,4760,1.5,0,0,4,6,1080,760,1929,-122.349,1170,5950,12.978493006984626
3,1.0,1440,7107,1.0,0,0,4,7,1000,440,1980,-122.124,1540,7140,13.077366011473593
3,1.0,1910,8710,1.0,0,0,3,7,1080,830,1954,-122.3,1460,8944,12.468436909997665
4,1.75,2930,11562,1.0,0,3,3,9,1670,1260,1947,-122.404,2530,6517,13.641157170819497
4,2.5,2570,22215,2.0,0,0,5,7,2570,0,1958,-122.157,2460,6533,12.873902018105829
2,2.5,1650,2710,2.0,0,2,3,8,1650,0,2008,-121.878,1760,2992,12.853175887588712
5,2.75,3710,8674,2.0,0,0,3,9,3710,0,1996,-122.176,3250,8678,13.370784735902808
4,2.0,2050,4400,1.5,0,0,4,9,2050,0,1922,-122.319,2320,5500,13.514405465180353
4,2.25,1880,9727,1.0,0,0,3,7,1100,780,1979,-122.257,1790,10274,12.945626198904275
3,2.5,2790,21043,2.0,0,0,3,9,2790,0,1993,-122.03,2900,34589,13.527828485512494
1,0.75,850,5600,1.0,0,2,3,6,850,0,1903,-121.48,900,12250,12.043553716032399
2,1.5,1080,6760,1.0,0,2,3,6,1080,0,1923,-122.386,2080,5800,12.994530005894443
3,2.5,2780,11964,2.0,0,0,3,9,2780,0,2009,-122.216,1760,9640,13.623744542342319
3,2.0,1680,4886,2.0,0,0,3,7,1180,500,1940,-122.286,1400,4900,13.017002861746503
2,1.0,1095,5120,1.5,0,0,3,7,1095,0,1901,-122.313,1310,5120,12.61911563549493
3,3.25,2210,3600,2.0,0,0,3,8,1820,390,1995,-122.279,2010,6690,12.969212197910155
4,2.75,2200,9778,1.0,0,0,4,8,1100,1100,1962,-122.176,2140,11321,13.132313708257497
3,2.5,2390,8315,2.0,0,0,4,9,2390,0,1990,-122.028,2370,7816,13.369223455335854
5,2.5,2170,2752,2.0,0,0,3,8,2170,0,2014,-122.347,1800,2752,12.79330360049857
3,2.25,2370,9619,1.0,0,0,4,8,1650,720,1973,-122.099,1960,9712,13.522480879185897
2,1.0,670,6300,1.0,0,0,5,6,670,0,1942,-122.374,760,6300,12.538967060803502
3,1.0,1530,15975,1.0,0,0,3,7,970,560,1952,-122.326,1540,15975,12.538967060803502
4,2.25,1870,5371,2.0,0,0,3,7,1870,0,2009,-122.036,2380,4502,12.587927887999204
5,3.5,4390,6220,2.0,0,3,3,9,3170,1220,2013,-122.273,2740,6448,14.446782334806132
4,2.5,2980,12764,2.0,0,0,3,10,2980,0,1994,-122.027,3080,9810,13.383187995686226
3,3.0,3290,80471,2.0,0,2,4,8,2330,960,1975,-122.464,1830,30494,13.239257128875828
3,2.0,1460,7526,1.0,0,0,3,7,1460,0,1968,-122.304,1580,7526,12.388394202324129
4,3.5,4270,117176,2.0,0,0,3,9,4270,0,2008,-121.883,2610,5251,13.813458453838143
2,1.0,900,5016,1.0,0,0,3,6,900,0,1948,-122.282,1420,5184,12.402872221504781
3,2.0,1530,8925,1.0,0,0,3,7,1530,0,1977,-122.199,2040,8856,12.82402472476402
4,2.25,4470,86225,2.0,0,0,3,10,4470,0,1991,-121.985,3850,97049,13.693342923990066
4,3.0,4280,18834,1.0,0,4,5,11,2180,2100,1971,-122.4,2490,8858,14.53335035111459
2,2.0,1405,1073,2.0,0,0,3,8,1140,265,2007,-122.295,1405,3000,12.911642346088676
4,2.75,1580,3770,1.0,0,0,3,7,1080,500,2002,-121.968,1740,3800,12.66032791780777
3,1.75,1580,19998,1.0,0,0,4,7,1580,0,1968,-122.046,1860,19998,12.765688433465597
5,4.5,10040,37325,2.0,1,2,3,11,7680,2360,1940,-122.214,3930,25449,15.770309654436833
4,2.0,2990,102366,1.0,0,0,4,8,2990,0,1974,-122.088,2820,57140,13.142166004700508
3,1.75,1420,8250,1.0,0,0,3,7,1420,0,1954,-122.354,1740,8000,12.487485104968359
4,1.0,1430,6240,1.5,0,0,5,7,1430,0,1953,-122.311,1410,6240,12.894207284266574
2,2.25,1010,1107,2.0,0,0,3,8,710,300,2006,-122.371,1140,1531,13.036805489042683
4,3.0,2010,8171,2.0,0,0,3,8,2010,0,1973,-122.218,2090,8203,12.980799813082541
4,2.25,2590,36256,2.0,0,0,3,8,2590,0,1978,-122.094,2670,35657,13.217673557208654
4,2.5,2680,7200,1.0,0,0,3,8,1380,1300,1952,-122.187,1950,8520,13.592367006650065
3,1.0,990,6315,1.0,0,0,3,7,990,0,1970,-122.214,1450,6702,12.721885810807203
3,2.0,1320,4000,1.0,0,0,4,6,1020,300,1940,-122.262,2410,6212,13.044618028779476
2,2.0,1470,2541,2.0,0,0,3,6,1470,0,2005,-122.02,1310,2721,12.428816116823043
3,2.5,1730,7442,2.0,0,0,3,7,1730,0,1987,-122.178,1630,6458,12.409013489526863
3,2.0,1030,7260,1.0,0,0,3,6,1030,0,1947,-122.347,1380,8100,12.468436909997665
5,2.75,2520,18625,1.0,0,0,3,8,1660,860,1959,-122.207,3000,16624,13.864300722133706
3,2.25,1730,9516,1.0,0,0,3,8,1180,550,1978,-122.166,1870,8165,12.456831363877356
3,2.0,1360,3120,2.0,0,0,3,7,1360,0,1989,-122.307,1360,3120,12.891439638771157
4,2.75,2210,3400,1.5,0,0,5,7,1470,740,1926,-122.311,1500,3400,13.485616636703183
3,1.75,1850,26445,1.0,0,0,4,7,1850,0,1962,-122.051,2110,23280,13.071070083016778
3,2.25,1850,7923,1.0,0,0,4,7,1150,700,1977,-122.171,1780,7420,13.041153321978786
3,1.0,1150,3090,1.0,0,0,3,6,1150,0,1910,-122.276,1150,5664,12.468436909997665
3,2.5,1580,991,3.0,0,0,3,9,1580,0,2009,-122.359,1610,1297,13.496681756515656
2,1.5,830,1020,2.0,0,0,3,7,830,0,2006,-122.363,830,1379,12.230765258120545
3,2.5,1440,7741,1.0,0,0,4,7,1000,440,1983,-122.194,1680,7316,12.487485104968359
3,2.5,2060,4730,2.0,0,0,4,8,2060,0,1994,-122.178,1980,5010,13.345426925518368
3,2.25,2200,7355,2.0,0,0,4,8,2200,0,1986,-122.103,2290,7868,13.3645249345543
4,3.5,3370,5638,2.0,0,0,3,10,2250,1120,2001,-122.223,3080,7200,13.500799813124575
4,2.75,3070,7201,2.0,0,0,3,9,3070,0,2006,-122.147,2880,8364,13.190022025878143
3,1.75,1340,3900,2.0,0,0,5,7,1340,0,1900,-122.379,1470,1611,13.36138027787483
4,2.5,2070,7800,2.0,0,0,3,8,2070,0,1989,-122.315,1950,7815,12.449018824140563
3,2.25,1830,4744,2.0,0,0,3,7,1830,0,1997,-122.248,1670,8001,12.114505452004684
3,2.0,1580,14398,1.0,0,0,3,7,1080,500,1981,-122.174,1650,14407,13.333353372545968
3,2.0,2420,38781,1.0,0,0,5,7,1210,1210,1949,-121.976,2650,88426,12.765402678355779
3,1.0,1470,7930,1.0,0,0,3,7,1070,400,1950,-122.368,1440,8100,12.899094818276968
4,2.5,1788,10183,2.0,0,0,4,7,1788,0,1990,-122.218,1700,6600,12.592694665836857
4,2.25,3250,16684,2.0,0,0,3,9,3250,0,1979,-122.229,2890,16927,14.15910026235435
3,2.25,1310,1264,3.0,0,0,3,8,1310,0,2014,-122.366,1330,2183,13.151825087553949
3,1.0,1260,7920,1.0,0,0,3,7,1260,0,1966,-122.308,1300,7920,12.388394202324129
4,1.5,2820,4000,2.0,0,0,3,7,2820,0,1911,-122.348,1470,1627,13.36138027787483
3,2.5,1550,3402,2.0,0,0,3,7,1550,0,2009,-122.212,2095,3402,12.519056900844173
3,1.0,1360,9948,1.0,0,0,3,6,1360,0,1977,-122.053,1670,8475,12.367128004530962
3,1.75,1260,8487,1.0,0,0,3,7,1260,0,1970,-122.201,1890,13051,12.723377235393874
4,3.25,2320,5900,1.5,0,2,4,9,2320,0,1910,-122.292,2320,6240,13.747820408994324
3,1.75,1930,10183,1.0,0,0,4,8,1480,450,1975,-122.135,2320,10000,13.27594246533263
3,1.0,1580,6300,1.0,0,0,3,7,1180,400,1925,-122.384,1560,1601,13.190022025878143
2,1.0,1760,27332,1.0,1,4,4,7,1300,460,1951,-122.325,2590,16630,13.122363377404328
3,3.5,1900,1612,2.0,0,0,3,8,1430,470,2008,-122.385,1780,1525,12.97502278950562
2,1.75,1890,9466,2.0,0,0,3,8,1890,0,1987,-122.211,2180,12825,13.878485357125662
4,3.25,4800,12727,2.0,0,0,3,10,4800,0,2011,-122.134,4750,13602,13.891545244240271
2,1.5,1940,5700,1.0,0,0,3,7,970,970,1937,-122.367,1250,5700,13.190022025878143
4,1.75,2600,11325,1.0,0,0,4,7,1610,990,1969,-122.206,1720,11088,12.627739132976346
5,2.5,3361,6983,2.0,0,0,3,10,3361,0,2006,-122.169,3112,6920,13.144124869185841
2,1.75,1600,5795,1.5,0,0,3,8,1600,0,1940,-122.276,2310,6301,13.418495646168909
4,2.5,3250,4650,2.0,0,0,3,8,3250,0,2007,-122.203,2960,4650,12.775638764318764
3,2.75,2020,9505,1.0,0,0,3,7,1260,760,1969,-122.197,2080,11901,12.901716706288706
2,1.0,820,5040,1.0,0,0,3,7,820,0,1953,-122.388,1730,5760,13.138236726560619
3,1.0,1290,12231,1.0,0,0,3,7,1290,0,1976,-122.11,1390,11632,12.685407602204794
3,3.0,4910,43560,2.0,0,0,4,10,4000,910,1989,-122.131,3540,12288,13.892471599100402
2,2.5,1770,1853,3.0,0,0,3,8,1770,0,2007,-122.371,1770,1924,12.820987977820545
3,1.75,1200,7360,1.0,0,0,4,7,1200,0,1978,-122.13,1200,7500,12.86099861326992
4,2.25,2110,7560,2.0,0,0,4,8,2110,0,1974,-122.183,2110,7560,13.071070083016778
4,2.5,2720,11049,2.0,0,0,3,10,2720,0,1989,-122.192,2750,11049,13.790192749979985
3,1.0,970,9583,1.0,0,0,4,6,970,0,1967,-122.366,970,7875,12.25462468611234
2,0.75,840,40642,1.0,1,4,4,6,840,0,1937,-122.447,1850,64069,13.176851562688398
3,2.5,2850,12593,2.0,0,0,3,9,2850,0,1997,-122.345,2850,9435,12.80761975531185
3,1.5,1180,12324,1.0,0,0,3,7,800,380,1981,-122.032,1280,11371,12.827992316801751
5,3.0,2420,7740,1.0,0,0,5,7,1360,1060,1929,-122.358,1840,6780,12.927564299099261
3,3.0,3700,16857,1.0,0,0,3,10,2170,1530,2000,-122.392,2320,12000,13.9108207377686
4,2.5,1910,1502,3.0,0,0,3,8,1910,0,2014,-122.393,1520,3888,13.353475098367715
3,1.75,1300,5413,1.5,0,0,3,7,1300,0,1925,-122.32,1590,6380,13.19188944005294
4,2.75,2400,3844,1.0,0,0,5,7,1200,1200,1974,-122.347,1100,3844,12.90793176669214
3,2.5,1782,1577,3.0,0,0,3,7,1782,0,2000,-122.301,1550,1744,12.694652660348845
3,2.25,1760,2122,3.0,0,0,3,9,1760,0,2015,-122.385,1420,1618,13.375376362320816
3,2.5,2590,18980,1.0,0,0,4,10,2590,0,1976,-122.153,3110,14652,12.89043132005704
2,1.0,860,8308,1.0,0,0,4,7,860,0,1948,-122.377,1310,8308,12.706847933442663
2,1.75,1510,4555,1.0,0,0,3,8,1510,0,2005,-122.031,1640,4500,13.06685066747407
3,2.25,1680,35127,2.0,0,0,3,7,1680,0,1987,-122.067,1820,35166,12.560244459250788
3,1.0,1770,5720,1.5,0,0,4,7,1140,630,1926,-122.377,1500,4406,12.829333698625952
3,2.75,2680,20104,1.0,0,0,5,9,1820,860,1964,-122.234,3060,19837,14.093142294562554
2,1.0,1330,92782,1.0,0,0,2,6,1330,0,1950,-121.868,1280,168141,13.028052697933088
3,2.0,1610,3600,2.0,0,2,5,8,1610,0,1925,-122.293,2540,6600,13.507625778194974
3,2.5,2430,5866,2.0,0,0,3,7,2430,0,2009,-121.871,2380,5866,13.06367438105565
2,1.0,1070,8750,1.0,0,0,3,7,1070,0,1951,-122.198,1300,9670,12.691580461311874
2,1.0,1320,8830,1.0,0,0,3,7,1020,300,1939,-122.404,1620,8531,12.959844447906553
3,2.25,1740,9672,1.0,0,0,4,7,1110,630,1963,-122.181,1640,9600,12.505806799006097
4,4.0,2630,59586,1.0,0,0,3,7,1470,1160,1963,-122.209,2230,5715,13.35506114152335
5,3.5,4230,16526,2.0,0,0,3,10,4230,0,2008,-122.199,3000,12362,14.47819853103951
4,2.5,3370,4934,2.0,0,0,3,9,3370,0,2014,-122.022,2980,5046,13.235031130057743
5,4.75,5180,17811,2.0,0,2,3,11,4070,1110,2001,-121.868,3960,15103,13.8878312195439
5,4.0,4510,15175,2.0,0,0,3,10,4510,0,1969,-122.228,3510,13500,14.44144898883077
4,2.5,1980,6568,2.0,0,0,3,8,1980,0,2004,-122.101,2310,6496,13.366876954454732
3,1.0,1250,7820,1.0,0,0,3,7,1250,0,1967,-122.291,1300,7920,12.323855681186558
4,2.5,2990,9643,2.0,0,0,3,9,2990,0,2003,-122.024,2990,8666,13.556739829006913
3,3.25,3790,19000,2.0,0,4,3,10,3790,0,1985,-122.373,2740,18628,14.28551418721001
4,2.75,4190,38912,1.0,0,0,4,9,2040,2150,1965,-122.157,3050,36884,13.721199878493033
3,1.75,1630,1166,2.0,0,0,3,8,1020,610,2013,-122.367,1420,1670,13.201174557828619
3,2.0,1500,8775,1.0,0,0,3,6,1390,110,1943,-122.335,1310,8775,12.449018824140563
4,3.0,2240,5580,2.0,0,0,5,7,1830,410,1949,-122.27,1530,4800,13.180632285528304
4,2.75,2300,12633,2.0,0,0,3,9,2300,0,1984,-122.032,2240,9246,13.34230179776959
5,3.25,2950,67475,1.0,0,0,3,8,2530,420,1981,-122.117,2620,39820,13.604789526648622
3,2.5,2050,6420,1.0,0,3,3,8,1730,320,1956,-122.405,2370,7620,13.415032991367148
3,1.75,1610,11200,1.0,0,0,3,7,1610,0,1955,-122.176,1610,11200,13.017002861746503
2,1.0,940,4000,1.0,0,0,3,6,720,220,1942,-122.385,1180,6000,13.06685066747407
4,3.0,3220,8936,2.0,0,0,3,9,2450,770,1990,-122.213,2810,10500,12.971540487669746
5,3.5,3920,5150,2.0,0,0,3,9,2820,1100,2004,-122.084,3170,5530,13.729952669602628
6,3.25,4920,20590,1.0,0,3,4,9,2730,2190,1960,-122.267,3700,14994,13.652991628466498
3,2.5,2030,8000,2.0,0,0,3,7,2030,0,1997,-122.216,2290,7945,12.628067055589549
4,5.25,4670,43950,2.0,0,0,3,12,4670,0,1989,-122.126,4900,35000,14.162640089059476
4,2.75,3030,6625,2.0,0,0,3,8,3030,0,2011,-122.152,3030,9620,13.17115354157376
4,2.75,2760,18306,1.0,0,0,3,7,1630,1130,1978,-122.215,2470,9856,13.10724973959428
3,1.75,1520,7700,1.0,0,0,3,7,820,700,1969,-122.219,1420,7674,13.038981768465277
2,1.0,1290,2482,2.0,0,0,3,7,1290,0,2008,-122.025,1290,2482,12.611537753638338
3,2.5,1860,15457,2.0,0,0,3,8,1860,0,1997,-121.955,2040,14055,12.92391243868049
4,2.5,1700,6675,2.0,0,0,3,7,1700,0,1997,-122.053,1570,7540,12.66032791780777
3,2.5,2360,4670,2.0,0,0,3,7,2360,0,1998,-121.871,2420,5620,12.997933299026151
3,2.25,1900,18000,1.0,0,0,4,7,1280,620,1968,-122.354,1920,15000,12.26434155365415
2,1.0,1230,1820,2.0,0,0,4,7,830,400,1948,-122.401,1660,3056,12.834681304952548
4,1.75,2350,7574,1.0,0,0,3,8,1720,630,1979,-122.087,2220,8496,13.493926933836812
3,1.0,1160,7854,1.0,0,0,3,7,1160,0,1960,-122.308,1300,8317,12.952760593018148
5,3.75,4360,8504,2.0,0,4,3,10,3530,830,2014,-122.19,2680,9000,14.39769824446591
3,3.25,3780,10623,1.0,0,1,3,11,2650,1130,1999,-122.101,3850,11170,13.957877799251197
2,2.0,1980,6000,1.5,0,0,5,7,1220,760,1906,-122.351,1280,3900,13.215853720491667
2,1.0,800,5150,1.0,0,0,4,6,800,0,1949,-122.274,1280,5150,12.765688433465597
3,2.75,1050,7200,1.0,0,0,3,7,1050,0,1985,-122.303,1860,9000,13.06685066747407
2,1.5,770,850,2.0,0,0,3,7,770,0,2006,-122.388,1350,915,12.577636201962656
3,2.5,3370,19585,2.0,0,0,3,7,3200,170,1951,-122.339,1730,9430,13.151922179645874
4,2.5,2601,34335,2.0,0,0,3,9,2601,0,1995,-122.087,2080,32336,13.345506928718539
5,2.5,3020,21441,1.0,0,0,4,8,1510,1510,1978,-122.131,1610,16445,12.676076274775909
5,3.5,3450,28324,1.0,0,0,5,8,2350,1100,1972,-122.196,2640,14978,13.652991628466498
3,1.0,820,5200,1.0,0,0,4,6,820,0,1977,-122.094,1120,5200,12.301382825334498
3,1.0,1590,8160,1.0,0,1,3,7,1090,500,1954,-122.321,1540,10500,12.691580461311874
4,3.5,2980,3000,2.0,0,0,3,9,2340,640,2008,-122.326,1810,4545,13.715690222682063
4,2.75,2450,5376,1.5,0,0,4,7,1550,900,1920,-122.396,1920,5264,13.454468951158033
4,2.75,2850,7510,2.0,0,0,3,8,2850,0,2008,-122.305,1510,8833,13.3645249345543
4,2.25,2520,4200,1.5,0,0,4,7,1510,1010,1909,-122.312,1460,4200,12.936033799212835
5,3.75,2980,4635,3.0,0,0,3,8,2980,0,1997,-122.268,1100,5150,13.301680425177985
3,1.0,1200,7280,1.0,0,0,4,7,1200,0,1967,-122.277,1200,8400,12.2783933071098
3,1.75,1580,7344,1.0,0,0,5,7,1580,0,1911,-122.38,1580,6207,12.468436909997665
3,1.0,1410,7854,1.0,0,0,4,7,1410,0,1971,-122.192,1460,7500,12.849241456283877
3,2.5,2200,4052,2.0,0,0,3,8,2200,0,2005,-122.178,2310,5082,12.80765263256463
3,2.5,2230,4000,2.0,0,0,3,7,2230,0,1954,-122.306,1310,4000,12.896089933081191
4,2.5,2160,8755,2.0,0,0,3,7,2160,0,1993,-122.195,1990,7971,12.652359748158593
3,1.75,1850,7735,1.0,0,0,4,8,1850,0,1983,-122.082,2220,7639,13.279367126213993
1,1.0,870,26326,1.0,0,0,3,6,870,0,1939,-122.3,1250,10608,11.964001084330445
5,6.75,9640,13068,1.0,1,4,3,12,4820,4820,1983,-122.21,3270,10454,15.356241272388583
2,1.0,1000,3700,1.0,0,0,3,6,800,200,1929,-122.29,1270,5000,12.456831363877356
3,2.5,2330,33750,2.0,0,0,3,9,2330,0,1983,-121.723,2270,35000,13.279367126213993
3,3.25,1510,1245,3.0,0,0,3,7,1510,0,2007,-122.343,1510,1245,12.675920012567607
3,1.0,1640,26127,2.0,0,0,3,6,1640,0,1975,-121.905,1620,25788,12.429216196844383
4,2.5,3030,8507,2.0,0,0,3,9,3030,0,2003,-122.176,2570,8830,13.71236979904476
2,2.0,1300,3850,1.0,0,0,3,7,800,500,1963,-122.39,950,5500,12.842649474601725
4,3.25,2850,4100,2.0,0,3,3,10,1820,1030,1908,-122.285,2130,4200,14.244040939003435
4,2.0,1400,4690,1.5,0,0,4,7,1400,0,1945,-122.378,1400,4690,13.3978716489244
3,2.5,2740,9168,2.0,0,0,3,9,2740,0,1991,-122.148,2690,10554,12.921470435024938
2,1.0,1360,22508,1.0,0,0,3,7,1360,0,1932,-122.226,2830,12600,13.16158409055761
3,3.0,1970,20978,2.0,1,3,4,9,1770,200,1980,-122.438,2280,75396,13.465953081794405
2,1.0,790,9784,1.0,0,0,3,6,790,0,1932,-122.284,2350,10102,12.706847933442663
2,2.25,3950,3938,2.0,0,4,3,10,2910,1040,1991,-122.384,3220,4500,14.085537695177335
2,1.5,1230,1561,2.0,0,0,3,7,1230,0,1983,-122.149,1660,2243,11.845819880243557
3,2.5,2330,3141,2.0,0,0,3,8,2330,0,2003,-122.392,1980,5265,13.345506928718539
3,1.5,1820,5756,1.5,0,0,3,7,1640,180,1946,-122.367,1760,6169,13.43498193514614
3,1.75,1600,8156,1.0,0,0,5,7,1600,0,1948,-122.3,1200,8156,12.882836346839595
1,1.0,590,833,1.0,0,0,4,7,590,0,1926,-122.299,780,1617,12.216022976383341
4,1.5,1600,6180,1.5,0,0,3,6,1600,0,1946,-122.285,1410,6180,13.37700559577791
4,2.5,2550,10623,2.0,0,0,3,9,2550,0,1992,-121.992,2750,8100,13.32530422140102
4,1.0,1190,8875,1.5,0,0,4,7,1190,0,1946,-122.303,1190,8875,12.530663867298165
5,2.75,2910,16410,1.5,0,0,4,8,2910,0,1967,-122.145,1980,18000,12.92391243868049
4,3.0,2440,9600,2.0,0,0,5,7,2440,0,1961,-122.2,2290,9600,13.286181462633724
2,1.0,980,3080,1.5,0,0,3,7,980,0,1910,-122.339,1450,3333,13.217673557208654
3,2.75,2730,38869,1.5,1,4,3,9,1940,790,1963,-122.361,2630,28188,14.107246900744096
2,1.5,2440,6900,2.0,0,0,3,7,1590,850,1910,-122.271,1770,6900,13.404077678076318
2,1.75,1120,758,2.0,0,0,3,7,1120,0,2012,-122.072,1150,758,12.628067055589549
2,1.0,1160,5000,1.0,0,0,4,8,1160,0,1937,-122.399,1750,5000,13.102160670086809
3,1.5,1710,8364,2.0,0,2,3,7,1710,0,1944,-122.393,2430,9040,13.204864598916073
4,3.5,4010,10880,2.0,0,3,4,11,3150,860,1990,-122.213,3530,17310,14.142653699296968
3,4.25,5150,7800,2.5,0,2,3,11,4170,980,1954,-122.282,4270,7800,14.626440774180603
2,1.0,820,2723,1.0,0,0,3,7,820,0,1921,-122.339,1370,3850,13.071070083016778
3,2.25,1540,5338,1.0,0,0,5,7,770,770,1954,-122.304,1680,6525,13.197470849891134
4,2.75,3270,50994,2.0,0,0,4,8,2720,550,1983,-122.087,2780,36036,12.983101310070822
4,2.5,2930,8641,2.0,0,0,3,8,2930,0,2010,-122.246,2120,11175,13.527828485512494
4,2.5,2590,9530,1.0,0,0,4,8,1640,950,1978,-122.285,2710,10970,13.194218814504756
4,2.0,2260,7680,1.0,0,0,4,7,1130,1130,1947,-122.361,1800,7680,13.17115354157376
4,1.5,1350,8113,1.0,0,0,4,7,1350,0,1959,-122.196,1930,8113,13.296316684527767
2,1.0,1040,5765,1.0,0,0,3,7,1040,0,1944,-122.346,1040,3844,12.790528770335836
3,2.5,2080,7749,2.0,0,0,3,8,2080,0,1988,-122.021,2210,7471,13.217673557208654
4,4.5,4510,12873,2.0,0,2,3,12,4510,0,1998,-122.201,2200,8528,14.411596025681089
4,1.5,2040,10726,1.0,0,0,3,7,1380,660,1954,-122.358,1610,10020,12.86099861326992
3,1.5,1490,12186,1.0,0,0,4,7,1490,0,1950,-122.322,1180,14285,12.818248353914994
3,1.75,2259,26831,1.5,0,3,5,7,1491,768,1908,-122.266,1980,15794,12.478006361013815
1,1.0,710,4725,1.0,0,0,3,6,710,0,1939,-122.34,900,5250,12.483704382128453
4,1.75,1810,7480,1.0,0,0,3,7,1230,580,1977,-122.361,1870,9594,12.468436909997665
3,2.75,2340,16500,1.0,0,0,4,8,1500,840,1972,-122.051,2210,15251,13.241034907121827
3,2.5,1690,1689,2.0,0,0,3,8,1150,540,2014,-121.999,1540,1689,12.94798618045229
4,2.5,2850,8526,2.0,0,0,3,9,2850,0,1998,-122.191,2440,7072,13.704578997256993
3,2.0,1830,6925,1.0,0,0,4,8,1830,0,1979,-122.123,2010,7350,12.685407602204794
5,2.75,3100,10014,1.0,0,2,4,9,1660,1440,1973,-122.213,3230,10279,13.790192749979985
3,2.0,1650,7930,1.0,0,0,4,7,1650,0,1989,-122.05,1510,7930,12.43320821811392
3,2.5,3060,9576,2.0,0,0,3,10,3060,0,2005,-122.199,3060,9579,14.051783539850701
3,1.0,1060,8625,2.0,0,0,4,7,1060,0,1962,-122.179,2010,8901,13.074223002076394
3,2.25,1646,12414,2.0,0,0,3,7,1646,0,1996,-122.035,1654,8734,12.628067055589549
3,2.0,2120,4080,2.0,0,0,3,7,2120,0,2003,-122.037,2280,4080,13.190022025878143
3,2.25,2200,8375,2.0,0,0,3,8,2200,0,1988,-122.218,2200,10002,12.560830252552664
3,2.5,2290,6302,2.0,0,0,3,9,2290,0,1997,-122.107,2700,7500,12.994530005894443
5,3.0,2350,6480,2.0,0,3,4,7,1650,700,1924,-122.266,1840,7200,13.5985975564007
3,2.0,1410,7265,1.0,0,0,4,7,1410,0,1983,-122.076,1390,8060,12.52434454193596
3,2.5,1900,7604,2.0,0,0,3,8,1900,0,1990,-122.188,1980,9583,13.1470559899947
4,1.0,1300,8400,1.5,0,0,4,7,1300,0,1953,-122.332,1330,8400,12.66032791780777
3,2.5,2517,3900,2.0,0,0,3,8,2517,0,2014,-122.182,2390,7108,12.776769666333555
3,2.5,3320,11875,1.0,0,0,5,10,3320,0,1979,-122.26,3730,11875,13.773646353865574
3,2.25,1250,1033,3.0,0,0,3,8,1250,0,2007,-122.343,1250,1150,12.748396936355535
4,2.0,2120,9442,1.0,0,0,5,7,1060,1060,1968,-122.226,1290,9600,13.028052697933088
4,2.5,1890,7200,1.0,0,0,4,7,1500,390,1978,-122.218,2070,7200,13.135279602670876
4,2.5,2150,37981,2.0,0,0,3,9,2150,0,1985,-122.098,2450,37981,13.319573546692034
2,2.5,1700,2513,2.0,0,0,3,8,1700,0,2009,-121.878,1760,2891,12.842649474601725
3,3.25,1560,1345,2.0,0,0,3,8,1260,300,2009,-122.375,1560,4800,13.012548511397123
3,1.0,930,5160,1.5,0,0,5,6,930,0,1919,-122.357,1060,5160,12.611537753638338
3,1.0,1120,10176,1.0,0,0,3,6,920,200,1905,-122.277,1350,7500,12.751299696013497
2,3.25,1840,1500,3.0,0,0,3,8,1840,0,2001,-122.354,1910,2500,13.307098685422218
2,2.0,1510,4000,1.0,0,0,4,7,1010,500,1900,-122.345,1920,4000,13.296316684527767
2,1.0,770,2191,1.0,0,0,3,6,770,0,1937,-122.323,940,5000,12.439166527697552
4,2.25,2130,11843,2.0,0,0,4,9,2130,0,1972,-122.225,2380,11643,13.652991628466498
3,1.0,1230,9660,1.0,0,0,3,7,1230,0,1968,-122.06,1380,10125,12.682306824526545
4,2.5,3030,180263,2.0,0,0,3,7,2030,1000,1987,-122.097,2600,182509,12.89921982609012
5,1.75,2180,9178,1.0,0,0,3,7,1140,1040,1963,-122.28,2140,9261,12.524526376648708
4,2.75,2910,7467,2.0,0,0,3,8,2910,0,2013,-121.772,2790,7868,13.130446619797462
3,1.75,1720,8102,1.0,0,0,5,6,860,860,1940,-122.29,1440,8106,12.948009990259552
3,1.75,1480,3900,1.0,0,0,4,7,1480,0,1980,-122.367,1830,6956,12.409013489526863
2,1.5,1660,4680,1.0,0,0,5,6,830,830,1908,-122.388,1930,5400,12.815838217151068
2,1.0,960,7000,1.0,0,0,3,4,960,0,1918,-122.307,1850,8120,11.461632170582678
4,1.5,3520,4933,1.5,0,0,4,8,2270,1250,1929,-122.315,1710,5400,13.287029998959563
3,4.0,1390,1569,2.0,0,0,3,9,1150,240,2006,-122.269,1620,1855,13.034624463096321
3,2.5,2090,9847,2.0,0,2,3,9,2090,0,1983,-122.114,2860,11483,13.493926933836812
5,1.0,1590,5000,1.5,0,0,3,7,1190,400,1929,-122.381,1590,5000,13.15773052124162
6,3.0,3320,15600,1.0,0,0,4,8,1660,1660,1977,-122.166,2330,15360,12.89921982609012
3,2.0,1220,1186,3.0,0,0,3,8,1220,0,2007,-122.341,1280,1251,12.779873068457553
4,2.0,1540,9279,1.0,0,0,3,7,1540,0,1955,-122.268,1540,5110,12.367340793126296
5,2.75,2920,9163,1.0,0,0,4,8,1520,1400,1976,-122.169,2250,9163,13.477937715899028
4,1.75,1750,5500,1.5,0,0,5,7,1050,700,1926,-122.388,1640,5500,13.038981768465277
3,1.75,1100,5525,1.0,0,0,5,6,1100,0,1968,-122.084,1050,5200,12.25462468611234
3,2.0,1210,6634,1.0,0,0,4,7,1210,0,1985,-122.193,1560,7200,12.375815420117268
3,2.5,2280,12498,2.0,0,0,4,9,2280,0,1987,-122.014,2330,8844,13.235692062711331
4,2.5,2350,10655,2.0,0,0,3,8,2350,0,1992,-122.171,2210,7028,12.73405032811373
4,2.5,1890,7867,2.0,0,0,3,8,1890,0,1996,-122.031,2250,7867,12.779873068457553
4,2.5,2150,8173,2.0,0,0,3,8,2150,0,1987,-122.153,2080,7620,12.936033799212835
5,3.75,3290,6480,2.0,0,0,5,10,2190,1100,1938,-122.415,2010,7639,14.141210697603576
5,1.75,2690,21357,1.0,0,0,4,7,1420,1270,1952,-122.191,2600,17539,13.500799813124575
3,2.5,1610,3848,2.0,0,0,3,8,1610,0,2006,-122.188,1610,3049,12.584509081250419
3,1.75,1140,10400,1.0,0,0,4,7,1140,0,1983,-122.311,1280,9800,12.429216196844383
5,5.0,5774,31675,1.0,0,2,3,11,4490,1284,1984,-122.323,3260,13200,13.514405465180353
3,2.0,1480,800,2.0,0,0,3,8,1000,480,2014,-122.387,1480,886,13.036805489042683
5,3.0,5530,38816,1.5,0,2,3,10,5530,0,1969,-122.116,3800,44417,14.115615150414612
3,2.25,2020,21010,2.0,0,0,3,7,2020,0,1995,-121.915,1850,18151,12.948009990259552
2,1.0,1180,10200,1.0,0,0,4,7,1180,0,1955,-122.336,1330,10200,12.404923504275338
3,1.0,1310,9529,1.0,0,0,3,7,1310,0,1956,-122.295,1330,9529,12.043553716032399
3,4.5,4380,47044,2.0,1,3,3,9,3720,660,1968,-122.365,2460,18512,13.81049801614073
3,1.75,1430,8400,1.0,0,0,4,7,1430,0,1961,-122.127,1570,7800,12.994530005894443
3,3.5,2620,11148,2.0,0,4,4,9,2060,560,1977,-122.115,2590,10796,13.652991628466498
3,1.5,1560,7884,1.0,0,0,3,7,1060,500,1969,-122.298,1820,9000,12.815838217151068
4,1.0,1410,6000,1.0,0,0,3,7,810,600,1925,-122.373,1500,4800,12.931202871943169
3,1.75,1300,5120,1.5,0,0,4,6,1300,0,1925,-122.394,1090,5124,13.151922179645874
3,1.0,2040,7936,1.0,0,3,5,8,1680,360,1940,-122.385,2300,10080,14.077874822431765
3,2.5,2560,5238,2.0,0,0,3,8,2560,0,2001,-122.04,2560,5185,13.265597545490236
3,2.25,2230,9053,2.0,0,0,4,9,2230,0,1987,-122.144,2390,8038,13.304684934198283
4,2.5,2220,4720,2.0,0,0,3,7,2220,0,1998,-122.024,2090,4717,12.714395139078047
4,3.0,2090,7500,1.0,0,0,3,7,1370,720,1986,-122.182,1810,7650,12.730801174465157
4,2.5,3010,7953,2.0,0,0,3,9,3010,0,2000,-122.19,2670,6202,13.304684934198283
5,5.5,7400,18898,2.0,0,3,3,13,6290,1110,2001,-122.112,6110,26442,14.908440063496885
4,1.75,2390,17717,1.0,0,0,4,8,2390,0,1964,-122.218,2390,10730,13.738899455592433
3,3.0,1950,1983,3.0,0,0,3,9,1610,340,2009,-122.202,2040,2131,13.573438996764546
5,2.5,2570,17234,1.0,0,0,3,7,1300,1270,1959,-122.355,1760,7969,12.524526376648708
4,2.5,3330,8897,2.0,0,0,3,10,3330,0,2001,-122.08,3150,7515,13.74937075545973
4,1.75,1530,18400,1.5,0,0,4,6,1530,0,1938,-122.219,1620,13535,12.301382825334498
4,2.75,2700,35362,2.0,0,0,5,8,2700,0,1976,-122.094,2810,35915,13.413539339110365
5,2.75,2660,8737,1.0,0,4,5,8,1470,1190,1969,-122.155,3280,8783,13.9108207377686
5,2.25,2600,9600,1.0,0,2,4,8,1810,790,1969,-122.365,2070,9660,12.644327576461329
3,3.25,4560,13363,1.0,0,4,3,11,2760,1800,1995,-122.214,4060,13362,14.978661367769956
4,2.25,2170,10500,1.0,0,2,4,8,1270,900,1960,-122.338,2080,11019,12.973863369085885
3,3.25,3240,8338,2.0,0,0,3,9,3240,0,2001,-122.064,3420,8405,13.607255619143816
2,2.0,1070,635,2.0,0,0,3,9,720,350,2008,-122.357,1070,928,12.456636792420376
3,2.0,1510,3413,2.0,0,0,3,7,1510,0,1985,-122.167,1570,3777,12.345834587905333
4,3.75,4350,7965,2.0,0,0,3,10,4350,0,2013,-122.205,2190,8557,14.54064078437727
2,1.0,1070,3000,1.0,0,0,4,7,870,200,1926,-122.353,1890,3300,13.217673557208654
3,2.5,1700,6000,2.0,0,0,3,8,1700,0,1997,-122.221,1940,6626,12.429216196844383
3,1.0,1180,5965,1.5,0,0,4,6,1180,0,1928,-122.299,1270,7710,12.779873068457553
2,1.75,950,15219,1.0,0,0,3,8,950,0,2009,-122.262,1560,12416,13.151922179645874
3,2.0,2420,208652,1.5,0,0,3,8,2420,0,2005,-121.978,3180,212137,13.287877815881902
3,2.5,2970,21907,2.0,0,0,3,9,2970,0,1998,-122.099,2040,27917,13.121362877070744
3,2.5,3670,18505,1.0,0,4,3,10,2530,1140,1983,-122.376,2920,20000,14.038654109278484
3,2.75,2200,7000,1.0,0,0,4,7,1280,920,1977,-122.169,1670,7000,12.691580461311874
3,3.0,2330,7304,1.0,0,0,3,9,1300,1030,1971,-122.172,2330,9518,13.1538620444637
3,2.25,1264,1536,2.0,0,0,3,8,1264,0,2003,-122.279,1264,2067,13.180632285528304
4,2.5,2170,19785,2.0,0,0,3,8,2170,0,1992,-122.167,2280,8616,12.736700896592344
3,2.5,1510,1493,3.0,0,0,3,8,1510,0,2014,-122.402,1530,1357,13.304601597392535
5,3.25,3030,7410,2.0,0,0,3,8,2150,880,2014,-122.354,2020,7410,13.270783382522602
4,2.5,2420,7200,2.0,0,0,3,9,2420,0,1991,-122.197,2650,7800,13.555443652545467
2,1.0,970,8874,1.0,0,0,3,7,970,0,1968,-122.178,1340,8175,12.254862809699606
3,2.5,1420,1237,3.0,0,0,3,8,1420,0,2014,-122.387,1510,2501,13.142166004700508
3,2.25,1740,8491,1.0,0,0,3,8,1240,500,1958,-122.379,2080,8494,12.983101310070822
3,2.5,1800,14036,2.0,0,0,3,8,1800,0,1993,-121.97,2450,14025,12.959844447906553
3,2.5,1920,7200,2.0,0,2,3,10,1780,140,1997,-122.408,2080,5000,13.710150042306449
3,2.0,1610,13309,1.0,0,0,4,7,1610,0,1967,-122.133,1610,15725,12.415928302517449
2,1.0,850,5000,1.0,0,0,3,6,850,0,1976,-122.314,1160,5000,12.103486056755072
4,2.5,2610,3500,1.5,0,0,5,7,1610,1000,1927,-122.326,1820,3900,13.622532420981791
2,1.0,1310,4000,1.0,0,0,3,6,1310,0,1913,-122.329,1550,4000,13.142166004700508
2,0.75,1130,11429,1.0,0,0,3,7,1130,0,1956,-122.284,1550,10700,12.230521325932484
3,2.0,3000,22040,2.0,0,2,4,8,2470,530,1942,-122.368,2600,7947,13.695600261291716
3,2.25,2230,11835,1.0,0,0,5,8,1630,600,1974,-122.178,2190,10384,13.388489786890393
4,2.5,2500,8282,2.0,0,0,3,9,2500,0,2013,-122.169,2500,8046,13.337474757021274
3,2.25,1352,1694,3.0,0,0,3,8,1352,0,2007,-122.315,1439,1387,12.691580461311874
3,2.75,1970,2600,2.5,0,0,3,8,1970,0,1924,-122.335,1680,3120,13.567049198665774
5,3.5,2920,3000,2.0,0,0,3,9,2260,660,2014,-122.349,1580,4000,13.878485357125662
4,3.75,4475,20424,2.0,1,4,3,12,2659,1816,1999,-122.208,4340,5250,14.76097166713821
2,1.0,940,5375,1.0,0,0,4,5,940,0,1952,-122.324,1200,7500,12.363076394339839
4,3.0,2800,9127,2.0,0,0,3,9,2800,0,1999,-122.007,2780,8165,13.554145793829866
3,2.25,1630,7900,1.0,0,0,4,7,1130,500,1973,-122.377,1630,8200,12.352335152508426
3,2.5,2810,4984,1.0,0,0,3,9,1750,1060,2006,-122.209,2810,5711,13.081437210791684
3,2.25,1830,8276,1.0,0,0,3,8,1350,480,1989,-122.025,1920,8276,13.27594246533263
3,1.5,1750,12632,1.0,0,0,4,7,1750,0,1952,-122.176,1740,12196,13.071070083016778
3,1.0,2230,8163,1.0,0,0,3,7,1230,1000,1966,-122.275,2380,6874,12.367340793126296
3,2.25,1500,7210,1.0,0,0,3,7,1150,350,1984,-122.352,1500,7210,12.345834587905333
3,1.5,1140,3292,2.0,0,0,3,7,1140,0,1988,-122.017,1150,3592,12.644327576461329
3,2.0,1690,9516,1.0,0,0,3,7,1690,0,1997,-122.001,1850,9516,12.487485104968359
4,2.5,1710,3500,2.0,0,0,3,7,1710,0,2014,-122.217,1710,3500,12.55284875728966
3,2.25,1750,1572,2.5,0,0,3,9,1470,280,2005,-122.321,2410,3050,13.347105650082236
4,2.0,1880,3840,1.0,0,0,3,7,970,910,1904,-122.303,1670,1820,12.983101310070822
3,3.5,4070,26000,2.0,0,0,3,11,4070,0,1991,-122.174,3770,26000,14.207552645740298
3,2.5,2060,7184,2.0,0,0,3,8,2060,0,1987,-122.012,2230,7788,13.208541073645382
3,1.75,1740,9500,1.0,0,3,4,8,1150,590,1958,-122.365,2110,9450,13.279367126213993
2,1.0,1290,6528,1.5,0,0,4,7,1290,0,1941,-122.29,1670,5712,13.178932728892223
3,2.0,2060,4080,1.0,0,0,5,7,1060,1000,1921,-122.289,1400,4080,13.316284070041636
3,2.5,3370,36218,2.0,0,0,4,9,3370,0,1988,-121.987,2980,31793,13.458764182902971
2,1.0,700,8174,1.0,0,0,3,5,700,0,1941,-122.349,1250,8046,12.072541252905651
4,1.0,2210,4366,2.0,0,0,3,8,2210,0,1901,-122.309,1740,1745,13.286181462633724
3,2.25,2760,10160,1.0,0,0,3,8,2760,0,1969,-122.15,2760,9600,12.724866438945341
4,2.5,2400,3986,2.0,0,0,3,8,2400,0,1999,-121.877,2070,3986,13.09658392441684
4,2.5,1820,3905,2.0,0,0,3,7,1820,0,2001,-121.985,1820,3863,12.706847933442663
4,2.25,2060,5649,1.0,0,0,5,8,1360,700,1941,-122.407,2060,5626,13.480037821676145
3,1.75,2120,18335,1.0,0,0,3,7,1380,740,1961,-122.273,2050,18333,12.425208175446844
3,1.75,1540,9154,1.0,0,0,3,8,1540,0,1983,-122.042,1990,10273,13.017002861746503
3,1.75,1800,8462,1.0,0,0,3,8,1440,360,1978,-122.141,2210,8436,13.138236726560619
4,2.0,2590,7220,2.0,0,2,4,10,2590,0,1930,-122.41,2530,6380,13.976778705560397
3,2.5,1910,4755,2.0,0,0,3,8,1910,0,1997,-122.162,2460,6099,12.873902018105829
5,3.25,2440,15815,2.0,0,0,3,8,1990,450,2014,-122.28,2500,14201,13.42984807715229
3,1.0,1180,6000,1.0,0,0,3,7,1180,0,1950,-122.286,1680,6000,13.13626628257332
5,2.25,3340,52476,2.0,0,0,4,8,3340,0,1975,-121.987,2460,48351,13.37700559577791
4,2.5,3150,5757,2.0,0,0,3,9,3150,0,2004,-122.117,3100,5757,13.071070083016778
4,2.5,2740,10533,2.0,0,0,3,9,2740,0,1997,-122.006,2760,8603,13.419203387640875
3,1.0,1400,8100,1.5,0,0,3,6,1400,0,1944,-122.289,1420,8100,12.495003937382387
3,1.75,1470,5000,1.5,0,0,5,7,1470,0,1900,-122.369,1530,5000,13.226002412163815
2,1.0,930,2600,1.0,0,0,3,7,930,0,1981,-122.161,1370,3488,12.546109948315882
2,1.0,1640,5515,1.0,0,0,4,7,940,700,1926,-122.334,2054,5515,13.266463721378086
4,2.75,2060,21344,1.0,0,0,2,8,1460,600,1978,-122.154,2060,16088,13.42320843638239
3,1.75,2120,5992,1.0,0,0,3,7,1060,1060,1947,-122.308,1840,11000,12.959844447906553
3,1.5,1220,962,3.0,0,0,3,8,1220,0,2014,-122.387,1510,2501,13.122363377404328
4,2.5,2280,8190,1.0,0,3,3,7,1390,890,1983,-122.272,1990,9000,12.751299696013497
4,2.5,2110,13939,1.0,0,0,3,8,1270,840,1978,-122.113,2140,8882,13.31710745419684
5,2.5,2990,7292,2.0,0,0,4,8,2990,0,1990,-122.091,2150,8190,12.736553826954605
2,1.0,880,4000,1.0,0,0,3,7,880,0,1940,-122.387,1310,4000,13.17115354157376
3,1.5,1390,2153,2.0,0,0,3,7,1390,0,2001,-122.29,1100,2617,12.496874845318198
3,2.25,1510,6071,1.0,0,0,4,7,1150,360,1985,-122.077,1510,7271,12.487485104968359
3,1.0,1270,8925,1.0,0,0,5,7,1270,0,1955,-122.165,1270,8996,12.666657052859417
2,1.0,940,3800,1.0,0,0,3,7,940,0,1929,-122.292,1680,3800,13.084044497477192
4,2.25,1240,21190,1.0,0,0,3,8,910,330,1974,-122.197,1760,8200,12.959844447906553
3,2.75,3340,12690,1.0,0,0,3,10,2550,790,1956,-122.27,3340,9480,14.074021253115776
4,3.5,3820,13224,2.0,0,0,3,10,3280,540,1990,-122.199,3340,9700,14.03062193758122
4,3.5,3420,4751,2.0,0,0,3,10,3420,0,2003,-122.193,3490,5700,13.217491722495906
2,1.0,1570,4704,1.5,0,1,3,8,1570,0,1931,-122.392,1820,4704,13.126355398673866
6,2.0,1670,3000,1.0,0,0,5,7,900,770,1911,-122.316,1330,1099,13.42984807715229
5,2.5,2740,12413,2.0,0,0,3,7,2740,0,1990,-122.183,1900,7416,12.863592648446968
3,2.5,2320,3980,2.0,0,0,3,8,2320,0,2003,-122.07,2580,3980,13.271645080120082
3,1.0,1720,16552,1.0,0,0,4,7,1720,0,1971,-122.153,1550,15457,12.779591338634587
3,1.75,1490,8366,1.0,0,0,4,7,1010,480,1975,-122.14,1490,7469,12.363076394339839
3,3.0,1740,1100,3.0,0,0,3,8,1740,0,2007,-122.391,1370,1180,13.287877815881902
1,1.0,800,16306,1.0,0,0,2,6,680,120,1931,-122.308,1270,8666,12.429216196844383
3,2.5,2440,18674,2.0,0,0,4,8,2440,0,1994,-122.126,2530,10603,12.765688433465597
3,2.25,1410,7290,1.0,0,0,3,7,940,470,1980,-122.274,1550,7375,12.388394202324129
3,1.0,1340,4000,1.5,0,0,4,7,1340,0,1927,-122.288,1510,4000,13.339086360915616
3,2.25,2040,18360,2.0,0,0,4,8,2040,0,1983,-122.137,2590,21315,13.488394416267086
5,2.0,1910,12264,1.0,0,0,4,7,1010,900,1963,-122.134,1700,9179,13.038981768465277
2,1.0,1000,10320,1.0,0,0,3,6,1000,0,1943,-122.356,1100,5160,12.506177237980511
2,1.5,1450,27075,1.0,0,0,3,7,1450,0,1940,-122.353,1890,10599,13.049792684569493
2,2.5,1680,975,3.0,0,0,3,9,1680,0,2009,-122.361,1680,977,13.641157170819497
3,2.25,1180,9630,2.0,0,0,3,7,1180,0,1986,-122.232,2660,5979,12.743734923249724
3,1.75,1840,5000,1.0,0,0,4,7,920,920,1910,-122.376,1220,5000,13.120361374733656
3,2.5,1930,5344,2.0,0,0,3,7,1930,0,2004,-122.032,2410,5080,13.184022757791057
3,2.5,2460,54885,2.0,0,0,4,8,2460,0,1980,-122.146,2770,21407,13.16158409055761
3,2.5,1300,877,2.0,0,0,3,7,1060,240,2008,-122.392,1320,1414,12.94084150078094
3,2.25,1860,7200,1.0,0,0,4,7,1240,620,1977,-122.192,1560,7630,13.005829561148378
3,1.0,1250,9126,1.0,0,0,3,7,1250,0,1969,-122.076,1440,10620,12.706847933442663
3,1.75,1550,10050,1.0,0,0,5,7,1550,0,1957,-122.123,1720,10050,13.193753373491
3,2.5,1070,1219,2.0,0,0,3,7,720,350,2004,-122.384,1070,1254,12.821258284620408
3,1.0,1000,12000,1.0,0,0,3,7,1000,0,1959,-122.346,1490,14940,12.287652632522597
3,2.25,1920,9672,2.0,0,0,4,8,1920,0,1984,-122.046,1950,10125,13.345506928718539
4,2.5,3550,35689,2.0,0,0,4,9,3550,0,1991,-122.074,3350,35711,13.500799813124575
3,1.75,1380,10529,1.0,0,0,3,7,1380,0,1967,-122.233,1670,5694,12.751299696013497
3,2.5,3310,21096,2.0,0,2,3,9,3310,0,2004,-122.386,3310,13835,12.945626198904275
4,2.5,3930,21894,2.0,0,0,3,11,3930,0,1987,-122.128,3930,20000,13.904436767158675
5,2.75,2460,7830,1.0,0,0,5,9,1490,970,1955,-122.31,2050,7830,13.635187003832993
4,3.5,2370,3302,2.0,0,0,3,8,1610,760,1926,-122.341,2170,3800,13.592367006650065
4,2.25,1900,7200,1.0,0,0,3,8,1370,530,1977,-122.372,2030,8008,13.091904169919621
3,3.25,1310,1072,2.0,0,0,3,8,1060,250,2008,-122.374,1160,1266,13.151339485640847
3,2.5,2830,3750,3.0,0,0,3,10,2830,0,2014,-122.385,1780,5100,13.784999802759252
5,2.5,2210,9655,1.0,0,0,3,8,1460,750,1976,-122.222,2080,8633,13.060487973686241
4,2.5,2240,5402,2.0,0,0,3,8,2240,0,2005,-122.35,2240,7560,13.228523573232719
4,2.75,2020,7070,1.0,0,0,5,7,1010,1010,1958,-122.378,1390,6000,13.148031124152906
3,2.75,3410,9360,1.5,0,0,4,8,3410,0,1967,-122.147,2260,10128,13.122363377404328
3,2.5,2030,2805,2.0,0,0,3,8,1720,310,2001,-122.047,1670,2898,13.062613372998555
3,2.25,2190,8188,2.0,0,0,3,8,1810,380,1978,-122.113,2190,8374,13.270783382522602
4,2.0,1580,6250,1.0,0,0,3,7,860,720,1977,-122.31,1580,6250,12.154779351142624
4,2.5,3190,14565,2.0,0,0,3,11,3190,0,1990,-122.072,3420,20475,13.676248490630767
4,2.75,2750,14982,1.0,0,3,3,9,1720,1030,1981,-122.32,2860,16344,13.312487746261304
3,2.5,1750,6725,1.0,0,0,3,7,1330,420,1993,-122.058,1670,7744,12.201060103706629
3,1.0,910,8700,1.0,0,0,4,6,910,0,1943,-122.29,1090,8700,12.013700752882718
3,1.75,1255,1113,3.0,0,0,3,8,1255,0,2010,-122.343,1010,1038,12.793859310432293
4,2.25,2040,14383,1.0,0,0,4,8,1270,770,1977,-122.163,2030,11500,12.811480911782112
4,3.0,2800,7845,2.0,0,0,3,8,2800,0,2002,-122.013,2800,6977,13.032438669876342
3,2.0,1270,6760,1.0,0,0,5,7,1270,0,1972,-122.179,1550,5734,12.863851682252328
3,2.25,1200,2845,2.0,0,0,3,7,1200,0,1986,-122.203,1220,2140,12.742566016044742
4,3.0,2360,6678,1.0,0,0,3,8,1760,600,1949,-122.313,1640,6380,13.217673557208654
5,1.5,1420,9900,1.0,0,0,3,7,1050,370,1964,-122.118,1580,8075,13.091904169919621
3,1.0,940,5650,1.0,0,0,3,6,940,0,1949,-122.292,1180,5276,12.468436909997665
4,2.25,2180,8000,1.0,0,0,4,9,1630,550,1975,-122.378,2310,8000,12.736700896592344
5,2.75,2870,5349,2.0,0,0,3,9,2870,0,2005,-122.187,2800,5000,13.445460855077064
4,3.25,2840,54400,1.0,0,0,4,8,2840,0,1984,-122.045,2550,43560,13.477236699396434
3,0.75,1040,42180,1.0,0,0,2,6,1040,0,1947,-122.199,1270,24090,12.043553716032399
3,2.5,2320,32772,2.0,0,0,3,9,2320,0,1992,-121.988,2610,33305,13.353475098367715
3,1.0,1470,9750,1.0,0,0,3,7,1470,0,1963,-122.194,1300,9750,13.071070083016778
4,1.5,1770,6650,1.0,0,0,3,7,1770,0,1958,-122.124,1600,7000,12.834681304952548
5,4.5,4280,8465,2.0,0,0,3,10,4280,0,2014,-122.165,2990,11067,13.811000402486387
5,3.25,4610,10576,2.0,0,3,3,11,3310,1300,2006,-122.07,4042,8321,13.997832114758229
3,1.75,2530,35150,1.0,0,0,4,7,1800,730,1977,-122.121,2460,36386,12.834681304952548
2,2.0,1300,3608,1.0,0,0,3,7,1300,0,2004,-122.309,1510,3608,12.345834587905333
4,2.5,2190,11500,1.0,0,0,4,8,1430,760,1972,-122.147,2580,9700,13.458692746677631
3,1.0,1280,8184,1.5,0,0,4,6,1280,0,1947,-122.319,1120,8184,12.624782980388359
3,3.5,2490,3582,2.0,0,0,3,8,1720,770,2005,-122.067,1445,1590,13.217673557208654
3,2.5,1680,1683,2.0,0,0,3,9,1120,560,2014,-122.374,1610,1618,13.353395730138775
4,4.25,4480,5715,2.0,0,0,3,7,3680,800,2003,-122.179,2190,6070,13.102160670086809
2,1.5,1160,1269,2.0,0,0,3,7,970,190,2005,-122.335,1700,3150,13.023647404465171
3,2.5,1670,8364,1.0,0,0,4,7,1300,370,1990,-122.084,1490,8143,12.506177237980511
4,1.5,1820,17918,1.0,0,0,4,8,1190,630,1962,-122.179,1890,15241,12.971307902484373
4,1.75,1400,54014,1.5,0,0,4,7,1400,0,1935,-122.184,1910,8523,12.396796305588273
3,1.5,1210,5200,1.0,0,0,5,6,1210,0,1969,-122.087,1120,5200,12.301155526776865
4,2.5,3240,3600,2.0,0,0,3,9,2060,1180,2008,-122.356,1820,3600,14.01436141670944
6,2.5,3760,12978,1.0,0,0,3,9,2360,1400,1967,-122.381,2300,7362,13.639131310625949
3,2.5,1610,6176,2.0,0,0,3,7,1610,0,1994,-122.173,1680,7414,12.449018824140563
3,1.75,1820,8028,1.0,0,0,3,7,1220,600,1980,-122.355,1940,11100,12.871334622600584
3,1.0,1020,6120,1.0,0,0,4,7,1020,0,1967,-122.205,1370,8000,12.245293358683455
3,1.5,1270,1067,3.0,0,0,3,8,1270,0,2009,-122.353,1090,1118,12.691580461311874
3,2.5,1870,9825,1.0,0,0,4,7,1250,620,1994,-121.744,1380,11475,12.691580461311874
3,2.0,1740,18000,1.0,0,0,3,7,1230,510,1989,-122.242,1740,11250,12.911642346088676
5,2.25,2500,13500,1.0,0,0,3,7,1850,650,1979,-122.144,2300,9750,13.054084536651034
4,2.5,2490,5812,2.0,0,0,3,8,2490,0,2000,-122.155,2690,6012,12.748978162759576
2,2.25,1230,932,2.0,0,0,3,8,1020,210,2004,-122.301,1230,1064,13.079455876393052
4,1.75,1700,7800,1.0,0,0,4,8,1700,0,1975,-122.119,2430,8342,13.304684934198283
4,1.75,2260,6600,1.0,0,0,5,8,1220,1040,1948,-122.278,2240,6600,13.669328047786193
2,1.0,1260,7810,2.0,0,0,3,6,1260,0,1945,-122.248,1260,7755,12.449018824140563
3,2.5,2230,4006,2.0,0,0,3,8,2230,0,2014,-122.335,2230,4180,13.458835614025542
2,1.5,830,1276,2.0,0,0,3,7,830,0,2005,-122.297,1540,1484,12.608198852372823
3,1.75,1860,15681,1.0,0,0,4,7,1860,0,1971,-122.339,1860,22979,12.524526376648708
2,2.5,1570,2399,2.0,0,0,3,7,1180,390,2009,-122.364,1590,2306,12.772805901234461
3,2.25,1820,13362,1.0,0,0,3,8,1220,600,1977,-122.052,2050,15000,13.081541382884074
6,3.0,2180,7956,2.0,0,0,3,7,2180,0,1980,-122.305,2214,7684,12.367340793126296
3,2.5,2010,2212,2.0,0,0,3,8,1390,620,2014,-121.998,1690,1619,13.0651939046797
3,2.0,2250,8800,1.0,0,0,4,7,1250,1000,1925,-122.409,2250,4800,13.286181462633724
3,1.75,1180,4000,1.0,0,0,3,7,1040,140,1929,-122.284,1430,4000,12.733460357595142
4,2.5,2130,9139,2.0,0,0,3,9,2130,0,1988,-122.01,2150,8178,13.337474757021274
2,1.0,800,4850,1.0,0,0,4,7,800,0,1944,-122.364,1150,4365,12.994530005894443
3,2.5,1820,6848,1.0,0,0,4,7,1820,0,1953,-122.207,2080,11700,13.681979165339751
4,2.5,2460,9296,2.0,0,0,3,9,2460,0,1978,-122.152,2730,9900,13.490472698968725
4,2.5,2290,6318,2.0,0,0,4,8,2290,0,1988,-122.02,2150,7350,13.304601597392535
3,2.25,1840,6214,1.0,0,0,4,7,1270,570,1983,-122.185,1840,6214,12.560244459250788
4,2.5,2950,7024,2.0,0,0,3,10,2950,0,2012,-122.403,2950,6339,13.734083559268544
4,1.0,1520,9800,1.5,0,0,4,7,1520,0,1971,-122.236,1540,7700,12.871334622600584
4,4.0,6050,84942,2.5,0,2,3,9,4150,1900,2009,-122.029,2700,199504,13.742939865129438
3,2.5,2120,3757,2.0,0,0,3,7,2120,0,2006,-122.128,2230,4103,12.89921982609012
3,1.75,1740,11547,1.0,0,0,3,7,1740,0,1954,-122.22,880,78408,12.409013489526863
4,2.5,3170,32430,2.5,0,0,3,10,3170,0,1989,-122.056,3360,35610,13.721199878493033
4,1.75,2320,9240,1.0,0,0,3,7,1160,1160,1959,-122.257,2130,7320,12.691426603322494
4,3.25,2864,8035,3.0,0,0,3,8,2864,0,2014,-122.189,2419,8984,12.84792653170257
5,3.0,2230,6551,1.0,0,0,3,7,1330,900,2014,-122.32,2230,9476,12.758519943986984
3,2.0,1880,3000,1.0,0,0,4,8,1040,840,1931,-122.351,1790,3000,13.473020249017498
3,1.0,1150,4800,1.5,0,0,4,6,1150,0,1938,-122.212,1310,9510,12.206072645530174
3,1.75,1300,9600,1.0,0,0,4,7,1300,0,1969,-122.103,2070,9775,13.028052697933088
2,2.5,2330,3000,2.0,0,3,3,8,2330,0,1915,-122.294,1760,4000,13.266463721378086
4,2.25,2190,4080,2.0,0,0,3,8,1800,390,1918,-122.358,2100,4080,13.658856747918897
3,1.75,1340,9975,1.0,0,0,4,7,1340,0,1961,-122.169,1340,10050,12.92391243868049
3,2.5,1950,7421,2.0,0,0,3,8,1950,0,1996,-122.036,2200,4668,12.584509081250419
2,1.0,720,7250,1.0,0,0,3,5,720,0,1943,-122.032,1760,7250,12.706847933442663
3,1.5,1210,7560,1.0,0,0,3,7,1210,0,1941,-122.374,980,7560,12.691426603322494
3,1.5,1140,10300,1.5,0,0,4,6,1140,0,1967,-121.77,1250,9975,12.363076394339839
3,2.75,2300,5090,2.0,0,0,3,8,1700,600,2007,-122.36,1530,9100,13.021437458814368
4,2.0,1720,4000,1.0,0,0,3,7,1420,300,1950,-122.285,1350,1281,13.217673557208654
3,2.5,3040,34670,2.0,0,0,4,10,3040,0,1983,-122.129,3480,35001,13.579788224443204
4,2.5,2900,6918,2.0,0,0,3,8,2900,0,2001,-122.284,2720,10376,12.733755386362587
4,2.5,2910,5000,2.0,0,0,3,8,2910,0,2002,-122.127,2740,5045,12.886641043883259
3,2.5,2490,21937,2.0,0,0,3,8,2490,0,1993,-121.898,2450,21937,13.131818536175084
2,1.75,1500,6800,1.0,0,0,4,7,910,590,1942,-122.371,1450,6800,12.987688474077727
3,2.25,1830,7500,1.0,0,0,4,7,1330,500,1968,-122.31,1830,8720,12.947998085426784
3,1.75,1270,9170,1.0,0,0,3,7,1270,0,1969,-122.151,1700,8500,13.226723392728571
4,2.75,2690,9240,2.0,0,0,3,8,2690,0,1998,-122.014,2640,9240,12.755031853277067
4,3.0,1780,4228,1.0,0,0,3,7,1780,0,1953,-122.287,1730,5304,12.765688433465597
2,1.0,1210,7140,1.5,0,0,3,6,1210,0,1921,-122.349,1150,7376,12.628067055589549
4,1.0,1730,7350,1.5,0,0,4,6,1730,0,1970,-122.307,1440,7752,12.498555674922997
4,2.75,3210,8520,1.0,0,2,4,7,1810,1400,1976,-122.388,2450,7360,13.527828485512494
5,2.5,2510,7525,1.5,0,0,4,7,1710,800,1929,-122.359,1270,6741,12.89921982609012
3,1.0,1500,6800,1.0,0,0,3,7,1500,0,1943,-122.268,1500,6800,13.17115354157376
5,3.0,2970,6500,2.0,0,0,3,9,2970,0,2000,-122.018,2970,6588,13.42984807715229
3,3.25,1510,2000,2.0,0,0,3,9,1330,180,2001,-122.402,1510,1352,13.38472764187182
3,1.5,1690,6010,1.0,0,0,3,7,1230,460,1946,-122.291,1690,5418,12.994530005894443
5,2.5,4570,19252,2.0,0,0,5,10,4570,0,1965,-122.22,3180,13314,14.210857987884152
3,1.0,1010,10125,1.0,0,0,4,7,1010,0,1972,-122.088,1230,10125,12.2783933071098
3,1.75,2240,78225,2.0,0,0,5,8,2240,0,1976,-122.484,2030,202554,13.217673557208654
4,2.25,1600,7916,2.0,0,0,3,7,1600,0,1991,-121.981,1540,7242,12.542544882151386
3,2.25,2390,7875,1.0,0,1,3,10,1980,410,1948,-122.278,3720,9075,13.985253332551368
4,2.5,2180,3375,1.5,0,0,4,7,1420,760,1926,-122.361,1560,3375,13.395439297466748
3,1.0,1200,15960,1.5,0,0,3,6,1200,0,1945,-122.299,1120,7800,12.895462777212407
3,1.75,2290,14800,1.0,0,0,3,8,1620,670,1965,-122.273,2320,12474,13.060487973686241
3,1.0,1010,3060,1.5,0,0,3,6,1010,0,1904,-122.285,1330,4590,12.751299696013497
3,2.5,4110,35741,2.0,0,0,3,7,4110,0,1976,-122.171,2710,8865,13.846039762999096
6,3.25,2900,6400,2.0,0,0,4,8,2300,600,1977,-122.401,2480,6400,13.453104939316557
3,3.0,1910,4800,1.5,0,0,3,9,1910,0,1900,-122.346,1280,1310,13.652991628466498
3,1.0,1130,12500,1.5,0,0,3,7,1130,0,1954,-122.268,2280,8750,12.834681304952548
4,2.75,2640,9000,2.0,0,0,3,10,2640,0,1990,-122.125,2980,9137,13.579788224443204
3,1.0,1410,8174,1.0,0,0,3,8,1410,0,1958,-122.178,1500,8058,12.474189562487116
3,2.5,2270,4399,2.0,0,0,3,7,2270,0,2007,-121.884,2060,4399,13.060275185090907
4,1.75,2190,11625,1.0,0,0,4,8,2020,170,1956,-122.363,1920,8855,13.017002861746503
4,3.5,2870,3225,2.0,0,3,3,9,2070,800,2006,-122.225,1770,6450,13.038981768465277
3,2.5,1840,6985,1.0,0,0,3,7,1290,550,1971,-122.342,2160,7990,12.84792653170257
3,2.0,1550,12262,1.0,0,0,4,7,1550,0,1964,-122.216,2900,12372,13.493926933836812
2,1.0,800,15000,1.0,0,0,3,6,800,0,1927,-122.316,1170,15000,11.608235644774552
5,2.25,2910,9525,2.0,0,0,4,9,2910,0,1968,-122.218,2740,9525,13.676248490630767
3,2.25,2530,12042,2.0,0,0,3,8,2530,0,1989,-122.125,2480,10172,12.84792653170257
4,2.5,2730,10281,2.0,0,2,3,9,2730,0,1996,-122.029,2750,7220,13.567049198665774
3,2.5,1658,2700,2.0,0,0,3,8,1658,0,2014,-122.307,1658,2700,12.483325522491416
3,2.75,2070,9697,2.0,0,0,4,7,1330,740,1929,-122.283,2000,14436,12.994530005894443
4,3.0,2800,9764,2.0,0,0,3,8,2800,0,2002,-122.012,3610,8194,12.84792653170257
4,2.5,2190,6578,2.0,0,0,3,7,2190,0,2004,-121.847,2190,5416,12.983101310070822
3,1.0,1000,4000,1.5,0,0,4,6,1000,0,1915,-122.286,1040,4240,12.345834587905333
3,2.5,1940,10350,1.0,0,0,3,7,1420,520,1979,-122.256,1810,7800,12.594730635321957
1,1.5,1120,912,3.0,0,0,3,7,1120,0,2011,-122.299,1380,3200,12.644327576461329
4,2.5,2660,12672,1.0,0,0,4,8,1740,920,1960,-122.323,2280,12477,12.644327576461329
3,1.0,1200,10500,1.0,0,0,3,7,1200,0,1962,-122.351,1350,10500,11.938193200374572
3,1.75,1010,8580,1.0,0,0,3,7,1010,0,1961,-122.174,1500,8580,12.765688433465597
4,1.75,1850,7500,1.0,0,0,3,7,1850,0,1954,-122.333,1460,7500,12.106804643871504
4,2.25,2920,46355,2.0,0,0,4,9,2920,0,1998,-121.962,2310,184694,13.514405465180353
1,1.0,720,5100,1.0,0,0,3,6,720,0,1907,-122.38,1320,5100,12.721885810807203
3,1.75,2060,3300,2.0,0,0,4,9,1500,560,1918,-122.32,1830,3712,13.604789526648622
5,2.5,2780,9272,2.0,0,0,3,8,2780,0,2014,-122.378,1150,8460,13.217673557208654
4,2.75,3080,7242,2.0,0,0,3,9,3080,0,2014,-122.178,3010,7205,13.6989205603549
3,1.75,1630,9000,1.0,0,0,4,7,1630,0,1956,-122.36,1600,11120,12.973863369085885
4,1.0,1360,5814,1.5,0,0,2,6,1360,0,1900,-122.314,1010,5814,13.235692062711331
4,3.5,4140,7089,2.0,0,0,3,10,3160,980,2003,-122.2,2640,8896,13.652991628466498
2,1.0,880,5100,1.0,0,0,4,7,880,0,1941,-122.346,980,5100,12.936033799212835
3,1.0,1010,9450,1.0,0,0,4,7,1010,0,1959,-122.315,1240,9450,11.915051671812877
3,1.75,1480,7000,1.0,0,2,3,8,1480,0,1963,-122.291,1850,4000,13.437174117244362
3,2.25,1860,13939,1.0,0,0,4,7,1860,0,1961,-122.217,1530,10018,12.581078546153629
4,2.0,1970,6480,1.5,0,0,5,7,1130,840,1920,-122.312,1500,6480,12.955127458028414
2,1.0,730,9975,1.0,0,0,1,5,730,0,1943,-122.315,860,9000,11.302204433654575
3,2.0,2440,13250,1.0,0,0,4,8,1440,1000,1977,-122.227,2400,10650,12.65075846679162
3,1.0,1270,4000,1.5,0,2,3,7,1270,0,1928,-122.376,1560,4000,12.983101310070822
5,2.5,3050,13212,1.0,0,0,4,8,1590,1460,1975,-122.142,2550,10826,13.468785944878709
4,1.75,1980,9000,1.0,0,0,2,7,1480,500,1978,-122.381,1980,9360,12.269047444691562
3,1.0,920,5200,1.0,0,0,4,6,920,0,1969,-122.085,920,5200,12.095141084822892
4,1.75,1820,8118,1.0,0,0,4,7,1080,740,1980,-122.172,1810,8050,12.483704382128453
5,3.5,4750,8234,2.0,0,2,3,10,3350,1400,2013,-122.318,2160,14496,13.554145793829866
3,3.25,4030,12765,2.0,0,0,4,9,2800,1230,1975,-122.166,2670,13447,13.698976741708323
5,3.75,5340,10655,2.5,0,3,4,10,3740,1600,1912,-122.285,3910,9418,14.555064111338375
4,3.75,2452,4800,2.0,0,0,3,7,2452,0,1936,-122.213,1180,4800,12.971540487669746
2,1.0,1060,3588,1.0,0,0,4,7,960,100,1926,-122.395,1570,3741,13.134291948269603
0,1.0,390,5900,1.0,0,0,2,4,390,0,1953,-122.261,2170,6000,12.337100907936577
3,2.25,1650,6250,1.5,0,0,3,7,1650,0,1910,-122.4,2060,6250,12.873902018105829
3,2.25,2180,60112,2.0,0,0,3,8,2180,0,1976,-122.082,2060,120225,13.38472764187182
3,2.5,1900,7984,2.0,0,0,3,8,1900,0,1993,-122.194,2650,9352,12.983101310070822
3,2.5,2220,6380,1.5,0,0,4,8,1660,560,1931,-122.313,950,6380,13.38472764187182
4,3.25,5180,49936,2.0,0,0,4,10,5180,0,1991,-122.069,4240,35363,14.028603773424983
2,1.0,1010,3400,1.0,0,0,3,7,1010,0,1921,-122.329,1800,3600,13.061444962434912
2,1.0,570,81893,1.0,0,1,3,6,570,0,1936,-122.444,2040,115434,12.468436909997665
3,2.0,1678,13862,1.0,0,0,3,7,1678,0,1994,-122.19,1550,11753,12.774223335915433
3,1.5,1960,8815,1.0,0,0,4,7,1020,940,1958,-122.159,1760,9534,13.122363377404328
2,1.0,940,9330,1.0,0,0,3,6,940,0,1941,-122.273,1900,6145,12.449018824140563
4,1.75,1850,7730,1.0,0,0,5,7,1100,750,1956,-122.355,2260,8581,12.506177237980511
3,1.0,1310,8514,1.0,0,0,4,7,1310,0,1953,-122.353,1310,8514,12.94084150078094
3,2.25,1980,7200,1.0,0,0,3,8,1300,680,1964,-122.36,1820,8250,12.779873068457553
3,1.0,1610,7680,1.0,0,0,3,6,900,710,1956,-122.303,1940,2880,13.480037821676145
4,2.5,2434,4400,2.0,0,0,3,8,2434,0,2007,-122.283,2434,4400,12.560244459250788
3,2.25,1580,16215,1.0,0,0,4,7,1580,0,1978,-121.897,1450,16215,12.721885810807203
3,1.75,1660,9697,1.0,0,0,4,7,1660,0,1952,-122.286,2060,20624,13.01477816672439
3,2.0,1350,7686,1.0,0,0,3,7,1350,0,1989,-122.053,1470,7686,12.358793732547838
3,1.75,2140,9484,1.0,0,0,3,7,1290,850,1953,-122.191,1960,9630,13.38472764187182
3,1.75,1140,9800,1.0,0,0,4,7,1140,0,1968,-122.27,1370,9800,12.235631447771718
3,3.0,2940,4622,2.0,0,0,4,9,2230,710,1988,-122.293,1580,4000,13.883169206438088
4,2.5,2960,37430,2.0,0,0,3,9,2960,0,1990,-122.023,2800,36384,13.199231821660906
3,1.75,1450,6829,1.0,0,0,3,8,1450,0,1983,-122.108,1950,7622,12.994530005894443
4,2.0,3210,8400,1.5,0,0,5,7,2040,1170,1914,-122.391,2540,6458,13.53639171617298
3,2.0,1640,4802,1.0,0,0,3,8,1640,0,2010,-122.021,1940,4802,12.742566016044742
3,1.75,1310,9282,1.0,0,0,4,7,1310,0,1976,-122.111,1310,8748,12.987688474077727
3,1.75,1900,6334,1.0,0,2,3,8,1450,450,1948,-122.276,1530,6334,13.554145793829866
3,1.5,2605,12030,1.0,0,0,3,8,1355,1250,2003,-121.899,1590,15242,13.304518253641184
2,1.0,820,6400,1.0,0,0,4,7,820,0,1944,-122.379,1490,6400,12.797408559943435
4,3.75,3980,7828,2.0,0,0,3,10,3980,0,2001,-122.065,3980,8910,13.738521516436139
2,2.25,1950,29347,1.0,0,0,3,8,1350,600,1953,-122.351,2125,7751,12.989974189358584
3,2.25,1920,9672,2.0,0,0,4,8,1920,0,1984,-122.046,1950,10125,12.751299696013497
2,1.5,1090,4000,1.0,0,0,3,8,970,120,1951,-122.393,1700,4000,13.038981768465277
4,2.75,2100,88426,1.0,0,0,3,6,2100,0,1990,-122.011,2150,63162,12.963367645913872
3,2.5,1740,1308,3.0,0,0,3,8,1740,0,2008,-122.387,1740,1280,13.249876697703288
4,2.25,2380,128937,1.0,0,0,4,7,2380,0,1960,-122.043,1030,114998,12.529966099944527
3,1.0,1320,7000,1.0,0,0,4,7,1320,0,1967,-122.205,1260,7455,12.235631447771718
4,1.75,2780,9900,2.0,0,0,4,10,2780,0,1978,-122.06,2600,12000,13.399995114002609
3,1.75,2180,14135,1.0,0,2,5,8,1300,880,1947,-122.187,3540,10318,13.664687668229691
5,2.75,2330,8000,1.0,0,0,4,7,1550,780,1972,-122.144,1750,8419,13.407542319637992
4,2.5,2690,32780,2.0,0,0,3,9,2690,0,1998,-121.955,2840,36555,13.337474757021274
3,1.5,1300,19163,1.0,0,0,3,7,1300,0,1964,-122.153,1590,9744,12.959844447906553
3,2.5,2040,9765,2.0,0,0,3,8,2040,0,1985,-122.349,2350,10150,12.694345864825653
3,1.75,2340,10495,1.0,0,0,4,8,2340,0,1967,-122.226,3120,11068,13.567049198665774
3,2.5,2710,18480,2.0,0,2,3,10,2000,710,1978,-122.259,2710,18077,13.514405465180353
2,2.5,2380,6600,1.0,0,0,3,8,2380,0,2010,-122.02,1870,6600,13.458549858915724
3,2.0,1470,16500,1.0,0,0,3,7,1470,0,1961,-122.061,1720,14406,12.611537753638338
5,2.75,2510,9180,1.0,0,1,4,8,1600,910,1975,-122.098,2650,9780,13.452386290345634
3,1.0,1470,7680,1.0,0,0,3,7,1220,250,1946,-122.359,1470,6784,13.212094386173922
3,1.0,1290,8470,1.0,0,0,4,7,970,320,1966,-122.371,1300,7350,12.323855681186558
4,3.0,3310,4500,2.5,0,0,5,9,2910,400,1900,-122.345,1440,3750,13.627975434117433
3,1.75,1500,13430,1.0,0,0,3,7,1500,0,1977,-122.082,1500,13430,12.855790268162783
3,1.5,1060,5750,1.0,0,0,2,7,1060,0,1981,-122.372,1060,5750,12.666657052859417
3,1.75,1760,12874,1.0,0,0,4,7,1230,530,1967,-122.167,1950,10240,13.265597545490236
2,1.0,820,8423,1.0,0,2,3,6,820,0,1957,-122.2,1960,9140,12.487485104968359
7,4.25,4670,23115,2.0,0,2,3,11,4670,0,1992,-122.227,3240,13912,14.71159858252091
5,2.75,2400,8050,2.0,0,0,3,8,2400,0,1998,-122.209,2400,8050,12.697715449879391
4,3.0,3150,9318,2.0,0,0,3,9,3150,0,2001,-122.018,3150,9318,13.465953081794405
5,2.75,3490,8230,2.0,0,0,3,10,3490,0,2005,-121.97,3480,7331,13.539757056377766
3,2.25,3010,9600,2.0,0,0,3,8,2410,600,1978,-122.263,2620,9660,13.120361374733656
4,2.5,2980,9235,1.0,0,0,4,8,1690,1290,1977,-122.162,2690,10046,13.34230179776959
5,4.75,7880,24250,2.0,0,2,3,13,7880,0,1996,-122.362,2740,10761,14.69720984506881
3,2.25,2160,7964,2.0,0,0,3,8,2160,0,1991,-122.074,2000,7964,12.517227074167097
2,1.0,930,7740,1.0,0,0,3,6,930,0,1924,-122.292,1250,7740,12.577636201962656
2,1.0,740,7680,1.0,0,0,4,6,740,0,1922,-122.371,1080,7680,12.765688433465597
4,1.75,1640,7194,1.5,0,0,4,7,1480,160,1915,-122.205,1440,9405,13.049792684569493
4,3.0,2530,4560,1.5,0,0,3,7,1540,990,1925,-122.3,1640,4560,13.574648456156384
4,2.0,1990,6000,1.0,0,0,3,9,1260,730,1956,-122.397,1770,6000,13.67911793305872
3,2.0,1160,7217,1.0,0,0,3,7,1160,0,1969,-122.227,1870,9104,12.631340380934517
3,1.75,1590,7560,1.0,0,0,3,7,1130,460,1984,-122.18,1500,7560,12.429216196844383
3,4.0,2080,2250,3.0,0,4,3,8,2080,0,1997,-122.355,2080,2250,13.480037821676145
4,2.5,2880,9003,2.0,0,0,3,10,2880,0,2008,-122.199,2640,8126,14.04662227892766
5,2.75,3190,5857,2.0,0,0,3,9,3190,0,2004,-122.119,3100,5857,13.20817403381744
4,2.5,1613,4338,2.0,0,0,3,7,1613,0,2009,-122.162,1427,4341,12.540757571577291
4,2.5,2610,8031,2.0,0,0,3,8,2610,0,1998,-122.27,2320,8031,13.142166004700508
3,1.5,1290,7100,1.0,0,0,3,6,1290,0,1954,-122.332,1300,7183,12.487485104968359
2,1.0,1220,3000,1.0,0,0,3,7,920,300,1926,-122.365,1270,3000,13.120361374733656
2,2.5,2390,7489,1.0,0,0,3,8,2390,0,2007,-122.032,2170,7489,13.458764182902971
4,2.5,3080,8451,1.0,0,0,3,7,1540,1540,1969,-122.154,1550,8125,13.428376406540833
2,2.25,1230,1078,2.0,0,0,3,7,1160,70,2008,-122.073,1240,817,12.691580461311874
4,1.75,2010,12044,1.0,0,0,3,9,2010,0,1982,-122.068,2200,11144,13.34997692338999
4,2.25,2970,54450,2.0,0,0,3,8,2970,0,1983,-122.146,2260,6465,13.173056491719846
3,2.25,1760,4539,2.0,0,0,3,8,1760,0,1988,-122.013,1960,4808,13.122363377404328
3,2.5,2530,8820,2.0,0,0,3,8,2530,0,1997,-122.205,2340,9472,12.969212197910155
4,2.5,2660,3672,2.0,0,0,5,8,1800,860,1910,-122.324,1510,3825,13.710150042306449
2,1.0,1000,4000,1.0,0,0,3,6,1000,0,1910,-122.396,1490,5000,12.941321002108754
5,2.5,3190,6178,2.0,0,0,3,8,3190,0,2003,-122.154,2480,7548,13.190022025878143
4,2.25,2530,8736,1.0,0,0,4,7,1210,1320,1958,-122.126,1720,8500,13.334243736439827
3,2.5,1608,4800,2.0,0,0,3,8,1608,0,2013,-122.201,2009,4800,12.54236629477704
5,3.0,2830,7500,2.0,0,0,3,9,2460,370,1923,-122.277,2900,5000,14.03062193758122
4,2.5,3180,10105,2.0,0,0,4,9,3180,0,1986,-122.226,2670,10355,13.77468856344402
3,3.5,3950,111078,1.5,0,0,3,9,2460,1490,1989,-122.072,2480,88500,13.572164299332545
1,1.0,620,8261,1.0,0,0,3,5,620,0,1939,-122.364,1180,8244,11.904967552746252
3,3.0,1530,1568,3.0,0,0,3,8,1530,0,2012,-122.367,1460,1224,13.070964814318328
2,2.5,1770,7155,2.0,1,4,3,8,1770,0,1957,-122.285,2410,10476,13.976778705560397
3,1.75,1420,1189,3.0,0,0,3,8,1420,0,2006,-122.352,1380,1196,13.028052697933088
3,1.75,1590,1322,2.0,0,0,3,8,1060,530,2014,-122.294,1530,5400,13.049792684569493
4,3.75,3070,5850,2.0,0,0,5,9,2400,670,1927,-122.283,2940,5573,14.266586177324491
4,2.5,2210,6080,1.0,0,2,4,8,1410,800,1965,-122.228,2210,6175,12.718896271958837
3,1.0,1600,16868,1.0,0,1,3,7,990,610,1946,-122.241,2600,12735,13.415032991367148
3,2.5,3050,158558,1.0,0,0,4,9,3050,0,1987,-122.208,2960,31050,13.226723392728571
2,1.75,2050,11900,1.0,0,0,4,8,2050,0,1950,-122.219,2980,11900,13.9108207377686
4,2.5,2100,7208,2.0,0,0,3,8,2100,0,1974,-122.128,2060,7480,12.71589776896258
3,1.75,1660,9673,1.0,0,0,3,7,1130,530,1976,-122.162,1260,9681,12.834681304952548
3,2.5,2680,17707,2.0,0,1,3,9,2680,0,1983,-122.224,2840,21743,13.318086398742544
5,2.5,2430,4781,2.0,0,0,3,9,2430,0,2001,-122.117,2420,4770,12.911642346088676
3,1.0,1300,6710,1.0,0,0,4,6,1300,0,1952,-122.242,1630,9946,13.256019762217003
1,1.0,460,4120,1.0,0,0,3,4,460,0,1937,-122.199,990,4120,12.417143615610113
3,2.5,3820,35016,2.0,0,0,4,9,3820,0,1987,-122.041,3010,35190,13.560618308335483
2,2.25,1730,31491,2.0,1,2,4,7,1730,0,1947,-122.464,1400,12410,13.592367006650065
2,1.0,710,5120,1.0,0,0,3,6,710,0,1918,-122.357,1150,1252,12.283033686666302
3,1.5,1010,9600,1.0,0,0,4,7,1010,0,1962,-122.316,1400,9660,11.982929094215963
3,2.25,2770,15886,2.0,0,0,3,10,2770,0,1982,-122.362,3290,15886,13.422467969854667
4,2.5,1850,5880,2.0,0,0,3,8,1850,0,1998,-122.173,2370,6500,12.531772785169476
2,1.5,880,1805,2.0,0,0,3,7,880,0,1999,-122.342,880,5060,12.367340793126296
4,2.5,2260,6086,2.0,0,0,3,8,2260,0,1999,-122.174,2260,6218,12.736553826954605
5,2.0,3180,10800,1.0,0,0,3,8,1910,1270,1968,-122.103,2440,9750,13.470199372675857
3,1.0,1040,10080,1.0,0,0,3,6,1040,0,1959,-122.343,1000,8736,12.127570417375216
4,2.5,2050,5787,2.0,0,0,3,7,2050,0,2002,-122.315,2030,6615,12.4529327234617
3,1.5,1860,8505,1.0,0,0,4,7,1860,0,1967,-122.365,1810,8262,12.287652632522597
3,1.75,1070,8000,1.0,0,0,3,7,1070,0,1977,-122.13,1200,7990,12.936033799212835
4,3.25,2820,6611,1.0,0,0,3,7,1410,1410,1958,-122.285,2320,6611,13.091904169919621
2,1.0,820,4860,1.0,0,0,5,6,820,0,1955,-122.271,1240,6000,12.240474072247506
3,2.5,1740,13750,2.0,0,0,4,9,1740,0,1975,-122.092,2540,14300,13.37700559577791
2,1.0,1210,6000,1.0,0,0,4,7,1000,210,1942,-122.402,1840,6000,13.473020249017498
2,1.0,930,3150,1.0,0,0,5,6,930,0,1918,-122.298,1900,5000,13.005829561148378
4,1.5,1510,6460,1.0,0,0,3,7,1070,440,1970,-122.214,1450,6630,12.983101310070822
3,1.75,2160,8565,1.0,0,0,3,8,1730,430,1971,-122.262,2910,9570,12.978493006984626
4,1.0,1430,8355,1.5,0,0,4,7,1430,0,1983,-122.174,1550,7938,12.321630986164447
2,1.0,1129,3840,1.0,0,0,3,7,1129,0,1953,-122.351,1300,3880,12.706847933442663
2,1.0,1340,8100,1.0,0,2,3,8,1340,0,1950,-122.364,1680,7752,13.021437458814368
5,2.5,4340,9108,1.0,0,0,5,8,2170,2170,1979,-122.276,2030,6812,13.194684038983954
4,1.0,1530,3900,1.5,0,0,4,7,1530,0,1908,-122.379,1300,3900,13.276799730708747
3,2.5,1690,9626,2.0,0,0,3,8,1690,0,1984,-122.092,1860,8958,13.190022025878143
4,2.75,2400,19923,1.0,0,0,5,7,1320,1080,1953,-122.144,2470,10736,12.8802918162046
4,2.5,2370,10083,2.0,0,0,5,8,2370,0,1966,-122.166,2370,10133,13.440089571204487
1,2.0,3000,204732,2.5,0,2,3,8,3000,0,1979,-121.945,2330,213008,12.936033799212835
5,2.5,3840,16905,2.0,0,0,3,11,3840,0,1991,-122.342,3270,12133,13.228523573232719
3,2.5,2430,88426,1.0,0,0,4,7,1570,860,1985,-121.718,1560,56827,13.022543042122118
5,4.25,4230,6907,2.0,0,0,3,10,3450,780,2008,-122.205,2650,8076,14.151982794585487
4,3.0,3720,5000,2.5,0,0,5,9,2720,1000,1905,-122.322,2610,5000,14.18287219523813
3,1.5,1210,10588,1.0,0,0,4,7,1210,0,1958,-122.212,1408,10588,12.206072645530174
4,2.5,2040,8265,2.0,0,0,3,7,2040,0,1996,-122.341,2160,8265,12.779873068457553
3,2.5,1770,2677,2.0,0,0,3,7,1770,0,2005,-122.194,1550,1798,12.468436909997665
4,2.5,2500,9654,1.0,0,0,3,8,1830,670,1979,-122.343,2500,8839,12.394624752074764
4,2.75,3040,7274,2.0,0,3,3,9,2320,720,1986,-122.28,2830,10080,13.369223455335854
2,1.75,1370,5125,1.0,0,0,5,6,1370,0,1944,-122.346,1200,5100,12.923790480024325
3,1.75,1280,3880,1.5,0,0,5,7,1280,0,1916,-122.391,980,3880,13.16158409055761
3,1.0,1070,4505,1.0,0,2,4,7,1070,0,1919,-122.384,1380,4505,13.370004400318926
2,1.75,1330,2159,1.0,0,0,4,8,1330,0,1979,-122.32,1220,3679,12.217012585568508
4,2.5,2910,6250,2.0,0,0,3,8,2910,0,1999,-121.87,2550,6250,13.279367126213993
4,1.75,1960,8400,1.0,0,0,4,8,1960,0,1967,-122.379,2080,8400,12.468436909997665
3,2.25,2990,216057,2.0,0,0,3,9,2990,0,1994,-121.942,2840,215622,13.122363377404328
4,2.5,2260,7500,1.0,0,0,3,8,1460,800,1965,-122.196,2260,7500,12.765688433465597
4,2.0,1760,7800,1.0,0,0,3,8,1760,0,1954,-122.38,1950,7800,13.444446876573442
3,1.5,1580,10100,1.0,0,0,4,7,1580,0,1961,-122.193,1650,10032,12.599802497419917
4,2.0,2060,5000,1.0,0,0,3,7,1030,1030,1949,-122.379,1280,5000,13.32530422140102
3,1.0,1710,10190,1.0,0,0,3,6,1310,400,1949,-122.331,1200,6251,12.736700896592344
4,1.75,2150,8555,1.0,0,2,4,7,1460,690,1982,-122.345,1480,7405,13.235692062711331
4,2.5,1810,4871,2.0,0,0,3,8,1810,0,1999,-122.192,1850,5003,12.594730635321957
3,1.0,1150,2496,1.0,0,0,3,6,1010,140,1947,-122.376,1340,1203,12.733755386362587
4,1.75,2790,17476,1.0,0,2,3,7,1450,1340,1956,-122.369,2790,16401,13.249876697703288
3,2.5,2000,7251,2.0,0,0,3,9,2000,0,1995,-122.2,2450,8118,13.266463721378086
3,1.0,1080,7000,1.0,0,0,4,6,1080,0,1916,-122.351,1410,7214,12.765688433465597
3,2.0,2320,9420,1.0,0,0,5,7,2320,0,1952,-122.196,2030,9420,12.986085359111701
3,1.5,1890,6183,1.0,0,0,3,7,1090,800,1967,-122.269,1750,6183,12.89921982609012
2,1.5,1710,4189,1.0,0,1,5,7,1160,550,1951,-122.383,1530,5608,13.024750548537328
1,1.0,720,7540,1.0,1,4,4,6,720,0,1905,-122.323,1120,9736,13.253391639810733
3,1.0,1350,8700,1.5,0,0,3,6,1350,0,1942,-122.289,1300,8700,11.982929094215963
3,1.5,980,7770,1.0,0,0,4,7,980,0,1968,-122.201,1470,7350,13.047208703803568
3,1.75,1750,7020,2.0,0,0,3,7,1750,0,1934,-122.038,1170,9546,13.142166004700508
4,2.5,2150,9000,1.0,0,0,4,7,1360,790,1979,-122.16,1620,8400,12.668233097314884
3,3.75,2460,7630,1.0,0,0,5,8,1940,520,1976,-122.373,2000,7326,13.527828485512494
3,1.75,1410,15120,1.0,0,0,4,7,1410,0,1950,-122.195,1880,15120,13.541073712262515
3,1.75,1250,3880,1.0,0,0,4,7,750,500,1944,-122.392,1240,3880,13.002960280156547
4,1.5,2120,46173,2.0,0,0,3,7,2120,0,1974,-121.968,2000,46173,12.66349749256905
3,1.0,1180,4219,1.0,0,0,3,7,1060,120,1939,-122.378,1630,4219,12.983101310070822
5,3.0,2500,5750,1.0,0,0,3,8,1430,1070,1999,-122.369,1980,7130,12.971540487669746
3,2.0,1510,7066,1.0,0,2,3,7,1230,280,1973,-122.303,1950,8089,12.971540487669746
6,3.5,4310,7760,2.0,0,0,3,10,3260,1050,2013,-122.155,4620,10217,13.976489301985094
2,1.0,1570,4400,1.5,0,0,4,8,1570,0,1914,-122.293,1850,4400,13.814009431838008
4,3.25,4110,14219,2.0,0,2,4,10,2570,1540,1979,-122.264,2760,12283,13.623138665316818
4,2.5,2370,9679,2.0,0,0,3,8,2370,0,1984,-122.085,2290,7944,13.422467969854667
4,2.75,2420,6495,2.0,0,0,3,8,2420,0,2005,-122.029,2420,6200,12.818551923022664
2,1.0,1420,5332,1.0,0,0,3,8,1070,350,1953,-122.275,2400,5406,13.370784735902808
3,2.5,2320,52272,1.5,0,0,3,8,2320,0,1974,-122.068,2200,52272,13.304684934198283
3,2.25,1580,4379,2.0,0,0,4,8,1580,0,1994,-122.005,1770,4187,13.122363377404328
2,1.0,1620,9855,1.0,0,4,3,8,1320,300,1948,-122.384,1820,7700,13.458835614025542
3,2.75,1960,6390,1.5,0,2,5,8,1960,0,1900,-122.285,2440,5870,13.539757056377766
4,1.5,1580,6360,1.5,0,0,3,7,1290,290,1945,-122.286,1690,6360,13.17115354157376
3,2.0,2460,41343,1.0,0,0,4,8,2460,0,1988,-122.021,2500,53885,13.337474757021274
2,2.0,1670,7772,1.0,0,0,4,6,860,810,1919,-122.377,1300,7770,13.012548511397123
3,1.0,1280,9898,1.0,0,0,3,7,1280,0,1968,-122.163,1290,9625,12.815838217151068
4,2.25,2240,8322,2.0,0,0,3,8,2240,0,1979,-122.206,2240,6448,13.085699393032737
4,1.75,2040,3570,1.0,0,0,4,7,1020,1020,1917,-122.288,1790,4206,13.112313041550827
2,1.75,1240,4120,1.0,0,0,4,7,890,350,1906,-122.314,1640,3740,13.199324418540456
4,2.5,1930,9653,1.0,0,0,4,9,1930,0,1968,-122.335,2100,10454,13.049792684569493
3,2.5,2130,8022,2.0,0,0,3,8,2130,0,1985,-122.106,2130,7605,13.071070083016778
3,2.5,2080,4828,2.0,0,0,3,8,2080,0,2002,-122.132,2190,4620,12.577636201962656
4,2.5,2150,7670,1.0,0,0,5,7,1240,910,1976,-122.189,1610,7350,12.345617172968069
4,2.25,2210,8862,1.0,0,0,4,8,1270,940,1977,-122.198,2030,8862,13.049792684569493
4,3.25,3140,3680,2.0,0,0,3,10,2310,830,2009,-122.076,2620,2664,13.541073712262515
3,3.0,2440,15540,2.0,0,0,3,9,2440,0,1992,-122.06,2440,15283,13.087771932634709
4,1.75,1720,10137,2.0,0,0,3,7,1720,0,1956,-122.276,1350,10205,12.367340793126296
4,2.5,2229,5723,2.0,0,0,3,7,2229,0,2012,-122.286,2738,5742,12.691426603322494
3,2.25,2480,15022,1.0,0,4,3,9,1330,1150,1967,-122.396,2500,8178,13.864300722133706
4,1.75,2240,7500,1.0,0,0,4,7,1120,1120,1956,-122.34,1440,7500,12.751154757974255
4,2.5,2090,7241,1.0,0,0,4,7,1140,950,2001,-122.221,1510,7402,13.059423577630454
4,2.5,3010,6903,2.0,0,0,3,9,3010,0,2001,-122.193,2860,6435,13.329377546788654
3,3.5,2070,11658,1.0,0,0,4,8,1370,700,1977,-122.178,1930,8744,13.060487973686241
3,1.75,1480,6800,1.0,0,0,4,7,1480,0,1968,-122.188,1500,7900,12.66032791780777
3,1.75,1300,3844,1.0,0,0,3,7,1300,0,1985,-122.355,1290,3844,12.818551923022664
3,2.25,1780,191228,2.0,0,2,3,8,1780,0,1988,-121.748,2440,87120,13.208541073645382
3,1.75,1320,17390,1.0,0,0,4,7,1320,0,1956,-122.296,1550,19265,12.201060103706629
3,1.75,1900,7680,1.0,0,0,3,7,1260,640,1959,-122.266,2000,7740,12.301382825334498
2,1.0,800,17965,1.0,0,0,4,5,800,0,1942,-122.161,1500,8925,12.345834587905333
2,1.0,870,6126,1.0,0,0,4,7,870,0,1938,-122.322,1620,6126,12.86747112777554
3,2.5,2190,17108,2.0,0,0,3,8,2190,0,1991,-121.964,2400,14040,13.045482333068371
3,2.25,1550,1919,3.0,0,0,3,8,1550,0,2003,-122.379,1550,2918,13.340695371721317
4,1.75,1450,10074,1.0,0,0,4,7,1450,0,1966,-122.182,1340,8023,12.644166273130065
2,1.5,1480,1349,2.0,0,0,3,7,1240,240,2007,-122.386,1550,1349,12.943236711506893
10,3.0,2920,3745,2.0,0,0,4,7,1860,1060,1913,-122.32,1810,3745,13.399995114002609
3,2.5,2060,4399,2.0,0,0,3,7,2060,0,2007,-121.884,2060,4399,12.944432168911668
4,2.5,2110,13850,2.0,0,0,3,9,2110,0,1987,-122.077,2520,10194,13.314635265051452
5,4.0,2980,4500,1.5,0,0,3,7,2070,910,1921,-122.323,1560,4225,13.644128941208654
4,2.0,2440,9600,1.0,0,0,5,7,1220,1220,1963,-122.179,1370,9600,12.523434872083365
3,2.5,1670,5791,2.0,0,0,3,7,1670,0,1995,-122.188,1610,6034,12.644327576461329
4,2.5,2070,11286,2.0,0,0,3,8,2070,0,1996,-122.173,2440,10826,13.36138027787483
3,1.0,1300,9880,1.0,0,0,4,7,1300,0,1959,-122.297,2140,9600,12.230765258120545
2,1.0,1250,8100,1.0,0,0,4,7,1250,0,1947,-122.329,1710,8100,12.80765263256463
4,3.75,3160,9525,2.5,0,0,3,10,3160,0,1997,-122.221,2400,9525,14.13831843239143
4,2.5,2460,9973,1.0,0,0,4,8,1560,900,1965,-122.361,1830,7200,13.369223455335854
2,1.0,1770,5522,1.5,0,0,4,7,960,810,1943,-122.231,1830,7378,12.400816722322686
5,1.75,2640,13290,1.0,1,4,4,8,1400,1240,1954,-122.223,2400,11942,13.527828485512494
5,1.5,2120,7700,1.5,0,0,5,7,2120,0,1962,-122.172,1730,7700,12.577636201962656
3,2.25,1552,3600,2.0,0,0,3,7,1552,0,2012,-122.178,1677,3600,12.54966234992025
3,2.25,1220,2980,2.0,0,0,3,7,1220,0,1986,-122.203,1220,2140,12.672946381766982
3,1.0,1010,5490,1.0,0,0,3,6,1010,0,1954,-122.293,1740,10658,11.884489021402711
2,1.5,830,1034,2.0,0,0,3,8,830,0,2009,-122.3,1130,2534,12.751299696013497
3,3.0,2480,14141,1.0,0,0,3,8,1500,980,1994,-122.033,2480,10667,12.873902018105829
4,2.0,1170,4000,1.0,0,0,3,7,1170,0,1955,-122.305,1720,4000,12.706847933442663
3,2.5,3750,7821,2.0,0,0,3,9,3750,0,2001,-122.064,3210,8405,13.570249201396445
5,3.75,3570,10125,2.0,0,0,3,10,3570,0,2014,-122.223,1760,10125,14.28551418721001
4,2.5,2230,64438,1.0,0,0,4,7,1230,1000,1978,-122.007,2230,71002,13.049685151906344
3,1.5,1500,14750,1.5,0,0,4,6,1500,0,1933,-122.318,1270,15100,12.611537753638338
4,1.0,1440,9600,1.0,0,0,2,7,1440,0,1964,-122.264,1740,43560,12.505992035646432
3,1.0,880,19600,1.0,0,0,4,7,880,0,1978,-122.34,880,10500,12.185869938212655
3,2.0,1430,12430,1.0,0,0,4,7,1430,0,1957,-122.178,1200,8250,12.628067055589549
4,2.5,2800,9538,2.0,0,0,3,8,2800,0,1993,-122.307,1970,7750,12.765688433465597
5,3.25,2450,6534,2.0,0,0,3,8,1770,680,1951,-122.281,1620,6534,13.651814465293484
3,1.0,1320,7076,1.0,0,0,4,7,1320,0,1959,-122.123,1510,9000,12.959844447906553
2,1.0,1010,6000,1.0,0,0,4,6,1010,0,1944,-122.353,1610,7313,12.618182296357007
4,3.5,3050,7020,2.0,0,3,3,9,2050,1000,1984,-122.374,2170,5900,13.527828485512494
4,2.0,2720,8819,2.0,0,3,3,8,2240,480,1976,-122.333,2960,9672,13.235692062711331
1,0.5,880,1642,1.0,0,0,3,6,500,380,1910,-122.372,1410,2992,12.449018824140563
2,1.75,1210,3000,1.0,0,0,5,7,910,300,1906,-122.365,1260,3000,12.994416363073707
5,1.75,2980,53578,1.0,0,0,4,9,2230,750,1976,-122.059,2860,75546,13.262125319779487
3,2.75,1360,542322,1.0,0,2,4,7,1140,220,1955,-122.024,1700,60548,12.959844447906553
4,2.0,1200,8460,1.0,0,0,5,7,1200,0,1957,-122.277,1350,8623,12.061046873479915
3,1.75,1460,8372,1.0,0,0,4,7,1460,0,1981,-122.087,1220,7803,12.323855681186558
3,1.75,1590,7617,2.0,0,0,3,7,1590,0,1986,-122.312,1490,7450,12.254862809699606
4,2.5,1560,12220,1.5,0,0,4,7,1560,0,1965,-122.053,1920,12220,13.14432054475637
4,2.25,1500,5393,2.0,0,0,3,7,1500,0,1999,-122.262,1500,5952,12.2783933071098
3,1.5,1400,6865,1.0,0,0,4,7,1400,0,1986,-122.048,1480,8125,12.437184366493561
2,1.0,1000,4179,1.0,0,0,5,5,1000,0,1914,-122.227,1010,6327,12.154252896800378
4,3.0,3560,4000,3.0,0,2,3,9,2970,590,1996,-122.3,1190,4000,13.85952744338105
3,1.75,1900,10225,1.0,0,0,4,8,1220,680,1963,-122.357,1850,12630,12.765688433465597
3,1.0,1330,45738,2.0,0,0,2,6,1330,0,1967,-122.185,1490,24000,12.367340793126296
3,2.5,1920,12244,2.0,0,0,3,7,1920,0,1998,-121.97,1920,11859,12.849504233844186
4,3.0,2230,52983,2.0,0,0,3,8,2230,0,1991,-122.195,2060,8755,13.038981768465277
4,3.0,3310,217800,1.5,0,0,3,9,3310,0,1989,-121.999,2810,217800,14.038654109278484
3,2.5,3550,136343,2.0,0,0,3,10,3550,0,1977,-121.869,3080,215186,13.208541073645382
3,2.5,1780,7214,1.0,0,0,4,7,1400,380,1986,-122.182,1520,7228,12.491251587763836
3,2.25,1510,36224,2.0,0,0,3,8,1510,0,1991,-121.711,1730,36224,12.936033799212835
3,3.25,1300,1325,2.0,0,0,3,8,1080,220,2005,-122.346,1290,1323,13.199139216206378
4,2.25,2280,8550,1.0,0,0,3,8,1660,620,1977,-122.231,2590,9500,13.198398063680326
5,5.5,6640,40014,2.0,1,4,3,12,6350,290,2004,-122.28,3030,23408,15.319587954740548
3,2.5,2950,10254,2.0,0,0,3,9,2950,0,2006,-122.14,2800,9323,13.226633298580126
4,2.0,1600,6861,1.0,0,0,3,7,1600,0,1994,-122.313,1870,7455,12.542544882151386
2,2.0,1030,2271,3.0,0,0,3,7,1030,0,1999,-122.314,1439,1387,12.644327576461329
6,2.5,2000,7650,1.5,0,0,4,7,1790,210,1960,-122.288,1710,7650,12.487485104968359
5,3.25,3680,6060,2.0,0,0,5,9,2630,1050,1925,-122.304,3050,5850,14.430696197054507
3,1.5,1180,8545,1.0,0,0,3,8,1180,0,1952,-122.2,1660,9000,13.612169633946245
6,2.0,1870,6969,1.0,0,0,4,7,1870,0,1968,-122.036,1500,6969,12.84792653170257
3,1.0,960,6400,1.0,0,0,4,6,820,140,1944,-122.239,1200,6600,12.575910575995186
3,2.5,1810,3192,1.0,0,0,3,7,1070,740,2001,-121.969,1740,3720,12.779873068457553
3,2.25,2010,6000,1.0,0,0,3,8,1330,680,1975,-122.115,2080,8260,13.253391639810733
3,2.5,2830,6000,1.0,0,3,3,9,1730,1100,1954,-122.378,2040,5300,13.477817176048548
3,1.5,1480,6752,1.0,0,0,4,7,1480,0,1959,-122.176,1450,8023,12.635091506592074
3,3.5,1522,1465,2.0,0,0,3,8,1248,274,2006,-122.375,1522,1341,12.917796211663054
4,3.5,3500,43560,2.0,0,0,3,9,2850,650,2014,-122.103,3640,40545,13.813508555293602
3,2.0,1970,3420,2.0,0,3,5,8,1970,0,1913,-122.354,1770,3420,13.607255619143816
3,2.5,1850,8770,2.0,0,0,3,8,1850,0,1996,-122.009,2350,8606,12.542605594594063
4,1.75,2330,4000,2.0,0,0,5,8,1300,1030,1924,-122.289,2040,4000,13.641157170819497
4,2.5,3070,7207,2.0,0,0,4,10,2670,400,1927,-122.29,3190,7523,14.354923638582177
3,1.75,1520,7137,1.0,0,0,3,5,1520,0,1932,-122.311,1240,8602,12.198544379109382
4,1.75,1580,9382,1.0,0,0,3,7,1080,500,1963,-122.232,2010,9382,13.576618649681926
3,2.25,1650,7047,2.0,0,0,3,7,1650,0,1994,-122.027,2010,7763,12.676076274775909
4,2.5,2640,5595,2.0,0,0,3,8,2640,0,2011,-122.054,1840,5011,12.8687348450774
4,2.25,2640,31941,1.0,0,0,4,9,2640,0,1986,-122.116,2780,35365,13.102058624063964
4,1.0,1740,11075,1.5,0,0,3,7,1740,0,1965,-122.334,1580,7684,12.644327576461329
3,2.5,1920,15124,2.0,0,0,3,8,1920,0,1995,-121.773,1920,16477,12.969212197910155
4,4.25,4980,13000,2.0,0,3,3,9,3080,1900,1982,-122.101,2840,11308,14.038654109278484
2,0.75,1040,4000,1.0,0,0,3,7,930,110,1909,-122.372,1700,4800,13.217673557208654
2,1.0,1140,15624,1.0,0,0,4,6,1140,0,1909,-122.367,2110,15493,12.80902155817197
3,2.5,1980,6922,2.0,0,0,5,8,1980,0,1991,-122.184,2090,7697,12.821258284620408
3,1.75,2040,8173,1.0,0,0,3,7,1470,570,1958,-122.333,1900,8172,12.779873068457553
4,2.5,2430,5000,2.0,0,0,3,7,2430,0,2009,-121.873,2430,5441,13.081541382884074
4,1.75,2400,21196,1.0,0,0,5,8,1590,810,1956,-122.347,2200,19134,13.251635713108469
4,2.5,2680,12215,1.0,1,4,3,9,1590,1090,1956,-122.353,2960,19964,14.085155942929903
3,2.75,2200,9600,1.0,0,3,4,8,1570,630,1977,-122.323,2680,9896,12.834681304952548
3,1.0,1240,6195,1.0,0,0,3,6,1240,0,1948,-122.266,1760,11080,12.345834587905333
4,1.75,2050,94525,1.0,0,0,4,7,1250,800,1959,-122.084,2270,47480,13.028052697933088
4,3.25,3680,5759,2.0,0,0,3,9,2840,840,2003,-122.067,3620,6006,13.577253368840017
4,1.5,2180,22870,1.0,0,0,4,6,1280,900,1954,-122.081,2420,22614,12.517227074167097
3,1.5,1630,10200,1.0,0,0,4,8,1300,330,1976,-122.364,1960,6700,12.4130868149145
2,1.75,1280,37373,1.0,0,0,4,7,1280,0,1996,-122.019,2180,48351,12.601487417784837
3,2.25,1840,10500,2.0,0,0,3,7,1840,0,1993,-122.234,1840,7374,13.084661510220318
4,1.75,1730,11890,1.0,0,0,2,7,980,750,1955,-122.194,2100,12325,12.959844447906553
4,2.5,2560,7492,2.0,0,0,3,8,2560,0,2014,-122.287,1260,11541,12.897969044188466
3,2.5,1600,4271,2.0,0,0,3,7,1600,0,2000,-122.269,1700,4746,12.542544882151386
5,1.75,2650,11340,1.0,0,0,3,8,2650,0,1955,-122.213,2780,13204,14.143374420048886
3,3.0,1260,1251,2.0,0,0,3,7,1040,220,2003,-122.296,1780,7715,12.742566016044742
4,3.25,2960,4296,2.0,0,0,3,9,2190,770,2007,-122.372,2150,6000,13.94214320889764
3,2.25,1300,907,2.0,0,0,3,8,1000,300,2006,-122.327,1300,1169,13.240146413060712
5,3.25,4560,19080,1.0,0,0,5,9,2490,2070,1963,-122.226,3390,20140,14.331323723241304
5,2.25,3270,16553,2.0,0,2,5,9,2470,800,1968,-122.236,3690,17916,13.981024996441848
2,2.5,1320,1329,2.0,0,0,3,8,1180,140,2007,-122.374,1490,5000,12.959844447906553
3,2.5,1740,4948,2.0,0,0,3,7,1740,0,2008,-122.025,1290,3383,12.92391243868049
4,3.0,2420,12000,1.0,0,0,3,9,2420,0,1984,-122.063,3100,13020,13.493926933836812
3,1.5,1500,10227,1.0,0,0,4,7,1000,500,1945,-121.996,1490,7670,12.45722039325398
2,1.0,1160,17635,1.0,1,4,3,6,1160,0,1945,-122.248,1510,13122,13.458835614025542
3,3.5,4310,10842,2.0,0,2,3,10,3140,1170,1988,-122.386,2280,11106,13.997832114758229
3,1.5,1300,7313,1.0,0,0,4,7,1300,0,1968,-122.21,1770,8075,12.570715759118084
3,2.0,1810,4064,1.5,0,0,3,7,1810,0,1925,-122.339,1518,2945,13.217673557208654
3,1.0,980,8000,1.0,0,0,4,6,980,0,1954,-122.317,1240,8000,12.225875272826354
4,2.25,2190,3850,2.0,0,0,3,7,2190,0,2006,-122.16,1900,3850,12.765688433465597
2,1.75,1510,4980,1.0,0,0,3,8,1510,0,2006,-122.023,1350,4157,12.945626198904275
4,2.5,1840,5550,2.0,0,0,3,8,1840,0,2004,-122.183,2030,5500,12.611537753638338
4,2.5,3120,49456,2.0,1,4,4,9,2590,530,1974,-122.323,2030,32181,14.018451401960965
4,5.25,5240,320917,2.0,0,2,3,10,5240,0,2006,-121.905,1930,68824,14.43716173681915
4,2.5,2660,5500,2.0,0,2,3,9,2660,0,2003,-121.996,3620,5500,13.532999094842712
2,2.5,1175,1366,2.0,0,0,3,8,740,435,2005,-122.342,1710,1255,12.742566016044742
3,2.75,2300,4637,2.0,0,0,3,8,2300,0,2008,-121.878,2420,5699,13.08049917330563
3,1.75,1180,21275,1.0,0,0,4,6,1180,0,1958,-122.037,1490,35100,12.240474072247506
3,1.75,1610,7350,1.0,0,0,3,8,1610,0,1974,-122.131,2120,7350,12.655554639055113
2,1.0,770,6450,1.0,0,0,4,6,770,0,1948,-122.358,780,6063,12.345834587905333
4,1.5,1770,6014,1.5,0,0,4,7,1240,530,1946,-122.393,1740,6014,13.304684934198283
3,2.0,1930,10929,1.0,0,0,3,8,1260,670,1964,-122.272,2030,8750,13.253391639810733
4,2.0,2250,4200,1.5,0,0,3,7,1650,600,1909,-122.297,1200,3360,13.415032991367148
4,2.5,2150,7303,2.0,0,0,3,8,2150,0,2005,-122.183,1940,9569,12.8802918162046
4,2.75,2870,7200,2.0,0,0,3,9,2870,0,2008,-122.317,2030,5400,13.266096554413446
4,2.25,2340,13383,1.0,0,0,3,8,1170,1170,1983,-122.037,1810,12532,13.049792684569493
4,2.5,2890,15067,2.0,0,0,3,9,2890,0,2003,-121.907,3090,15398,13.151922179645874
2,1.0,1460,9207,1.0,0,0,3,7,1210,250,1947,-122.287,1500,6898,12.971540487669746
4,2.0,1880,5100,1.0,0,0,3,8,1880,0,1952,-122.349,1610,4590,13.023647404465171
4,3.5,4140,13392,2.0,0,0,3,11,4140,0,2000,-122.144,4140,11529,13.764217263576723
4,2.25,3750,5000,2.0,0,0,5,8,2440,1310,1924,-122.303,2170,4590,14.085537695177335
3,1.0,1060,9525,1.0,0,0,3,7,1060,0,1966,-122.111,1630,9525,12.765545566117686
3,2.75,2540,4694,2.0,0,0,3,9,2540,0,2005,-122.024,2600,6344,13.45166712454693
4,2.0,1757,19370,1.0,0,2,5,7,1757,0,1955,-122.312,1850,11125,12.834681304952548
3,1.75,1780,120661,1.0,0,0,4,6,1780,0,1979,-121.897,1440,25000,12.727541429394645
4,2.5,2380,13435,2.0,0,0,3,10,2380,0,1992,-122.028,2730,9677,13.381645975334411
3,1.75,1950,10080,1.0,0,0,4,7,1950,0,1967,-122.186,2340,8800,13.091904169919621
3,1.0,1660,6992,1.0,0,0,5,7,1260,400,1952,-122.318,1390,7359,12.928778628331663
5,4.0,6670,16481,2.0,0,0,3,12,4960,1710,2007,-122.221,4800,16607,14.91345595764468
4,2.5,3910,8442,2.0,0,0,3,9,2710,1200,2000,-122.027,2650,7576,13.10011776845701
3,1.75,1590,1113,3.0,0,0,3,8,1590,0,2014,-122.402,1520,1357,13.320394227903464
3,2.5,2060,2551,2.0,0,0,3,8,1900,160,2001,-122.165,2060,2936,13.42984807715229
4,2.5,2680,9185,2.0,0,0,3,9,2680,0,1989,-121.992,2810,8505,13.337474757021274
3,3.0,2490,27702,2.0,1,4,3,10,2490,0,2000,-122.403,2580,12119,14.349075668699754
3,1.5,1490,10132,1.0,0,0,4,6,1490,0,1969,-122.145,1720,9915,12.676076274775909
3,1.0,860,11900,1.0,0,0,4,6,860,0,1963,-122.186,1660,10248,11.982929094215963
5,4.0,3460,5400,2.0,0,0,3,10,2830,630,2012,-122.204,1890,5400,13.795307850646754
3,1.75,1310,5000,2.0,0,0,4,7,1310,0,1901,-122.379,1270,4750,13.304684934198283
4,2.75,2130,9339,1.0,0,0,3,7,1330,800,1991,-122.316,2090,7628,12.692349396374752
3,1.5,1570,6450,1.5,0,0,4,6,1570,0,1931,-121.996,1400,6450,12.037653993905211
5,3.75,3830,8131,2.0,0,0,3,10,3830,0,2005,-121.971,3570,7290,13.655928488139809
4,1.0,1920,13787,1.0,0,0,4,7,1220,700,1966,-122.277,1490,11200,12.043553716032399
3,1.0,1410,9704,1.0,0,0,3,8,1140,270,1983,-122.036,1910,13639,12.89921982609012
2,1.0,700,13500,1.0,0,0,3,4,700,0,1920,-122.208,1600,10124,11.931635799828413
2,1.0,870,5340,1.5,0,0,2,6,870,0,1906,-122.302,1190,4440,12.511017357532783
3,2.5,2430,5400,2.0,0,0,3,8,2430,0,2007,-122.057,2640,11990,13.217673557208654
4,1.75,1870,12500,1.0,0,1,5,6,1030,840,1943,-122.197,2060,14141,12.834681304952548
3,1.75,2120,9146,1.0,0,0,3,8,1260,860,1981,-122.064,2040,10485,13.17115354157376
4,2.0,2010,7312,1.0,0,0,4,7,2010,0,1976,-122.213,2010,7650,12.429216196844383
3,2.5,1470,9337,2.0,0,0,3,7,1470,0,1991,-122.323,1360,8684,12.404923504275338
3,1.0,910,4500,1.0,0,0,3,7,910,0,1948,-122.395,1370,5000,13.049792684569493
4,3.25,3320,8587,3.0,0,0,3,11,2950,370,2008,-122.337,1860,5668,13.815510557964274
3,1.75,1480,8009,1.0,0,0,3,7,980,500,1980,-122.28,1790,7678,12.498742259492994
1,1.5,1200,44866,1.5,0,0,3,7,1200,0,1983,-121.93,1480,67082,12.84792653170257
3,1.75,1710,5000,1.0,0,0,4,7,1360,350,1918,-122.389,1490,6250,13.237476184504834
4,2.5,2100,8800,1.0,0,2,4,7,1240,860,1960,-122.114,2000,8800,13.353475098367715
4,3.0,2780,5000,1.5,0,0,5,7,1710,1070,1919,-122.381,1150,5000,13.422467969854667
5,1.0,2340,4730,2.0,0,0,3,8,1810,530,1918,-122.385,2100,4970,13.426164831735994
4,1.75,1360,4840,1.5,0,0,4,7,1360,0,1928,-122.376,1320,4840,12.897969044188466
4,1.75,1430,10500,1.0,0,0,4,7,1130,300,1960,-122.132,2070,8640,12.928778628331663
3,2.5,2620,8950,2.0,0,0,3,9,2620,0,1992,-122.119,2850,8809,13.522480879185897
4,2.25,2040,7031,2.0,0,0,3,8,2040,0,2012,-122.17,1670,7031,13.415032991367148
3,3.25,1520,1500,3.0,0,0,3,7,1520,0,2000,-122.389,1520,1323,13.122363377404328
4,2.5,1720,5805,2.0,0,0,3,8,1720,0,2000,-122.208,2360,7700,12.59710070584057
2,1.0,1140,5250,1.5,0,0,4,6,1140,0,1949,-122.341,1450,5250,12.706696406811568
3,1.75,1500,7475,1.0,0,0,4,8,1500,0,1976,-122.365,1940,7475,12.404923504275338
3,3.5,1890,1710,2.0,0,0,3,8,1640,250,1999,-122.349,1680,1562,13.283130974213892
1,1.0,1180,22000,1.0,0,2,3,6,1180,0,1948,-122.323,1890,11761,12.343658308482738
3,1.75,1580,6099,1.0,0,0,5,7,790,790,1944,-122.29,1330,6099,12.396693005138824
5,3.0,3030,4120,1.5,0,0,4,7,1930,1100,1913,-122.319,1280,3090,13.585468264958907
2,1.0,1800,8900,1.0,0,0,3,6,900,900,1945,-122.323,2040,10450,12.721885810807203
3,1.75,2030,9032,2.0,0,2,4,7,2030,0,1963,-122.117,2350,8937,13.399995114002609
4,1.75,1770,12875,1.0,0,0,3,8,1770,0,1988,-122.247,2150,12875,12.89921982609012
3,2.5,2480,6112,2.0,0,0,3,7,2480,0,2004,-122.114,3220,6727,12.736700896592344
3,1.0,1010,25000,1.0,0,0,3,6,1010,0,1966,-121.901,2020,101494,11.918390573078392
4,4.0,4810,18851,2.0,0,3,3,11,4810,0,2007,-122.214,3970,19929,14.979910587170387
4,2.5,2190,3855,2.0,0,0,3,8,2190,0,2010,-122.169,2190,3600,13.199324418540456
3,1.75,1590,8285,1.0,0,0,4,8,1590,0,1956,-122.194,1970,8970,13.527828485512494
3,3.5,1820,1991,2.0,0,0,3,8,1430,390,2014,-122.298,1550,1460,13.122263372403996
3,2.5,2400,12546,1.0,0,0,3,9,2400,0,1983,-122.041,2940,12150,13.190022025878143
3,2.5,2170,8169,2.0,0,0,3,8,2170,0,2003,-122.139,2240,6733,12.999630612022031
4,2.0,2560,12155,1.0,0,0,4,7,1350,1210,1960,-122.323,1790,11906,12.449018824140563
5,3.0,2800,5700,2.0,0,0,3,8,2800,0,2014,-122.145,2910,5349,13.369196892483066
3,2.5,2020,6564,1.0,0,0,3,7,1310,710,1994,-122.158,1710,5151,12.441144767709657
3,1.75,1100,9750,1.0,0,0,4,6,1100,0,1967,-122.362,1100,9900,12.26434155365415
2,2.0,1080,5000,1.0,0,0,5,6,1080,0,1923,-122.394,1530,5000,13.038981768465277
4,2.75,1550,4000,1.5,0,0,3,9,1550,0,1930,-122.28,2120,4000,13.635187003832993
3,1.0,940,10890,1.0,0,0,4,5,940,0,1909,-122.257,1370,10255,12.132964173709535
2,1.0,880,2400,1.0,0,0,3,6,760,120,1918,-122.275,1180,6300,12.837344422372032
3,2.75,2340,12282,1.0,0,2,3,8,1470,870,1978,-122.289,2640,8887,12.611537753638338
3,3.25,1730,1229,2.0,0,2,3,9,1320,410,2008,-122.369,1710,1686,13.37700559577791
3,2.5,2720,6439,2.0,0,0,3,9,2720,0,2005,-121.86,3180,7320,13.335860551666734
5,3.25,4020,40341,1.0,0,0,5,8,2170,1850,1970,-122.068,2650,53437,13.287877815881902
3,2.0,1410,11995,1.0,0,0,4,8,1410,0,1965,-122.127,2690,12650,13.142166004700508
3,2.5,2010,2287,2.0,0,0,3,8,1390,620,2014,-121.998,1690,1662,13.024190303426474
3,2.5,1990,9995,2.0,0,0,3,7,1990,0,1996,-122.305,1680,7511,12.706847933442663
3,1.75,1320,6030,1.0,0,0,4,7,1320,0,1969,-122.13,1840,6565,12.923790480024325
3,1.75,2150,2527,2.0,0,0,4,8,1400,750,1906,-122.329,1610,3663,13.543701834668783
4,1.0,1150,2560,1.5,0,0,3,7,1150,0,1909,-122.355,1890,3000,13.091904169919621
5,4.75,6200,13873,2.0,1,4,4,11,4440,1760,1989,-122.112,2940,13525,15.009433026436708
3,1.0,1450,4000,1.0,0,1,4,8,950,500,1948,-122.266,1880,4000,13.17115354157376
3,3.5,1360,1275,2.0,0,0,3,8,1240,120,2007,-122.315,1360,1275,12.891691559669328
5,1.75,1950,8720,1.0,0,0,3,7,1050,900,1962,-122.289,1660,8030,12.520883385370206
3,2.0,1490,9000,1.0,0,0,4,8,1490,0,1977,-122.184,2190,9000,12.876462838967504
5,2.5,2860,4000,2.0,0,0,4,8,2160,700,1910,-122.318,1340,1224,13.997832114758229
5,3.5,3450,19080,2.0,0,3,3,9,3450,0,2001,-122.005,2570,17007,13.17115354157376
4,3.5,3610,6345,2.0,0,0,3,9,2370,1240,2008,-122.102,3010,29279,13.309672475709322
3,1.0,1200,9800,1.0,0,0,4,7,1200,0,1971,-122.109,1220,10220,12.832011076396668
3,1.5,2290,9600,1.0,0,0,4,7,2290,0,1967,-122.111,1310,9600,12.25462468611234
3,2.5,1490,4078,2.0,0,0,3,8,1490,0,1998,-122.155,1310,2767,12.66349749256905
6,2.75,3040,36721,1.0,0,3,4,9,1760,1280,1958,-122.356,2420,21075,13.592304504696857
3,2.5,2450,7051,1.0,0,0,3,8,1870,580,1990,-122.171,2450,8788,13.19393957589355
3,1.75,1260,11775,1.0,0,0,5,6,1260,0,1942,-122.296,1270,5480,12.774223335915433
4,2.5,2450,20348,1.0,0,0,3,8,1410,1040,1978,-122.064,2450,50094,13.017002861746503
5,3.0,2500,11779,1.0,0,0,4,8,1550,950,1971,-122.127,2580,12055,13.500799813124575
3,2.5,2460,5027,2.0,0,0,3,8,2460,0,2002,-122.102,2740,5000,12.628067055589549
3,1.75,2010,3090,1.5,0,0,5,7,1510,500,1926,-122.348,1600,3150,13.623138665316818
4,2.5,3090,9238,1.0,0,3,4,8,1680,1410,1967,-122.163,2690,8500,13.753635154246187
2,1.0,800,5040,1.0,0,0,3,6,800,0,1960,-122.362,1020,5040,12.765688433465597
3,1.5,1300,3348,1.5,0,0,3,7,1300,0,1904,-122.307,1590,2577,12.983101310070822
3,2.0,1340,3000,2.0,0,0,5,7,1340,0,1905,-122.349,1120,3000,13.215853720491667
1,1.5,1010,5750,1.0,0,0,3,7,1010,0,1911,-122.392,1230,5750,12.92391243868049
4,1.75,2370,10140,1.0,0,0,3,7,1460,910,1968,-122.278,1450,7800,12.628067055589549
4,2.5,2740,8336,2.0,0,0,4,9,2740,0,1990,-122.176,2460,9189,12.886641043883259
3,2.25,1670,3135,2.0,0,0,3,8,1220,450,2002,-122.396,1630,1596,13.199324418540456
4,2.5,2460,6454,2.0,0,0,3,7,2460,0,2006,-121.89,2320,4578,13.022543042122118
4,2.0,1600,12500,1.0,0,0,5,7,1600,0,1938,-122.355,1260,8306,12.782686009834167
3,2.75,1620,7500,1.0,0,0,5,7,1140,480,1979,-122.065,1900,7500,13.235692062711331
2,1.75,910,2693,1.0,0,0,3,6,910,0,2003,-122.025,1360,2693,12.206072645530174
3,1.5,1110,10296,1.0,0,0,5,7,1110,0,1964,-122.153,1330,10296,12.449018824140563
4,1.5,1680,10500,2.0,0,0,3,7,1680,0,1962,-122.166,1830,10264,13.17115354157376
3,3.25,2670,5108,2.0,0,2,3,9,2670,0,2000,-121.866,2670,6500,13.190022025878143
2,1.0,870,6552,1.0,0,0,3,6,870,0,1947,-122.353,1500,6678,12.388394202324129
4,2.5,2490,4751,2.0,0,0,3,7,2490,0,2001,-122.188,2510,5233,12.793859310432293
3,2.25,1670,1596,2.0,0,0,3,8,1220,450,2002,-122.396,1670,1596,13.132313708257497
3,2.5,2540,11562,1.0,0,1,3,8,1290,1250,1964,-122.229,2230,10310,12.834547962729536
3,1.0,1650,5102,1.0,0,0,4,8,1300,350,1953,-122.404,1440,5102,13.407542319637992
4,2.5,2900,9972,2.0,0,0,3,9,2900,0,1993,-122.121,2901,8567,13.652991628466498
3,1.0,1270,7500,1.0,0,0,3,6,1270,0,1954,-122.316,1250,8000,12.190451264627217
3,2.5,1810,1658,3.0,0,0,3,8,1810,0,1998,-122.376,1470,1585,13.01477816672439
3,1.0,950,7620,1.0,0,0,3,6,950,0,1954,-122.346,1260,7620,11.827736204810263
4,2.5,2860,12394,2.0,0,0,3,10,2860,0,1999,-122.026,3070,8515,13.39239051461739
3,1.0,1270,12733,1.0,0,0,3,7,1270,0,1955,-122.276,1660,11536,12.388394202324129
3,1.75,3020,360241,2.0,0,0,3,8,3020,0,1992,-122.088,1890,209959,13.332624302887524
2,1.0,1070,6625,1.0,0,0,3,7,830,240,1950,-122.393,1310,6625,12.959844447906553
3,2.5,2420,6847,2.0,0,0,3,9,2420,0,2009,-122.356,1180,8100,13.384650715836164
5,1.0,1170,6757,1.0,0,0,4,6,800,370,1944,-122.304,1590,6794,12.891691559669328
4,4.25,3250,11780,2.0,0,0,3,8,2360,890,1944,-122.203,1800,9000,13.795307850646754
3,2.75,2460,3600,2.0,0,0,3,9,2460,0,2007,-121.994,2570,3600,13.579788224443204
3,2.5,1650,2807,2.0,0,0,3,7,1650,0,2004,-122.196,1460,1875,12.380025952653611
3,1.0,930,3348,1.0,0,0,4,6,930,0,1926,-122.277,1210,3348,13.049792684569493
3,1.5,1500,5111,2.0,0,0,5,8,1500,0,1984,-122.284,2380,4519,13.547631112808673
3,2.5,2140,3821,2.0,0,0,3,8,2140,0,2005,-121.995,2860,3841,12.948009990259552
4,2.5,3220,38448,2.0,0,0,3,10,3220,0,1993,-122.053,3090,38448,13.560618308335483
3,2.25,2860,11250,1.0,0,1,5,8,2290,570,1956,-122.372,2030,11250,13.5985975564007
4,2.5,3040,9606,2.0,0,0,3,7,3040,0,2003,-122.044,1690,3849,13.337474757021274
4,2.5,2286,8269,2.0,0,0,3,8,2286,0,2002,-122.194,2110,4711,13.083622549087899
3,2.25,1950,9600,1.0,0,0,4,7,1200,750,1987,-122.148,1760,8850,12.468436909997665
4,2.25,2020,8424,1.0,0,0,4,7,1380,640,1979,-122.233,2030,7236,13.049577607678676
3,2.0,2090,4190,1.5,0,0,4,8,1490,600,1930,-122.284,2090,6270,13.664687668229691
3,2.5,2680,43995,2.0,0,0,3,9,2680,0,1986,-122.086,2520,37277,13.304684934198283
3,1.0,1320,9000,1.0,0,0,3,7,1320,0,1966,-122.272,1320,9800,12.188417710291453
3,2.0,2570,233481,1.5,0,0,4,8,2570,0,1986,-122.034,2280,157687,12.983101310070822
5,2.5,2890,5110,2.0,0,2,3,9,2890,0,2003,-121.995,3010,5110,13.623138665316818
4,2.25,2290,12174,1.0,1,4,3,7,1490,800,1948,-122.245,2290,9379,13.641752231830807
2,1.0,620,14823,1.0,0,0,3,6,620,0,1926,-122.3,1400,7930,12.691580461311874
5,2.0,1220,4200,1.0,0,0,4,6,1090,130,1921,-122.321,1790,4200,13.060381585048447
4,4.0,4090,51908,2.0,0,0,3,11,4090,0,1991,-122.039,4290,41655,13.849911984681606
3,2.5,1920,9812,2.0,0,0,3,8,1920,0,2000,-122.243,1830,10534,12.976180867226248
2,1.5,1370,159865,1.0,0,0,3,7,1370,0,1960,-122.092,1370,16217,12.86099861326992
4,1.75,3100,21303,1.0,0,1,4,9,3100,0,1962,-122.081,3480,9697,13.764217263576723
3,1.5,1670,11610,1.0,0,0,4,7,1670,0,1963,-122.191,1930,10200,12.542544882151386
4,3.25,3674,12793,2.0,0,1,3,9,3674,0,1987,-122.343,3220,13100,13.458764182902971
3,1.75,1410,1988,2.0,0,0,3,8,1410,0,2014,-122.347,1410,1899,12.52379883933033
4,1.75,1720,3050,1.5,0,0,5,7,1040,680,1929,-122.384,1570,6100,13.038981768465277
5,4.0,4460,269345,2.0,0,4,3,9,3330,1130,1996,-122.06,2670,115434,13.633328991371235
3,1.75,2040,4000,2.0,0,0,5,7,1360,680,1924,-122.289,1610,4000,13.487006490992238
3,2.5,1800,5372,2.0,0,0,3,8,1800,0,1987,-122.177,1650,6014,12.9384405392434
3,1.75,1330,12618,1.0,0,3,3,7,1330,0,1983,-122.271,1870,8429,12.487485104968359
2,1.0,610,4560,1.0,0,0,3,5,610,0,1918,-122.383,930,1392,12.89921982609012
3,1.0,1150,7260,1.0,0,0,3,7,1150,0,1959,-122.333,1200,7888,12.30591798049989
4,1.0,1190,7920,1.0,0,0,3,6,890,300,1951,-122.371,1140,7920,12.154779351142624
4,2.0,2350,9329,2.0,0,0,3,8,2350,0,1977,-122.17,1640,9403,13.398478813484644
6,3.75,4000,6015,2.0,0,2,3,10,3080,920,2004,-122.118,3180,5700,13.253391639810733
3,2.75,2460,6413,2.0,0,0,3,9,2460,0,2004,-122.245,2440,6092,13.37855478276474
5,3.5,2100,5107,2.0,0,0,3,7,1410,690,1999,-122.257,1410,5650,12.594730635321957
3,1.5,1120,8250,1.0,0,0,4,7,1120,0,1957,-122.179,1320,8400,12.491251587763836
3,2.5,1270,1062,2.0,0,0,3,8,1060,210,2008,-122.321,1260,1112,12.978493006984626
4,3.5,4370,10860,2.0,0,0,3,11,4370,0,2008,-122.148,3560,8070,13.840203170554645
6,2.5,2800,10490,1.0,0,0,3,7,1400,1400,1968,-122.378,2290,8716,13.00019574343012
3,2.25,1720,5234,2.0,0,0,3,9,1240,480,2011,-122.278,1720,5825,13.317930160948304
3,2.5,2040,10033,1.0,0,0,4,8,1420,620,1974,-122.173,2260,10115,13.495305293806933
4,2.5,2870,6776,2.0,0,0,3,8,2870,0,2004,-121.878,2770,6658,13.226723392728571
5,2.5,2670,14455,2.0,0,0,5,9,2670,0,1958,-122.284,1810,14455,13.437174117244362
3,3.75,3250,5797,2.0,0,2,4,8,2370,880,1951,-122.405,1840,5797,13.782470703886075
3,2.5,1940,10035,2.0,0,0,4,8,1940,0,1994,-122.172,2810,8333,13.081541382884074
3,1.75,2160,7140,1.0,0,0,4,7,1670,490,1978,-122.374,1930,7350,12.513557345278134
3,1.75,1430,11761,1.0,0,0,4,8,1430,0,1964,-122.157,2040,10035,13.044618028779476
3,1.0,1600,3200,1.5,0,0,3,7,1600,0,1909,-122.331,1860,3420,13.098070684835283
3,2.5,1800,4763,2.0,0,0,3,7,1240,560,1985,-122.362,1790,4763,13.415032991367148
2,1.0,1250,4558,1.0,0,0,3,7,1250,0,1948,-122.379,1180,4494,12.779873068457553
3,2.0,1720,2000,1.5,0,0,3,8,1060,660,1910,-122.35,1590,4000,13.748301808270824
4,2.5,2390,6775,2.0,0,0,3,7,2390,0,2003,-122.182,2560,6346,12.779873068457553
4,2.5,3510,28052,2.0,0,0,3,10,3510,0,1988,-122.057,2890,28295,13.726679344257658
4,2.5,3220,22588,2.0,0,0,3,10,3220,0,1996,-122.055,3220,22922,13.681979165339751
4,2.5,2090,5040,2.0,0,0,3,9,2090,0,2014,-122.23,1430,12000,12.86876061860541
3,2.0,1920,5688,1.0,0,3,3,9,1920,0,2007,-121.976,2384,4802,12.736700896592344
3,3.0,4560,16339,2.0,0,2,3,10,4040,520,2001,-122.243,2620,11561,14.010254634756786
4,1.0,1600,5500,1.5,0,0,4,7,1600,0,1946,-122.393,1900,5500,13.345506928718539
3,2.5,2030,1800,3.0,0,0,3,9,2030,0,2013,-122.3,1450,1441,13.716794585025117
3,1.0,1000,9450,1.0,0,0,3,6,1000,0,1962,-122.193,1300,13500,12.26434155365415
4,1.0,1430,8400,1.0,0,0,3,6,730,700,1969,-122.172,1310,8240,12.768541502448002
2,1.0,1370,11584,1.0,0,0,4,6,1370,0,1950,-122.293,1330,8012,12.378343866470628
4,3.25,2730,54014,1.0,0,0,3,9,1560,1170,2007,-122.11,2730,111274,13.345506928718539
4,2.25,2200,7200,1.0,0,2,4,8,1220,980,1958,-122.296,1940,6000,13.321214236149494
2,1.0,860,6120,1.0,0,0,3,7,860,0,1948,-122.328,1100,6860,12.409013489526863
4,3.5,3900,8391,2.0,0,0,3,10,3900,0,2006,-122.205,3820,12268,13.854731271117556
4,1.5,1740,12728,1.0,0,0,4,7,1180,560,1964,-122.3,1830,11125,12.487485104968359
6,3.75,5960,20197,2.0,0,4,3,10,3900,2060,2005,-121.869,3860,12800,13.946538820370678
3,1.75,1010,5355,1.0,0,0,3,6,1010,0,1950,-122.351,750,4515,11.982929094215963
3,1.75,2080,7800,1.0,0,0,5,7,1220,860,1955,-122.355,1770,7860,12.80765263256463
3,1.0,1830,8209,1.0,0,0,3,7,1830,0,1942,-122.228,2150,12000,12.506177237980511
4,2.5,1785,2552,2.0,0,0,3,8,1785,0,2009,-122.2,1691,2700,12.54966234992025
3,1.0,1000,5454,1.0,0,0,3,7,1000,0,1954,-122.337,1320,5250,12.254862809699606
3,1.0,1280,3900,1.0,0,0,4,7,1280,0,1921,-122.336,2020,4560,13.51169910358261
3,2.0,1540,10410,1.0,0,0,4,7,1540,0,1967,-122.315,1590,7725,12.524526376648708
4,2.5,2590,8571,2.0,0,0,3,9,2590,0,1988,-122.105,2360,8155,13.568330428821824
4,5.0,5310,16909,1.0,0,4,3,12,3090,2220,1992,-122.113,5220,15701,14.723769118141165
3,2.5,1830,13042,2.0,0,0,3,8,1830,0,1990,-122.042,1940,6996,12.834681304952548
4,2.75,2400,12469,1.0,0,2,4,8,1760,640,1958,-122.112,2400,10400,13.639965985449344
3,2.5,1980,4274,2.0,0,0,3,7,1980,0,2003,-122.239,2000,4394,12.936033799212835
4,2.5,2750,4800,2.0,0,0,3,9,1960,790,1905,-122.337,2400,5300,13.845069360205818
5,2.75,3750,12077,2.0,0,4,3,10,3750,0,2005,-122.002,3120,7255,13.560618308335483
3,1.5,1360,10726,1.0,0,0,4,7,1360,0,1966,-122.134,1650,10726,12.761393509182716
4,1.5,1840,11367,1.5,0,0,4,7,1840,0,1950,-122.358,1690,9800,12.936033799212835
4,2.25,2860,40284,2.0,0,0,3,10,2860,0,1983,-122.115,2670,92782,13.678544702891116
4,2.5,2000,5684,2.0,0,0,3,8,2000,0,1996,-122.22,2210,7066,13.148031124152906
3,1.5,1250,7700,1.0,0,0,5,7,1250,0,1968,-122.178,1430,7700,12.92391243868049
4,3.0,2620,35124,2.0,0,0,3,9,2620,0,1987,-122.116,2920,35807,13.001325049027272
4,2.5,2820,8307,2.0,0,0,3,9,2820,0,1990,-122.027,2820,8307,13.444446876573442
5,4.25,4660,16200,2.0,0,2,3,11,4660,0,2005,-122.216,3340,16200,14.786706055007715
3,2.0,1430,7125,1.0,0,0,4,7,1430,0,1984,-122.059,1570,8075,13.049792684569493
4,2.5,2600,11951,2.0,0,0,3,10,2600,0,1988,-122.34,2820,12093,12.905450375840756
4,3.25,4160,47480,2.0,0,0,3,10,4160,0,1995,-122.115,3400,40428,13.85952744338105
3,1.75,1340,16480,1.0,0,0,4,7,1340,0,1968,-122.162,1520,10451,12.384218830913648
4,2.5,1900,3301,2.0,0,0,3,7,1900,0,2007,-122.249,1960,3379,12.721885810807203
3,1.75,2030,17100,1.0,0,0,4,7,2030,0,1953,-122.365,1950,14400,12.994530005894443
3,1.75,1300,8099,1.0,0,0,4,7,1080,220,1976,-122.172,1270,8099,12.524526376648708
3,2.25,1640,8625,1.0,0,0,3,8,1320,320,1987,-122.153,1770,9476,13.270783382522602
3,2.5,2640,432036,1.5,0,3,3,10,2640,0,1996,-122.036,1500,560617,13.579788224443204
4,3.0,2660,4600,1.5,0,0,3,8,1820,840,1906,-122.305,2350,4600,14.02577148344747
2,1.0,790,4000,1.0,0,2,3,7,790,0,1908,-122.301,1700,4200,12.03952797654735
3,1.75,1040,5650,1.0,0,0,5,6,1040,0,1951,-122.256,1290,5650,12.460714863903755
5,2.75,3550,9600,2.0,0,0,3,7,3550,0,1960,-122.186,3370,9600,13.270783382522602
3,1.75,1730,6900,1.0,0,0,4,7,1130,600,1976,-122.188,1950,7200,12.611537753638338
4,4.0,4500,11795,2.0,0,0,3,12,4500,0,1991,-122.098,3930,11576,14.230925996925606
3,2.5,1650,2802,2.0,0,0,3,7,1650,0,2004,-122.196,1490,2084,12.429216196844383
2,1.0,1120,4000,1.0,0,0,3,7,1120,0,1926,-122.327,1620,4000,13.049792684569493
2,1.0,1010,7200,1.0,0,0,3,6,1010,0,1956,-122.339,1290,9000,12.206072645530174
4,2.0,2360,6000,1.0,0,0,5,7,1260,1100,1939,-122.41,1720,6000,13.500799813124575
6,4.0,3300,5720,1.0,0,0,3,8,1960,1340,1963,-122.309,2030,4080,13.567049198665774
4,2.5,3430,7200,2.0,0,0,3,9,3430,0,2014,-122.196,1530,7800,14.070152776337855
3,2.5,1600,7936,2.0,0,0,3,7,1600,0,1996,-122.017,1830,7936,12.542544882151386
4,4.75,4790,25412,2.0,0,0,3,12,4790,0,1999,-122.012,3830,16314,14.331323723241304
4,2.5,2990,5280,2.0,0,0,3,9,2210,780,2003,-122.066,2990,6299,13.541073712262515
4,1.75,2160,39430,1.0,0,0,4,8,1660,500,1974,-122.185,2430,35329,13.531820506782031
4,2.5,2360,43088,2.0,0,0,3,8,2360,0,1977,-122.071,2850,39216,13.203253725729002
2,1.0,1220,4000,1.5,0,0,4,6,1220,0,1908,-122.354,1580,4000,13.060487973686241
4,2.25,1980,15086,2.0,0,0,3,8,1980,0,1981,-122.064,2100,10927,13.180632285528304
3,2.0,1380,3500,2.0,0,0,3,7,1380,0,1971,-122.27,1620,3900,12.524526376648708
2,1.5,1020,1275,3.0,0,0,3,8,1020,0,2008,-122.346,980,1415,12.577636201962656
3,2.5,2230,8296,2.0,0,0,3,7,2230,0,2004,-122.116,2480,5940,12.86099861326992
4,1.75,1800,10890,1.5,0,0,4,6,1800,0,1912,-122.04,1530,9818,12.86099861326992
3,1.75,1800,8000,1.0,0,0,3,8,1800,0,1972,-122.119,1950,8500,13.407542319637992
4,3.0,2793,5703,2.0,0,0,3,9,2793,0,2009,-122.178,2793,5704,12.951575056424048
3,2.5,2180,37042,2.0,0,0,3,9,2180,0,1998,-122.026,2880,32688,13.38472764187182
3,2.25,1720,9600,1.0,0,0,4,7,1220,500,1967,-122.126,1720,9600,13.217673557208654
4,2.0,2520,6000,1.0,0,0,3,8,1400,1120,1921,-122.35,1580,3720,13.681979165339751
3,1.0,2460,4000,1.5,0,0,4,7,1370,1090,1918,-122.297,1680,4000,13.241434472045343
4,2.5,2329,9436,2.0,0,0,3,9,2329,0,1995,-122.204,2660,10252,13.199324418540456
2,1.75,1500,8645,1.0,0,0,4,7,1500,0,1963,-122.115,1220,8645,12.427214194173711
4,2.25,3010,10925,2.0,0,0,4,9,3010,0,1988,-122.201,2690,10925,12.979635541110842
3,2.0,1620,7800,1.0,0,0,3,7,1200,420,1969,-122.171,1540,7565,13.17115354157376
2,1.75,1950,2719,1.0,0,0,5,7,1010,940,1919,-122.346,1360,1256,13.493926933836812
2,1.0,1620,9205,1.0,0,0,5,6,850,770,1921,-122.23,2460,5469,12.765688433465597
3,2.5,2350,4456,2.0,0,0,3,7,2350,0,2004,-121.854,2350,4456,12.92391243868049
4,3.5,3890,3600,2.0,0,0,3,9,2860,1030,2005,-122.282,2460,6050,14.28551418721001
3,1.75,1750,3250,1.5,0,0,4,7,1230,520,1929,-122.366,1480,3600,13.171058298943088
3,1.0,1370,4040,1.5,0,0,3,7,1370,0,1906,-122.354,1220,3030,13.180632285528304
3,2.25,1900,46609,1.5,0,0,4,7,1440,460,1969,-122.116,2460,43560,13.304684934198283
3,2.25,2270,23900,1.0,0,0,3,9,1820,450,1975,-122.372,2520,28300,13.42984807715229
3,2.75,1940,3088,2.0,0,3,3,8,1770,170,2008,-121.878,1410,2335,12.961231720492929
4,2.0,1780,15648,1.5,0,0,5,8,1780,0,1918,-122.198,2320,14963,13.815510557964274
4,1.75,2740,8520,1.0,0,2,3,8,1370,1370,1954,-122.263,2740,9286,13.395439297466748
4,2.0,1360,2746,1.5,0,0,3,7,1360,0,1945,-122.39,1960,2746,13.13626628257332
4,2.0,1570,9600,1.0,0,0,3,6,1570,0,1950,-122.303,1880,9000,12.054086288532291
3,2.5,1370,7247,2.0,0,0,3,7,1370,0,1995,-122.303,1720,8085,12.35017298950393
4,1.0,1420,6000,1.5,0,0,3,7,1420,0,1950,-122.302,1420,6180,13.071070083016778
3,1.0,940,10500,1.0,0,0,4,7,940,0,1966,-122.229,1660,10500,12.744026936684417
3,1.0,1660,6582,1.0,0,0,5,7,1000,660,1946,-122.353,1110,6584,13.054084536651034
3,1.75,1970,10548,1.0,0,0,4,8,1300,670,1973,-122.179,2500,8548,13.42793448269185
2,2.5,1730,1037,3.5,0,0,3,8,1730,0,2008,-122.285,1280,1026,13.079455876393052
3,1.5,1460,11407,1.0,0,0,3,7,1460,0,1954,-122.294,1470,11407,12.850554654108839
3,2.25,1490,9600,1.0,0,0,4,7,1170,320,1987,-121.977,1590,10104,12.567237494741757
3,1.75,1960,4788,1.0,0,0,4,7,1090,870,1920,-122.312,1960,3960,13.303016877097587
5,1.5,1930,4500,1.5,0,0,3,8,1930,0,1929,-122.303,2083,4500,13.658856747918897
3,1.0,1310,9554,1.0,0,0,3,7,960,350,1962,-122.285,1310,9845,12.180754837545884
5,1.0,2550,4623,2.5,0,0,4,9,2550,0,1905,-122.294,1570,3875,13.649455973634192
4,2.5,2790,43091,2.0,0,0,4,9,2790,0,1989,-122.08,2750,35290,13.407542319637992
3,2.5,2320,98445,1.0,0,0,4,8,1380,940,1978,-122.116,2830,54014,13.422467969854667
4,2.5,3390,10519,2.0,0,2,3,10,3390,0,1990,-122.334,2830,10519,13.27594246533263
6,4.5,5480,10800,2.0,0,3,4,9,4430,1050,1999,-122.367,2970,7200,14.690979295318174
4,2.25,2860,5658,2.0,0,3,3,10,2130,730,1933,-122.409,2700,5221,14.076335176246172
2,2.5,2680,7625,1.0,0,0,3,9,2680,0,2002,-122.024,2310,7395,13.566985094047014
3,1.75,2060,58341,1.0,0,4,3,8,1100,960,1982,-122.439,1230,14904,13.142166004700508
3,2.5,2410,9916,2.0,0,0,4,10,2410,0,1989,-122.103,2310,8212,13.458835614025542
3,1.0,1360,6186,1.5,0,0,4,6,760,600,1941,-122.334,1610,7453,12.451149885149517
4,2.5,2490,8290,2.0,0,0,3,9,2490,0,1999,-122.171,2690,7008,12.873902018105829
4,2.5,1850,5388,2.0,0,0,3,8,1850,0,2009,-122.041,2140,5086,12.70076888736628
4,2.5,2130,11733,1.0,0,0,5,7,1330,800,1969,-122.16,1800,9131,12.886641043883259
3,2.0,1210,9097,1.0,0,0,4,7,1210,0,1954,-122.303,1360,10125,12.06249091705215
4,1.75,2460,5100,1.5,0,0,5,7,1450,1010,1909,-122.3,1560,5100,13.507625778194974
4,3.0,3590,89640,2.0,0,0,3,10,3590,0,2005,-122.036,2790,54014,13.686540176667314
3,1.0,1270,8920,1.0,0,0,5,7,1270,0,1969,-122.172,1590,8589,12.953944725779365
3,1.75,1540,61419,1.0,0,0,3,7,1540,0,1967,-122.228,3790,8529,13.017002861746503
2,1.0,1600,8961,1.0,0,0,4,7,1390,210,1949,-122.21,1502,6798,12.294541293517781
3,1.75,1480,6120,1.5,0,0,3,7,1480,0,1946,-122.295,1480,6120,13.122363377404328
4,2.5,2770,10274,2.0,0,0,3,9,2770,0,1989,-122.018,2270,7210,13.423578464138695
4,2.5,2980,13341,1.5,1,4,5,8,1800,1180,1928,-122.245,2340,19810,14.282384294201082
3,1.75,1240,4550,1.5,0,0,4,7,1240,0,1951,-122.398,2110,5700,13.132313708257497
3,2.25,1540,17424,2.0,0,0,3,7,1540,0,1992,-121.759,1560,11439,12.66032791780777
1,1.0,900,4368,1.0,0,0,5,6,900,0,1915,-121.99,1290,5000,11.937539391917154
1,0.75,930,29258,1.0,0,0,3,6,930,0,1941,-122.236,2000,18321,12.154779351142624
4,2.5,1767,4500,2.0,0,0,3,8,1767,0,2006,-122.25,1949,4636,12.230765258120545
3,1.0,1040,6535,1.0,0,0,3,6,1040,0,1947,-122.306,1100,6535,12.323855681186558
3,2.5,1730,3600,2.0,0,0,3,8,1730,0,2014,-122.34,2030,3600,12.70205769064877
4,1.5,1980,3240,1.5,0,0,4,8,1780,200,1930,-122.294,2250,4000,13.329377546788654
3,2.25,2390,2750,2.0,0,0,5,8,1580,810,1925,-122.354,2200,5160,13.726679344257658
2,2.5,1590,1426,2.0,0,0,3,8,1590,0,2014,-122.013,1590,1426,12.946079556742603
2,1.5,1200,1687,3.0,0,0,3,8,1200,0,2008,-122.334,1240,1296,13.130728293735956
3,2.25,1950,1968,2.0,0,0,4,7,1160,790,1979,-122.195,1950,1968,12.791077667470416
3,2.5,2500,4203,2.0,0,0,3,8,2500,0,2001,-121.875,2460,4798,13.199139216206378
2,2.5,1270,1242,3.0,0,0,3,7,1270,0,2008,-122.362,1280,1199,12.759957758756611
5,4.5,4300,12250,2.0,0,0,3,10,4300,0,2004,-122.027,3950,12250,13.790192749979985
3,2.0,1410,7466,1.0,0,0,3,7,1410,0,1983,-122.147,1410,7610,12.345617172968069
3,1.0,1160,5969,1.0,0,0,3,7,880,280,1930,-122.306,1550,5120,13.138827103434993
3,1.0,1250,7654,1.0,0,0,3,7,1000,250,1952,-122.291,1310,7350,12.524526376648708
4,1.75,1480,9523,1.0,0,0,3,7,1120,360,1959,-122.217,1590,8300,12.387977448827787
4,2.5,3160,8281,2.0,0,0,4,9,3160,0,1995,-122.195,3000,8281,13.935069793021913
5,2.5,2630,9216,2.0,0,0,3,8,2630,0,2003,-121.966,2020,4980,13.17115354157376
2,1.75,1480,4000,1.0,0,0,4,6,740,740,1925,-122.38,1060,4000,12.921470435024938
4,2.5,1900,5001,1.0,0,0,3,8,1200,700,2008,-122.335,1950,4680,13.122363377404328
3,1.75,1640,4579,1.0,0,0,4,6,1640,0,1916,-122.352,1580,5040,13.001325049027272
4,3.5,4370,37193,2.0,0,3,3,8,2780,1590,1996,-121.979,2860,39356,13.06685066747407
3,2.25,2190,8775,1.5,0,1,4,8,2190,0,1927,-122.287,1910,8145,13.283546414995719
4,1.75,1250,12705,1.0,0,0,4,7,1250,0,1971,-122.382,1390,8550,12.26434155365415
5,2.5,2200,6250,2.0,0,0,3,7,2200,0,1996,-122.021,1850,6091,12.467956025160314
2,2.0,1200,7131,1.0,0,0,3,8,1200,0,2006,-122.022,1670,4601,12.871334622600584
3,1.0,1830,12036,1.0,0,0,3,7,1550,280,1977,-122.043,1810,12036,12.758519943986984
2,2.75,3690,32044,2.0,1,4,3,12,3690,0,1989,-122.369,2310,26988,14.456837989794423
4,1.75,2140,49658,1.0,0,0,5,7,2140,0,1959,-121.922,1720,99316,12.793859310432293
2,1.0,1260,5100,1.5,0,0,4,7,1120,140,1925,-122.384,1260,5100,13.176851562688398
4,2.5,1850,5674,2.0,0,0,3,7,1850,0,1993,-122.142,1750,6875,12.577636201962656
2,1.0,880,6380,1.0,0,0,3,7,880,0,1938,-122.322,1340,6380,13.102160670086809
3,1.0,1140,5395,1.0,0,0,4,7,1010,130,1909,-122.306,1700,5376,13.263862939678027
1,1.0,1020,6871,1.0,0,0,3,6,1020,0,1937,-122.338,1260,6933,11.933443375704686
2,1.5,2370,184231,2.0,0,0,3,11,2370,0,2005,-121.778,3860,151081,13.870945264852375
4,2.5,3720,105850,2.0,0,0,4,10,3720,0,1984,-122.029,2830,88256,13.669328047786193
4,1.75,2380,5700,2.0,0,1,4,7,1820,560,1946,-122.271,2190,5700,13.507625778194974
3,2.5,1440,3060,2.0,0,0,3,7,1440,0,2003,-122.035,1650,3060,12.950863059241957
3,1.0,1080,6250,1.0,0,0,2,5,1080,0,1950,-122.33,1070,6250,11.652687407345388
5,3.0,3330,19126,2.0,0,0,4,11,2610,720,1977,-122.214,3330,16893,13.989463865087712
3,1.5,1180,7000,1.0,0,0,4,7,1180,0,1977,-122.373,1630,7500,12.170445467887022
4,2.5,1710,5000,1.0,0,0,3,8,1110,600,1979,-122.285,1750,5304,13.3645249345543
4,2.5,2180,9281,2.0,0,0,3,8,2180,0,2004,-122.072,2520,9520,12.802158113246987
3,1.5,1260,5758,2.0,0,0,3,7,1260,0,1999,-122.139,3090,10142,12.71589776896258
3,1.0,1500,6250,1.0,0,0,3,6,890,610,1945,-122.368,1210,6250,12.517227074167097
2,1.75,1440,11210,1.0,0,0,4,6,1130,310,1935,-122.35,1250,9381,12.551433829568632
3,1.75,1230,12000,1.0,0,0,3,6,1230,0,1970,-122.251,1550,12000,12.100156419938624
3,2.25,1765,7652,2.0,0,0,3,7,1765,0,1996,-122.328,1765,7719,12.429216196844383
4,1.75,1370,9993,1.0,0,0,3,6,1370,0,1918,-122.228,1650,11592,12.691580461311874
3,2.0,1530,3400,1.0,0,0,3,7,990,540,1907,-122.296,1880,4212,13.178743710840436
3,2.5,2200,3360,2.0,0,0,3,8,2200,0,2009,-122.287,2130,3423,12.979647075202733
4,2.5,3360,40471,2.0,0,0,4,10,3360,0,1994,-122.035,3150,36823,13.64709190633931
3,2.25,2280,8765,2.0,0,0,3,8,2280,0,1977,-122.133,1920,8265,12.782686009834167
3,3.25,1410,1246,3.0,0,0,3,8,1410,0,2005,-122.34,1410,1253,12.969212197910155
8,3.0,3840,15990,1.0,0,0,3,7,2530,1310,1961,-122.211,1380,8172,13.262125319779487
3,2.5,2134,1984,2.5,0,0,3,8,2134,0,2008,-122.027,2170,1984,13.322852238153732
2,2.0,1730,4248,2.0,0,0,3,7,1730,0,1905,-122.308,1380,4000,13.017002861746503
2,1.75,1180,55321,1.0,0,0,3,8,1180,0,1941,-122.091,1480,56192,12.647548191161372
4,2.5,2320,10079,2.0,0,0,3,7,2320,0,1994,-122.026,2010,7438,12.84792653170257
3,1.25,2400,6653,3.0,0,2,3,11,2400,0,1992,-122.29,1910,6653,14.143374420048886
2,1.0,940,8384,1.0,0,0,3,5,940,0,1947,-122.364,1290,8384,11.710135634257934
4,2.75,1890,1475,2.0,0,0,3,9,1200,690,2015,-122.383,1650,1682,13.41652441595382
6,4.0,5330,18116,2.0,0,0,3,11,3950,1380,2000,-122.137,4590,16900,13.933293593620657
2,1.0,710,5200,1.0,0,2,4,6,710,0,1942,-122.371,1610,5200,12.676076274775909
3,1.75,2040,6000,1.0,0,0,5,7,1120,920,1958,-122.397,1530,6250,13.226723392728571
3,2.5,2620,43832,2.0,0,0,3,8,2620,0,2013,-122.009,2620,120686,13.527828485512494
3,3.5,1630,1329,2.0,0,0,3,9,1360,270,2000,-122.306,1580,1319,13.136660682105154
4,2.5,2440,4000,2.0,0,0,3,7,2440,0,2009,-122.036,2410,4502,12.765688433465597
3,1.75,2790,36585,1.0,0,0,4,8,1410,1380,1970,-121.999,1900,45302,13.077366011473593
6,3.75,2740,6924,1.0,0,2,3,7,1640,1100,1962,-122.296,1940,6000,13.28012581269758
5,2.5,3190,8160,2.0,0,0,3,9,3190,0,2014,-122.363,1650,8160,13.670484785914017
3,2.25,2240,9542,1.0,0,1,3,7,1190,1050,1980,-122.318,2080,9542,12.94371506597667
3,1.5,1120,11430,1.0,0,0,4,7,1120,0,1963,-122.194,1790,8760,12.336881585641587
3,2.25,1690,7292,1.0,0,0,3,7,1250,440,1985,-122.303,1670,7747,12.396693005138824
3,1.0,1090,10296,1.0,0,0,4,6,1090,0,1950,-122.26,1910,10296,12.425208175446844
2,1.0,1060,8187,1.0,0,0,4,6,1060,0,1952,-122.349,1260,8188,12.445089546000673
3,1.75,1690,8901,1.0,0,0,3,7,1690,0,1986,-122.176,1690,7532,12.203569515312056
2,1.0,900,8556,1.0,0,0,3,6,760,140,1941,-122.386,1500,8556,12.66032791780777
4,2.5,3680,7236,2.0,0,0,3,10,3680,0,2006,-122.005,3310,7180,13.428376406540833
3,2.5,3160,286181,2.0,0,3,3,9,3160,0,2002,-121.946,2110,94663,13.269057756555132
3,1.75,1660,10000,1.0,0,0,3,7,1660,0,1972,-121.978,1770,10000,12.710755440697916
4,2.75,3210,41689,1.0,0,0,4,8,1610,1600,1989,-122.062,2100,41384,12.899094818276968
3,2.0,1290,886,3.0,0,0,3,7,1290,0,2004,-122.295,1270,1152,12.644327576461329
4,1.75,1630,8410,1.5,0,0,5,7,1630,0,1943,-122.288,1390,8410,12.425208175446844
2,1.0,1000,3513,1.0,0,4,4,5,1000,0,1914,-122.39,1930,4920,13.480037821676145
3,2.25,3330,15258,2.0,0,0,3,10,3330,0,1986,-122.06,3360,14850,13.544357787463703
3,1.0,1410,4840,1.0,0,2,4,6,1230,180,1942,-122.204,1410,5400,13.38472764187182
3,2.0,1730,6007,1.0,0,0,3,8,1730,0,2004,-122.2,2000,6245,12.608198852372823
3,1.0,1150,8050,1.5,0,0,4,7,1150,0,1956,-122.296,1360,8050,11.722375689152436
3,1.75,1680,7770,1.0,0,0,4,7,1680,0,1967,-122.167,1880,7770,13.180632285528304
4,3.25,4110,15929,2.0,1,4,3,12,2720,1390,2001,-122.271,2640,15929,14.648419680899378
3,2.25,1960,7414,1.0,0,0,3,7,1490,470,1984,-122.374,1580,8038,12.429216196844383
3,1.75,1280,10716,1.0,0,0,4,7,1280,0,1969,-122.145,1440,9870,12.577636201962656
3,2.75,2600,64626,1.5,0,0,3,8,2600,0,2009,-121.405,1740,64626,12.936033799212835
4,2.25,2670,9040,1.0,0,0,3,8,2170,500,1955,-122.326,1880,2648,12.736553826954605
3,2.0,1310,7349,1.0,0,0,3,7,870,440,1995,-122.186,1690,6580,12.394624752074764
5,2.5,1760,10200,1.5,0,0,3,6,1760,0,1925,-122.351,1370,7620,12.301382825334498
4,3.25,3300,15907,2.0,0,0,5,10,3300,0,1985,-122.216,2740,11358,14.115615150414612
3,2.5,1860,8060,2.0,0,0,4,8,1860,0,1987,-122.017,1850,4661,13.132313708257497
2,1.0,770,8150,1.0,0,0,3,6,770,0,1951,-122.275,1140,8550,12.003038047138677
4,2.0,2100,4500,1.0,0,0,5,7,1060,1040,1924,-122.317,1920,3900,13.217673557208654
2,1.0,1290,4650,1.0,0,0,4,7,1290,0,1906,-122.325,1640,3900,13.110290796170059
4,2.25,2030,13500,1.0,0,0,3,7,1230,800,1963,-122.066,1830,13800,12.721885810807203
4,2.5,3190,10034,2.0,0,0,3,9,3190,0,2007,-122.111,2110,9300,13.737549016494562
3,1.75,1550,8134,1.0,0,0,4,7,1550,0,1959,-122.121,1360,8000,12.976180867226248
5,1.75,2510,9750,1.5,0,0,3,8,2510,0,1969,-122.149,1900,9750,13.253391639810733
4,2.5,2340,11784,2.0,0,0,3,9,2340,0,1997,-122.149,2250,10760,12.706847933442663
3,3.25,3610,59677,2.0,0,0,3,10,2440,1170,2003,-122.088,3130,65775,13.563195629349785
3,2.5,1950,9906,2.0,0,0,3,8,1950,0,1988,-122.025,1860,7689,13.180632285528304
4,2.5,2660,10452,2.0,0,0,3,9,2660,0,1993,-122.104,2890,9025,13.534473028231162
3,1.5,1320,3145,2.0,0,0,3,7,1320,0,1998,-122.297,1320,3002,12.904207367601158
3,1.0,1440,11250,1.0,0,0,3,7,1440,0,1967,-122.213,2200,11250,12.577636201962656
3,2.75,1320,15236,1.0,0,0,3,7,880,440,1995,-122.184,1490,8351,12.254862809699606
3,2.5,1320,4320,1.0,0,0,3,6,660,660,1918,-122.347,1190,4200,12.810388612383504
4,2.5,2910,9000,2.0,0,0,3,9,2910,0,1989,-122.142,2530,9000,13.5985975564007
4,2.75,2050,3960,1.0,0,0,4,7,1180,870,1986,-122.394,1440,5040,13.081541382884074
3,2.5,2210,8622,2.0,0,0,3,8,2210,0,1988,-122.02,2340,7192,13.287877815881902
3,2.25,1900,3800,2.0,0,0,3,7,1900,0,2006,-122.16,1950,3800,12.774223335915433
3,2.25,1250,952,3.0,0,0,3,8,1250,0,2008,-122.333,1250,1030,12.230765258120545
2,1.0,720,5750,1.0,0,0,2,6,720,0,1943,-122.393,980,6125,12.644327576461329
3,3.75,3150,8550,2.0,0,0,3,10,3150,0,2007,-122.284,2510,8550,14.457364444136669
4,3.25,5010,34460,2.0,0,0,3,12,5010,0,1988,-122.127,4760,34460,14.199411488156597
3,2.0,2130,4000,2.0,0,0,3,7,2130,0,1908,-122.323,2010,4000,13.37700559577791
5,1.75,2290,7900,1.0,0,0,4,7,1190,1100,1965,-122.358,1870,8250,12.873902018105829
2,2.5,1430,1201,3.0,0,0,3,8,1430,0,2009,-122.381,1430,1249,13.132313708257497
3,2.25,1840,8400,1.0,0,0,3,8,1290,550,1961,-122.172,2110,8400,13.066427745074025
2,1.0,1480,6210,1.0,0,0,3,7,1080,400,1950,-122.351,1290,7509,12.7098736543592
3,1.0,1600,1950,2.0,0,0,2,7,1600,0,1906,-122.312,1310,1138,12.618182296357007
4,2.5,1450,3600,1.5,0,0,3,7,1250,200,1902,-122.298,1680,3600,12.973863369085885
4,2.25,3340,8000,2.0,0,0,4,8,3340,0,1973,-122.385,2230,8000,12.647548191161372
4,3.0,2840,4120,1.5,0,0,4,8,2060,780,1931,-122.283,1840,5871,13.507625778194974
3,2.5,2110,8304,1.0,0,0,4,7,2110,0,1985,-122.173,1680,7508,12.57418196709457
4,3.25,3820,15293,2.0,0,0,3,10,3820,0,2003,-122.017,2790,7142,13.764217263576723
5,2.25,3320,13138,1.0,0,2,4,9,1900,1420,1964,-122.269,2820,13138,13.55284624848778
1,1.0,640,6350,1.0,0,0,3,5,640,0,1939,-122.359,1270,6350,12.539683649870355
4,3.0,3060,50002,1.0,0,2,4,8,2460,600,1957,-122.096,2740,16181,13.774428112863044
3,2.5,2670,4534,2.0,0,0,3,9,2670,0,2007,-122.184,3040,5079,13.051404288463836
3,1.5,1690,9144,1.0,0,0,4,7,1140,550,1956,-122.253,1840,10600,12.84779494409793
3,2.0,1600,13200,1.0,0,0,3,7,1600,0,1990,-121.756,1360,11520,12.639639183749212
4,1.75,1530,17664,1.5,0,0,3,7,1530,0,1968,-122.155,1530,11625,12.618182296357007
2,2.5,1390,1302,2.0,0,0,3,7,1390,0,1987,-122.329,1390,2052,12.164990200428944
4,2.5,2620,6114,2.0,0,0,3,9,2620,0,2011,-122.013,2620,5808,13.422467969854667
3,2.5,1610,4611,2.0,0,0,3,8,1610,0,1996,-122.004,1730,4461,13.132313708257497
2,1.0,1360,69260,1.0,0,0,4,5,1360,0,1937,-121.838,1460,69260,12.721885810807203
2,1.75,1170,8200,1.0,0,0,4,6,780,390,1937,-122.305,1780,9020,12.618182296357007
3,1.0,1520,10798,1.0,0,0,3,7,1520,0,1953,-122.262,1670,9876,12.834681304952548
3,2.75,2550,54014,2.0,0,0,4,8,1980,570,1967,-122.117,2180,21600,13.287877815881902
4,2.5,3260,5974,2.0,0,1,3,9,2820,440,2007,-122.267,2260,6780,13.864300722133706
3,1.0,960,6500,1.0,0,0,4,5,960,0,1954,-122.171,1150,6500,12.323855681186558
3,2.75,2890,12130,2.0,0,3,4,10,2830,60,1987,-122.203,2415,11538,13.972514306773938
4,3.5,3460,7702,2.0,0,0,3,10,3460,0,2010,-121.977,3380,7464,13.658856747918897
2,1.0,1020,47044,1.0,0,0,5,7,1020,0,1904,-122.155,1930,12139,12.538967060803502
3,3.0,2630,10156,1.0,0,0,4,9,2630,0,1987,-122.156,2660,10455,13.564481803160529
3,1.75,2020,8970,1.0,0,0,4,7,1180,840,1981,-122.145,2140,8008,13.071070083016778
4,3.5,4410,12426,2.0,0,2,3,12,3420,990,1996,-122.107,4090,12127,14.22097566607244
3,2.0,1840,8140,1.0,0,0,4,7,1040,800,1975,-122.325,1600,6720,12.56549381513693
3,1.0,1200,6120,1.0,0,0,4,7,950,250,1945,-122.287,1550,6120,13.074223002076394
3,2.5,1584,3200,2.0,0,0,3,7,1584,0,2011,-122.215,1584,2800,12.479909311159902
2,1.0,700,4000,1.0,0,0,3,6,700,0,1943,-122.391,1060,6000,12.706847933442663
3,3.0,2470,7410,2.0,0,0,5,8,1860,610,1977,-122.392,2390,7800,13.60602333309755
2,2.5,1680,977,3.0,0,0,3,9,1680,0,2009,-122.361,1680,977,13.748301808270824
4,2.5,2630,6283,2.0,0,0,3,9,2630,0,2006,-122.158,2630,7210,13.13813829651969
3,2.5,1470,1256,2.0,0,0,3,8,930,540,2006,-122.309,1510,1797,12.892950213076524
4,1.75,1580,6396,1.0,0,0,4,6,790,790,1945,-122.369,1180,6396,12.791077667470416
2,2.0,1590,9375,1.0,0,0,3,7,910,680,1983,-122.205,1560,8524,12.577636201962656
3,2.5,2244,4079,2.0,0,0,3,7,2244,0,2012,-122.254,2077,4078,12.505992035646432
5,2.75,3090,19865,1.0,0,0,4,9,3090,0,1953,-122.235,2970,19862,14.187074114396758
4,2.25,2220,130244,2.0,0,0,3,8,2220,0,1989,-121.9,2680,130680,13.388566418178986
3,2.0,1200,9566,1.0,0,0,3,7,1200,0,1995,-122.252,1590,9518,12.312232841358565
3,1.75,2020,11050,1.0,0,0,4,8,1320,700,1969,-122.119,1940,11050,12.706847933442663
3,2.0,1810,12825,1.0,0,0,4,7,1810,0,1960,-122.14,1490,10800,13.217673557208654
3,2.5,3040,7232,2.0,0,0,3,7,3040,0,2003,-122.168,2760,6926,12.706847933442663
2,1.5,1850,4945,1.5,0,2,4,7,1850,0,1907,-122.379,1850,4950,13.458835614025542
4,3.0,2150,8119,2.0,0,0,3,8,2150,0,1953,-122.236,1590,8119,13.997832114758229
4,2.75,1970,37026,1.0,0,0,4,8,1970,0,1961,-122.446,1970,51836,12.886641043883259
4,2.5,2720,10006,2.0,0,0,3,9,2720,0,1989,-122.042,2720,10759,13.296232647383299
5,2.25,2070,10488,1.0,0,0,4,7,1080,990,1958,-122.122,1740,9225,12.89921982609012
4,2.5,2100,8886,2.0,0,0,4,7,2100,0,1964,-122.134,1840,9058,13.091904169919621
2,1.0,790,11234,1.0,0,0,4,6,790,0,1942,-122.349,1930,11871,12.983101310070822
4,2.5,2320,6270,2.0,0,0,3,8,2320,0,2004,-122.14,2150,6270,12.694345864825653
3,2.5,1900,3255,2.0,0,0,3,8,1900,0,1988,-122.147,1880,3350,13.217673557208654
3,1.0,1130,5758,1.0,0,0,3,7,960,170,1939,-122.401,1510,6000,13.091904169919621
4,1.5,1320,14250,1.0,0,0,4,7,1320,0,1954,-122.199,1720,14250,13.142166004700508
5,3.0,2240,15435,1.0,0,1,5,7,1390,850,1952,-122.288,2240,10750,13.081541382884074
3,1.0,1090,11292,1.0,0,0,4,7,1090,0,1952,-122.358,1570,8198,12.91410843858387
3,1.75,1440,8775,1.0,0,0,3,7,1440,0,1973,-122.17,1790,7865,12.834681304952548
3,1.0,1370,6450,1.0,0,0,3,7,1370,0,1948,-122.288,1550,6898,12.785491060761776
4,2.25,1950,5950,1.0,0,0,3,8,1330,620,1947,-122.347,2600,5593,13.704578997256993
3,1.0,1720,8910,1.0,0,0,4,7,1720,0,1954,-122.296,1870,8640,12.899094818276968
2,1.0,720,4760,1.0,0,0,5,5,720,0,1942,-122.186,840,4760,12.287652632522597
3,2.25,1380,3015,2.0,0,0,3,7,1380,0,2009,-122.157,1930,3612,12.983101310070822
5,1.5,1950,9000,1.0,0,0,3,7,1130,820,1964,-122.339,1680,9526,12.524526376648708
4,2.25,2060,7283,1.0,0,0,3,8,1220,840,1963,-122.317,1500,8134,12.92391243868049
3,1.75,1610,7200,1.0,0,0,3,8,1090,520,1973,-122.287,3790,7200,13.981448635507705
3,2.5,1690,5175,2.0,0,0,3,7,1690,0,2002,-122.016,1830,5175,12.628067055589549
3,1.0,1400,10425,1.0,0,0,4,7,1400,0,1968,-122.301,1440,10425,12.394624752074764
4,2.5,3600,203425,2.0,0,0,3,9,3400,200,1979,-122.018,3150,202989,13.432784936825598
4,3.25,3270,6027,2.0,0,0,3,10,3270,0,2001,-122.063,3270,6546,13.635187003832993
3,1.5,1370,8470,1.0,0,0,4,7,1370,0,1961,-122.192,1710,8800,12.128111104060462
5,2.5,2530,8564,2.0,0,0,4,8,2530,0,1976,-122.153,2480,8714,13.681979165339751
3,1.0,950,8450,1.0,0,0,3,7,950,0,1962,-122.186,1610,10080,12.80765263256463
4,2.0,1670,9987,1.0,0,0,3,7,1670,0,1967,-122.284,1640,7280,12.229300771649381
4,2.5,2350,8001,2.0,0,0,4,8,2350,0,1987,-122.153,2460,8001,13.554145793829866
4,2.75,3110,49765,1.0,0,0,4,8,3110,0,1958,-122.044,1880,19709,13.18345847676414
4,2.75,3370,12447,2.0,0,0,3,10,3370,0,1991,-122.058,3700,13129,13.541073712262515
4,2.25,2020,12500,2.0,0,0,2,8,2020,0,1966,-122.175,1800,13175,12.834681304952548
3,1.75,1440,8050,1.0,0,0,3,8,1440,0,1985,-122.39,1790,7488,12.464390271852038
3,2.5,1256,1154,3.0,0,0,3,7,1256,0,2005,-122.311,1309,1232,12.665868098183385
4,2.5,1540,1994,2.0,0,0,3,8,1540,0,2014,-121.999,1540,1689,12.994507278363448
4,2.5,2470,8536,2.0,0,0,3,8,2470,0,2002,-122.292,1690,8840,13.060487973686241
3,2.25,1800,10500,2.0,0,0,3,7,1800,0,1995,-122.032,1870,8555,12.714395139078047
4,2.5,2240,7245,1.0,0,0,4,7,1140,1100,1972,-122.17,1740,7350,13.071070083016778
4,4.5,3890,5906,2.0,0,3,3,11,3060,830,2004,-121.995,4170,6052,13.785051350479566
4,2.5,2400,7215,2.0,0,0,3,8,2400,0,1992,-122.371,2220,7760,12.611537753638338
4,1.75,1920,4862,1.0,0,0,5,7,1060,860,1919,-122.384,1840,4862,13.286181462633724
3,2.5,1427,4337,2.0,0,0,3,7,1427,0,2009,-122.162,1443,4347,12.468436909997665
3,1.0,1300,3600,2.0,0,0,3,7,1300,0,1900,-122.366,2510,4800,13.615839362835207
5,4.25,4640,22703,2.0,1,4,5,8,2860,1780,1952,-122.097,3140,14200,14.603967918328545
3,3.5,3220,3960,2.0,0,4,3,10,2760,460,1991,-122.384,3080,4444,14.04662227892766
3,2.0,1890,12017,1.0,0,2,3,8,1890,0,1949,-122.21,2000,12210,14.17318500223609
3,3.25,4610,81935,2.0,0,0,4,9,4610,0,1984,-122.021,2900,43500,13.527828485512494
3,2.75,2300,12197,2.0,0,0,3,8,2300,0,1989,-122.338,1710,11220,13.190022025878143
4,2.5,3420,30410,2.0,0,0,3,9,3420,0,1988,-122.088,2940,45916,13.493926933836812
6,3.0,2180,7220,2.0,0,0,3,7,2180,0,1980,-122.305,2260,7344,12.345834587905333
2,1.75,2320,6755,1.0,0,0,5,8,1380,940,1946,-122.403,1990,5000,13.465953081794405
2,1.0,1230,5000,1.0,0,0,5,6,1230,0,1911,-121.988,1230,5413,12.127570417375216
4,1.75,2350,18800,1.0,0,2,3,8,2350,0,1959,-122.177,3050,14640,13.337474757021274
3,2.0,1540,8011,1.0,0,0,3,7,1540,0,1988,-122.202,1630,7141,12.959844447906553
3,2.25,2070,7800,1.0,0,0,3,7,1170,900,1964,-122.305,1570,8400,12.538967060803502
5,2.25,2060,4800,2.5,0,0,3,8,2060,0,1907,-122.282,1740,4800,13.611239054032211
3,1.0,1100,5000,1.0,0,0,3,7,1100,0,1960,-122.283,1020,5000,12.428816116823043
2,1.0,1080,9435,1.0,0,0,3,6,1080,0,1958,-122.181,1200,9210,12.345834587905333
3,1.5,1320,4400,1.0,0,0,3,6,1320,0,1909,-122.292,1350,4400,12.765688433465597
5,2.75,2410,19447,2.0,0,2,3,10,2290,120,1968,-122.211,2980,19447,14.094368814806257
5,2.25,4320,7620,2.0,0,0,3,7,2880,1440,1973,-122.287,1880,7620,13.9108207377686
5,3.0,2020,5917,1.0,0,0,3,7,1220,800,1993,-122.294,2130,5529,12.647548191161372
3,1.75,1110,10402,1.0,0,0,4,7,1110,0,1967,-122.177,2050,9660,13.321214236149494
4,1.75,2150,9000,1.0,0,0,4,7,1110,1040,1966,-122.113,2040,9000,13.217673557208654
3,2.75,2380,5572,2.0,0,4,3,9,1930,450,1939,-122.271,3370,5500,13.963930563082547
6,5.0,7100,18200,2.5,0,0,3,13,5240,1860,1933,-122.408,3130,6477,14.978661367769956
3,2.25,2860,10625,1.0,0,4,3,10,1920,940,1976,-122.273,2860,8075,13.987360814890934
4,3.0,2483,6870,2.0,0,0,3,8,2483,0,2005,-122.199,1943,6434,12.793859310432293
3,1.75,1290,8250,1.0,0,0,3,7,1290,0,1983,-122.27,1410,7823,12.301382825334498
3,2.5,2170,1984,2.5,0,0,3,8,2170,0,2008,-122.027,2150,1984,13.37700559577791
3,2.0,1400,7384,1.0,0,0,3,7,1150,250,1979,-122.174,1820,7992,12.323855681186558
5,2.5,2560,46786,2.0,0,0,3,8,2560,0,1995,-121.915,2430,46929,13.39239051461739
6,2.75,5700,20000,1.0,0,4,4,10,2850,2850,1977,-122.16,3690,15700,14.141210697603576
3,1.0,1150,6800,1.0,0,0,3,7,1150,0,1954,-122.339,1210,6800,12.92513120787462
4,2.0,2580,4500,2.0,0,0,4,9,1850,730,1905,-122.316,2590,4100,13.748301808270824
3,2.5,1800,9000,2.0,0,0,3,7,1800,0,1983,-122.331,1670,8486,12.462650972930621
3,2.5,2620,78843,1.0,0,3,4,7,1310,1310,1964,-122.093,2330,130244,12.779873068457553
4,2.5,3700,63991,2.0,0,0,3,10,3700,0,1992,-122.051,3210,47215,13.707925347284336
3,1.0,870,5200,1.0,0,0,5,6,870,0,1969,-122.081,870,5200,12.083905011555967
5,3.0,3300,33474,1.0,0,3,3,9,1870,1430,1957,-122.21,3836,20953,14.224303456165114
5,5.5,5190,12637,2.0,0,2,3,11,5190,0,2001,-121.872,3840,12637,13.737549016494562
5,3.75,2380,7268,1.0,0,0,3,8,1430,950,2008,-122.357,2040,10810,13.208541073645382
2,1.0,1010,4050,1.0,0,0,3,7,1010,0,1950,-122.382,2310,5000,12.834681304952548
2,1.0,870,5700,1.0,0,0,4,6,870,0,1957,-122.17,1020,5700,11.918390573078392
3,2.0,1370,7500,1.0,0,0,3,7,1370,0,1997,-122.046,1420,7500,12.437184366493561
2,1.0,1160,7500,1.5,0,0,4,7,1160,0,1916,-121.916,1110,7500,12.65075846679162
4,2.5,2270,13449,1.0,0,0,4,9,1310,960,1975,-122.232,2810,13475,13.567049198665774
3,1.75,1200,8034,1.0,0,0,5,7,1200,0,1975,-122.18,1270,7600,12.400816722322686
4,1.0,1410,7693,1.5,0,0,4,7,1410,0,1953,-122.331,1330,8395,12.779873068457553
3,2.25,1860,4000,1.5,0,0,5,7,1020,840,1920,-122.267,1180,4000,13.256894270361935
3,2.5,2530,43733,2.0,0,0,3,8,1530,1000,1991,-121.708,1730,43548,13.025852477023484
3,1.0,1630,8146,1.0,0,0,3,7,1630,0,1952,-122.29,1480,8146,12.936033799212835
3,2.0,1790,42399,1.0,0,0,4,7,1790,0,1990,-122.134,1330,40015,12.542544882151386
4,2.5,2690,9551,2.0,0,0,3,9,2690,0,1992,-122.156,2890,9121,12.992254692057308
2,1.0,840,3840,1.0,0,0,4,7,840,0,1926,-122.378,1310,3840,13.005829561148378
4,3.0,1930,3031,1.0,0,0,3,7,1200,730,2006,-121.985,1930,2611,12.708891298894248
3,2.5,2750,37096,2.0,0,0,3,9,2750,0,1989,-122.023,2700,40091,12.834681304952548
3,2.5,1425,1179,3.0,0,0,3,8,1425,0,2008,-122.318,1285,1253,13.054084536651034
4,3.5,3500,4000,2.0,0,0,3,10,2560,940,2000,-122.299,1910,4000,13.861439489852675
2,1.75,1840,4076,1.0,0,0,3,8,1140,700,1957,-122.393,1540,4076,13.262125319779487
3,2.5,2010,3667,2.0,0,0,3,9,2010,0,2008,-122.015,2350,3600,13.312983737012978
3,2.5,2290,14374,2.0,0,0,3,8,2290,0,1983,-122.074,2290,33450,13.341498907321
4,1.75,1680,9966,1.0,0,0,3,7,1100,580,1977,-122.311,2400,10369,12.498742259492994
4,3.5,2530,3000,2.0,0,0,3,8,1850,680,2014,-122.336,1470,6000,12.853175887588712
3,2.5,1640,5097,2.0,0,0,3,7,1640,0,1969,-122.278,1880,6000,13.071070083016778
3,1.0,1250,9472,1.0,0,0,4,6,1250,0,1972,-122.154,1590,9600,12.449018824140563
3,1.75,1230,10725,1.0,0,0,3,7,1230,0,1980,-121.772,1250,10170,12.70381302974751
3,1.75,2880,18296,1.0,0,0,3,8,1580,1300,1958,-122.281,1380,9592,12.560244459250788
5,4.0,3760,28040,2.0,0,0,3,10,3760,0,1983,-122.183,3430,35096,13.840203170554645
3,2.25,1670,107157,1.0,0,0,3,7,1670,0,2007,-122.009,3310,108900,12.959844447906553
3,2.75,2170,7900,1.0,0,0,4,8,1380,790,1978,-122.277,2170,7700,12.599802497419917
2,1.0,1130,6908,1.5,0,0,3,6,1130,0,1945,-122.313,1150,6908,12.691580461311874
3,1.75,2040,12065,1.0,0,0,3,8,2040,0,1987,-122.044,2010,11717,12.84779494409793
4,1.75,2100,11942,1.0,0,0,3,7,1030,1070,1964,-122.356,1170,6986,12.815838217151068
3,1.5,1010,1546,2.0,0,0,3,8,1010,0,1971,-122.311,1010,1517,12.785488259637404
4,1.75,3720,8448,1.0,0,3,4,9,1960,1760,1947,-122.406,2540,7064,14.058456736574664
4,2.5,3320,38032,2.0,0,0,4,10,3320,0,1991,-122.036,3270,37804,13.5985975564007
2,1.75,2860,59612,1.0,1,4,3,8,1510,1350,1948,-122.389,2720,59612,13.128345449081877
2,1.0,910,9000,1.0,0,0,3,5,910,0,1923,-121.81,1290,9000,12.614865543731012
3,2.0,1690,6790,1.0,0,0,3,7,1360,330,1979,-122.38,1740,6790,12.409013489526863
2,1.0,1430,12092,1.0,0,0,4,7,1430,0,1938,-122.276,2320,10800,13.038981768465277
3,1.75,1640,13500,1.0,0,0,3,7,1110,530,1940,-122.304,1770,12600,13.017002861746503
3,1.75,1530,825,3.0,0,0,3,8,1530,0,2015,-122.308,1580,1915,13.122363377404328
4,2.5,3140,9225,1.0,0,2,5,9,1770,1370,1966,-122.226,2460,9600,13.267329147654515
4,2.5,2680,7513,2.0,0,0,3,8,2680,0,1998,-122.161,2640,7243,12.988831984779805
3,2.5,1550,12920,2.0,0,0,5,7,1550,0,1999,-122.194,2610,10800,13.193753373491
4,2.5,2570,7221,1.0,0,0,4,8,1570,1000,1958,-122.387,2440,7274,13.347105650082236
3,2.5,1940,37565,1.0,0,0,4,8,1940,0,1987,-122.063,2560,37565,13.122363377404328
4,2.5,3780,23623,2.0,0,0,3,9,3780,0,1997,-122.118,3370,10210,13.777600984891054
4,2.75,2520,12500,2.0,0,0,3,8,1720,800,1979,-122.064,2520,13000,13.139220494470752
3,2.0,1350,8587,1.0,0,0,3,7,1350,0,1998,-122.012,1350,8587,12.404923504275338
4,3.5,3130,3900,2.0,0,0,3,9,2550,580,2008,-122.327,1830,3900,14.14409462173648
3,1.0,1250,10200,1.0,0,0,3,6,1250,0,1965,-122.256,1800,8283,12.323855681186558
3,1.75,1260,15000,1.5,0,0,4,7,1260,0,1983,-122.153,2400,21715,12.228592166960045
3,2.5,1040,1032,3.0,0,0,3,7,1040,0,2007,-122.377,1290,1275,12.994530005894443
4,3.5,4220,196817,2.0,0,0,3,10,4220,0,1993,-122.187,2500,195395,13.592304504696857
3,2.25,1480,1026,3.0,0,0,3,8,1480,0,2014,-122.354,1570,1283,13.270783382522602
2,1.0,1300,6731,1.0,0,0,3,7,1300,0,1950,-122.395,1240,6731,12.729320789294722
2,1.0,1470,5400,1.5,0,0,3,8,1470,0,1912,-122.36,1760,3573,13.670484785914017
3,1.0,1110,5000,1.5,0,0,3,7,1110,0,1947,-122.359,1420,5000,13.235692062711331
2,2.5,2560,2500,2.0,0,0,5,8,1690,870,1901,-122.3,1890,5000,13.567049198665774
4,2.5,2020,3440,1.5,0,0,4,7,1480,540,1928,-122.376,1520,5080,13.203021280421783
4,2.5,3170,3862,3.0,0,0,3,8,3170,0,2008,-122.145,2840,4181,13.617059619240436
2,1.0,780,6000,1.0,0,0,5,6,780,0,1923,-122.208,1080,6000,12.301382825334498
4,2.0,1610,8000,1.0,0,0,3,7,1190,420,1966,-122.118,1560,7896,13.173056491719846
4,3.5,3370,3634,2.0,0,0,3,9,2750,620,2007,-122.001,3200,3650,13.607255619143816
3,1.75,1510,7700,1.0,0,0,3,7,1510,0,1968,-122.194,1440,7416,12.997933299026151
3,2.5,2480,7480,2.0,0,0,3,9,2480,0,1992,-122.166,2480,7480,13.180632285528304
3,2.5,1730,4924,2.0,0,0,3,8,1730,0,1996,-122.005,1610,4313,13.082957047025236
2,2.5,3180,9400,2.0,0,4,5,10,2610,570,1985,-122.158,3760,9450,14.160234370783252
4,2.5,2390,7056,2.0,0,0,3,9,2390,0,1990,-122.264,2590,7801,12.793859310432293
5,2.25,1790,10300,1.0,0,0,3,7,1270,520,1961,-122.292,1790,10300,12.923790480024325
4,2.5,2880,213444,1.0,0,0,5,8,2140,740,1984,-122.109,2810,213444,13.270697171910022
3,1.0,1660,7210,1.0,0,0,3,7,1100,560,1963,-122.281,1660,7245,12.323855681186558
4,4.25,4720,21000,3.0,0,4,5,11,4720,0,1971,-122.376,3010,20000,14.237504968023648
4,2.5,3030,3841,3.0,0,0,3,9,3030,0,2005,-122.369,1080,4922,13.687677186454389
4,2.5,2150,7670,1.0,0,0,5,7,1240,910,1976,-122.189,1610,7350,12.751009798924933
4,1.75,2120,4650,1.0,0,1,3,7,1190,930,1951,-122.4,2070,6487,13.274225726713574
4,2.5,2906,5893,2.0,0,0,3,9,2906,0,2014,-122.192,2680,4950,12.944181241374638
3,2.5,2040,3810,2.0,0,0,3,8,2040,0,2006,-122.0,2370,4590,12.248332006544095
2,2.5,1233,1244,2.0,0,0,3,7,963,270,2007,-122.381,1230,1300,12.793859310432293
4,1.5,2220,12385,1.0,0,0,3,8,1270,950,1978,-122.185,2030,8831,13.030248088496522
2,2.25,2160,17861,2.0,1,4,4,9,2160,0,1956,-122.385,2660,18530,13.997832114758229
4,2.25,2450,34092,2.0,0,0,4,8,2450,0,1980,-122.049,2410,35378,13.432784936825598
4,2.5,2460,8029,2.0,0,0,3,9,2460,0,1989,-122.03,2420,7987,13.36648533510373
4,3.25,3730,4560,2.0,0,0,3,9,2760,970,2015,-122.33,1800,4560,13.296316684527767
2,1.0,950,4080,1.0,0,0,4,7,950,0,1924,-122.384,1120,4080,13.217673557208654
3,2.5,1670,8023,1.0,0,0,5,7,1170,500,1960,-122.117,1960,8964,13.453104939316557
2,2.25,1390,916,2.0,0,0,3,8,1165,225,2007,-122.314,1415,1488,13.345506928718539
3,1.5,1240,7735,1.0,0,0,4,7,1240,0,1957,-122.122,1260,7500,13.16733674304706
3,2.25,1750,9298,1.0,0,0,4,7,1410,340,1969,-122.164,1720,7875,12.487485104968359
4,2.5,2130,9013,2.0,0,0,3,8,2130,0,1988,-122.273,2350,8982,12.644327576461329
4,2.75,2080,9600,1.0,0,0,3,8,1240,840,1979,-122.235,1880,9525,12.985397522331171
2,1.5,1150,3927,2.0,0,0,3,7,1150,0,1982,-122.162,1400,3425,12.611537753638338
5,1.75,2330,6450,1.0,0,1,3,8,1330,1000,1958,-122.367,2330,8258,13.049792684569493
2,1.0,910,2002,1.5,0,0,3,6,910,0,1900,-122.306,1190,1208,13.304684934198283
6,3.75,3160,5000,2.0,0,0,3,8,3160,0,1989,-122.384,1740,5000,13.651519957855044
3,2.0,1360,8752,1.0,0,2,4,6,1360,0,1942,-122.208,2530,7680,13.545013310266594
4,3.5,5000,38012,2.0,0,0,3,11,3610,1390,2004,-122.036,3850,18054,14.187074114396758
4,2.25,2670,10050,1.0,0,0,4,8,1420,1250,1962,-122.28,2190,10050,12.524526376648708
3,2.75,2500,35245,1.0,0,0,3,7,1580,920,2000,-122.117,2060,153766,12.89395599641502
2,1.0,2120,6897,1.0,0,0,4,7,1060,1060,1923,-122.278,1900,4462,13.304684934198283
3,2.5,1870,1058,3.0,0,0,3,8,1380,490,2007,-122.345,1440,1136,13.244581010128577
3,1.0,1580,4000,2.0,0,0,3,8,1580,0,1905,-122.32,2190,4000,13.444446876573442
3,1.0,1480,7374,1.0,0,0,3,6,760,720,1954,-122.336,1480,8934,12.506177237980511
3,1.75,1890,9535,1.0,0,0,3,7,1210,680,1976,-122.223,2040,11108,12.74984936943585
4,2.25,2480,36974,2.0,0,0,4,9,2480,0,1973,-122.154,3160,35070,13.658856747918897
4,3.5,3060,4777,2.0,0,0,3,9,3060,0,2007,-122.0,3060,4935,13.514405465180353
4,3.25,3120,5000,2.0,0,0,3,9,2370,750,2005,-122.299,2520,6000,13.591116224748411
2,1.0,920,5850,1.0,0,0,4,6,920,0,1900,-122.304,1640,5476,12.560244459250788
3,2.5,1920,7415,2.0,0,0,3,7,1920,0,1989,-122.171,1930,7536,12.468436909997665
4,2.5,1750,6397,2.0,0,0,3,7,1750,0,1988,-122.358,1940,6502,12.506177237980511
3,2.5,1460,7936,2.0,0,0,3,7,1460,0,1995,-122.017,1830,7936,12.594730635321957
6,3.0,2020,4129,1.0,0,0,3,7,1230,790,1994,-122.324,2080,4080,13.304601597392535
4,1.75,1320,4978,1.0,0,0,4,7,940,380,1942,-122.379,1260,4693,12.948009990259552
3,1.75,1720,9775,1.0,0,0,3,8,1720,0,1978,-122.286,1970,8400,12.037653993905211
3,1.75,1780,8085,1.0,0,0,3,7,1210,570,1976,-122.197,1780,8085,13.075271769870477
3,2.5,2850,19593,1.5,1,4,3,10,1790,1060,1978,-122.111,2850,18782,14.28551418721001
3,1.0,940,10875,1.0,0,0,3,7,940,0,1957,-122.168,1250,11200,12.345834587905333
2,1.0,770,5040,1.0,0,0,3,5,770,0,1930,-122.299,1330,2580,12.959844447906553
3,2.5,3800,104979,2.0,0,0,3,8,3210,590,2005,-121.841,2040,109771,13.064734264567692
5,1.75,2150,7171,1.0,0,0,4,7,1460,690,1970,-122.176,1710,7300,12.54236629477704
4,2.5,1840,4593,2.0,0,0,3,7,1840,0,2010,-122.013,1740,3600,12.969212197910155
3,3.0,2840,206910,2.0,0,0,3,10,2840,0,1999,-122.063,2070,25067,13.579788224443204
4,1.75,1720,7455,1.0,0,0,4,7,1020,700,1963,-122.182,1720,7700,12.4130868149145
3,1.75,1550,3680,1.0,0,0,3,7,1050,500,1927,-122.36,1560,4000,13.180632285528304
3,1.5,1720,7119,1.5,0,0,4,7,1720,0,1952,-122.314,1590,7616,12.739637756265655
3,1.0,1120,6625,1.0,0,0,3,6,1120,0,1942,-122.332,1120,6794,12.341258918085241
4,4.0,5040,17208,1.0,0,0,5,10,2870,2170,1976,-122.188,4050,18647,14.862829552244833
5,3.0,2520,13001,2.0,0,1,3,8,2010,510,1973,-122.114,2170,8215,13.415032991367148
2,2.5,2210,4440,2.0,0,0,4,8,1440,770,1931,-122.3,1560,4920,13.617059619240436
5,2.25,2540,3750,1.5,0,0,4,7,1510,1030,1925,-122.299,1780,3750,13.399995114002609
3,2.0,1540,67756,1.0,0,0,3,7,1540,0,1900,-122.078,2060,67756,13.017002861746503
3,2.25,1420,13468,1.0,0,0,3,7,960,460,1976,-122.176,1480,10980,13.017002861746503
5,3.5,3990,10120,2.0,0,0,3,9,2820,1170,1990,-122.208,2750,9622,13.38472764187182
4,5.0,6055,21630,1.0,0,3,4,12,3555,2500,1996,-122.112,4890,19223,14.380824367014334
4,2.5,1940,3200,2.0,0,0,3,8,1940,0,2004,-122.118,1900,3200,12.84792653170257
3,1.0,1030,10480,1.0,0,0,4,7,1030,0,1954,-122.139,1480,12200,12.892950213076524
4,1.0,1450,6250,1.0,0,0,3,6,990,460,1964,-122.357,1440,4000,12.531772785169476
4,1.75,2040,6348,1.0,0,0,3,7,1020,1020,1962,-122.336,1770,5047,13.219490088135052
3,1.75,2390,30409,1.0,0,0,3,7,1560,830,1953,-122.296,1750,13500,12.721885810807203
3,2.5,2520,10012,2.0,0,0,3,10,2520,0,1987,-122.051,2680,10071,13.487006490992238
4,2.25,2470,7447,2.0,0,0,3,8,2470,0,1984,-122.286,2270,7400,13.244581010128577
4,2.5,2870,6658,2.0,0,0,3,8,2870,0,2004,-121.878,2770,6658,13.242809530480196
4,3.5,3810,13592,1.0,0,1,3,9,2560,1250,2013,-122.2,3230,9311,13.641038116113718
3,1.0,1560,3960,1.5,0,0,4,7,1560,0,1907,-122.301,1280,3960,13.296316684527767
4,1.5,1310,137214,1.5,0,0,4,7,1310,0,1926,-122.316,1310,9450,12.676076274775909
3,2.25,2470,10290,2.0,0,0,3,8,2230,240,1984,-122.124,1970,10150,12.765688433465597
2,1.0,980,2130,1.0,0,0,4,6,860,120,1918,-122.366,980,2800,12.89921982609012
2,1.75,1290,6600,1.0,0,2,3,7,870,420,1951,-122.39,2380,7370,13.259164418896473
3,1.75,1590,41550,1.5,0,0,3,6,1290,300,1933,-122.28,2990,6464,12.59642411582829
4,2.5,2300,7500,1.0,0,3,2,7,1650,650,1959,-122.33,2300,7500,12.63827705082796
2,1.5,1030,4500,1.0,0,0,3,7,830,200,1924,-122.352,1250,4000,13.296316684527767
5,2.5,2070,4698,2.0,0,0,3,7,2070,0,1999,-122.024,2010,4698,12.729320789294722
4,2.5,2020,32710,1.0,0,0,3,7,1070,950,1941,-122.33,1340,17700,12.736700896592344
2,1.0,700,8301,1.0,0,0,3,6,700,0,1953,-122.323,1250,8304,12.421184025147118
5,1.75,2840,12870,2.0,0,2,4,7,2840,0,1925,-122.235,2170,9612,12.751299696013497
3,3.5,3820,145054,2.0,0,3,3,9,2870,950,1999,-121.736,2500,95950,13.62918097977278
2,2.5,3010,16050,1.0,0,3,4,9,1260,1750,1976,-122.16,3010,11612,13.813668863084903
3,1.0,1790,11884,1.0,0,0,3,7,1790,0,1951,-122.22,1660,11513,12.468436909997665
4,1.75,2100,4400,1.5,0,0,5,7,1720,380,1924,-122.266,1850,4400,13.005829561148378
3,3.5,3190,6776,2.0,0,0,3,10,3190,0,1998,-122.064,3230,7189,13.567049198665774
4,3.25,3090,67518,2.0,0,0,3,10,3090,0,1988,-122.046,3200,65775,13.645907773578093
5,2.0,2120,137565,1.5,0,0,3,7,2120,0,1913,-122.507,2120,157123,12.987688474077727
4,2.25,3140,12150,2.0,0,0,3,9,3140,0,1979,-122.047,2370,12054,13.527828485512494
3,1.75,1330,8136,1.0,0,0,4,7,1330,0,1977,-122.173,1330,8136,13.17115354157376
4,2.5,2110,8990,2.0,0,0,3,8,2110,0,1977,-122.127,2040,8800,12.468436909997665
5,2.0,2120,2400,1.0,0,0,4,6,1080,1040,1906,-122.297,1690,4400,12.793859310432293
3,2.25,1410,1340,2.0,0,0,3,8,1370,40,1967,-122.113,1730,2748,12.765688433465597
3,2.5,1570,1551,3.0,0,0,3,8,1570,0,2008,-122.341,1570,1705,12.935913310026594
3,2.5,1430,1002,3.0,0,0,3,8,1430,0,2002,-122.349,1430,1530,12.762827201184564
3,1.75,1770,8050,1.0,0,0,4,7,1020,750,1963,-122.118,2000,7875,13.195613839143922
4,2.75,2310,5650,1.0,0,2,3,8,1330,980,1952,-122.252,2300,5650,13.017002861746503
2,1.0,920,5000,1.0,0,0,4,6,490,430,1949,-122.338,1500,5000,12.54361573715288
3,2.25,1590,9425,1.0,0,0,3,7,1170,420,1985,-122.16,1590,9394,12.535376392672774
3,1.75,1390,8700,1.0,0,3,4,7,840,550,1912,-122.202,1390,10875,12.545931996540345
3,2.0,1550,15040,1.0,0,0,4,6,1550,0,1958,-122.099,1510,41416,12.429016176841717
5,2.5,3860,42733,1.0,0,3,4,8,2300,1560,1955,-122.254,2520,19353,12.971540487669746
3,1.0,1510,4178,2.0,0,0,3,8,1510,0,1902,-122.335,2140,4916,13.591116224748411
2,1.0,1110,26051,1.0,0,0,3,6,1110,0,1951,-122.291,2240,12255,12.429216196844383
4,2.5,3040,6425,2.0,0,0,3,8,3040,0,2008,-122.117,3040,7800,13.561907799165356
4,3.0,3810,217800,2.0,0,0,3,9,3810,0,2003,-122.021,2580,217364,13.710150042306449
4,3.5,3010,3600,2.0,0,0,3,9,2370,640,1999,-122.284,2650,4200,14.0623706358958
3,1.5,1140,15890,1.0,0,0,3,7,840,300,1985,-121.757,1200,15247,12.721885810807203
3,1.75,1430,39160,1.0,0,0,3,7,900,530,1925,-121.801,1430,40860,12.538967060803502
3,2.25,2180,11100,1.0,0,0,5,8,1700,480,1979,-122.176,2350,11397,12.936033799212835
4,1.75,1590,10523,2.0,0,0,4,7,1590,0,1922,-122.342,1610,8568,12.827992316801751
3,2.0,2360,4800,2.0,0,0,3,9,2360,0,1909,-122.312,2260,4800,14.377979414882104
5,2.75,1510,5700,2.0,0,1,4,7,1510,0,1946,-122.27,2190,5700,13.815510557964274
3,2.5,2490,24691,1.0,1,4,4,9,1580,910,1961,-122.364,2800,24121,13.959610901938031
4,1.75,2440,8100,1.0,0,0,4,9,1620,820,1960,-122.361,2030,8100,13.262125319779487
4,2.25,1940,10200,1.0,0,0,3,7,1360,580,1960,-122.283,1940,10200,12.682306824526545
4,2.5,2520,8515,2.0,0,0,3,7,2520,0,1999,-121.959,2130,6930,13.017002861746503
3,2.5,2320,57063,1.0,0,0,4,9,1790,530,1979,-122.056,3290,7314,13.249876697703288
3,1.5,1190,8100,1.0,0,0,3,7,830,360,1947,-122.311,1256,8100,12.959844447906553
4,2.75,1940,6555,2.0,0,0,3,8,1940,0,1990,-122.041,1840,6912,12.8790171187726
3,2.5,3350,4007,2.0,0,0,3,8,2550,800,2005,-122.207,2340,4167,13.36138027787483
4,2.5,2623,7184,2.0,0,0,3,8,2623,0,2012,-122.202,2010,4939,12.71589776896258
5,1.5,2520,5753,1.5,0,0,4,7,1510,1010,1928,-121.997,1620,6875,12.429216196844383
4,2.75,4030,10240,2.0,0,2,3,8,3310,720,1943,-122.365,2490,7680,13.635187003832993
3,1.75,1890,32340,1.5,0,3,3,8,1890,0,1976,-122.439,1890,40180,13.005829561148378
4,2.25,3180,9600,2.0,0,0,3,10,3180,0,1984,-122.045,2840,10739,13.493926933836812
3,2.5,2390,15669,2.0,0,0,3,9,2390,0,1991,-122.193,2640,12500,13.399995114002609
3,1.75,1400,7735,1.0,0,0,4,7,1400,0,1989,-122.04,1530,7754,12.505992035646432
2,1.0,1760,5250,1.0,0,2,4,7,1000,760,1951,-122.379,1760,5400,13.102160670086809
2,1.75,1160,6828,1.0,0,0,3,7,860,300,1941,-122.298,1250,6828,13.035715570678656
2,1.0,960,6250,1.0,0,0,4,6,740,220,1940,-122.375,1090,6000,12.983101310070822
5,1.75,2020,7902,1.0,0,0,3,7,1220,800,1962,-122.327,2220,8819,12.409013489526863
4,2.5,2640,4725,2.0,0,0,3,8,2640,0,2014,-122.017,2370,4725,12.87266278904011
3,1.0,1260,3230,1.5,0,0,3,7,1260,0,1907,-122.369,1700,3500,13.091904169919621
3,2.25,1720,9435,1.0,0,0,4,7,1220,500,1978,-122.377,1690,7215,12.254862809699606
5,1.75,2000,10246,1.0,0,2,3,7,1200,800,1953,-122.246,2340,9030,13.049792684569493
3,2.5,2370,6840,2.0,0,0,3,9,2370,0,1987,-122.366,1590,4400,12.61327956912993
3,1.75,1420,7920,1.0,0,0,4,7,1420,0,1962,-122.188,1420,7920,12.367340793126296
4,1.75,2520,10890,1.0,0,0,3,7,1260,1260,1979,-122.343,2090,12375,12.513557345278134
5,2.0,1430,5600,1.5,0,0,3,6,1430,0,1947,-122.266,1860,5980,12.994530005894443
4,1.75,1850,8580,1.0,0,0,3,7,1140,710,1960,-122.24,2210,9240,12.66032791780777
5,4.25,4110,42755,2.0,0,2,3,10,2970,1140,2000,-122.337,2730,12750,13.506264307596652
3,1.0,1230,7020,1.0,0,0,3,7,1090,140,1924,-122.39,1390,5850,12.92391243868049
3,1.75,1740,6220,1.0,0,0,4,6,1740,0,1954,-122.362,1630,8418,12.886641043883259
4,2.0,1650,5000,1.0,0,0,3,7,1650,0,1955,-122.374,1690,2276,13.262125319779487
3,3.25,1210,1173,2.0,0,0,3,8,1000,210,2002,-122.356,1650,1493,12.745485726148077
4,2.0,1930,6600,1.0,0,0,4,7,1030,900,1967,-122.332,1220,6600,12.498742259492994
3,2.5,2050,5694,2.0,0,2,3,8,2050,0,2004,-121.855,2680,7187,13.032438669876342
3,1.0,1570,9136,1.0,0,0,3,7,1570,0,1953,-122.337,1380,9127,12.706847933442663
3,1.75,2840,16851,1.0,0,3,3,8,1600,1240,1950,-122.287,2650,11063,12.994530005894443
4,2.5,2730,4847,2.0,0,0,3,9,2730,0,2008,-122.374,1250,4840,13.383187995686226
2,2.0,1370,1339,2.0,0,0,4,8,1150,220,2006,-122.295,1370,1339,13.01293906012304
3,1.75,2120,11340,1.0,0,3,4,7,1060,1060,1966,-122.329,1830,8650,12.815838217151068
4,2.5,2080,5191,2.0,0,0,3,8,2080,0,2001,-122.017,2170,5518,13.306350213517344
3,1.0,990,8255,1.0,0,0,3,7,990,0,1953,-122.331,1180,9750,12.160028707028767
3,1.75,1458,858,2.0,0,0,3,8,950,508,2014,-122.293,1458,3000,13.337474757021274
4,2.5,1540,1870,2.0,0,0,3,8,1540,0,2014,-121.999,1540,1619,13.091900046199777
3,2.5,2910,10044,2.0,0,0,4,10,2910,0,1989,-122.199,2420,12287,14.150553201775892
6,4.0,3120,4240,2.0,0,2,4,7,2090,1030,1993,-122.353,1460,4240,12.66032791780777
2,1.0,1150,5695,1.0,0,0,4,6,1150,0,1958,-122.171,1150,5695,12.100712129872347
3,3.0,1850,19966,1.0,0,0,4,7,1090,760,1992,-122.034,1410,6715,12.567934116156206
3,2.5,2550,7709,2.0,0,0,3,9,2550,0,1989,-122.391,2410,9250,12.762827201184564
3,1.5,1480,21320,1.0,0,0,4,7,1480,0,1967,-122.043,1850,17825,12.819364600840654
3,1.0,1160,8320,1.0,0,0,4,7,1160,0,1959,-122.288,1480,7800,12.213544660368875
4,1.75,2360,6000,1.0,0,0,3,7,1280,1080,1955,-122.357,1700,3460,13.458835614025542
2,1.0,910,6282,1.0,0,0,4,7,910,0,1939,-122.354,970,6281,12.928778628331663
4,4.5,5030,11023,2.0,0,2,3,11,3250,1780,2008,-122.236,3640,11490,14.71159858252091
3,1.0,1460,5000,1.0,0,0,4,7,1460,0,1934,-122.32,1790,4000,12.886641043883259
5,3.5,4180,17935,2.0,0,0,3,11,4180,0,2004,-122.202,2950,13760,14.450339829199704
3,1.0,1270,16800,1.0,0,0,4,7,1270,0,1957,-122.276,1700,10200,12.445089546000673
3,1.0,1340,7260,1.5,0,0,3,6,1340,0,1944,-122.237,1210,7260,12.205822614274965
4,3.25,2400,29252,2.0,0,0,4,8,2400,0,1982,-122.131,2280,45000,13.279367126213993
3,3.25,1460,1367,3.0,0,0,3,8,1460,0,2008,-122.334,1310,1191,13.308012724290958
4,2.5,2550,7200,2.0,0,2,3,7,2550,0,2003,-122.18,2560,5715,12.946818804889398
3,1.5,2000,7294,1.0,0,0,3,7,1520,480,1965,-122.267,2000,6000,12.834681304952548
4,2.5,2870,5118,2.0,0,0,3,9,2870,0,2006,-121.99,2940,4800,13.493926933836812
3,1.75,1340,3850,1.0,0,0,4,7,1340,0,1960,-122.292,1540,7645,12.86099861326992
3,1.75,1680,7455,1.0,0,0,4,8,1680,0,1968,-122.378,2040,8214,12.332705296463539
5,1.5,1930,7480,2.0,0,0,3,7,1930,0,1966,-122.157,1480,7705,12.506177237980511
4,2.0,1410,4480,1.5,0,0,3,8,1410,0,1927,-122.344,1240,3400,13.345506928718539
3,3.0,2960,5500,2.0,0,2,3,10,2440,520,1937,-122.402,2960,5876,14.108180171927094
4,2.5,3890,34513,2.0,0,0,3,10,3890,0,1996,-122.048,3600,28435,13.560618308335483
4,2.5,3880,14550,2.0,0,0,3,10,3880,0,1987,-122.04,3240,14045,13.544095457976365
3,2.0,1600,9638,1.0,0,0,5,7,1600,0,1952,-122.224,1800,11400,13.573438996764546
3,1.5,1800,9216,1.0,0,0,4,7,1800,0,1950,-122.249,1400,10022,12.375815420117268
3,1.0,1250,8000,1.0,0,0,3,7,1250,0,1956,-122.337,1040,6973,12.366915170647005
3,1.75,1760,8400,1.0,0,0,4,8,1460,300,1960,-122.39,1980,8400,13.42984807715229
3,1.0,1210,8000,1.0,0,0,3,6,1210,0,1954,-122.314,1430,8000,12.301155526776865
2,1.75,1840,14874,1.0,0,2,3,8,1300,540,1952,-122.348,2920,15084,12.971540487669746
3,2.0,1460,10311,1.0,0,0,4,7,1460,0,1975,-122.156,1690,9679,13.02915099568215
2,1.0,770,2971,1.0,0,2,3,7,770,0,1923,-122.322,1440,4000,12.917796211663054
2,1.0,1160,5750,1.0,0,0,4,6,1160,0,1924,-121.829,1160,8250,12.245293358683455
4,1.5,1660,6617,1.0,0,0,5,7,1660,0,1947,-122.323,950,7440,12.897969044188466
3,2.5,2510,4106,2.0,0,0,3,9,2510,0,2003,-121.994,2470,4106,13.458764182902971
3,3.0,2630,4972,2.0,0,0,3,9,2630,0,2006,-122.133,2880,4972,13.503236567852216
3,3.25,1720,1977,2.0,0,0,3,8,1360,360,2007,-122.299,1720,3420,13.213117740672793
4,2.75,2960,5040,2.0,0,3,3,9,2210,750,1952,-122.408,2270,5500,13.661776458022231
4,2.5,3400,6742,2.0,0,0,3,9,3400,0,2004,-122.129,2970,6909,13.591116224748411
4,2.5,2610,5562,2.0,0,0,3,9,2610,0,2013,-122.169,2720,7400,13.321804226005671
2,1.0,1060,6120,1.0,0,0,3,7,1060,0,1908,-122.329,1730,4080,13.624350052503114
4,2.5,1970,8545,2.0,0,0,3,8,1970,0,2004,-122.138,2590,7200,12.989974189358584
5,1.75,1770,15525,1.0,0,0,4,7,1770,0,1959,-122.142,1370,10395,12.206072645530174
3,2.75,1850,9600,1.5,0,0,5,7,1850,0,1965,-122.226,1250,10500,13.100526682795154
3,1.0,1140,27760,1.0,0,0,4,6,1140,0,1981,-121.972,1690,87300,12.404103496029308
4,3.5,4670,6000,2.0,0,3,3,11,3820,850,2007,-121.994,4310,6000,14.02900773222668
3,2.0,1270,1320,3.0,0,0,3,8,1270,0,2006,-122.342,1370,1320,12.821123140353697
5,2.75,2130,6222,1.0,0,0,3,7,1300,830,1991,-122.276,2130,6222,12.691580461311874
3,2.25,1740,7345,1.0,0,0,3,7,1380,360,1973,-122.285,1770,8250,12.506177237980511
3,2.5,1810,5192,2.0,0,0,3,8,1810,0,1993,-122.042,1810,6200,12.744026936684417
2,1.0,930,6600,1.0,0,0,3,6,930,0,1957,-122.33,1250,6600,12.332485007884612
3,1.75,1420,8738,1.0,0,0,4,7,1420,0,1966,-122.207,1660,8738,12.363076394339839
4,2.5,2330,9928,2.0,0,0,3,8,2330,0,1998,-121.783,2430,8175,13.062613372998555
3,1.75,2380,6000,1.5,0,0,3,7,1320,1060,1935,-122.222,1290,6000,12.560244459250788
3,2.5,1770,3744,1.5,0,0,3,7,1270,500,1929,-122.364,1400,4680,13.373903113634826
3,3.0,1720,70567,1.0,0,2,5,7,1720,0,1966,-122.069,2740,70567,13.218378763038016
5,3.25,3250,14342,2.0,0,4,4,8,3250,0,1968,-122.116,2960,11044,13.765269341527528
3,2.5,1860,5025,2.0,0,0,3,8,1860,0,2010,-122.059,2000,5550,12.594391594803367
2,1.0,1060,7868,1.0,0,0,3,7,1060,0,1952,-122.295,1530,10728,12.594561129431222
3,2.5,1320,3150,2.0,0,0,3,7,1320,0,2005,-122.282,1390,1725,12.611371073081239
3,3.25,1530,1612,3.0,0,0,3,8,1530,0,2006,-122.378,1530,1611,13.31710745419684
3,2.5,2620,6842,2.0,0,0,3,7,2620,0,2002,-122.037,2280,4800,13.36138027787483
4,2.5,3010,9155,2.0,0,0,3,9,3010,0,2005,-122.027,3010,5762,12.945626198904275
4,5.0,4630,24054,2.0,0,3,3,11,4630,0,2005,-121.966,4630,17584,14.169682371684887
3,2.5,2340,10005,1.0,0,0,4,8,1460,880,1978,-122.133,2250,8162,12.834681304952548
3,2.5,1509,1114,3.0,0,0,3,8,1509,0,2014,-122.34,1509,2431,12.948009990259552
4,2.5,2420,11481,1.0,0,0,3,8,1370,1050,1985,-122.318,2290,8985,12.751299696013497
5,2.75,2980,13482,1.0,0,0,4,8,1730,1250,1975,-122.16,2900,14800,12.765688433465597
3,2.25,1400,31626,1.0,0,0,2,7,1140,260,1987,-122.069,1680,35093,12.66032791780777
3,2.5,1480,7200,2.0,0,0,5,7,1480,0,1995,-122.023,1350,7200,12.4529327234617
3,1.0,1190,9486,1.0,0,0,4,7,1190,0,1953,-122.339,2100,10400,12.834681304952548
4,2.5,2840,8820,1.0,0,2,5,8,1420,1420,1952,-122.265,2310,8750,13.609715644984677
4,2.75,3710,7984,2.0,0,0,3,9,3710,0,1999,-121.868,2950,7984,13.44806351704363
3,1.0,1920,6710,1.0,0,0,3,7,1320,600,1959,-122.286,1810,5600,12.765688433465597
4,2.75,3540,5500,2.0,0,0,3,9,3540,0,2014,-122.056,3540,5500,13.69784126583885
3,2.5,2820,7200,1.0,0,3,3,9,1780,1040,1979,-122.388,2300,7200,13.465953081794405
3,1.0,1630,10304,1.0,0,0,5,7,1630,0,1953,-122.317,1480,8515,12.89921982609012
4,2.75,2620,6707,2.0,0,0,3,9,2620,0,2000,-122.038,2590,6530,13.418757390458131
3,1.0,970,9600,1.0,0,0,3,7,970,0,1972,-121.768,1110,9600,12.396693005138824
3,1.75,1250,10122,1.0,0,0,3,7,1250,0,1994,-122.001,1980,10175,12.441144767709657
5,2.5,2360,11375,1.0,0,0,4,7,1180,1180,1962,-122.255,1160,7800,12.666657052859417
3,2.5,2470,7700,2.0,0,0,4,8,2470,0,1990,-122.17,2400,7700,12.80765263256463
3,2.5,2020,11935,1.0,0,0,4,9,2020,0,1976,-122.092,2410,12350,13.235692062711331
4,2.75,3190,9023,2.0,0,0,3,9,3190,0,2005,-121.989,3159,5615,13.527828485512494
3,1.75,1480,7475,1.5,0,0,3,8,1480,0,1943,-122.272,2120,7216,13.393916067926225
3,2.5,1660,7388,2.0,0,0,3,7,1660,0,2003,-122.027,2240,6228,12.538967060803502
3,1.75,1570,15500,1.0,0,0,4,7,1570,0,1968,-122.122,1610,7500,13.226723392728571
4,1.75,2130,5080,1.5,0,0,3,8,2130,0,1914,-122.363,1900,5080,13.769990042662466
4,1.0,1730,177657,1.5,0,0,3,5,1730,0,1948,-121.829,1400,45175,12.611537753638338
3,2.0,1230,6802,1.5,0,0,3,7,1230,0,1940,-122.279,1850,6398,13.226116001096408
4,3.5,4680,9700,2.0,0,0,3,10,3360,1320,2005,-122.165,2800,12343,13.963930563082547
4,2.5,2810,4500,2.0,0,0,3,9,2810,0,2014,-122.023,2980,5046,13.158463843029052
3,1.0,1290,47044,1.0,0,0,3,7,1150,140,1968,-121.998,1960,49658,13.017002861746503
5,2.5,3470,12003,2.0,0,0,3,8,3470,0,1978,-122.048,2220,12283,13.303016877097587
3,1.5,1200,9720,1.0,0,0,4,7,1200,0,1965,-122.153,1380,10284,12.398756989359676
4,2.5,2330,45860,2.0,0,0,3,9,2330,0,1989,-121.992,2930,5020,13.279367126213993
3,1.0,1200,5404,1.0,0,0,3,6,1200,0,1937,-122.368,1200,5987,12.834681304952548
3,2.5,1770,9450,1.0,0,0,3,8,1770,0,1988,-122.272,2200,8582,12.577463773304586
2,1.75,1620,4879,1.0,0,0,3,7,1040,580,1924,-122.385,1500,5000,13.265597545490236
4,2.5,2380,4913,2.0,0,0,3,8,2380,0,2006,-122.038,2580,5311,12.860868734706196
3,2.25,1900,7479,2.0,0,0,4,7,1900,0,1992,-122.037,1520,6559,12.66349749256905
3,2.0,1010,21340,1.0,0,0,3,8,1010,0,1980,-122.043,1700,13045,12.777052192115912
2,1.0,680,2550,1.0,0,0,4,5,680,0,1901,-122.388,1120,5100,12.80765263256463
3,1.0,960,15273,1.0,0,0,4,7,960,0,1963,-122.039,1930,51400,12.211060187041213
4,2.25,2850,7453,2.0,0,0,3,9,2850,0,1991,-122.174,2700,8468,13.199324418540456
3,2.5,3970,263538,1.5,0,0,3,9,3970,0,1991,-121.952,3970,194676,13.878485357125662
3,2.0,2110,5150,1.0,0,0,5,6,1080,1030,1919,-122.271,1170,5107,13.154249566266651
3,1.5,1370,9800,1.0,0,0,5,7,1370,0,1968,-122.27,1370,9800,12.41673867533327
5,4.5,4820,13165,2.0,0,0,4,11,3950,870,1990,-122.057,3880,13810,13.876605657324085
3,1.0,1060,10350,1.0,0,0,4,7,1060,0,1980,-122.028,1500,9660,12.235631447771718
3,1.0,890,8400,1.0,0,0,4,6,890,0,1954,-122.204,1850,5565,12.553202176625375
5,1.0,1690,3240,1.5,0,0,3,7,1690,0,1914,-122.325,1230,4500,13.207623221355153
4,2.5,3130,5200,2.0,0,0,3,7,3130,0,2005,-122.098,3020,5200,12.676076274775909
5,2.0,1210,12538,2.0,0,0,3,7,1210,0,1982,-122.361,1510,7700,12.345834587905333
3,3.5,1690,1432,2.0,0,0,3,7,1360,330,2008,-122.4,1650,2788,13.120361374733656
4,1.0,1660,4704,1.5,0,0,3,7,1260,400,1930,-122.32,1360,5413,13.215489355393812
3,2.25,2270,8876,1.0,0,0,3,7,1380,890,1977,-122.176,2150,7455,12.712890247898626
3,2.5,2610,5845,2.0,0,0,3,8,2610,0,2005,-122.142,2810,5000,13.151922179645874
3,1.0,1500,9416,1.0,0,0,4,8,1500,0,1952,-122.332,1440,7200,13.072122160967583
3,2.5,2330,4160,2.0,0,0,4,8,2330,0,1992,-122.109,2940,4500,13.369067193127552
4,3.0,3060,5000,2.0,0,0,3,8,3060,0,2001,-122.126,3060,5668,12.896716695872
2,2.75,2090,23962,2.0,0,3,4,8,2090,0,1988,-122.44,1820,32340,13.383187995686226
4,1.75,1600,6380,1.0,0,0,3,8,1130,470,1959,-122.306,1090,6380,13.112313041550827
3,2.5,1580,4698,2.0,0,0,3,7,1580,0,1998,-122.025,2070,4698,12.691580461311874
2,1.0,970,12500,1.0,0,0,3,6,970,0,1941,-122.33,1280,6250,12.47227568630483
5,3.5,3220,8000,2.0,0,0,3,9,2900,320,2008,-122.2,2100,9680,14.001990124906893
3,2.5,2000,7205,2.0,0,0,3,8,2000,0,1998,-122.302,2180,7611,12.691580461311874
3,2.5,1680,4584,2.0,0,0,3,7,1680,0,2003,-122.182,2160,4621,12.676076274775909
3,1.0,990,10800,1.0,0,0,4,6,990,0,1959,-122.215,1060,10364,12.240474072247506
4,2.75,2460,3600,2.0,0,0,3,8,1640,820,1907,-122.297,1890,3600,13.473020249017498
3,1.5,1270,1413,3.0,0,0,3,8,1270,0,2007,-122.317,1270,1413,12.994530005894443
3,2.25,2120,13090,1.0,0,0,3,8,2120,0,1997,-122.219,1400,12039,12.736700896592344
3,1.75,1680,7250,1.0,0,0,3,7,930,750,1952,-122.35,1340,7250,12.66032791780777
3,1.0,1640,6180,1.0,0,0,4,7,1640,0,1946,-122.284,1540,6180,13.17115354157376
4,2.0,2320,7400,1.5,0,0,5,7,1620,700,1913,-122.269,1740,4000,13.409900439342593
4,1.75,2100,7960,1.0,0,0,3,8,1340,760,1955,-122.195,2060,7960,13.507625778194974
3,1.0,1360,9310,1.0,0,0,4,7,1020,340,1980,-122.185,1480,8330,12.345834587905333
4,2.5,2400,6078,2.0,0,0,3,8,2400,0,2001,-122.285,2406,7642,12.608198852372823
3,2.5,2550,6021,2.0,0,0,3,7,2550,0,2002,-122.211,2080,6021,12.774223335915433
