bedrooms,bathrooms,sqft_living,sqft_lot,floors,waterfront,view,condition,grade,sqft_above,sqft_basement,yr_built,lat,long,sqft_living15,price_ln
4,2.5,3300,101930,2.0,0,0,4,10,3300,0,1991,47.576,-121.976,2880,13.737549016494562
3,1.0,970,7790,1.0,0,0,3,6,970,0,1967,47.3165,-122.325,1150,12.296827008798639
3,2.25,2120,9804,2.0,0,0,3,7,2120,0,1994,47.3596,-122.16,2120,12.535376392672774
2,1.0,1080,4080,1.0,0,0,3,8,1080,0,1948,47.6899,-122.32,1890,13.091904169919621
3,2.0,1450,8771,2.0,0,0,4,7,1450,0,1991,47.1947,-121.989,1450,12.513189630620563
3,2.0,1680,8487,1.0,0,0,3,7,1680,0,1993,47.1959,-122.01,2080,12.628067055589549
3,1.0,1190,9000,1.0,0,0,3,7,1190,0,1968,47.77,-122.264,1960,12.499861036413716
2,1.0,860,4013,1.0,0,0,3,7,860,0,1925,47.6652,-122.338,1490,13.270783382522602
4,2.5,2130,3420,1.5,0,0,4,7,1730,400,1916,47.649,-122.336,1520,13.493926933836812
4,3.5,3860,6543,2.0,0,0,3,10,3860,0,2014,47.5934,-121.974,3760,13.710150042306449
3,1.75,2910,35200,1.5,0,0,3,8,2910,0,1979,47.5747,-122.035,2590,13.217673557208654
4,1.0,1190,7620,1.5,0,0,3,6,1190,0,1926,47.5281,-122.348,1060,12.65075846679162
4,3.0,3180,80837,2.0,0,0,3,11,3180,0,1985,47.7336,-122.134,3180,13.726242090206092
4,2.5,3200,12369,2.0,0,0,3,10,3200,0,1998,47.5273,-122.143,3770,13.494100711839987
3,2.0,1890,12017,1.0,0,2,3,8,1890,0,1949,47.6203,-122.21,2000,14.17318500223609
4,2.5,3020,13122,2.0,0,0,3,9,2540,480,1997,47.6989,-122.111,3020,13.527828485512494
5,2.0,1720,9972,1.0,0,0,4,8,1720,0,1951,47.6368,-122.218,2700,13.64709190633931
3,2.5,1600,26977,2.0,0,0,3,8,1600,0,2005,47.7736,-121.901,1790,12.706847933442663
3,1.0,1020,9835,1.0,0,0,5,7,1020,0,1955,47.5728,-122.179,1210,13.091904169919621
3,2.25,1640,3896,2.0,0,0,3,8,1640,0,1994,47.5689,-122.006,1780,13.077366011473593
3,2.75,1820,7517,1.0,0,0,3,9,1820,0,1997,47.5705,-122.406,2540,13.58609739363647
5,3.0,2680,8410,2.0,0,0,3,8,1810,870,1990,47.4401,-122.126,1860,12.834681304952548
2,2.0,1130,5500,1.0,0,0,4,6,1130,0,1941,47.3839,-122.225,1320,12.429216196844383
3,1.75,1420,7205,1.0,0,0,3,7,1420,0,1986,47.3555,-122.175,1690,12.167851432709975
3,1.0,1410,7854,1.0,0,0,4,7,1410,0,1971,47.7303,-122.192,1460,12.849241456283877
5,2.0,2190,9072,1.0,0,0,5,7,1110,1080,1965,47.6696,-122.149,1660,13.304684934198283
3,1.5,2540,2700,2.0,0,0,4,8,1630,910,1922,47.637,-122.361,2520,13.989463865087712
4,2.5,2050,4953,2.0,0,0,3,9,2050,0,2014,47.3448,-122.024,2340,12.855790268162783
2,2.0,1560,4675,1.0,0,0,3,8,1560,0,2006,47.7086,-122.019,1870,13.14020329553266
3,2.5,2620,9112,2.0,0,0,3,9,2620,0,1995,47.6972,-122.116,2620,13.51169910358261
3,1.75,1370,8006,2.0,0,0,3,7,1370,0,1990,47.258,-122.252,1530,11.982929094215963
4,2.5,2910,9000,2.0,0,0,3,9,2910,0,1989,47.5451,-122.142,2530,13.5985975564007
3,1.0,1290,9526,1.5,0,0,3,7,1290,0,1961,47.7111,-122.213,1290,12.679196402112153
3,1.5,1480,2700,1.5,0,0,3,7,1480,0,1928,47.623,-122.304,1970,13.66002565512388
3,2.5,2860,5805,2.0,0,0,3,9,2860,0,1999,47.6218,-122.16,2360,13.825460888817442
4,2.5,3030,6813,2.0,0,0,3,9,3030,0,1987,47.6296,-122.029,2310,13.231872276608467
3,1.75,1470,7590,1.0,0,0,3,7,1470,0,1988,47.6964,-122.362,1700,13.016891744462095
4,3.5,3100,2261,2.0,0,2,3,9,2250,850,1981,47.6512,-122.202,2660,14.069377281921325
2,1.0,900,57063,1.0,0,0,4,6,900,0,1938,47.4735,-121.786,1440,12.524526376648708
5,1.75,2320,8100,1.0,0,0,4,7,1160,1160,1956,47.4631,-122.341,1410,12.66032791780777
3,2.25,2520,7975,2.0,0,0,4,9,1550,970,1990,47.6704,-122.183,2520,13.623138665316818
1,1.0,480,4560,1.0,0,0,3,5,480,0,1922,47.5253,-121.826,890,12.043553716032399
3,2.25,1810,6750,1.0,0,0,3,7,1280,530,1978,47.2976,-122.377,1690,11.99535161421452
3,1.75,1630,15600,1.0,0,0,3,7,1630,0,1958,47.68,-122.165,1830,13.165422866864775
4,2.5,2200,3141,2.0,0,0,3,7,2060,140,1994,47.5726,-122.305,1660,13.049792684569493
3,1.75,1330,7482,1.0,0,0,4,7,1330,0,1975,47.7322,-122.207,1480,12.793859310432293
3,1.0,840,5525,1.0,0,0,5,6,840,0,1969,47.3607,-122.085,920,12.160028707028767
5,3.25,4500,9648,2.0,0,4,4,8,3000,1500,1968,47.7262,-122.282,2780,13.664687668229691
3,2.5,1940,8547,1.0,0,0,3,7,1460,480,1989,47.3491,-122.177,1750,12.491251587763836
2,0.75,1440,3700,1.0,0,0,3,7,1200,240,1914,47.6707,-122.364,1440,13.239435048990167
3,2.5,1950,5689,2.0,0,0,3,7,1950,0,2009,47.5158,-121.873,2190,12.959844447906553
3,1.0,1290,6859,1.0,0,0,4,7,1290,0,1941,47.5317,-122.387,1560,13.190022025878143
4,2.5,3470,20445,2.0,0,0,4,10,3470,0,1963,47.547,-122.219,3360,13.80949248563871
3,1.0,1350,8700,1.5,0,0,3,6,1350,0,1942,47.4497,-122.289,1300,12.450977688625896
4,3.25,4160,10335,2.0,0,0,3,10,4160,0,2014,47.6235,-122.192,1840,14.430696197054507
2,1.0,1120,4800,1.0,0,0,3,7,770,350,1926,47.5669,-122.372,1510,12.802158113246987
4,2.0,1750,8116,1.0,0,0,4,5,1750,0,1943,47.5097,-122.181,1440,12.203569515312056
3,1.0,1660,21514,1.0,0,0,4,7,1660,0,1973,47.2159,-121.964,1660,12.301382825334498
4,3.25,4290,12103,1.0,0,3,3,11,2690,1600,1997,47.5503,-122.102,3860,14.151982794585487
5,3.0,3340,10796,1.0,0,2,3,9,2120,1220,1964,47.5421,-122.229,3290,14.099184609018517
5,1.75,2250,8970,1.0,0,0,4,7,1500,750,1966,47.7217,-122.188,1940,12.873902018105829
3,1.0,1140,9639,1.0,0,0,4,7,1140,0,1967,47.3112,-122.265,1140,12.345834587905333
1,1.0,670,1800,1.0,0,0,5,6,670,0,1905,47.654,-122.35,1330,12.983101310070822
3,2.0,1550,2401,2.0,0,0,3,7,1550,0,1996,47.6545,-122.348,1550,12.994530005894443
5,2.75,2220,4000,1.0,0,0,3,7,1230,990,1973,47.5754,-122.305,1580,12.96453929221076
3,1.75,1540,6687,1.0,0,0,3,7,1200,340,1991,47.1938,-121.981,1540,12.388394202324129
4,3.75,3280,11000,2.0,0,0,3,10,2320,960,2008,47.6855,-122.201,2400,13.864300722133706
3,2.5,2810,4607,2.0,0,0,3,8,2810,0,2004,47.7735,-122.227,2540,13.186276703147982
3,2.25,1900,46609,1.5,0,0,4,7,1440,460,1969,47.7529,-122.116,2460,13.304684934198283
4,1.75,2200,8100,1.5,0,0,5,6,1400,800,1942,47.4945,-122.303,1520,12.628067055589549
3,2.25,1830,25641,2.0,0,0,3,8,1830,0,1989,47.4786,-122.112,1500,12.84660987581782
3,2.0,2080,7020,1.0,0,0,4,7,1040,1040,1951,47.6768,-122.285,1920,13.226723392728571
4,2.75,3720,9450,1.0,0,4,5,10,1960,1760,1962,47.5627,-122.156,2900,14.130321297804308
3,2.5,1980,13964,1.0,0,0,5,7,1980,0,1959,47.571,-122.227,2040,13.541073712262515
3,2.0,1540,8316,1.0,0,0,5,6,1540,0,1954,47.323,-122.216,1250,12.218495165528731
4,2.75,2440,7042,1.5,0,2,4,7,1640,800,1941,47.5731,-122.408,2170,13.493926933836812
4,3.5,3400,234352,2.0,0,0,3,8,2500,900,1991,47.4335,-122.449,1300,13.071070083016778
5,2.5,3190,6178,2.0,0,0,3,8,3190,0,2003,47.5104,-122.154,2480,13.190022025878143
4,1.75,1500,6820,1.5,0,0,5,7,1500,0,1905,47.6794,-122.37,1360,13.569610019527449
3,2.25,1270,1213,2.0,0,0,3,8,1040,230,2005,47.6736,-122.375,1410,13.054084536651034
3,1.5,1820,8585,1.0,0,0,4,7,1820,0,1962,47.4479,-122.213,1740,12.230765258120545
4,2.5,2910,15016,2.0,0,0,3,10,2910,0,1990,47.69,-122.097,2870,13.547631112808673
2,2.25,1230,1078,2.0,0,0,3,7,1160,70,2008,47.5324,-122.073,1240,12.691580461311874
4,3.5,2700,2868,2.0,0,0,3,11,1920,780,2006,47.5685,-122.286,1430,13.604789526648622
5,3.5,2660,6978,2.0,0,0,3,8,1980,680,1996,47.2631,-122.212,2220,12.713191407364837
3,2.5,2720,7250,2.0,0,0,3,9,2720,0,1990,47.6894,-122.195,2870,13.721199878493033
3,2.5,3170,12750,2.0,0,0,3,10,2360,810,1995,47.3384,-122.336,2970,12.911642346088676
2,1.0,850,54000,1.5,0,0,1,4,850,0,1950,47.2959,-122.377,1550,11.918390573078392
2,2.5,1240,2689,2.0,0,0,3,7,1240,0,1986,47.3236,-122.323,1430,12.069680020624618
2,1.0,940,4000,1.0,0,0,3,6,720,220,1942,47.6488,-122.385,1180,13.06685066747407
2,1.0,1410,4500,1.0,0,0,3,7,1020,390,1939,47.6883,-122.384,1300,13.304684934198283
4,2.0,1480,11171,1.5,0,0,4,6,1480,0,1947,47.5849,-122.051,2790,13.698976741708323
5,3.0,3410,9600,1.0,0,0,4,8,1870,1540,1968,47.6358,-122.103,2390,13.422467969854667
5,3.0,2980,10064,1.0,0,0,3,7,1680,1300,1940,47.7372,-122.316,1590,12.814478597635029
3,1.75,1610,8613,1.0,0,0,5,7,1610,0,1962,47.6527,-122.195,2010,13.493926933836812
4,2.75,2780,6207,2.0,0,0,3,8,2780,0,2001,47.6867,-122.038,2660,13.465953081794405
3,2.5,1570,4926,2.0,0,0,3,8,1570,0,2014,47.5342,-121.842,1800,12.94084150078094
4,3.0,2240,5580,2.0,0,0,5,7,1830,410,1949,47.5598,-122.27,1530,13.180632285528304
6,1.75,2460,6000,1.0,0,0,4,7,1230,1230,1913,47.6721,-122.323,1560,13.190022025878143
4,2.5,1940,5414,2.0,0,0,3,8,1940,0,1997,47.5461,-122.299,2050,12.948009990259552
3,2.0,2360,18000,1.0,0,0,4,8,2180,180,1951,47.7133,-122.367,2600,13.471610805514265
3,2.25,2170,8480,1.0,0,0,3,8,2170,0,1965,47.4562,-122.33,2080,12.66032791780777
2,1.5,1320,826,2.0,0,0,3,8,1100,220,2008,47.5879,-122.304,1340,12.744026936684417
3,1.5,1270,7128,1.0,0,0,4,6,1270,0,1954,47.422,-122.321,1270,12.266697267346608
3,2.5,1950,8251,2.0,0,0,3,7,1950,0,1990,47.343,-122.28,1540,12.569325904829029
5,2.5,3810,15916,1.5,0,0,5,8,3810,0,1967,47.4521,-122.14,2470,13.151922179645874
3,2.5,1860,3658,2.0,0,0,3,8,1860,0,1994,47.5703,-122.004,1840,13.142166004700508
3,1.75,1760,8266,1.0,0,0,5,7,1760,0,1954,47.7708,-122.339,1400,13.016780614829264
3,2.0,2090,42689,1.5,0,0,3,7,2090,0,1959,47.3497,-121.944,1890,13.120361374733656
4,2.5,2510,35020,1.0,0,0,4,8,1610,900,1977,47.5834,-122.003,2080,13.353475098367715
4,2.0,1870,7700,1.0,0,0,3,8,1870,0,1966,47.4619,-122.196,2270,12.691580461311874
3,2.5,1560,4244,2.0,0,0,3,7,1560,0,2002,47.3834,-122.027,1670,12.524526376648708
2,1.75,1350,4003,1.0,0,0,3,8,1350,0,2004,47.7176,-122.033,1350,12.947890935553772
4,2.5,4600,67369,2.0,0,0,3,10,4600,0,1990,47.6417,-121.992,4600,13.592367006650065
2,1.0,1120,3220,1.0,0,0,4,7,1120,0,1923,47.6588,-122.344,1440,13.122363377404328
3,2.5,1690,4988,2.0,0,0,3,7,1690,0,2002,47.3561,-122.015,1830,12.601487417784837
2,1.5,1100,1107,3.0,0,0,3,8,1100,0,2008,47.6584,-122.35,1110,12.948009990259552
3,1.0,1010,9945,1.0,0,0,4,6,1010,0,1973,47.5324,-121.763,1390,12.644327576461329
3,1.0,800,5760,1.0,0,0,3,6,700,100,1949,47.7505,-122.317,1060,12.487485104968359
3,2.0,1300,9334,1.0,0,0,5,7,1300,0,1981,47.4865,-122.238,2210,12.458774999085929
5,4.5,4000,6713,2.0,0,0,3,9,4000,0,2015,47.5254,-121.886,3690,13.555450137608744
3,2.25,1700,8800,1.0,0,0,5,7,850,850,1969,47.6863,-122.189,2180,13.244581010128577
5,2.75,1800,4500,2.0,0,0,4,7,1680,120,1939,47.6648,-122.358,1730,13.533545445841723
2,1.0,720,5880,1.0,0,0,3,6,720,0,1940,47.5056,-122.27,1440,12.125404742462718
4,2.75,3280,24440,2.0,0,0,3,10,3280,0,1996,47.7073,-122.07,3490,13.667590427887651
2,1.5,1750,19709,1.5,0,0,4,8,1440,310,1978,47.3351,-122.044,1950,13.262125319779487
4,1.75,1910,16785,1.0,0,0,4,7,1110,800,1981,47.7474,-122.235,1590,12.959844447906553
5,1.75,2020,6565,1.0,0,0,3,8,1120,900,1956,47.6821,-122.283,2020,13.369223455335854
2,1.75,2050,11900,1.0,0,0,4,8,2050,0,1950,47.6209,-122.219,2980,13.9108207377686
5,2.0,2130,4180,1.5,0,0,5,7,1270,860,1926,47.575,-122.388,1710,13.329377546788654
4,2.0,2260,7680,1.0,0,0,4,7,1130,1130,1947,47.7193,-122.361,1800,13.17115354157376
4,2.5,2520,7253,2.0,0,0,3,9,2520,0,1990,47.5148,-122.159,2570,12.999065161059836
3,1.0,1090,10296,1.0,0,0,4,6,1090,0,1950,47.7743,-122.26,1910,12.425208175446844
4,2.5,2170,8680,1.0,0,0,3,7,1220,950,1959,47.6078,-122.192,2010,13.437174117244362
2,1.75,1840,14874,1.0,0,2,3,8,1300,540,1952,47.4382,-122.348,2920,12.971540487669746
5,2.25,2200,9600,1.0,0,0,4,7,1100,1100,1963,47.3263,-122.364,1780,12.500419955850715
5,2.25,2530,8250,2.0,0,0,4,7,2530,0,1961,47.6117,-122.134,2020,13.175904144332359
2,1.0,1130,8160,1.0,0,0,4,6,1130,0,1952,47.4997,-122.317,1060,12.240474072247506
6,4.5,3810,28176,1.0,0,4,5,10,3810,0,1969,47.7612,-122.381,3810,14.511154618722806
3,1.75,1870,40250,1.0,0,0,5,7,1870,0,1959,47.4038,-122.036,1870,12.873902018105829
4,3.25,3410,10125,2.0,0,0,3,10,3410,0,2007,47.5653,-122.223,2290,14.269765830241871
3,2.25,3400,10000,2.0,0,0,3,10,3400,0,1983,47.6846,-122.284,1860,13.785051350479566
2,1.0,900,5100,1.0,0,0,4,7,900,0,1909,47.6804,-122.378,1400,13.06685066747407
3,1.0,1540,3399,1.5,0,0,3,7,1200,340,1926,47.6853,-122.359,1500,13.180820946975897
4,2.5,2100,1397,3.0,0,0,3,8,1580,520,2008,47.5928,-122.295,1490,13.210374254727043
4,2.75,2420,10200,1.0,0,0,3,8,1220,1200,1962,47.72,-122.236,2240,12.994530005894443
3,2.0,2910,6600,2.0,0,0,4,7,1920,990,1900,47.5576,-122.281,1370,13.484920984501217
5,4.0,4660,9900,2.0,0,2,4,9,2600,2060,1979,47.5135,-122.2,3380,13.513053199930338
2,1.0,1150,6835,1.0,0,1,3,7,1010,140,1922,47.5567,-122.273,1150,12.959844447906553
2,0.75,780,55764,1.0,0,0,4,4,780,0,1945,47.442,-122.105,1620,12.206072645530174
5,3.0,3640,28531,2.0,0,0,3,10,3640,0,1996,47.5502,-122.13,3330,13.998406949509071
3,2.5,2820,5001,2.0,0,0,3,9,2820,0,2004,47.5533,-121.992,2660,13.444446876573442
3,2.25,1610,10454,1.0,0,0,3,7,1610,0,1977,47.4517,-122.331,1720,12.542544882151386
5,2.0,1940,6000,1.0,0,0,5,7,970,970,1945,47.6875,-122.287,1700,13.270783382522602
3,1.75,1200,4500,1.0,0,0,5,7,1200,0,1906,47.5553,-122.316,1340,12.971540487669746
4,2.5,2578,4554,2.0,0,0,3,9,2578,0,2014,47.2603,-122.194,2647,12.901592010235175
2,1.0,1080,4000,1.0,0,0,3,7,1080,0,1940,47.6902,-122.387,1530,12.751299696013497
4,2.0,1520,6200,1.5,0,0,3,7,1520,0,1945,47.678,-122.269,1910,13.369223455335854
3,1.75,1899,11325,2.0,0,0,3,7,1899,0,1943,47.3987,-122.3,2000,12.577291314909747
5,2.75,2510,28185,1.0,0,0,4,7,1600,910,1963,47.7719,-122.282,2910,13.253303916664924
3,1.0,1700,4165,1.5,0,0,3,7,1700,0,1918,47.5569,-122.277,1400,13.055154627710879
3,1.75,1650,7700,1.0,0,0,4,8,1650,0,1977,47.3155,-122.365,2020,12.524526376648708
2,1.0,990,4800,1.0,0,0,3,6,990,0,1908,47.5615,-122.28,1700,12.409013489526863
3,1.0,3060,30166,1.0,0,0,5,8,3060,0,1959,47.5656,-122.093,1880,13.635187003832993
4,4.5,3870,35889,2.0,0,0,3,10,2530,1340,2001,47.4677,-122.01,3020,13.287708309991167
2,1.0,880,5100,1.0,0,0,4,7,880,0,1941,47.694,-122.346,980,12.936033799212835
3,2.5,2040,3810,2.0,0,0,3,8,2040,0,2006,47.3537,-122.0,2370,12.248332006544095
4,2.25,1860,3766,2.0,0,0,3,8,1860,0,1995,47.5699,-122.006,1860,13.190022025878143
2,0.75,1160,15029,1.0,0,0,4,6,870,290,1937,47.6929,-121.87,1870,12.911642346088676
2,3.0,2330,3600,2.0,0,0,5,10,1870,460,1927,47.6316,-122.282,2950,13.860722900785822
3,2.25,2240,8800,1.0,0,0,5,8,2240,0,1957,47.5937,-122.172,2240,13.630385073837585
4,4.0,1550,6596,1.5,0,0,5,7,1550,0,1907,47.6711,-122.398,1830,13.46949290849953
2,1.0,790,7252,1.0,0,0,3,5,790,0,1930,47.5048,-122.365,1260,11.652687407345388
3,1.5,1320,9750,1.0,0,0,3,7,1320,0,1954,47.4267,-122.331,1530,12.468436909997665
4,2.5,3010,6181,2.0,0,0,3,9,3010,0,2000,47.5212,-122.192,2960,13.250756592172728
3,1.75,1330,9917,1.0,0,0,3,7,1040,290,1981,47.4478,-122.161,1330,12.481808646963554
2,1.0,1240,7590,1.0,0,0,4,7,1040,200,1939,47.7061,-122.34,1190,12.793720411897448
3,2.5,1610,1778,3.0,0,0,3,7,1610,0,2002,47.6902,-122.306,1120,12.84792653170257
3,1.75,1400,3825,1.5,0,0,4,6,1100,300,1904,47.6793,-122.393,1720,13.195613839143922
3,1.75,1460,7967,1.0,0,0,3,7,1040,420,1977,47.3199,-122.374,1460,12.133501952695338
4,2.5,2350,5835,2.0,0,0,3,8,2350,0,2003,47.3494,-122.153,3010,12.506177237980511
3,2.5,1540,7773,2.0,0,0,4,8,1540,0,1982,47.722,-122.194,1630,12.994416363073707
3,2.0,1600,9638,1.0,0,0,5,7,1600,0,1952,47.5753,-122.224,1800,13.573438996764546
4,2.5,2070,5415,2.0,0,0,3,8,2070,0,1996,47.5706,-122.006,2120,13.267329147654515
5,1.0,1940,8875,1.0,0,0,3,7,1940,0,1957,47.4407,-122.275,1380,12.611537753638338
5,5.0,5000,32909,2.0,0,0,3,10,5000,0,2000,47.6012,-122.022,3030,14.038654109278484
4,3.75,3770,4000,2.5,0,0,5,9,2890,880,1916,47.6157,-122.287,2800,14.217636764806924
4,1.5,2470,6000,1.5,0,0,3,7,1480,990,1940,47.6365,-122.391,2140,13.458835614025542
4,2.5,2490,9346,2.0,0,2,3,9,2490,0,1996,47.3831,-122.147,2650,12.807378622424539
3,2.5,3130,8750,2.0,0,0,3,10,3130,0,1991,47.6954,-122.103,2860,13.644722236983993
2,1.75,1160,2500,2.0,0,0,3,7,1160,0,2008,47.6489,-121.911,970,12.644327576461329
3,2.5,2880,426452,2.0,0,3,3,7,2880,0,1979,47.2485,-122.101,1460,13.017002861746503
4,2.25,2190,6800,1.0,0,0,5,7,1340,850,1969,47.7367,-122.195,1560,12.928293073575826
3,2.0,2310,6000,2.0,0,1,4,9,1560,750,1926,47.648,-122.395,2000,13.610943392223
4,2.5,1860,8117,1.0,0,0,4,8,1460,400,1966,47.6228,-122.104,2040,13.279367126213993
3,1.5,1740,12000,2.0,0,0,3,9,1740,0,1974,47.6276,-122.053,2580,13.197470849891134
4,2.75,2380,15800,1.0,0,0,3,8,1680,700,1957,47.5929,-122.133,1950,13.393153582185892
3,2.5,2350,5100,2.0,0,0,3,8,2350,0,2003,47.3512,-122.008,2350,12.873902018105829
2,3.25,2700,3444,3.0,1,3,3,9,2700,0,1990,47.5684,-122.06,2710,14.126664986601197
3,1.0,1160,7560,1.0,0,0,4,6,1160,0,1958,47.45,-122.179,1160,12.445089546000673
2,2.75,2700,8572,1.0,0,0,3,9,2700,0,2007,47.7236,-122.033,2680,13.604789526648622
4,1.75,1570,3250,1.5,0,0,5,8,1570,0,1928,47.5405,-122.393,1570,13.190022025878143
3,1.75,1310,9282,1.0,0,0,4,7,1310,0,1976,47.6844,-122.111,1310,12.987688474077727
4,2.5,1950,2617,1.5,0,0,4,7,1250,700,1910,47.6696,-122.372,1520,13.159659162148026
3,2.5,2320,5284,2.0,0,0,3,8,2320,0,2004,47.591,-122.017,2320,13.38472764187182
5,2.5,2420,8560,1.0,0,2,3,7,1620,800,1978,47.532,-122.285,2210,12.771386454580234
3,3.25,2970,234788,2.0,0,3,3,9,2040,930,1991,47.5353,-121.897,2970,13.489087657196063
3,1.5,1580,3172,1.0,0,0,4,8,900,680,1946,47.6796,-122.393,1580,13.17020070681849
3,2.25,1990,6350,2.0,0,0,3,7,1990,0,1967,47.3822,-122.316,1220,12.644166273130065
3,1.75,1570,15500,1.0,0,0,4,7,1570,0,1968,47.6916,-122.122,1610,13.226723392728571
3,1.75,1680,10685,1.0,0,0,4,7,1680,0,1966,47.6556,-122.193,3340,13.365309556014719
3,3.0,1290,1112,3.0,0,0,3,7,1290,0,2008,47.7282,-122.296,1230,12.628067055589549
3,1.75,1540,6273,1.0,0,0,4,6,770,770,1951,47.5305,-122.277,1140,12.481808646963554
2,1.0,990,8140,1.0,0,0,1,6,990,0,1910,47.5828,-122.382,2150,12.254862809699606
3,2.25,1630,3070,2.0,0,0,3,7,1630,0,2004,47.6785,-122.03,1690,13.073173133213556
5,2.0,1930,6120,1.5,0,0,3,6,1930,0,1941,47.5073,-122.337,1130,12.345834587905333
3,2.5,2120,9307,2.0,0,0,4,9,2120,0,1984,47.5477,-122.141,2290,13.485616636703183
3,1.75,1830,9425,1.0,0,0,3,8,1590,240,1946,47.5038,-122.379,1670,12.765688433465597
4,2.5,1740,7500,1.0,0,0,4,7,1220,520,1976,47.6927,-122.124,1790,13.15773052124162
4,2.5,1950,3225,2.0,0,0,3,7,1950,0,2002,47.5014,-122.226,1980,12.66032791780777
2,1.0,1620,5400,1.0,0,0,3,6,920,700,1926,47.7069,-122.299,1540,12.577636201962656
3,2.5,1990,4978,2.0,0,0,3,8,1990,0,2004,47.5323,-121.856,2650,13.054084536651034
3,1.75,2300,43560,1.0,0,0,4,7,1350,950,1979,47.7716,-122.101,2320,13.17115354157376
3,1.0,1920,6710,1.0,0,0,3,7,1320,600,1959,47.5346,-122.286,1810,12.765688433465597
3,2.5,1320,4320,1.0,0,0,3,6,660,660,1918,47.5327,-122.347,1190,12.810388612383504
2,1.0,1010,5200,1.0,0,0,3,7,1010,0,1955,47.4166,-122.323,1580,12.069680020624618
3,1.0,2020,4120,1.5,0,0,4,7,1520,500,1929,47.5514,-122.271,1200,13.222208712374044
3,2.5,1280,1845,3.0,0,0,3,8,1280,0,2009,47.662,-122.324,1450,13.208541073645382
3,2.25,1580,16215,1.0,0,0,4,7,1580,0,1978,47.5643,-121.897,1450,12.721885810807203
2,1.0,1810,8527,1.5,0,0,4,7,1810,0,1943,47.7275,-122.336,1490,12.834681304952548
3,2.75,2640,11957,1.5,0,0,3,9,2260,380,1978,47.6491,-122.12,2640,13.45597438174451
2,2.0,1270,5500,1.5,0,0,4,8,1270,0,1921,47.6121,-122.294,1870,13.312983737012978
4,2.75,2280,5013,2.0,0,0,3,8,2280,0,2009,47.7333,-121.976,2130,12.886641043883259
3,2.5,1870,4046,2.0,0,0,3,7,1870,0,2007,47.342,-122.059,2130,12.421184025147118
2,1.5,1220,1120,2.5,0,0,3,8,1110,110,2008,47.6374,-122.388,2010,13.049792684569493
3,1.75,1480,8009,1.0,0,0,3,7,980,500,1980,47.3657,-122.28,1790,12.498742259492994
4,2.5,3920,12415,2.0,0,0,3,10,3920,0,1997,47.5658,-122.032,3639,13.554145793829866
3,1.0,1380,9875,1.0,0,0,3,7,1380,0,1959,47.5131,-122.334,1200,12.409013489526863
3,1.75,2020,10031,1.0,0,0,5,7,1370,650,1952,47.7487,-122.319,1500,13.190022025878143
4,2.0,1570,11200,1.0,0,0,3,7,1120,450,1959,47.7573,-122.217,1570,12.742566016044742
4,1.5,1800,8786,1.0,0,0,3,7,1330,470,1966,47.4982,-122.345,1780,12.516310903695317
2,2.25,1300,1314,3.0,0,0,3,8,1300,0,2008,47.6536,-122.356,1300,13.239257128875828
3,2.0,2220,5000,1.0,0,0,4,7,1110,1110,1966,47.5807,-122.394,1450,13.265164176036
3,2.5,2060,5750,1.0,0,0,3,7,1330,730,1976,47.5671,-122.391,1920,13.265597545490236
4,2.75,2730,9112,1.0,0,2,3,9,1740,990,1996,47.4005,-122.312,3050,13.142166004700508
3,2.5,1340,10018,1.0,0,0,4,7,1340,0,1976,47.6366,-122.094,2520,12.959844447906553
4,2.5,2520,7731,2.0,0,0,3,9,2520,0,1994,47.7709,-122.297,2000,13.17115354157376
4,2.5,3180,10319,2.0,0,0,4,11,3180,0,1986,47.5372,-122.232,3130,14.020490138650812
4,2.5,3440,56192,2.0,0,0,3,9,3440,0,1994,47.6969,-122.046,3150,13.573438996764546
4,2.5,2450,20348,1.0,0,0,3,8,1410,1040,1978,47.5887,-122.064,2450,13.017002861746503
4,2.5,2570,6251,2.0,0,0,3,9,2570,0,2000,47.593,-122.197,2570,13.972514306773938
3,2.5,3460,6590,2.0,0,0,3,7,3460,0,2001,47.4802,-122.188,2490,13.054084536651034
4,2.5,1800,5070,1.0,0,0,5,7,1080,720,1979,47.5303,-122.28,1870,12.80765263256463
3,3.5,2440,3502,2.0,0,0,3,7,1970,470,2000,47.589,-122.165,2440,13.500799813124575
4,1.75,3730,16980,1.0,0,0,4,7,2150,1580,1974,47.1775,-122.022,1880,12.793859310432293
4,2.75,3340,5700,2.0,0,0,3,11,3340,0,2013,47.5059,-122.146,3340,13.776769729647844
2,2.0,1550,435600,1.5,0,0,2,7,1550,0,1972,47.5145,-121.853,1600,12.706847933442663
3,2.0,1740,9300,1.0,0,0,4,7,1740,0,1952,47.4526,-122.357,1540,12.92391243868049
3,2.5,2990,32239,2.0,0,0,4,8,2990,0,1978,47.7718,-122.095,2990,13.358107210694277
3,2.25,1400,2421,2.0,0,0,3,9,1400,0,2005,47.695,-122.169,1500,13.367659733359671
3,1.0,1450,7200,1.0,0,0,3,7,1010,440,1969,47.7311,-122.199,1500,12.631340380934517
5,3.0,1940,6355,1.0,0,0,3,8,1200,740,2007,47.498,-122.322,1940,12.611537753638338
3,3.0,3760,188760,1.0,0,0,4,10,2640,1120,1979,47.308,-122.087,2820,13.226723392728571
2,1.0,790,7500,1.0,0,0,3,7,790,0,1951,47.4007,-122.294,1560,11.77528972943772
4,1.75,2260,17711,1.0,0,1,4,9,2260,0,1968,47.5498,-122.214,2880,13.795307850646754
2,1.0,1370,5000,1.5,0,0,3,7,1370,0,1905,47.6744,-122.383,1500,13.304684934198283
3,1.75,1680,7250,1.0,0,0,3,7,930,750,1952,47.7201,-122.35,1340,12.66032791780777
3,1.0,1520,7800,1.0,0,0,4,7,1120,400,1967,47.3784,-122.29,1740,12.429216196844383
2,1.5,1960,6000,1.0,0,0,3,8,1210,750,1951,47.6849,-122.333,2060,13.430142151555232
3,1.5,2580,47480,1.0,0,0,3,7,1360,1220,1953,47.5333,-121.933,1760,12.713552679045067
2,1.5,1490,4080,1.0,0,0,3,7,930,560,1956,47.5344,-122.381,1320,12.871977089696244
3,2.5,1780,4077,2.0,0,0,3,8,1780,0,2011,47.3568,-122.056,1970,12.65075846679162
3,1.0,1420,8160,1.0,0,0,3,7,970,450,1947,47.7164,-122.306,1340,12.909170156943286
3,1.0,1560,14333,1.0,0,0,4,7,1560,0,1953,47.432,-122.348,1640,12.86747112777554
3,1.75,1680,8610,1.0,0,0,4,7,1290,390,1969,47.7246,-122.173,1640,12.96453929221076
3,1.0,1580,7424,1.0,0,0,3,7,1010,570,1962,47.4607,-122.171,1710,12.628067055589549
3,1.5,800,8850,1.0,0,0,4,6,800,0,1959,47.3266,-122.348,820,12.160028707028767
4,3.5,4080,10666,2.0,0,0,3,9,4080,0,2005,47.6818,-122.023,3920,13.732128949025222
3,1.75,1550,7410,1.5,0,0,5,7,1550,0,1944,47.4951,-122.237,1250,12.542544882151386
4,3.5,3320,8808,2.0,0,0,3,9,3320,0,2005,47.592,-121.989,3160,13.574712071411344
3,2.5,2180,4226,2.0,0,0,3,8,2180,0,2004,47.7733,-122.226,2540,13.017002861746503
4,2.5,4700,49658,2.0,0,0,3,10,4700,0,1999,47.5878,-122.022,2870,13.976778705560397
5,2.5,4170,33310,2.0,0,0,4,11,4170,0,1991,47.5455,-122.126,4670,14.077874822431765
3,2.5,1530,3210,1.5,0,0,5,7,1010,520,1928,47.6913,-122.393,1330,13.208541073645382
3,3.25,1760,1778,3.0,0,0,3,8,1760,0,2008,47.7201,-122.301,1520,13.060381585048447
3,2.25,2160,8114,1.0,0,0,3,8,1460,700,1960,47.7176,-122.35,2160,13.180632285528304
4,2.5,2390,7115,2.0,0,0,3,9,2390,0,1999,47.2593,-122.222,2600,12.793859310432293
3,2.25,2300,12430,1.0,0,2,4,8,1580,720,1960,47.435,-122.347,2500,13.287877815881902
3,2.0,3040,41072,1.0,0,0,4,8,1520,1520,1978,47.3944,-121.972,2230,13.122363377404328
3,2.25,2520,26943,1.0,0,0,3,7,1760,760,1977,47.7728,-122.25,2300,12.948009990259552
3,3.25,1540,704,3.0,0,0,3,9,1540,0,2011,47.6177,-122.308,1540,13.517104522149518
3,2.5,2620,28703,1.0,0,0,3,10,2620,0,1985,47.7238,-122.114,2950,13.493926933836812
3,1.5,1880,7400,1.0,0,0,3,8,1480,400,1968,47.7743,-122.27,1820,12.911642346088676
3,2.5,2420,7423,2.0,0,0,3,8,2420,0,1990,47.3199,-122.186,2260,12.736406735684207
3,2.5,1970,14876,1.0,0,0,3,7,1320,650,1981,47.5031,-122.372,2030,13.199324418540456
3,2.25,1470,4322,2.0,0,0,3,7,1470,0,1985,47.5672,-122.018,1610,13.105217218569358
3,2.0,1520,11067,1.0,0,0,3,7,1140,380,1983,47.6326,-122.033,1280,12.98287139858573
5,1.75,2110,8500,1.0,0,0,3,7,1100,1010,1962,47.7737,-122.35,2020,12.611537753638338
3,1.0,1010,10168,1.0,0,0,3,6,1010,0,1979,47.6453,-121.912,1180,12.611537753638338
3,1.0,1790,6120,1.0,0,0,3,6,1790,0,1937,47.508,-122.337,830,12.323855681186558
6,2.75,2890,7500,1.0,0,0,4,8,1830,1060,1976,47.7099,-122.23,1880,13.138236726560619
4,1.0,1460,4600,1.0,0,2,3,6,780,680,1946,47.566,-122.38,1560,13.005829561148378
4,2.5,2040,109336,1.5,0,0,4,8,2040,0,1973,47.4193,-121.958,2370,12.834681304952548
4,3.0,2170,2500,2.0,0,0,3,8,1710,460,1997,47.6742,-122.303,2170,13.550567972481982
3,1.0,840,8400,1.0,0,0,3,6,840,0,1959,47.3281,-122.344,1030,12.141534124392603
2,1.0,770,5040,1.0,0,0,3,5,770,0,1930,47.5964,-122.299,1330,12.959844447906553
3,2.0,1320,4000,1.0,0,0,4,6,1020,300,1940,47.5515,-122.262,2410,13.044618028779476
3,1.5,1200,1848,2.0,0,0,3,8,1200,0,1966,47.4658,-122.191,1270,12.128111104060462
5,4.0,4410,14380,2.0,0,0,3,11,4410,0,2006,47.6463,-122.121,2720,14.03062193758122
3,1.5,1560,8314,1.0,0,0,3,7,1560,0,1962,47.4117,-122.209,1820,12.519056900844173
4,2.5,1870,8190,1.0,0,0,3,7,1100,770,1977,47.4521,-122.161,1590,12.560244459250788
5,1.0,1760,4264,2.0,0,0,3,8,1760,0,1902,47.6246,-122.312,2130,13.567690018937624
4,1.75,2030,12518,1.0,0,0,3,8,1610,420,1950,47.7278,-122.297,1650,12.84792653170257
3,2.5,1970,7500,2.0,0,0,3,8,1970,0,1988,47.2658,-122.218,1950,12.61152108683278
3,1.75,1530,8800,1.0,0,0,4,7,1040,490,1967,47.4483,-122.158,1530,12.54236629477704
4,2.0,1400,4800,2.0,0,0,3,7,1400,0,1986,47.6168,-122.298,1620,13.610943392223
5,2.75,2060,8906,1.0,0,0,4,7,1220,840,1978,47.5358,-122.289,1840,12.936033799212835
5,2.5,2250,7176,1.0,0,0,3,7,1310,940,1983,47.4486,-122.194,1550,12.765545566117686
3,1.5,1090,9862,1.0,0,0,3,8,1090,0,1987,47.6256,-122.036,1710,12.854483932248728
2,1.0,970,4800,1.0,0,0,3,6,970,0,1911,47.5754,-122.414,1180,12.654916476940283
3,1.5,1500,8272,1.0,0,0,4,7,1500,0,1958,47.7741,-122.38,1630,12.945626198904275
3,2.0,1840,14985,1.0,0,0,3,7,1840,0,1968,47.6916,-122.158,2300,13.235692062711331
4,2.5,2020,7277,2.0,0,0,3,8,2020,0,1993,47.4318,-122.19,2820,12.637855061955712
4,2.0,1690,8208,1.0,0,0,4,7,1210,480,1958,47.6052,-122.126,1620,13.077366011473593
3,2.25,2950,15207,1.0,0,0,4,10,2070,880,1966,47.5571,-122.216,2950,13.80747838626701
4,2.75,3100,3773,2.0,0,0,3,8,2000,1100,1919,47.6158,-122.291,2130,13.517778149658993
3,2.5,1980,2975,3.0,0,2,3,8,1980,0,1993,47.6294,-122.344,1980,13.508985397711013
5,2.0,2290,7125,1.0,0,0,3,7,1190,1100,1964,47.634,-122.119,1460,13.270783382522602
4,2.5,2810,10613,2.0,0,0,3,9,2810,0,1989,47.5424,-122.141,2800,13.604789526648622
3,1.0,1180,7210,1.0,0,0,4,7,1180,0,1963,47.7267,-122.241,1700,12.855792879125431
4,2.5,2040,16200,2.0,0,0,3,8,2040,0,1997,47.7366,-121.958,2530,13.071070083016778
3,1.0,1090,10710,1.0,0,0,4,7,1090,0,1962,47.5,-122.169,1090,12.542544882151386
4,1.5,1790,3952,1.5,0,0,4,8,1790,0,1932,47.689,-122.352,1200,13.592367006650065
2,1.0,720,6686,1.0,0,0,3,6,720,0,1942,47.7003,-122.362,1200,12.71589776896258
3,2.75,2720,31314,3.0,0,2,3,8,2720,0,1986,47.3689,-122.163,2290,13.028052697933088
3,1.5,1240,1221,2.0,0,0,3,8,1050,190,2009,47.7073,-122.356,1180,12.676076274775909
3,2.25,1670,1596,3.0,0,0,3,8,1670,0,2014,47.5402,-122.387,1640,13.199231821660906
3,2.5,2060,7458,2.0,0,0,3,9,2060,0,1989,47.3045,-122.351,2480,12.759957758756611
3,2.25,1200,1400,3.0,0,0,3,8,1200,0,2005,47.7046,-122.357,1370,12.676076274775909
5,4.75,5410,13431,2.0,0,0,4,10,5050,360,1941,47.6306,-122.288,3750,14.749542971314586
2,1.75,1680,8367,1.0,0,0,3,6,840,840,1914,47.6976,-122.288,1830,12.718896271958837
2,1.0,1190,3400,1.0,0,0,4,7,990,200,1917,47.5539,-122.268,1180,12.994530005894443
6,3.5,3600,6875,2.0,0,0,3,8,2740,860,2004,47.5401,-121.879,3150,13.337474757021274
4,1.75,2280,3680,1.5,0,0,5,7,1470,810,1926,47.6754,-122.3,1850,13.407542319637992
5,1.75,2040,8996,1.0,0,2,4,7,1020,1020,1962,47.588,-122.118,1950,13.238812190047575
4,2.75,2620,7001,2.0,0,0,3,8,2620,0,2012,47.4838,-121.769,2620,13.122343377204325
3,2.25,2880,7599,1.0,0,2,3,9,1710,1170,1958,47.6938,-122.215,2920,14.245993429047726
3,1.75,1640,10123,1.0,0,0,3,8,1340,300,1977,47.7698,-122.167,2210,13.062613372998555
2,1.5,1370,159865,1.0,0,0,3,7,1370,0,1960,47.7592,-122.092,1370,12.86099861326992
4,3.5,5270,53428,2.0,0,0,3,10,3440,1830,2004,47.4358,-122.085,2340,13.569610019527449
3,1.75,1510,8400,1.0,0,0,2,7,980,530,1979,47.4476,-121.771,1500,12.682306824526545
3,1.5,1570,1050,2.0,0,0,3,8,1570,0,1915,47.6358,-122.356,2070,13.582316670796564
4,2.0,1580,7800,2.0,0,0,2,6,1580,0,1906,47.5848,-122.302,1190,12.71589776896258
3,1.5,1470,4480,1.0,0,0,4,7,1130,340,1918,47.6693,-122.291,2120,13.32612021491835
3,2.5,2080,2625,2.0,0,0,3,8,2080,0,2006,47.5469,-121.997,1760,13.217673557208654
3,1.5,1400,10853,1.0,0,0,4,7,1400,0,1964,47.4433,-122.194,1620,12.487296407920908
4,2.5,2840,6284,2.0,0,0,3,9,2840,0,2013,47.5135,-122.169,2790,13.363315412168129
4,2.75,2260,7209,1.0,0,3,3,7,1330,930,2002,47.7088,-122.302,1790,13.122363377404328
3,2.5,2640,13775,1.0,0,0,3,8,1550,1090,1978,47.5875,-122.177,2120,13.180632285528304
4,2.75,2610,8967,2.0,0,0,4,8,2610,0,1990,47.3747,-122.124,2390,12.826649133255284
3,2.5,1870,5333,2.0,0,0,3,8,1870,0,2012,47.7447,-121.984,2100,12.840000466430148
4,2.5,2210,7079,2.0,0,0,3,8,2210,0,1993,47.4206,-122.183,1970,12.854483932248728
2,1.0,990,5643,1.0,0,0,3,7,870,120,1947,47.6802,-122.298,1280,12.983101310070822
3,1.75,1730,8073,1.0,0,0,3,8,1350,380,1971,47.7694,-122.367,2500,13.049792684569493
4,2.5,1980,4500,2.0,0,0,3,8,1980,0,1989,47.579,-122.001,1770,13.210007887256376
3,1.0,1470,7350,1.0,0,0,3,7,1470,0,1969,47.3616,-122.286,1720,12.388394202324129
4,2.25,3220,8436,2.0,0,0,3,8,3220,0,1968,47.6381,-122.116,2500,13.592367006650065
3,2.75,2190,11060,1.0,0,0,4,7,1610,580,1973,47.6893,-122.208,2020,13.458835614025542
4,2.25,2200,7150,2.0,0,0,4,7,2200,0,1990,47.3595,-122.089,1740,12.736553826954605
3,1.0,920,7500,1.0,0,0,4,7,920,0,1970,47.3791,-122.289,1660,12.220961258023925
3,2.5,4190,9624,2.0,0,0,3,10,4190,0,1999,47.5642,-122.127,3650,13.955272500339433
4,2.0,1880,7500,1.0,0,0,5,6,980,900,1946,47.495,-122.266,1670,12.26434155365415
3,1.75,1330,10523,1.0,0,0,3,7,1000,330,1981,47.4605,-122.206,1320,12.59642411582829
3,2.25,2110,2850,3.0,0,0,3,8,2110,0,2001,47.6915,-122.339,1340,13.17115354157376
2,1.75,1210,1032,2.0,0,0,3,8,1210,0,2014,47.5522,-121.999,1210,12.787064052652976
3,1.0,1140,8400,1.0,0,0,4,7,1140,0,1960,47.5022,-122.144,1400,12.593271944831445
5,2.75,2910,16410,1.5,0,0,4,8,2910,0,1967,47.44,-122.145,1980,12.92391243868049
3,2.5,3400,5119,2.0,0,0,3,8,2300,1100,2014,47.6843,-122.305,1740,13.864300722133706
2,1.0,890,2100,1.0,0,0,4,6,760,130,1919,47.656,-122.359,1600,13.038981768465277
3,2.5,3400,12442,2.0,0,0,3,9,3400,0,2001,47.5611,-122.032,3250,13.610943392223
5,3.5,4050,20925,2.0,0,3,3,10,3020,1030,1973,47.5348,-122.241,3880,14.28551418721001
4,2.5,3160,8726,2.0,0,0,3,9,3160,0,1999,47.2582,-122.223,2500,12.965709567358951
3,2.0,1160,13747,1.0,0,0,5,5,580,580,1931,47.585,-122.051,2961,13.560618308335483
3,1.5,1040,9997,1.0,0,0,4,7,1040,0,1955,47.7583,-122.302,1040,12.577636201962656
5,2.5,2210,9655,1.0,0,0,3,8,1460,750,1976,47.7698,-122.222,2080,13.060487973686241
3,2.5,2290,5089,2.0,0,0,3,9,2290,0,2001,47.5443,-122.172,2290,13.279367126213993
3,2.5,3240,7857,2.0,0,0,3,10,3240,0,1994,47.5857,-122.038,2970,13.592367006650065
4,3.0,3620,403693,2.0,0,2,3,9,3620,0,1980,47.2527,-121.98,2230,13.112313041550827
3,2.5,2470,4565,2.0,0,0,3,7,2470,0,2005,47.514,-122.189,2470,13.005829561148378
4,2.5,2240,4447,2.0,0,0,3,7,2240,0,2006,47.4868,-122.159,2000,12.92391243868049
2,1.0,910,22000,1.0,0,0,3,6,910,0,1956,47.2777,-122.252,1326,11.512925464970229
4,2.25,2080,8000,1.0,0,0,3,8,1390,690,1964,47.6264,-122.113,1800,13.122363377404328
3,2.0,1450,11204,1.0,0,0,3,7,1450,0,2003,47.2639,-122.252,1520,12.345834587905333
3,1.0,1520,213444,1.5,0,3,5,8,1520,0,1988,47.5081,-122.093,2640,12.959844447906553
4,4.75,4150,6303,3.0,0,0,3,9,4150,0,2014,47.7047,-122.123,3570,13.804439499330272
4,3.0,3110,18843,2.0,0,0,3,9,3110,0,1995,47.4619,-122.154,3080,13.091904169919621
5,2.25,2890,12478,2.0,0,0,3,9,2890,0,1977,47.6295,-122.052,2570,13.301346032932768
3,2.5,1430,8470,1.0,0,0,3,7,1190,240,1992,47.1943,-121.991,1670,12.506177237980511
4,2.5,2530,7563,1.0,0,0,3,7,1440,1090,1978,47.7762,-122.21,1960,12.89921982609012
5,2.5,2650,12987,1.0,0,0,4,7,1350,1300,1979,47.7482,-122.244,2160,13.036805489042683
4,2.5,2150,3721,2.0,0,0,3,8,2150,0,2007,47.3363,-122.215,2150,12.524526376648708
3,2.5,2830,6000,1.0,0,3,3,9,1730,1100,1954,47.5751,-122.378,2040,13.477817176048548
3,2.25,1560,8280,2.0,0,0,4,7,1560,0,1979,47.3393,-122.259,1920,12.388185847286392
3,3.25,1370,1227,3.0,0,0,3,8,1370,0,2007,47.6964,-122.341,1370,12.834681304952548
3,2.5,1232,1130,3.0,0,0,3,7,1232,0,2007,47.7185,-122.317,1232,12.748396936355535
2,1.0,860,5040,1.0,0,0,3,7,860,0,1956,47.6977,-122.365,1570,12.821258284620408
3,2.5,3020,5868,2.0,0,0,3,7,3020,0,2003,47.3361,-122.175,2710,12.524526376648708
2,1.0,760,3001,1.0,0,0,3,6,760,0,1913,47.5874,-122.311,1750,12.611537753638338
3,1.0,1020,55756,1.0,0,0,3,7,1020,0,1961,47.3836,-122.082,1490,12.644327576461329
3,2.0,1380,4800,1.0,0,0,3,7,1380,0,1948,47.651,-122.369,1740,13.369223455335854
3,3.25,5290,224442,2.0,0,0,4,11,4540,750,1988,47.6671,-122.051,3750,14.340239086899256
5,3.5,3400,9804,2.0,0,0,3,9,2550,850,2008,47.543,-122.266,2380,13.785051350479566
4,2.25,2240,9600,2.0,0,0,3,8,2240,0,1971,47.361,-122.281,2050,12.699243334057444
3,1.0,1010,7920,1.0,0,0,3,6,1010,0,1925,47.5249,-122.37,1520,12.283033686666302
3,1.75,1530,825,3.0,0,0,3,8,1530,0,2015,47.5929,-122.308,1580,13.122363377404328
3,2.5,1970,106722,1.0,0,4,3,9,1970,0,1985,47.2498,-122.003,2910,13.304601597392535
2,1.0,1120,7500,1.0,0,2,4,7,1120,0,1971,47.619,-122.096,3040,13.199324418540456
3,1.0,1180,3750,1.0,0,0,3,6,1030,150,1940,47.5726,-122.382,1280,12.959844447906553
2,1.75,1510,5319,2.0,0,0,4,8,1510,0,1978,47.6647,-122.13,1740,12.915339207970002
4,2.25,2080,7526,1.0,0,0,4,7,1280,800,1985,47.3762,-122.183,1200,12.352335152508426
3,2.5,2060,10839,2.0,0,0,3,8,2060,0,1987,47.5675,-122.016,2180,13.279367126213993
2,1.75,1550,7764,1.0,1,4,4,8,1550,0,1965,47.358,-122.446,1690,13.304684934198283
3,1.75,1300,12731,1.0,0,0,3,8,1300,0,1981,47.6236,-122.04,1700,12.971540487669746
4,2.75,3270,50994,2.0,0,0,4,8,2720,550,1983,47.347,-122.087,2780,12.983101310070822
3,2.5,2090,6045,2.0,0,0,3,8,2090,0,2000,47.4947,-122.174,2040,12.936033799212835
4,2.5,2440,4850,2.0,0,0,3,8,2440,0,2013,47.7043,-122.114,2970,13.52199953011205
4,3.5,3680,2242,2.5,0,0,3,9,2670,1010,1930,47.6192,-122.307,1350,13.554145793829866
4,1.75,1740,12204,1.0,0,0,3,7,1270,470,1961,47.7675,-122.277,2190,13.017002861746503
2,2.25,1320,1034,3.0,0,0,3,7,1320,0,1996,47.7039,-122.344,1330,12.624782980388359
3,2.25,1584,2800,2.0,0,0,3,7,1584,0,2012,47.3451,-122.214,1584,12.47227568630483
3,0.75,1330,7020,1.0,0,0,5,7,1330,0,1924,47.5377,-122.376,1410,12.86099861326992
3,1.75,1560,9247,1.0,0,0,3,7,1160,400,1989,47.6954,-122.174,1690,13.102160670086809
2,1.5,1090,2686,2.0,0,0,3,7,1090,0,1982,47.717,-122.19,1160,12.425208175446844
3,3.0,1860,7440,1.0,0,0,5,7,1040,820,1954,47.5035,-122.255,1490,12.61602765891119
3,2.5,1670,5791,2.0,0,0,3,7,1670,0,1995,47.4424,-122.188,1610,12.644327576461329
3,2.5,1980,4500,2.0,0,0,3,7,1980,0,2012,47.3671,-122.113,2200,12.669649416695554
3,2.5,1640,3804,2.0,0,0,3,8,1640,0,1998,47.6103,-122.3,1440,13.308012724290958
3,2.5,1930,4000,2.0,0,0,3,8,1930,0,2014,47.3518,-122.275,2050,12.752747922189862
2,1.0,750,5026,1.0,0,0,4,6,750,0,1942,47.5368,-122.374,1260,12.58621994565405
4,2.5,3930,21894,2.0,0,0,3,11,3930,0,1987,47.7209,-122.128,3930,13.904436767158675
3,1.5,2390,4600,2.0,0,0,3,8,1750,640,1920,47.5383,-122.268,1690,12.948009990259552
3,2.5,2300,9521,2.0,0,0,3,8,2300,0,2003,47.7447,-121.976,3020,12.983101310070822
3,2.5,2690,7000,2.0,0,0,5,7,1840,850,1943,47.6784,-122.277,1800,13.737549016494562
2,1.0,800,1200,2.0,0,0,3,7,800,0,1999,47.6969,-122.347,806,12.504323669331189
4,1.5,2120,8554,1.0,0,0,4,7,1170,950,1977,47.2933,-122.195,1790,12.427214194173711
3,1.75,1650,1180,3.0,0,0,3,8,1650,0,2014,47.6638,-122.319,1650,13.303016877097587
3,2.25,2610,9409,1.0,1,4,4,8,2610,0,1963,47.5789,-122.076,2970,14.23224525833067
2,1.5,1090,1183,3.0,0,0,3,8,1090,0,2008,47.6974,-122.349,1110,12.631340380934517
3,2.5,1730,6930,2.0,0,0,3,8,1730,0,1994,47.2621,-122.308,1780,12.460714863903755
3,1.0,1910,8190,1.0,0,0,4,7,1010,900,1946,47.697,-122.365,1600,13.102160670086809
4,2.0,1440,10800,1.0,0,0,4,7,1440,0,1967,47.3417,-122.283,1190,12.345834587905333
2,1.5,1340,3600,1.5,0,0,3,7,1340,0,1903,47.6358,-122.364,1340,13.17115354157376
2,1.5,1140,1058,3.0,0,0,3,7,1140,0,2005,47.6608,-122.333,1170,13.051940913107783
4,2.5,3220,38448,2.0,0,0,3,10,3220,0,1993,47.6854,-122.053,3090,13.560618308335483
2,1.0,790,7153,1.0,0,0,4,6,790,0,1944,47.4869,-122.324,810,11.679498664796045
3,2.0,1720,2000,1.5,0,0,3,8,1060,660,1910,47.6384,-122.35,1590,13.748301808270824
3,2.0,2560,216777,1.0,0,0,3,8,2560,0,1986,47.295,-122.086,2360,13.235692062711331
1,1.75,1440,4920,1.0,0,0,3,7,720,720,1923,47.534,-122.376,1440,12.873902018105829
3,2.5,1676,18778,2.0,0,0,3,7,1676,0,1997,47.6521,-121.905,1410,12.706847933442663
4,2.75,2180,5799,2.0,0,0,4,8,2180,0,1993,47.5702,-121.995,2060,13.256019762217003
5,2.5,2460,5604,2.0,0,0,3,8,2460,0,2011,47.3658,-122.037,2210,12.788288265382837
2,1.0,800,5100,1.0,0,0,3,7,800,0,1945,47.6775,-122.388,1330,12.992254692057308
4,2.75,2330,7642,1.0,0,0,3,8,1800,530,1990,47.2946,-122.37,2320,12.456831363877356
3,1.75,1400,5648,1.5,0,0,5,6,1400,0,1917,47.5133,-122.196,2320,12.425208175446844
3,2.0,1360,3120,2.0,0,0,3,7,1360,0,1989,47.6943,-122.307,1360,12.891439638771157
3,1.0,1160,9180,1.0,0,0,3,7,1160,0,1968,47.7427,-122.072,1160,12.66032791780777
4,2.5,2672,4297,2.0,0,0,3,8,2020,652,2005,47.6955,-122.289,1720,13.458835614025542
3,2.0,1340,1951,1.0,0,0,3,6,670,670,1915,47.5763,-122.309,1520,12.721885810807203
4,2.5,2940,6000,2.0,0,0,3,8,2940,0,2000,47.7533,-122.198,2510,13.235692062711331
4,2.75,2130,8560,1.0,0,0,3,7,1560,570,1992,47.1949,-122.01,2130,12.553202176625375
2,2.5,1570,1268,3.0,0,0,3,7,1570,0,2007,47.534,-122.365,1570,12.247214588861349
3,1.75,1180,13927,1.0,0,0,5,7,1180,0,1962,47.4818,-122.094,1400,12.608198852372823
6,3.5,3020,4500,2.0,0,0,3,7,3020,0,1941,47.498,-122.225,900,12.777052192115912
4,2.0,3160,11193,1.0,0,0,5,6,2410,750,1942,47.4937,-122.184,1020,12.815838217151068
3,3.0,2410,7479,2.0,0,2,3,7,2410,0,1942,47.7394,-122.288,2610,13.193753373491
3,1.75,1740,3060,1.0,0,0,5,8,950,790,1930,47.6816,-122.31,1800,13.504900980868788
2,1.0,810,3880,1.0,0,0,3,7,810,0,1952,47.6631,-122.365,900,12.788148590824331
3,1.75,1850,5100,1.0,0,0,3,7,1020,830,1909,47.6605,-122.326,1850,13.270783382522602
4,1.5,1390,7200,1.0,0,0,3,7,1140,250,1965,47.7224,-122.332,1630,12.89921982609012
5,2.5,3400,8970,1.0,0,0,4,8,1700,1700,1959,47.7358,-122.335,1890,13.047639831208393
4,2.5,1860,6325,2.0,0,0,4,7,1860,0,1991,47.3492,-122.03,1860,12.581078546153629
3,1.0,990,10125,1.0,0,0,3,7,990,0,1972,47.3422,-122.089,1360,12.312682380588432
3,2.5,1710,2875,2.0,0,0,3,8,1710,0,2006,47.5787,-122.392,1640,13.287877815881902
3,2.5,2120,7401,2.0,0,0,3,8,2120,0,1989,47.5781,-122.018,2010,13.324487561494463
3,1.0,1270,8920,1.0,0,0,5,7,1270,0,1969,47.534,-122.172,1590,12.953944725779365
3,1.5,1660,3190,1.5,0,0,3,7,1660,0,1919,47.6368,-122.351,2200,13.396960210307455
3,2.5,2110,4038,2.0,0,0,4,8,2110,0,1989,47.3875,-122.153,2110,12.779873068457553
4,2.5,3220,20251,1.0,0,0,3,10,3220,0,1969,47.5692,-122.192,4200,14.68050799545088
3,1.75,1820,5555,1.0,0,0,4,7,1030,790,1939,47.6867,-122.352,1420,12.80765263256463
3,1.0,1300,8879,1.0,0,0,3,7,920,380,1950,47.7465,-122.326,1530,12.691580461311874
3,2.5,2437,5136,2.0,0,0,3,7,2437,0,2011,47.3517,-122.21,2437,12.560244459250788
3,2.0,2350,8459,1.5,0,0,3,9,2350,0,1989,47.3043,-122.349,2430,12.733755386362587
3,2.5,1650,5000,2.0,0,0,3,8,1650,0,1985,47.3206,-122.394,1720,12.28442161194115
2,1.0,1340,8100,1.0,0,2,3,8,1340,0,1950,47.7212,-122.364,1680,13.021437458814368
3,1.0,1230,2353,1.5,0,0,4,6,1230,0,1925,47.5177,-122.354,1280,12.388394202324129
3,1.75,1520,7137,1.0,0,0,3,5,1520,0,1932,47.4924,-122.311,1240,12.198544379109382
4,2.25,2730,7506,2.0,0,0,4,8,2730,0,1987,47.4627,-122.152,2390,12.983101310070822
3,1.75,2030,217800,1.0,0,2,4,8,2030,0,1977,47.2618,-122.12,2570,12.886641043883259
3,2.5,2910,17172,2.0,0,0,3,10,2910,0,1989,47.2789,-122.331,2910,13.017002861746503
3,2.5,2240,6000,2.0,0,0,3,8,2240,0,2003,47.4837,-122.138,2400,12.736700896592344
3,1.0,1310,5000,1.5,0,0,3,7,1310,0,1906,47.6624,-122.347,1530,13.304684934198283
3,2.0,2250,14274,1.0,0,0,4,8,1500,750,1964,47.5762,-122.217,2820,13.345186877507613
3,1.0,1500,5605,1.0,0,0,5,6,750,750,1942,47.5456,-122.359,1050,12.506177237980511
3,1.75,1590,27200,1.5,0,0,4,6,1590,0,1926,47.4238,-122.052,1820,12.542544882151386
2,1.0,2020,7200,1.0,0,3,4,7,1700,320,1947,47.506,-122.384,2020,13.487006490992238
3,1.0,1170,8816,1.0,0,0,4,6,1170,0,1966,47.3059,-122.368,1200,12.24288661865289
2,1.0,800,7260,1.0,0,0,3,7,800,0,1953,47.5359,-122.367,1010,12.691580461311874
6,4.5,3560,14010,2.0,0,0,3,7,3560,0,1989,47.3244,-122.217,1710,12.871334622600584
4,3.5,3010,6202,2.0,0,0,3,9,3010,0,2005,47.5533,-121.993,2520,13.55284624848778
3,1.0,1220,3000,1.5,0,0,3,6,1220,0,1901,47.6506,-122.346,1350,12.84792653170257
4,2.5,1900,3301,2.0,0,0,3,7,1900,0,2007,47.489,-122.249,1960,12.721885810807203
3,2.5,1830,8022,2.0,0,0,3,8,1830,0,1987,47.6198,-122.044,2030,13.184398768323781
4,2.5,3470,32109,2.0,0,0,3,10,3470,0,1995,47.7311,-122.036,3800,13.681979165339751
4,1.75,1840,10528,1.0,0,0,3,7,1210,630,1990,47.2987,-122.385,1620,12.524162674153336
5,2.0,2940,5500,2.0,0,0,4,9,2340,600,1909,47.6466,-122.321,2940,13.764217263576723
4,1.75,1980,2700,1.5,0,0,3,8,1210,770,1931,47.6865,-122.32,1720,13.235692062711331
2,1.0,990,4920,1.0,0,0,3,6,990,0,1931,47.6939,-122.368,990,12.971540487669746
3,2.5,1540,1614,3.0,0,0,3,8,1470,70,2008,47.6961,-122.341,1540,12.932291867150314
3,2.5,2150,9266,2.0,0,0,3,8,2150,0,1988,47.7445,-122.248,2150,12.966971928140937
5,3.5,2690,4800,2.0,0,2,3,8,1930,760,1919,47.5592,-122.269,2080,13.444446876573442
2,2.0,1610,17600,2.0,0,0,3,6,1610,0,1930,47.4855,-122.266,1310,12.580734844483294
4,2.5,2720,10455,2.0,0,2,3,10,2500,220,1981,47.5564,-122.158,3240,13.790192749979985
3,1.0,1150,5120,1.0,0,0,4,6,800,350,1946,47.5588,-122.392,1220,12.948009990259552
2,1.75,1800,7191,1.0,0,3,4,7,990,810,1952,47.4828,-122.191,1940,12.84792653170257
3,1.0,960,5030,1.0,0,0,3,7,960,0,1955,47.5611,-122.28,1460,12.367340793126296
1,0.75,470,15000,1.0,0,0,3,4,470,0,1947,47.6554,-121.908,1730,11.957611286231675
2,1.5,1820,7800,1.0,0,0,4,7,1240,580,1956,47.7513,-122.357,1400,13.038981768465277
4,2.5,1594,7665,1.0,0,0,5,7,1088,506,1975,47.3262,-122.211,1536,12.502466658583977
3,2.25,1370,5000,2.0,0,0,3,7,1370,0,1990,47.7372,-121.981,1600,12.611371073081239
3,2.0,1360,8752,1.0,0,2,4,6,1360,0,1942,47.6879,-122.208,2530,13.545013310266594
4,2.5,1990,2175,2.0,0,0,3,8,1680,310,2005,47.6696,-122.371,1560,13.296316684527767
3,1.75,2000,9760,1.0,0,0,4,8,1400,600,1978,47.4417,-122.134,1890,12.676076274775909
4,2.25,1780,10748,2.0,0,0,4,8,1780,0,1964,47.762,-122.11,2070,12.886641043883259
2,2.25,1180,2090,2.0,0,0,3,7,1180,0,2004,47.6032,-122.31,1550,13.011431816697048
4,0.75,1960,8277,1.0,1,4,4,7,1320,640,1923,47.3648,-122.325,1940,13.16158409055761
4,1.75,1770,9011,1.0,0,0,5,7,1050,720,1983,47.3646,-122.076,1410,12.487296407920908
3,2.5,1540,1256,3.0,0,0,3,8,1540,0,2004,47.6498,-122.346,1500,13.204864598916073
3,2.25,2675,40910,2.0,0,0,3,8,2675,0,1984,47.5916,-122.055,2300,13.399995114002609
4,2.75,1790,47250,1.0,0,0,3,7,1220,570,1987,47.5302,-121.746,1250,12.873902018105829
3,1.75,1960,4788,1.0,0,0,4,7,1090,870,1920,47.6746,-122.312,1960,13.303016877097587
3,1.0,1150,4945,1.0,0,2,3,7,1150,0,1943,47.5663,-122.379,1390,13.081541382884074
4,2.0,1720,5413,2.0,0,0,3,7,1470,250,1938,47.6929,-122.321,1510,13.112313041550827
4,2.5,3100,10000,2.0,0,0,3,9,3100,0,1978,47.3741,-122.15,1850,13.016891744462095
3,2.5,2080,12032,2.0,0,0,3,8,2080,0,1978,47.7455,-122.073,2320,13.102160670086809
3,1.75,1200,9085,1.0,0,0,4,7,1200,0,1968,47.2795,-122.353,1200,12.341258918085241
4,1.0,1650,8250,1.0,0,0,3,7,1650,0,1966,47.6366,-122.118,2240,13.155798153490567
3,3.5,1550,1233,2.0,0,0,3,8,1160,390,2005,47.6034,-122.309,1490,13.180632285528304
4,2.0,2120,9442,1.0,0,0,5,7,1060,1060,1968,47.7675,-122.226,1290,13.028052697933088
3,1.0,1800,7200,1.0,0,0,3,7,1020,780,1964,47.5616,-122.275,1740,13.122363377404328
2,1.75,1170,8200,1.0,0,0,4,6,780,390,1937,47.3263,-122.305,1780,12.618182296357007
3,2.5,2530,8116,2.0,0,0,3,8,2530,0,2001,47.7597,-122.167,2280,13.017002861746503
3,1.0,1260,7660,1.0,0,0,3,6,1260,0,1947,47.7476,-122.35,1990,12.542544882151386
2,1.0,1020,47044,1.0,0,0,5,7,1020,0,1904,47.4206,-122.155,1930,12.538967060803502
3,1.75,1630,9450,1.0,0,0,4,7,1080,550,1977,47.3729,-122.295,1280,12.388394202324129
3,1.5,1470,17577,1.0,0,0,5,7,1470,0,1967,47.4695,-122.116,2300,12.772805901234461
3,2.25,1660,6000,1.0,0,0,3,7,1110,550,1979,47.6113,-122.297,1440,12.959844447906553
2,1.0,1070,4500,1.0,0,0,3,7,1070,0,1937,47.6802,-122.29,1320,12.936033799212835
4,2.5,2500,8215,2.0,0,0,3,8,2500,0,1990,47.4124,-122.204,2360,12.826649133255284
3,1.0,860,11900,1.0,0,0,4,6,860,0,1963,47.3574,-122.186,1660,11.982929094215963
3,2.5,2010,11618,2.0,0,0,3,7,2010,0,1990,47.1956,-121.985,1550,12.538967060803502
3,2.0,1410,10625,1.0,0,0,3,7,1410,0,1980,47.3649,-122.117,1410,12.345834587905333
4,2.25,1820,8255,1.5,0,0,4,7,1320,500,1930,47.723,-122.337,1550,12.8989397868828
3,1.0,1060,7900,1.0,0,0,3,7,1060,0,1961,47.4604,-122.18,1310,12.2783933071098
3,2.25,1900,18000,1.0,0,0,4,7,1280,620,1968,47.3251,-122.354,1920,12.26434155365415
3,2.5,3200,35012,1.5,0,0,3,8,2100,1100,1965,47.4651,-121.993,2690,13.312983737012978
3,2.0,1010,7380,1.0,0,0,3,7,1010,0,1982,47.6273,-122.062,1650,12.86099861326992
3,1.0,1410,8250,1.0,0,0,3,7,1410,0,1954,47.7621,-122.36,1580,12.691580461311874
3,2.5,1670,6666,2.0,0,0,4,7,1670,0,1992,47.3488,-122.033,1370,12.580047086546967
2,1.75,1300,4000,2.0,0,0,3,7,1300,0,1948,47.6687,-122.288,1350,12.994530005894443
5,3.0,2900,6730,1.0,0,0,5,8,1830,1070,1977,47.6784,-122.285,2370,13.670484785914017
2,1.75,1460,7926,1.0,0,0,4,7,1460,0,1987,47.3665,-122.092,1680,12.379815846549256
4,2.0,1540,10212,1.5,0,0,5,7,1540,0,1948,47.2056,-121.999,1480,12.468244583811861
3,2.25,2020,8379,2.0,0,0,3,7,2020,0,1994,47.3828,-122.023,2020,12.70076888736628
2,1.75,1610,6300,1.0,0,0,3,7,1010,600,1941,47.554,-122.304,1370,12.755638097612096
4,2.5,2080,5191,2.0,0,0,3,8,2080,0,2001,47.5978,-122.017,2170,13.306350213517344
4,1.0,1610,2982,1.5,0,0,4,7,1610,0,1925,47.587,-122.294,1610,13.190022025878143
3,4.0,4200,30120,2.0,0,2,4,11,3600,600,1933,47.6379,-122.311,2760,14.615267473582477
3,1.75,1870,9000,1.0,0,0,5,9,1870,0,1958,47.7203,-122.361,2030,13.297808008925324
3,2.5,2160,9888,2.0,0,0,4,9,2160,0,1989,47.6712,-122.142,3060,13.504900980868788
4,2.25,2490,7233,1.0,0,0,3,8,1460,1030,1978,47.3115,-122.396,2000,12.524526376648708
3,1.0,840,12091,1.0,0,0,3,6,840,0,1959,47.3281,-122.343,840,12.128111104060462
4,2.5,2140,7245,2.0,0,0,3,7,2140,0,2003,47.729,-122.35,2080,13.112313041550827
4,4.0,6050,84942,2.5,0,2,3,9,4150,1900,2009,47.7466,-122.029,2700,13.742939865129438
3,1.75,3150,9258,1.0,0,1,3,8,2370,780,1970,47.5571,-122.08,2740,13.017002861746503
4,2.5,3000,5639,2.0,0,0,3,8,3000,0,2008,47.7066,-122.115,3000,13.540942124657876
3,2.5,1720,3012,2.0,0,0,3,9,1720,0,2011,47.7312,-122.334,1720,13.122363377404328
3,1.0,1060,8625,2.0,0,0,4,7,1060,0,1962,47.6615,-122.179,2010,13.074223002076394
3,1.75,2360,4063,1.0,0,0,5,7,1180,1180,1940,47.6902,-122.382,1660,13.35624902525044
4,2.75,3010,10830,2.0,0,3,4,9,3010,0,1980,47.7005,-122.232,3010,13.897551268300484
3,2.25,2670,37089,2.0,0,0,3,9,2670,0,1990,47.3347,-122.077,2290,12.751299696013497
3,2.0,2900,5650,1.0,0,2,3,8,1520,1380,1959,47.5789,-122.396,1810,13.331002242515657
3,2.0,1170,7258,1.0,0,0,3,7,1170,0,1984,47.3333,-122.266,1410,12.429216196844383
3,1.0,1040,8910,1.0,0,0,3,6,1040,0,1943,47.5024,-122.32,1330,12.154779351142624
3,3.25,4330,14600,2.0,0,0,3,10,3630,700,1985,47.6341,-122.044,3220,13.49088783770021
3,2.5,2080,7749,2.0,0,0,3,8,2080,0,1988,47.5723,-122.021,2210,13.217673557208654
3,2.0,1460,10311,1.0,0,0,4,7,1460,0,1975,47.6771,-122.156,1690,13.02915099568215
3,1.75,1290,4811,1.0,0,0,3,7,1290,0,1996,47.3912,-122.234,1310,12.0015054797889
3,2.5,2440,7419,1.0,0,0,3,7,1520,920,1961,47.6857,-122.334,2440,13.737549016494562
2,1.0,670,10920,1.0,0,0,3,6,670,0,1942,47.5128,-122.372,900,12.388394202324129
3,2.0,1350,11805,1.0,0,0,3,7,1350,0,1986,47.7313,-121.971,1350,12.691580461311874
3,1.75,1070,6110,1.0,0,0,4,7,1070,0,1968,47.3249,-122.207,1350,12.180754837545884
3,2.0,1140,11620,1.0,0,0,3,7,1140,0,1994,47.4991,-121.783,1140,12.736700896592344
4,2.5,2700,4590,2.0,0,0,3,8,2700,0,2002,47.6734,-122.329,2080,13.830399170458024
2,1.0,830,8000,1.0,0,0,3,6,830,0,1954,47.4215,-122.318,1300,12.206072645530174
4,1.0,1600,5500,1.5,0,0,4,7,1600,0,1946,47.6983,-122.393,1900,13.345506928718539
3,1.0,1300,7420,1.0,0,0,4,6,1300,0,1960,47.2899,-122.219,1250,12.245293358683455
2,1.5,1790,3760,1.5,0,0,4,8,1280,510,1928,47.6871,-122.373,1540,13.038981768465277
3,2.0,1580,6655,1.0,0,0,3,6,790,790,1944,47.4927,-122.248,1090,12.307486884872146
5,2.5,2100,17825,1.0,0,0,4,7,1400,700,1974,47.3094,-122.191,2200,12.64400494377584
4,2.25,2280,6660,1.5,0,2,3,8,1960,320,1940,47.6503,-122.368,1720,13.617059619240436
3,2.5,2420,8856,1.0,0,3,3,9,1620,800,1957,47.5405,-122.263,2650,13.534473028231162
3,2.5,1990,3694,2.0,0,0,3,8,1990,0,1989,47.3872,-122.154,2110,12.72039215855042
3,2.5,2060,7658,2.0,0,0,3,8,2060,0,2003,47.2923,-122.36,2250,12.687881320225673
4,2.5,2280,4534,2.0,0,0,3,8,2280,0,2003,47.5902,-122.018,2246,13.253391639810733
4,1.0,1650,9750,1.0,0,0,4,7,1650,0,1964,47.4991,-122.164,1650,12.551433829568632
3,2.75,2680,20104,1.0,0,0,5,9,1820,860,1964,47.6304,-122.234,3060,14.093142294562554
4,2.5,3260,5608,2.0,0,0,3,9,3260,0,2003,47.5453,-121.995,3010,13.604789526648622
3,2.25,2210,10794,1.0,0,0,3,7,1540,670,1967,47.4911,-122.224,2230,13.16158409055761
3,1.75,1540,9154,1.0,0,0,3,8,1540,0,1983,47.6207,-122.042,1990,13.017002861746503
3,2.5,3680,35617,1.0,0,0,3,10,2390,1290,1985,47.7213,-122.12,3570,13.554145793829866
4,1.75,2570,12039,1.0,0,0,3,8,1910,660,1978,47.626,-122.048,2200,13.112313041550827
3,1.75,1840,17286,1.0,0,0,4,7,1440,400,1978,47.371,-122.173,1840,12.691580461311874
3,1.75,1410,16105,1.0,0,0,3,7,1410,0,1982,47.6927,-121.913,1550,12.634603026569334
4,2.5,1889,6000,2.0,0,0,3,7,1889,0,2012,47.2676,-122.256,1990,12.535196520381616
3,1.75,2570,39634,2.0,0,0,3,8,2570,0,1984,47.596,-122.08,2990,13.339891189932903
3,2.25,1460,5818,1.0,0,0,3,7,1140,320,1986,47.3113,-122.358,1490,12.388394202324129
3,2.5,1750,4797,2.0,0,0,4,7,1750,0,1991,47.6954,-122.199,1750,13.262125319779487
3,2.25,1700,7210,1.0,0,0,4,7,1250,450,1974,47.3546,-122.318,2070,12.542544882151386
5,1.75,2330,4947,1.0,0,0,4,8,1380,950,1955,47.5352,-122.392,2120,13.257768014410532
3,2.5,1656,108900,1.0,0,0,4,7,1656,0,1985,47.3758,-122.425,2030,13.044401835934616
3,2.5,2400,9701,1.0,0,0,3,9,2400,0,1990,47.3081,-122.392,2400,12.779873068457553
4,2.0,2300,3400,1.5,0,0,5,8,1550,750,1915,47.678,-122.361,1670,13.335860551666734
3,1.0,1430,19901,1.5,0,0,4,7,1430,0,1927,47.7558,-122.229,1780,12.644327576461329
5,1.0,1700,11727,1.5,0,0,4,7,1700,0,1954,47.686,-122.172,1740,13.197470849891134
4,2.5,3240,23870,1.0,0,0,3,9,1840,1400,1972,47.7731,-122.282,2290,13.319573546692034
4,2.75,2440,7150,1.0,0,0,3,7,1200,1240,1963,47.3662,-122.282,1790,12.506177237980511
4,2.25,2770,9340,2.0,0,0,4,9,2770,0,1979,47.5628,-122.081,3010,13.623138665316818
3,1.75,1790,12000,1.0,0,0,3,7,1040,750,1960,47.3945,-122.313,1840,12.400816722322686
3,2.5,1630,11592,2.0,0,0,3,8,1630,0,1987,47.7574,-122.228,1700,12.79496980471632
2,2.5,1900,4871,2.0,0,0,3,8,1900,0,2005,47.7132,-122.034,1640,13.132264202081592
4,2.0,2260,10800,1.0,0,0,3,9,2260,0,1978,47.6124,-122.153,2650,13.437174117244362
4,2.5,3060,7920,1.0,0,0,3,8,1810,1250,1974,47.7675,-122.261,2690,13.009194679298691
3,1.5,1510,344124,1.0,0,2,4,7,1510,0,1964,47.2156,-122.029,1750,12.697715449879391
2,1.5,1670,6000,1.0,0,0,3,7,1090,580,1950,47.6517,-122.374,1670,13.324691789004618
3,2.5,2430,5400,2.0,0,0,3,8,2430,0,2007,47.6062,-122.057,2640,13.217673557208654
3,1.75,2240,9200,1.0,0,0,4,7,1440,800,1968,47.2635,-122.284,1740,12.528156144699286
2,2.75,1370,1140,2.0,0,0,3,8,1080,290,2009,47.7052,-122.343,1370,12.791077667470416
3,2.0,1340,3000,2.0,0,0,5,7,1340,0,1905,47.6857,-122.349,1120,13.215853720491667
4,2.0,2280,6010,1.0,0,0,3,7,1140,1140,1900,47.6034,-122.289,2240,13.350295445450335
3,2.25,1740,8491,1.0,0,0,3,8,1240,500,1958,47.7758,-122.379,2080,12.983101310070822
3,2.25,3280,79279,1.0,0,0,3,10,3280,0,2001,47.3207,-122.293,1860,13.37700559577791
3,1.5,1340,11744,1.0,0,0,2,7,1340,0,1950,47.4947,-122.36,2020,12.785491060761776
4,2.5,2410,7140,2.0,0,0,3,8,2410,0,1993,47.6329,-122.021,2350,13.317930160948304
4,2.5,2810,10951,2.0,0,0,3,8,2810,0,2003,47.3249,-122.187,1680,12.886641043883259
4,2.5,2580,9450,1.0,0,0,4,8,1660,920,1959,47.703,-122.28,2060,13.38472764187182
4,2.5,2750,10351,2.0,0,0,3,10,2750,0,1998,47.5894,-121.98,3370,13.500799813124575
4,2.5,3350,4501,2.0,0,0,3,9,2640,710,2002,47.688,-122.379,1000,13.737549016494562
3,1.0,1710,6195,1.0,0,0,3,7,1410,300,1946,47.6706,-122.265,1610,13.415032991367148
2,1.75,1610,4104,1.0,0,0,3,7,950,660,1996,47.5565,-122.275,1510,12.891691559669328
3,1.0,840,6500,1.0,0,0,5,6,840,0,1969,47.3637,-122.083,920,12.220961258023925
4,3.5,3620,6499,2.5,0,0,3,9,3620,0,2003,47.7326,-122.36,2330,13.623138665316818
4,3.5,4370,8510,2.0,0,1,3,10,3610,760,2003,47.5876,-122.204,2960,14.491114756306057
4,2.25,1800,5555,2.0,0,0,3,7,1800,0,2003,47.3498,-122.052,1810,12.513557345278134
2,1.0,830,4000,1.0,0,0,4,6,830,0,1947,47.6909,-122.381,1420,13.028052697933088
3,1.75,1830,51836,1.0,0,0,4,7,1430,400,1966,47.4774,-122.098,1320,12.611537753638338
4,3.5,4270,117176,2.0,0,0,3,9,4270,0,2008,47.5352,-121.883,2610,13.813458453838143
4,3.5,3980,209523,2.0,0,2,3,9,3980,0,2006,47.5574,-121.89,2220,13.604789526648622
5,3.25,3990,13087,2.0,0,0,3,9,2400,1590,1991,47.3632,-122.061,2580,13.383187995686226
3,2.0,1380,3500,2.0,0,0,3,7,1380,0,1971,47.5558,-122.27,1620,12.524526376648708
3,2.5,1610,1728,3.0,0,0,3,8,1610,0,2000,47.6776,-122.318,1540,13.120361374733656
2,2.0,1350,4225,1.0,0,0,3,8,1350,0,2003,47.7106,-122.03,1660,12.966878474563934
3,1.0,1080,10639,1.5,0,0,3,7,1080,0,1953,47.3171,-122.219,1470,12.296827008798639
4,3.25,3030,7644,2.0,0,0,3,8,2830,200,2006,47.5457,-121.881,3400,13.34222153772701
4,2.75,2670,6780,2.0,0,3,5,8,1630,1040,1908,47.5131,-122.256,2400,13.422467969854667
3,2.5,1440,3060,2.0,0,0,3,7,1440,0,2003,47.6821,-122.035,1650,12.950863059241957
5,1.5,1500,7112,1.0,0,0,5,6,760,740,1920,47.4692,-122.35,1200,12.487485104968359
2,1.0,1270,43560,1.0,0,0,4,5,1270,0,1908,47.3651,-122.165,1870,13.217673557208654
5,2.5,2910,9636,1.0,0,0,4,7,1690,1220,1964,47.5803,-122.119,2830,13.180632285528304
3,2.25,1830,8831,1.0,0,0,3,7,1460,370,1979,47.7286,-122.215,2330,12.973863369085885
4,3.25,3580,43093,1.0,0,0,4,8,3580,0,1990,47.5595,-121.901,2070,13.458835614025542
4,2.5,2480,9869,1.0,0,0,4,8,1240,1240,1963,47.7612,-122.229,2230,13.083622549087899
3,2.75,2730,38869,1.5,1,4,3,9,1940,790,1963,47.4857,-122.361,2630,14.107246900744096
4,3.25,2050,5000,2.0,0,0,4,8,1370,680,1987,47.6235,-122.298,1720,13.527828485512494
2,2.25,2210,5500,1.0,0,0,4,8,1410,800,1968,47.697,-122.39,2140,13.328248454319036
3,1.5,1340,1110,2.0,0,0,3,7,1040,300,1999,47.698,-122.366,1220,12.793859310432293
4,2.5,1720,5805,2.0,0,0,3,8,1720,0,2000,47.3286,-122.208,2360,12.59710070584057
4,2.5,2430,44001,1.0,0,0,3,8,2430,0,1994,47.7125,-121.916,2200,13.253391639810733
3,3.25,2780,4002,2.0,0,0,3,8,2780,0,2009,47.7348,-121.966,1890,12.905450375840756
4,2.25,2550,7650,2.0,0,2,4,9,2550,0,1996,47.5296,-122.342,2550,13.049792684569493
2,1.0,1140,101529,1.5,0,0,3,6,1140,0,1932,47.2592,-122.228,1580,12.89921982609012
5,2.5,3370,8113,2.0,0,0,3,9,3370,0,2005,47.5812,-122.196,2470,14.034646087880946
5,3.75,4320,39094,2.0,1,4,3,8,4320,0,1938,47.7519,-122.276,1920,14.403297222866392
2,1.0,880,1712,2.0,0,0,4,7,880,0,1945,47.6475,-122.397,1360,12.685407602204794
4,2.0,2610,14321,1.5,0,0,4,6,1690,920,1940,47.4672,-122.296,1630,12.594561129431222
3,2.0,2410,50654,1.5,0,0,3,7,2410,0,1995,47.4154,-122.458,1900,13.091904169919621
3,2.5,1490,1709,3.0,0,0,3,8,1490,0,2004,47.7173,-122.299,1364,12.779594156325743
5,2.5,3390,9760,1.0,0,0,5,8,1750,1640,1978,47.4462,-122.137,2360,13.038981768465277
3,1.0,1800,5750,1.0,0,0,3,7,1040,760,1947,47.686,-122.395,1320,13.321214236149494
4,2.5,3420,115434,2.0,0,0,3,9,3420,0,1989,47.3932,-121.988,3250,13.253391639810733
5,2.0,2050,3000,1.5,0,0,3,7,1470,580,1912,47.6864,-122.352,1560,13.351886535682578
3,2.5,2099,4275,2.0,0,0,3,7,2099,0,2010,47.3521,-122.211,2099,12.577463773304586
3,1.75,1340,6250,1.0,0,0,4,7,1090,250,1941,47.5427,-122.386,1550,13.122263372403996
4,2.5,2730,10753,2.0,0,0,3,9,2730,0,1991,47.5414,-122.133,3090,13.53579665516167
4,2.75,1800,7750,1.0,0,0,4,8,1400,400,1965,47.7776,-122.384,1800,13.217673557208654
4,2.5,2920,252648,2.0,0,0,3,10,2920,0,2002,47.4784,-122.048,2180,13.617059619240436
2,1.0,1450,4750,1.0,0,0,3,7,850,600,1950,47.5293,-122.272,1190,12.254862809699606
4,2.5,2905,4874,2.0,0,0,3,9,2905,0,2003,47.4084,-122.169,2900,12.80765263256463
3,2.5,1470,1256,2.0,0,0,3,8,930,540,2006,47.6033,-122.309,1510,12.892950213076524
4,2.5,2690,8036,2.0,0,0,4,9,2690,0,1987,47.6596,-122.144,2420,13.579788224443204
3,2.0,1550,12262,1.0,0,0,4,7,1550,0,1964,47.5755,-122.216,2900,13.493926933836812
4,1.75,1530,8152,1.0,0,0,5,6,910,620,1948,47.7557,-122.328,1310,12.730801174465157
3,1.0,1000,8470,1.0,0,0,4,6,1000,0,1963,47.3056,-122.37,1020,12.185869938212655
4,2.5,2430,5959,2.0,0,0,3,8,2430,0,2002,47.3348,-122.19,2100,12.628067055589549
3,1.0,1190,9486,1.0,0,0,4,7,1190,0,1953,47.4319,-122.339,2100,12.834681304952548
4,2.5,3250,6933,2.0,0,0,3,8,3250,0,2009,47.4956,-122.151,3030,13.190022025878143
3,2.5,2300,18540,1.0,0,0,3,8,1800,500,1961,47.7767,-122.369,2460,13.269057756555132
4,2.75,2060,7350,1.0,0,0,3,7,1210,850,1978,47.3424,-122.275,1940,12.524526376648708
4,1.75,1890,9205,1.0,0,0,3,8,1260,630,1964,47.774,-122.348,1430,12.611537753638338
2,1.0,1470,25661,1.5,0,0,3,4,1470,0,1932,47.4878,-122.13,1670,12.345834587905333
2,1.0,800,17965,1.0,0,0,4,5,800,0,1942,47.4693,-122.161,1500,12.345834587905333
4,4.25,4700,10800,2.0,0,1,3,11,3910,790,2002,47.6882,-122.214,2370,14.615267473582477
4,1.0,1540,4500,1.5,0,0,2,7,1540,0,1905,47.587,-122.384,1920,13.044401835934616
3,2.5,2680,87117,1.0,0,0,3,7,1340,1340,1989,47.5646,-121.935,2580,13.071070083016778
3,1.0,1260,7897,1.0,0,0,3,7,1260,0,1979,47.1946,-122.003,1560,12.2783933071098
2,1.0,810,4080,1.0,0,0,4,6,810,0,1941,47.5337,-122.379,1400,12.691580461311874
3,1.0,1300,14138,1.0,0,0,4,7,1300,0,1943,47.593,-122.165,2440,12.89921982609012
2,1.0,930,4000,1.0,0,0,3,6,730,200,1943,47.5321,-122.323,1100,12.504323669331189
3,2.0,1560,8640,1.0,0,0,5,7,1560,0,1967,47.7294,-122.186,1970,13.049792684569493
5,2.5,2620,12763,1.0,0,0,3,7,1400,1220,1979,47.72,-122.213,2390,12.706847933442663
4,2.5,2820,5934,1.0,0,3,5,9,1770,1050,1952,47.5706,-122.403,2230,13.77468856344402
3,1.75,2000,9900,1.0,0,2,4,8,1480,520,1957,47.4436,-122.339,2310,12.994530005894443
3,2.5,2850,19593,1.5,1,4,3,10,1790,1060,1978,47.5894,-122.111,2850,14.28551418721001
8,3.0,3840,15990,1.0,0,0,3,7,2530,1310,1961,47.7111,-122.211,1380,13.262125319779487
4,2.0,1870,6000,1.5,0,0,3,7,1870,0,1956,47.7155,-122.315,1520,13.01477816672439
3,1.0,1700,11390,1.0,0,0,4,7,1700,0,1967,47.3271,-122.323,1350,12.254862809699606
3,2.25,1670,3135,2.0,0,0,3,8,1220,450,2002,47.6478,-122.396,1630,13.199324418540456
1,1.75,1010,10900,1.0,0,0,4,6,1010,0,1968,47.7391,-121.982,1410,12.555672620796942
5,3.0,3880,13000,2.0,0,0,3,10,3880,0,1972,47.5467,-122.234,3470,14.411596025681089
2,2.0,2260,9604,1.0,0,0,3,9,2260,0,1990,47.7718,-122.208,2260,13.219490088135052
4,3.0,3280,62726,1.5,0,0,3,7,3280,0,1979,47.7509,-122.056,3210,13.034624463096321
4,2.5,2798,5085,2.0,0,0,3,9,2798,0,2011,47.3308,-122.187,2502,12.994530005894443
4,2.5,2570,8178,1.0,0,2,3,8,1710,860,1961,47.5483,-122.261,2050,13.530491602931978
4,2.5,2430,6099,1.0,0,0,5,8,1470,960,1965,47.6777,-122.287,2180,13.541073712262515
3,1.0,1300,10139,1.0,0,0,3,7,1300,0,1962,47.3427,-122.087,1260,12.468436909997665
5,3.5,3490,9680,2.0,0,4,3,9,2460,1030,1980,47.7757,-122.391,3080,13.755229627079345
3,1.5,1540,13475,1.0,0,0,4,7,1540,0,1972,47.4766,-122.153,1550,12.506177237980511
2,1.0,800,8960,1.0,0,0,4,6,800,0,1944,47.4756,-122.174,850,11.996881307833968
4,3.5,3400,5222,2.0,0,0,3,9,3400,0,2005,47.3559,-122.0,3190,13.151922179645874
3,1.75,1260,3604,1.0,0,0,3,7,1260,0,2012,47.3612,-122.103,1430,12.464583340681674
3,2.5,2420,8252,2.0,0,0,3,7,2420,0,1998,47.5382,-121.871,2420,13.029370510555164
3,2.5,2730,7372,2.0,0,0,3,9,2730,0,1998,47.2831,-122.346,2710,12.765688433465597
4,2.75,2420,39704,1.0,0,0,3,9,2420,0,1985,47.4053,-122.03,2760,12.821258284620408
5,2.0,1590,9350,1.0,0,0,5,7,1060,530,1962,47.3398,-122.286,1460,12.417143615610113
3,2.25,1970,3716,2.0,0,0,3,7,1970,0,1997,47.4907,-122.167,1780,12.736700896592344
3,2.0,2340,3477,1.0,0,1,5,7,1170,1170,1971,47.54,-122.267,2110,13.235692062711331
3,1.0,930,6572,1.0,0,0,3,7,930,0,1952,47.6889,-122.301,960,12.8802918162046
3,1.75,1830,12500,1.0,0,1,3,7,1200,630,1947,47.5087,-122.25,1830,12.685407602204794
3,2.5,2830,5802,2.0,0,0,3,9,2830,0,2001,47.7605,-122.234,2500,13.219490088135052
5,3.25,2680,3011,2.0,0,0,3,9,1870,810,1910,47.6115,-122.287,3440,13.844049422770695
4,2.5,1830,7308,2.0,0,0,3,7,1830,0,2002,47.3565,-122.015,1830,12.788288265382837
4,1.5,2440,8040,1.0,0,0,4,8,1440,1000,1950,47.7081,-122.374,2140,13.651814465293484
2,0.75,660,5240,1.0,0,0,4,4,660,0,1912,47.3881,-122.234,850,11.512925464970229
3,2.5,1470,1741,2.0,0,0,3,8,1170,300,2004,47.5464,-121.999,1470,13.026469027005582
3,2.25,1400,31626,1.0,0,0,2,7,1140,260,1987,47.3029,-122.069,1680,12.66032791780777
3,2.25,2880,6092,2.0,0,4,4,8,1920,960,1983,47.5878,-122.381,2880,13.866203672279791
3,2.5,2330,9160,2.0,0,0,3,9,2330,0,1997,47.5467,-122.181,2460,13.473020249017498
4,2.5,2150,9070,2.0,0,0,4,8,2150,0,1985,47.7279,-122.107,2230,13.329377546788654
4,2.0,1640,5014,1.0,0,0,4,7,930,710,1982,47.5545,-122.356,1600,12.840000466430148
4,2.75,2190,9209,2.0,0,0,4,8,2190,0,1996,47.3341,-122.188,2430,12.721885810807203
4,2.25,2260,8715,1.0,0,0,4,8,1530,730,1976,47.6237,-122.106,2220,13.422467969854667
3,1.75,1510,15744,1.0,0,0,3,7,1510,0,1985,47.476,-121.755,1470,12.706847933442663
5,2.5,2570,7412,2.0,0,0,3,8,2570,0,2006,47.7265,-121.957,2890,13.064734264567692
4,2.5,1904,8200,2.0,0,0,5,7,1904,0,1999,47.3107,-122.001,1560,12.80765263256463
3,1.75,1590,7280,1.0,0,0,3,7,1140,450,1974,47.4288,-122.153,1590,12.542544882151386
2,1.0,1130,2640,1.0,0,0,4,8,1130,0,1927,47.6438,-122.357,1680,13.355853220772683
4,2.5,3470,14271,2.0,0,0,3,9,3470,0,2005,47.5423,-121.877,3450,13.500799813124575
5,3.5,2880,5000,2.0,0,0,3,8,2260,620,2012,47.3455,-122.023,2590,12.947771866672285
3,2.25,1410,1340,2.0,0,0,3,8,1370,40,1967,47.6108,-122.113,1730,12.765688433465597
4,2.25,1910,8005,1.0,0,0,3,8,1280,630,1960,47.7259,-122.298,1860,13.176851562688398
3,1.0,670,23522,1.0,0,0,4,6,670,0,1968,47.5329,-121.89,1880,12.736700896592344
3,2.25,2570,47480,1.0,0,0,3,9,2570,0,1979,47.6854,-122.079,2570,13.345506928718539
3,1.5,1250,4000,1.0,0,0,3,7,1250,0,1955,47.6916,-122.379,1030,13.021437458814368
5,2.75,2910,9480,1.5,0,0,3,8,2910,0,1939,47.6552,-122.278,2940,13.997832114758229
3,2.75,1970,5200,1.5,0,3,3,8,1970,0,1915,47.5374,-122.388,2140,13.73808941099569
3,2.5,2220,2873,2.0,0,0,3,10,2010,210,2012,47.5311,-122.074,2290,13.390862630439337
4,2.25,1720,9753,1.0,0,0,4,7,1120,600,1978,47.2922,-122.371,1510,12.487296407920908
3,1.5,1500,5111,2.0,0,0,5,8,1500,0,1984,47.6118,-122.284,2380,13.547631112808673
4,1.0,1430,4080,1.5,0,0,3,7,1430,0,1924,47.6696,-122.324,1760,13.411669130972207
4,2.75,3130,13412,2.0,0,0,3,9,2140,990,1993,47.6993,-122.102,2260,13.635187003832993
3,3.5,2800,7694,1.0,0,0,3,9,2800,0,2005,47.7095,-122.022,2420,13.732128949025222
4,2.5,2990,6145,2.0,0,0,3,8,2990,0,2003,47.2612,-122.294,2590,12.834681304952548
2,2.25,1190,1499,2.0,0,0,3,9,1100,90,2004,47.6666,-122.285,1430,13.218945475250573
2,1.0,830,4045,1.0,0,0,3,6,830,0,1943,47.5293,-122.351,1100,11.918390573078392
4,2.5,1960,14242,1.0,0,1,4,8,1290,670,1958,47.4947,-122.369,2490,13.304684934198283
4,2.5,1920,7345,2.0,0,0,3,8,1920,0,1992,47.3526,-122.055,1860,12.62313688948169
3,2.5,2010,9725,2.0,0,0,4,8,2010,0,1987,47.568,-122.018,1850,13.102160670086809
5,3.0,2530,5105,1.0,0,0,3,8,1520,1010,2005,47.7546,-122.341,2290,13.151922179645874
3,2.25,1600,10240,1.0,0,0,3,7,1090,510,1979,47.7281,-122.232,1520,12.873902018105829
2,2.5,1860,3504,2.0,0,0,3,7,1860,0,2000,47.776,-122.239,1860,12.84792653170257
2,1.5,1995,115670,1.5,0,1,4,8,1995,0,1991,47.4022,-122.464,2142,13.37700559577791
3,1.0,940,9272,1.0,0,0,3,7,940,0,1954,47.4353,-122.335,1270,12.323855681186558
3,1.5,1560,6774,1.0,0,0,4,6,1060,500,1927,47.7024,-122.35,1320,12.821258284620408
3,1.5,1740,4200,1.5,0,0,4,7,1640,100,1920,47.6782,-122.361,1660,13.226723392728571
4,2.5,3050,7238,2.0,0,0,3,8,3050,0,1989,47.5772,-122.013,2580,13.36138027787483
3,2.5,3040,5326,2.0,0,0,3,9,3040,0,2008,47.4472,-122.207,3040,13.122363377404328
3,1.0,1540,9028,1.0,0,0,4,6,1540,0,1968,47.6698,-122.177,1450,13.017002861746503
4,2.5,1930,9643,2.0,0,0,4,7,1930,0,1992,47.4065,-122.18,1930,12.66032791780777
3,1.75,1910,5753,1.0,0,3,3,8,1110,800,1941,47.6898,-122.327,1630,13.296316684527767
2,1.0,1100,7323,1.0,0,0,3,7,780,320,1982,47.2874,-122.37,1410,12.100434313507177
5,6.0,7440,21540,2.0,0,0,3,12,5550,1890,2003,47.5692,-122.189,4740,15.252498033399682
2,1.0,840,10465,1.0,0,0,3,6,840,0,1951,47.755,-122.317,1320,12.594730635321957
3,1.0,1140,3240,1.5,0,0,4,6,1140,0,1910,47.7093,-121.364,1140,11.982929094215963
3,2.5,1690,3322,2.0,0,0,3,7,1690,0,2003,47.6824,-122.036,1650,13.079455876393052
3,2.5,1570,3143,2.0,0,0,3,7,1570,0,2001,47.7364,-121.969,1740,12.691580461311874
3,2.0,1700,52826,1.0,0,0,3,7,1700,0,1991,47.4164,-122.092,2480,12.969212197910155
2,0.75,900,9600,1.0,0,0,3,6,900,0,1941,47.4604,-122.339,1250,12.102100055147195
2,1.5,1140,1149,2.0,0,0,3,7,940,200,2001,47.6124,-122.314,1460,13.15773052124162
4,2.5,2980,8107,2.0,0,0,3,9,2980,0,2000,47.5389,-121.876,2750,13.341498907321
2,1.0,1400,4500,1.0,0,0,3,7,900,500,1922,47.4866,-122.219,1400,12.644327576461329
2,1.0,700,4000,1.0,0,0,3,6,700,0,1943,47.5487,-122.391,1060,12.706847933442663
3,1.5,1110,9762,1.0,0,0,4,7,1110,0,1963,47.676,-122.15,1900,12.9384405392434
3,1.75,2180,9220,1.0,0,0,4,7,1090,1090,1938,47.3547,-122.285,2050,12.871334622600584
2,2.0,1440,8425,1.0,0,0,4,6,1440,0,1942,47.4831,-122.296,1430,12.69832688371073
3,2.25,1510,36224,2.0,0,0,3,8,1510,0,1991,47.4616,-121.711,1730,12.936033799212835
4,2.25,4370,22863,2.5,0,3,4,10,3670,700,1907,47.6878,-122.215,2980,14.669925886120343
2,1.0,1010,43056,1.5,0,0,3,5,1010,0,1990,47.7105,-121.316,830,11.951180395901384
2,1.0,1100,3598,1.0,0,0,4,7,1100,0,1926,47.5738,-122.313,1240,12.90669184092882
3,1.5,1190,4750,1.0,0,0,3,7,970,220,1940,47.6726,-122.386,1460,13.122363377404328
3,2.5,3160,13603,2.0,0,0,3,8,3160,0,2003,47.7443,-121.977,3050,13.098070684835283
3,1.0,980,9115,1.0,0,0,3,7,980,0,1968,47.3737,-122.312,1470,11.79810440720389
3,2.5,1390,1411,3.0,0,0,3,8,1390,0,2008,47.6485,-122.334,1350,13.235692062711331
5,5.75,9200,35069,2.0,0,0,3,13,6200,3000,2001,47.6289,-122.233,3560,15.532905611903466
3,2.25,2450,42180,1.0,0,0,4,7,2450,0,1978,47.3549,-122.111,1440,13.017002861746503
5,2.0,2000,3000,1.5,0,0,3,6,1200,800,1931,47.6028,-122.298,1330,13.047639831208393
2,1.0,1030,5934,1.0,0,0,4,7,1030,0,1928,47.6828,-122.287,1420,13.038981768465277
3,1.5,1120,7000,1.0,0,0,3,7,1120,0,1955,47.5987,-122.146,1470,12.887400249284777
3,1.0,1320,9239,1.0,0,0,4,7,1320,0,1968,47.312,-122.183,1320,12.235631447771718
3,1.75,1820,9545,1.0,0,0,3,7,1230,590,1976,47.7772,-122.296,1790,12.765688433465597
3,2.0,1590,8100,1.0,0,0,3,7,1060,530,1996,47.3611,-122.047,1590,12.429216196844383
3,1.0,1600,5952,1.0,0,0,4,7,1150,450,1964,47.5292,-122.362,1460,12.70381302974751
3,1.75,1560,5520,1.0,0,0,4,6,780,780,1944,47.6515,-122.399,1470,13.169246963303179
4,2.0,1440,7680,1.0,0,0,3,7,1200,240,1971,47.7245,-122.2,1460,12.891691559669328
4,2.0,1940,5000,1.0,0,0,4,7,980,960,1910,47.6719,-122.369,1940,13.367659733359671
3,1.0,1440,11330,1.0,0,0,3,7,1440,0,1965,47.4742,-122.265,1580,12.449018824140563
4,1.75,2360,11300,1.0,0,0,4,9,2360,0,1974,47.5728,-122.163,2290,13.503535792943449
5,3.0,4290,17100,1.0,0,3,3,9,2480,1810,1972,47.5473,-122.211,3550,14.349075668699754
3,2.5,2242,4995,2.0,0,0,3,8,2242,0,2011,47.2595,-122.202,1798,12.706544857216672
3,1.75,2080,5687,1.5,0,0,4,8,2080,0,1924,47.5776,-122.289,2300,13.45166712454693
3,2.25,2010,6000,1.0,0,0,3,8,1330,680,1975,47.6912,-122.115,2080,13.253391639810733
3,2.25,1350,980,2.0,0,0,3,8,1050,300,2007,47.5998,-122.312,1350,12.892950213076524
2,1.0,1280,5500,1.0,0,0,3,7,1280,0,1949,47.5179,-122.264,1270,12.388185847286392
4,2.5,2990,5669,2.0,0,0,3,8,2990,0,2003,47.6119,-122.011,3110,13.39239051461739
3,1.75,1730,8400,1.0,0,0,4,7,1400,330,1980,47.6792,-122.115,1830,13.165422866864775
4,3.5,4660,17398,2.0,0,2,3,11,4660,0,2003,47.5422,-122.112,5080,14.0623706358958
4,2.0,1770,5000,2.0,0,0,4,7,1770,0,1906,47.6748,-122.386,1550,13.357435499583813
4,2.75,2950,5803,2.0,0,0,3,9,2950,0,2007,47.7368,-122.231,2940,13.304684934198283
4,1.75,2000,7350,1.0,0,0,3,7,1100,900,1963,47.3428,-122.303,1720,12.495003937382387
4,1.0,3390,4500,1.5,0,0,3,8,2190,1200,1924,47.5824,-122.293,2030,13.567049198665774
4,2.25,3300,8365,3.0,0,0,3,9,3300,0,2014,47.5363,-122.377,1290,13.541073712262515
4,2.0,1240,3000,1.0,0,0,3,7,1040,200,1908,47.6076,-122.298,1480,12.834681304952548
4,2.5,3160,13194,2.0,0,0,5,10,3160,0,1965,47.5472,-122.233,3490,13.989463865087712
5,1.0,1280,3876,1.5,0,0,3,7,1280,0,1923,47.6605,-122.324,1420,13.17115354157376
3,2.5,2070,4944,2.0,0,0,3,9,2070,0,1930,47.6256,-122.284,3300,14.038654109278484
4,2.75,3430,15877,1.0,0,4,3,11,3430,0,2005,47.5364,-121.856,4080,13.825460888817442
3,2.5,1950,3600,2.0,0,0,3,7,1950,0,2010,47.3658,-122.021,1870,12.604848765487542
3,2.5,2490,23891,2.0,0,0,3,9,2490,0,1993,47.6716,-122.029,2900,13.458835614025542
3,1.75,1590,41550,1.5,0,0,3,6,1290,300,1933,47.4817,-122.28,2990,12.59642411582829
3,1.0,1200,9087,1.0,0,0,5,7,1200,0,1969,47.5234,-122.177,1250,12.736406735684207
2,1.75,1180,55321,1.0,0,0,3,8,1180,0,1941,47.3329,-122.091,1480,12.647548191161372
4,2.5,2700,5100,1.0,0,0,4,8,1440,1260,1968,47.5331,-122.384,1880,13.217673557208654
3,1.75,1440,8957,1.0,0,0,4,7,1440,0,1957,47.6008,-122.118,1340,13.217673557208654
3,1.75,1580,5750,1.0,0,2,4,8,1330,250,1947,47.6339,-122.392,2480,13.418757390458131
3,1.0,1460,10200,1.0,0,0,4,7,1460,0,1957,47.4238,-122.197,1460,12.301382825334498
5,2.5,2500,13034,1.0,0,0,3,7,1300,1200,1962,47.3343,-122.194,2440,12.685407602204794
3,2.5,2250,4134,2.0,0,0,3,9,2250,0,2004,47.6651,-122.084,2390,13.422467969854667
4,2.5,2150,7303,2.0,0,0,3,8,2150,0,2005,47.5109,-122.183,1940,12.8802918162046
3,1.0,1130,7920,1.0,0,0,3,7,1130,0,1961,47.4852,-122.125,1390,12.506177237980511
3,1.75,1270,7350,1.0,0,0,4,7,1270,0,1967,47.6046,-122.168,1880,13.303651066607985
4,1.75,1620,10530,1.0,0,0,3,7,1620,0,1968,47.3808,-122.211,1890,12.429016176841717
3,1.75,1600,4400,1.0,0,0,3,7,1030,570,1941,47.6348,-122.281,2150,13.444446876573442
3,2.5,4560,17622,2.0,0,0,4,9,3800,760,1986,47.621,-122.03,2360,13.45166712454693
3,2.0,1270,1348,3.0,0,0,3,8,1270,0,2003,47.6929,-122.342,1180,12.849241456283877
3,2.5,2000,6341,1.0,0,0,5,8,1040,960,1981,47.5639,-122.401,2030,13.345506928718539
3,2.0,1940,5820,1.5,0,0,5,7,1150,790,1944,47.6638,-122.362,990,13.407542319637992
3,2.0,2510,5200,1.0,0,0,5,8,1470,1040,1925,47.5631,-122.366,990,13.239257128875828
3,1.75,2080,12714,2.0,0,0,4,8,1540,540,1984,47.7056,-122.162,2080,12.987230703412832
4,1.75,1860,9750,1.0,0,0,3,7,1460,400,1969,47.7097,-122.202,1900,13.176851562688398
3,1.0,1560,7800,1.0,0,0,3,7,1560,0,1955,47.4549,-122.287,1468,12.517227074167097
3,2.5,2030,1800,3.0,0,0,3,9,2030,0,2013,47.6199,-122.3,1450,13.716794585025117
2,1.0,720,5040,1.0,0,0,3,6,720,0,1955,47.5267,-122.36,1357,12.230765258120545
3,1.5,1360,1167,3.0,0,0,3,8,1360,0,2008,47.6962,-122.349,1360,12.821258284620408
2,1.0,690,5200,1.0,0,0,3,6,690,0,1918,47.556,-122.395,1380,12.736700896592344
4,2.5,2680,11998,1.0,0,3,3,8,1510,1170,1960,47.337,-122.321,2680,13.038981768465277
3,1.0,1500,9416,1.0,0,0,4,8,1500,0,1952,47.7135,-122.332,1440,13.072122160967583
2,2.0,1610,6160,2.0,0,0,4,8,1610,0,1977,47.6644,-122.13,1750,13.017002861746503
3,2.25,1300,907,2.0,0,0,3,8,1000,300,2006,47.6371,-122.327,1300,13.240146413060712
3,1.5,1450,6875,1.0,0,0,4,7,1450,0,1961,47.4205,-122.316,1270,12.429016176841717
3,1.0,1020,9147,1.0,0,0,4,6,1020,0,1900,47.3127,-122.002,1600,12.273731294003989
4,1.0,1370,8499,1.0,0,0,3,7,1370,0,1949,47.736,-122.301,1370,12.611537753638338
4,1.5,1790,10200,1.0,0,0,4,8,1210,580,1963,47.3774,-122.225,1540,12.618182296357007
3,3.25,1520,1500,3.0,0,0,3,7,1520,0,2000,47.67,-122.389,1520,13.122363377404328
4,4.25,3500,8750,1.0,0,4,5,9,2140,1360,1951,47.7222,-122.367,3110,13.8878312195439
4,2.75,2970,59677,1.0,0,2,4,8,1610,1360,1973,47.5953,-122.08,2930,13.627975434117433
3,1.75,1970,7972,1.0,0,3,5,8,1370,600,1976,47.4908,-122.225,2460,13.124361380067002
3,2.0,1780,8621,1.0,0,0,3,8,1780,0,1992,47.5062,-122.149,2470,12.915339207970002
4,2.75,3540,13515,2.0,0,0,3,10,3540,0,1998,47.5945,-121.982,3540,13.617059619240436
3,3.5,1500,1249,2.0,0,0,3,8,1240,260,2004,47.6727,-122.373,1440,13.10011776845701
6,2.5,3560,6480,2.5,0,0,4,11,3560,0,1914,47.627,-122.304,2780,14.22097566607244
5,2.75,3220,5934,2.0,0,0,3,9,3220,0,2006,47.7076,-122.101,3100,13.589863876431945
4,2.0,2230,9900,1.5,0,0,5,9,2230,0,1959,47.5979,-122.173,2510,13.604727796348284
4,3.5,3610,6345,2.0,0,0,3,9,2370,1240,2008,47.4283,-122.102,3010,13.309672475709322
3,1.0,1300,9600,1.0,0,0,4,6,1300,0,1975,47.3037,-122.107,1150,12.180754837545884
3,1.0,1460,11880,1.0,0,0,2,7,1460,0,1961,47.3762,-122.219,1310,12.072541252905651
4,2.5,2658,3960,2.0,0,0,3,9,2658,0,2014,47.2603,-122.194,2578,12.927819430584478
3,1.0,1040,16986,1.0,0,0,4,7,1040,0,1968,47.4812,-122.097,1660,12.660169175050076
2,1.0,900,1818,2.0,0,0,4,7,900,0,1945,47.6485,-122.397,1570,12.718896271958837
6,3.75,2740,6924,1.0,0,2,3,7,1640,1100,1962,47.5816,-122.296,1940,13.28012581269758
2,2.0,1990,6180,1.0,0,0,4,7,1010,980,1941,47.6792,-122.303,1470,13.561907799165356
6,3.5,3000,6320,2.0,0,2,3,8,2400,600,1969,47.562,-122.279,1720,13.42984807715229
3,1.0,1010,8711,1.0,0,0,5,6,1010,0,1944,47.4914,-122.186,1250,12.429216196844383
2,1.0,1050,3088,1.0,0,0,3,7,1050,0,2005,47.5471,-121.996,1890,12.560244459250788
4,2.5,2320,8721,2.0,0,0,3,8,2320,0,1991,47.7326,-122.226,2260,13.240146413060712
2,1.75,2870,102366,2.0,0,2,4,8,1770,1100,1994,47.4847,-122.0,2960,13.253391639810733
3,1.0,860,7632,1.0,0,0,3,6,860,0,1920,47.4623,-122.345,890,12.535376392672774
3,1.0,1220,8040,1.5,0,0,3,7,1220,0,1965,47.7133,-122.308,1360,13.054084536651034
3,2.25,2390,7875,1.0,0,1,3,10,1980,410,1948,47.6515,-122.278,3720,13.985253332551368
3,1.0,1190,3600,1.5,0,0,3,6,1190,0,1904,47.5985,-122.298,1680,12.765688433465597
2,1.75,1990,6549,1.0,0,0,3,7,1170,820,1948,47.7,-122.296,1640,13.275084464421992
3,2.5,1600,1936,2.0,0,0,3,7,1600,0,2007,47.5629,-122.297,1600,12.886641043883259
4,3.0,2320,7200,2.0,0,0,3,7,2320,0,1976,47.7703,-122.312,2050,12.644327576461329
2,1.75,1720,5785,1.0,0,0,3,6,860,860,1948,47.5554,-122.274,1680,13.406037428458571
5,3.25,3240,6551,1.5,0,4,4,9,2500,740,1939,47.6792,-122.273,2740,14.026241389231908
3,3.25,1380,1225,3.0,0,0,3,7,1380,0,2000,47.7035,-122.351,1380,12.682306824526545
4,1.0,2320,4000,1.5,0,0,3,6,1310,1010,1921,47.573,-122.312,1750,12.89921982609012
3,2.25,1780,1429,3.0,0,0,3,8,1570,210,2007,47.6413,-122.346,1470,13.337474757021274
3,2.25,1610,8296,2.0,0,0,3,8,1610,0,1978,47.7,-122.297,1610,13.017002861746503
2,1.75,1860,5940,1.0,0,2,5,8,1020,840,1956,47.5751,-122.407,2130,13.418757390458131
3,1.5,1480,6752,1.0,0,0,4,7,1480,0,1959,47.4993,-122.176,1450,12.635091506592074
3,2.0,1330,7419,1.0,0,0,3,7,1330,0,1985,47.7322,-122.236,1330,12.751154757974255
3,2.5,1720,3407,2.0,0,0,3,7,1720,0,1992,47.4034,-122.188,1720,12.409013489526863
3,2.5,1610,6000,2.0,0,0,4,7,1610,0,1993,47.349,-122.036,1570,12.54966234992025
5,2.0,2140,5000,1.5,0,0,4,7,2020,120,1913,47.6044,-122.299,1810,13.42984807715229
2,2.0,1300,3850,1.0,0,0,3,7,800,500,1963,47.5395,-122.39,950,12.842649474601725
3,2.5,1480,15639,2.0,0,0,3,8,1480,0,1987,47.4723,-121.746,1480,12.524526376648708
3,2.5,2890,7027,2.0,0,0,3,8,2890,0,2004,47.6111,-122.009,2890,13.480037821676145
3,1.0,1220,7695,1.0,0,0,3,7,1220,0,1954,47.5191,-122.339,1210,12.310432660854417
4,2.75,5470,18200,2.0,1,4,3,11,3730,1740,1992,47.5316,-122.263,3620,14.293296327652065
3,2.25,2170,5001,2.0,0,0,3,8,2170,0,2014,47.6937,-122.338,1700,13.594863886848652
3,1.75,1330,7216,1.0,0,0,3,7,1330,0,1969,47.7199,-122.18,1500,12.850554654108839
3,2.5,2029,3906,2.0,0,0,3,9,2029,0,2014,47.341,-122.18,2029,12.859530002921938
4,2.25,2380,7400,1.0,0,0,4,8,1760,620,1979,47.3555,-122.149,1940,12.672946381766982
3,2.25,2100,205603,2.0,0,0,3,8,2100,0,1983,47.3668,-122.505,2396,12.988831984779805
4,1.75,2270,9830,1.0,0,0,4,8,2270,0,1959,47.5999,-122.176,2540,13.329377546788654
4,2.5,2423,7292,2.0,0,0,3,8,2423,0,2005,47.3227,-122.37,2495,12.577636201962656
5,4.5,4630,6324,2.0,0,0,3,9,3210,1420,2006,47.5382,-121.86,4420,13.603554196040628
3,2.5,1776,1248,3.0,0,0,3,8,1604,172,2006,47.6539,-122.352,1780,13.337474757021274
4,2.5,2480,8626,2.0,0,0,3,10,2480,0,2001,47.3185,-122.262,2990,12.948009990259552
2,1.5,1530,1012,2.0,0,0,3,8,1200,330,2005,47.602,-122.306,1530,13.017002861746503
3,1.75,1300,9856,1.0,0,0,4,7,1300,0,1962,47.3448,-122.298,1400,12.396693005138824
3,3.25,2640,4080,2.0,0,0,3,9,1840,800,1912,47.6636,-122.326,1990,13.742939865129438
2,2.0,1580,5203,1.0,0,0,3,8,1580,0,2004,47.7174,-122.032,1560,13.112313041550827
3,2.0,1460,11481,1.0,0,0,2,7,1170,290,1995,47.4493,-121.777,1540,12.14950229404178
6,4.25,6900,244716,2.0,0,0,4,9,4820,2080,2002,47.7506,-122.012,4170,13.94214320889764
2,1.0,1250,8100,1.0,0,0,4,7,1250,0,1947,47.7294,-122.329,1710,12.80765263256463
4,2.5,2170,7700,1.0,0,0,3,7,1420,750,1969,47.7216,-122.219,1710,13.049792684569493
4,2.5,3450,17400,1.5,0,0,4,9,2180,1270,1964,47.5969,-122.206,3770,14.143374420048886
3,1.0,1180,5650,1.0,0,0,3,7,1180,0,1955,47.5112,-122.257,1340,12.309982108920686
2,1.0,1190,5200,1.0,0,0,5,7,1190,0,1912,47.6939,-122.348,1550,13.060487973686241
3,1.0,1010,11880,1.0,0,0,3,7,1010,0,1960,47.3762,-122.219,1150,12.449018824140563
4,2.5,2060,7720,2.0,0,0,3,8,2060,0,1995,47.2956,-122.374,1630,12.398963153673362
4,1.75,2340,5940,1.0,0,0,3,8,1290,1050,1953,47.6789,-122.281,1930,13.385496576934697
4,2.5,3700,7051,2.0,0,0,3,11,3700,0,2006,47.5427,-121.995,3580,13.764217263576723
4,3.25,3140,10752,2.0,0,0,3,7,2300,840,1992,47.5022,-122.363,1300,12.921470435024938
3,1.0,1010,7200,1.0,0,0,5,6,1010,0,1948,47.7601,-122.307,1590,12.669806661762314
3,3.5,2490,3517,2.0,0,0,3,8,1720,770,2005,47.5341,-122.067,1600,13.187214349723945
3,1.0,2090,4755,1.0,0,2,3,8,1200,890,1969,47.5304,-122.387,1850,13.078411489875146
2,2.25,1100,1695,2.0,0,0,3,9,1100,0,2009,47.5663,-122.289,1100,12.832011076396668
3,2.0,1730,38884,1.0,0,0,3,8,1730,0,1997,47.4164,-121.951,2130,13.060487973686241
5,3.5,3200,43560,2.0,0,0,3,7,3200,0,1989,47.475,-122.093,2730,13.122263372403996
2,1.0,880,4000,1.0,0,0,3,6,780,100,1937,47.6931,-122.379,950,12.706847933442663
4,2.75,2500,12848,1.0,0,1,3,8,2120,380,1975,47.3364,-122.321,2370,12.873902018105829
2,2.0,1651,18200,1.0,0,0,3,6,1651,0,1946,47.4621,-122.461,1510,12.560244459250788
2,1.75,1000,1760,1.0,0,0,4,6,600,400,1924,47.6261,-122.355,2120,13.024750548537328
4,1.5,2170,9948,2.0,0,0,3,7,2170,0,1952,47.4263,-122.331,1500,12.180754837545884
2,1.0,1190,5100,1.5,0,0,2,7,1190,0,1928,47.6773,-122.382,1920,12.94084150078094
2,1.0,1280,6000,1.0,0,0,3,7,1280,0,1965,47.6339,-122.282,2460,13.38472764187182
4,2.5,2050,9143,2.0,0,0,3,8,2050,0,1992,47.4597,-122.355,1510,12.793859310432293
4,2.5,2230,64438,1.0,0,0,4,7,1230,1000,1978,47.4754,-122.007,2230,13.049685151906344
3,2.25,2000,18099,1.0,0,0,4,8,1250,750,1978,47.5443,-122.18,2060,13.173056491719846
4,2.5,2720,8666,2.0,0,0,3,9,2720,0,1992,47.3846,-122.169,2410,12.821258284620408
4,3.5,2640,5900,2.0,0,2,3,8,2640,0,1937,47.5421,-122.383,1700,13.652991628466498
1,1.0,740,5000,1.0,0,0,3,7,740,0,1923,47.5519,-122.292,1400,12.608198852372823
3,1.5,1430,8000,1.0,0,0,4,7,1430,0,1956,47.5874,-122.136,1450,13.15773052124162
4,2.5,2410,7069,2.0,0,0,3,9,2410,0,1993,47.7094,-122.234,2240,13.36138027787483
1,1.0,1940,6300,1.0,0,3,3,8,1940,0,1963,47.5782,-122.4,2560,13.32318933354019
3,2.5,1360,7293,2.0,0,0,3,8,1360,0,1988,47.3304,-122.302,1540,12.423198124518821
3,2.25,1990,6350,2.0,0,0,3,7,1990,0,1967,47.3822,-122.316,1220,12.100712129872347
3,1.0,1120,8443,1.0,0,0,3,7,1120,0,1953,47.7715,-122.336,1450,12.80765263256463
2,1.0,960,6700,1.0,0,0,3,7,960,0,1951,47.6955,-122.357,1350,12.886641043883259
3,2.0,2220,94300,1.0,0,0,5,7,1640,580,1976,47.3459,-121.95,2070,12.9384405392434
3,1.75,1270,12420,1.0,0,0,4,7,1270,0,1962,47.5387,-122.179,1560,12.84687334571791
2,1.0,950,7954,1.0,0,0,4,7,950,0,1941,47.557,-122.306,1180,12.733755386362587
3,2.0,1220,1186,3.0,0,0,3,8,1220,0,2007,47.6972,-122.341,1280,12.779873068457553
3,2.25,2060,10160,1.0,0,0,4,8,1340,720,1967,47.7712,-122.285,2320,12.971424201839042
4,2.5,2580,10631,2.0,0,2,4,9,2580,0,1992,47.6993,-122.206,4220,13.670484785914017
4,2.5,2050,12500,1.0,0,0,3,7,1300,750,1965,47.42,-122.319,1790,12.468436909997665
3,1.5,2500,6000,1.5,0,0,5,7,1730,770,1941,47.5297,-122.354,1340,12.94084150078094
4,2.0,1560,7500,1.0,0,0,4,7,1560,0,1968,47.7281,-122.181,1730,12.992254692057308
4,2.5,3040,35201,2.0,0,0,4,10,3040,0,1987,47.4872,-122.066,2990,13.493926933836812
4,2.5,3220,14463,2.0,0,0,3,8,3220,0,1978,47.6261,-122.047,2550,13.353475098367715
3,1.75,2480,10804,1.0,0,0,3,8,1800,680,1976,47.7721,-122.367,2480,13.102058624063964
2,2.5,980,1020,3.0,0,0,3,8,980,0,2008,47.6844,-122.387,980,12.70381302974751
3,1.0,1250,7700,1.0,0,0,4,7,1250,0,1955,47.5974,-122.149,1520,13.045482333068371
3,2.75,2330,4780,2.0,0,3,3,8,1730,600,1930,47.3459,-122.326,1100,13.217673557208654
6,4.25,5720,10213,2.0,0,0,3,10,4170,1550,2004,47.5464,-122.116,4300,14.09692301740246
3,2.25,2540,9961,1.0,0,0,4,8,1320,1220,1969,47.41,-122.208,1870,12.608198852372823
4,2.5,2531,6843,2.0,0,0,3,8,2531,0,2013,47.385,-122.189,2604,12.821258284620408
3,2.5,2960,6856,2.0,0,0,3,10,2960,0,2009,47.5906,-122.057,3320,13.635187003832993
5,2.5,2570,17234,1.0,0,0,3,7,1300,1270,1959,47.7753,-122.355,1760,12.524526376648708
6,2.5,3060,17112,1.0,0,0,4,8,1530,1530,1967,47.4379,-122.146,2690,12.89921982609012
2,1.5,1210,1232,3.0,0,0,3,8,1210,0,2007,47.6712,-122.39,1330,12.988831984779805
3,1.75,1890,100623,1.0,0,3,3,8,1890,0,1978,47.6454,-121.978,2110,13.217673557208654
3,2.25,1920,8223,2.0,0,0,4,7,1920,0,1989,47.735,-122.201,1940,13.001325049027272
3,4.5,5230,17826,2.0,1,4,3,10,3740,1490,2005,47.5348,-122.243,3670,15.03928598958639
2,1.0,710,6960,1.0,0,0,4,6,710,0,1943,47.4886,-122.246,940,12.285345826424681
3,1.0,1530,19007,1.0,0,0,4,8,1290,240,1949,47.4508,-122.352,2090,12.992254692057308
4,2.5,3130,12463,1.0,0,0,4,8,1620,1510,1978,47.569,-122.127,2740,13.422467969854667
5,2.5,2500,12220,1.0,0,0,3,8,1690,810,1962,47.3335,-122.325,2130,12.628067055589549
3,3.5,1370,1764,2.0,0,0,3,8,1180,190,2000,47.6511,-122.368,1400,13.17115354157376
3,2.5,2620,8950,2.0,0,0,3,9,2620,0,1992,47.5523,-122.119,2850,13.522480879185897
3,2.5,1720,6271,2.0,0,0,3,7,1720,0,1993,47.3898,-122.049,1570,12.487485104968359
2,1.0,1120,5650,1.0,0,1,3,6,720,400,1904,47.5155,-122.255,2160,12.409013489526863
5,2.25,1950,8086,1.0,0,0,3,7,1130,820,1980,47.3179,-122.331,1670,12.478006361013815
3,1.0,1250,9126,1.0,0,0,3,7,1250,0,1969,47.7554,-122.076,1440,12.706847933442663
4,2.5,2230,10414,1.0,0,0,5,7,1450,780,1974,47.5816,-122.0,1960,13.207623221355153
4,1.75,2390,5880,1.0,0,2,3,8,1390,1000,1957,47.6956,-122.399,2210,13.45166712454693
4,3.5,3130,52322,2.0,0,0,3,9,2430,700,2011,47.5932,-122.159,3200,13.790192749979985
4,2.25,2120,9921,2.0,0,0,3,8,2120,0,1981,47.5593,-122.082,1890,13.592367006650065
4,3.75,4090,24825,2.0,0,0,4,11,3400,690,1926,47.6338,-122.319,3910,14.690979295318174
3,1.75,1510,18439,1.0,0,0,3,7,1510,0,1971,47.5491,-122.046,1600,12.832011076396668
4,1.0,1460,7200,1.5,0,0,4,7,1460,0,1955,47.7602,-122.306,1690,12.676076274775909
4,2.0,1420,9301,1.0,0,0,4,7,1420,0,1963,47.6325,-122.121,1530,12.89921982609012
2,1.0,1280,4840,1.0,0,0,3,7,1200,80,1908,47.6762,-122.299,1860,13.383187995686226
4,2.5,2500,8434,2.0,0,0,4,8,2500,0,1988,47.6915,-122.101,1900,13.435713196604688
3,1.0,1040,7500,1.0,0,0,4,6,1040,0,1954,47.4206,-122.316,1270,12.058152515453552
6,4.25,5860,13928,2.0,0,3,3,10,4150,1710,2013,47.5382,-122.114,5790,14.375126345899696
3,1.5,1140,1069,3.0,0,0,3,8,1140,0,2005,47.6907,-122.342,1230,12.899207326011993
4,3.5,3370,5000,2.0,0,2,3,8,2470,900,2008,47.5714,-122.38,1820,13.710150042306449
3,1.5,1580,8184,1.0,0,0,3,7,1140,440,1954,47.4294,-122.331,1540,12.468436909997665
2,1.0,1070,5000,1.0,0,0,3,7,1070,0,1924,47.6631,-122.337,1400,13.399995114002609
3,1.5,1450,4694,2.0,0,0,3,7,1450,0,2011,47.3654,-122.021,1870,12.520883385370206
4,2.5,2620,8960,1.0,0,0,5,7,1520,1100,1955,47.7642,-122.335,1880,12.911642346088676
4,2.75,4910,15139,1.0,0,0,4,10,2560,2350,1964,47.6444,-122.22,3980,14.250210791340773
4,1.75,1500,8400,1.0,0,0,3,7,1200,300,1956,47.4531,-122.273,1780,12.577463773304586
4,2.75,2500,5995,2.0,0,0,3,8,2500,0,2008,47.3749,-122.107,2530,12.765688433465597
6,3.25,4440,17424,1.0,0,1,4,9,2220,2220,1959,47.5791,-122.23,2660,13.773646353865574
3,2.5,1950,9618,2.0,0,0,3,7,1950,0,1992,47.4068,-122.18,1890,12.66032791780777
2,1.0,1280,5026,1.0,0,2,4,8,1020,260,1951,47.6938,-122.312,1540,12.959844447906553
2,1.0,730,2600,1.0,0,0,4,6,730,0,1918,47.6751,-122.379,1480,13.049792684569493
4,2.0,2180,10575,1.0,0,0,2,6,1730,450,1950,47.589,-122.177,2180,13.081541382884074
3,1.75,2650,7378,1.0,0,0,3,7,1460,1190,1952,47.7525,-122.315,1600,12.736700896592344
3,2.25,2430,73151,1.0,0,0,3,8,2430,0,1974,47.4749,-122.092,2800,13.169246963303179
4,3.5,2650,3127,2.0,0,0,3,8,2230,420,2011,47.5381,-122.046,2330,13.422393893036974
3,1.0,1110,6000,1.0,0,0,3,7,1110,0,1904,47.6461,-122.357,1460,13.217673557208654
3,1.5,1560,9600,1.0,0,0,4,7,1560,0,1961,47.6918,-122.163,1520,12.721885810807203
5,1.5,1940,10202,1.5,0,0,4,7,1940,0,1940,47.7213,-122.31,1900,13.199324418540456
1,1.0,710,6000,1.5,0,0,3,6,710,0,2015,47.5756,-122.316,1440,12.861504978551874
3,2.0,1340,6783,1.0,0,0,4,7,1340,0,1987,47.3504,-122.177,1630,12.487485104968359
3,2.0,1560,1020,3.0,0,0,3,8,1560,0,2014,47.605,-122.304,1560,13.151922179645874
3,2.5,2080,7877,2.0,0,0,3,9,2080,0,1987,47.4395,-122.151,2550,12.89921982609012
3,2.5,1820,374616,2.0,0,0,3,7,1820,0,1999,47.6539,-121.959,1870,13.270783382522602
2,1.0,1140,3834,1.5,0,0,3,6,1140,0,1911,47.5642,-122.378,1190,12.676076274775909
4,3.5,3420,4751,2.0,0,0,3,10,3420,0,2003,47.4734,-122.193,3490,13.217491722495906
3,2.5,2070,8337,2.0,0,0,3,8,2070,0,1997,47.3658,-122.176,2030,12.691580461311874
2,1.0,900,6000,1.0,0,0,3,7,900,0,1944,47.6855,-122.289,1460,13.019222618484815
5,3.75,3580,14275,2.0,0,0,3,10,3190,390,1999,47.5322,-122.056,2740,13.547631112808673
3,1.5,1810,18483,1.0,0,0,3,8,1810,0,1954,47.7617,-122.378,2920,13.16158409055761
3,2.5,2080,4307,2.0,0,0,3,7,2080,0,2004,47.53,-121.848,2080,12.815838217151068
3,2.25,2420,31497,1.0,0,0,4,8,1750,670,1964,47.4422,-122.151,2040,12.873902018105829
4,2.5,3170,47502,2.0,0,0,3,10,3170,0,1988,47.6495,-122.185,3190,13.849911984681606
3,2.25,1880,7989,1.0,0,0,3,7,1280,600,1982,47.7077,-122.299,1820,12.994530005894443
5,2.75,2890,22547,1.0,0,0,4,10,2150,740,1963,47.5476,-122.219,3010,13.9108207377686
3,2.5,2020,1159,3.0,0,3,3,8,2020,0,2000,47.6617,-122.356,1920,13.487006490992238
4,3.0,2400,3340,1.0,0,0,4,7,1200,1200,1964,47.6646,-122.365,1520,13.422467969854667
4,2.5,2120,10841,1.0,0,0,4,8,1500,620,1979,47.556,-122.156,3130,13.626768433367397
4,1.0,1480,7560,1.5,0,0,3,7,1480,0,1940,47.7079,-122.358,1480,12.994530005894443
3,2.25,1230,7420,1.5,0,0,5,7,1230,0,1913,47.3184,-122.22,1260,12.206072645530174
4,0.75,1440,13300,1.0,0,0,3,6,1440,0,1948,47.4761,-122.337,1460,11.867097278690842
3,2.75,3450,5350,1.5,0,3,4,9,2590,860,1925,47.6389,-122.407,2910,14.074021253115776
3,1.0,1020,8484,1.0,0,0,3,6,1020,0,1949,47.7719,-122.31,1180,12.634603026569334
3,2.5,1190,8175,1.0,0,0,3,7,1190,0,1986,47.4556,-122.203,2230,12.577636201962656
4,2.5,2840,8820,1.0,0,2,5,8,1420,1420,1952,47.5542,-122.265,2310,13.609715644984677
3,2.0,1550,6039,1.0,0,0,5,7,830,720,1942,47.5436,-122.378,1330,12.971540487669746
3,1.0,940,8400,1.0,0,0,3,7,940,0,1958,47.5108,-122.165,1190,12.341477282536376
4,2.5,3220,5120,2.0,0,0,3,9,2420,800,2000,47.5434,-122.27,1770,13.232114241363448
4,3.5,4610,12500,2.0,0,2,3,11,4610,0,2003,47.6508,-122.203,2340,14.315072989451554
2,1.0,780,13500,1.0,0,0,4,7,780,0,1946,47.7383,-122.074,2200,12.631340380934517
3,1.0,920,3532,1.0,0,0,3,6,920,0,1910,47.5539,-122.268,1250,12.84792653170257
3,2.0,1410,10078,1.0,0,0,4,6,1410,0,1983,47.7587,-122.144,2090,12.834681304952548
3,1.5,1660,8000,1.0,0,0,4,7,1120,540,1976,47.353,-122.172,1900,12.392552212472792
3,2.5,2432,9391,2.0,0,2,3,9,2432,0,2005,47.3453,-122.267,2912,12.96453929221076
3,2.0,2030,17120,1.0,0,2,4,8,1890,140,1966,47.2953,-122.185,1870,12.596254896773821
4,3.5,4560,16643,1.0,0,3,3,12,2230,2330,1995,47.5521,-122.115,4060,13.997832114758229
3,3.0,3290,80471,2.0,0,2,4,8,2330,960,1975,47.504,-122.464,1830,13.239257128875828
4,2.5,3236,9608,2.0,0,0,3,10,3236,0,2005,47.3838,-122.195,3236,13.017002861746503
1,1.0,720,123710,1.0,0,0,4,6,720,0,1935,47.2893,-122.084,1860,12.429216196844383
3,1.0,1260,3230,1.5,0,0,3,7,1260,0,1907,47.644,-122.369,1700,13.091904169919621
4,2.5,3260,6902,2.0,0,0,3,8,3260,0,2008,47.4829,-122.156,3130,13.222208712374044
3,2.5,1760,6477,2.0,0,0,4,8,1760,0,1986,47.3731,-122.172,1890,12.495003937382387
3,2.25,1640,7261,2.0,0,0,3,7,1640,0,1989,47.7192,-122.176,1640,12.762827201184564
2,1.5,1030,4500,1.0,0,0,3,7,830,200,1924,47.6455,-122.352,1250,13.296316684527767
3,3.25,1450,1387,2.0,0,0,3,8,1180,270,2013,47.5556,-122.362,1450,12.676076274775909
3,1.5,1100,1751,2.0,0,0,3,8,940,160,2007,47.5927,-122.306,1380,12.834681304952548
3,2.5,2390,6263,2.0,0,0,3,9,2390,0,2003,47.7379,-122.248,2390,13.190022025878143
3,1.5,1470,18459,2.0,0,0,4,6,1470,0,1916,47.3302,-122.36,1750,12.037653993905211
3,1.0,1320,24684,1.0,0,0,3,7,1320,0,1979,47.4771,-122.322,1120,11.918390573078392
3,1.5,1540,9800,1.0,0,0,3,7,1010,530,1973,47.4676,-122.184,1600,12.103486056755072
3,2.75,2940,12487,2.0,0,0,3,10,2940,0,1997,47.5879,-121.973,3110,13.58609739363647
3,2.5,3240,8016,2.0,0,0,3,8,2910,330,2004,47.5382,-121.877,2990,13.304684934198283
3,1.0,1920,6862,1.0,0,2,3,7,1120,800,1952,47.5193,-122.274,2000,12.691580461311874
3,2.5,2920,169448,2.5,0,0,3,9,2920,0,1990,47.2492,-121.975,2360,13.217673557208654
2,1.0,1000,31505,1.0,0,0,3,6,1000,0,1960,47.7659,-121.899,1560,12.487485104968359
3,1.75,1250,4120,1.0,0,0,4,7,980,270,1925,47.685,-122.36,1250,13.269920941761944
4,1.0,1540,7350,1.0,0,0,4,6,770,770,1969,47.3318,-122.34,910,11.982929094215963
4,1.5,1910,5000,1.5,0,0,3,7,1610,300,1912,47.6597,-122.29,2170,13.396200043034057
4,2.0,1390,745,3.0,0,0,3,7,1390,0,2008,47.5401,-122.026,1390,12.573455059362532
3,2.25,1840,3500,1.5,0,0,5,8,1540,300,1910,47.6063,-122.292,1800,13.573693741384442
5,2.5,2410,8960,1.0,0,0,5,7,1600,810,1978,47.7372,-122.2,2410,13.235692062711331
4,3.25,3990,9786,2.0,0,0,3,9,3990,0,2004,47.6784,-122.026,3920,13.671640187544572
3,2.5,3230,5000,2.0,0,2,5,8,2430,800,1945,47.7011,-122.389,1820,13.652991628466498
4,2.5,2610,7091,2.0,0,0,3,9,2610,0,1987,47.3017,-122.349,2610,12.691580461311874
3,3.0,2230,12968,2.0,0,0,3,9,2230,0,1990,47.6271,-122.197,2260,14.09427801302648
3,2.5,2020,3000,1.0,0,0,4,6,1010,1010,1910,47.5621,-122.291,1670,12.89921982609012
3,2.0,1900,6660,1.0,0,0,5,7,950,950,1966,47.3594,-122.054,1690,12.429216196844383
4,2.25,2130,5337,2.0,0,0,3,7,2130,0,2001,47.7237,-121.959,2300,12.871334622600584
5,1.5,3360,5402,2.0,0,0,3,9,3360,0,2014,47.6067,-122.053,3360,13.598591345201287
3,2.0,2360,4800,2.0,0,0,3,9,2360,0,1909,47.6317,-122.312,2260,14.377979414882104
3,3.0,2180,2650,1.5,0,0,5,8,1410,770,1930,47.6891,-122.375,1570,13.36130153461718
4,2.5,2150,5000,2.0,0,0,3,8,2150,0,2001,47.6962,-122.314,2030,13.270783382522602
2,1.0,830,4500,1.0,0,0,3,6,830,0,1920,47.5248,-122.265,1092,11.982929094215963
5,2.75,3050,7520,2.0,0,0,3,8,3050,0,2014,47.5245,-122.184,2180,13.514405465180353
3,1.0,990,10723,1.0,0,0,5,7,990,0,1960,47.4887,-122.133,1460,12.560069005263145
2,1.0,1570,4400,1.5,0,0,4,8,1570,0,1914,47.6112,-122.293,1850,13.814009431838008
4,2.5,3240,13978,1.0,0,0,3,9,1860,1380,1977,47.6298,-122.057,3150,13.3624820329245
2,0.75,1040,4000,1.0,0,0,3,7,930,110,1909,47.6489,-122.372,1700,13.217673557208654
3,1.5,2790,6900,1.0,0,2,3,8,1700,1090,1955,47.7328,-122.288,2410,13.235692062711331
2,1.5,1140,7800,1.0,0,0,4,6,1140,0,1947,47.6142,-122.209,2020,13.713477832399123
2,1.0,610,4000,1.0,0,0,4,6,610,0,1918,47.5469,-122.391,870,12.56374708980199
3,1.75,2760,9137,1.0,0,0,3,7,1380,1380,1960,47.6079,-122.132,1980,13.049792684569493
4,2.5,3470,10045,2.0,0,0,3,10,3470,0,1993,47.554,-122.095,4370,13.732128949025222
3,2.5,3380,7074,2.0,0,0,3,8,2200,1180,1999,47.7462,-121.978,2060,12.983101310070822
5,2.5,1900,9460,1.0,0,0,3,7,1190,710,1969,47.7096,-122.202,1940,13.017002861746503
3,2.0,1530,8749,1.0,0,0,3,7,1530,0,1995,47.2974,-122.372,1750,12.419165860990882
3,2.5,2200,3360,2.0,0,0,3,8,2200,0,2009,47.5418,-122.287,2130,12.979647075202733
3,2.5,1690,4898,2.0,0,0,3,7,1690,0,2003,47.6834,-122.038,2220,13.047639831208393
4,2.5,3170,5340,2.0,0,0,3,7,3170,0,2000,47.4911,-122.138,3010,13.132313708257497
3,1.75,1460,7700,1.0,0,0,3,7,1460,0,1979,47.6981,-122.127,1720,12.958667284733538
3,2.5,3910,14000,2.0,0,0,3,10,3910,0,1999,47.6374,-122.12,2280,13.776249844010971
3,2.5,1740,5267,2.0,0,0,3,7,1740,0,1999,47.3777,-122.023,2180,12.691580461311874
4,1.0,1170,4590,1.5,0,0,4,7,1170,0,1925,47.6804,-122.311,1430,13.242809530480196
3,1.0,2400,17239,1.0,0,0,4,7,1890,510,1940,47.75,-122.245,2390,13.028052697933088
1,1.0,820,1060,1.0,0,0,3,8,760,60,2007,47.5473,-122.371,1770,12.299107511497363
2,2.0,1930,5520,1.0,0,0,3,8,1930,0,2006,47.7191,-122.022,1640,13.233904752137237
4,2.25,2200,6750,1.0,0,0,5,8,1480,720,1959,47.5215,-122.202,2710,12.837344422372032
2,1.0,760,5500,1.5,0,0,3,5,760,0,1947,47.5045,-122.329,1040,11.429543856031177
3,1.5,1140,10300,1.5,0,0,4,6,1140,0,1967,47.4452,-121.77,1250,12.363076394339839
4,2.0,2120,8701,1.5,0,0,4,7,2120,0,1960,47.3722,-122.308,1720,12.429216196844383
4,2.0,3740,32417,2.0,0,0,3,9,3740,0,2000,47.6728,-122.012,3180,13.664687668229691
3,2.5,2830,6536,2.0,0,0,3,9,2830,0,1989,47.7462,-122.172,2710,13.313809841975283
4,2.5,2090,6023,2.0,0,0,3,8,2090,0,1990,47.5713,-121.997,2090,13.208541073645382
5,2.25,2500,13500,1.0,0,0,3,7,1850,650,1979,47.7564,-122.144,2300,13.054084536651034
3,2.5,2210,8010,2.0,0,0,3,8,2210,0,1998,47.4845,-121.775,2430,13.005829561148378
3,2.0,1860,13374,1.0,0,0,3,8,1860,0,1985,47.5397,-122.054,1960,13.235692062711331
2,1.0,1070,2754,1.0,0,0,3,7,830,240,1924,47.6755,-122.331,1760,13.269230453213881
4,1.0,1750,68841,1.0,0,0,3,7,1750,0,1942,47.4442,-122.081,1550,12.682306824526545
5,3.25,3370,7313,2.0,0,0,4,8,2140,1230,1988,47.5632,-122.015,2990,13.444446876573442
2,1.0,1070,6100,1.0,0,0,3,6,1070,0,1940,47.5698,-122.377,1770,12.915708143594921
3,2.5,1660,1545,2.0,0,2,3,9,1400,260,2002,47.6268,-122.353,1820,13.458835614025542
4,2.75,2090,8400,1.0,0,0,4,8,1240,850,1976,47.6872,-122.123,2340,13.321214236149494
3,1.75,1610,22496,1.0,0,0,4,7,1610,0,1974,47.3443,-122.073,2050,12.733607882859111
3,1.75,2110,10200,2.0,0,0,4,7,2110,0,1966,47.4744,-122.154,1800,12.629688690847741
5,3.0,2320,7229,1.0,0,0,4,8,1370,950,1986,47.697,-122.097,2090,13.222208712374044
4,2.25,2870,6280,1.5,0,0,4,9,1980,890,1905,47.6329,-122.31,2370,14.09692301740246
5,2.5,3090,16583,2.0,0,0,4,9,3090,0,1964,47.6458,-122.218,3740,14.303476887584182
3,1.75,2000,7111,1.0,0,0,4,7,1360,640,1956,47.7676,-122.373,1830,12.96453929221076
6,3.75,2770,5000,1.0,0,0,3,8,1870,900,1969,47.669,-122.365,1570,13.698976741708323
3,1.0,920,8400,1.0,0,0,3,7,920,0,1963,47.3771,-122.287,1260,12.235631447771718
3,2.5,2240,6097,2.0,0,0,3,8,2240,0,2002,47.3503,-122.042,2240,12.66032791780777
2,1.5,1800,4144,1.0,0,4,4,7,900,900,1962,47.5934,-122.39,2090,13.652991628466498
4,2.5,2090,6926,2.0,0,0,3,8,2090,0,1990,47.6339,-122.022,2000,13.217673557208654
4,2.75,3550,6558,2.0,0,0,3,9,3550,0,2013,47.7076,-122.115,3140,13.767359689401852
3,1.0,1630,16393,1.0,0,0,3,7,1630,0,1969,47.6576,-122.186,1880,12.988831984779805
5,3.0,2230,8642,1.0,0,0,3,7,1330,900,2014,47.487,-122.32,2100,12.721736545936414
4,3.25,3410,34939,2.0,0,0,4,9,2470,940,1992,47.459,-122.003,2450,13.279367126213993
4,1.75,2230,7957,1.0,0,0,4,7,2230,0,1967,47.5859,-122.122,2230,13.193753373491
3,2.25,1500,1290,2.0,0,0,3,8,1220,280,2006,47.6785,-122.375,1460,13.102160670086809
2,1.0,1070,3000,1.0,0,0,4,7,870,200,1926,47.6828,-122.353,1890,13.217673557208654
3,2.5,1770,5000,2.0,0,0,3,7,1770,0,2009,47.3358,-122.051,2230,12.450977688625896
3,1.0,1010,7520,1.0,0,0,4,6,1010,0,1975,47.2699,-122.255,1370,12.119969946476761
3,1.75,1397,18000,1.0,0,0,3,7,1397,0,1965,47.3388,-122.166,1950,12.456831363877356
4,3.25,4700,38412,2.0,0,0,3,10,3420,1280,1978,47.6445,-122.167,3640,13.710150042306449
5,1.0,1690,3240,1.5,0,0,3,7,1690,0,1914,47.6746,-122.325,1230,13.207623221355153
3,1.75,1660,12865,1.0,0,0,5,7,1660,0,1967,47.5375,-122.175,1610,12.973863369085885
4,2.5,3260,5974,2.0,0,1,3,9,2820,440,2007,47.6772,-122.267,2260,13.864300722133706
5,3.0,3900,5250,1.5,0,1,5,8,2620,1280,1931,47.5577,-122.389,1950,13.652991628466498
4,2.5,1820,20011,2.0,0,0,3,8,1820,0,1987,47.5842,-122.045,2710,13.296316684527767
2,1.75,1270,1916,2.0,0,0,3,8,1270,0,2012,47.5648,-122.294,1140,12.736700896592344
3,1.75,1280,7524,1.5,0,0,4,7,1280,0,1988,47.3961,-122.188,1500,12.396693005138824
4,2.5,2920,32219,2.0,0,0,5,10,2920,0,1995,47.7439,-122.041,3420,13.58609739363647
4,3.5,3770,37034,2.0,0,0,3,10,2830,940,1989,47.6463,-122.151,3200,14.021711388548171
3,2.0,1680,8080,1.0,0,0,3,8,1680,0,1987,47.6168,-122.045,1800,13.142166004700508
5,2.5,2900,9799,1.0,0,0,3,8,1450,1450,1959,47.6255,-122.208,2810,13.782987366258714
3,2.75,2220,4000,2.0,0,0,3,8,1700,520,1914,47.617,-122.291,1800,13.592367006650065
4,2.5,2290,5515,2.0,0,0,3,8,2290,0,2006,47.5518,-122.357,1380,13.017002861746503
4,2.0,2050,4400,1.5,0,0,4,9,2050,0,1922,47.644,-122.319,2320,13.514405465180353
4,3.25,2780,7875,2.0,0,0,3,9,2780,0,2006,47.7294,-122.352,1000,13.458835614025542
3,2.25,1640,1873,3.0,0,0,3,8,1640,0,2014,47.6196,-122.297,1640,13.539757056377766
2,1.75,1240,6417,1.0,0,0,5,7,1240,0,1924,47.5439,-122.379,1800,13.062613372998555
4,2.75,2450,5376,1.5,0,0,4,7,1550,900,1920,47.6865,-122.396,1920,13.454468951158033
4,2.5,3284,6516,2.0,0,0,3,8,3284,0,2014,47.3393,-122.181,2555,13.039976925306323
3,2.0,1290,5700,1.0,0,0,5,7,1290,0,1950,47.5713,-122.397,1160,13.16436867154936
4,3.5,2800,6750,2.0,0,0,3,9,1890,910,1951,47.669,-122.275,2370,13.687677186454389
4,2.5,2530,10155,2.0,0,0,3,8,2530,0,1998,47.351,-122.146,2330,12.765688433465597
3,1.5,1560,9350,1.0,0,0,4,7,1220,340,1969,47.6729,-122.148,1870,13.17115354157376
3,2.25,2100,7335,2.0,0,0,3,8,2100,0,1983,47.647,-122.061,2050,13.106233995474446
2,1.0,840,4000,1.0,0,0,3,6,840,0,1942,47.5531,-122.307,1100,12.524526376648708
3,1.75,1070,8100,1.0,0,0,4,6,1070,0,1957,47.2853,-122.22,1260,12.117241431823558
4,2.5,3670,54450,2.0,0,0,3,10,3670,0,1999,47.6211,-122.016,2900,13.691080479586097
3,1.75,1300,2580,1.0,0,0,5,7,820,480,1919,47.674,-122.319,1180,13.043320170063875
2,1.0,740,11250,1.0,0,0,2,6,740,0,1938,47.5036,-122.362,1390,12.370527200495705
3,1.75,1380,8400,1.0,0,0,3,7,1380,0,1967,47.3117,-122.321,1540,12.527793760205377
4,2.0,2440,9600,1.0,0,0,5,7,1220,1220,1963,47.4142,-122.179,1370,12.523434872083365
3,2.0,1470,10052,1.0,0,0,4,8,1470,0,1956,47.726,-122.316,1480,13.081541382884074
3,1.75,2080,87991,1.0,0,0,3,6,1040,1040,1970,47.6724,-121.865,2080,12.542544882151386
3,1.75,1680,3000,1.0,0,2,4,6,840,840,1900,47.686,-122.346,1540,12.959844447906553
3,1.0,950,4250,1.5,0,0,5,6,950,0,1948,47.609,-122.307,2130,13.058358047428417
2,1.0,670,3101,1.0,0,0,4,6,670,0,1948,47.5546,-122.274,1660,12.154779351142624
3,2.0,1610,7575,1.0,0,0,4,7,1110,500,1965,47.334,-122.3,1920,12.192987405981519
4,2.25,2250,3600,2.0,0,0,4,9,2010,240,1912,47.643,-122.37,1910,13.790192749979985
4,2.0,1520,7983,1.0,0,0,5,7,1520,0,1967,47.7357,-122.193,1520,12.959844447906553
3,1.75,1840,9697,1.0,0,0,4,7,1500,340,1985,47.3764,-122.179,1430,12.367340793126296
3,1.5,1870,42070,1.0,0,0,3,7,1870,0,1953,47.509,-122.313,1870,12.560244459250788
5,2.5,4670,15857,2.0,0,0,3,11,4670,0,1998,47.63,-122.011,3810,13.815510557964274
3,1.75,1380,3561,1.0,0,0,4,7,860,520,1925,47.6822,-122.399,1820,13.190022025878143
2,1.0,1890,4700,1.0,0,0,4,7,1030,860,1928,47.6747,-122.391,2150,13.334243736439827
3,2.5,1840,6985,1.0,0,0,3,7,1290,550,1971,47.7586,-122.342,2160,12.84792653170257
3,1.75,1950,10633,1.0,0,0,3,7,1250,700,1978,47.7019,-122.313,1290,13.270783382522602
2,1.0,1160,32251,1.0,0,0,3,6,580,580,1963,47.3537,-121.939,1160,12.706847933442663
4,3.25,3530,8589,2.0,0,0,3,10,3530,0,2007,47.6975,-122.195,2470,13.777808690780263
4,2.5,2190,7350,2.5,0,0,5,8,2190,0,1958,47.5786,-122.236,1880,13.737549016494562
4,2.5,2830,5932,2.0,0,0,3,9,2830,0,2014,47.6479,-122.408,2840,13.850192138671527
3,2.5,2830,5831,2.0,0,0,3,9,2830,0,2010,47.7744,-122.224,2830,13.327750207129279
3,1.0,1610,4108,1.5,0,0,5,7,1610,0,1928,47.5704,-122.376,1680,13.244581010128577
5,1.75,3290,8000,1.0,0,0,3,7,1790,1500,1968,47.3733,-122.214,2380,12.705331632924699
3,1.75,1760,10780,1.0,0,0,3,8,1760,0,1977,47.5938,-122.154,2090,13.224919965729422
3,1.75,1720,13104,1.0,0,0,4,7,1720,0,1962,47.4709,-122.26,1840,12.560244459250788
4,2.75,1930,3840,1.0,0,0,3,7,1170,760,1997,47.5303,-122.346,1610,12.70076888736628
4,2.5,1870,16200,1.0,0,0,5,8,1250,620,1974,47.6651,-122.174,2000,13.406037428458571
4,2.0,1590,9100,1.0,0,0,3,7,1040,550,1967,47.4465,-122.156,1670,12.706847933442663
2,1.75,1560,3200,1.0,0,0,5,7,880,680,1946,47.6419,-122.394,2060,13.304684934198283
3,2.25,2160,9612,2.0,0,0,3,7,2160,0,1994,47.1927,-122.011,1970,12.531772785169476
4,3.0,3150,7778,2.0,0,0,3,9,3150,0,2000,47.5972,-122.018,2970,13.458835614025542
4,1.5,1820,22814,1.5,0,0,3,7,1820,0,1920,47.7321,-122.296,1770,12.341477282536376
2,1.5,1160,1269,2.0,0,0,3,7,970,190,2005,47.6608,-122.335,1700,13.023647404465171
4,2.0,2720,8819,2.0,0,3,3,8,2240,480,1976,47.338,-122.333,2960,13.235692062711331
3,1.75,1770,8240,1.0,0,0,4,7,1240,530,1978,47.3066,-122.378,2060,12.542544882151386
3,2.5,1650,13816,2.0,0,0,3,7,1650,0,1998,47.6553,-121.912,1650,12.513557345278134
3,1.0,1600,7500,1.0,0,0,3,7,1600,0,1966,47.7198,-122.182,2050,12.691580461311874
4,2.25,2480,36974,2.0,0,0,4,9,2480,0,1973,47.6441,-122.154,3160,13.658856747918897
4,2.5,2630,15000,2.0,0,0,5,8,2630,0,1962,47.5262,-122.028,1770,13.286181462633724
3,2.5,1509,1418,3.0,0,0,3,8,1509,0,2014,47.7047,-122.34,1509,12.92391243868049
3,2.5,1650,5683,2.0,0,0,3,7,1650,0,2003,47.683,-122.035,1650,13.122363377404328
3,2.5,1990,7397,2.0,0,0,3,9,1990,0,1993,47.7703,-122.165,2210,13.19188944005294
3,2.25,2000,7225,2.0,0,0,4,7,2000,0,1985,47.349,-122.167,1950,12.718896271958837
3,2.25,2080,50965,1.0,0,0,3,8,1590,490,1979,47.7506,-122.063,2270,13.038981768465277
3,1.0,950,10080,1.0,0,0,4,7,950,0,1954,47.572,-122.139,1060,12.983101310070822
3,2.0,1310,6738,1.0,0,0,4,7,1310,0,1990,47.3694,-122.083,1290,12.428816116823043
4,1.75,1720,8750,1.0,0,0,3,7,860,860,1971,47.726,-122.21,1790,12.86099861326992
3,2.5,2090,10834,1.0,0,0,4,8,1360,730,1987,47.3537,-122.303,1750,12.560244459250788
3,1.75,1720,7587,1.0,0,0,4,7,1140,580,1981,47.3175,-122.182,1120,12.301382825334498
3,2.75,1370,1193,3.0,0,0,3,8,1370,0,2003,47.67,-122.392,1320,13.235692062711331
2,1.0,620,6600,1.0,0,0,3,6,620,0,1963,47.4862,-122.33,1050,12.072541252905651
3,1.0,880,6664,1.0,0,0,3,6,880,0,1961,47.6855,-122.199,1690,13.217673557208654
3,1.0,1150,8000,1.5,0,0,4,6,1150,0,1913,47.2749,-122.252,1170,12.031719258385396
2,2.5,1240,3649,2.0,0,0,3,7,1240,0,1986,47.3241,-122.322,1400,11.94147538979235
4,1.75,2580,19607,1.0,0,2,4,8,1290,1290,1958,47.5067,-122.197,1970,12.855790268162783
3,1.75,2290,14800,1.0,0,0,3,8,1620,670,1965,47.7735,-122.273,2320,13.060487973686241
3,2.5,3090,10940,2.0,0,2,3,10,3090,0,1992,47.5492,-122.119,3410,13.751505227988362
3,1.75,1560,7500,1.0,0,0,4,8,1560,0,1966,47.489,-122.18,1600,12.631340380934517
4,2.5,2510,7992,1.0,0,0,3,8,1610,900,1978,47.3715,-122.285,2030,12.672946381766982
4,2.75,3800,12200,2.0,0,3,4,10,3800,0,1986,47.5689,-122.156,3710,13.764217263576723
4,2.75,3160,37200,2.0,0,3,3,8,2310,850,1939,47.7214,-122.285,3130,13.7557605535585
3,1.75,1490,3840,2.0,0,0,3,8,1490,0,1984,47.6916,-122.214,3450,13.635187003832993
5,1.75,1880,48787,2.0,0,0,3,6,1880,0,1922,47.5094,-122.165,1690,13.151922179645874
5,6.0,7120,40806,2.0,0,4,3,12,5480,1640,2007,47.5451,-122.114,3440,13.710150042306449
3,2.5,1990,3478,2.0,0,0,3,10,1520,470,1990,47.6361,-122.399,1710,13.017002861746503
1,1.0,1090,5250,1.0,0,0,3,6,980,110,1927,47.6999,-122.391,2160,12.834681304952548
3,1.75,1750,16748,1.0,0,0,3,7,1330,420,1978,47.7421,-122.089,1750,12.983101310070822
5,2.5,3860,42733,1.0,0,3,4,8,2300,1560,1955,47.3117,-122.254,2520,12.971540487669746
4,4.0,4130,5575,2.0,1,4,4,10,2860,1270,1993,47.5968,-122.083,2980,14.827111469642754
3,2.25,2090,7450,1.0,0,0,3,7,1350,740,1978,47.7598,-122.303,1740,13.091904169919621
4,2.25,2100,12172,1.0,0,0,5,9,2100,0,1961,47.5458,-122.227,2400,13.893397096621346
4,2.25,2200,3404,2.0,0,0,3,8,2200,0,2005,47.3895,-122.034,2200,12.779873068457553
4,2.0,1410,4480,1.5,0,0,3,8,1410,0,1927,47.6385,-122.344,1240,13.345506928718539
1,1.5,760,779,3.0,0,0,3,8,760,0,2006,47.6715,-122.382,1290,12.748396936355535
3,1.75,2250,26337,1.0,0,0,3,8,2250,0,1980,47.3032,-122.123,1830,12.691580461311874
4,2.25,2410,4560,2.0,0,2,5,9,1800,610,1929,47.6796,-122.402,2150,13.77468856344402
4,3.75,4060,19290,2.0,0,0,3,10,4060,0,2002,47.6051,-122.053,4020,13.832465998613687
3,2.0,3250,50529,2.0,0,0,4,8,3250,0,1978,47.5849,-122.016,2370,13.239257128875828
2,1.0,1380,1800,2.0,0,0,3,7,1080,300,1954,47.6416,-122.361,1600,13.254268448284268
4,2.0,1220,7489,2.0,0,0,3,7,1220,0,1903,47.6133,-122.306,1220,13.748301808270824
4,2.5,2830,10677,2.0,0,0,3,9,2830,0,1993,47.742,-122.208,2970,13.349100464228668
3,1.0,1030,15264,1.0,0,0,4,7,1030,0,1962,47.5016,-122.168,1430,12.388394202324129
6,4.5,2940,7500,1.5,0,0,4,8,2940,0,1966,47.7208,-122.182,2010,13.086736199761178
3,2.5,3670,18505,1.0,0,4,3,10,2530,1140,1983,47.7588,-122.376,2920,14.038654109278484
4,2.5,2110,5306,2.0,0,0,3,8,2110,0,2012,47.356,-122.057,2250,12.84792653170257
4,1.75,1840,7275,1.0,0,0,3,7,1090,750,1976,47.4002,-122.189,1840,12.538967060803502
4,2.5,2440,5088,2.0,0,0,3,7,2440,0,2007,47.5406,-121.889,2440,12.959844447906553
4,2.5,3110,6479,2.0,0,0,3,9,3110,0,2005,47.5408,-121.861,3110,13.279367126213993
2,1.5,880,1498,2.0,0,0,3,7,880,0,1999,47.7063,-122.342,880,12.423198124518821
3,1.75,1580,3764,1.5,0,0,3,7,1280,300,1945,47.672,-122.397,1560,13.19188944005294
3,2.25,2210,8000,2.0,0,0,4,8,2210,0,1969,47.3085,-122.381,1990,12.430215697177466
2,1.0,990,3120,1.0,0,2,5,7,790,200,1907,47.68,-122.353,1930,12.988831984779805
3,1.75,1260,8400,1.0,0,0,3,7,1260,0,1954,47.4366,-122.335,1290,12.57418196709457
3,2.0,1940,3800,1.0,0,0,4,7,1050,890,1927,47.6842,-122.309,1700,13.348701819615057
2,1.0,870,6150,1.0,0,0,3,6,870,0,1941,47.5256,-122.347,1120,12.409013489526863
3,2.25,1220,2980,2.0,0,0,3,7,1220,0,1986,47.7151,-122.203,1220,12.672946381766982
3,1.0,980,12812,1.0,0,0,3,7,980,0,1956,47.4892,-122.306,1430,12.292250341771226
3,1.0,990,10752,1.5,0,0,4,7,990,0,1929,47.7648,-122.35,1820,12.905450375840756
4,2.25,2130,9000,2.0,0,0,4,8,2130,0,1965,47.5716,-122.159,2110,13.281075068559149
4,2.5,2760,5000,1.5,0,0,5,7,1680,1080,1928,47.6726,-122.371,1850,13.506536750044871
3,2.5,1780,4050,2.0,0,0,3,7,1780,0,2001,47.7346,-122.308,1571,12.821258284620408
3,2.25,1580,11680,1.0,0,0,4,7,1580,0,1958,47.5872,-122.17,2270,13.217309854713282
3,1.0,1010,14510,1.0,0,0,5,7,1010,0,1974,47.3437,-122.078,2020,12.506177237980511
3,2.5,1680,4308,2.0,0,0,3,7,1680,0,2004,47.4802,-122.179,2160,12.757080058928997
4,1.75,1920,4862,1.0,0,0,5,7,1060,860,1919,47.5747,-122.384,1840,13.286181462633724
3,1.5,1450,7375,1.0,0,0,3,7,1010,440,1968,47.7212,-122.179,1350,12.904207367601158
3,1.75,1750,7020,2.0,0,0,3,7,1750,0,1934,47.3264,-122.038,1170,13.142166004700508
4,3.5,1930,5400,1.5,0,2,3,7,1930,0,1920,47.5679,-122.409,1500,13.444446876573442
4,4.0,3330,24354,1.0,0,0,4,10,3330,0,1961,47.5708,-122.192,3880,14.73180128983843
4,2.75,1940,6555,2.0,0,0,3,8,1940,0,1990,47.3701,-122.041,1840,12.8790171187726
3,1.5,1700,8247,1.0,0,0,3,7,1010,690,1970,47.4216,-122.174,1440,12.425208175446844
4,2.75,1890,1475,2.0,0,0,3,9,1200,690,2015,47.6472,-122.383,1650,13.41652441595382
5,2.25,2720,8800,1.0,0,0,4,7,1500,1220,1958,47.5976,-122.118,2110,13.180632285528304
5,3.75,3090,4943,2.0,0,0,3,10,3090,0,2010,47.4594,-122.133,3191,13.219490088135052
3,2.0,1450,9333,2.0,0,0,4,7,1450,0,1972,47.346,-122.315,1910,12.409013489526863
5,4.25,4230,6907,2.0,0,0,3,10,3450,780,2008,47.6866,-122.205,2650,14.151982794585487
3,2.5,2580,7500,2.0,0,0,3,9,2580,0,1991,47.5577,-122.396,910,13.369223455335854
4,2.5,2890,5801,2.0,0,0,3,9,2890,0,2005,47.7349,-122.238,2890,13.253391639810733
4,2.0,1840,5419,1.0,0,0,4,7,920,920,1942,47.6483,-122.404,1800,13.367659733359671
3,3.0,2470,11900,2.0,0,0,3,9,2290,180,1976,47.641,-122.057,2590,13.399995114002609
2,1.0,670,6300,1.0,0,0,5,6,670,0,1942,47.5161,-122.374,760,12.538967060803502
5,4.5,3732,4426,2.5,0,0,3,10,2932,800,2001,47.6189,-122.288,2950,14.018451401960965
4,1.75,1850,8580,1.0,0,0,3,7,1140,710,1960,47.4877,-122.24,2210,12.66032791780777
4,2.5,2950,43560,1.0,0,2,4,9,2550,400,1951,47.5988,-122.207,3260,14.438771611060053
4,4.25,3720,5750,2.0,0,2,3,9,2960,760,2006,47.5632,-122.399,2550,13.864300722133706
2,1.0,770,9497,1.0,0,0,3,6,770,0,1950,47.7407,-122.351,1550,12.456831363877356
4,2.5,3830,11972,1.0,1,4,3,11,2370,1460,1981,47.7404,-122.284,3080,14.430696197054507
3,1.0,1250,21303,1.0,0,0,3,6,1250,0,1970,47.6625,-122.059,1250,12.86099861326992
5,2.75,2400,15781,1.0,0,0,4,7,1200,1200,1974,47.622,-122.059,2390,12.915462201635984
4,2.0,2050,4000,1.5,0,0,5,7,1210,840,1941,47.5799,-122.306,1310,13.112313041550827
3,1.75,2220,7224,1.0,0,2,3,8,2040,180,1975,47.774,-122.384,2540,13.329377546788654
3,1.0,1590,13000,1.5,0,0,3,6,1590,0,1944,47.4789,-122.346,1460,12.367340793126296
4,2.25,1860,9576,1.0,0,0,3,7,1400,460,1962,47.3612,-122.284,1860,12.425208175446844
5,2.75,2400,4900,2.0,0,0,3,8,2400,0,2011,47.355,-122.057,2110,12.911642346088676
5,2.75,1650,5453,1.0,0,0,3,7,1650,0,1970,47.5293,-122.285,1670,12.121331417075083
2,1.0,870,5635,1.0,0,0,3,7,870,0,1948,47.5676,-122.398,1310,12.721437949338195
2,1.5,1120,1312,2.0,0,0,3,7,1000,120,2004,47.534,-122.364,1560,12.2783933071098
3,1.75,2060,3600,1.5,0,0,3,7,1180,880,1905,47.6389,-122.371,1730,13.296316684527767
3,2.5,2150,7484,2.0,0,0,3,8,2150,0,1988,47.6191,-122.043,2150,12.816517334324876
3,1.5,1750,7000,2.0,0,0,3,8,1750,0,1983,47.3108,-122.346,1840,12.468436909997665
4,2.5,2700,17853,2.0,0,0,4,9,2700,0,1960,47.6463,-122.219,3790,14.258656733040127
2,1.5,1640,4080,1.5,0,0,5,7,1540,100,1916,47.6624,-122.325,1880,13.473020249017498
4,1.0,1340,2006,1.5,0,0,3,7,1340,0,1931,47.6357,-122.373,2040,13.329377546788654
3,3.25,1290,1230,2.0,0,2,3,9,1090,200,2008,47.6367,-122.37,1710,13.287877815881902
4,2.5,3000,8100,2.0,0,0,3,8,3000,0,1992,47.7151,-122.305,1550,13.31710745419684
3,2.25,3020,13031,2.0,0,0,3,9,3020,0,1989,47.6897,-122.098,2480,13.534473028231162
4,2.5,3270,24750,1.0,0,0,4,8,1690,1580,1979,47.5221,-122.178,1520,13.235692062711331
5,2.5,3020,24750,1.0,0,0,3,8,1650,1370,1965,47.5897,-122.179,2930,13.015285832940311
3,1.75,2150,4200,1.0,0,4,5,8,1140,1010,1960,47.5671,-122.405,2510,13.764217263576723
3,2.25,1860,12000,1.0,0,0,4,7,1860,0,1976,47.2942,-122.19,1815,12.496874845318198
4,1.75,2020,9750,1.0,0,0,3,7,1100,920,1975,47.6192,-122.055,1670,12.873902018105829
3,2.25,1540,1561,3.0,0,0,3,8,1540,0,2010,47.6991,-122.346,1540,12.834681304952548
3,2.5,1570,1452,2.5,0,0,3,9,1240,330,2007,47.648,-122.396,1670,13.212204081404119
3,2.0,1640,9972,1.0,0,0,4,7,1640,0,1977,47.5812,-122.002,1680,12.948009990259552
3,1.0,1350,7085,1.0,0,0,5,7,1350,0,1944,47.7318,-122.305,1350,12.965709567358951
4,2.25,2230,7200,1.0,0,0,4,7,1300,930,1963,47.7648,-122.33,2010,12.89921982609012
5,1.75,1930,8040,1.0,0,0,4,8,1930,0,1966,47.3109,-122.376,2370,12.292250341771226
3,1.5,1480,10588,1.0,0,0,3,7,1480,0,1957,47.2872,-122.212,1370,12.319401330837177
4,2.5,2570,9000,1.0,0,0,4,8,1590,980,1979,47.2986,-122.372,2120,12.568978139219542
3,2.0,1680,81893,1.0,0,0,3,7,1680,0,1991,47.3248,-122.179,2480,12.765688433465597
5,3.25,2700,3650,2.0,0,2,3,9,2070,630,1926,47.5959,-122.291,1940,13.764217263576723
2,1.5,1220,5000,1.0,0,2,4,7,1220,0,1938,47.6624,-122.348,2090,13.270783382522602
3,3.25,3800,13995,2.0,0,3,3,9,3800,0,1983,47.7741,-122.203,2480,13.353475098367715
3,1.0,910,3880,1.0,0,0,3,7,780,130,1942,47.6862,-122.392,1220,13.049792684569493
2,1.0,2150,4500,1.5,0,0,3,7,1260,890,1917,47.5158,-122.267,1590,12.367340793126296
3,2.5,1670,5298,2.0,0,0,3,8,1670,0,2002,47.3925,-122.165,1920,12.624782980388359
3,3.0,2790,13295,2.0,1,4,4,10,2370,420,1933,47.5466,-122.197,3140,14.403297222866392
3,2.5,1790,4065,2.0,0,0,3,8,1790,0,2009,47.7344,-121.965,2480,12.810388612383504
5,3.5,3220,5081,2.0,0,0,3,8,3220,0,2013,47.7048,-122.111,2970,13.765235692170647
3,2.5,2320,219978,2.0,0,0,4,8,2320,0,1993,47.6847,-122.064,2340,13.437174117244362
3,2.0,2190,13673,1.0,0,0,4,9,2190,0,1994,47.3542,-122.098,2770,12.976180867226248
4,3.25,3520,5250,2.0,0,0,3,9,3520,0,2012,47.6869,-122.019,3220,13.58609739363647
4,2.0,1380,4048,1.5,0,0,4,7,1380,0,1906,47.6583,-122.344,1440,13.235692062711331
3,2.5,1830,4997,2.0,0,0,3,7,1830,0,2004,47.3035,-122.283,2488,12.56602072690536
4,2.5,2170,9600,1.0,0,0,3,7,1460,710,1980,47.6789,-122.116,1940,13.217673557208654
4,1.75,1680,6758,1.0,0,0,3,8,1680,0,1974,47.641,-122.113,1910,13.200064885068182
3,1.0,1090,3000,1.5,0,0,4,8,1090,0,1929,47.6889,-122.375,1570,13.190022025878143
3,2.25,1750,15528,1.0,0,0,3,8,1270,480,1963,47.7739,-122.274,2170,12.853175887588712
3,1.5,2540,9520,1.0,0,0,3,8,1500,1040,1959,47.6834,-122.306,1870,13.444446876573442
4,1.0,1320,11212,1.0,0,0,5,6,1320,0,1914,47.3098,-122.209,1060,12.429216196844383
3,1.75,1660,9549,1.0,0,0,3,7,1660,0,1956,47.6503,-122.198,2090,13.422467969854667
3,2.25,1450,1445,2.0,0,0,3,7,980,470,2005,47.6184,-122.301,1510,13.086736199761178
4,2.25,2440,9320,1.0,0,0,4,7,1880,560,1957,47.5933,-122.135,1530,13.38472764187182
3,3.25,2250,60548,1.0,0,0,3,9,2250,0,2005,47.4246,-122.014,2760,13.499429010990795
4,2.25,1820,20349,1.0,0,0,5,8,1340,480,1977,47.7415,-122.096,1270,13.049792684569493
3,2.75,2690,10443,1.0,0,0,3,9,2690,0,2007,47.7185,-122.024,1440,13.627975434117433
3,1.0,1230,12201,1.0,0,0,3,7,1230,0,1969,47.3285,-122.134,1230,12.254862809699606
4,2.75,2790,5527,2.0,0,0,3,8,2790,0,2014,47.4827,-121.773,2620,13.088709381291137
3,1.75,1860,15681,1.0,0,0,4,7,1860,0,1971,47.3191,-122.339,1860,12.524526376648708
2,1.0,1350,3880,1.0,0,0,3,6,950,400,1927,47.6842,-122.344,1670,12.765688433465597
3,2.5,2350,715690,1.5,0,0,4,9,2350,0,1979,47.1622,-121.971,1280,13.527828485512494
3,2.0,2080,11375,1.0,0,0,3,8,2080,0,2002,47.214,-121.993,1080,12.744026936684417
4,2.25,2480,9780,1.0,0,0,4,8,1900,580,1975,47.6388,-122.099,2640,13.481435445942783
5,1.75,1250,10530,1.0,0,0,4,7,1250,0,1966,47.6101,-122.138,1560,13.043320170063875
3,2.0,2580,15653,1.5,0,0,3,9,2580,0,1990,47.4561,-122.361,1920,13.083622549087899
5,1.0,2590,4652,2.0,0,0,4,8,2310,280,1907,47.6038,-122.294,2360,13.698976741708323
3,2.5,3310,4682,2.0,0,0,3,9,2380,930,2015,47.5201,-121.885,2660,13.258291894628574
3,1.75,1590,9417,1.0,0,0,4,7,1590,0,1954,47.7617,-122.36,1600,12.706847933442663
4,2.5,2170,7275,1.0,0,0,3,8,1820,350,1978,47.5672,-122.09,2390,13.366328644410837
4,1.75,2260,7005,1.0,0,1,4,7,1130,1130,1947,47.6895,-122.207,2330,13.382201376626112
3,1.75,2140,4800,2.0,0,0,3,8,1690,450,1905,47.6311,-122.312,2440,13.814009431838008
2,1.5,1020,1049,3.0,0,0,3,8,1020,0,2008,47.68,-122.348,1350,13.017002861746503
2,2.5,2470,8840,2.0,0,0,4,8,1780,690,2001,47.5693,-122.301,1940,13.36138027787483
3,2.0,1410,7265,1.0,0,0,4,7,1410,0,1983,47.3654,-122.076,1390,12.52434454193596
3,2.0,1330,6000,1.0,0,0,4,7,630,700,1900,47.5255,-122.327,1140,12.388394202324129
4,2.75,2430,20720,1.0,0,0,3,7,2430,0,1967,47.775,-122.139,2580,13.050706245640098
5,2.5,1970,8605,2.0,0,0,4,7,1970,0,1994,47.1944,-122.013,1970,12.601487417784837
3,1.5,1010,9600,1.0,0,0,4,7,1010,0,1962,47.4097,-122.316,1400,11.982929094215963
3,2.0,1610,3600,2.0,0,2,5,8,1610,0,1925,47.5969,-122.293,2540,13.507625778194974
3,2.25,1670,5004,2.0,0,0,3,8,1670,0,1987,47.5688,-122.017,1850,13.091801071821688
3,1.0,980,7480,1.0,0,0,3,6,830,150,1948,47.5206,-122.363,1140,12.542544882151386
2,1.0,630,6000,1.0,0,0,3,6,630,0,1943,47.4973,-122.221,1470,12.154779351142624
4,2.5,2320,10046,2.0,0,0,3,7,2320,0,2006,47.5406,-121.887,2320,13.071070083016778
2,1.0,2360,105850,1.0,0,2,2,6,1180,1180,1947,47.2495,-121.97,2640,12.821258284620408
5,1.75,2440,15143,1.5,0,4,4,8,1740,700,1944,47.4948,-122.37,2390,13.547631112808673
4,2.0,2250,7500,1.0,0,0,5,7,1200,1050,1956,47.5877,-122.157,1440,13.217673557208654
2,1.0,1530,6450,1.0,0,0,4,7,1530,0,1920,47.6833,-122.398,1530,13.287877815881902
3,1.5,1130,7223,1.0,0,0,4,7,1130,0,1961,47.5089,-122.189,1320,12.741102957992982
4,2.25,1720,7803,1.0,0,0,3,8,1350,370,1955,47.5119,-122.337,1720,12.72709609427261
3,2.5,1600,9830,2.0,0,0,4,8,1600,0,1993,47.339,-122.266,1890,12.611371073081239
4,2.5,3780,6800,2.0,0,0,3,8,3780,0,2004,47.3526,-122.012,3640,13.217582643985264
3,2.5,2380,9719,2.0,0,0,3,8,2380,0,2001,47.2932,-122.283,2830,12.61153442029945
6,2.0,2220,8797,1.0,0,0,3,7,2220,0,1977,47.2977,-122.227,1170,12.468436909997665
2,1.0,940,5375,1.0,0,0,4,5,940,0,1952,47.4206,-122.324,1200,12.363076394339839
3,3.25,1340,5434,2.0,0,0,3,7,1340,0,1986,47.3779,-122.045,1670,12.078239274020289
4,2.5,2100,8800,1.0,0,0,5,8,1250,850,1980,47.6909,-122.186,2100,13.321214236149494
5,3.0,3610,7555,2.0,0,0,3,8,3610,0,2003,47.3534,-122.012,3610,13.217491722495906
4,2.5,3840,16619,2.0,0,1,4,10,3840,0,1983,47.5634,-122.213,3600,13.927051932697182
3,1.75,1420,7200,1.0,0,0,3,7,1000,420,1979,47.5069,-122.367,1550,12.611537753638338
3,2.5,1770,2875,2.0,0,0,3,8,1770,0,1990,47.5631,-122.397,1770,12.994416363073707
3,1.0,1100,8536,1.0,0,0,4,7,1100,0,1957,47.5162,-122.261,1570,12.531772785169476
4,2.75,2470,7200,1.0,0,0,5,7,1350,1120,1940,47.5631,-122.317,1500,13.17115354157376
3,2.5,1480,7200,2.0,0,0,5,7,1480,0,1995,47.3126,-122.023,1350,12.4529327234617
3,2.25,1960,2345,2.0,0,0,3,7,1750,210,2003,47.5419,-122.288,1760,12.644327576461329
4,1.75,2310,8045,1.0,0,0,4,7,1650,660,1976,47.4569,-122.165,1790,12.675920012567607
3,1.75,1520,12246,1.0,0,0,4,6,1520,0,1971,47.3434,-122.049,1460,12.367340793126296
4,2.25,2390,13002,2.0,0,0,3,8,2390,0,1987,47.3111,-122.35,2450,12.765688433465597
3,1.0,1120,32250,1.0,0,0,4,6,1120,0,1934,47.447,-122.482,1010,12.345834587905333
3,2.5,1490,8628,2.0,0,0,3,7,1490,0,1994,47.3643,-122.041,1640,12.57418196709457
4,3.5,3780,7769,2.0,0,0,3,9,3110,670,2001,47.691,-122.129,3310,13.569610019527449
4,2.75,3030,117378,1.0,0,0,4,8,1680,1350,1959,47.401,-122.135,2060,13.028052697933088
3,1.0,1200,10800,1.0,0,0,4,7,1200,0,1955,47.5771,-122.144,1370,12.873902018105829
4,2.5,2020,7289,2.0,0,0,3,7,2020,0,1994,47.401,-122.171,2090,12.793859310432293
3,1.75,2140,13598,1.5,0,0,4,7,1620,520,1970,47.7139,-121.321,930,12.834681304952548
4,2.25,2880,9996,1.0,0,0,4,8,1920,960,1981,47.7584,-122.143,2410,13.327750207129279
3,1.75,1380,5060,1.0,0,0,3,7,1380,0,1986,47.7059,-122.341,1030,12.834681304952548
4,3.0,4590,9150,2.0,0,0,3,10,3490,1100,1981,47.7234,-122.372,2910,13.77468856344402
3,2.5,2220,2550,3.0,0,2,3,10,2220,0,1990,47.6963,-122.393,2200,13.371174675467117
3,2.5,2150,25705,1.5,0,0,3,6,2150,0,1980,47.4514,-122.089,1850,12.84792653170257
4,1.75,1960,7945,1.0,0,0,4,7,980,980,1946,47.7326,-122.291,1290,12.886641043883259
5,3.0,3490,6091,2.0,0,0,3,9,3490,0,2009,47.7744,-122.225,2870,13.480037821676145
2,1.0,870,2676,1.0,0,0,3,7,820,50,2004,47.5702,-122.287,1500,12.528156144699286
3,1.75,2310,7680,1.0,0,0,4,8,1410,900,1978,47.3743,-122.285,2080,12.727689830374363
3,2.0,1860,42800,1.0,0,0,4,7,930,930,1983,47.5898,-122.004,1980,13.329377546788654
3,2.5,1720,1916,2.0,0,0,3,7,1720,0,2005,47.4895,-122.166,1760,12.542544882151386
4,2.5,3150,5757,2.0,0,0,3,9,3150,0,2004,47.4568,-122.117,3100,13.071070083016778
4,1.5,1580,7350,1.0,0,0,4,7,960,620,1963,47.6734,-122.154,1560,13.021437458814368
5,1.5,1940,4800,2.0,0,0,3,8,1940,0,1905,47.6845,-122.332,1750,13.567049198665774
5,2.5,3090,12750,1.0,0,0,3,8,1750,1340,1968,47.3408,-122.335,1760,12.860738839271837
3,3.25,2200,4800,2.0,0,2,3,7,1910,290,1943,47.6551,-122.353,1410,13.614617615584883
3,3.0,1670,4120,1.5,0,0,3,7,1140,530,1929,47.4881,-122.199,1010,12.591335046320818
1,0.0,600,24501,1.0,0,0,2,3,600,0,1950,47.5316,-121.749,990,12.542544882151386
4,2.5,1860,8709,2.0,0,0,3,8,1860,0,1994,47.3289,-122.17,1990,12.58621994565405
2,1.0,1680,6500,1.0,0,0,4,7,1140,540,1941,47.55,-122.388,1610,13.151922179645874
3,2.5,2074,4900,2.0,0,0,3,8,2074,0,1997,47.7327,-122.233,1840,13.152116335553677
3,1.75,1430,4850,1.0,0,0,3,7,930,500,1978,47.5472,-122.303,1430,12.556729517143344
3,2.5,2100,7851,2.0,0,0,3,8,2100,0,1986,47.7242,-122.105,2100,13.151922179645874
4,3.25,2110,3000,2.0,0,0,3,8,2110,0,2001,47.6769,-122.328,1780,13.58735446482652
3,1.5,1430,8000,1.0,0,0,5,7,1430,0,1948,47.772,-122.322,1410,12.706847933442663
2,1.0,1550,38449,1.0,0,0,3,6,1550,0,1947,47.4315,-122.199,1188,12.310432660854417
4,2.5,2050,2772,2.0,0,0,3,8,2050,0,2012,47.5421,-122.011,2050,13.369048440021569
5,3.25,3710,34200,2.0,0,0,3,8,2510,1200,1986,47.6101,-122.047,1720,13.36138027787483
4,1.75,3220,7392,1.0,0,0,4,8,2010,1210,1959,47.7719,-122.361,1660,13.091904169919621
4,2.0,1720,6099,1.0,0,0,4,7,860,860,1949,47.6765,-122.287,1100,13.17115354157376
4,2.0,1720,7210,1.0,0,0,3,7,860,860,1971,47.7307,-122.239,1250,12.765688433465597
3,1.75,1560,7930,2.0,0,0,4,7,1560,0,1980,47.4779,-122.161,1720,12.793859310432293
3,1.75,2110,11250,1.0,0,0,4,8,2110,0,1961,47.5402,-122.216,2560,13.518451323699896
8,3.5,4440,6480,2.0,0,3,5,10,3140,1300,1959,47.631,-122.303,4440,14.493544100714171
2,1.75,1440,6265,1.0,0,0,3,8,1440,0,2005,47.7028,-122.013,1810,13.102160670086809
5,2.5,2760,6000,2.0,0,0,3,8,2760,0,2006,47.5289,-122.321,1360,12.611537753638338
4,3.0,3150,9130,2.0,0,0,3,9,3150,0,2001,47.5974,-122.017,2970,13.45166712454693
3,1.75,1320,1014,3.0,0,0,3,9,1320,0,2015,47.6047,-122.305,1380,13.028052697933088
2,2.0,1830,3600,1.0,0,0,4,7,1230,600,1926,47.6359,-122.351,2020,13.623138665316818
4,1.0,2100,9288,1.0,0,0,4,7,1050,1050,1968,47.4558,-122.171,1600,12.628067055589549
3,2.5,1800,3074,2.0,0,0,3,7,1800,0,2003,47.7631,-122.149,1610,13.010313873595706
6,1.0,1430,20620,2.0,0,0,3,7,1430,0,1954,47.6255,-122.209,2450,13.592367006650065
4,1.75,1740,7700,1.0,0,0,5,7,1740,0,1968,47.6259,-122.111,1740,13.304684934198283
3,2.5,2420,43177,2.0,0,4,4,8,1690,730,1989,47.569,-122.058,3740,13.51425410237423
4,2.0,1560,8250,1.0,0,0,3,8,1320,240,1964,47.7565,-122.358,1870,12.89921982609012
4,2.25,3240,12930,2.0,0,0,4,9,2730,510,1968,47.5373,-122.22,2610,13.878485357125662
3,2.25,1580,4379,2.0,0,0,4,8,1580,0,1994,47.5694,-122.005,1770,13.122363377404328
3,1.0,1060,7473,1.0,0,0,3,7,1060,0,1959,47.3699,-122.309,1320,12.367340793126296
2,1.0,1160,5038,1.0,0,0,5,7,740,420,1942,47.5304,-122.38,1160,12.959844447906553
3,1.0,1230,9568,1.0,0,0,5,7,1230,0,1962,47.539,-122.179,1270,12.866179972011919
3,1.5,2400,8215,1.0,0,0,3,7,1200,1200,1961,47.5001,-122.338,1460,12.730801174465157
4,1.5,2180,22870,1.0,0,0,4,6,1280,900,1954,47.3187,-122.081,2420,12.517227074167097
3,1.5,1300,12240,1.0,0,0,3,7,1300,0,1963,47.737,-122.243,2040,12.80765263256463
4,2.25,2350,8140,1.0,0,0,4,8,1430,920,1977,47.5579,-122.129,2640,13.226723392728571
4,2.5,1984,32400,1.0,0,0,3,8,1564,420,1962,47.36,-122.318,1390,12.84792653170257
3,3.0,4560,16339,2.0,0,2,3,10,4040,520,2001,47.7024,-122.243,2620,14.010254634756786
2,1.5,1400,5000,1.0,0,0,4,7,1150,250,1904,47.6681,-122.362,1530,13.151922179645874
4,2.25,2350,46173,2.0,0,0,4,8,2350,0,1980,47.6657,-122.067,2390,13.36138027787483
4,2.25,1970,7532,1.0,0,0,3,8,1390,580,1983,47.7219,-122.109,1970,13.071070083016778
4,2.5,2600,7787,2.0,0,0,3,8,2600,0,2005,47.4877,-122.139,2830,13.081541382884074
4,3.25,2860,3680,2.0,0,0,3,9,1980,880,1925,47.6752,-122.3,2010,13.623199269540951
3,1.0,1160,9750,1.0,0,0,3,7,1160,0,1967,47.7422,-122.073,1160,12.628067055589549
2,1.75,1060,1241,2.0,0,0,3,7,960,100,2008,47.5999,-122.3,1170,12.77351486971506
5,2.5,3890,27311,2.0,0,2,3,10,3890,0,1950,47.7291,-122.363,3160,13.912664491554942
2,1.75,1510,851,3.0,0,0,3,8,1420,90,2013,47.6536,-122.358,1300,13.341498907321
4,2.25,2030,2222,2.0,0,0,3,9,1610,420,2015,47.679,-122.375,1420,13.547631112808673
4,2.25,2640,3000,2.0,0,0,3,7,2080,560,1908,47.6313,-122.344,1910,14.250534468313983
2,1.75,1510,6852,1.0,0,0,3,8,1510,0,2005,47.7073,-122.012,1510,13.01477816672439
5,3.75,4210,14599,2.0,0,3,3,10,4210,0,2004,47.5364,-121.858,3950,13.750972036826703
4,2.5,2220,5338,2.0,0,0,3,7,2220,0,2001,47.4887,-122.15,2220,12.821258284620408
3,2.75,2100,20150,1.0,0,0,4,7,2100,0,1955,47.7206,-122.248,2100,13.180632285528304
2,1.5,1159,4800,1.0,0,0,3,7,1159,0,1948,47.6592,-122.399,1640,13.275084464421992
2,1.0,1880,7560,1.0,0,0,3,6,940,940,1919,47.5261,-122.374,1280,12.542544882151386
4,2.5,3290,11446,2.0,0,0,3,8,3290,0,1992,47.7399,-122.234,2050,13.16158409055761
3,2.25,1850,7800,2.0,0,0,3,9,1850,0,1974,47.3146,-122.379,2360,12.594730635321957
5,1.5,1840,8050,1.5,0,0,4,7,1840,0,1962,47.3668,-122.312,1690,12.560244459250788
3,1.5,1400,8840,1.0,0,0,4,6,1400,0,1952,47.7273,-122.309,1260,12.786191095792114
4,2.5,2790,6540,2.0,0,0,3,9,2790,0,1999,47.6087,-122.016,2790,13.45166712454693
4,1.5,1430,7232,1.5,0,0,3,7,1430,0,1948,47.7197,-122.328,1540,12.834681304952548
5,2.75,2520,18625,1.0,0,0,3,8,1660,860,1959,47.6409,-122.207,3000,13.864300722133706
3,1.75,2210,8955,1.0,0,1,3,8,1560,650,1974,47.6621,-122.189,2210,13.437174117244362
4,3.5,3100,15842,2.0,0,0,3,8,2400,700,1996,47.7466,-122.242,2200,13.287877815881902
2,1.0,580,7500,1.0,0,0,3,5,580,0,1943,47.4852,-122.251,1700,12.301382825334498
3,2.0,2360,118483,1.0,0,0,3,8,2360,0,1981,47.5595,-121.867,2660,13.286181462633724
5,3.0,2257,10117,1.0,0,0,3,8,1363,894,2005,47.4524,-122.284,1540,12.765545566117686
3,2.5,2100,5824,2.0,0,2,3,8,2100,0,1999,47.5334,-121.867,1890,13.132313708257497
3,1.75,2180,7318,1.0,0,0,4,7,1210,970,1967,47.5251,-122.37,2140,13.091904169919621
2,1.75,2260,280962,2.0,0,2,3,9,1890,370,2005,47.6359,-121.94,2860,13.383187995686226
3,2.5,1840,5011,2.0,0,0,3,8,1840,0,2012,47.3555,-122.054,2000,12.666657052859417
2,1.0,1280,12086,1.0,0,0,3,7,850,430,1983,47.634,-122.033,1280,12.994530005894443
6,3.25,4750,248600,2.0,0,0,4,8,4750,0,1947,47.1879,-121.973,2230,13.096019402064726
2,1.5,1240,1892,2.0,0,0,3,7,1240,0,2002,47.5915,-122.295,1220,12.773940009663361
4,2.5,2669,5385,2.0,0,0,3,9,2669,0,2014,47.3262,-122.165,2669,12.905189472243153
2,2.5,2600,5000,1.0,0,0,5,8,1300,1300,1926,47.5806,-122.379,2260,13.407542319637992
3,2.5,1810,1585,3.0,0,0,3,7,1810,0,2014,47.6957,-122.376,1560,13.270697171910022
3,2.0,2190,5400,1.0,0,2,5,7,1260,930,1952,47.6737,-122.4,2160,13.554080856656558
5,3.5,3550,9600,2.0,0,0,3,9,2550,1000,1998,47.5484,-122.269,2030,13.604789526648622
4,2.0,1770,3332,2.0,0,0,3,7,1630,140,1924,47.5563,-122.281,1640,13.011431816697048
3,1.0,1410,9656,1.0,0,0,3,7,960,450,1953,47.6354,-122.208,2410,13.732128949025222
3,2.0,1620,5101,1.0,0,0,3,7,590,1030,2006,47.5448,-122.288,1700,13.005829561148378
6,2.0,2780,13950,2.5,0,0,4,7,2780,0,1955,47.3738,-122.226,2120,12.691580461311874
5,3.5,5050,16500,2.0,0,2,3,11,5050,0,2001,47.5863,-121.967,4570,13.840203170554645
3,1.0,1220,6000,1.0,0,0,5,7,1220,0,1961,47.2811,-122.214,1420,11.992260421644849
3,2.25,1670,7881,1.0,0,0,4,7,1190,480,1977,47.4105,-122.18,1870,12.437184366493561
3,1.75,1480,6800,1.0,0,0,4,7,1480,0,1968,47.4633,-122.188,1500,12.66032791780777
3,1.5,1800,4700,1.0,0,0,3,7,1200,600,1941,47.6858,-122.385,1580,13.31710745419684
4,2.5,3480,59242,2.0,0,0,3,11,3480,0,1988,47.7391,-122.102,2930,13.604789526648622
5,2.75,2880,8364,2.0,0,0,3,9,2880,0,2006,47.4893,-122.147,3010,13.17115354157376
3,2.25,1410,905,3.0,0,0,3,9,1410,0,2014,47.5818,-122.402,1510,13.179688444023599
6,3.0,2530,9000,1.0,0,0,3,6,2530,0,1978,47.6716,-122.199,1886,13.62918097977278
3,1.0,1200,7500,1.0,0,0,3,6,1200,0,1905,47.4921,-122.275,1010,12.254862809699606
4,3.0,3070,7150,2.0,0,0,3,9,3070,0,2007,47.7079,-122.107,3200,13.652991628466498
3,1.75,1100,9452,1.0,0,0,3,6,1100,0,1942,47.4864,-122.337,1350,12.154779351142624
5,2.25,2650,9140,1.0,0,1,3,8,1350,1300,1965,47.7772,-122.387,2700,13.19188944005294
3,2.5,2240,21477,2.0,0,2,3,8,2240,0,1995,47.5745,-122.18,2930,13.892471599100402
3,2.0,2070,9000,1.0,0,0,4,7,1450,620,1969,47.3085,-122.376,1630,12.445089546000673
4,1.0,1150,5217,1.5,0,0,3,7,1150,0,1951,47.6806,-122.287,1220,13.10011776845701
4,2.5,1750,9000,1.0,0,0,3,8,1410,340,1977,47.6403,-122.105,2120,13.345506928718539
2,1.0,850,6174,1.0,0,0,4,7,850,0,1950,47.7352,-122.328,1100,12.63947712232758
3,1.75,2920,21375,1.0,0,0,3,8,1850,1070,1961,47.7666,-122.265,1540,13.081541382884074
4,2.25,2510,19550,1.0,0,0,4,9,1810,700,1977,47.7041,-122.241,2450,13.284482226880764
2,1.0,800,8775,1.0,0,0,3,6,800,0,1942,47.7171,-122.307,1470,12.775638764318764
3,2.0,1470,1691,2.0,0,0,3,8,1000,470,2007,47.6743,-122.316,1660,13.199324418540456
2,1.0,800,5000,1.0,0,0,3,6,800,0,1938,47.4914,-122.204,1220,12.933621252807452
4,2.5,2750,6259,2.0,0,0,3,9,2750,0,2002,47.3304,-122.179,2810,12.793859310432293
5,1.0,2230,16800,1.5,0,3,4,7,1700,530,1923,47.5161,-122.395,2730,13.337474757021274
4,2.5,2800,9538,2.0,0,0,3,8,2800,0,1993,47.2675,-122.307,1970,12.765688433465597
4,3.0,3590,89640,2.0,0,0,3,10,3590,0,2005,47.7557,-122.036,2790,13.686540176667314
3,1.0,1000,8018,1.0,0,0,3,7,1000,0,1969,47.7285,-122.198,1270,12.524526376648708
3,2.5,3340,70131,2.0,0,0,3,9,2420,920,1994,47.2666,-122.015,2760,13.091904169919621
5,1.75,2140,12058,1.0,0,0,4,8,2140,0,1951,47.3167,-122.214,1640,12.432211705824182
3,1.0,1370,6450,1.0,0,0,3,7,1370,0,1948,47.7195,-122.288,1550,12.785491060761776
3,1.5,2390,32109,1.0,0,0,3,7,2390,0,1975,47.3028,-122.102,1370,12.89921982609012
4,2.0,1920,7803,1.0,0,0,3,7,1080,840,1962,47.758,-122.325,1940,12.793859310432293
3,2.25,1380,1621,2.0,0,0,3,8,1140,240,2007,47.678,-122.375,1460,13.071070083016778
4,3.5,3310,4850,2.0,0,0,3,9,3310,0,2010,47.6954,-122.022,3320,13.573438996764546
2,1.0,1440,7130,1.0,0,2,3,7,1210,230,1948,47.6778,-122.267,1970,13.122363377404328
4,1.75,1400,54014,1.5,0,0,4,7,1400,0,1935,47.4153,-122.184,1910,12.396796305588273
4,2.75,2350,5589,2.0,0,0,3,7,2350,0,2001,47.5098,-122.155,2014,12.964422189335751
4,2.75,3410,23000,2.0,0,0,4,10,3410,0,1982,47.5559,-122.149,2490,13.676248490630767
4,2.25,2060,10358,1.0,0,0,4,8,1320,740,1962,47.5478,-122.174,2060,13.232114241363448
3,2.75,1890,3938,2.0,0,0,3,8,1890,0,1999,47.5336,-121.867,1890,13.071070083016778
2,1.0,610,4560,1.0,0,0,3,5,610,0,1918,47.5498,-122.383,930,12.89921982609012
3,2.0,2850,19200,1.0,0,3,3,8,2340,510,2004,47.3378,-122.348,2860,13.209274749393625
3,1.0,1050,8583,1.0,0,0,5,6,1050,0,1955,47.7451,-122.339,1460,12.765688433465597
3,2.5,1910,3075,2.0,0,0,3,8,1910,0,2001,47.5491,-122.005,1940,13.296316684527767
3,1.5,980,7770,1.0,0,0,4,7,980,0,1968,47.6923,-122.201,1470,13.047208703803568
3,1.75,3140,8571,1.0,0,0,4,8,1670,1470,1985,47.3074,-122.337,2590,12.751299696013497
3,1.5,1140,3292,2.0,0,0,3,7,1140,0,1988,47.5701,-122.017,1150,12.644327576461329
4,2.5,3172,5033,2.0,0,0,3,8,3172,0,2014,47.2961,-122.348,2704,12.977337605354071
4,2.5,1900,4054,2.0,0,0,3,7,1900,0,2003,47.3767,-122.124,2520,12.611371073081239
4,2.5,3370,9629,2.0,0,0,3,10,3370,0,1999,47.5896,-121.978,3360,13.599839021488766
3,2.5,2690,4047,3.0,0,0,3,10,2690,0,2014,47.6797,-122.385,2040,13.794286921512647
4,2.5,2420,10603,1.0,0,0,5,7,1210,1210,1958,47.7397,-122.259,1750,13.091904169919621
4,2.5,2030,9905,1.0,0,0,4,8,2030,0,1959,47.5518,-122.184,2130,13.339086360915616
3,2.25,1930,3462,2.0,0,0,3,7,1930,0,2004,47.7453,-121.985,1930,12.694652660348845
3,2.25,1950,3600,1.5,0,0,5,8,1430,520,1911,47.637,-122.363,1950,13.652991628466498
3,3.5,1360,1275,2.0,0,0,3,8,1240,120,2007,47.5904,-122.315,1360,12.891691559669328
3,1.75,1260,12750,1.0,0,0,3,7,1260,0,1979,47.7289,-122.233,1460,12.89896979483491
3,2.5,2440,4800,2.0,0,0,3,10,2440,0,2014,47.5595,-122.365,1180,13.345506928718539
4,2.5,1954,5075,2.0,0,0,3,8,1954,0,2007,47.2606,-122.253,1934,12.368382803236635
4,2.5,2630,5379,2.0,0,0,3,8,2630,0,2004,47.4977,-122.163,2630,13.026292908653595
5,3.25,2500,7620,1.0,0,3,3,7,1250,1250,1962,47.5298,-122.344,2020,13.112313041550827
2,1.0,1170,8925,1.0,0,2,3,6,1170,0,1911,47.4017,-122.321,1380,12.072541252905651
3,2.5,1970,6634,2.0,0,0,3,8,1970,0,1989,47.5759,-122.012,2090,13.190022025878143
3,1.5,1280,4452,2.0,0,0,3,6,1280,0,1985,47.3344,-122.216,1070,12.138863895836725
5,4.0,4580,4443,3.0,1,4,3,10,4580,0,2004,47.5682,-122.059,2710,14.508657738524219
3,2.5,2580,4636,2.0,0,0,3,9,2580,0,2006,47.6201,-122.025,2480,13.45597438174451
2,1.0,800,5220,1.0,0,0,3,6,800,0,1943,47.7037,-122.32,1910,12.429216196844383
4,2.5,1830,4694,2.0,0,0,3,7,1830,0,2003,47.3573,-122.016,1830,12.762827201184564
4,4.25,5660,193593,2.0,0,0,3,10,4100,1560,2001,47.7064,-121.981,3620,13.769466619462868
4,2.75,2050,4000,2.0,0,0,3,8,2050,0,2014,47.3522,-122.275,2050,12.779873068457553
3,2.5,1820,7500,2.0,0,0,3,8,1820,0,1985,47.7155,-122.104,2040,12.957488734214095
3,2.5,2480,5082,2.0,0,0,3,7,2480,0,2004,47.5297,-121.846,2480,13.060487973686241
3,1.0,1210,4731,1.5,0,0,3,7,1210,0,1901,47.6865,-122.397,1450,12.560244459250788
4,2.25,2100,12738,2.0,0,0,4,8,2100,0,1975,47.4698,-122.118,2000,12.834681304952548
3,1.0,2050,4800,2.0,0,0,3,8,1950,100,1922,47.6315,-122.311,2220,13.840203170554645
3,1.5,2240,7227,2.0,0,1,3,9,1440,800,1977,47.6208,-122.093,3150,13.458835614025542
2,1.0,880,3200,1.0,0,0,3,7,880,0,1910,47.6575,-122.402,1880,12.936033799212835
4,4.25,5040,16048,1.0,0,3,3,10,3420,1620,1950,47.6702,-122.26,3960,14.744520062246204
3,2.25,1381,1180,3.0,0,0,3,8,1381,0,2007,47.711,-122.32,1381,12.793859310432293
4,2.75,2440,5080,2.0,0,0,3,8,1750,690,1960,47.5547,-122.379,1920,13.17115354157376
4,2.5,2080,17532,2.0,0,0,3,9,2080,0,1996,47.4835,-122.136,2550,13.038981768465277
4,2.5,2000,37045,2.0,0,0,3,8,2000,0,1989,47.3398,-122.071,2390,12.468436909997665
4,2.25,2500,8500,1.0,0,0,4,8,1600,900,1978,47.5615,-122.131,2290,13.37855478276474
5,3.5,4790,12957,2.0,0,1,3,9,3110,1680,2005,47.5469,-122.194,2620,13.615228675793327
2,1.0,1230,3800,1.0,0,0,3,7,1230,0,1928,47.6797,-122.292,1610,12.983101310070822
3,2.25,1920,9600,1.0,0,0,4,8,1560,360,1968,47.6341,-122.103,2040,13.38779984090879
3,2.0,2660,5000,1.5,0,3,3,8,1940,720,1910,47.5829,-122.382,2270,13.497369278027785
3,2.5,1720,8550,1.0,0,0,4,7,1720,0,1968,47.2837,-122.207,1460,12.506177237980511
4,2.0,1570,9600,1.0,0,0,3,6,1570,0,1950,47.4965,-122.303,1880,12.054086288532291
4,3.25,2290,4785,2.0,0,0,3,9,2290,0,2007,47.3833,-122.037,2290,12.793720411897448
3,2.75,3230,75889,2.0,1,4,3,7,3230,0,1925,47.3344,-122.37,2560,13.955272500339433
3,2.5,1210,2046,2.0,0,0,3,9,920,290,2008,47.5212,-122.357,1070,12.6112043647371
5,3.0,3070,8474,2.0,0,0,3,9,3070,0,2011,47.6852,-122.184,3070,13.623138665316818
3,1.75,1320,12528,1.0,0,0,4,7,1320,0,1970,47.3234,-122.142,1340,12.24288661865289
3,1.5,1240,9405,1.0,0,0,4,7,1240,0,1966,47.3727,-122.162,2260,12.2783933071098
2,1.0,1060,4960,1.0,0,0,3,7,1060,0,1926,47.6896,-122.331,1420,13.151922179645874
7,6.75,7480,41664,2.0,0,2,3,11,5080,2400,1953,47.4643,-122.368,2810,13.592367006650065
3,1.0,1800,4005,1.5,0,0,4,7,1160,640,1929,47.6876,-122.38,1240,13.228523573232719
3,2.5,1470,9337,2.0,0,0,3,7,1470,0,1991,47.7651,-122.323,1360,12.404923504275338
1,1.0,810,2451,1.0,0,0,5,7,810,0,1941,47.5188,-122.376,980,12.367340793126296
3,2.5,2560,9825,2.0,0,0,4,9,2560,0,1988,47.5497,-122.145,2710,13.620711479659207
4,2.75,3410,7750,1.0,0,4,5,8,1710,1700,1958,47.5718,-122.406,3080,13.9108207377686
3,1.0,1280,3870,1.0,0,0,3,7,640,640,1945,47.6163,-122.294,1280,12.793859310432293
4,2.25,2590,36256,2.0,0,0,3,8,2590,0,1978,47.769,-122.094,2670,13.217673557208654
3,2.0,1310,1361,3.0,0,0,3,7,1310,0,2003,47.7337,-122.343,1370,12.644327576461329
3,1.0,1100,4184,1.0,0,0,4,7,1100,0,1965,47.5309,-122.382,1630,12.939641740589034
4,2.75,3500,6226,2.0,0,0,3,9,3500,0,2004,47.6846,-122.045,3480,13.560618308335483
4,2.5,2750,9949,2.0,0,0,3,10,2750,0,1999,47.6595,-122.147,2750,13.864300722133706
2,1.0,690,6400,1.0,0,0,3,6,690,0,1943,47.5287,-122.367,1000,12.730801174465157
3,2.25,2450,6500,2.0,0,0,4,8,2450,0,1985,47.3739,-122.172,2200,12.70381302974751
2,2.25,2290,9772,1.0,0,0,3,8,2290,0,2007,47.7199,-122.025,1810,13.510343171171474
3,2.5,2160,6288,2.0,0,0,3,8,2160,0,1996,47.7655,-122.35,1830,13.217582643985264
2,1.0,1170,6543,1.0,0,0,3,7,1170,0,1913,47.537,-122.385,1550,12.56374708980199
4,1.5,2210,10497,1.0,0,0,4,8,1650,560,1953,47.4321,-122.347,1840,13.006952525893
3,1.0,1480,6978,2.0,0,0,4,8,1480,0,1949,47.6497,-122.217,2660,13.709038313453757
3,1.0,1240,9198,1.5,0,0,4,7,1240,0,1959,47.37,-122.297,1170,12.128111104060462
4,2.25,2640,31941,1.0,0,0,4,9,2640,0,1986,47.3099,-122.116,2780,13.102058624063964
2,1.75,2120,6350,1.0,0,0,4,6,1440,680,1924,47.6974,-122.356,1590,12.611537753638338
4,2.75,2410,9549,1.0,0,0,4,7,1780,630,1956,47.6503,-122.197,2090,13.53843866462451
3,2.0,1680,5246,1.0,0,0,3,7,1680,0,2007,47.5206,-121.868,2430,12.929991484756872
2,1.0,770,7434,1.0,0,0,3,6,770,0,1947,47.7606,-122.32,1060,12.487296407920908
3,1.75,1850,8160,1.0,0,0,3,8,1850,0,1952,47.7241,-122.363,1600,13.415032991367148
3,2.5,2650,12247,2.0,0,0,3,9,2650,0,2002,47.3185,-122.259,2920,12.959844447906553
4,1.75,2200,7600,2.0,0,0,3,8,2200,0,1978,47.3131,-122.191,1910,12.611537753638338
4,1.0,2180,10617,1.5,0,0,3,7,2180,0,1950,47.7522,-122.307,1360,12.791077667470416
4,2.5,2970,5050,2.0,0,0,3,8,2970,0,2014,47.7043,-122.122,2810,13.659054389205284
5,4.25,3530,7924,2.0,0,0,3,10,3530,0,2001,47.5894,-122.243,1750,14.151982794585487
3,3.0,1760,2114,2.0,0,0,3,7,1400,360,2008,47.6666,-122.37,1300,13.312983737012978
4,2.75,2100,4480,1.5,0,0,4,7,1780,320,1928,47.6691,-122.294,2050,13.428376406540833
6,4.5,3500,8504,2.0,0,0,3,7,3500,0,1980,47.7351,-122.295,1550,12.765688433465597
4,1.0,1450,6250,1.0,0,0,3,6,990,460,1964,47.5131,-122.357,1440,12.531772785169476
3,2.25,1900,7479,2.0,0,0,4,7,1900,0,1992,47.3495,-122.037,1520,12.66349749256905
3,4.25,3840,9751,2.0,0,0,3,10,3840,0,1998,47.6347,-122.064,3230,13.662883716505357
4,2.5,3190,10034,2.0,0,0,3,9,3190,0,2007,47.6379,-122.111,2110,13.737549016494562
3,2.5,1540,6100,1.0,0,0,3,6,770,770,1944,47.5696,-122.378,1710,13.151922179645874
3,2.5,2000,22000,2.0,0,0,3,8,2000,0,1979,47.59,-122.081,2180,13.294129420258766
3,1.0,1030,4700,1.0,0,0,3,7,1030,0,1952,47.5118,-122.377,1030,12.80765263256463
2,1.0,2020,6720,1.0,0,0,3,7,1010,1010,1948,47.5474,-122.291,1720,12.779873068457553
4,1.0,1170,8147,1.5,0,0,3,6,1170,0,1959,47.7281,-122.289,1260,12.765688433465597
5,1.75,1890,5000,1.5,0,0,3,7,1090,800,1906,47.6711,-122.372,1610,13.168215897586418
4,2.5,2670,5974,2.0,0,0,3,8,2670,0,1999,47.7122,-122.231,2140,13.324487561494463
4,3.0,3330,4000,1.0,0,0,3,8,1790,1540,1958,47.6559,-122.344,1610,13.652991628466498
3,1.75,2120,18335,1.0,0,0,3,7,1380,740,1961,47.451,-122.273,2050,12.425208175446844
3,1.75,2280,3446,2.0,0,0,3,8,2280,0,1949,47.715,-122.282,1610,13.484224848030362
3,1.75,1160,5200,1.0,0,0,4,7,1160,0,1977,47.3643,-122.09,1470,12.203569515312056
4,1.75,1990,12950,1.0,0,0,4,8,1850,140,1968,47.5434,-122.166,2090,13.170010030871682
5,3.5,4170,9090,2.0,0,0,3,10,4170,0,2008,47.5918,-122.196,1930,14.187074114396758
3,2.5,1800,5001,2.0,0,0,3,7,1800,0,1996,47.7126,-122.231,2106,13.151922179645874
2,1.0,1430,7819,1.0,0,0,3,7,1110,320,1944,47.7307,-122.302,1380,12.850423411901156
4,3.5,2870,3225,2.0,0,3,3,9,2070,800,2006,47.5009,-122.225,1770,13.038981768465277
3,2.25,2030,9791,1.0,0,0,4,8,1500,530,1984,47.534,-122.161,2030,13.257768014410532
4,1.75,1990,8900,1.0,0,0,4,8,1990,0,1972,47.5639,-122.149,2620,13.521139497361697
3,1.0,1660,6582,1.0,0,0,5,7,1000,660,1946,47.7169,-122.353,1110,13.054084536651034
1,1.0,1140,6700,1.5,0,0,3,7,1140,0,1920,47.6958,-122.357,1350,13.199324418540456
2,1.0,740,5100,1.0,0,0,4,7,740,0,1947,47.6787,-122.301,920,13.017002861746503
5,1.0,1420,6250,1.5,0,0,4,8,1420,0,1926,47.5807,-122.389,1420,13.253303916664924
2,2.0,1470,2052,1.5,0,0,3,7,1470,0,1986,47.3086,-122.328,1470,12.384218830913648
3,2.0,2950,12196,2.0,0,0,4,7,2310,640,1918,47.4702,-122.365,2320,13.112313041550827
4,2.75,2640,5000,2.0,0,0,3,9,1840,800,1943,47.6619,-122.275,2010,13.896629609249066
4,3.5,1800,6400,2.0,0,2,3,8,1800,0,1984,47.625,-122.3,1700,13.772603056952997
5,2.25,2710,19800,1.0,0,0,5,9,1910,800,1959,47.5958,-122.175,2120,13.62918097977278
5,2.25,2630,8625,2.0,0,0,3,8,2630,0,1966,47.3619,-122.287,1880,12.676076274775909
2,2.5,1740,2500,2.0,0,2,3,8,1210,530,1994,47.622,-122.3,1640,13.38472764187182
4,2.75,3190,8737,2.0,0,0,3,9,3190,0,2006,47.523,-121.877,3240,13.282780098810234
3,2.0,1670,13775,1.0,0,0,3,8,1670,0,1968,47.4873,-121.783,2130,12.834681304952548
3,1.75,1650,16200,1.0,0,0,3,7,1650,0,1976,47.3926,-122.168,1650,12.48559653028049
5,2.5,5067,13315,1.0,0,2,3,9,3154,1913,1968,47.3391,-122.325,2860,13.021437458814368
3,2.25,1790,7125,1.0,0,0,3,7,1220,570,1974,47.7184,-122.226,2040,12.8790171187726
2,1.75,1210,1040,2.0,0,0,3,8,1210,0,2014,47.5519,-121.999,1210,12.786011933487384
3,2.5,1860,21876,2.0,0,0,3,8,1860,0,1992,47.6455,-121.901,2450,12.765688433465597
4,1.5,1780,8000,2.0,0,0,4,6,1080,700,1900,47.3124,-122.003,1750,12.206072645530174
4,1.75,2370,8400,1.0,0,0,5,9,1270,1100,1949,47.6716,-122.264,2370,13.937728190688523
3,1.75,1980,12543,1.0,0,0,3,8,1180,800,1978,47.3104,-122.394,2090,12.498742259492994
4,3.25,3980,10249,2.0,0,0,3,10,3980,0,2011,47.5873,-122.196,2450,14.383661248349535
3,3.5,3110,14872,1.0,0,0,3,10,3110,0,2003,47.6178,-122.209,3110,14.630875371248468
4,2.5,2690,7947,2.0,0,0,3,8,2690,0,1993,47.4248,-122.153,2160,12.945626198904275
2,2.0,1300,4659,1.0,0,0,3,8,1300,0,2005,47.7132,-122.033,1640,12.748396936355535
3,1.75,2140,7280,1.0,0,0,3,7,1070,1070,1910,47.6993,-122.377,2280,13.310501319519723
5,1.75,2650,11340,1.0,0,0,3,8,2650,0,1955,47.626,-122.213,2780,14.143374420048886
2,1.0,910,4301,1.0,0,0,4,7,910,0,1923,47.6814,-122.399,1810,13.253391639810733
2,1.0,620,4455,1.0,0,0,3,6,620,0,1927,47.6877,-122.395,1180,12.959844447906553
4,2.5,2800,5900,1.0,0,0,3,8,1660,1140,1963,47.6809,-122.286,2580,13.407542319637992
3,3.0,1420,991,2.0,0,0,3,8,1040,380,2005,47.6408,-122.327,1500,13.329377546788654
2,1.0,1170,6000,1.0,0,0,4,7,970,200,1941,47.6994,-122.354,2130,13.028052697933088
5,3.25,3230,5000,2.0,0,1,3,9,2350,880,2002,47.5202,-122.393,1520,13.610943392223
3,1.0,1640,26127,2.0,0,0,3,6,1640,0,1975,47.7656,-121.905,1620,12.429216196844383
4,3.5,3970,210830,2.0,0,0,3,9,3970,0,2000,47.4614,-121.713,1680,13.560618308335483
5,3.5,3580,21343,1.5,0,0,4,8,2140,1440,1937,47.7646,-122.302,2430,13.304684934198283
4,2.0,1800,5465,1.0,0,0,3,7,900,900,1942,47.561,-122.272,1400,12.992254692057308
3,1.0,970,14850,1.0,0,0,3,7,970,0,1968,47.3251,-122.268,1410,12.122691036591123
4,1.5,1850,7547,1.5,0,0,4,7,1850,0,1960,47.3714,-122.309,1730,12.409013489526863
4,3.0,2720,11740,1.0,0,0,5,9,2720,0,1957,47.5833,-122.242,2640,13.753635154246187
3,1.0,1040,9800,1.0,0,0,4,7,1040,0,1955,47.5765,-122.155,1280,12.834681304952548
3,1.5,1010,7683,1.5,0,0,5,7,1010,0,1953,47.72,-122.318,1550,12.911642346088676
3,1.75,1650,11220,1.0,0,0,4,7,1650,0,1969,47.7567,-122.071,1340,12.796633237315017
3,3.25,2260,7701,2.0,0,0,3,8,1760,500,2000,47.5053,-122.377,1880,13.076507902817875
3,2.25,2730,9388,1.0,0,0,3,7,1390,1340,1975,47.3785,-122.185,2255,12.751299696013497
4,2.5,2280,9899,2.0,0,0,3,8,2280,0,1987,47.461,-122.148,1970,12.691580461311874
3,2.0,2920,13650,1.0,0,2,5,8,1460,1460,1975,47.6652,-122.188,2920,13.58609739363647
3,1.75,2520,5043,1.0,0,0,3,8,1260,1260,1957,47.5339,-122.372,1360,12.969212197910155
4,2.5,2340,8990,2.0,0,0,3,8,2340,0,2003,47.3781,-122.03,2980,12.65714826489039
3,1.0,970,6828,1.0,0,0,3,6,970,0,1928,47.5476,-122.36,1160,12.66032791780777
3,2.25,1400,6970,2.0,0,0,3,8,1400,0,1984,47.542,-122.184,1800,12.959844447906553
4,1.5,1690,3245,1.5,0,0,3,8,1690,0,1929,47.5445,-122.375,1380,12.994530005894443
4,3.25,3330,9000,2.0,0,0,3,9,2870,460,2004,47.6836,-122.208,2550,14.006130917572923
4,2.5,3150,7277,2.0,0,0,3,9,3150,0,2006,47.5159,-122.202,3030,13.43236842781037
2,1.0,1060,3036,1.5,0,0,4,6,1060,0,1943,47.6578,-122.324,1730,12.983101310070822
3,2.25,1640,1023,3.0,0,0,3,8,1640,0,2014,47.6636,-122.319,1720,13.37700559577791
3,2.25,1590,9425,1.0,0,0,3,7,1170,420,1985,47.4291,-122.16,1590,12.535376392672774
3,1.5,1670,6988,1.0,0,0,3,7,1370,300,1953,47.4283,-122.323,1090,12.544329003944888
3,2.5,2040,14071,2.0,0,0,3,7,2040,0,1995,47.7278,-121.963,1890,12.706847933442663
1,1.0,560,5700,1.0,0,0,3,5,560,0,1947,47.511,-122.359,1120,11.571194373094205
3,1.0,1520,8600,1.0,0,0,3,6,1040,480,1951,47.5134,-122.335,1320,12.254862809699606
3,1.75,1440,7200,1.0,0,0,3,7,1440,0,1986,47.4473,-122.284,1640,12.388185847286392
4,2.5,3230,256132,2.0,0,0,3,9,3230,0,2006,47.6544,-121.998,3080,13.681979165339751
3,1.5,1380,7200,1.0,0,0,3,7,1080,300,1948,47.5292,-122.348,1220,12.962194625251508
4,1.0,1680,5043,1.5,0,0,4,6,1680,0,1911,47.5354,-122.273,1560,12.81134443958811
3,1.5,1610,13500,1.0,0,0,3,7,1060,550,1970,47.7674,-122.31,1540,12.873902018105829
4,1.75,1700,7800,1.0,0,0,5,7,1120,580,1981,47.4801,-122.158,1560,12.762827201184564
4,1.5,2270,6010,1.0,0,0,3,8,1290,980,1954,47.6743,-122.269,2120,13.42409775214882
3,2.75,2670,3738,1.0,0,0,3,10,1720,950,2013,47.5299,-122.203,2610,13.590865880523797
4,1.5,1150,9360,1.5,0,0,3,6,1150,0,1970,47.7197,-122.173,1480,12.718896271958837
4,1.75,2350,7574,1.0,0,0,3,8,1720,630,1979,47.5634,-122.087,2220,13.493926933836812
3,2.5,2510,5400,2.0,0,0,3,9,2510,0,1992,47.5204,-122.206,1840,13.217673557208654
2,1.0,1270,8164,1.0,0,0,4,6,1270,0,1941,47.7116,-122.311,1580,12.873902018105829
4,1.75,2140,4959,1.0,0,0,3,7,1080,1060,1965,47.5166,-122.266,1590,12.765688433465597
4,1.75,2360,8286,1.0,0,0,3,7,1320,1040,1952,47.6226,-122.205,1680,13.681979165339751
3,1.75,1900,43700,1.5,0,0,4,6,1900,0,1919,47.7265,-122.136,2070,13.074852394733277
4,2.25,2120,53578,2.0,0,2,4,7,2120,0,1985,47.2041,-122.021,2120,12.84660987581782
3,1.75,1340,63597,1.0,0,0,4,7,1340,0,1963,47.4379,-122.011,1950,12.936033799212835
4,2.5,2930,18199,2.0,0,0,3,9,2930,0,1998,47.5937,-122.047,2930,13.526494262499357
3,1.0,1400,9690,1.0,0,0,3,7,1400,0,1969,47.3201,-122.398,1280,11.759785542901755
4,2.5,2060,5607,2.0,0,0,3,7,2060,0,2002,47.4365,-122.144,2060,12.748071301947057
3,1.75,1650,10150,1.0,0,0,3,8,1230,420,1976,47.6963,-122.169,1930,13.199139216206378
3,2.5,2610,7301,2.0,0,0,3,8,2610,0,2004,47.7614,-122.139,2460,13.262125319779487
2,1.0,700,6000,1.0,0,0,3,6,700,0,1943,47.4671,-122.212,1320,12.323855681186558
3,1.5,980,7790,1.0,0,0,5,7,980,0,1969,47.7141,-122.213,1390,12.765688433465597
3,2.0,1790,7212,1.0,0,0,4,8,1790,0,1998,47.3898,-122.154,2330,12.793720411897448
3,1.75,1460,7203,1.0,0,0,3,7,1460,0,1990,47.5049,-122.189,1570,12.779873068457553
2,2.0,1680,4950,1.0,0,0,3,8,1680,0,2006,47.7194,-122.022,1570,13.180632285528304
4,2.75,3650,6982,2.0,0,2,4,9,2530,1120,1951,47.6756,-122.275,3140,14.006130917572923
4,2.5,2156,3562,2.0,0,0,3,9,2156,0,2012,47.3591,-122.201,1708,12.758519943986984
4,2.5,2180,7203,2.0,0,0,4,8,2180,0,1989,47.5119,-122.151,2350,13.047639831208393
4,2.25,2430,7490,2.0,0,0,3,8,2430,0,1983,47.4406,-122.139,2070,12.706847933442663
4,2.5,3180,13118,2.0,0,0,4,11,3180,0,1986,47.5382,-122.23,3070,13.997832114758229
3,2.25,1780,9720,1.0,0,0,3,8,1280,500,1981,47.4762,-122.156,1710,12.584509081250419
3,2.5,1760,1472,3.0,0,0,3,8,1640,120,2006,47.6473,-122.374,1760,13.317930160948304
2,1.5,1510,1962,2.0,0,0,4,8,1510,0,1985,47.6214,-122.153,1510,13.0194465401974
4,3.25,5180,49936,2.0,0,0,4,10,5180,0,1991,47.6676,-122.069,4240,14.028603773424983
3,2.25,1430,5999,2.0,0,0,3,7,1430,0,1987,47.3116,-122.358,1600,12.30591798049989
4,1.75,2100,4400,1.5,0,0,5,7,1720,380,1924,47.5299,-122.266,1850,13.005829561148378
3,2.0,2440,23512,1.0,0,0,3,6,1640,800,1933,47.4594,-122.326,1630,12.730801174465157
6,2.75,3970,9500,1.0,0,0,4,10,2180,1790,1970,47.5956,-122.178,2490,13.604789526648622
4,2.5,3680,13351,2.0,0,2,5,9,3680,0,1946,47.6154,-122.214,3410,14.457364444136669
6,3.0,4250,4400,2.5,0,0,4,7,3020,1230,1902,47.5584,-122.283,1520,13.407542319637992
3,3.0,2470,36445,2.0,0,0,4,8,2470,0,1980,47.4661,-121.997,2310,13.17115354157376
4,2.25,2170,8240,2.0,0,1,4,8,2170,0,1983,47.5634,-122.128,2600,13.381645975334411
2,1.0,1170,6000,1.0,0,0,3,6,1170,0,1948,47.5033,-122.331,1130,12.563572249343462
4,2.25,2350,12540,2.0,0,0,3,8,2350,0,1968,47.7732,-122.382,2090,13.132313708257497
4,2.5,2360,7350,1.0,0,0,4,7,1440,920,1965,47.3417,-122.277,1450,12.560244459250788
5,2.5,2530,10190,1.0,0,0,4,7,1290,1240,1960,47.616,-122.115,2040,13.395439297466748
4,2.5,3080,10646,2.0,0,0,3,9,3080,0,1993,47.3828,-122.148,2740,12.994530005894443
3,1.75,1590,11454,1.0,0,0,4,8,1590,0,1979,47.5049,-122.186,1970,12.94084150078094
3,1.0,1390,9624,1.5,0,0,4,7,1390,0,1954,47.7758,-122.301,1440,12.608198852372823
3,2.5,3630,9475,2.0,0,0,3,11,3630,0,1999,47.6544,-122.085,3250,13.778846573592682
5,1.75,2460,16000,1.0,0,0,3,7,1230,1230,1957,47.3305,-122.351,1990,12.388394202324129
4,3.5,4220,196817,2.0,0,0,3,10,4220,0,1993,47.2642,-122.187,2500,13.592304504696857
4,2.5,2060,8968,1.0,0,0,4,7,1190,870,1975,47.7686,-122.317,1350,13.03789422077788
2,1.0,1040,4590,1.0,0,0,3,7,1040,0,1954,47.5078,-122.337,1040,12.254862809699606
4,2.75,3790,10669,2.0,0,0,3,10,3790,0,1999,47.5976,-121.983,3750,13.681979165339751
3,2.5,2590,7237,2.0,0,0,3,8,2590,0,2004,47.7113,-122.309,1670,13.337474757021274
4,2.5,2100,7366,2.0,0,0,3,8,2100,0,1997,47.3703,-122.107,2060,12.71589776896258
3,3.0,3180,2758,2.0,0,2,3,11,2240,940,2008,47.6377,-122.342,2420,14.09692301740246
4,2.5,2570,27972,2.0,0,0,3,8,2570,0,1997,47.6343,-121.969,2500,13.36138027787483
3,2.5,1800,5761,2.0,0,0,4,7,1800,0,1990,47.5293,-122.363,1800,12.919512529357881
3,2.5,1570,5113,1.0,0,0,3,7,1090,480,1996,47.3327,-122.29,1570,12.4529327234617
3,2.25,1445,1512,2.0,0,0,3,7,1300,145,2004,47.5341,-122.069,1445,12.936033799212835
3,1.5,1170,9848,1.0,0,0,3,7,1170,0,1963,47.7612,-122.234,2220,12.429216196844383
4,3.5,2140,2278,3.0,0,0,3,9,2140,0,2005,47.6734,-122.38,1540,13.422467969854667
3,2.5,1390,2815,2.0,0,0,3,8,1390,0,1999,47.566,-122.366,1390,12.89921982609012
4,2.5,2400,7351,2.0,0,0,3,9,2400,0,1990,47.5707,-122.022,2330,13.38472764187182
4,2.5,2910,8881,2.0,0,1,3,10,1940,970,1932,47.6424,-122.411,2540,13.9108207377686
2,1.75,2170,25732,1.0,0,2,4,8,2170,0,1952,47.7542,-122.372,3020,13.652991628466498
3,2.5,2420,4725,2.0,0,0,3,8,2420,0,2014,47.371,-122.018,2370,12.815563722959245
4,2.5,2500,11070,1.0,0,2,4,8,1300,1200,1964,47.336,-122.334,2500,12.84792653170257
4,2.25,3250,16684,2.0,0,0,3,9,3250,0,1979,47.6334,-122.229,2890,14.15910026235435
5,4.75,6200,13873,2.0,1,4,4,11,4440,1760,1989,47.605,-122.112,2940,15.009433026436708
5,2.0,2330,6783,1.0,0,0,3,7,1310,1020,1956,47.6955,-122.295,1930,13.353475098367715
4,2.5,2290,26720,2.0,0,0,3,8,2290,0,1977,47.7502,-122.374,2290,13.353475098367715
2,1.0,710,9000,1.0,0,0,5,6,710,0,1943,47.4811,-122.339,1230,11.938193200374572
3,1.0,1160,7854,1.0,0,0,3,7,1160,0,1960,47.7304,-122.308,1300,12.952760593018148
4,2.5,2710,6558,2.0,0,0,3,9,2710,0,1997,47.434,-122.109,2710,13.028052697933088
3,3.0,2260,1834,2.0,0,0,3,8,1660,600,2002,47.6111,-122.308,2260,13.386264921190707
4,2.5,2570,7753,2.0,0,0,3,8,2570,0,1987,47.4237,-122.162,2140,12.821258284620408
5,2.75,2930,10148,2.0,0,0,3,9,2930,0,2002,47.4887,-122.145,2930,12.456831363877356
4,2.5,2980,8786,2.0,0,0,3,8,2980,0,2003,47.378,-122.03,2980,12.854483932248728
2,2.5,1640,1953,2.0,0,0,3,10,1640,0,2014,47.5639,-122.292,1820,13.413539339110365
4,3.0,2160,5200,1.0,0,0,3,7,1320,840,1978,47.3627,-122.091,1460,12.341258918085241
3,2.25,1960,10385,1.0,0,0,3,8,1960,0,1988,47.5736,-122.109,2800,13.32612021491835
4,3.0,2860,10292,1.0,0,0,4,8,2860,0,1953,47.6286,-122.206,1840,14.089347223594002
3,1.0,920,14400,1.0,0,0,4,7,920,0,1977,47.2816,-122.269,1170,12.266697267346608
2,2.0,1580,5750,1.0,0,0,5,6,790,790,1910,47.5668,-122.384,1580,13.232114241363448
4,2.5,2630,28298,2.0,0,0,3,8,2630,0,1996,47.6314,-121.968,2840,13.38472764187182
4,2.5,1811,4381,2.0,0,0,3,8,1811,0,2007,47.454,-122.19,1811,12.468436909997665
3,2.5,3550,136343,2.0,0,0,3,10,3550,0,1977,47.6223,-121.869,3080,13.208541073645382
2,1.5,1170,5248,1.0,0,0,5,6,1170,0,1941,47.5318,-122.374,1170,12.721885810807203
2,2.0,800,5765,1.0,0,0,4,6,800,0,1936,47.7024,-122.346,1160,12.538070601756466
3,2.5,1960,4709,2.0,0,0,3,7,1960,0,2003,47.5322,-121.871,1700,12.959844447906553
5,2.75,2190,12687,1.0,0,0,5,7,1370,820,1978,47.7762,-122.257,2280,13.008074231002201
3,2.25,2140,11266,2.0,0,0,3,7,2140,0,1986,47.7267,-121.966,2000,12.89921982609012
3,2.0,2140,4923,1.0,0,0,4,8,1070,1070,1928,47.6902,-122.339,1470,13.473020249017498
5,2.5,2340,7200,1.0,0,0,3,7,1300,1040,1975,47.7206,-122.211,1930,13.071070083016778
3,2.0,2350,6000,1.5,0,0,4,8,1990,360,1922,47.6476,-122.32,2010,13.681979165339751
3,2.5,2290,6328,2.0,0,0,3,8,2290,0,2001,47.5103,-122.382,1600,13.217673557208654
4,2.25,2060,8470,1.0,0,0,3,8,1440,620,1983,47.5605,-122.124,2180,13.39239051461739
3,2.25,2110,8000,2.0,0,0,3,8,2110,0,1975,47.7311,-122.204,1740,12.86099861326992
3,2.0,1380,3600,3.0,0,0,3,8,1380,0,2015,47.6074,-122.305,1480,12.765688433465597
3,2.5,1630,3425,2.0,0,0,3,8,1630,0,1999,47.4913,-122.154,1420,12.765688433465597
4,2.5,1980,5000,2.0,0,0,3,8,1980,0,2008,47.6492,-121.908,1400,12.92513120787462
2,1.0,910,3750,1.0,0,0,3,7,910,0,1904,47.6772,-122.369,1160,12.936033799212835
4,2.5,1785,2552,2.0,0,0,3,8,1785,0,2009,47.3582,-122.2,1691,12.54966234992025
3,1.0,1560,8100,1.0,0,0,4,8,1140,420,1952,47.7261,-122.364,2130,13.17115354157376
4,2.0,2330,6250,1.0,0,0,4,7,1400,930,1941,47.3782,-122.228,2050,12.751154757974255
3,3.5,3830,221284,2.0,0,0,3,10,3530,300,1993,47.7641,-122.023,2920,13.592367006650065
3,2.5,3240,33661,2.0,0,0,3,8,3240,0,2001,47.4785,-122.095,1870,13.262125319779487
5,2.0,2730,7344,1.0,0,0,5,7,1510,1220,1962,47.4602,-122.171,1730,12.644327576461329
2,1.25,1230,1569,2.0,0,0,3,9,1050,180,2009,47.6193,-122.304,1100,13.199324418540456
4,2.25,2730,35100,2.0,0,0,3,8,2730,0,1977,47.5913,-122.012,2730,13.122363377404328
2,2.25,1290,1334,3.0,0,0,3,8,1290,0,2007,47.6719,-122.382,1350,13.122363377404328
2,1.0,810,4838,1.0,0,0,3,5,810,0,1938,47.4909,-122.203,890,12.384009604006303
4,2.5,3210,18901,2.0,0,0,3,10,3210,0,1993,47.709,-122.073,3330,13.623138665316818
4,2.0,2490,9525,2.0,0,0,5,9,2490,0,1968,47.5639,-122.217,2770,13.753635154246187
4,2.0,1710,5200,1.0,0,0,4,7,910,800,1977,47.3634,-122.09,1560,12.419165860990882
2,1.0,720,7200,1.0,0,0,5,6,720,0,1943,47.4763,-122.177,970,12.201060103706629
3,2.0,1130,7200,1.0,0,0,4,6,1130,0,1944,47.4779,-122.342,1270,12.478006361013815
4,1.0,1780,4000,1.5,0,0,3,7,1780,0,1922,47.6624,-122.354,1750,12.994530005894443
4,2.25,2580,8820,1.0,0,0,4,9,1620,960,1967,47.3122,-122.376,2140,12.628067055589549
4,5.5,6930,45100,1.0,0,0,4,11,4310,2620,1950,47.5547,-122.144,2560,14.741751620691597
3,1.75,1340,16480,1.0,0,0,4,7,1340,0,1968,47.364,-122.162,1520,12.384218830913648
3,1.0,1190,11120,1.0,0,0,3,6,1190,0,1947,47.5687,-121.898,1230,12.468436909997665
3,1.75,1460,4000,1.0,0,2,4,7,730,730,1929,47.5768,-122.307,1360,13.175335262170435
3,2.5,2960,9350,2.0,0,2,4,9,2960,0,1978,47.6218,-122.094,2960,13.514405465180353
4,2.75,2420,4635,1.5,0,0,5,7,2420,0,1905,47.682,-122.347,1590,13.617059619240436
3,3.5,1690,1765,2.0,0,0,3,8,1370,320,2006,47.6536,-122.34,1690,13.340695371721317
3,3.0,3420,7826,2.0,0,0,4,8,2430,990,1939,47.5873,-122.29,980,13.719880326949024
4,2.75,3030,6625,2.0,0,0,3,8,3030,0,2011,47.4815,-122.152,3030,13.17115354157376
4,2.25,1790,42000,1.0,0,0,3,7,1170,620,1983,47.4819,-121.744,2060,13.110290796170059
2,1.0,1450,9150,1.0,0,0,4,7,1450,0,1965,47.4689,-122.277,1440,12.779873068457553
3,2.75,2550,54014,2.0,0,0,4,8,1980,570,1967,47.7596,-122.117,2180,13.287877815881902
3,2.0,1660,8641,2.0,0,0,4,8,1660,0,1987,47.3663,-122.088,1490,12.505992035646432
3,1.5,1430,5200,1.0,0,0,4,7,1030,400,1977,47.3644,-122.094,1190,12.180754837545884
3,2.5,2350,9051,1.0,0,0,4,8,1570,780,1966,47.3126,-122.364,2270,12.367340793126296
4,3.0,3130,5700,1.5,0,0,3,7,1750,1380,1953,47.6811,-122.283,2080,13.41652441595382
4,2.5,1920,8562,2.0,0,2,4,7,1920,0,1994,47.1932,-122.008,1820,12.640934730489125
5,2.75,2660,8737,1.0,0,4,5,8,1470,1190,1969,47.5667,-122.155,3280,13.9108207377686
3,1.75,1570,4375,1.0,0,0,3,7,970,600,1940,47.5889,-122.389,1790,13.235692062711331
2,1.0,1240,12092,1.0,0,0,3,6,960,280,1922,47.4957,-122.352,1820,12.390475368527953
3,1.0,1040,10080,1.0,0,0,3,6,1040,0,1959,47.329,-122.343,1000,12.127570417375216
3,2.5,2480,37843,1.5,1,3,4,8,2480,0,1974,47.4003,-122.422,2350,13.404530269168
3,2.5,2040,9765,2.0,0,0,3,8,2040,0,1985,47.309,-122.349,2350,12.694345864825653
5,2.5,2810,6000,2.5,0,0,3,9,2810,0,1907,47.6367,-122.35,2240,13.971659240454205
3,2.5,2140,3821,2.0,0,0,3,8,2140,0,2005,47.5541,-121.995,2860,12.948009990259552
3,3.0,1530,9999,1.0,0,0,4,7,1150,380,1983,47.6869,-122.186,1530,13.210374254727043
5,2.0,3020,6000,1.5,0,0,5,7,1860,1160,1925,47.5207,-122.378,1380,13.180632285528304
4,2.25,2240,12650,1.0,0,0,4,8,1730,510,1981,47.4777,-122.142,2150,12.936033799212835
4,1.75,1670,13125,1.0,0,0,5,8,1670,0,1973,47.6315,-122.101,2360,13.454540689742661
4,3.0,2830,213879,2.0,0,0,4,8,2830,0,1987,47.2925,-122.107,2250,13.217491722495906
4,2.5,3290,35001,2.0,0,0,3,10,3290,0,1991,47.7231,-122.038,4090,13.571334873821634
3,1.5,1840,10125,1.0,0,0,4,8,1220,620,1959,47.5607,-122.217,2320,13.62918097977278
4,2.75,3040,2800,2.0,0,0,3,9,2100,940,1906,47.6245,-122.327,1260,13.641157170819497
3,2.5,2620,4874,2.0,0,0,3,7,2620,0,1999,47.5328,-121.879,2360,13.060487973686241
3,1.0,1220,20400,1.0,0,0,5,6,1220,0,1959,47.2063,-122.023,1640,12.443119102013375
4,1.75,1270,6825,1.0,0,2,3,7,1270,0,1950,47.5051,-122.242,1800,12.4529327234617
3,1.0,1060,5200,1.0,0,0,5,6,1060,0,1970,47.3636,-122.093,1380,12.072255497795835
4,2.5,1850,6663,2.0,0,0,3,7,1850,0,1990,47.3618,-122.195,1850,12.594730635321957
2,2.0,1240,9119,1.0,0,0,4,7,1240,0,1952,47.6221,-122.193,1380,13.497369278027785
4,2.25,1980,15086,2.0,0,0,3,8,1980,0,1981,47.647,-122.064,2100,13.180632285528304
3,2.5,2070,4697,2.0,0,0,3,7,2070,0,2002,47.5307,-121.875,2230,12.911642346088676
4,2.5,2520,9604,2.0,0,0,3,9,2520,0,1990,47.3893,-122.216,2540,12.826649133255284
4,2.75,2160,8148,1.0,0,0,3,7,1410,750,1978,47.7261,-122.306,2060,12.983101310070822
3,1.0,1200,12500,1.5,0,0,3,6,1200,0,1936,47.4162,-122.329,1200,12.225875272826354
2,1.0,1700,3040,1.5,0,0,3,8,1460,240,1914,47.6442,-122.369,1620,13.473020249017498
3,1.0,1160,8320,1.0,0,0,4,7,1160,0,1959,47.3831,-122.288,1480,12.213544660368875
4,1.75,1690,10854,1.0,0,0,3,7,1690,0,1977,47.5241,-122.199,2390,12.823957341589573
4,3.25,3276,10801,2.0,0,0,3,9,3276,0,2008,47.4585,-122.361,2010,13.487006490992238
1,1.0,780,4000,1.0,0,0,3,5,780,0,1905,47.5424,-122.321,1150,11.407564949312402
3,2.25,2520,212137,2.0,0,0,3,9,1590,930,2005,47.7384,-121.878,2000,13.337474757021274
2,1.0,830,5610,1.0,0,0,3,6,830,0,1922,47.5674,-122.367,1310,12.524526376648708
3,1.0,860,7740,1.0,0,0,3,6,860,0,1960,47.4906,-122.244,980,12.240474072247506
3,1.75,1310,5000,2.0,0,0,4,7,1310,0,1901,47.6722,-122.379,1270,13.304684934198283
2,2.25,1280,2574,2.0,0,0,3,7,1280,0,1992,47.5939,-122.302,1250,12.804909146618877
4,2.5,2290,11173,2.0,0,0,4,8,2290,0,1988,47.4314,-122.164,2290,12.986543654261794
3,2.5,3420,79279,2.0,0,0,3,11,3420,0,1990,47.7225,-122.126,4240,14.018451401960965
3,1.5,1640,7222,2.0,0,0,4,7,1640,0,1908,47.5215,-122.33,1240,12.594730635321957
2,1.0,940,6350,1.0,0,0,4,5,940,0,1942,47.698,-122.357,1490,12.553202176625375
3,1.0,1060,7419,1.0,0,2,4,6,1060,0,1906,47.7712,-122.392,2190,12.821258284620408
3,2.5,1760,1755,3.5,0,0,3,8,1760,0,1998,47.6688,-122.279,1700,13.206704525838079
4,4.75,5230,89298,2.5,0,0,3,11,5230,0,2002,47.4097,-122.063,4110,14.115615150414612
3,1.0,1200,5252,1.0,0,0,3,7,1200,0,1962,47.6075,-122.134,1800,12.96453929221076
4,3.5,3740,41458,2.0,0,2,3,11,3740,0,2000,47.7375,-122.139,3750,13.891081744811348
4,2.5,2280,8798,2.0,0,0,4,8,2280,0,1987,47.7471,-122.247,2180,13.16158409055761
4,3.5,3560,6562,2.0,0,0,3,10,3560,0,2014,47.5929,-121.974,3710,13.691069154493656
3,1.0,1030,7200,1.0,0,0,3,6,880,150,1948,47.5255,-122.376,1030,12.721885810807203
2,1.0,900,8000,1.0,0,0,4,6,900,0,1954,47.4217,-122.317,1240,12.128111104060462
3,2.25,1660,10140,1.0,0,0,4,8,1370,290,1980,47.6889,-122.128,2100,13.24634935718532
3,3.25,1530,1612,3.0,0,0,3,8,1530,0,2006,47.6706,-122.378,1530,13.31710745419684
4,2.5,2830,7350,1.0,0,0,3,8,1690,1140,1982,47.3088,-122.341,2350,12.59642411582829
3,1.75,2120,5992,1.0,0,0,3,7,1060,1060,1947,47.7083,-122.308,1840,12.959844447906553
4,2.5,2780,35000,1.0,0,0,4,9,2780,0,1985,47.7386,-122.091,2740,13.421356241001977
2,1.5,1580,3680,1.0,0,2,3,8,1280,300,1941,47.5762,-122.377,1730,13.180632285528304
4,2.5,2330,9928,2.0,0,0,3,8,2330,0,1998,47.4836,-121.783,2430,13.062613372998555
4,3.0,2430,7163,2.0,0,0,3,8,2430,0,2003,47.3558,-122.013,2430,12.923790480024325
3,1.0,1790,7055,1.0,0,0,5,8,1520,270,1937,47.718,-122.355,1710,12.948009990259552
2,1.0,1500,18540,1.0,0,0,3,8,1500,0,1950,47.4727,-122.281,1700,12.043553716032399
4,3.0,2920,33976,1.0,0,3,5,8,1460,1460,1964,47.6164,-122.104,2970,13.865252649859087
5,1.75,2100,7347,1.0,0,0,3,7,1070,1030,1981,47.7751,-122.268,2170,12.706847933442663
4,3.0,1550,3350,1.0,0,0,3,7,860,690,1918,47.6583,-122.362,1310,13.343104044102228
4,1.75,1780,5000,1.0,0,0,5,7,890,890,1903,47.5329,-122.292,1860,12.765545566117686
3,2.5,3140,9808,2.0,0,0,3,9,2500,640,2001,47.6383,-122.097,2370,13.726679344257658
3,1.0,960,4560,1.0,0,0,4,7,960,0,1968,47.5539,-122.365,970,12.577636201962656
3,2.25,1240,1250,3.0,0,0,3,8,1240,0,2014,47.6748,-122.377,1470,13.180537941455402
4,2.5,3070,8086,2.0,0,0,3,10,3070,0,2005,47.5399,-122.16,3320,13.59747891853624
4,2.0,1540,5000,1.5,0,0,4,7,1540,0,1913,47.6713,-122.3,1790,13.217673557208654
3,2.5,1930,10460,2.0,0,0,3,8,1930,0,1996,47.4938,-122.161,2290,12.917796211663054
4,2.0,1440,9477,1.0,0,0,3,5,1440,0,1943,47.5093,-122.182,1440,12.201060103706629
4,2.5,2890,9045,2.0,0,0,3,8,2890,0,2001,47.7385,-121.965,2840,13.217673557208654
4,3.75,4030,10800,2.0,0,0,3,10,4030,0,2006,47.6821,-122.196,2160,14.210925330218936
3,2.75,1770,3172,2.0,0,0,3,8,1770,0,2009,47.5164,-121.878,1760,12.936033799212835
4,1.75,1420,7500,1.0,0,0,4,7,1080,340,1981,47.4025,-122.176,1500,12.500606192931057
3,1.75,1460,22651,1.0,0,0,4,7,1460,0,1961,47.4861,-122.03,2030,12.886641043883259
3,1.0,1710,5992,1.5,0,0,4,7,1560,150,1928,47.6861,-122.354,1240,13.38472764187182
4,4.0,2850,2970,2.0,0,0,3,8,2120,730,1999,47.547,-122.01,2380,13.337474757021274
2,2.75,1310,1268,3.5,0,0,3,8,1310,0,2007,47.6534,-122.355,1350,13.17115354157376
3,1.5,1210,5200,1.0,0,0,5,6,1210,0,1969,47.3615,-122.087,1120,11.796787751319144
3,2.25,1730,9516,1.0,0,0,3,8,1180,550,1978,47.3823,-122.166,1870,12.456831363877356
3,2.5,1800,8518,2.0,0,0,3,7,1800,0,1996,47.3643,-122.185,1770,12.103486056755072
3,2.5,2750,37096,2.0,0,0,3,9,2750,0,1989,47.3732,-122.023,2700,12.834681304952548
4,2.5,3200,7282,2.0,0,0,3,9,3200,0,2007,47.4318,-122.286,3030,12.793859310432293
4,2.75,2390,6979,2.0,0,0,3,8,2390,0,1993,47.5703,-121.996,2090,13.345506928718539
2,1.0,990,8760,1.0,0,0,3,7,990,0,1977,47.3302,-122.305,1560,12.095141084822892
3,2.0,2040,4800,1.0,0,0,4,7,1020,1020,1925,47.5561,-122.377,1640,13.270783382522602
3,2.25,1358,1196,3.0,0,0,3,7,1358,0,2007,47.7052,-122.346,1358,12.64947559297873
3,2.0,1540,7210,2.0,0,0,4,7,1540,0,1984,47.3128,-122.351,1500,12.437184366493561
4,2.5,2610,3277,1.5,0,0,5,8,1920,690,1922,47.6636,-122.33,1810,13.815510557964274
3,1.75,1910,10230,1.0,0,0,4,7,1290,620,1964,47.4185,-122.207,1590,12.429216196844383
4,2.0,1850,7560,1.0,0,0,4,7,1540,310,1978,47.3666,-122.277,1620,12.429216196844383
5,3.75,5340,10655,2.5,0,3,4,10,3740,1600,1912,47.5795,-122.285,3910,14.555064111338375
4,2.0,2010,7312,1.0,0,0,4,7,2010,0,1976,47.2785,-122.213,2010,12.429216196844383
4,1.75,2410,8447,2.0,0,3,4,8,2060,350,1936,47.6499,-122.088,2520,13.217673557208654
4,3.0,4270,85643,2.0,0,0,3,11,4270,0,1991,47.7711,-122.048,3760,13.763164077592064
4,1.5,1320,14250,1.0,0,0,4,7,1320,0,1954,47.7016,-122.199,1720,13.142166004700508
3,1.0,1330,45738,2.0,0,0,2,6,1330,0,1967,47.436,-122.185,1490,12.367340793126296
3,1.75,1810,10463,1.0,0,0,4,7,1810,0,1969,47.4581,-122.162,1620,12.738170404571704
4,1.75,2180,4066,1.5,0,0,3,6,1270,910,1911,47.5487,-122.277,1400,12.721587258782296
5,2.0,1510,3000,2.0,0,0,3,6,1510,0,1983,47.6029,-122.304,1610,13.028052697933088
3,1.0,1020,5870,1.0,0,0,3,6,1020,0,1941,47.741,-122.314,1160,12.398756989359676
3,1.5,1480,13457,1.0,0,0,3,7,1480,0,1959,47.5914,-122.136,2100,13.071070083016778
4,2.5,2650,13684,2.0,0,0,3,9,2650,0,1994,47.6278,-122.108,2650,13.498056327178823
4,2.5,1910,7172,2.0,0,0,3,8,1910,0,1993,47.7615,-122.309,1630,13.11935886838403
4,2.5,2390,5800,2.0,0,0,3,9,2390,0,2000,47.5965,-122.038,2590,13.380101573483037
3,1.5,1320,3145,2.0,0,0,3,7,1320,0,1998,47.5909,-122.297,1320,12.904207367601158
4,3.5,3410,10769,2.0,0,0,3,10,3410,0,2008,47.6081,-122.198,2650,14.155547860749984
3,2.25,1540,5338,1.0,0,0,5,7,770,770,1954,47.6942,-122.304,1680,12.65075846679162
3,2.0,1780,1750,1.0,0,2,3,8,1400,380,1927,47.6797,-122.357,1780,13.541073712262515
4,3.5,5050,9520,2.0,0,0,3,11,3610,1440,2007,47.6364,-122.209,2430,14.657077743642493
3,2.0,1300,3731,1.0,0,0,3,7,900,400,1993,47.5374,-122.27,1300,12.66032791780777
4,3.5,3490,87497,2.0,0,0,3,9,3490,0,2001,47.4028,-122.002,2400,13.498056327178823
3,1.75,2410,51763,1.0,0,0,4,8,1410,1000,1981,47.7429,-122.056,2410,12.976180867226248
3,2.25,2300,9914,2.0,0,0,4,8,2300,0,1980,47.5677,-122.086,2240,13.42984807715229
2,2.0,1450,2272,1.0,0,0,4,6,750,700,1924,47.633,-122.282,2170,13.169246963303179
2,1.5,1360,1898,2.0,0,0,3,7,1360,0,1978,47.2852,-122.19,1360,12.206072645530174
4,1.5,2720,37258,2.0,0,0,3,10,2720,0,1994,47.7402,-122.035,3270,13.357435499583813
3,1.75,1800,23103,1.0,0,0,3,7,1800,0,1968,47.6517,-121.906,1410,12.556729517143344
4,4.75,3970,9778,2.0,0,2,4,11,3390,580,1928,47.6312,-122.366,3970,14.648419680899378
5,1.75,1550,5225,1.5,0,0,4,7,1550,0,1941,47.554,-122.306,1220,12.793859310432293
4,2.25,2350,7210,1.5,0,0,4,7,2350,0,1972,47.7407,-122.183,1930,13.122363377404328
2,1.0,970,18557,1.0,0,0,3,6,970,0,1939,47.5116,-122.37,1150,12.66032791780777
3,1.75,1480,6360,1.0,0,0,3,7,1480,0,1954,47.7311,-122.353,1480,13.049792684569493
4,2.0,1460,7254,1.0,0,0,3,6,1460,0,1959,47.5056,-122.254,1460,11.918390573078392
4,2.75,1540,4840,1.0,0,2,4,7,850,690,1929,47.5491,-122.375,1180,13.017002861746503
3,2.5,1484,1761,3.0,0,0,3,7,1484,0,2003,47.6844,-122.317,1484,12.80765263256463
2,1.0,960,3235,1.0,0,0,4,7,960,0,1916,47.661,-122.344,1290,12.976180867226248
3,1.5,1730,5750,1.0,0,0,3,7,1250,480,1947,47.5645,-122.397,1370,13.217673557208654
3,2.5,2653,4510,2.0,0,0,3,8,2653,0,2006,47.4145,-122.166,2653,12.80765263256463
4,2.5,2160,6223,2.0,0,0,3,8,2160,0,2010,47.3494,-122.042,2160,12.855790268162783
2,1.0,800,15000,1.0,0,0,3,6,800,0,1927,47.4932,-122.316,1170,11.608235644774552
3,1.0,1000,10800,1.0,0,0,3,7,1000,0,1959,47.52,-122.03,1140,12.890380877422915
4,1.0,1710,6050,1.5,0,0,3,7,1410,300,1913,47.5569,-122.288,1560,13.480037821676145
5,1.0,1410,6400,1.0,0,0,5,7,960,450,1955,47.4207,-122.334,1400,12.597547004611188
4,2.25,1750,10160,1.0,0,0,3,8,1320,430,1972,47.5909,-122.158,2170,13.203943364396752
5,3.25,4115,7910,2.0,0,0,3,9,4115,0,2014,47.6847,-122.016,3950,13.804277705031145
5,2.25,1960,8592,1.0,0,0,4,8,1290,670,1958,47.6066,-122.192,1720,13.664687668229691
5,2.5,2900,5901,2.0,0,0,3,9,2900,0,2006,47.5396,-121.998,3200,13.603430579006044
4,2.75,2080,9600,1.0,0,0,3,8,1240,840,1979,47.7149,-122.235,1880,12.985397522331171
3,2.5,1620,5250,2.0,0,0,3,8,1620,0,1987,47.3538,-122.301,1650,12.388394202324129
4,2.5,1800,8432,1.0,0,0,4,7,1200,600,1960,47.7463,-122.336,1780,12.834681304952548
3,2.5,3470,12076,2.0,0,3,3,10,2560,910,1988,47.5319,-122.238,3590,13.864300722133706
4,2.5,2810,4922,2.0,0,0,3,9,2810,0,2005,47.614,-122.041,2920,13.461688683007948
4,2.0,2220,23750,1.0,0,0,3,7,2220,0,1963,47.7759,-122.214,2650,13.185338176565716
5,2.75,2160,4000,1.5,0,0,5,7,1530,630,1927,47.667,-122.289,2040,13.417269294945429
4,2.0,1650,7552,1.0,0,0,4,7,860,790,1977,47.7765,-122.324,1410,12.793859310432293
2,1.0,790,4000,1.0,0,2,3,7,790,0,1908,47.6248,-122.301,1700,12.03952797654735
3,1.75,1670,11452,1.0,0,2,3,8,1670,0,1992,47.1913,-122.015,1820,12.409013489526863
4,2.5,3500,7519,2.0,0,0,3,9,3500,0,2004,47.6799,-122.024,3920,13.579788224443204
4,1.0,1450,32234,1.5,0,0,4,6,1450,0,1932,47.3818,-122.21,1530,12.551469227172218
4,2.5,1780,5822,2.0,0,0,3,7,1780,0,2001,47.4455,-122.169,1990,12.647548191161372
3,2.0,1240,10800,1.0,0,0,3,7,1240,0,1967,47.449,-122.155,1480,12.604680966175126
3,2.0,1460,4350,2.0,0,0,3,7,1460,0,2008,47.696,-122.026,1740,12.801507764074755
2,2.25,1170,1011,2.0,0,0,3,7,1170,0,2009,47.5321,-122.073,1240,12.72709609427261
6,3.25,2120,6893,1.0,0,0,4,7,1060,1060,1983,47.5508,-122.355,1380,12.706847933442663
3,1.0,1160,7491,1.0,0,0,4,6,1160,0,1917,47.7024,-122.359,1800,12.942039823273047
4,2.25,2570,36465,2.0,0,0,4,8,2570,0,1980,47.6555,-122.042,2390,13.270783382522602
3,1.0,1230,9660,1.0,0,0,3,7,1230,0,1968,47.6829,-122.06,1380,12.682306824526545
3,2.25,2370,9619,1.0,0,0,4,8,1650,720,1973,47.6366,-122.099,1960,13.522480879185897
2,1.75,2080,4800,1.0,0,0,5,7,1080,1000,1923,47.6896,-122.362,1310,13.514405465180353
3,2.5,1460,1238,2.0,0,0,3,8,1200,260,2008,47.6719,-122.374,1280,12.985397522331171
4,4.0,5040,17208,1.0,0,0,5,10,2870,2170,1976,47.5701,-122.188,4050,14.862829552244833
3,1.75,1390,13200,2.0,0,0,3,7,1390,0,1979,47.4429,-121.771,1430,12.577636201962656
4,2.5,2190,6300,1.0,0,3,3,7,1240,950,1960,47.6918,-122.216,2730,13.9108207377686
3,1.0,1150,4800,1.5,0,0,4,6,1150,0,1938,47.3101,-122.212,1310,12.206072645530174
3,2.5,1060,1536,2.0,0,0,3,8,1060,0,2000,47.6907,-122.395,1220,12.936033799212835
4,1.0,1620,4329,1.5,0,0,3,7,1620,0,1927,47.5728,-122.388,1220,12.936033799212835
4,2.5,3830,4644,2.0,0,0,3,8,2900,930,2004,47.5384,-121.88,3400,13.42981131177057
3,2.5,2000,35438,2.0,0,0,3,7,2000,0,1968,47.4733,-121.994,2000,12.971540487669746
4,1.0,1340,7920,1.0,0,0,4,7,1340,0,1970,47.2845,-122.267,1090,12.230765258120545
3,3.0,3530,8345,2.0,0,0,3,10,3530,0,2006,47.7338,-122.234,1940,13.304684934198283
4,3.0,2810,6000,2.0,0,0,3,9,2810,0,2007,47.3689,-122.057,2790,13.026843175546917
4,2.5,2620,5457,2.0,0,0,3,8,2620,0,2003,47.3148,-122.27,2740,12.68075282265981
3,2.5,2480,5647,2.0,0,0,3,7,2480,0,2002,47.5355,-121.88,2510,13.017002861746503
4,2.5,2380,6124,2.0,0,0,3,8,2380,0,1997,47.3662,-122.175,2170,12.765688433465597
3,1.0,1060,9946,1.0,0,0,4,7,1060,0,1956,47.4432,-122.282,1310,12.345834587905333
4,2.5,1770,5855,2.0,0,0,3,7,1770,0,2003,47.3483,-122.053,1790,12.421184025147118
3,1.75,1900,3000,1.5,0,0,5,7,1070,830,1903,47.5255,-122.265,1130,12.647548191161372
3,2.0,1750,4990,1.0,0,0,3,7,950,800,1916,47.6667,-122.361,1700,13.075271769870477
4,1.5,1730,8505,1.5,0,0,4,7,1730,0,1961,47.4905,-122.347,1510,12.506177237980511
3,2.25,1360,1236,2.0,0,0,3,8,1140,220,2006,47.6198,-122.299,1620,13.122363377404328
4,2.5,3030,7187,2.0,0,0,3,9,3030,0,2005,47.6934,-122.166,3030,13.610943392223
4,1.75,1960,6177,1.0,0,0,4,8,1960,0,1967,47.3131,-122.383,2010,12.524526376648708
3,1.5,2390,23522,1.0,0,0,2,7,1890,500,1938,47.4754,-122.09,2430,12.429216196844383
3,1.75,1570,15330,1.0,0,0,3,7,1080,490,1956,47.4608,-122.34,1250,12.823957341589573
3,2.5,1550,1092,3.0,0,0,3,8,1390,160,2004,47.6355,-122.324,1550,13.217673557208654
4,3.25,3330,7809,2.0,0,0,3,9,3330,0,2004,47.5977,-121.976,3100,13.62918097977278
3,2.25,1800,6875,1.0,0,0,4,8,1230,570,1974,47.6773,-122.11,1800,13.248114582709889
3,2.5,2720,13124,2.0,0,0,3,9,2720,0,1988,47.6371,-122.094,2760,13.635187003832993
3,2.25,1820,13362,1.0,0,0,3,8,1220,600,1977,47.5898,-122.052,2050,13.151922179645874
3,2.25,1960,10139,2.0,0,0,3,8,1960,0,1984,47.6481,-122.061,2080,13.312983737012978
3,2.5,2600,23361,1.5,1,4,3,8,2150,450,1912,47.4997,-122.379,1700,13.199324418540456
3,1.5,1380,4290,1.0,0,0,3,7,1080,300,1955,47.674,-122.379,1510,13.17115354157376
3,2.5,1990,3600,2.0,0,0,3,7,1990,0,2004,47.3841,-122.041,1790,12.644327576461329
3,2.25,1780,7280,1.0,0,2,3,7,1340,440,1972,47.723,-122.215,2060,13.015891132893811
3,2.75,2150,31238,2.0,0,0,3,9,2150,0,1996,47.6596,-121.96,2650,13.296316684527767
4,2.0,1700,8043,1.0,0,0,3,7,850,850,1954,47.4758,-122.288,1540,11.9891596439666
4,2.5,2400,7292,1.0,0,0,3,8,1530,870,1980,47.7749,-122.339,1710,12.936033799212835
4,3.5,4700,13730,2.0,0,3,3,11,3500,1200,1958,47.6899,-122.217,3210,14.790070197962406
4,2.5,3000,6892,2.0,0,0,3,8,3000,0,2005,47.7623,-122.165,3000,13.279367126213993
4,3.0,2390,4000,1.5,0,0,5,8,1460,930,1931,47.6857,-122.331,1670,13.64709190633931
4,1.75,2040,3570,1.0,0,0,4,7,1020,1020,1917,47.5754,-122.288,1790,13.112313041550827
3,1.0,1410,18600,1.0,0,0,5,7,1410,0,1960,47.5031,-122.152,1610,12.745485726148077
4,2.5,3060,6000,2.0,0,0,3,9,3060,0,2012,47.3689,-122.058,3040,13.049792684569493
3,3.25,2210,3600,2.0,0,0,3,8,1820,390,1995,47.7031,-122.279,2010,12.969212197910155
3,3.25,1720,936,2.0,0,0,3,8,1030,690,2004,47.6201,-122.309,1720,13.383187995686226
3,1.5,1780,12231,1.0,0,0,4,8,1780,0,1956,47.335,-122.321,2460,12.560244459250788
3,1.5,1370,8671,1.0,0,0,3,7,1370,0,1955,47.6217,-122.198,1580,13.610943392223
3,2.0,2500,6733,1.0,0,0,3,8,1770,730,1979,47.6691,-122.36,1770,13.437174117244362
4,1.0,1180,13500,1.5,0,0,3,7,1180,0,1950,47.7165,-122.308,1580,13.155798153490567
3,2.0,2020,38332,1.0,0,0,4,7,1010,1010,1975,47.4582,-122.023,2110,12.948009990259552
3,2.0,1820,6324,1.0,0,0,5,7,910,910,1945,47.6823,-122.27,1850,13.493926933836812
3,2.5,2360,4638,2.0,0,3,3,9,2360,0,1996,47.6837,-122.321,1620,13.270869585703553
4,2.5,3480,13421,2.0,0,0,3,11,3480,0,1995,47.5504,-122.097,3290,13.685401872617254
3,1.0,1270,4268,1.0,0,0,3,7,1270,0,1921,47.6848,-122.392,1310,13.071070083016778
5,2.75,3240,6863,2.0,0,0,3,10,3240,0,2013,47.5033,-122.193,2360,13.486937044136416
3,2.25,2360,5504,2.0,0,0,4,8,2080,280,1913,47.617,-122.288,2840,14.09692301740246
4,2.5,3170,4979,2.0,0,0,4,7,2570,600,1925,47.6655,-122.34,2060,13.525158256956614
4,2.75,2190,2867,1.5,0,0,5,7,1470,720,1929,47.6868,-122.308,1600,13.3645249345543
3,2.5,1680,8284,2.0,0,0,3,7,1680,0,1989,47.3609,-122.048,1550,12.437184366493561
2,1.0,1270,4500,1.5,0,0,4,7,1270,0,1919,47.6059,-122.295,2140,13.142166004700508
4,3.5,3550,11000,1.0,0,2,3,11,2260,1290,1999,47.5506,-122.134,4100,14.119312012295937
5,3.0,2080,6150,1.0,0,0,3,7,1040,1040,1950,47.5707,-122.394,1420,12.751299696013497
4,2.0,2070,9822,1.0,0,0,5,7,2070,0,1955,47.566,-122.14,1300,13.217673557208654
3,2.25,2580,7434,1.0,0,0,3,7,1630,950,1963,47.7446,-122.332,1920,12.736700896592344
3,2.0,1210,9097,1.0,0,0,4,7,1210,0,1954,47.4849,-122.303,1360,12.06249091705215
5,1.5,1940,3430,1.5,0,0,4,6,1220,720,1926,47.6853,-122.362,1830,13.244581010128577
2,1.5,1240,1055,2.0,0,0,3,8,1200,40,1967,47.6104,-122.112,1410,12.534296673294891
4,1.5,1680,11123,1.0,0,0,3,7,1130,550,1959,47.7565,-122.361,1770,12.84792653170257
3,1.5,2440,7200,1.0,0,0,3,7,2440,0,1949,47.5604,-122.274,1920,13.217673557208654
4,2.5,1914,3150,2.0,0,0,3,8,1914,0,2009,47.43,-122.188,1714,12.628067055589549
5,2.25,2060,8632,1.0,0,0,3,7,1030,1030,1962,47.4877,-122.335,1010,12.449018824140563
4,1.75,2600,11325,1.0,0,0,4,7,1610,990,1969,47.3954,-122.206,1720,12.627739132976346
3,2.5,1890,6088,2.0,0,0,3,7,1890,0,1996,47.2886,-122.218,1700,12.487485104968359
3,1.75,1500,8352,1.0,0,2,5,6,750,750,1943,47.4883,-122.191,1500,12.611537753638338
4,4.5,3720,7746,2.0,0,0,3,10,3720,0,2014,47.7323,-122.165,3080,13.77468856344402
4,2.5,3630,7482,2.0,0,0,3,10,3630,0,2008,47.4565,-122.287,1600,13.122363377404328
3,1.0,1440,10330,1.0,0,0,4,7,1440,0,1952,47.6245,-122.193,2080,13.599218481599166
3,1.0,1110,7962,1.0,0,0,3,7,1110,0,1962,47.5035,-122.36,1200,12.254862809699606
4,3.0,1900,9077,2.0,0,0,3,7,1900,0,1954,47.7684,-122.304,1900,13.036805489042683
4,3.25,2730,54014,1.0,0,0,3,9,1560,1170,2007,47.5133,-122.11,2730,13.345506928718539
3,2.5,2090,32718,2.0,1,4,3,7,1550,540,1919,47.3338,-122.511,1200,12.89921982609012
5,1.5,1890,10880,1.0,0,0,3,7,1890,0,1962,47.7196,-122.197,1670,12.948009990259552
4,2.0,2530,15520,1.0,0,0,5,8,2220,310,1964,47.613,-122.167,2500,13.60910120564123
3,1.75,1160,7006,1.0,0,0,4,7,1160,0,1992,47.1937,-121.98,1670,12.560244459250788
1,0.75,380,15000,1.0,0,0,3,5,380,0,1963,47.481,-122.323,1170,12.409013489526863
2,1.0,1190,6967,1.0,0,0,3,7,1190,0,1946,47.5896,-122.243,1700,13.282950442052277
3,1.75,1720,15225,1.0,0,0,4,7,1020,700,1970,47.579,-122.051,1860,12.971540487669746
5,3.75,5330,6000,2.0,0,2,3,10,3570,1760,2006,47.5401,-122.073,4420,13.764217263576723
3,2.5,1440,1068,2.0,0,0,3,8,1160,280,2006,47.5393,-122.361,1580,12.58621994565405
3,2.25,1500,7308,1.0,0,0,4,7,1210,290,1968,47.4621,-122.187,1480,12.577636201962656
3,2.5,1610,3517,2.0,0,0,3,8,1610,0,2005,47.4496,-122.189,1830,12.428816116823043
5,1.75,1320,38125,1.0,0,0,4,7,1120,200,1947,47.3937,-122.323,2360,12.84792653170257
3,1.0,1330,77972,1.0,0,0,3,7,1330,0,1928,47.6891,-122.159,1340,13.710150042306449
4,3.25,2910,1880,2.0,0,3,5,9,1830,1080,1914,47.616,-122.282,3100,14.430696197054507
3,1.75,1560,9788,1.0,0,0,3,7,1560,0,1964,47.4876,-122.226,1840,12.581078546153629
3,2.5,2375,4094,2.0,0,0,3,9,2375,0,2002,47.6627,-122.086,2095,13.475833190394113
3,1.75,1370,9288,1.0,0,0,4,7,1370,0,1988,47.4824,-122.152,1500,12.618016719736048
3,2.5,2150,8221,2.0,0,0,3,8,2150,0,1992,47.5085,-122.15,2490,13.060487973686241
4,1.5,1520,8800,1.0,0,0,4,7,1520,0,1960,47.3136,-122.208,1370,12.345834587905333
3,2.5,1800,11034,2.0,0,0,4,8,1800,0,1987,47.7558,-122.142,1940,13.091904169919621
4,3.0,3110,7231,2.0,0,0,3,8,3110,0,1997,47.3279,-122.191,2820,12.814478597635029
4,2.25,2780,15075,2.0,0,0,3,7,2780,0,1985,47.477,-122.116,1650,12.994416363073707
4,1.0,1520,7298,1.5,0,0,3,7,1520,0,1960,47.3706,-122.31,1520,11.982929094215963
4,2.0,1600,10160,1.0,0,0,4,7,1600,0,1972,47.2015,-122.003,1540,12.487485104968359
2,2.25,2910,6110,2.0,0,2,4,9,2910,0,1985,47.5279,-122.387,2090,13.337474757021274
4,2.25,2710,22860,1.0,0,0,4,7,1850,860,1962,47.3207,-122.266,1700,12.791077667470416
3,1.75,2680,8625,1.0,0,0,5,8,1590,1090,1974,47.5316,-122.056,2620,13.262125319779487
3,1.0,1650,6400,1.0,0,0,4,7,980,670,1954,47.52,-122.365,1230,12.82530414313995
3,1.5,2080,5244,1.0,0,0,3,7,1190,890,1959,47.7144,-122.293,1850,12.899094818276968
3,2.25,1700,1481,3.0,0,0,3,8,1700,0,2002,47.6598,-122.349,1560,13.217673557208654
3,2.0,1980,2674,3.0,0,0,3,8,1980,0,2007,47.5524,-122.382,1440,12.983101310070822
2,1.0,1120,7440,1.0,0,0,4,7,1120,0,1939,47.7405,-122.323,1170,12.724568775600384
3,1.75,1780,9660,1.0,0,0,3,7,1780,0,1962,47.7171,-122.193,1200,12.989974189358584
3,2.5,2760,6187,2.0,0,0,3,10,2760,0,2014,47.5821,-122.047,2760,13.634633557296535
2,1.5,1860,5100,1.0,0,0,3,7,1060,800,1940,47.5573,-122.392,1710,13.142166004700508
2,1.0,720,9520,1.0,0,0,4,6,720,0,1947,47.7678,-122.316,1450,12.180754837545884
3,1.75,2110,15400,1.0,0,0,3,7,1380,730,1963,47.4861,-122.226,2110,12.571583438131306
4,3.5,3820,13224,2.0,0,0,3,10,3280,540,1990,47.6005,-122.199,3340,14.03062193758122
3,1.75,2150,3503,2.0,0,0,3,8,1870,280,1921,47.6285,-122.303,3920,13.764217263576723
3,1.0,1240,5250,1.5,0,0,4,6,1240,0,1904,47.4917,-122.206,1240,12.30591798049989
3,2.0,1730,9000,1.0,0,0,3,8,1370,360,1978,47.5202,-122.047,2390,12.971540487669746
4,2.5,3160,35225,2.0,0,1,3,9,2250,910,1992,47.5672,-122.111,3460,13.5985975564007
3,2.5,3020,4120,2.0,0,0,3,9,2360,660,2008,47.5714,-122.373,2280,13.560618308335483
3,2.5,2060,9715,2.0,0,0,3,8,2060,0,1924,47.6961,-122.316,1240,13.641157170819497
2,2.5,1460,1296,2.0,0,0,3,8,1160,300,2008,47.5923,-122.296,1460,13.01477816672439
4,3.0,3150,9703,2.0,0,0,3,9,3150,0,2001,47.5962,-122.018,3150,13.496681756515656
4,3.0,1984,4460,2.0,0,0,3,7,1984,0,2012,47.3532,-122.211,2095,12.584509081250419
4,3.5,4190,15724,2.0,0,2,3,11,4190,0,1994,47.5518,-122.096,3300,13.963930563082547
4,2.75,2320,4344,2.0,0,0,3,8,2320,0,2012,47.4862,-122.163,2310,13.016891744462095
3,3.5,4080,217697,1.5,0,3,3,10,4080,0,2000,47.2604,-122.139,2710,13.710150042306449
3,2.25,1970,2377,2.0,0,0,3,8,1680,290,2008,47.5631,-122.297,1690,12.936033799212835
3,3.0,2240,10479,2.0,0,0,4,7,1710,530,1950,47.5529,-122.356,1530,12.896716695872
3,2.5,1530,3464,2.0,0,0,3,8,1530,0,1998,47.6179,-122.141,1530,13.210374254727043
4,2.25,2260,41984,1.0,0,0,4,9,2260,0,1967,47.6622,-122.171,2650,13.737549016494562
4,1.0,1300,18836,1.0,0,0,4,7,1300,0,1941,47.5029,-122.188,1540,12.679196402112153
2,1.0,860,5265,1.0,0,0,3,6,860,0,1931,47.5048,-122.272,1650,12.043553716032399
4,2.75,3300,12090,2.0,0,0,3,8,3300,0,1953,47.6294,-122.218,3180,13.739708844547993
4,3.0,2260,7336,2.0,0,0,4,7,2260,0,1977,47.7297,-122.219,2200,13.093963902882631
3,2.5,2210,6280,2.0,0,0,3,8,2210,0,2003,47.35,-122.043,2250,12.793720411897448
3,2.25,2080,26574,1.0,0,2,3,7,1380,700,1993,47.2846,-122.192,1770,12.506177237980511
3,1.75,1800,5700,1.0,0,0,4,8,1000,800,1941,47.6491,-122.367,1680,13.527761816623505
1,1.0,630,1362,1.0,0,0,3,7,630,0,1943,47.6342,-122.342,1090,12.971540487669746
3,2.0,1650,6000,1.0,0,0,3,7,1650,0,1990,47.2904,-122.353,1870,12.392552212472792
4,2.5,3000,8584,2.0,0,0,3,7,3000,0,2003,47.369,-122.032,2610,12.891691559669328
3,3.5,3530,3610,2.0,0,0,3,10,2370,1160,2008,47.6857,-122.339,1780,14.22097566607244
3,1.0,1190,7000,1.0,0,0,3,7,1190,0,1943,47.6453,-122.403,1350,13.15676480412166
4,3.5,3200,7605,2.0,0,2,3,9,2500,700,2013,47.3443,-122.327,2240,13.507625778194974
3,1.75,1620,8438,1.0,0,0,4,8,1620,0,1961,47.703,-122.281,2040,13.216764052825813
4,2.75,2310,14745,1.0,0,0,3,7,1410,900,1993,47.377,-122.31,2060,12.821258284620408
4,2.25,1660,7184,1.0,0,0,3,7,1110,550,1963,47.4678,-122.294,1640,12.533576212168626
2,1.0,1190,6200,1.0,0,0,3,7,1190,0,1948,47.7634,-122.34,1470,12.597945800118872
4,1.0,1410,6000,1.0,0,0,3,7,810,600,1925,47.566,-122.373,1500,12.931202871943169
5,2.75,2860,6000,2.5,0,0,4,8,2380,480,1902,47.5906,-122.316,2240,13.527828485512494
3,1.5,960,6497,1.0,0,0,4,7,960,0,1970,47.3018,-122.378,1160,11.982929094215963
2,2.0,1270,1372,3.0,0,0,3,8,1270,0,2000,47.6776,-122.318,1610,12.989974189358584
2,1.5,950,676,2.0,0,0,3,7,850,100,2003,47.6005,-122.306,950,12.624782980388359
4,2.25,2100,7305,1.0,0,0,4,7,1050,1050,1963,47.4676,-122.296,1760,12.721885810807203
3,2.5,3490,28213,1.5,0,2,3,9,2242,1248,2009,47.365,-122.456,2120,13.447341234599806
4,2.5,2370,6500,2.0,0,0,3,9,2370,0,1998,47.3328,-122.173,2590,12.70076888736628
3,2.5,2600,4724,2.0,0,0,3,7,2600,0,2002,47.5359,-121.878,2400,13.004705333936096
3,2.5,2620,78843,1.0,0,3,4,7,1310,1310,1964,47.2584,-122.093,2330,12.779873068457553
3,1.0,1120,8631,1.0,0,0,3,7,1120,0,1942,47.7077,-122.314,1350,12.647548191161372
3,1.0,1350,9450,1.0,0,0,3,7,1350,0,1979,47.7186,-122.236,1460,12.934828253557487
4,1.5,1380,7800,1.0,0,0,3,7,1080,300,1928,47.7093,-122.306,1770,13.075271769870477
3,2.0,1900,7980,1.0,0,0,4,7,1340,560,1977,47.305,-122.373,1690,12.367340793126296
3,1.75,2190,17550,1.0,0,0,3,7,2190,0,1989,47.6984,-121.912,1700,12.834681304952548
3,1.5,2840,10182,1.0,0,0,3,8,1510,1330,1951,47.524,-122.2,2210,12.429216196844383
3,2.5,1610,10292,1.0,0,0,4,7,1190,420,1969,47.5349,-122.174,1940,12.873902018105829
2,1.5,1760,12000,1.0,0,0,4,7,1760,0,1964,47.6288,-122.109,2200,13.122363377404328
3,2.5,1720,8755,1.0,0,0,3,8,1000,720,1983,47.3186,-122.391,1720,12.524526376648708
3,2.0,1440,10111,1.0,0,0,3,7,1440,0,1963,47.345,-122.283,1580,12.254862809699606
2,1.0,1280,5728,1.5,0,0,5,6,1280,0,1941,47.7477,-122.232,2480,12.51695231114847
2,1.0,1200,9000,1.0,0,0,3,6,1200,0,1958,47.3277,-122.349,1040,12.100434313507177
4,3.0,3500,13444,2.0,0,0,3,10,2360,1140,1977,47.5468,-122.231,3140,13.704578997256993
3,2.5,1320,1310,3.0,0,0,3,8,1320,0,2006,47.6719,-122.38,1350,13.071070083016778
4,3.5,4380,66613,1.5,0,0,3,11,4380,0,1993,47.7279,-122.048,4010,14.151982794585487
3,1.75,1820,9875,1.0,0,0,4,8,1820,0,1966,47.6243,-122.094,2670,13.199231821660906
4,2.5,2420,5244,2.0,0,0,3,9,2420,0,2007,47.4729,-122.35,1400,13.016891744462095
5,3.5,2815,5619,2.0,0,0,3,9,2815,0,2012,47.4299,-122.207,2583,13.076319438902923
4,2.25,1890,5940,1.0,0,1,3,9,1470,420,1963,47.6316,-122.303,2430,13.753635154246187
3,2.5,1710,1296,3.0,0,0,3,8,1510,200,2004,47.6963,-122.342,1610,12.9384405392434
5,2.75,3710,8674,2.0,0,0,3,9,3710,0,1996,47.514,-122.176,3250,13.370784735902808
4,3.25,3610,4000,2.0,0,0,3,9,2640,970,2007,47.658,-122.396,1980,13.826252654496177
4,2.75,3130,9711,2.0,0,0,3,9,3130,0,2014,47.4823,-122.124,1570,13.383187995686226
3,2.0,1460,7740,1.0,0,0,3,7,1460,0,1968,47.3467,-122.306,1540,12.323855681186558
3,1.0,1810,12375,2.0,0,0,3,7,1810,0,1970,47.7427,-122.172,1420,12.696185227698622
3,2.0,1340,2720,1.5,0,0,3,7,1340,0,1913,47.6518,-122.335,2030,13.38472764187182
3,1.0,1620,13803,1.0,0,0,4,6,1620,0,1969,47.3631,-122.028,1260,12.470956809305951
3,1.0,1010,9576,1.0,0,0,4,7,1010,0,1967,47.2956,-122.272,1540,12.214536723942302
6,1.75,2210,8594,1.0,0,0,3,7,1310,900,1959,47.4594,-122.273,1850,12.388394202324129
3,2.5,2010,4059,2.0,0,0,3,8,2010,0,1998,47.7317,-122.197,2010,13.062613372998555
4,1.5,1600,5750,2.0,0,0,4,6,1600,0,1902,47.5437,-122.28,1690,12.56374708980199
4,2.5,2260,13755,1.0,0,0,4,9,2260,0,1975,47.3767,-122.161,2650,12.765688433465597
4,1.75,1770,9375,1.0,0,0,4,7,1170,600,1968,47.6935,-122.112,1540,13.13626628257332
2,1.5,1310,1264,2.0,0,0,3,8,1120,190,2006,47.5772,-122.409,1330,13.017002861746503
5,2.5,3240,9960,1.0,0,1,3,8,2020,1220,1958,47.5858,-122.112,2730,13.527828485512494
3,1.0,1060,4880,1.0,0,0,2,6,910,150,1913,47.5545,-122.288,1200,13.228073831826443
3,1.5,1330,7600,1.0,0,0,4,7,1330,0,1968,47.3103,-122.366,1500,12.292250341771226
3,1.0,1040,4480,1.0,0,0,3,7,870,170,1924,47.6461,-122.356,1730,13.372343582672098
4,2.75,3000,5470,2.0,0,0,3,8,3000,0,2005,47.3613,-122.038,2420,12.779873068457553
4,2.75,2390,6820,2.0,0,0,4,7,2140,250,1945,47.6788,-122.27,1980,13.591116224748411
4,2.0,2120,7806,1.0,0,0,4,6,1770,350,1949,47.6859,-122.166,1560,13.122363377404328
3,2.5,1300,10484,2.0,0,0,3,8,1300,0,1983,47.7768,-122.268,1380,12.834654637930319
3,1.5,2160,2260,2.0,0,2,5,8,1620,540,1917,47.6321,-122.371,2570,13.710150042306449
4,3.0,2570,9104,2.0,0,2,3,7,2570,0,1930,47.5821,-122.401,1630,13.122363377404328
4,2.0,2020,48693,1.5,0,0,3,7,2020,0,1949,47.4646,-121.759,1610,12.782686009834167
4,1.0,1590,7085,1.5,0,0,3,6,1590,0,1944,47.7315,-122.305,1320,12.80765263256463
3,1.5,1340,6000,1.5,0,1,3,9,1340,0,1927,47.66,-122.282,2600,13.717897729097274
4,2.5,2780,13521,2.0,0,0,3,10,2780,0,1987,47.6374,-122.042,2980,13.480037821676145
3,1.0,1590,8470,1.0,0,0,4,7,1140,450,1967,47.4473,-122.159,1570,12.660169175050076
4,1.0,1610,8401,1.0,0,0,3,7,1610,0,1958,47.5104,-122.165,1610,12.502466658583977
4,2.5,2390,9600,2.0,0,0,3,7,2390,0,1996,47.3289,-122.001,1900,12.658739355122632
3,2.0,1580,4961,2.0,0,0,3,7,1580,0,2006,47.3338,-122.053,2280,12.254862809699606
3,2.5,1940,37565,1.0,0,0,4,8,1940,0,1987,47.4801,-122.063,2560,13.122363377404328
4,2.5,2250,10696,2.0,0,0,3,8,2250,0,1996,47.5715,-122.128,2340,13.37700559577791
4,2.0,2520,6000,1.0,0,0,3,8,1400,1120,1921,47.6767,-122.35,1580,13.681979165339751
4,2.5,2400,6078,2.0,0,0,3,8,2400,0,2001,47.2606,-122.285,2406,12.608198852372823
4,1.75,1970,9389,1.0,0,0,5,7,1140,830,1960,47.7771,-122.339,1820,12.84779494409793
5,2.25,2020,8400,1.0,0,0,4,7,1010,1010,1963,47.5763,-122.219,1890,13.527828485512494
3,2.25,3170,5000,2.0,0,0,5,10,2230,940,1975,47.6349,-122.318,3170,14.28551418721001
3,2.5,2000,7205,2.0,0,0,3,8,2000,0,1998,47.3499,-122.302,2180,12.691580461311874
3,2.25,1870,3230,2.0,0,0,3,7,1870,0,1997,47.4915,-122.167,1620,12.572103684392932
4,2.5,2040,5770,2.0,0,0,3,7,2040,0,1994,47.3522,-122.059,1570,12.429216196844383
4,2.0,1580,6250,1.0,0,0,3,7,860,720,1977,47.7659,-122.31,1580,12.154779351142624
4,1.75,1510,5500,1.5,0,0,3,7,1510,0,1920,47.535,-122.359,1320,12.429216196844383
5,3.75,2800,9900,1.0,0,0,3,7,2800,0,1964,47.319,-122.344,1700,12.449018824140563
2,1.0,810,7158,1.0,0,0,5,6,810,0,1944,47.4882,-122.325,1090,12.235631447771718
3,2.0,1190,4072,1.5,0,0,5,6,1190,0,1907,47.5276,-122.274,1680,12.409013489526863
3,2.5,2930,9280,2.0,0,0,4,10,2930,0,1988,47.6335,-122.151,2730,13.715690222682063
3,2.25,1420,3433,2.0,0,0,4,7,1420,0,1981,47.7245,-122.163,1150,12.72635342806692
4,2.25,2380,35008,1.0,0,0,3,8,2380,0,1977,47.5834,-122.001,2250,13.296232647383299
3,3.0,3700,10375,2.0,0,0,3,9,3700,0,1982,47.4286,-122.291,2130,13.10011776845701
3,1.75,1700,7532,1.0,0,0,3,7,1700,0,1987,47.355,-122.176,1690,12.449018824140563
4,2.5,2130,4028,2.0,0,0,3,8,2130,0,2014,47.5108,-122.363,1830,12.8790171187726
4,2.25,2420,7927,1.0,0,0,4,7,1400,1020,1973,47.7583,-122.343,2120,12.89921982609012
3,2.5,2100,7600,1.0,0,0,4,7,1450,650,1980,47.6968,-122.127,2010,13.140694334089051
2,2.25,1730,31491,2.0,1,2,4,7,1730,0,1947,47.373,-122.464,1400,13.592367006650065
4,1.0,1220,7980,1.5,0,0,3,6,1220,0,1944,47.4924,-122.237,1210,12.468436909997665
3,2.5,1690,3026,2.0,0,0,3,7,1690,0,2002,47.6885,-122.043,1650,13.041153321978786
4,2.5,4660,7157,2.0,0,0,3,9,3020,1640,2003,47.5352,-122.156,3300,13.541073712262515
4,3.75,5090,14823,1.0,0,0,3,11,4180,910,2013,47.62,-122.207,3030,14.914122846632385
4,1.75,2410,6770,1.0,0,0,4,7,1220,1190,1924,47.6946,-122.336,1440,13.345506928718539
3,1.75,1550,7270,1.5,0,0,5,7,1550,0,1953,47.72,-122.317,1050,13.024750548537328
2,2.0,1670,3507,1.0,0,0,3,9,1670,0,2007,47.5545,-122.003,2330,13.199231821660906
2,1.0,780,10064,1.0,0,0,4,7,780,0,1958,47.4913,-122.318,1090,12.423198124518821
2,2.25,2200,2043,2.0,0,0,3,9,1760,440,2007,47.6213,-122.2,2020,13.764217263576723
3,1.5,1730,40250,2.0,0,0,4,8,1730,0,1983,47.7499,-122.111,1730,13.19095616886994
4,3.5,4540,19767,2.0,0,0,3,11,4200,340,1998,47.5445,-122.137,3990,13.955272500339433
4,2.5,2350,6958,2.0,0,0,3,9,2350,0,1998,47.3321,-122.172,2480,12.608198852372823
4,2.25,2450,34092,2.0,0,0,4,8,2450,0,1980,47.5751,-122.049,2410,13.432784936825598
4,2.0,2320,7400,1.5,0,0,5,7,1620,700,1913,47.5558,-122.269,1740,13.409900439342593
4,2.5,2490,11650,1.0,0,0,3,7,1390,1100,1990,47.4416,-122.332,2010,12.506177237980511
4,2.5,1900,7000,1.0,0,0,2,7,1420,480,1968,47.3092,-122.376,1600,12.628067055589549
3,2.0,1870,3378,1.0,0,0,3,7,1120,750,1913,47.5371,-122.393,1870,12.736700896592344
3,2.5,1690,4102,2.0,0,0,3,7,1690,0,2003,47.3552,-122.015,1830,12.594730635321957
3,1.0,1010,7500,1.0,0,0,4,7,1010,0,1975,47.6172,-122.061,1250,12.66032791780777
3,1.5,1170,7645,1.0,0,0,4,7,1170,0,1955,47.6077,-122.194,1870,13.541073712262515
2,1.0,700,8120,1.0,0,0,3,7,700,0,1927,47.6962,-122.321,1130,12.89921982609012
5,2.75,2830,18050,1.0,0,0,5,7,1630,1200,1958,47.5773,-122.226,2370,13.9108207377686
4,2.5,1954,4805,2.0,0,0,3,8,1954,0,2005,47.4297,-122.19,1714,12.736700896592344
4,1.0,1550,4750,1.5,0,0,3,7,1550,0,1919,47.6824,-122.389,1320,13.186276703147982
3,1.75,1650,3200,1.5,0,0,3,8,1650,0,1901,47.6209,-122.317,1500,13.217673557208654
3,2.25,1430,2343,2.0,0,0,3,8,1430,0,2012,47.5648,-122.294,1270,12.992254692057308
3,2.0,1710,7225,2.0,0,0,4,7,1710,0,1988,47.2917,-122.373,1710,12.431214199507057
3,2.5,2100,5112,2.0,0,0,3,8,2100,0,1999,47.5338,-121.867,2100,13.122163357401663
1,1.0,540,10125,1.0,0,0,3,5,540,0,1961,47.7739,-122.358,1840,12.751299696013497
3,1.0,1120,8576,1.0,0,0,3,6,1120,0,1943,47.4896,-122.248,1050,12.218495165528731
3,1.75,2092,250905,1.0,0,0,3,7,2092,0,1981,47.2664,-122.027,2092,12.873902018105829
4,2.5,3230,7331,2.0,0,0,3,10,3230,0,2004,47.5823,-121.97,3480,13.500799813124575
5,3.0,2730,6000,1.0,0,0,3,8,1470,1260,1979,47.4994,-122.234,2590,12.994530005894443
4,2.75,1680,11180,1.0,0,0,4,7,1680,0,1966,47.6557,-122.127,2400,13.345506928718539
3,1.5,1100,8140,1.0,0,0,4,7,1100,0,1965,47.5004,-122.162,1430,12.632973034358404
4,2.75,3000,6222,2.0,0,0,3,9,3000,0,2004,47.5582,-122.025,3340,13.465953081794405
2,2.25,3950,3938,2.0,0,4,3,10,2910,1040,1991,47.5912,-122.384,3220,14.085537695177335
3,2.0,2050,11454,1.0,0,0,3,8,2050,0,1987,47.6389,-122.11,1980,13.122363377404328
3,1.5,1320,7980,1.0,0,0,3,7,1320,0,1956,47.5068,-122.259,2000,12.449018824140563
3,1.0,1700,8645,1.0,0,0,3,6,1700,0,1955,47.4899,-122.337,1500,12.559191273266128
3,2.75,2840,39324,1.0,0,0,3,9,2200,640,1988,47.3076,-122.101,2840,13.017002861746503
3,3.0,2330,4284,2.0,0,0,3,9,1920,410,2004,47.5547,-122.308,2330,13.023647404465171
2,1.5,1120,17487,1.0,0,0,3,6,1120,0,1924,47.5024,-122.271,1690,12.144197241812087
3,1.75,1490,1036,2.0,0,0,3,10,1090,400,2008,47.6588,-122.403,1460,13.16158409055761
4,2.5,2000,7376,2.0,0,0,3,8,2000,0,1990,47.5719,-121.999,1950,13.308012724290958
4,2.5,2150,39449,1.0,0,0,3,7,1420,730,1978,47.5531,-121.892,2010,13.093963902882631
4,2.5,2580,6260,2.0,0,0,3,7,2580,0,2004,47.4858,-122.185,2160,12.832011076396668
3,1.75,2100,15480,1.0,0,0,3,7,2100,0,1983,47.2924,-122.271,1330,12.608198852372823
4,4.5,5770,10050,1.0,0,3,5,9,3160,2610,1949,47.677,-122.275,2950,14.244040939003435
4,2.25,2620,10920,1.0,0,0,3,9,2620,0,1965,47.6117,-122.164,2370,13.764217263576723
4,2.25,2060,12155,1.0,0,0,4,8,2060,0,1968,47.6378,-122.117,2360,13.262125319779487
3,1.0,1040,5000,1.0,0,0,3,7,1040,0,1959,47.5122,-122.358,1440,12.289724218025784
3,2.5,2196,7475,2.0,0,0,3,8,2196,0,2006,47.3803,-122.204,1860,12.717398144337816
3,2.5,1890,11036,1.0,0,0,3,8,1460,430,1973,47.7426,-122.354,2040,12.996800154428984
3,1.75,1870,7189,1.0,0,0,3,7,1270,600,1959,47.5412,-122.27,1780,12.978493006984626
4,1.75,2210,6375,1.0,0,0,3,8,1640,570,1977,47.3268,-122.328,2070,12.481808646963554
4,1.5,1740,7292,1.0,0,0,3,7,1020,720,1962,47.4787,-122.302,1740,12.100712129872347
3,1.75,2140,40098,1.0,0,0,5,8,1490,650,1950,47.4296,-122.111,2220,13.13626628257332
3,2.25,1250,811,3.0,0,0,3,8,1250,0,2014,47.5419,-122.388,1250,12.947890935553772
3,1.0,940,5904,1.0,0,0,3,6,940,0,1947,47.699,-122.35,870,12.465548126091774
3,2.0,1650,9641,1.5,0,0,3,7,1650,0,1983,47.7145,-122.231,1940,12.92391243868049
3,2.25,2220,15757,1.0,0,0,3,8,1280,940,1982,47.6212,-122.043,2020,13.232114241363448
4,2.5,2100,5857,2.0,0,0,3,8,2100,0,2002,47.4956,-122.163,2090,12.84792653170257
4,2.5,2960,4640,2.0,0,0,3,9,2960,0,2005,47.3597,-122.04,2750,12.963367645913872
2,1.0,1150,5000,1.0,0,0,4,7,1050,100,1924,47.6846,-122.317,1463,13.221303325259232
4,2.5,2880,8400,2.0,0,4,3,8,2050,830,1955,47.7704,-122.386,2880,13.560618308335483
4,2.5,3410,179419,2.0,0,0,3,10,3410,0,2004,47.3602,-121.986,3350,13.560553790125196
4,2.75,2620,6019,2.0,0,0,3,8,2620,0,2013,47.484,-121.771,2790,13.121224729390656
3,1.0,1110,7603,1.0,0,0,3,7,1110,0,1967,47.7262,-122.224,1260,12.821123140353697
3,1.5,1190,9135,1.0,0,0,4,7,1190,0,1959,47.5164,-122.189,1520,12.608198852372823
3,2.5,2370,12753,2.0,0,0,3,7,2370,0,2001,47.7359,-121.984,2280,13.122263372403996
4,2.5,4060,9734,1.0,0,4,3,9,2150,1910,1977,47.7678,-122.254,2750,13.310501319519723
2,1.0,1250,4558,1.0,0,0,3,7,1250,0,1948,47.5318,-122.379,1180,12.779873068457553
4,1.75,2090,7416,1.0,0,0,4,7,1050,1040,1970,47.4107,-122.179,1710,12.577463773304586
2,2.0,1110,1155,3.0,0,0,3,7,980,130,2008,47.5496,-122.388,1110,12.896716695872
3,1.75,2060,5721,1.0,0,2,3,9,1140,920,1964,47.5268,-122.388,2060,13.522882943119479
3,2.5,2790,31798,1.0,0,0,5,8,1650,1140,1953,47.5241,-122.039,1400,13.369223455335854
2,1.5,1480,9660,1.0,0,0,3,7,1480,0,1949,47.4577,-122.289,1990,12.449018824140563
5,3.0,2380,5000,2.0,0,0,5,7,2380,0,1909,47.6722,-122.389,1800,13.465953081794405
4,2.0,2410,4680,2.0,0,0,3,9,2410,0,1974,47.6234,-122.113,1910,13.060487973686241
4,2.0,2090,6630,1.0,0,0,3,7,1070,1020,1974,47.5077,-122.268,1550,12.206072645530174
4,2.5,1890,8505,1.0,0,0,3,8,1290,600,1980,47.6796,-122.115,1720,12.987688474077727
3,2.25,1580,8506,2.0,0,0,3,7,1580,0,1987,47.686,-122.185,2253,13.270783382522602
4,3.5,3150,5500,2.0,0,0,3,9,3150,0,2014,47.6644,-122.293,1550,14.001990124906893
4,2.5,2710,6474,2.0,0,0,3,8,2710,0,2004,47.5383,-121.878,2870,13.304684934198283
3,2.5,2090,12027,2.0,0,0,3,8,2090,0,1991,47.4084,-122.213,2090,12.699243334057444
3,1.5,1610,8375,2.0,0,0,3,7,1610,0,1927,47.7527,-122.306,1610,12.506177237980511
2,1.0,890,8180,1.0,0,0,3,7,890,0,1947,47.737,-122.3,1130,12.52597986527669
3,3.5,1450,1091,2.0,0,0,3,8,1200,250,2007,47.6475,-122.359,1490,13.217673557208654
4,2.25,2340,5250,2.0,0,0,5,7,2340,0,1965,47.5183,-122.266,1540,12.628067055589549
3,2.0,2210,6387,1.0,0,0,3,8,2210,0,2003,47.265,-122.302,2570,12.85618183639855
4,2.5,1990,9656,2.0,0,0,3,7,1990,0,1994,47.3125,-121.998,1500,12.487296407920908
3,2.5,2678,6607,2.0,0,0,3,9,2678,0,1998,47.738,-122.235,2780,13.210740488021742
4,1.0,1190,8875,1.5,0,0,4,7,1190,0,1946,47.7487,-122.303,1190,12.530663867298165
4,2.25,2820,9602,1.0,0,1,3,8,1950,870,1974,47.5881,-122.113,2890,13.527828485512494
4,2.5,1900,5889,2.0,0,0,3,7,1900,0,1992,47.349,-122.031,1870,12.793859310432293
3,1.75,1500,7200,1.0,0,0,3,7,1500,0,1957,47.7748,-122.337,1650,12.793859310432293
3,1.5,1950,15954,1.0,0,0,4,8,1950,0,1959,47.336,-122.319,1940,12.577636201962656
3,2.5,1580,5725,2.0,0,0,3,7,1580,0,2004,47.7611,-122.161,1510,12.834681304952548
4,1.75,2010,12188,1.0,0,0,4,7,1150,860,1960,47.5013,-122.147,1720,12.793859310432293
5,3.0,2400,10126,2.0,0,3,3,8,2400,0,1981,47.5726,-122.373,2250,13.521139497361697
3,2.25,1230,11601,1.0,0,0,4,7,910,320,1992,47.1955,-121.991,1820,12.517227074167097
3,1.0,1230,9440,1.0,0,0,3,7,1230,0,1978,47.4657,-121.747,1230,12.535376392672774
5,1.0,1590,6700,1.5,0,0,3,6,1090,500,1942,47.5075,-122.35,1370,12.128111104060462
3,2.25,1250,1033,3.0,0,0,3,8,1250,0,2007,47.6907,-122.343,1250,12.748396936355535
2,2.0,750,6553,1.5,0,2,3,7,750,0,1945,47.4982,-122.221,1140,12.460714863903755
3,2.0,1500,2506,1.0,0,0,3,7,870,630,2003,47.5962,-122.301,1500,12.886641043883259
4,2.5,3202,4964,2.0,0,0,3,9,3202,0,2014,47.3412,-122.179,2425,13.041023161664482
4,1.75,2430,9747,1.0,0,0,3,8,1780,650,1974,47.7687,-122.276,2340,13.038873066905303
3,2.5,3316,11447,2.0,0,0,3,9,3316,0,1986,47.3036,-122.34,3000,13.103384410806527
4,2.5,3220,22588,2.0,0,0,3,10,3220,0,1996,47.7311,-122.055,3220,13.681979165339751
1,1.0,620,8261,1.0,0,0,3,5,620,0,1939,47.5138,-122.364,1180,12.40860524294026
4,1.75,2460,5750,1.5,0,3,5,7,1620,840,1919,47.5601,-122.378,1760,13.422467969854667
2,1.5,1300,7632,1.0,0,2,3,7,1300,0,1943,47.6134,-122.308,1420,13.527828485512494
2,1.0,1280,7861,1.0,0,0,4,6,1280,0,1913,47.3007,-122.228,1020,12.180754837545884
4,2.5,2660,5608,2.0,0,0,3,9,2660,0,2003,47.5449,-121.995,3010,13.499429010990795
3,1.0,1030,6250,1.0,0,0,3,7,1030,0,1960,47.4988,-122.168,1160,12.441144767709657
5,2.75,2590,6120,2.0,0,0,3,8,2590,0,1909,47.6667,-122.327,1390,13.77572968795243
2,2.0,1030,600,2.0,0,0,3,8,680,350,2004,47.5788,-122.41,1120,12.814478597635029
4,2.5,1940,7107,2.0,0,0,3,7,1940,0,2000,47.3843,-122.032,1850,12.683858415217964
4,3.0,2620,18362,1.0,0,0,4,8,1870,750,1956,47.5646,-122.184,2630,13.399237251139507
4,3.25,2980,7000,2.0,0,3,3,10,2140,840,1900,47.5933,-122.292,2200,14.151982794585487
3,1.5,1260,3135,1.0,0,0,4,7,780,480,1944,47.6693,-122.371,1540,13.120361374733656
3,1.75,1490,8000,1.0,0,0,3,8,1490,0,1978,47.3817,-122.166,1740,12.524526376648708
3,2.25,2040,18360,2.0,0,0,4,8,2040,0,1983,47.6976,-122.137,2590,13.488394416267086
4,3.5,4220,5817,2.0,0,0,3,9,2910,1310,2006,47.5392,-121.862,4290,13.358225701126313
2,1.75,2210,9374,1.0,0,3,4,8,1560,650,1951,47.6634,-122.359,2140,13.55089375844349
3,3.0,2790,12523,2.0,1,4,4,8,1600,1190,1977,47.3571,-122.324,2990,13.635187003832993
4,3.0,2190,5085,2.0,0,0,4,8,2190,0,1992,47.5693,-122.002,2130,13.16158409055761
6,1.75,2230,10080,1.0,0,0,3,7,1390,840,1969,47.7089,-122.201,2110,12.793859310432293
4,2.5,2810,10986,2.0,0,0,3,10,2810,0,1997,47.5943,-121.981,3540,13.517104522149518
2,1.75,1340,1368,2.0,0,0,3,7,1060,280,2006,47.618,-122.311,2480,13.16158409055761
4,1.5,2340,5000,2.0,0,0,3,8,2100,240,1912,47.6065,-122.291,2320,13.500799813124575
3,2.75,4120,16365,1.0,0,2,3,12,4120,0,1999,47.5265,-122.148,4020,14.077874822431765
3,1.0,1070,4000,1.0,0,0,4,7,1070,0,1971,47.5529,-122.305,1090,12.86099861326992
3,2.5,2150,4604,2.0,0,0,3,8,2150,0,2003,47.5893,-122.019,2280,13.270783382522602
3,1.0,920,5200,1.0,0,0,4,6,920,0,1969,47.3647,-122.082,920,12.250089530946948
4,2.5,1800,9229,2.0,0,0,3,7,1800,0,1994,47.1927,-122.015,1970,12.560244459250788
4,2.0,1900,5100,1.0,0,0,3,6,950,950,1914,47.6767,-122.38,1230,12.92391243868049
3,1.0,1270,6405,1.5,0,0,3,6,1270,0,1944,47.4959,-122.241,1110,11.938193200374572
5,2.0,2280,5750,1.0,0,0,4,8,1140,1140,1951,47.5672,-122.39,1780,12.855790268162783
3,2.5,2979,17313,2.0,0,2,3,11,2979,0,1993,47.5503,-122.118,3890,13.723395269056468
1,2.0,1070,675,2.0,0,0,3,8,880,190,2007,47.5574,-122.284,1220,12.948009990259552
4,2.5,2340,19850,2.0,0,0,3,9,2340,0,1993,47.7672,-122.306,1930,13.197470849891134
4,1.75,2440,5000,1.0,0,0,3,8,1340,1100,1954,47.6823,-122.371,2170,13.24634935718532
4,2.0,2070,7830,1.0,0,1,5,7,1180,890,1941,47.7058,-122.278,2390,13.458764182902971
4,1.75,2320,5490,1.0,0,3,3,8,1160,1160,1956,47.5091,-122.241,2240,12.938680894971032
3,1.75,1940,7306,1.0,0,0,3,8,1470,470,1982,47.6632,-122.153,2360,13.353475098367715
2,1.0,920,5889,1.0,0,0,4,6,920,0,1950,47.3012,-122.218,1210,11.957611286231675
1,0.75,850,5600,1.0,0,2,3,6,850,0,1903,47.7654,-121.48,900,12.043553716032399
3,1.5,1210,5200,1.0,0,0,5,6,1210,0,1969,47.3615,-122.087,1120,12.301155526776865
2,1.0,1270,9182,1.5,0,0,3,6,1270,0,1917,47.5365,-122.378,1760,12.367340793126296
3,1.75,2340,7724,1.0,0,0,3,10,2340,0,2010,47.4593,-122.134,3040,13.178743710840436
6,5.0,7100,18200,2.5,0,0,3,13,5240,1860,1933,47.6427,-122.408,3130,14.978661367769956
2,1.5,1110,957,2.0,0,0,3,8,930,180,2005,47.6319,-122.362,1680,13.120361374733656
3,1.75,2450,9377,1.0,0,2,4,8,1540,910,1962,47.7296,-122.284,2520,13.440817108522863
3,2.25,1610,11920,1.0,0,0,4,7,1110,500,1968,47.3683,-122.279,1690,12.531772785169476
2,1.0,630,6550,1.0,0,0,3,5,630,0,1918,47.5486,-122.38,1420,12.66032791780777
4,1.5,1810,9000,1.5,0,0,3,7,1810,0,1960,47.4911,-122.322,1520,12.464583340681674
4,1.75,1370,9993,1.0,0,0,3,6,1370,0,1918,47.7572,-122.228,1650,12.691580461311874
4,1.5,1360,8100,1.5,0,0,3,7,1360,0,1962,47.4931,-122.305,1300,12.211060187041213
4,2.25,2490,10720,1.0,0,1,4,7,1400,1090,1979,47.6137,-122.06,3080,13.027613040858519
5,2.5,2130,7111,1.0,0,0,3,7,1330,800,1968,47.5071,-122.16,1840,12.793859310432293
3,2.75,1740,8436,1.0,0,0,3,7,1140,600,1967,47.3456,-122.305,1550,12.388390035648781
5,1.75,2330,3800,1.5,0,0,3,7,1360,970,1927,47.6835,-122.308,2100,13.567049198665774
3,2.5,1480,9743,2.0,0,0,4,7,1480,0,1996,47.3293,-122.001,1810,12.505992035646432
3,1.75,2050,5160,1.5,0,0,4,8,1300,750,1926,47.6374,-122.304,2220,13.513053199930338
2,1.75,1020,10346,1.0,0,0,4,6,1020,0,1983,47.1958,-122.002,1160,12.138863895836725
3,1.0,1400,9460,1.0,0,0,3,7,1060,340,1961,47.5119,-122.321,1570,12.487485104968359
3,2.25,2100,20018,1.0,0,4,3,8,1470,630,1948,47.4544,-122.366,2410,13.199324418540456
4,2.25,2170,4080,2.0,0,0,3,7,1920,250,1980,47.6124,-122.293,1890,13.39239051461739
3,2.0,2070,9195,1.0,0,0,3,8,1220,850,1982,47.6491,-122.061,2080,13.197470849891134
4,2.25,2010,15375,1.0,0,0,4,8,2010,0,1957,47.5956,-122.174,1930,13.399995114002609
3,1.0,900,8100,1.0,0,0,4,6,900,0,1959,47.2866,-122.221,1000,12.097930486910471
2,2.25,1550,1824,2.0,0,0,3,8,1550,0,2007,47.5396,-122.368,1460,12.761393509182716
3,1.0,1320,5250,1.5,0,0,5,7,1320,0,1913,47.5566,-122.378,1490,13.173056491719846
3,2.5,3060,7831,2.0,0,2,3,9,3060,0,2004,47.5401,-121.861,3140,13.38472764187182
2,1.0,1140,3750,1.0,0,0,4,7,1140,0,1925,47.6619,-122.343,1660,13.155798153490567
3,2.5,2140,9492,2.0,0,0,3,8,2140,0,1994,47.3289,-122.204,2180,12.618182296357007
4,2.5,3640,6389,2.0,0,0,3,9,3640,0,2014,47.7049,-122.123,3570,13.74614976165843
3,1.5,1760,4880,1.5,0,3,3,8,1290,470,1928,47.5334,-122.388,1840,13.44154411691548
4,2.25,2330,19436,2.0,0,0,3,8,2330,0,1987,47.7663,-122.215,1910,13.1749558275235
3,2.25,2440,47916,2.0,0,0,3,8,2090,350,1991,47.6347,-121.958,2150,13.091904169919621
4,2.5,1980,4745,2.0,0,0,3,7,1980,0,2004,47.3495,-122.04,1980,12.721885810807203
2,1.0,780,4132,1.0,0,0,3,7,780,0,1942,47.5324,-122.387,1100,12.57418196709457
3,1.75,1410,5100,1.0,0,0,4,7,1110,300,1954,47.7026,-122.29,1600,13.005829561148378
4,2.5,3010,9000,2.0,0,0,3,8,3010,0,2008,47.4987,-122.147,3250,13.180632285528304
3,1.0,1200,9527,1.0,0,0,3,7,1200,0,1959,47.5112,-122.316,1510,11.918390573078392
3,2.25,1680,8450,1.0,0,0,3,8,1340,340,1960,47.7575,-122.361,1850,12.86099861326992
3,1.75,1790,5120,1.0,0,0,4,6,940,850,1949,47.5277,-122.355,1160,12.721885810807203
2,1.0,750,5534,1.0,0,0,3,7,750,0,1947,47.7017,-122.36,1050,12.691580461311874
4,2.5,1950,5451,2.0,0,0,3,7,1950,0,2004,47.4341,-122.144,2240,12.793859310432293
3,1.75,1110,9012,1.0,0,0,4,7,1110,0,1966,47.6563,-122.131,1800,13.021437458814368
3,2.25,2220,10530,1.0,0,0,4,8,1700,520,1974,47.6383,-122.098,2500,13.513053199930338
4,2.25,2170,10000,1.0,0,0,3,8,1420,750,1975,47.6219,-122.109,2390,13.211838383831932
2,1.0,990,3000,1.0,0,0,4,6,990,0,1918,47.6839,-122.345,1120,12.923790480024325
3,1.0,1050,5233,1.0,0,0,5,5,1050,0,1906,47.3106,-121.999,970,12.235631447771718
4,1.0,1940,9533,1.0,0,0,3,7,1080,860,1962,47.4139,-122.208,1940,12.487485104968359
3,2.5,1920,144619,1.0,0,0,3,8,1920,0,2014,47.2683,-121.946,2010,13.049792684569493
3,2.5,1640,10424,2.0,0,0,3,7,1640,0,1988,47.7345,-121.977,1560,12.765688433465597
2,1.75,1830,7200,1.0,0,2,4,7,1070,760,1949,47.5592,-122.273,1570,13.279367126213993
3,2.5,1940,5660,2.0,0,0,3,8,1940,0,2001,47.7511,-122.17,2110,13.098070684835283
3,2.25,2150,21235,1.0,0,3,4,8,1590,560,1959,47.4336,-122.339,2570,13.38472764187182
3,2.0,1190,6445,1.0,0,0,3,7,1190,0,1996,47.5057,-122.172,1920,12.683858415217964
6,1.0,2330,5000,1.5,0,0,4,7,2330,0,1920,47.6789,-122.397,1570,13.764217263576723
2,1.0,750,34133,1.0,0,0,3,6,750,0,1950,47.4781,-122.294,1460,12.254862809699606
3,3.5,4380,6350,2.0,0,0,3,8,2780,1600,1900,47.6981,-122.368,1830,13.51508091268999
3,2.0,1720,15000,1.0,0,0,3,9,1720,0,2011,47.6927,-121.92,1900,12.996800154428984
2,2.5,1140,1181,3.0,0,0,3,8,1140,0,2007,47.6713,-122.383,1220,13.054084536651034
3,1.0,810,7000,1.0,0,0,3,7,810,0,1968,47.6591,-122.134,1820,12.813117127036707
3,2.5,1960,3953,2.0,0,0,3,8,1960,0,1999,47.4904,-122.158,1690,12.886641043883259
5,3.0,2190,9652,2.0,0,0,3,7,2190,0,1999,47.5049,-122.239,1440,12.945626198904275
4,2.25,2040,14383,1.0,0,0,4,8,1270,770,1977,47.3849,-122.163,2030,12.811480911782112
4,2.0,2090,10800,1.0,0,0,4,7,2090,0,1951,47.5759,-122.223,2090,13.398478813484644
4,2.0,1530,7816,1.0,0,0,3,7,1530,0,1955,47.7309,-122.332,1480,13.122363377404328
2,1.5,1070,1236,2.0,0,0,3,8,1000,70,2005,47.5619,-122.382,1170,12.903585283599758
5,3.0,4090,12850,1.0,0,2,4,10,2090,2000,1986,47.6627,-122.188,2540,13.906264921232738
3,2.0,2120,4080,2.0,0,0,3,7,2120,0,2003,47.682,-122.037,2280,13.190022025878143
5,3.0,2660,7700,1.5,0,0,4,7,1670,990,1962,47.46,-122.174,1610,12.721885810807203
4,2.5,2540,8706,2.0,0,0,3,9,2540,0,1997,47.5855,-122.031,2540,13.353475098367715
4,1.0,1440,8250,1.0,0,0,3,7,1440,0,1959,47.4325,-122.291,1440,12.301382825334498
4,1.0,1520,9800,1.5,0,0,4,7,1520,0,1971,47.7303,-122.236,1540,12.871334622600584
1,1.0,950,10585,1.5,0,0,3,6,950,0,1929,47.6968,-122.297,1400,12.840000466430148
4,2.5,2870,11304,2.0,0,0,3,9,2870,0,1980,47.5547,-122.154,2690,13.473020249017498
3,2.5,1600,7829,2.0,0,0,3,7,1600,0,1987,47.7288,-122.227,1580,13.028052697933088
4,2.25,1600,15312,1.0,0,0,4,7,1080,520,1979,47.4629,-121.743,1620,12.609869696537642
2,1.0,940,5000,1.0,0,0,3,6,940,0,1951,47.5186,-122.374,940,12.524526376648708
4,2.75,2640,3750,2.0,0,0,5,7,1840,800,1911,47.6783,-122.363,1690,13.527828485512494
3,2.5,1470,4488,2.0,0,0,5,7,1470,0,1980,47.723,-122.162,1400,12.899094818276968
3,2.25,1870,7200,1.0,0,0,3,7,1390,480,1975,47.734,-122.174,1830,12.767115985456782
3,2.5,2530,623779,1.0,0,0,4,8,2530,0,1980,47.4188,-121.949,2120,13.458835614025542
3,2.5,1740,30886,2.0,0,0,3,8,1740,0,1992,47.46,-121.707,1740,12.845291484064564
4,2.5,3280,16575,1.0,0,0,3,9,2190,1090,1972,47.426,-122.285,1570,13.467370516475379
5,2.5,2570,9962,2.0,0,0,3,8,2570,0,2006,47.7275,-121.957,2890,13.10724973959428
2,1.0,930,2600,1.0,0,0,3,7,930,0,1981,47.7242,-122.161,1370,12.546109948315882
2,2.0,1180,2521,2.0,0,0,3,6,1180,0,2005,47.3487,-122.021,1310,12.2783933071098
4,2.5,2100,8501,2.0,0,0,5,7,2100,0,1993,47.1951,-122.01,2130,12.748396936355535
1,1.0,930,7129,1.0,0,0,3,6,930,0,1948,47.7234,-122.333,1300,12.254862809699606
2,1.0,1110,3200,1.0,0,0,3,7,1110,0,1925,47.6338,-122.358,1170,13.407542319637992
4,2.5,2620,8312,2.0,0,0,3,9,2620,0,1990,47.6272,-122.033,2260,13.527761816623505
4,2.5,3530,49222,2.0,0,0,4,9,3530,0,1986,47.7285,-122.112,3750,13.721199878493033
3,1.0,1270,4000,1.0,0,0,3,7,1120,150,1954,47.5293,-122.354,1220,12.983124298312337
4,1.5,2750,128502,1.0,0,0,2,7,1500,1250,1958,47.4345,-122.198,1470,13.217673557208654
3,1.0,980,10960,1.0,0,0,4,7,980,0,1953,47.5908,-122.173,2100,13.217673557208654
3,3.0,2150,3962,1.5,0,0,3,7,1540,610,1949,47.7183,-122.285,1730,12.947890935553772
3,3.25,3960,6132,2.0,0,3,3,10,2600,1360,1933,47.6396,-122.409,2730,14.01436141670944
3,1.75,1350,9793,1.0,0,0,4,7,1350,0,1968,47.1981,-122.003,1690,12.323855681186558
4,2.5,2850,4650,2.0,0,0,3,8,2850,0,2004,47.3552,-122.026,2850,12.793859310432293
3,3.25,1876,1531,3.0,0,0,3,9,1876,0,2009,47.6864,-122.265,1876,13.326935543133104
4,2.5,2240,9701,2.0,0,0,3,9,2240,0,1989,47.3086,-122.392,2240,12.721885810807203
4,2.75,2640,4000,2.0,0,0,5,8,1730,910,1925,47.6727,-122.297,1530,13.704578997256993
3,2.0,1540,6000,1.0,0,0,4,6,1540,0,1953,47.7372,-122.307,1490,12.341477282536376
4,1.75,2520,8442,1.0,0,0,4,7,1640,880,1953,47.6317,-122.205,2110,13.554145793829866
4,2.25,1800,7200,1.0,0,0,3,7,1230,570,1979,47.7717,-122.376,2260,13.071070083016778
3,2.25,2630,12899,2.0,0,0,4,9,2630,0,1966,47.5479,-122.233,3140,13.805460222110773
5,2.75,3250,8100,2.0,0,0,3,8,3250,0,2014,47.7133,-122.311,1270,13.484224848030362
3,1.0,920,4429,1.0,0,0,3,7,920,0,1952,47.5369,-122.291,1320,12.429216196844383
3,1.75,1800,5816,1.0,0,0,5,7,900,900,1947,47.6529,-122.407,1650,13.485616636703183
3,2.5,1800,7318,2.0,0,0,3,8,1800,0,1989,47.5747,-122.008,1800,13.112313041550827
3,2.25,1580,39189,1.0,0,0,3,7,1180,400,1992,47.6365,-121.972,1580,12.959844447906553
3,1.0,1030,60720,1.5,0,0,3,5,1030,0,1912,47.375,-122.166,1330,12.254386505808725
4,4.5,5420,101930,1.0,0,0,3,11,3890,1530,2001,47.6561,-122.005,4760,14.018451401960965
3,2.0,1540,6000,1.0,0,0,4,6,1540,0,1953,47.7372,-122.307,1490,12.971540487669746
5,2.0,3110,6131,1.0,0,0,5,7,1560,1550,1940,47.5615,-122.279,1720,13.485616636703183
3,2.25,1840,10500,2.0,0,0,3,7,1840,0,1993,47.7326,-122.234,1840,13.084661510220318
3,1.75,2080,5200,1.0,0,0,3,7,1040,1040,1974,47.4738,-122.35,1410,12.767115985456782
3,1.75,890,3800,1.5,0,0,3,7,750,140,1926,47.6803,-122.291,1280,13.028052697933088
4,2.0,2340,10507,1.5,0,0,4,6,2340,0,1959,47.3578,-122.178,990,12.301382825334498
4,1.75,2330,4000,2.0,0,0,5,8,1300,1030,1924,47.666,-122.289,2040,13.641157170819497
4,2.0,1830,21183,1.0,0,0,4,7,1060,770,1966,47.4826,-122.128,1950,12.855790268162783
3,2.5,1880,12368,1.0,0,0,4,7,1260,620,1967,47.5901,-122.167,1950,13.244581010128577
3,1.75,1730,11325,1.0,0,0,5,7,1730,0,1972,47.3921,-122.182,2030,12.584509081250419
2,1.0,1010,7200,1.0,0,0,3,6,1010,0,1956,47.4815,-122.339,1290,12.206072645530174
4,2.5,2160,5298,2.5,0,0,4,9,2160,0,1902,47.6106,-122.31,1720,13.644128941208654
3,4.0,4380,42769,2.0,0,0,5,11,4380,0,1983,47.7167,-122.109,3630,13.864300722133706
3,2.5,2020,4861,2.0,0,0,3,7,2020,0,2005,47.4659,-122.144,2170,12.577636201962656
4,2.5,2310,8030,2.0,0,0,3,7,2310,0,1978,47.7433,-121.982,1780,12.807515636879778
4,1.75,2780,11000,1.0,0,0,3,9,1560,1220,1964,47.595,-122.203,2350,13.676248490630767
4,2.0,2430,199940,1.0,0,0,3,8,1310,1120,1961,47.4116,-122.029,2220,13.015891132893811
4,2.5,2820,6666,2.0,0,0,3,9,2820,0,2007,47.3473,-122.031,1880,12.895462777212407
3,1.75,1460,4692,1.0,0,0,3,7,1460,0,1988,47.472,-122.192,1600,12.404923504275338
5,3.25,3660,11995,2.0,0,2,3,10,3660,0,2006,47.5337,-121.86,3320,13.573438996764546
3,2.5,2410,7225,2.0,0,0,3,8,2410,0,1991,47.7211,-122.31,1940,13.329223063311982
4,1.0,1200,6000,1.5,0,0,3,6,1200,0,1923,47.5307,-122.352,950,12.301382825334498
1,1.0,790,13062,1.0,0,0,3,6,790,0,1942,47.4919,-122.311,1240,11.813030057420567
5,2.75,3080,5752,2.0,0,0,3,9,3080,0,2014,47.4922,-122.153,3000,13.270697171910022
5,1.0,2010,5210,1.5,0,0,3,9,1890,120,1927,47.6501,-122.37,2330,13.815510557964274
3,3.5,3780,8295,2.0,0,0,3,9,2430,1350,1951,47.6394,-122.29,3780,14.408837403242009
3,1.0,1040,7405,1.0,0,0,4,6,1040,0,1971,47.3105,-122.021,1580,12.225875272826354
4,2.5,2530,6500,1.5,0,0,3,8,1720,810,1975,47.6737,-122.284,2150,13.38472764187182
3,2.5,1400,3368,2.0,0,0,3,7,1400,0,2013,47.5134,-122.342,1400,12.487485104968359
4,2.25,1930,7207,1.0,0,0,4,7,1360,570,1988,47.3783,-122.182,1760,12.542544882151386
3,1.75,1500,6000,1.0,0,0,5,7,850,650,1940,47.6474,-122.402,1700,13.458835614025542
3,1.75,1540,3000,1.0,0,2,3,7,770,770,1920,47.6769,-122.36,1420,13.146140449063758
4,2.5,2700,9320,2.0,0,0,4,8,2700,0,1994,47.6861,-122.198,2120,13.638176542681359
4,1.5,1370,7944,1.5,0,0,3,7,1370,0,1961,47.4224,-122.289,1370,12.296827008798639
4,2.0,2630,9663,1.0,0,1,4,8,1330,1300,1956,47.4841,-122.19,1900,12.983101310070822
0,0.75,384,213444,1.0,0,0,3,4,384,0,2003,47.4177,-122.491,1920,12.487485104968359
2,1.0,620,2475,1.0,0,0,5,6,620,0,1911,47.6655,-122.371,1290,12.904207367601158
6,2.5,3010,17864,2.0,0,0,3,8,3010,0,1969,47.7209,-122.372,2560,13.649455973634192
2,1.0,810,6697,1.0,0,0,4,6,810,0,1923,47.3057,-122.216,1140,12.180241885495652
3,2.0,1840,3432,2.0,0,0,3,7,1840,0,2012,47.7368,-122.295,1280,13.054084536651034
4,1.0,2070,7519,1.0,0,0,3,7,1160,910,1963,47.632,-122.119,1730,13.124361380067002
4,3.25,3160,5000,2.0,0,0,5,9,2360,800,1965,47.6597,-122.274,2220,14.038654109278484
3,2.25,1380,7226,1.0,0,0,4,7,1140,240,1987,47.3677,-122.091,1640,12.487485104968359
4,2.5,3361,5038,2.0,0,0,3,9,3361,0,2014,47.3269,-122.165,2316,13.063197066735112
4,1.75,1880,9880,1.0,0,0,4,8,1880,0,1967,47.4551,-122.151,1880,12.71589776896258
3,2.5,2170,5500,2.0,0,0,3,8,2170,0,2000,47.5975,-122.018,2170,13.315460007366243
3,1.5,1260,5758,2.0,0,0,3,7,1260,0,1999,47.5524,-122.139,3090,12.71589776896258
4,3.5,3840,85728,2.0,0,0,3,11,3840,0,1998,47.615,-121.954,2430,13.641157170819497
4,2.75,3150,7035,2.0,0,0,3,9,3150,0,2004,47.5979,-121.974,3200,13.592367006650065
2,2.25,1230,929,2.0,0,0,3,8,1020,210,2004,47.6191,-122.301,1270,13.038981768465277
3,2.0,1700,4080,1.0,0,0,4,7,850,850,1941,47.6785,-122.393,1480,13.38779984090879
4,2.0,1790,2250,1.0,0,2,4,7,840,950,1909,47.6526,-122.345,1440,13.071070083016778
2,2.5,1320,1329,2.0,0,0,3,8,1180,140,2007,47.6728,-122.374,1490,12.959844447906553
3,2.5,1470,1204,3.0,0,0,3,8,1470,0,2006,47.6998,-122.366,1460,12.9190224533863
3,2.25,1920,4833,1.0,0,0,4,7,1060,860,1921,47.7067,-122.352,1580,12.86099861326992
4,2.5,3400,6742,2.0,0,0,3,9,3400,0,2004,47.7067,-122.129,2970,13.591116224748411
3,1.75,1810,24586,1.0,0,4,4,9,930,880,1983,47.5314,-122.222,3540,13.805460222110773
3,1.5,1340,7725,1.0,0,0,4,8,1340,0,1967,47.5389,-122.173,1990,12.855790268162783
5,3.0,3330,19126,2.0,0,0,4,11,2610,720,1977,47.5485,-122.214,3330,13.989463865087712
3,1.0,1760,3000,1.5,0,0,1,6,1760,0,1900,47.6598,-122.348,1320,12.774081682823619
3,1.75,1970,10270,1.0,0,0,4,8,1970,0,1966,47.3619,-122.285,1970,12.498742259492994
2,1.0,810,5060,1.0,0,0,3,6,810,0,1941,47.5635,-122.394,900,13.132313708257497
3,2.5,3560,9796,1.0,0,0,3,8,1860,1700,1965,47.6007,-122.145,2210,13.403775836842515
3,2.5,2424,6143,2.0,0,0,3,9,2424,0,2014,47.3512,-122.135,2381,12.877740794412995
3,2.5,1608,4800,2.0,0,0,3,8,1608,0,2013,47.2585,-122.201,2009,12.54236629477704
3,2.0,1340,1480,3.0,0,0,3,8,1340,0,1997,47.6904,-122.393,1340,12.818551923022664
4,2.5,2708,4772,2.0,0,0,3,9,2708,0,2014,47.3413,-122.178,2502,12.98757862822796
4,2.75,1640,3000,1.0,0,0,3,7,1000,640,1984,47.5625,-122.283,1150,12.676076274775909
4,3.25,4250,12281,2.0,0,4,3,12,3020,1230,1996,47.5507,-122.113,4940,14.294845514638894
4,2.5,2590,7910,2.0,0,0,3,9,2590,0,2001,47.6978,-122.284,1700,13.591116224748411
3,1.75,1140,9800,1.0,0,0,4,7,1140,0,1968,47.3063,-122.27,1370,12.235631447771718
4,2.5,1980,7334,2.0,0,0,3,7,1980,0,2003,47.3528,-122.041,1850,12.798017320580957
2,1.75,2120,7680,1.0,0,0,5,6,1130,990,1948,47.5304,-122.374,1220,13.180632285528304
3,2.0,1520,5040,2.0,0,0,3,7,1520,0,1977,47.777,-122.362,1860,12.98287139858573
3,2.0,1400,7384,1.0,0,0,3,7,1150,250,1979,47.4655,-122.174,1820,12.323855681186558
3,0.75,1420,3060,1.0,0,0,4,7,860,560,1923,47.6872,-122.346,1350,12.779873068457553
4,4.0,4500,11795,2.0,0,0,3,12,4500,0,1991,47.5533,-122.098,3930,14.230925996925606
2,1.0,1060,10600,1.5,0,0,3,6,1060,0,1968,47.5375,-121.742,1560,12.540668122138527
3,2.0,1460,7930,1.0,0,0,3,7,1460,0,1989,47.359,-122.049,1630,12.462650972930621
3,2.25,1900,8125,1.0,0,0,3,7,1540,360,1969,47.4564,-122.162,1480,12.736700896592344
3,1.0,1160,6132,1.0,0,0,4,7,1160,0,1958,47.5015,-122.173,1280,12.375815420117268
4,2.5,1940,6887,2.0,0,0,3,7,1940,0,1990,47.2911,-122.353,1870,12.535376392672774
3,1.75,1570,2600,1.5,0,0,4,8,1570,0,1931,47.6867,-122.37,1490,13.270783382522602
6,2.5,3820,53173,1.0,0,0,4,9,2040,1780,1974,47.5209,-122.052,2510,13.322852238153732
3,1.75,1630,4275,1.5,0,3,3,7,1630,0,1908,47.6851,-122.322,1800,13.248114582709889
4,1.0,1510,1501,1.5,0,0,3,7,1510,0,1906,47.6526,-122.342,1560,12.948009990259552
3,3.0,3730,383328,1.5,0,0,4,9,2230,1500,1990,47.4257,-122.03,1940,13.383958115092792
4,2.5,2927,12171,2.0,0,0,3,10,2927,0,1998,47.5948,-121.983,2967,13.480037821676145
2,1.0,940,9330,1.0,0,0,3,6,940,0,1941,47.5445,-122.273,1900,12.449018824140563
3,2.75,3470,9610,3.0,1,4,3,11,3470,0,1989,47.7205,-122.26,4130,14.580978400103845
4,2.5,3300,10764,1.0,0,0,4,9,1720,1580,1971,47.7119,-122.365,2290,13.547631112808673
2,1.0,1480,4080,1.0,0,0,3,7,1050,430,1949,47.6842,-122.393,1310,12.92391243868049
4,2.5,2701,5821,2.0,0,0,3,7,2701,0,2013,47.2873,-122.177,2566,12.506177237980511
4,3.0,5430,108900,2.0,0,0,4,10,5430,0,1987,47.6582,-122.038,3170,14.122995257712235
4,2.5,3181,5831,2.0,0,0,3,8,3181,0,2014,47.2716,-122.297,2056,12.847663339175718
3,2.75,3200,6699,2.0,0,0,3,9,3200,0,2004,47.5884,-121.991,3020,13.475833190394113
4,2.5,2410,55931,2.0,0,0,3,9,2410,0,1989,47.3109,-122.097,2780,13.015891132893811
4,1.0,1810,7500,1.0,0,0,2,7,1410,400,1959,47.4935,-122.333,1250,12.487296407920908
3,1.0,1050,6000,1.0,0,0,3,7,1050,0,1952,47.5709,-122.401,1720,12.89921982609012
3,2.0,1560,5130,1.0,0,0,5,7,1150,410,1915,47.6913,-122.333,1560,13.215853720491667
3,1.5,1480,9086,1.0,0,0,3,7,1480,0,1962,47.4717,-122.323,1540,12.628067055589549
4,3.25,3320,8587,3.0,0,0,3,11,2950,370,2008,47.691,-122.337,1860,13.815510557964274
3,3.75,1950,8625,1.0,0,0,3,8,1360,590,1959,47.505,-122.258,1950,12.751589509086095
4,3.0,2580,9601,2.0,0,0,4,7,2130,450,1992,47.3726,-122.433,1900,12.779873068457553
2,1.0,1440,7808,1.0,0,0,4,7,860,580,1949,47.7431,-122.336,1550,12.886641043883259
3,1.75,1580,11455,1.0,0,0,4,7,1200,380,1974,47.4756,-122.147,1550,12.66032791780777
1,1.0,1180,22000,1.0,0,2,3,6,1180,0,1948,47.4007,-122.323,1890,12.343658308482738
4,1.75,2030,7210,1.0,0,0,3,7,1450,580,1968,47.5067,-122.164,1750,12.79246945614324
5,2.5,2344,8000,1.0,0,0,4,8,1560,784,1976,47.3185,-122.377,2344,12.779873068457553
3,1.0,1110,5000,1.5,0,0,3,7,1110,0,1947,47.655,-122.359,1420,13.235692062711331
6,3.0,1880,7200,1.0,0,0,4,7,1880,0,1966,47.5029,-122.188,1540,12.694652660348845
4,1.75,1650,7276,1.0,0,0,3,7,1010,640,1977,47.7721,-122.206,1840,13.060487973686241
2,2.75,3690,32044,2.0,1,4,3,12,3690,0,1989,47.4485,-122.369,2310,14.456837989794423
4,2.25,3410,57063,2.0,0,0,4,8,2410,1000,1978,47.505,-122.11,2870,13.062613372998555
3,2.5,1970,12205,2.0,0,0,4,8,1970,0,1990,47.7397,-122.209,2640,12.904207367601158
3,1.75,1790,87213,1.0,0,0,4,7,1790,0,1974,47.732,-122.077,3270,13.279367126213993
3,1.5,1300,19163,1.0,0,0,3,7,1300,0,1964,47.6686,-122.153,1590,12.959844447906553
3,1.0,1100,7650,1.0,0,0,3,7,1100,0,1952,47.7219,-122.354,1430,12.8802918162046
3,2.0,1670,17071,1.0,0,0,3,7,1100,570,1988,47.69,-121.913,1660,12.691580461311874
4,2.25,2530,5200,1.0,0,1,4,8,1530,1000,1957,47.6985,-122.382,2240,13.487006490992238
5,2.0,2260,12500,1.0,0,0,4,8,1130,1130,1960,47.3887,-122.286,1360,12.460714863903755
3,1.75,2080,7700,1.0,0,0,5,7,1600,480,1968,47.5375,-122.178,1680,12.96383646917609
3,1.75,2460,4240,1.0,0,0,4,7,1230,1230,1925,47.6593,-122.337,1700,13.742939865129438
3,2.5,2090,8653,2.0,0,0,3,8,2090,0,1989,47.7498,-122.184,2090,13.028052697933088
4,3.25,4830,22257,2.0,1,4,4,11,4830,0,1990,47.6409,-122.241,3820,15.107741461798254
2,1.5,790,1123,2.0,0,0,3,8,700,90,2003,47.651,-122.368,1370,12.80765263256463
3,2.25,1440,10500,1.0,0,0,3,8,1130,310,1983,47.318,-122.391,1510,12.4130868149145
4,2.25,2330,8994,2.0,0,0,3,8,2330,0,1986,47.7264,-122.104,2330,13.368441900001034
4,2.25,2770,13129,2.0,0,0,4,8,2770,0,1979,47.6268,-122.05,2400,13.388454534525607
4,1.75,1760,5750,1.0,0,2,5,7,1070,690,1962,47.5521,-122.373,1860,13.062613372998555
3,1.0,1460,8400,1.0,0,0,4,6,1460,0,1962,47.3086,-122.365,1060,12.310432660854417
4,2.25,1920,11603,2.0,0,0,4,7,1920,0,1967,47.4315,-122.169,1840,12.691580461311874
3,4.5,3950,6134,2.0,0,3,3,11,2880,1070,1998,47.6413,-122.405,3050,14.470436525704022
3,1.0,1250,8276,1.5,0,0,5,6,1250,0,1939,47.2092,-121.997,1250,12.296827008798639
4,5.5,5060,10320,2.0,0,0,3,11,5060,0,2008,47.6245,-122.21,3010,14.580978400103845
3,1.0,1960,7955,1.0,0,0,4,7,1260,700,1963,47.7641,-122.364,1850,12.834681304952548
4,3.25,3444,5166,2.0,0,0,3,8,2714,730,2014,47.2966,-122.348,2848,12.97208917432299
4,2.25,2100,8075,2.0,0,0,3,8,2100,0,1978,47.3251,-122.329,2100,12.542544882151386
3,2.25,1680,35127,2.0,0,0,3,7,1680,0,1987,47.3025,-122.067,1820,12.560244459250788
3,2.5,3240,33151,2.0,0,2,3,10,3240,0,1995,47.3256,-122.378,4050,13.311329476916953
4,3.0,2580,5511,2.0,0,0,3,8,2580,0,1999,47.4286,-122.185,2010,12.821258284620408
3,2.0,1850,16535,1.0,0,0,3,7,1850,0,1992,47.6565,-121.912,1528,12.487485104968359
4,1.75,2260,41236,1.0,0,0,4,8,1690,570,1962,47.5528,-122.034,3080,13.428376406540833
3,2.5,2360,12164,2.0,0,0,3,10,2360,0,1987,47.5596,-122.022,2400,13.345506928718539
3,2.25,2120,54014,2.0,0,0,4,9,2120,0,1964,47.6482,-122.159,3280,13.635187003832993
2,1.75,1440,4660,1.0,0,2,3,8,1440,0,2008,47.7092,-122.015,1680,13.005829561148378
5,3.5,3680,8680,2.0,0,0,3,9,3680,0,2003,47.6575,-122.197,2020,14.136143730555741
4,1.75,2160,39430,1.0,0,0,4,8,1660,500,1974,47.6378,-122.185,2430,13.531820506782031
2,1.5,1210,1278,2.0,0,0,3,8,1020,190,2007,47.6756,-122.375,1210,12.934828253557487
3,2.75,1720,28000,1.0,0,0,4,7,1720,0,1958,47.4375,-122.176,2000,12.694652660348845
3,1.75,1670,10798,1.0,0,0,4,8,1670,0,1962,47.549,-122.17,2290,13.217673557208654
3,2.25,2020,21010,2.0,0,0,3,7,2020,0,1995,47.6988,-121.915,1850,12.948009990259552
5,2.5,2430,6168,2.0,0,0,3,8,2430,0,2007,47.5237,-122.199,2150,13.127350918915369
4,2.75,3610,8580,2.0,0,0,3,9,3610,0,2014,47.6706,-122.173,2360,13.797346587336603
6,1.5,1680,5202,1.5,0,0,2,7,1680,0,1911,47.6798,-122.206,1890,13.336667980051335
4,1.75,1500,11600,1.0,0,0,4,7,1000,500,1955,47.7373,-122.241,1740,12.847663339175718
4,2.5,2350,8182,2.0,0,0,3,8,2350,0,1997,47.3697,-122.106,2330,12.813117127036707
3,2.75,1850,9600,1.5,0,0,5,7,1850,0,1965,47.7259,-122.226,1250,13.100526682795154
5,2.75,3080,6600,2.0,0,0,3,9,3080,0,2002,47.4501,-122.122,3080,13.071070083016778
2,1.0,1080,9435,1.0,0,0,3,6,1080,0,1958,47.459,-122.181,1200,12.345834587905333
3,1.0,1220,7876,1.0,0,0,3,7,1220,0,1966,47.7317,-122.201,1340,12.761623038075673
4,2.5,2280,7568,2.0,0,0,4,7,2280,0,2001,47.5115,-122.194,2280,12.978493006984626
2,1.0,670,4500,1.0,0,0,3,5,670,0,1905,47.5271,-122.326,1210,11.967180737247824
4,3.75,2930,3200,1.5,0,0,5,9,2130,800,1925,47.643,-122.359,1900,13.9108207377686
3,2.5,1760,3097,2.0,0,0,3,8,1760,0,1992,47.5764,-121.996,1760,13.091904169919621
2,1.0,970,3279,2.0,0,0,3,7,790,180,2007,47.5469,-122.383,1150,12.621025931510646
3,2.5,1720,1715,2.0,0,0,3,7,1240,480,2004,47.5481,-122.384,1610,12.894207284266574
3,1.0,1420,11040,1.0,0,0,4,7,1420,0,1961,47.5969,-122.14,1530,13.102160670086809
4,2.25,2820,5000,1.5,0,2,4,9,1800,1020,1926,47.6097,-122.287,2880,13.8878312195439
4,3.5,2770,24140,2.0,0,0,3,8,2770,0,1967,47.6585,-122.186,1720,13.217673557208654
4,3.5,4070,10976,2.0,0,0,3,10,4070,0,2004,47.5805,-121.97,4080,13.697852514496041
4,3.25,3070,10375,2.0,0,0,3,10,2180,890,1962,47.5862,-122.198,2500,14.217636764806924
3,1.0,910,8658,1.0,0,0,3,7,910,0,1955,47.7586,-122.303,1170,12.631340380934517
3,2.25,1540,17424,2.0,0,0,3,7,1540,0,1992,47.4429,-121.759,1560,12.66032791780777
2,2.0,1540,7110,1.0,0,0,3,7,960,580,1949,47.6932,-122.395,1860,13.112313041550827
2,1.75,1270,7500,1.0,0,0,4,7,1270,0,1982,47.6186,-122.063,1280,12.80765263256463
5,2.75,2910,36250,1.0,0,0,3,8,1590,1320,1977,47.5916,-122.076,2910,13.27950899649181
3,1.0,1270,3840,1.5,0,0,3,7,1270,0,1926,47.6896,-122.357,1270,13.199324418540456
5,2.5,2740,12413,2.0,0,0,3,7,2740,0,1990,47.4199,-122.183,1900,12.863592648446968
3,1.75,1620,4200,1.0,0,0,5,7,830,790,1945,47.6743,-122.285,1580,13.122363377404328
2,1.0,1000,4500,1.0,0,0,3,6,1000,0,1916,47.4896,-122.204,980,12.240957047383676
4,2.5,2610,5240,2.0,0,0,3,8,2610,0,2004,47.345,-122.042,2480,12.727838209334498
5,2.25,2980,7781,1.0,0,0,3,9,1580,1400,1960,47.7048,-122.279,2310,13.304684934198283
4,1.0,1330,7980,1.5,0,0,3,6,1330,0,1952,47.492,-122.333,1570,12.429016176841717
2,1.0,1100,2800,1.0,0,0,3,7,1100,0,1925,47.6361,-122.371,1110,13.222570637821354
3,1.5,1510,10588,1.5,0,0,3,7,1510,0,1947,47.3775,-122.319,1360,12.345834587905333
4,1.75,3000,42200,1.0,0,3,3,7,1500,1500,1950,47.5265,-122.202,2500,13.279367126213993
2,1.0,780,6000,1.0,0,0,5,6,780,0,1923,47.4759,-122.208,1080,12.301382825334498
3,1.5,1460,8505,1.0,0,0,4,7,1460,0,1955,47.4402,-122.195,1580,12.487485104968359
3,2.5,2050,40003,1.0,0,0,4,8,1570,480,1977,47.47,-122.0,2700,12.993392996107369
3,1.75,1620,9600,1.0,0,0,4,7,1620,0,1966,47.4749,-122.155,1660,12.65714826489039
3,2.5,1660,1692,3.0,0,0,3,7,1610,50,2005,47.6801,-122.322,1210,13.312983737012978
3,2.25,1560,8570,1.0,0,0,5,7,1080,480,1977,47.6155,-122.21,2660,13.9108207377686
1,0.75,530,33278,1.0,0,2,4,4,530,0,1950,47.6412,-122.079,2830,12.779873068457553
3,1.0,1300,7200,1.0,0,0,4,7,1300,0,1952,47.5063,-122.369,1740,12.641096555879882
4,2.5,2550,19017,1.0,0,0,4,7,1300,1250,1961,47.7682,-122.284,2080,13.038981768465277
2,2.0,1860,10856,1.0,0,0,3,8,1260,600,1952,47.4989,-122.265,1250,12.487485104968359
3,1.75,1840,7300,1.0,0,0,3,8,1840,0,1966,47.3122,-122.369,1920,12.487485104968359
3,2.0,1110,7231,1.0,0,0,4,7,1110,0,1991,47.4036,-122.191,1550,12.314927050442256
4,3.5,3560,4951,2.0,0,0,3,9,3560,0,2014,47.6178,-122.055,3540,13.735119039463314
5,4.25,4150,12015,2.0,0,0,3,10,4150,0,2014,47.5816,-122.021,3230,14.003391631963462
3,3.0,2490,27702,2.0,1,4,3,10,2490,0,2000,47.5596,-122.403,2580,14.349075668699754
2,1.75,1530,5000,2.0,0,0,4,7,1260,270,1989,47.6755,-122.37,1470,13.264296873292995
5,2.0,1430,5600,1.5,0,0,3,6,1430,0,1947,47.5192,-122.266,1860,12.994530005894443
3,1.5,1350,7827,1.0,0,0,4,7,1350,0,1968,47.3786,-122.219,1900,12.468244583811861
4,2.5,2740,43101,2.0,0,0,3,9,2740,0,1993,47.7649,-122.049,2740,13.353475098367715
3,2.0,1930,15540,1.0,0,0,3,8,1260,670,1958,47.7675,-122.307,1900,12.793859310432293
4,2.25,2390,40510,1.0,0,0,4,8,2390,0,1969,47.7566,-122.113,3200,13.208541073645382
3,2.5,1710,1904,2.0,0,0,3,8,1140,570,2003,47.5827,-122.387,1260,13.269057756555132
4,1.75,2190,125452,1.0,0,2,3,9,2190,0,1968,47.2703,-122.069,3000,13.105217218569358
3,1.5,1860,8505,1.0,0,0,4,7,1860,0,1967,47.3106,-122.365,1810,12.287652632522597
3,2.0,1260,1125,2.0,0,0,3,7,810,450,2011,47.5262,-122.361,1260,12.425208175446844
3,2.25,2680,41804,1.0,0,0,3,9,2680,0,1989,47.4828,-121.73,2680,13.423948355025102
3,2.5,2160,10200,1.0,0,0,3,7,1360,800,1978,47.7295,-122.331,2010,12.911642346088676
2,1.0,1960,186872,1.5,0,0,4,6,1960,0,1936,47.2681,-122.267,1650,12.628067055589549
2,1.75,1460,10500,1.0,0,0,3,7,1460,0,1980,47.4461,-121.768,1340,12.304333014697693
4,2.75,2640,9000,2.0,0,0,3,10,2640,0,1990,47.6481,-122.125,2980,13.579788224443204
3,1.0,1700,8645,1.0,0,0,3,6,1700,0,1955,47.4899,-122.337,1500,11.911701584927597
3,1.75,1400,9900,1.0,0,0,3,7,1400,0,1951,47.6272,-122.209,1810,13.652991628466498
3,1.75,1320,7840,1.0,0,0,3,8,1320,0,1966,47.6024,-122.143,2050,13.071070083016778
4,2.25,2060,5649,1.0,0,0,5,8,1360,700,1941,47.6496,-122.407,2060,13.480037821676145
6,3.25,2820,4536,2.0,0,0,4,8,1930,890,1917,47.6688,-122.309,2820,13.681979165339751
5,2.75,2280,10319,1.0,0,0,3,8,1300,980,1959,47.7566,-122.363,2370,12.948009990259552
3,1.0,1110,6250,1.0,0,0,3,7,1110,0,1956,47.6977,-122.292,2010,12.751299696013497
4,2.5,2240,5500,2.0,0,0,3,8,2240,0,2013,47.496,-122.169,700,12.873773804758644
4,1.75,2150,9148,1.0,0,0,4,7,2150,0,1955,47.5828,-122.197,2370,13.592367006650065
3,2.5,1800,14036,2.0,0,0,3,8,1800,0,1993,47.7334,-121.97,2450,12.959844447906553
3,2.25,1570,3109,2.0,0,0,3,8,1570,0,2002,47.3258,-122.186,1680,12.520700886966562
6,4.75,5770,16747,2.0,0,3,3,12,4500,1270,1998,47.5512,-122.11,4470,14.334304351379442
2,1.5,830,1034,2.0,0,0,3,8,830,0,2009,47.5926,-122.3,1130,12.751299696013497
3,1.0,1890,36300,1.0,0,0,3,7,1890,0,1962,47.5719,-121.914,1746,12.779873068457553
3,2.25,1140,977,2.0,0,0,3,7,850,290,2008,47.5439,-122.375,1140,12.500606192931057
3,1.0,1340,9339,1.0,0,0,5,7,1340,0,1960,47.5407,-122.177,1310,12.751299696013497
3,1.0,1150,10196,1.0,0,0,4,7,1150,0,1957,47.6788,-122.162,1410,12.855790268162783
1,1.0,710,4000,1.0,0,0,4,6,610,100,1928,47.6562,-122.354,1440,12.873902018105829
3,2.5,2240,3825,2.0,0,0,3,7,2240,0,1995,47.6786,-122.389,1460,13.423948355025102
3,1.5,1360,1488,2.0,0,0,3,7,1120,240,2003,47.6526,-122.384,1360,12.89043132005704
2,1.0,710,5200,1.0,0,2,4,6,710,0,1942,47.5376,-122.371,1610,12.676076274775909
4,1.0,1540,2452,1.5,0,0,4,7,1540,0,1906,47.6522,-122.348,1290,13.244581010128577
2,1.0,950,5650,1.0,0,0,5,6,950,0,1943,47.5149,-122.257,1250,12.577636201962656
4,2.25,2280,7500,1.0,0,0,4,7,1140,1140,1963,47.4182,-122.332,1660,12.721885810807203
4,2.5,2960,41656,2.0,0,0,3,10,2960,0,1985,47.7319,-122.132,3900,13.691080479586097
3,2.5,2230,8296,2.0,0,0,3,7,2230,0,2004,47.4386,-122.116,2480,12.86099861326992
2,1.0,1420,21158,1.0,0,0,3,7,1420,0,1953,47.4594,-122.359,1220,12.429216196844383
2,1.0,860,5000,1.0,0,0,3,6,860,0,1915,47.5133,-122.356,1220,12.4529327234617
5,2.5,2350,4000,2.0,0,0,3,9,2350,0,1993,47.6265,-122.296,1840,13.721199878493033
3,2.5,3380,7126,2.0,0,0,3,8,3380,0,1965,47.6276,-122.122,1810,13.526494262499357
3,1.75,1430,9857,1.0,0,2,4,7,1140,290,1980,47.4964,-121.771,1310,12.873902018105829
4,3.75,4150,17424,1.0,0,0,3,9,3130,1020,1963,47.639,-122.236,3930,14.48333993053993
1,1.0,620,2380,1.0,0,0,3,6,620,0,1900,47.6746,-122.326,980,12.855497797198886
3,2.5,2060,10650,1.0,0,0,5,8,1050,1010,1976,47.5627,-122.137,2690,13.458835614025542
4,2.0,1670,5200,1.0,0,0,4,7,1030,640,1977,47.3652,-122.09,1500,12.345830240069793
4,2.75,2210,13235,2.0,0,0,3,8,1730,480,1988,47.3541,-122.303,1750,12.206072645530174
2,1.0,910,295772,1.0,0,0,3,5,910,0,1953,47.3752,-122.11,2050,13.186370507378621
3,2.0,2160,105415,1.0,0,0,3,10,2160,0,1991,47.4806,-122.152,2760,13.704578997256993
3,2.5,1720,3951,2.0,0,0,3,7,1720,0,1992,47.4033,-122.187,1720,12.456442183097975
3,1.75,1250,5375,1.0,0,0,3,7,1250,0,1985,47.3787,-122.323,1320,12.554967402149943
3,2.75,2770,3809,1.5,0,0,5,7,1770,1000,1925,47.5747,-122.304,1440,12.668626720622465
4,1.75,1970,12409,1.0,0,0,4,7,1220,750,1968,47.7489,-122.236,1690,12.889169490236618
3,1.75,1320,10500,1.0,0,0,3,7,1320,0,1966,47.7267,-122.226,1310,12.765688433465597
5,3.0,2270,6664,1.0,0,0,3,7,1340,930,1995,47.7191,-122.315,1870,12.942039823273047
3,1.0,1740,5247,1.0,0,0,3,7,1270,470,1947,47.5049,-122.329,1070,12.553202176625375
3,1.0,2320,6750,1.0,0,0,3,7,1160,1160,1960,47.5327,-122.276,1230,12.721885810807203
3,2.5,2020,4183,2.0,0,0,3,7,2020,0,2012,47.3658,-122.017,2030,12.679196402112153
3,1.75,1920,8775,1.0,0,0,3,7,1920,0,1953,47.4544,-122.351,1560,12.84792653170257
3,1.5,1710,8364,2.0,0,2,3,7,1710,0,1944,47.5175,-122.393,2430,13.204864598916073
5,2.75,2910,15118,1.0,0,0,5,9,1780,1130,1972,47.5696,-122.183,2880,13.97080344237031
3,2.0,1540,3600,1.0,0,0,3,7,890,650,1994,47.6103,-122.296,1540,13.122363377404328
2,2.5,1500,1174,2.0,0,0,3,8,1140,360,2014,47.6689,-122.363,1550,13.180537941455402
3,2.25,2140,10256,2.0,0,0,3,8,2140,0,1987,47.3751,-122.044,2040,12.881564890851399
5,2.75,1940,4182,1.0,0,0,3,7,1240,700,2002,47.4911,-122.17,1950,12.751299696013497
4,3.25,2864,8035,3.0,0,0,3,8,2864,0,2014,47.3746,-122.189,2419,12.84792653170257
4,1.0,980,3000,1.5,0,0,4,7,980,0,1914,47.5892,-122.312,1525,12.594730635321957
3,1.75,1010,12000,1.0,0,0,4,7,1010,0,1977,47.77,-122.207,1080,12.66032791780777
3,1.0,1590,4600,1.5,0,0,4,7,1290,300,1926,47.6807,-122.399,1770,13.257768014410532
3,1.75,1570,8530,1.0,0,0,4,7,1190,380,1983,47.6881,-122.184,1530,13.122363377404328
2,1.0,1220,28703,1.0,0,0,4,7,1220,0,1953,47.4952,-122.172,2740,12.765688433465597
3,2.5,2750,226512,2.0,0,0,3,9,2750,0,2000,47.4376,-122.456,1250,13.615839362835207
3,1.75,2610,5544,1.5,0,0,3,8,1680,930,1934,47.684,-122.376,1330,13.527828485512494
3,1.75,1700,8481,2.0,0,0,3,7,1700,0,1993,47.2623,-122.305,1830,12.611537753638338
4,2.5,2130,4467,2.0,0,0,3,8,2130,0,2014,47.5108,-122.363,1830,12.84792653170257
6,2.0,2040,10812,1.0,0,0,4,5,2040,0,1943,47.4919,-122.181,1440,12.611537753638338
4,1.75,1750,5500,1.5,0,0,5,7,1050,700,1926,47.6802,-122.388,1640,13.038981768465277
3,3.25,3230,7639,2.0,0,0,3,10,3230,0,1999,47.6338,-122.063,3230,13.614006181753545
4,1.75,1850,7500,1.0,0,0,3,7,1850,0,1954,47.4217,-122.333,1460,12.106804643871504
3,1.75,2790,36585,1.0,0,0,4,8,1410,1380,1970,47.4734,-121.999,1900,13.077366011473593
3,1.75,1720,7202,1.0,0,0,3,7,1720,0,1995,47.5044,-122.19,1720,12.909170156943286
4,1.75,1630,6120,1.0,0,0,5,7,980,650,1918,47.6821,-122.31,1630,13.199324418540456
4,2.5,3310,5404,2.0,0,0,3,9,3310,0,2004,47.6635,-122.083,2600,13.596234518176553
4,1.0,1860,4736,1.5,0,0,1,7,1860,0,1901,47.6251,-122.3,1800,12.96453929221076
4,2.5,2390,38258,2.0,0,0,3,8,2390,0,2001,47.7433,-122.094,1960,13.231217782316412
3,1.5,1750,12632,1.0,0,0,4,7,1750,0,1952,47.6736,-122.176,1740,13.071070083016778
4,2.5,3720,8633,2.0,0,0,3,10,3720,0,1999,47.6085,-122.013,3515,13.617059619240436
3,1.75,1680,9769,1.0,0,0,3,8,1340,340,1989,47.4631,-122.126,1730,12.487485104968359
3,2.0,1290,13282,1.0,0,0,3,7,1290,0,1978,47.3787,-122.169,1290,12.449018824140563
3,2.5,2030,6970,2.0,0,0,4,8,2030,0,1991,47.5718,-121.999,2000,13.17115354157376
3,1.0,1380,7575,1.0,0,0,4,7,1380,0,1963,47.5139,-122.187,1320,12.594730635321957
3,2.5,1690,1200,2.0,0,0,3,8,1410,280,2014,47.5388,-122.367,1740,12.727541429394645
3,3.25,3990,8505,2.0,0,2,3,9,2870,1120,1922,47.5744,-122.283,3640,14.22097566607244
3,2.5,2010,7200,2.0,0,0,3,8,2010,0,1994,47.7372,-122.223,1970,13.151922179645874
3,1.0,1570,11752,1.5,0,0,5,8,1570,0,1930,47.7686,-122.348,2010,12.936033799212835
4,2.0,1330,9188,1.5,0,0,3,7,1330,0,1928,47.401,-122.319,1770,12.959844447906553
4,1.5,1550,9176,1.0,0,0,3,7,1000,550,1956,47.6005,-122.129,1730,12.943236711506893
4,2.25,3060,48787,2.0,0,0,3,8,3060,0,1992,47.3397,-121.918,2090,12.936033799212835
3,2.5,2420,8244,2.0,0,0,3,10,2420,0,1988,47.5595,-122.019,2500,13.369223455335854
2,1.0,1490,6000,1.0,0,0,3,7,1090,400,1946,47.6296,-122.3,1590,13.262125319779487
4,1.5,1820,17918,1.0,0,0,4,8,1190,630,1962,47.521,-122.179,1890,12.971307902484373
4,2.75,3140,10918,1.0,0,0,3,8,1900,1240,1968,47.7086,-122.243,3170,13.253391639810733
3,2.0,1560,7352,1.0,0,0,3,6,1560,0,1992,47.2804,-122.251,1120,12.18811232015318
3,2.5,2390,8000,2.0,0,0,3,8,2390,0,1995,47.3895,-122.154,2070,12.802158113246987
4,2.0,1820,5000,1.5,0,1,3,7,1640,180,1945,47.6815,-122.269,2060,13.38472764187182
2,3.25,1550,1767,3.0,1,3,3,8,1550,0,2006,47.5684,-122.06,2710,13.8878312195439
3,2.25,1820,9150,1.0,0,0,3,7,1320,500,1961,47.737,-122.334,1780,12.989974189358584
4,2.75,3070,7201,2.0,0,0,3,9,3070,0,2006,47.4897,-122.147,2880,13.190022025878143
3,1.0,1350,3090,1.5,0,0,5,6,1350,0,1914,47.682,-122.348,1350,12.89921982609012
3,1.0,930,3348,1.0,0,0,4,6,930,0,1926,47.5532,-122.277,1210,13.049792684569493
3,1.0,1580,5000,1.5,0,0,3,7,1580,0,1926,47.684,-122.386,1280,13.526494262499357
3,1.0,900,37800,1.0,0,0,4,5,700,200,1923,47.7146,-122.234,1750,12.779873068457553
2,2.5,1380,1329,2.0,0,0,3,8,1050,330,2008,47.6903,-122.37,1360,13.032438669876342
3,2.5,2200,4544,2.0,0,0,3,8,2200,0,2000,47.5319,-121.867,2400,13.17115354157376
3,2.0,1410,6413,1.0,0,0,4,7,910,500,1947,47.6826,-122.298,1330,13.287877815881902
4,2.25,2190,9009,2.0,0,0,4,8,1840,350,1977,47.6916,-122.188,2190,13.500799813124575
4,1.75,2550,39460,1.0,0,0,3,8,1890,660,1982,47.7707,-122.123,2560,13.217673557208654
4,2.5,2620,5450,2.0,0,0,3,9,2620,0,2001,47.6301,-122.019,2590,13.381645975334411
4,1.75,1750,18810,1.0,0,0,3,7,1220,530,1977,47.4719,-122.074,1840,12.793859310432293
4,2.5,1540,1860,2.0,0,0,3,8,1540,0,2014,47.5521,-121.999,1210,13.10467587166064
4,2.75,3950,10214,1.0,0,3,3,10,2050,1900,1955,47.6969,-122.384,3130,13.710150042306449
4,2.0,2470,5080,1.5,0,0,3,6,1970,500,1948,47.5308,-122.348,1060,12.733755386362587
5,2.75,2540,5022,1.0,0,0,4,8,1540,1000,1955,47.5593,-122.3,2510,13.182517300224076
3,1.75,1950,10080,1.0,0,0,4,7,1950,0,1967,47.7282,-122.186,2340,13.091904169919621
4,2.75,1860,7500,1.0,0,0,5,8,1220,640,1967,47.5398,-122.173,2020,13.180537941455402
4,2.5,1840,5550,2.0,0,0,3,8,1840,0,2004,47.3937,-122.183,2030,12.611537753638338
3,1.0,1250,7200,1.0,0,0,3,7,1250,0,1964,47.6342,-122.12,1430,13.091904169919621
3,1.0,1910,8710,1.0,0,0,3,7,1080,830,1954,47.5038,-122.3,1460,12.468436909997665
4,2.75,2500,11659,1.0,0,2,3,9,1490,1010,1979,47.3381,-122.332,2830,12.765688433465597
4,2.5,2360,10000,1.0,0,3,3,8,1980,380,1977,47.573,-122.374,2480,13.358225701126313
3,2.0,1380,2500,1.0,0,0,3,7,750,630,1986,47.6753,-122.363,1630,12.983101310070822
3,1.0,1020,5950,1.0,0,0,3,6,880,140,1950,47.5436,-122.357,1800,12.86099861326992
2,1.0,980,1179,2.0,0,0,3,8,980,0,2010,47.6381,-122.375,1190,12.989974189358584
4,1.75,2050,94525,1.0,0,0,4,7,1250,800,1959,47.4492,-122.084,2270,13.028052697933088
3,2.75,2170,8396,2.0,0,0,3,7,2170,0,1995,47.3812,-122.023,2170,12.774223335915433
3,1.5,1900,5000,1.5,0,0,3,7,1640,260,1926,47.6779,-122.294,2090,13.733758056092014
2,1.0,1200,4880,1.0,0,0,3,6,980,220,1943,47.5276,-122.346,1040,12.409013489526863
4,1.5,1550,5053,1.0,0,0,4,7,1180,370,1963,47.5499,-122.274,1450,12.978493006984626
3,1.75,1970,7100,1.0,0,0,3,7,1590,380,1976,47.7353,-122.172,1790,12.9190224533863
4,2.0,1760,5500,1.0,0,1,3,7,780,980,1925,47.5183,-122.265,1510,12.560244459250788
7,3.5,3470,16264,2.0,0,0,4,9,3470,0,1980,47.6203,-122.149,3040,13.764217263576723
4,2.5,2620,4050,2.0,0,0,3,8,2620,0,2014,47.5017,-122.34,2030,12.899127321811731
4,2.5,2780,6369,1.0,0,0,3,8,1590,1190,1978,47.7284,-122.216,2170,13.132313708257497
2,1.0,1220,17172,1.0,0,0,4,6,1220,0,1947,47.6934,-122.163,1510,12.821258284620408
3,1.0,1440,7107,1.0,0,0,4,7,1000,440,1980,47.6968,-122.124,1540,13.077366011473593
3,2.25,1480,97138,1.5,0,0,3,7,1480,0,1984,47.3317,-121.927,1730,12.691580461311874
2,2.75,2810,11205,1.0,0,0,3,7,1510,1300,1968,47.4869,-122.243,2520,13.017002861746503
3,2.5,1700,7496,2.0,0,0,3,8,1700,0,1994,47.432,-122.189,2280,12.765545566117686
4,2.75,1830,3420,2.0,0,0,3,8,1830,0,2012,47.366,-122.308,1813,12.505436222755792
2,1.75,2140,5000,1.0,0,0,3,7,1000,1140,1930,47.6284,-122.291,2250,13.422467969854667
4,2.25,2310,36136,2.0,0,0,4,9,2310,0,1977,47.7506,-122.122,3930,13.541731390681484
4,2.75,2710,45963,2.0,0,0,3,9,2710,0,1995,47.4745,-121.724,2710,13.190022025878143
3,3.25,3786,38038,1.0,1,4,3,9,1934,1852,1978,47.3907,-122.448,2850,14.137521590739645
5,2.25,2550,9200,1.0,0,0,4,8,1580,970,1975,47.4673,-122.363,2090,13.025852477023484
3,2.25,3070,9645,2.0,0,0,3,10,2110,960,1987,47.5522,-122.144,3130,13.993656743347747
3,2.5,1870,4060,2.0,0,0,3,7,1870,0,2005,47.3986,-122.163,2190,12.560244459250788
3,1.75,1060,8100,2.0,0,0,4,7,1060,0,1983,47.3617,-122.047,1410,12.594730635321957
4,3.5,3030,5494,3.0,0,0,3,9,3030,0,2014,47.7103,-122.109,2910,13.592304504696857
5,4.0,3760,28040,2.0,0,0,3,10,3760,0,1983,47.6489,-122.183,3430,13.840203170554645
3,3.5,2460,14155,2.0,0,0,3,8,1900,560,2014,47.7743,-122.279,2440,13.407542319637992
3,3.5,3470,4171,3.0,0,0,3,9,3470,0,2008,47.711,-122.229,3430,13.634947454185182
3,2.5,3930,55867,1.0,1,4,4,8,2330,1600,1957,47.7022,-122.224,2730,14.93718811956338
4,3.25,5010,34460,2.0,0,0,3,12,5010,0,1988,47.5469,-122.127,4760,14.199411488156597
3,2.25,1650,3788,2.0,0,0,3,7,1650,0,1985,47.3908,-122.167,1510,12.36180635741503
3,1.0,1080,7486,1.5,0,0,3,6,990,90,1942,47.4838,-122.335,1170,12.339291489316397
3,2.5,2060,7020,1.0,0,0,4,8,1460,600,1967,47.7575,-122.364,2150,12.948009990259552
3,1.0,1400,9450,1.0,0,0,4,7,1060,340,1955,47.5051,-122.194,1400,12.538967060803502
3,1.75,2310,36665,1.0,0,2,3,8,1580,730,1983,47.7697,-122.274,2000,13.16158409055761
3,2.5,1909,1300,3.0,0,0,3,8,1766,143,2006,47.6538,-122.352,1780,13.35426843438711
3,1.75,1050,7854,1.0,0,0,4,7,1050,0,1975,47.3011,-122.369,1360,12.377922902456833
2,1.0,770,8636,1.0,0,0,2,6,770,0,1951,47.5075,-122.358,1110,12.190959007720126
3,2.5,1070,1089,2.0,0,0,3,7,900,170,2009,47.5902,-122.387,1450,12.866050764698604
4,2.5,2040,5616,2.0,0,0,3,8,2040,0,2012,47.7737,-122.238,2380,13.126355398673866
3,2.0,2260,11305,1.0,0,0,3,7,1130,1130,1986,47.4544,-122.204,2080,12.89921982609012
4,1.0,1200,11111,1.5,0,0,3,7,1200,0,1949,47.7529,-122.306,1350,12.54966234992025
5,4.0,4590,35046,2.0,0,0,3,10,4590,0,2008,47.6647,-122.16,3350,14.357834848789636
4,2.25,2870,6000,1.0,0,0,5,8,1730,1140,1951,47.6362,-122.282,2370,14.050582680143757
4,1.75,1710,7200,1.0,0,0,5,7,910,800,1975,47.3967,-122.174,1730,12.509874099861838
3,2.25,1270,2790,1.0,0,0,3,7,990,280,1970,47.6581,-122.396,1920,13.205784985543401
4,1.0,1900,9000,1.0,0,0,4,7,1290,610,1948,47.4629,-122.361,1950,12.697715449879391
3,2.75,2440,45738,2.0,0,0,3,8,1840,600,1987,47.5453,-121.957,2440,13.180632285528304
3,1.0,1270,7500,1.0,0,0,3,7,1270,0,1953,47.4921,-122.339,1340,12.547887726561882
2,1.75,1950,2719,1.0,0,0,5,7,1010,940,1919,47.6513,-122.346,1360,13.493926933836812
2,1.0,1210,9400,1.0,0,0,2,6,1210,0,1949,47.5342,-122.36,1580,12.367340793126296
3,2.25,1490,9414,2.0,0,0,3,7,1490,0,1981,47.6844,-122.113,1290,13.17115354157376
4,1.75,1250,8840,1.0,0,0,4,7,910,340,1979,47.4138,-122.317,1410,12.589803261492332
2,1.5,1650,7311,1.0,0,0,3,7,860,790,1978,47.7772,-122.357,1660,12.804909146618877
4,4.0,5280,17677,2.0,0,3,3,11,3220,2060,1978,47.5323,-122.238,3470,14.253765488895429
3,1.75,1930,14389,1.0,0,0,3,7,1130,800,1963,47.7733,-122.317,1730,12.86099861326992
4,2.75,1700,7495,1.0,0,0,4,7,1200,500,1964,47.7589,-122.354,1650,13.041153321978786
4,3.0,2820,2850,1.5,0,0,5,7,1860,960,1928,47.6813,-122.367,1570,13.454540689742661
3,1.75,1360,5445,1.0,0,0,4,7,1360,0,1957,47.6071,-122.123,1570,13.017002861746503
4,1.75,2320,12000,1.0,0,0,4,8,2270,50,1973,47.3644,-122.28,2120,12.672595222939254
4,2.5,3080,35430,2.0,0,0,3,9,3080,0,1997,47.6325,-121.97,2640,13.36138027787483
2,1.0,1240,5500,1.5,0,0,3,6,1240,0,1921,47.5257,-122.263,1520,12.675920012567607
3,2.0,1190,7840,1.5,0,0,4,6,1190,0,1918,47.5531,-122.312,1460,12.647548191161372
3,2.5,2313,5700,2.0,0,0,3,9,2313,0,2011,47.3572,-122.202,2323,12.821258284620408
2,2.0,1510,4908,1.0,0,0,3,8,1510,0,2006,47.7196,-122.024,1440,13.017002861746503
3,3.0,1730,2940,3.0,0,0,3,7,1730,0,1985,47.6911,-122.392,1690,13.102160670086809
4,1.0,2050,7590,1.0,0,0,3,7,1280,770,1957,47.4916,-122.224,2050,12.706696406811568
4,1.75,1720,9600,1.0,0,0,4,8,1720,0,1969,47.4764,-122.155,1660,12.84792653170257
4,2.0,2360,7440,1.0,0,0,3,7,1180,1180,1955,47.5044,-122.245,1680,12.611537753638338
3,2.5,1650,2201,3.0,0,0,3,8,1650,0,2007,47.7108,-122.333,1650,12.966878474563934
4,2.75,2440,12051,1.0,0,0,5,8,1440,1000,1966,47.7456,-122.351,2030,13.15773052124162
4,2.5,2550,4500,2.0,0,0,3,7,2550,0,2009,47.4916,-122.153,2340,12.936033799212835
5,3.5,2440,10200,2.0,0,0,4,7,2440,0,1974,47.5814,-122.003,2000,13.161487932088379
3,2.5,1340,8867,2.0,0,0,3,8,1340,0,1984,47.724,-122.327,1630,12.977337605354071
4,3.25,3330,33826,2.0,0,0,5,8,3330,0,1924,47.7596,-122.275,2580,13.72240793970195
3,2.25,1670,7606,2.0,0,0,3,7,1670,0,1990,47.1949,-121.982,1670,12.367340793126296
3,2.25,1370,1533,3.0,0,0,3,8,1370,0,2009,47.7326,-122.343,1370,12.66032791780777
3,1.0,880,6050,1.0,0,0,3,6,880,0,1945,47.4995,-122.248,1130,12.392552212472792
4,2.5,2460,9296,2.0,0,0,3,9,2460,0,1978,47.6125,-122.152,2730,13.490472698968725
3,2.25,2480,15022,1.0,0,4,3,9,1330,1150,1967,47.5497,-122.396,2500,13.864300722133706
4,2.5,1820,3899,2.0,0,0,3,7,1820,0,1999,47.735,-121.985,1820,12.793720411897448
3,2.0,1900,9975,1.0,0,0,3,8,1500,400,1973,47.5307,-122.054,2140,13.208541073645382
4,2.5,2870,6776,2.0,0,0,3,8,2870,0,2004,47.539,-121.878,2770,13.226723392728571
3,1.5,1770,17208,1.0,0,0,3,8,1160,610,1959,47.5659,-122.117,2450,13.017002861746503
3,1.0,1580,13912,1.0,0,0,4,8,1580,0,1955,47.7552,-122.276,2130,12.957488734214095
4,3.0,3000,4000,1.5,0,3,3,8,1970,1030,1913,47.5744,-122.307,1900,13.44154411691548
5,3.75,3830,8131,2.0,0,0,3,10,3830,0,2005,47.5837,-121.971,3570,13.655928488139809
3,1.0,1300,20812,1.0,0,0,3,6,1300,0,1927,47.5435,-122.359,1210,12.611537753638338
3,1.0,1370,10708,1.0,0,0,3,7,1370,0,1969,47.2769,-122.264,1770,12.230765258120545
2,1.75,1780,4520,1.0,0,0,5,7,890,890,1925,47.5798,-122.404,1560,13.369145327283938
3,2.5,1430,10200,1.0,0,0,3,7,1430,0,1960,47.7012,-122.166,1470,12.911642346088676
4,3.5,3720,13591,2.0,0,3,3,10,3720,0,2004,47.536,-121.858,4210,13.541073712262515
5,2.75,2160,5720,1.0,0,0,5,7,1500,660,1950,47.5728,-122.304,2160,13.217673557208654
4,2.25,2030,12000,2.0,0,0,3,7,2030,0,1977,47.7699,-122.168,2190,12.948009990259552
4,2.5,2300,8100,1.0,0,0,4,8,1360,940,1979,47.2979,-122.371,1910,12.608198852372823
4,1.75,1870,22072,1.0,0,0,3,7,1070,800,1959,47.3775,-122.165,2100,12.560244459250788
4,2.5,2560,5672,2.0,0,1,3,8,2560,0,2005,47.5222,-122.201,2190,13.15773052124162
3,1.0,1280,7572,1.0,0,0,4,6,1280,0,1958,47.4491,-122.176,1170,12.072541252905651
3,2.5,2480,53250,2.0,0,0,3,9,2480,0,1990,47.3323,-122.079,2510,12.873902018105829
5,2.75,2570,12906,2.0,0,0,3,8,2570,0,1987,47.5814,-122.05,2580,13.422467969854667
3,1.75,1280,16200,1.0,0,0,3,8,1030,250,1976,47.7427,-122.071,1160,12.736700896592344
3,1.75,2080,12522,1.0,0,0,5,6,2080,0,1950,47.267,-122.25,1690,12.428816116823043
3,2.0,1290,6150,1.0,0,1,5,6,1290,0,1950,47.5181,-122.257,1960,12.644327576461329
4,1.75,1640,1480,1.0,0,0,4,7,820,820,1912,47.6684,-122.314,1420,13.017002861746503
4,3.5,3370,435600,2.0,0,3,3,9,3370,0,2005,47.4398,-121.738,2790,13.081541382884074
4,2.5,3540,18168,2.0,0,0,3,10,3540,0,1996,47.5441,-122.131,4130,13.737549016494562
4,2.0,1560,3840,1.0,0,0,4,6,960,600,1924,47.6882,-122.365,1560,13.036805489042683
5,2.0,2740,3838,1.0,0,0,4,7,1370,1370,1959,47.6819,-122.393,1660,13.142166004700508
3,1.75,1850,14986,2.0,0,0,3,6,1850,0,1943,47.4837,-122.148,2660,12.706847933442663
3,1.75,1120,10187,1.0,0,0,3,7,1120,0,1968,47.3694,-122.311,1900,12.390121875703295
3,1.0,1150,5100,2.0,0,0,3,8,1150,0,1911,47.5349,-122.384,1440,13.122363377404328
4,2.5,2020,5100,2.0,0,0,3,7,2020,0,2010,47.2822,-122.357,2300,12.672946381766982
3,1.75,3400,8965,1.0,0,2,5,9,1820,1580,1957,47.6569,-122.273,3200,14.340239086899256
3,1.75,1910,12321,1.0,0,0,4,7,1100,810,1952,47.5995,-122.198,1910,13.522480879185897
4,1.5,2670,10026,2.0,0,0,3,8,2670,0,1996,47.2659,-122.215,2420,12.757080058928997
2,2.5,2420,60984,2.0,0,0,3,7,2420,0,2007,47.5262,-121.943,1940,12.971540487669746
3,1.0,1370,5250,1.0,0,0,3,7,1070,300,1939,47.6421,-122.348,2410,13.39239051461739
4,2.5,3720,30649,2.0,0,0,3,10,3720,0,1988,47.6651,-122.056,3220,13.709038313453757
4,1.0,1140,7208,1.0,0,0,3,7,900,240,1970,47.742,-122.173,1300,12.92391243868049
4,2.5,2650,9065,2.0,0,0,3,7,2650,0,2000,47.7258,-121.959,2590,12.983101310070822
2,2.25,1890,5400,2.0,0,0,5,8,1610,280,1905,47.6688,-122.31,2820,13.527828485512494
4,2.25,3680,26266,2.0,0,0,4,9,3680,0,1981,47.3219,-122.085,2340,12.959844447906553
4,2.75,2890,4000,1.5,0,0,4,9,2190,700,1931,47.6419,-122.351,2280,13.514405465180353
3,2.5,1990,12866,2.0,0,0,4,7,1990,0,1986,47.7477,-122.17,2310,13.017002861746503
4,2.25,2440,8098,2.0,0,0,3,8,2440,0,1983,47.3126,-122.346,2110,12.706847933442663
3,1.75,1760,8400,1.0,0,0,4,8,1460,300,1960,47.5355,-122.39,1980,13.42984807715229
3,1.0,1150,8848,1.0,0,0,3,7,1150,0,1968,47.3626,-122.111,1220,12.334905517373143
4,2.5,2770,10051,2.0,0,0,3,10,2770,0,1987,47.6288,-122.043,2730,13.437174117244362
4,2.0,1390,4500,1.5,0,0,5,7,1390,0,1908,47.5552,-122.311,1900,12.959844447906553
3,1.75,2380,5650,1.0,0,2,4,8,1190,1190,1956,47.5119,-122.255,2350,12.936033799212835
3,1.75,1730,3400,1.0,0,0,5,7,970,760,1928,47.6662,-122.364,1640,13.415032991367148
3,2.5,2090,3821,2.0,0,0,3,7,2090,0,2008,47.3655,-122.017,2040,12.782405071498284
4,3.5,3190,31450,2.0,0,0,3,9,3190,0,2010,47.501,-121.902,3000,13.579788224443204
4,1.75,1580,8856,2.0,0,0,3,7,1580,0,1979,47.4694,-121.745,1390,12.464583340681674
3,1.75,1420,5170,1.0,0,0,4,7,1420,0,1963,47.6151,-122.145,2250,13.041153321978786
4,1.5,1810,6000,1.0,0,1,3,8,1350,460,1952,47.5233,-122.386,2020,13.235692062711331
2,1.0,980,4800,1.0,0,0,4,7,980,0,1910,47.6569,-122.348,1570,13.217673557208654
3,1.0,1270,8000,1.0,0,0,4,7,1270,0,1957,47.5874,-122.136,1470,13.143145916586857
3,1.5,1320,1250,3.0,0,0,3,8,1320,0,2008,47.6536,-122.341,1560,13.270783382522602
5,1.5,1830,94960,1.5,0,0,3,7,1830,0,1929,47.4218,-122.218,1440,12.301382825334498
4,2.5,1450,3600,1.5,0,0,3,7,1250,200,1902,47.5985,-122.298,1680,12.973863369085885
3,1.0,1720,8910,1.0,0,0,4,7,1720,0,1954,47.7736,-122.296,1870,12.899094818276968
3,2.5,2440,7632,2.0,0,0,3,8,2440,0,1998,47.3494,-122.301,2510,12.721885810807203
2,1.5,1200,1687,3.0,0,0,3,8,1200,0,2008,47.6491,-122.334,1240,13.130728293735956
5,2.25,2120,4000,1.5,0,0,4,7,1720,400,1910,47.644,-122.353,1960,13.432784936825598
4,2.5,2500,4000,2.0,0,0,3,8,2500,0,2014,47.5902,-122.311,1480,13.36138027787483
3,1.5,1110,10296,1.0,0,0,5,7,1110,0,1964,47.422,-122.153,1330,12.449018824140563
3,1.0,1050,4160,1.0,0,0,4,7,1050,0,1925,47.6756,-122.3,1580,13.199324418540456
3,2.5,2260,8120,2.0,0,0,3,8,2260,0,2004,47.2924,-122.357,2250,12.691580461311874
2,1.5,800,1196,2.0,0,0,3,8,800,0,2003,47.6972,-122.341,1020,12.542544882151386
3,1.0,960,9624,1.0,0,0,3,7,960,0,1953,47.7758,-122.301,1540,12.363076394339839
3,1.75,1140,22267,1.0,0,0,3,7,1140,0,1986,47.4761,-121.758,1150,12.505806799006097
4,1.75,2160,7417,1.0,0,0,4,7,1360,800,1983,47.5122,-122.181,1880,12.779873068457553
3,1.5,1810,29308,1.0,0,0,3,7,950,860,1983,47.3585,-122.067,1790,12.47227568630483
4,2.0,1590,6750,1.0,0,0,3,7,1590,0,1951,47.6406,-122.317,2370,13.41577898170387
4,3.5,3290,5414,2.0,0,1,3,9,2360,930,2006,47.7074,-122.219,1820,13.710094485207625
3,2.25,2840,107157,2.0,0,0,4,9,2840,0,1983,47.2848,-122.118,2600,13.102160670086809
4,1.0,1190,7920,1.0,0,0,3,6,890,300,1951,47.5305,-122.371,1140,12.154779351142624
5,3.0,1810,3000,2.0,0,0,3,7,1810,0,1998,47.5622,-122.291,1670,12.799399490807907
3,2.5,3090,20785,2.0,0,0,4,10,3090,0,1991,47.5602,-122.03,3400,13.700660716285332
3,1.5,1690,9600,1.0,0,0,3,7,1210,480,1976,47.3857,-122.079,1450,12.26434155365415
4,2.75,2850,3000,2.5,0,0,3,9,2530,320,2003,47.6406,-122.304,2083,13.985253332551368
3,2.5,1830,2839,2.0,0,0,3,8,1830,0,1999,47.6022,-122.021,1830,12.92391243868049
4,3.0,3720,15048,3.0,0,0,3,7,3720,0,1979,47.5116,-122.144,2020,13.122363377404328
3,2.0,1220,14645,1.0,0,0,3,6,1220,0,1970,47.4842,-122.117,1980,12.66032791780777
4,2.25,2870,8393,1.0,0,0,4,8,1480,1390,1977,47.5787,-122.245,2930,13.698976741708323
4,2.25,2910,10189,2.0,0,0,3,9,2910,0,1988,47.5465,-122.155,2780,13.813508555293602
3,2.5,2480,9041,2.0,0,0,3,7,2480,0,2004,47.6797,-122.035,2480,13.337474757021274
4,1.75,2100,7135,1.0,0,0,4,7,1050,1050,1955,47.5353,-122.349,1730,12.858397831569864
4,2.75,3020,7203,2.0,0,0,3,9,3020,0,2014,47.6948,-122.178,3010,13.687620366658358
6,1.5,1930,8400,1.0,0,0,3,7,1030,900,1971,47.4869,-122.34,1780,12.072541252905651
5,2.75,2620,5500,1.5,0,0,3,7,1710,910,1911,47.6806,-122.388,1790,13.36138027787483
2,1.0,680,4190,1.0,0,0,2,5,680,0,1906,47.6901,-122.358,1070,12.524526376648708
3,1.0,1690,4250,1.0,0,0,3,7,1020,670,1967,47.4945,-122.258,1820,12.502466658583977
3,2.25,2590,9263,1.0,0,0,5,8,1440,1150,1977,47.7691,-122.262,2580,13.16158409055761
5,3.5,5150,12230,2.0,0,2,3,10,3700,1450,2007,47.6249,-122.09,2940,14.136143730555741
3,1.75,1550,3680,1.0,0,0,3,7,1050,500,1927,47.6817,-122.36,1560,13.180632285528304
3,1.75,2070,6000,1.0,0,3,3,8,1340,730,1955,47.5226,-122.382,2200,13.444446876573442
4,2.0,1550,4815,1.5,0,0,3,7,1550,0,1909,47.667,-122.336,1680,13.32612021491835
6,2.75,3040,36721,1.0,0,3,4,9,1760,1280,1958,47.4488,-122.356,2420,13.592304504696857
3,1.75,1480,7225,1.0,0,0,4,7,1480,0,1965,47.513,-122.185,1430,12.676076274775909
3,1.75,1410,7700,1.0,0,0,4,7,1410,0,1967,47.5375,-122.176,1560,12.897969044188466
3,2.5,1608,4000,2.0,0,0,3,8,1608,0,2014,47.2582,-122.198,2009,12.52434454193596
1,1.0,850,6567,1.0,0,0,4,6,850,0,1940,47.327,-122.039,2160,12.994530005894443
3,1.0,1830,3000,1.5,0,0,3,7,1430,400,1926,47.6619,-122.351,1510,13.122263372403996
4,2.0,2030,8120,2.0,0,0,3,7,2030,0,1950,47.4994,-122.261,1520,12.201060103706629
4,1.75,1910,8775,1.0,0,0,3,7,1210,700,1956,47.7396,-122.247,2210,13.071070083016778
3,1.0,1200,9194,1.0,0,0,4,7,1200,0,1952,47.7362,-122.319,1330,12.819906019370393
2,1.0,1070,5000,1.0,0,0,3,7,1070,0,1924,47.6666,-122.331,1710,13.369223455335854
4,1.5,1920,10000,1.0,0,0,4,7,1070,850,1954,47.5725,-122.133,1450,12.971540487669746
4,1.75,2610,21600,1.0,0,0,4,8,2610,0,1966,47.6245,-122.227,2920,14.077874822431765
4,1.75,2520,7770,1.0,0,0,3,8,1680,840,1965,47.7721,-122.372,2340,13.171724806942052
5,3.0,3800,42316,1.5,0,0,4,9,3800,0,1984,47.3488,-122.095,2580,13.217491722495906
4,2.5,2910,5776,2.0,0,2,3,8,2910,0,1998,47.5388,-121.87,2550,13.286181462633724
4,2.5,2340,8248,2.0,0,0,3,8,2340,0,1989,47.6314,-122.03,2140,13.252514061869373
4,2.25,3470,8000,1.5,0,1,3,9,2360,1110,1906,47.6149,-122.287,3010,14.361896357128815
3,1.0,1070,3713,1.0,0,0,4,6,1070,0,1917,47.5683,-122.285,1290,13.217673557208654
4,2.5,2520,4950,2.0,0,0,3,8,2520,0,1906,47.6814,-122.359,1810,13.670484785914017
4,2.75,1560,8820,1.0,0,3,3,7,1060,500,1979,47.3382,-122.257,2140,12.468052220629582
3,2.5,2460,5400,1.0,0,0,4,8,1520,940,2001,47.5231,-122.202,1745,13.047639831208393
4,2.25,1740,10875,1.0,0,0,3,8,1740,0,1967,47.5132,-122.157,1680,12.971424201839042
4,2.5,2030,8100,1.0,0,0,3,7,1150,880,1973,47.7404,-122.186,1770,12.948009990259552
2,1.0,1070,8750,1.0,0,0,3,7,1070,0,1951,47.4734,-122.198,1300,12.691580461311874
5,3.0,2420,7740,1.0,0,0,5,7,1360,1060,1929,47.536,-122.358,1840,12.927564299099261
4,1.5,1790,4080,1.5,0,0,5,7,1790,0,1928,47.5749,-122.291,1710,13.464959680733502
4,3.5,2690,6164,2.0,0,0,3,9,2690,0,2002,47.599,-121.973,2910,13.458621305348792
2,1.75,2130,6574,1.0,0,0,3,8,1500,630,1946,47.6529,-122.411,2130,13.017002861746503
4,2.25,2070,13084,1.0,0,0,4,8,1700,370,1967,47.5606,-122.222,2520,13.58609739363647
3,1.0,1000,9450,1.0,0,0,3,6,1000,0,1962,47.4562,-122.193,1300,12.26434155365415
2,1.5,1068,1452,2.0,0,0,3,7,1068,0,1990,47.753,-122.244,1078,12.388185847286392
3,3.25,2610,16387,2.0,1,4,3,9,2610,0,2006,47.7175,-122.278,2590,14.508657738524219
4,1.75,1870,10450,1.0,0,0,3,8,1620,250,1978,47.5938,-122.154,2060,13.399995114002609
3,2.75,2390,9966,1.0,0,0,5,8,1360,1030,1977,47.5433,-122.185,2140,13.244581010128577
3,2.0,1190,10299,1.0,0,0,3,7,1190,0,1994,47.314,-122.0,1700,12.388394202324129
4,2.5,2310,6650,2.0,0,2,3,8,2310,0,2012,47.4513,-122.267,1800,12.952760593018148
3,2.0,1510,43560,1.0,0,0,3,7,1510,0,1954,47.7218,-122.079,2060,13.017002861746503
2,1.0,920,4400,1.0,0,0,3,7,920,0,1948,47.6903,-122.332,1560,12.92910139177192
4,2.5,2110,8990,2.0,0,0,3,8,2110,0,1977,47.4457,-122.127,2040,12.468436909997665
2,1.0,990,4332,1.0,0,0,3,7,990,0,1909,47.6528,-122.331,1920,13.337474757021274
5,3.25,3740,11536,2.0,0,0,4,9,2540,1200,1984,47.5599,-122.108,2920,13.727287902218093
2,1.0,1040,3600,1.0,0,0,4,7,1040,0,1919,47.619,-122.311,2250,13.304684934198283
4,2.5,2130,9653,1.0,0,0,3,7,1500,630,1978,47.4068,-122.175,2000,12.676076274775909
6,5.25,2860,5682,2.0,0,0,3,7,2860,0,1978,47.303,-122.221,1390,12.611537753638338
3,2.25,1270,1566,2.0,0,0,3,8,1060,210,2014,47.6647,-122.284,1160,13.346313003752748
3,2.0,1440,5469,1.0,0,0,3,8,1440,0,1988,47.5753,-122.017,1980,12.765688433465597
5,3.5,2760,3865,2.5,0,0,3,8,2760,0,2013,47.5049,-122.17,2590,12.959726793926773
4,1.75,3130,18253,2.0,0,0,3,7,3130,0,1978,47.7402,-122.348,1850,13.388566418178986
4,2.5,2030,5202,2.0,0,0,3,8,2030,0,2001,47.388,-122.176,2260,12.626426366132089
3,2.25,1650,6250,1.5,0,0,3,7,1650,0,1910,47.5639,-122.4,2060,12.873902018105829
3,2.75,2590,12063,2.0,0,0,3,10,2590,0,1993,47.5527,-122.12,2850,13.587982408332241
6,2.0,1750,17685,1.0,0,0,4,5,1750,0,1943,47.5096,-122.178,1750,12.66032791780777
3,1.0,1330,15678,1.0,0,0,3,7,900,430,1984,47.6355,-122.037,1330,12.911642346088676
4,2.5,2540,12843,2.0,0,0,3,9,2540,0,1992,47.3866,-122.169,2410,12.768256561571306
3,1.0,1460,8227,1.0,0,0,3,6,880,580,1948,47.7009,-122.301,1530,13.060487973686241
3,1.0,940,6695,1.0,0,0,4,6,940,0,1959,47.6195,-122.12,1230,12.788288265382837
3,2.25,2110,7279,1.0,0,0,4,9,2110,0,1984,47.6669,-122.17,2130,13.48161001171088
2,1.0,1280,5400,1.0,0,0,3,7,1280,0,1964,47.6949,-122.371,1540,13.122363377404328
4,2.5,2798,4473,2.0,0,0,3,9,2798,0,2012,47.4295,-122.205,2358,13.122263372403996
3,1.75,2080,75794,1.0,0,0,3,7,2080,0,1958,47.7018,-122.189,1870,13.592367006650065
6,2.75,2520,54160,2.0,1,4,3,7,2520,0,1954,47.4969,-122.376,2790,13.790192749979985
4,2.5,2880,8833,2.0,0,0,3,7,2880,0,2006,47.5388,-121.89,2570,13.19188944005294
4,5.5,6550,217374,1.0,0,0,3,11,5400,1150,2006,47.4302,-122.095,4110,14.22097566607244
4,1.5,1480,47045,1.0,0,0,5,6,1480,0,1942,47.4809,-122.3,1530,12.553202176625375
3,1.75,1000,14061,1.0,0,0,4,7,1000,0,1967,47.7417,-122.093,1260,12.926319295971837
4,3.0,2090,5102,1.0,0,0,3,7,1350,740,1994,47.5427,-122.356,2090,12.86099861326992
4,2.5,2180,9281,2.0,0,0,3,8,2180,0,2004,47.3673,-122.072,2520,12.802158113246987
2,2.25,1390,916,2.0,0,0,3,8,1165,225,2007,47.6168,-122.314,1415,13.345506928718539
3,1.0,1340,4000,1.5,0,0,4,7,1340,0,1927,47.6652,-122.288,1510,13.339086360915616
3,2.5,1600,1311,3.0,0,0,3,8,1600,0,2005,47.6903,-122.394,1390,13.049792684569493
2,1.0,1840,3300,1.5,0,0,4,6,1130,710,1910,47.6757,-122.362,1320,13.102160670086809
4,2.5,2240,7245,1.0,0,0,4,7,1140,1100,1972,47.7161,-122.17,1740,13.071070083016778
3,1.75,1370,10866,1.0,0,0,4,6,1370,0,1945,47.6774,-122.164,1580,12.323855681186558
4,2.0,2630,9099,1.5,0,0,3,7,1830,800,1944,47.5067,-122.361,1430,13.005829561148378
3,1.0,1470,9750,1.0,0,0,3,7,1470,0,1963,47.7155,-122.194,1300,13.071070083016778
3,2.5,2090,9847,2.0,0,2,3,9,2090,0,1983,47.5651,-122.114,2860,13.493926933836812
2,1.0,1530,4370,1.0,0,0,3,7,1130,400,1946,47.6888,-122.308,1580,13.036696550647237
3,2.5,2560,5238,2.0,0,0,3,8,2560,0,2001,47.6887,-122.04,2560,13.265597545490236
3,2.5,1350,2053,3.0,0,0,3,8,1350,0,2005,47.6758,-122.386,1350,13.075271769870477
3,3.25,3700,2264,2.0,0,0,3,11,2280,1420,1998,47.6653,-122.205,3930,14.207552645740298
2,1.5,1260,9693,1.0,0,0,3,7,1260,0,1957,47.7775,-122.365,1800,12.411296595541433
3,3.0,3200,35782,1.0,0,0,3,8,2360,840,1978,47.4121,-122.154,3090,12.765688433465597
5,3.25,5270,17232,2.0,0,1,3,10,4010,1260,1977,47.5536,-122.228,3550,14.400515579904516
3,1.75,1510,3600,1.0,0,0,5,8,1230,280,1910,47.6387,-122.363,1300,13.592367006650065
3,2.5,1750,1548,3.0,0,0,3,9,1750,0,2013,47.5532,-122.282,1750,13.112313041550827
3,3.0,2390,8993,2.0,0,0,3,8,1680,710,1988,47.3532,-122.306,1820,12.468436909997665
4,2.5,1961,3207,2.0,0,0,3,7,1961,0,2006,47.3507,-122.16,1961,12.57418196709457
4,2.75,2840,4000,1.5,0,0,5,8,1960,880,1912,47.5846,-122.291,2750,13.676248490630767
3,2.25,1450,1619,2.0,0,0,3,8,1140,310,2006,47.6076,-122.304,1580,13.164464553422965
4,2.5,2120,215186,2.0,0,0,2,7,2120,0,1983,47.701,-121.857,2000,12.890179081437969
4,3.5,3040,4006,2.0,0,0,3,8,2350,690,2013,47.5439,-122.011,2050,13.610943392223
5,1.75,2810,9360,1.0,0,0,4,7,1520,1290,1965,47.4361,-122.193,1770,12.817195990611529
3,1.5,1470,14821,1.0,0,0,4,7,1470,0,1958,47.3658,-122.148,1760,12.483704382128453
4,2.5,2950,4836,2.0,0,0,3,7,2950,0,2006,47.479,-122.129,2120,13.180632285528304
5,1.75,2360,8642,1.5,0,0,5,7,2060,300,1926,47.7617,-122.335,1950,12.618182296357007
3,1.75,1300,11230,1.0,0,0,5,7,1300,0,1968,47.3811,-122.087,1300,12.354492650648448
3,3.25,5290,224442,2.0,0,0,4,11,4540,750,1988,47.6671,-122.051,3750,14.403297222866392
3,2.0,3000,22040,2.0,0,2,4,8,2470,530,1942,47.7745,-122.368,2600,13.695600261291716
3,2.25,2950,7232,1.0,0,2,3,8,1520,1430,1983,47.5257,-122.382,2130,13.878954730520809
4,2.5,2930,9158,2.0,0,0,3,9,2930,0,2005,47.7065,-122.13,3590,13.698976741708323
2,1.0,670,6300,1.0,0,0,4,6,670,0,1942,47.5145,-122.374,740,12.513557345278134
3,2.25,1650,7313,1.0,0,0,3,7,1220,430,1975,47.7375,-122.194,1690,13.038981768465277
6,6.5,6260,10955,2.0,0,0,3,11,4840,1420,2007,47.5947,-122.039,2710,13.981024996441848
3,1.0,1160,10384,1.0,0,0,4,6,1160,0,1969,47.3634,-122.027,1200,12.2783933071098
6,2.0,1900,8240,1.0,0,0,2,7,1200,700,1964,47.7037,-122.296,1900,12.628067055589549
4,2.5,3300,28433,2.0,0,0,3,9,3300,0,1998,47.5072,-122.112,3550,13.493926933836812
3,1.0,1400,7955,1.0,0,0,3,7,1400,0,1964,47.4848,-122.221,1160,12.175613438045465
2,2.0,1600,64468,1.0,0,0,3,7,1600,0,1950,47.7344,-122.143,1950,13.81049801614073
3,2.0,1800,5000,1.0,0,0,4,7,1080,720,1942,47.6738,-122.297,1800,13.335052470814679
2,1.75,1710,4187,1.0,0,0,3,7,1710,0,1987,47.4732,-122.188,1760,12.714527461150162
3,1.5,1360,9760,1.5,0,0,5,7,1360,0,1984,47.4648,-121.757,1310,12.388394202324129
4,2.75,3010,7215,2.0,0,0,3,9,3010,0,2014,47.6952,-122.178,3010,13.687620366658358
3,2.5,2370,4200,2.0,0,0,3,8,2370,0,2014,47.3699,-122.019,2370,12.870300669231842
3,1.0,1390,2640,1.5,0,0,3,7,1230,160,1903,47.6078,-122.307,1780,12.751299696013497
4,2.25,2310,7490,2.0,0,0,3,8,2310,0,1980,47.4379,-122.192,2310,12.676076274775909
3,2.0,1790,7879,1.5,0,0,3,7,1790,0,1998,47.2634,-122.289,1790,12.460714863903755
3,2.75,1990,31200,1.0,0,0,3,8,1990,0,1986,47.5544,-122.035,3120,13.102160670086809
3,2.25,2470,10290,2.0,0,0,3,8,2230,240,1984,47.4459,-122.124,1970,12.765688433465597
4,2.5,2580,5787,2.0,0,0,3,9,2580,0,2007,47.5416,-121.994,2580,13.560618308335483
3,1.75,2800,19386,1.0,1,4,3,8,1400,1400,1965,47.3554,-122.324,3270,13.38472764187182
4,1.75,1360,4840,1.5,0,0,4,7,1360,0,1928,47.556,-122.376,1320,12.897969044188466
2,1.0,940,6000,1.0,0,0,3,6,940,0,1943,47.4907,-122.336,1310,11.652687407345388
3,1.75,1920,9102,1.0,0,0,3,7,1920,0,1968,47.7487,-122.082,1920,12.89921982609012
3,2.25,1620,10850,1.0,0,0,3,7,1620,0,1966,47.4437,-122.194,1910,12.429216196844383
4,3.5,2440,3052,2.0,0,0,3,8,1940,500,2006,47.555,-122.309,2390,13.071070083016778
4,2.5,3250,5000,2.0,0,0,3,8,3250,0,2008,47.4988,-122.148,3230,13.270783382522602
4,2.5,2920,4000,1.5,0,0,5,8,1910,1010,1909,47.6578,-122.28,2470,14.151982794585487
3,3.75,1580,1303,2.0,0,0,3,8,1340,240,2010,47.5875,-122.315,1560,13.217673557208654
5,2.5,3020,21441,1.0,0,0,4,8,1510,1510,1978,47.3392,-122.131,1610,12.676076274775909
3,2.25,1790,7700,1.0,0,0,4,7,1340,450,1976,47.7205,-122.168,1610,12.988831984779805
2,1.5,800,2142,2.0,0,0,3,7,800,0,2006,47.5917,-122.297,1320,12.628067055589549
4,2.5,1910,7201,1.0,0,0,3,7,1210,700,1987,47.3908,-122.316,1690,12.736700896592344
4,1.75,1710,7140,1.0,0,0,5,7,1010,700,1968,47.3745,-122.275,1770,12.429216196844383
4,2.5,2900,9972,2.0,0,0,3,9,2900,0,1993,47.5536,-122.121,2901,13.652991628466498
1,1.0,550,5700,1.0,0,0,2,6,550,0,1916,47.6846,-122.366,1100,12.577636201962656
3,3.25,1730,1229,2.0,0,2,3,9,1320,410,2008,47.6374,-122.369,1710,13.37700559577791
4,2.5,2370,10000,1.0,0,0,5,8,1660,710,1974,47.6383,-122.099,2480,13.480037821676145
3,1.5,1720,8100,2.0,0,0,3,8,1720,0,1907,47.6746,-122.4,2210,13.410545324897761
3,1.0,1450,4000,1.0,0,1,4,8,950,500,1948,47.5554,-122.266,1880,13.17115354157376
5,2.75,2870,4461,1.0,0,0,3,7,1650,1220,1976,47.675,-122.39,1890,13.37855478276474
4,2.5,2980,5896,2.0,0,0,3,8,2980,0,2001,47.6872,-122.036,2900,13.321214236149494
5,3.25,2590,6180,1.0,0,0,3,7,1330,1260,1960,47.551,-122.272,1560,13.303016877097587
3,3.25,1510,1245,3.0,0,0,3,7,1510,0,2007,47.7293,-122.343,1510,12.675920012567607
3,3.0,2430,10500,1.0,0,0,4,8,2150,280,1983,47.2579,-122.312,1670,12.513557345278134
4,2.5,2170,204296,1.0,0,0,4,7,2170,0,1980,47.281,-121.933,1760,12.89921982609012
2,1.5,1330,15873,1.0,0,0,3,7,900,430,1984,47.6359,-122.033,1610,12.994530005894443
4,2.5,3420,6233,2.0,0,0,3,9,3420,0,2006,47.5416,-121.998,3350,13.699987466708736
1,1.0,690,1950,1.0,0,0,3,6,690,0,1928,47.6849,-122.374,1650,12.542544882151386
3,2.0,1080,11856,1.0,0,0,5,7,1080,0,1986,47.6955,-122.175,1220,12.881055855462447
5,2.25,3160,8065,2.0,0,0,3,8,3160,0,1977,47.5678,-122.089,2540,13.53777881636566
3,1.0,940,10360,1.0,0,0,4,7,940,0,1964,47.688,-122.19,2019,13.122363377404328
5,2.5,2100,14395,1.0,0,0,3,7,1140,960,1983,47.7723,-122.317,1830,12.948009990259552
2,1.0,1430,4000,1.0,0,0,3,7,930,500,1949,47.5233,-122.284,1110,12.345834587905333
3,2.75,2216,31215,1.0,0,0,3,9,2216,0,1968,47.3164,-122.199,2216,13.410545324897761
2,2.5,1050,1029,2.0,0,0,3,8,950,100,2007,47.6018,-122.299,1350,12.715561376052493
3,2.5,2849,9588,2.0,0,0,3,10,2849,0,2001,47.6487,-122.079,3190,13.589863876431945
2,3.0,1790,1709,2.0,0,0,3,7,1400,390,2001,47.5926,-122.296,1460,13.017002861746503
2,1.0,1300,6731,1.0,0,0,3,7,1300,0,1950,47.5697,-122.395,1240,12.729320789294722
4,1.5,1580,8468,2.0,0,0,4,7,1580,0,1971,47.3336,-122.281,1580,12.487485104968359
3,2.5,2640,6715,2.0,0,0,3,8,1680,960,1991,47.441,-122.125,2260,12.80765263256463
3,1.0,1490,8239,1.0,0,0,4,6,1490,0,1963,47.306,-122.37,1200,12.235388699864227
2,1.0,1290,3383,2.0,0,0,3,7,1290,0,2008,47.6968,-122.025,1290,12.628067055589549
4,1.0,1100,5000,1.5,0,0,5,6,1100,0,1904,47.4868,-122.204,1560,12.706847933442663
4,2.75,3220,9825,2.0,0,0,3,8,3220,0,2012,47.4863,-122.143,2820,13.269057756555132
3,2.25,3400,12825,1.0,0,1,3,9,3400,0,1961,47.5435,-122.26,2510,13.765269341527528
2,1.75,1670,6460,1.0,0,0,3,8,1670,0,2004,47.7123,-122.027,2170,13.13626628257332
4,1.75,1550,50094,1.0,0,3,4,6,1550,0,1967,47.2194,-122.059,1720,12.706847933442663
3,2.5,2134,1984,2.5,0,0,3,8,2134,0,2008,47.5402,-122.027,2170,13.322852238153732
3,2.5,1350,941,3.0,0,0,3,9,1350,0,2007,47.6265,-122.364,1640,13.680835654637672
3,2.5,2500,51836,1.0,0,0,3,9,1510,990,2013,47.4694,-121.989,2270,13.38472764187182
2,1.0,560,7560,1.0,0,0,3,6,560,0,1944,47.5271,-122.375,990,12.428816116823043
3,1.0,910,7620,1.0,0,2,3,7,910,0,1971,47.5278,-122.343,1660,12.577636201962656
3,2.5,2570,4600,2.0,0,0,3,8,2570,0,2014,47.2582,-122.196,2570,12.736671484395103
3,2.0,2130,4000,2.0,0,0,3,7,2130,0,1908,47.6741,-122.323,2010,13.37700559577791
3,1.0,1860,44431,1.0,0,0,4,6,1860,0,1947,47.6057,-122.038,2000,13.866203672279791
3,2.75,2540,8604,2.0,0,0,3,8,2540,0,1991,47.3209,-122.185,2260,12.793720411897448
3,2.0,1010,21340,1.0,0,0,3,8,1010,0,1980,47.6223,-122.043,1700,12.777052192115912
2,1.0,1380,5820,1.0,0,0,3,7,1380,0,1918,47.6875,-122.392,1540,12.676076274775909
4,2.5,2640,10720,2.0,0,0,3,8,2640,0,1999,47.4485,-122.278,1680,12.841325847671216
3,1.75,1790,7123,1.0,0,0,3,7,1790,0,1913,47.7429,-121.981,1660,12.873902018105829
3,2.25,1900,3800,2.0,0,0,3,7,1900,0,2006,47.4866,-122.16,1950,12.774223335915433
2,1.0,1210,8400,1.0,0,0,3,8,780,430,2000,47.6503,-122.393,1860,13.621925808891609
3,2.5,2160,7525,2.0,0,0,3,9,2160,0,1986,47.6608,-122.145,2470,13.53579665516167
4,1.75,2440,11793,1.0,0,4,3,8,1420,1020,1950,47.6807,-122.267,2500,13.737549016494562
3,2.0,1370,8336,1.0,0,0,5,7,1370,0,1964,47.7458,-122.331,1770,12.82530414313995
3,1.0,1200,7220,1.0,0,0,3,6,1200,0,1977,47.3746,-122.183,1200,12.32476637748788
3,1.75,1660,7350,1.0,0,0,2,8,1660,0,1979,47.3118,-122.337,1840,12.144197241812087
2,1.0,1600,7936,1.0,0,0,3,7,1600,0,1947,47.7411,-122.322,1580,12.487485104968359
3,2.0,2300,13418,1.0,0,0,3,8,1430,870,1955,47.6075,-122.2,2140,13.321214236149494
4,2.25,2810,25990,2.0,0,0,3,8,1860,950,1959,47.2993,-122.293,2020,13.256019762217003
4,2.0,1910,6960,1.5,0,0,5,8,1910,0,1941,47.6893,-122.348,1360,13.635187003832993
4,2.5,2650,8685,2.0,0,0,3,9,2650,0,2006,47.344,-122.269,2650,12.957488734214095
3,2.25,1260,915,2.0,0,0,3,8,1020,240,2007,47.555,-122.363,1260,12.54966234992025
4,1.75,3420,7200,1.0,0,3,5,8,1770,1650,1947,47.7081,-122.277,2450,13.480037821676145
4,2.5,2020,7200,1.5,0,0,4,6,2020,0,1954,47.5223,-121.818,1440,12.675920012567607
3,2.0,1540,8011,1.0,0,0,3,7,1540,0,1988,47.7342,-122.202,1630,12.959844447906553
4,1.0,1620,37075,1.5,0,0,3,7,1620,0,1943,47.5654,-121.929,2190,12.971540487669746
4,2.75,2050,3960,1.0,0,0,4,7,1180,870,1986,47.5808,-122.394,1440,13.081541382884074
4,2.5,2220,6800,2.0,0,0,3,7,2220,0,2002,47.49,-122.15,2220,12.947890935553772
2,1.0,960,21850,1.0,0,0,3,6,960,0,1947,47.4122,-122.267,1020,12.396693005138824
3,1.75,1780,10409,1.0,0,0,3,7,1280,500,1981,47.4627,-122.168,1780,12.742566016044742
5,4.5,5840,17168,2.0,0,0,3,12,4570,1270,2006,47.5457,-121.991,4850,14.603967918328545
3,1.75,2190,6000,1.5,0,0,4,7,2190,0,1920,47.3063,-122.223,1610,12.449018824140563
3,1.75,2000,14733,1.0,0,0,4,8,2000,0,1958,47.6001,-122.178,2620,13.458835614025542
3,1.0,1480,13280,2.5,0,0,3,6,1480,0,1940,47.5378,-122.043,1510,13.028052697933088
3,1.75,1640,10762,1.0,0,0,3,7,1130,510,1988,47.3586,-122.074,1680,12.330500223905226
2,1.0,1150,3600,1.0,0,0,3,6,1150,0,1910,47.5729,-122.31,1160,12.506177237980511
2,2.25,930,747,2.0,0,0,3,8,630,300,2007,47.5844,-122.316,940,12.779873068457553
4,2.5,2430,5556,2.0,0,0,4,8,2430,0,2003,47.3762,-122.126,2430,12.851866129706648
4,3.25,3640,3604,2.0,0,2,5,9,1960,1680,1913,47.6145,-122.284,1940,14.050582680143757
3,2.25,1950,26500,1.0,0,0,4,8,1570,380,1965,47.5784,-122.179,2160,13.217673557208654
4,2.25,2140,10943,1.0,0,0,3,7,1550,590,1977,47.7271,-122.215,2350,13.126355398673866
5,2.75,2760,5000,2.0,0,0,3,9,2760,0,2005,47.539,-122.188,2870,13.432784936825598
3,2.5,3080,8448,2.0,0,2,3,9,3080,0,2000,47.6469,-122.389,2500,13.764217263576723
3,2.5,1900,7361,2.0,0,0,3,8,1900,0,1994,47.4324,-122.191,2100,12.849241456283877
4,2.5,2210,5077,1.5,0,0,4,8,1480,730,1912,47.5719,-122.377,1740,13.336667980051335
3,2.0,1490,7599,1.0,0,0,3,7,1490,0,1990,47.3687,-122.088,1560,12.449018824140563
3,2.5,3050,33920,1.0,0,0,3,8,3050,0,2004,47.7034,-122.072,1970,13.641157170819497
2,1.0,800,10625,1.0,0,0,3,6,800,0,1942,47.496,-122.317,1130,11.603679828238693
3,2.5,1560,3987,2.0,0,0,3,7,1560,0,2002,47.687,-122.043,1600,12.983101310070822
4,2.5,1840,9611,2.0,0,0,3,7,1840,0,1996,47.4964,-122.251,1830,12.793859310432293
4,2.5,1890,4158,2.0,0,0,3,8,1890,0,2014,47.343,-122.056,2720,12.650277581954269
5,4.5,4590,14685,2.0,0,0,3,10,4590,0,2009,47.664,-122.2,3030,14.352003928478842
3,1.0,770,9750,1.0,0,0,3,6,770,0,1941,47.4509,-122.275,1560,11.957611286231675
4,3.5,2710,5722,2.0,0,0,4,8,2040,670,1997,47.5591,-122.302,2500,13.198398063680326
3,2.5,1260,889,3.0,0,0,3,8,1260,0,2008,47.6277,-122.345,1340,13.079455876393052
3,1.5,1350,7620,1.0,0,0,5,6,1350,0,1941,47.4565,-122.35,1350,12.259613412458204
7,4.5,4290,37607,1.5,0,0,5,10,4290,0,1982,47.4812,-122.033,2810,13.641157170819497
3,1.5,1900,9737,1.0,0,0,4,7,1200,700,1968,47.4125,-122.207,1670,12.524526376648708
3,2.75,2130,1400,2.0,0,0,3,9,1080,1050,2010,47.5661,-122.29,1880,13.17115354157376
5,3.5,5930,13288,2.0,0,2,3,11,3920,2010,1996,47.5542,-122.097,3860,14.234220892822458
7,4.0,2960,2665,2.0,0,0,3,9,1950,1010,1927,47.5835,-122.313,1970,13.657452253306
3,1.5,1150,27319,1.0,0,0,4,6,1150,0,1976,47.3933,-122.454,1700,12.788288265382837
4,3.25,4290,12103,1.0,0,3,3,11,2690,1600,1997,47.5503,-122.102,3860,14.140488415159751
3,2.0,3570,30456,1.0,0,1,3,8,2070,1500,1946,47.6413,-122.24,3570,14.603967918328545
4,1.75,2220,6731,1.0,0,0,4,7,1110,1110,1953,47.5691,-122.391,1600,13.475519939088855
2,1.0,900,13531,1.0,0,0,3,6,900,0,1979,47.2616,-122.251,1767,12.066810578196666
4,2.0,1690,3250,1.5,0,0,3,7,1550,140,1901,47.6637,-122.346,1620,13.096532617369807
3,1.75,1140,10400,1.0,0,0,4,7,1140,0,1983,47.2598,-122.311,1280,12.429216196844383
3,2.5,1790,2375,3.0,0,0,3,8,1790,0,2007,47.6726,-122.38,1450,13.416449897529104
5,2.0,2280,3600,2.0,0,0,3,7,2280,0,1992,47.6056,-122.305,1740,13.188151117942333
3,1.75,1000,8268,1.0,0,0,3,6,1000,0,1969,47.7417,-122.172,1220,12.765688433465597
3,2.5,1980,9725,2.0,0,0,3,8,1980,0,1994,47.4856,-121.802,2070,13.060487973686241
5,3.25,4240,226097,2.0,0,0,3,8,3410,830,1980,47.6472,-122.017,2980,13.00019574343012
3,2.25,2220,4060,1.0,0,0,3,7,1330,890,1993,47.5188,-122.265,1930,12.706847933442663
4,2.25,1740,9600,1.0,0,2,3,7,1160,580,1957,47.432,-122.276,1630,12.594561129431222
4,2.0,2360,7080,1.0,0,0,5,6,1180,1180,1925,47.5261,-122.376,1340,13.036805489042683
2,1.5,1450,6258,1.0,0,0,4,8,1450,0,1983,47.3785,-122.322,1460,12.409013489526863
3,1.75,3020,360241,2.0,0,0,3,8,3020,0,1992,47.2662,-122.088,1890,13.332624302887524
3,2.0,1640,13249,1.0,0,0,3,7,1640,0,1995,47.3589,-122.281,1640,12.542544882151386
4,2.5,3320,7429,2.0,0,0,3,9,3320,0,2014,47.7189,-122.225,1840,13.592304504696857
2,1.0,910,9000,1.0,0,0,3,5,910,0,1923,47.526,-121.81,1290,12.614865543731012
3,1.75,1240,8659,1.0,0,0,5,7,1240,0,1986,47.3663,-122.089,1490,12.449018824140563
4,1.75,2430,14000,1.0,0,0,4,7,1580,850,1963,47.6554,-122.134,1910,13.308012724290958
4,1.75,2180,9702,1.0,0,0,5,7,1090,1090,1962,47.4973,-122.268,2020,12.80353457595571
2,2.5,2170,6750,1.0,0,0,3,8,2170,0,2012,47.7115,-122.014,2150,13.547631112808673
3,2.25,2350,10450,1.0,0,0,3,8,1390,960,1977,47.7433,-122.259,2250,13.038981768465277
4,3.25,4100,241322,2.0,0,0,3,9,2500,1600,1981,47.7302,-122.096,3770,13.560618308335483
4,4.5,5670,84267,2.0,0,2,3,11,5670,0,2008,47.323,-122.044,4100,13.748301808270824
3,2.5,2550,6240,1.0,0,3,5,8,1750,800,1957,47.6992,-122.387,2180,13.602317337503232
2,2.5,2210,6327,1.0,0,0,3,8,2210,0,2003,47.7114,-122.03,2170,13.594863886848652
4,3.25,1860,4356,2.0,0,0,3,9,1860,0,1917,47.6785,-122.351,1860,13.781953774435431
3,2.75,1880,1793,2.0,0,0,3,7,1810,70,2001,47.5405,-122.293,1800,12.498742259492994
3,2.0,1540,7800,1.0,0,0,3,8,1540,0,2004,47.7041,-122.288,1510,13.17115354157376
4,2.5,2620,9525,2.5,0,0,4,9,2620,0,1974,47.5631,-122.219,2580,13.639250592548915
4,2.25,2370,11310,1.0,0,0,3,8,1550,820,1968,47.7684,-122.289,1890,13.309672475709322
3,2.5,1670,4308,2.0,0,0,3,8,1670,0,2001,47.5307,-122.047,1670,13.088806593875486
3,1.5,3430,264844,1.0,0,2,3,7,2230,1200,1988,47.4476,-121.723,1660,13.17020070681849
4,2.5,2720,13500,1.0,0,0,3,8,1510,1210,1969,47.6191,-122.145,2510,13.217582643985264
4,3.25,4060,13000,2.0,0,3,3,11,4060,0,2000,47.581,-122.246,3220,14.400515579904516
4,2.25,2920,17023,1.0,0,0,4,9,1690,1230,1977,47.5585,-122.134,2710,13.468785944878709
2,1.0,1250,5880,1.0,0,0,3,6,900,350,1948,47.6908,-122.391,1520,12.959844447906553
4,2.25,2670,9040,1.0,0,0,3,8,2170,500,1955,47.4666,-122.326,1880,12.736553826954605
6,4.25,5550,11547,2.0,0,2,3,11,4270,1280,2014,47.6547,-122.202,3480,14.669925886120343
4,3.0,1920,4000,1.5,0,0,4,8,1540,380,1931,47.5718,-122.385,1660,13.411294669256542
3,2.0,1960,8846,1.0,0,3,4,6,980,980,1940,47.5101,-122.246,2190,12.793859310432293
5,1.75,1720,14040,1.0,0,0,4,8,1150,570,1956,47.7365,-122.339,1750,13.01477816672439
5,2.75,2710,4136,2.0,0,0,3,8,2710,0,2014,47.4786,-122.123,2590,13.153484066062118
4,2.5,1840,1562,2.0,0,0,3,7,1400,440,2004,47.5345,-122.364,1840,12.524526376648708
3,2.75,2340,8828,1.0,0,0,4,9,2340,0,1954,47.632,-122.289,3480,14.26531147989249
6,3.0,2480,9720,2.0,0,0,3,8,2480,0,1972,47.6127,-122.145,2480,13.407542319637992
4,1.0,1370,41194,1.5,0,2,5,5,1370,0,1900,47.2716,-122.144,1590,12.450977688625896
3,1.0,940,19000,1.0,0,0,3,6,940,0,1945,47.5828,-122.19,2280,13.304684934198283
4,2.25,2920,20400,1.0,0,0,4,11,2920,0,1966,47.6237,-122.228,3080,14.316285845876763
4,2.75,1680,9545,1.0,0,0,4,7,1080,600,1979,47.739,-122.243,1890,12.959844447906553
4,2.75,3770,24897,2.0,0,2,4,8,2550,1220,1964,47.5824,-122.078,2640,13.753635154246187
5,2.25,2540,3750,1.5,0,0,4,7,1510,1030,1925,47.6729,-122.299,1780,13.399995114002609
5,2.75,3490,8230,2.0,0,0,3,10,3490,0,2005,47.5825,-121.97,3480,13.539757056377766
2,1.0,870,11100,1.0,0,0,3,6,870,0,1940,47.5038,-122.364,1370,12.363076394339839
3,1.5,1360,10726,1.0,0,0,4,7,1360,0,1966,47.4948,-122.134,1650,12.821258284620408
3,2.25,2400,12350,1.0,0,0,4,8,1420,980,1968,47.6533,-122.192,2615,13.466860471410342
4,2.5,2900,23488,2.0,0,0,3,9,2900,0,1992,47.6726,-122.03,2900,13.444446876573442
6,3.25,3140,14923,2.0,0,0,3,10,3140,0,1991,47.5411,-122.133,2980,13.738467513465961
3,2.5,1700,4125,2.0,0,0,3,7,1700,0,2004,47.5305,-121.854,1970,12.90669184092882
3,2.5,2130,3500,1.0,0,0,4,8,1210,920,1994,47.736,-122.159,2030,13.189348902184951
4,2.5,1750,8476,1.0,0,0,4,7,1240,510,1983,47.4447,-122.137,1660,12.721885810807203
2,1.5,1160,1438,2.0,0,0,3,7,1160,0,2001,47.5917,-122.295,1220,12.736700896592344
3,2.25,1180,14258,2.0,0,0,3,7,1180,0,1987,47.7112,-122.238,1860,12.89921982609012
4,3.0,2120,3600,2.0,0,3,4,8,1830,290,1908,47.6344,-122.369,2120,14.093142294562554
6,2.5,2680,11250,1.0,0,0,5,7,1340,1340,1967,47.6553,-122.19,2200,13.45597438174451
3,2.5,2410,64073,1.0,0,0,4,8,1820,590,1976,47.7457,-122.141,2980,13.345506928718539
5,2.75,2910,85377,1.0,0,0,4,8,1510,1400,1966,47.48,-122.03,2160,13.345506928718539
4,1.0,1530,7200,1.5,0,0,3,7,1400,130,1948,47.5015,-122.262,1530,12.409013489526863
3,2.0,1250,7995,1.0,0,0,4,7,1250,0,1980,47.3684,-122.092,1540,12.245293358683455
4,2.75,1750,5080,1.5,0,0,3,8,1750,0,1903,47.6143,-122.305,1700,13.527828485512494
4,2.25,2550,9736,1.0,0,0,4,8,2550,0,1967,47.3193,-122.212,1770,12.66032791780777
2,1.0,1040,5527,1.0,0,0,3,7,1040,0,1951,47.6774,-122.284,2080,13.190022025878143
4,4.0,2630,59586,1.0,0,0,3,7,1470,1160,1963,47.4496,-122.209,2230,13.35506114152335
3,1.75,1480,8163,1.0,0,0,3,7,1040,440,1953,47.638,-122.206,2170,13.670484785914017
4,2.75,2630,15000,1.0,0,0,4,7,1690,940,1976,47.7425,-122.089,1800,13.122363377404328
3,0.75,1240,7200,1.0,0,0,3,7,1240,0,1947,47.7298,-122.342,1210,12.771386454580234
2,1.0,1000,7615,1.0,0,0,4,6,1000,0,1943,47.49,-122.191,1060,12.352335152508426
4,2.75,2810,5497,2.0,0,0,3,9,2810,0,2011,47.7081,-122.116,2990,13.527828485512494
5,3.75,4220,15959,2.0,0,0,3,11,4220,0,2004,47.5869,-121.967,4630,13.968231644981937
4,3.25,4750,62365,2.0,0,0,3,11,4750,0,1988,47.7149,-122.099,3300,13.931068898598546
3,2.0,1160,10079,1.0,0,0,3,7,1160,0,1986,47.7341,-121.976,1130,12.661913960963405
4,2.25,2190,3746,2.0,0,0,3,8,2190,0,2005,47.3896,-122.034,2200,12.591335046320818
3,1.75,1660,5750,1.0,0,0,4,7,1080,580,1909,47.5843,-122.385,2060,13.42984807715229
4,3.5,2720,9000,2.0,0,0,3,8,2670,50,1997,47.7034,-122.297,1960,13.471681324889492
3,2.5,1650,2802,2.0,0,0,3,7,1650,0,2004,47.4328,-122.196,1490,12.429216196844383
4,1.75,2240,9886,1.5,0,0,4,7,2240,0,1965,47.6294,-122.116,1540,13.122363377404328
3,2.0,1140,6000,1.0,0,0,3,7,1140,0,1909,47.637,-122.355,1260,13.399995114002609
3,3.0,2800,5800,1.0,0,0,3,9,1580,1220,1953,47.6493,-122.413,2580,13.843125724997247
4,2.0,2060,5000,1.0,0,0,3,7,1030,1030,1949,47.6992,-122.379,1280,13.32530422140102
3,2.25,1280,959,3.0,0,0,3,8,1280,0,2005,47.6914,-122.343,1130,12.779873068457553
2,1.0,820,3844,1.0,0,0,4,6,820,0,1916,47.7049,-122.349,1520,12.611537753638338
3,2.0,1290,7372,1.0,0,0,5,7,1290,0,1990,47.3658,-122.085,1290,12.441144767709657
3,2.0,2060,7000,1.0,0,0,4,9,2060,0,1988,47.5644,-122.012,2110,13.260384675301703
4,2.25,2240,8322,2.0,0,0,3,8,2240,0,1979,47.728,-122.206,2240,13.085699393032737
3,2.25,1520,1464,2.0,0,0,3,8,1240,280,2010,47.543,-122.375,1710,12.84792653170257
4,2.5,1990,8034,2.0,0,0,4,10,1990,0,1989,47.561,-122.018,2580,13.367659733359671
3,1.75,1320,35100,1.0,0,0,3,7,1320,0,1990,47.312,-122.129,1660,12.556729517143344
3,1.0,1010,6000,1.5,0,0,3,7,1010,0,1919,47.6438,-122.357,1960,13.363111062666896
4,2.5,2770,8642,2.0,0,0,4,9,2770,0,1987,47.6599,-122.146,2670,13.718448845121143
4,2.5,2550,6382,2.0,0,0,3,7,2550,0,2007,47.5202,-121.87,2430,13.106233995474446
3,1.0,1610,8500,1.5,0,0,3,7,1610,0,1959,47.3717,-122.297,1070,12.100712129872347
4,2.5,2190,17600,1.0,0,0,4,7,1110,1080,1966,47.4712,-122.112,1820,12.821258284620408
3,2.25,1530,6600,1.0,0,0,4,7,1240,290,1968,47.462,-122.188,1500,12.729320789294722
5,3.5,3500,10794,2.0,0,0,3,10,3500,0,1996,47.5887,-121.974,3110,13.610943392223
4,2.5,2230,12753,1.0,0,0,4,7,1180,1050,1981,47.6297,-122.033,1860,13.304684934198283
4,3.5,2350,13402,2.0,0,3,3,8,1670,680,1994,47.6947,-122.19,2250,13.39239051461739
2,1.0,780,6685,1.0,0,0,4,5,780,0,1948,47.305,-122.215,880,11.813030057420567
3,2.0,1670,4441,1.0,0,0,3,7,1670,0,2014,47.1948,-121.975,1670,12.455675053584864
3,1.5,1310,9273,1.0,0,0,4,7,1310,0,1968,47.3683,-122.147,1710,12.310432660854417
4,2.5,2590,9354,2.0,0,0,4,9,2590,0,1993,47.7703,-122.193,2730,13.122363377404328
4,2.0,1200,8470,1.0,0,0,4,7,1200,0,1961,47.3262,-122.338,1110,12.314927050442256
4,1.75,1690,4080,1.0,0,0,4,7,870,820,1984,47.572,-122.289,1320,12.86099861326992
2,1.5,1430,1650,3.0,0,0,3,7,1430,0,1999,47.7222,-122.29,1430,12.601487417784837
4,2.75,3150,7379,1.5,0,0,4,7,2430,720,1915,47.6968,-122.3,1990,13.369223455335854
7,5.75,3700,7647,2.0,0,1,3,8,3700,0,1948,47.7393,-122.289,2510,13.199324418540456
3,2.0,2440,13250,1.0,0,0,4,8,1440,1000,1977,47.375,-122.227,2400,12.65075846679162
4,3.5,3180,4869,2.0,0,0,3,8,2390,790,2007,47.4482,-122.206,2850,12.994530005894443
4,2.75,2720,54048,2.0,0,0,3,8,2720,0,1985,47.7181,-122.089,2580,13.42984807715229
4,2.5,2130,4000,2.0,0,0,3,8,2130,0,2014,47.5108,-122.362,1830,12.8790171187726
2,1.0,950,3090,1.0,0,0,4,6,950,0,1909,47.551,-122.276,1230,12.706847933442663
3,2.75,2610,5000,2.0,0,0,4,7,1710,900,1946,47.6729,-122.373,1500,13.317930160948304
4,2.75,3120,34040,2.0,0,0,3,9,3120,0,1997,47.3431,-122.03,2420,13.329377546788654
4,1.75,1700,8640,1.0,0,0,3,7,850,850,1955,47.5772,-122.153,1620,12.84397135185964
3,2.0,1640,8395,1.0,0,0,4,7,1640,0,1991,47.348,-122.035,1510,12.504323669331189
5,2.0,1900,5000,1.0,0,2,3,8,1720,180,1957,47.6735,-122.362,1770,13.353475098367715
4,2.5,4020,44431,2.0,0,0,3,10,4020,0,1987,47.7467,-122.132,3440,13.614617615584883
3,1.75,1720,223377,1.0,0,0,3,7,1240,480,1950,47.7329,-121.92,2530,12.994416363073707
3,1.5,1610,9964,1.0,0,0,3,7,1080,530,1977,47.6681,-122.143,1610,13.149978544437301
4,2.5,3560,8960,2.0,0,0,3,10,3560,0,2001,47.6903,-122.213,1660,14.125932117385544
3,1.0,1020,4980,1.0,0,0,4,7,850,170,1941,47.7039,-122.34,970,12.765688433465597
3,2.5,2185,6042,2.0,0,0,3,9,2185,0,2009,47.3573,-122.202,2297,12.832011076396668
3,2.5,2740,7980,2.0,0,0,4,7,2740,0,1964,47.473,-122.3,1470,12.464583340681674
5,4.0,2980,4500,1.5,0,0,3,7,2070,910,1921,47.6736,-122.323,1560,13.644128941208654
4,3.75,3450,4940,2.0,0,0,3,10,2570,880,2006,47.692,-122.338,1880,13.805460222110773
3,1.0,1020,7874,1.0,0,0,3,7,1020,0,1956,47.5175,-122.346,1290,12.292250341771226
4,2.5,2130,9100,1.0,0,0,3,8,1290,840,1978,47.3815,-122.169,1770,12.301382825334498
5,2.5,2040,9597,1.0,0,0,4,7,1240,800,1963,47.6544,-122.134,1800,13.081541382884074
1,2.5,1820,3008,2.0,0,0,3,7,1090,730,1910,47.6529,-122.339,1860,13.42984807715229
3,2.5,1680,15711,1.0,0,0,3,7,1240,440,1994,47.423,-122.171,1420,12.54966234992025
3,2.25,1360,9600,2.0,0,0,3,7,1360,0,1992,47.4687,-121.749,1200,12.542544882151386
3,2.5,2100,4097,2.0,0,0,3,9,2100,0,2008,47.5983,-122.2,1820,13.805864180912469
4,2.5,2870,6658,2.0,0,0,3,8,2870,0,2004,47.5394,-121.878,2770,13.242809530480196
3,2.5,1730,3600,2.0,0,0,3,8,1730,0,2014,47.5014,-122.34,2030,12.70618104445496
3,1.75,1560,21000,1.0,0,0,3,7,1560,0,1954,47.4776,-122.337,1070,12.556729517143344
3,1.0,1030,8400,1.0,0,0,4,7,1030,0,1963,47.5364,-122.173,1270,12.965007566628122
3,1.75,1260,11224,1.0,0,0,5,7,1260,0,1947,47.7444,-122.321,1570,12.834681304952548
3,2.25,1970,4564,1.0,0,0,3,8,1470,500,1959,47.6703,-122.41,1980,13.345506928718539
3,1.75,3320,478288,1.5,0,3,4,8,2260,1060,1933,47.2407,-121.953,2960,13.410545324897761
4,2.5,2020,4350,2.0,0,0,5,9,1730,290,1943,47.6503,-122.41,1620,13.226234985188736
2,2.0,1615,4590,1.5,0,0,5,8,1615,0,1906,47.6886,-122.348,1470,13.407542319637992
4,2.5,2910,4680,1.5,0,0,5,9,1850,1060,1937,47.6745,-122.31,1960,13.758940206475879
2,1.5,1440,11954,1.0,0,0,4,8,1440,0,1978,47.2909,-122.219,1460,12.706847933442663
4,2.5,2140,7095,2.0,0,0,3,8,2140,0,1992,47.3528,-122.057,1600,12.765688433465597
4,3.0,2710,217800,2.5,0,0,3,9,2710,0,2006,47.2411,-121.932,2710,13.253391639810733
4,2.5,3460,9699,2.0,0,0,3,10,3460,0,1987,47.637,-122.04,3140,13.523150895961383
3,3.5,1280,1257,2.0,0,0,3,8,1040,240,2000,47.6721,-122.374,1280,13.060487973686241
3,1.0,960,5264,1.0,0,0,3,7,960,0,1953,47.6805,-122.301,1140,12.91410843858387
4,3.5,4730,13586,1.5,0,0,5,10,4270,460,1935,47.6319,-122.288,3710,14.713026134512095
3,2.25,1610,7084,1.0,0,0,4,8,1280,330,1968,47.3146,-122.384,2170,12.292250341771226
4,2.5,2870,5118,2.0,0,0,3,9,2870,0,2006,47.5544,-121.99,2940,13.493926933836812
3,2.5,1640,7847,2.0,0,0,3,8,1640,0,1987,47.5684,-122.018,1870,13.081541382884074
3,2.25,2110,11319,2.0,0,0,4,8,2110,0,1978,47.742,-122.105,1860,13.079455876393052
3,1.75,2200,8036,1.0,0,0,3,7,1270,930,1978,47.7763,-122.209,1850,12.873902018105829
4,3.75,4490,34982,2.0,0,0,3,12,4490,0,1998,47.6406,-122.156,4470,14.334304351379442
4,2.5,2500,5264,2.0,0,0,3,7,2500,0,2003,47.3853,-122.028,1960,12.72635342806692
3,2.25,2150,9900,1.0,0,0,3,8,1450,700,1977,47.6647,-122.149,2170,13.034624463096321
2,1.0,1350,10096,1.0,0,2,4,7,1350,0,1952,47.4967,-121.778,1280,12.531411709159054
2,1.5,1080,6760,1.0,0,2,3,6,1080,0,1923,47.7008,-122.386,2080,12.994530005894443
4,2.75,2890,46609,2.0,0,0,4,9,2890,0,1981,47.7454,-122.061,2880,13.39239051461739
4,2.5,2950,48351,2.0,0,0,3,10,2950,0,1986,47.5938,-122.048,2870,13.635187003832993
3,1.75,1520,8835,1.0,0,0,4,7,1520,0,1957,47.6054,-122.118,1760,13.17115354157376
4,2.75,2650,6717,2.0,0,0,3,10,2650,0,2014,47.4947,-122.171,2740,13.208541073645382
3,1.75,1850,16863,1.0,0,0,4,7,1280,570,1980,47.7166,-122.225,1790,13.005829561148378
3,2.25,1170,1249,3.0,0,0,3,8,1170,0,2014,47.6722,-122.381,1350,13.161487932088379
2,1.0,910,4635,1.0,0,0,4,6,910,0,1905,47.675,-122.393,1740,12.959844447906553
2,2.25,1260,1240,3.0,0,0,3,8,1260,0,2004,47.6531,-122.352,1330,13.091904169919621
5,2.25,1820,10500,1.0,0,0,4,7,1080,740,1979,47.4058,-122.177,1820,12.524526376648708
3,1.0,1610,7680,1.0,0,0,3,6,900,710,1956,47.6038,-122.303,1940,13.480037821676145
4,1.75,1560,7200,1.0,0,0,3,6,860,700,1943,47.7001,-122.279,1420,13.038981768465277
3,2.5,2770,8820,1.0,0,0,3,7,1900,870,1980,47.3685,-122.048,1850,12.873902018105829
3,1.0,910,7686,1.0,0,0,3,7,910,0,1969,47.3405,-122.288,1020,12.037653993905211
3,2.5,2580,8154,1.0,0,0,3,10,2090,490,1956,47.7259,-122.361,1660,13.457406021215947
3,2.5,2400,9601,1.0,0,0,5,7,1390,1010,1977,47.7256,-122.211,2010,13.132313708257497
4,2.25,2520,2370,2.0,0,0,3,8,1690,830,1908,47.6109,-122.303,1530,13.081541382884074
3,2.0,1490,9285,1.0,0,0,3,8,1490,0,1995,47.3248,-122.169,2040,12.577632753680849
2,1.0,1760,5250,1.0,0,2,4,7,1000,760,1951,47.5577,-122.379,1760,13.102160670086809
5,3.5,2880,3750,2.0,0,2,3,8,2270,610,2001,47.5905,-122.292,2060,13.62918097977278
5,3.0,3480,15185,2.0,0,0,4,8,3480,0,1964,47.5757,-122.216,3030,13.785051350479566
5,4.0,1680,7268,1.0,0,0,3,8,1370,310,2008,47.5571,-122.356,2040,13.208541073645382
4,2.5,2390,5021,2.0,0,0,3,7,2390,0,2002,47.5353,-121.879,2520,12.959844447906553
3,2.5,2140,9897,1.0,0,0,4,8,2140,0,1959,47.5505,-122.219,2680,13.591116224748411
2,1.0,740,6840,1.0,0,0,3,6,740,0,1942,47.5168,-122.373,740,11.711776323715394
4,2.5,2170,19785,2.0,0,0,3,8,2170,0,1992,47.4034,-122.167,2280,12.736700896592344
4,2.5,3090,12511,2.0,0,0,4,10,3090,0,1998,47.5932,-121.983,3100,13.567049198665774
4,3.0,3520,128502,2.0,0,2,4,10,3520,0,1981,47.7448,-122.117,3260,14.148404973237604
3,1.75,2130,20423,1.0,0,0,3,9,2130,0,1953,47.6339,-122.192,2370,13.411294669256542
4,2.5,2430,11870,1.0,0,0,5,8,1590,840,1968,47.7761,-122.285,2430,13.312983737012978
4,2.5,2480,91911,1.0,0,2,4,7,1470,1010,1973,47.4579,-121.981,2540,13.112313041550827
4,2.0,1650,7200,1.0,0,0,3,7,1650,0,1964,47.7543,-122.344,1410,12.594730635321957
3,2.0,1390,5127,1.0,0,0,3,8,1390,0,1990,47.4504,-122.206,1960,12.604680966175126
4,2.25,1830,8734,2.0,0,0,4,7,1830,0,1991,47.3679,-122.179,1870,12.560244459250788
2,1.0,870,3121,1.0,0,0,4,7,870,0,1923,47.6659,-122.369,1570,12.886641043883259
5,1.0,2150,262231,1.5,0,0,3,7,2150,0,1900,47.5519,-121.803,1460,13.217673557208654
3,1.0,1590,4080,1.5,0,0,3,7,1590,0,1922,47.662,-122.326,1570,13.353475098367715
3,3.25,1510,2064,2.0,0,0,3,8,1220,290,2008,47.6398,-122.345,1670,13.422467969854667
2,1.0,870,5000,1.0,0,0,3,6,870,0,1949,47.5186,-122.375,820,12.367340793126296
4,2.5,1710,9627,1.0,0,0,3,9,1440,270,1976,47.559,-122.164,2140,13.526494262499357
5,1.5,1720,4000,1.5,0,0,3,7,1520,200,1925,47.6197,-122.287,2280,13.434250138552928
5,3.0,2960,15152,2.0,0,0,3,9,2960,0,2004,47.6689,-122.179,1850,13.681979165339751
3,1.0,1100,5100,1.0,0,0,4,7,1100,0,1913,47.5231,-122.332,1450,11.77528972943772
3,2.5,2480,7428,2.0,0,0,3,9,2480,0,1990,47.5489,-122.185,2600,13.499429010990795
2,1.0,1060,4000,1.0,0,0,4,7,1060,0,1910,47.6731,-122.315,1770,13.253391639810733
4,2.5,2730,4526,2.0,0,0,3,7,2730,0,2009,47.491,-122.153,2190,12.994530005894443
5,2.5,2450,20805,2.0,0,0,4,9,2450,0,1963,47.6275,-122.227,3020,14.253765488895429
4,2.5,3430,7508,2.0,0,0,3,10,3430,0,1998,47.6866,-122.11,3110,13.608486388529947
4,2.5,2660,3672,2.0,0,0,5,8,1800,860,1910,47.6609,-122.324,1510,13.710150042306449
3,1.75,2330,6000,1.5,0,0,4,7,1630,700,1940,47.5765,-122.378,1600,13.312983737012978
4,2.25,1950,9800,1.0,0,0,3,8,1330,620,1968,47.666,-122.178,2170,13.235692062711331
3,1.0,1600,5000,1.5,0,0,3,7,1110,490,1947,47.655,-122.358,1380,13.217673557208654
2,2.5,1150,1027,3.0,0,0,3,8,1150,0,2008,47.6534,-122.356,1360,12.959844447906553
4,2.5,3180,20870,2.0,0,0,3,8,2120,1060,1967,47.7176,-122.241,2700,13.16733674304706
3,1.5,1890,9450,1.0,0,0,3,7,1090,800,1957,47.4829,-122.341,1470,12.506177237980511
3,1.75,1790,7679,1.0,0,0,4,7,1790,0,1953,47.7442,-122.338,1560,12.853175887588712
3,4.0,4160,31796,2.0,0,0,3,11,4160,0,1989,47.6635,-122.017,4300,13.919870573288517
4,2.0,1660,4788,1.0,0,0,3,7,1660,0,1968,47.5878,-122.312,1150,12.577636201962656
2,2.5,2160,5581,1.0,0,0,3,8,2160,0,2002,47.7017,-122.023,2315,13.480037821676145
4,2.5,4150,8436,2.0,0,0,3,10,4150,0,2014,47.5802,-122.039,4070,13.785041041148075
4,1.5,1370,9750,1.0,0,0,3,7,1070,300,1953,47.4718,-122.323,1540,12.598114733306197
3,1.0,1480,4200,1.5,0,0,3,7,1480,0,1925,47.6147,-122.298,1460,12.965709567358951
2,2.0,1430,3880,1.0,0,0,4,7,1430,0,1949,47.6844,-122.392,1430,13.208541073645382
2,2.5,2830,8630,2.0,0,0,3,10,2830,0,2001,47.6481,-122.081,3190,13.58609739363647
3,3.25,5480,57990,2.0,1,4,3,11,5480,0,1991,47.4558,-122.371,2500,14.735793311107967
3,2.5,2720,8622,2.0,0,0,3,8,2720,0,2002,47.4954,-122.163,1950,12.948009990259552
3,1.75,1440,11364,1.0,0,0,3,7,1440,0,1985,47.743,-122.328,1950,12.727838209334498
4,1.75,2860,48351,1.0,0,0,3,8,1710,1150,1978,47.7605,-122.085,2460,13.180632285528304
6,2.75,4710,11000,2.0,0,3,3,10,3690,1020,1931,47.6622,-122.272,2950,14.594835434765272
4,2.25,3070,16028,1.0,0,3,3,9,1870,1200,1976,47.5271,-122.228,3070,14.018451401960965
3,2.5,2990,10711,1.0,1,4,3,9,1560,1430,1976,47.3573,-122.324,2870,13.617059619240436
2,1.0,980,3915,1.0,0,0,4,7,980,0,1919,47.5589,-122.29,1425,12.834681304952548
2,1.0,770,8149,1.0,0,0,3,6,770,0,1948,47.7458,-122.298,1160,12.531772785169476
3,1.0,1250,7300,1.0,0,0,4,7,1250,0,1956,47.6032,-122.125,1540,12.86099861326992
3,2.75,3360,41250,1.0,0,0,4,7,1820,1540,1988,47.2604,-122.023,2580,12.70684490313504
3,1.75,1150,6600,1.5,0,0,4,6,1150,0,1970,47.6709,-122.185,1530,12.821258284620408
3,1.75,1420,8250,1.0,0,0,4,7,1420,0,1960,47.6112,-122.133,2020,13.038981768465277
3,1.0,1550,8778,1.0,0,0,3,7,1250,300,1952,47.5413,-122.281,2120,12.608198852372823
4,2.5,3230,40319,2.0,0,0,4,10,3230,0,1987,47.4856,-122.069,2990,13.457406021215947
3,2.5,1730,4924,2.0,0,0,3,8,1730,0,1996,47.5672,-122.005,1610,13.082957047025236
3,1.5,1010,1546,2.0,0,0,3,8,1010,0,1971,47.5998,-122.311,1010,12.785488259637404
3,2.25,1800,10500,2.0,0,0,3,7,1800,0,1995,47.3879,-122.032,1870,12.714395139078047
4,1.0,1960,94525,1.5,0,0,3,6,1960,0,1979,47.5418,-121.962,2430,12.823957341589573
3,3.25,1530,1565,2.0,0,0,3,8,1280,250,2005,47.6179,-122.312,1530,13.390862630439337
3,2.5,2780,33503,1.5,0,1,4,8,2110,670,1969,47.5844,-122.081,3150,13.946538820370678
3,1.5,1730,9509,2.0,0,0,3,8,1270,460,1955,47.7067,-122.282,1810,13.241034907121827
2,1.0,1060,3040,1.0,0,0,3,7,860,200,1924,47.6725,-122.329,1470,13.081541382884074
4,2.75,2080,4000,1.5,0,0,3,8,2080,0,1912,47.6737,-122.358,1730,13.753635154246187
4,2.5,2100,3125,2.0,0,2,3,7,1400,700,1907,47.6634,-122.358,2060,13.296316684527767
5,1.0,1590,5000,1.5,0,0,3,7,1190,400,1929,47.5752,-122.381,1590,13.15773052124162
2,1.0,900,9260,1.0,0,0,3,7,900,0,1946,47.6695,-122.36,1230,13.114331205707064
4,2.75,1910,11356,1.0,0,0,5,7,1160,750,1977,47.6999,-122.2,1770,13.353633815930147
3,2.0,1550,8300,1.0,0,0,4,8,1550,0,1965,47.4654,-122.195,1860,12.611537753638338
3,2.5,1790,3078,2.0,0,0,3,8,1790,0,2010,47.5638,-122.094,1890,13.180632285528304
2,1.0,720,7500,1.0,0,2,3,6,720,0,1925,47.5185,-122.392,1390,13.010313873595706
5,4.5,3820,5750,2.0,0,3,3,9,2830,990,2000,47.5581,-122.385,1750,13.732128949025222
4,2.25,1960,14834,1.0,0,0,4,8,1330,630,1976,47.7434,-122.095,1540,13.068962600677214
3,1.75,1340,13115,1.0,0,0,3,7,1340,0,1978,47.5021,-121.77,1370,12.712890247898626
6,2.0,1870,6969,1.0,0,0,4,7,1870,0,1968,47.5342,-122.036,1500,12.84792653170257
3,1.75,1100,9750,1.0,0,0,4,6,1100,0,1967,47.2955,-122.362,1100,12.26434155365415
4,1.75,2550,8976,1.0,0,0,5,7,1300,1250,1978,47.4286,-122.179,2220,12.703661042514144
3,1.75,2710,9088,1.0,0,0,4,7,2060,650,1965,47.3073,-122.272,1690,12.535376392672774
3,2.0,1240,14404,1.0,0,0,3,7,1240,0,1988,47.6614,-122.06,1350,12.911642346088676
4,2.5,2080,5650,1.0,0,0,3,7,1680,400,1950,47.5107,-122.257,1270,12.66032791780777
4,2.5,3370,7200,2.0,0,0,3,8,3370,0,2014,47.7698,-122.384,1880,13.698976741708323
3,1.5,2040,3960,2.0,0,2,5,8,2040,0,1928,47.6658,-122.355,1540,13.661776458022231
3,1.75,1570,15330,1.0,0,0,3,7,1080,490,1956,47.4608,-122.34,1250,12.013397676656728
3,1.0,1150,2496,1.0,0,0,3,6,1010,140,1947,47.5194,-122.376,1340,12.733755386362587
5,2.75,3710,13874,1.5,0,3,4,9,2340,1370,1977,47.5686,-122.154,3370,14.038654109278484
2,2.5,1410,1281,2.0,0,0,3,8,1090,320,2008,47.5659,-122.37,1410,12.89921982609012
4,2.5,3200,7545,2.0,0,0,3,7,3200,0,2003,47.3666,-122.03,2840,12.899094818276968
3,1.0,1290,4720,1.0,0,0,3,6,790,500,1948,47.5186,-122.358,1110,12.4529327234617
2,1.0,930,5760,1.0,0,0,3,6,730,200,1917,47.5598,-122.266,1970,13.08049917330563
4,2.75,2170,5988,2.0,0,0,3,8,2170,0,2014,47.7484,-122.317,1170,13.219490088135052
3,1.0,1070,6164,1.0,0,0,3,7,1070,0,1967,47.3377,-122.291,1320,12.072541252905651
5,2.5,2900,9525,2.0,0,0,3,9,2900,0,1989,47.5442,-122.138,2910,13.487006490992238
3,1.75,2000,7480,1.0,0,0,3,8,1320,680,1972,47.7734,-122.359,2000,12.92391243868049
5,3.0,3290,14134,1.0,0,0,3,7,1870,1420,2004,47.6708,-122.14,1970,13.45166712454693
3,3.25,4220,41300,1.0,1,4,4,11,2460,1760,1958,47.6083,-122.11,3810,15.009433026436708
4,2.5,2170,8518,1.0,0,3,3,7,1350,820,1955,47.5073,-122.234,1880,12.936033799212835
2,1.0,1730,9610,1.0,0,0,3,7,1380,350,1962,47.2956,-122.285,1310,12.206072645530174
4,2.25,2130,11843,2.0,0,0,4,9,2130,0,1972,47.5358,-122.225,2380,13.652991628466498
3,1.75,1540,7490,1.0,0,0,5,7,1540,0,1971,47.7222,-122.177,1270,13.017002861746503
3,2.25,1550,5511,2.0,0,0,3,8,1550,0,1987,47.6946,-122.185,1620,13.08365373363284
4,2.5,3190,14565,2.0,0,0,3,11,3190,0,1990,47.713,-122.072,3420,13.66701054964583
3,2.5,4040,147856,2.0,0,0,3,9,4040,0,2004,47.2711,-122.067,3000,13.541073712262515
3,3.0,2360,2750,2.0,0,1,3,7,1780,580,1983,47.7142,-122.281,1970,13.11835535600679
3,1.75,1440,8050,1.0,0,0,3,8,1440,0,1985,47.3187,-122.39,1790,12.464390271852038
3,2.25,1570,7187,1.0,0,0,4,8,1170,400,1980,47.7604,-122.356,1660,13.073173133213556
4,2.5,1620,219542,2.0,0,0,3,7,1620,0,1980,47.4014,-122.069,2240,12.80765263256463
2,1.0,833,143947,1.0,0,0,3,5,833,0,2006,47.3889,-122.482,1380,13.15683050244657
2,1.0,1090,5265,1.5,0,0,4,7,1090,0,1947,47.6638,-122.292,2080,13.265597545490236
4,1.0,1600,10183,1.0,0,0,4,6,1600,0,1966,47.277,-122.211,1410,11.950857763215895
3,2.5,1330,2180,3.0,0,0,3,8,1330,0,2014,47.6987,-122.365,1330,13.199231821660906
4,3.75,2890,4164,2.0,0,0,3,9,2240,650,2013,47.676,-122.197,2354,13.9108207377686
4,2.75,2740,7872,2.0,0,0,3,10,2740,0,2015,47.4954,-122.172,1220,13.180632285528304
4,2.5,2630,6326,2.0,0,0,3,9,2630,0,2008,47.5222,-121.874,3240,13.287029998959563
3,2.5,1770,3993,2.0,0,0,3,8,1770,0,1999,47.6027,-122.02,1820,12.948009990259552
3,2.0,1730,12821,1.0,0,0,3,8,1730,0,1994,47.353,-122.272,1980,12.654277907314498
3,2.5,1670,2575,2.0,0,0,3,8,1670,0,2000,47.531,-122.047,1670,13.122363377404328
3,1.75,1750,12325,1.0,0,0,4,7,1470,280,1968,47.6832,-122.118,1820,13.120361374733656
4,2.5,2510,5436,2.0,0,0,3,8,2510,0,2011,47.6894,-122.016,2520,13.467370516475379
3,2.5,1550,930,2.0,0,0,3,8,1060,490,2006,47.5857,-122.314,1550,13.005829561148378
4,2.75,1910,7210,1.0,0,0,4,7,1430,480,1980,47.3693,-122.169,1750,12.206072645530174
3,2.25,1470,9140,2.0,0,2,3,7,1470,0,1982,47.7162,-122.349,1400,12.837344422372032
4,2.5,3290,6628,2.0,0,0,3,9,3290,0,2003,47.5994,-121.975,3240,13.480037821676145
1,1.0,560,4120,1.0,0,0,3,4,560,0,1947,47.5335,-122.348,980,11.407564949312402
3,1.75,2320,7875,1.0,0,0,3,8,1620,700,1967,47.4524,-122.146,1990,12.80712646676642
3,1.0,1240,7194,1.0,0,0,3,6,1090,150,1936,47.7636,-122.202,2090,12.644327576461329
3,1.5,1130,7200,1.0,0,0,3,7,1130,0,1954,47.5041,-122.253,1130,12.542562739134807
3,1.0,1050,7500,1.0,0,0,3,6,1050,0,1900,47.5473,-122.396,1380,12.994530005894443
3,1.0,1000,4080,1.0,0,0,4,7,740,260,1945,47.5351,-122.381,1480,12.7868906411162
6,3.25,4250,23326,1.0,0,3,3,10,2150,2100,1967,47.34,-122.327,3370,13.049792684569493
2,1.0,880,6650,1.0,0,0,5,6,880,0,1918,47.6914,-122.372,1250,12.9384405392434
4,2.5,2660,35010,2.0,0,2,3,9,2660,0,1993,47.4816,-121.714,2330,13.287877815881902
4,2.25,2110,12653,2.0,0,0,4,8,2110,0,1972,47.536,-122.225,2350,13.623138665316818
2,2.0,970,9750,1.0,0,0,5,6,970,0,1940,47.5073,-122.372,1850,12.621488084491506
3,1.75,2210,7920,1.0,0,0,3,7,1400,810,1966,47.4968,-122.237,2220,12.745485726148077
4,3.0,2020,4300,1.5,0,0,3,6,2020,0,1900,47.6653,-122.372,1290,13.244581010128577
3,1.0,960,7200,1.0,0,0,4,6,960,0,1958,47.4583,-122.353,1060,12.2783933071098
4,3.0,3680,35736,1.5,0,0,4,8,2320,1360,1970,47.4703,-122.015,3210,13.296316684527767
2,1.5,1090,4013,1.5,0,0,3,7,1090,0,1900,47.6652,-122.338,1390,12.971540487669746
3,2.25,1560,12000,1.0,0,0,4,7,1110,450,1968,47.7256,-122.166,2190,13.105217218569358
4,2.5,1800,7620,2.0,0,0,3,8,1800,0,1995,47.4346,-122.201,1800,12.762827201184564
3,1.75,1460,7800,1.0,0,0,2,7,1040,420,1979,47.3035,-122.382,1310,12.358793732547838
3,3.0,4040,14338,2.0,0,0,3,10,3030,1010,1986,47.7268,-122.06,3360,13.764217263576723
3,2.5,2200,20000,1.0,0,1,3,7,1400,800,1952,47.5809,-122.191,3050,13.9108207377686
3,3.75,2780,5002,2.0,0,0,3,10,2780,0,1999,47.5939,-122.15,3110,13.610943392223
4,2.0,1810,42981,1.0,0,0,4,7,1810,0,1973,47.5597,-121.85,1980,12.594730635321957
3,1.75,1930,36210,1.0,0,0,3,8,1930,0,1977,47.7692,-122.128,1930,13.253391639810733
3,2.5,2050,4976,2.0,0,0,3,8,2050,0,1994,47.5689,-121.995,2050,13.19095616886994
4,1.75,1920,6000,1.0,0,0,4,7,960,960,1954,47.7137,-122.315,1850,13.028052697933088
4,3.0,1960,5160,1.0,0,0,3,7,1170,790,2001,47.5313,-122.36,1960,12.531772785169476
4,2.25,3490,8400,1.5,0,0,4,8,3490,0,1976,47.4513,-122.128,2320,13.016891744462095
3,1.75,1870,7500,1.0,0,0,5,8,1320,550,1978,47.4428,-122.134,1870,12.751154757974255
5,3.25,3080,13394,1.0,0,2,4,9,2230,850,1968,47.6651,-122.19,2810,13.933293593620657
4,2.5,2390,5249,2.0,0,0,3,9,2390,0,2006,47.6194,-122.026,2600,13.422467969854667
3,3.0,1390,1080,2.0,0,0,3,7,1140,250,2006,47.5323,-122.281,1450,12.524526376648708
4,2.0,2040,5050,1.0,0,0,5,7,1160,880,1937,47.6885,-122.324,2040,13.465953081794405
4,2.0,1530,5250,1.0,0,0,3,7,1110,420,1981,47.7336,-122.339,1100,12.852652190273785
3,2.5,1480,1485,2.0,0,0,3,8,1280,200,2007,47.6376,-122.326,1470,13.277656261810364
4,2.5,3380,75794,2.0,0,0,3,10,3380,0,1997,47.3511,-122.266,3710,13.369067193127552
3,2.5,2540,51836,1.0,0,0,4,8,1820,720,1976,47.389,-122.088,1650,13.091904169919621
3,1.0,680,2400,1.0,0,0,4,6,680,0,1903,47.5982,-122.299,1470,12.345834587905333
3,3.25,2460,4182,2.0,0,0,5,8,2100,360,1910,47.6782,-122.311,2370,13.805460222110773
3,1.0,1060,20040,1.0,0,0,3,6,1060,0,1943,47.7281,-122.235,1768,12.706847933442663
4,2.0,2750,9001,1.0,0,0,3,8,2750,0,2008,47.457,-122.189,1340,12.71589776896258
4,3.0,3720,57499,1.0,0,0,3,9,1880,1840,2003,47.6469,-121.897,2560,13.38472764187182
3,2.5,2510,9240,2.0,0,0,4,8,2510,0,2001,47.1896,-122.013,2690,12.774223335915433
3,2.5,2410,11900,1.0,0,2,4,9,1600,810,1989,47.3384,-122.34,3090,13.102160670086809
3,2.5,1626,1583,2.5,0,0,3,8,1419,207,2007,47.6031,-122.309,1400,13.173056491719846
4,3.5,5844,10766,2.0,0,1,3,11,5844,0,2007,47.3293,-122.364,3413,14.058456736574664
3,1.0,1320,7341,1.0,0,0,3,7,1320,0,1982,47.7367,-122.295,1160,12.821258284620408
4,2.5,2052,3723,2.0,0,0,3,8,2052,0,2014,47.2824,-122.295,2052,12.765402678355779
3,1.0,1240,7500,1.0,0,0,4,7,1240,0,1976,47.6199,-122.062,1240,12.691426603322494
3,3.25,3330,15093,2.5,0,0,3,9,3330,0,1988,47.5395,-122.242,4340,13.764217263576723
4,3.5,3590,5335,2.0,0,2,3,9,3140,450,2006,47.6762,-122.267,2100,14.001990124906893
3,1.75,1830,27468,1.0,0,0,3,7,1830,0,1954,47.7754,-122.233,1860,12.894207284266574
3,3.0,1950,1833,3.0,0,0,3,9,1610,340,2009,47.6078,-122.202,2040,13.590490246637204
3,1.0,1730,7210,1.0,0,0,3,7,1430,300,1963,47.3404,-122.28,1820,12.254862809699606
4,3.5,3540,4750,2.0,0,0,3,10,3540,0,2003,47.473,-122.193,3310,13.217673557208654
3,1.75,1320,5750,1.5,0,0,5,7,1320,0,1918,47.5848,-122.391,1440,13.399995114002609
4,1.75,1900,8250,1.0,0,0,4,7,950,950,1955,47.5765,-122.147,1480,13.203021280421783
4,2.5,1770,5000,2.0,0,0,3,7,1770,0,2004,47.3503,-122.005,2080,12.582795284772684
1,0.75,480,9750,1.0,0,0,2,4,480,0,1948,47.4982,-122.362,1550,11.884489021402711
3,2.5,1880,5000,2.0,0,0,3,7,1880,0,2010,47.3359,-122.054,2260,12.475908924836366
3,2.25,1890,12236,1.0,0,0,3,8,1890,0,1978,47.6232,-122.047,2390,13.06685066747407
3,1.75,1690,13500,1.0,0,0,4,7,1690,0,1978,47.5897,-122.233,1950,13.567049198665774
4,2.5,2350,7245,2.0,0,0,3,8,2350,0,1993,47.6318,-122.023,2350,13.302766428375653
4,2.5,2130,4750,2.0,0,0,3,8,2130,0,2009,47.4324,-122.184,2130,12.821258284620408
2,1.0,800,3090,1.0,0,0,4,6,800,0,1925,47.5518,-122.277,1400,12.736553826954605
3,1.0,1210,5750,1.5,0,0,4,7,1210,0,1910,47.5403,-122.391,1160,12.994530005894443
3,2.25,1440,1362,3.0,0,0,3,7,1440,0,2014,47.6908,-122.365,1180,13.058358047428417
3,2.5,2100,17882,2.0,0,0,4,8,2100,0,1985,47.4754,-122.119,2080,13.132313708257497
4,2.5,3060,6826,2.0,0,0,3,9,3060,0,2004,47.7006,-122.112,3110,13.560618308335483
3,1.0,1320,8625,1.0,0,0,4,7,1320,0,1957,47.4902,-122.179,1370,12.464583340681674
5,2.5,2870,16238,2.0,0,0,4,8,2870,0,1962,47.6308,-122.238,2870,14.256986103595471
4,2.5,3250,4650,2.0,0,0,3,8,3250,0,2007,47.4004,-122.203,2960,12.775638764318764
4,1.5,2130,5000,2.0,0,0,4,8,2130,0,1920,47.5828,-122.291,2560,13.526494262499357
3,2.5,2000,30605,2.0,0,0,4,8,2000,0,1989,47.3442,-122.062,1930,12.899094818276968
3,1.0,1250,7210,1.0,0,0,4,7,1250,0,1968,47.4169,-122.168,1010,11.918390573078392
3,2.5,2320,98445,1.0,0,0,4,8,1380,940,1978,47.7323,-122.116,2830,13.422467969854667
3,1.0,1430,10005,1.5,0,0,4,7,1430,0,1950,47.7181,-122.338,1720,12.89921982609012
4,2.75,2620,6707,2.0,0,0,3,9,2620,0,2000,47.5965,-122.038,2590,13.418757390458131
3,1.0,990,8062,1.0,0,0,4,7,990,0,1960,47.4151,-122.334,1420,12.429216196844383
3,1.5,1180,7700,1.0,0,0,4,7,1180,0,1959,47.6133,-122.133,1510,12.873902018105829
3,1.0,1080,10200,1.0,0,0,4,7,1080,0,1962,47.3215,-122.351,1230,12.240474072247506
3,2.25,1540,5338,1.0,0,0,5,7,770,770,1954,47.6942,-122.304,1680,13.197470849891134
3,1.0,880,9238,1.5,0,0,5,6,880,0,1946,47.7494,-122.319,1170,12.582795284772684
2,2.0,1280,4095,2.0,0,0,4,8,1280,0,1918,47.5501,-122.393,1470,12.959844447906553
4,2.75,2980,13260,1.0,0,0,4,8,1800,1180,1979,47.5152,-122.197,1920,13.017002861746503
2,1.0,900,7500,1.0,0,0,4,6,900,0,1961,47.6481,-121.916,1190,12.439166527697552
2,2.5,2680,11214,1.0,0,0,3,9,2680,0,2006,47.7078,-122.019,2305,13.742939865129438
4,2.75,2790,7803,2.0,0,0,3,8,2790,0,2013,47.4823,-121.772,2620,13.091904169919621
3,2.5,1450,1053,2.0,0,0,3,8,940,510,2008,47.6754,-122.374,1410,13.038981768465277
4,2.0,2220,8229,1.5,0,0,4,7,2220,0,1958,47.3722,-122.22,1660,12.524526376648708
3,3.0,3620,28064,2.0,1,4,5,10,2370,1250,1977,47.5516,-122.398,2550,14.6175121434363
4,3.25,5010,49222,2.0,0,0,5,9,3710,1300,1978,47.5489,-122.092,3140,13.779883380321124
3,2.5,1070,1155,2.0,0,0,3,7,720,350,2005,47.5617,-122.385,1120,12.706847933442663
3,1.0,1010,5864,1.0,0,0,3,7,1010,0,1915,47.5733,-122.381,1290,12.959844447906553
3,1.0,1290,12415,1.5,0,0,3,6,1290,0,1908,47.3719,-122.461,1620,12.611537753638338
3,2.5,1950,8130,2.0,0,0,4,9,1950,0,1990,47.3875,-122.161,2350,12.702292116906802
2,2.0,1420,9191,1.5,0,2,5,7,1420,0,1928,47.6979,-122.32,1420,13.292106151991423
3,2.5,1322,6006,2.0,0,0,3,7,1322,0,2009,47.2706,-122.254,1440,12.2783933071098
3,1.0,902,10464,1.0,0,0,3,7,902,0,1965,47.363,-122.308,1510,11.931635799828413
2,2.0,1390,12530,1.0,0,0,3,8,970,420,1959,47.7499,-122.29,1940,12.973863369085885
2,1.0,1747,12250,2.5,0,0,4,6,1747,0,1948,47.3282,-122.285,1620,12.496874845318198
3,2.25,2350,6000,1.0,0,0,5,7,1020,1330,1948,47.6809,-122.305,1570,13.507625778194974
5,2.5,3340,24755,2.0,0,0,3,10,3340,0,2002,47.4565,-122.066,3420,13.457406021215947
4,2.75,2660,7389,2.0,0,0,3,9,2660,0,2002,47.5993,-121.977,2820,13.45166712454693
3,1.5,1320,7560,1.0,0,0,3,6,840,480,1983,47.7451,-121.98,1210,12.691580461311874
3,1.5,1740,9038,1.0,0,0,4,7,1740,0,1955,47.5897,-122.136,1390,13.064734264567692
4,2.5,3230,12100,1.0,0,0,3,9,1870,1360,1977,47.562,-122.146,2670,13.625559974005828
4,2.75,2090,13500,1.0,0,0,4,8,2090,0,1949,47.573,-122.225,2130,13.62918097977278
4,2.5,3220,7875,1.5,0,0,4,8,3220,0,1966,47.626,-122.12,1600,13.287877815881902
4,2.75,2700,6000,2.0,0,0,4,8,2100,600,1910,47.586,-122.383,2050,13.526494262499357
3,2.0,1470,7694,1.0,0,0,4,7,1470,0,1992,47.3539,-122.054,1580,12.445089546000673
4,2.5,2420,10285,1.0,0,4,3,8,1700,720,1958,47.4871,-122.36,2540,13.541073712262515
4,2.5,2300,22445,2.0,0,0,4,8,2300,0,1992,47.6454,-121.902,2640,13.11835535600679
3,2.25,2160,15360,1.0,0,0,3,8,1410,750,1965,47.6232,-122.138,2180,13.217673557208654
3,1.5,1440,9711,1.0,0,0,3,7,1140,300,1956,47.7394,-122.252,1590,13.017002861746503
4,2.5,2440,9350,1.0,0,0,4,8,1560,880,1976,47.5614,-122.13,2260,13.321214236149494
3,1.5,1520,4288,1.0,0,0,3,7,1020,500,1949,47.5284,-122.387,1660,12.84792653170257
3,3.0,4230,54977,2.0,0,3,3,9,3780,450,1951,47.4176,-122.343,2880,13.696163800331709
3,1.75,2020,215622,2.0,0,0,4,7,2020,0,1975,47.4189,-122.499,1810,13.102160670086809
3,1.75,1590,11914,1.0,0,2,3,7,1090,500,1957,47.4427,-122.274,1630,12.496874845318198
5,2.5,2570,9600,1.0,0,2,3,8,1620,950,1956,47.7216,-122.282,2680,13.473020249017498
3,1.75,1300,9079,1.0,0,0,3,7,1300,0,1986,47.4834,-122.159,1890,12.7098736543592
5,3.75,4170,8142,2.0,0,2,3,10,4170,0,2006,47.5354,-122.181,3030,13.899851706398024
3,2.25,1370,6000,2.0,0,0,4,7,1370,0,1992,47.3484,-122.033,1370,12.567237494741757
3,2.75,3270,39586,1.5,0,0,3,11,3270,0,1988,47.731,-122.078,3480,13.681979165339751
4,2.5,2960,5054,2.0,0,0,3,9,2960,0,2006,47.3601,-122.035,2960,12.86099861326992
3,1.75,1620,7500,1.0,0,0,3,7,1220,400,1981,47.4815,-122.162,1470,12.758519943986984
2,2.5,1170,809,2.0,0,0,3,9,1170,0,2007,47.6875,-122.339,1170,13.086736199761178
3,2.0,2060,4080,1.0,0,0,5,7,1060,1000,1921,47.574,-122.289,1400,13.316284070041636
4,2.25,2270,7800,1.0,0,0,3,7,1290,980,1977,47.7278,-122.192,1480,13.008074231002201
4,2.5,3450,43216,2.0,0,0,3,9,3450,0,2000,47.7625,-122.025,3030,13.641157170819497
5,1.75,1260,4500,1.5,0,0,3,7,1260,0,1926,47.6452,-122.369,1410,13.38472764187182
2,1.0,720,5913,1.0,0,0,3,6,720,0,1920,47.5447,-122.27,1560,12.345834587905333
4,2.5,2040,7800,2.0,0,0,3,7,2040,0,2003,47.473,-122.293,1860,12.591335046320818
5,3.0,2560,12480,1.0,0,0,3,8,1590,970,2012,47.7657,-122.284,2500,13.244581010128577
3,2.25,1400,10436,1.0,0,0,4,7,1040,360,1985,47.4261,-122.144,1860,12.464197165739629
4,1.75,2030,5688,2.0,0,4,4,9,1730,300,1939,47.5071,-122.387,2320,13.217673557208654
3,3.25,1410,1253,3.0,0,0,3,8,1410,0,2005,47.6981,-122.34,1410,12.853175887588712
3,1.75,2020,9478,1.0,0,0,4,9,2020,0,1961,47.5383,-122.238,3050,13.514405465180353
3,3.5,3460,15745,2.0,0,0,3,10,3460,0,1986,47.7262,-122.06,3350,13.64709190633931
3,1.0,1480,7374,1.0,0,0,3,6,760,720,1954,47.7775,-122.336,1480,12.506177237980511
4,1.75,2800,5400,1.0,0,0,3,9,1400,1400,1924,47.6803,-122.313,1490,13.668169970065565
3,2.75,2200,14925,1.0,0,0,3,6,1100,1100,1982,47.6606,-122.059,1520,12.976180867226248
3,2.25,1280,1517,2.0,0,0,3,8,1080,200,2008,47.6651,-122.368,1280,13.112313041550827
4,2.25,2920,46355,2.0,0,0,4,9,2920,0,1998,47.569,-121.962,2310,13.514405465180353
3,3.0,2850,9375,1.0,0,0,3,8,2240,610,1977,47.4655,-122.209,1800,12.611537753638338
2,2.5,1240,1546,2.0,0,0,3,7,1240,0,2007,47.5634,-122.298,1520,12.706847933442663
4,2.75,3190,5408,2.0,0,0,3,9,3190,0,2005,47.5903,-121.988,3160,13.489780417874963
5,3.25,4130,7197,2.0,0,0,3,10,4130,0,2012,47.6022,-122.06,3730,13.81049801614073
2,1.0,760,5280,1.0,0,0,3,6,760,0,1946,47.483,-122.33,1710,11.711776323715394
3,1.0,1240,3600,1.5,0,0,3,7,1240,0,1902,47.5986,-122.298,1680,12.873902018105829
5,1.5,1930,7480,2.0,0,0,3,7,1930,0,1966,47.4503,-122.157,1480,12.506177237980511
4,2.5,2280,9874,2.0,0,0,3,9,2280,0,1989,47.7099,-122.229,2670,13.235692062711331
3,1.75,2000,8400,1.5,0,0,4,8,2000,0,1959,47.7535,-122.334,2000,12.936033799212835
4,2.0,2195,2681,1.0,0,0,3,7,1060,1135,1912,47.6965,-122.342,1710,12.88016441955496
3,2.0,1570,5600,1.0,0,0,3,8,1570,0,1999,47.4286,-122.185,2010,12.691580461311874
4,3.5,4140,13392,2.0,0,0,3,11,4140,0,2000,47.5261,-122.144,4140,13.764217263576723
3,2.5,2110,1339,2.0,0,0,3,8,1410,700,2014,47.6088,-122.311,1630,13.52442269237766
4,1.75,1980,5850,1.0,0,1,4,8,1380,600,1960,47.5607,-122.391,1810,13.493926933836812
3,2.5,2650,2387,2.0,0,0,3,8,1830,820,1920,47.6315,-122.362,1870,13.652991628466498
1,1.0,810,5000,1.0,0,1,3,7,590,220,1936,47.5696,-122.36,1920,12.449018824140563
4,2.75,2200,122403,1.5,0,0,3,7,2200,0,1971,47.6301,-121.911,1710,13.166380262821104
3,3.0,2440,3202,2.0,0,0,4,8,1640,800,1982,47.7152,-122.342,2440,13.151922179645874
3,2.5,1580,3075,2.0,0,0,3,8,1580,0,2013,47.545,-122.368,1710,12.845291484064564
3,1.75,1940,10245,1.0,0,0,3,7,1940,0,1957,47.5833,-122.241,2720,13.38472764187182
5,2.5,1970,12375,1.0,0,0,3,8,1570,400,1959,47.7412,-122.354,1970,13.262125319779487
3,2.5,2150,14092,2.0,0,0,3,8,2150,0,1991,47.4621,-122.129,2400,12.793859310432293
2,1.0,1130,8081,1.0,0,0,4,7,1130,0,1921,47.7064,-122.355,1220,12.751299696013497
3,1.75,1880,16262,1.0,0,0,5,7,1880,0,1980,47.5089,-122.155,1900,12.721736545936414
3,1.0,1200,10458,1.0,0,0,4,6,1200,0,1961,47.3262,-122.342,1160,12.154779351142624
3,2.5,2050,7205,2.0,0,0,3,8,2050,0,2000,47.3487,-122.304,2050,12.834681304952548
3,1.0,1050,7670,1.5,0,0,5,7,1050,0,1955,47.2046,-121.996,1220,12.367340793126296
6,3.75,3160,5000,2.0,0,0,3,8,3160,0,1989,47.6748,-122.384,1740,13.651519957855044
3,2.5,2280,6386,2.0,0,0,3,8,2280,0,2008,47.3861,-122.096,2550,12.65075846679162
5,2.5,2840,6010,2.0,0,0,3,8,2840,0,2003,47.3161,-122.27,2740,12.826649133255284
3,1.75,1410,4080,1.0,0,0,4,7,1000,410,1950,47.6808,-122.384,1410,13.304684934198283
3,1.5,1990,5978,1.5,1,4,4,7,1990,0,1926,47.3449,-122.329,2100,13.345506928718539
6,3.75,2940,5054,2.0,0,0,3,7,2940,0,1942,47.5122,-122.385,1530,13.081541382884074
4,1.0,2220,3588,1.5,0,0,4,7,1470,750,1927,47.6854,-122.308,1740,13.655341805811453
3,2.25,1510,6000,1.0,0,0,4,7,1150,360,1993,47.3484,-122.036,1510,12.505992035646432
4,2.25,2770,5320,2.0,0,1,3,9,2440,330,2013,47.5283,-122.385,2100,13.764217263576723
4,1.0,1640,6305,1.5,0,0,5,6,1640,0,1907,47.5563,-122.28,1590,13.159659162148026
4,5.0,4630,24054,2.0,0,3,3,11,4630,0,2005,47.587,-121.966,4630,14.169682371684887
5,3.5,5170,7197,3.0,1,4,3,11,3520,1650,1998,47.7561,-122.271,3020,14.334304351379442
4,2.5,2718,6197,2.0,0,0,3,8,2718,0,2006,47.3255,-122.164,2667,12.87004844878984
2,1.5,1440,725,2.0,0,0,3,8,1100,340,2011,47.5607,-122.378,1440,12.96453929221076
3,2.25,1500,8100,1.0,0,0,3,7,1210,290,1968,47.4632,-122.19,1600,12.594391594803367
3,2.5,1770,7336,2.0,0,0,3,7,1770,0,1996,47.3639,-122.185,1770,12.506177237980511
5,1.5,2040,11772,1.0,0,0,4,7,1030,1010,1963,47.5015,-122.166,1560,12.567237494741757
4,2.5,1982,6406,2.0,0,0,3,8,1982,0,2004,47.3636,-122.192,2340,12.553908640801701
3,2.0,1490,7929,1.0,0,0,3,7,1490,0,1989,47.2875,-122.218,1650,12.409013489526863
3,2.5,2300,5500,1.5,0,0,4,8,2000,300,1921,47.5785,-122.293,2100,13.36138027787483
3,2.0,1520,3451,1.0,0,0,3,8,1520,0,1996,47.7753,-122.375,1800,12.931202871943169
4,2.5,2750,16139,2.0,0,0,3,9,2750,0,1989,47.5843,-122.06,2810,13.546029831441698
3,1.75,1260,6223,1.0,0,0,3,7,820,440,1983,47.3574,-122.158,1260,12.254862809699606
4,2.25,2410,8400,2.0,0,0,5,8,2410,0,1965,47.626,-122.119,1910,13.487006490992238
3,2.5,1750,2150,2.5,0,0,3,7,1230,520,1900,47.6037,-122.311,1410,13.120361374733656
3,2.5,1530,2978,1.0,0,0,3,7,1210,320,1997,47.6796,-122.39,1640,13.36138027787483
5,2.75,3430,15119,2.0,0,0,3,10,3430,0,1998,47.5678,-122.032,3430,13.652991628466498
4,2.5,3250,8970,2.0,0,0,3,10,3250,0,1994,47.5862,-122.037,3240,13.581685158303204
3,1.75,1700,8534,1.0,0,0,4,7,1700,0,1953,47.6276,-122.205,2100,13.800396920154226
3,2.0,2020,8118,1.0,0,0,3,7,1020,1000,1963,47.5866,-122.118,1670,13.137251989898079
2,1.0,1090,10481,1.0,0,0,2,7,780,310,1981,47.632,-122.03,1160,12.911642346088676
3,2.0,1460,2610,2.0,0,0,3,8,1460,0,1987,47.6864,-122.345,1320,13.003579841414362
3,1.75,1580,7344,1.0,0,0,5,7,1580,0,1911,47.5256,-122.38,1580,13.262125319779487
4,3.25,4200,210394,2.0,0,0,4,10,4200,0,1993,47.5607,-121.961,2370,14.316285845876763
3,1.0,1000,5454,1.0,0,0,3,7,1000,0,1954,47.7339,-122.337,1320,12.254862809699606
3,1.0,1270,8792,1.0,0,0,5,7,1270,0,1969,47.5351,-122.174,1780,12.814478597635029
5,3.5,3260,58806,2.0,0,0,4,8,3260,0,1969,47.3703,-122.159,1810,13.250668637557252
3,1.75,1960,6380,1.0,0,0,4,7,980,980,1939,47.6975,-122.316,1480,13.238367053160635
4,3.75,4130,12320,2.0,0,0,3,11,4130,0,2001,47.5194,-122.151,3690,13.883169206438088
3,2.5,2830,9972,2.0,0,0,3,9,2830,0,2006,47.7382,-121.975,3557,13.197470849891134
3,2.5,1810,7350,1.0,0,0,3,8,1310,500,1984,47.4434,-122.125,2240,12.697715449879391
3,1.5,1040,1824,1.0,0,0,3,6,1040,0,1925,47.6793,-122.3,1010,12.759957758756611
3,2.0,2060,4437,1.0,0,0,3,7,1030,1030,1929,47.5705,-122.376,1750,13.038981768465277
5,1.5,1900,10226,1.0,0,0,3,7,1130,770,1961,47.7226,-122.227,1690,12.936033799212835
3,2.25,1580,920,3.0,0,0,3,8,1580,0,2015,47.5578,-122.363,1250,12.873773804758644
4,2.5,2040,7000,1.0,0,0,3,7,1250,790,1979,47.4056,-122.176,1900,12.48710767526016
3,2.25,1490,1212,2.0,0,0,3,9,1040,450,2011,47.6226,-122.313,1490,13.507625778194974
1,0.75,1040,6034,1.0,0,1,3,7,580,460,1991,47.5078,-122.251,1560,12.513557345278134
4,1.0,1500,11050,1.0,0,0,5,7,1500,0,1964,47.4509,-122.088,1970,12.45273739188573
4,2.25,3140,12150,2.0,0,0,3,9,3140,0,1979,47.6361,-122.047,2370,13.527828485512494
3,1.5,2500,4774,1.5,0,2,3,7,1450,1050,1940,47.6567,-122.358,1300,13.493926933836812
4,2.5,2780,11904,1.0,0,1,5,8,1730,1050,1951,47.6209,-122.216,3590,14.316285845876763
3,2.25,2380,6000,2.0,0,0,5,9,1650,730,1931,47.6472,-122.393,2000,13.694472229587218
3,3.0,1520,1884,3.0,0,0,3,8,1520,0,2009,47.7176,-122.284,1360,12.896716695872
5,2.75,2330,8000,1.0,0,0,4,7,1550,780,1972,47.6651,-122.144,1750,13.407542319637992
3,2.5,1350,1189,2.0,0,0,3,7,1080,270,2007,47.5218,-122.358,1300,12.506177237980511
4,2.5,2560,6238,2.0,0,0,3,8,2560,0,2007,47.4899,-122.255,2560,12.86099861326992
2,1.0,970,2700,1.0,0,0,4,7,770,200,1926,47.6852,-122.312,1570,12.959844447906553
4,2.5,2410,9886,1.0,0,0,5,8,1990,420,1975,47.5351,-122.223,2530,13.751505227988362
4,2.5,2010,12085,2.0,0,0,3,8,2010,0,1986,47.3406,-122.057,1910,12.609869696537642
4,2.5,2680,8778,2.0,0,0,4,8,2680,0,1977,47.5516,-122.161,2680,13.577253368840017
3,2.5,2510,47044,1.0,0,0,4,7,1910,600,1975,47.7531,-122.14,2510,13.343905647351566
3,1.5,1900,7584,1.0,0,0,5,7,1900,0,1962,47.5091,-122.19,1410,12.721885810807203
3,2.5,2530,9932,2.0,0,0,3,8,2530,0,1995,47.6853,-122.16,2140,13.483528226615913
3,2.75,2850,8039,1.0,0,0,4,8,1540,1310,1989,47.4141,-122.204,2240,12.721885810807203
3,2.5,2540,5050,2.0,0,0,3,7,2540,0,2006,47.3358,-122.055,2280,12.611537753638338
3,1.0,1570,8316,1.0,0,0,3,7,1070,500,1962,47.3943,-122.198,2030,12.548597953864464
4,2.5,2640,47480,1.0,0,0,4,8,1590,1050,1979,47.4258,-122.021,2390,13.043320170063875
3,1.75,1710,7350,1.0,0,0,3,8,1280,430,1981,47.699,-122.167,2100,13.17115354157376
3,1.75,1750,11180,1.0,0,0,3,8,1750,0,1968,47.4713,-122.117,1730,12.468436909997665
3,2.25,1850,10855,1.0,0,0,3,8,1370,480,1985,47.5696,-122.02,1850,13.16158409055761
4,1.0,1540,115434,1.5,0,0,4,7,1540,0,1923,47.4163,-122.22,2027,13.540547257920268
3,1.5,1200,8404,1.0,0,0,3,7,1200,0,1964,47.4482,-122.269,2120,12.301155526776865
3,2.75,2780,7200,1.5,0,0,4,8,1870,910,1913,47.5632,-122.27,1700,13.471610805514265
4,2.25,1660,3200,2.0,0,0,3,7,1660,0,2011,47.3666,-122.019,1960,12.611537753638338
5,2.5,2200,4080,1.5,0,0,5,7,1420,780,1916,47.6872,-122.35,1300,13.212204081404119
4,2.0,2210,5572,1.5,0,3,3,7,1760,450,1911,47.5727,-122.376,1760,13.142166004700508
3,3.25,4560,13363,1.0,0,4,3,11,2760,1800,1995,47.6205,-122.214,4060,14.978661367769956
4,2.5,2640,4725,2.0,0,0,3,8,2640,0,2014,47.371,-122.017,2370,12.87266278904011
3,1.0,1260,9600,1.0,0,0,3,7,1260,0,1970,47.4444,-121.762,1530,12.676076274775909
3,1.75,1790,7650,1.0,0,3,3,9,1790,0,1978,47.3213,-122.385,2540,12.611371073081239
3,2.25,1720,4000,1.5,0,0,4,7,1450,270,1921,47.6683,-122.286,1410,13.337474757021274
3,1.0,1120,10701,1.0,0,0,3,7,1120,0,1954,47.5544,-122.358,1130,12.560244459250788
4,2.75,3480,19991,2.0,0,2,4,10,2630,850,1979,47.6354,-122.214,3770,14.27293540500315
3,2.5,1570,1551,3.0,0,0,3,8,1570,0,2008,47.6961,-122.341,1570,12.935913310026594
2,1.0,1180,4900,1.0,0,0,5,6,1180,0,1954,47.5321,-122.029,1650,12.65395846952229
4,2.75,2220,5310,1.0,0,0,5,7,1170,1050,1951,47.5801,-122.294,1540,13.42984807715229
4,3.0,2230,52983,2.0,0,0,3,8,2230,0,1991,47.3577,-122.195,2060,13.038981768465277
4,2.75,2550,8632,1.0,0,0,3,8,1700,850,1972,47.6477,-122.197,2550,13.445895102749807
3,2.25,1810,7630,1.0,0,0,4,7,1810,0,1959,47.497,-122.18,1830,12.542544882151386
3,1.75,1730,11986,1.0,0,3,5,6,1730,0,1918,47.3595,-122.323,2490,12.736700896592344
