bathrooms,sqft_living,sqft_lot,floors,waterfront,view,condition,grade,sqft_above,sqft_basement,yr_built,yr_renovated,lat,long,sqft_living15,price_ln
1.0,1210,17389,1.0,0,0,4,5,1210,0,1948,0,47.5044,-122.148,2140,12.464583340681674
4.0,3870,5929,2.0,0,0,3,10,3870,0,2014,0,47.6965,-122.134,3600,14.077790203467066
2.0,1460,6377,1.0,0,0,3,7,1460,0,1995,0,47.3679,-122.02,1600,12.560244459250788
1.75,1850,5712,1.0,0,0,3,7,1850,0,1954,0,47.6966,-122.324,1510,12.771386454580234
3.25,4200,210394,2.0,0,0,4,10,4200,0,1993,0,47.5607,-121.961,2370,14.316285845876763
2.5,2050,2772,2.0,0,0,3,8,2050,0,2012,0,47.5421,-122.011,2050,13.369048440021569
2.5,2150,10098,1.0,0,0,3,7,1090,1060,1963,0,47.7166,-122.201,1880,12.936031389571378
1.0,1230,6600,1.0,0,0,3,7,1130,100,1906,0,47.5573,-122.282,1260,12.994530005894443
1.75,1920,43560,1.0,0,0,4,7,1340,580,1962,0,47.6052,-122.044,2540,13.142166004700508
1.75,1880,10032,1.0,0,0,4,8,1880,0,1984,0,47.5527,-122.16,2430,13.43131758513165
2.0,1980,7680,1.5,0,0,4,6,1070,910,1911,0,47.6839,-122.195,1330,13.314635265051452
1.75,3050,9440,1.0,0,0,3,8,1800,1250,1966,0,47.7228,-122.183,2020,13.304684934198283
1.0,1170,5000,1.0,0,0,4,7,1030,140,1920,0,47.5449,-122.388,1170,12.959844447906553
2.25,2090,10869,2.0,0,0,3,8,2090,0,1970,0,47.6715,-122.164,1800,13.102160670086809
2.0,1500,8086,1.0,0,0,3,7,1060,440,1981,0,47.5584,-122.081,1550,12.959844447906553
1.75,2070,6000,1.0,0,3,3,8,1340,730,1955,0,47.5226,-122.382,2200,13.444446876573442
3.5,2340,2810,2.0,0,2,3,8,1730,610,2011,0,47.5403,-122.028,2600,13.507625778194974
3.0,2020,6000,1.0,0,0,3,8,1220,800,1968,2015,47.6563,-122.401,1400,13.62918097977278
2.0,1700,8043,1.0,0,0,3,7,850,850,1954,0,47.4758,-122.288,1540,12.301382825334498
4.25,5720,10213,2.0,0,0,3,10,4170,1550,2004,0,47.5464,-122.116,4300,14.09692301740246
1.75,1820,6000,1.0,0,0,3,7,930,890,1942,0,47.6872,-122.296,1590,12.959844447906553
2.5,2630,4611,2.0,0,0,3,8,2630,0,2001,0,47.5322,-121.868,2220,13.116345305078767
3.5,4140,7089,2.0,0,0,3,10,3160,980,2003,0,47.7059,-122.2,2640,13.652991628466498
1.75,1670,10725,1.0,0,0,3,7,1670,0,1965,0,47.4893,-122.229,1600,12.691580461311874
2.5,1920,7345,2.0,0,0,3,8,1920,0,1992,0,47.3526,-122.055,1860,12.62313688948169
1.75,1600,8156,1.0,0,0,5,7,1600,0,1948,0,47.7397,-122.3,1200,12.882836346839595
1.5,1390,13860,2.0,0,0,3,7,1390,0,1979,0,47.4704,-121.747,1390,12.751299696013497
1.5,1670,6988,1.0,0,0,3,7,1370,300,1953,0,47.4283,-122.323,1090,12.544329003944888
2.5,4930,77536,2.0,0,0,3,9,3930,1000,1981,0,47.7634,-122.139,2760,13.304684934198283
1.5,2040,10726,1.0,0,0,3,7,1380,660,1954,0,47.772,-122.358,1610,12.86099861326992
3.75,5350,15360,1.0,0,1,3,11,3040,2310,2008,0,47.648,-122.218,3740,15.022977251544466
1.75,2120,11340,1.0,0,3,4,7,1060,1060,1966,0,47.4109,-122.329,1830,12.815838217151068
2.75,2500,20000,1.0,0,0,4,8,1700,800,1969,0,47.5901,-122.198,2650,13.764217263576723
2.5,1950,5689,2.0,0,0,3,7,1950,0,2009,0,47.5158,-121.873,2190,12.959844447906553
2.0,1230,6802,1.5,0,0,3,7,1230,0,1940,0,47.6712,-122.279,1850,13.226116001096408
2.25,3320,13138,1.0,0,2,4,9,1900,1420,1964,0,47.759,-122.269,2820,13.55284624848778
2.5,2310,5813,2.0,0,0,3,8,2310,0,2014,0,47.5107,-122.362,1830,12.89921982609012
3.0,2110,4000,1.0,0,2,4,7,1110,1000,1965,0,47.5696,-122.375,1730,13.244581010128577
2.0,1560,3200,1.5,0,0,3,7,1560,0,1910,2007,47.6398,-122.356,1240,13.199231821660906
3.5,2500,4270,2.0,0,0,3,8,2500,0,2000,0,47.536,-121.877,2420,13.19654277557858
3.25,3370,7313,2.0,0,0,4,8,2140,1230,1988,0,47.5632,-122.015,2990,13.444446876573442
3.5,2150,4368,2.0,0,0,3,8,1610,540,1998,0,47.6213,-122.065,2390,13.122363377404328
2.25,2770,11884,1.0,0,3,4,8,1570,1200,1969,0,47.5098,-122.474,2310,13.37700559577791
2.0,1670,9987,1.0,0,0,3,7,1670,0,1967,0,47.3406,-122.284,1640,12.229300771649381
2.5,3560,6786,2.0,0,0,3,9,2930,630,2014,0,47.5756,-122.071,3560,13.718654884499633
2.5,1610,6000,2.0,0,0,4,7,1610,0,1993,0,47.349,-122.036,1570,12.54966234992025
1.0,1200,9000,1.0,0,0,3,6,1200,0,1958,0,47.3277,-122.349,1040,12.100434313507177
2.5,2300,4249,2.0,0,0,3,8,2300,0,2006,0,47.3516,-122.0,2390,12.774223335915433
1.0,1050,6600,1.5,0,0,3,6,1050,0,1964,0,47.4828,-122.324,1330,11.719939634354555
1.0,840,7425,1.0,0,0,4,6,840,0,1952,0,47.4749,-122.339,1300,12.294312434379583
1.75,1580,6396,1.0,0,0,4,6,790,790,1945,0,47.5378,-122.369,1180,12.791077667470416
1.5,1540,20281,1.0,0,0,3,7,1540,0,1977,0,47.5817,-122.007,1710,13.081541382884074
1.0,1240,3500,1.0,0,0,4,7,1240,0,1927,0,47.6835,-122.347,1650,13.399995114002609
2.5,2840,4500,2.0,0,0,3,8,2840,0,2012,0,47.7678,-122.237,2840,13.230320518909421
2.5,2470,4948,2.0,0,0,3,8,2470,0,2003,0,47.3438,-122.039,2500,12.730801174465157
2.5,2320,4683,2.0,0,0,3,7,2320,0,2007,0,47.3349,-122.059,2230,12.628067055589549
2.5,1840,1562,2.0,0,0,3,7,1400,440,2004,0,47.5345,-122.364,1840,12.524526376648708
2.0,1550,15040,1.0,0,0,4,6,1550,0,1958,0,47.4873,-122.099,1510,12.429016176841717
2.75,2730,22572,1.0,0,0,3,7,2080,650,1968,1992,47.5951,-122.037,2260,13.303016877097587
2.5,2460,4425,2.0,0,0,3,8,2460,0,2006,0,47.7048,-122.109,2990,13.448785278172041
2.0,1910,9001,1.0,0,0,4,7,1910,0,1957,0,47.6037,-122.119,2040,13.224919965729422
3.75,5100,21802,2.0,0,0,3,10,3640,1460,2001,0,47.595,-122.04,3350,13.74937075545973
2.0,1340,4320,1.0,0,0,3,5,920,420,1912,1993,47.299,-122.228,980,12.133501952695338
2.75,2710,6220,2.0,0,0,3,8,2710,0,2014,0,47.3555,-122.061,2530,13.017002861746503
1.0,1590,7759,2.0,0,0,4,7,1590,0,1912,1984,47.5217,-121.819,1600,12.685407602204794
2.5,2580,5750,1.0,0,0,4,7,1880,700,1901,0,47.6025,-122.294,2280,13.303016877097587
1.5,770,850,2.0,0,0,3,7,770,0,2006,0,47.5644,-122.388,1350,12.577636201962656
2.0,1764,15600,1.0,0,0,5,7,1764,0,1942,0,47.4318,-122.181,1490,12.765545566117686
1.75,1680,2400,1.0,0,0,5,7,870,810,1922,0,47.6155,-122.3,1440,13.289571296388235
2.25,2550,6000,2.0,0,0,5,7,1860,690,1902,0,47.6739,-122.323,2010,13.399995114002609
1.0,1240,5250,1.5,0,0,4,6,1240,0,1904,0,47.4917,-122.206,1240,12.30591798049989
1.0,1950,6250,1.5,0,0,4,7,1450,500,1917,0,47.5511,-122.386,1950,12.989974189358584
3.0,2850,9375,1.0,0,0,3,8,2240,610,1977,0,47.4655,-122.209,1800,12.611537753638338
1.5,1430,7232,1.5,0,0,3,7,1430,0,1948,0,47.7197,-122.328,1540,12.834681304952548
1.0,970,4700,1.0,0,0,4,6,720,250,1943,0,47.5285,-122.354,1560,12.05524975579559
2.5,2060,4200,2.0,0,0,3,8,2060,0,2014,0,47.3706,-122.017,2370,12.69768181016985
1.75,1800,8462,1.0,0,0,3,8,1440,360,1978,0,47.6623,-122.141,2210,13.138236726560619
1.75,1670,9900,1.0,0,0,4,8,1670,0,1957,0,47.595,-122.172,2410,13.337474757021274
4.0,4460,103382,2.0,0,0,3,11,4460,0,2001,0,47.634,-121.997,3470,13.955272500339433
1.75,1470,5000,1.5,0,0,5,7,1470,0,1900,0,47.6755,-122.369,1530,13.226002412163815
2.75,3320,10574,2.0,0,0,5,8,2220,1100,1960,0,47.5376,-122.18,2720,13.407542319637992
2.25,2840,31720,1.0,0,0,3,8,1780,1060,1958,0,47.7505,-122.375,2290,13.304684934198283
2.5,2300,9690,2.0,0,0,3,8,2300,0,2006,0,47.2793,-122.352,1200,12.706696406811568
2.0,1430,8919,1.0,0,0,3,7,1430,0,1992,0,47.2118,-121.983,1580,12.415117272464881
2.5,2860,12394,2.0,0,0,3,10,2860,0,1999,0,47.5832,-122.026,3070,13.39239051461739
3.25,3569,8327,2.0,0,0,3,10,3569,0,2013,0,47.4595,-122.208,2550,13.270783382522602
2.5,2790,10289,2.0,0,0,3,9,2790,0,1987,0,47.5483,-122.158,2650,13.797346587336603
1.0,620,5100,1.0,0,0,3,6,620,0,1954,0,47.5699,-122.287,1540,12.86099861326992
1.75,1770,8240,1.0,0,0,4,7,1240,530,1978,0,47.3066,-122.378,2060,12.542544882151386
2.0,2060,2900,1.5,0,0,5,8,1330,730,1931,0,47.5897,-122.292,1910,13.437174117244362
2.0,2340,10507,1.5,0,0,4,6,2340,0,1959,0,47.3578,-122.178,990,12.301382825334498
1.0,900,5100,1.0,0,0,4,7,900,0,1909,0,47.6804,-122.378,1400,13.06685066747407
2.5,2689,5724,2.0,0,0,3,9,2689,0,2006,0,47.3799,-122.184,2665,12.815838217151068
1.0,1340,5175,1.0,0,0,3,7,940,400,1987,0,47.7321,-122.34,1020,12.676076274775909
1.5,1140,4800,1.5,0,0,3,7,1140,0,1915,0,47.6368,-122.354,1260,13.481435445942783
1.75,1370,10866,1.0,0,0,4,6,1370,0,1945,0,47.6774,-122.164,1580,12.506177237980511
1.75,2251,12731,1.0,0,1,4,8,1390,861,1957,0,47.3369,-122.32,2520,12.628067055589549
1.75,1300,22239,1.0,0,0,4,7,1300,0,1945,1986,47.4801,-122.092,1300,13.106233995474446
2.75,2300,12633,2.0,0,0,3,9,2300,0,1984,0,47.6218,-122.032,2240,13.34230179776959
1.5,1270,5112,1.0,0,0,3,7,1270,0,1950,0,47.676,-122.288,1580,13.049792684569493
1.5,1790,4800,1.5,0,0,3,8,1790,0,1912,0,47.6332,-122.362,1780,13.753635154246187
1.0,1650,9780,1.0,0,0,3,7,950,700,1943,0,47.6549,-122.394,1650,13.270783382522602
2.25,1610,7084,1.0,0,0,4,8,1280,330,1968,0,47.3146,-122.384,2170,12.292250341771226
2.25,2500,8866,2.0,0,0,4,9,2500,0,1987,0,47.6604,-122.146,2630,13.602317337503232
2.25,2230,11200,1.0,0,0,4,7,1300,930,1977,0,47.7691,-122.167,2090,13.081541382884074
2.5,1970,2752,2.0,0,0,3,8,1970,0,1978,0,47.6345,-122.108,1850,12.961020226995565
2.0,1520,1020,3.0,0,0,3,7,1520,0,1999,0,47.7292,-122.343,1500,12.635579748118577
2.75,2540,4400,1.5,0,0,5,7,1630,910,1925,0,47.6832,-122.343,1560,13.453823072201997
1.0,770,8150,1.0,0,0,3,6,770,0,1951,0,47.5324,-122.275,1140,12.003038047138677
2.5,1470,1612,2.0,0,0,3,7,980,490,2003,0,47.5275,-122.271,1460,12.34060353848778
1.75,1770,15525,1.0,0,0,4,7,1770,0,1959,0,47.5025,-122.142,1370,12.206072645530174
1.0,1120,17332,1.0,0,0,3,7,1120,0,1988,0,47.2972,-122.267,1280,12.01974306733868
1.0,990,45528,1.0,0,0,4,7,990,0,1992,0,47.5013,-122.463,1730,12.542544882151386
1.0,1200,6561,1.0,0,0,3,6,1200,0,1950,1968,47.7763,-122.36,1340,12.482567372341379
2.25,1810,12000,2.0,0,0,3,7,1810,0,1992,0,47.3476,-122.3,1720,12.456831363877356
2.0,1180,9265,1.0,0,0,3,7,1180,0,1940,0,47.7252,-122.297,460,12.458774999085929
1.75,1520,9605,1.0,0,0,3,7,1520,0,1975,0,47.667,-122.142,2040,13.180632285528304
1.0,1040,5765,1.0,0,0,3,7,1040,0,1944,0,47.7024,-122.346,1040,12.790528770335836
2.5,2720,11049,2.0,0,0,3,10,2720,0,1989,0,47.5815,-122.192,2750,13.790192749979985
2.5,2980,4930,2.0,0,0,3,9,2890,90,2000,0,47.5445,-122.12,2980,13.527828485512494
1.0,1250,7700,1.0,0,0,4,7,1250,0,1955,0,47.5974,-122.149,1520,13.045482333068371
2.5,3380,9528,2.0,0,0,3,10,3380,0,1994,0,47.5275,-122.148,3630,13.529160930746272
1.75,1070,8000,1.0,0,0,3,7,1070,0,1977,0,47.6978,-122.13,1200,12.936033799212835
2.25,1460,7210,1.0,0,0,3,7,1460,0,1963,0,47.6316,-122.119,1850,13.132313708257497
3.5,2130,6150,2.0,0,2,5,8,1530,600,1908,0,47.6491,-122.405,2040,13.615839362835207
2.5,1790,6371,2.0,0,0,3,8,1790,0,1998,0,47.3291,-122.168,1850,12.513557345278134
5.5,7400,18898,2.0,0,3,3,13,6290,1110,2001,0,47.5431,-122.112,6110,14.908440063496885
2.25,2670,7500,1.0,0,0,4,7,1640,1030,1966,0,47.4608,-122.354,1970,13.049792684569493
1.0,1200,7727,1.0,0,0,4,7,1200,0,1959,0,47.2021,-121.999,1300,12.301155526776865
2.0,1240,11172,1.0,0,0,3,7,1000,240,1984,0,47.6364,-122.037,1330,12.901716706288706
3.5,2734,210201,2.0,0,0,5,8,2734,0,1974,0,47.3652,-122.504,2270,13.16158409055761
1.0,940,5040,1.0,0,0,3,7,940,0,1926,0,47.5375,-122.374,940,12.26763800118833
1.0,1630,12059,1.0,0,0,3,7,1270,360,1947,0,47.7228,-122.314,1660,13.122363377404328
2.5,2420,7423,2.0,0,0,3,8,2420,0,1990,0,47.3199,-122.186,2260,12.736406735684207
2.5,2480,12688,1.0,0,0,4,9,1820,660,1967,0,47.6344,-122.205,2910,13.828476140354297
1.0,1600,7500,1.0,0,0,3,7,1600,0,1966,0,47.7198,-122.182,2050,12.691580461311874
4.5,6040,219542,2.0,0,0,3,11,4100,1940,1996,0,47.5622,-122.003,2010,13.955272500339433
2.5,3010,9000,2.0,0,0,3,8,3010,0,2008,0,47.4987,-122.147,3250,13.180632285528304
1.75,1660,37642,1.0,0,0,4,7,1660,0,1991,0,47.2559,-122.007,2070,12.66032791780777
1.75,2430,4524,1.5,0,0,4,7,1830,600,1924,0,47.674,-122.35,1610,13.567049198665774
1.75,1480,8475,1.0,0,0,4,7,1480,0,1968,0,47.3126,-122.361,1800,12.363076394339839
2.5,3220,6409,2.0,0,0,3,9,3220,0,2008,0,47.4815,-122.127,3330,13.345506928718539
2.25,2420,59800,1.0,0,0,4,8,1350,1070,1985,0,47.6206,-122.056,2160,13.215853720491667
1.5,1420,9900,1.0,0,0,3,7,1050,370,1964,0,47.6348,-122.118,1580,13.091904169919621
3.25,4150,7100,2.0,0,0,3,10,4150,0,2013,0,47.6026,-122.06,3560,13.741864017795976
1.0,910,4635,1.0,0,0,4,6,910,0,1905,0,47.675,-122.393,1740,12.959844447906553
1.0,1120,9075,1.0,0,0,3,7,1120,0,1977,0,47.7551,-122.072,1120,12.721885810807203
2.0,1590,5400,1.0,0,2,3,7,990,600,1900,0,47.637,-122.367,2190,13.571143370198438
3.5,2800,7694,1.0,0,0,3,9,2800,0,2005,0,47.7095,-122.022,2420,13.732128949025222
1.0,1540,9541,1.5,0,0,4,7,1540,0,1961,0,47.7104,-122.213,1290,12.821258284620408
2.5,2120,215186,2.0,0,0,2,7,2120,0,1983,0,47.701,-121.857,2000,12.890179081437969
1.0,1100,4160,1.0,0,0,3,7,1100,0,1919,0,47.6352,-122.352,1900,13.345506928718539
2.5,2990,5669,2.0,0,0,3,8,2990,0,2003,0,47.6119,-122.011,3110,13.39239051461739
2.5,1930,7120,1.0,0,0,4,7,1420,510,1961,0,47.7715,-122.34,1600,12.977337605354071
2.0,1610,6911,1.0,0,0,3,7,1260,350,1988,0,47.7188,-122.177,1630,12.983101310070822
2.5,2370,6840,2.0,0,0,3,9,2370,0,1987,0,47.6503,-122.366,1590,12.61327956912993
2.5,3930,21894,2.0,0,0,3,11,3930,0,1987,0,47.7209,-122.128,3930,13.904436767158675
1.0,1050,4125,1.0,0,0,4,7,1050,0,1909,0,47.5736,-122.307,1650,12.8802918162046
4.25,4310,10000,2.0,0,0,3,8,2950,1360,2008,0,47.6214,-122.062,2100,13.567049198665774
2.5,2330,7050,2.0,0,0,3,8,2330,0,1998,0,47.5001,-122.231,1810,12.721885810807203
1.75,1150,2723,1.0,0,0,4,7,770,380,1923,0,47.6357,-122.322,1440,12.873902018105829
2.5,2140,7641,1.0,0,0,3,8,1290,850,1979,0,47.5053,-122.186,2090,12.736553826954605
2.0,1960,10559,2.0,0,0,4,7,1960,0,1955,0,47.7494,-122.337,1580,12.936033799212835
2.5,1350,874,3.0,0,0,3,8,1270,80,2006,0,47.5491,-122.387,1350,12.871334622600584
3.5,1790,1288,3.0,0,0,3,8,1390,400,2000,0,47.651,-122.384,1560,13.017002861746503
1.75,1830,4160,1.0,0,0,3,7,1230,600,1919,0,47.5962,-122.288,1950,13.373044271711628
2.5,3100,8529,2.0,0,0,3,9,3100,0,1990,0,47.6252,-122.029,2710,13.507625778194974
1.0,1600,3200,1.5,0,0,3,7,1600,0,1909,0,47.653,-122.331,1860,13.098070684835283
1.0,1130,4100,1.0,0,0,3,7,990,140,1941,0,47.6856,-122.385,1800,12.89921982609012
1.0,1110,3500,1.5,0,0,3,6,970,140,1912,0,47.6453,-122.327,1884,13.304684934198283
2.25,2260,16188,1.0,0,0,3,10,2260,0,1984,0,47.5637,-122.112,2840,13.567049198665774
1.0,1680,5043,1.5,0,0,4,6,1680,0,1911,0,47.5354,-122.273,1560,12.81134443958811
2.5,1590,3411,2.0,0,0,3,7,1590,0,2000,0,47.5303,-121.878,1590,12.782686009834167
1.75,1560,9514,1.0,0,0,4,7,1560,0,1967,0,47.4088,-122.21,1550,12.560244459250788
2.5,3780,23623,2.0,0,0,3,9,3780,0,1997,0,47.559,-122.118,3370,13.777600984891054
1.0,1660,34848,1.0,0,0,1,5,930,730,1933,0,47.6621,-122.132,2160,13.217673557208654
2.25,2030,12000,2.0,0,0,3,7,2030,0,1977,0,47.7699,-122.168,2190,12.948009990259552
2.0,1720,9972,1.0,0,0,4,8,1720,0,1951,0,47.6368,-122.218,2700,13.64709190633931
3.5,2960,6000,2.0,0,0,3,9,2960,0,2014,0,47.5183,-121.886,2960,13.359226779658782
2.25,2060,38377,1.0,0,0,4,8,1560,500,1978,0,47.2752,-122.319,2080,12.632973034358404
2.5,2510,10240,1.0,0,0,4,8,1410,1100,1984,0,47.4732,-122.141,2170,13.017002861746503
2.0,1500,8775,1.0,0,0,3,6,1390,110,1943,0,47.4809,-122.335,1310,12.449018824140563
1.0,1120,8200,1.0,0,0,4,7,1120,0,1938,0,47.7254,-122.29,1820,13.00019574343012
1.75,2440,16730,1.0,0,0,3,7,1390,1050,1976,0,47.7406,-122.11,1390,13.089840185698769
3.0,1860,2875,2.0,0,0,3,8,1710,150,2009,0,47.5511,-122.373,1350,12.899094818276968
1.0,710,6000,1.5,0,0,3,6,710,0,2015,0,47.5756,-122.316,1440,12.861504978551874
3.5,2770,8049,2.0,0,0,3,9,2770,0,2002,0,47.6469,-122.081,3410,13.617059619240436
2.0,1670,7757,1.0,0,0,3,8,1670,0,1992,0,47.3802,-122.207,2290,12.577463773304586
2.5,1690,1689,2.0,0,0,3,8,1150,540,2014,0,47.5528,-121.999,1540,12.94798618045229
3.0,1520,1800,3.0,0,0,3,7,1520,0,2003,0,47.6822,-122.326,1520,13.304684934198283
1.75,2180,4431,1.5,0,0,3,8,2020,160,1912,0,47.636,-122.302,1890,13.345506928718539
3.25,4130,112521,2.0,0,0,3,11,4130,0,1978,0,47.6392,-122.165,3140,14.457364444136669
1.0,1500,11050,1.0,0,0,5,7,1500,0,1964,0,47.4509,-122.088,1970,12.45273739188573
2.25,2100,7335,2.0,0,0,3,8,2100,0,1983,0,47.647,-122.061,2050,13.106233995474446
2.75,1710,9448,1.0,0,0,3,7,1010,700,1947,0,47.6693,-122.267,1960,13.151922179645874
1.5,940,1768,2.0,0,0,3,7,940,0,2009,0,47.5925,-122.295,1130,12.800779753276867
2.75,2520,6398,2.0,0,0,3,8,2520,0,2014,0,47.7685,-122.159,2520,13.373682250119803
2.75,2290,3060,1.5,0,0,5,7,1550,740,1928,0,47.6793,-122.316,1460,13.337474757021274
2.5,3150,151588,2.0,0,0,3,9,3150,0,2007,0,47.572,-121.926,2410,13.487006490992238
2.5,2430,5128,1.0,0,1,3,8,1270,1160,1978,0,47.5198,-122.389,2510,13.235692062711331
1.75,1540,3000,1.0,0,2,3,7,770,770,1920,0,47.6769,-122.36,1420,13.146140449063758
2.25,3330,20053,2.0,0,0,3,9,3330,0,1968,1998,47.6395,-122.214,2870,14.416597272675006
2.75,2190,2867,1.5,0,0,5,7,1470,720,1929,0,47.6868,-122.308,1600,13.3645249345543
2.25,1347,1292,3.0,0,0,3,7,1347,0,2010,0,47.7306,-122.291,1480,12.679196402112153
1.0,1640,10455,1.0,0,0,3,7,950,690,1963,0,47.2974,-122.366,1360,12.292250341771226
1.5,1540,8400,1.0,0,0,5,7,1540,0,1968,0,47.5237,-122.199,1690,12.84792653170257
1.0,710,6300,1.0,0,0,3,6,710,0,1942,0,47.5155,-122.374,740,12.57418196709457
3.75,3730,17000,2.0,0,3,4,10,2820,910,1986,0,47.5355,-122.242,3880,14.262980960217469
2.5,2500,8434,2.0,0,0,4,8,2500,0,1988,0,47.6915,-122.101,1900,13.435713196604688
1.75,1490,9493,1.0,0,0,4,8,1490,0,1976,0,47.4514,-122.134,2440,12.652359748158593
1.75,2370,10140,1.0,0,0,3,7,1460,910,1968,0,47.3352,-122.278,1450,12.628067055589549
1.5,1280,7742,1.0,0,0,3,7,1280,0,1973,0,47.3323,-122.276,1566,12.013700752882718
1.0,1280,9000,1.5,0,0,4,6,1280,0,1954,0,47.4915,-122.338,1430,12.388394202324129
2.0,2750,7807,1.5,0,0,5,7,2250,500,1916,0,47.7168,-122.287,1510,13.255144488638146
2.5,1770,1853,3.0,0,0,3,8,1770,0,2007,0,47.5472,-122.371,1770,12.820987977820545
2.0,1670,12056,1.0,0,0,3,7,1670,0,1955,0,47.7418,-122.244,1860,12.89921982609012
2.5,2900,6918,2.0,0,0,3,8,2900,0,2001,0,47.3504,-122.284,2720,12.733755386362587
2.5,1270,9675,2.0,0,0,3,8,1270,0,1993,0,47.4639,-121.744,1270,12.542544882151386
1.75,2330,16300,2.0,0,0,3,9,2330,0,1964,0,47.7037,-122.24,2330,13.444446876573442
2.5,2720,10006,2.0,0,0,3,9,2720,0,1989,0,47.6295,-122.042,2720,13.296232647383299
1.75,2350,7574,1.0,0,0,3,8,1720,630,1979,0,47.5634,-122.087,2220,13.493926933836812
1.5,1190,4750,1.0,0,0,3,7,970,220,1940,0,47.6726,-122.386,1460,13.122363377404328
2.0,1700,8043,1.0,0,0,3,7,850,850,1954,0,47.4758,-122.288,1540,11.9891596439666
3.25,2360,3873,2.0,0,0,3,8,1990,370,2006,0,47.5635,-122.299,1720,13.25321618582309
2.75,2180,7519,1.0,0,0,4,7,1310,870,1981,0,47.6959,-122.125,1510,13.250756592172728
2.25,1870,9000,1.0,0,0,3,7,1440,430,1978,0,47.7373,-122.198,1870,12.959844447906553
1.0,1220,3000,1.0,0,0,3,7,920,300,1926,0,47.6823,-122.365,1270,13.120361374733656
2.75,1800,7750,1.0,0,0,4,8,1400,400,1965,0,47.7776,-122.384,1800,13.217673557208654
1.5,2650,34000,2.0,0,0,4,7,2650,0,1930,0,47.7516,-122.237,1960,13.329377546788654
1.0,1340,6120,1.5,0,0,4,7,1340,0,1920,0,47.5272,-122.322,1260,12.449018824140563
2.75,1830,208216,2.0,0,0,3,8,1830,0,1997,0,47.4377,-122.464,1530,13.112313041550827
1.75,1780,11096,1.0,0,0,3,7,1210,570,1979,0,47.617,-122.051,1780,13.122363377404328
1.0,720,6000,1.0,0,0,3,6,720,0,1940,0,47.5266,-122.316,1040,11.951180395901384
1.75,2160,5863,1.5,0,0,4,7,1260,900,1928,0,47.5729,-122.315,1590,12.86099861326992
2.5,1920,7200,2.0,0,2,3,10,1780,140,1997,0,47.5709,-122.408,2080,13.710150042306449
3.25,2760,4104,2.0,0,0,3,8,1900,860,2014,0,47.5286,-122.187,2760,13.370784735902808
2.5,2029,3906,2.0,0,0,3,9,2029,0,2014,0,47.341,-122.18,2029,12.859530002921938
2.25,1990,6350,2.0,0,0,3,7,1990,0,1967,0,47.3822,-122.316,1220,12.100712129872347
1.75,1800,10200,1.0,0,0,3,8,1800,0,1967,0,47.4496,-122.146,2140,13.00019574343012
1.75,1680,7389,1.0,0,0,3,8,1150,530,1979,0,47.5199,-122.184,2100,12.840000466430148
2.5,2350,3760,2.0,0,0,3,8,2350,0,2014,0,47.4786,-122.123,2590,13.038970898840986
2.25,1610,11920,1.0,0,0,4,7,1110,500,1968,0,47.3683,-122.279,1690,12.531772785169476
1.5,1390,9680,1.0,0,0,4,7,1390,0,1956,0,47.634,-122.125,1460,12.959844447906553
1.0,2010,5210,1.5,0,0,3,9,1890,120,1927,0,47.6501,-122.37,2330,13.815510557964274
2.0,2120,8701,1.5,0,0,4,7,2120,0,1960,0,47.3722,-122.308,1720,12.429216196844383
1.5,1400,7582,1.0,0,0,3,7,1400,0,1956,0,47.4536,-122.33,1280,12.560244459250788
1.5,1320,15053,1.0,0,0,3,7,1320,0,1979,0,47.7405,-122.095,1250,12.611537753638338
2.0,3000,204732,2.5,0,2,3,8,3000,0,1979,0,47.6331,-121.945,2330,12.936033799212835
2.5,3390,9760,1.0,0,0,5,8,1750,1640,1978,0,47.4462,-122.137,2360,13.038981768465277
1.0,1630,10304,1.0,0,0,5,7,1630,0,1953,0,47.7548,-122.317,1480,12.89921982609012
2.5,3860,42733,1.0,0,3,4,8,2300,1560,1955,0,47.3117,-122.254,2520,12.971540487669746
2.0,930,11475,1.0,0,0,3,7,930,0,1978,0,47.4644,-121.745,1280,12.449018824140563
3.0,2200,4466,2.0,0,0,3,7,2200,0,1968,0,47.7005,-122.339,1780,13.017002861746503
2.5,3070,34991,2.0,0,0,3,9,3070,0,1995,0,47.4721,-122.148,2150,13.337474757021274
2.75,2660,223027,1.0,0,0,3,8,1330,1330,1962,2015,47.4127,-122.071,1560,13.269057756555132
2.0,2100,58488,2.0,0,0,3,9,2100,0,2005,0,47.72,-121.402,1440,12.821258284620408
2.5,2830,5010,2.0,0,0,3,9,2170,660,2000,0,47.6952,-122.327,1880,13.51169910358261
3.0,1560,1466,3.0,0,0,3,8,1560,0,2006,0,47.6604,-122.352,1530,13.369223455335854
3.25,4830,22257,2.0,1,4,4,11,4830,0,1990,0,47.6409,-122.241,3820,15.107741461798254
3.0,3570,10273,1.5,0,3,3,9,2630,940,1935,2007,47.6394,-122.077,3640,13.704578997256993
3.25,3090,7069,2.0,0,0,3,9,3090,0,2012,0,47.5114,-122.196,2480,13.329377546788654
4.25,4960,6000,2.5,0,0,3,11,3680,1280,1909,2003,47.6437,-122.356,2160,14.169682371684887
1.0,1120,10176,1.0,0,0,3,6,920,200,1905,0,47.5235,-122.277,1350,12.751299696013497
1.75,1120,9730,1.0,0,0,3,7,1120,0,1944,1989,47.7372,-122.221,2530,12.799399490807907
2.5,1600,1311,3.0,0,0,3,8,1600,0,2005,0,47.6903,-122.394,1390,13.049792684569493
2.0,1340,6783,1.0,0,0,4,7,1340,0,1987,0,47.3504,-122.177,1630,12.487485104968359
3.5,4750,8234,2.0,0,2,3,10,3350,1400,2013,0,47.3574,-122.318,2160,13.554145793829866
1.5,1740,12000,2.0,0,0,3,9,1740,0,1974,0,47.6276,-122.053,2580,13.197470849891134
2.5,1984,32400,1.0,0,0,3,8,1564,420,1962,0,47.36,-122.318,1390,12.84792653170257
1.0,1530,4370,1.0,0,0,3,7,1130,400,1946,0,47.6888,-122.308,1580,13.036696550647237
2.25,2060,10070,2.0,0,0,3,7,2060,0,1975,0,47.7258,-122.177,2060,12.992254692057308
2.75,2670,4780,2.0,0,0,3,8,2670,0,2013,0,47.4866,-122.155,2560,13.081541382884074
2.0,2530,5650,1.5,0,0,4,8,1910,620,1910,0,47.5778,-122.382,1310,13.355853220772683
3.5,3370,3634,2.0,0,0,3,9,2750,620,2007,0,47.5519,-122.001,3200,13.607255619143816
2.0,980,10640,1.0,0,0,5,7,980,0,1978,0,47.4462,-121.773,1230,12.594730635321957
2.5,2140,2770,2.0,0,0,3,8,1770,370,2007,0,47.6664,-122.131,2510,13.36295384232226
2.5,1900,15123,2.0,0,0,3,8,1900,0,1995,0,47.5015,-121.772,1900,12.92391243868049
2.0,1980,12150,1.0,0,0,3,9,1980,0,1994,0,47.3657,-122.152,2200,13.081333027846338
2.5,2710,6937,2.0,0,0,3,7,2710,0,2009,0,47.5153,-121.871,2380,13.208539238781313
2.5,2910,6338,2.0,0,0,3,8,2910,0,2008,0,47.4804,-122.126,2500,13.215853720491667
2.25,1000,905,3.0,0,0,3,8,1000,0,2006,0,47.6842,-122.387,980,12.628067055589549
1.5,1030,6969,1.0,0,0,4,6,1030,0,1921,0,47.5492,-122.3,1420,12.751299696013497
1.5,1390,2153,2.0,0,0,3,7,1390,0,2001,0,47.5506,-122.29,1100,12.496874845318198
2.25,2740,88426,2.0,0,0,3,7,2740,0,1991,0,47.4734,-122.006,2740,13.215853720491667
1.0,1410,7200,2.0,0,0,4,6,1410,0,1901,0,47.5924,-122.302,1640,13.458835614025542
2.75,2660,4500,1.5,0,0,5,8,1860,800,1909,0,47.6864,-122.347,1830,13.547631112808673
3.0,3520,4895,1.0,0,0,3,8,1980,1540,1954,0,47.6678,-122.361,1570,13.592367006650065
1.75,2460,4240,1.0,0,0,4,7,1230,1230,1925,0,47.6593,-122.337,1700,13.742939865129438
3.25,2610,2552,2.0,0,0,3,10,2160,450,2008,0,47.5322,-122.076,2610,13.493926933836812
2.25,1930,8338,1.0,0,0,3,8,1930,0,1968,0,47.7026,-122.285,2280,13.281075068559149
2.5,3210,8532,2.0,0,0,3,10,3210,0,1998,0,47.625,-122.144,2950,13.726679344257658
2.5,2460,4774,2.0,0,0,3,8,2460,0,2006,0,47.4912,-122.145,2510,13.112313041550827
1.0,810,8382,1.0,0,0,4,5,810,0,1942,0,47.5033,-122.358,1040,11.736069016284437
1.75,1500,6180,1.0,0,0,4,6,1060,440,1947,0,47.5689,-122.284,1740,12.994530005894443
1.0,1260,24550,1.5,0,2,4,7,1260,0,1937,0,47.5442,-122.396,2500,13.407542319637992
2.5,2460,38794,2.0,0,0,3,9,2460,0,1999,0,47.7602,-122.022,2470,13.353475098367715
1.75,1860,5584,1.0,0,0,3,8,1310,550,1951,0,47.637,-122.4,1630,13.664687668229691
1.0,1080,7775,1.0,0,0,3,6,1080,0,1955,0,47.5447,-122.394,1730,12.751299696013497
3.0,3600,9200,1.0,0,4,4,9,2100,1500,1976,0,47.5866,-122.116,2700,13.8878312195439
2.0,1400,9177,1.0,0,0,3,7,1400,0,1974,0,47.3415,-122.272,2020,12.358793732547838
2.5,2900,23488,2.0,0,0,3,9,2900,0,1992,0,47.6726,-122.03,2900,13.444446876573442
1.5,1290,5141,1.0,0,0,4,7,1050,240,1947,0,47.6878,-122.29,1290,13.389332408258568
1.75,2040,5000,1.5,0,0,3,7,1780,260,1924,0,47.6756,-122.299,1690,13.304684934198283
2.5,2320,6270,2.0,0,0,3,8,2320,0,2004,0,47.3501,-122.14,2150,12.694345864825653
1.75,1230,1107,2.0,0,0,3,8,1230,0,2006,0,47.5475,-121.999,1380,12.793859310432293
3.0,1530,1568,3.0,0,0,3,8,1530,0,2012,0,47.6998,-122.367,1460,13.070964814318328
2.5,2240,7245,1.0,0,0,4,7,1140,1100,1972,0,47.7161,-122.17,1740,13.071070083016778
2.5,2740,43101,2.0,0,0,3,9,2740,0,1993,0,47.7649,-122.049,2740,13.353475098367715
0.75,1020,1076,2.0,0,0,3,7,1020,0,2008,0,47.5941,-122.299,1020,12.691580461311874
2.5,2670,14455,2.0,0,0,5,9,2670,0,1958,0,47.7565,-122.284,1810,13.437174117244362
2.75,2520,9324,1.0,0,0,4,7,1320,1200,1962,0,47.7636,-122.294,1820,12.92391243868049
1.5,1440,8680,1.5,0,0,3,7,1440,0,1922,0,47.502,-122.228,1440,12.771386454580234
1.75,2060,9828,1.0,0,0,4,8,2060,0,1960,0,47.5867,-122.174,2260,13.369223455335854
2.25,2140,7910,1.0,0,0,3,7,1070,1070,1962,0,47.6071,-122.137,1680,13.180632285528304
1.0,740,5000,1.0,0,0,3,7,740,0,1923,0,47.5519,-122.292,1400,12.608198852372823
1.75,2580,19607,1.0,0,2,4,8,1290,1290,1958,0,47.5067,-122.197,1970,12.855790268162783
2.75,2690,8890,2.0,1,4,4,10,2690,0,1975,1991,47.5487,-122.197,2940,14.316285845876763
2.5,2850,25993,2.0,0,0,4,9,2850,0,1989,0,47.5318,-122.17,2480,13.415032991367148
2.25,2660,11200,2.0,0,0,4,8,2660,0,1972,0,47.4722,-122.131,2090,12.959844447906553
2.5,1830,2856,2.0,0,0,3,7,1830,0,2005,0,47.5524,-121.996,1850,13.171058298943088
2.75,2710,9204,1.5,0,4,3,9,1480,1230,1975,0,47.7039,-122.385,2960,14.17318500223609
1.5,2820,4000,2.0,0,0,3,7,2820,0,1911,0,47.6638,-122.348,1470,13.36138027787483
2.5,3240,13044,2.0,0,0,4,9,3240,0,1984,0,47.5825,-122.242,2920,13.997415361261886
2.0,1530,1442,3.0,0,0,3,9,1530,0,2015,0,47.6692,-122.372,1620,13.383187995686226
1.75,2190,6450,1.0,0,0,3,8,1480,710,1957,0,47.5284,-122.391,2190,13.547631112808673
2.25,1840,9781,2.0,0,0,3,7,1840,0,1989,0,47.7347,-121.976,1490,12.718896271958837
1.75,1350,6315,1.0,0,0,3,8,1350,0,2005,0,47.7141,-122.032,1665,12.969212197910155
2.75,2410,5650,1.5,0,0,5,8,2070,340,1909,0,47.5651,-122.391,1960,13.521139497361697
2.5,2020,3000,1.0,0,0,4,6,1010,1010,1910,0,47.5621,-122.291,1670,12.89921982609012
1.0,1540,5000,1.5,0,0,4,7,1090,450,1922,0,47.6754,-122.294,1590,13.203021280421783
2.5,2600,8921,2.0,0,0,3,8,2600,0,1991,0,47.4423,-122.178,2550,12.8790171187726
2.0,1494,19271,2.0,1,4,3,7,1494,0,1943,1997,47.4728,-122.497,1494,13.049792684569493
2.5,2910,7364,2.0,0,0,3,10,2910,0,2003,0,47.6906,-122.213,2480,14.173744286367
3.25,3900,40962,2.0,0,0,3,10,3900,0,1991,0,47.683,-122.063,1730,13.567049198665774
1.75,2090,12026,1.0,0,0,4,7,2090,0,1948,0,47.3095,-122.217,1700,12.423198124518821
2.5,2760,8015,1.0,0,0,4,8,1600,1160,1960,0,47.7255,-122.297,460,12.842649474601725
2.0,2660,4500,1.0,0,0,4,7,1330,1330,1922,0,47.6391,-122.403,1790,13.312983737012978
1.0,840,3844,1.0,0,0,4,6,840,0,1919,0,47.7048,-122.347,1040,12.577636201962656
1.75,2110,11250,1.0,0,0,4,8,2110,0,1961,0,47.5402,-122.216,2560,13.518451323699896
2.5,2670,11877,2.0,0,0,3,9,2670,0,1996,0,47.6327,-122.036,2430,13.414958361716755
2.25,1950,9600,1.0,0,0,4,7,1200,750,1987,0,47.2762,-122.148,1760,12.468436909997665
1.5,1280,7400,1.0,0,0,3,7,1280,0,1958,0,47.6023,-122.123,1310,12.814206451763162
1.75,1610,4104,1.0,0,0,3,7,950,660,1996,0,47.5565,-122.275,1510,12.891691559669328
3.0,1720,70567,1.0,0,2,5,7,1720,0,1966,0,47.4936,-122.069,2740,13.218378763038016
1.0,700,2500,1.0,0,0,4,7,700,0,1907,0,47.5662,-122.364,1340,12.594730635321957
2.0,1410,6413,1.0,0,0,4,7,910,500,1947,0,47.6826,-122.298,1330,13.287877815881902
2.0,3080,17700,1.0,0,0,4,8,1740,1340,1965,0,47.4695,-122.366,2100,13.180632285528304
1.5,1420,22100,1.0,0,0,5,7,1420,0,1957,0,47.4193,-122.149,1540,12.505806799006097
2.5,3030,9500,2.0,0,0,3,8,3030,0,1989,0,47.3511,-122.287,2650,12.815702338354745
2.0,1960,190357,1.0,0,3,2,8,1960,0,1971,0,47.5538,-121.958,2560,13.038981768465277
2.25,1450,4040,2.0,0,0,3,7,1450,0,2010,0,47.3665,-122.022,1610,12.524526376648708
4.0,4470,17877,3.0,0,3,3,9,3230,1240,2013,0,47.4514,-122.273,1790,13.30268293152761
1.75,1900,7076,1.0,0,0,3,7,1130,770,1977,0,47.7569,-122.326,1540,12.66032791780777
2.5,2090,5040,2.0,0,0,3,9,2090,0,2014,0,47.4797,-122.23,1430,12.86876061860541
3.5,2600,5100,2.0,0,0,3,8,1820,780,2003,0,47.6948,-122.395,2000,13.490472698968725
2.5,2120,15000,2.0,0,0,4,8,2120,0,1983,0,47.7159,-122.1,2170,13.3645249345543
2.75,1250,1655,2.0,0,0,3,7,830,420,2006,0,47.5554,-122.382,1520,12.821258284620408
2.25,2380,16236,1.0,0,0,3,7,1540,840,1961,0,47.6126,-122.12,2230,13.458692746677631
2.5,1930,7014,2.0,0,0,3,8,1930,0,1994,0,47.3921,-122.163,1990,12.644327576461329
1.5,1810,349351,1.5,0,0,3,7,1810,0,2002,0,47.3392,-121.897,2480,12.971540487669746
1.75,1680,2552,1.0,0,0,4,7,840,840,1952,0,47.6848,-122.391,1220,13.081541382884074
2.5,2448,4949,2.0,0,0,3,9,2448,0,2014,0,47.3428,-122.179,2815,13.01043690853219
3.5,1450,1091,2.0,0,0,3,8,1200,250,2007,0,47.6475,-122.359,1490,13.217673557208654
1.0,1150,7260,1.0,0,0,3,7,1150,0,1959,0,47.7344,-122.333,1200,12.30591798049989
2.5,1190,3000,2.0,0,0,3,7,1190,0,2002,0,47.4933,-122.275,1190,12.341477282536376
2.0,2190,5400,1.0,0,2,5,7,1260,930,1952,0,47.6737,-122.4,2160,13.554080856656558
2.5,3510,13100,2.0,0,0,4,10,3510,0,1966,0,47.5306,-122.227,3230,14.042646130548022
2.5,2630,10131,2.0,0,0,3,9,2630,0,1989,0,47.7695,-122.259,2800,13.319573546692034
2.5,2780,6369,1.0,0,0,3,8,1590,1190,1978,0,47.7284,-122.216,2170,13.132313708257497
2.5,2040,5616,2.0,0,0,3,8,2040,0,2012,0,47.7737,-122.238,2380,13.126355398673866
1.0,1020,5000,1.5,0,0,4,6,1020,0,1906,0,47.6725,-122.396,1490,13.017002861746503
2.5,2290,6738,2.0,0,0,3,8,2290,0,1996,0,47.5714,-122.005,2100,13.253391639810733
2.5,2210,213008,1.0,0,0,4,7,1210,1000,1975,0,47.4039,-121.98,2270,12.936033799212835
2.5,1490,7111,2.0,0,0,3,7,1490,0,1999,0,47.5261,-121.826,1500,12.676076274775909
1.0,1120,7440,1.0,0,0,4,7,1120,0,1939,0,47.7405,-122.323,1170,12.724568775600384
1.75,1830,5375,1.0,0,0,2,7,1060,770,1962,0,47.4169,-122.316,1040,12.468436909997665
2.75,2790,8092,2.0,0,0,3,8,2790,0,2013,0,47.4834,-121.773,2790,13.13361385280218
1.5,1450,7316,1.0,0,0,3,7,1450,0,1961,0,47.7725,-122.349,1440,12.971540487669746
2.25,2130,8078,1.0,0,0,4,7,1380,750,1977,0,47.4482,-122.209,2300,12.647869682885728
1.0,830,8183,1.0,0,0,5,6,830,0,1950,0,47.7366,-122.302,1180,12.699243334057444
2.0,1360,5433,1.0,0,0,3,8,1360,0,1974,2003,47.3804,-122.32,1160,12.449018824140563
1.75,1720,7200,1.0,0,0,3,7,1140,580,1977,0,47.6977,-122.132,1700,13.17115354157376
2.75,2750,14982,1.0,0,3,3,9,1720,1030,1981,0,47.3566,-122.32,2860,13.312487746261304
2.25,1880,9163,2.0,0,0,3,8,1880,0,1981,0,47.4362,-122.165,1900,12.66032791780777
2.75,2630,7505,2.0,0,0,3,8,2630,0,1994,0,47.6846,-122.163,2670,13.493926933836812
2.5,3700,12500,1.0,0,0,5,8,1920,1780,1973,0,47.5403,-122.168,2020,13.287877815881902
3.75,2780,5002,2.0,0,0,3,10,2780,0,1999,0,47.5939,-122.15,3110,13.610943392223
2.0,1560,3840,1.0,0,0,4,6,960,600,1924,0,47.6882,-122.365,1560,13.036805489042683
2.5,2320,6775,1.0,0,0,3,8,2320,0,2008,0,47.7158,-122.016,1680,13.49812500613905
3.75,3700,7920,3.0,0,4,3,9,2900,800,1983,0,47.6865,-122.266,2860,14.151982794585487
2.0,2080,4549,1.0,0,0,5,7,1040,1040,1954,0,47.6886,-122.309,1620,13.331813601586536
1.0,1150,4000,1.0,0,0,3,7,1150,0,1947,0,47.6575,-122.394,1150,12.837344422372032
2.0,2350,6000,1.5,0,0,4,8,1990,360,1922,0,47.6476,-122.32,2010,13.681979165339751
2.25,1400,7205,1.0,0,0,3,7,1140,260,1985,0,47.349,-122.166,1970,12.301382825334498
1.0,740,8853,1.0,0,0,3,6,740,0,1943,0,47.4793,-122.336,850,12.348006141418841
2.0,1610,17600,2.0,0,0,3,6,1610,0,1930,1983,47.4855,-122.266,1310,12.580734844483294
1.0,870,7500,1.0,0,0,3,7,870,0,1947,0,47.5465,-122.384,1240,12.84779494409793
1.75,1680,15084,1.0,0,0,4,7,840,840,1979,0,47.6895,-121.912,1800,12.736700896592344
2.25,1290,1334,3.0,0,0,3,8,1290,0,2007,0,47.6719,-122.382,1350,13.10011776845701
3.5,3510,6005,2.0,0,0,3,8,2750,760,2010,0,47.5168,-121.87,3090,13.199324418540456
2.25,2750,6203,1.0,1,4,5,7,1620,1130,1959,0,47.6163,-122.068,2570,14.316285845876763
2.25,3040,28535,1.0,0,0,3,8,1890,1150,1951,0,47.3864,-122.223,1360,12.706847933442663
1.75,1200,5478,1.0,0,0,5,6,1200,0,1955,0,47.4959,-122.174,1270,12.429216196844383
2.25,2140,9990,1.0,0,0,4,8,2140,0,1962,0,47.3484,-122.298,2060,12.506177237980511
2.5,1600,2388,2.0,0,0,3,8,1600,0,2004,0,47.5345,-122.069,1410,12.89921982609012
1.75,1680,6200,1.5,0,0,3,7,1680,0,1916,0,47.5338,-122.384,1680,13.208541073645382
1.75,1540,10800,1.0,0,0,5,6,770,770,1947,0,47.5763,-122.222,2020,13.122363377404328
2.5,1710,8998,2.0,0,0,3,8,1710,0,1982,0,47.7236,-122.11,1710,13.079455876393052
2.5,1740,8750,1.0,0,0,4,7,1740,0,1959,0,47.3904,-122.299,1740,12.205822614274965
2.25,2090,45738,2.0,0,0,3,8,2090,0,1987,0,47.6876,-122.049,3420,13.304684934198283
2.25,2240,8800,1.0,0,0,5,8,2240,0,1957,0,47.5937,-122.172,2240,13.630385073837585
2.75,2740,6200,1.5,0,3,4,8,1820,920,1947,0,47.7084,-122.277,2430,13.560618308335483
2.5,2210,9226,2.0,0,0,3,8,2210,0,1998,0,47.4849,-121.782,2430,12.978262033430072
2.5,2990,6725,2.0,0,0,3,9,2990,0,2003,0,47.4928,-122.142,2790,13.17115354157376
2.5,2170,8680,1.0,0,0,3,7,1220,950,1959,0,47.6078,-122.192,2010,13.437174117244362
2.0,1590,5200,1.0,0,0,3,7,1320,270,1939,0,47.6864,-122.341,1620,13.487006490992238
2.25,1740,5460,1.0,0,0,3,7,1210,530,1998,0,47.3648,-122.046,1740,12.493129522588037
2.5,2260,93218,1.0,0,2,4,6,2260,0,1998,0,47.2582,-121.935,2180,12.813117127036707
2.0,1660,7509,1.0,0,0,3,7,1660,0,2002,0,47.4872,-122.144,2380,12.746942390644541
3.0,2470,9328,2.0,0,0,3,8,2470,0,1982,0,47.6025,-122.153,2470,13.353475098367715
1.0,720,5750,1.0,0,0,2,6,720,0,1943,0,47.5535,-122.393,980,12.644327576461329
1.0,1380,12000,1.0,0,0,3,7,1380,0,1963,0,47.3997,-122.215,1890,12.611537753638338
3.5,5220,15411,2.0,0,3,3,11,3550,1670,2006,0,47.592,-122.085,3110,14.208228093249936
1.75,2520,8442,1.0,0,0,4,7,1640,880,1953,0,47.6317,-122.205,2110,13.554145793829866
2.5,2020,4350,2.0,0,0,5,9,1730,290,1943,0,47.6503,-122.41,1620,13.226234985188736
1.75,2060,58341,1.0,0,4,3,8,1100,960,1982,0,47.4193,-122.439,1230,13.142166004700508
1.0,1020,8400,1.0,0,0,4,7,1020,0,1957,0,47.4905,-122.18,1690,12.542544882151386
1.75,1730,8320,1.0,0,0,3,7,1230,500,1977,0,47.327,-122.361,1840,12.460714863903755
1.75,2120,5000,2.0,0,0,3,7,1980,140,1920,2010,47.6666,-122.331,2020,13.547631112808673
1.5,1570,12196,1.0,0,0,4,7,1570,0,1972,0,47.4866,-121.786,1740,13.034624463096321
2.5,2360,4367,2.0,0,0,3,8,2360,0,2003,0,47.7731,-122.167,2360,13.102160670086809
2.75,4280,12668,2.0,0,0,3,9,3900,380,1947,2008,47.6185,-122.219,3590,14.457364444136669
2.5,2060,5750,1.0,0,0,3,7,1330,730,1976,0,47.5671,-122.391,1920,13.265597545490236
2.5,3170,8523,2.0,0,0,3,9,3170,0,2008,0,47.6854,-122.184,3230,13.617059619240436
1.75,1850,4388,2.0,0,0,5,8,1850,0,1941,0,47.6885,-122.381,1410,13.545013310266594
2.5,2420,7744,2.0,0,0,3,9,2420,0,1994,0,47.534,-122.18,2820,13.304684934198283
1.0,840,4200,1.0,0,0,3,5,840,0,1938,0,47.5292,-122.316,830,12.247296159430732
2.75,2300,24773,1.5,0,0,4,9,2300,0,1950,1985,47.5833,-122.242,2720,13.710150042306449
1.5,1450,6875,1.0,0,0,4,7,1450,0,1961,0,47.4205,-122.316,1270,12.429016176841717
1.75,2030,32565,1.0,0,0,3,8,1600,430,1981,0,47.7112,-122.098,2910,13.300509562787802
2.75,2150,9915,1.0,0,0,5,8,1240,910,1976,0,47.5378,-122.17,1980,12.926348493478372
1.75,2020,11095,1.0,0,0,4,7,1480,540,1975,0,47.7351,-122.183,2030,13.045482333068371
2.5,2350,7245,2.0,0,0,3,8,2350,0,1993,0,47.6318,-122.023,2350,13.302766428375653
2.5,1860,8117,1.0,0,0,4,8,1460,400,1966,0,47.6228,-122.104,2040,13.279367126213993
2.5,1510,1178,2.0,0,0,3,8,1060,450,2007,0,47.6181,-122.301,1510,13.151922179645874
2.5,3220,22588,2.0,0,0,3,10,3220,0,1996,0,47.7311,-122.055,3220,13.681979165339751
1.0,1100,27008,1.0,0,0,3,6,960,140,1935,0,47.4963,-122.249,1280,11.967180737247824
2.0,1410,6600,1.0,0,0,4,7,1410,0,1990,0,47.3596,-122.089,1750,12.542187675503545
2.25,1420,3750,2.0,0,0,3,7,1420,0,1987,0,47.5725,-122.383,1430,12.92391243868049
2.5,3180,12600,2.0,0,0,4,11,3180,0,1978,0,47.6366,-122.058,3030,13.710150042306449
2.0,1390,8250,1.0,0,0,3,7,1390,0,1987,0,47.3707,-122.094,1390,12.409013489526863
2.5,1260,3855,2.0,0,0,3,8,1260,0,1999,0,47.4908,-122.154,1310,12.611537753638338
1.0,1230,8636,1.5,0,0,4,6,1230,0,1954,0,47.3231,-122.219,1168,12.183315658407558
2.0,1540,10212,1.5,0,0,5,7,1540,0,1948,0,47.2056,-121.999,1480,12.468244583811861
1.5,1190,20672,1.5,0,3,3,7,1190,0,1948,0,47.4459,-122.359,2150,12.834681304952548
1.75,2290,4320,2.0,0,0,3,7,1980,310,1928,0,47.664,-122.31,2870,13.65063591477404
2.75,2750,17789,1.5,0,0,3,8,1980,770,1914,1992,47.6141,-122.212,3060,14.187074114396758
1.0,1180,10200,1.0,0,0,4,7,1180,0,1955,0,47.4358,-122.336,1330,12.404923504275338
1.75,1880,5752,1.0,0,0,4,7,940,940,1945,0,47.5354,-122.378,1110,12.928778628331663
1.5,1840,9990,2.0,0,0,5,8,1840,0,1961,0,47.7145,-122.369,2100,13.438632906708023
1.75,1435,8960,1.0,0,0,4,8,1435,0,1969,0,47.4525,-122.149,2030,12.873902018105829
1.75,1510,18439,1.0,0,0,3,7,1510,0,1971,0,47.5491,-122.046,1600,12.832011076396668
1.75,1500,7475,1.0,0,0,4,8,1500,0,1976,0,47.3155,-122.365,1940,12.404923504275338
1.75,1550,6000,1.0,0,0,5,7,1550,0,1944,0,47.6567,-122.399,1550,13.231755754175525
2.0,1710,5200,1.0,0,0,5,7,1030,680,1977,0,47.3651,-122.094,1390,12.345834587905333
3.0,2290,15600,1.0,0,0,3,8,1420,870,1948,1990,47.3558,-122.29,1890,13.049792684569493
2.5,3630,42884,1.5,0,0,3,9,2300,1330,1979,0,47.2617,-122.19,2830,12.89921982609012
1.0,1120,7797,1.0,0,0,3,6,1120,0,1948,0,47.4871,-122.22,2180,12.283866672970193
3.25,5790,12739,2.0,0,3,3,10,4430,1360,2014,0,47.538,-122.114,5790,14.375126345899696
2.5,2350,4456,2.0,0,0,3,7,2350,0,2004,0,47.5314,-121.854,2350,12.92391243868049
1.0,1070,6109,1.0,0,0,5,7,1070,0,1951,0,47.7207,-122.32,1170,12.727838209334498
2.5,1320,955,3.0,0,0,3,7,1320,0,2009,0,47.5202,-122.357,1300,12.560244459250788
1.5,1670,5060,2.0,0,2,5,7,1670,0,1925,0,47.5671,-122.379,1670,13.480037821676145
2.5,1810,4871,2.0,0,0,3,8,1810,0,1999,0,47.4088,-122.192,1850,12.594730635321957
2.5,2620,5450,2.0,0,0,3,9,2620,0,2001,0,47.6301,-122.019,2590,13.381645975334411
1.0,1410,6400,1.0,0,0,5,7,960,450,1955,0,47.4207,-122.334,1400,12.597547004611188
2.25,1850,4050,2.0,0,0,4,7,1850,0,1985,0,47.5669,-122.017,1650,13.005829561148378
1.75,1350,217852,1.0,0,0,3,8,1100,250,1953,0,47.2628,-122.03,2190,12.65714826489039
1.75,1740,8560,1.0,0,0,3,8,1500,240,1948,0,47.6475,-122.409,2240,13.62584409325319
3.0,3470,4750,2.0,0,2,3,9,2370,1100,2014,0,47.5917,-122.386,2420,14.01272072725198
2.25,2280,7500,1.0,0,0,4,7,1140,1140,1963,0,47.4182,-122.332,1660,12.721885810807203
2.5,2242,4800,2.0,0,0,3,8,2242,0,2013,0,47.2581,-122.2,2009,12.70076888736628
2.5,1630,2640,2.0,0,0,5,8,1630,0,1919,0,47.6452,-122.371,1630,13.592367006650065
3.25,1600,1298,3.0,0,0,3,8,1600,0,1999,0,47.6954,-122.375,1600,12.765688433465597
2.5,3220,8379,2.0,0,0,3,10,3220,0,2004,0,47.7043,-122.192,2720,13.525158256956614
2.5,2130,7199,2.0,0,0,3,8,2130,0,1990,0,47.6331,-122.027,1890,13.21128958659873
1.75,2350,7800,1.0,0,0,4,8,1510,840,1968,0,47.6225,-122.107,2220,13.533147646990093
3.25,3160,5000,2.0,0,0,5,9,2360,800,1965,0,47.6597,-122.274,2220,14.038654109278484
2.5,3520,9901,2.0,0,0,3,10,3520,0,1998,0,47.6084,-122.011,3490,13.626768433367397
2.5,1990,4936,2.0,0,0,3,8,1990,0,2004,0,47.5911,-122.018,2250,13.20835757057119
2.5,2370,6752,2.0,0,0,3,8,2370,0,1994,0,47.2703,-122.312,1870,12.644327576461329
2.5,2490,4751,2.0,0,0,3,7,2490,0,2001,0,47.4813,-122.188,2510,12.793859310432293
2.25,1830,25641,2.0,0,0,3,8,1830,0,1989,0,47.4786,-122.112,1500,12.84660987581782
1.5,960,1000,2.0,0,0,3,8,920,40,2008,0,47.6489,-122.335,1200,13.017002861746503
1.75,1170,976,2.0,0,0,3,9,780,390,2010,0,47.6192,-122.316,1280,13.180632285528304
1.0,1260,8910,1.0,0,0,4,7,1260,0,1949,0,47.7,-122.375,1560,13.005829561148378
1.5,1470,17577,1.0,0,0,5,7,1470,0,1967,0,47.4695,-122.116,2300,12.772805901234461
2.25,2190,45738,1.0,0,0,3,8,2190,0,1990,0,47.7108,-122.12,2970,13.337474757021274
1.0,1080,10200,1.0,0,0,4,7,1080,0,1962,0,47.3215,-122.351,1230,12.240474072247506
2.5,3470,4160,2.0,0,0,3,9,2480,990,1927,0,47.63,-122.363,2280,14.077874822431765
2.75,2410,6000,1.0,0,0,5,8,1410,1000,1950,0,47.6707,-122.399,1760,13.5985975564007
2.5,2550,4500,2.0,0,0,3,7,2550,0,2009,0,47.4916,-122.153,2340,12.936033799212835
2.5,2370,7875,2.0,0,0,3,9,2370,0,2003,0,47.5427,-121.863,2660,13.166380262821104
1.0,1310,3963,1.0,0,0,5,7,1310,0,1986,0,47.6826,-122.096,1010,12.948009990259552
2.25,2490,8700,1.0,0,0,3,7,1890,600,1976,0,47.7397,-122.324,1470,13.00019574343012
1.0,1210,33919,1.0,0,0,3,7,1210,0,1954,0,47.4375,-122.184,1640,12.577636201962656
3.5,4220,5817,2.0,0,0,3,9,2910,1310,2006,0,47.5392,-121.862,4290,13.358225701126313
2.75,1980,3128,2.0,0,0,4,9,1980,0,1979,0,47.6109,-122.114,1950,13.102160670086809
1.5,1210,5240,1.0,0,0,4,7,610,600,1983,0,47.5524,-122.356,1560,12.628067055589549
1.75,1680,9460,1.0,0,0,4,7,1680,0,1959,0,47.5525,-122.182,1690,13.051940913107783
2.5,3190,24170,2.0,0,0,3,10,3190,0,2002,0,47.6209,-122.052,2110,13.601698334078948
1.75,1510,4980,1.0,0,0,3,8,1510,0,2006,0,47.7191,-122.023,1350,12.945626198904275
1.0,980,8000,1.0,0,0,4,6,980,0,1954,0,47.42,-122.317,1240,12.225875272826354
1.75,1240,13869,1.0,0,0,4,7,1240,0,1957,0,47.6919,-122.21,1970,13.422467969854667
3.5,3990,5267,2.0,0,0,3,10,3990,0,2008,0,47.5641,-122.124,3230,13.892471599100402
1.0,1320,6135,1.0,0,0,4,7,880,440,1942,0,47.5265,-122.379,1050,12.818551923022664
3.5,4740,172497,2.0,0,0,3,11,4740,0,2003,0,47.6779,-122.075,2120,13.997832114758229
1.75,1670,9500,1.0,0,0,3,7,1670,0,1976,0,47.7254,-122.31,1620,12.691580461311874
3.0,4590,9150,2.0,0,0,3,10,3490,1100,1981,0,47.7234,-122.372,2910,13.77468856344402
2.25,1370,1248,2.0,0,0,3,7,1200,170,2000,0,47.6399,-122.32,1800,13.226723392728571
2.5,2080,4931,2.0,0,0,3,8,2080,0,2000,0,47.5342,-121.868,1890,13.136167658380726
3.0,5430,108900,2.0,0,0,4,10,5430,0,1987,0,47.6582,-122.038,3170,14.122995257712235
2.25,1230,989,3.0,0,0,3,8,1230,0,2007,0,47.6975,-122.348,1230,12.782686009834167
1.5,1360,1934,2.0,0,0,4,7,1360,0,1978,0,47.2857,-122.189,1360,11.918390573078392
3.25,1460,1254,3.0,0,0,3,8,1460,0,2000,0,47.6535,-122.353,1400,13.163505320735505
2.5,2720,7250,2.0,0,0,3,9,2720,0,1990,0,47.6894,-122.195,2870,13.721199878493033
1.0,760,4000,1.0,0,0,3,7,760,0,1944,0,47.6896,-122.396,1520,12.936033799212835
2.0,2360,18000,1.0,0,0,4,8,2180,180,1951,0,47.7133,-122.367,2600,13.471610805514265
3.25,3680,10300,1.5,0,0,4,10,3680,0,1927,0,47.6548,-122.28,2690,14.204168547756057
1.75,1860,9364,1.0,0,0,3,7,1080,780,1953,0,47.731,-122.301,1800,13.076319438902923
1.0,860,1664,1.5,0,0,3,7,860,0,1927,0,47.6761,-122.384,1540,12.89896979483491
2.0,2380,17950,2.0,0,0,4,8,2110,270,1934,0,47.7591,-122.28,2030,13.217673557208654
1.75,1700,6120,1.0,0,0,3,7,1700,0,1952,0,47.5807,-122.397,1330,13.122363377404328
2.25,1870,1900,3.0,0,0,3,8,1870,0,2008,0,47.6537,-122.34,1690,13.554145793829866
2.5,3280,7100,2.0,0,4,3,10,2180,1100,1911,1987,47.6285,-122.362,3240,14.648419680899378
2.25,1990,6256,1.0,0,0,3,7,1390,600,1960,0,47.6903,-122.206,2080,13.337474757021274
2.5,2270,100545,2.0,0,0,3,8,2270,0,1998,0,47.4815,-122.47,1277,13.279367126213993
2.5,3800,104979,2.0,0,0,3,8,3210,590,2005,0,47.4304,-121.841,2040,13.064734264567692
1.5,1810,8232,1.0,0,0,3,8,1810,0,1988,0,47.3195,-122.273,2260,12.611537753638338
1.5,1340,6200,1.0,0,0,5,6,1340,0,1959,0,47.6214,-122.119,1210,13.07087006301411
2.25,3290,5000,2.0,0,0,3,9,2730,560,1939,0,47.6582,-122.28,2340,14.209240409854017
1.0,910,4000,1.0,0,0,3,7,910,0,1918,0,47.5427,-122.388,1060,12.89921982609012
1.75,2320,55847,1.0,0,2,4,8,2320,0,1960,0,47.3121,-122.253,2400,13.202098345423183
1.75,1950,13320,1.0,0,0,4,8,1370,580,1969,0,47.6196,-122.139,2120,13.36138027787483
2.5,3130,5795,2.0,0,0,3,9,3130,0,2008,0,47.4997,-122.151,2950,13.17115354157376
2.25,1130,1221,2.0,0,0,3,8,1030,100,2004,0,47.6799,-122.375,1300,12.987688474077727
2.0,1440,4855,2.0,0,0,4,7,1440,0,1972,0,47.5717,-122.287,1300,12.714395139078047
3.5,2720,7598,2.0,0,0,3,8,1860,860,1993,0,47.6931,-122.283,2430,13.444446876573442
1.0,1310,7128,1.0,0,0,4,7,940,370,1980,0,47.3958,-122.189,1400,12.441144767709657
1.75,1930,14389,1.0,0,0,3,7,1130,800,1963,1998,47.7733,-122.317,1730,12.86099861326992
1.0,1180,6000,1.0,0,0,3,7,1180,0,1950,0,47.6853,-122.286,1680,13.13626628257332
2.75,3360,41250,1.0,0,0,4,7,1820,1540,1988,0,47.2604,-122.023,2580,12.70684490313504
1.5,1980,7958,1.5,0,0,3,7,1980,0,1962,0,47.4571,-122.17,1510,12.2783933071098
2.5,2300,6009,1.0,0,0,3,8,2300,0,2005,0,47.7067,-122.013,1640,13.512376380953572
2.5,1480,8381,1.0,0,0,4,7,1480,0,1968,0,47.7078,-122.288,1710,13.212204081404119
2.5,2270,9247,1.0,0,0,5,8,1500,770,1972,0,47.5602,-122.176,2270,13.337232792266294
2.0,1140,11161,1.0,0,0,4,7,1140,0,1998,0,47.209,-122.012,1720,12.429216196844383
1.0,1180,6050,1.0,0,0,3,6,820,360,1944,0,47.4945,-122.249,1070,12.175613438045465
2.5,3180,11652,2.0,0,1,3,9,3180,0,1977,0,47.567,-122.212,3110,13.652991628466498
2.5,1780,3600,2.0,0,0,3,7,1780,0,2006,0,47.3665,-122.017,2020,12.598114733306197
1.75,1580,8820,1.0,0,0,4,7,1580,0,1967,0,47.317,-122.325,1280,12.323855681186558
1.0,1010,4000,1.0,0,0,3,7,1010,0,1947,0,47.5311,-122.382,1480,12.727838209334498
1.0,1070,20450,1.0,0,0,2,6,1070,0,1948,0,47.4338,-122.183,1360,11.461632170582678
2.5,1780,2778,2.0,0,0,3,8,1530,250,2007,0,47.5487,-122.372,1380,13.001325049027272
1.5,1280,8000,1.0,0,0,3,6,1280,0,1960,0,47.4949,-122.255,1420,12.409013489526863
1.0,800,16306,1.0,0,0,2,6,680,120,1931,0,47.4916,-122.308,1270,12.429216196844383
3.5,3790,6874,2.5,0,0,3,9,3790,0,2010,0,47.6956,-122.022,3370,13.681979165339751
1.0,720,2500,1.0,0,0,3,7,720,0,1910,0,47.6597,-122.345,1520,12.991343114965925
2.5,1680,4075,2.0,0,0,3,7,1680,0,2008,0,47.6964,-122.024,1710,12.884106188280072
1.0,1020,9147,1.0,0,0,4,6,1020,0,1900,1965,47.3127,-122.002,1600,12.273731294003989
1.75,1700,9000,1.0,0,0,3,7,1700,0,1967,0,47.7308,-122.18,1930,12.955127458028414
1.0,1020,5500,1.5,0,0,3,7,1020,0,1961,0,47.5502,-122.286,1160,12.100712129872347
2.75,3050,8904,1.0,0,0,4,8,1650,1400,1956,0,47.5709,-122.214,2920,13.852806342707972
1.0,1240,7194,1.0,0,0,3,6,1090,150,1936,0,47.7636,-122.202,2090,12.644327576461329
1.75,1740,6620,1.5,0,0,3,8,1740,0,2002,0,47.526,-121.828,1560,12.765688433465597
1.0,1050,9600,1.0,0,0,4,6,1050,0,1959,0,47.3274,-122.346,990,12.198544379109382
1.75,2400,7700,1.5,0,0,4,7,1500,900,1927,0,47.7125,-122.332,1530,12.871334622600584
1.75,1380,10529,1.0,0,0,3,7,1380,0,1967,0,47.7119,-122.233,1670,12.751299696013497
1.75,1894,52769,1.5,0,0,4,6,1520,374,1936,0,47.3088,-122.273,1820,12.542544882151386
2.0,2930,14057,1.0,0,2,4,8,1680,1250,1980,0,47.4025,-122.463,2234,13.208541073645382
2.25,1640,5880,1.0,0,0,3,7,1240,400,1977,0,47.5323,-122.351,1200,12.936033799212835
2.5,3840,16619,2.0,0,1,4,10,3840,0,1983,0,47.5634,-122.213,3600,13.927051932697182
2.5,3230,16171,2.0,0,3,3,9,2520,710,2001,0,47.3183,-122.253,2640,13.081541382884074
2.0,1280,7633,1.0,0,0,3,7,1280,0,1991,0,47.3883,-122.05,1450,12.542544882151386
2.5,1930,4500,2.0,0,0,3,8,1930,0,1990,0,47.5791,-122.001,1770,12.959844447906553
1.5,1230,7200,1.0,0,0,3,7,1230,0,1953,0,47.7281,-122.311,1400,12.957488734214095
1.0,1080,9435,1.0,0,0,3,6,1080,0,1958,0,47.459,-122.181,1200,12.345834587905333
2.25,3400,12825,1.0,0,1,3,9,3400,0,1961,0,47.5435,-122.26,2510,13.765269341527528
2.0,1360,6685,1.0,0,0,3,7,1360,0,1952,0,47.7365,-122.324,1300,12.577636201962656
2.5,2750,11830,2.0,0,0,3,9,2750,0,2014,0,47.4698,-122.121,2310,13.348701819615057
2.0,1960,8846,1.0,0,3,4,6,980,980,1940,0,47.5101,-122.246,2190,12.793859310432293
2.0,2360,12744,2.0,0,0,5,7,2360,0,1964,0,47.483,-122.164,1650,12.983101310070822
2.25,1680,35127,2.0,0,0,3,7,1680,0,1987,0,47.3025,-122.067,1820,12.560244459250788
2.25,2290,9772,1.0,0,0,3,8,2290,0,2007,0,47.7199,-122.025,1810,13.510343171171474
1.0,1730,7350,1.5,0,0,4,6,1730,0,1970,0,47.3467,-122.307,1440,11.934919875029603
1.5,1960,6000,1.0,0,0,3,8,1210,750,1951,0,47.6849,-122.333,2060,13.430142151555232
1.75,1200,7360,1.0,0,0,4,7,1200,0,1978,0,47.6979,-122.13,1200,12.86099861326992
3.25,4590,12793,2.0,0,2,5,11,3590,1000,1928,0,47.6453,-122.41,2920,14.843342664571336
2.0,1950,9940,1.0,0,0,4,7,1950,0,1963,0,47.6332,-122.118,1920,13.244581010128577
2.75,2050,7171,1.0,0,0,3,8,1540,510,1988,0,47.6194,-122.042,1960,13.176851562688398
2.75,1740,5639,1.0,0,3,3,7,1740,0,2010,0,47.1942,-121.977,2380,12.542544882151386
1.0,1370,8499,1.0,0,0,3,7,1370,0,1949,0,47.736,-122.301,1370,12.611537753638338
2.5,2460,10300,1.0,0,0,3,10,2460,0,1992,0,47.6999,-122.391,2410,13.81049801614073
2.0,1790,61419,2.0,0,2,2,7,1790,0,1988,0,47.7216,-121.907,1790,12.834681304952548
2.5,1980,7800,2.0,0,0,3,8,1980,0,1999,0,47.4492,-122.199,1700,12.793720411897448
1.0,1790,7055,1.0,0,0,5,8,1520,270,1937,0,47.718,-122.355,1710,12.948009990259552
3.5,3080,7759,2.0,0,0,3,8,2310,770,2003,0,47.7454,-121.977,2980,13.028052697933088
2.5,3118,7866,2.0,0,2,3,9,3118,0,2014,0,47.2931,-122.264,2673,13.202652208633133
1.75,2310,11200,1.0,0,0,4,8,1630,680,1978,0,47.3637,-122.21,2350,12.86099861326992
2.5,2390,5800,2.0,0,0,3,9,2390,0,2000,0,47.5965,-122.038,2590,13.380101573483037
2.0,1450,7300,1.5,0,0,5,7,1450,0,1955,0,47.7517,-122.342,1660,12.834681304952548
1.0,1400,10403,1.0,0,0,4,6,1400,0,1976,0,47.362,-122.029,1230,12.354492650648448
2.25,2440,20828,1.5,0,0,4,8,2440,0,1975,0,47.3762,-122.158,2670,13.102140261715295
1.75,1150,698,2.0,0,0,3,7,1150,0,2013,0,47.5323,-122.071,1150,12.754483029623435
2.5,2440,18674,2.0,0,0,4,8,2440,0,1994,0,47.3672,-122.126,2530,12.765688433465597
2.75,2990,7200,2.0,0,0,3,8,2990,0,1997,0,47.4955,-122.16,2710,13.102160670086809
2.5,2240,6944,1.0,0,2,3,7,1310,930,1979,0,47.338,-122.258,1780,12.568978139219542
1.5,1320,14250,1.0,0,0,4,7,1320,0,1954,0,47.7016,-122.199,1720,13.142166004700508
2.5,3320,244807,2.0,0,0,3,9,3320,0,2001,0,47.3637,-121.955,2530,13.422467969854667
1.0,1350,8220,1.0,0,0,3,7,1060,290,1949,0,47.7224,-122.358,1540,12.706847933442663
2.5,2200,3141,2.0,0,0,3,7,2060,140,1994,0,47.5726,-122.305,1660,13.049792684569493
2.5,1790,3754,2.0,0,0,3,8,1790,0,2013,0,47.534,-121.841,1800,12.933621252807452
1.75,1560,9247,1.0,0,0,3,7,1160,400,1989,0,47.6954,-122.174,1690,13.102160670086809
2.5,2430,3249,2.0,0,0,3,8,2430,0,2010,0,47.5048,-122.155,2650,12.965709567358951
3.0,3450,16740,1.0,0,4,4,9,1960,1490,1949,1993,47.7067,-122.38,3220,14.615267473582477
1.75,2260,12238,1.0,0,0,3,9,2260,0,1967,0,47.5976,-122.178,2430,13.632788921148979
2.5,3050,12558,2.0,0,0,3,10,3050,0,1997,0,47.6549,-122.089,3543,13.670484785914017
2.0,1510,3240,1.0,0,0,5,7,870,640,1901,0,47.5972,-122.296,1420,12.92391243868049
2.5,1830,8133,1.0,0,0,3,8,1390,440,1996,0,47.7478,-122.247,2310,13.142166004700508
2.5,1590,3359,2.0,0,0,3,7,1590,0,2000,0,47.7349,-121.986,1820,12.644327576461329
2.5,2040,7800,2.0,0,0,3,7,2040,0,2003,0,47.473,-122.293,1860,12.591335046320818
2.5,3430,35120,2.0,0,0,3,10,3430,0,1984,0,47.6484,-122.182,3920,14.006957022535229
2.5,3180,9375,1.0,0,0,4,8,1590,1590,1967,0,47.5707,-122.129,2670,13.42984807715229
1.0,1210,9375,1.0,0,1,4,7,1210,0,1952,0,47.3865,-122.322,1680,12.384218830913648
2.5,1530,8500,1.0,0,0,5,7,1030,500,1996,0,47.3592,-122.046,1850,12.409013489526863
1.75,1200,8034,1.0,0,0,5,7,1200,0,1975,0,47.4135,-122.18,1270,12.400816722322686
1.0,1440,8320,1.5,0,0,3,7,1440,0,1946,0,47.7529,-122.318,1440,12.886641043883259
1.75,2340,9148,2.0,0,0,3,7,2340,0,1957,0,47.4232,-122.324,1390,12.254862809699606
1.0,920,5029,1.0,0,0,4,7,920,0,1938,0,47.6726,-122.265,1230,13.304684934198283
1.5,1530,23660,1.0,0,0,3,7,1530,0,1952,0,47.7467,-122.295,1800,13.017002861746503
1.0,1540,9450,1.0,0,0,4,7,1540,0,1960,0,47.3612,-122.315,1210,12.334905517373143
2.5,2580,6260,2.0,0,0,3,7,2580,0,2004,0,47.4858,-122.185,2160,12.832011076396668
2.5,2450,20348,1.0,0,0,3,8,1410,1040,1978,0,47.5887,-122.064,2450,13.017002861746503
1.5,1450,4694,2.0,0,0,3,7,1450,0,2011,0,47.3654,-122.021,1870,12.520883385370206
0.75,420,6720,1.0,0,0,3,5,420,0,1922,0,47.552,-122.311,1420,12.542544882151386
1.0,810,4368,1.0,0,0,3,6,810,0,1958,0,47.6915,-122.312,1890,13.017002861746503
1.75,1850,8580,1.0,0,0,3,7,1140,710,1960,0,47.4877,-122.24,2210,12.66032791780777
1.75,2190,9400,1.0,0,0,4,7,1450,740,1962,0,47.6531,-122.196,1980,13.493926933836812
3.75,3550,15151,2.0,0,0,3,11,3550,0,2004,0,47.5888,-121.971,4340,13.774584391351627
2.5,2330,4160,2.0,0,0,4,8,2330,0,1992,0,47.6367,-122.109,2940,13.369067193127552
2.5,2990,10711,1.0,1,4,3,9,1560,1430,1976,1991,47.3573,-122.324,2870,13.617059619240436
2.75,2760,7200,1.0,0,0,3,7,1430,1330,1979,0,47.7563,-122.147,2460,13.081541382884074
3.5,3310,6000,2.0,0,2,3,8,2200,1110,2010,0,47.5511,-122.391,1420,13.693342923990066
2.25,3510,13843,1.0,0,2,3,8,1850,1660,1959,0,47.5817,-122.246,2680,14.130321297804308
4.0,2530,1774,3.0,0,2,3,9,2100,430,2013,0,47.6362,-122.369,2160,13.929089212026485
2.5,1270,2509,2.0,0,0,3,8,1270,0,2004,0,47.5357,-122.365,1420,12.745485726148077
1.75,1710,4234,2.0,0,0,3,7,1330,380,1920,1979,47.5319,-122.386,1530,12.911642346088676
2.0,1800,5000,1.0,0,0,4,7,1080,720,1942,0,47.6738,-122.297,1800,13.335052470814679
2.25,1700,13500,1.5,0,0,4,7,1700,0,1962,0,47.4611,-122.067,1810,12.759814070272997
1.0,1122,6554,1.5,0,0,3,5,1122,0,1900,0,47.5135,-122.257,1610,12.487485104968359
1.0,1210,7140,1.5,0,0,3,6,1210,0,1921,0,47.7225,-122.349,1150,12.628067055589549
2.0,1990,6000,1.0,0,0,3,9,1260,730,1956,2015,47.6515,-122.397,1770,13.67911793305872
1.0,850,16400,1.0,0,0,3,6,850,0,1923,0,47.4889,-122.299,1100,12.542544882151386
1.75,2290,14800,1.0,0,0,3,8,1620,670,1965,0,47.7735,-122.273,2320,13.060487973686241
1.5,910,966,2.0,0,0,3,8,820,90,2006,0,47.627,-122.361,2740,13.028052697933088
1.75,1130,5111,1.0,0,0,4,7,930,200,1942,0,47.6379,-122.4,1360,13.244581010128577
2.5,2170,5257,2.0,0,0,3,7,2170,0,1989,0,47.6999,-122.305,1430,13.005829561148378
3.25,5210,35765,2.5,0,4,5,10,4940,270,1911,0,47.5463,-122.397,2590,14.601692604491408
1.0,1620,6000,1.5,0,0,5,7,1620,0,1905,0,47.4763,-122.206,1310,12.697715449879391
2.25,2420,31497,1.0,0,0,4,8,1750,670,1964,0,47.4422,-122.151,2040,12.873902018105829
1.0,1000,10560,1.0,0,0,3,7,1000,0,1955,0,47.3217,-122.317,1190,11.84939770159144
1.0,1300,5782,1.0,0,0,4,6,1300,0,1959,0,47.524,-121.821,1020,12.546109948315882
3.0,2490,5064,2.0,0,0,3,7,2490,0,2007,0,47.5139,-122.189,2470,13.015668638733366
2.5,2980,5377,2.0,0,0,3,9,2980,0,2006,0,47.7074,-122.101,3150,13.514270320913642
2.25,2170,15000,2.0,0,0,4,8,2170,0,1978,0,47.3863,-122.158,2430,12.994416363073707
1.5,2270,6010,1.0,0,0,3,8,1290,980,1954,0,47.6743,-122.269,2120,13.42409775214882
2.0,1600,5643,1.0,0,0,3,7,1600,0,1954,0,47.6968,-122.279,1600,12.990430706143503
2.25,2090,8941,2.0,0,0,3,7,2090,0,1975,0,47.4332,-122.167,1890,12.538967060803502
2.5,2700,9700,1.0,0,0,3,8,1670,1030,1978,0,47.7752,-122.198,2470,13.081541382884074
2.5,2570,10155,2.0,0,0,3,9,2570,0,1994,0,47.3842,-122.17,2770,12.845291484064564
1.0,1070,6120,1.0,0,0,3,6,1070,0,1962,0,47.4989,-122.317,1130,12.250089530946948
1.0,940,7125,1.5,0,0,4,7,940,0,1958,0,47.3756,-122.297,1170,12.128111104060462
1.5,1400,9087,1.0,0,0,3,7,1400,0,1954,0,47.7711,-122.34,1490,12.676076274775909
3.0,2180,7220,2.0,0,0,3,7,2180,0,1980,0,47.3046,-122.305,2260,12.345834587905333
2.5,1710,6773,2.0,0,0,3,8,1710,0,1993,0,47.2635,-122.312,2220,12.624782980388359
2.25,1780,3665,2.0,0,0,3,8,1780,0,2004,0,47.5495,-121.997,1770,13.120361374733656
2.25,2400,17842,2.0,0,0,4,7,2400,0,1973,0,47.2866,-122.217,1610,12.524526376648708
2.5,2400,12546,1.0,0,0,3,9,2400,0,1983,0,47.6317,-122.041,2940,13.190022025878143
2.75,3280,24440,2.0,0,0,3,10,3280,0,1996,0,47.7073,-122.07,3490,13.667590427887651
1.75,1150,6600,1.5,0,0,4,6,1150,0,1970,0,47.6709,-122.185,1530,12.821258284620408
2.0,1190,8190,1.5,0,0,3,7,1190,0,1945,0,47.6908,-122.397,1190,13.710150042306449
2.0,1960,7560,1.0,0,0,5,7,1160,800,1978,0,47.4081,-122.178,1950,12.429216196844383
2.5,1914,3272,2.0,0,0,3,8,1914,0,2009,0,47.4297,-122.189,1714,12.611537753638338
1.75,1770,12875,1.0,0,0,3,8,1770,0,1988,0,47.7438,-122.247,2150,12.89921982609012
2.5,2810,10613,2.0,0,0,3,9,2810,0,1989,0,47.5424,-122.141,2800,13.604789526648622
2.5,2250,10160,2.0,0,0,5,8,2250,0,1967,0,47.5645,-122.219,2660,13.87377946608825
2.75,2410,19447,2.0,0,2,3,10,2290,120,1968,0,47.5549,-122.211,2980,14.094368814806257
1.5,3120,7680,1.0,0,3,3,8,1660,1460,1956,0,47.646,-122.39,2900,13.791217865395229
3.5,2980,6349,2.0,0,3,3,9,2980,0,1998,0,47.6819,-122.208,2870,14.107433624673309
4.25,3530,7924,2.0,0,0,3,10,3530,0,2001,0,47.5894,-122.243,1750,14.151982794585487
1.0,950,3880,1.0,0,0,4,6,950,0,1919,0,47.687,-122.389,1660,13.16158409055761
1.75,1910,12596,1.0,0,0,3,7,1340,570,1977,0,47.7399,-122.099,1550,12.936033799212835
2.5,1322,6006,2.0,0,0,3,7,1322,0,2009,0,47.2706,-122.254,1440,12.2783933071098
2.0,1560,7500,1.0,0,0,4,7,1560,0,1968,0,47.7281,-122.181,1730,12.992254692057308
1.0,1660,11200,1.0,0,0,3,7,1660,0,1957,0,47.5121,-122.168,1380,12.47227568630483
2.5,3110,6479,2.0,0,0,3,9,3110,0,2005,0,47.5408,-121.861,3110,13.279367126213993
1.0,1410,40500,1.0,0,0,4,7,1410,0,1961,0,47.3199,-122.1,1570,12.570715759118084
2.0,1760,5500,1.0,0,1,3,7,780,980,1925,2004,47.5183,-122.265,1510,12.560244459250788
1.75,1980,10800,1.0,0,0,5,6,990,990,1948,0,47.5768,-122.222,2180,13.474427708785377
1.0,710,5120,1.0,0,0,3,6,710,0,1918,0,47.5224,-122.357,1150,12.283033686666302
2.5,2860,4500,2.0,0,2,3,8,1980,880,1915,0,47.6463,-122.371,2310,14.018451401960965
2.5,1900,7984,2.0,0,0,3,8,1900,0,1993,0,47.7433,-122.194,2650,12.983101310070822
1.75,1640,13566,1.0,0,0,4,7,1120,520,1977,0,47.7423,-122.099,1470,12.934224935288809
0.75,370,1801,1.0,0,0,5,5,370,0,1923,0,47.6778,-122.389,1340,12.528156144699286
2.75,2700,37011,2.0,0,0,3,9,2700,0,1984,0,47.3496,-122.088,2700,12.86099861326992
2.5,2490,4540,2.5,0,0,3,8,2490,0,2012,0,47.5051,-122.155,2640,12.933621252807452
1.0,1250,7210,1.0,0,0,4,7,1250,0,1968,0,47.4169,-122.168,1010,11.918390573078392
2.5,1400,4800,1.0,0,0,3,7,1200,200,1921,0,47.6865,-122.379,1440,13.193753373491
2.75,3630,38461,2.0,0,0,3,11,3630,0,2000,0,47.4289,-122.094,4440,13.482133526250363
2.0,2030,8649,1.0,0,0,3,7,2030,0,1998,0,47.5082,-122.166,1760,12.80765263256463
1.75,1580,6620,1.0,0,0,3,7,1580,0,1988,0,47.2798,-122.303,1580,12.542187675503545
2.0,2180,5440,1.0,0,0,5,7,1100,1080,1904,0,47.657,-122.345,1470,13.573438996764546
1.75,1230,13056,1.0,0,0,4,7,1230,0,1962,0,47.3171,-122.279,1690,12.072541252905651
1.0,1030,9916,1.0,0,0,4,7,1030,0,1972,0,47.7218,-122.176,1470,12.611371073081239
2.75,2330,3917,2.0,0,0,3,9,2330,0,2004,0,47.5527,-121.99,2620,13.37700559577791
1.75,1570,3000,2.0,0,0,4,7,1570,0,1908,0,47.6677,-122.316,1610,13.180632285528304
1.75,1590,5136,1.5,0,3,3,9,1320,270,1927,0,47.6424,-122.411,2520,13.652991628466498
1.75,1860,7700,1.0,0,0,4,8,1860,0,1964,0,47.626,-122.112,1860,13.253391639810733
2.5,2580,5823,2.0,0,0,3,8,2580,0,2002,0,47.5374,-121.875,2380,13.221756121282363
2.25,2780,15075,2.0,0,0,3,7,2780,0,1985,0,47.477,-122.116,1650,12.994416363073707
2.5,2910,8881,2.0,0,1,3,10,1940,970,1932,0,47.6424,-122.411,2540,13.9108207377686
1.0,1220,4541,1.0,0,0,3,7,890,330,1952,0,47.5387,-122.294,1670,12.544329003944888
2.25,2800,18673,1.0,0,0,5,9,1650,1150,1965,0,47.5893,-122.177,2800,13.753635154246187
2.25,2880,7599,1.0,0,2,3,9,1710,1170,1958,2002,47.6938,-122.215,2920,14.245993429047726
1.75,1590,14766,1.0,0,0,3,8,1590,0,1963,0,47.5902,-122.147,2040,12.834681304952548
1.5,1090,9862,1.0,0,0,3,8,1090,0,1987,0,47.6256,-122.036,1710,12.854483932248728
2.5,1780,47480,2.0,0,0,3,7,1780,0,1995,0,47.4723,-121.707,1890,13.112313041550827
3.5,3150,5500,2.0,0,0,3,9,3150,0,2014,0,47.6644,-122.293,1550,14.001990124906893
3.0,1850,9600,1.0,0,0,3,7,1230,620,1981,0,47.7717,-122.25,1970,12.779873068457553
2.5,1640,6991,1.0,0,0,3,7,1110,530,1967,0,47.7255,-122.327,1860,12.873902018105829
1.75,1100,7224,1.0,0,0,3,7,1100,0,1981,0,47.3717,-122.277,1700,12.345399710751273
1.0,1020,4980,1.0,0,0,4,7,850,170,1941,0,47.7039,-122.34,970,12.765688433465597
2.5,3002,6042,2.0,0,0,3,8,3002,0,2004,0,47.4231,-122.186,2566,12.885374419268066
1.0,1000,4640,1.0,0,2,3,7,1000,0,1915,0,47.5659,-122.389,1940,13.132313708257497
2.0,1440,5911,1.0,0,0,5,5,1440,0,1943,0,47.5072,-122.181,1500,12.354492650648448
2.5,2070,7200,2.0,0,0,3,8,2070,0,2001,0,47.6946,-122.211,1650,13.484224848030362
2.5,2730,9260,2.0,0,0,3,8,2730,0,2008,0,47.7222,-122.331,2730,13.337474757021274
4.5,5270,12195,2.0,1,4,3,11,3400,1870,1979,0,47.5696,-122.09,3390,14.77102200299171
1.0,1070,3000,1.0,0,0,4,7,870,200,1926,0,47.6828,-122.353,1890,13.217673557208654
2.25,1260,3000,2.0,0,0,3,7,1260,0,2003,0,47.5459,-121.997,1630,13.075271769870477
2.5,2670,10082,1.0,0,0,3,10,2670,0,1987,0,47.6359,-122.045,2740,13.372343582672098
1.0,2480,8906,1.0,0,0,3,7,1240,1240,1969,0,47.5366,-122.289,1800,12.765688433465597
1.75,1430,12632,1.0,0,0,3,7,1430,0,1959,0,47.6371,-122.123,1750,13.096019402064726
2.5,2090,4590,2.0,0,0,3,7,2090,0,2005,0,47.3992,-122.163,2190,12.611537753638338
3.25,3230,7800,2.0,0,3,3,10,3230,0,2005,0,47.6348,-122.403,3030,14.389874202534253
3.5,3200,10344,2.0,0,0,3,10,3200,0,2007,0,47.7636,-122.216,2550,13.457406021215947
2.25,1600,7916,2.0,0,0,3,7,1600,0,1991,0,47.194,-121.981,1540,12.542544882151386
1.0,1260,7660,1.0,0,0,3,6,1260,0,1947,0,47.7476,-122.35,1990,12.542544882151386
2.5,1380,1590,2.0,0,0,3,9,1160,220,2012,0,47.5444,-122.375,1380,12.765688433465597
2.5,2390,6441,2.0,0,0,3,7,2390,0,2002,0,47.3659,-122.029,2180,12.765545566117686
2.75,3550,6558,2.0,0,0,3,9,3550,0,2013,0,47.7076,-122.115,3140,13.767359689401852
2.75,2170,8396,2.0,0,0,3,7,2170,0,1995,0,47.3812,-122.023,2170,12.774223335915433
2.0,1860,13374,1.0,0,0,3,8,1860,0,1985,0,47.5397,-122.054,1960,13.235692062711331
2.25,1190,1137,2.0,0,0,3,7,960,230,1999,0,47.677,-122.325,1190,13.071070083016778
1.5,1940,4000,1.5,0,0,3,8,1310,630,1915,0,47.6205,-122.291,1940,13.498056327178823
2.0,1240,4800,2.0,0,0,3,6,1240,0,1910,0,47.4778,-122.211,1030,12.577636201962656
3.5,4040,50479,2.0,0,0,3,11,4040,0,1987,0,47.7196,-122.048,3770,13.721199878493033
1.5,880,1157,2.0,0,0,3,7,880,0,2007,0,47.5188,-122.376,1070,12.254862809699606
2.5,2301,6452,2.0,0,0,3,9,2301,0,2010,0,47.346,-122.269,2650,12.836013750186327
2.5,1930,8458,2.0,0,0,3,7,1930,0,1993,0,47.3645,-122.039,1670,12.691580461311874
1.75,1720,8867,1.0,0,0,3,8,1320,400,1985,0,47.44,-122.136,2200,12.759957758756611
2.75,3210,15939,2.0,0,1,3,10,3210,0,1998,0,47.3357,-122.351,2870,13.244581010128577
3.25,2460,4182,2.0,0,0,5,8,2100,360,1910,0,47.6782,-122.311,2370,13.805460222110773
3.25,3266,5398,2.0,0,0,3,8,3266,0,2014,0,47.2975,-122.35,3087,12.959726793926773
2.25,1200,1400,3.0,0,0,3,8,1200,0,2005,0,47.7046,-122.357,1370,12.676076274775909
2.25,1720,8521,1.0,0,0,4,7,1140,580,1984,0,47.6882,-122.184,1530,13.350295445450335
1.0,880,5750,1.0,0,0,3,6,880,0,1939,0,47.5642,-122.379,1190,12.542544882151386
2.5,4500,35200,1.0,0,0,3,13,4500,0,1988,0,47.5477,-122.126,4760,14.665661487333884
1.0,920,8282,1.5,0,0,3,6,920,0,1944,1980,47.761,-122.214,2260,12.644327576461329
2.5,2080,4828,2.0,0,0,3,8,2080,0,2002,0,47.3737,-122.132,2190,12.577636201962656
2.75,2440,7150,1.0,0,0,3,7,1200,1240,1963,1985,47.3662,-122.282,1790,12.506177237980511
2.25,2640,14959,1.0,0,0,4,7,1770,870,1929,0,47.6191,-122.234,3240,14.150553201775892
3.5,3600,5697,2.0,0,0,3,9,2940,660,2014,0,47.5755,-122.071,3490,13.676840269518083
1.75,1990,12950,1.0,0,0,4,8,1850,140,1968,0,47.5434,-122.166,2090,13.170010030871682
2.5,2828,4050,2.0,0,0,3,8,2828,0,2013,0,47.382,-122.197,2513,12.813117127036707
2.25,1820,8814,1.0,0,0,3,7,1280,540,1967,0,47.7162,-122.309,1810,12.959844447906553
2.25,1940,6500,1.0,0,0,3,8,1440,500,1979,0,47.3565,-122.149,1880,12.296827008798639
1.75,1870,6625,1.0,0,0,3,7,960,910,1948,0,47.5071,-122.249,1680,12.343658308482738
1.75,1430,8505,1.0,0,0,4,7,1430,0,1968,0,47.3173,-122.319,1190,12.323855681186558
1.0,1150,3000,1.0,0,0,3,6,780,370,1915,0,47.5624,-122.291,1150,12.996800154428984
1.0,1560,8450,1.5,0,0,4,6,1560,0,1954,0,47.4552,-122.354,1380,12.628067055589549
2.5,1780,7859,2.0,0,0,3,7,1780,0,1988,0,47.3772,-122.045,1670,12.641096555879882
2.25,3200,53357,2.0,0,0,4,9,3200,0,1972,0,47.755,-122.035,2650,13.573438996764546
1.0,1070,9750,1.0,0,0,3,7,1070,0,1947,0,47.7532,-122.318,1500,12.697715449879391
1.75,1610,38707,1.0,0,0,3,7,1610,0,1990,0,47.3778,-122.001,1930,12.674518812561042
2.25,1430,9150,1.0,0,0,3,7,1070,360,1984,0,47.3239,-122.35,1430,12.254862809699606
4.0,4430,9000,2.0,0,0,3,10,4430,0,2013,0,47.6168,-122.216,2470,14.71159858252091
3.25,3620,5500,2.0,0,2,3,9,3620,0,2003,0,47.5442,-121.996,3260,13.66002565512388
2.0,1480,2502,2.0,0,0,3,7,1480,0,1991,0,47.6969,-122.338,1850,12.779873068457553
4.0,4160,31796,2.0,0,0,3,11,4160,0,1989,0,47.6635,-122.017,4300,13.919870573288517
2.25,1530,7906,1.0,0,0,3,7,1150,380,1980,0,47.4418,-122.136,1460,12.66032791780777
2.25,3020,13031,2.0,0,0,3,9,3020,0,1989,0,47.6897,-122.098,2480,13.534473028231162
2.5,2000,5390,2.0,0,0,3,7,2000,0,2003,0,47.3732,-122.129,2330,12.556729517143344
2.5,2605,2216,2.0,0,2,3,9,2090,515,1979,0,47.6536,-122.203,2605,13.579535027834686
1.75,2130,20423,1.0,0,0,3,9,2130,0,1953,0,47.6339,-122.192,2370,13.411294669256542
1.0,1460,5825,1.0,0,0,5,5,1260,200,1942,0,47.4958,-122.191,1150,12.468244583811861
2.5,2490,8582,2.0,0,0,3,9,2490,0,2000,0,47.625,-122.042,2870,13.39132124085783
2.25,1580,6561,1.0,0,0,3,8,1200,380,1981,0,47.4394,-122.14,1710,12.676076274775909
2.0,2400,12753,1.0,0,0,4,7,2400,0,1962,0,47.6947,-122.177,1830,13.279367126213993
2.5,1770,5146,2.0,0,0,3,8,1770,0,1992,0,47.5704,-121.999,1870,13.047639831208393
2.5,1530,5032,2.0,0,0,3,7,1530,0,1998,0,47.6985,-122.349,1450,13.021437458814368
2.25,1830,6136,2.0,0,0,3,7,1830,0,1990,0,47.367,-122.181,1830,12.425208175446844
2.0,1600,13200,1.0,0,0,3,7,1600,0,1990,0,47.4656,-121.756,1360,12.639639183749212
1.75,1960,6138,1.0,0,0,4,7,1260,700,1960,0,47.6968,-122.299,2000,13.242809530480196
1.5,800,2142,2.0,0,0,3,7,800,0,2006,0,47.5917,-122.297,1320,12.628067055589549
2.25,1640,7200,2.0,0,0,4,8,1640,0,1985,0,47.5948,-122.153,1830,12.765688433465597
1.5,2020,9583,2.0,0,0,4,7,2020,0,1963,0,47.7283,-122.238,1770,13.036805489042683
0.5,580,6900,1.0,0,0,3,5,580,0,1941,0,47.5135,-122.262,1570,11.59910316121128
2.25,1840,10500,2.0,0,0,3,7,1840,0,1993,0,47.7326,-122.234,1840,13.084661510220318
1.5,1550,5034,2.0,0,0,4,7,1550,0,1922,0,47.7072,-122.36,1820,12.971540487669746
1.25,1230,4500,1.5,0,0,4,7,1230,0,1913,0,47.5301,-122.271,1310,12.524526376648708
2.5,2300,4307,2.0,0,0,3,8,2300,0,1998,0,47.7326,-122.197,2010,13.122363377404328
2.5,2300,9900,1.0,0,2,3,8,1600,700,1961,0,47.5256,-122.385,2510,13.514405465180353
1.5,1450,7000,1.0,0,0,3,7,1450,0,1955,0,47.5983,-122.15,1490,12.947771866672285
2.0,2040,13125,1.0,0,0,3,6,810,1230,1910,0,47.478,-122.278,1460,12.409013489526863
3.25,1540,704,3.0,0,0,3,9,1540,0,2011,0,47.6177,-122.308,1540,13.517104522149518
2.0,2130,8412,1.0,0,0,3,7,1440,690,1946,2000,47.7403,-122.318,2310,12.748396936355535
2.5,3830,4644,2.0,0,0,3,8,2900,930,2004,0,47.5384,-121.88,3400,13.42981131177057
1.0,1330,2400,1.5,0,0,4,6,1330,0,1901,0,47.65,-122.34,1330,13.329377546788654
2.25,1870,3230,2.0,0,0,3,7,1870,0,1997,0,47.4915,-122.167,1620,12.572103684392932
2.0,1430,5600,1.5,0,0,3,6,1430,0,1947,0,47.5192,-122.266,1860,12.994530005894443
1.0,1110,7128,1.0,0,0,3,7,1110,0,1980,0,47.6968,-122.124,1510,12.84660987581782
1.5,2070,5386,1.0,0,0,4,7,1140,930,1948,0,47.6896,-122.374,1770,13.233904752137237
1.0,1430,13300,1.5,0,0,3,6,1230,200,1921,0,47.6996,-122.203,1950,12.959844447906553
4.5,3180,4606,2.0,0,3,4,9,1990,1190,1929,0,47.6402,-122.405,2110,13.864300722133706
2.5,2310,7384,2.0,0,0,3,8,2310,0,2010,0,47.3737,-122.165,2310,12.644327576461329
2.5,3010,9323,2.0,0,0,3,10,3010,0,1992,0,47.578,-122.053,2840,13.534471703726974
2.75,3290,22649,2.0,0,0,4,8,3290,0,1993,0,47.5241,-122.193,2750,13.296316684527767
1.75,2490,7834,1.0,0,3,4,8,1240,1250,1958,0,47.6851,-122.209,3210,13.763164077592064
1.0,1120,7250,1.0,0,0,4,7,1120,0,1972,0,47.7143,-122.211,1340,12.745485726148077
2.5,2590,9354,2.0,0,0,4,9,2590,0,1993,0,47.7703,-122.193,2730,13.122363377404328
1.5,720,4346,1.0,0,0,4,6,720,0,1942,0,47.5225,-122.351,790,12.567237494741757
3.5,2970,5000,2.0,0,2,3,9,2200,770,2001,0,47.6772,-122.399,1470,13.67256354864434
2.5,1340,999,2.0,0,0,3,8,940,400,2008,0,47.5655,-122.386,1470,12.916568464424731
2.5,1650,5994,2.0,0,0,4,7,1650,0,1989,0,47.3603,-122.19,1930,12.517227074167097
2.5,2095,3438,2.0,0,0,3,7,2095,0,2008,0,47.3523,-122.213,1805,12.58621994565405
2.5,2930,8679,2.0,0,0,3,8,2930,0,2014,0,47.5164,-122.19,2030,13.36138027787483
1.75,1830,9425,1.0,0,0,3,8,1590,240,1946,0,47.5038,-122.379,1670,12.765688433465597
1.5,920,1598,2.0,0,0,3,7,920,0,1995,0,47.7081,-122.342,1110,12.449018824140563
1.5,1000,1188,3.0,0,0,3,8,1000,0,2005,0,47.6823,-122.327,2300,12.959726793926773
1.5,1130,746,2.0,0,0,3,8,1030,100,2009,0,47.6684,-122.363,1520,13.19188944005294
2.5,1990,20466,1.5,0,0,4,8,1410,580,1987,0,47.3259,-121.896,1660,12.751299696013497
2.0,1440,7680,1.0,0,0,3,7,1200,240,1971,0,47.7245,-122.2,1460,12.891691559669328
1.75,1330,4903,1.0,0,0,3,7,1330,0,1985,0,47.6819,-122.161,1470,12.994530005894443
3.25,2320,5900,1.5,0,2,4,9,2320,0,1910,0,47.597,-122.292,2320,13.747820408994324
3.5,2710,3475,2.0,0,0,3,8,1650,1060,2005,0,47.5359,-122.072,2440,13.348701819615057
1.0,780,1133,2.0,0,0,3,7,780,0,2009,0,47.5924,-122.295,1130,12.821258284620408
2.5,3130,12463,1.0,0,0,4,8,1620,1510,1978,0,47.569,-122.127,2740,13.422467969854667
2.5,2190,6300,1.0,0,3,3,7,1240,950,1960,0,47.6918,-122.216,2730,13.9108207377686
1.75,1430,8412,1.0,0,0,4,7,1070,360,1928,0,47.7218,-122.299,1490,12.834681304952548
3.25,1380,1225,3.0,0,0,3,7,1380,0,2000,0,47.7035,-122.351,1380,12.682306824526545
2.25,2590,10002,1.0,0,0,4,8,1340,1250,1968,0,47.7689,-122.266,1550,13.021437458814368
2.0,1760,11410,1.0,0,0,5,7,1060,700,1977,0,47.4528,-122.163,1680,12.666657052859417
2.0,1750,2640,1.0,0,0,3,8,1010,740,1914,2005,47.6419,-122.368,1750,13.602626695587679
2.5,2730,11380,2.0,0,0,3,10,2730,0,1995,0,47.58,-122.057,2800,13.554145793829866
2.5,1730,46638,2.0,0,0,3,8,1730,0,1991,0,47.4614,-121.709,1750,12.983101310070822
2.25,2210,14073,1.0,0,0,3,8,1630,580,1978,0,47.4774,-122.142,2340,12.983101310070822
2.5,2180,6500,2.0,0,0,3,7,1410,770,1945,0,47.5365,-122.37,920,12.983101310070822
2.25,1600,6202,2.0,0,0,4,7,1600,0,1986,0,47.3784,-122.046,1530,12.459551396640457
4.0,4390,6656,2.0,0,0,3,9,2930,1460,2008,0,47.648,-122.397,1560,14.0225247273486
2.5,2080,9846,1.0,0,0,3,7,1240,840,1984,0,47.3338,-122.268,1890,12.56706326353651
2.5,3110,217800,2.0,0,0,3,9,3110,0,2001,0,47.3281,-122.124,2220,13.233904752137237
2.5,1630,11592,2.0,0,0,3,8,1630,0,1987,0,47.7574,-122.228,1700,12.79496980471632
2.25,1930,8925,1.0,0,0,4,8,1930,0,1974,0,47.4501,-122.128,1930,12.57418196709457
1.75,2210,19025,1.0,0,0,4,7,1460,750,1952,0,47.5927,-122.203,2640,13.764217263576723
2.0,2210,5000,1.5,0,2,3,7,1710,500,1909,0,47.6754,-122.357,1920,13.437174117244362
2.5,1890,7053,2.0,0,0,4,8,1890,0,1992,0,47.3967,-122.183,2000,12.758519943986984
3.5,2514,1559,2.0,0,0,3,8,2024,490,2007,0,47.7044,-122.209,2090,13.262125319779487
3.5,3940,11632,2.0,0,0,3,10,3940,0,2014,0,47.438,-122.344,2015,13.66157352198021
2.5,2290,8319,2.0,0,0,3,8,2290,0,1985,0,47.3473,-122.151,2500,12.736553826954605
2.5,2170,7533,2.0,0,0,3,8,2170,0,1991,0,47.5057,-122.149,2170,13.0400681346775
1.75,2330,3800,1.5,0,0,3,7,1360,970,1927,0,47.6835,-122.308,2100,13.567049198665774
2.5,2400,6975,2.0,0,0,3,9,2400,0,1993,0,47.534,-122.179,2640,13.253391639810733
2.25,2350,18600,2.0,0,0,4,9,2350,0,1977,0,47.7473,-122.257,2880,13.524489584246979
1.5,1870,3300,2.0,0,2,3,7,1870,0,1906,0,47.6221,-122.325,1820,13.74616047982948
1.0,1730,177657,1.5,0,0,3,5,1730,0,1948,0,47.5163,-121.829,1400,12.611537753638338
1.0,960,3844,1.0,0,0,3,7,960,0,1972,0,47.7027,-122.346,1020,12.751299696013497
2.5,1920,1649,2.5,0,0,3,8,1600,320,2004,0,47.5901,-122.388,1650,13.203943364396752
3.25,4030,12765,2.0,0,0,4,9,2800,1230,1975,0,47.6331,-122.166,2670,13.698976741708323
2.5,1940,3784,2.0,0,0,3,8,1940,0,2003,0,47.4513,-122.119,1940,12.706847933442663
2.75,2600,5390,1.0,0,0,4,8,1300,1300,1960,0,47.6382,-122.397,2550,13.658856747918897
2.25,1230,11601,1.0,0,0,4,7,910,320,1992,0,47.1955,-121.991,1820,12.517227074167097
1.0,1000,10200,1.0,0,0,3,6,1000,0,1961,0,47.5687,-121.899,1150,12.269047444691562
2.75,2840,4000,1.5,0,0,5,8,1960,880,1912,0,47.5846,-122.291,2750,13.676248490630767
1.75,2270,9830,1.0,0,0,4,8,2270,0,1959,0,47.5999,-122.176,2540,13.329377546788654
2.5,1700,6698,2.0,0,0,3,7,1700,0,1997,0,47.3826,-122.028,2190,12.721885810807203
1.0,1380,5000,1.5,0,2,3,5,1380,0,1905,0,47.5708,-122.359,1500,13.58609739363647
1.75,1540,8223,1.0,0,0,4,7,1070,470,1987,0,47.3666,-122.089,1240,12.456831363877356
4.25,5150,7800,2.5,0,2,3,11,4170,980,1954,0,47.6288,-122.282,4270,14.626440774180603
2.5,2230,7200,1.0,0,0,4,7,1220,1010,1957,0,47.589,-122.156,1920,13.228523573232719
3.5,3120,5086,2.0,0,0,3,9,2480,640,2008,0,47.6762,-122.288,1880,13.767377527834967
1.0,760,6380,1.0,0,0,3,6,760,0,1941,0,47.6914,-122.31,1590,12.798293907500158
1.0,1210,6250,1.0,0,0,3,7,1210,0,1962,0,47.5008,-122.333,1210,12.072541252905651
2.5,1850,8198,2.0,0,0,3,7,1850,0,1993,0,47.4079,-122.186,1850,12.594730635321957
2.25,2200,7200,1.0,0,2,4,8,1220,980,1958,0,47.5818,-122.296,1940,13.321214236149494
1.75,1970,9389,1.0,0,0,5,7,1140,830,1960,0,47.7771,-122.339,1820,12.84779494409793
1.5,2840,10182,1.0,0,0,3,8,1510,1330,1951,0,47.524,-122.2,2210,12.429216196844383
1.0,1230,7560,1.0,0,0,3,7,1230,0,1961,0,47.7298,-122.34,1270,12.745485726148077
2.0,1520,3451,1.0,0,0,3,8,1520,0,1996,0,47.7753,-122.375,1800,12.931202871943169
1.0,1450,6000,1.0,0,0,4,7,1450,0,1953,0,47.5238,-122.287,1170,12.567237494741757
2.5,2510,83231,1.0,0,0,4,7,1260,1250,1975,0,47.4576,-121.984,2460,13.142166004700508
1.75,2140,4959,1.0,0,0,3,7,1080,1060,1965,0,47.5166,-122.266,1590,12.765688433465597
2.5,1380,951,3.0,0,0,3,9,1380,0,2006,0,47.6654,-122.355,1430,13.221303325259232
2.5,2400,9701,1.0,0,0,3,9,2400,0,1990,0,47.3081,-122.392,2400,12.779873068457553
2.0,1820,5000,1.5,0,1,3,7,1640,180,1945,0,47.6815,-122.269,2060,13.38472764187182
1.75,1480,2200,2.0,0,0,3,7,1480,0,1995,0,47.6969,-122.35,1360,12.936033799212835
2.25,1810,7630,1.0,0,0,4,7,1810,0,1959,0,47.497,-122.18,1830,12.542544882151386
2.25,2880,7200,1.0,0,0,3,8,1710,1170,1970,0,47.7707,-122.35,1880,13.122263372403996
2.5,1460,3044,2.0,0,0,3,7,1460,0,2000,0,47.544,-122.296,1490,12.611137673616998
1.0,890,5423,1.0,0,0,3,6,890,0,1946,0,47.6966,-122.368,1690,12.876462838967504
1.0,1190,8875,1.5,0,0,4,7,1190,0,1946,0,47.7487,-122.303,1190,12.530663867298165
1.0,1210,3328,1.5,0,0,4,7,1210,0,1924,0,47.6729,-122.363,1640,13.178743710840436
0.75,1040,15000,1.0,0,0,3,6,1040,0,1941,0,47.7639,-122.234,1410,12.345834587905333
1.0,1060,10350,1.0,0,0,4,7,1060,0,1980,0,47.365,-122.028,1500,12.235631447771718
2.0,1530,5250,1.0,0,0,3,7,1110,420,1981,0,47.7336,-122.339,1100,12.852652190273785
1.75,2600,18042,1.0,0,0,4,8,2020,580,1969,0,47.2969,-122.189,2200,12.736406735684207
3.5,2320,4960,2.0,0,0,5,7,1720,600,1926,0,47.6763,-122.352,1700,13.620103761621664
2.5,1890,6300,2.0,0,0,3,7,1890,0,2003,0,47.3673,-122.031,2100,12.644327576461329
1.75,1750,10870,1.0,0,0,5,7,1750,0,1968,0,47.4989,-122.188,1230,12.84792653170257
1.75,2360,6150,1.0,0,0,5,7,1180,1180,1940,0,47.6732,-122.4,2100,13.67739725583464
2.5,1350,941,3.0,0,0,3,9,1350,0,2007,0,47.6265,-122.364,1640,13.680835654637672
2.5,2170,8140,2.0,0,0,3,9,2170,0,1994,0,47.385,-122.169,2390,12.873773804758644
2.5,1620,79993,1.0,0,2,4,6,1620,0,1960,0,47.2138,-121.982,1620,12.608198852372823
2.25,1740,10875,1.0,0,0,3,8,1740,0,1967,0,47.5132,-122.157,1680,12.971424201839042
1.0,1050,9876,1.0,0,0,3,7,1050,0,1953,0,47.7635,-122.262,1760,12.644327576461329
1.5,1680,5202,1.5,0,0,2,7,1680,0,1911,0,47.6798,-122.206,1890,13.336667980051335
1.75,1750,9623,1.0,0,0,3,7,1150,600,1962,0,47.3997,-122.313,1820,12.538967060803502
2.0,2260,7200,1.0,0,3,3,7,1130,1130,1941,0,47.5886,-122.288,2260,13.539757056377766
1.0,970,8185,1.0,0,0,5,6,970,0,1904,0,47.4025,-122.201,1500,12.230740867579195
1.75,2120,10875,1.0,0,2,3,8,1540,580,1977,0,47.504,-122.382,2460,13.267329147654515
2.75,4510,5000,2.5,0,2,3,8,3270,1240,1941,2000,47.6852,-122.4,2010,13.870945264852375
3.5,4330,11979,1.0,0,4,3,12,2090,2240,2008,0,47.6251,-122.218,4320,14.96884774632163
2.5,2780,3969,2.0,0,0,3,7,2780,0,2005,0,47.3992,-122.164,2260,12.66032791780777
2.5,2820,5612,2.0,0,0,3,9,2820,0,2007,0,47.7477,-122.236,1620,13.279367126213993
3.0,2630,5772,2.0,0,0,3,9,2630,0,2006,0,47.6952,-122.133,3460,13.503109472573636
1.0,770,4800,1.0,0,0,3,7,770,0,1943,0,47.527,-122.383,1390,12.577636201962656
2.5,2810,4607,2.0,0,0,3,8,2810,0,2004,0,47.7735,-122.227,2540,13.186276703147982
2.25,1670,6600,2.0,0,0,4,7,1670,0,1990,0,47.3604,-122.089,1670,12.57418196709457
2.25,1960,8680,1.0,0,0,4,8,1290,670,1959,0,47.6076,-122.192,2160,13.491164501140902
1.5,2290,10372,1.0,0,0,3,7,1510,780,1965,1987,47.6888,-122.199,1900,13.56255192157088
2.5,1560,10608,2.0,0,0,3,7,1560,0,1994,0,47.3572,-122.161,1360,12.445089546000673
1.5,1870,7220,2.0,0,0,3,7,1870,0,1956,0,47.77,-122.319,1550,12.691580461311874
2.0,2260,7680,1.0,0,0,4,7,1130,1130,1947,0,47.7193,-122.361,1800,13.17115354157376
2.5,1680,8284,2.0,0,0,3,7,1680,0,1989,0,47.3609,-122.048,1550,12.437184366493561
3.0,3180,2758,2.0,0,2,3,11,2240,940,2008,0,47.6377,-122.342,2420,14.09692301740246
0.75,384,213444,1.0,0,0,3,4,384,0,2003,0,47.4177,-122.491,1920,12.487485104968359
1.0,1860,8505,1.0,0,0,4,7,1860,0,1955,0,47.4406,-122.194,1560,12.487485104968359
1.75,1860,9629,1.0,0,0,4,7,1240,620,1961,0,47.4913,-122.143,1940,12.66032791780777
1.75,1410,1988,2.0,0,0,3,8,1410,0,2014,0,47.5171,-122.347,1410,12.52379883933033
3.0,3040,5067,3.0,0,2,3,10,3040,0,1993,0,47.5409,-122.267,1820,13.389332408258568
1.75,2640,7722,1.5,0,0,4,7,1650,990,1915,0,47.6802,-122.361,1750,13.620711479659207
1.0,1250,7920,1.0,0,0,4,7,1250,0,1960,0,47.4853,-122.126,1440,12.429216196844383
1.5,1310,10491,1.0,0,0,4,7,1310,0,1969,0,47.3682,-122.148,1430,12.323855681186558
2.25,2290,12174,1.0,1,4,3,7,1490,800,1948,0,47.5114,-122.245,2290,13.641752231830807
1.75,2040,11294,1.0,0,0,4,7,1340,700,1952,0,47.5923,-122.197,2120,13.500799813124575
1.75,1260,3604,1.0,0,0,3,7,1260,0,2012,0,47.3612,-122.103,1430,12.464583340681674
1.0,1610,5100,1.5,0,0,5,7,1010,600,1901,0,47.6765,-122.386,1270,13.1911615632746
1.5,1190,10116,1.0,0,0,3,7,1190,0,1968,0,47.385,-122.085,1190,11.983766243708525
2.5,1930,7214,2.0,0,0,3,8,1930,0,2005,0,47.7191,-122.309,1930,13.180632285528304
2.5,2560,9825,2.0,0,0,4,9,2560,0,1988,0,47.5497,-122.145,2710,13.620711479659207
2.5,2160,9888,2.0,0,0,4,9,2160,0,1989,0,47.6712,-122.142,3060,13.504900980868788
1.5,1610,9964,1.0,0,0,3,7,1080,530,1977,0,47.6681,-122.143,1610,13.149978544437301
1.75,1920,7500,1.0,0,0,4,7,1920,0,1962,0,47.4222,-122.318,1490,12.043553716032399
2.5,1810,6509,2.0,0,0,3,7,1810,0,1994,0,47.3531,-122.143,1760,12.506177237980511
1.75,1710,10800,1.0,0,0,4,7,1710,0,1958,0,47.7391,-122.241,1890,12.815838217151068
2.5,2240,7200,2.0,0,0,3,8,2240,0,1995,0,47.5636,-122.275,1860,13.116345305078767
2.0,1560,4823,1.0,0,0,3,8,1560,0,2004,0,47.7111,-122.032,1855,13.159659162148026
2.5,2510,4349,2.0,0,0,3,8,2510,0,2010,0,47.4927,-122.147,2510,13.102160670086809
2.0,1850,9600,1.0,0,0,3,7,1850,0,1968,1998,47.7671,-122.225,1770,13.142166004700508
2.0,1420,12655,1.0,0,0,5,7,1420,0,1968,0,47.5309,-122.186,2020,12.950388112664518
2.5,2230,4006,2.0,0,0,3,8,2230,0,2014,0,47.73,-122.335,2230,13.458835614025542
2.0,1550,34175,1.5,0,0,3,7,1550,0,1999,0,47.4855,-121.698,2300,12.676076274775909
2.0,2110,5150,1.0,0,0,5,6,1080,1030,1919,0,47.5521,-122.271,1170,13.154249566266651
2.25,1990,4600,1.5,0,2,4,8,1420,570,1932,0,47.5638,-122.38,1810,13.401509118833824
3.0,2090,5102,1.0,0,0,3,7,1350,740,1994,0,47.5427,-122.356,2090,12.86099861326992
1.75,1570,7500,1.0,0,1,3,7,1300,270,1953,0,47.4999,-122.368,1590,12.721885810807203
2.5,3430,7200,2.0,0,0,3,9,3430,0,2014,0,47.6842,-122.196,1530,14.070152776337855
1.75,1760,4400,1.0,0,0,4,7,880,880,1930,0,47.65,-122.34,1330,13.369223455335854
1.0,1630,6009,1.0,0,3,4,8,1630,0,1954,0,47.693,-122.383,2120,13.217673557208654
2.5,2520,7205,2.0,0,0,3,8,2520,0,1987,0,47.343,-122.316,2350,12.721885810807203
1.75,2120,18335,1.0,0,0,3,7,1380,740,1961,0,47.451,-122.273,2050,12.425208175446844
2.25,1840,7575,1.0,0,0,4,7,1390,450,1973,0,47.7328,-122.198,1820,13.00019574343012
1.75,2250,8970,1.0,0,0,4,7,1500,750,1966,0,47.7217,-122.188,1940,12.873902018105829
1.75,1940,167125,1.0,1,1,4,7,1480,460,1955,0,47.459,-122.504,1910,13.36138027787483
1.0,680,6600,1.0,0,0,3,5,480,200,1916,0,47.6567,-122.392,1170,13.142166004700508
3.5,3190,5040,2.0,0,3,3,10,2160,1030,2003,0,47.5928,-122.29,2390,14.108180171927094
3.5,5270,53428,2.0,0,0,3,10,3440,1830,2004,0,47.4358,-122.085,2340,13.569610019527449
2.5,1690,9626,2.0,0,0,3,8,1690,0,1984,0,47.5647,-122.092,1860,13.190022025878143
1.0,1200,2171,1.5,0,0,3,7,1200,0,1933,0,47.7076,-122.342,1130,12.84792653170257
2.0,1410,7466,1.0,0,0,3,7,1410,0,1983,0,47.427,-122.147,1410,12.345617172968069
2.5,1620,1171,3.0,0,4,3,8,1470,150,2008,0,47.6681,-122.355,1620,13.270783382522602
2.0,2290,16258,1.0,0,0,5,8,2290,0,1960,0,47.4672,-122.165,1660,13.017002861746503
3.75,5150,453895,2.0,0,3,3,11,4360,790,1997,0,47.6795,-121.991,2500,14.576316386998034
2.75,1940,4182,1.0,0,0,3,7,1240,700,2002,0,47.4911,-122.17,1950,12.751299696013497
2.0,1860,9100,1.5,0,0,3,8,1860,0,1939,2006,47.7522,-122.304,1620,12.821258284620408
2.75,2100,4480,1.5,0,0,4,7,1780,320,1928,0,47.6691,-122.294,2050,13.428376406540833
2.5,1740,2350,2.0,0,0,3,8,1120,620,1996,0,47.6206,-122.297,1750,13.17115354157376
3.25,1689,1388,3.0,0,0,3,8,1689,0,2008,0,47.7174,-122.317,1459,12.859438956078275
1.75,1400,8374,1.0,0,0,3,7,1400,0,1953,0,47.4735,-122.344,1420,12.736700896592344
2.75,3430,13907,2.0,0,0,3,11,3430,0,1995,0,47.5879,-121.993,3250,13.527828485512494
2.0,2080,12094,2.0,0,0,4,8,2080,0,1982,0,47.7035,-122.164,2230,13.287793066528065
1.0,1060,5754,1.0,0,0,4,6,1060,0,1917,0,47.6931,-122.372,1460,12.887526727499074
3.25,2250,60548,1.0,0,0,3,9,2250,0,2005,0,47.4246,-122.014,2760,13.499429010990795
2.5,4080,18362,2.0,0,2,4,11,4080,0,1983,0,47.6344,-122.214,4080,14.643188631481825
1.0,1550,7296,1.5,0,0,3,6,1550,0,1957,0,47.5184,-122.366,1370,12.429216196844383
3.0,2420,4800,1.5,0,0,3,7,1520,900,1919,0,47.6453,-122.358,1090,13.764217263576723
2.75,2060,21344,1.0,0,0,2,8,1460,600,1978,0,47.5934,-122.154,2060,13.42320843638239
1.5,1030,8414,1.0,0,0,4,7,1030,0,1967,0,47.7654,-122.297,1750,12.614865543731012
1.75,1260,7500,1.0,0,0,3,6,840,420,1947,0,47.772,-122.323,1340,12.506177237980511
3.75,3490,5625,2.0,0,0,3,9,2610,880,2014,0,47.6685,-122.332,1940,14.086300762745838
1.0,800,4533,1.0,0,0,3,6,600,200,1929,0,47.6979,-122.325,1720,12.706847933442663
1.0,880,6171,1.0,0,0,4,7,880,0,1949,0,47.7262,-122.285,2260,12.84397135185964
2.5,1690,4851,2.0,0,0,3,7,1690,0,2004,0,47.6795,-122.034,2330,13.120361374733656
4.25,2360,57514,2.0,0,0,4,8,2360,0,1939,1987,47.2843,-122.294,2037,13.287877815881902
1.0,1730,36356,1.5,0,0,4,6,1730,0,1954,0,47.4135,-122.199,1380,12.672946381766982
2.5,3290,11446,2.0,0,0,3,8,3290,0,1992,0,47.7399,-122.234,2050,13.16158409055761
2.5,2830,3750,3.0,0,0,3,10,2830,0,2014,0,47.6798,-122.385,1780,13.784999802759252
2.5,1140,1182,3.0,0,0,3,8,1140,0,2007,0,47.6713,-122.383,1290,12.959844447906553
1.0,1260,7800,1.5,0,0,3,7,1260,0,1947,2007,47.7334,-122.307,1639,12.594730635321957
2.0,3010,5000,2.0,0,2,5,9,1890,1120,1931,0,47.6347,-122.396,2688,13.9108207377686
2.5,3580,8921,2.0,0,0,3,9,3580,0,2000,0,47.693,-122.202,2710,13.955272500339433
1.75,1410,45302,1.0,0,0,3,7,1410,0,1980,0,47.7077,-121.914,2240,12.71949489514343
1.0,1550,12670,1.0,0,0,4,7,1550,0,1962,0,47.5024,-122.169,1550,12.388394202324129
2.25,2930,7005,3.0,0,2,3,9,2670,260,1999,0,47.6763,-122.404,2450,13.86191693077843
1.0,1490,6000,1.0,0,0,3,7,1090,400,1946,0,47.6296,-122.3,1590,13.262125319779487
2.25,2310,9800,1.0,0,0,3,8,1780,530,1968,0,47.6657,-122.178,2310,13.238367053160635
2.0,1310,9855,1.0,0,0,3,7,1310,0,1962,0,47.7296,-122.241,1310,12.611537753638338
1.5,1690,11054,1.0,0,0,4,5,1690,0,1930,0,47.4667,-122.215,1690,12.367340793126296
2.25,3310,127631,2.0,0,0,5,9,3310,0,1924,1956,47.732,-122.134,3830,13.946538820370678
2.5,1380,889,2.0,0,0,3,7,1140,240,2012,0,47.5441,-122.369,1580,12.591335046320818
3.5,3220,5081,2.0,0,0,3,8,3220,0,2013,0,47.7048,-122.111,2970,13.765235692170647
1.75,2100,3264,1.5,0,0,5,7,1350,750,1912,0,47.6702,-122.364,1720,13.345506928718539
2.0,2350,266151,1.5,0,0,3,7,2350,0,1983,0,47.6609,-121.892,2270,13.142166004700508
1.0,920,4770,1.0,0,0,4,6,920,0,1969,0,47.3654,-122.082,920,12.279090738266746
1.75,1630,4275,1.5,0,3,3,7,1630,0,1908,0,47.6851,-122.322,1800,13.248114582709889
1.75,1580,6099,1.0,0,0,5,7,790,790,1944,0,47.4807,-122.29,1330,12.396693005138824
2.5,2820,67518,2.0,0,0,3,8,2820,0,1979,0,47.5794,-122.025,2820,13.422467969854667
1.0,1100,7470,1.0,0,0,4,5,1100,0,1917,0,47.5242,-121.831,1280,12.429216196844383
1.75,2640,8000,1.0,0,3,4,9,1320,1320,1960,0,47.5826,-122.246,2740,13.840203170554645
2.75,2790,6969,2.0,0,0,3,8,2790,0,2012,0,47.4836,-121.769,2620,13.190704036246846
2.5,2830,6536,2.0,0,0,3,9,2830,0,1989,0,47.7462,-122.172,2710,13.313809841975283
3.5,2700,2868,2.0,0,0,3,11,1920,780,2006,0,47.5685,-122.286,1430,13.604789526648622
1.0,1100,4600,1.0,0,0,3,7,1100,0,1917,0,47.5686,-122.385,1200,13.017002861746503
2.0,1820,5000,1.5,0,0,4,8,1720,100,1941,0,47.5845,-122.395,2220,13.527828485512494
2.0,1300,1920,2.0,0,0,3,8,850,450,2006,0,47.5183,-122.376,1300,12.506177237980511
1.75,1200,9266,1.0,0,0,4,7,1200,0,1960,0,47.314,-122.208,1200,12.367340793126296
1.0,1280,8712,1.0,0,0,4,7,1280,0,1956,0,47.3298,-122.297,1420,12.283033686666302
2.25,2600,15000,2.0,0,0,3,9,2600,0,1978,0,47.3719,-122.056,2380,12.966878474563934
1.75,3130,18253,2.0,0,0,3,7,3130,0,1978,0,47.7402,-122.348,1850,13.388566418178986
1.0,1160,10881,1.0,0,0,2,7,920,240,1983,0,47.6339,-122.033,1280,12.542544882151386
3.25,4110,15929,2.0,1,4,3,12,2720,1390,2001,0,47.6934,-122.271,2640,14.648419680899378
1.5,1590,6750,1.0,0,0,3,7,1080,510,1976,0,47.73,-122.191,1590,12.785491060761776
1.75,1970,8390,1.0,0,0,3,7,1140,830,1955,0,47.4861,-122.251,1710,12.487485104968359
1.5,2220,8994,1.0,0,0,4,8,1110,1110,1962,0,47.5473,-122.172,2220,13.122363377404328
2.5,1870,6821,2.0,0,0,3,7,1870,0,1989,0,47.3065,-122.358,1970,12.524526376648708
1.0,1500,10730,1.0,0,0,3,7,1000,500,1977,0,47.6385,-121.966,1570,12.90669184092882
1.0,1480,5600,1.0,0,0,4,6,940,540,1947,0,47.5045,-122.27,1350,12.206072645530174
2.0,1740,41275,1.0,0,0,3,8,1740,0,1974,1989,47.4914,-121.763,2630,13.407542319637992
3.25,4020,4500,2.0,0,0,3,9,3120,900,2010,0,47.6349,-122.204,3550,14.16546295614218
2.75,2600,4674,1.0,0,0,3,8,1560,1040,1976,0,47.6782,-122.286,2600,13.527828485512494
3.5,2650,3474,2.0,0,0,3,8,2230,420,2011,0,47.5377,-122.046,2330,13.407542319637992
2.5,3080,8451,1.0,0,0,3,7,1540,1540,1969,0,47.674,-122.154,1550,13.428376406540833
1.75,2180,10200,1.0,0,2,3,8,2000,180,1966,0,47.7638,-122.27,2590,12.994530005894443
2.5,1830,8022,2.0,0,0,3,8,1830,0,1987,0,47.6198,-122.044,2030,13.184398768323781
1.5,1370,159865,1.0,0,0,3,7,1370,0,1960,0,47.7592,-122.092,1370,12.86099861326992
2.0,1540,6804,1.0,0,0,5,7,1020,520,1942,0,47.7044,-122.372,1380,13.275084464421992
1.0,780,3475,1.0,0,0,4,5,780,0,1930,0,47.4944,-121.789,1210,12.56374708980199
2.5,2440,71002,1.0,0,0,4,9,2440,0,1996,0,47.2689,-122.01,3170,12.973863369085885
2.5,2360,81892,1.0,0,0,3,8,2360,0,2000,0,47.369,-122.156,1730,13.005829561148378
3.0,2840,13554,1.0,0,2,4,9,1990,850,1974,0,47.7153,-122.257,2840,13.541073712262515
2.0,1910,11576,1.0,0,0,3,7,1410,500,1978,0,47.7356,-122.198,2040,12.873902018105829
1.0,1050,8583,1.0,0,0,5,6,1050,0,1955,0,47.7451,-122.339,1460,12.765688433465597
2.5,5067,13315,1.0,0,2,3,9,3154,1913,1968,0,47.3391,-122.325,2860,13.021437458814368
1.5,1000,18568,1.0,0,0,3,6,1000,0,1989,0,47.2976,-122.271,1610,12.185869938212655
1.0,770,8636,1.0,0,0,2,6,770,0,1951,0,47.5075,-122.358,1110,12.190959007720126
2.5,2200,110642,1.0,0,0,5,7,1330,870,1979,0,47.7409,-122.052,2290,13.190022025878143
1.5,1460,78408,1.0,0,0,4,7,1460,0,1963,0,47.59,-122.058,3320,13.458835614025542
1.0,1747,12250,2.5,0,0,4,6,1747,0,1948,0,47.3282,-122.285,1620,12.496874845318198
1.75,1940,8990,1.0,0,0,4,8,1560,380,1956,0,47.7021,-122.241,2310,13.208541073645382
1.5,1970,14490,1.5,0,0,4,7,1970,0,1963,0,47.4612,-122.069,1880,12.834547962729536
3.75,3050,8972,2.0,0,0,3,9,3050,0,2014,0,47.6819,-122.172,2750,13.721144931928553
2.5,2610,5845,2.0,0,0,3,8,2610,0,2005,0,47.4821,-122.142,2810,13.151922179645874
1.75,1600,10280,1.0,0,0,3,7,1050,550,1977,0,47.725,-122.174,1590,13.00019574343012
1.0,1040,7372,1.0,0,0,5,7,840,200,1939,0,47.5285,-122.378,1930,12.84792653170257
1.75,960,8106,1.0,0,0,3,7,960,0,1962,0,47.6737,-122.156,1650,12.834681304952548
1.75,2100,7960,1.0,0,0,3,8,1340,760,1955,0,47.6079,-122.195,2060,13.507625778194974
2.5,3190,14565,2.0,0,0,3,11,3190,0,1990,0,47.713,-122.072,3420,13.66701054964583
3.0,3730,35900,1.0,0,0,3,9,2960,770,1979,0,47.5814,-122.122,2280,13.623138665316818
2.5,1940,4000,2.0,0,0,4,9,1940,0,2000,0,47.659,-122.398,1410,13.601078947252086
2.0,1110,10500,1.0,0,0,5,7,1110,0,1978,0,47.4456,-121.773,1230,12.676076274775909
2.5,2470,5074,2.0,0,0,3,8,2470,0,2004,0,47.3457,-122.041,2470,12.782686009834167
1.75,1720,4080,1.0,0,0,4,7,960,760,1924,0,47.5747,-122.287,1660,13.329377546788654
1.0,1020,8100,1.0,0,0,3,7,1020,0,1954,0,47.3586,-122.314,1020,12.341477282536376
2.25,2050,6648,1.0,0,0,3,7,1230,820,1990,0,47.7258,-122.332,1760,13.190022025878143
2.5,1140,1181,3.0,0,0,3,8,1140,0,2007,0,47.6713,-122.383,1220,13.054084536651034
2.75,2890,16397,2.0,0,0,3,10,2890,0,1997,0,47.7102,-122.072,3170,13.58609739363647
1.0,1170,11000,1.0,0,0,2,6,1170,0,1980,0,47.7346,-121.983,1590,11.691071650353702
1.75,1790,6775,1.0,0,2,3,8,1790,0,1951,0,47.5412,-122.377,1310,13.091904169919621
4.0,1550,6596,1.5,0,0,5,7,1550,0,1907,0,47.6711,-122.398,1830,13.46949290849953
1.75,2000,36000,1.0,0,0,3,6,2000,0,1946,1995,47.5217,-122.182,2100,13.003467222460474
2.25,2130,8734,2.0,0,2,4,8,2130,0,1961,0,47.5672,-122.161,2550,13.594863886848652
2.0,1560,1020,3.0,0,0,3,8,1560,0,2014,0,47.605,-122.304,1560,13.151922179645874
2.5,1776,1248,3.0,0,0,3,8,1604,172,2006,0,47.6539,-122.352,1780,13.337474757021274
3.0,3530,8345,2.0,0,0,3,10,3530,0,2006,0,47.7338,-122.234,1940,13.304684934198283
2.5,1610,1246,2.0,0,1,3,9,1080,530,2014,0,47.6423,-122.375,1610,13.3999193535571
2.0,1770,6000,1.0,0,3,3,7,1100,670,1984,0,47.5644,-122.29,1300,12.956308793074246
2.0,1890,6620,1.0,0,3,4,8,1890,0,1954,0,47.7016,-122.274,2590,13.444446876573442
2.25,2490,6973,1.0,0,0,4,8,1490,1000,1953,0,47.6516,-122.409,1780,13.46453363514018
1.75,1200,3136,1.0,0,0,3,7,800,400,1904,2005,47.6132,-122.297,1330,12.948009990259552
2.5,2660,4975,2.0,0,0,3,8,2660,0,2014,0,47.5487,-122.272,1840,13.304601597392535
2.5,1300,10484,2.0,0,0,3,8,1300,0,1983,0,47.7768,-122.268,1380,12.834654637930319
1.75,1440,11325,1.0,0,0,4,8,1440,0,1966,0,47.3503,-122.279,1440,12.4130868149145
1.75,2420,8400,1.0,0,0,5,7,1620,800,1964,0,47.5017,-122.165,1660,12.765688433465597
1.75,1470,7590,1.0,0,0,3,7,1470,0,1988,0,47.6964,-122.362,1700,13.016891744462095
1.0,2160,7439,1.0,0,0,4,6,1300,860,1953,0,47.6981,-122.286,1680,13.346306608889103
1.75,1680,6758,1.0,0,0,3,8,1680,0,1974,0,47.641,-122.113,1910,13.200064885068182
2.0,1780,1750,1.0,0,2,3,8,1400,380,1927,2014,47.6797,-122.357,1780,13.541073712262515
2.5,3880,14550,2.0,0,0,3,10,3880,0,1987,0,47.6378,-122.04,3240,13.544095457976365
1.0,1320,5000,1.5,0,0,3,7,1320,0,1912,0,47.5711,-122.386,1320,12.213544660368875
1.0,1300,9600,1.0,0,0,4,6,1300,0,1975,0,47.3037,-122.107,1150,12.180754837545884
1.0,1430,4000,1.0,0,0,3,7,930,500,1949,0,47.5233,-122.284,1110,12.345834587905333
1.5,1330,15873,1.0,0,0,3,7,900,430,1984,0,47.6359,-122.033,1610,12.994530005894443
1.0,960,7218,1.0,0,0,4,7,960,0,1969,0,47.7278,-122.226,1580,12.706847933442663
1.75,1540,6930,1.0,0,0,3,7,1250,290,1944,0,47.6782,-122.278,1760,13.353475098367715
2.5,2530,7563,1.0,0,0,3,7,1440,1090,1978,0,47.7762,-122.21,1960,12.89921982609012
2.25,1330,969,3.0,0,0,3,7,1330,0,2007,0,47.7177,-122.292,1310,12.691580461311874
1.0,1100,4046,1.5,0,4,4,6,1100,0,1922,0,47.344,-122.331,2550,12.796633237315017
1.0,1260,7265,1.0,0,0,4,7,1260,0,1954,0,47.2979,-122.224,940,12.145260506133416
3.0,2790,3600,2.0,0,0,3,8,1880,910,1905,2013,47.6362,-122.363,1360,13.85952744338105
2.5,2430,6796,2.0,0,0,3,8,2430,0,1993,0,47.4499,-122.127,2450,12.931081799238862
1.0,1230,2726,1.5,0,0,3,7,880,350,1920,0,47.6815,-122.359,1710,13.262125319779487
5.25,4670,43950,2.0,0,0,3,12,4670,0,1989,0,47.5456,-122.126,4900,14.162640089059476
1.75,2080,8112,1.0,1,4,4,8,1040,1040,1939,1984,47.7134,-122.277,2030,13.989463865087712
3.0,4560,16339,2.0,0,2,3,10,4040,520,2001,0,47.7024,-122.243,2620,14.010254634756786
2.5,3402,14355,2.0,0,0,3,10,2846,556,2014,0,47.3009,-122.385,3402,13.11835535600679
1.75,1910,8250,1.0,0,0,4,7,1910,0,1959,0,47.6131,-122.123,1500,12.429216196844383
2.5,2660,8469,2.0,0,0,3,10,2660,0,1994,0,47.5529,-122.12,2920,13.529566973466213
3.0,2876,13927,1.0,0,2,4,9,1970,906,1973,0,47.5528,-122.229,3500,13.704578997256993
2.5,1050,1029,2.0,0,0,3,8,950,100,2007,0,47.6018,-122.299,1350,12.715561376052493
1.0,1540,24500,1.5,0,0,3,7,1540,0,1949,0,47.7213,-122.29,1540,13.815510557964274
1.0,1130,2640,1.0,0,0,4,8,1130,0,1927,0,47.6438,-122.357,1680,13.355853220772683
2.75,1910,7700,1.0,0,0,4,7,1000,910,1980,0,47.369,-122.17,1880,12.429216196844383
1.0,1060,9663,1.0,0,0,3,7,1060,0,1967,0,47.7244,-122.226,1320,12.69541923761904
2.25,1580,11680,1.0,0,0,4,7,1580,0,1958,0,47.5872,-122.17,2270,13.217309854713282
1.0,1130,8160,1.0,0,0,4,6,1130,0,1952,0,47.4997,-122.317,1060,12.240474072247506
1.0,1130,3600,1.0,0,0,3,6,1130,0,1908,0,47.5978,-122.299,1710,12.474189562487116
1.0,1420,8160,1.0,0,0,3,7,970,450,1947,0,47.7164,-122.306,1340,12.909170156943286
1.0,1260,7810,2.0,0,0,3,6,1260,0,1945,0,47.5003,-122.248,1260,12.449018824140563
2.25,3070,16028,1.0,0,3,3,9,1870,1200,1976,0,47.5271,-122.228,3070,14.018451401960965
1.0,1310,5200,1.0,0,0,3,7,910,400,1946,0,47.6784,-122.304,1320,13.4052841327544
1.75,1980,273556,1.0,0,0,3,6,1040,940,1956,1999,47.4012,-122.11,2180,12.765688433465597
1.5,2540,2700,2.0,0,0,4,8,1630,910,1922,0,47.637,-122.361,2520,13.989463865087712
2.25,2820,9602,1.0,0,1,3,8,1950,870,1974,0,47.5881,-122.113,2890,13.527828485512494
2.5,3760,5260,2.0,0,0,3,9,3230,530,2002,0,47.5489,-122.007,3080,13.623138665316818
2.25,1250,1017,3.0,0,0,3,8,1250,0,2008,0,47.7099,-122.333,1250,12.669806661762314
1.0,900,6380,1.0,0,0,3,6,900,0,1947,0,47.7019,-122.311,1830,12.765688433465597
4.0,4320,8709,2.0,0,0,3,11,3190,1130,2006,0,47.5369,-122.07,4010,13.864300722133706
1.75,2340,9100,1.0,0,0,3,8,1610,730,1975,0,47.6401,-122.108,2470,13.458835614025542
3.25,3950,44431,1.0,0,0,3,10,2100,1850,1969,0,47.6451,-122.173,3860,14.037853789107714
1.75,1980,8550,1.0,0,0,3,7,990,990,1981,0,47.6989,-122.369,1480,13.279367126213993
2.0,1100,6360,1.0,0,0,3,7,1100,0,1991,0,47.3878,-122.052,1620,12.388394202324129
1.75,1740,10000,1.0,0,0,3,7,1740,0,1976,2009,47.617,-122.058,1350,13.155798153490567
2.25,1720,5234,2.0,0,0,3,9,1240,480,2011,0,47.5547,-122.278,1720,13.317930160948304
3.5,1630,1329,2.0,0,0,3,9,1360,270,2000,0,47.6159,-122.306,1580,13.136660682105154
1.75,2470,131790,2.0,0,2,3,8,2470,0,1937,0,47.4421,-122.444,1470,13.279367126213993
2.25,1420,990,3.0,0,0,3,8,1420,0,2008,0,47.6801,-122.348,1350,13.054084536651034
3.0,4120,60392,2.0,0,2,3,9,3180,940,1994,0,47.6804,-121.913,2770,13.235692062711331
3.25,4110,7920,2.0,0,3,3,9,3150,960,1921,0,47.617,-122.282,3890,14.444119217386648
1.0,940,7200,1.0,0,0,4,7,940,0,1954,0,47.2979,-122.223,1090,12.004568269319446
1.75,1300,9079,1.0,0,0,3,7,1300,0,1986,0,47.4834,-122.159,1890,12.7098736543592
2.25,2840,59677,1.0,0,0,3,7,1580,1260,1967,0,47.5828,-122.044,2220,13.404530269168
1.0,1020,5130,1.0,0,0,4,6,1020,0,1948,0,47.301,-122.226,1200,12.072541252905651
2.0,1960,13100,1.0,0,2,5,8,1650,310,1957,0,47.4419,-122.34,1960,12.90669184092882
2.0,1680,2600,1.0,0,0,5,7,840,840,1915,0,47.6648,-122.363,1680,13.226723392728571
2.0,1660,8281,1.0,0,0,3,7,1660,0,1949,0,47.5568,-122.382,1660,12.84792653170257
1.0,1370,4040,1.5,0,0,3,7,1370,0,1906,0,47.6867,-122.354,1220,13.180632285528304
2.25,2530,5200,1.0,0,1,4,8,1530,1000,1957,0,47.6985,-122.382,2240,13.487006490992238
1.5,1780,8400,1.0,0,0,3,7,1080,700,1969,0,47.5173,-122.385,1660,13.068118362551933
3.25,2450,6534,2.0,0,0,3,8,1770,680,1951,2014,47.688,-122.281,1620,13.651814465293484
1.75,1830,51836,1.0,0,0,4,7,1430,400,1966,0,47.4774,-122.098,1320,12.611537753638338
2.25,2600,8075,1.5,0,0,4,8,2600,0,1969,0,47.2961,-122.188,2200,12.487485104968359
4.25,3500,8750,1.0,0,4,5,9,2140,1360,1951,0,47.7222,-122.367,3110,13.8878312195439
2.5,2080,5191,2.0,0,0,3,8,2080,0,2001,0,47.5978,-122.017,2170,13.306350213517344
2.0,1740,9300,1.0,0,0,4,7,1740,0,1952,0,47.4526,-122.357,1540,12.92391243868049
1.0,1210,10185,1.0,0,0,3,6,1210,0,1957,0,47.4873,-122.345,1320,12.230765258120545
2.5,4090,11225,2.0,0,0,3,10,4090,0,2005,0,47.581,-121.971,3510,13.693342923990066
2.25,2460,11250,1.0,0,0,4,8,2460,0,1959,0,47.3182,-122.212,1630,12.528156144699286
2.5,2470,7539,2.0,0,0,3,9,2470,0,2006,0,47.7407,-122.226,2580,13.217673557208654
2.5,1320,2480,2.0,0,0,3,7,1320,0,2005,0,47.536,-122.284,1320,12.628067055589549
1.75,1900,11407,1.0,0,0,3,8,1900,0,1963,0,47.7455,-122.294,1710,12.793859310432293
2.5,2330,3000,2.0,0,3,3,8,2330,0,1915,1994,47.5953,-122.294,1760,13.266463721378086
2.0,1108,1128,3.0,0,0,3,7,1108,0,2009,0,47.6961,-122.318,1285,12.819906019370393
3.75,4475,20424,2.0,1,4,3,12,2659,1816,1999,0,47.6646,-122.208,4340,14.76097166713821
2.5,3430,64441,2.0,0,0,3,8,3430,0,2013,0,47.7694,-122.064,3580,13.527761816623505
2.5,2290,5089,2.0,0,0,3,9,2290,0,2001,0,47.5443,-122.172,2290,13.279367126213993
2.25,2250,13500,2.0,0,0,4,9,2250,0,1980,0,47.621,-122.151,2730,13.594241498691602
2.5,1270,865,2.0,0,0,3,7,1080,190,2008,0,47.5351,-122.279,1630,12.580219070380911
2.25,2480,8755,2.0,0,0,3,8,2480,0,1979,0,47.4543,-122.125,2280,12.691580461311874
2.0,1690,9516,1.0,0,0,3,7,1690,0,1997,0,47.2132,-122.001,1850,12.487485104968359
5.0,2732,7655,2.0,0,0,3,7,2732,0,2009,0,47.3045,-122.211,3078,12.745485726148077
2.25,2240,6450,1.0,0,0,3,7,1440,800,1979,0,47.7034,-122.315,1390,13.1749558275235
2.0,2050,11454,1.0,0,0,3,8,2050,0,1987,0,47.6389,-122.11,1980,13.122363377404328
2.25,3070,9645,2.0,0,0,3,10,2110,960,1987,0,47.5522,-122.144,3130,13.993656743347747
2.5,2100,9040,1.0,0,0,3,8,1700,400,1989,0,47.5329,-122.173,2430,13.135082149812103
3.0,2800,6977,2.0,0,0,3,8,2800,0,2003,0,47.3542,-122.014,2800,13.016891744462095
2.25,2940,20384,2.0,0,0,4,9,2940,0,1970,0,47.6214,-122.227,3410,14.143374420048886
2.25,3080,10487,2.0,0,0,4,9,3080,0,1968,0,47.5344,-122.224,2480,13.968231644981937
1.5,1110,1150,2.0,0,0,3,8,940,170,2007,0,47.5929,-122.306,1380,12.157407473548894
1.0,1080,6250,1.0,0,2,4,7,1080,0,1942,1968,47.5128,-122.251,2100,12.637855061955712
1.0,1270,6459,1.5,0,0,3,7,1270,0,1918,0,47.5441,-122.273,1300,12.328290278254423
1.75,2460,7560,2.0,0,0,4,8,2460,0,1952,0,47.7256,-122.367,2760,13.36138027787483
3.0,2090,7634,1.0,0,0,3,8,1450,640,2001,0,47.7408,-121.974,2090,12.89921982609012
2.75,2800,19168,2.0,0,0,3,10,2800,0,1992,0,47.5911,-122.037,2010,13.81451005763069
2.5,2520,5000,2.0,0,0,3,9,2520,0,2004,0,47.5524,-121.992,2910,13.42984807715229
2.5,2170,5500,2.0,0,0,3,8,2170,0,2000,0,47.5975,-122.018,2170,13.315460007366243
2.5,2510,6853,2.0,0,2,3,9,2510,0,2006,0,47.3547,-122.003,3400,13.012548511397123
1.75,1720,9125,1.0,0,0,4,7,1140,580,1981,0,47.3173,-122.181,1120,12.345834587905333
2.5,2620,5457,2.0,0,0,3,8,2620,0,2003,0,47.3148,-122.27,2740,12.68075282265981
2.0,1440,7950,1.0,0,0,5,6,1440,0,1962,0,47.4517,-122.082,1530,12.326075437924871
1.75,1650,9600,1.0,0,0,4,7,1650,0,1977,0,47.5779,-122.044,2040,13.073173133213556
2.0,1890,29185,1.0,0,0,3,7,1470,420,1949,2013,47.5621,-122.168,2580,13.253391639810733
1.75,1628,286355,1.0,0,0,3,7,1628,0,1996,0,47.2558,-122.122,1490,12.429216196844383
1.5,1010,1157,2.0,0,0,3,8,950,60,2007,0,47.5492,-122.372,1360,12.206072645530174
1.0,1280,4840,1.0,0,0,3,7,940,340,1950,0,47.5477,-122.395,1360,12.873902018105829
2.5,2240,3825,2.0,0,0,3,7,2240,0,1995,0,47.6786,-122.389,1460,13.423948355025102
2.5,2070,25710,1.0,0,0,5,6,2070,0,1917,0,47.2032,-121.964,1350,12.65075846679162
1.5,2240,87625,1.5,0,0,2,7,1480,760,1980,0,47.3043,-122.094,1920,12.721885810807203
2.75,1720,28000,1.0,0,0,4,7,1720,0,1958,0,47.4375,-122.176,2000,12.736700896592344
2.5,1590,3381,2.0,0,0,3,7,1590,0,2000,0,47.7344,-121.986,1820,12.611537753638338
1.0,1330,4140,1.0,0,0,4,7,930,400,1919,1940,47.6802,-122.306,1410,13.00245308073177
2.0,1350,942,3.0,0,0,3,7,1350,0,2008,0,47.5394,-122.026,1390,12.626426366132089
2.5,1840,3035,1.0,0,0,3,7,920,920,1926,0,47.6557,-122.327,1780,13.217673557208654
2.5,1980,2975,3.0,0,2,3,8,1980,0,1993,0,47.6294,-122.344,1980,13.508985397711013
2.5,2370,41338,2.0,0,0,3,8,2370,0,1995,0,47.7379,-122.052,2340,13.29967239237474
1.0,1660,7440,1.0,0,0,3,7,1270,390,1957,0,47.5242,-122.362,1540,12.254862809699606
2.5,2600,5000,1.0,0,0,5,8,1300,1300,1926,0,47.5806,-122.379,2260,13.407542319637992
1.75,1380,3402,1.5,0,0,3,7,1380,0,1900,2000,47.6109,-122.302,1500,13.217673557208654
3.75,2460,7630,1.0,0,0,5,8,1940,520,1976,0,47.7147,-122.373,2000,13.527828485512494
1.75,1570,18730,1.0,0,0,3,7,1200,370,1960,0,47.3999,-122.301,1920,12.387977448827787
5.25,3410,8118,2.0,0,0,3,11,3410,0,2006,0,47.6295,-122.236,3410,14.626440774180603
2.5,3220,5120,2.0,0,0,3,9,2420,800,2000,0,47.5434,-122.27,1770,13.232114241363448
2.5,2100,4237,2.0,0,0,3,8,2100,0,2006,0,47.3901,-122.174,2100,12.500606192931057
1.5,1790,7526,1.0,0,0,3,7,1790,0,1953,2014,47.6387,-122.207,2080,13.670484785914017
1.0,1270,8920,1.0,0,0,5,7,1270,0,1969,0,47.534,-122.172,1590,12.953944725779365
1.75,1660,10150,1.5,0,0,3,7,1660,0,1957,0,47.7512,-122.342,1640,12.765688433465597
2.5,1780,1754,3.0,0,0,3,8,1780,0,2007,0,47.548,-122.373,1780,12.80765263256463
2.5,2260,7500,1.0,0,0,3,8,1460,800,1965,0,47.4645,-122.196,2260,12.765688433465597
3.25,2820,4536,2.0,0,0,4,8,1930,890,1917,0,47.6688,-122.309,2820,13.681979165339751
1.75,1240,4550,1.5,0,0,4,7,1240,0,1951,0,47.5803,-122.398,2110,13.132313708257497
1.75,1710,6400,1.0,0,0,4,7,1240,470,1976,0,47.3036,-122.377,1600,12.468436909997665
2.25,1570,8767,1.0,0,0,3,7,1180,390,1990,0,47.3568,-122.038,1570,12.52434454193596
2.25,2730,7506,2.0,0,0,4,8,2730,0,1987,0,47.4627,-122.152,2390,12.983101310070822
2.0,1360,60548,1.0,0,0,3,6,960,400,1960,0,47.2718,-122.265,1930,12.481429068291318
1.75,1320,7694,1.0,0,0,3,7,1320,0,1928,1972,47.4297,-122.325,1620,12.180754837545884
2.5,1150,2064,2.0,0,0,3,7,1150,0,2004,0,47.3516,-122.292,1880,12.274198474577775
2.5,3020,24750,1.0,0,0,3,8,1650,1370,1965,0,47.5897,-122.179,2930,13.015285832940311
2.25,1420,1230,2.0,0,0,3,8,940,480,2009,0,47.5703,-122.288,1400,12.959844447906553
2.0,2400,7684,1.0,0,0,3,6,1200,1200,1932,2005,47.7705,-122.269,1290,12.86747112777554
2.0,1700,7314,1.0,0,0,3,7,1000,700,1956,0,47.549,-122.305,2000,12.729320789294722
2.0,2610,9132,1.0,0,0,4,8,1320,1290,1965,0,47.622,-122.14,2170,13.312983737012978
1.75,1670,6034,1.0,0,0,3,7,990,680,1957,0,47.5209,-122.286,1230,12.542544882151386
2.5,2640,10720,2.0,0,0,3,8,2640,0,1999,0,47.4485,-122.278,1680,12.841325847671216
2.5,2000,1950,3.0,0,0,3,8,2000,0,2005,0,47.6476,-122.356,1560,13.534473028231162
1.0,860,11900,1.0,0,0,4,6,860,0,1963,0,47.3574,-122.186,1660,11.982929094215963
1.75,2180,10221,1.0,0,2,4,7,1140,1040,1946,0,47.5885,-122.248,2180,13.465953081794405
1.5,1780,10196,1.0,0,0,4,7,1270,510,1967,0,47.3375,-122.291,1320,12.487485104968359
2.75,2920,4500,2.0,0,0,3,9,2920,0,1999,0,47.5646,-122.124,2920,13.500799813124575
2.5,2000,5150,2.0,0,4,3,9,2000,0,1992,0,47.7056,-122.223,2510,13.721199878493033
1.5,1420,4500,1.0,0,0,3,7,1420,0,1959,0,47.694,-122.332,1540,12.823957341589573
3.25,3760,10920,1.5,0,0,5,9,2400,1360,1950,0,47.6687,-122.264,3430,14.27293540500315
3.0,2290,8250,2.0,0,0,3,9,2290,0,1990,0,47.3739,-122.156,2290,12.702292116906802
2.75,2700,5150,2.0,0,0,3,9,2700,0,2009,0,47.5209,-121.874,2700,13.151922179645874
2.5,1232,1130,3.0,0,0,3,7,1232,0,2007,0,47.7185,-122.317,1232,12.748396936355535
2.25,2192,12128,2.0,0,0,3,8,2192,0,2006,0,47.3644,-122.2,1914,12.644327576461329
1.75,1370,10780,1.0,0,0,3,7,1370,0,1959,0,47.4727,-122.298,1370,12.043553716032399
2.5,1981,4828,2.0,0,0,3,8,1981,0,2013,0,47.3252,-122.167,1981,12.61153442029945
1.75,1150,17585,1.0,0,0,3,7,1150,0,1964,0,47.6503,-121.908,1200,12.796633237315017
1.0,1110,26051,1.0,0,0,3,6,1110,0,1951,0,47.4711,-122.291,2240,12.429216196844383
2.75,2050,3960,1.0,0,0,4,7,1180,870,1986,0,47.5808,-122.394,1440,13.081541382884074
2.5,2840,9425,1.0,0,0,4,7,1590,1250,1962,0,47.7609,-122.297,1900,12.959844447906553
2.75,2180,3703,2.0,0,0,3,8,2180,0,2004,0,47.776,-122.169,2190,13.005829561148378
2.5,1870,4060,2.0,0,0,3,7,1870,0,2005,0,47.3986,-122.163,2190,12.560244459250788
1.0,920,5200,1.0,0,0,4,6,920,0,1969,0,47.3603,-122.085,920,12.095141084822892
2.5,2110,4038,2.0,0,0,4,8,2110,0,1989,0,47.3875,-122.153,2110,12.779873068457553
3.5,1710,2212,2.0,0,0,3,7,1400,310,2013,0,47.5459,-122.368,1580,12.800779753276867
2.5,2180,7875,1.0,0,0,4,7,1200,980,1955,0,47.7543,-122.341,1840,12.959844447906553
2.25,2060,5649,1.0,0,0,5,8,1360,700,1941,0,47.6496,-122.407,2060,13.480037821676145
1.5,1810,3880,1.5,0,0,4,8,1310,500,1929,0,47.6835,-122.392,1400,13.279367126213993
1.75,2310,7680,1.0,0,0,4,8,1410,900,1978,0,47.3743,-122.285,2080,12.727689830374363
2.5,1690,4898,2.0,0,0,3,7,1690,0,2003,0,47.6834,-122.038,2220,13.047639831208393
2.5,2390,5071,2.0,0,0,3,9,1760,630,1988,0,47.6144,-122.283,1940,13.64709190633931
1.0,1060,10423,1.5,0,0,3,7,1060,0,1965,0,47.705,-122.313,2240,12.301382825334498
1.5,2000,7294,1.0,0,0,3,7,1520,480,1965,0,47.5297,-122.267,2000,12.834681304952548
1.75,1990,8900,1.0,0,0,4,8,1990,0,1972,0,47.5639,-122.149,2620,13.521139497361697
1.75,2500,92347,1.0,0,0,4,8,1500,1000,1970,0,47.5345,-122.216,3750,13.764217263576723
2.75,2300,4637,2.0,0,0,3,8,2300,0,2008,0,47.5216,-121.878,2420,13.08049917330563
1.0,920,6612,1.0,0,0,3,6,920,0,1948,0,47.548,-122.284,1860,12.254862809699606
2.0,2260,8457,2.0,0,0,3,9,2260,0,1992,0,47.6251,-122.03,2410,13.36138027787483
2.5,2490,4244,2.0,0,0,3,9,2490,0,2005,0,47.3705,-122.131,2490,12.821258284620408
1.0,1120,10701,1.0,0,0,3,7,1120,0,1954,0,47.5544,-122.358,1130,12.560244459250788
2.75,2590,12063,2.0,0,0,3,10,2590,0,1993,0,47.5527,-122.12,2850,13.587982408332241
2.75,1430,7403,1.0,0,0,3,7,1030,400,1982,0,47.5346,-122.344,1480,12.834681304952548
1.75,1670,8000,1.0,0,0,4,8,1670,0,1974,0,47.3193,-122.383,1720,12.500606192931057
1.0,1070,6678,1.0,0,0,4,7,1070,0,1951,0,47.7315,-122.357,1680,12.721885810807203
2.25,2230,6000,1.5,0,2,3,8,1810,420,1928,0,47.6464,-122.391,2840,13.514405465180353
2.25,1110,1290,3.0,0,0,3,8,1110,0,2006,0,47.6968,-122.34,1360,12.751299696013497
1.75,2200,7700,1.0,0,0,3,7,1240,960,1975,0,47.4119,-122.181,1770,12.285807613549027
2.5,1760,1755,3.5,0,0,3,8,1760,0,1998,0,47.6688,-122.279,1700,13.206704525838079
1.0,1050,8220,1.0,0,0,4,6,780,270,1947,0,47.7598,-122.316,1340,12.644327576461329
1.5,1680,13751,1.0,0,0,4,7,1680,0,1951,0,47.5716,-122.227,1760,13.256894270361935
1.0,1500,3920,1.0,0,0,3,7,1000,500,1947,0,47.6718,-122.359,1640,13.314635265051452
4.0,3150,7800,2.0,0,0,3,8,3150,0,2013,0,47.5259,-122.279,1880,13.017002861746503
1.0,1750,68841,1.0,0,0,3,7,1750,0,1942,0,47.4442,-122.081,1550,12.682306824526545
1.5,990,1343,2.0,0,0,3,8,840,150,2007,0,47.6236,-122.306,1350,13.102160670086809
2.5,2720,8000,1.0,0,0,4,7,1360,1360,1955,0,47.5237,-122.391,1790,13.473020249017498
1.0,1740,27350,1.0,0,0,4,5,1740,0,1958,0,47.4809,-122.153,2760,12.676076274775909
1.75,1720,9342,1.0,0,0,4,7,1140,580,1981,0,47.3177,-122.182,1330,12.409013489526863
2.5,1950,5451,2.0,0,0,3,7,1950,0,2004,0,47.4341,-122.144,2240,12.793859310432293
1.0,2320,6750,1.0,0,0,3,7,1160,1160,1960,0,47.5327,-122.276,1230,12.721885810807203
2.5,2849,9588,2.0,0,0,3,10,2849,0,2001,0,47.6487,-122.079,3190,13.589863876431945
2.0,1510,3817,1.5,0,0,3,8,1510,0,1905,1994,47.6088,-122.294,1510,13.422467969854667
1.75,1510,7700,1.0,0,0,3,7,1510,0,1968,0,47.7283,-122.194,1440,12.997933299026151
1.0,940,8384,1.0,0,0,3,5,940,0,1947,0,47.5065,-122.364,1290,11.710135634257934
2.25,1990,6350,2.0,0,0,3,7,1990,0,1967,0,47.3822,-122.316,1220,12.644166273130065
1.0,1110,3943,1.0,0,0,5,6,740,370,1916,0,47.6436,-122.352,1590,12.92513120787462
1.75,1580,5750,1.0,0,2,4,8,1330,250,1947,0,47.6339,-122.392,2480,13.418757390458131
2.25,2570,11070,2.0,0,0,4,8,2570,0,1966,0,47.4507,-122.152,2210,13.081437210791684
2.5,1770,13168,2.0,0,0,3,7,1770,0,1990,0,47.7306,-121.966,2050,13.028052697933088
2.5,2120,6840,1.0,0,0,3,7,1220,900,1984,0,47.278,-122.145,1820,12.421184025147118
1.5,1255,1374,3.0,0,0,3,7,1255,0,2004,0,47.7145,-122.311,1307,12.65075846679162
4.75,6200,13873,2.0,1,4,4,11,4440,1760,1989,0,47.605,-122.112,2940,15.009433026436708
1.0,860,4800,1.0,0,0,3,6,860,0,1907,0,47.6146,-122.299,1380,12.706847933442663
1.75,2130,6360,1.0,0,0,3,7,1720,410,1959,0,47.7059,-122.301,1540,13.11332263275218
2.5,1370,1350,2.0,0,0,3,7,1010,360,2007,0,47.5534,-122.382,1450,12.815838217151068
2.75,3010,5398,2.0,0,0,3,9,3010,0,2014,0,47.6067,-122.053,3360,13.55413930030229
2.75,2130,1400,2.0,0,0,3,9,1080,1050,2010,0,47.5661,-122.29,1880,13.17115354157376
1.75,2000,7350,1.0,0,0,3,7,1100,900,1963,0,47.3428,-122.303,1720,12.495003937382387
1.75,1350,8548,1.0,0,0,3,7,1350,0,1985,0,47.3179,-122.33,1660,12.429216196844383
1.75,1150,10466,1.0,0,0,5,7,1150,0,1959,0,47.5531,-122.177,1350,13.04871683723603
2.75,2190,12687,1.0,0,0,5,7,1370,820,1978,0,47.7762,-122.257,2280,13.008074231002201
2.75,1890,5240,1.0,0,0,3,7,980,910,1981,0,47.5528,-122.356,1600,12.834681304952548
1.75,1700,6000,1.0,0,0,3,7,1700,0,1967,0,47.3252,-122.208,1280,11.911030218672101
2.5,1460,1238,2.0,0,0,3,8,1200,260,2008,0,47.6719,-122.374,1280,12.985397522331171
2.0,1370,4866,1.0,0,0,3,8,1370,0,2005,0,47.704,-122.012,1365,12.97502278950562
2.0,1540,67756,1.0,0,0,3,7,1540,0,1900,1973,47.721,-122.078,2060,13.017002861746503
3.0,2700,47050,2.0,0,0,4,9,1570,1130,1986,0,47.4446,-122.104,2260,12.948009990259552
1.0,890,6380,1.0,0,0,3,6,890,0,1951,0,47.691,-122.303,990,12.429216196844383
3.5,3440,6037,2.0,0,0,3,9,3440,0,2014,0,47.4765,-121.734,3270,13.303003521415745
3.0,3350,199253,2.0,0,0,3,10,3350,0,2004,0,47.3602,-121.988,3350,13.514405465180353
2.25,1520,1245,3.0,0,0,3,8,1520,0,2004,0,47.6907,-122.34,1520,12.911642346088676
1.0,1000,3844,1.0,0,0,5,7,900,100,1928,0,47.7031,-122.349,1000,12.928778628331663
2.5,2320,3974,2.0,0,0,3,7,2320,0,1999,0,47.532,-121.88,2620,13.092934566713517
2.5,2340,4500,2.0,0,0,3,7,2340,0,2009,0,47.4911,-122.154,2190,12.969212197910155
1.0,1130,8201,1.0,0,0,5,6,1130,0,1948,0,47.7359,-122.306,1180,12.765688433465597
1.0,900,7500,1.0,0,0,4,6,900,0,1961,0,47.6481,-121.916,1190,12.439166527697552
3.5,4270,12305,2.0,0,2,3,10,4270,0,1994,0,47.5489,-122.118,4190,13.96047632821446
1.0,1160,36831,1.0,0,0,3,7,1160,0,1938,0,47.7507,-122.237,1800,13.017002861746503
1.0,1200,2171,1.5,0,0,3,7,1200,0,1933,0,47.7076,-122.342,1130,12.388394202324129
1.0,1660,4400,1.5,0,0,3,8,1460,200,1911,0,47.6362,-122.302,1660,13.567049198665774
1.0,840,5200,1.0,0,0,3,6,840,0,1969,2014,47.3685,-122.077,870,12.206022644280132
3.0,3880,7180,2.0,0,0,3,7,3880,0,2004,0,47.4797,-122.179,2160,13.005829561148378
1.75,2140,9484,1.0,0,0,3,7,1290,850,1953,0,47.6234,-122.191,1960,13.38472764187182
1.0,600,6120,1.0,0,0,3,5,600,0,1943,1989,47.5,-122.317,1090,11.813030057420567
1.75,2050,5160,1.5,0,0,4,8,1300,750,1926,0,47.6374,-122.304,2220,13.513053199930338
1.5,1480,13457,1.0,0,0,3,7,1480,0,1959,0,47.5914,-122.136,2100,13.071070083016778
2.0,1460,7930,1.0,0,0,3,7,1460,0,1989,0,47.359,-122.049,1630,12.462650972930621
1.0,700,10540,1.0,0,0,3,6,700,0,1953,0,47.438,-122.336,890,12.165250651009918
2.5,1970,6634,2.0,0,0,3,8,1970,0,1989,0,47.5759,-122.012,2090,13.190022025878143
2.5,2620,11200,1.0,0,0,4,8,1770,850,1962,0,47.5876,-122.193,2360,13.845069360205818
1.75,1440,7200,1.0,0,0,3,7,1440,0,1986,0,47.4473,-122.284,1640,12.388185847286392
2.5,2040,7260,2.0,0,0,4,7,2040,0,1963,0,47.7399,-122.332,2040,13.071070083016778
1.0,1270,8400,1.0,0,0,3,7,1270,0,1955,0,47.7604,-122.198,1390,12.757080058928997
2.5,2360,8764,2.0,0,0,3,8,2360,0,1991,0,47.2114,-122.009,2360,12.577636201962656
1.75,1370,10866,1.0,0,0,4,6,1370,0,1945,0,47.6774,-122.164,1580,12.323855681186558
2.75,2910,7712,1.0,0,0,3,7,1600,1310,1998,0,47.2842,-122.198,2220,12.584509081250419
1.5,1790,4250,1.0,0,0,3,7,920,870,1915,2014,47.6367,-122.301,1910,13.488394416267086
2.5,2960,6219,2.0,0,0,3,9,2960,0,2006,0,47.3603,-122.037,2960,12.813117127036707
3.25,7000,28206,1.0,1,4,4,12,3500,3500,1991,0,47.5928,-122.086,4913,14.978661367769956
2.5,2570,50308,1.5,0,0,3,10,2570,0,1993,0,47.7418,-122.039,3420,13.592367006650065
2.5,1740,5782,2.0,0,0,4,8,1740,0,1989,0,47.5783,-122.001,2080,13.115741501095442
2.25,1940,5980,1.0,0,0,3,7,1520,420,1987,0,47.5476,-122.075,1910,13.270783382522602
2.5,2810,11560,1.0,0,0,5,7,1740,1070,1962,0,47.5846,-122.12,1970,13.420985389894444
6.0,6880,279968,2.0,0,3,3,12,4070,2810,2007,0,47.4624,-121.779,4690,14.212943494375175
2.25,1630,1686,2.0,0,0,3,10,1330,300,2014,0,47.6113,-122.314,1570,13.500798443260623
1.75,2320,7875,1.0,0,0,3,8,1620,700,1967,0,47.4524,-122.146,1990,12.80712646676642
3.25,2520,3360,1.5,0,0,4,8,1550,970,1931,0,47.6801,-122.315,1730,13.334648185383662
2.75,3280,10558,1.0,0,2,4,9,2040,1240,1979,0,47.5606,-122.133,3150,13.737549016494562
1.0,840,12750,1.0,0,0,3,6,840,0,1925,0,47.484,-122.211,1480,12.072541252905651
2.5,2640,4725,2.0,0,0,3,8,2640,0,2014,0,47.371,-122.017,2370,12.87266278904011
1.5,1240,983,3.0,0,0,3,8,1240,0,2009,0,47.7235,-122.353,1240,12.669806661762314
1.75,1540,4025,1.0,0,0,4,7,1190,350,1908,0,47.5876,-122.391,1950,13.253391639810733
2.5,2730,12261,2.0,0,0,3,9,2730,0,1991,0,47.7419,-122.205,2730,13.32530422140102
2.25,2870,6280,1.5,0,0,4,9,1980,890,1905,0,47.6329,-122.31,2370,14.09692301740246
2.25,2060,47318,1.0,0,2,4,8,1600,460,1976,0,47.2758,-122.265,1870,12.721885810807203
2.5,1310,1254,2.0,0,0,3,7,850,460,2007,0,47.5622,-122.384,1310,12.873902018105829
2.5,2600,7210,2.0,0,0,3,8,2600,0,1989,0,47.5123,-122.151,2350,13.071070083016778
2.5,2340,8414,1.0,0,0,3,7,1280,1060,1993,0,47.4685,-122.265,2340,12.751299696013497
1.0,1220,3000,1.5,0,0,3,6,1220,0,1901,0,47.6506,-122.346,1350,12.84792653170257
2.5,3000,25341,2.0,0,0,3,9,3000,0,1995,0,47.6724,-122.013,3000,13.514405465180353
2.5,1910,5600,2.0,0,0,3,8,1910,0,1989,0,47.5752,-122.009,1800,13.119735928682044
2.0,1910,13505,1.0,0,0,3,8,1910,0,1955,0,47.7114,-122.23,2010,12.929870265288878
2.5,3030,30000,2.0,0,0,4,9,3030,0,1981,0,47.7468,-122.112,2600,13.432784936825598
3.0,3370,47959,2.0,0,0,4,10,3370,0,1981,0,47.733,-122.129,3370,13.715690222682063
1.75,1420,1189,3.0,0,0,3,8,1420,0,2006,0,47.6625,-122.352,1380,13.028052697933088
1.0,1470,7350,1.0,0,0,3,7,1470,0,1969,0,47.3616,-122.286,1720,12.388394202324129
1.0,1640,6305,1.5,0,0,5,6,1640,0,1907,0,47.5563,-122.28,1590,13.159659162148026
1.0,990,8012,1.0,0,0,4,7,990,0,1966,0,47.4557,-122.181,1260,12.323855681186558
1.0,800,6380,1.0,0,2,3,7,800,0,1940,0,47.691,-122.309,920,12.845291484064564
3.5,2690,104544,2.0,0,0,3,8,2690,0,1948,1990,47.7717,-122.112,2300,13.560618308335483
2.5,4090,215186,2.0,0,0,4,8,3670,420,1979,0,47.2964,-122.116,2430,13.369223455335854
3.75,5340,10655,2.5,0,3,4,10,3740,1600,1912,0,47.5795,-122.285,3910,14.555064111338375
1.0,1520,7800,1.0,0,0,4,7,1120,400,1967,0,47.3784,-122.29,1740,12.429216196844383
2.5,1940,10800,1.0,0,0,3,8,1340,600,1979,0,47.7471,-122.075,2080,12.977337605354071
2.5,1910,4862,2.0,0,0,3,7,1910,0,2005,0,47.3607,-122.034,2010,12.611537753638338
2.5,1780,7214,1.0,0,0,4,7,1400,380,1986,0,47.3667,-122.182,1520,12.491251587763836
1.0,1710,5992,1.5,0,0,4,7,1560,150,1928,0,47.6861,-122.354,1240,13.38472764187182
1.0,930,7550,1.0,0,0,3,6,930,0,1986,0,47.4866,-122.303,1370,12.345834587905333
2.25,2100,14027,2.0,0,0,3,8,2100,0,1979,0,47.3833,-122.1,2730,12.506177237980511
1.0,1384,8960,1.0,0,0,4,6,1384,0,1965,0,47.3062,-122.371,1000,12.100712129872347
1.0,890,9465,1.0,0,0,3,6,890,0,1957,0,47.4388,-122.328,1590,11.947949375319936
3.75,3500,101494,1.5,0,0,3,8,3500,0,1967,1990,47.6745,-122.054,3250,13.527828485512494
2.5,2390,7489,1.0,0,0,3,8,2390,0,2007,0,47.7243,-122.032,2170,13.458764182902971
2.5,2010,2778,2.0,0,0,3,8,1390,620,2014,0,47.5528,-121.999,1540,13.044635322188094
2.0,1220,1186,3.0,0,0,3,8,1220,0,2007,0,47.6972,-122.341,1280,12.779873068457553
2.0,1470,10291,1.0,0,0,4,7,1470,0,1963,0,47.6316,-122.121,1460,13.049792684569493
1.75,2320,10900,2.0,0,0,3,7,2320,0,1935,1974,47.6877,-122.283,1610,13.511021367196111
1.0,1310,18135,1.0,0,0,3,7,1310,0,1948,0,47.6065,-122.113,2150,13.223113280504473
3.25,3910,6293,2.0,0,0,3,9,3130,780,2006,0,47.5389,-121.86,4410,13.472949824002503
1.75,1560,1750,1.0,0,0,4,6,780,780,1904,0,47.6347,-122.355,1850,13.111100185125618
1.75,1510,8301,1.0,0,0,3,7,1510,0,1967,0,47.7243,-122.222,1460,12.810388612383504
3.0,3240,5562,2.0,0,0,3,10,3240,0,2013,0,47.5919,-121.975,3380,13.704578997256993
2.0,2400,9537,1.0,0,0,5,7,1210,1190,1959,0,47.5112,-122.186,1760,12.873902018105829
1.5,1850,3600,2.0,0,0,3,8,1660,190,1929,0,47.6376,-122.307,1970,13.732128949025222
1.0,1760,4441,1.0,0,0,3,8,1310,450,1950,0,47.5311,-122.381,1350,12.969095641001111
2.75,3720,9450,1.0,0,4,5,10,1960,1760,1962,0,47.5627,-122.156,2900,14.130321297804308
1.0,1010,5490,1.0,0,0,3,6,1010,0,1954,0,47.4762,-122.293,1740,11.884489021402711
2.5,1910,1502,3.0,0,0,3,8,1910,0,2014,0,47.6747,-122.393,1520,13.353475098367715
2.5,1600,6510,1.0,0,0,3,7,940,660,1983,0,47.7679,-122.308,1600,12.993392996107369
2.5,1630,1755,2.0,0,0,3,8,1320,310,1997,0,47.691,-122.176,1920,12.947771866672285
2.5,1890,6156,1.0,0,0,3,7,980,910,1980,0,47.551,-122.356,1590,12.691580461311874
1.5,1380,12196,1.0,0,0,4,7,1380,0,1967,0,47.3204,-122.322,1600,12.560244459250788
4.25,6980,15682,3.0,0,4,4,12,5330,1650,1999,0,47.5552,-122.231,3930,14.946912669455374
2.0,3560,5120,2.5,0,2,3,9,3560,0,1900,0,47.6056,-122.311,2130,13.635187003832993
2.5,2780,13521,2.0,0,0,3,10,2780,0,1987,0,47.6374,-122.042,2980,13.480037821676145
3.0,2150,64694,1.0,0,0,3,8,1450,700,1969,0,47.3268,-122.388,2430,12.899094818276968
2.5,3570,17411,2.0,0,0,3,10,3570,0,1990,0,47.5617,-122.03,3510,13.779883380321124
2.5,2880,23994,2.0,0,3,3,9,2880,0,2002,0,47.2124,-122.005,2470,13.190022025878143
2.5,2520,35636,2.0,0,0,3,8,2520,0,1980,0,47.652,-122.031,2230,13.262125319779487
2.5,1420,1438,2.0,0,0,3,9,1280,140,2003,0,47.6265,-122.323,1490,13.415032991367148
2.5,2980,8770,2.0,0,0,3,10,2980,0,1990,0,47.5814,-122.029,2940,13.42984807715229
1.5,1900,7584,1.0,0,0,5,7,1900,0,1962,0,47.5091,-122.19,1410,12.721885810807203
1.0,880,6050,1.0,0,0,3,6,880,0,1945,0,47.4995,-122.248,1130,12.392552212472792
1.75,1530,6743,1.0,0,0,3,7,1410,120,1955,0,47.5745,-122.396,2040,13.262125319779487
3.5,2620,10137,2.0,0,0,3,8,1970,650,1992,0,47.4979,-122.371,1960,13.195613839143922
3.25,3674,12793,2.0,0,1,3,9,3674,0,1987,0,47.4357,-122.343,3220,13.458764182902971
2.5,2160,10200,1.0,0,0,3,7,1360,800,1978,0,47.7295,-122.331,2010,12.911642346088676
3.0,2390,19454,1.5,0,0,3,8,2390,0,2008,0,47.4545,-122.336,1540,13.16062208952142
1.75,2220,17568,1.0,0,0,4,8,2220,0,1967,0,47.749,-122.083,2070,12.987688474077727
1.75,2300,11400,1.0,0,0,4,8,1520,780,1977,0,47.6884,-122.128,2300,13.132313708257497
2.0,1940,16300,1.0,0,0,3,7,1140,800,1978,0,47.774,-122.283,1940,12.896716695872
2.25,1170,1011,2.0,0,0,3,7,1170,0,2009,0,47.5321,-122.073,1240,12.72709609427261
2.0,1670,13775,1.0,0,0,3,8,1670,0,1968,0,47.4873,-121.783,2130,12.834681304952548
1.0,1130,7920,1.0,0,0,3,7,1130,0,1961,0,47.4852,-122.125,1390,12.506177237980511
1.0,1090,6000,1.0,0,0,3,7,1090,0,1922,0,47.5886,-122.292,1960,12.959844447906553
3.75,2400,3520,1.0,0,0,3,7,1370,1030,1924,2005,47.6295,-122.346,2230,13.693342923990066
2.5,1960,9898,2.0,0,0,3,8,1960,0,2001,0,47.3834,-122.168,2130,12.611537753638338
1.0,880,2970,1.0,0,0,3,7,880,0,1927,0,47.6868,-122.349,1370,13.106233995474446
2.5,1320,7000,1.0,0,0,4,7,1320,0,1956,0,47.6007,-122.127,1550,13.028052697933088
1.75,1550,10500,1.0,0,0,3,7,1100,450,1961,0,47.7573,-122.22,1420,12.911642346088676
2.75,2000,6405,1.0,0,0,3,8,1260,740,1964,0,47.5066,-122.259,2130,12.564795491086207
1.75,1700,8534,1.0,0,0,4,7,1700,0,1953,0,47.6276,-122.205,2100,13.800396920154226
2.75,2710,41811,1.5,0,0,4,8,1690,1020,1995,0,47.5836,-122.046,2110,13.473020249017498
2.5,1760,10137,2.0,0,0,3,8,1760,0,2010,0,47.355,-122.059,2000,12.644327576461329
2.25,2580,2875,2.0,0,0,3,9,2580,0,2015,0,47.5674,-122.392,1290,13.419500608626866
3.5,4210,6481,2.0,0,3,3,9,3260,950,2014,0,47.5765,-122.072,3920,13.868776405588868
1.75,2140,8162,1.0,0,0,3,7,1420,720,1968,0,47.3096,-122.377,2040,12.58621994565405
2.5,1760,6477,2.0,0,0,4,8,1760,0,1986,0,47.3731,-122.172,1890,12.495003937382387
2.75,2460,9520,1.0,0,1,3,8,1680,780,1976,0,47.7021,-122.233,2380,13.464691293166045
2.75,2730,6856,2.0,0,0,3,8,2730,0,2003,0,47.7739,-122.164,2520,13.244581010128577
2.5,1740,5267,2.0,0,0,3,7,1740,0,1999,0,47.3777,-122.023,2180,12.721885810807203
2.5,1530,3984,2.0,0,0,3,8,1530,0,1995,0,47.569,-122.007,1720,13.054084536651034
1.75,1090,3272,1.0,0,0,5,8,1090,0,1970,0,47.3794,-122.32,1160,12.487485104968359
1.0,1040,4040,1.0,0,0,3,7,940,100,1928,0,47.6829,-122.393,1420,12.959844447906553
2.75,2180,8480,1.0,0,3,4,7,1210,970,1959,0,47.4961,-122.366,2240,13.208541073645382
2.5,3620,16000,2.0,0,0,3,9,3620,0,1976,0,47.3711,-122.06,2590,13.081541382884074
3.0,2800,9569,1.0,0,2,3,7,1400,1400,1963,0,47.5102,-122.183,2150,12.765688433465597
2.25,1990,7610,1.0,0,0,4,8,1290,700,1966,0,47.6236,-122.103,1820,13.17915761382862
1.75,1680,9966,1.0,0,0,3,7,1100,580,1977,0,47.3923,-122.311,2400,12.498742259492994
2.5,1830,1988,2.0,0,0,3,9,1530,300,2011,0,47.5779,-122.409,1800,13.304684934198283
3.25,2760,6420,2.0,0,2,3,9,2110,650,1991,0,47.3895,-122.221,2030,12.834681304952548
3.5,3920,37122,2.0,0,0,3,10,3920,0,1996,0,47.6316,-121.988,2550,13.652991628466498
1.0,1180,7200,1.0,0,0,4,7,1180,0,1968,0,47.4249,-122.178,1180,12.427214194173711
2.5,2440,4000,2.0,0,0,3,7,2440,0,2009,0,47.3841,-122.036,2410,12.765688433465597
2.5,2100,8886,2.0,0,0,4,7,2100,0,1964,0,47.5947,-122.134,1840,13.091904169919621
1.0,960,87991,1.5,0,0,3,5,960,0,1946,0,47.63,-121.9,1940,12.100712129872347
3.5,1450,1263,2.0,0,0,3,8,1160,290,2007,0,47.6508,-122.383,1390,12.886641043883259
1.0,930,6098,1.0,0,0,4,6,930,0,1919,0,47.5289,-122.03,1730,12.793859310432293
1.0,840,5265,1.0,0,0,5,6,840,0,1969,0,47.3644,-122.082,920,12.250089530946948
1.0,1080,9067,1.0,0,0,3,6,1080,0,1951,0,47.4815,-122.331,1080,12.220961258023925
2.0,1640,4875,1.0,0,0,4,7,1040,600,1977,0,47.3661,-122.094,1640,12.35017298950393
2.25,2470,7698,2.0,0,0,3,8,2470,0,1983,0,47.4406,-122.141,2330,12.793581494067123
2.5,2730,4847,2.0,0,0,3,9,2730,0,2008,0,47.549,-122.374,1250,13.383187995686226
2.5,1830,5175,2.0,0,0,3,7,1830,0,2003,0,47.3565,-122.016,1830,12.65075846679162
2.5,1495,936,3.0,0,0,3,8,1405,90,2006,0,47.593,-122.295,1495,12.89921982609012
2.5,1790,6120,2.0,0,0,3,7,1790,0,2005,0,47.4829,-122.128,1950,12.822608723718279
2.5,2270,11500,1.0,0,0,3,8,1540,730,1967,0,47.7089,-122.241,2020,12.84792653170257
2.0,1570,4625,1.5,0,0,5,8,1570,0,1927,0,47.68,-122.399,1760,13.635187003832993
2.75,2280,5013,2.0,0,0,3,8,2280,0,2009,0,47.7333,-121.976,2130,12.886641043883259
3.5,3740,41458,2.0,0,2,3,11,3740,0,2000,0,47.7375,-122.139,3750,13.891081744811348
2.5,1910,66211,2.0,0,0,3,7,1910,0,1997,0,47.5385,-121.911,2330,12.994530005894443
1.0,1000,4776,1.0,0,0,4,6,1000,0,1942,0,47.5619,-122.315,1500,12.712890247898626
3.25,3410,25741,2.0,0,0,4,8,3410,0,1993,0,47.6929,-121.868,1660,13.487006490992238
2.5,2000,2500,3.0,0,1,3,8,1810,190,1994,0,47.5788,-122.396,1970,13.292949677979863
2.5,1090,7700,1.0,0,0,4,7,1090,0,1957,0,47.607,-122.12,1740,12.886514453592564
2.5,1660,9760,2.0,0,0,3,7,1660,0,1994,0,47.3635,-122.188,1580,12.594727245485704
2.5,1930,1348,2.0,0,0,3,8,1300,630,2005,0,47.6513,-122.384,1630,12.994507278363448
2.5,1810,7350,1.0,0,0,3,8,1310,500,1984,0,47.4434,-122.125,2240,12.697715449879391
2.5,1260,900,2.0,0,0,3,7,940,320,2007,0,47.5621,-122.384,1310,12.84792653170257
2.25,2010,15375,1.0,0,0,4,8,2010,0,1957,0,47.5956,-122.174,1930,13.399995114002609
2.5,3810,13579,2.0,0,0,3,10,3810,0,2003,0,47.6006,-122.153,3310,13.732128949025222
2.5,1670,5090,2.0,0,0,3,7,1670,0,2003,0,47.4799,-122.18,2560,12.759957758756611
1.5,1110,1189,3.0,0,0,3,8,1110,0,2000,0,47.6711,-122.377,1420,12.823957341589573
2.5,2210,17715,2.0,0,0,3,8,2210,0,1997,0,47.3818,-122.2,2210,12.793859310432293
2.5,2510,8580,2.0,0,0,4,8,2510,0,1991,2012,47.295,-122.37,2290,12.706847933442663
1.75,2330,8364,1.0,0,0,4,8,2330,0,1968,0,47.4568,-122.146,2180,12.873902018105829
2.75,3820,26300,2.0,0,0,3,9,2850,970,2014,0,47.7618,-122.261,1860,13.554145793829866
2.5,1600,6315,2.0,0,0,3,8,1600,0,2013,0,47.2611,-122.198,1608,12.567237494741757
2.75,1650,5700,2.0,0,0,4,7,1650,0,1988,0,47.4563,-122.348,1320,12.765688433465597
2.75,2300,37533,1.0,0,3,5,8,1550,750,1979,0,47.3714,-122.431,2130,13.023647404465171
2.25,1940,8312,1.0,0,1,4,7,1220,720,1963,0,47.4556,-122.346,2060,13.017002861746503
2.25,3060,9950,1.5,0,2,4,9,1810,1250,1930,0,47.579,-122.284,4950,13.785051350479566
2.25,1960,12436,2.0,0,0,3,8,1960,0,1984,0,47.6276,-122.037,1960,13.122363377404328
2.5,3810,7728,2.0,0,0,3,9,3810,0,2007,0,47.5925,-122.058,3290,13.685401872617254
2.5,3210,8938,2.0,0,0,3,10,3210,0,2005,0,47.582,-121.971,3740,13.527828485512494
1.0,1190,9199,1.0,0,0,3,7,1190,0,1955,0,47.4258,-122.322,1190,12.337100907936577
3.25,3080,4287,2.0,0,0,3,10,2230,850,2012,0,47.5313,-122.076,2250,13.62918097977278
2.0,1730,9030,1.0,0,0,4,7,1730,0,1956,0,47.5875,-122.134,1470,13.262125319779487
2.5,2180,9722,2.0,0,0,3,8,2180,0,1994,0,47.527,-122.173,2440,13.15328048003905
1.75,1330,6301,1.0,0,0,3,7,1330,0,1998,0,47.3411,-122.219,1330,12.371587084007746
2.0,1510,3413,2.0,0,0,3,7,1510,0,1985,0,47.3912,-122.167,1570,12.345834587905333
1.0,1220,7980,1.5,0,0,3,6,1220,0,1944,0,47.4924,-122.237,1210,12.468436909997665
1.0,1800,8900,1.0,0,0,3,6,900,900,1945,0,47.51,-122.323,2040,12.721885810807203
1.75,1220,8817,1.0,0,0,3,7,1220,0,1978,0,47.3111,-122.396,2000,12.35017298950393
2.5,1780,5822,2.0,0,0,3,7,1780,0,2001,0,47.4455,-122.169,1990,12.647548191161372
1.0,1140,8144,1.0,0,0,3,7,1140,0,1956,0,47.7464,-122.317,1150,12.531772785169476
3.25,5600,107157,2.0,0,0,3,10,3440,2160,1988,0,47.7341,-122.102,3470,13.900770401915098
2.25,1570,3109,2.0,0,0,3,8,1570,0,2002,0,47.3258,-122.186,1680,12.520700886966562
1.0,840,12091,1.0,0,0,3,6,840,0,1959,0,47.3281,-122.343,840,12.128111104060462
1.0,780,4132,1.0,0,0,3,7,780,0,1942,0,47.5324,-122.387,1100,12.57418196709457
1.5,1620,3760,2.0,0,0,5,7,1170,450,1924,0,47.6012,-122.291,2130,13.208541073645382
2.25,2290,7420,1.0,0,0,3,7,1290,1000,1973,0,47.4375,-122.166,1660,12.793581494067123
2.25,2450,34092,2.0,0,0,4,8,2450,0,1980,0,47.5751,-122.049,2410,13.432784936825598
1.0,1160,20100,1.0,0,0,4,6,820,340,1913,0,47.5175,-122.201,1670,13.122363377404328
1.0,1110,8593,1.0,0,0,3,7,1110,0,1979,0,47.7595,-122.309,1780,12.6112043647371
1.75,1340,2805,1.5,0,0,3,7,1340,0,1919,0,47.5922,-122.297,1650,13.071070083016778
1.0,980,6800,1.0,0,0,3,6,980,0,1946,0,47.4411,-122.186,1140,11.877568578558138
1.0,1440,8287,1.5,0,0,4,7,1440,0,1928,0,47.7438,-122.315,1330,12.821258284620408
2.25,1700,8800,1.0,0,0,5,7,850,850,1969,0,47.6863,-122.189,2180,13.244581010128577
2.25,2040,435600,2.0,0,2,4,7,2040,0,1983,0,47.2328,-121.945,2020,13.17115354157376
1.0,2120,6897,1.0,0,0,4,7,1060,1060,1923,0,47.5566,-122.278,1900,13.304684934198283
2.5,4870,11800,2.0,0,0,3,10,3470,1400,1983,0,47.633,-122.041,3180,13.490472698968725
1.0,880,4814,1.0,0,0,4,5,880,0,1906,0,47.3107,-121.999,1010,12.247694320220994
1.75,1940,7500,1.0,0,0,4,7,1720,220,1966,0,47.3736,-122.215,2000,12.520883385370206
2.0,1640,4218,1.0,0,0,4,7,910,730,1941,0,47.6546,-122.344,1670,13.37700559577791
2.5,2730,10281,2.0,0,2,3,9,2730,0,1996,0,47.6227,-122.029,2750,13.567049198665774
2.5,2780,8225,2.0,0,1,3,9,2780,0,1990,0,47.3509,-122.323,720,13.016780614829264
3.25,3440,4920,2.0,0,4,3,10,2520,920,2014,0,47.5727,-122.409,2350,14.111904571018076
1.75,1390,5025,1.5,0,0,4,8,1390,0,1928,0,47.6701,-122.288,2160,13.439361504190163
1.75,1820,78408,1.0,0,0,3,6,1220,600,1950,0,47.3364,-122.128,1340,12.644111424069825
3.25,1720,1330,2.0,0,0,3,8,1030,690,2004,0,47.62,-122.309,1720,13.422467969854667
3.25,3410,34939,2.0,0,0,4,9,2470,940,1992,0,47.459,-122.003,2450,13.279367126213993
2.75,2580,8100,2.0,0,1,4,8,1780,800,1964,0,47.5387,-122.215,2840,13.8878312195439
2.5,2360,7350,1.0,0,0,4,7,1440,920,1965,0,47.3417,-122.277,1450,12.560244459250788
1.0,750,6089,1.0,0,2,3,6,750,0,1937,0,47.475,-122.199,1430,12.269047444691562
2.0,1690,16061,1.0,0,0,3,7,1690,0,1984,0,47.6359,-122.035,1280,13.038546891311219
2.5,3220,38448,2.0,0,0,3,10,3220,0,1993,0,47.6854,-122.053,3090,13.560618308335483
2.0,1540,9714,2.0,0,0,3,8,1540,0,2008,0,47.7628,-122.359,1840,13.178743710840436
1.0,1410,4500,1.0,0,0,3,7,1020,390,1939,0,47.6883,-122.384,1300,13.304684934198283
2.0,1070,635,2.0,0,0,3,9,720,350,2008,0,47.5212,-122.357,1070,12.456636792420376
1.0,760,6141,1.0,0,0,2,6,760,0,1920,0,47.5469,-122.277,900,11.998433280751929
1.75,1400,5071,1.0,0,0,3,5,1400,0,1916,0,47.6499,-121.908,1200,12.959844447906553
1.0,790,4000,1.0,0,0,3,6,790,0,1948,0,47.6844,-122.289,990,12.896716695872
2.5,1660,3990,2.0,0,0,3,7,1660,0,2009,0,47.5298,-122.268,1670,12.690040815126281
1.0,820,8370,1.0,0,0,4,7,820,0,1941,0,47.7256,-122.361,1410,12.688498794774466
2.5,2510,6320,2.0,0,0,3,9,2510,0,1996,0,47.5868,-122.033,2518,13.398478813484644
2.75,1960,48787,1.5,0,0,4,9,1960,0,1983,0,47.7484,-122.111,1970,13.244581010128577
1.5,1090,8400,1.0,0,0,4,7,1090,0,1966,0,47.6219,-122.115,1320,12.936033799212835
1.0,1270,6500,1.0,0,0,4,7,1270,0,1956,0,47.6874,-122.214,2260,13.547631112808673
1.75,1230,7200,1.0,0,0,3,7,1230,0,1986,0,47.2881,-122.363,1540,12.301382825334498
1.5,1660,4000,1.0,0,0,3,7,1000,660,1950,0,47.6832,-122.304,1570,12.92391243868049
4.0,5840,11652,2.0,0,1,3,11,4410,1430,1988,0,47.5835,-122.202,3120,14.603967918328545
2.25,2580,7344,2.0,0,0,3,8,2580,0,1977,0,47.5647,-122.09,2390,13.284482226880764
2.0,1730,6007,1.0,0,0,3,8,1730,0,2004,0,47.3573,-122.2,2000,12.608198852372823
2.25,2290,5350,2.0,0,0,4,9,2120,170,1958,0,47.6428,-122.411,2910,13.790192749979985
1.75,1760,12823,1.0,0,0,4,7,1460,300,1956,0,47.2868,-122.21,1450,12.505992035646432
1.75,1820,8409,1.0,0,0,4,6,910,910,1948,0,47.7538,-122.327,1300,12.751299696013497
1.0,1750,3861,1.5,0,0,3,7,1750,0,1903,0,47.6075,-122.295,1700,13.560489267752041
3.75,4100,61419,2.0,0,0,3,9,4100,0,2014,0,47.5626,-122.005,2010,14.115615150414612
2.5,2660,11200,2.0,0,0,3,9,2660,0,1999,0,47.5894,-122.197,3290,13.937728190688523
2.0,1750,7000,1.0,0,0,3,8,1750,0,1993,0,47.3693,-122.041,1840,12.802158113246987
2.25,1550,1919,3.0,0,0,3,8,1550,0,2003,0,47.6729,-122.379,1550,13.340695371721317
2.25,1640,7630,1.0,0,0,4,8,1180,460,1968,0,47.3739,-122.29,1930,12.417143615610113
3.25,3450,6360,2.0,0,0,5,9,1860,1590,1905,0,47.6133,-122.287,2310,14.136579049433688
3.75,4570,10194,2.0,0,0,3,11,4570,0,2006,0,47.718,-122.161,2040,13.851842487211664
3.5,4010,8510,2.0,0,1,5,9,2850,1160,1971,0,47.6578,-122.286,2610,14.148404973237604
2.25,2130,9000,2.0,0,0,4,8,2130,0,1965,0,47.5716,-122.159,2110,13.281075068559149
2.5,1540,1564,2.0,0,0,3,7,1300,240,1998,0,47.586,-122.313,1540,12.858397831569864
2.5,2250,6064,2.0,0,0,3,8,2250,0,2005,0,47.4956,-122.174,1520,12.895462777212407
2.5,1600,4271,2.0,0,0,3,7,1600,0,2000,0,47.3303,-122.269,1700,12.542544882151386
1.75,2020,11050,1.0,0,0,4,8,1320,700,1969,0,47.4706,-122.119,1940,12.706847933442663
2.5,2860,9159,1.0,0,0,4,8,1530,1330,1989,0,47.6923,-122.2,2070,13.528494930055654
2.0,1680,7900,2.0,0,0,4,7,1680,0,1953,0,47.3255,-122.305,1250,12.429216196844383
1.0,1470,7680,1.0,0,0,3,7,1220,250,1946,0,47.5276,-122.359,1470,12.421184025147118
2.5,1260,1211,3.0,0,0,3,8,1260,0,2004,0,47.6969,-122.343,1270,12.724866438945341
1.0,1150,8000,1.5,0,0,4,6,1150,0,1913,1957,47.2749,-122.252,1170,12.031719258385396
2.5,1710,2300,2.0,0,0,3,8,1570,140,2005,0,47.6743,-122.142,2120,13.197470849891134
1.75,1930,5400,2.0,0,2,3,9,1930,0,1978,0,47.77,-122.391,2100,13.312983737012978
2.5,1100,1760,3.0,0,0,3,7,1100,0,1997,0,47.6972,-122.35,1200,12.736700896592344
2.5,2701,4500,2.0,0,0,3,9,2701,0,2014,0,47.2586,-122.194,2570,12.898957291630964
2.75,1990,9600,1.0,0,0,3,8,1530,460,1978,0,47.532,-122.05,2170,13.262125319779487
2.0,1680,7000,1.5,0,0,4,7,1680,0,1968,0,47.2775,-122.203,1540,12.297739834055998
1.0,870,5200,1.0,0,0,5,6,870,0,1969,0,47.3695,-122.081,870,12.083905011555967
3.0,2840,7201,2.0,0,0,3,9,2840,0,2014,0,47.5165,-121.883,2540,13.286877315548319
1.5,1710,4500,1.5,0,0,3,8,1410,300,1928,0,47.5366,-122.268,1860,13.043320170063875
1.5,1530,10827,1.0,0,0,4,8,1530,0,1955,0,47.6354,-122.234,2050,13.670484785914017
2.0,2050,13303,1.0,0,0,3,8,2050,0,1993,0,47.2681,-122.31,2180,12.658739355122632
1.5,1020,1060,3.0,0,0,3,8,1020,0,2008,0,47.6801,-122.348,1340,12.998499390181943
1.0,940,7700,1.0,0,0,4,6,940,0,1916,0,47.7067,-122.354,1290,12.70381302974751
2.25,2260,54014,1.0,0,0,3,7,1450,810,1962,0,47.7657,-122.131,2140,13.149978544437301
2.25,1750,9353,1.0,0,0,3,7,1210,540,1987,0,47.7305,-122.225,1930,12.980799813082541
1.75,1220,15600,1.0,0,0,3,6,1220,0,1972,0,47.2853,-122.265,1510,12.28071618852594
2.0,2350,5080,1.5,0,0,3,8,1780,570,1929,0,47.5516,-122.263,1700,13.249876697703288
2.5,2210,8010,2.0,0,0,3,8,2210,0,1998,0,47.4845,-121.775,2430,13.005829561148378
1.5,1460,13503,1.0,0,0,4,6,1460,0,1977,0,47.3119,-122.015,1460,12.388394202324129
2.25,1930,7925,1.0,0,0,3,8,1300,630,1960,0,47.7626,-122.312,1930,12.814478597635029
1.75,1850,2860,1.5,0,0,5,8,1210,640,1931,0,47.5853,-122.39,1660,13.427050048671934
1.0,1010,7200,1.0,0,0,3,7,1010,0,1975,0,47.7651,-122.291,1890,12.560244459250788
1.75,1720,2218,1.5,0,0,3,7,1270,450,1931,2003,47.649,-122.335,1130,13.244581010128577
3.5,2410,6000,2.0,0,4,3,9,2220,190,1916,1990,47.54,-122.382,1980,13.55089375844349
3.25,2470,4760,1.5,0,0,5,9,1890,580,1906,0,47.6331,-122.31,2470,14.09692301740246
1.75,2050,9045,2.0,0,0,4,6,2050,0,1959,0,47.4572,-122.18,1200,12.517227074167097
2.25,2380,128937,1.0,0,0,4,7,2380,0,1960,0,47.4253,-122.043,1030,12.529966099944527
2.25,1995,7102,2.0,0,0,4,8,1995,0,1981,0,47.2986,-122.37,1880,12.491251587763836
2.25,1470,4653,2.0,0,0,4,7,1470,0,1985,0,47.5667,-122.018,1560,13.028052697933088
1.5,1520,7123,1.0,0,0,4,7,1520,0,1959,0,47.4991,-122.176,1450,12.586561767568162
2.5,1480,9743,2.0,0,0,4,7,1480,0,1996,0,47.3293,-122.001,1810,12.505992035646432
2.5,3890,34513,2.0,0,0,3,10,3890,0,1996,0,47.7749,-122.048,3600,13.560618308335483
2.5,1780,4169,2.0,0,0,3,8,1780,0,1994,0,47.5695,-122.006,1830,13.199324418540456
2.75,1690,6090,1.5,0,0,3,7,1400,290,1945,0,47.6814,-122.269,1820,13.217673557208654
2.25,2950,15207,1.0,0,0,4,10,2070,880,1966,0,47.5571,-122.216,2950,13.80747838626701
3.0,2430,11670,1.0,0,0,4,7,1330,1100,1978,0,47.7307,-122.228,1580,13.15773052124162
2.75,2170,7900,1.0,0,0,4,8,1380,790,1978,0,47.362,-122.277,2170,12.599802497419917
1.75,1560,8700,1.0,0,0,4,7,1560,0,1967,0,47.7274,-122.181,2080,12.854483932248728
2.5,3050,7410,1.5,0,0,5,8,1950,1100,1950,0,47.6772,-122.296,1890,13.790192749979985
2.5,2150,7303,2.0,0,0,3,8,2150,0,2005,0,47.5109,-122.183,1940,12.8802918162046
2.5,2760,8558,2.0,0,0,3,7,2760,0,2001,0,47.4802,-122.189,2760,13.005829561148378
3.0,1680,6003,1.0,0,0,3,7,1150,530,1997,0,47.2885,-122.218,1820,12.345834587905333
1.75,1590,9636,1.5,0,0,4,6,1590,0,1953,0,47.754,-122.321,1800,12.75419405403986
2.5,2180,5496,2.0,0,0,3,8,2180,0,1994,0,47.5723,-122.007,2120,13.324487561494463
1.0,1370,8400,1.0,0,0,3,7,1370,0,1948,0,47.7344,-122.336,1330,12.598114733306197
1.0,1350,11507,1.0,0,0,3,7,1350,0,1966,0,47.4269,-122.197,1320,12.206072645530174
1.5,1370,4790,2.0,0,0,4,7,1370,0,1982,0,47.7253,-122.164,1370,12.779873068457553
1.0,1510,17040,1.0,0,0,4,6,1510,0,1975,0,47.2649,-122.285,1520,12.128111104060462
2.5,1900,4054,2.0,0,0,3,7,1900,0,2003,0,47.3767,-122.124,2520,12.611371073081239
2.5,3192,5653,2.0,0,0,3,8,3192,0,2014,0,47.2956,-122.35,3000,12.96453929221076
1.5,1750,19709,1.5,0,0,4,8,1440,310,1978,0,47.3351,-122.044,1950,13.262125319779487
1.0,1810,7500,1.0,0,0,2,7,1410,400,1959,0,47.4935,-122.333,1250,12.487296407920908
1.0,1500,6240,1.0,0,0,4,7,1500,0,1953,0,47.7281,-122.311,1230,12.973863369085885
1.5,1170,9848,1.0,0,0,3,7,1170,0,1963,0,47.7612,-122.234,2220,12.429216196844383
2.5,4110,35741,2.0,0,0,3,7,4110,0,1976,0,47.6642,-122.171,2710,13.846039762999096
3.75,2980,4635,3.0,0,0,3,8,2980,0,1997,0,47.5508,-122.268,1100,13.301680425177985
1.75,1600,20873,1.0,0,0,3,8,1600,0,1955,0,47.5632,-122.182,2640,13.151922179645874
1.0,700,4000,1.0,0,0,3,6,700,0,1943,0,47.5487,-122.391,1060,12.706847933442663
1.75,2110,56192,1.0,0,0,3,7,1480,630,1978,0,47.7701,-122.138,2570,13.329377546788654
2.5,1890,5395,2.0,0,0,3,7,1890,0,2006,0,47.5415,-121.883,2060,12.87004844878984
2.5,1650,4777,2.0,0,0,3,8,1650,0,2013,0,47.5336,-121.841,1800,12.959726793926773
3.5,2550,3600,2.0,0,2,3,8,1880,670,1997,0,47.7709,-122.39,2090,13.422467969854667
3.5,4030,1024068,2.0,0,0,3,10,4030,0,2006,0,47.4619,-121.744,1830,13.658856747918897
4.25,4660,16200,2.0,0,2,3,11,4660,0,2005,0,47.6326,-122.216,3340,14.786706055007715
2.5,2430,6766,2.0,0,0,3,8,2430,0,1999,0,47.7294,-122.358,1820,13.279367126213993
1.0,1130,7500,1.0,0,0,3,7,880,250,1947,0,47.6973,-122.389,2190,13.217673557208654
2.5,3420,222156,2.0,0,0,3,9,3420,0,2002,0,47.3608,-121.97,3340,13.38472764187182
1.0,1340,7260,1.5,0,0,3,6,1340,0,1944,0,47.4934,-122.237,1210,12.205822614274965
1.75,3080,32997,1.5,0,0,4,7,3080,0,1950,1982,47.498,-122.321,1980,12.80765263256463
1.0,1430,7000,1.0,0,0,3,6,1430,0,1968,0,47.3018,-122.369,1050,12.273497621844962
1.5,1220,4080,1.5,0,0,5,7,1220,0,1914,0,47.5746,-122.289,1320,13.415032991367148
1.75,2360,11300,1.0,0,0,4,9,2360,0,1974,0,47.5728,-122.163,2290,13.503535792943449
1.5,1920,11595,1.0,0,0,4,7,1920,0,1962,0,47.2858,-122.212,1400,12.367340793126296
2.25,2330,3600,1.5,0,0,3,8,2330,0,1971,0,47.631,-122.061,2050,13.102160670086809
2.5,1480,2159,3.0,0,0,3,8,1480,0,2007,0,47.6533,-122.341,1480,13.38472764187182
3.0,2400,7260,1.0,0,0,3,7,1440,960,1955,0,47.5045,-122.251,1060,12.724122114385484
2.5,1780,7192,1.0,0,0,4,7,1250,530,1974,0,47.4093,-122.173,1870,12.439166527697552
2.0,1440,3218,1.0,0,0,3,7,850,590,2008,0,47.5655,-122.36,1170,12.84792653170257
1.5,1360,8910,2.0,0,0,5,7,1360,0,1949,0,47.4488,-122.275,1220,12.409013489526863
2.5,2750,16139,2.0,0,0,3,9,2750,0,1989,0,47.5843,-122.06,2810,13.546029831441698
2.0,1870,13970,1.0,0,0,4,7,1120,750,1969,0,47.5243,-122.042,1860,13.028052697933088
2.5,3400,8970,1.0,0,0,4,8,1700,1700,1959,0,47.7358,-122.335,1890,13.047639831208393
2.5,2130,3545,3.0,0,0,5,9,2130,0,1990,0,47.6389,-122.349,1970,13.878485357125662
3.25,4100,7578,2.0,0,2,3,10,4100,0,2011,0,47.5955,-121.974,3710,13.698976741708323
1.0,790,7153,1.0,0,0,4,6,790,0,1944,0,47.4869,-122.324,810,12.26434155365415
2.5,2930,5973,2.0,0,0,3,10,2930,0,2008,0,47.3846,-122.186,3038,12.952760593018148
3.0,3900,9750,1.0,0,4,5,10,2520,1380,1972,0,47.5605,-122.158,3410,14.316285845876763
1.75,2110,15400,1.0,0,0,3,7,1380,730,1963,0,47.4861,-122.226,2110,12.571583438131306
2.0,2330,6346,1.5,0,0,3,6,1600,730,1934,2014,47.5135,-122.38,1380,12.948009990259552
1.75,1440,8114,1.0,0,0,4,7,1440,0,1963,0,47.7639,-122.332,1940,12.685407602204794
2.0,1490,7599,1.0,0,0,3,7,1490,0,1990,0,47.3687,-122.088,1560,12.449018824140563
3.0,4500,21780,2.0,0,2,3,9,3040,1460,1980,0,47.5581,-122.213,3540,13.676248490630767
1.0,830,6000,1.0,0,0,3,6,830,0,1940,0,47.5308,-122.376,830,12.254862809699606
2.5,2920,434728,2.0,0,3,4,8,2920,0,1999,0,47.3809,-122.13,3150,13.663524200966393
1.0,1250,8450,1.0,0,0,4,7,1250,0,1954,0,47.503,-122.364,1350,12.71589776896258
2.5,2790,16173,2.0,0,0,3,10,2790,0,1988,0,47.3043,-122.343,2890,13.005829561148378
1.75,2400,21196,1.0,0,0,5,8,1590,810,1956,0,47.4282,-122.347,2200,13.251635713108469
1.75,1610,22496,1.0,0,0,4,7,1610,0,1974,0,47.3443,-122.073,2050,12.733607882859111
2.0,1830,5220,1.5,0,0,3,7,1830,0,1951,0,47.5331,-122.278,1760,12.506177237980511
1.5,1160,1269,2.0,0,0,3,7,970,190,2005,0,47.6608,-122.335,1700,13.023647404465171
1.75,1430,13399,1.0,0,0,4,7,900,530,1946,0,47.4787,-122.275,1720,12.2783933071098
1.0,1100,8680,1.0,0,0,3,6,1100,0,1962,0,47.3072,-122.363,1100,12.122691036591123
3.75,3520,3944,1.5,0,0,5,8,2200,1320,1913,0,47.6424,-122.348,2310,14.01436141670944
2.25,2500,10062,1.0,0,0,3,8,1600,900,1975,0,47.639,-122.1,2500,13.329377546788654
3.5,5960,13703,2.0,0,2,3,10,4770,1190,1984,0,47.6151,-122.107,2810,14.119312012295937
1.75,2010,8625,1.0,0,0,4,7,1340,670,1957,0,47.7496,-122.355,1500,12.804909146618877
1.75,1260,6223,1.0,0,0,3,7,820,440,1983,0,47.3574,-122.158,1260,12.254862809699606
1.75,1170,8740,1.0,0,0,4,7,1170,0,1968,0,47.6849,-122.117,1870,12.994530005894443
1.75,2600,7668,1.0,0,0,4,8,1300,1300,1968,0,47.3402,-122.046,1980,13.458835614025542
2.0,2020,7260,1.5,0,0,3,7,1180,840,1926,0,47.5496,-122.311,1400,12.666657052859417
2.0,1600,7995,1.0,0,0,3,7,1600,0,1950,1984,47.5177,-122.257,2440,12.714395139078047
2.5,2540,6093,2.0,0,0,3,9,2540,0,1999,0,47.7042,-122.236,2540,13.248114582709889
2.5,3250,5000,2.0,0,0,3,8,3250,0,2008,0,47.4988,-122.148,3230,13.270783382522602
1.75,1480,9375,1.0,0,0,4,7,1480,0,1957,0,47.5076,-122.366,1370,12.765688433465597
2.75,3260,11700,1.0,0,0,3,8,1630,1630,1964,0,47.6169,-122.104,2860,13.432051530118724
2.5,2520,7863,1.0,0,0,3,7,1500,1020,1981,0,47.7096,-122.199,2030,13.208541073645382
2.0,2330,7778,1.0,0,0,3,7,1230,1100,1961,0,47.7109,-122.323,1250,13.122363377404328
2.75,2940,12487,2.0,0,0,3,10,2940,0,1997,0,47.5879,-121.973,3110,13.58609739363647
1.75,1930,501376,2.0,0,0,3,7,1930,0,1930,0,47.6294,-121.911,1710,13.592367006650065
2.5,2090,10306,2.0,0,0,3,10,2090,0,1986,0,47.6304,-122.051,2660,13.357435499583813
1.75,1400,18002,1.0,0,0,3,6,1400,0,1977,0,47.725,-121.967,2240,12.682306824526545
1.0,1160,18055,1.0,0,0,2,5,1160,0,1950,0,47.4772,-122.269,1340,12.111761966058932
2.5,2320,98445,1.0,0,0,4,8,1380,940,1978,0,47.7323,-122.116,2830,13.422467969854667
2.5,2580,214315,1.5,0,0,3,8,2580,0,1946,1986,47.6465,-122.024,2580,12.89921982609012
2.25,2060,12155,1.0,0,0,4,8,2060,0,1968,0,47.6378,-122.117,2360,13.262125319779487
2.5,1900,4871,2.0,0,0,3,8,1900,0,2005,0,47.7132,-122.034,1640,13.132264202081592
3.25,3440,4080,2.0,0,0,3,9,2560,880,2005,0,47.6644,-122.28,3110,14.096205779116488
1.75,1730,11700,1.0,0,0,3,7,880,850,1956,0,47.6031,-122.13,1570,13.049792684569493
2.5,2120,4512,2.0,0,0,3,8,2120,0,1988,0,47.75,-122.183,2000,13.071545759338541
3.5,2500,3080,2.0,0,0,3,8,1810,690,2008,0,47.6749,-122.14,2060,13.304601597392535
1.5,2810,7140,1.0,0,2,3,8,1490,1320,1954,0,47.5252,-122.382,2240,13.262125319779487
2.75,2980,9825,1.0,0,0,3,8,1910,1070,2007,0,47.5073,-122.172,2580,13.132313708257497
1.0,940,7811,1.0,0,0,3,6,940,0,1959,0,47.6195,-122.118,1180,12.765688433465597
2.25,2080,70567,2.0,0,0,3,8,2080,0,1990,0,47.7221,-122.124,3730,13.294634598344782
1.0,760,4746,1.0,0,0,3,5,760,0,1930,0,47.4836,-122.214,1360,11.608235644774552
1.75,1680,14630,1.5,0,0,3,8,1680,0,1985,0,47.5272,-122.044,1920,12.959844447906553
1.0,1080,5000,1.5,0,0,3,7,1080,0,1948,0,47.6603,-122.394,1620,12.926348493478372
2.0,1010,21340,1.0,0,0,3,8,1010,0,1980,0,47.6223,-122.043,1700,12.777052192115912
2.0,1580,5750,1.0,0,0,5,6,790,790,1910,0,47.5668,-122.384,1580,13.232114241363448
1.75,2290,36900,1.5,0,2,5,7,1690,600,1938,0,47.2034,-122.003,2170,13.017000639521811
2.5,2200,3360,2.0,0,0,3,8,2200,0,2009,0,47.5418,-122.287,2130,12.979647075202733
2.5,2170,10500,1.0,0,0,3,7,1570,600,1962,0,47.7512,-122.295,1850,12.948009990259552
1.0,970,6600,1.0,0,0,3,7,970,0,1965,0,47.4836,-122.332,1200,12.013700752882718
3.25,3270,5187,2.0,0,0,3,9,3110,160,2014,0,47.6966,-122.133,3600,13.848838945412718
2.0,1800,5465,1.0,0,0,3,7,900,900,1942,0,47.561,-122.272,1400,12.992254692057308
2.25,2250,41688,2.0,0,0,3,8,2250,0,1980,0,47.6695,-122.05,2350,13.251635713108469
2.0,1920,5688,1.0,0,3,3,9,1920,0,2007,0,47.1952,-121.976,2384,12.736700896592344
2.25,1650,10000,2.0,0,0,3,7,1650,0,1988,0,47.3862,-122.315,1420,12.494067169164
2.0,1200,7131,1.0,0,0,3,8,1200,0,2006,0,47.7199,-122.022,1670,12.871334622600584
2.0,1670,4996,1.0,0,0,3,8,1670,0,2004,0,47.7141,-122.031,1670,13.224919965729422
1.0,1090,9900,1.0,0,0,4,7,1090,0,1955,0,47.6755,-122.16,1720,12.611537753638338
3.0,3570,6250,2.0,0,2,3,10,2710,860,1985,0,47.5624,-122.399,2550,13.641157170819497
1.0,1680,8910,1.0,0,0,4,7,1680,0,1940,0,47.7011,-122.375,1620,13.101956567626667
2.5,2154,6050,2.0,0,0,3,8,2154,0,2012,0,47.3513,-122.174,2305,12.721885810807203
0.0,600,24501,1.0,0,0,2,3,600,0,1950,0,47.5316,-121.749,990,12.542544882151386
1.0,1040,8199,1.0,0,0,3,7,1040,0,1953,0,47.7348,-122.302,1420,12.562522564152609
1.75,2000,4000,1.5,0,0,5,7,1450,550,1926,0,47.5659,-122.375,1430,13.19282184105289
2.0,1580,8000,1.0,0,0,3,7,1040,540,1967,0,47.3467,-122.304,1550,12.409013489526863
2.0,2330,3600,1.5,0,0,4,7,1580,750,1900,0,47.6025,-122.303,1750,13.215853720491667
2.25,2090,8095,2.0,0,2,3,10,2090,0,1988,0,47.5287,-122.385,1940,13.217673557208654
1.0,960,5150,1.0,0,0,5,6,960,0,1951,0,47.5201,-122.372,1010,12.496874845318198
2.5,3050,8200,1.0,0,4,4,8,1650,1400,1962,0,47.5647,-122.155,2970,13.845069360205818
1.0,1200,4880,1.0,0,0,3,6,980,220,1943,0,47.5276,-122.346,1040,12.409013489526863
1.5,990,4500,1.0,0,0,5,7,990,0,1948,0,47.6051,-122.298,1490,12.951575056424048
2.0,1320,8959,1.0,0,0,3,7,1320,0,1993,0,47.3536,-122.144,1740,12.487485104968359
2.5,2430,6325,2.0,0,0,4,8,2020,410,1919,0,47.6413,-122.354,2340,13.805460222110773
2.5,1720,8550,1.0,0,0,4,7,1720,0,1968,0,47.2837,-122.207,1460,12.506177237980511
1.0,840,5100,1.0,0,0,4,7,840,0,1949,0,47.6779,-122.384,1550,13.062613372998555
2.25,2120,9297,2.0,0,0,4,8,2120,0,1981,0,47.5561,-122.154,2620,13.487006490992238
4.5,4510,12873,2.0,0,2,3,12,4510,0,1998,0,47.6491,-122.201,2200,14.411596025681089
2.0,1540,6250,1.0,0,0,3,7,1540,0,1998,0,47.3539,-122.025,2070,12.515393893085436
2.75,3210,8520,1.0,0,2,4,7,1810,1400,1976,0,47.7743,-122.388,2450,13.527828485512494
1.75,1710,7200,1.0,0,0,5,7,910,800,1975,0,47.3967,-122.174,1730,12.509874099861838
2.5,2990,6771,1.0,0,0,3,7,1550,1440,2003,0,47.5237,-122.353,1800,12.829333698625952
1.0,1510,8800,1.0,0,0,4,7,1010,500,1963,0,47.329,-122.33,1290,12.327847702456095
2.5,1320,3150,2.0,0,0,3,7,1320,0,2005,0,47.5328,-122.282,1390,12.611371073081239
2.5,2470,7780,2.0,0,0,3,8,2470,0,2002,0,47.3337,-122.191,2100,12.712890247898626
2.75,2120,7650,1.0,0,0,4,7,2120,0,1958,0,47.4923,-122.178,1180,12.821258284620408
2.5,3200,6691,2.0,0,0,3,7,3200,0,2002,0,47.367,-122.031,2610,12.952760593018148
1.0,1830,13900,1.0,0,0,3,7,1830,0,1951,0,47.7654,-122.352,1840,12.955127458028414
1.0,1580,4000,2.0,0,0,3,8,1580,0,1905,0,47.6363,-122.32,2190,13.444446876573442
2.0,2540,4750,1.5,0,0,5,9,1840,700,1930,0,47.6838,-122.4,2190,13.64709190633931
1.75,1800,18000,1.0,0,0,3,8,1200,600,1968,0,47.4406,-122.146,1800,12.86099861326992
2.5,2460,10320,2.0,0,0,3,8,2460,0,1993,0,47.2599,-122.215,2210,12.65395846952229
2.0,1400,7632,1.5,0,0,5,6,1400,0,1930,0,47.4625,-122.345,1400,12.4130868149145
2.25,2510,133729,2.0,0,0,4,8,2510,0,1977,0,47.4569,-122.02,2510,13.57788768538523
2.5,1660,4898,2.0,0,0,3,7,1660,0,2011,0,47.3588,-122.044,1810,12.594730635321957
1.0,1070,3713,1.0,0,0,4,6,1070,0,1917,0,47.5683,-122.285,1290,13.217673557208654
2.5,2350,3904,2.5,0,0,3,7,2350,0,1999,0,47.5305,-122.351,1120,12.89921982609012
1.0,1240,12092,1.0,0,0,3,6,960,280,1922,1984,47.4957,-122.352,1820,12.390475368527953
1.0,1410,7854,1.0,0,0,4,7,1410,0,1971,0,47.7303,-122.192,1460,12.849241456283877
2.0,1540,7110,1.0,0,0,3,7,960,580,1949,0,47.6932,-122.395,1860,13.112313041550827
3.5,3500,9473,2.0,0,0,3,10,3500,0,2008,0,47.5807,-121.972,3510,13.588609957772352
3.25,1400,1243,3.0,0,0,3,8,1400,0,2000,0,47.6534,-122.353,1400,13.07064894171765
2.5,3670,9958,2.0,0,0,3,10,3670,0,2005,0,47.4617,-122.159,3300,13.17115354157376
2.5,1860,11122,2.0,0,0,3,8,1860,0,1994,0,47.5062,-122.151,2420,12.969212197910155
1.0,1470,6000,1.0,0,0,3,6,900,570,1944,0,47.6527,-122.386,1670,12.936033799212835
1.75,1990,6500,1.0,0,0,3,7,1090,900,1961,0,47.488,-122.221,2150,12.560244459250788
1.0,1350,8700,1.5,0,0,3,6,1350,0,1942,0,47.4497,-122.289,1300,12.450977688625896
1.0,860,10426,1.0,0,0,3,6,860,0,1954,0,47.4987,-122.341,1140,11.314474526246391
1.75,1620,4879,1.0,0,0,3,7,1040,580,1924,2011,47.5703,-122.385,1500,13.265597545490236
2.75,3520,5500,2.0,0,0,3,9,3520,0,2014,0,47.6181,-122.056,3340,13.66467604025511
3.0,3590,89640,2.0,0,0,3,10,3590,0,2005,0,47.7557,-122.036,2790,13.686540176667314
2.5,2242,37451,2.0,0,0,3,8,2242,0,1995,0,47.7443,-122.228,2242,13.102160670086809
2.25,1700,7056,2.0,0,0,3,7,1700,0,1999,0,47.3385,-122.262,1650,12.504323669331189
1.0,1160,10988,1.0,0,0,3,7,1160,0,1965,0,47.6818,-122.165,1670,12.793859310432293
1.5,1350,7800,1.0,0,0,3,7,1350,0,1959,0,47.4805,-122.158,1510,12.524526376648708
2.25,2320,18919,2.0,1,4,4,8,2320,0,1976,0,47.3905,-122.462,1610,13.304684934198283
1.75,1940,3060,1.0,0,0,4,7,1000,940,1911,0,47.6786,-122.317,1320,13.350295445450335
2.5,2540,5237,2.0,0,0,3,8,2540,0,2011,0,47.5492,-122.276,1800,13.102058624063964
3.75,4700,11237,2.0,0,0,3,10,2930,1770,2006,0,47.6624,-122.197,3180,13.94214320889764
2.5,3420,115434,2.0,0,0,3,9,3420,0,1989,0,47.3932,-121.988,3250,13.253391639810733
1.75,1210,7350,1.0,0,0,3,7,1210,0,1977,0,47.7,-122.172,1610,13.253391639810733
1.75,1750,11180,1.0,0,0,3,8,1750,0,1968,0,47.4713,-122.117,1730,12.468436909997665
2.0,2040,10812,1.0,0,0,4,5,2040,0,1943,0,47.4919,-122.181,1440,12.611537753638338
1.5,1950,6300,1.5,0,1,3,7,1650,300,1944,0,47.6819,-122.271,1760,13.527828485512494
1.75,1640,53400,1.0,0,0,4,7,1640,0,1966,0,47.3944,-122.506,1850,12.672946381766982
3.0,3223,6371,2.0,0,0,3,9,3223,0,2014,0,47.3588,-122.163,1979,13.060381585048447
2.75,1860,7500,1.0,0,0,5,8,1220,640,1967,0,47.5398,-122.173,2020,13.180537941455402
2.5,1610,2937,2.0,0,0,3,8,1610,0,2006,0,47.4489,-122.188,1610,12.577636201962656
2.5,1390,1132,2.0,0,0,3,8,1130,260,2006,0,47.6228,-122.319,1400,13.36138027787483
2.5,2650,5600,2.0,0,0,3,8,2650,0,2014,0,47.4786,-122.122,2650,13.203989446284274
2.25,2180,60112,2.0,0,0,3,8,2180,0,1976,0,47.6723,-122.082,2060,13.38472764187182
1.0,1970,22144,1.0,0,0,4,7,1970,0,1970,0,47.5234,-121.841,1970,13.025852477023484
3.25,1550,1444,3.0,0,0,3,8,1550,0,2006,0,47.6767,-122.291,1550,12.971540487669746
1.75,1220,5000,1.0,0,0,5,7,860,360,1921,0,47.4906,-122.204,1120,12.441144767709657
2.5,3200,3600,3.0,0,3,4,9,2600,600,1997,0,47.632,-122.369,2490,14.183619879528669
1.0,1130,8159,1.0,0,0,4,7,1130,0,1954,0,47.7362,-122.333,1570,12.927564299099261
2.5,3300,11570,2.0,0,0,3,9,3300,0,1994,0,47.5599,-122.121,3280,13.652991628466498
2.0,1400,4800,2.0,0,0,3,7,1400,0,1986,0,47.6168,-122.298,1620,13.610943392223
2.5,2120,3757,2.0,0,0,3,7,2120,0,2006,0,47.4787,-122.128,2230,12.89921982609012
2.5,2650,5880,2.0,0,0,3,9,2650,0,2005,0,47.3509,-122.165,2610,12.70381302974751
1.75,2060,26036,1.0,0,0,4,8,1160,900,1947,0,47.4444,-122.351,2590,13.38087407255583
2.5,2979,17313,2.0,0,2,3,11,2979,0,1993,0,47.5503,-122.118,3890,13.723395269056468
2.5,2120,5277,2.0,0,0,3,7,2120,0,2005,0,47.6811,-122.034,2370,13.237476184504834
2.5,2220,6233,2.0,0,0,3,7,2220,0,2001,0,47.4887,-122.15,2220,12.582366376338058
1.0,1100,8138,1.0,0,0,3,7,1100,0,1949,0,47.7393,-122.325,1440,12.394417691301689
3.5,3700,8504,2.0,0,0,3,8,2750,950,1950,2014,47.669,-122.275,2370,14.074021253115776
2.75,2460,7830,1.0,0,0,5,9,1490,970,1955,0,47.6938,-122.31,2050,13.635187003832993
1.5,1970,22486,1.0,0,0,4,6,1970,0,1968,0,47.4511,-122.089,1850,12.57418196709457
2.75,2220,11925,1.0,0,0,3,7,1560,660,1953,1985,47.6381,-122.205,2500,13.623138665316818
2.75,3270,12880,2.0,0,0,3,9,3270,0,2014,0,47.6679,-122.172,2420,13.7525707581904
1.75,1170,8148,1.0,0,0,3,7,1170,0,1952,0,47.7479,-122.318,1200,12.896716695872
2.5,3361,5038,2.0,0,0,3,9,3361,0,2014,0,47.3269,-122.165,2316,13.063197066735112
2.5,1270,1180,3.0,0,0,3,8,1270,0,2001,0,47.6697,-122.392,1320,13.007401358934647
1.0,1300,8800,1.0,0,0,3,7,1300,0,1977,0,47.64,-121.966,1600,12.695229181245296
1.0,1570,4000,1.5,0,0,3,7,1570,0,1920,0,47.6275,-122.321,1610,13.17115354157376
2.75,3640,10300,1.0,0,0,4,9,2060,1580,1979,0,47.5612,-122.146,3110,13.737549016494562
2.0,870,6450,1.0,0,0,4,6,740,130,1954,0,47.5354,-122.278,1640,12.367340793126296
3.5,4440,20668,2.0,0,2,5,10,3240,1200,1965,0,47.5472,-122.235,4240,14.363631966473962
1.75,1920,4862,1.0,0,0,5,7,1060,860,1919,0,47.5747,-122.384,1840,13.286181462633724
1.75,1420,5382,1.0,0,0,5,5,1040,380,1942,0,47.4946,-122.187,1150,12.388394202324129
3.5,3270,15160,1.0,0,2,3,8,1660,1610,1997,0,47.7437,-122.287,2790,13.304684934198283
1.0,810,2451,1.0,0,0,5,7,810,0,1941,0,47.5188,-122.376,980,12.367340793126296
2.75,2475,4000,2.0,0,0,3,7,2475,0,2014,0,47.345,-122.209,2475,12.724568775600384
2.0,1270,5000,1.0,0,0,3,6,1270,0,1944,0,47.6729,-122.363,2190,13.304684934198283
3.5,2760,3846,2.5,0,0,3,8,2760,0,2013,0,47.5047,-122.17,2760,12.959726793926773
1.0,1280,4875,1.0,0,0,5,6,1280,0,1969,0,47.3686,-122.081,1060,12.100712129872347
2.5,2740,7923,2.0,0,0,3,9,2740,0,1998,0,47.4349,-122.105,2740,12.996800154428984
1.75,1570,15330,1.0,0,0,3,7,1080,490,1956,0,47.4608,-122.34,1250,12.823957341589573
1.0,1000,8018,1.0,0,0,3,7,1000,0,1969,0,47.7285,-122.198,1270,12.524526376648708
2.5,1530,2978,1.0,0,0,3,7,1210,320,1997,0,47.6796,-122.39,1640,13.36138027787483
1.0,1040,7500,1.0,0,0,4,6,1040,0,1954,0,47.4206,-122.316,1270,12.058152515453552
2.25,2550,7800,1.0,0,0,3,8,1580,970,1968,0,47.6283,-122.095,2420,13.235692062711331
2.5,2580,10631,2.0,0,2,4,9,2580,0,1992,0,47.6993,-122.206,4220,13.670484785914017
2.75,1310,1268,3.5,0,0,3,8,1310,0,2007,0,47.6534,-122.355,1350,13.17115354157376
1.75,1840,4255,1.0,0,0,3,7,940,900,1907,2005,47.58,-122.392,1600,13.37700559577791
1.75,2340,7724,1.0,0,0,3,10,2340,0,2010,0,47.4593,-122.134,3040,13.178743710840436
2.5,2540,38677,2.0,0,0,3,9,2540,0,1987,0,47.6694,-122.044,2560,13.388566418178986
2.25,3230,17833,2.0,0,0,4,9,3230,0,1973,0,47.5683,-122.188,3690,14.56219850545225
1.75,1840,7412,1.0,0,0,4,7,1240,600,1976,0,47.3933,-122.188,1980,12.504323669331189
2.25,1780,8820,1.0,0,0,4,8,1480,300,1966,0,47.3618,-122.289,1780,12.644327576461329
2.25,2300,7524,2.0,0,0,4,8,2300,0,1978,0,47.313,-122.388,2270,12.483136038833814
2.25,1400,6970,2.0,0,0,3,8,1400,0,1984,0,47.542,-122.184,1800,12.959844447906553
2.5,2670,184140,1.0,0,0,3,8,1410,1260,1980,0,47.3429,-122.097,1860,12.92391243868049
1.0,1250,7300,1.0,0,0,4,7,1250,0,1956,0,47.6032,-122.125,1540,12.86099861326992
1.75,2040,8600,1.0,0,0,4,6,1430,610,1985,0,47.2755,-122.308,1310,12.257240932104573
1.75,1390,13200,2.0,0,0,3,7,1390,0,1979,0,47.4429,-121.771,1430,12.577636201962656
1.0,970,5000,1.0,0,0,3,6,970,0,1968,0,47.5282,-122.279,1290,12.328290278254423
2.5,1700,6031,2.0,0,0,3,8,1700,0,1994,0,47.3582,-122.191,1930,12.323855681186558
3.25,5290,224442,2.0,0,0,4,11,4540,750,1988,0,47.6671,-122.051,3750,14.340239086899256
3.25,3270,6027,2.0,0,0,3,10,3270,0,2001,0,47.6346,-122.063,3270,13.635187003832993
1.0,600,4000,1.0,0,0,3,5,600,0,1933,0,47.5065,-122.339,1290,11.957611286231675
1.0,1840,10178,1.0,0,0,3,7,1040,800,1960,0,47.3979,-122.317,2040,12.257240932104573
1.75,1310,9761,1.0,0,0,3,7,1310,0,1967,0,47.721,-122.228,1490,12.611537753638338
2.5,3140,9225,1.0,0,2,5,9,1770,1370,1966,0,47.4904,-122.226,2460,13.267329147654515
2.25,1960,44634,1.0,0,0,3,7,1130,830,1984,0,47.7769,-122.253,1970,13.01477816672439
2.25,2500,8500,2.0,0,0,4,8,2500,0,1979,0,47.5569,-122.151,2470,13.541073712262515
2.0,2380,10800,2.0,0,2,3,8,2380,0,1925,0,47.5682,-122.275,2112,13.658856747918897
2.25,3060,16000,2.0,0,0,3,10,3060,0,1988,0,47.6189,-122.23,3510,14.381960085478262
2.5,2920,6000,2.0,0,4,3,9,2920,0,2004,0,47.5333,-121.859,3100,13.422467969854667
3.25,3620,4650,2.0,0,0,3,8,2790,830,2004,0,47.3552,-122.026,2850,12.884106188280072
2.5,1350,944,2.0,0,0,3,9,870,480,2004,0,47.5591,-122.385,1440,12.992254692057308
4.25,4830,8050,2.5,0,2,4,11,3710,1120,1914,0,47.5789,-122.286,4470,14.470436525704022
1.75,1770,9848,1.0,0,0,3,8,1370,400,1967,0,47.6208,-122.099,2040,13.31488275917473
4.75,6390,13180,2.0,0,0,3,10,4560,1830,1940,0,47.6312,-122.291,4010,14.7182498828867
1.0,980,4108,1.0,0,0,3,7,980,0,1947,0,47.687,-122.381,1500,12.936033799212835
1.75,1610,144619,1.0,0,0,3,7,1610,0,1977,0,47.5659,-121.863,2220,12.959844447906553
2.5,1660,5250,2.0,0,0,4,8,1660,0,1988,0,47.3541,-122.3,1630,12.487485104968359
2.5,2890,8470,2.0,0,0,3,10,2890,0,1996,0,47.5785,-122.054,3000,13.560618308335483
1.75,1920,4000,1.0,0,0,3,7,1070,850,1950,0,47.6392,-122.318,2280,13.329377546788654
1.0,870,5200,1.0,0,0,5,6,870,0,1969,0,47.3702,-122.078,870,12.117241431823558
1.75,2300,12000,1.0,0,0,3,8,1770,530,1942,0,47.7599,-122.343,2030,12.676076274775909
1.0,720,5913,1.0,0,0,3,6,720,0,1920,0,47.5447,-122.27,1560,12.345834587905333
2.25,1870,9680,1.0,0,0,4,7,1170,700,1959,0,47.7157,-122.234,2000,12.691580461311874
1.5,1400,8500,2.0,0,0,3,7,1400,0,1975,0,47.3314,-122.275,1580,12.456831363877356
1.0,1120,3844,1.0,0,0,3,7,1120,0,1972,0,47.7038,-122.352,1480,12.70381302974751
1.75,2180,7318,1.0,0,0,4,7,1210,970,1967,0,47.5251,-122.37,2140,13.091904169919621
1.5,2390,4600,2.0,0,0,3,8,1750,640,1920,1995,47.5383,-122.268,1690,12.948009990259552
1.75,1360,16000,1.0,0,0,3,7,1360,0,1978,0,47.7583,-122.306,1360,12.429216196844383
3.25,2610,16387,2.0,1,4,3,9,2610,0,2006,0,47.7175,-122.278,2590,14.508657738524219
1.0,1000,4080,1.0,0,0,4,7,740,260,1945,0,47.5351,-122.381,1480,12.7868906411162
2.5,2190,4866,2.0,0,0,3,7,2190,0,2009,0,47.4907,-122.152,2190,12.944432168911668
1.0,840,6720,1.0,0,0,3,7,840,0,1952,0,47.5707,-122.396,1250,12.779873068457553
1.75,1870,10450,1.0,0,0,3,8,1620,250,1978,0,47.5938,-122.154,2060,13.399995114002609
2.25,2330,7220,2.0,0,1,3,8,1600,730,1988,0,47.7764,-122.386,2220,13.38472764187182
1.5,1800,9216,1.0,0,0,4,7,1800,0,1950,0,47.2739,-122.249,1400,12.375815420117268
2.0,1070,649,2.0,0,0,3,9,720,350,2008,0,47.5213,-122.357,1070,12.468244583811861
3.0,3610,18948,2.0,0,0,3,10,3610,0,1993,0,47.2911,-122.342,3568,13.142166004700508
1.75,2700,18893,1.0,0,0,4,7,2110,590,1948,1983,47.3397,-122.048,2260,13.345506928718539
1.75,2670,6250,2.0,0,0,4,8,2020,650,1941,0,47.6499,-122.391,1820,13.527828485512494
1.0,1540,3399,1.5,0,0,3,7,1200,340,1926,0,47.6853,-122.359,1500,13.180820946975897
1.0,1060,7246,1.0,0,0,4,6,1060,0,1981,0,47.4936,-122.165,1090,12.526342907575106
2.5,2050,9015,2.0,0,0,4,7,2050,0,1973,0,47.4357,-122.168,1780,12.577636201962656
3.5,1240,1666,2.0,0,0,3,7,1000,240,2008,0,47.5496,-122.388,1110,12.904207367601158
2.5,1830,4500,2.0,0,0,3,7,1830,0,2004,0,47.3504,-122.005,2080,12.721885810807203
2.5,2490,5647,2.0,0,0,3,8,2490,0,2014,0,47.7043,-122.114,2970,13.565744501764955
2.5,2310,4930,2.0,0,0,4,8,2310,0,1989,0,47.4512,-122.208,2230,12.886641043883259
2.5,2460,54885,2.0,0,0,4,8,2460,0,1980,0,47.4996,-122.146,2770,13.16158409055761
1.75,3610,8502,1.5,0,2,3,10,2610,1000,1930,0,47.583,-122.379,2900,13.830399170458024
1.5,680,772,2.0,0,0,3,7,680,0,2005,0,47.695,-122.343,690,12.384218830913648
1.75,1720,7800,1.0,0,0,4,7,1170,550,1978,0,47.6928,-122.125,1760,13.276799730708747
2.5,2650,8685,2.0,0,0,3,9,2650,0,2006,0,47.344,-122.269,2650,12.957488734214095
1.0,1200,6628,1.0,0,0,4,7,1200,0,1952,0,47.7367,-122.319,1330,12.751299696013497
2.75,2110,8751,1.0,0,0,3,7,1510,600,1962,0,47.7617,-122.215,1660,12.983101310070822
2.0,2770,89298,2.0,0,0,3,9,2770,0,2004,0,47.4291,-121.842,2040,13.064734264567692
1.0,1790,8400,1.0,0,0,4,7,1260,530,1954,0,47.7627,-122.353,1470,12.902962812368953
1.75,1270,12420,1.0,0,0,4,7,1270,0,1962,0,47.5387,-122.179,1560,12.84687334571791
2.5,2970,9072,2.0,0,0,3,10,2970,0,1991,0,47.562,-122.114,2740,13.64709190633931
2.25,2180,10754,1.0,0,0,5,7,1100,1080,1954,0,47.7711,-122.341,1810,13.180632285528304
2.5,1175,1366,2.0,0,0,3,8,740,435,2005,0,47.6962,-122.342,1710,12.742566016044742
1.5,1160,1031,3.0,0,0,3,8,1160,0,2008,0,47.6538,-122.357,1268,13.036805489042683
3.5,2540,10578,2.0,0,1,3,9,2010,530,2014,0,47.547,-122.192,3240,13.485616636703183
2.5,2590,8571,2.0,0,0,3,9,2590,0,1988,0,47.691,-122.105,2360,13.568330428821824
2.0,2710,4750,1.0,0,0,4,7,1460,1250,1919,0,47.6756,-122.305,1700,13.394677972724988
2.5,1150,683,2.0,0,0,3,7,1150,0,2013,0,47.5323,-122.071,1150,12.721885810807203
2.25,2760,12100,2.0,0,0,4,9,2760,0,1976,0,47.6285,-122.058,2850,13.422467969854667
2.25,1680,7262,1.0,0,0,5,7,1180,500,1973,0,47.713,-122.225,1910,13.180632285528304
1.0,1100,4200,1.0,0,0,3,7,1100,0,1954,0,47.5312,-122.392,1240,12.747134511926056
2.0,1460,11481,1.0,0,0,2,7,1170,290,1995,0,47.4493,-121.777,1540,12.14950229404178
3.5,2660,6978,2.0,0,0,3,8,1980,680,1996,0,47.2631,-122.212,2220,12.713191407364837
1.5,1340,13560,1.0,0,0,3,7,1340,0,1968,0,47.741,-122.234,1540,12.642713371106789
2.5,2420,18480,1.0,0,0,4,9,2420,0,1967,0,47.6214,-122.227,3330,14.214286677921642
1.5,1430,1650,3.0,0,0,3,7,1430,0,1999,0,47.7222,-122.29,1430,12.601487417784837
2.25,2070,14196,2.0,0,0,3,7,2070,0,1989,0,47.4617,-122.07,1550,12.84660987581782
1.0,2080,3500,1.5,0,0,5,7,1260,820,1926,0,47.5445,-122.383,1380,13.16158409055761
2.5,3180,9400,2.0,0,4,5,10,2610,570,1985,0,47.5617,-122.158,3760,14.224303456165114
2.5,2170,4587,2.0,0,0,3,7,2170,0,2006,0,47.5396,-121.889,2170,13.10011776845701
1.5,1030,2850,2.0,0,0,3,7,1030,0,1995,0,47.3845,-122.039,1030,12.301382825334498
1.5,2420,43560,1.0,0,2,3,8,1500,920,1962,0,47.208,-121.963,1620,12.712890247898626
1.0,890,8180,1.0,0,0,3,7,890,0,1947,0,47.737,-122.3,1130,12.52597986527669
3.0,2900,11769,2.0,0,0,3,10,2900,0,1997,0,47.6993,-122.118,2900,13.592304504696857
6.0,5490,19897,2.0,0,0,3,12,5490,0,2005,0,47.6165,-122.236,2910,15.106119668949757
2.5,1350,1250,3.0,0,0,3,8,1270,80,2006,0,47.5491,-122.387,1350,12.886514453592564
2.5,2070,3808,2.0,0,0,3,8,2070,0,2003,0,47.4498,-122.12,1900,12.759957758756611
1.75,2460,10061,1.0,1,4,3,7,1410,1050,1961,0,47.5105,-122.238,2300,13.579788224443204
1.5,1420,6720,1.5,0,0,3,7,1420,0,1925,0,47.5518,-122.311,1560,12.765545566117686
2.5,1390,1411,3.0,0,0,3,8,1390,0,2008,0,47.6485,-122.334,1350,13.235692062711331
2.5,1940,4875,2.0,0,0,4,9,1940,0,1925,0,47.6427,-122.304,1790,13.956358866551653
3.0,3350,9450,2.0,0,0,5,8,2180,1170,1912,1980,47.6705,-122.34,2660,13.815510557964274
1.0,1100,4128,1.0,0,0,4,7,720,380,1942,0,47.5296,-122.379,1510,12.733755386362587
1.75,1890,9100,2.0,0,0,4,7,1890,0,1952,0,47.7676,-122.339,1640,12.793720411897448
1.0,960,27442,1.0,0,0,4,6,960,0,1970,0,47.4676,-122.134,1100,11.828640904934714
1.0,1070,4200,1.0,0,0,4,6,1070,0,1983,0,47.3336,-122.215,1150,11.982929094215963
2.75,2320,12368,1.0,0,0,3,8,1670,650,1968,0,47.7373,-122.35,2070,13.005829561148378
1.0,890,6430,1.0,0,0,3,6,890,0,1935,1997,47.2003,-121.996,1460,12.206022644280132
1.0,1020,9835,1.0,0,0,5,7,1020,0,1955,0,47.5728,-122.179,1210,13.091904169919621
2.5,1710,1664,2.0,0,0,5,8,1300,410,2003,0,47.6456,-122.383,1470,13.180630398734072
1.75,1560,7424,1.0,0,0,5,8,1560,0,1940,0,47.6981,-122.374,1370,13.291261913866142
1.0,1140,3240,1.5,0,0,4,6,1140,0,1910,0,47.7093,-121.364,1140,11.982929094215963
2.5,2200,4942,2.0,0,0,3,8,2200,0,1989,0,47.5772,-122.001,2200,13.112313041550827
2.5,2310,4729,2.0,0,0,3,8,2310,0,2011,0,47.7734,-122.237,2440,13.110290796170059
3.25,4060,13000,2.0,0,3,3,11,4060,0,2000,0,47.581,-122.246,3220,14.400515579904516
2.0,1600,16530,1.0,0,0,5,7,1600,0,1967,0,47.5821,-122.016,1850,13.17115354157376
2.5,2300,23345,1.0,0,0,5,7,1170,1130,1967,0,47.4739,-122.114,2280,13.024750548537328
2.75,4030,10888,2.0,0,0,3,10,4030,0,1997,0,47.5651,-122.034,3720,13.723395269056468
2.5,1390,2450,2.0,0,0,3,7,1390,0,2009,0,47.5298,-122.269,1390,12.24913213499062
3.25,1370,1194,3.0,0,0,3,8,1370,0,2005,0,47.6704,-122.391,1320,13.038981768465277
2.0,2000,6380,2.0,0,0,4,6,1860,140,1949,0,47.6956,-122.303,1600,13.16158409055761
2.75,2200,16288,1.0,0,0,3,7,1290,910,1980,0,47.4793,-122.122,2650,13.071070083016778
1.0,1220,10170,1.0,0,0,3,7,980,240,1948,0,47.7297,-122.327,1990,13.001325049027272
2.75,2414,7693,2.0,0,0,3,8,2414,0,2006,0,47.3046,-122.222,1500,12.584509081250419
2.25,3000,11665,1.5,1,4,3,11,3000,0,2001,0,47.5884,-122.086,3000,14.690979295318174
2.5,2620,9359,2.0,0,0,3,9,2620,0,1987,0,47.438,-122.152,2580,12.911642346088676
2.0,1800,11419,1.0,0,0,3,8,1800,0,1989,0,47.2623,-122.217,2220,12.230765258120545
2.25,2930,9840,1.0,0,0,4,8,1560,1370,1977,0,47.3103,-122.382,2800,12.948009990259552
1.0,620,2380,1.0,0,0,3,6,620,0,1900,0,47.6746,-122.326,980,12.855497797198886
3.25,1960,7200,2.0,0,0,3,7,1960,0,1979,0,47.7291,-122.218,1980,13.005829561148378
2.5,2830,6163,2.0,0,0,3,9,2830,0,2000,0,47.5227,-122.19,2730,13.1749558275235
1.0,880,1753,2.0,0,0,4,7,880,0,1945,0,47.6475,-122.397,1010,12.706847933442663
2.5,3380,75794,2.0,0,0,3,10,3380,0,1997,0,47.3511,-122.266,3710,13.369067193127552
2.75,2910,85377,1.0,0,0,4,8,1510,1400,1966,0,47.48,-122.03,2160,13.345506928718539
1.0,860,5000,1.0,0,0,3,6,860,0,1915,1945,47.5133,-122.356,1220,12.4529327234617
2.5,2040,7000,1.0,0,0,3,7,1250,790,1979,0,47.4056,-122.176,1900,12.48710767526016
1.0,1440,11250,1.0,0,0,3,7,1440,0,1967,0,47.4627,-122.213,2200,12.577636201962656
2.5,2720,62310,1.0,0,0,3,8,2040,680,1985,0,47.4168,-122.074,2770,13.217673557208654
2.75,1720,28000,1.0,0,0,4,7,1720,0,1958,0,47.4375,-122.176,2000,12.694652660348845
1.0,940,5413,1.0,0,0,3,7,940,0,1923,0,47.6956,-122.304,1340,12.738170404571704
1.0,790,5120,1.0,0,0,3,6,790,0,1950,0,47.557,-122.395,1250,12.834681304952548
1.5,2120,46173,2.0,0,0,3,7,2120,0,1974,0,47.6503,-121.968,2000,12.66349749256905
1.75,2100,7347,1.0,0,0,3,7,1070,1030,1981,0,47.7751,-122.268,2170,12.706847933442663
2.5,3596,13700,1.0,0,0,5,8,1798,1798,1964,0,47.4388,-122.339,1894,13.270783382522602
2.0,1830,6925,1.0,0,0,4,8,1830,0,1979,0,47.4445,-122.123,2010,12.685407602204794
1.0,1890,36300,1.0,0,0,3,7,1890,0,1962,0,47.5719,-121.914,1746,12.779873068457553
3.25,1570,2031,2.0,0,0,3,8,1310,260,2006,0,47.548,-122.375,1570,12.765545566117686
2.5,2070,4697,2.0,0,0,3,7,2070,0,2002,0,47.5307,-121.875,2230,12.911642346088676
2.5,2040,22653,2.0,0,0,3,7,2040,0,2011,0,47.4991,-122.299,2020,12.765688433465597
2.5,1370,22326,2.0,0,0,3,7,1370,0,1993,0,47.4469,-121.775,1580,12.542544882151386
1.75,1700,10642,1.0,0,0,4,7,850,850,1954,0,47.5674,-122.142,1610,12.987688474077727
2.5,1740,2500,2.0,0,2,3,8,1210,530,1994,0,47.622,-122.3,1640,13.38472764187182
2.75,2420,8700,1.5,0,0,4,7,2420,0,1914,0,47.3109,-122.229,1070,12.54236629477704
2.0,1510,7884,1.0,0,0,3,6,1510,0,1942,2014,47.4683,-122.348,1050,12.712890247898626
1.0,820,2723,1.0,0,0,3,7,820,0,1921,0,47.6623,-122.339,1370,13.071070083016778
2.25,1950,8661,1.0,0,0,4,8,1950,0,1966,0,47.3127,-122.362,1950,12.502466658583977
1.75,2630,6500,1.0,0,0,3,7,1330,1300,1958,0,47.4878,-122.221,2520,12.542544882151386
1.75,1240,4532,1.5,0,0,4,7,1240,0,1944,0,47.6892,-122.378,1260,13.16158409055761
2.0,1690,3250,1.5,0,0,3,7,1550,140,1901,0,47.6637,-122.346,1620,13.096532617369807
2.5,2630,6100,2.0,0,0,3,8,2630,0,2004,0,47.7735,-122.167,2360,13.26546755437278
1.75,2080,9162,1.0,0,0,3,7,1370,710,1960,0,47.5846,-122.168,1870,13.367190139549681
2.75,2530,7601,1.0,0,0,3,7,1520,1010,1992,0,47.4683,-122.263,2400,12.817195990611529
1.0,1140,8528,1.0,0,0,5,7,1140,0,1967,0,47.2098,-122.004,1140,12.449018824140563
2.5,2807,9430,2.0,0,0,3,8,2807,0,1996,0,47.7449,-122.223,2028,13.353475098367715
2.0,1510,6516,1.0,0,0,3,8,1510,0,2005,0,47.7076,-122.013,1640,13.081437210791684
1.5,1240,9500,1.0,0,0,4,7,1240,0,1955,0,47.4756,-122.35,1845,12.468244583811861
2.5,2891,6499,2.0,0,0,3,9,2891,0,2014,0,47.3359,-122.257,2550,12.936033799212835
2.75,1760,9222,1.0,0,0,3,7,1140,620,1971,0,47.3099,-122.362,1800,12.449018824140563
1.0,1560,14333,1.0,0,0,4,7,1560,0,1953,0,47.432,-122.348,1640,12.86747112777554
2.5,3370,5000,2.0,0,0,3,9,3370,0,2006,0,47.541,-121.998,3370,13.623138665316818
4.0,4020,7500,1.0,0,0,3,8,2010,2010,1968,0,47.6732,-122.363,1560,13.710150042306449
1.0,1580,7560,1.0,0,0,4,7,1000,580,1976,0,47.3318,-122.277,1580,12.449014902564246
2.5,1370,3438,2.0,0,0,3,7,1370,0,1987,0,47.4606,-122.283,1370,12.154779351142624
1.5,1090,1183,3.0,0,0,3,8,1090,0,2008,0,47.6974,-122.349,1110,12.631340380934517
1.75,1280,6060,1.0,0,0,3,7,860,420,1926,0,47.6805,-122.364,1490,13.262125319779487
2.5,1720,5805,2.0,0,0,3,8,1720,0,2000,0,47.3286,-122.208,2360,12.59710070584057
2.0,2270,8652,1.0,0,0,3,7,1150,1120,1965,0,47.6692,-122.151,1950,13.148031124152906
2.5,1210,1200,3.0,0,0,3,8,1210,0,2008,0,47.6543,-122.345,1210,13.122363377404328
2.0,1480,6600,1.0,0,2,3,7,740,740,1943,0,47.5081,-122.385,1250,12.86099861326992
2.25,2400,5300,1.5,0,0,4,7,1250,1150,1939,0,47.6876,-122.384,1540,13.418757390458131
2.5,1610,10292,1.0,0,0,4,7,1190,420,1969,0,47.5349,-122.174,1940,12.873902018105829
2.75,2200,268329,1.0,0,0,3,7,1410,790,1989,0,47.3224,-122.122,2240,12.774223335915433
3.5,3020,4082,2.0,0,0,3,9,2080,940,1954,2004,47.651,-122.409,2060,13.721199878493033
2.5,3420,6233,2.0,0,0,3,9,3420,0,2006,0,47.5416,-121.998,3350,13.699987466708736
2.5,1430,10200,1.0,0,0,3,7,1430,0,1960,0,47.7012,-122.166,1470,12.911642346088676
2.5,2380,214315,1.5,0,0,3,9,2380,0,2000,0,47.4525,-121.748,2400,13.008634612075985
2.5,3340,6924,2.0,0,0,3,8,3340,0,2009,0,47.495,-122.149,3030,13.263862939678027
2.5,2060,8893,2.0,0,0,3,8,2060,0,1987,0,47.5615,-122.165,2650,13.321214236149494
1.0,1240,5750,1.0,0,0,4,6,1240,0,1948,0,47.564,-122.398,1240,12.959844447906553
2.0,1460,7860,1.0,0,0,5,7,1460,0,1967,0,47.6233,-122.108,1850,13.081541382884074
2.5,1920,7415,2.0,0,0,3,7,1920,0,1989,0,47.4022,-122.171,1930,12.468436909997665
1.0,700,4350,1.0,0,0,3,6,700,0,1943,0,47.5577,-122.391,1620,12.70076888736628
1.5,1430,8000,1.0,0,0,4,7,1430,0,1956,0,47.5874,-122.136,1450,13.15773052124162
2.5,2080,8347,1.0,0,0,4,7,1460,620,1975,0,47.7334,-122.168,1840,13.070964814318328
1.0,1740,9163,1.0,0,0,3,7,1740,0,1954,0,47.705,-122.299,1490,13.262125319779487
2.25,2360,15860,1.0,0,0,3,9,2360,0,1977,0,47.6307,-122.051,2650,13.329377546788654
1.0,940,4200,1.0,0,0,3,7,940,0,1955,0,47.6878,-122.35,1380,12.739637756265655
1.75,2190,9225,1.0,0,0,4,7,1250,940,1959,0,47.7396,-122.256,2190,12.834681304952548
2.5,1960,47044,2.0,0,0,4,8,1960,0,1978,0,47.7573,-122.07,2020,13.190022025878143
4.5,4350,13405,2.0,0,0,3,11,4350,0,2014,0,47.6018,-122.06,3990,14.133964289082808
1.75,1590,7920,2.0,0,0,4,7,1590,0,1960,0,47.7456,-122.336,1720,12.829333698625952
2.25,1820,15000,1.0,0,0,3,7,1480,340,1978,0,47.7401,-122.249,1930,13.081541382884074
1.0,960,4800,1.5,0,0,2,6,960,0,1912,0,47.5752,-122.411,1440,12.691580461311874
2.5,2100,6021,2.0,0,0,3,7,2100,0,1992,0,47.2917,-122.375,2091,12.535196520381616
2.25,1250,811,3.0,0,0,3,8,1250,0,2014,0,47.5419,-122.388,1250,12.947890935553772
1.0,790,13170,1.0,0,0,3,6,790,0,1947,0,47.5487,-122.357,970,12.542544882151386
1.75,1100,9452,1.0,0,0,3,6,1100,0,1942,0,47.4864,-122.337,1350,12.154779351142624
2.0,2510,5200,1.0,0,0,5,8,1470,1040,1925,0,47.5631,-122.366,990,13.239257128875828
2.0,1750,8116,1.0,0,0,4,5,1750,0,1943,0,47.5097,-122.181,1440,12.417143615610113
2.5,3540,18168,2.0,0,0,3,10,3540,0,1996,0,47.5441,-122.131,4130,13.737549016494562
1.75,1980,12543,1.0,0,0,3,8,1180,800,1978,0,47.3104,-122.394,2090,12.498742259492994
2.25,1640,2240,2.0,0,0,3,8,1640,0,1980,0,47.7154,-122.341,1640,12.834681304952548
2.0,1630,10723,1.0,0,0,5,7,1630,0,1959,0,47.4898,-122.133,1450,12.793859310432293
2.25,1290,2436,2.0,0,0,3,7,1290,0,1984,0,47.6803,-122.156,1360,12.66032791780777
2.5,2340,13445,2.0,0,0,3,8,2340,0,1990,0,47.374,-122.125,2340,12.793859310432293
2.75,2900,5155,2.0,0,0,3,8,2900,0,2008,0,47.5977,-122.008,2900,13.415032991367148
2.25,1410,1377,2.0,0,0,3,7,1290,120,2005,0,47.5342,-122.067,1445,12.841325847671216
2.25,2910,10189,2.0,0,0,3,9,2910,0,1988,0,47.5465,-122.155,2780,13.813508555293602
2.5,2000,4700,1.5,0,0,4,7,1220,780,1944,0,47.6902,-122.368,1560,13.180632285528304
1.75,1620,4240,1.5,0,0,5,7,1620,0,1916,0,47.5746,-122.311,1450,13.1470559899947
2.5,1800,11034,2.0,0,0,4,8,1800,0,1987,0,47.7558,-122.142,1940,13.091904169919621
2.5,2270,4488,2.0,0,0,3,7,2270,0,1999,0,47.5329,-121.879,2360,13.081541382884074
1.0,1030,7200,1.0,0,0,3,6,880,150,1948,0,47.5255,-122.376,1030,12.721885810807203
1.0,1090,17630,1.0,0,0,4,7,1090,0,1962,0,47.288,-122.196,1300,12.190959007720126
4.5,4040,8400,2.0,0,0,3,9,3220,820,2006,0,47.7067,-122.131,3940,13.664687668229691
2.75,2280,3200,1.5,0,0,5,8,1520,760,1931,0,47.6709,-122.282,1970,13.422467969854667
4.0,3430,35102,2.0,0,0,4,10,2390,1040,1986,0,47.5822,-121.987,3240,13.632188500836737
1.0,900,6380,1.0,0,0,3,6,900,0,1947,0,47.7019,-122.311,1830,12.886641043883259
1.0,1280,7861,1.0,0,0,4,6,1280,0,1913,0,47.3007,-122.228,1020,12.180754837545884
3.0,2160,5200,1.0,0,0,3,7,1320,840,1978,0,47.3627,-122.091,1460,12.341258918085241
1.0,1010,7920,1.0,0,0,3,6,1010,0,1925,0,47.5249,-122.37,1520,12.873902018105829
1.0,1070,4600,1.0,0,0,3,7,950,120,1930,0,47.5627,-122.383,1090,13.122363377404328
2.5,2170,8678,1.0,0,0,3,8,2170,0,2008,0,47.7161,-122.014,2170,13.514405465180353
2.5,2100,14773,2.0,0,0,3,8,2100,0,1998,0,47.3045,-122.391,2370,12.628067055589549
1.0,1940,5753,1.5,0,0,3,7,1940,0,1947,0,47.7188,-122.358,2170,12.901716706288706
2.5,3090,23265,1.0,0,0,3,8,2990,100,1957,0,47.7709,-122.212,2560,13.034624463096321
3.0,1900,9077,2.0,0,0,3,7,1900,0,1954,2015,47.7684,-122.304,1900,13.036805489042683
1.5,880,1498,2.0,0,0,3,7,880,0,1999,0,47.7063,-122.342,880,12.423198124518821
1.0,1210,4895,1.0,0,0,3,6,710,500,1951,0,47.5202,-122.373,1100,12.560244459250788
2.5,3450,35880,2.0,0,0,3,11,3450,0,1992,0,47.7173,-122.099,3450,13.764217263576723
2.75,2210,8430,2.0,0,0,3,9,2210,0,1999,0,47.5994,-122.017,2460,13.282780098810234
3.5,1560,2198,2.0,0,0,3,8,1180,380,2006,0,47.5812,-122.403,1550,13.235692062711331
2.5,2440,3600,2.5,0,0,4,8,2440,0,1902,0,47.6298,-122.362,2440,14.09692301740246
3.25,2690,7200,2.0,0,3,3,9,1720,970,1978,0,47.7341,-122.288,2400,13.36138027787483
1.75,2160,5760,1.0,0,0,4,8,1260,900,1954,0,47.5346,-122.391,2090,13.415032991367148
1.75,1220,9732,1.0,0,0,3,7,1220,0,1965,0,47.7736,-122.214,1630,12.717398144337816
2.5,2430,5715,2.0,0,0,3,7,2430,0,1999,0,47.3718,-122.168,3040,12.742566016044742
3.75,4690,207141,2.0,0,0,3,10,4030,660,2007,0,47.7072,-121.983,2890,13.830399170458024
3.0,2670,5000,2.0,0,2,3,7,2670,0,1916,1978,47.5784,-122.377,2300,13.217673557208654
3.5,3490,4000,2.0,0,0,3,9,2570,920,2009,0,47.6385,-122.281,1880,14.297936707208567
1.0,1020,12289,1.0,0,0,4,7,1020,0,1967,0,47.4235,-122.155,1300,12.345834587905333
2.5,2660,20369,2.0,0,0,3,8,2660,0,1992,0,47.5234,-122.055,2720,13.208541073645382
1.0,1040,4600,1.0,0,0,4,6,1040,0,1950,0,47.5387,-122.277,1390,12.608198852372823
2.5,1910,4755,2.0,0,0,3,8,1910,0,1997,0,47.4956,-122.162,2460,12.873902018105829
3.5,2770,24140,2.0,0,0,3,8,2770,0,1967,0,47.6585,-122.186,1720,13.217673557208654
2.5,3040,20682,2.0,0,0,3,7,3040,0,2000,0,47.7245,-121.959,2670,13.056223574899784
2.5,2070,3986,2.0,0,0,3,8,2070,0,1999,0,47.5348,-121.877,2090,12.956780936614651
3.0,2490,27702,2.0,1,4,3,10,2490,0,2000,0,47.5596,-122.403,2580,14.349075668699754
1.0,1220,4000,1.5,0,0,4,6,1220,0,1908,0,47.6801,-122.354,1580,13.060487973686241
2.75,2780,7200,1.5,0,0,4,8,1870,910,1913,0,47.5632,-122.27,1700,13.471610805514265
2.5,2650,11455,1.0,0,0,3,7,1400,1250,1961,0,47.6141,-122.116,1960,13.244581010128577
1.0,820,5100,1.0,0,0,4,6,820,0,1954,0,47.5175,-122.205,2270,12.367340793126296
1.75,1040,9000,1.0,0,0,4,7,1040,0,1967,0,47.5253,-122.043,1750,12.854483932248728
3.0,2720,7570,2.0,0,0,3,9,2720,0,2008,0,47.7113,-122.349,1770,13.235692062711331
1.0,1140,5400,1.0,0,0,5,7,1140,0,1908,0,47.6205,-122.294,1520,13.215853720491667
2.25,1900,3800,2.0,0,0,3,7,1900,0,2006,0,47.4866,-122.16,1950,12.774223335915433
2.75,3350,6500,2.0,0,0,3,10,3350,0,1999,0,47.5838,-122.027,2960,13.514404113828087
1.0,1280,3900,1.0,0,0,4,7,1280,0,1921,0,47.6545,-122.336,2020,13.51169910358261
1.0,800,17965,1.0,0,0,4,5,800,0,1942,0,47.4693,-122.161,1500,12.345834587905333
2.75,2166,6342,2.0,0,0,3,8,2166,0,2013,0,47.3461,-122.152,2474,12.694652660348845
2.5,2134,1984,2.5,0,0,3,8,2134,0,2008,0,47.5402,-122.027,2170,13.322852238153732
1.5,1160,1438,2.0,0,0,3,7,1160,0,2001,0,47.5917,-122.295,1220,12.736700896592344
2.5,2610,5866,2.0,0,0,3,8,2610,0,2005,0,47.3441,-122.04,2480,12.765688433465597
1.0,1560,7800,1.0,0,0,3,7,1560,0,1955,0,47.4549,-122.287,1468,12.517227074167097
1.0,1460,11726,1.5,0,0,3,6,1290,170,1936,0,47.5039,-122.361,1460,12.100712129872347
3.25,1310,1072,2.0,0,0,3,8,1060,250,2008,0,47.6744,-122.374,1160,13.151339485640847
1.75,1520,7439,1.0,0,0,4,7,1520,0,1969,0,47.457,-122.208,1650,12.751299696013497
2.5,3305,16164,1.5,0,0,5,7,2245,1060,1922,1956,47.7563,-122.338,1620,13.106233995474446
1.75,2230,7560,1.0,0,0,3,7,1230,1000,1959,0,47.5055,-122.26,1380,12.834681304952548
1.5,2000,15265,1.0,0,0,3,8,1540,460,1967,0,47.387,-122.281,1920,12.519056900844173
3.5,3490,87497,2.0,0,0,3,9,3490,0,2001,0,47.4028,-122.002,2400,13.498056327178823
1.5,1590,4500,1.0,0,0,4,7,920,670,1946,0,47.5831,-122.392,1900,13.102160670086809
2.5,1960,14242,1.0,0,1,4,8,1290,670,1958,0,47.4947,-122.369,2490,13.304684934198283
2.25,1760,11946,2.0,0,0,3,8,1760,0,1978,0,47.624,-122.05,2080,13.122363377404328
1.75,1440,7198,1.0,0,0,3,7,990,450,1981,0,47.4333,-122.194,1550,12.520883385370206
1.75,2030,17100,1.0,0,0,4,7,2030,0,1953,0,47.451,-122.365,1950,12.994530005894443
1.0,980,4120,1.0,0,0,3,7,830,150,1950,2014,47.6815,-122.291,1760,13.190022025878143
2.25,3250,34293,2.0,0,0,4,9,3250,0,1983,0,47.3496,-122.094,3110,13.081541382884074
3.0,2790,4550,2.5,0,0,4,8,2790,0,1907,0,47.627,-122.361,2590,13.458835614025542
2.25,1570,499571,1.0,0,3,4,7,1570,0,1972,0,47.1808,-122.023,1700,12.765688433465597
2.25,2090,10120,1.0,0,0,4,7,1290,800,1979,0,47.4654,-122.174,1820,12.733755386362587
3.0,3740,30884,2.0,0,0,3,9,3060,680,1988,0,47.7505,-122.117,3240,13.67509840424753
2.25,1654,8479,2.0,0,0,3,7,1654,0,1995,0,47.3627,-122.037,1654,12.660169175050076
1.75,1700,8360,1.0,0,0,4,7,850,850,1955,0,47.5766,-122.147,1520,13.028052697933088
1.75,1444,249126,1.5,0,0,3,7,1444,0,2008,0,47.4104,-122.486,1760,12.948009990259552
2.5,2210,13721,2.0,0,0,3,8,2210,0,2009,0,47.3122,-122.039,1850,12.774223335915433
2.5,1910,7683,2.0,0,0,3,8,1910,0,1987,0,47.5644,-122.092,1980,13.337474757021274
2.5,2200,9397,2.0,0,0,3,8,2200,0,1987,0,47.3406,-122.269,2310,12.560244459250788
2.25,2350,17709,2.0,0,0,4,9,2350,0,1977,0,47.6232,-122.236,3360,14.297936707208567
2.25,1900,10950,1.0,0,0,4,7,1400,500,1959,0,47.3582,-122.284,1700,12.577636201962656
2.5,2250,5692,2.0,0,0,3,8,2250,0,2000,0,47.5133,-122.379,1320,13.007710936319127
2.75,3330,12408,1.0,0,0,3,10,1740,1590,1976,0,47.6318,-122.058,2780,13.527828485512494
1.75,1600,313672,1.0,0,0,4,7,1600,0,1960,0,47.4129,-122.08,1780,12.9190224533863
3.5,3370,16846,2.0,0,1,3,9,2650,720,1998,0,47.5584,-122.089,3330,13.304684934198283
2.5,2170,5000,2.0,0,0,3,9,2170,0,2003,0,47.5453,-121.996,2170,13.366093562326927
1.0,1180,2250,1.5,0,0,3,7,1180,0,1902,0,47.6779,-122.377,1320,13.102160670086809
1.5,1730,7020,1.5,0,0,4,5,1730,0,1953,0,47.4939,-122.167,1110,12.498742259492994
2.0,2410,13300,2.0,0,0,3,9,1840,570,1985,0,47.5632,-122.148,2930,13.619495674038317
1.5,1580,3172,1.0,0,0,4,8,900,680,1946,0,47.6796,-122.393,1580,13.17020070681849
2.5,2150,9000,1.0,0,0,4,7,1360,790,1979,0,47.4785,-122.16,1620,12.668233097314884
2.5,2320,5375,2.0,0,0,3,7,2320,0,2006,0,47.5415,-121.883,2060,13.019222618484815
1.0,1400,7955,1.0,0,0,3,7,1400,0,1964,0,47.4848,-122.221,1160,12.175613438045465
2.0,1860,7400,1.0,0,0,3,8,930,930,1922,2004,47.4598,-122.352,1640,12.86099861326992
3.5,2420,4670,2.0,0,0,3,7,2420,0,2013,0,47.5241,-122.285,1430,12.84792653170257
3.5,3420,49223,2.0,0,0,3,9,3420,0,2004,0,47.3534,-121.992,3580,13.428376406540833
1.0,1010,7515,1.0,0,0,4,6,1010,0,1955,0,47.4174,-122.316,1330,12.421184025147118
2.5,4060,9734,1.0,0,4,3,9,2150,1910,1977,0,47.7678,-122.254,2750,13.310501319519723
3.25,3820,8114,2.0,0,0,3,10,3820,0,2005,0,47.5837,-122.194,2440,14.297936707208567
1.0,1790,3760,1.5,0,0,4,8,1490,300,1912,0,47.5926,-122.293,1458,13.253391639810733
3.5,3220,3960,2.0,0,4,3,10,2760,460,1991,0,47.5909,-122.384,3080,14.04662227892766
2.5,1940,6206,2.0,0,0,3,7,1940,0,1990,0,47.3063,-122.359,2060,12.537173338349476
1.0,1330,9729,1.0,0,0,3,6,1330,0,1952,0,47.6223,-122.208,2920,13.864300722133706
1.5,1910,5000,1.5,0,0,3,7,1610,300,1912,0,47.6597,-122.29,2170,13.396200043034057
1.75,1580,5292,1.0,0,0,3,6,980,600,1913,0,47.5677,-122.29,1600,12.487485104968359
1.75,2030,7210,1.0,0,0,3,7,1450,580,1968,0,47.5067,-122.164,1750,12.79246945614324
1.0,1560,3825,1.5,0,0,3,8,1390,170,1930,0,47.6803,-122.387,1700,13.710150042306449
2.75,3150,219978,2.0,0,0,4,9,3000,150,1990,0,47.553,-121.946,3180,13.437174117244362
1.75,1340,7473,1.0,0,0,4,7,1340,0,1973,0,47.3087,-122.206,1510,12.314927050442256
2.0,2250,7904,1.5,0,0,3,8,2250,0,1998,0,47.3165,-122.252,2460,12.70076888736628
2.5,2150,7670,1.0,0,0,5,7,1240,910,1976,0,47.3942,-122.189,1610,12.751009798924933
3.0,3840,14040,1.5,0,3,3,8,2460,1380,1949,0,47.506,-122.241,2170,13.324487561494463
2.5,3150,4203,2.0,0,0,3,9,3150,0,2002,0,47.688,-122.164,3150,13.610943392223
2.5,1560,5845,2.0,0,0,3,7,1560,0,2003,0,47.3851,-122.029,1860,12.598114733306197
2.25,2020,21010,2.0,0,0,3,7,2020,0,1995,0,47.6988,-121.915,1850,12.948009990259552
2.5,1860,5321,2.0,0,0,3,7,1860,0,2000,0,47.3848,-122.033,1940,12.697700159242611
2.5,2500,10359,2.0,0,0,3,10,2500,0,1986,0,47.6286,-122.051,2580,13.465953081794405
2.25,1900,5000,1.0,0,0,3,7,1400,500,1963,0,47.6456,-122.387,1710,13.397719800165472
2.5,1750,9000,1.0,0,0,3,8,1410,340,1977,2003,47.6403,-122.105,2120,13.345506928718539
2.0,1520,7456,1.0,0,0,3,7,1520,0,1949,0,47.4745,-122.343,1740,12.025749091398891
1.75,1330,5000,2.0,0,0,4,7,1210,120,1909,0,47.5724,-122.384,1500,13.185338176565716
3.0,3180,80837,2.0,0,0,3,11,3180,0,1985,0,47.7336,-122.134,3180,13.726242090206092
2.5,1360,7293,2.0,0,0,3,8,1360,0,1988,0,47.3304,-122.302,1540,12.423198124518821
2.0,1560,8800,2.0,0,0,5,6,1560,0,1942,1967,47.4927,-122.312,1480,12.577636201962656
2.75,2160,5005,1.0,0,0,3,7,1430,730,1987,0,47.6971,-122.302,1770,13.217673557208654
2.5,1580,1321,2.0,0,2,3,8,1080,500,2014,0,47.6688,-122.402,1530,13.465953081794405
2.5,2200,5730,2.0,0,0,3,8,2200,0,2003,0,47.3482,-122.153,2200,12.6112043647371
1.75,1270,6600,1.5,0,0,5,7,1270,0,1903,0,47.5976,-122.295,1490,13.01477816672439
1.5,2240,28750,1.0,0,0,3,8,1620,620,1956,0,47.7137,-122.254,3200,13.116345305078767
1.0,840,5551,1.0,0,0,3,6,840,0,1952,0,47.5354,-122.28,1270,12.765688433465597
2.25,1830,7770,1.0,0,0,4,7,1400,430,1977,0,47.3925,-122.161,1960,12.449018824140563
1.75,2520,21834,1.0,1,4,3,8,1420,1100,1960,0,47.4996,-122.378,1700,13.527828485512494
2.5,1890,8505,1.0,0,0,3,8,1290,600,1980,0,47.6796,-122.115,1720,12.987688474077727
3.25,4410,35192,2.0,0,2,3,12,3880,530,1990,0,47.7522,-122.13,4410,14.053653060512278
1.0,1040,8970,1.0,0,0,4,6,1040,0,1961,0,47.3283,-122.337,1040,12.254862809699606
1.0,1170,3330,2.0,0,0,4,6,1170,0,1969,0,47.3155,-122.182,1090,12.170186366965766
1.0,1560,8232,1.0,0,0,3,7,1560,0,1952,0,47.623,-122.205,1930,13.726679344257658
1.75,1920,9102,1.0,0,0,3,7,1920,0,1968,0,47.7487,-122.082,1920,12.89921982609012
2.5,1850,5444,2.0,0,0,5,7,1850,0,1981,0,47.7227,-122.16,1540,13.071070083016778
1.75,1240,3000,1.5,0,0,3,7,1240,0,1906,0,47.6689,-122.326,1800,13.087771932634709
2.75,1940,5000,2.0,0,0,5,7,1940,0,1951,0,47.6704,-122.362,1940,13.265597545490236
1.75,1350,2653,2.0,0,0,3,7,1350,0,1986,0,47.6934,-122.184,1370,12.911642346088676
1.0,1670,4600,1.5,0,0,5,8,1670,0,1906,0,47.6838,-122.332,1820,13.681979165339751
1.75,1970,54450,1.0,0,0,3,8,1570,400,1980,0,47.5936,-122.012,2460,13.38472764187182
1.5,1970,13709,1.0,0,0,4,7,1680,290,1955,0,47.7562,-122.277,2200,12.959844447906553
1.0,1040,8125,1.0,0,0,3,7,1040,0,1956,0,47.3171,-122.316,1200,12.254862809699606
1.5,1310,4800,1.5,0,0,3,6,1110,200,1929,0,47.5545,-122.365,960,12.634603026569334
1.75,2870,26500,1.5,0,1,3,8,2870,0,1948,1981,47.4485,-122.355,2420,13.17115354157376
2.5,1640,3804,2.0,0,0,3,8,1640,0,1998,0,47.6103,-122.3,1440,13.308012724290958
1.75,1960,4340,1.0,0,0,5,8,980,980,1912,0,47.6847,-122.37,1630,13.49385796594134
2.5,1750,2150,2.5,0,0,3,7,1230,520,1900,2014,47.6037,-122.311,1410,13.120361374733656
2.5,2540,3832,2.0,0,0,5,8,1760,780,1929,0,47.6848,-122.398,2000,13.337474757021274
3.5,3930,39098,2.0,0,0,3,12,3930,0,1999,0,47.6399,-122.158,4250,14.40274151293267
3.75,4410,8112,3.0,0,4,3,11,3570,840,2003,0,47.5888,-122.392,2770,14.301018373745976
1.0,1310,9554,1.0,0,0,3,7,960,350,1962,0,47.2949,-122.285,1310,12.180754837545884
2.5,2700,8444,2.0,0,0,3,10,2700,0,1992,0,47.5597,-122.113,2840,13.547631112808673
1.75,1230,7890,1.0,0,1,4,7,1090,140,1950,0,47.5808,-122.189,2380,13.251635713108469
1.0,1280,10521,1.5,0,0,3,7,1280,0,1960,0,47.4215,-122.289,1540,12.201060103706629
1.75,2000,7560,1.0,0,0,4,7,1300,700,1968,0,47.4346,-122.171,1900,12.594730635321957
1.75,1640,47044,1.0,0,0,3,7,1640,0,1989,0,47.654,-121.94,2280,13.122363377404328
2.5,1770,8155,1.5,0,0,4,6,1770,0,1970,1993,47.719,-122.173,1460,13.122363377404328
2.0,1700,6375,1.0,0,0,4,7,850,850,1950,0,47.6973,-122.295,1470,12.948009990259552
1.5,1350,7827,1.0,0,0,4,7,1350,0,1968,0,47.3786,-122.219,1900,12.468244583811861
1.75,1210,7000,1.0,0,0,3,7,1210,0,1975,0,47.4572,-122.169,1670,12.611537753638338
2.0,1050,18304,1.0,0,0,4,7,1050,0,1953,0,47.3206,-122.269,1690,12.038245534886672
1.75,2110,8500,1.0,0,0,3,7,1100,1010,1962,0,47.7737,-122.35,2020,13.114331205707064
2.5,2770,9136,2.0,0,0,3,10,2770,0,1991,0,47.5605,-122.115,2890,13.664687668229691
1.75,1960,4788,1.0,0,0,4,7,1090,870,1920,0,47.6746,-122.312,1960,13.303016877097587
2.5,1600,3580,2.0,0,0,3,7,1600,0,2000,0,47.4939,-122.261,2020,12.584509081250419
2.5,2500,206474,1.0,0,0,3,10,2500,0,1997,0,47.6778,-121.994,3680,13.599839021488766
2.5,2160,15817,2.0,0,0,3,8,2160,0,1999,0,47.4166,-122.183,1990,12.777052192115912
1.0,1190,11400,1.0,0,0,3,7,1190,0,1951,0,47.5012,-122.265,1410,12.384009604006303
3.5,1690,1765,2.0,0,0,3,8,1370,320,2006,0,47.6536,-122.34,1690,13.340695371721317
1.5,1850,8124,1.0,0,0,4,7,1850,0,1948,0,47.7275,-122.359,1530,12.995098026358452
3.5,4230,16526,2.0,0,0,3,10,4230,0,2008,0,47.5933,-122.199,3000,14.47819853103951
2.75,2930,25697,1.0,0,0,4,9,2310,620,1964,0,47.6264,-122.226,3810,14.22097566607244
2.75,4430,74358,2.0,0,0,3,10,4430,0,1990,0,47.6392,-121.988,3820,13.785051350479566
1.75,1640,10762,1.0,0,0,3,7,1130,510,1988,0,47.3586,-122.074,1680,12.330500223905226
3.25,3340,9075,2.0,0,0,3,8,2600,740,2005,0,47.5446,-121.88,2770,13.444446876573442
2.0,2780,11583,1.0,0,3,3,8,1190,1590,1955,0,47.7293,-122.284,2580,13.37700559577791
2.5,1390,4997,2.0,0,0,3,7,1390,0,2004,0,47.5303,-121.855,2340,12.994530005894443
1.0,828,4524,1.0,0,0,3,6,828,0,1968,2007,47.2655,-122.244,828,11.608235644774552
1.75,1750,5500,1.5,0,0,5,7,1050,700,1926,0,47.6802,-122.388,1640,13.038981768465277
2.5,2400,6053,2.0,0,0,3,8,2400,0,2001,0,47.3869,-122.033,2460,12.959844447906553
2.5,2810,9800,1.0,0,0,4,8,1710,1100,1973,0,47.5657,-122.149,2800,13.623138665316818
2.25,1460,1851,2.0,0,0,3,9,1180,280,2014,0,47.6461,-122.362,1800,13.39239051461739
1.75,2920,5000,2.5,0,0,4,9,2780,140,1908,0,47.6024,-122.295,2020,13.620711479659207
1.75,2110,5000,1.5,0,0,4,7,1250,860,1946,0,47.6745,-122.287,1720,13.420985389894444
1.0,1070,5000,1.0,0,0,3,7,1070,0,1924,0,47.6666,-122.331,1710,13.369223455335854
2.5,1770,2677,2.0,0,0,3,7,1770,0,2005,0,47.4339,-122.194,1550,12.468436909997665
2.25,1950,29347,1.0,0,0,3,8,1350,600,1953,0,47.739,-122.351,2125,12.989974189358584
2.0,1310,7332,1.0,0,0,3,7,1310,0,1987,0,47.3597,-122.051,1530,12.345834587905333
1.75,2120,9786,1.0,0,0,3,8,1640,480,1967,0,47.7753,-122.365,2310,13.10755426175062
1.75,2840,10220,1.0,0,0,4,7,2210,630,1954,0,47.764,-122.36,2000,13.043320170063875
1.5,1510,7642,1.0,0,0,3,7,1510,0,1959,0,47.5978,-122.116,2180,12.89921982609012
2.5,1760,2688,2.0,0,0,3,7,1760,0,2005,0,47.4903,-122.166,1760,12.593034282073779
2.25,1700,9600,2.0,0,0,3,7,1700,0,1984,0,47.39,-122.158,1930,12.591335046320818
1.0,1350,7740,1.0,0,0,4,6,860,490,1947,0,47.7098,-122.291,1130,12.774223335915433
2.25,1264,1536,2.0,0,0,3,8,1264,0,2003,0,47.6694,-122.279,1264,13.180632285528304
1.75,2460,16000,1.0,0,0,3,7,1230,1230,1957,0,47.3305,-122.351,1990,12.388394202324129
1.75,1380,8182,1.0,0,0,5,7,1380,0,1942,0,47.7513,-122.349,1300,12.959844447906553
1.0,950,5214,1.0,0,0,3,7,830,120,1944,0,47.5362,-122.379,1490,12.71589776896258
2.0,1870,5580,1.0,0,0,3,8,1870,0,2004,0,47.7101,-122.031,1670,13.224919965729422
2.5,2520,9684,2.0,0,0,3,8,2520,0,1994,0,47.4848,-121.801,2090,13.060487973686241
2.75,2440,8000,1.0,0,0,4,7,1240,1200,1972,0,47.7283,-122.17,1780,13.17115354157376
2.25,2150,8250,1.0,0,0,4,7,1240,910,1978,0,47.3045,-122.378,2050,12.560244459250788
2.5,2290,9142,1.0,0,0,3,8,2290,0,1972,0,47.691,-122.387,1770,13.438487123487413
2.5,2190,11394,1.0,0,0,3,8,1550,640,1956,0,47.6685,-122.409,2190,14.069377281921325
2.0,1360,3300,2.0,0,0,3,6,1360,0,2004,0,47.3489,-122.022,1310,12.310432660854417
1.0,1820,4000,2.0,0,0,3,8,1820,0,1923,0,47.6259,-122.321,2050,13.623138665316818
1.0,1320,8865,1.0,0,0,4,6,1320,0,1943,0,47.4949,-122.3,1190,12.2783933071098
2.25,1820,8058,1.0,0,0,3,7,1260,560,1974,0,47.7241,-122.168,1850,12.959844447906553
2.25,1420,13468,1.0,0,0,3,7,960,460,1976,0,47.6693,-122.176,1480,13.017002861746503
1.0,1790,6120,1.0,0,0,3,6,1790,0,1937,1964,47.508,-122.337,830,12.618513367374764
2.75,3090,5859,2.0,0,0,3,9,3090,0,2010,0,47.6057,-122.047,2960,13.54108029118824
1.5,1040,1824,1.0,0,0,3,6,1040,0,1925,0,47.6793,-122.3,1010,12.759957758756611
2.0,1580,7300,1.0,0,0,4,7,1580,0,1955,0,47.7598,-122.328,1180,12.911889229190782
2.75,3810,9360,2.0,0,0,3,10,3810,0,2014,0,47.6039,-122.194,2110,14.346138809026444
2.75,3220,8160,2.0,0,0,3,9,3220,0,1999,0,47.3154,-122.254,2876,12.858397831569864
1.0,1460,3840,1.5,0,0,3,8,1340,120,1928,0,47.533,-122.347,990,12.793859310432293
1.75,2360,6000,1.0,0,0,3,7,1280,1080,1955,0,47.6465,-122.357,1700,13.458835614025542
1.0,870,8487,1.0,0,0,4,6,870,0,1944,0,47.4955,-122.239,1350,12.01974306733868
3.0,3700,16857,1.0,0,0,3,10,2170,1530,2000,0,47.6956,-122.392,2320,13.9108207377686
1.75,1540,8311,1.0,0,0,4,7,1540,0,1950,0,47.7046,-122.293,1890,13.1470559899947
1.75,2040,15000,1.0,0,0,4,7,1360,680,1967,0,47.3107,-122.189,2310,12.779873068457553
2.5,2000,5500,2.0,0,0,3,8,2000,0,2003,0,47.3552,-122.014,2000,12.793859310432293
3.5,4240,21578,2.0,0,0,3,10,3500,740,1994,0,47.5614,-122.215,3120,14.146970252761943
2.5,2530,623779,1.0,0,0,4,8,2530,0,1980,0,47.4188,-121.949,2120,13.458835614025542
2.5,1500,4445,2.0,0,0,3,8,1500,0,1996,0,47.5682,-122.005,1730,13.033532163697712
1.75,1460,8372,1.0,0,0,4,7,1460,0,1981,0,47.3683,-122.087,1220,12.323855681186558
1.75,1810,9750,2.0,0,0,4,7,1810,0,1977,0,47.7681,-122.311,1570,12.89921982609012
1.75,2130,8151,1.0,0,0,4,7,1330,800,1967,0,47.3932,-122.201,1600,12.560244459250788
2.5,1770,6033,2.0,0,0,4,7,1770,0,1987,0,47.3764,-122.119,1590,12.599802497419917
2.5,2410,7950,2.0,0,0,3,8,2410,0,1997,0,47.7185,-122.226,1920,13.334162827017881
2.5,1340,10290,1.0,0,0,4,7,1140,200,1981,0,47.3553,-122.149,1760,12.487485104968359
2.25,3010,12202,1.0,0,0,4,9,3010,0,1959,0,47.6387,-122.174,2480,13.62918097977278
1.5,1330,6768,1.0,0,0,4,7,1330,0,1952,0,47.7366,-122.319,1320,12.759957758756611
2.75,2410,9549,1.0,0,0,4,7,1780,630,1956,0,47.6503,-122.197,2090,13.53843866462451
2.25,1350,1234,2.0,0,0,3,7,1160,190,2007,0,47.5565,-122.363,1420,12.61153442029945
3.25,3820,15293,2.0,0,0,3,10,3820,0,2003,0,47.6097,-122.017,2790,13.764217263576723
2.25,2130,5337,2.0,0,0,3,7,2130,0,2001,0,47.7237,-121.959,2300,12.871334622600584
2.5,1950,4345,2.0,0,0,3,7,1950,0,2007,0,47.5202,-121.873,2260,12.959844447906553
2.5,2040,5770,2.0,0,0,3,7,2040,0,1994,0,47.3522,-122.059,1570,12.429216196844383
2.5,3190,7941,2.0,0,0,3,10,3190,0,2005,0,47.353,-122.002,3190,13.286945177720273
2.25,2090,7450,1.0,0,0,3,7,1350,740,1978,0,47.7598,-122.303,1740,13.091904169919621
2.5,2170,204296,1.0,0,0,4,7,2170,0,1980,0,47.281,-121.933,1760,12.89921982609012
2.5,2200,5954,2.0,0,0,3,7,2200,0,2004,0,47.3709,-122.125,2200,12.66032791780777
1.75,1170,2400,1.0,0,0,4,7,740,430,1903,0,47.6653,-122.333,1570,13.120361374733656
1.0,950,15996,1.0,0,0,4,7,950,0,1946,1995,47.4987,-121.787,950,12.173032791451973
1.5,1160,10125,1.0,0,0,4,7,1160,0,1959,0,47.4919,-122.151,1440,12.254862809699606
2.5,1630,7700,1.0,0,0,3,7,1120,510,1978,0,47.3876,-122.211,1640,12.428816116823043
2.5,3216,5902,2.0,0,0,3,9,3216,0,2014,0,47.3425,-122.179,2815,13.11924853130414
1.0,820,5150,1.0,0,0,5,6,820,0,1918,0,47.5514,-122.284,1100,12.628067055589549
3.25,3500,10457,2.0,0,0,3,11,3500,0,2001,0,47.5198,-122.157,3500,13.787933790194039
3.25,2750,7500,2.0,0,1,3,7,2150,600,1937,1997,47.6636,-122.203,2750,13.527828485512494
1.75,1920,7665,1.0,0,0,4,8,1500,420,1975,0,47.4476,-122.128,2100,12.739637756265655
2.25,2210,7680,1.0,0,2,3,8,1730,480,1972,0,47.7729,-122.389,2390,13.122363377404328
2.75,3400,7081,2.0,0,0,3,9,3400,0,2001,0,47.5661,-122.123,3060,13.627009950093603
1.75,1710,7210,1.0,0,0,4,7,1240,470,1974,0,47.4094,-122.175,1840,12.5177690518128
2.0,1830,9152,1.0,0,0,5,8,1830,0,1959,0,47.5531,-122.181,1770,13.217673557208654
1.0,1310,5200,1.5,0,0,3,6,1160,150,1945,0,47.5384,-122.37,1090,12.206072645530174
2.25,2380,6000,1.0,0,0,3,8,2040,340,1961,0,47.6955,-122.275,1680,13.102160670086809
3.5,2370,3692,2.5,0,0,3,8,2370,0,2013,0,47.5044,-122.17,2520,12.89921982609012
2.5,2400,4596,2.0,0,0,3,8,2400,0,2004,0,47.3358,-122.265,2230,12.542544882151386
2.25,1840,13020,1.0,0,0,3,8,1390,450,1980,0,47.6923,-122.095,2210,12.90669184092882
2.25,1490,4539,2.0,0,0,3,7,1490,0,2009,0,47.7607,-122.233,1750,12.873902018105829
2.5,3172,5033,2.0,0,0,3,8,3172,0,2014,0,47.2961,-122.348,2704,12.977337605354071
1.0,2298,10140,1.0,0,0,3,7,2298,0,1969,0,47.6909,-122.083,2580,12.826649133255284
2.5,2660,206480,1.0,0,0,3,8,2660,0,1989,0,47.6042,-121.956,2660,13.286181462633724
1.0,1260,4800,1.0,0,0,3,6,1100,160,1947,0,47.5196,-122.376,1260,12.542544882151386
2.0,1620,5101,1.0,0,0,3,7,590,1030,2006,0,47.5448,-122.288,1700,13.005829561148378
2.5,1480,1386,3.0,0,0,3,8,1480,0,2005,0,47.5468,-121.998,1470,12.959844447906553
2.75,2330,14175,1.0,0,0,3,7,1800,530,1980,0,47.4193,-122.194,1480,12.826649133255284
1.5,1050,3419,2.0,0,0,3,7,1050,0,1996,0,47.3848,-122.039,1050,12.004568269319446
1.0,1220,6300,1.0,0,0,3,7,760,460,1942,0,47.5299,-122.387,1850,12.89921982609012
1.0,1480,8415,1.0,0,0,3,7,1080,400,1967,0,47.4585,-122.283,1780,12.072541252905651
2.5,2490,11650,1.0,0,0,3,7,1390,1100,1990,0,47.4416,-122.332,2010,12.506177237980511
2.5,2080,4307,2.0,0,0,3,7,2080,0,2004,0,47.53,-121.848,2080,12.815838217151068
2.5,3090,10940,2.0,0,2,3,10,3090,0,1992,0,47.5492,-122.119,3410,13.751505227988362
4.0,5280,17677,2.0,0,3,3,11,3220,2060,1978,0,47.5323,-122.238,3470,14.253765488895429
0.75,760,5746,1.0,0,0,4,5,760,0,1915,0,47.3046,-122.215,970,11.461632170582678
2.5,2560,4020,2.0,0,0,3,9,2560,0,2006,0,47.3533,-122.027,3010,12.92391243868049
1.75,1530,5000,1.0,0,2,3,7,1020,510,1948,0,47.6806,-122.36,1530,13.36138027787483
2.25,1760,45133,2.0,0,0,3,7,1760,0,1984,0,47.5124,-121.866,1910,12.866179972011919
2.5,2090,6023,2.0,0,0,3,8,2090,0,1990,0,47.5713,-121.997,2090,13.208541073645382
2.25,1840,8400,1.0,0,0,3,8,1290,550,1961,0,47.5497,-122.172,2110,13.066427745074025
1.0,1010,5000,1.5,0,0,4,6,1010,0,1908,0,47.6692,-122.297,1460,13.218945475250573
3.0,2820,11500,2.0,0,0,3,10,2820,0,1991,0,47.5826,-122.028,2770,13.44806351704363
1.75,1500,11968,1.0,0,0,3,6,1500,0,2014,0,47.3095,-122.002,1320,12.319401330837177
1.5,1400,9600,1.0,0,0,4,7,1400,0,1964,0,47.2878,-122.297,2210,12.254862809699606
3.0,1430,1249,3.0,0,0,3,8,1430,0,2003,0,47.6971,-122.34,1020,12.721885810807203
1.75,1830,29110,2.0,0,0,3,8,1230,600,1990,0,47.5449,-122.215,3630,13.321214236149494
2.25,1970,15743,1.0,0,0,3,7,1370,600,1962,0,47.7673,-122.202,2390,12.911642346088676
2.0,1380,5198,1.0,0,0,4,7,1380,0,1982,0,47.5514,-122.357,1320,12.706544857216672
2.75,3190,5408,2.0,0,0,3,9,3190,0,2005,0,47.5903,-121.988,3160,13.489780417874963
0.75,920,20412,1.0,1,2,5,6,920,0,1950,0,47.4781,-122.49,1162,13.180632285528304
1.75,1460,2800,2.0,0,0,3,7,1460,0,1928,0,47.6779,-122.371,1220,13.270783382522602
2.75,2040,7488,1.0,0,0,4,7,1200,840,1969,0,47.7289,-122.172,1530,13.015891132893811
1.5,1710,8364,2.0,0,2,3,7,1710,0,1944,0,47.5175,-122.393,2430,13.204864598916073
2.5,1980,17342,2.0,1,4,3,10,1580,400,1984,0,47.4551,-122.373,2060,12.84792653170257
3.0,2660,7700,1.5,0,0,4,7,1670,990,1962,0,47.46,-122.174,1610,12.721885810807203
1.5,2160,9000,1.0,0,2,4,8,1400,760,1949,0,47.7241,-122.369,3010,13.38472764187182
2.5,2480,8342,2.0,0,0,3,8,2480,0,1986,0,47.4381,-122.134,2300,12.936033799212835
1.0,1490,15850,1.0,0,0,3,7,1490,0,1946,0,47.7411,-122.347,1950,12.323855681186558
1.75,1260,10065,1.0,0,0,3,7,1260,0,1954,2014,47.5727,-122.138,1320,13.071070083016778
1.75,1650,1180,3.0,0,0,3,8,1650,0,2014,0,47.6638,-122.319,1650,13.303016877097587
2.0,1760,21562,1.0,0,1,3,8,1560,200,1959,0,47.7597,-122.263,2150,13.081541382884074
1.75,2140,7102,1.0,0,0,4,7,1070,1070,1948,0,47.7042,-122.37,1950,13.244581010128577
2.5,2560,7492,2.0,0,0,3,8,2560,0,2014,0,47.4467,-122.287,1260,12.897969044188466
1.0,840,4495,1.0,0,0,3,6,840,0,1921,0,47.496,-122.349,1260,12.43320821811392
1.75,1890,5000,1.5,0,0,3,7,1090,800,1906,0,47.6711,-122.372,1610,13.168215897586418
3.5,2730,42500,1.0,0,0,3,8,1530,1200,1989,0,47.4587,-121.996,3180,13.203943364396752
2.5,2370,9517,1.0,0,0,3,9,1630,740,1984,0,47.6222,-122.034,2440,13.39239051461739
2.25,1690,4964,2.0,0,0,3,8,1690,0,1989,0,47.5756,-122.01,1800,13.122363377404328
3.25,3540,5971,1.0,0,2,3,10,2000,1540,2005,0,47.6643,-122.202,2820,14.11413257045439
1.75,1370,9993,1.0,0,0,3,6,1370,0,1918,0,47.7572,-122.228,1650,12.691580461311874
2.5,2740,5000,2.0,0,0,3,9,2740,0,2012,0,47.674,-122.371,1660,13.883169206438088
1.0,590,10945,1.5,0,0,3,5,590,0,1983,0,47.3364,-122.033,2020,12.894207284266574
1.0,1360,3880,1.0,0,0,3,7,1060,300,1963,0,47.6837,-122.391,1110,13.053977464537864
2.5,1870,3485,2.0,0,0,3,8,1870,0,2001,0,47.5493,-122.004,1940,13.262125319779487
2.25,1940,11612,1.0,0,0,4,8,1100,840,1981,0,47.5018,-122.23,2180,12.793720411897448
3.75,3790,8797,2.0,0,0,3,11,3290,500,2006,0,47.6351,-122.236,2660,14.438771611060053
3.25,3640,3604,2.0,0,2,5,9,1960,1680,1913,0,47.6145,-122.284,1940,14.050582680143757
1.75,1290,10117,1.0,0,0,3,7,1290,0,1984,0,47.7598,-122.146,1770,12.821258284620408
2.5,2210,10119,1.0,0,0,4,7,1450,760,1966,0,47.3783,-122.22,2110,12.608198852372823
3.0,2360,5000,1.0,0,0,3,7,1390,970,2008,0,47.6931,-122.33,2180,13.131521315189094
3.75,3070,5850,2.0,0,0,5,9,2400,670,1927,0,47.633,-122.283,2940,14.266586177324491
1.0,1160,6132,1.0,0,0,4,7,1160,0,1958,0,47.5015,-122.173,1280,12.375815420117268
2.25,2480,15022,1.0,0,4,3,9,1330,1150,1967,2003,47.5497,-122.396,2500,13.864300722133706
2.5,2180,7204,2.0,0,0,3,8,2180,0,2014,0,47.7221,-122.352,1500,13.506264307596652
2.75,3140,10918,1.0,0,0,3,8,1900,1240,1968,1986,47.7086,-122.243,3170,13.253391639810733
2.0,1840,40438,2.0,0,0,3,7,1840,0,1994,0,47.4853,-121.709,1380,13.049792684569493
1.5,1240,3873,1.0,0,0,4,6,860,380,1909,0,47.5752,-122.388,1240,12.928778628331663
1.0,880,1165,2.0,0,0,3,8,880,0,2005,0,47.6192,-122.297,1640,12.793859310432293
2.75,1830,1850,2.0,0,0,3,10,1690,140,2011,0,47.5307,-122.074,2310,13.292949677979863
1.0,1160,17635,1.0,1,4,3,6,1160,0,1945,0,47.5117,-122.248,1510,13.458835614025542
3.25,4580,4838,2.0,0,3,4,11,3080,1500,1991,0,47.6305,-122.354,3540,14.880221294956703
3.25,3970,8029,2.0,0,2,3,9,2970,1000,1979,0,47.7764,-122.385,2520,13.81049801614073
2.5,2360,4670,2.0,0,0,3,7,2360,0,1998,0,47.537,-121.871,2420,12.997933299026151
2.5,2380,2500,3.0,0,3,3,9,2380,0,1988,0,47.5734,-122.375,2270,13.217582643985264
2.5,2800,8494,2.0,0,0,3,8,2800,0,2004,0,47.3521,-122.009,3740,12.962194625251508
1.75,1260,1111,2.0,0,0,3,8,1260,0,2003,0,47.5476,-122.005,1410,12.765688433465597
1.0,1740,8100,1.0,0,0,4,7,1020,720,1962,0,47.467,-122.185,1600,12.468436909997665
2.0,2710,4500,1.5,0,0,4,8,1880,830,1929,0,47.6747,-122.295,2060,13.5985975564007
2.5,1800,3253,2.0,0,0,3,7,1800,0,2001,0,47.5401,-122.292,1800,12.611537753638338
1.0,1180,3750,1.0,0,0,3,6,1030,150,1940,0,47.5726,-122.382,1280,12.959844447906553
4.5,4000,7500,2.0,0,0,3,7,4000,0,1978,0,47.6146,-122.306,1380,13.513053199930338
1.5,1790,11656,2.0,0,0,3,7,1790,0,1963,0,47.3961,-122.308,2040,12.323855681186558
2.5,2095,4569,2.0,0,0,3,9,2095,0,2002,0,47.6603,-122.087,2095,13.415032991367148
2.0,2130,4000,2.0,0,0,3,7,2130,0,1908,0,47.6741,-122.323,2010,13.37700559577791
1.0,1910,16320,1.5,0,0,3,6,1910,0,1934,0,47.5151,-122.366,1380,12.388394202324129
2.75,1950,12240,1.0,0,0,3,7,1250,700,1956,0,47.7401,-122.258,1880,12.873902018105829
4.0,1390,1569,2.0,0,0,3,9,1150,240,2006,0,47.671,-122.269,1620,13.034624463096321
3.5,2630,3435,1.5,0,3,3,7,1640,990,1984,0,47.4355,-122.272,1920,12.691580461311874
3.25,3620,8131,2.0,0,0,4,10,2730,890,1988,0,47.5776,-122.214,2040,13.811502536566735
2.5,2620,5060,2.0,0,0,3,9,2620,0,2005,0,47.5634,-122.394,900,13.597354548161103
2.5,2250,8076,2.0,0,0,3,8,2250,0,1995,0,47.3667,-122.041,2180,12.873902018105829
2.75,1990,3750,1.5,0,0,4,7,1990,0,1913,0,47.6733,-122.358,1820,13.655341805811453
2.25,2080,12134,1.0,0,0,4,8,1530,550,1973,0,47.6315,-122.102,2320,13.312983737012978
2.5,2780,32880,1.0,0,0,3,9,2780,0,1993,0,47.4798,-121.727,2780,13.235692062711331
2.5,2510,5400,2.0,0,0,3,9,2510,0,1992,0,47.5204,-122.206,1840,13.217673557208654
1.0,780,6000,1.0,0,0,5,6,780,0,1923,0,47.4759,-122.208,1080,12.301382825334498
1.75,1790,11801,1.0,0,0,4,8,1790,0,1974,0,47.5172,-122.17,2000,12.881564890851399
1.5,980,1296,2.0,0,0,3,7,840,140,2001,0,47.7075,-122.336,1100,12.468436909997665
1.0,780,6380,1.0,0,0,3,6,780,0,1947,0,47.5423,-122.351,1270,12.013700752882718
2.75,2880,5750,1.5,0,0,5,9,1710,1170,1928,0,47.5874,-122.387,1640,13.732128949025222
1.75,2160,7700,2.0,0,0,2,8,2160,0,1977,0,47.6976,-122.169,2080,12.969212197910155
1.75,1980,11274,1.0,0,0,4,7,1480,500,1968,0,47.4474,-122.167,1520,12.611371073081239
2.25,2060,7283,1.0,0,0,3,8,1220,840,1963,2013,47.7435,-122.317,1500,12.92391243868049
4.0,2550,3900,2.0,0,2,3,8,2050,500,1940,2003,47.6415,-122.392,2340,13.805460222110773
2.25,1990,7320,1.0,0,0,4,7,1030,960,1965,0,47.5237,-122.376,1320,13.017002861746503
2.5,1890,6560,2.0,0,0,3,7,1890,0,2003,0,47.3684,-122.031,2390,12.685407602204794
2.25,1610,8296,2.0,0,0,3,8,1610,0,1978,0,47.7,-122.297,1610,13.017002861746503
2.75,2300,26650,1.0,0,0,4,8,2300,0,1950,0,47.7771,-122.362,2000,13.17115354157376
2.5,2630,5701,2.0,0,0,3,7,2630,0,2010,0,47.375,-122.16,2770,12.86099861326992
3.5,4190,15724,2.0,0,2,3,11,4190,0,1994,0,47.5518,-122.096,3300,13.963930563082547
1.0,1120,6236,1.0,0,0,4,6,1120,0,1954,0,47.763,-122.291,1340,12.691580461311874
2.0,1860,10856,1.0,0,0,3,8,1260,600,1952,0,47.4989,-122.265,1250,12.487485104968359
1.75,2010,12044,1.0,0,0,3,9,2010,0,1982,0,47.6446,-122.068,2200,13.34997692338999
1.75,1590,2500,1.5,0,0,4,7,1190,400,1908,0,47.6668,-122.299,1420,13.228523573232719
2.5,1900,3366,2.0,0,0,3,9,1900,0,1996,0,47.6679,-122.184,2500,13.208541073645382
2.5,2610,33206,2.0,0,0,3,10,2610,0,1988,0,47.6662,-122.057,2870,13.519393006691391
2.0,2330,8000,1.0,0,0,3,7,1390,940,1986,0,47.2958,-122.368,1570,12.506177237980511
1.75,2090,7505,1.0,0,0,3,7,2090,0,1967,0,47.7326,-122.194,1510,12.959726793926773
1.0,930,7623,1.0,0,0,2,6,930,0,1942,0,47.467,-122.349,1300,11.512925464970229
2.5,1430,1056,3.0,0,0,3,8,1430,0,2003,0,47.684,-122.388,1310,13.002678534458349
3.5,4065,18713,2.0,0,0,4,10,4065,0,1987,0,47.6209,-122.237,3070,14.48333993053993
2.25,2360,7490,2.0,0,0,3,8,2360,0,1979,0,47.6988,-122.169,2360,13.265597545490236
1.0,1240,14110,1.0,0,0,4,7,1240,0,1972,0,47.4579,-122.09,2060,12.506177237980511
1.0,980,9135,1.0,0,0,3,7,980,0,1955,0,47.3496,-122.289,1780,12.128111104060462
3.25,3230,5000,1.5,0,0,4,7,1750,1480,1916,0,47.6702,-122.3,1730,13.62507618105977
1.0,820,1060,1.0,0,0,3,8,760,60,2007,0,47.5473,-122.371,1770,12.299107511497363
1.0,1200,15960,1.5,0,0,3,6,1200,0,1945,0,47.7163,-122.299,1120,12.895462777212407
2.0,1790,7800,1.0,0,0,5,8,1790,0,1972,0,47.6266,-122.103,2150,13.253391639810733
5.25,8010,45517,2.0,1,4,3,12,5990,2020,1999,0,47.6767,-122.211,3430,15.446866505699305
1.0,1730,2760,1.5,0,0,3,7,1250,480,1918,0,47.6342,-122.353,1630,13.241034907121827
1.0,1830,3000,1.5,0,0,3,7,1430,400,1926,0,47.6619,-122.351,1510,13.122263372403996
2.0,2990,102366,1.0,0,0,4,8,2990,0,1974,0,47.3068,-122.088,2820,13.142166004700508
1.0,1270,8800,1.0,0,0,3,7,1270,0,1968,0,47.6703,-122.15,1560,13.010313873595706
1.5,1500,14750,1.5,0,0,4,6,1500,0,1933,0,47.495,-122.318,1270,12.611537753638338
2.5,2070,10244,1.0,0,0,3,8,1370,700,1969,0,47.5592,-122.178,2070,13.15773052124162
1.0,1310,4163,1.0,0,0,4,7,1310,0,1964,0,47.5301,-122.381,1120,12.93816405871849
2.75,1910,7210,1.0,0,0,4,7,1430,480,1980,0,47.3693,-122.169,1750,12.206072645530174
2.25,1800,2748,2.0,0,0,4,9,1800,0,1979,0,47.6104,-122.113,1800,13.064734264567692
2.25,1270,1213,2.0,0,0,3,8,1040,230,2005,0,47.6736,-122.375,1410,13.054084536651034
1.0,950,4800,1.0,0,0,3,6,950,0,1941,0,47.5864,-122.301,1420,13.005829561148378
1.0,1660,10656,1.5,0,0,4,7,1180,480,1920,0,47.5391,-122.385,1120,13.190022025878143
2.5,1509,1418,3.0,0,0,3,8,1509,0,2014,0,47.7047,-122.34,1509,12.92391243868049
2.5,3160,5635,2.0,0,0,3,9,3160,0,2003,0,47.5362,-122.067,3670,13.437174117244362
2.25,2000,9000,1.0,0,0,4,8,2000,0,1978,0,47.3125,-122.387,2190,12.672911898413817
3.5,3650,103672,1.0,0,0,3,10,2050,1600,2011,0,47.4002,-122.217,2550,13.42984807715229
1.75,1560,9788,1.0,0,0,3,7,1560,0,1964,0,47.4876,-122.226,1840,12.581078546153629
2.25,1850,7923,1.0,0,0,4,7,1150,700,1977,0,47.7011,-122.171,1780,13.041153321978786
1.75,1800,9000,1.0,0,0,3,7,1200,600,1961,0,47.4932,-122.278,980,12.456831363877356
2.25,2540,7216,2.0,0,0,3,8,2540,0,1991,0,47.2906,-122.349,2140,12.487485104968359
3.0,3690,9892,2.0,0,0,3,10,3690,0,1998,0,47.5937,-121.982,3430,13.670484785914017
2.0,1810,10860,1.0,0,0,3,7,1810,0,1967,0,47.6393,-121.967,1420,12.917673504748366
2.5,2790,5602,2.0,0,0,3,8,2790,0,2009,0,47.4959,-122.15,2790,13.132313708257497
2.5,1710,3469,2.0,0,0,3,8,1710,0,1999,0,47.546,-122.011,2120,13.169723948764167
1.5,1350,9315,1.0,0,0,3,7,1350,0,1968,0,47.6587,-122.124,1840,13.122263372403996
2.5,2700,7434,2.0,0,0,3,9,2700,0,1991,0,47.7434,-122.174,2660,13.17115354157376
2.0,1230,11413,1.0,0,0,3,7,990,240,1984,0,47.6321,-122.034,1570,12.89921982609012
2.5,2950,72309,2.0,0,0,3,8,2950,0,2006,0,47.4186,-122.079,1480,13.303016877097587
2.5,2670,8765,2.0,0,0,3,9,2670,0,2006,0,47.4876,-122.146,2880,13.151922179645874
2.5,2310,3313,2.0,0,0,3,9,2310,0,2006,0,47.6318,-122.365,2700,14.03705282791151
2.25,1880,10880,1.0,0,0,3,8,1480,400,1975,0,47.5937,-122.116,2120,13.19170285548294
1.75,1550,9899,1.0,0,0,4,7,1550,0,1967,0,47.3583,-122.183,1500,12.345399710751273
2.5,2120,6602,2.0,0,0,4,8,2120,0,1989,0,47.5669,-122.012,2330,13.268280252304484
1.0,1540,7350,1.0,0,0,4,6,770,770,1969,0,47.3318,-122.34,910,11.982929094215963
1.0,1520,4700,2.0,0,0,4,7,1520,0,1978,0,47.3187,-122.182,1140,12.254862809699606
1.75,1400,6300,1.0,0,0,3,7,1400,0,1998,0,47.2074,-122.001,1400,12.367340793126296
2.5,2070,8400,2.0,0,0,4,8,2070,0,1990,0,47.3099,-122.206,2070,12.429216196844383
2.5,2500,7746,2.0,0,0,4,10,1910,590,1993,0,47.6393,-122.311,2480,13.704578997256993
1.0,1100,17817,1.0,0,0,3,7,620,480,1980,0,47.7728,-121.9,1790,12.691580461311874
1.75,1820,8028,1.0,0,0,3,7,1220,600,1980,0,47.7466,-122.355,1940,12.871334622600584
3.5,3710,10400,2.0,0,0,3,8,2290,1420,2002,0,47.5041,-122.186,1720,13.222208712374044
3.0,1950,1983,3.0,0,0,3,9,1610,340,2009,0,47.6078,-122.202,2040,13.573438996764546
1.5,1300,1229,2.0,0,0,3,8,1160,140,2000,0,47.6727,-122.375,1430,13.085699393032737
1.5,1200,1848,2.0,0,0,3,8,1200,0,1966,0,47.4658,-122.191,1270,12.128111104060462
2.25,1670,7881,1.0,0,0,4,7,1190,480,1977,0,47.4105,-122.18,1870,12.437184366493561
2.25,1620,7350,1.0,0,0,3,7,1170,450,1969,0,47.7248,-122.179,1800,13.038981768465277
1.0,910,5759,1.0,0,0,3,6,910,0,1951,0,47.7153,-122.284,1520,13.028052697933088
2.5,2650,12001,2.0,0,0,4,9,2650,0,1984,0,47.5496,-122.14,2880,13.676248490630767
2.5,2950,10003,2.0,0,0,3,9,2950,0,2006,0,47.489,-122.14,2790,13.220397117675693
1.5,1140,1069,3.0,0,0,3,8,1140,0,2005,0,47.6907,-122.342,1230,12.899207326011993
2.5,2600,5540,2.0,0,0,3,8,2600,0,2004,0,47.3446,-122.041,2600,12.781280528225432
2.0,1210,6634,1.0,0,0,4,7,1210,0,1985,0,47.4097,-122.193,1560,12.375815420117268
2.0,1460,10311,1.0,0,0,4,7,1460,0,1975,0,47.6771,-122.156,1690,13.02915099568215
1.0,790,7275,1.0,0,0,4,6,790,0,1944,0,47.4771,-122.174,850,11.918390573078392
1.0,890,6000,1.0,0,0,3,6,890,0,1941,0,47.5437,-122.281,1090,12.718896271958837
1.75,1570,2600,1.5,0,0,4,8,1570,0,1931,0,47.6867,-122.37,1490,13.270783382522602
2.0,1600,7350,1.0,0,0,4,7,1600,0,1979,0,47.6977,-122.126,1600,13.038981768465277
1.75,1410,5000,1.0,0,0,4,7,810,600,1923,0,47.6727,-122.395,1760,13.217673557208654
2.5,2020,4183,2.0,0,0,3,7,2020,0,2012,0,47.3658,-122.017,2030,12.679196402112153
1.0,1140,11480,1.0,0,0,3,6,1140,0,1907,0,47.5328,-122.274,1550,13.028052697933088
2.5,1550,930,2.0,0,0,3,8,1060,490,2006,0,47.5857,-122.314,1550,13.005829561148378
1.0,860,1800,1.0,0,0,3,7,860,0,1909,0,47.6334,-122.371,2160,12.873902018105829
3.5,4370,37193,2.0,0,3,3,8,2780,1590,1996,0,47.241,-121.979,2860,13.06685066747407
2.25,1960,10139,2.0,0,0,3,8,1960,0,1984,0,47.6481,-122.061,2080,13.312983737012978
1.75,1580,11455,1.0,0,0,4,7,1200,380,1974,0,47.4756,-122.147,1550,12.66032791780777
2.25,2480,12614,1.0,0,0,4,8,1860,620,1979,0,47.7393,-122.2,2470,13.279367126213993
1.75,1660,6000,1.0,0,0,3,7,1160,500,1942,0,47.6624,-122.291,1660,13.089840185698769
1.0,770,8149,1.0,0,0,3,6,770,0,1948,0,47.7458,-122.298,1160,12.531772785169476
2.5,2820,8600,1.0,0,0,5,8,1430,1390,1967,0,47.565,-122.144,2070,13.703326816958322
2.5,1660,2415,2.0,0,0,3,7,1660,0,1983,0,47.3763,-122.148,1740,12.013700752882718
1.0,800,2280,1.0,0,0,5,6,800,0,1946,0,47.6588,-122.362,1310,12.905450375840756
1.75,2030,18295,1.5,0,0,4,7,2030,0,1975,0,47.7326,-122.179,1970,13.108264453024827
1.75,2040,81021,1.0,0,0,3,8,2040,0,1980,0,47.6536,-122.045,2260,13.270783382522602
1.75,2340,10495,1.0,0,0,4,8,2340,0,1967,0,47.5386,-122.226,3120,13.567049198665774
2.75,2750,15450,1.0,0,0,3,8,1800,950,1978,0,47.7749,-122.283,2750,13.329377546788654
2.5,1650,6684,2.0,0,0,3,7,1650,0,1991,0,47.4051,-122.184,1850,12.498742259492994
2.5,1300,812,2.0,0,0,3,8,880,420,2008,0,47.5893,-122.317,1300,12.706696406811568
2.5,2260,5702,2.0,0,0,3,8,2260,0,2002,0,47.3488,-122.151,2450,12.691580461311874
2.5,2390,8102,2.0,0,0,4,8,2390,0,1986,0,47.4378,-122.16,2310,12.84792653170257
2.5,2200,3000,2.0,0,0,3,9,1530,670,2002,0,47.6451,-122.35,2200,13.514405465180353
2.5,2170,4517,2.0,0,0,3,8,2170,0,2002,0,47.4819,-122.14,2610,12.945626198904275
3.0,3790,5001,2.0,0,0,3,10,2810,980,1989,0,47.6035,-122.285,2500,13.968231644981937
1.75,1490,9874,1.0,0,0,4,7,1490,0,1963,0,47.6246,-122.199,2280,13.707925347284336
3.5,4370,8510,2.0,0,1,3,10,3610,760,2003,0,47.5876,-122.204,2960,14.491114756306057
2.0,1830,3600,1.0,0,0,4,7,1230,600,1926,0,47.6359,-122.351,2020,13.623138665316818
3.5,3240,6919,2.0,0,0,3,8,2760,480,2014,0,47.4779,-122.122,2970,13.326112058278232
2.5,2790,230868,2.0,0,0,3,8,2790,0,1989,0,47.7647,-122.019,1590,13.303016877097587
2.25,2180,11100,1.0,0,0,5,8,1700,480,1979,0,47.5162,-122.176,2350,12.936033799212835
1.5,2140,47743,1.5,0,0,3,9,2140,0,1978,0,47.5402,-122.365,1060,13.332219034391603
2.5,2940,156988,2.0,0,2,3,9,1870,1070,1996,0,47.6214,-121.946,2940,13.128345449081877
2.5,2100,3916,2.0,0,0,3,8,2100,0,2009,0,47.4324,-122.185,2100,12.75419405403986
1.0,2000,15900,1.0,0,0,3,6,1000,1000,1948,0,47.4816,-122.233,1760,12.404923504275338
1.5,1490,8475,1.0,0,0,4,7,1490,0,1963,0,47.6571,-122.133,1490,12.929991484756872
1.0,1020,8484,1.0,0,0,3,6,1020,0,1949,0,47.7719,-122.31,1180,12.634603026569334
1.5,1690,9391,1.0,0,0,3,7,1290,400,1960,0,47.7438,-122.329,1780,12.948009990259552
1.0,1040,5060,1.0,0,0,3,7,1040,0,1941,0,47.5636,-122.394,890,13.081541382884074
1.75,1940,15909,1.0,0,0,3,8,970,970,1974,0,47.7578,-122.094,1940,12.834681304952548
2.25,2290,9900,1.0,0,2,4,8,1550,740,1959,0,47.4434,-122.343,2320,13.255144488638146
2.75,2970,36817,2.0,0,0,4,8,2970,0,1978,0,47.7731,-122.139,2730,13.457406021215947
2.0,1640,5014,1.0,0,0,4,7,930,710,1982,0,47.5545,-122.356,1600,12.840000466430148
2.75,2520,5401,1.0,0,0,4,7,1360,1160,1946,0,47.6452,-122.373,1800,13.527828485512494
2.5,2500,51836,1.0,0,0,3,9,1510,990,2013,0,47.4694,-121.989,2270,13.38472764187182
3.0,2470,7410,2.0,0,0,5,8,1860,610,1977,0,47.6937,-122.392,2390,13.60602333309755
2.75,2670,3738,1.0,0,0,3,10,1720,950,2013,0,47.5299,-122.203,2610,13.590865880523797
2.0,2240,4508,1.0,0,2,4,8,1340,900,1926,0,47.5096,-122.25,1930,13.051940913107783
2.75,3130,139392,2.0,0,0,4,9,3130,0,1981,0,47.3535,-122.19,2720,13.244581010128577
2.0,1420,5185,1.0,0,0,3,7,1420,0,2004,0,47.3543,-122.022,2140,12.721885810807203
1.75,1140,8263,1.0,0,0,5,7,1140,0,1950,0,47.7407,-122.327,1140,12.644327576461329
1.5,1270,7128,1.0,0,0,4,6,1270,0,1954,0,47.422,-122.321,1270,12.266697267346608
1.0,1330,20562,1.5,0,0,3,5,1330,0,1959,0,47.4807,-121.775,1350,12.542544882151386
1.75,1650,7276,1.0,0,0,3,7,1010,640,1977,0,47.7721,-122.206,1840,13.060487973686241
2.0,1820,1358,3.0,0,0,3,9,1820,0,2014,0,47.5433,-122.376,1710,13.081437210791684
1.0,2360,105850,1.0,0,2,2,6,1180,1180,1947,0,47.2495,-121.97,2640,12.821258284620408
1.0,790,8250,1.0,0,0,3,6,790,0,1947,0,47.4523,-122.286,900,11.608235644774552
2.75,2620,6019,2.0,0,0,3,8,2620,0,2013,0,47.484,-121.771,2790,13.121224729390656
1.75,2190,8400,2.0,0,0,2,8,2190,0,1978,0,47.3003,-122.373,2410,12.56374708980199
2.5,2320,5663,2.0,0,0,3,8,2320,0,2003,0,47.539,-122.07,2500,13.286181462633724
1.75,1470,8645,1.0,0,0,3,6,1470,0,1949,0,47.7524,-122.323,1470,12.765688433465597
3.0,2010,8171,2.0,0,0,3,8,2010,0,1973,0,47.7688,-122.218,2090,12.980799813082541
1.0,1270,7500,1.0,0,0,3,6,1270,0,1954,0,47.4214,-122.316,1250,12.190451264627217
2.0,1730,6784,2.5,0,0,4,7,1730,0,1942,0,47.6462,-122.403,1210,13.423948355025102
1.75,1830,7600,2.0,0,0,3,7,1490,340,1947,0,47.5317,-122.351,1300,12.553202176625375
2.5,2090,6000,1.5,0,0,4,9,2090,0,1928,0,47.6567,-122.281,2730,14.126664986601197
1.75,2650,5512,2.0,0,0,3,9,2250,400,1984,0,47.6265,-122.295,1440,13.864300722133706
2.5,2390,1984,2.0,0,0,3,8,2220,170,2008,0,47.5405,-122.027,2150,13.353157587649061
1.5,1120,1024,2.0,0,0,3,8,1120,0,1970,1998,47.6175,-122.298,1120,12.994530005894443
2.5,1710,3500,2.0,0,0,3,7,1710,0,2014,0,47.3448,-122.217,1710,12.55284875728966
3.25,1380,1120,3.0,0,0,3,8,1380,0,2008,0,47.6617,-122.349,1310,13.085699393032737
2.5,1860,3840,1.5,0,0,3,7,1170,690,1928,2014,47.6886,-122.359,1400,13.480037821676145
2.5,1360,3188,2.0,0,0,3,7,1360,0,1986,0,47.6831,-122.096,1090,12.946818804889398
3.25,3730,13264,2.0,0,0,3,9,3730,0,1989,0,47.7246,-122.059,3730,13.883169206438088
2.5,2750,10000,1.0,0,3,3,8,1650,1100,1967,0,47.5644,-122.153,2490,13.704578997256993
3.0,2100,7715,1.0,0,0,3,7,1250,850,2013,0,47.4866,-122.319,2100,12.706847933442663
2.0,2520,3959,1.0,0,0,5,8,1270,1250,1931,0,47.6693,-122.289,1660,13.665849783409868
1.0,1700,7700,1.0,0,0,3,7,1120,580,1960,0,47.5114,-122.318,1700,12.429216196844383
2.25,1060,925,2.0,0,0,3,8,980,80,2006,0,47.6386,-122.388,1020,13.071070083016778
2.0,1300,3608,1.0,0,0,3,7,1300,0,2004,0,47.3623,-122.309,1510,12.345834587905333
2.75,2480,3240,1.5,0,0,3,9,1890,590,1929,0,47.6399,-122.311,2160,13.444446876573442
4.25,4470,5884,2.0,0,1,3,11,3230,1240,2010,0,47.6387,-122.405,2570,14.897315728316002
2.5,2830,10954,2.0,0,0,3,8,2830,0,2003,0,47.5396,-121.882,2470,13.251635713108469
2.5,1150,1194,2.0,0,0,3,8,1020,130,2006,0,47.6684,-122.365,1450,13.023537023097434
2.5,1750,7490,1.0,0,0,4,7,1180,570,1979,0,47.3746,-122.149,1570,12.323855681186558
3.5,2100,12384,2.0,0,0,3,9,2100,0,1980,0,47.4687,-122.263,2400,12.782686009834167
1.75,1650,7700,1.0,0,0,4,8,1650,0,1977,0,47.3155,-122.365,2020,12.524526376648708
1.0,1010,5864,1.0,0,0,3,7,1010,0,1915,0,47.5733,-122.381,1290,12.959844447906553
1.0,780,6727,1.0,0,0,3,6,780,0,1939,0,47.4733,-122.281,1860,12.309982108920686
1.0,1610,58370,1.0,0,0,3,7,1610,0,1978,0,47.6718,-122.044,2510,13.287877815881902
1.5,1320,8114,1.0,0,0,3,8,1320,0,1951,0,47.5827,-122.195,2110,13.38472764187182
1.75,2060,4080,1.5,0,0,3,7,1460,600,1922,1996,47.6698,-122.325,1620,13.239257128875828
1.5,1140,3104,2.0,0,0,3,7,1140,0,1988,0,47.5707,-122.018,1150,12.644327576461329
1.0,1050,7500,1.0,0,0,3,6,1050,0,1900,0,47.5473,-122.396,1380,12.994530005894443
2.0,3210,8400,1.5,0,0,5,7,2040,1170,1914,0,47.5322,-122.391,2540,13.53639171617298
2.25,2420,36680,2.0,0,0,4,8,2420,0,1977,0,47.4663,-122.006,2410,13.122363377404328
2.5,3250,8970,2.0,0,0,3,10,3250,0,1994,0,47.5862,-122.037,3240,13.581685158303204
1.0,720,4120,1.0,0,0,5,5,720,0,1915,0,47.303,-122.217,940,11.918390573078392
1.0,700,13500,1.0,0,0,3,4,700,0,1920,0,47.3882,-122.208,1600,11.931635799828413
2.5,2056,3564,2.0,0,0,3,7,2056,0,2014,0,47.338,-122.181,2056,12.621488084491506
2.25,2760,10160,1.0,0,0,3,8,2760,0,1969,0,47.4504,-122.15,2760,12.724866438945341
3.0,2350,9952,1.0,0,0,3,9,1650,700,1989,0,47.4194,-122.211,2440,12.892950213076524
2.5,2380,4950,2.0,0,0,3,8,2380,0,2004,0,47.5382,-122.391,1370,13.287877815881902
1.0,1160,7854,1.0,0,0,3,7,1160,0,1960,0,47.7304,-122.308,1300,12.952760593018148
1.75,1970,10800,1.0,0,0,4,7,1300,670,1979,0,47.5107,-122.172,1970,12.765688433465597
2.5,2550,6382,2.0,0,0,3,7,2550,0,2007,0,47.5202,-121.87,2430,13.106233995474446
2.5,2560,4000,2.0,0,0,5,8,1610,950,1929,0,47.6885,-122.386,1760,13.623138665316818
2.25,1358,1204,3.0,0,0,3,7,1358,0,2007,0,47.7054,-122.346,1358,12.666657052859417
2.0,1930,5398,1.0,0,0,3,7,1430,500,1953,0,47.646,-122.363,1910,13.458835614025542
2.25,2100,40510,2.0,0,0,3,10,1320,780,1979,0,47.6154,-122.047,2380,13.17115354157376
2.75,4140,24190,2.0,0,0,3,11,4140,0,2002,0,47.3062,-122.15,3950,13.396200043034057
2.0,1460,7740,1.0,0,0,3,7,1460,0,1968,0,47.3467,-122.306,1540,12.323855681186558
2.5,2170,6000,2.0,0,0,3,7,1630,540,2008,0,47.5589,-122.365,1720,13.005829561148378
3.5,3460,15745,2.0,0,0,3,10,3460,0,1986,0,47.7262,-122.06,3350,13.64709190633931
2.5,2410,15899,2.0,0,3,3,9,2410,0,1990,0,47.6242,-122.04,2360,13.321214236149494
2.0,2230,4800,1.5,0,0,4,7,1290,940,1915,0,47.645,-122.386,1650,13.509664514884822
2.75,1890,3938,2.0,0,0,3,8,1890,0,1999,0,47.5336,-121.867,1890,13.071070083016778
2.5,2990,9413,2.0,0,0,3,10,2990,0,2006,0,47.7341,-122.234,1940,13.3999193535571
2.25,1240,1250,3.0,0,0,3,8,1240,0,2014,0,47.6748,-122.377,1470,13.180537941455402
2.75,2930,7663,2.0,0,0,3,9,2930,0,2013,0,47.5308,-122.184,2750,13.484224848030362
2.75,2930,31411,1.0,0,0,4,9,1520,1410,1975,0,47.5576,-122.186,3070,13.321214236149494
1.0,1660,7650,1.5,0,0,3,7,1350,310,1910,0,47.5576,-122.277,1750,12.429216196844383
2.75,2630,16411,1.0,0,0,4,8,1650,980,1974,0,47.6309,-122.093,2250,13.27594246533263
2.5,2020,7277,2.0,0,0,3,8,2020,0,1993,0,47.4318,-122.19,2820,12.637855061955712
3.25,3430,9870,2.0,0,0,3,9,3430,0,2014,0,47.776,-122.173,3360,13.527821818823604
1.0,910,3880,1.0,0,0,3,7,780,130,1942,0,47.6862,-122.392,1220,13.049792684569493
1.75,1150,9600,1.0,0,0,3,7,1150,0,1979,0,47.4434,-121.774,1520,12.641782404774146
2.5,2700,6769,2.0,0,0,3,9,2700,0,1999,0,47.3753,-122.155,2880,13.060487973686241
2.5,3160,6540,1.0,0,3,3,8,1580,1580,1959,0,47.5037,-122.24,1990,13.021658673282696
2.5,1320,1683,2.0,0,0,3,8,1270,50,2004,0,47.5357,-122.365,1320,12.818551923022664
3.5,3190,4247,2.0,0,0,3,8,2430,760,2013,0,47.7016,-122.103,2580,13.567049198665774
3.25,2230,5460,1.0,0,1,4,8,1430,800,1977,0,47.53,-122.388,2070,13.458764182902971
1.0,780,5300,1.0,0,0,3,6,780,0,1941,0,47.513,-122.354,780,11.77528972943772
3.0,4380,6320,2.0,0,3,5,10,3580,800,1952,0,47.6452,-122.411,3080,14.187074114396758
1.0,830,6017,1.0,0,0,4,6,830,0,1954,0,47.7466,-122.334,1340,12.55183374958996
1.75,2610,5544,1.5,0,0,3,8,1680,930,1934,0,47.684,-122.376,1330,13.527828485512494
2.25,2330,4000,1.5,0,2,5,7,1520,810,1927,0,47.6732,-122.29,1870,13.42984807715229
2.75,3831,13800,2.0,1,4,3,9,3831,0,1959,1980,47.5919,-122.251,3850,14.808762330974558
3.0,2520,5500,1.0,0,0,3,8,1550,970,2004,0,47.4938,-122.255,1700,12.765688433465597
2.75,2810,10300,1.0,0,0,4,9,1810,1000,1978,0,47.5626,-122.149,2710,13.60787119318603
2.5,1450,8064,1.0,0,0,3,8,1450,0,1984,0,47.6256,-122.037,1710,12.89921982609012
1.0,830,9000,1.0,0,0,3,6,830,0,1939,0,47.3813,-122.243,1160,11.350406535472453
1.0,1250,10200,1.0,0,0,3,6,1250,0,1965,0,47.4902,-122.256,1800,12.323855681186558
1.0,1210,9730,1.0,0,0,4,7,1210,0,1953,0,47.762,-122.355,1470,12.644327576461329
2.5,2260,5172,2.0,0,0,3,9,2260,0,2004,0,47.7047,-122.128,2680,13.369223455335854
2.5,3160,4270,2.0,0,0,3,8,2650,510,2006,0,47.7453,-122.194,2720,13.226723392728571
1.0,940,1948,1.0,0,0,5,6,940,0,1900,0,47.6733,-122.383,1700,13.219490088135052
2.75,2330,6703,1.5,0,0,3,7,1710,620,1983,0,47.7066,-122.359,2060,13.270783382522602
2.5,3030,13068,2.0,0,0,3,9,3030,0,1978,0,47.6313,-122.172,2940,13.42984807715229
1.0,800,8550,1.0,0,0,3,7,800,0,1947,0,47.4075,-122.294,1490,11.461632170582678
1.0,2430,10720,1.0,0,0,3,7,2430,0,1977,0,47.4895,-121.787,1660,12.821123140353697
2.75,3078,6371,2.0,0,0,3,9,3078,0,2014,0,47.3587,-122.163,1979,13.038873066905303
2.0,1680,5246,1.0,0,0,3,7,1680,0,2007,0,47.5206,-121.868,2430,12.929991484756872
2.75,2900,17802,1.0,0,2,3,9,1750,1150,1981,0,47.7004,-122.229,2900,13.739169324707552
2.5,3220,20251,1.0,0,0,3,10,3220,0,1969,0,47.5692,-122.192,4200,14.68050799545088
2.0,1690,6790,1.0,0,0,3,7,1360,330,1979,0,47.2981,-122.38,1740,12.409013489526863
2.25,2290,9047,2.0,0,0,4,8,2290,0,1984,0,47.5545,-122.163,2120,13.531820506782031
3.25,3160,5000,2.0,0,2,3,10,2180,980,2005,0,47.6464,-122.405,3160,13.771558670435091
1.0,1250,17380,1.0,0,0,4,7,1250,0,1970,0,47.7502,-122.108,1410,12.751299696013497
1.5,1300,8280,1.0,0,0,5,7,1300,0,1956,0,47.7403,-122.256,1570,12.889169490236618
2.25,2140,9377,2.0,0,0,4,8,2140,0,1986,0,47.2649,-122.218,2030,12.683858415217964
0.0,1470,979,3.0,0,2,3,8,1470,0,2006,0,47.7145,-122.356,1470,12.84792653170257
2.5,2480,5137,2.0,0,0,3,9,2480,0,2000,0,47.684,-122.164,2480,13.482831119581757
1.75,2520,4534,1.0,0,0,5,9,1460,1060,1954,0,47.6381,-122.401,1870,13.651814465293484
1.5,1830,4000,1.0,0,0,4,7,1350,480,1910,0,47.6453,-122.371,1570,13.514405465180353
2.0,1230,1613,2.0,0,0,3,8,1010,220,2003,0,47.6661,-122.37,1610,12.994416363073707
3.5,4083,68377,2.0,0,0,3,10,4083,0,2005,0,47.3114,-122.262,2430,13.3645249345543
2.5,2040,109336,1.5,0,0,4,8,2040,0,1973,0,47.4193,-121.958,2370,12.834681304952548
1.75,1560,21000,1.0,0,0,3,7,1560,0,1954,0,47.4776,-122.337,1070,12.556729517143344
2.5,1680,6655,2.0,0,0,3,7,1680,0,2001,0,47.3867,-122.191,1680,12.27092361784979
2.5,1980,4500,2.0,0,0,3,8,1980,0,1989,0,47.579,-122.001,1770,13.210007887256376
3.5,3910,8095,2.0,0,0,3,9,3130,780,2007,0,47.5588,-122.036,3770,13.569610019527449
2.5,2800,5000,2.0,0,0,3,9,2800,0,2006,0,47.3596,-122.036,2960,12.834681304952548
3.0,1500,1473,2.0,0,0,3,8,1120,380,2000,0,47.6063,-122.305,1720,12.9190224533863
2.75,2550,11160,2.0,0,0,3,8,2550,0,1994,0,47.7351,-122.323,1020,12.971540487669746
2.5,2310,6650,2.0,0,2,3,8,2310,0,2012,0,47.4513,-122.267,1800,12.952760593018148
1.0,1060,16988,1.0,0,0,3,6,1060,0,1954,0,47.4305,-122.157,2320,11.929000752190408
2.5,2280,42077,2.0,0,0,3,8,2280,0,1994,0,47.3424,-122.077,2280,13.005829561148378
2.0,1400,8640,1.0,0,0,5,7,1400,0,1968,0,47.3182,-122.319,1270,12.442724546869176
2.5,2560,5672,2.0,0,1,3,8,2560,0,2005,0,47.5222,-122.201,2190,13.15773052124162
2.5,2390,8775,1.0,0,0,4,7,1270,1120,1980,0,47.4639,-122.17,1800,12.788288265382837
2.0,1600,4510,1.0,0,0,3,7,990,610,1978,0,47.6939,-122.34,1580,13.142166004700508
1.0,1010,6000,1.0,0,0,4,6,1010,0,1944,0,47.771,-122.353,1610,12.2783933071098
2.25,1240,705,2.0,0,0,3,7,1150,90,2009,0,47.5321,-122.073,1240,12.772803064351004
2.0,2420,38781,1.0,0,0,5,7,1210,1210,1949,0,47.4511,-121.976,2650,12.765402678355779
2.0,1340,5670,2.0,0,0,3,6,1340,0,1994,0,47.4498,-122.194,1290,12.437184366493561
2.5,3520,7815,2.0,0,3,3,10,3140,380,1929,0,47.6429,-122.412,2790,14.151982794585487
1.0,890,3060,1.0,0,0,3,7,770,120,1910,0,47.6663,-122.326,1760,13.203021280421783
3.25,5480,57990,2.0,1,4,3,11,5480,0,1991,0,47.4558,-122.371,2500,14.735793311107967
3.25,3780,10099,1.0,0,1,3,11,2240,1540,2006,0,47.5508,-122.192,3120,13.976778705560397
1.0,1980,5000,1.0,0,0,4,7,1090,890,1923,0,47.586,-122.295,1720,13.115846186576064
2.25,2370,9619,1.0,0,0,4,8,1650,720,1973,0,47.6366,-122.099,1960,13.522480879185897
3.5,3560,6562,2.0,0,0,3,10,3560,0,2014,0,47.5929,-121.974,3710,13.691069154493656
2.25,4370,22863,2.5,0,3,4,10,3670,700,1907,1994,47.6878,-122.215,2980,14.669925886120343
3.25,3030,5600,2.0,0,2,3,9,2220,810,1905,2005,47.5978,-122.292,2040,14.01436141670944
1.75,2180,4066,1.5,0,0,3,6,1270,910,1911,0,47.5487,-122.277,1400,12.721587258782296
1.0,1250,5880,1.0,0,0,3,6,900,350,1948,0,47.6908,-122.391,1520,12.959844447906553
1.75,2840,9800,1.0,0,0,4,7,1420,1420,1977,0,47.3516,-122.119,1650,12.506177237980511
2.5,2280,7568,2.0,0,0,4,7,2280,0,2001,0,47.5115,-122.194,2280,12.978493006984626
3.0,2230,52983,2.0,0,0,3,8,2230,0,1991,0,47.3577,-122.195,2060,13.038981768465277
1.0,1230,7492,1.0,0,0,3,7,1230,0,1955,0,47.7633,-122.315,1710,12.676076274775909
1.75,1560,4500,1.0,0,0,3,8,1560,0,2004,0,47.7128,-122.032,1860,13.269057756555132
2.75,2600,36583,1.0,0,0,5,8,1580,1020,1976,0,47.593,-122.054,2300,13.321214236149494
1.75,1760,11180,1.0,0,0,4,8,1760,0,1968,0,47.4715,-122.118,1730,12.676076274775909
1.0,1810,7200,1.0,0,0,4,7,1130,680,1954,0,47.7493,-122.351,1810,12.973863369085885
2.0,2280,6815,1.0,0,0,3,8,2280,0,2002,0,47.7103,-122.027,2280,13.635187003832993
2.75,2600,6050,2.0,0,0,5,8,1960,640,1949,0,47.5656,-122.4,1990,13.527761816623505
3.0,2100,9752,1.0,0,0,3,8,1200,900,2007,0,47.3341,-122.304,1270,12.606357693596795
2.5,1530,1116,2.5,0,0,3,7,1530,0,2005,0,47.7385,-122.25,1530,12.449018824140563
1.75,2390,11242,1.0,0,0,3,7,1290,1100,1959,0,47.7759,-122.272,2270,12.948009990259552
2.75,2910,9480,1.5,0,0,3,8,2910,0,1939,0,47.6552,-122.278,2940,13.997832114758229
2.25,1800,6680,2.0,0,0,3,8,1800,0,1983,0,47.7293,-122.223,1630,12.985397522331171
1.0,1040,5527,1.0,0,0,3,7,1040,0,1951,0,47.6774,-122.284,2080,13.190022025878143
2.5,2210,5002,1.0,0,0,3,7,1370,840,1977,0,47.6637,-122.401,1970,13.504900980868788
2.5,2650,5706,2.0,0,0,3,9,2650,0,2005,0,47.3515,-122.164,2760,12.821258284620408
2.5,2180,4000,2.0,0,0,3,8,2180,0,1920,2005,47.6186,-122.288,2660,13.623138665316818
2.5,2370,3239,2.0,0,0,3,8,1950,420,2006,0,47.7515,-122.174,2520,13.071070083016778
2.25,2630,39000,2.0,0,0,3,9,2630,0,1979,0,47.4089,-122.149,2270,13.025852477023484
1.0,820,288367,1.0,0,0,3,6,820,0,1930,1986,47.4196,-122.165,1580,12.594730635321957
1.0,1190,8450,1.0,0,0,5,6,1190,0,1961,0,47.4807,-122.157,1660,12.674512552799726
1.5,1170,11530,1.0,0,0,3,7,1170,0,1960,0,47.4211,-122.29,1550,12.415117272464881
2.5,1280,819,2.0,0,0,3,8,1060,220,2006,0,47.6905,-122.364,1290,12.675920012567607
3.0,3190,7081,1.0,0,2,3,9,1890,1300,2013,0,47.509,-122.24,2270,13.40746712884131
1.0,1290,1289,2.0,0,0,3,7,1030,260,2005,0,47.6006,-122.305,1290,12.996800154428984
2.25,2620,8100,1.0,0,0,4,7,1550,1070,1964,0,47.4564,-122.351,1650,12.793859310432293
2.5,2530,10155,2.0,0,0,3,8,2530,0,1998,0,47.351,-122.146,2330,12.765688433465597
1.0,730,5005,1.0,0,0,4,5,730,0,1945,0,47.6992,-122.364,1630,12.634440146855642
4.5,3890,5906,2.0,0,3,3,11,3060,830,2004,0,47.5426,-121.995,4170,13.785051350479566
2.25,2420,15482,2.0,0,0,4,8,2420,0,1925,1997,47.5907,-122.196,2870,13.790192749979985
2.5,1950,3225,2.0,0,0,3,7,1950,0,2002,0,47.5014,-122.226,1980,12.66032791780777
2.5,3001,5710,2.0,0,0,3,8,3001,0,2006,0,47.3727,-122.177,2340,12.829333698625952
2.25,2270,12000,1.0,0,0,4,7,1360,910,1979,0,47.7559,-122.148,2500,12.948009990259552
2.75,2750,18029,1.0,0,2,5,9,1810,940,1978,0,47.5617,-122.134,2850,13.764217263576723
2.0,1850,16535,1.0,0,0,3,7,1850,0,1992,0,47.6565,-121.912,1528,12.487485104968359
2.5,2410,7500,1.0,0,0,3,7,1550,860,1978,0,47.3078,-122.374,1840,12.567237494741757
2.25,1910,35015,1.0,0,0,4,8,1430,480,1977,0,47.4672,-122.006,2340,13.184398768323781
2.0,1580,4800,1.5,0,2,3,7,1580,0,1912,0,47.5454,-122.383,1580,13.231235719375272
3.25,3100,3900,2.0,0,2,5,9,2090,1010,1923,0,47.6385,-122.348,2110,14.187074114396758
1.5,1330,5750,1.5,0,2,3,7,1330,0,1915,0,47.5681,-122.384,1360,13.122363377404328
1.5,1630,16170,1.0,0,0,3,7,1630,0,1988,0,47.7104,-122.235,1630,12.834681304952548
2.5,1760,10200,1.5,0,0,3,6,1760,0,1925,0,47.5271,-122.351,1370,12.301382825334498
2.0,1440,7008,1.0,0,0,3,7,1440,0,1985,0,47.3702,-122.182,1680,12.409013489526863
2.0,1400,7293,1.0,0,0,4,7,1400,0,1963,0,47.586,-122.12,1600,13.145210385474938
2.5,2550,10623,2.0,0,0,3,9,2550,0,1992,0,47.5695,-121.992,2750,13.32530422140102
3.25,3130,9302,2.0,0,0,3,8,2190,940,1987,0,47.3078,-122.338,2350,12.644327576461329
2.0,1540,7210,2.0,0,0,4,7,1540,0,1984,0,47.3128,-122.351,1500,12.437184366493561
1.75,1560,4290,2.0,0,0,3,7,1560,0,1994,0,47.5292,-122.323,1250,12.506177237980511
2.0,1300,7054,1.0,0,0,3,7,1300,0,1950,2013,47.5071,-122.369,1560,12.65075846679162
3.5,3560,4951,2.0,0,0,3,9,3560,0,2014,0,47.6178,-122.055,3540,13.735119039463314
2.5,4200,35267,2.0,0,0,3,11,4200,0,1990,0,47.7108,-122.071,3540,13.892471599100402
3.5,3110,108464,2.0,0,2,4,8,3110,0,1979,0,47.592,-122.018,2340,13.681979165339751
2.5,3240,108366,2.0,0,0,4,10,3240,0,1991,0,47.327,-122.094,2090,13.386264921190707
3.25,4130,7197,2.0,0,0,3,10,4130,0,2012,0,47.6022,-122.06,3730,13.81049801614073
2.0,2270,5760,2.0,0,0,4,8,2270,0,1909,0,47.5809,-122.39,1420,13.49385796594134
2.5,2250,14440,1.0,0,0,3,7,1550,700,1967,0,47.5221,-122.045,2090,13.115338762467365
2.5,1870,4046,2.0,0,0,3,7,1870,0,2007,0,47.342,-122.059,2130,12.421184025147118
1.0,1910,8167,1.0,0,0,4,8,1270,640,1951,0,47.7004,-122.368,1500,13.284482226880764
2.5,1910,5000,2.0,0,0,3,7,1910,0,2005,0,47.3608,-122.036,2020,12.603169503967822
1.5,1590,8911,1.0,0,0,3,7,1590,0,1956,0,47.7394,-122.252,1590,12.611537753638338
2.5,1570,2577,2.0,0,0,3,7,1570,0,2005,0,47.7456,-121.984,1970,12.611371073081239
2.25,2200,8292,2.0,0,0,3,7,2200,0,1990,0,47.7456,-122.315,1090,12.92391243868049
5.5,7080,16573,2.0,0,0,3,12,5760,1320,2008,0,47.6151,-122.224,3140,15.201804919084164
1.75,1490,5000,1.0,0,1,3,8,1250,240,1954,0,47.5257,-122.392,1980,13.244581010128577
2.5,2240,8664,1.0,0,0,5,8,1470,770,1975,0,47.6621,-122.189,2210,13.579788224443204
2.5,1570,1268,3.0,0,0,3,7,1570,0,2007,0,47.534,-122.365,1570,12.247214588861349
1.0,1360,13000,1.0,0,0,5,6,1360,0,1945,0,47.3359,-122.033,1890,13.353475098367715
2.5,1470,1779,2.0,0,0,3,8,1160,310,2005,0,47.5472,-121.998,1470,12.847321085298983
1.0,1260,7250,1.0,0,2,3,7,960,300,1940,0,47.6947,-122.311,1540,13.091904169919621
1.5,1090,4000,1.0,0,0,3,8,970,120,1951,0,47.5798,-122.393,1700,13.038981768465277
0.75,1300,72309,1.0,0,0,3,6,680,620,1950,1987,47.567,-122.124,3080,12.419165860990882
1.75,2520,5043,1.0,0,0,3,8,1260,1260,1957,0,47.5339,-122.372,1360,12.969212197910155
1.0,1620,10610,1.0,0,0,4,6,1620,0,1958,0,47.474,-122.125,1680,12.751299696013497
2.75,2790,4807,1.5,0,0,4,7,2140,650,1949,0,47.3098,-122.223,1056,12.570715759118084
1.75,1720,7200,1.0,0,0,3,7,1220,500,1974,0,47.306,-122.375,1790,11.993498045565198
1.5,1690,9708,1.5,0,0,5,7,1690,0,1954,0,47.5732,-122.136,1570,12.971540487669746
1.75,1470,6018,1.0,0,0,3,8,1470,0,1987,0,47.6171,-122.044,1720,13.079455876393052
2.25,1640,2128,2.0,0,0,4,8,1640,0,1974,0,47.753,-122.252,1640,12.921470435024938
3.25,1980,9988,1.0,0,0,3,8,1340,640,1980,0,47.6883,-122.111,1980,13.142166004700508
1.5,1300,7632,1.0,0,2,3,7,1300,0,1943,0,47.6134,-122.308,1420,13.527828485512494
1.0,1000,5100,1.0,0,0,3,7,860,140,1946,0,47.6857,-122.293,1000,12.959844447906553
3.5,3290,5880,2.0,0,0,3,9,2670,620,2005,0,47.7067,-122.119,3090,13.544357787463703
2.5,2500,8215,2.0,0,0,3,8,2500,0,1990,0,47.4124,-122.204,2360,12.826649133255284
2.5,3020,7465,2.0,0,0,3,9,3020,0,2004,0,47.5982,-121.98,3100,13.527828485512494
4.5,6380,88714,2.0,0,0,3,12,6380,0,2006,0,47.5592,-122.015,3040,14.415719742864951
3.5,4500,44384,1.0,0,0,3,12,3340,1160,1990,0,47.6323,-122.192,2540,14.498607402670718
2.25,2390,7875,1.0,0,1,3,10,1980,410,1948,0,47.6515,-122.278,3720,13.985253332551368
1.75,1950,19747,1.0,0,0,3,7,1150,800,1979,0,47.7685,-122.162,2560,12.994530005894443
1.5,1320,1250,3.0,0,0,3,8,1320,0,2008,0,47.6536,-122.341,1560,13.270783382522602
2.5,2730,7372,2.0,0,0,3,9,2730,0,1998,0,47.2831,-122.346,2710,12.765688433465597
2.0,1880,7500,1.0,0,0,5,6,980,900,1946,0,47.495,-122.266,1670,12.26434155365415
1.0,990,8840,1.0,0,0,3,6,990,0,1966,0,47.3074,-122.371,1120,12.310432660854417
1.0,1180,13500,1.5,0,0,3,7,1180,0,1950,0,47.7165,-122.308,1580,13.155798153490567
2.0,1440,7641,1.0,0,0,4,5,1440,0,1943,0,47.508,-122.183,1440,11.99535161421452
1.0,1480,6210,1.0,0,0,3,7,1080,400,1950,0,47.774,-122.351,1290,12.7098736543592
1.75,1490,6269,1.0,0,0,4,6,990,500,1944,0,47.4917,-122.188,1490,12.328290278254423
1.75,1730,8073,1.0,0,0,3,8,1350,380,1971,0,47.7694,-122.367,2500,13.049792684569493
1.0,630,1362,1.0,0,0,3,7,630,0,1943,0,47.6342,-122.342,1090,12.971540487669746
1.0,1590,6240,1.0,0,0,3,7,1060,530,1956,0,47.4936,-122.337,1410,12.341477282536376
3.0,2340,7048,1.0,0,0,4,8,1340,1000,1979,0,47.7306,-122.227,1440,13.091904169919621
2.5,1170,1394,2.0,0,0,3,8,1170,0,2001,0,47.6131,-122.297,1250,12.866179972011919
1.0,1010,8906,1.0,0,0,5,7,1010,0,1968,0,47.3627,-122.108,1150,12.363076394339839
1.5,1600,6180,1.5,0,0,3,6,1600,0,1946,0,47.5681,-122.285,1410,12.959844447906553
1.0,1660,4690,1.5,0,0,3,7,1260,400,1945,0,47.6829,-122.378,1400,13.235692062711331
2.5,1740,4642,2.0,0,0,3,7,1740,0,2012,0,47.3686,-122.117,1950,12.66499952850503
4.0,3460,5400,2.0,0,0,3,10,2830,630,2012,0,47.5201,-122.204,1890,13.795307850646754
1.75,1630,9450,1.0,0,0,4,7,1080,550,1977,0,47.3729,-122.295,1280,12.388394202324129
2.5,3350,11688,1.0,0,2,3,10,1760,1590,1995,0,47.5507,-122.133,4240,13.997832114758229
2.5,1470,3976,2.0,0,0,3,7,1470,0,1999,0,47.526,-121.826,1490,12.727838209334498
1.0,1820,5750,1.0,0,0,3,7,1120,700,1918,0,47.5773,-122.383,1500,13.184398768323781
1.0,820,6250,1.0,0,0,4,5,820,0,1922,0,47.5479,-122.384,1300,12.834681304952548
2.5,1850,1499,2.5,0,0,3,9,1790,60,2005,0,47.6475,-122.396,1770,13.190022025878143
1.0,2300,9583,1.0,0,0,3,6,1220,1080,1928,0,47.5671,-121.89,1200,12.621488084491506
1.75,2950,9025,1.0,0,2,4,8,1780,1170,1975,0,47.7128,-122.223,2120,13.353475098367715
3.5,2650,3060,2.0,0,0,3,9,2060,590,2001,0,47.6735,-122.332,1470,13.82347872761345
1.0,900,2550,1.0,0,0,4,6,900,0,1978,0,47.3036,-122.363,1120,11.80110741246366
1.5,2040,8800,1.0,0,0,4,7,1020,1020,1961,0,47.5965,-122.139,1490,13.142166004700508
4.0,2980,4500,1.5,0,0,3,7,2070,910,1921,0,47.6736,-122.323,1560,13.652991628466498
1.5,1940,4400,1.0,0,0,3,7,970,970,1923,0,47.6371,-122.279,1480,13.579788224443204
2.5,2290,4450,2.0,0,0,3,9,2290,0,2004,0,47.7385,-122.169,2570,13.199324418540456
2.5,2507,18400,2.0,0,0,3,8,2507,0,2006,0,47.2867,-122.27,1520,13.221067790276669
2.5,2110,6360,2.0,0,0,3,8,2110,0,1988,0,47.5641,-122.012,2050,13.321214236149494
2.5,3753,7204,2.0,0,0,3,10,3336,417,2008,0,47.3011,-122.385,3494,12.802158113246987
2.25,3200,3800,2.0,0,0,5,9,2650,550,1914,0,47.638,-122.317,2400,13.81049801614073
1.5,2120,7700,1.5,0,0,5,7,2120,0,1962,0,47.4599,-122.172,1730,12.577636201962656
2.5,3040,34670,2.0,0,0,4,10,3040,0,1983,0,47.7565,-122.129,3480,13.579788224443204
2.75,2450,14803,2.0,0,0,4,9,2450,0,1988,0,47.5261,-122.162,2330,13.336538835312188
1.75,1410,9315,1.0,0,0,5,7,1410,0,1960,0,47.3969,-122.198,1630,12.449018824140563
2.5,2680,8778,2.0,0,0,4,8,2680,0,1977,0,47.5516,-122.161,2680,13.577253368840017
1.75,1240,8936,1.0,0,0,3,7,1240,0,1954,0,47.5738,-122.136,1600,12.71589776896258
1.75,1400,12155,1.0,0,0,4,7,1400,0,1977,0,47.5926,-122.047,2540,13.038981768465277
1.75,1900,36769,1.0,0,0,3,8,1900,0,1987,0,47.3041,-122.066,1950,12.721885810807203
2.75,2860,6000,2.5,0,0,4,8,2380,480,1902,0,47.5906,-122.316,2240,13.527828485512494
1.75,2120,7680,1.0,0,0,4,7,1060,1060,1950,0,47.7172,-122.361,1530,12.846346336483052
2.5,2420,5006,2.0,0,0,3,8,2420,0,2013,0,47.4795,-122.126,2750,13.132313708257497
2.5,2030,9825,1.0,0,0,3,8,1330,700,1985,0,47.6892,-122.3,2180,13.301346032932768
1.0,2180,10617,1.5,0,0,3,7,2180,0,1950,0,47.7522,-122.307,1360,12.791077667470416
2.75,2570,7260,2.0,0,0,3,8,2570,0,1996,0,47.2622,-122.212,2200,12.70381302974751
1.5,1930,3521,2.0,0,0,3,8,1930,0,1989,0,47.6092,-122.146,1840,13.14020329553266
3.5,4420,20759,2.0,0,0,3,11,4420,0,2003,0,47.6354,-122.221,3020,14.660520087833465
3.5,2840,5900,2.0,0,0,3,10,1920,920,1910,2008,47.5543,-122.268,1300,13.801411633584772
2.5,1600,2244,2.0,0,0,3,7,1600,0,2005,0,47.4899,-122.164,1600,12.468436909997665
2.5,2670,5895,2.0,0,0,3,8,2670,0,1999,0,47.6066,-122.016,2820,13.309672475709322
1.0,1130,12212,1.0,0,0,3,6,1130,0,1942,0,47.4952,-122.34,1190,11.747997587149712
2.5,1380,953,3.0,0,0,3,9,1380,0,2006,0,47.6654,-122.355,1430,13.215853720491667
2.5,2100,14395,1.0,0,0,3,7,1140,960,1983,0,47.7723,-122.317,1830,12.948009990259552
1.75,1900,3000,1.5,0,0,5,7,1070,830,1903,0,47.5255,-122.265,1130,12.647548191161372
2.75,2090,23962,2.0,0,3,4,8,2090,0,1988,0,47.4145,-122.44,1820,13.383187995686226
2.5,1730,4408,2.0,0,0,3,8,1730,0,1996,0,47.5683,-122.005,1730,13.005829561148378
1.5,1800,3245,1.5,0,0,4,8,1800,0,1929,0,47.6605,-122.331,1800,13.681979165339751
2.0,2005,7000,1.0,0,0,3,7,1605,400,1980,0,47.6039,-122.298,1750,13.104199406776658
1.0,960,5264,1.0,0,0,3,7,960,0,1953,0,47.6805,-122.301,1140,12.91410843858387
2.25,1050,572,2.0,0,0,3,7,740,310,2006,0,47.5549,-122.363,1260,12.429216196844383
1.75,1790,87213,1.0,0,0,4,7,1790,0,1974,0,47.732,-122.077,3270,13.279367126213993
2.5,1450,8977,1.0,0,0,3,8,1450,0,1990,0,47.2576,-122.214,2410,12.48937011966413
1.0,1330,3740,1.5,0,0,3,6,1330,0,1903,0,47.5502,-122.274,1330,12.644327576461329
2.5,2900,5505,2.0,0,0,3,8,2900,0,2002,0,47.6063,-122.02,2970,13.422467969854667
1.5,1460,8760,1.0,0,0,3,7,1460,0,1958,0,47.4698,-122.36,1610,12.611537753638338
2.5,2540,5001,2.0,0,0,3,9,2540,0,2005,0,47.5423,-122.302,2360,13.096019402064726
2.5,2550,19017,1.0,0,0,4,7,1300,1250,1961,0,47.7682,-122.284,2080,13.038981768465277
1.75,1550,7270,1.5,0,0,5,7,1550,0,1953,0,47.72,-122.317,1050,13.024750548537328
2.5,2518,4663,2.0,0,0,3,8,2518,0,2005,0,47.5894,-122.017,2280,13.373900003219756
2.75,2910,6308,1.0,0,0,3,8,1640,1270,1985,0,47.7352,-122.201,1970,13.17115354157376
3.5,3760,5634,2.0,1,4,3,11,2830,930,2014,0,47.5285,-122.205,3560,14.6175121434363
1.75,1690,8489,1.0,0,0,4,7,1690,0,1959,0,47.6079,-122.192,1850,13.493926933836812
1.75,2320,7700,1.0,0,0,5,7,1290,1030,1962,0,47.3426,-122.285,1740,12.429216196844383
3.75,3830,41263,2.0,0,0,4,11,3830,0,1990,0,47.7237,-122.042,5600,14.038654109278484
1.75,2010,4905,1.0,0,0,5,7,1230,780,1912,0,47.6105,-122.309,2210,13.458835614025542
2.0,2580,15653,1.5,0,0,3,9,2580,0,1990,0,47.4561,-122.361,1920,13.083622549087899
1.75,4060,5500,2.0,0,0,5,9,2660,1400,1924,0,47.6437,-122.321,3320,14.077874822431765
2.75,2500,5568,2.0,0,0,5,9,2500,0,1905,0,47.6258,-122.312,2810,13.985253332551368
2.5,1760,5390,1.0,0,0,3,8,1760,0,2014,0,47.3482,-122.042,2310,12.854470860267865
1.5,1390,1882,2.0,0,0,3,7,1390,0,2014,0,47.5667,-122.297,1490,12.072558395615857
3.5,3500,9523,2.0,0,0,3,10,2460,1040,1996,0,47.6848,-122.208,3160,14.133964289082808
2.5,1660,4083,2.0,0,0,3,7,1660,0,2013,0,47.3595,-122.045,1800,12.556729517143344
3.5,1360,1419,2.0,0,0,3,8,1040,320,2007,0,47.6697,-122.371,1560,13.151922179645874
1.0,1120,45302,1.0,0,2,4,5,1120,0,1932,0,47.5105,-121.77,2150,12.388394202324129
1.0,560,7560,1.0,0,0,3,6,560,0,1944,0,47.5271,-122.375,990,12.428816116823043
3.5,2450,8193,2.0,0,0,3,9,2450,0,2005,0,47.7721,-122.241,2310,13.23560277301084
2.25,2340,13383,1.0,0,0,3,8,1170,1170,1983,0,47.6211,-122.037,1810,13.049792684569493
3.25,3130,12087,2.0,0,0,3,8,2180,950,1975,0,47.5336,-122.052,2410,13.122363377404328
1.75,1840,8086,1.0,0,0,4,8,1840,0,1964,0,47.67,-122.155,1840,13.217673557208654
1.0,1670,8195,1.0,0,0,3,7,1670,0,1954,1975,47.6627,-122.192,1980,13.399995114002609
1.5,1850,6125,1.5,0,0,3,6,1110,740,1945,0,47.5352,-122.37,990,12.899094818276968
2.5,1240,2689,2.0,0,0,3,7,1240,0,1986,0,47.3236,-122.323,1430,12.069680020624618
2.25,1950,7700,1.0,0,0,3,8,1350,600,1979,0,47.4441,-122.125,2150,12.628067055589549
3.0,2490,5706,2.0,0,0,3,9,2490,0,2005,0,47.3509,-122.165,2650,12.821258284620408
4.25,5180,13077,2.0,0,3,3,12,4280,900,1998,0,47.5513,-122.109,5030,14.212943494375175
2.5,2340,11784,2.0,0,0,3,9,2340,0,1997,0,47.384,-122.149,2250,12.706847933442663
3.0,2460,7240,1.0,0,0,3,9,1840,620,1991,0,47.5486,-122.189,2530,13.3645249345543
2.5,2980,18935,1.5,0,0,3,11,2980,0,1990,0,47.7133,-122.079,3670,13.617059619240436
1.75,1300,6318,1.0,0,0,3,7,1300,0,1980,0,47.2752,-122.251,1150,12.196022309676673
3.0,2940,8624,1.0,0,0,3,8,1690,1250,1977,0,47.7555,-122.307,1850,12.948009990259552
2.25,2300,9914,2.0,0,0,4,8,2300,0,1980,0,47.5677,-122.086,2240,13.42984807715229
1.5,1540,11858,1.0,0,0,4,7,1540,0,1966,0,47.4755,-122.157,1550,12.7868906411162
3.5,3190,29982,1.0,0,3,4,8,2630,560,1941,0,47.458,-122.368,2600,13.864300722133706
1.5,830,1276,2.0,0,0,3,7,830,0,2005,0,47.6175,-122.297,1540,12.608198852372823
3.25,4360,210254,1.0,0,0,3,10,2320,2040,2000,0,47.4375,-122.008,2410,13.698976741708323
2.5,1940,5414,2.0,0,0,3,8,1940,0,1997,0,47.5461,-122.299,2050,12.948009990259552
1.0,910,9000,1.0,0,0,4,6,910,0,1983,0,47.4463,-121.771,1410,12.387977448827787
1.5,1580,7350,1.0,0,0,4,7,960,620,1963,0,47.6734,-122.154,1560,13.021437458814368
2.5,2100,8220,1.0,0,0,4,8,1300,800,1975,0,47.6733,-122.145,2160,13.316284070041636
2.75,3410,23000,2.0,0,0,4,10,3410,0,1982,0,47.5559,-122.149,2490,13.676248490630767
1.0,700,2334,1.0,0,0,3,7,700,0,1945,0,47.701,-122.39,2300,12.813117127036707
1.0,1260,6826,1.0,0,0,3,6,720,540,1944,0,47.731,-122.303,1300,12.742566016044742
2.25,1880,6160,2.0,0,0,3,7,1880,0,1993,0,47.3214,-122.347,1580,12.513557345278134
1.0,1140,3750,1.0,0,0,4,7,1140,0,1925,0,47.6619,-122.343,1660,13.155798153490567
2.0,1630,8018,1.0,0,0,3,7,1630,0,2003,0,47.2638,-122.243,1610,12.468436909997665
1.75,1910,8117,1.0,0,0,3,7,1460,450,1975,0,47.7344,-122.173,1810,12.886641043883259
1.0,710,1157,2.0,0,0,4,7,710,0,1943,0,47.6413,-122.329,1370,12.899094818276968
2.25,2960,8330,1.0,0,3,4,10,2260,700,1953,0,47.7035,-122.385,2960,14.097677449727945
1.0,750,8125,1.0,0,0,4,6,750,0,1943,0,47.4727,-122.198,1340,12.47227568630483
3.0,2400,4000,2.0,0,0,3,7,1860,540,1905,0,47.6288,-122.321,1750,13.655341805811453
2.25,2350,36116,1.0,0,0,4,9,2350,0,1983,0,47.3533,-122.082,2580,13.049685151906344
2.75,1970,37026,1.0,0,0,4,8,1970,0,1961,0,47.4375,-122.446,1970,12.886641043883259
1.0,1090,10296,1.0,0,0,4,6,1090,0,1950,0,47.7743,-122.26,1910,12.425208175446844
1.75,2190,8250,1.0,0,2,3,7,1190,1000,1963,0,47.4887,-122.223,2570,12.429216196844383
4.0,4810,18851,2.0,0,3,3,11,4810,0,2007,0,47.6364,-122.214,3970,14.979910587170387
2.5,1310,1294,2.0,0,0,3,8,1180,130,2008,0,47.5773,-122.409,1330,13.071070083016778
2.5,2700,6998,2.0,0,0,3,8,2700,0,2001,0,47.4694,-122.263,2350,12.858298868339832
2.0,1590,87120,1.0,0,3,3,8,1590,0,1998,0,47.2241,-122.072,2780,12.899094818276968
1.75,1630,11800,1.0,0,0,4,7,1630,0,1971,0,47.4863,-121.73,2090,12.542544882151386
1.5,1140,8340,1.0,0,0,3,7,1140,0,1960,0,47.4773,-122.28,1140,12.206072645530174
3.5,3250,4800,2.0,0,0,3,9,2410,840,2010,0,47.5618,-122.362,1330,13.465953081794405
1.75,2340,6750,1.5,0,0,5,7,1620,720,1914,0,47.6956,-122.335,1410,13.37700559577791
1.0,1800,5750,1.0,0,0,3,7,1040,760,1947,0,47.686,-122.395,1320,13.321214236149494
2.0,1540,8316,1.0,0,0,5,6,1540,0,1954,0,47.323,-122.216,1250,12.218495165528731
1.0,1370,6001,1.0,0,0,5,7,1230,140,1944,0,47.5646,-122.317,1370,13.010313873595706
2.5,3110,9015,2.0,0,0,3,9,3110,0,1990,0,47.4369,-122.147,2650,13.091904169919621
1.5,1380,7800,1.0,0,0,3,7,1080,300,1928,0,47.7093,-122.306,1770,13.075271769870477
2.75,3440,8150,2.0,0,0,3,10,3440,0,2014,0,47.5168,-122.189,2560,13.500799813124575
2.0,1220,14645,1.0,0,0,3,6,1220,0,1970,0,47.4842,-122.117,1980,12.66032791780777
1.75,1470,6550,1.0,0,2,3,7,1070,400,1916,0,47.5463,-122.381,1440,13.17115354157376
1.75,1620,7540,1.0,0,0,3,7,1310,310,1988,0,47.3635,-122.052,1580,12.460714863903755
1.75,1780,5175,1.0,0,0,4,7,990,790,1927,0,47.5696,-122.386,1780,13.329377546788654
1.5,1250,219978,1.0,0,0,4,6,1250,0,1980,0,47.4056,-121.955,1930,12.765688433465597
1.0,1070,5750,1.0,0,0,3,6,870,200,1923,0,47.564,-122.379,1270,12.901217828752792
3.5,2620,11148,2.0,0,4,4,9,2060,560,1977,0,47.5845,-122.115,2590,13.652991628466498
2.5,1950,3600,2.0,0,0,3,7,1950,0,2010,0,47.3658,-122.021,1870,12.604848765487542
1.0,1110,9920,1.0,0,0,5,6,700,410,1942,0,47.5454,-122.192,2830,12.745485726148077
1.0,950,13475,1.0,0,0,3,7,950,0,1950,0,47.7543,-122.306,1240,12.628067055589549
1.75,1870,6000,1.0,0,0,5,8,1670,200,1949,0,47.6435,-122.399,1710,13.458835614025542
1.75,1290,1237,2.0,0,0,3,7,1060,230,2008,0,47.54,-122.026,1370,12.573455059362532
2.25,3220,8436,2.0,0,0,3,8,3220,0,1968,0,47.6381,-122.116,2500,13.592367006650065
2.5,2650,7286,2.0,0,0,3,8,2650,0,1990,0,47.5084,-122.154,2400,13.009194679298691
3.0,1970,20978,2.0,1,3,4,9,1770,200,1980,0,47.3844,-122.438,2280,13.465953081794405
1.75,1840,5101,1.0,0,0,5,7,1040,800,1952,0,47.5585,-122.317,1340,12.9280866413911
1.5,1240,5506,1.0,0,0,4,7,1240,0,1971,0,47.5294,-122.285,1670,12.323855681186558
1.0,1370,11584,1.0,0,0,4,6,1370,0,1950,0,47.4224,-122.293,1330,12.378343866470628
2.5,1670,6186,2.0,0,0,3,7,1670,0,2002,0,47.3668,-122.031,2390,12.577463773304586
2.5,2220,6049,2.0,0,0,4,8,2220,0,1990,0,47.3972,-122.182,1980,12.691580461311874
2.5,2640,3680,2.0,0,0,5,8,1760,880,1922,0,47.5771,-122.38,1960,13.687677186454389
2.5,3281,5354,2.0,0,0,3,9,3281,0,2014,0,47.3273,-122.163,2598,13.064384627180477
2.0,2120,2400,1.0,0,0,4,6,1080,1040,1906,0,47.5979,-122.297,1690,12.793859310432293
2.0,1110,8724,1.0,0,0,4,7,1110,0,1990,0,47.3056,-122.206,1390,12.367340793126296
1.75,1530,7930,1.0,0,0,5,7,1530,0,1986,0,47.3609,-122.05,1610,12.502466658583977
2.75,2420,7102,1.0,0,0,5,7,1670,750,1946,0,47.7042,-122.371,1620,13.407542319637992
2.25,2120,15003,2.0,0,0,3,7,2120,0,1984,0,47.4745,-122.12,2070,12.751299696013497
1.75,1340,7380,1.0,0,0,3,6,1340,0,1940,0,47.4785,-122.229,1980,12.165250651009918
1.75,2180,7560,1.0,0,0,4,7,1560,620,1962,0,47.757,-122.336,1810,12.873902018105829
1.75,1580,8856,2.0,0,0,3,7,1580,0,1979,0,47.4694,-121.745,1390,12.464583340681674
1.0,940,12521,1.5,0,0,4,7,940,0,1949,0,47.7169,-122.331,1920,12.971540487669746
2.5,1350,874,3.0,0,0,3,8,1270,80,2006,0,47.549,-122.387,1350,12.87261914429294
2.5,3250,235063,1.0,0,2,3,9,3250,0,1973,0,47.2582,-122.113,1600,12.587927887999204
2.75,2920,9163,1.0,0,0,4,8,1520,1400,1976,0,47.5668,-122.169,2250,13.477937715899028
1.75,1700,8400,1.0,0,0,3,8,1460,240,1947,0,47.6534,-122.415,2010,13.527828485512494
2.0,1200,6074,1.0,0,0,3,7,1200,0,1968,0,47.325,-122.205,1430,12.310432660854417
2.5,2370,10513,2.0,0,0,4,8,2370,0,1987,0,47.6915,-122.099,2110,13.441689455190572
2.5,2529,9653,2.0,0,0,3,7,2529,0,2012,0,47.3738,-122.161,2533,12.823822561617671
1.0,1600,7161,1.0,0,0,3,8,1600,0,1953,0,47.5507,-122.261,1760,13.071070083016778
2.5,2340,7200,1.0,0,0,3,7,1300,1040,1975,0,47.7206,-122.211,1930,13.071070083016778
1.5,760,40039,1.0,0,0,3,6,760,0,1906,0,47.5295,-121.829,980,12.154779351142624
2.0,1920,4822,1.0,0,0,2,6,920,1000,1914,0,47.5507,-122.381,1120,12.206072645530174
1.0,880,9238,1.5,0,0,5,6,880,0,1946,0,47.7494,-122.319,1170,12.582795284772684
2.5,1870,5449,2.0,0,0,3,8,1870,0,2003,0,47.7557,-122.22,2000,13.007692992420726
2.25,2670,150270,2.0,0,0,3,9,2670,0,1985,0,47.7601,-122.134,3080,13.670484785914017
1.5,1950,4473,1.0,0,0,4,6,1530,420,1914,0,47.7094,-122.228,2670,12.89921982609012
1.0,1150,5100,2.0,0,0,3,8,1150,0,1911,2005,47.5349,-122.384,1440,13.122363377404328
3.5,4210,10308,2.0,0,0,3,10,4210,0,2006,0,47.5905,-122.117,3860,13.952486012991352
2.5,2680,5539,2.0,0,0,3,8,2680,0,2013,0,47.4759,-121.734,2680,13.126355398673866
3.5,2390,6600,2.0,0,0,5,7,2390,0,1977,0,47.3737,-122.115,1140,12.496874845318198
1.75,1590,11276,1.0,0,0,4,7,1590,0,1972,0,47.3177,-122.21,1750,12.326075437924871
2.5,1950,4947,2.0,0,0,3,8,1950,0,2000,0,47.5042,-122.193,1760,13.017000639521811
4.5,3810,8019,2.0,0,0,3,10,3810,0,2008,0,47.5915,-122.058,3390,13.780919113194654
2.25,1260,1488,3.0,0,0,3,7,1260,0,2009,0,47.7071,-122.336,1190,12.524526376648708
1.5,1460,9908,1.0,0,0,3,7,1460,0,1952,0,47.4275,-122.331,1420,12.644327576461329
1.0,970,3279,2.0,0,0,3,7,790,180,2007,0,47.5469,-122.383,1150,12.621025931510646
1.0,700,7457,1.0,0,0,3,6,700,0,1943,0,47.5348,-122.295,1500,12.886641043883259
2.5,2680,4499,2.0,0,0,3,9,2680,0,1999,0,47.565,-122.125,2920,13.601202855312463
2.5,1320,2614,2.0,0,0,3,7,1320,0,2005,0,47.5355,-122.283,1320,12.611537753638338
2.0,1720,15000,1.0,0,0,3,9,1720,0,2011,0,47.6927,-121.92,1900,12.996800154428984
1.0,1270,3840,1.5,0,0,3,7,1270,0,1926,0,47.6896,-122.357,1270,13.199324418540456
1.75,1340,6300,1.0,0,0,3,7,1340,0,1972,0,47.7186,-122.218,1780,12.777052192115912
2.0,1040,4750,1.0,0,0,2,6,850,190,1950,0,47.5293,-122.272,1350,11.982929094215963
2.75,2440,69415,1.0,0,0,4,8,1910,530,1989,0,47.5944,-122.042,2770,13.573438996764546
2.5,2370,16455,1.0,0,0,5,7,1640,730,1959,0,47.7634,-122.277,2170,13.199324418540456
1.0,920,5120,1.0,0,0,5,7,920,0,1952,0,47.5569,-122.394,1190,12.89921982609012
1.5,1900,10226,1.0,0,0,3,7,1130,770,1961,0,47.7226,-122.227,1690,12.936033799212835
3.0,2980,7200,1.5,0,2,3,8,2980,0,1911,0,47.6366,-122.362,1720,14.087825153284934
2.75,1100,1088,2.0,0,0,3,7,750,350,2006,0,47.6405,-122.324,2090,12.994530005894443
2.25,1840,7326,1.0,0,0,5,7,1370,470,1979,0,47.3958,-122.168,2050,12.676045024287617
2.5,1900,6224,2.0,0,0,3,7,1900,0,2005,0,47.5941,-122.004,2260,13.19188944005294
2.75,2160,4205,1.0,0,3,3,7,1080,1080,1969,0,47.7081,-122.276,2450,13.287877815881902
1.75,1660,4800,2.0,0,0,3,7,1660,0,1906,2014,47.6296,-122.308,1660,13.345506928718539
2.25,1720,9000,1.0,0,0,4,8,1320,400,1969,0,47.3191,-122.383,1930,12.522706539931722
1.5,1120,6900,1.0,0,0,5,7,1120,0,1956,0,47.6023,-122.132,1300,12.994075357102798
2.25,1280,1187,2.0,0,0,3,8,1080,200,2008,0,47.6651,-122.368,1280,13.197470849891134
1.5,1440,12040,1.0,0,0,4,7,1440,0,1959,0,47.3715,-122.16,1720,12.443119102013375
2.5,3880,5700,2.0,0,0,3,7,3880,0,2003,0,47.6816,-122.038,2620,13.36138027787483
2.0,1690,10062,1.0,0,2,5,7,940,750,1928,0,47.5102,-122.241,2390,12.783247649837698
2.0,1530,5401,1.0,0,0,4,7,1530,0,1937,0,47.686,-122.304,1640,13.253391639810733
1.5,2700,24539,2.0,0,0,3,7,2120,580,1977,2014,47.7348,-121.984,1830,13.171058298943088
2.75,3950,10214,1.0,0,3,3,10,2050,1900,1955,0,47.6969,-122.384,3130,13.710150042306449
3.25,3360,6120,2.0,0,0,3,9,3360,0,2014,0,47.607,-122.053,3230,13.62917495565825
2.5,3180,9603,2.0,0,2,3,9,3180,0,2002,0,47.7717,-122.277,2440,13.567049198665774
1.0,1320,5000,1.0,0,0,4,7,1090,230,1920,0,47.6674,-122.365,1700,13.294634598344782
3.5,3240,23522,2.0,0,0,3,10,2130,1110,1992,0,47.3388,-122.033,3180,13.712923969189173
2.75,2540,4694,2.0,0,0,3,9,2540,0,2005,0,47.6214,-122.024,2600,13.45166712454693
1.75,2610,117176,1.0,0,0,3,7,1390,1220,1981,0,47.2585,-121.925,2140,12.842649474601725
2.75,3100,14568,2.0,0,0,3,8,3100,0,1995,0,47.7302,-121.974,2860,13.243695662571854
1.75,1480,6800,1.0,0,0,4,7,1480,0,1968,0,47.4633,-122.188,1500,12.66032791780777
2.75,2660,8400,1.0,0,0,5,8,1550,1110,1962,0,47.549,-122.173,2280,13.310501319519723
1.0,1120,5650,1.0,0,1,3,6,720,400,1904,0,47.5155,-122.255,2160,12.409013489526863
4.75,3830,35000,1.0,0,0,3,8,2130,1700,1976,0,47.7597,-122.079,2750,13.081541382884074
1.75,2040,114562,1.0,0,0,4,7,2040,0,1968,0,47.4985,-122.092,1850,13.120361374733656
2.0,1510,3961,1.0,0,0,3,8,1510,0,2010,0,47.709,-122.018,1510,13.091904169919621
1.75,2110,265716,1.0,0,0,4,8,2110,0,1979,0,47.657,-122.026,2110,13.249876697703288
1.0,840,8400,1.0,0,0,3,6,840,0,1959,0,47.3277,-122.343,840,11.56171562913966
1.5,1820,7800,1.0,0,0,4,7,1240,580,1956,0,47.7513,-122.357,1400,13.038981768465277
2.0,1250,7543,1.0,0,0,3,7,1250,0,1962,0,47.4051,-122.296,1250,12.0015054797889
2.0,1750,5750,1.0,0,2,5,7,870,880,1956,0,47.5579,-122.384,1750,13.262125319779487
2.0,1600,10160,1.0,0,0,4,7,1600,0,1972,0,47.2015,-122.003,1540,12.487485104968359
1.75,2100,11942,1.0,0,0,3,7,1030,1070,1964,0,47.55,-122.356,1170,12.815838217151068
2.75,2530,17856,2.0,0,0,3,8,2530,0,1998,0,47.7356,-121.959,2530,13.17115354157376
2.75,2260,5705,2.0,0,0,3,8,2260,0,2014,0,47.3726,-122.159,2260,12.793720411897448
2.5,3040,9606,2.0,0,0,3,7,3040,0,2003,0,47.6884,-122.044,1690,13.337474757021274
1.0,790,13062,1.0,0,0,3,6,790,0,1942,0,47.4919,-122.311,1240,11.813030057420567
1.75,1240,10361,1.0,0,0,3,6,1240,0,1987,0,47.37,-122.151,1240,12.165250651009918
1.75,1670,4200,2.0,0,0,3,7,1670,0,1912,0,47.5862,-122.387,1340,13.102160670086809
2.5,2260,5500,1.5,0,0,3,7,1280,980,1910,0,47.681,-122.388,1790,13.345506928718539
1.75,1640,3400,1.0,0,0,4,7,930,710,1926,0,47.6694,-122.3,1380,13.133105473936231
2.0,1540,17859,1.0,0,0,3,6,1540,0,1964,0,47.5326,-122.032,1390,13.16062208952142
3.5,3860,9600,1.0,0,3,4,8,2660,1200,1973,0,47.7139,-122.223,2440,13.415032991367148
3.25,3470,11843,1.0,0,3,3,11,2270,1200,1989,0,47.5513,-122.135,3910,14.093142294562554
1.75,2010,12188,1.0,0,0,4,7,1150,860,1960,0,47.5013,-122.147,1720,12.793859310432293
1.75,1270,4800,1.0,0,0,3,7,1270,0,1953,0,47.693,-122.361,1490,12.721885810807203
1.75,2700,27072,1.0,0,0,3,7,1380,1320,1958,0,47.2877,-122.293,2460,12.660010407089116
4.0,4420,36342,2.0,0,0,5,10,2740,1680,1982,0,47.6468,-122.151,3720,14.089347223594002
2.0,2740,8230,1.5,0,0,3,7,2210,530,1962,0,47.7352,-122.297,2130,12.917796211663054
2.5,1940,10350,1.0,0,0,3,7,1420,520,1979,0,47.3385,-122.256,1810,12.594730635321957
1.5,1930,15531,2.0,0,0,3,7,1930,0,1979,0,47.345,-122.296,1580,12.524526376648708
0.75,1240,4000,1.0,0,0,4,7,1240,0,1968,0,47.6239,-122.297,1460,13.458834185453092
2.25,2680,41250,2.0,0,0,3,7,2680,0,1984,0,47.4817,-121.749,1940,13.287877815881902
1.0,920,10000,1.0,0,0,4,7,920,0,1981,0,47.6938,-122.21,1340,13.22762388806182
2.25,2810,25990,2.0,0,0,3,8,1860,950,1959,0,47.2993,-122.293,2020,13.256019762217003
1.75,1270,8470,1.0,0,0,4,7,1270,0,1960,0,47.4207,-122.29,1600,12.375815420117268
1.5,1840,7076,1.5,0,0,3,7,1840,0,1957,0,47.5185,-122.345,1510,12.258427875864102
1.75,1600,19200,1.0,0,0,4,7,1600,0,1967,0,47.7202,-122.249,2010,13.142166004700508
2.5,2590,9530,1.0,0,0,4,8,1640,950,1978,0,47.7752,-122.285,2710,13.194218814504756
1.0,1120,8443,1.0,0,0,3,7,1120,0,1953,0,47.7715,-122.336,1450,12.80765263256463
1.75,1000,3554,1.0,0,0,4,8,1000,0,1975,0,47.3811,-122.32,1150,12.254862809699606
3.0,2360,6250,1.0,0,2,3,7,1460,900,1960,0,47.512,-122.249,2500,12.943236711506893
2.5,2180,4000,2.0,0,0,3,8,1700,480,2002,0,47.5553,-122.269,2180,13.316300544370513
1.5,1940,2885,1.5,0,2,3,8,1940,0,1900,0,47.6308,-122.369,2550,14.100689500197937
1.0,1190,7000,1.0,0,0,3,7,1190,0,1943,0,47.6453,-122.403,1350,13.15676480412166
2.5,1930,8040,1.0,0,0,3,7,1380,550,1978,0,47.7283,-122.218,2080,13.148031124152906
2.25,3050,10689,2.0,0,0,4,9,3050,0,1988,0,47.3326,-122.201,2697,12.991115090794375
1.75,1260,7362,1.0,0,0,3,7,1260,0,1984,0,47.3602,-122.052,1530,12.388394202324129
2.5,2250,10400,1.0,0,0,3,8,1280,970,1973,0,47.4501,-122.139,2140,12.821258284620408
1.0,720,7140,1.0,0,0,3,6,720,0,1930,0,47.5119,-122.339,1140,12.205572520488492
1.0,1200,10458,1.0,0,0,4,6,1200,0,1961,0,47.3262,-122.342,1160,12.154779351142624
2.25,1900,8125,1.0,0,0,3,7,1540,360,1969,0,47.4564,-122.162,1480,12.736700896592344
2.5,1800,7318,2.0,0,0,3,8,1800,0,1989,0,47.5747,-122.008,1800,13.112313041550827
2.5,1500,2314,2.0,0,0,3,7,1500,0,2005,0,47.5537,-121.998,1440,12.911642346088676
1.75,2180,4000,1.5,0,0,4,7,1380,800,1926,0,47.6643,-122.29,1720,13.270783382522602
2.25,2290,39000,2.0,0,0,3,8,2290,0,1979,0,47.7012,-122.12,2750,13.415032991367148
1.75,1690,48096,1.0,0,0,3,7,1690,0,1973,0,47.6745,-122.061,2070,13.122363377404328
1.0,670,4920,1.0,0,0,3,5,670,0,1920,0,47.5342,-122.373,1050,12.644327576461329
1.75,1290,7205,1.5,0,0,3,7,1290,0,1971,0,47.7329,-122.237,1340,12.80765263256463
1.75,1610,12555,1.0,0,0,3,7,1080,530,1977,0,47.6618,-122.136,1780,13.146079904021645
1.0,900,8556,1.0,0,0,3,6,760,140,1941,0,47.5148,-122.386,1500,12.66032791780777
1.75,2260,19500,1.0,0,2,3,8,1450,810,1971,0,47.6555,-122.086,2980,13.199324418540456
3.25,2900,12160,1.0,0,0,4,8,1890,1010,1967,0,47.6154,-122.168,2590,13.579788224443204
1.75,1520,8100,1.0,0,0,5,6,760,760,1945,0,47.6966,-122.375,1040,13.071070083016778
1.75,1790,7485,1.0,0,0,4,8,1330,460,1979,0,47.3118,-122.34,1970,12.479909311159902
2.5,1620,1377,2.0,0,0,3,8,1100,520,2009,0,47.6195,-122.299,1620,13.369223455335854
2.5,3480,59242,2.0,0,0,3,11,3480,0,1988,0,47.7391,-122.102,2930,13.604789526648622
2.5,2415,2186,2.0,0,1,3,9,2415,0,1981,0,47.6506,-122.202,2660,13.610943392223
1.5,2500,4774,1.5,0,2,3,7,1450,1050,1940,0,47.6567,-122.358,1300,13.493926933836812
3.75,4320,39094,2.0,1,4,3,8,4320,0,1938,0,47.7519,-122.276,1920,14.403297222866392
2.0,2220,209523,1.0,0,0,3,7,2220,0,1991,0,47.7586,-121.911,1600,13.279367126213993
2.5,1690,1609,2.0,0,0,3,8,1150,540,2014,0,47.5521,-121.998,1690,12.911056989615814
1.75,1960,7705,1.0,0,0,4,7,980,980,1950,0,47.53,-122.347,1380,12.779873068457553
2.25,2720,18295,1.0,0,0,4,8,2000,720,1979,0,47.5851,-122.073,2720,13.37700559577791
1.75,1570,15330,1.0,0,0,3,7,1080,490,1956,0,47.4608,-122.34,1250,12.013397676656728
2.5,1650,3711,2.0,0,0,3,8,1650,0,1996,0,47.6863,-122.093,1760,13.065793025915934
1.0,990,6448,1.0,0,0,3,7,990,0,1948,0,47.5031,-122.245,1130,12.301155526776865
1.75,2210,16200,1.0,0,0,3,8,1390,820,1958,0,47.5924,-122.175,2050,13.345506928718539
2.5,2500,9654,1.0,0,0,3,8,1830,670,1979,0,47.3137,-122.343,2500,12.394624752074764
1.0,1660,9600,1.0,0,0,3,7,1660,0,1963,0,47.708,-122.216,2020,12.793859310432293
2.5,1920,7779,2.0,0,0,3,7,1920,0,1989,0,47.4024,-122.171,1960,12.538967060803502
2.75,3030,18400,1.5,0,3,3,9,2360,670,1973,0,47.7019,-122.243,3030,13.711260536590475
2.0,1070,8400,1.0,0,0,4,7,1070,0,1980,0,47.4014,-122.186,1430,12.289954129510877
1.5,1900,5000,1.5,0,0,3,7,1640,260,1926,0,47.6779,-122.294,2090,13.217673557208654
2.5,3710,15935,1.0,0,0,3,10,2130,1580,2005,0,47.3528,-122.267,3674,13.091904169919621
1.5,1920,10403,1.0,0,0,3,7,1370,550,1959,0,47.2987,-122.366,1550,12.254862809699606
1.0,960,8100,1.0,0,0,3,6,810,150,1936,0,47.494,-122.304,960,12.354492650648448
1.75,1500,7560,1.0,0,0,3,7,1500,0,1979,0,47.3467,-122.296,1500,12.396693005138824
1.5,1010,3060,1.0,0,0,4,7,1010,0,1918,0,47.6897,-122.354,1160,12.886641043883259
2.75,3600,9675,1.0,0,2,4,9,1940,1660,1977,0,47.5726,-122.213,2990,13.815510557964274
1.0,1020,7920,1.0,0,0,3,7,1020,0,1947,1983,47.5385,-122.355,1000,12.502466658583977
1.0,1410,7700,1.0,0,0,3,7,980,430,1962,0,47.4577,-122.171,1510,12.323855681186558
2.5,2510,17986,2.0,0,0,3,9,2510,0,1943,2014,47.6832,-122.164,2440,13.60602333309755
3.0,2320,7229,1.0,0,0,4,8,1370,950,1986,0,47.697,-122.097,2090,13.222208712374044
1.0,2110,4920,1.5,0,0,3,7,1460,650,1911,0,47.6872,-122.339,1390,12.959844447906553
2.5,2150,5760,1.0,0,0,3,8,2150,0,2010,0,47.7094,-122.018,1640,13.516430440560123
2.5,2570,6157,2.0,0,0,3,7,2570,0,2006,0,47.5389,-121.89,2060,13.102160670086809
2.5,2740,5460,2.0,0,0,3,8,2740,0,2005,0,47.4042,-122.204,2900,12.821258284620408
2.0,1430,5600,1.5,0,0,3,6,1430,0,1947,0,47.5192,-122.266,1860,11.79810440720389
3.0,3330,6990,1.5,0,3,5,9,2330,1000,1928,0,47.5886,-122.287,2620,14.03062193758122
1.5,2340,5000,2.0,0,0,3,8,2100,240,1912,0,47.6065,-122.291,2320,13.500799813124575
2.5,2025,7760,2.0,0,0,3,7,2025,0,2007,0,47.2671,-122.256,1664,12.468436909997665
2.0,2320,10960,1.0,0,0,3,7,1510,810,1956,0,47.6157,-122.174,2160,13.396200043034057
1.75,2340,17541,1.0,0,0,4,7,1360,980,1956,0,47.745,-122.229,2250,13.073173133213556
2.25,2070,2833,2.0,0,2,3,8,1490,580,1966,0,47.5543,-122.398,1940,13.422467969854667
1.75,2380,10450,1.5,0,0,3,8,2380,0,1966,0,47.3143,-122.37,2320,12.66032791780777
1.75,1760,2275,1.5,0,0,3,6,1040,720,1912,0,47.5803,-122.393,1380,13.017002861746503
2.5,3650,9050,2.0,0,4,5,10,3370,280,1921,0,47.6345,-122.367,2880,14.684290307167377
2.75,2410,10763,1.0,0,0,5,7,1310,1100,1957,0,47.4429,-122.282,1310,12.676076274775909
3.0,1740,1100,3.0,0,0,3,8,1740,0,2007,0,47.67,-122.391,1370,13.287877815881902
2.75,3900,111514,2.0,0,0,3,6,3460,440,1967,2008,47.5621,-121.924,2460,12.936033799212835
2.5,3100,36562,2.0,0,0,3,10,3100,0,1994,0,47.7646,-122.065,3080,13.458835614025542
4.5,4140,9066,1.0,0,0,3,7,2070,2070,1978,0,47.7302,-122.291,1440,13.244581010128577
2.5,1440,3060,2.0,0,0,3,7,1440,0,2003,0,47.6821,-122.035,1650,12.950863059241957
1.0,1530,389126,1.5,0,0,4,7,1530,0,1919,0,47.1776,-122.011,1768,12.345834587905333
3.0,2580,209523,2.0,0,0,3,8,2580,0,1984,0,47.6932,-122.006,3440,13.591116224748411
2.5,2190,17108,2.0,0,0,3,8,2190,0,1991,0,47.7321,-121.964,2400,13.045482333068371
1.5,1420,8063,1.0,0,0,3,7,940,480,1962,0,47.4174,-122.316,1330,12.230765258120545
2.0,1970,6480,1.5,0,0,5,7,1130,840,1920,0,47.5511,-122.312,1500,12.955127458028414
1.5,1590,7080,1.0,0,2,3,8,1310,280,1952,0,47.5244,-122.386,2080,13.487006490992238
2.5,2170,9900,1.0,0,0,3,7,1690,480,1980,0,47.3634,-122.031,1420,12.39689959536784
1.5,2120,8554,1.0,0,0,4,7,1170,950,1977,0,47.2933,-122.195,1790,12.427214194173711
2.25,2460,14600,1.0,0,0,4,8,1720,740,1977,0,47.3762,-122.16,2460,12.994416363073707
2.5,4150,8436,2.0,0,0,3,10,4150,0,2014,0,47.5802,-122.039,4070,13.785041041148075
1.5,1720,7119,1.5,0,0,4,7,1720,0,1952,0,47.7535,-122.314,1590,12.739637756265655
2.0,1570,6300,1.0,0,0,3,7,820,750,1953,2005,47.5565,-122.275,1510,13.056223574899784
1.0,860,12160,1.0,0,0,4,6,860,0,1921,0,47.5267,-122.361,1010,12.644327576461329
1.75,1280,8500,1.0,0,0,3,7,1280,0,1953,2010,47.6553,-122.19,1950,13.296316684527767
3.25,2030,11070,2.0,0,0,4,8,2030,0,1980,0,47.6478,-122.117,2450,13.437174117244362
1.75,1070,8030,1.0,0,0,3,7,1070,0,1966,2014,47.67,-122.155,1540,13.203021280421783
2.5,2600,7465,2.0,0,0,3,9,2600,0,1988,0,47.7387,-122.217,2660,13.255144488638146
2.75,2130,1400,2.0,0,0,3,9,1080,1050,2010,0,47.5661,-122.29,1520,13.197470849891134
1.0,1040,5000,1.0,0,0,3,7,1040,0,1959,0,47.5122,-122.358,1440,12.289724218025784
3.0,2840,6240,2.0,0,0,5,9,2440,400,1905,0,47.6285,-122.309,2940,14.169682371684887
1.0,1250,4620,1.5,0,0,4,7,1150,100,1900,0,47.651,-122.341,1900,13.475833190394113
1.0,890,5200,1.0,0,0,4,6,890,0,1941,0,47.5311,-122.373,950,12.611371073081239
2.75,1850,16960,1.0,0,2,4,8,1850,0,1953,0,47.7128,-122.365,2470,13.37700559577791
1.0,1230,6000,1.0,0,0,4,7,780,450,1937,0,47.6839,-122.281,1570,12.979647075202733
3.5,1570,1486,2.5,0,0,3,8,1330,240,2000,0,47.652,-122.384,1610,13.110290796170059
1.5,1940,3570,2.0,0,0,4,8,1740,200,1916,0,47.6618,-122.325,1580,13.610943392223
2.25,1950,8025,1.0,0,2,3,7,1150,800,1960,0,47.6159,-122.114,1780,13.171393512778367
1.75,2020,10031,1.0,0,0,5,7,1370,650,1952,0,47.7487,-122.319,1500,13.190022025878143
1.0,1080,6052,1.0,0,0,5,6,1080,0,1908,0,47.3857,-122.215,1810,11.84939770159144
3.0,2980,44431,2.0,0,0,2,10,2640,340,1981,0,47.7154,-122.161,2010,13.764217263576723
2.25,1490,1294,2.0,0,0,3,7,1220,270,2010,0,47.5569,-122.363,1490,12.641096555879882
3.0,2690,28300,1.0,0,0,3,8,2690,0,1954,1999,47.4458,-122.343,2820,13.422467969854667
2.5,2910,9636,1.0,0,0,4,7,1690,1220,1964,0,47.5803,-122.119,2830,13.180632285528304
1.0,2000,4800,2.0,0,0,4,7,2000,0,1911,0,47.6583,-122.351,1260,13.480037821676145
2.25,1740,10836,1.0,0,0,3,7,910,830,1981,0,47.3976,-122.166,2090,12.437184366493561
2.75,2590,6120,2.0,0,0,3,8,2590,0,1909,0,47.6667,-122.327,1390,13.77572968795243
2.0,2110,18815,2.0,0,0,5,7,2110,0,1979,0,47.5836,-122.042,2690,13.955272500339433
3.0,2570,9104,2.0,0,2,3,7,2570,0,1930,0,47.5821,-122.401,1630,13.122363377404328
2.5,2130,8404,2.0,0,0,3,8,2130,0,1991,0,47.4623,-122.13,2130,12.842649474601725
2.25,1350,2839,2.0,0,0,3,7,1350,0,2003,0,47.6824,-122.036,1650,12.901716706288706
2.5,1980,6922,2.0,0,0,5,8,1980,0,1991,0,47.396,-122.184,2090,12.821258284620408
1.75,3000,6000,1.0,0,0,5,7,1500,1500,1958,0,47.492,-122.225,2230,12.84792653170257
2.5,1620,7686,2.0,0,0,3,7,1620,0,1989,0,47.3613,-122.053,1370,12.415117272464881
2.0,1640,5000,2.0,0,0,3,7,1640,0,1907,1983,47.6662,-122.365,1240,13.106233995474446
3.25,2880,5929,2.5,0,0,3,8,2880,0,2014,0,47.2752,-122.349,2880,12.971307902484373
2.5,1800,2790,2.0,0,0,3,8,1800,0,2011,0,47.5455,-122.371,1580,12.804909146618877
2.5,1954,5075,2.0,0,0,3,8,1954,0,2007,0,47.2606,-122.253,1934,12.368382803236635
1.75,1480,5120,1.0,0,0,4,6,840,640,1951,0,47.558,-122.392,1090,13.089726542878031
2.25,2270,12000,1.0,0,0,4,7,1290,980,1976,0,47.3287,-122.353,2030,12.649956863542283
1.75,1630,8000,1.0,0,0,3,7,1630,0,1959,0,47.3948,-122.201,1630,12.2783933071098
3.5,3610,52595,2.0,0,0,4,7,3610,0,1989,0,47.6832,-121.907,1620,13.282780098810234
1.0,1060,7350,1.0,0,0,4,7,1060,0,1959,0,47.3809,-122.287,1060,12.111761966058932
1.75,1880,3720,1.5,0,0,4,7,1880,0,1924,0,47.6431,-122.356,2090,13.664687668229691
2.5,2410,4293,2.0,0,0,3,7,2410,0,2007,0,47.5196,-121.869,2190,13.017002861746503
4.75,5770,16747,2.0,0,3,3,12,4500,1270,1998,0,47.5512,-122.11,4470,14.334304351379442
2.5,2600,11542,1.5,0,0,4,9,2200,400,1939,0,47.7076,-122.377,2840,14.018451401960965
1.75,1080,7942,1.0,0,0,3,7,1080,0,1981,0,47.3141,-122.355,1380,11.652687407345388
2.5,2100,4700,2.0,0,0,3,8,2100,0,1999,0,47.5341,-121.867,2100,13.060487973686241
1.75,1940,8376,1.0,0,0,4,8,1290,650,1963,0,47.5586,-122.173,2400,13.217673557208654
2.5,1970,6291,2.0,0,0,4,7,1970,0,1998,0,47.3627,-122.073,1980,12.632973034358404
2.25,1980,8755,1.0,0,0,4,7,1300,680,1963,0,47.3922,-122.321,2030,12.641096555879882
1.75,2370,5000,1.5,0,2,3,8,1770,600,1919,0,47.6779,-122.357,2100,13.676248490630767
3.75,3280,6000,2.0,0,0,3,9,3280,0,2014,0,47.554,-122.19,2900,13.741810195034317
1.0,1150,11250,1.0,0,0,3,6,1150,0,1920,0,47.486,-122.264,1100,12.447056114972714
1.5,1010,1546,2.0,0,0,3,8,1010,0,1971,2014,47.5998,-122.311,1010,12.785488259637404
2.5,1920,1896,3.0,0,3,3,8,1920,0,2000,0,47.6616,-122.356,1670,13.568330428821824
1.5,1100,1228,2.0,0,0,3,7,900,200,2007,0,47.5538,-122.282,1340,12.745485726148077
2.5,1280,1889,3.0,0,0,3,8,1280,0,2009,0,47.6619,-122.324,1450,13.199324418540456
3.5,3410,10769,2.0,0,0,3,10,3410,0,2008,0,47.6081,-122.198,2650,14.155547860749984
2.5,2380,13435,2.0,0,0,3,10,2380,0,1992,0,47.5833,-122.028,2730,13.381645975334411
2.5,1600,7982,2.0,0,0,3,8,1600,0,1993,0,47.3397,-122.266,1890,12.66032791780777
0.75,1160,15029,1.0,0,0,4,6,870,290,1937,0,47.6929,-121.87,1870,12.911642346088676
2.0,2530,15520,1.0,0,0,5,8,2220,310,1964,0,47.613,-122.167,2500,13.60910120564123
2.0,2090,40419,1.0,0,0,4,7,2090,0,1984,0,47.4691,-121.993,2380,13.038981768465277
2.25,2610,7700,1.0,0,0,3,8,1700,910,1977,0,47.5659,-122.089,2260,13.270783382522602
3.5,4070,26000,2.0,0,0,3,11,4070,0,1991,0,47.659,-122.174,3770,14.207552645740298
2.5,2720,5000,1.5,0,0,4,7,1530,1190,1939,0,47.6827,-122.376,1210,13.270783382522602
1.75,2290,7765,1.0,0,0,3,6,2290,0,1936,1953,47.4997,-122.353,1240,12.419165860990882
1.75,1400,6000,1.0,0,0,4,7,700,700,1919,0,47.5283,-122.321,1030,12.727838209334498
1.0,1010,4000,1.0,0,0,3,6,1010,0,1911,0,47.5536,-122.267,1040,12.86099861326992
1.75,2380,12681,1.0,0,0,1,6,1380,1000,1918,0,47.5294,-122.279,1720,12.332705296463539
1.0,1230,3774,1.0,0,0,4,6,830,400,1924,0,47.6886,-122.354,1300,12.936033799212835
1.75,2220,216493,1.0,0,2,3,8,2220,0,1989,0,47.6624,-121.951,2900,13.279367126213993
4.5,3300,7561,2.0,0,0,3,8,3300,0,1980,0,47.6795,-122.104,2470,13.142166004700508
2.0,1290,9041,1.0,0,0,3,7,950,340,1956,0,47.5346,-122.291,1290,12.524526376648708
2.5,2960,8968,1.0,0,0,4,8,1640,1320,1965,0,47.6233,-122.102,1890,13.390862630439337
3.0,2170,2440,1.5,0,0,4,8,1450,720,1911,0,47.6724,-122.317,2070,13.528494930055654
2.5,2590,7720,2.0,0,0,3,9,2590,0,1988,0,47.659,-122.146,2600,13.603554196040628
2.25,2370,217800,2.0,0,0,3,7,2370,0,1979,0,47.6364,-121.984,3100,13.282780098810234
1.0,980,3663,1.0,0,0,5,7,980,0,1909,0,47.6645,-122.288,1620,13.262125319779487
2.0,1840,3075,1.0,0,0,5,7,920,920,1928,0,47.6894,-122.35,1480,13.38472764187182
1.5,2440,6900,2.0,0,0,3,7,1590,850,1910,0,47.5568,-122.271,1770,13.404077678076318
2.0,1640,8395,1.0,0,0,4,7,1640,0,1991,0,47.348,-122.035,1510,12.504323669331189
2.5,2870,5163,2.0,0,0,3,9,2870,0,2014,0,47.6935,-122.352,1630,13.687677186454389
1.0,1100,3975,1.0,0,0,3,7,900,200,1950,0,47.6701,-122.286,1110,12.886641043883259
1.75,1330,7848,1.0,0,0,3,8,1330,0,1978,0,47.4463,-122.127,2110,12.757080058928997
2.0,1410,44866,1.0,0,0,4,7,1410,0,1985,0,47.3273,-122.37,2950,12.721885810807203
2.25,1520,1464,2.0,0,0,3,8,1240,280,2010,0,47.543,-122.375,1710,12.84792653170257
1.5,1840,11367,1.5,0,0,4,7,1840,0,1950,0,47.7656,-122.358,1690,12.936033799212835
3.75,7620,29536,2.0,0,3,3,11,5980,1640,2005,0,47.5571,-122.14,2840,14.334304351379442
2.5,2830,5932,2.0,0,0,3,9,2830,0,2014,0,47.6479,-122.408,2840,13.850192138671527
1.75,1980,7840,1.0,0,0,4,7,990,990,1961,0,47.6226,-122.115,1520,12.9384405392434
4.0,3150,34830,1.0,0,0,3,9,3150,0,1957,2005,47.6029,-122.147,2390,13.81451005763069
4.0,4690,8208,2.0,0,0,3,9,3040,1650,1926,0,47.6321,-122.304,3300,14.532374265141536
2.25,3550,13900,1.0,0,0,3,8,1830,1720,2010,0,47.5681,-122.127,2770,13.663524200966393
1.0,960,10815,1.0,0,0,5,5,960,0,1900,0,47.3091,-122.006,1330,12.206067645517674
1.75,1710,9707,1.0,0,0,4,8,1710,0,1966,0,47.623,-122.105,1820,13.166380262821104
2.0,1770,7700,1.5,0,0,4,7,1770,0,1962,0,47.5916,-122.146,1710,13.337474757021274
1.0,1450,8960,1.0,0,0,3,6,1450,0,1943,0,47.4972,-122.348,1160,12.404923504275338
1.5,1060,5750,1.0,0,0,2,7,1060,0,1981,0,47.5532,-122.372,1060,12.666657052859417
2.75,2350,5589,2.0,0,0,3,7,2350,0,2001,0,47.5098,-122.155,2014,12.964422189335751
2.5,2320,4254,2.0,0,0,3,8,2320,0,2004,0,47.48,-122.137,2330,12.955127458028414
2.0,1370,1339,2.0,0,0,4,8,1150,220,2006,0,47.6021,-122.295,1370,13.01293906012304
2.25,2350,46173,2.0,0,0,4,8,2350,0,1980,0,47.6657,-122.067,2390,13.36138027787483
2.75,4040,20666,1.0,0,0,4,9,2020,2020,1962,0,47.634,-122.221,3670,14.316285845876763
1.0,1700,8645,1.0,0,0,3,6,1700,0,1955,0,47.4899,-122.337,1500,12.559191273266128
1.0,1390,60984,1.0,0,0,3,6,1390,0,1960,0,47.7652,-121.903,1620,12.89921982609012
2.5,3360,13636,2.0,0,0,3,10,3360,0,1987,0,47.6373,-122.042,2980,13.547631112808673
3.25,3730,4560,2.0,0,0,3,9,2760,970,2015,0,47.6725,-122.33,1800,13.296316684527767
3.25,4610,10576,2.0,0,3,3,11,3310,1300,2006,0,47.5373,-122.07,4042,13.997832114758229
2.0,2190,8316,1.0,0,0,3,7,1390,800,1961,0,47.5488,-122.298,2010,12.987688474077727
3.0,2420,11250,2.0,0,0,3,8,2420,0,2013,0,47.5082,-122.362,1510,13.005829561148378
2.75,1300,9638,1.0,0,0,2,7,1300,0,1983,0,47.3683,-122.109,1670,12.519056900844173
1.5,1140,3292,2.0,0,0,3,7,1140,0,1988,0,47.5701,-122.017,1150,12.644327576461329
1.75,1600,7400,1.0,0,0,3,7,1210,390,1973,0,47.7111,-122.309,1640,13.17115354157376
3.5,3360,9767,2.0,0,0,3,9,2450,910,1990,0,47.3047,-122.347,2580,12.928778628331663
1.0,1120,35500,1.0,0,0,5,6,1120,0,1961,0,47.2411,-122.043,1680,12.404718565243984
1.5,1010,7683,1.5,0,0,5,7,1010,0,1953,0,47.72,-122.318,1550,12.911642346088676
2.0,1830,4590,2.0,0,0,3,8,1830,0,1908,0,47.6593,-122.327,1650,13.458835614025542
2.5,3460,6590,2.0,0,0,3,7,3460,0,2001,0,47.4802,-122.188,2490,13.054084536651034
2.25,2010,9603,1.0,0,0,3,8,1440,570,1986,0,47.5343,-122.054,2060,13.400752402944518
1.0,1180,9350,1.0,0,0,3,6,1180,0,1918,0,47.4889,-122.259,1780,11.982929094215963
2.5,2393,4788,2.0,0,0,3,8,2393,0,2012,0,47.4517,-122.204,2439,12.89921982609012
2.25,1330,8004,2.0,0,0,3,7,1330,0,1985,0,47.7098,-122.217,1300,12.834681304952548
3.25,3400,99170,1.0,0,0,4,8,2000,1400,1980,0,47.7293,-122.099,3460,13.670484785914017
1.0,1820,8142,1.0,0,0,3,7,1040,780,1961,0,47.505,-122.316,1820,12.641096555879882
2.5,2490,4000,2.0,0,0,5,8,1670,820,1918,0,47.6403,-122.35,2310,13.950915194970477
2.25,1420,6600,1.0,0,0,3,7,1160,260,1987,0,47.77,-122.265,1920,12.804909146618877
2.25,2490,7233,1.0,0,0,3,8,1460,1030,1978,0,47.3115,-122.396,2000,12.524526376648708
1.75,1740,3060,1.0,0,0,5,8,950,790,1930,2014,47.6816,-122.31,1800,13.504900980868788
2.5,2370,4375,2.0,0,0,3,8,2370,0,2006,0,47.354,-121.999,2380,12.810388612383504
1.5,1370,10317,1.5,0,0,3,6,1370,0,1958,0,47.4731,-122.298,1370,12.205822614274965
3.25,1530,1565,2.0,0,0,3,8,1280,250,2005,0,47.6179,-122.312,1530,13.390862630439337
1.75,1640,4240,1.0,0,0,5,7,920,720,1921,0,47.6766,-122.368,1300,13.361695188915062
2.0,1390,13464,1.0,0,0,4,7,1390,0,1987,0,47.3581,-122.173,1720,12.238539835667675
1.0,1230,4600,1.5,0,0,3,7,1230,0,1929,0,47.5616,-122.392,1230,13.165422866864775
3.5,1850,6519,2.0,0,0,3,7,1130,720,1986,0,47.3087,-122.354,1280,12.421184025147118
1.0,860,8308,1.0,0,0,4,7,860,0,1948,0,47.5075,-122.377,1310,12.706847933442663
4.75,3970,9778,2.0,0,2,4,11,3390,580,1928,0,47.6312,-122.366,3970,14.648419680899378
2.5,2170,9600,1.0,0,0,3,7,1460,710,1980,0,47.6789,-122.116,1940,13.217673557208654
2.5,1280,1051,2.0,0,0,3,8,1080,200,2009,0,47.6273,-122.359,1580,13.269057756555132
0.75,520,12981,1.0,0,0,5,3,520,0,1920,0,47.2082,-121.995,1340,12.476099782743233
1.0,840,7020,1.5,0,0,4,7,840,0,1943,0,47.5513,-122.394,1310,13.018335306980282
1.0,1760,4264,2.0,0,0,3,8,1760,0,1902,0,47.6246,-122.312,2130,13.567690018937624
3.25,4610,81935,2.0,0,0,4,9,4610,0,1984,0,47.6217,-122.021,2900,13.527828485512494
2.5,2660,22050,2.0,0,0,3,9,2660,0,1996,0,47.4911,-122.125,3060,13.351886535682578
6.5,6260,10955,2.0,0,0,3,11,4840,1420,2007,0,47.5947,-122.039,2710,13.981024996441848
2.25,2620,17366,1.0,0,3,3,9,1430,1190,1984,0,47.584,-122.077,2620,13.547631112808673
1.5,1950,1963,3.0,0,0,3,8,1950,0,2002,0,47.6904,-122.397,1590,13.180632285528304
2.0,2800,17788,1.0,0,0,4,8,1400,1400,1963,0,47.6719,-122.163,1760,13.407542319637992
3.0,2910,8027,1.0,0,0,5,8,1800,1110,1970,0,47.6939,-122.391,2390,13.623138665316818
1.5,1280,2114,1.5,0,0,3,8,1280,0,1904,0,47.6174,-122.308,1540,13.440817108522863
2.25,1650,7313,1.0,0,0,3,7,1220,430,1975,0,47.7375,-122.194,1690,13.038981768465277
2.0,1660,3600,1.0,0,0,3,7,1000,660,1939,2006,47.6789,-122.351,1700,13.362167369611646
1.0,1390,6160,1.0,0,0,4,7,1390,0,1949,0,47.7289,-122.338,1230,12.889169490236618
1.75,1510,9176,1.0,0,0,5,7,1510,0,1957,0,47.7651,-122.339,1480,12.904207367601158
2.5,1830,5331,2.0,0,0,3,7,1830,0,2002,0,47.3557,-122.016,1830,12.774223335915433
2.75,2290,7000,2.0,0,0,3,8,2290,0,1977,0,47.4442,-122.129,2000,12.758519943986984
3.0,2970,10335,2.0,0,0,3,9,2970,0,2000,0,47.598,-122.019,2970,13.495305293806933
1.0,1180,43124,1.0,0,0,4,6,1180,0,1959,0,47.5278,-122.063,1410,12.706847933442663
1.75,1780,2788,1.0,0,0,4,6,890,890,1943,0,47.6511,-122.4,1760,13.00109928991129
1.0,1010,9920,1.0,0,0,3,6,1010,0,1977,0,47.3238,-122.14,1270,12.100156419938624
2.0,1640,7201,1.0,0,0,3,8,1640,0,1948,0,47.7216,-122.289,1750,12.911642346088676
2.5,2550,4954,1.5,0,0,4,7,1850,700,1924,0,47.5758,-122.287,1700,13.422467969854667
2.0,2220,6641,1.0,0,2,4,7,1220,1000,1947,0,47.6426,-122.388,1800,13.681979165339751
1.0,1090,10481,1.0,0,0,2,7,780,310,1981,0,47.632,-122.03,1160,12.911642346088676
2.5,1830,7762,2.0,0,0,3,8,1830,0,1993,0,47.267,-122.31,2109,12.691580461311874
3.25,1220,1281,2.0,0,0,3,8,930,290,2014,0,47.67,-122.317,1303,13.173056491719846
1.5,1350,4592,1.0,0,0,3,7,1070,280,1939,0,47.6511,-122.405,1610,13.248996028337695
2.5,2210,6327,1.0,0,0,3,8,2210,0,2003,0,47.7114,-122.03,2170,13.594863886848652
2.75,3230,12651,2.0,0,0,4,8,3230,0,2002,0,47.3157,-122.251,2550,12.921470435024938
3.5,2720,11454,2.0,0,0,3,9,1830,890,1988,0,47.6466,-122.119,2920,13.514405465180353
2.5,1490,2478,3.0,0,0,3,8,1490,0,2009,0,47.7236,-122.353,1270,12.759957758756611
2.5,1940,9874,2.0,0,0,3,7,1940,0,1990,0,47.3794,-122.113,1860,12.560244459250788
2.25,1790,7500,1.0,0,0,3,7,1390,400,1973,0,47.7321,-122.198,1940,13.028052697933088
3.25,1450,1387,2.0,0,0,3,8,1180,270,2013,0,47.5556,-122.362,1450,12.676076274775909
1.75,3050,50965,2.0,0,0,3,10,3050,0,1991,0,47.6744,-122.05,3050,13.698976741708323
2.75,4270,25807,2.0,0,0,3,11,4270,0,1996,0,47.5951,-122.206,3860,14.291744736960645
1.0,980,7000,1.0,0,0,3,6,980,0,1953,0,47.7617,-122.357,1220,12.706847933442663
2.0,1940,6350,1.0,0,0,4,7,970,970,1951,0,47.6948,-122.357,960,13.008074231002201
3.5,4010,9654,2.0,0,0,3,10,4010,0,2007,0,47.5891,-122.2,1870,14.366517971363097
2.5,2200,4544,2.0,0,0,3,8,2200,0,2000,0,47.5319,-121.867,2400,13.17115354157376
1.0,760,3090,1.0,0,0,2,5,760,0,1903,0,47.5513,-122.275,1020,12.028738630247258
1.75,1430,7700,1.0,0,0,4,7,980,450,1981,0,47.3993,-122.183,1430,12.437184366493561
2.5,2270,10700,1.0,0,0,4,8,1570,700,1963,0,47.741,-122.256,2020,13.174481331666435
2.5,3220,8256,2.0,0,0,3,8,2610,610,2006,0,47.495,-122.155,2500,12.994530005894443
2.25,1220,2980,2.0,0,0,3,7,1220,0,1986,0,47.7151,-122.203,1220,12.672946381766982
3.25,3780,11200,2.0,0,0,3,11,3780,0,2002,0,47.521,-122.15,3720,13.844098014816186
1.0,1700,6356,1.5,0,0,3,7,1700,0,1907,0,47.5677,-122.281,2080,13.43131758513165
1.0,770,17334,1.0,0,0,3,7,770,0,1978,0,47.2997,-122.269,1480,11.512925464970229
2.0,2160,8091,1.5,0,0,3,8,2160,0,2000,0,47.3474,-122.303,2190,12.779873068457553
1.75,2160,4000,1.0,0,0,3,7,1080,1080,1953,0,47.5721,-122.309,1260,12.92391243868049
2.5,2310,53578,1.0,0,0,4,8,1340,970,1981,0,47.7677,-122.135,2660,13.142166004700508
2.75,2590,223027,2.0,0,0,3,9,2590,0,1983,0,47.6145,-122.001,3410,13.732128949025222
2.5,1870,3439,2.0,0,0,3,7,1870,0,2005,0,47.3992,-122.163,2190,12.611537753638338
2.25,2200,8375,2.0,0,0,3,8,2200,0,1988,0,47.2626,-122.218,2200,12.560830252552664
3.0,3720,57499,1.0,0,0,3,9,1880,1840,2003,0,47.6469,-121.897,2560,13.38472764187182
2.5,1650,6675,1.0,0,0,3,8,1290,360,1990,0,47.2899,-122.372,1880,12.4130868149145
1.75,2160,98445,2.0,0,0,3,8,2160,0,1978,0,47.35,-122.162,2004,12.873902018105829
1.0,1410,9000,1.0,0,0,5,7,1410,0,1967,0,47.3054,-122.369,1200,12.345834587905333
1.0,1140,3834,1.5,0,0,3,6,1140,0,1911,0,47.5642,-122.378,1190,12.676076274775909
1.0,870,4025,1.0,0,0,3,7,870,0,1981,0,47.7243,-122.161,1370,12.542544882151386
1.75,1920,7986,1.0,0,0,3,7,960,960,1952,0,47.7209,-122.318,1700,12.994530005894443
1.75,2080,5000,2.0,0,0,5,8,2080,0,1906,0,47.6717,-122.356,1820,13.623138665316818
2.5,1900,7843,2.0,0,0,5,7,1900,0,1966,0,47.6273,-122.123,1900,13.437174117244362
2.0,2310,10525,2.0,0,0,5,7,2310,0,1965,0,47.6727,-122.174,1430,13.348701819615057
2.5,2680,7513,2.0,0,0,3,8,2680,0,1998,0,47.4956,-122.161,2640,12.988831984779805
2.5,1509,1114,3.0,0,0,3,8,1509,0,2014,0,47.7049,-122.34,1509,12.948009990259552
2.5,2755,4831,2.0,0,0,3,7,2755,0,2003,0,47.685,-122.039,2510,13.345906848739865
1.0,1150,2560,1.5,0,0,3,7,1150,0,1909,0,47.6368,-122.355,1890,13.091904169919621
1.75,1720,5956,2.0,0,0,3,8,1720,0,1981,0,47.6875,-122.202,1620,13.262125319779487
1.5,1650,9957,1.0,0,0,4,7,1100,550,1961,0,47.7303,-122.298,1650,12.819906019370393
3.0,2860,17853,1.0,0,0,3,8,1430,1430,1962,2015,47.546,-122.175,1920,13.610943392223
1.0,1010,7690,1.0,0,0,4,6,1010,0,1958,0,47.4501,-122.176,1010,12.013700752882718
2.5,1790,7167,2.0,0,0,3,8,1790,0,1989,0,47.6176,-122.045,1680,13.151922179645874
1.0,1640,17335,1.0,0,0,3,7,840,800,1978,0,47.6397,-121.953,2440,12.84660987581782
3.25,2710,2356,2.0,0,0,3,8,2230,480,2013,0,47.5394,-122.028,2160,13.480037821676145
2.5,2800,4687,2.0,0,0,3,9,2800,0,2005,0,47.3594,-122.04,2750,12.896716695872
3.25,3580,43093,1.0,0,0,4,8,3580,0,1990,0,47.5595,-121.901,2070,13.458835614025542
1.75,1310,7314,1.0,0,0,5,6,1310,0,1960,0,47.2888,-122.221,1010,12.379815846549256
2.5,3340,123600,2.0,0,0,3,10,3340,0,2005,0,47.6101,-121.955,3730,13.527761816623505
3.0,2580,8064,1.5,0,0,3,7,1880,700,1913,0,47.5549,-122.287,1510,12.694652660348845
1.0,640,6350,1.0,0,0,3,5,640,0,1939,0,47.6976,-122.359,1270,12.539683649870355
1.0,930,5077,1.0,0,0,3,6,930,0,1939,0,47.7095,-122.35,1080,12.788288265382837
3.0,2990,6695,2.0,0,0,3,10,2990,0,2014,0,47.5817,-122.047,2760,13.875287762000134
2.75,3470,9610,3.0,1,4,3,11,3470,0,1989,2000,47.7205,-122.26,4130,14.580978400103845
1.0,1240,27042,1.0,0,1,3,6,1000,240,1943,0,47.5026,-122.465,2140,12.779873068457553
3.0,2230,8642,1.0,0,0,3,7,1330,900,2014,0,47.487,-122.32,2100,12.721736545936414
2.75,2830,8126,2.0,0,0,3,8,2830,0,2005,0,47.4863,-122.14,2830,13.152892582439152
2.5,1820,3134,2.0,0,0,3,7,1820,0,1999,0,47.7351,-121.985,1820,12.765545566117686
1.75,1460,9998,1.0,0,0,3,7,960,500,1958,0,47.7434,-122.242,1460,13.008074231002201
2.5,2890,5110,2.0,0,2,3,9,2890,0,2003,0,47.5453,-121.995,3010,13.623138665316818
1.75,1960,7875,1.0,0,0,4,7,1960,0,1968,0,47.7256,-122.18,1800,12.981721047601862
3.0,3130,5700,1.5,0,0,3,7,1750,1380,1953,0,47.6811,-122.283,2080,13.41652441595382
2.75,2100,7236,1.0,0,0,3,8,1400,700,1979,0,47.7267,-122.232,1900,13.105217218569358
1.75,1397,18000,1.0,0,0,3,7,1397,0,1965,2014,47.3388,-122.166,1950,12.456831363877356
1.5,1230,10125,1.0,0,0,3,7,1230,0,1960,0,47.397,-122.299,1970,11.901583454762012
1.75,2160,4333,1.0,0,0,4,8,1260,900,1942,0,47.6893,-122.388,1670,13.017002861746503
1.0,1200,16000,1.0,0,0,3,7,1200,0,1970,0,47.7452,-122.101,1960,12.779873068457553
1.75,1520,4220,1.0,0,0,4,7,840,680,1910,0,47.6876,-122.366,1120,13.060487973686241
2.5,3680,35617,1.0,0,0,3,10,2390,1290,1985,0,47.7213,-122.12,3570,13.554145793829866
3.0,3030,4120,1.5,0,0,4,7,1930,1100,1913,0,47.6771,-122.319,1280,13.585468264958907
1.5,1140,10300,1.5,0,0,4,6,1140,0,1967,0,47.4452,-121.77,1250,12.363076394339839
1.5,1420,4923,1.5,0,0,4,8,1420,0,1928,0,47.6901,-122.339,1470,13.428376406540833
1.5,1470,9570,1.0,0,0,3,7,1280,190,1941,0,47.7032,-122.306,1390,13.034624463096321
1.75,1860,7881,1.0,0,0,3,7,1160,700,1986,0,47.3855,-122.322,1490,12.772805901234461
2.25,3140,10250,1.0,0,0,4,8,1570,1570,1959,0,47.6116,-122.169,2320,13.514405465180353
2.5,2375,4094,2.0,0,0,3,9,2375,0,2002,0,47.6627,-122.086,2095,13.475833190394113
1.5,1920,6250,1.0,0,0,3,7,1060,860,1937,0,47.6497,-122.393,2070,13.112313041550827
1.5,1480,7000,1.0,0,0,3,7,1000,480,1980,0,47.2866,-122.368,1470,11.982929094215963
2.5,2497,4400,2.0,0,0,3,8,2497,0,2007,0,47.2873,-122.283,2434,12.524526376648708
2.75,2790,7600,1.5,0,0,4,7,2790,0,1965,0,47.4999,-122.165,1480,12.793581494067123
1.75,1490,9120,1.0,0,0,5,7,1490,0,1959,0,47.4806,-122.163,1340,12.644327576461329
1.75,1680,7455,1.0,0,0,4,8,1680,0,1968,0,47.3112,-122.378,2040,12.332705296463539
2.25,1660,2748,2.0,0,0,3,7,1660,0,1995,0,47.4333,-122.212,1620,12.367340793126296
1.75,1140,9628,1.0,0,0,4,7,1140,0,1969,0,47.2933,-122.372,1510,11.701477571514818
2.5,2660,9030,1.0,0,0,4,7,1450,1210,1977,0,47.4558,-122.212,1870,12.654277907314498
2.5,2260,8120,2.0,0,0,3,8,2260,0,2004,0,47.2924,-122.357,2250,12.691580461311874
2.5,3140,22100,1.0,0,0,4,8,1820,1320,1960,0,47.319,-122.362,2700,12.644327576461329
1.0,1000,31838,1.0,0,0,3,7,1000,0,1962,0,47.4789,-121.779,1490,12.564795491086207
3.75,4060,19290,2.0,0,0,3,10,4060,0,2002,0,47.6051,-122.053,4020,13.832465998613687
1.5,2060,4000,1.5,0,2,3,7,1580,480,1920,1990,47.6857,-122.353,1160,13.527828485512494
4.5,4130,10404,2.0,0,0,3,10,4130,0,2004,0,47.5556,-122.03,3890,13.813508555293602
2.75,2200,9778,1.0,0,0,4,8,1100,1100,1962,0,47.5472,-122.176,2140,13.132313708257497
1.0,960,8100,1.0,0,0,3,7,960,0,1955,0,47.7763,-122.305,1080,12.608198852372823
1.75,1770,10080,1.0,0,0,3,8,1770,0,1968,0,47.7218,-122.306,1860,13.112313041550827
1.0,1160,5029,1.0,0,0,3,7,910,250,1940,0,47.6723,-122.266,1220,13.313190327241996
1.0,1170,6000,1.0,0,0,4,7,970,200,1941,0,47.6994,-122.354,2130,13.028052697933088
3.25,3160,8876,2.0,0,0,3,9,2460,700,1997,0,47.5153,-122.178,2900,13.232114241363448
1.0,950,8400,1.0,0,0,3,7,950,0,1958,0,47.5104,-122.166,1250,12.56374708980199
2.25,1930,3462,2.0,0,0,3,7,1930,0,2004,0,47.7453,-121.985,1930,12.694652660348845
1.5,2290,8773,1.0,0,0,4,7,1330,960,1947,0,47.7173,-122.33,1740,12.959844447906553
2.0,1190,4072,1.5,0,0,5,6,1190,0,1907,0,47.5276,-122.274,1680,12.409013489526863
2.25,1350,3582,2.0,0,0,3,8,1350,0,2010,0,47.4214,-122.191,1940,12.608198852372823
2.25,3140,12150,2.0,0,0,3,9,3140,0,1979,0,47.6361,-122.047,2370,13.527828485512494
2.5,2360,7370,1.0,0,0,3,7,1460,900,1985,0,47.7201,-122.308,1590,12.799399490807907
1.75,1460,7203,1.0,0,0,3,7,1460,0,1990,0,47.5049,-122.189,1570,12.779873068457553
1.0,1530,4944,1.0,0,0,3,7,1530,0,1950,0,47.6857,-122.341,1500,13.369223455335854
2.5,2320,4524,2.0,0,0,3,8,2320,0,2004,0,47.4798,-122.136,2330,12.971424201839042
2.5,1740,10050,2.0,0,0,3,7,1740,0,1989,0,47.2671,-122.236,1300,12.323855681186558
1.0,890,7250,1.0,0,0,3,7,890,0,1943,0,47.7118,-122.314,900,12.560244459250788
2.25,1500,7410,1.0,0,0,4,7,1500,0,1973,0,47.4597,-122.162,1750,12.506177237980511
1.0,1070,7467,1.5,0,0,3,7,1070,0,1944,0,47.4942,-122.235,1160,12.206072645530174
1.0,1140,27760,1.0,0,0,4,6,1140,0,1981,0,47.5372,-121.972,1690,12.404103496029308
1.0,1740,37238,1.5,0,0,4,7,1740,0,1932,0,47.5651,-121.902,1810,13.060487973686241
3.5,2510,3763,2.0,0,0,3,8,1990,520,2013,0,47.7002,-122.103,2560,13.42984807715229
2.25,2100,7305,1.0,0,0,4,7,1050,1050,1963,0,47.4676,-122.296,1760,12.721885810807203
1.0,1370,3500,1.5,0,0,3,7,1370,0,1905,1985,47.6857,-122.348,1590,13.122363377404328
1.0,790,6555,1.0,0,0,2,6,790,0,1956,0,47.5015,-122.35,1440,12.560244459250788
2.5,4240,43995,2.0,0,0,3,10,4240,0,1989,0,47.6008,-122.044,3720,13.963930563082547
2.5,2180,4226,2.0,0,0,3,8,2180,0,2004,0,47.7733,-122.226,2540,13.017002861746503
1.75,1180,55321,1.0,0,0,3,8,1180,0,1941,2004,47.3329,-122.091,1480,12.647548191161372
2.5,3270,9650,1.0,0,3,4,9,2320,950,1971,0,47.409,-122.333,2340,13.458835614025542
1.0,1540,6872,1.0,0,0,4,7,820,720,1946,0,47.6454,-122.373,1420,13.329377546788654
2.25,4200,5800,2.5,0,0,4,9,2910,1290,1906,0,47.6284,-122.312,3060,14.104441849816487
2.5,3148,9612,2.0,0,3,3,9,3148,0,2014,0,47.3994,-122.311,3000,13.217673557208654
2.0,2680,14157,1.0,0,0,3,8,1460,1220,1966,0,47.4286,-122.292,2100,13.17115354157376
2.5,2820,15000,2.0,0,0,4,9,2820,0,1985,0,47.7255,-122.101,2440,13.38472764187182
1.75,2040,42693,1.0,0,2,3,10,2040,0,1980,0,47.6479,-122.12,2640,14.093142294562554
1.75,1590,41550,1.5,0,0,3,6,1290,300,1933,1989,47.4817,-122.28,2990,12.59642411582829
2.25,2110,13300,2.0,0,0,4,8,2110,0,1985,0,47.3725,-122.06,2470,12.821258284620408
1.0,1270,4268,1.0,0,0,3,7,1270,0,1921,0,47.6848,-122.392,1310,13.071070083016778
1.5,893,965,2.0,0,0,3,8,893,0,2007,0,47.6187,-122.301,1340,12.793720411897448
2.5,3100,4699,2.0,0,0,3,9,3100,0,2010,0,47.3785,-122.023,2450,12.983101310070822
1.5,1270,1416,3.0,0,0,3,8,1270,0,2007,0,47.6988,-122.317,1270,13.041153321978786
3.25,3090,67518,2.0,0,0,3,10,3090,0,1988,0,47.6674,-122.046,3200,13.645907773578093
3.25,3990,9786,2.0,0,0,3,9,3990,0,2004,0,47.6784,-122.026,3920,13.671640187544572
3.0,2280,7400,1.0,0,0,3,7,1340,940,1978,0,47.711,-122.306,1540,13.132313708257497
2.0,1470,10052,1.0,0,0,4,8,1470,0,1956,0,47.726,-122.316,1480,13.081541382884074
2.0,1390,2688,1.5,0,0,5,7,1390,0,1915,0,47.6783,-122.366,1440,13.217673557208654
0.75,1110,3960,1.0,0,0,3,7,1110,0,1951,0,47.6834,-122.366,1610,12.93181285535698
1.5,1200,2002,2.0,0,0,3,8,1200,0,1966,0,47.4659,-122.189,1270,11.84939770159144
3.5,3150,6175,2.0,0,0,3,9,3150,0,2001,0,47.5966,-122.017,3150,13.458835614025542
2.75,2500,7140,1.0,0,0,4,7,1250,1250,1968,0,47.6225,-122.108,2230,13.180632285528304
1.0,1070,8750,1.0,0,0,3,7,1070,0,1951,0,47.4734,-122.198,1300,12.691580461311874
1.75,1730,9211,1.0,0,0,3,8,1730,0,1961,0,47.7149,-122.322,1440,12.89921982609012
2.75,5700,20000,1.0,0,4,4,10,2850,2850,1977,0,47.5601,-122.16,3690,14.141210697603576
2.25,2170,4080,2.0,0,0,3,7,1920,250,1980,0,47.6124,-122.293,1890,13.39239051461739
2.0,1840,8140,1.0,0,0,4,7,1040,800,1975,0,47.3106,-122.325,1600,12.56549381513693
2.5,2690,17461,2.0,0,3,3,10,2690,0,1997,0,47.654,-122.088,3610,13.5985975564007
1.0,960,8291,1.0,0,0,3,6,960,0,1950,0,47.5006,-122.334,1110,11.975400827795172
2.0,1930,9747,1.0,0,0,4,7,1020,910,1962,0,47.7743,-122.235,2040,12.89921982609012
1.75,2080,7700,1.0,0,0,5,7,1600,480,1968,0,47.5375,-122.178,1680,12.96383646917609
2.25,2200,3404,2.0,0,0,3,8,2200,0,2005,0,47.3895,-122.034,2200,12.779873068457553
1.0,830,7590,1.0,0,0,2,6,830,0,1943,0,47.4784,-122.335,980,11.608235644774552
2.0,1710,134489,1.0,0,2,5,7,1710,0,1952,0,47.2207,-121.984,1700,12.891691559669328
3.0,2980,10064,1.0,0,0,3,7,1680,1300,1940,0,47.7372,-122.316,1590,13.296316684527767
2.75,1820,9490,2.0,0,0,3,7,1820,0,1994,0,47.7481,-122.178,1950,13.099094750464975
2.0,1180,1800,2.0,0,2,3,8,1180,0,1994,0,47.6168,-122.301,1500,12.959844447906553
2.25,1820,9694,1.0,0,0,3,7,1240,580,1977,0,47.6157,-122.05,1820,12.936033799212835
2.25,1780,10748,2.0,0,0,4,8,1780,0,1964,0,47.762,-122.11,2070,12.886641043883259
2.5,1690,1553,2.5,0,0,3,8,1690,0,2007,0,47.6443,-122.385,1910,13.369223455335854
1.0,1060,4880,1.0,0,0,2,6,910,150,1913,0,47.5545,-122.288,1200,13.228073831826443
0.75,1020,1350,2.0,0,0,3,7,1020,0,2009,0,47.5944,-122.299,1020,12.90445857982582
2.25,2860,5658,2.0,0,3,3,10,2130,730,1933,0,47.6395,-122.409,2700,14.076335176246172
3.25,4290,7019,2.5,0,0,4,10,3590,700,1927,0,47.6439,-122.302,1920,13.963930563082547
2.5,2660,10637,2.0,0,0,3,9,2660,0,1991,0,47.7383,-122.22,2590,13.296316684527767
1.0,1380,7470,1.0,0,0,5,7,1380,0,1965,0,47.7479,-122.343,1440,12.721885810807203
1.0,940,11055,1.5,0,0,4,7,940,0,1959,0,47.3732,-122.295,1420,12.100712129872347
1.0,2540,7000,1.0,0,0,5,8,1320,1220,1942,0,47.5259,-122.261,2160,13.270783382522602
3.0,2400,5400,2.0,0,2,4,7,1600,800,1965,0,47.5099,-122.26,2400,13.071070083016778
1.75,1410,9150,1.0,0,0,5,7,1410,0,1959,0,47.5683,-122.178,1800,12.80765263256463
2.75,3770,10900,2.0,0,2,5,9,3070,700,1924,0,47.5849,-122.29,3000,14.343193298796688
1.0,1380,1800,2.0,0,0,3,7,1080,300,1954,0,47.6416,-122.361,1600,13.254268448284268
2.25,2440,8098,2.0,0,0,3,8,2440,0,1983,0,47.3126,-122.346,2110,12.706847933442663
2.0,1980,6000,1.0,0,0,4,7,1380,600,1958,0,47.6921,-122.283,1260,13.3645249345543
5.5,6930,45100,1.0,0,0,4,11,4310,2620,1950,1991,47.5547,-122.144,2560,14.741751620691597
2.5,2506,7206,2.0,0,0,3,8,2506,0,2007,0,47.3236,-122.337,2441,12.765688433465597
2.25,2240,12650,1.0,0,0,4,8,1730,510,1981,0,47.4777,-122.142,2150,12.936033799212835
1.0,1210,9525,1.0,0,0,3,7,1210,0,1955,0,47.5274,-122.345,1680,12.611371073081239
2.5,3940,4407,2.0,0,0,4,8,2620,1320,1921,0,47.6374,-122.299,1790,13.99532898454011
1.0,1150,12402,1.0,0,0,4,6,1150,0,1969,0,47.7422,-122.099,1400,12.748396936355535
1.75,1360,7700,1.0,0,0,4,7,1360,0,1966,0,47.4558,-122.177,1321,12.468436909997665
2.5,3450,43216,2.0,0,0,3,9,3450,0,2000,0,47.7625,-122.025,3030,13.641157170819497
