bedrooms,bathrooms,sqft_living,sqft_lot,floors,waterfront,view,grade,sqft_above,sqft_basement,yr_built,yr_renovated,lat,sqft_living15,sqft_lot15,price_ln
2,0.75,650,5360,1.0,0,0,5,650,0,1931,0,47.7281,1110,6700,12.345834587905333
3,1.75,1300,7770,1.0,0,0,7,1300,0,1967,0,47.7347,1520,7600,12.793859310432293
3,1.75,1340,3900,2.0,0,0,7,1340,0,1900,0,47.6711,1470,1611,13.36138027787483
3,1.0,940,9272,1.0,0,0,7,940,0,1954,0,47.4353,1270,9375,12.323855681186558
3,1.75,1460,9998,1.0,0,0,7,960,500,1958,0,47.7434,1460,9998,13.008074231002201
3,1.5,2790,6900,1.0,0,2,8,1700,1090,1955,0,47.7328,2410,8100,13.235692062711331
2,1.0,1620,5400,1.0,0,0,6,920,700,1926,0,47.7069,1540,7245,12.577636201962656
3,2.0,1090,6090,1.0,0,0,7,940,150,1940,0,47.5118,1840,6090,11.970350312009105
6,3.0,2870,206474,2.0,0,0,7,2330,540,1960,1985,47.401,2380,59677,13.199324418540456
2,1.0,1280,6000,1.0,0,0,7,1280,0,1965,0,47.6339,2460,4800,13.38472764187182
3,2.0,2270,28025,1.0,0,0,7,1920,350,1947,0,47.4857,1770,14833,12.738170404571704
4,2.25,1920,9660,1.0,0,0,8,1920,0,1968,0,47.4544,1890,7800,12.827992316801751
4,1.75,1990,8900,1.0,0,0,8,1990,0,1972,0,47.5639,2620,8925,13.521139497361697
4,2.5,1800,7620,2.0,0,0,8,1800,0,1995,0,47.4346,1800,6879,12.762827201184564
3,2.5,3110,217800,2.0,0,0,9,3110,0,2001,0,47.3281,2220,217800,13.233904752137237
3,1.5,1072,4339,2.0,0,0,7,1072,0,2009,0,47.386,1443,4341,12.429216196844383
2,1.0,1020,5000,1.0,0,0,7,1020,0,1916,0,47.6781,1480,5000,13.132313708257497
3,1.0,1230,9660,1.0,0,0,7,1230,0,1968,0,47.6829,1380,10125,12.682306824526545
3,3.25,2580,9825,1.5,0,1,9,1760,820,1978,0,47.5314,2140,10270,13.442833982355687
2,1.75,2120,7680,1.0,0,0,6,1130,990,1948,0,47.5304,1220,7680,13.180632285528304
3,2.75,3070,5280,2.0,0,1,7,2360,710,1950,1986,47.4486,2570,18983,12.765688433465597
3,2.5,2010,2778,2.0,0,0,8,1390,620,2014,0,47.5528,1540,1689,13.044635322188094
4,3.5,3400,5196,2.0,0,0,9,3400,0,2012,0,47.5169,3170,5260,13.399995114002609
4,2.0,1530,5250,1.0,0,0,7,1110,420,1981,0,47.7336,1100,5250,12.852652190273785
3,1.75,1620,3975,1.0,0,0,7,940,680,1926,0,47.6786,1320,3922,13.370784735902808
2,1.0,960,5508,1.0,0,0,6,770,190,1951,0,47.5307,1280,5304,12.072541252905651
5,2.5,2860,4000,2.0,0,0,8,2160,700,1910,0,47.6225,1340,1224,13.997832114758229
4,2.5,2560,7210,2.0,0,0,9,2560,0,2006,0,47.5535,2160,10439,13.63877337946422
4,1.75,1890,4800,1.5,0,0,7,1390,500,1906,0,47.6405,1890,4800,13.560618308335483
4,3.0,2950,5000,2.0,0,3,9,1980,970,1979,0,47.5714,2140,4000,13.38472764187182
3,2.25,1520,14080,2.0,0,0,7,1520,0,1984,0,47.6273,1530,9758,13.010313873595706
4,2.5,2770,8642,2.0,0,0,9,2770,0,1987,0,47.6599,2670,9000,13.718448845121143
3,1.0,1070,6440,1.0,0,0,7,1070,0,1971,0,47.3186,1190,6532,12.175613438045465
5,2.75,3330,12408,1.0,0,0,10,1740,1590,1976,0,47.6318,2780,12000,13.527828485512494
5,4.5,4140,7924,2.0,0,0,10,4140,0,2005,0,47.6102,3960,8410,13.87377946608825
3,1.75,2350,20820,1.0,0,0,8,1800,550,1978,0,47.6095,2040,10800,13.329377546788654
4,2.5,1890,15770,2.0,0,0,7,1890,0,1968,0,47.4281,2410,15256,12.873899453999977
3,2.5,2320,5284,2.0,0,0,8,2320,0,2004,0,47.591,2320,4383,13.38472764187182
3,1.75,1650,8073,1.0,0,0,7,1100,550,1980,0,47.3187,1280,8073,12.367234404488503
3,2.5,1500,9636,2.0,0,0,7,1500,0,1994,0,47.75,1700,9656,12.911642346088676
3,2.5,1990,5149,2.0,0,0,8,1990,0,2003,0,47.5895,2280,4506,13.208541073645382
3,1.5,1280,2114,1.5,0,0,8,1280,0,1904,0,47.6174,1540,1456,13.440817108522863
2,2.5,2000,5150,2.0,0,4,9,2000,0,1992,0,47.7056,2510,6800,13.721199878493033
3,1.5,1860,60960,1.0,0,0,7,1140,720,1967,0,47.3796,2170,82764,12.581078546153629
3,1.0,1100,5000,1.0,0,0,7,1100,0,1960,0,47.5433,1020,5000,12.428816116823043
4,2.5,1600,14000,1.0,0,0,8,1310,290,1950,0,47.7258,1600,10200,12.96453929221076
3,2.25,1850,7151,2.0,0,0,7,1850,0,1989,0,47.2843,1710,6827,12.449018824140563
4,2.25,2260,7200,2.0,0,0,7,2260,0,1984,0,47.4121,1720,7200,12.576459648025475
2,2.0,1920,6045,1.0,0,0,8,1920,0,2003,0,47.7107,1670,5200,13.224919965729422
4,2.5,3220,35400,2.0,0,0,9,3220,0,1991,0,47.7547,3050,35252,13.444446876573442
3,1.75,1260,1111,2.0,0,0,8,1260,0,2003,0,47.5476,1410,1630,12.765688433465597
3,1.0,1350,14212,1.0,0,0,6,1350,0,1981,0,47.6606,1520,14404,12.721885810807203
4,2.5,2090,5289,2.0,0,0,8,2090,0,1989,0,47.4289,2080,7109,12.765545566117686
4,2.0,1540,5000,1.5,0,0,7,1540,0,1913,0,47.6713,1790,4000,13.217673557208654
3,2.5,2020,11935,1.0,0,0,9,2020,0,1976,0,47.632,2410,12350,13.235692062711331
3,1.75,1780,9660,1.0,0,0,7,1780,0,1962,0,47.7171,1200,9660,12.989974189358584
5,2.0,2280,5750,1.0,0,0,8,1140,1140,1951,0,47.5672,1780,5750,12.855790268162783
4,1.5,2020,7560,1.0,0,0,7,2020,0,1960,0,47.502,1410,8080,12.845291484064564
4,2.25,2770,13129,2.0,0,0,8,2770,0,1979,0,47.6268,2400,13129,13.388454534525607
4,2.25,2210,9371,2.0,0,0,8,2210,0,1968,0,47.3634,2300,11584,12.628067055589549
4,1.5,1850,7547,1.5,0,0,7,1850,0,1960,0,47.3714,1730,7577,12.409013489526863
2,1.0,2020,7540,1.0,0,0,7,1010,1010,1921,0,47.5359,1270,4652,12.92391243868049
5,2.25,2100,6936,1.0,0,0,8,1600,500,1974,0,47.6737,2100,8661,13.248114582709889
3,1.75,1930,213008,1.0,0,2,7,1300,630,1980,0,47.6751,2860,208652,13.249876697703288
3,1.5,1390,8300,1.0,0,0,7,1390,0,1974,0,47.7383,1470,7500,12.666657052859417
3,1.75,2140,15030,1.0,0,0,7,1570,570,1958,0,47.4181,2170,15030,12.945626198904275
4,1.0,1600,10183,1.0,0,0,6,1600,0,1966,0,47.277,1410,10416,11.950857763215895
4,2.5,3200,7545,2.0,0,0,7,3200,0,2003,0,47.3666,2840,7137,12.899094818276968
6,2.75,2520,54160,2.0,1,4,7,2520,0,1954,0,47.4969,2790,26809,13.790192749979985
4,2.5,2620,19864,2.0,0,0,8,2620,0,1984,0,47.7014,2500,13285,13.38472764187182
5,3.25,3850,16249,2.0,0,2,9,3030,820,2002,0,47.3324,2640,7393,13.13626628257332
2,3.25,3570,392475,1.0,0,0,9,2370,1200,1998,0,47.5448,3190,217800,13.635187003832993
6,1.75,2750,9563,2.0,0,0,8,2750,0,1973,0,47.6368,2040,9563,13.527828485512494
3,1.75,1880,11249,1.0,0,0,7,1330,550,1985,0,47.3295,1870,14547,12.736700896592344
1,0.75,740,1284,1.0,0,0,6,740,0,1928,0,47.6741,1430,3988,12.577636201962656
3,1.0,1620,10610,1.0,0,0,6,1620,0,1958,0,47.474,1680,10795,12.751299696013497
4,1.75,1840,10528,1.0,0,0,7,1210,630,1990,0,47.2987,1620,9331,12.524162674153336
5,1.5,1940,4800,2.0,0,0,8,1940,0,1905,0,47.6845,1750,4800,13.567049198665774
4,2.5,2229,5723,2.0,0,0,7,2229,0,2012,0,47.3693,2738,5742,12.691426603322494
4,2.75,2190,3267,2.0,0,0,8,2190,0,2004,0,47.7751,2190,3619,13.049792684569493
3,2.5,1520,1488,3.0,0,0,8,1520,0,2006,0,47.7337,1520,1497,12.86099861326992
4,2.0,1310,8454,1.0,0,0,7,1310,0,1953,0,47.7572,1320,8274,12.624782980388359
3,2.75,2000,7200,1.0,0,0,7,1000,1000,1954,2014,47.4531,1440,7200,12.978493006984626
3,1.75,2100,6874,1.0,0,0,7,1300,800,1943,0,47.6724,2220,5912,13.270783382522602
2,1.0,1130,15190,1.0,0,0,7,1130,0,1954,0,47.3902,1490,16920,12.384218830913648
3,2.5,1900,7984,2.0,0,0,8,1900,0,1993,0,47.7433,2650,9352,12.983101310070822
2,1.75,1220,15600,1.0,0,0,6,1220,0,1972,0,47.2853,1510,17818,12.28071618852594
2,2.0,1240,9119,1.0,0,0,7,1240,0,1952,0,47.6221,1380,9121,13.497369278027785
3,2.0,1640,4218,1.0,0,0,7,910,730,1941,0,47.6546,1670,4000,13.37700559577791
3,1.75,2070,6000,1.0,0,3,8,1340,730,1955,0,47.5226,2200,6000,13.444446876573442
3,2.5,1720,8550,1.0,0,0,7,1720,0,1968,0,47.2837,1460,8550,12.506177237980511
3,2.5,2850,11535,1.0,0,1,8,1680,1170,1952,2008,47.748,2670,9942,13.710150042306449
4,2.75,3350,5416,2.0,0,0,9,3350,0,2014,0,47.6849,3625,5637,13.580420935631663
3,3.25,2260,7701,2.0,0,0,8,1760,500,2000,0,47.5053,1880,7529,13.076507902817875
4,2.25,2330,7020,1.0,0,0,8,1450,880,1973,0,47.562,2330,8500,13.329377546788654
4,2.5,1320,7000,1.0,0,0,7,1320,0,1956,0,47.6007,1550,8610,13.028052697933088
4,2.5,2770,4432,2.0,0,0,9,2770,0,2004,0,47.4541,2770,5423,12.991799007383213
4,2.0,1420,9301,1.0,0,0,7,1420,0,1963,0,47.6325,1530,8075,12.89921982609012
3,0.75,1420,3060,1.0,0,0,7,860,560,1923,0,47.6872,1350,4000,12.779873068457553
4,2.5,2280,14810,1.0,0,0,8,1500,780,1977,0,47.5392,2690,12196,13.151922179645874
3,2.0,2180,5440,1.0,0,0,7,1100,1080,1904,0,47.657,1470,4109,13.573438996764546
4,2.75,2250,3433,1.5,0,0,8,1500,750,1927,2013,47.6382,1970,3484,13.864300722133706
3,2.0,1370,7500,1.0,0,0,7,1370,0,1997,0,47.3634,1420,7500,12.437184366493561
4,2.0,1730,5500,1.0,0,0,7,1010,720,1943,0,47.5304,1080,4900,12.793859310432293
3,2.25,2080,111513,1.5,0,0,8,1680,400,1977,0,47.7403,2440,107157,13.017002861746503
3,1.75,2820,8879,1.0,0,0,7,1540,1280,1920,1957,47.5094,1640,7850,13.03178199917309
2,1.0,820,4234,1.0,0,1,6,820,0,1951,0,47.5294,1550,4236,12.873773804758644
4,2.5,4090,11225,2.0,0,0,10,4090,0,2005,0,47.581,3510,8762,13.693342923990066
2,1.0,770,7554,1.0,0,0,6,770,0,1946,0,47.7057,1390,7500,12.86099861326992
3,2.75,2240,3360,2.0,0,0,8,2100,140,2014,0,47.4999,1790,5873,13.017002861746503
3,1.75,1970,10800,1.0,0,0,7,1300,670,1979,0,47.5107,1970,8768,12.765688433465597
4,2.5,2910,7287,2.0,0,0,8,2910,0,1998,0,47.5354,2420,6180,13.296316684527767
3,1.5,1200,7800,1.0,0,0,7,1200,0,1958,0,47.3137,1390,8415,12.180754837545884
4,2.5,2180,3893,2.0,0,0,8,2180,0,1999,0,47.6886,1710,4550,13.495993761992475
2,1.5,2070,5432,2.0,0,0,7,1370,700,1951,0,47.5571,2070,5505,13.122363377404328
4,2.75,1940,6555,2.0,0,0,8,1940,0,1990,0,47.3701,1840,6912,12.8790171187726
4,1.75,1850,7350,1.0,0,0,7,1050,800,1965,0,47.3413,1450,7250,12.506177237980511
4,2.25,2500,8500,1.0,0,0,8,1600,900,1978,0,47.5615,2290,8927,13.37855478276474
3,2.25,1840,3500,1.5,0,0,8,1540,300,1910,0,47.6063,1800,3300,13.573693741384442
4,3.25,2690,3995,2.0,0,0,9,2060,630,2014,0,47.532,1810,4590,13.541073712262515
2,2.25,1160,954,2.0,0,0,8,960,200,2014,0,47.6647,1160,1327,13.226723392728571
0,0.0,3064,4764,3.5,0,2,7,3064,0,1990,0,47.6362,2360,4000,13.906264921232738
3,2.0,2110,5800,1.5,0,0,7,1990,120,1927,0,47.6645,1620,4300,13.493926933836812
3,2.0,1510,3760,1.0,0,0,7,930,580,1925,0,47.5425,1510,3760,13.16158409055761
3,2.25,2420,5304,1.5,0,0,7,1640,780,1947,0,47.6765,1560,5304,13.454540689742661
2,1.0,1131,1304,3.0,0,0,7,1131,0,2011,0,47.6912,1131,1992,12.886514453592564
3,2.5,1830,6162,2.0,0,0,8,1830,0,1994,0,47.3291,1860,7017,12.60786434827203
2,1.5,1400,9031,1.0,0,0,7,960,440,1982,0,47.2915,1450,7658,12.154779351142624
4,2.25,3230,9935,2.0,0,0,8,3230,0,1986,0,47.7685,2820,9722,13.345506928718539
2,1.0,1060,16988,1.0,0,0,6,1060,0,1954,0,47.4305,2320,10580,11.929000752190408
5,4.75,5410,13431,2.0,0,0,10,5050,360,1941,0,47.6306,3750,11596,14.749542971314586
4,2.25,2250,3600,2.0,0,0,9,2010,240,1912,1994,47.643,1910,3990,13.790192749979985
4,2.5,3010,9323,2.0,0,0,10,3010,0,1992,0,47.578,2840,8413,13.534471703726974
4,2.75,2930,4408,1.0,0,0,8,1660,1270,1939,0,47.5841,2200,4000,13.484224848030362
3,2.0,1980,3478,1.5,0,0,7,1440,540,1929,0,47.6775,1610,3478,13.226723392728571
3,2.5,2520,10012,2.0,0,0,10,2520,0,1987,0,47.6295,2680,10071,13.487006490992238
3,2.5,2150,9375,1.0,0,0,8,1550,600,1968,0,47.4578,1950,9100,12.556729517143344
3,1.0,1250,6250,1.0,0,0,7,1030,220,1949,0,47.5292,1130,6250,11.951180395901384
4,2.25,2500,10062,1.0,0,0,8,1600,900,1975,0,47.639,2500,9750,13.329377546788654
3,2.0,1330,8100,1.0,0,0,7,1330,0,1969,0,47.7251,1590,8100,12.863592648446968
3,2.5,1740,6992,2.0,0,0,7,1740,0,1990,0,47.3574,1260,6825,12.474189562487116
2,2.0,1120,780,2.0,0,0,8,760,360,2004,0,47.5788,1120,1322,12.84792653170257
3,2.25,1740,9370,1.0,0,0,7,1390,350,1992,0,47.391,1740,7555,12.577463773304586
3,1.5,960,7400,1.0,0,0,7,960,0,1962,0,47.3798,1640,8060,12.375815420117268
3,1.0,940,10368,1.0,0,0,7,940,0,1965,0,47.6608,2090,9620,12.777052192115912
3,3.5,1820,1991,2.0,0,0,8,1430,390,2014,0,47.596,1550,1460,13.122263372403996
2,1.5,1440,22081,2.0,0,0,7,1440,0,1990,0,47.7698,1440,19544,12.487485104968359
3,1.0,1020,5410,1.0,0,0,7,880,140,1928,0,47.6924,1580,5376,13.132313708257497
4,3.0,2170,4000,2.0,0,0,9,1610,560,1982,2011,47.6196,1670,4000,13.630385073837585
3,3.5,3390,10078,2.0,0,0,10,3040,350,2012,0,47.537,3290,12332,13.527828485512494
5,3.5,2738,6031,2.0,0,0,8,2738,0,2014,0,47.2962,2738,5201,12.889043219638559
4,2.5,3040,6587,2.0,0,0,7,3040,0,2003,0,47.683,2740,6587,13.38472764187182
2,2.25,1280,2574,2.0,0,0,7,1280,0,1992,0,47.5939,1250,3960,12.804909146618877
3,1.75,1900,5520,1.0,0,0,7,1280,620,1982,0,47.5549,1330,5196,12.86099861326992
3,2.25,1620,7772,2.0,0,0,8,1620,0,1988,0,47.3521,1710,6455,12.577636201962656
4,1.5,1780,14810,1.0,0,0,8,1180,600,1950,0,47.3581,1450,6728,12.388394202324129
3,1.75,1700,6120,1.0,0,0,7,1700,0,1952,0,47.5807,1330,6120,13.122363377404328
4,3.25,3770,982998,2.0,0,0,10,3770,0,1992,0,47.414,2290,37141,13.813508555293602
4,2.75,2850,3000,2.5,0,0,9,2530,320,2003,0,47.6406,2083,4500,13.985253332551368
3,2.5,2100,3574,2.0,0,0,7,1690,410,2005,0,47.7453,1970,2962,12.765688433465597
2,2.5,1090,13444,2.0,0,0,7,1090,0,2007,0,47.4166,1380,6000,12.225875272826354
2,1.5,1390,5000,1.0,0,0,8,970,420,1954,0,47.5673,1610,5000,13.180632285528304
2,1.0,910,7617,1.0,0,0,6,910,0,1936,0,47.7332,1310,6624,12.80765263256463
3,1.5,1040,1264,2.0,0,0,9,900,140,2015,0,47.5951,1350,3000,12.345834587905333
4,2.5,1981,4828,2.0,0,0,8,1981,0,2013,0,47.3252,1981,3783,12.61153442029945
3,1.75,2040,5000,1.5,0,0,7,1780,260,1924,0,47.6756,1690,5000,13.304684934198283
3,3.5,1320,1161,3.0,0,0,8,1320,0,2010,0,47.7162,1320,1161,12.751299696013497
3,1.5,1390,12500,1.0,0,0,6,1390,0,1976,0,47.6496,1390,9000,12.323855681186558
2,2.5,2350,2390,3.0,0,2,10,2000,350,2007,0,47.5999,1950,2390,13.864300722133706
3,2.0,1720,128066,1.0,0,0,7,1720,0,1994,0,47.4487,2360,111078,12.96453929221076
2,2.5,1400,2958,2.0,0,0,8,1400,0,2007,0,47.5496,1540,2385,12.827992316801751
4,3.25,2400,29252,2.0,0,0,8,2400,0,1982,0,47.743,2280,45000,13.279367126213993
3,2.5,2570,5000,2.0,0,0,11,2570,0,1984,0,47.6295,1570,5000,14.204168547756057
3,2.25,1970,3716,2.0,0,0,7,1970,0,1997,0,47.4907,1780,3716,12.736700896592344
3,1.5,1190,8100,1.0,0,0,7,830,360,1947,0,47.7146,1256,8100,12.959844447906553
3,2.0,2030,24829,1.0,0,0,7,1220,810,1979,0,47.2718,1980,15204,12.323855681186558
3,2.5,1390,1411,3.0,0,0,8,1390,0,2008,0,47.6485,1350,1266,13.235692062711331
3,1.0,1180,5965,1.5,0,0,6,1180,0,1928,0,47.7281,1270,7710,12.779873068457553
2,1.0,1260,3960,1.0,0,0,6,690,570,1925,0,47.6899,1250,3960,12.928778628331663
4,2.5,3190,38119,2.0,0,0,9,3190,0,1988,0,47.6698,2560,36280,13.547631112808673
3,1.5,1150,13200,1.0,0,0,7,1150,0,1956,0,47.4752,1220,13066,12.437184366493561
3,1.5,1360,1167,3.0,0,0,8,1360,0,2008,0,47.6962,1360,1167,12.821258284620408
4,2.5,2960,4760,2.0,0,0,8,2160,800,1900,0,47.6367,1600,4760,13.830399170458024
3,1.0,1360,9310,1.0,0,0,7,1020,340,1980,0,47.4901,1480,8330,12.345834587905333
4,2.25,2320,16800,2.0,0,0,9,2320,0,1977,0,47.2959,2700,15680,12.468436909997665
5,3.5,4410,13000,2.0,0,3,10,2920,1490,2014,0,47.5382,5790,12969,14.447622407378253
5,3.5,3790,8200,1.0,0,1,8,2120,1670,2001,0,47.4891,1740,8676,13.064204463230796
3,1.5,1640,2720,1.5,0,0,8,1640,0,1929,0,47.6869,1490,4375,13.071070083016778
4,1.75,1820,4500,1.5,0,0,8,1820,0,1921,0,47.6429,1870,3600,13.610943392223
4,2.0,2990,12970,1.5,0,2,7,1960,1030,1948,0,47.7605,2500,10680,13.287877815881902
4,2.25,2390,7350,2.0,0,0,8,2390,0,1990,0,47.2938,2390,7350,12.672946381766982
3,1.0,1140,9779,1.0,0,0,7,1140,0,1963,0,47.424,1520,9814,12.364357624495886
3,2.5,3290,90796,2.0,0,0,10,3290,0,1992,0,47.3154,2700,55023,13.437174117244362
5,3.25,3830,6507,2.0,0,0,9,3830,0,2014,0,47.6843,3950,6723,13.770502731727783
3,1.5,1710,4500,1.5,0,0,8,1410,300,1928,0,47.5366,1860,6000,13.043320170063875
3,1.5,1690,161913,1.0,0,0,7,1430,260,1952,0,47.356,1930,12548,12.821258284620408
3,1.75,3020,360241,2.0,0,0,8,3020,0,1992,0,47.2662,1890,209959,13.332624302887524
3,1.75,2920,10573,1.0,0,0,7,2920,0,1964,0,47.4429,1560,10572,12.691580461311874
3,1.0,1060,9123,1.0,0,0,7,1060,0,1952,0,47.6218,1620,9121,13.371096699717535
2,1.5,1480,9660,1.0,0,0,7,1480,0,1949,0,47.4577,1990,9660,12.449018824140563
2,1.5,1220,1120,2.5,0,0,8,1110,110,2008,0,47.6374,2010,3175,13.049792684569493
3,1.75,1830,10000,2.0,0,0,7,1830,0,1913,1964,47.741,1480,10000,12.793859310432293
3,1.75,1260,9346,1.0,0,0,7,1260,0,1963,0,47.3713,1800,9705,12.20856952572876
3,2.5,1480,7200,2.0,0,0,7,1480,0,1995,0,47.3126,1350,7200,12.4529327234617
5,3.0,3880,8432,2.0,0,0,7,3880,0,2004,0,47.4806,2620,5623,12.971540487669746
3,1.0,1030,5350,1.0,0,0,7,1030,0,1924,2009,47.4905,1030,5250,12.628067055589549
3,1.0,1000,4080,1.0,0,0,7,740,260,1945,0,47.5351,1480,4080,12.7868906411162
4,2.5,3740,8700,1.0,0,0,10,2260,1480,2004,0,47.4587,2650,6333,13.071070083016778
3,2.5,1960,3540,2.0,0,0,8,1960,0,2012,0,47.3568,1840,3825,12.742566016044742
4,2.0,2330,5000,1.5,0,0,7,1720,610,1925,0,47.6804,2090,5000,13.700099706452946
2,1.5,1320,10800,1.0,0,0,8,1320,0,1947,0,47.7145,2120,12040,13.054084536651034
2,1.0,930,3447,1.0,0,0,8,930,0,1978,0,47.3822,1160,3447,12.092343880201831
3,2.0,2400,217800,2.0,0,0,8,1590,810,1975,0,47.4166,2340,207781,13.317930160948304
3,3.75,3150,8550,2.0,0,0,10,3150,0,2007,0,47.6387,2510,8550,14.457364444136669
4,2.5,2030,9905,1.0,0,0,8,2030,0,1959,0,47.5518,2130,10008,13.339086360915616
3,2.0,1020,889,2.0,0,0,7,720,300,2009,0,47.5434,1130,972,12.542544882151386
3,2.0,2060,7000,1.0,0,0,9,2060,0,1988,0,47.5644,2110,7000,13.260384675301703
3,1.75,1820,7194,1.0,0,0,7,1820,0,1967,0,47.3352,1420,7560,12.334861560363091
4,2.75,2310,5000,1.5,0,0,8,1480,830,1908,0,47.5502,1100,5000,13.169246963303179
3,2.5,2780,33503,1.5,0,1,8,2110,670,1969,0,47.5844,3150,15542,13.946538820370678
5,2.5,3440,12900,1.0,0,2,8,1720,1720,1958,0,47.4426,2100,10751,13.224919965729422
3,2.0,1640,9750,1.0,0,0,7,1640,0,1959,0,47.7425,1340,9750,12.834681304952548
4,2.5,3160,13063,2.0,0,0,10,3160,0,1999,0,47.5996,3350,14213,13.448785278172041
4,1.75,1860,9750,1.0,0,0,7,1460,400,1969,0,47.7097,1900,8913,13.176851562688398
6,3.75,4000,6015,2.0,0,2,10,3080,920,2004,0,47.453,3180,5700,13.253391639810733
3,2.5,1700,4000,2.0,0,0,7,1700,0,2003,0,47.5327,1700,4417,12.858397831569864
3,1.75,1660,10716,1.0,0,0,7,1100,560,1988,0,47.7326,1630,7626,12.929991484756872
3,2.5,1210,2046,2.0,0,0,9,920,290,2008,0,47.5212,1070,651,12.6112043647371
4,1.75,1970,9389,1.0,0,0,7,1140,830,1960,0,47.7771,1820,8135,12.84779494409793
4,2.5,2280,9827,2.0,0,0,8,2280,0,1995,0,47.6883,1660,9827,13.384419902217138
4,2.25,2270,9464,1.5,0,0,7,1520,750,1940,0,47.5007,1770,9464,13.079455876393052
5,3.25,2750,7500,2.0,0,1,7,2150,600,1937,1997,47.6636,2750,7500,13.527828485512494
4,1.5,2340,5000,2.0,0,0,8,2100,240,1912,0,47.6065,2320,5500,13.500799813124575
3,2.75,2370,4632,2.0,0,0,7,2370,0,2002,0,47.3794,2290,5012,12.765688433465597
3,1.75,2090,6258,1.0,0,0,7,1390,700,1956,0,47.5503,1790,5793,12.765688433465597
3,1.75,1880,5752,1.0,0,0,7,940,940,1945,0,47.5354,1110,5201,12.928778628331663
5,2.0,3180,10800,1.0,0,0,8,1910,1270,1968,0,47.6354,2440,9750,13.470199372675857
2,2.0,1040,4750,1.0,0,0,6,850,190,1950,0,47.5293,1350,5000,11.982929094215963
4,2.5,3960,38615,2.0,0,0,10,3960,0,2000,0,47.7249,3290,43560,13.5985975564007
2,1.0,1250,12507,1.0,0,0,7,1250,0,1958,0,47.4972,1250,12498,12.577636201962656
5,3.0,2790,19439,1.0,0,3,7,1500,1290,1973,0,47.4088,1620,19439,13.287793066528065
3,1.75,1200,9266,1.0,0,0,7,1200,0,1960,0,47.314,1200,9266,12.367340793126296
5,2.5,1720,10202,1.5,0,0,7,1720,0,1970,0,47.4572,1720,8478,12.237207874460886
3,1.75,1580,7000,1.0,0,0,7,1180,400,1976,0,47.7209,1640,7500,12.821258284620408
5,2.5,2870,16238,2.0,0,0,8,2870,0,1962,0,47.6308,2870,16238,14.256986103595471
4,2.0,1220,9147,1.0,0,0,7,1220,0,1953,0,47.5011,1220,8576,12.568978139219542
3,1.0,1250,15603,1.0,0,0,7,1250,0,1959,0,47.5093,1720,10220,12.367340793126296
3,2.75,2200,7000,1.0,0,0,7,1280,920,1977,0,47.4574,1670,7000,12.691580461311874
2,1.0,940,5375,1.0,0,0,5,940,0,1952,0,47.4206,1200,7500,12.363076394339839
4,2.25,2420,36680,2.0,0,0,8,2420,0,1977,0,47.4663,2410,36680,13.122363377404328
3,2.5,3320,12840,1.0,0,0,10,2600,720,1990,0,47.5783,3230,14933,13.582316670796564
3,1.75,2000,9416,1.0,0,0,6,2000,0,1961,0,47.697,1440,9555,12.832011076396668
5,2.5,2840,9425,1.0,0,0,7,1590,1250,1962,0,47.7609,1900,11600,12.959844447906553
4,2.75,2310,5000,2.0,0,0,7,2310,0,2006,0,47.3614,1980,5000,12.644166273130065
3,1.75,2200,7200,1.0,0,0,8,1270,930,1962,0,47.3745,1800,8000,12.487485104968359
4,2.5,2210,5077,1.5,0,0,8,1480,730,1912,0,47.5719,1740,5000,13.336667980051335
2,1.75,1560,43748,2.0,0,0,8,1560,0,1967,2000,47.5729,1000,24602,12.594730635321957
4,2.5,2230,12753,1.0,0,0,7,1180,1050,1981,0,47.6297,1860,12753,13.304684934198283
3,1.0,900,2550,1.0,0,0,6,900,0,1978,0,47.3036,1120,2550,11.80110741246366
4,2.5,2570,50308,1.5,0,0,10,2570,0,1993,0,47.7418,3420,37891,13.592367006650065
3,1.75,2330,7200,1.0,0,0,8,1320,1010,1950,0,47.565,1820,7200,13.38472764187182
2,1.0,1740,8100,1.0,0,0,6,1050,690,1947,0,47.4942,960,8100,12.061046873479915
2,1.75,1710,8645,1.0,0,0,7,1510,200,1923,0,47.7005,1280,5366,13.071070083016778
2,2.5,1360,2693,2.0,0,0,6,1360,0,2003,0,47.3492,1360,2693,12.323855681186558
3,1.75,2000,6130,1.0,0,0,8,1120,880,1951,0,47.6925,2140,7150,13.215853720491667
4,1.75,1550,50094,1.0,0,3,6,1550,0,1967,0,47.2194,1720,50094,12.706847933442663
5,3.75,3570,14648,2.0,0,0,9,3570,0,2005,0,47.7377,3160,7882,13.343905647351566
3,2.0,1560,1156,3.0,0,0,8,1560,0,2014,0,47.605,1560,1728,13.122363377404328
3,2.5,1490,3840,2.0,0,0,7,1490,0,2002,0,47.374,2060,4384,12.491063600170463
3,3.0,4230,54977,2.0,0,3,9,3780,450,1951,2000,47.4176,2880,27201,13.696163800331709
3,1.5,1220,8345,1.5,0,0,7,1220,0,1931,0,47.5038,1880,10169,12.323855681186558
4,2.0,1540,10212,1.5,0,0,7,1540,0,1948,0,47.2056,1480,10212,12.468244583811861
3,1.5,2030,8880,1.0,0,0,7,1330,700,1963,0,47.5586,2140,5592,12.909170156943286
4,3.5,4030,1024068,2.0,0,0,10,4030,0,2006,0,47.4619,1830,11700,13.658856747918897
3,2.25,2680,41804,1.0,0,0,9,2680,0,1989,0,47.4828,2680,40866,13.423948355025102
4,2.5,2500,8282,2.0,0,0,9,2500,0,2013,0,47.5127,2500,8046,13.337474757021274
5,2.5,2210,10772,1.0,0,2,9,1430,780,1964,0,47.7383,2720,9858,13.381645975334411
4,2.5,3200,6691,2.0,0,0,7,3200,0,2002,0,47.367,2610,6510,12.952760593018148
3,2.5,1550,12920,2.0,0,0,7,1550,0,1999,0,47.6973,2610,10800,13.193753373491
5,2.75,2160,4000,1.5,0,0,7,1530,630,1927,0,47.667,2040,4000,13.417269294945429
3,2.5,2970,23100,1.0,0,0,7,1510,1460,1967,0,47.7735,2390,20300,12.89921982609012
4,1.5,1170,6240,1.0,0,0,6,1170,0,1960,0,47.5495,2380,8846,13.17115354157376
5,2.25,2500,8621,1.5,0,0,7,2500,0,1968,0,47.7379,1980,7395,13.17115354157376
4,2.25,2090,10869,2.0,0,0,8,2090,0,1970,0,47.6715,1800,17788,13.102160670086809
5,1.75,2190,16788,1.0,0,2,8,1380,810,1978,0,47.3764,1920,8366,12.421184025147118
3,2.0,2070,9000,1.0,0,0,7,1450,620,1969,0,47.3085,1630,7885,12.445089546000673
4,2.75,2830,13059,2.0,0,0,10,2830,0,1998,0,47.595,3840,11596,13.51979631381523
4,2.5,2450,12987,1.0,0,0,9,2030,420,1980,0,47.6197,2730,13685,13.636383892066839
4,2.5,1790,4358,2.0,0,0,7,1790,0,1993,0,47.3994,1790,4305,12.468436909997665
3,1.75,1570,6975,1.0,0,0,7,1040,530,1979,0,47.5137,1280,7813,12.793720411897448
3,3.0,1950,1833,3.0,0,0,9,1610,340,2009,0,47.6078,2040,2131,13.590490246637204
2,2.25,1061,2884,2.0,0,0,7,1061,0,2013,0,47.346,1481,2887,12.319356686983513
4,1.0,1620,17500,1.0,0,0,7,1620,0,1962,0,47.3021,2400,17394,12.292250341771226
4,1.0,1520,80150,1.0,0,0,5,1520,0,1948,0,47.4742,1740,84506,12.80765263256463
5,2.25,3740,14913,1.5,0,0,9,3740,0,1979,0,47.6234,2180,7600,13.399995114002609
3,2.25,2590,9263,1.0,0,0,8,1440,1150,1977,0,47.7691,2580,9450,13.16158409055761
5,2.5,2344,8000,1.0,0,0,8,1560,784,1976,0,47.3185,2344,8000,12.779873068457553
5,2.0,2700,10875,1.0,0,0,7,1540,1160,1962,0,47.6163,2040,7464,13.270783382522602
4,2.75,3280,6845,2.0,0,0,10,3280,0,2003,0,47.7042,3280,7467,13.506945274596069
3,1.75,1710,10950,1.0,0,0,7,1060,650,1967,0,47.4678,1180,10950,12.577636201962656
3,1.75,1460,7700,1.0,0,0,7,1460,0,1979,0,47.6981,1720,7280,12.958667284733538
4,2.5,1950,3720,2.0,0,0,8,1950,0,2004,0,47.5503,1720,3720,13.279367126213993
3,1.75,2040,6000,1.0,0,0,7,1120,920,1958,0,47.5688,1530,6250,13.226723392728571
4,2.5,2630,28298,2.0,0,0,8,2630,0,1996,0,47.6314,2840,26071,13.38472764187182
1,1.0,620,7620,1.0,0,0,6,620,0,1926,0,47.4697,1160,7620,12.26434155365415
4,1.0,1540,4500,1.5,0,0,7,1540,0,1905,0,47.587,1920,6000,13.044401835934616
4,1.5,2740,4000,2.0,0,0,9,1930,810,1905,0,47.6343,1680,4000,13.91535589293399
3,1.0,1090,10114,1.0,0,0,7,1090,0,1955,0,47.2975,1380,7800,11.84939770159144
4,2.5,2680,7178,2.0,0,0,8,2680,0,2004,0,47.5325,2540,7133,13.151922179645874
3,1.0,1020,8437,1.0,0,0,6,1020,0,1987,0,47.2093,1420,8500,12.323855681186558
4,2.5,1983,6002,2.0,0,0,9,1983,0,2012,0,47.3281,2502,4750,12.751299696013497
3,1.75,1810,10625,1.0,0,0,8,1370,440,1973,0,47.5322,2140,10922,13.15676480412166
3,2.5,2150,14092,2.0,0,0,8,2150,0,1991,0,47.4621,2400,10699,12.793859310432293
4,2.0,1510,4235,1.0,0,0,7,1510,0,1955,0,47.546,1510,4268,12.445089546000673
3,1.75,2140,6000,1.0,0,0,7,1070,1070,1948,0,47.6913,1240,4650,13.084661510220318
3,2.25,1940,7482,1.0,0,0,7,1240,700,1964,0,47.6004,2340,9310,13.36138027787483
3,1.0,910,8700,1.0,0,0,6,910,0,1943,0,47.449,1090,8700,12.013700752882718
4,2.25,2080,7700,1.0,0,0,7,1450,630,1968,0,47.4349,1900,7980,12.611537753638338
3,2.5,1760,2688,2.0,0,0,7,1760,0,2005,0,47.4903,1760,2329,12.593034282073779
4,3.25,3780,11200,2.0,0,0,11,3780,0,2002,0,47.521,3720,11813,13.844098014816186
3,1.75,1290,4811,1.0,0,0,7,1290,0,1996,0,47.3912,1310,4811,12.0015054797889
4,2.5,2690,9551,2.0,0,0,9,2690,0,1992,0,47.4343,2890,9121,12.992254692057308
4,3.5,3830,8963,2.0,0,0,10,3120,710,2014,0,47.599,2190,10777,14.346138809026444
3,2.5,3020,4120,2.0,0,0,9,2360,660,2008,0,47.5714,2280,4120,13.560618308335483
4,2.25,1870,4198,2.0,0,0,7,1870,0,2008,0,47.3657,1870,4184,12.657145080171944
2,1.0,740,6840,1.0,0,0,6,740,0,1942,0,47.5172,740,6840,12.429216196844383
5,3.25,3970,8029,2.0,0,2,9,2970,1000,1979,0,47.7764,2520,8214,13.81049801614073
3,1.0,1210,4731,1.5,0,0,7,1210,0,1901,0,47.6865,1450,5264,12.560244459250788
3,2.5,1810,7350,1.0,0,0,8,1310,500,1984,0,47.4434,2240,7350,12.697715449879391
3,2.75,3890,7216,2.0,0,1,8,3260,630,1967,2010,47.5445,2490,9920,13.892471599100402
3,1.0,1090,11292,1.0,0,0,7,1090,0,1952,0,47.7429,1570,8198,12.91410843858387
3,1.0,1210,3328,1.5,0,0,7,1210,0,1924,0,47.6729,1640,3333,13.178743710840436
3,2.25,1920,11500,1.0,0,0,8,1920,0,1972,2000,47.5498,2260,8866,13.151922179645874
3,1.75,2280,77972,1.0,0,0,8,1460,820,1977,0,47.4804,2460,14430,13.527428405491154
3,1.5,2230,8558,2.0,0,0,8,2230,0,1960,0,47.5833,2200,8558,13.437174117244362
2,1.0,810,5100,1.0,0,0,6,810,0,1955,0,47.7317,1500,5100,12.341477282536376
2,1.75,1720,5785,1.0,0,0,6,860,860,1948,2002,47.5554,1680,5184,13.406037428458571
3,1.0,1140,5395,1.0,0,0,7,1010,130,1909,0,47.6782,1700,5376,13.263862939678027
4,1.5,2310,13300,1.0,0,0,7,1890,420,1950,0,47.6232,2840,12744,13.919870573288517
3,1.75,1400,6750,1.0,0,0,7,1040,360,1975,0,47.717,1860,7480,13.010313873595706
2,1.0,820,288367,1.0,0,0,6,820,0,1930,1986,47.4196,1580,8154,12.594730635321957
4,2.25,2290,10687,2.0,0,0,9,2290,0,1978,0,47.5878,2290,10300,13.764090939808739
5,1.5,1700,7200,1.5,0,0,7,1700,0,1937,0,47.7614,1460,7194,13.214030565930152
4,3.0,3040,11651,2.0,0,0,10,3040,0,1987,0,47.6348,2540,11815,13.445895102749807
4,1.75,2720,7810,1.0,0,0,8,1510,1210,1952,0,47.6788,2120,7315,13.304601597392535
3,1.0,1190,4120,1.0,0,0,6,1190,0,1929,0,47.5513,1360,4635,12.676076274775909
4,2.5,2790,7956,2.0,0,0,9,2790,0,2005,0,47.3681,1660,8192,12.834681304952548
4,2.5,3140,32336,1.5,0,0,10,3140,0,1995,0,47.7412,2340,19965,13.475833190394113
5,2.75,2770,6116,1.0,0,0,7,1490,1280,1979,0,47.4847,1920,6486,12.55479101975245
4,2.75,2390,6979,2.0,0,0,8,2390,0,1993,0,47.5703,2090,6321,13.345506928718539
2,1.0,940,3800,1.0,0,0,7,940,0,1929,0,47.6798,1680,3800,13.084044497477192
4,1.5,2140,7920,1.0,0,0,7,1190,950,1959,0,47.5491,2140,7238,12.842649474601725
3,2.0,1800,5000,2.0,0,0,7,1600,200,1925,0,47.5447,1640,5000,13.262125319779487
4,2.5,2830,8399,2.0,0,0,9,2830,0,1998,0,47.5851,2520,6890,13.42984807715229
3,2.5,2320,6775,1.0,0,0,8,2320,0,2008,0,47.7158,1680,4750,13.49812500613905
4,2.5,3550,10968,2.0,0,0,9,3550,0,2006,0,47.5431,3550,8583,13.437174117244362
4,3.25,3440,7661,2.0,0,0,11,3440,0,2006,0,47.5429,3580,6478,13.715690222682063
3,2.5,2010,6857,1.0,0,0,9,1450,560,1955,0,47.6402,2380,6370,13.77468856344402
6,2.0,2390,8660,1.5,0,0,7,2390,0,1925,0,47.7589,2250,12942,13.15434642325738
3,1.0,1400,2250,1.5,0,0,7,1400,0,1909,0,47.6373,1630,3600,13.473020249017498
2,1.75,1680,8187,1.0,0,0,8,1680,0,1983,0,47.5603,2390,7801,13.337474757021274
3,1.75,1516,2897,1.0,0,0,7,998,518,1925,0,47.6842,2100,3854,13.263124820112571
4,2.5,2260,7500,1.0,0,0,8,1460,800,1965,0,47.4645,2260,7500,12.765688433465597
4,2.25,2940,5735,1.0,0,0,9,1470,1470,1957,0,47.6381,2230,5659,14.28551418721001
5,4.75,6200,13873,2.0,1,4,11,4440,1760,1989,0,47.605,2940,13525,15.009433026436708
3,1.75,1230,1441,2.0,0,0,8,1010,220,2004,0,47.5626,1170,1942,12.882836346839595
4,2.5,2360,5226,2.0,0,0,8,2360,0,2001,0,47.712,2440,5156,13.304684934198283
3,2.5,1560,10608,2.0,0,0,7,1560,0,1994,0,47.3572,1360,10608,12.445089546000673
3,1.5,1460,5040,1.0,0,0,7,1100,360,1971,0,47.7112,2330,7560,13.197470849891134
3,1.75,1920,4000,1.0,0,0,7,1070,850,1950,0,47.6392,2280,4000,13.329377546788654
3,3.5,2380,6250,2.0,0,3,8,1670,710,1997,0,47.5137,2540,4010,13.112313041550827
5,2.0,1900,5000,1.0,0,2,8,1720,180,1957,0,47.6735,1770,5000,13.353475098367715
4,3.5,3820,17745,2.0,0,2,8,2440,1380,1955,0,47.557,2520,9640,13.217673557208654
3,2.5,1440,4473,2.0,0,0,7,1440,0,2003,0,47.6825,1650,3322,13.049792684569493
3,1.75,2340,12443,1.5,0,0,8,2340,0,1965,0,47.5432,1970,9600,13.235692062711331
4,3.0,4260,18000,2.0,0,2,11,4260,0,2000,0,47.5355,3540,17015,14.508657738524219
4,2.5,2560,4020,2.0,0,0,9,2560,0,2006,0,47.3533,3010,4916,12.92391243868049
3,2.5,1690,1200,2.0,0,0,8,1410,280,2014,0,47.5388,1740,1664,12.727541429394645
3,1.75,2180,14135,1.0,0,2,8,1300,880,1947,0,47.673,3540,10318,13.664687668229691
4,2.75,2260,12005,1.0,0,0,8,2260,0,1956,1989,47.6342,1870,10800,13.512985538642718
2,1.75,1250,7029,1.0,0,0,7,1250,0,1986,0,47.6936,1680,8470,13.056223574899784
2,1.0,890,3060,1.0,0,0,7,770,120,1910,0,47.6663,1760,4080,13.203021280421783
3,1.5,1320,13200,1.0,0,0,7,1320,0,1970,0,47.5009,1730,13200,12.697715449879391
3,1.75,1590,7148,1.0,0,0,7,1590,0,1952,0,47.4713,1150,7280,12.464583340681674
4,1.75,1120,8250,1.0,0,0,7,1120,0,1966,0,47.4555,1330,7975,12.437184366493561
3,1.5,1220,7300,1.0,0,0,7,1220,0,1973,0,47.3341,1260,7347,12.072541252905651
4,2.75,2940,5400,1.5,0,2,8,1940,1000,1910,0,47.6366,1970,2008,13.825460888817442
3,2.0,1840,6000,1.0,0,0,6,1840,0,1908,1944,47.5508,2010,6000,13.163505320735505
3,2.0,2350,5080,1.5,0,0,8,1780,570,1929,0,47.5516,1700,5080,13.249876697703288
3,1.0,1500,6240,1.0,0,0,7,1500,0,1953,0,47.7281,1230,6240,12.973863369085885
3,1.0,1300,10236,1.0,0,0,6,1300,0,1971,0,47.5028,1380,11325,12.765688433465597
2,2.0,1500,761,3.0,0,3,8,1500,0,2008,0,47.6522,1360,1527,13.415032991367148
4,2.75,3040,7274,2.0,0,3,9,2320,720,1986,0,47.7184,2830,10080,13.369223455335854
3,2.5,3540,38322,2.0,0,0,10,3540,0,1989,0,47.6892,3540,35926,13.697346199613632
3,1.0,1540,9800,1.0,0,0,7,1540,0,1950,0,47.7604,1560,9450,12.765688433465597
3,2.5,2510,9240,2.0,0,0,8,2510,0,2001,0,47.1896,2690,9240,12.774223335915433
3,2.5,2700,9994,1.0,0,3,7,1350,1350,1959,0,47.397,2470,10664,12.904207367601158
4,1.75,2340,5940,1.0,0,0,8,1290,1050,1953,0,47.6789,1930,5940,13.385496576934697
3,2.5,3660,39478,2.0,0,2,9,3260,400,1989,0,47.2413,2700,38312,13.180632285528304
3,2.25,2560,41346,2.0,0,0,10,2560,0,1986,0,47.4871,3040,35395,13.397853428290748
3,2.5,2630,4611,2.0,0,0,8,2630,0,2001,0,47.5322,2220,5250,13.116345305078767
2,1.0,1080,5000,1.0,0,0,7,1080,0,1954,0,47.5682,1010,5000,12.691580461311874
3,2.25,2206,82031,1.0,0,2,6,866,1340,1983,0,47.6302,2590,53024,13.567049198665774
3,1.75,1760,235224,1.0,0,0,7,1760,0,1973,0,47.6735,2320,87120,13.249876697703288
3,1.0,1530,6372,1.0,0,0,7,1210,320,1962,0,47.535,1960,6426,12.866179972011919
3,2.75,3200,6699,2.0,0,0,9,3200,0,2004,0,47.5884,3020,6699,13.475833190394113
3,1.0,1520,10798,1.0,0,0,7,1520,0,1953,0,47.7635,1670,9876,12.834681304952548
4,3.25,2320,5900,1.5,0,2,9,2320,0,1910,0,47.597,2320,6240,13.747820408994324
3,2.25,1680,9766,2.0,0,0,7,1680,0,1989,0,47.7341,1590,9757,12.889169490236618
3,2.5,1580,2765,2.0,0,0,8,1580,0,2011,0,47.5444,1580,1820,12.765402678355779
3,1.5,2040,6000,1.0,0,0,7,1340,700,1957,0,47.5218,1190,6000,12.721885810807203
3,1.75,1900,11407,1.0,0,0,8,1900,0,1963,0,47.7455,1710,11407,12.793859310432293
4,2.0,2040,8281,2.0,0,1,7,2040,0,1961,0,47.6689,2560,8281,13.244581010128577
5,2.0,2280,19000,1.5,0,0,6,2280,0,1924,0,47.4683,1790,11800,12.80765263256463
5,2.5,3150,50094,2.0,0,0,9,3150,0,1969,0,47.6387,3600,48787,13.818506066944073
3,1.5,1330,8636,1.0,0,0,7,1330,0,1968,0,47.7289,1370,7475,12.833347081939412
3,1.75,1780,5850,1.0,0,0,7,980,800,1944,0,47.5589,1550,5850,13.245465574538311
4,2.25,2320,7350,2.0,0,0,8,2320,0,1973,0,47.4512,2170,7350,12.751299696013497
2,1.5,1090,847,3.0,0,0,8,1090,0,2009,0,47.7235,1090,1118,12.672946381766982
5,1.75,1580,5292,1.0,0,0,6,980,600,1913,0,47.5677,1600,2976,12.487485104968359
5,2.5,3000,10560,1.0,0,0,8,1500,1500,1966,0,47.6249,2690,11616,13.592367006650065
5,2.75,2580,7865,1.0,0,0,8,1480,1100,1964,0,47.6208,2140,8400,13.38472764187182
3,1.0,1560,4500,1.5,0,0,7,1560,0,1903,0,47.6118,1660,4500,12.936033799212835
3,2.5,1840,5680,2.0,0,0,7,1840,0,2008,0,47.6969,1600,4697,12.983101310070822
3,2.25,1936,9495,1.0,0,0,8,1936,0,2013,0,47.3714,1410,12770,12.733460357595142
4,1.5,1430,4163,1.5,0,0,7,1430,0,1910,0,47.6606,1500,4000,13.262125319779487
3,2.5,2470,4565,2.0,0,0,7,2470,0,2005,0,47.514,2470,5064,13.005829561148378
3,2.25,1580,4379,2.0,0,0,8,1580,0,1994,0,47.5694,1770,4187,13.122363377404328
5,1.75,2320,8100,1.0,0,0,7,1160,1160,1956,0,47.4631,1410,7271,12.66032791780777
3,3.5,4240,21578,2.0,0,0,10,3500,740,1994,0,47.5614,3120,16440,14.146970252761943
3,2.25,2080,50965,1.0,0,0,8,1590,490,1979,0,47.7506,2270,51836,13.038981768465277
3,1.75,1790,6980,1.0,0,0,7,1330,460,1980,0,47.7311,1770,8081,12.904704756320688
3,1.75,1520,9605,1.0,0,0,7,1520,0,1975,0,47.667,2040,9900,13.180632285528304
2,1.0,760,4000,1.0,0,0,6,760,0,1950,0,47.5466,1640,4500,12.487485104968359
3,1.75,1560,16194,1.0,0,0,8,1560,0,1961,0,47.5966,2430,16193,13.122363377404328
4,2.25,1940,8270,2.0,0,0,7,1940,0,1962,0,47.7567,1800,7743,13.180632285528304
2,2.0,1580,5750,1.0,0,0,6,790,790,1910,0,47.5668,1580,5750,13.232114241363448
4,3.5,3820,13224,2.0,0,0,10,3280,540,1990,0,47.6005,3340,9700,14.03062193758122
4,2.5,1850,6037,2.0,0,0,7,1850,0,1991,0,47.359,1860,6037,12.535376392672774
3,1.75,1600,9135,1.0,0,0,7,1600,0,1955,0,47.5724,1580,9800,13.345506928718539
3,1.75,1400,6000,1.0,0,0,7,700,700,1919,0,47.5283,1030,6000,12.727838209334498
3,3.0,3250,5093,2.0,0,3,10,3250,0,2004,0,47.5123,2820,7752,13.864300722133706
4,1.75,1830,11090,1.0,0,0,7,1060,770,1962,0,47.7333,1990,10917,12.855790268162783
5,2.5,2020,8250,1.0,0,0,8,1430,590,1978,0,47.4432,1680,8959,12.755638097612096
3,2.0,1630,7599,1.0,0,0,10,1630,0,2006,0,47.6981,2030,7599,13.550828609741554
3,1.5,1010,7755,1.0,0,0,6,1010,0,1953,0,47.4238,1270,8350,12.128111104060462
5,3.0,3640,28531,2.0,0,0,10,3640,0,1996,0,47.5502,3330,17186,13.998406949509071
3,1.75,1420,6289,1.0,0,0,7,1100,320,1967,0,47.7398,1460,7402,12.706611541868012
3,2.0,2140,7200,1.0,0,0,8,1480,660,1966,0,47.5084,2070,7220,12.754627486106171
3,2.5,2370,7500,1.0,0,3,8,1620,750,1979,0,47.4091,1960,8062,12.759957758756611
3,2.25,2190,8775,1.5,0,1,8,2190,0,1927,0,47.7303,1910,8145,13.283546414995719
3,2.5,2880,11443,2.0,0,0,9,2880,0,1986,0,47.5633,2840,12530,13.693342923990066
4,2.5,2230,6487,2.0,0,0,7,2230,0,2003,0,47.3287,2230,6882,12.628067055589549
3,2.25,1630,10962,1.0,0,0,8,1100,530,1977,0,47.3801,1830,8470,12.628067055589549
2,2.5,1550,2657,2.0,0,0,8,1550,0,1987,0,47.7034,1570,2442,12.962194625251508
4,3.75,4030,503989,2.0,0,0,10,4030,0,2008,0,47.4807,2110,71874,13.732128949025222
3,2.25,1540,5449,1.0,0,0,7,1180,360,1989,0,47.29,1460,6740,12.078239274020289
2,1.0,600,4854,1.0,0,0,6,600,0,1922,0,47.4927,1470,5000,12.066810578196666
3,2.25,2380,11824,1.0,0,0,9,1450,930,1972,0,47.5371,2750,11491,13.592367006650065
4,2.5,2320,8721,2.0,0,0,8,2320,0,1991,0,47.7326,2260,8268,13.240146413060712
2,1.0,710,6300,1.0,0,0,6,710,0,1942,0,47.5155,740,6300,12.57418196709457
4,1.0,1560,8450,1.5,0,0,6,1560,0,1954,0,47.4552,1380,8100,12.628067055589549
2,1.75,1030,1066,2.0,0,0,7,765,265,2006,0,47.5394,1030,1106,12.721885810807203
3,3.25,1390,1278,2.0,0,0,8,1140,250,2005,0,47.6735,1390,1256,13.058358047428417
5,1.75,2870,9680,1.0,0,4,9,1440,1430,1966,0,47.6122,2940,9729,13.963930563082547
5,3.25,5600,107157,2.0,0,0,10,3440,2160,1988,0,47.7341,3470,75794,13.900770401915098
3,1.0,1310,9529,1.0,0,0,7,1310,0,1956,0,47.4105,1330,9529,12.043553716032399
3,2.0,1160,7217,1.0,0,0,7,1160,0,1969,0,47.7279,1870,9104,12.631340380934517
4,3.5,2720,3000,2.0,0,0,9,2250,470,2014,0,47.5371,1600,4600,13.579788224443204
2,1.0,1140,23030,1.0,0,0,8,1140,0,1980,0,47.7637,1850,14260,11.982929094215963
3,2.25,1450,4706,2.0,0,0,7,1450,0,2009,0,47.761,1490,4667,12.89921982609012
3,2.0,3000,21883,2.0,0,0,7,1970,1030,1998,0,47.7599,2280,14025,13.103180557987555
4,2.75,3980,9209,2.0,0,0,11,3980,0,2002,0,47.6286,3800,9333,13.785051350479566
5,2.0,2120,137565,1.5,0,0,7,2120,0,1913,0,47.4558,2120,157123,12.987688474077727
4,4.5,3890,5906,2.0,0,3,11,3060,830,2004,0,47.5426,4170,6052,13.785051350479566
3,1.5,1540,11858,1.0,0,0,7,1540,0,1966,0,47.4755,1550,11473,12.7868906411162
3,2.25,2440,47916,2.0,0,0,8,2090,350,1991,0,47.6347,2150,24000,13.091904169919621
2,1.0,1040,4040,1.0,0,0,7,940,100,1928,0,47.6829,1420,4040,12.959844447906553
3,2.25,2170,5001,2.0,0,0,8,2170,0,2014,0,47.6937,1700,6991,13.594863886848652
3,3.0,4120,60392,2.0,0,2,9,3180,940,1994,0,47.6804,2770,64033,13.235692062711331
4,2.25,1780,8820,1.0,0,0,8,1480,300,1966,0,47.3618,1780,8625,12.644327576461329
4,2.25,1880,6160,2.0,0,0,7,1880,0,1993,0,47.3214,1580,6405,12.513557345278134
4,3.0,3150,9130,2.0,0,0,9,3150,0,2001,0,47.5974,2970,6228,13.45166712454693
4,2.25,1990,21312,1.0,0,0,8,1990,0,1968,0,47.439,2400,19210,12.80765263256463
3,2.25,1850,7480,2.0,0,0,7,1850,0,1978,0,47.452,1870,7480,12.54236629477704
3,2.25,2010,7495,1.0,0,0,8,1570,440,1979,0,47.5613,2050,8402,13.337474757021274
5,3.25,2900,12160,1.0,0,0,8,1890,1010,1967,0,47.6154,2590,12160,13.579788224443204
3,1.0,1460,5825,1.0,0,0,5,1260,200,1942,0,47.4958,1150,5926,12.468244583811861
2,1.0,910,4500,1.5,0,0,7,910,0,1906,0,47.5633,1270,3500,12.765688433465597
3,1.0,1400,9460,1.0,0,0,7,1060,340,1961,0,47.5119,1570,7700,12.487485104968359
2,1.0,1160,5038,1.0,0,0,7,740,420,1942,0,47.5304,1160,5076,12.959844447906553
3,2.5,2260,8120,2.0,0,0,8,2260,0,2004,0,47.2924,2250,7784,12.691580461311874
4,1.0,1550,7740,1.5,0,0,6,1550,0,1954,0,47.5222,1220,7740,12.861517958906107
3,1.0,1430,8640,1.0,0,0,7,1430,0,1954,0,47.572,1430,9840,13.219671559871326
3,3.5,2600,11920,2.0,0,0,8,2600,0,1969,0,47.582,2430,10050,13.800396920154226
3,1.5,1340,6000,1.5,0,1,9,1340,0,1927,0,47.66,2600,6000,13.717897729097274
3,1.0,1480,7469,1.5,0,0,6,1120,360,1940,0,47.5048,1460,7379,12.468436909997665
3,1.75,2130,6360,1.0,0,0,7,1720,410,1959,0,47.7059,1540,6361,13.11332263275218
4,3.5,4070,336283,2.0,0,0,11,4070,0,2006,0,47.478,3020,44613,14.346138809026444
3,1.75,1600,10530,1.0,0,2,8,1600,0,1962,0,47.7437,2590,8274,13.239257128875828
4,1.0,2050,7590,1.0,0,0,7,1280,770,1957,0,47.4916,2050,7800,12.706696406811568
4,2.5,2490,8750,2.0,0,0,8,2040,450,1976,0,47.5931,2120,10240,13.185338176565716
3,1.75,1380,9134,1.0,0,0,7,880,500,1981,0,47.5087,1400,8190,12.80765263256463
3,2.5,2150,7484,2.0,0,0,8,2150,0,1988,0,47.6191,2150,6879,12.816517334324876
4,1.5,1470,70800,1.0,0,0,7,1470,0,1976,0,47.3458,1810,72337,12.691580461311874
4,2.5,3040,35201,2.0,0,0,10,3040,0,1987,0,47.4872,2990,35416,13.493926933836812
3,1.0,1460,10200,1.0,0,0,7,1460,0,1957,0,47.4238,1460,8500,12.301382825334498
3,1.0,1030,8395,1.0,0,0,7,1030,0,1960,0,47.3322,1370,9380,12.072541252905651
2,1.0,1080,4725,1.5,0,0,7,1080,0,1944,0,47.5275,1520,4961,12.873902018105829
4,1.0,1540,7350,1.0,0,0,6,770,770,1969,0,47.3318,910,8000,11.982929094215963
3,2.25,2120,6710,1.0,0,0,7,1420,700,1959,0,47.7461,1880,6960,12.985397522331171
2,1.0,1060,6100,1.0,0,0,6,1060,0,1951,0,47.7317,1550,9150,12.337100907936577
3,1.0,1140,3240,1.5,0,0,6,1140,0,1910,0,47.7093,1140,4700,11.982929094215963
3,1.0,1080,10639,1.5,0,0,7,1080,0,1953,0,47.3171,1470,10600,12.296827008798639
4,1.75,1770,9848,1.0,0,0,8,1370,400,1967,0,47.6208,2040,9587,13.31488275917473
4,2.5,2020,9600,2.0,0,0,7,2020,0,1954,0,47.5434,2250,8550,13.442996549995796
3,1.0,1410,7419,1.0,0,0,7,1050,360,1969,0,47.534,1800,8000,12.616525295149378
3,1.75,1370,10780,1.0,0,0,7,1370,0,1959,0,47.4727,1370,10317,12.043553716032399
2,2.0,1850,4667,1.0,0,0,8,1850,0,2010,0,47.7101,1860,6008,13.286181462633724
3,1.5,1820,8585,1.0,0,0,7,1820,0,1962,0,47.4479,1740,10088,12.230765258120545
3,2.5,1790,7167,2.0,0,0,8,1790,0,1989,0,47.6176,1680,7418,13.151922179645874
3,1.75,1570,8530,1.0,0,0,7,1190,380,1983,0,47.6881,1530,8708,13.122363377404328
4,1.75,1270,6825,1.0,0,2,7,1270,0,1950,0,47.5051,1800,6930,12.4529327234617
4,1.75,1870,10450,1.0,0,0,8,1620,250,1978,0,47.5938,2060,10450,13.399995114002609
5,3.5,3520,5400,2.0,0,0,9,2400,1120,2008,0,47.6364,1360,3600,14.22097566607244
4,1.5,1810,3400,2.0,0,0,8,1810,0,1926,0,47.6264,1770,3600,13.235692062711331
4,1.0,1860,4736,1.5,0,0,7,1860,0,1901,0,47.6251,1800,4000,12.96453929221076
3,2.5,2400,99752,1.0,0,0,9,2400,0,1996,0,47.3917,2800,98010,13.287877815881902
3,2.0,1400,218252,1.0,0,0,7,1400,0,1997,0,47.7576,2230,218222,12.706847933442663
3,2.25,2260,13209,1.0,0,0,9,2260,0,1977,0,47.6385,2820,12534,13.422467969854667
4,2.75,3010,15992,2.0,0,0,11,3010,0,1996,0,47.5895,3330,12333,13.560618308335483
3,2.5,1890,5929,2.0,0,0,8,1890,0,1993,0,47.5697,2060,5775,13.142166004700508
2,2.5,1340,5995,2.0,0,0,7,1340,0,1989,0,47.7366,1540,6616,12.524526376648708
4,2.5,2530,6500,1.5,0,0,8,1720,810,1975,0,47.6737,2150,5280,13.38472764187182
3,2.25,1880,7350,1.0,0,0,8,1390,490,1984,0,47.4457,1910,8400,12.676076274775909
4,2.5,2040,6300,2.0,0,0,8,2040,0,2003,0,47.3918,2260,5877,12.66032791780777
4,2.0,1980,15354,1.0,0,0,7,1980,0,1977,0,47.638,1420,12300,12.886641043883259
4,3.25,3030,5164,1.5,0,0,9,2700,330,1925,0,47.6394,1890,4415,14.115615150414612
3,1.75,1260,7373,1.0,0,0,7,1260,0,1979,0,47.7296,1360,7373,12.911642346088676
4,2.5,2820,5934,1.0,0,3,9,1770,1050,1952,0,47.5706,2230,6000,13.77468856344402
3,2.5,1660,2415,2.0,0,0,7,1660,0,1983,0,47.3763,1740,2624,12.013700752882718
3,2.75,1720,6720,1.0,0,0,7,1270,450,1947,0,47.6138,1690,3248,13.108264453024827
3,2.5,2720,8622,2.0,0,0,8,2720,0,2002,0,47.4954,1950,8603,12.948009990259552
5,2.75,2166,6342,2.0,0,0,8,2166,0,2013,0,47.3461,2474,5948,12.694652660348845
3,2.25,1530,12000,1.0,0,0,7,1070,460,1979,0,47.2715,2140,13636,12.409013489526863
3,2.25,1190,1200,3.0,0,0,8,1190,0,2008,0,47.6542,1180,1224,13.071070083016778
3,1.75,1320,17390,1.0,0,0,7,1320,0,1956,0,47.3257,1550,19265,12.201060103706629
4,2.5,1677,7209,2.0,0,0,7,1677,0,2011,0,47.2957,2236,7209,12.594730635321957
2,1.5,1300,1676,1.0,0,2,7,1300,0,1943,0,47.6133,1260,1740,13.437174117244362
3,2.5,1260,900,2.0,0,0,7,940,320,2007,0,47.5621,1310,1415,12.84792653170257
5,4.0,4850,36450,2.0,0,0,10,4850,0,1977,0,47.6426,3850,35325,13.790192749979985
3,2.5,1870,3439,2.0,0,0,7,1870,0,2005,0,47.3992,2190,4029,12.611537753638338
2,1.0,1140,10152,1.0,0,0,6,760,380,1942,0,47.7369,1340,10141,11.938193200374572
5,2.5,3150,5150,2.0,0,0,8,1870,1280,1907,2004,47.5506,1550,5150,13.327750207129279
3,2.0,1630,7800,1.0,0,0,7,1630,0,1950,0,47.7326,1470,7800,12.838673326222086
3,1.0,1500,9416,1.0,0,0,8,1500,0,1952,0,47.7135,1440,7200,13.072122160967583
4,2.75,3050,4750,2.0,0,0,8,3050,0,2014,0,47.4857,2730,5480,13.242720874068063
2,1.0,1170,6000,1.0,0,0,6,1170,0,1948,0,47.5033,1130,7500,12.563572249343462
3,2.5,1890,7053,2.0,0,0,8,1890,0,1992,0,47.3967,2000,7226,12.758519943986984
5,3.0,3655,51836,1.0,0,0,8,2174,1481,1955,0,47.6434,2530,8606,13.514405465180353
4,2.25,2510,11585,2.0,0,0,8,2510,0,1969,0,47.5483,2450,9691,13.591116224748411
4,5.0,5820,13906,2.0,0,0,11,3750,2070,1993,0,47.3814,2980,13000,13.572801851155225
4,2.75,2090,9240,1.0,0,0,6,2090,0,1949,0,47.4854,1460,9240,12.691580461311874
5,1.5,1990,18200,1.0,0,0,7,1990,0,1960,0,47.4938,1860,8658,12.089538829274222
3,1.5,1450,7375,1.0,0,0,7,1010,440,1968,0,47.7212,1350,7440,12.904207367601158
3,3.0,2260,1834,2.0,0,0,8,1660,600,2002,0,47.6111,2260,1834,13.386264921190707
2,1.0,870,10492,1.0,0,0,7,870,0,1937,0,47.5467,1300,7987,12.853175887588712
4,2.5,2610,5562,2.0,0,0,9,2610,0,2013,0,47.5137,2720,7400,13.321804226005671
3,1.5,1460,9908,1.0,0,0,7,1460,0,1952,0,47.4275,1420,9582,12.644327576461329
4,2.0,2360,6000,2.0,0,0,8,2360,0,1904,0,47.6702,1730,4700,13.369223455335854
4,2.75,2420,10200,1.0,0,0,8,1220,1200,1962,0,47.72,2240,9750,12.994530005894443
3,2.25,1840,8400,1.0,0,0,8,1290,550,1961,0,47.5497,2110,8400,13.066427745074025
2,1.0,1140,5250,1.5,0,0,6,1140,0,1949,0,47.731,1450,5250,12.706696406811568
3,2.0,2320,17688,1.0,0,0,8,2320,0,1952,1994,47.4519,1610,14482,13.017002861746503
3,1.0,1810,12375,2.0,0,0,7,1810,0,1970,0,47.7427,1420,9357,12.696185227698622
2,1.75,1060,1202,2.0,0,0,7,760,300,2003,0,47.5426,1060,1493,12.721885810807203
3,2.25,1370,6600,2.0,0,0,7,1370,0,1993,0,47.3504,1370,6600,12.628067055589549
4,1.5,1280,5460,1.5,0,0,7,1080,200,1920,0,47.5348,1470,5934,12.845291484064564
4,2.5,2310,5362,2.0,0,4,8,2010,300,1928,0,47.6044,2530,5960,13.733215315237445
4,2.5,3230,12100,1.0,0,0,9,1870,1360,1977,0,47.562,2670,10200,13.625559974005828
4,2.5,2500,8434,2.0,0,0,8,2500,0,1988,0,47.6915,1900,8131,13.435713196604688
4,3.25,3720,6765,2.0,0,0,9,3720,0,2012,0,47.688,3100,6790,13.769466619462868
3,2.25,2200,7355,2.0,0,0,8,2200,0,1986,0,47.7266,2290,7868,13.3645249345543
2,1.0,1802,11225,1.0,0,0,7,1802,0,1961,0,47.7205,1810,7332,12.676076274775909
3,2.5,1740,1279,3.0,0,0,8,1740,0,2008,0,47.5891,1740,1280,13.249876697703288
2,1.0,1310,2814,1.0,0,0,6,810,500,1944,0,47.5185,1300,1344,12.610870864650634
4,2.0,1650,6000,1.0,0,0,7,1000,650,1959,0,47.5834,1540,6000,13.005829561148378
4,3.5,3150,6175,2.0,0,0,9,3150,0,2001,0,47.5966,3150,6986,13.458835614025542
4,2.5,2720,4738,2.0,0,0,8,2720,0,2012,0,47.515,2590,5740,13.208541073645382
4,1.75,2800,49149,1.0,0,0,7,1400,1400,1978,0,47.4649,2560,61419,12.994530005894443
2,1.75,1340,1368,2.0,0,0,7,1060,280,2006,0,47.618,2480,1707,13.16158409055761
3,2.75,2310,1850,2.0,0,0,10,2020,290,2011,0,47.5304,2340,2155,13.477236699396434
4,3.5,3090,100835,2.0,0,0,9,3090,0,1999,0,47.3087,2400,50543,13.422467969854667
3,1.0,1300,5898,1.0,0,0,7,1300,0,1961,0,47.5053,1320,7619,12.371587084007746
5,1.5,1830,94960,1.5,0,0,7,1830,0,1929,0,47.4218,1440,16365,12.301382825334498
2,2.25,2210,5500,1.0,0,0,8,1410,800,1968,0,47.697,2140,6600,13.328248454319036
3,1.75,1930,7267,1.0,0,0,7,1330,600,1977,0,47.3217,1600,7698,12.54236629477704
4,1.0,2100,9200,1.0,0,0,7,1050,1050,1959,0,47.476,1540,10033,12.259613412458204
2,1.0,670,3101,1.0,0,0,6,670,0,1948,0,47.5546,1660,4100,12.154779351142624
3,3.0,1850,5000,1.5,0,0,6,1850,0,1900,0,47.6711,1360,2500,13.790192749979985
3,1.25,2350,6200,1.0,0,0,7,1320,1030,1966,0,47.5979,2140,9543,12.793859310432293
4,1.75,2860,48351,1.0,0,0,8,1710,1150,1978,0,47.7605,2460,43560,13.180632285528304
4,1.75,2000,3988,1.0,0,4,7,1000,1000,1958,0,47.5925,1690,4144,13.604789526648622
3,2.75,2340,8828,1.0,0,0,9,2340,0,1954,0,47.632,3480,8526,14.26531147989249
2,1.0,1200,4000,1.0,0,0,7,1070,130,1940,0,47.5766,1770,4000,13.017002861746503
3,2.0,1620,7800,1.0,0,0,7,1200,420,1969,0,47.7288,1540,7565,13.17115354157376
4,2.25,3500,13875,1.0,0,4,9,1830,1670,1938,0,47.5083,2960,15000,13.687620366658358
4,2.5,2790,7673,2.0,0,0,9,2790,0,1989,0,47.6692,2740,7837,13.596109992928898
4,3.0,2380,5125,1.5,0,0,7,1680,700,1925,0,47.5384,1410,5375,13.060487973686241
3,1.5,1830,12233,1.5,0,0,5,1830,0,1930,0,47.2057,1520,12233,12.26434155365415
2,1.0,930,3150,1.0,0,0,6,930,0,1918,0,47.6783,1900,5000,13.005829561148378
3,2.0,1480,2502,2.0,0,0,7,1480,0,1991,0,47.6969,1850,5000,12.779873068457553
3,2.0,1770,6610,1.0,0,0,7,960,810,1954,0,47.7703,2010,4361,13.015891132893811
4,2.5,2460,7800,1.0,0,0,8,1500,960,1977,0,47.3081,2210,7800,12.474189562487116
6,1.5,1930,8400,1.0,0,0,7,1030,900,1971,0,47.4869,1780,9520,12.072541252905651
4,1.75,2930,11562,1.0,0,3,9,1670,1260,1947,0,47.6765,2530,6517,13.641157170819497
3,2.0,2070,9195,1.0,0,0,8,1220,850,1982,0,47.6491,2080,9551,12.644327576461329
4,3.25,3990,9786,2.0,0,0,9,3990,0,2004,0,47.6784,3920,8200,13.671640187544572
3,1.5,1120,8366,1.0,0,0,7,1120,0,1968,0,47.3632,1260,9000,12.230765258120545
4,3.0,2400,7680,1.0,0,0,7,1200,1200,1956,0,47.6466,2670,6342,13.317930160948304
3,1.5,1090,8160,1.0,0,0,7,1090,0,1967,2014,47.4551,1260,7560,12.495003937382387
4,2.5,2400,7270,2.0,0,0,8,2400,0,1993,0,47.2697,2150,6584,12.71589776896258
4,2.5,2210,4861,2.0,0,0,9,2210,0,2013,0,47.6959,1590,5080,13.38472764187182
3,1.5,3000,5750,2.0,0,0,9,2000,1000,1924,0,47.5821,1820,5750,13.928839243271277
5,3.25,3420,5669,2.0,0,0,9,2620,800,2003,0,47.5366,3310,6006,13.658856747918897
3,2.75,2200,9600,1.0,0,3,8,1570,630,1977,0,47.3438,2680,9896,12.834681304952548
3,1.0,1010,10800,1.0,0,0,7,1010,0,1972,0,47.4483,1370,9500,12.577636201962656
4,2.75,2610,9077,1.0,0,0,8,1310,1300,1987,0,47.4612,1900,10500,12.676076274775909
3,1.0,1330,5850,1.0,0,0,7,930,400,1954,0,47.5498,1440,5850,12.676076274775909
2,2.25,1170,1011,2.0,0,0,7,1170,0,2009,0,47.5321,1240,750,12.72709609427261
5,1.75,1320,38125,1.0,0,0,7,1120,200,1947,0,47.3937,2360,15070,12.84792653170257
3,2.5,2849,9588,2.0,0,0,10,2849,0,2001,0,47.6487,3190,8897,13.589863876431945
5,2.75,3220,5934,2.0,0,0,9,3220,0,2006,0,47.7076,3100,5934,13.589863876431945
4,1.75,1910,8775,1.0,0,0,7,1210,700,1956,0,47.7396,2210,8778,13.071070083016778
5,2.25,2130,4360,1.0,0,2,8,1240,890,1959,0,47.6586,1830,5000,13.244581010128577
3,1.75,1300,8500,1.0,0,0,7,1300,0,1964,0,47.209,1410,7800,12.425208175446844
1,1.0,700,2500,1.0,0,0,7,700,0,1907,0,47.5662,1340,5000,12.594730635321957
4,2.75,3250,10000,2.0,0,0,9,3250,0,2014,0,47.7557,1620,10089,13.442996549995796
4,2.5,2300,7707,2.0,0,0,8,2300,0,2004,0,47.3497,2320,6035,12.84792653170257
3,2.5,2260,33042,1.0,0,0,9,1660,600,1986,0,47.7634,2600,40115,13.321214236149494
3,1.0,1240,8000,1.0,0,0,6,1040,200,1954,0,47.4204,1240,8000,11.84939770159144
4,2.5,3030,29163,2.0,0,0,10,3030,0,1998,0,47.6569,2780,40669,13.635187003832993
4,2.25,1890,7616,1.0,0,0,8,1260,630,1979,0,47.3275,1890,7420,12.581078546153629
3,1.5,900,8690,1.5,0,0,6,900,0,1941,0,47.5751,1000,6150,13.049792684569493
4,2.5,3000,5639,2.0,0,0,8,3000,0,2008,0,47.7066,3000,4587,13.540942124657876
3,1.0,1440,7107,1.0,0,0,7,1000,440,1980,0,47.6968,1540,7140,13.077366011473593
3,1.75,950,6000,1.0,0,0,6,790,160,1939,0,47.5271,1360,6000,12.345834587905333
3,1.75,1720,7200,1.0,0,0,7,1140,580,1977,0,47.6977,1700,8400,13.17115354157376
4,1.75,1690,4080,1.0,0,0,7,870,820,1984,0,47.572,1320,4080,12.86099861326992
4,2.5,2520,6023,2.0,0,0,9,2520,0,2014,0,47.5137,2520,6023,13.322336556931518
5,3.5,2800,7350,2.0,0,0,7,2800,0,1995,0,47.5273,2190,7620,12.847663339175718
3,2.5,4560,17622,2.0,0,0,9,3800,760,1986,0,47.621,2360,15000,13.45166712454693
4,3.0,2240,8504,2.0,0,0,7,2240,0,1992,0,47.7348,1570,8460,12.727838209334498
2,2.5,1280,819,2.0,0,0,8,1060,220,2006,0,47.6905,1290,2900,12.675920012567607
3,2.25,2110,13300,2.0,0,0,8,2110,0,1985,0,47.3725,2470,14000,12.821258284620408
4,2.25,2720,18295,1.0,0,0,8,2000,720,1979,0,47.5851,2720,18295,13.37700559577791
2,1.0,1350,8220,1.0,0,0,7,1060,290,1949,0,47.7224,1540,8280,12.706847933442663
3,2.5,1690,2752,2.0,0,0,8,1690,0,1979,0,47.6332,1690,2855,12.973863369085885
4,2.75,2410,5225,2.0,0,0,8,2410,0,2001,0,47.4244,2300,5378,12.845291484064564
4,2.75,1910,11356,1.0,0,0,7,1160,750,1977,0,47.6999,1770,11357,13.353633815930147
5,2.75,2400,15781,1.0,0,0,7,1200,1200,1974,0,47.622,2390,7500,12.915462201635984
3,2.5,2550,4954,1.5,0,0,7,1850,700,1924,0,47.5758,1700,4954,13.422467969854667
3,2.0,1770,2150,3.0,0,0,8,1770,0,1999,0,47.6102,2010,3200,13.399995114002609
4,2.25,2290,9900,1.0,0,2,8,1550,740,1959,0,47.4434,2320,9900,13.255144488638146
3,1.0,1600,1950,2.0,0,0,7,1600,0,1906,0,47.6028,1310,1138,12.618182296357007
4,2.75,2760,5670,2.0,0,0,10,2760,0,2014,0,47.5819,2760,6600,13.649565766898307
3,2.5,1020,2217,2.0,0,0,7,720,300,2004,0,47.5343,1060,1524,12.542544882151386
5,4.25,6490,10862,2.0,0,3,11,3940,2550,1991,0,47.5728,3290,14080,14.508657738524219
3,2.5,2010,3300,2.0,0,0,9,1610,400,2014,0,47.5573,1660,4950,13.367659733359671
4,2.25,1677,3600,2.0,0,0,7,1677,0,2012,0,47.32,1677,3600,12.546109948315882
3,1.5,970,5488,1.0,0,0,7,970,0,1976,0,47.5366,1040,5488,12.25247901834433
4,2.5,2080,7047,2.0,0,0,8,2080,0,1996,0,47.2627,2580,7227,12.706241689107635
4,2.5,3504,6000,2.0,0,0,7,3504,0,2006,0,47.3012,2790,5231,12.706847933442663
3,1.0,980,5600,1.0,0,0,6,980,0,1949,0,47.5308,1840,5302,12.2783933071098
3,2.5,1630,2844,2.0,0,0,7,1630,0,2003,0,47.5413,1610,2582,12.70972258554707
2,1.0,1060,4228,1.0,0,0,7,860,200,1906,0,47.6231,1060,4187,13.151922179645874
4,2.0,2320,7400,1.5,0,0,7,1620,700,1913,0,47.5558,1740,4000,13.409900439342593
2,1.0,1510,11165,1.5,0,0,7,1510,0,1921,0,47.7212,2210,8851,13.215853720491667
4,1.5,1650,2970,1.5,0,0,7,1650,0,1903,0,47.6233,1670,2970,13.530491602931978
3,2.25,1670,1596,2.0,0,0,8,1220,450,2002,0,47.6474,1670,1596,13.132313708257497
4,1.0,1010,7515,1.0,0,0,6,1010,0,1955,0,47.4174,1330,7515,12.421184025147118
2,1.75,1180,904,2.0,0,0,10,780,400,2014,0,47.6396,1380,3610,13.398478813484644
2,1.75,1780,224769,1.0,0,0,8,1780,0,1976,0,47.4158,2060,71560,13.190022025878143
3,1.75,1950,8325,1.0,0,0,7,1950,0,1962,0,47.7685,1950,8325,13.142166004700508
2,1.0,910,9869,1.0,0,0,6,910,0,1957,0,47.4572,1480,9750,12.314927050442256
4,3.5,3200,8049,1.0,0,0,8,2700,500,1980,0,47.5841,1640,8506,13.748408754423538
3,2.25,2820,8100,1.0,0,0,7,1720,1100,1947,0,47.4944,1040,8100,12.604764869350909
3,1.5,1520,9041,1.0,0,0,7,1520,0,1954,0,47.6158,3260,10020,13.604789526648622
3,2.5,2370,5353,2.0,0,0,8,2370,0,2009,0,47.7333,2130,6850,12.971307902484373
4,2.75,4140,24190,2.0,0,0,11,4140,0,2002,0,47.3062,3950,24190,13.396200043034057
4,2.5,2110,6069,2.0,0,0,9,2110,0,1999,0,47.6374,2180,9000,13.442996549995796
3,2.5,1190,1290,3.0,0,0,8,1190,0,2008,0,47.6762,1410,1923,13.058358047428417
3,2.0,2050,11454,1.0,0,0,8,2050,0,1987,0,47.6389,1980,11424,13.122363377404328
3,1.5,1670,10800,1.0,0,0,8,1670,0,1956,0,47.2004,1670,9169,12.594730635321957
3,1.75,1640,17583,1.0,0,0,7,1110,530,1969,0,47.726,1420,11680,12.92391243868049
3,2.5,1570,1551,3.0,0,0,8,1570,0,2008,0,47.6961,1570,1705,12.935913310026594
2,1.0,1160,6911,1.0,0,0,7,1160,0,1947,0,47.7149,1120,6948,12.072541252905651
2,2.5,1630,1368,2.0,0,0,7,1280,350,2009,0,47.5489,1590,2306,12.594730635321957
3,2.0,1880,10758,1.0,0,0,6,940,940,1952,0,47.5091,2060,21000,12.676076274775909
4,1.0,1330,9715,1.0,0,0,7,970,360,1957,0,47.6038,1590,8400,13.035606513478047
4,3.25,3140,3680,2.0,0,0,10,2310,830,2009,0,47.5319,2620,2664,13.541073712262515
3,1.0,1430,5960,1.5,0,0,7,1430,0,1917,0,47.562,1140,3960,13.017002861746503
5,3.0,3650,16600,1.0,0,3,9,1860,1790,1978,0,47.56,3150,10400,14.085537695177335
5,3.0,2500,5750,1.0,0,0,8,1430,1070,1999,0,47.551,1980,7130,12.971540487669746
4,1.75,1490,8544,1.0,0,0,7,1490,0,1970,0,47.3894,1180,8372,12.397312647831376
4,2.5,2990,16809,2.0,0,0,11,2990,0,1990,0,47.7123,3340,18752,13.592367006650065
4,2.5,1940,4875,2.0,0,0,9,1940,0,1925,0,47.6427,1790,4875,13.956358866551653
6,2.75,2890,7500,1.0,0,0,8,1830,1060,1976,0,47.7099,1880,7500,13.138236726560619
3,1.5,1200,6240,1.0,0,0,8,1030,170,1952,0,47.6222,2810,6240,13.484920984501217
3,2.75,2770,10000,1.0,0,1,8,1640,1130,1962,0,47.7011,2450,10000,13.426902566922532
4,2.5,2900,6918,2.0,0,0,8,2900,0,2001,0,47.3504,2720,10376,12.733755386362587
3,2.0,1500,7828,1.0,0,0,7,1500,0,1967,0,47.4484,1500,7700,12.66032791780777
5,2.75,2410,19447,2.0,0,2,10,2290,120,1968,0,47.5549,2980,19447,14.094368814806257
3,2.25,1830,13477,1.0,0,3,7,1170,660,1981,0,47.7243,1960,11344,12.992254692057308
4,2.5,2240,7540,1.0,0,0,8,1540,700,1962,0,47.6965,1960,7250,13.390862630439337
4,2.5,3070,6432,2.0,0,0,9,3070,0,2006,0,47.4487,2910,5106,13.043320170063875
3,3.0,4560,16339,2.0,0,2,10,4040,520,2001,0,47.7024,2620,11561,14.010254634756786
4,2.5,3780,23623,2.0,0,0,9,3780,0,1997,0,47.559,3370,10210,13.777600984891054
3,1.0,1350,7553,1.5,0,0,6,1350,0,1914,0,47.5345,1380,7470,12.542544882151386
3,3.5,1500,1249,2.0,0,0,8,1240,260,2004,0,47.6727,1440,1850,13.10011776845701
3,2.25,3800,33825,1.0,0,0,10,3330,470,1976,0,47.3797,3470,14484,13.262125319779487
3,1.0,1350,8700,1.5,0,0,6,1350,0,1942,0,47.4497,1300,8700,12.450977688625896
5,2.25,1790,10300,1.0,0,0,7,1270,520,1961,0,47.7718,1790,10300,12.923790480024325
3,1.75,2050,11041,1.5,0,0,9,2050,0,1959,0,47.5968,2530,11041,13.521139497361697
5,3.25,5570,9600,2.0,0,0,9,3860,1710,1952,0,47.6708,3170,10400,14.433395254023672
5,1.75,1650,3000,1.5,0,0,8,1650,0,1902,0,47.5955,1740,4000,13.001325049027272
3,1.75,1460,7884,1.0,0,0,8,1460,0,1975,0,47.4457,2050,7210,12.66032791780777
3,2.75,2590,223027,2.0,0,0,9,2590,0,1983,0,47.6145,3410,212137,13.732128949025222
5,2.75,2620,5500,1.5,0,0,7,1710,910,1911,0,47.6806,1790,5500,13.36138027787483
4,2.5,1530,2248,1.5,0,0,7,1530,0,1914,0,47.5766,1340,3700,12.765688433465597
4,3.0,2820,11500,2.0,0,0,10,2820,0,1991,0,47.5826,2770,9694,13.44806351704363
2,1.0,740,5100,1.0,0,0,7,740,0,1947,0,47.6787,920,5100,13.017002861746503
3,2.25,1260,3000,2.0,0,0,7,1260,0,2003,0,47.5454,1630,3042,12.959844447906553
3,2.5,2075,39553,1.0,0,0,7,2075,0,2012,0,47.3601,1960,9047,12.971540487669746
3,2.25,2420,31497,1.0,0,0,8,1750,670,1964,0,47.4422,2040,30472,12.873902018105829
2,1.0,1180,9261,1.0,0,0,7,940,240,1957,0,47.5492,1700,6325,12.745485726148077
3,2.25,1770,8755,1.0,0,0,8,1330,440,1981,0,47.4464,1910,8710,12.699243334057444
2,2.25,1290,1334,3.0,0,0,8,1290,0,2007,0,47.6719,1350,1334,13.122363377404328
3,2.25,1250,7500,1.0,0,0,7,1250,0,1942,0,47.5123,1280,7392,12.873902018105829
4,2.0,1980,23625,2.0,0,0,8,1980,0,1938,1984,47.7553,2300,24640,13.398478813484644
4,3.75,3490,5625,2.0,0,0,9,2610,880,2014,0,47.6685,1940,5000,14.086300762745838
3,2.75,2670,3738,1.0,0,0,10,1720,950,2013,0,47.5299,2610,3734,13.590865880523797
3,2.0,1300,22605,1.0,0,0,7,1300,0,1998,0,47.5337,2250,10215,13.058358047428417
4,2.25,1830,9485,1.0,0,0,7,1200,630,1989,0,47.2995,1730,10109,12.371587084007746
3,2.0,1430,14250,1.0,0,0,7,1430,0,1953,0,47.701,1530,11475,13.049792684569493
4,1.0,1390,10800,1.5,0,0,7,1390,0,1941,0,47.7248,1390,9360,12.942039823273047
4,2.5,2500,4500,2.0,0,0,7,2500,0,2010,0,47.4928,2230,4500,13.071070083016778
4,3.5,4080,14450,2.0,0,2,12,3210,870,1998,0,47.5519,4080,12114,14.066269276311457
3,3.25,1530,1565,2.0,0,0,8,1280,250,2005,0,47.6179,1530,1381,13.390862630439337
3,1.5,1340,7200,1.0,0,0,7,1340,0,1972,0,47.718,1730,8820,13.017002861746503
4,3.5,3610,6345,2.0,0,0,9,2370,1240,2008,0,47.4283,3010,29279,13.309672475709322
4,3.75,3600,16101,1.0,0,0,9,3600,0,1951,0,47.6308,3650,9506,14.470436525704022
2,1.0,1210,6000,1.0,0,0,7,1000,210,1942,0,47.6482,1840,6000,13.473020249017498
1,1.0,550,16345,1.0,0,0,4,550,0,1945,0,47.5181,1100,9240,12.144197241812087
7,2.25,2620,6890,2.0,0,0,7,2620,0,1961,0,47.6123,2070,7910,13.197470849891134
4,2.25,2440,9450,1.5,0,0,7,2440,0,1947,2014,47.7061,1720,7503,13.458835614025542
4,2.5,2310,7555,2.0,0,0,9,2310,0,1997,0,47.7544,1980,8416,13.112313041550827
3,2.5,2690,4819,2.0,0,0,7,2690,0,2004,0,47.5302,2360,4829,13.226723392728571
4,2.0,1660,4800,1.5,0,0,7,1660,0,1922,0,47.6556,1660,4800,13.262125319779487
3,1.75,2140,13260,1.0,0,0,7,1240,900,1948,0,47.5074,1640,13260,12.736700896592344
3,2.5,2200,34680,2.0,0,0,9,2200,0,1985,0,47.3139,2560,35840,12.957488734214095
3,1.75,1760,26055,1.0,0,0,7,920,840,1979,0,47.3664,1350,13475,12.323855681186558
3,1.0,1270,6405,1.5,0,0,6,1270,0,1944,0,47.4959,1110,6405,11.938193200374572
3,2.5,2480,5007,2.0,0,0,8,1960,520,2014,0,47.6974,1650,7806,13.560618308335483
3,2.0,1670,13775,1.0,0,0,8,1670,0,1968,0,47.4873,2130,14500,12.834681304952548
3,1.0,950,7610,1.0,0,0,7,950,0,1983,0,47.3188,1360,7938,12.154779351142624
2,1.0,850,2340,1.0,0,0,7,850,0,1922,0,47.6707,1300,3000,13.22401703113083
3,1.5,1820,12686,1.0,0,0,7,1820,0,1952,0,47.5886,3020,11550,13.681979165339751
3,2.25,1700,3333,1.5,0,0,7,1100,600,1924,0,47.6784,1700,3750,13.262125319779487
3,2.0,1420,1369,2.5,0,0,9,1340,80,2007,0,47.6472,1540,2168,13.217673557208654
3,1.75,1780,11440,1.0,0,0,8,1350,430,1977,0,47.474,2180,11440,12.896716695872
3,2.5,2210,6280,2.0,0,0,8,2210,0,2003,0,47.35,2250,5972,12.793720411897448
4,2.5,3148,9612,2.0,0,3,9,3148,0,2014,0,47.3994,3000,11475,13.217673557208654
3,2.5,1690,10592,1.0,0,0,8,1690,0,1973,2009,47.58,2260,9945,13.681979165339751
4,3.5,4540,19767,2.0,0,0,11,4200,340,1998,0,47.5445,3990,12881,13.955272500339433
4,2.75,2220,8450,1.0,0,0,7,1260,960,1983,0,47.4804,1580,8450,12.92391243868049
3,2.0,1390,2688,1.5,0,0,7,1390,0,1915,0,47.6783,1440,2900,13.217673557208654
3,1.0,1800,4005,1.5,0,0,7,1160,640,1929,0,47.6876,1240,4005,13.228523573232719
3,1.75,1370,14030,1.0,0,0,8,1370,0,1977,0,47.2969,2100,15260,12.367340793126296
3,1.0,1010,9360,1.0,0,0,6,1010,0,1981,0,47.6874,1470,9360,12.765688433465597
3,1.0,1580,5250,1.0,0,0,7,1580,0,1954,0,47.4964,1180,5940,12.611371073081239
3,2.0,1600,10318,1.0,0,0,7,930,670,1941,0,47.7466,1590,7040,12.86099861326992
4,2.0,2020,7767,1.0,0,0,8,2020,0,1995,0,47.3391,1940,8239,12.66032791780777
3,3.0,4040,7200,1.5,0,2,9,3340,700,1930,0,47.6288,3450,10800,14.626440774180603
3,2.0,1830,4992,1.0,0,0,7,1230,600,1953,0,47.5145,2050,7740,12.254862809699606
3,2.5,1730,4102,3.0,1,4,8,1730,0,1996,0,47.645,2340,16994,13.77468856344402
3,2.25,2240,9314,2.0,0,0,9,2240,0,1984,0,47.6216,2240,9314,13.304684934198283
3,1.75,1620,37913,2.0,0,0,7,1620,0,1953,1975,47.2875,2190,21518,12.821258284620408
3,1.5,1380,6657,2.0,0,0,7,1380,0,1986,0,47.7085,1420,8187,13.028052697933088
3,1.0,1010,7384,1.0,0,2,6,1010,0,1943,0,47.4905,1010,8000,12.445089546000673
4,2.75,2530,7350,1.0,0,0,8,1280,1250,1977,0,47.313,2280,7350,12.779732213467533
4,2.5,2990,6145,2.0,0,0,8,2990,0,2003,0,47.2612,2590,6512,12.834681304952548
3,2.0,1260,8092,1.0,0,0,7,1260,0,1986,0,47.3635,1950,8092,12.396693005138824
3,2.75,2610,11290,1.0,0,0,7,1630,980,1985,0,47.6632,2570,9125,13.537118532419585
4,2.5,1700,6031,2.0,0,0,8,1700,0,1994,0,47.3582,1930,6035,12.323855681186558
4,2.5,1740,7500,1.0,0,0,7,1220,520,1976,0,47.6927,1790,7350,13.15773052124162
3,2.5,1830,2517,2.0,0,0,8,1830,0,2005,0,47.4496,1610,2762,12.520883385370206
3,3.0,1560,2250,2.0,0,0,9,1560,0,2009,0,47.6929,1610,4500,13.128434908300957
4,2.0,1960,10559,2.0,0,0,7,1960,0,1955,0,47.7494,1580,7769,12.936033799212835
3,1.0,1260,6826,1.0,0,0,6,720,540,1944,0,47.731,1300,6826,12.742566016044742
3,1.5,1660,4800,2.0,0,0,8,1660,0,1907,0,47.6352,1690,4000,13.738953435242118
2,1.0,840,5100,1.0,0,0,7,840,0,1949,0,47.6779,1550,5100,13.062613372998555
4,3.5,2690,6164,2.0,0,0,9,2690,0,2002,0,47.599,2910,5000,13.458621305348792
3,1.75,2320,10900,2.0,0,0,7,2320,0,1935,1974,47.6877,1610,5800,13.511021367196111
3,2.5,2190,10370,2.0,0,0,9,2190,0,1987,0,47.6218,2470,10472,13.407542319637992
4,2.75,1760,9222,1.0,0,0,7,1140,620,1971,0,47.3099,1800,9222,12.449018824140563
3,1.75,2200,8036,1.0,0,0,7,1270,930,1978,0,47.7763,1850,7563,12.873902018105829
4,3.75,4610,40202,1.0,0,0,10,2500,2110,1980,0,47.4599,3050,41056,13.353475098367715
5,3.0,2840,7199,1.0,0,0,7,1710,1130,2003,0,47.5065,2210,10800,12.584680299468456
3,1.75,1350,10125,1.0,0,0,8,1350,0,1967,0,47.3334,1520,9720,12.43320821811392
5,2.5,2340,13713,1.0,0,0,8,1670,670,1967,0,47.3307,2080,11000,12.36946619243861
1,1.0,700,5621,1.0,0,0,6,700,0,1945,0,47.734,1020,5621,12.90793176669214
4,3.0,3590,8249,2.0,0,0,9,3590,0,1997,0,47.2846,2860,7995,13.151922179645874
3,3.25,2250,60548,1.0,0,0,9,2250,0,2005,0,47.4246,2760,84070,13.499429010990795
2,1.0,800,9450,1.0,0,0,6,800,0,1958,0,47.4563,1090,9450,12.100712129872347
4,2.0,2330,7778,1.0,0,0,7,1230,1100,1961,0,47.7109,1250,8160,13.122363377404328
2,2.0,860,3000,1.0,0,0,6,860,0,1906,0,47.5633,1290,3500,12.66349749256905
3,1.0,970,6828,1.0,0,0,6,970,0,1928,0,47.5476,1160,11666,12.66032791780777
4,3.75,3860,5474,2.5,0,0,10,3860,0,2007,0,47.5396,3040,5474,13.865252649859087
5,2.5,2950,72309,2.0,0,0,8,2950,0,2006,0,47.4186,1480,56192,13.303016877097587
4,2.75,3190,5408,2.0,0,0,9,3190,0,2005,0,47.5903,3160,5773,13.489780417874963
4,3.5,3590,5334,2.0,0,2,9,3140,450,2006,0,47.6763,2100,6250,14.079412101750652
4,4.0,6330,13296,2.0,0,2,13,4900,1430,2000,0,47.6488,2200,9196,14.684709682304579
3,1.0,1750,5355,2.0,0,0,7,1750,0,1929,0,47.6792,2240,4590,13.47005811976228
4,2.75,2380,15800,1.0,0,0,8,1680,700,1957,2001,47.5929,1950,11751,13.393153582185892
3,1.0,1210,7440,1.0,0,0,7,1210,0,1949,0,47.7402,1120,7440,12.691426603322494
4,1.75,1620,8132,1.0,0,0,8,1620,0,1974,0,47.6788,1920,8400,12.999517547405484
3,2.0,1640,7201,1.0,0,0,8,1640,0,1948,0,47.7216,1750,7201,12.911642346088676
4,2.5,3720,30649,2.0,0,0,10,3720,0,1988,0,47.6651,3220,29434,13.709038313453757
3,2.5,1710,12677,2.0,0,0,8,1710,0,1996,0,47.75,1610,12160,12.973863369085885
5,3.25,4410,35192,2.0,0,2,12,3880,530,1990,0,47.7522,4410,59677,14.053653060512278
2,2.75,1370,1140,2.0,0,0,8,1080,290,2009,0,47.7052,1370,1090,12.791077667470416
3,1.75,1270,6017,1.0,0,0,7,1030,240,1990,0,47.737,1630,7381,12.91410843858387
4,2.75,2160,4205,1.0,0,3,7,1080,1080,1969,0,47.7081,2450,6014,13.287877815881902
2,1.75,2050,4000,1.5,0,2,8,2050,0,1979,0,47.6415,1940,4000,13.623138665316818
3,2.25,1820,8008,1.0,0,0,8,1240,580,1981,0,47.7206,2030,8750,13.071070083016778
2,1.0,1080,6250,1.0,0,2,7,1080,0,1942,1968,47.5128,2100,6875,12.637855061955712
2,1.0,990,3000,1.0,0,0,6,990,0,1918,0,47.6839,1120,3000,12.923790480024325
3,2.5,2130,12245,2.0,0,0,8,2130,0,1989,0,47.3406,1910,12216,12.691580461311874
3,2.25,1740,11040,2.0,0,0,8,1740,0,1980,0,47.7376,1720,11778,12.89921982609012
4,3.0,2330,3497,2.0,0,0,9,1920,410,2003,0,47.554,2330,5242,13.102160670086809
3,1.0,1490,8995,1.0,0,0,7,1490,0,1954,0,47.4901,1490,9000,12.240474072247506
2,1.75,1894,52769,1.5,0,0,6,1520,374,1936,0,47.3088,1820,50529,12.542544882151386
3,1.0,1800,7650,1.0,0,0,7,1800,0,1957,0,47.4922,1230,7650,12.487485104968359
3,2.5,2130,6969,2.0,0,0,7,2130,0,2003,0,47.3655,1670,9545,12.676076274775909
4,2.5,3170,10688,2.0,0,2,9,3170,0,2001,0,47.3179,3100,12610,13.028052697933088
4,3.5,3360,9767,2.0,0,0,9,2450,910,1990,0,47.3047,2580,8757,12.928778628331663
3,1.75,1770,8235,1.0,0,0,7,1030,740,1960,0,47.4323,1560,8918,12.594730635321957
3,1.75,1520,6380,1.0,0,0,7,790,730,1948,0,47.695,1520,6235,12.989974189358584
3,2.25,1810,11800,1.0,0,0,7,1240,570,1977,0,47.4997,1810,5641,12.435993181123408
4,2.5,2650,7200,2.0,0,0,8,2250,400,1979,0,47.7317,2110,7269,13.23560277301084
2,2.0,1550,2400,1.5,0,0,7,1550,0,1900,0,47.654,1180,1224,13.173056491719846
3,1.75,1000,8268,1.0,0,0,6,1000,0,1969,0,47.7417,1220,7800,12.765688433465597
4,3.25,4110,15488,2.0,0,2,11,4110,0,1995,0,47.5493,4190,14973,13.748301808270824
3,3.0,2700,47050,2.0,0,0,9,1570,1130,1986,0,47.4446,2260,45901,12.948009990259552
3,1.75,1650,16200,1.0,0,0,7,1650,0,1976,0,47.3926,1650,8680,12.48559653028049
4,2.5,2000,5006,2.0,0,0,7,2000,0,2005,0,47.466,2410,4889,12.765545566117686
3,1.75,2050,4080,2.0,0,0,8,2050,0,1991,0,47.6698,1890,4080,13.579788224443204
2,2.0,2370,217800,1.5,0,0,7,1600,770,1992,0,47.5007,2370,157687,13.204864598916073
4,2.5,2270,9247,1.0,0,0,8,1500,770,1972,0,47.5602,2270,9163,13.337232792266294
4,2.75,2900,17400,1.0,0,0,8,2410,490,1978,0,47.6431,2620,12240,13.573438996764546
3,3.25,1380,1120,3.0,0,0,8,1380,0,2008,0,47.6617,1310,1405,13.085699393032737
5,3.0,3230,5167,1.5,0,0,8,2000,1230,1909,0,47.7053,1509,1626,13.50073542749022
3,1.75,1630,10001,1.0,0,0,7,1100,530,1977,0,47.3605,1630,10001,12.542544882151386
3,2.5,2240,3825,2.0,0,0,7,2240,0,1995,0,47.6786,1460,5100,13.423948355025102
4,2.75,3040,13559,2.0,0,0,11,3040,0,2003,0,47.522,3830,12202,13.641157170819497
2,1.0,710,4000,1.0,0,0,6,710,0,1909,0,47.5535,960,4000,12.800398991140991
3,1.75,1520,9600,1.0,0,0,7,1520,0,1967,0,47.473,1590,10183,12.154779351142624
4,2.25,2450,34092,2.0,0,0,8,2450,0,1980,0,47.5751,2410,35378,13.432784936825598
4,2.75,2720,51396,2.0,0,0,8,2720,0,1977,0,47.4777,1960,51366,13.091904169919621
3,2.25,1500,1312,3.0,0,0,8,1500,0,2007,0,47.6534,1500,1282,13.148031124152906
4,1.5,1770,6650,1.0,0,0,7,1770,0,1958,0,47.6011,1600,7000,12.834681304952548
2,2.5,1050,1029,2.0,0,0,8,950,100,2007,0,47.6018,1350,3600,12.715561376052493
4,3.5,3510,9084,2.0,0,0,10,3510,0,2001,0,47.5402,3690,9568,13.45166712454693
3,1.75,1720,6000,1.0,0,2,7,1000,720,1954,0,47.4999,1690,6000,12.624782980388359
4,3.0,2200,4466,2.0,0,0,7,2200,0,1968,0,47.7005,1780,2250,13.017002861746503
2,1.0,720,18000,1.0,0,0,6,720,0,1950,0,47.5054,1250,7925,12.180754837545884
3,2.75,3370,5350,1.5,0,1,7,2310,1060,1910,0,47.5373,1720,5618,13.422467969854667
5,3.5,4280,6530,2.0,0,3,10,4280,0,2014,0,47.5941,3960,6863,13.945652462759522
3,1.0,930,9900,1.5,0,0,5,930,0,1910,0,47.3745,930,7200,12.081076155355488
3,1.75,1240,13869,1.0,0,0,7,1240,0,1957,0,47.6919,1970,7790,13.422467969854667
3,2.5,2330,3141,2.0,0,0,8,2330,0,2003,0,47.5622,1980,5265,13.345506928718539
3,1.0,1110,7520,1.0,0,0,7,1110,0,1960,0,47.683,1440,8400,11.77528972943772
3,2.5,1360,1489,2.0,0,0,8,1360,0,2007,0,47.549,1360,1688,12.751299696013497
4,2.75,2520,6398,2.0,0,0,8,2520,0,2014,0,47.7685,2520,6398,13.373682250119803
3,2.0,1740,18000,1.0,0,0,7,1230,510,1989,0,47.7397,1740,11250,12.911642346088676
3,2.5,1900,5194,2.0,0,0,7,1900,0,2004,0,47.4391,2230,5194,12.746942390644541
2,1.5,1210,5000,1.5,0,0,6,1210,0,1907,0,47.6793,1570,5000,13.329377546788654
5,2.25,1870,11411,1.0,0,0,8,1170,700,1961,0,47.7445,2420,10793,13.224919965729422
2,1.5,1070,1200,2.0,0,0,7,1070,0,1999,0,47.697,1070,1200,12.652359748158593
3,1.0,810,5240,1.0,0,0,6,810,0,1942,0,47.4734,1700,5245,12.2783933071098
4,3.0,2230,52983,2.0,0,0,8,2230,0,1991,0,47.3577,2060,8755,13.038981768465277
6,3.0,1880,7200,1.0,0,0,7,1880,0,1966,0,47.5029,1540,13022,12.694652660348845
2,2.5,1830,8107,1.0,0,0,7,930,900,1946,0,47.701,1260,6960,13.038981768465277
3,2.0,2783,11177,2.0,0,0,8,2783,0,1910,1999,47.538,1730,8018,13.641157170819497
4,3.0,2260,7336,2.0,0,0,7,2260,0,1977,0,47.7297,2200,7724,13.093963902882631
3,1.5,1660,5665,1.0,0,0,7,920,740,1918,0,47.5391,1530,5665,12.959844447906553
1,1.0,720,3166,1.0,0,0,6,720,0,1920,0,47.5811,1140,6250,12.834681304952548
3,2.5,1870,7942,2.0,0,0,7,1870,0,1990,0,47.342,1870,7392,12.611371073081239
4,2.5,1252,25002,1.0,0,0,8,992,260,1996,0,47.3216,1860,25002,12.771386454580234
3,1.75,1770,2800,1.5,0,0,7,1770,0,1914,0,47.6631,1630,3254,13.476535191124942
3,2.5,2120,6602,2.0,0,0,8,2120,0,1989,0,47.5669,2330,7795,13.268280252304484
2,1.0,1840,81892,1.0,0,0,6,1840,0,1955,0,47.7694,2550,40089,12.834681304952548
4,2.5,2020,7200,1.5,0,0,6,2020,0,1954,0,47.5223,1440,7200,12.675920012567607
3,2.5,3000,8250,1.0,0,0,8,1760,1240,1963,0,47.6191,2040,8250,13.151922179645874
4,2.5,3160,4620,1.5,0,4,9,2020,1140,1917,2005,47.5875,2790,5308,14.0623706358958
3,2.5,2720,40813,2.0,0,0,8,2720,0,2001,0,47.2619,2250,40511,13.038981768465277
2,1.0,1500,8015,1.0,0,0,6,1500,0,1947,0,47.5027,1130,8015,12.367340793126296
5,1.75,2230,7560,1.0,0,0,7,1230,1000,1959,0,47.5055,1380,6570,12.834681304952548
5,2.0,3110,6131,1.0,0,0,7,1560,1550,1940,0,47.5615,1720,6600,13.485616636703183
2,1.25,1240,2150,2.0,0,0,8,1240,0,2014,0,47.6884,1340,5289,13.208541073645382
4,2.5,2600,4506,2.0,0,0,9,2600,0,2005,0,47.5146,2470,6041,13.146079904021645
5,3.25,3450,6360,2.0,0,0,9,1860,1590,1905,0,47.6133,2310,5000,14.136579049433688
3,2.5,1730,6653,1.0,0,0,7,1360,370,1990,0,47.3588,1730,7061,12.502466658583977
4,2.75,1300,9638,1.0,0,0,7,1300,0,1983,0,47.3683,1670,9638,12.519056900844173
3,2.5,1690,8564,2.0,0,0,7,1690,0,1992,0,47.3518,1690,7532,12.594730635321957
3,2.5,1910,4941,2.0,0,0,8,1910,0,1999,0,47.5989,1910,4941,13.253391639810733
5,4.0,4590,35046,2.0,0,0,10,4590,0,2008,0,47.6647,3350,35857,14.357834848789636
3,2.0,1860,217800,2.0,0,2,8,1860,0,1998,0,47.5157,2500,217800,12.994530005894443
3,2.0,2140,26600,1.0,0,0,7,2140,0,1983,0,47.4066,2310,8783,12.80765263256463
3,1.0,930,6060,1.0,0,0,6,930,0,1973,0,47.5289,1640,6364,12.429216196844383
2,1.75,1390,6670,1.0,0,0,6,720,670,1941,0,47.6914,920,6380,13.006952525893
3,2.5,2560,16420,2.0,0,0,8,2560,0,1989,0,47.6916,2120,16298,13.062507210250963
3,2.0,1320,1297,3.0,0,0,7,1320,0,1995,0,47.6959,1380,1503,12.86099861326992
3,1.0,940,10875,1.0,0,0,7,940,0,1957,0,47.5121,1250,11200,12.345834587905333
3,1.75,1720,7800,1.0,0,0,7,1170,550,1978,0,47.6928,1760,7276,13.276799730708747
3,1.75,1350,7588,1.0,0,0,7,1350,0,1993,0,47.3123,1470,7341,12.393589019201233
3,2.5,2390,34041,1.0,0,0,8,1840,550,1984,0,47.3546,2460,35686,12.736553826954605
3,1.5,2420,5000,2.0,0,0,8,2200,220,1925,0,47.6744,2070,5000,13.676248490630767
2,2.0,1050,1173,2.0,0,0,8,720,330,2004,0,47.6181,1340,1317,12.89921982609012
3,1.5,1170,1174,2.0,0,0,7,840,330,2007,0,47.5459,1170,2537,12.524526376648708
4,2.5,3670,7680,2.5,0,0,10,3670,0,2007,0,47.5401,3130,6112,13.764217263576723
4,3.25,4386,12275,1.0,0,0,10,2356,2030,2006,0,47.3329,3060,10925,13.208541073645382
3,1.5,1230,8056,1.0,0,0,6,1230,0,1949,0,47.4878,850,6714,11.918390573078392
4,1.75,2190,9225,1.0,0,0,7,1250,940,1959,0,47.7396,2190,9225,12.834681304952548
3,1.5,1600,10440,1.0,0,0,7,1600,0,1954,0,47.7109,1600,8816,12.873902018105829
4,1.75,1730,11700,1.0,0,0,7,880,850,1956,0,47.6031,1570,7820,13.049792684569493
3,1.0,1160,7491,1.0,0,0,6,1160,0,1917,0,47.7024,1800,2267,12.942039823273047
2,2.5,1240,2689,2.0,0,0,7,1240,0,1986,0,47.3236,1430,3609,12.069680020624618
3,2.5,2520,53143,1.5,0,0,7,2520,0,1988,0,47.743,2020,56628,13.121362877070744
2,1.0,1110,3200,1.0,0,0,7,1110,0,1925,0,47.6338,1170,3600,13.407542319637992
4,1.5,2040,8800,1.0,0,0,7,1020,1020,1961,0,47.5965,1490,8800,13.142166004700508
3,2.25,1580,8506,2.0,0,0,7,1580,0,1987,0,47.686,2253,8515,13.270783382522602
3,2.25,1630,1598,3.0,0,0,8,1630,0,2008,0,47.6904,1320,1605,12.86099861326992
3,1.75,1660,7210,1.0,0,0,7,1660,0,1977,0,47.3609,2150,7350,12.479909311159902
1,1.75,750,20339,1.0,0,0,4,550,200,1946,0,47.4756,2020,23958,12.779873068457553
4,2.25,2580,2875,2.0,0,0,9,2580,0,2015,0,47.5674,1290,5750,13.419500608626866
3,2.0,1500,2506,1.0,0,0,7,870,630,2003,0,47.5962,1500,4662,12.886641043883259
4,2.25,3680,26266,2.0,0,0,9,3680,0,1981,0,47.3219,2340,19939,12.959844447906553
4,3.5,3560,7178,2.0,0,3,10,2590,970,2006,0,47.7054,3290,6978,13.632788921148979
3,4.0,3910,5350,2.0,0,2,10,2610,1300,1933,0,47.6393,2890,5350,14.343193298796688
3,2.5,1400,4800,1.0,0,0,7,1200,200,1921,0,47.6865,1440,3840,13.193753373491
2,2.0,990,5416,1.0,0,0,6,990,0,1935,0,47.604,1650,3360,13.304684934198283
3,2.5,2200,3000,2.0,0,0,9,1530,670,2002,0,47.6451,2200,3300,13.514405465180353
3,2.0,1390,7120,1.0,0,0,7,1390,0,1988,0,47.3786,1530,7688,12.464583340681674
3,2.5,2130,5205,2.0,0,0,8,2130,0,2013,0,47.4832,2250,5462,13.030248088496522
4,3.0,2483,5701,2.0,0,0,8,2483,0,2005,0,47.3623,2075,5720,12.7098736543592
3,2.0,1570,5250,1.0,0,0,7,1570,0,1998,0,47.3163,1570,5250,12.537173338349476
5,1.5,1980,7958,1.5,0,0,7,1980,0,1962,0,47.4571,1510,8438,12.2783933071098
3,1.75,1960,43995,1.0,0,0,7,1960,0,1970,0,47.4915,1960,42253,13.081541382884074
4,3.25,3180,194278,2.0,0,0,10,3180,0,2005,0,47.4711,2200,178160,13.698976741708323
3,2.75,3230,5200,2.0,0,0,9,2680,550,2014,0,47.519,3100,4900,13.304404894990965
4,2.5,2670,5100,2.0,0,0,8,1940,730,1929,2010,47.6768,1470,4080,13.737549016494562
4,2.5,2740,12106,1.0,0,0,8,1980,760,1992,0,47.7648,2170,11156,13.17115354157376
5,4.75,6390,13180,2.0,0,0,10,4560,1830,1940,0,47.6312,4010,8137,14.7182498828867
3,1.0,1410,7854,1.0,0,0,7,1410,0,1971,0,47.7303,1460,7500,12.849241456283877
3,2.5,1740,1279,3.0,0,0,8,1740,0,2008,0,47.589,1740,1280,13.208541073645382
5,3.0,2320,8400,1.0,0,0,7,1510,810,1963,0,47.557,1200,4800,12.765688433465597
3,2.5,2320,57063,1.0,0,0,9,1790,530,1979,0,47.6163,3290,7314,13.249876697703288
4,2.25,2440,5000,2.0,0,0,7,2440,0,2007,0,47.5407,2440,5212,13.120361374733656
1,1.0,900,4368,1.0,0,0,6,900,0,1915,1950,47.2107,1290,5000,11.937539391917154
5,4.5,3540,21217,2.0,0,0,8,2940,600,1926,0,47.4274,1290,12040,13.468785944878709
4,3.0,2160,5200,1.0,0,0,7,1320,840,1978,0,47.3627,1460,5144,12.341258918085241
4,3.5,4040,50479,2.0,0,0,11,4040,0,1987,0,47.7196,3770,40899,13.721199878493033
3,1.75,1720,8102,1.0,0,0,6,860,860,1940,0,47.7336,1440,8106,12.948009990259552
6,4.5,3902,3880,3.0,0,4,9,2782,1120,1977,0,47.5837,1100,3870,14.077874822431765
4,2.5,1860,3840,1.5,0,0,7,1170,690,1928,2014,47.6886,1400,3840,13.480037821676145
3,2.5,2070,10908,2.0,0,0,8,2070,0,1986,0,47.5665,2220,10975,13.248114582709889
4,2.5,3040,12522,2.0,0,0,7,3040,0,2000,0,47.7247,2490,9742,13.025852477023484
4,2.0,2280,8339,1.0,0,0,7,1220,1060,1954,0,47.6986,1970,8340,13.488394416267086
2,1.0,1220,28703,1.0,0,0,7,1220,0,1953,0,47.4952,2740,6720,12.765688433465597
3,1.75,1400,9900,1.0,0,0,7,1400,0,1951,0,47.6272,1810,10796,13.652991628466498
4,2.5,2040,5875,2.0,0,0,8,2040,0,2004,0,47.5051,2230,5459,12.751299696013497
5,2.25,2940,38009,1.0,0,0,8,1700,1240,1977,0,47.7653,2620,38300,13.176851562688398
5,2.75,1970,5400,1.0,0,0,7,1320,650,1986,0,47.5868,1280,2150,12.899094818276968
3,1.0,1320,7200,1.0,0,0,7,1320,0,1959,0,47.5048,1720,7249,12.611537753638338
4,1.75,2180,4066,1.5,0,0,6,1270,910,1911,0,47.5487,1400,1343,12.721587258782296
4,2.5,2290,4450,2.0,0,0,9,2290,0,2004,0,47.7385,2570,5096,13.199324418540456
4,1.75,1850,4388,2.0,0,0,8,1850,0,1941,0,47.6885,1410,4107,13.545013310266594
6,2.5,2590,11250,1.0,0,0,8,1390,1200,1978,0,47.4608,2270,8360,12.611537753638338
4,2.75,2810,5497,2.0,0,0,9,2810,0,2011,0,47.7081,2990,5842,13.527828485512494
3,2.25,2280,5750,1.0,0,1,7,1150,1130,1985,0,47.5641,1500,5060,13.071070083016778
1,1.0,680,21727,1.0,0,0,5,680,0,1952,1995,47.446,1470,19406,12.584406336246305
3,2.25,2090,8095,2.0,0,2,10,2090,0,1988,0,47.5287,1940,5635,13.217673557208654
5,3.5,3250,4800,2.0,0,0,9,2410,840,2010,0,47.5618,1330,4920,13.465953081794405
4,1.75,1900,10454,1.0,0,0,7,1180,720,1954,0,47.5933,2060,11325,13.38472764187182
3,1.0,970,6180,1.0,0,3,6,970,0,1974,0,47.5658,1120,4500,12.79524723570714
4,1.5,2120,8554,1.0,0,0,7,1170,950,1977,0,47.2933,1790,8554,12.427214194173711
3,2.5,1990,9995,2.0,0,0,7,1990,0,1996,0,47.383,1680,7511,12.706847933442663
6,2.5,2000,7650,1.5,0,0,7,1790,210,1960,0,47.3841,1710,7650,12.487485104968359
3,1.75,1710,7210,1.0,0,0,7,1240,470,1974,0,47.4094,1840,7245,12.5177690518128
4,2.5,2810,4922,2.0,0,0,9,2810,0,2005,0,47.614,2920,4922,13.461688683007948
3,1.75,1770,9000,1.0,0,0,7,1090,680,1954,0,47.4997,1520,21141,12.56374708980199
2,1.75,1670,4008,1.0,0,0,9,1670,0,2005,0,47.5539,2330,3752,13.244581010128577
4,2.5,1770,6666,2.0,0,0,7,1770,0,1989,0,47.2877,1780,6666,12.644166273130065
3,1.75,1550,7200,1.0,0,0,7,1100,450,1949,0,47.7071,1560,7440,13.023647404465171
4,3.0,1780,4228,1.0,0,0,7,1780,0,1953,0,47.5488,1730,5304,12.765688433465597
4,2.5,2570,4865,2.0,0,0,8,2570,0,2005,0,47.3588,2570,4933,12.676076274775909
4,2.5,2990,9374,2.0,0,0,9,2990,0,2003,0,47.6287,2440,8711,13.573438996764546
3,2.5,1970,6295,2.0,0,0,7,1970,0,2011,0,47.5158,2710,6009,13.180632285528304
4,2.5,1940,3864,2.0,0,0,8,1940,0,2003,0,47.4507,1900,3864,12.873902018105829
3,2.25,1550,1919,3.0,0,0,8,1550,0,2003,0,47.6729,1550,2918,13.340695371721317
3,2.25,1400,1320,3.0,0,2,8,1400,0,2006,0,47.7147,1490,1449,12.813117127036707
5,3.25,3350,4000,2.0,0,0,8,2510,840,1997,0,47.6645,1620,4000,13.919870573288517
4,2.75,2640,3750,2.0,0,0,7,1840,800,1911,0,47.6783,1690,5000,13.527828485512494
3,3.5,3950,111078,1.5,0,0,9,2460,1490,1989,0,47.697,2480,88500,13.572164299332545
2,1.75,1870,6625,1.0,0,0,7,960,910,1948,0,47.5071,1680,6000,12.343658308482738
2,1.0,1070,3000,1.0,0,0,7,870,200,1926,0,47.6828,1890,3300,13.217673557208654
4,2.5,1990,30083,2.0,0,0,8,1990,0,1998,0,47.7678,2220,11627,13.060487973686241
3,1.75,2120,5992,1.0,0,0,7,1060,1060,1947,0,47.7083,1840,11000,12.959844447906553
3,2.25,1680,9090,1.0,0,0,7,1130,550,1959,0,47.6068,1960,9090,13.081541382884074
3,2.5,2170,4912,2.0,0,0,7,2170,0,2003,0,47.7767,2010,4395,13.016891744462095
6,4.5,2940,7500,1.5,0,0,8,2940,0,1966,0,47.7208,2010,7500,13.086736199761178
4,2.5,2330,7050,2.0,0,0,8,2330,0,1998,0,47.5001,1810,5424,12.721885810807203
3,2.5,2090,3002,2.0,0,0,7,1670,420,2005,0,47.745,2090,3163,12.771386454580234
4,2.5,2350,6958,2.0,0,0,9,2350,0,1998,0,47.3321,2480,6395,12.608198852372823
2,1.75,1640,3090,1.0,0,0,7,910,730,1925,0,47.679,1510,4120,13.1538620444637
2,1.0,880,9000,1.0,0,0,5,880,0,1928,0,47.4672,1410,10000,11.77528972943772
4,3.25,2730,54014,1.0,0,0,9,1560,1170,2007,0,47.5133,2730,111274,13.345506928718539
2,1.5,1940,4400,1.0,0,0,7,970,970,1923,0,47.6371,1480,3080,13.579788224443204
2,1.0,860,3874,1.0,0,0,6,860,0,1931,0,47.4836,1400,5106,12.578670150012721
4,2.5,2650,5000,2.0,0,0,8,2650,0,2007,0,47.5605,1110,6250,13.579788224443204
4,1.75,2280,3680,1.5,0,0,7,1470,810,1926,0,47.6754,1850,3680,13.407542319637992
3,1.75,1420,7920,1.0,0,0,7,1420,0,1962,0,47.2931,1420,7920,12.367340793126296
3,2.0,1090,7350,1.0,0,0,7,1090,0,1990,0,47.3687,1490,7741,12.296827008798639
4,2.0,1400,4690,1.5,0,0,7,1400,0,1945,0,47.6826,1400,4690,13.3978716489244
1,1.0,1000,9084,1.0,1,3,7,1000,0,1950,0,47.5007,1090,6536,13.371564463037828
4,2.5,2330,7936,2.0,0,0,9,2330,0,1987,0,47.6269,2460,8137,13.244581010128577
3,1.5,1200,8560,1.0,0,0,7,1200,0,1975,0,47.7392,1550,7800,12.823687763477682
1,1.0,640,10280,1.0,0,0,5,640,0,1920,0,47.5144,1090,9000,11.608235644774552
2,1.0,2080,14659,1.0,0,0,7,1040,1040,1960,0,47.4858,1920,15208,12.66032791780777
4,2.5,2620,11200,1.0,0,0,8,1770,850,1962,0,47.5876,2360,11200,13.845069360205818
3,2.0,1500,11233,1.0,0,0,7,1500,0,1987,0,47.7279,1580,14013,12.706847933442663
4,2.5,2070,6175,2.0,0,0,8,2070,0,1993,0,47.3262,1940,6175,12.513557345278134
2,1.75,1220,5000,1.0,0,0,7,860,360,1921,0,47.4906,1120,5000,12.441144767709657
3,2.5,2960,6856,2.0,0,0,10,2960,0,2009,0,47.5906,3320,6856,13.635187003832993
2,1.5,1300,1229,2.0,0,0,8,1160,140,2000,0,47.6727,1430,1255,13.085699393032737
3,1.0,940,7125,1.5,0,0,7,940,0,1958,0,47.3756,1170,7125,12.128111104060462
4,2.75,2160,8148,1.0,0,0,7,1410,750,1978,0,47.7261,2060,8100,12.983101310070822
4,2.75,2390,6820,2.0,0,0,7,2140,250,1945,0,47.6788,1980,6820,13.591116224748411
2,1.0,1000,4500,1.0,0,0,6,1000,0,1916,0,47.4896,980,4837,12.240957047383676
3,1.75,1300,4127,1.0,0,0,6,650,650,1918,1953,47.5353,1420,4000,12.506177237980511
4,2.5,2720,8000,1.0,0,0,7,1360,1360,1955,0,47.5237,1790,8000,13.473020249017498
3,2.5,1580,4698,2.0,0,0,7,1580,0,1998,0,47.3539,2070,4698,12.691580461311874
2,0.75,700,16828,1.0,0,0,6,700,0,1958,0,47.3009,2010,29316,12.429216196844383
3,2.0,2600,6600,2.0,0,4,10,1930,670,1970,2014,47.6055,2670,6270,14.344372544216363
2,1.5,1160,8060,1.0,0,0,7,1160,0,1950,0,47.5146,1500,8060,12.80765263256463
5,2.5,2980,5377,2.0,0,0,9,2980,0,2006,0,47.7074,3150,6593,13.514270320913642
4,3.25,4750,62365,2.0,0,0,11,4750,0,1988,0,47.7149,3300,31866,13.931068898598546
3,2.5,2030,5100,2.0,0,0,7,2030,0,2008,0,47.6594,1790,4380,13.296316684527767
3,1.75,2590,32380,1.0,0,0,8,2590,0,1951,1994,47.7539,2340,28456,13.602317337503232
5,2.0,1910,7200,1.0,0,0,6,1110,800,1951,0,47.4975,1150,5948,12.345834587905333
2,1.0,770,4800,1.0,0,0,7,770,0,1943,0,47.527,1390,4800,12.577636201962656
3,2.5,1690,4476,2.0,0,0,7,1690,0,2008,0,47.3663,2250,4488,12.619836556453032
5,1.5,2830,4000,2.5,0,0,8,2830,0,1918,0,47.5132,1480,4000,12.91312273125911
4,2.5,2170,10500,1.0,0,0,7,1570,600,1962,0,47.7512,1850,11127,12.948009990259552
3,1.75,2140,4800,2.0,0,0,8,1690,450,1905,0,47.6311,2440,4800,13.814009431838008
2,1.75,1560,3200,1.0,0,0,7,880,680,1946,0,47.6419,2060,4940,13.304684934198283
4,2.5,1990,5511,2.0,0,0,8,1990,0,1994,0,47.3585,1850,6031,12.619836556453032
3,3.5,2100,2479,2.0,0,0,9,1450,650,2011,0,47.562,1800,2457,13.226723392728571
3,1.5,1040,9997,1.0,0,0,7,1040,0,1955,0,47.7583,1040,8699,12.577636201962656
2,1.0,1560,5000,1.5,0,1,7,1560,0,1942,0,47.7006,2620,5400,13.492546671367853
2,2.0,1440,4666,1.0,0,0,8,1440,0,2010,0,47.709,1510,4595,12.994416363073707
3,1.0,1330,9620,1.0,0,0,6,1330,0,1976,0,47.3174,1300,10360,12.240425761901836
4,1.75,1990,23200,1.0,0,0,7,1990,0,1976,0,47.486,1950,17040,12.842649474601725
3,1.75,1610,38707,1.0,0,0,7,1610,0,1990,0,47.3778,1930,45151,12.674518812561042
4,2.5,2940,7675,2.0,0,0,9,2940,0,2004,0,47.7054,3120,6574,13.64709190633931
4,2.75,2180,8475,1.0,0,0,7,1330,850,1987,0,47.4045,1500,7140,12.538967060803502
3,2.5,1480,9743,2.0,0,0,7,1480,0,1996,0,47.3293,1810,9601,12.505992035646432
4,2.5,2030,39049,1.0,0,0,7,1530,500,1953,0,47.4413,2400,14605,13.151922179645874
2,1.0,1300,6617,1.0,0,0,7,1300,0,1986,0,47.7238,1820,7800,12.690040815126281
3,2.5,1690,2890,2.0,0,0,7,1690,0,2004,0,47.6802,1690,2730,13.071070083016778
3,1.5,1420,8580,1.0,0,0,6,1420,0,1962,0,47.3076,1200,8580,11.824079893607152
4,2.5,2280,4602,2.0,0,0,8,2280,0,2003,0,47.5895,2280,4193,13.244581010128577
3,2.5,2180,11100,1.0,0,0,8,1230,950,1983,0,47.717,1930,12000,13.199324418540456
3,1.75,1010,5355,1.0,0,0,6,1010,0,1950,0,47.5202,750,4515,11.982929094215963
3,2.5,3580,54450,1.5,0,0,9,3580,0,1990,0,47.4026,3090,35943,13.493926933836812
3,3.25,1510,1245,3.0,0,0,7,1510,0,2007,0,47.7293,1510,1245,12.675920012567607
5,2.75,2920,9163,1.0,0,0,8,1520,1400,1976,0,47.5668,2250,9163,13.477937715899028
4,1.75,1970,10358,1.0,0,0,8,1540,430,1977,0,47.7719,1900,10358,12.86099861326992
3,2.5,2190,17108,2.0,0,0,8,2190,0,1991,0,47.7321,2400,14040,13.045482333068371
3,3.5,2270,4088,2.0,0,0,8,1880,390,1996,0,47.5356,1760,5425,13.235692062711331
2,1.75,1210,1032,2.0,0,0,8,1210,0,2014,0,47.5522,1210,1090,12.787064052652976
4,1.0,1590,4280,1.5,0,0,7,1590,0,1924,0,47.667,2230,4280,13.303016877097587
5,3.25,2860,20790,1.0,0,0,7,1800,1060,1965,0,47.7757,1920,9612,13.244581010128577
5,3.5,5230,8960,2.0,0,0,11,4450,780,2014,0,47.5964,2310,9603,14.502388125510624
3,2.25,1790,6930,1.0,0,0,7,1390,400,1974,0,47.3536,1810,7420,12.626426366132089
3,1.5,1090,7200,1.0,0,0,7,1090,0,1958,0,47.5817,2010,8982,13.45597438174451
4,2.5,2300,11165,2.0,0,0,8,2300,0,1979,0,47.5794,2170,11165,13.291261913866142
2,2.5,2720,16637,1.0,0,3,10,2160,560,1953,0,47.5499,2880,7320,14.181888277364392
6,2.0,3560,5120,2.5,0,2,9,3560,0,1900,0,47.6056,2130,5120,13.635187003832993
3,2.0,2100,31550,1.0,0,0,8,2100,0,2010,0,47.6907,1860,18452,12.896716695872
3,1.75,1760,9277,1.0,0,0,7,1760,0,1962,0,47.4977,1760,7650,12.86876061860541
4,3.0,3120,157875,2.0,0,0,8,3120,0,1977,0,47.444,1580,7050,13.579788224443204
4,3.5,1930,5400,1.5,0,2,7,1930,0,1920,0,47.5679,1500,3340,13.444446876573442
2,1.75,2040,114562,1.0,0,0,7,2040,0,1968,0,47.4985,1850,94960,13.120361374733656
3,2.25,1400,1078,2.0,0,0,8,940,460,2009,0,47.5701,1420,1230,12.971773018771827
4,2.5,3220,8256,2.0,0,0,8,2610,610,2006,0,47.495,2500,9472,12.994530005894443
1,0.0,670,43377,1.0,0,0,3,670,0,1966,0,47.2638,1160,42882,11.225243392518447
4,2.25,2580,21115,2.0,0,0,9,2580,0,1977,0,47.5566,2690,10165,13.577111226758614
4,2.5,2920,7901,2.0,0,0,9,2920,0,2004,0,47.7036,3020,7900,13.541073712262515
3,2.0,1670,4438,1.0,0,0,7,1670,0,2014,0,47.1948,1670,4558,12.429016176841717
3,2.5,2350,3750,2.0,0,0,7,1740,610,2003,0,47.6767,1590,4700,13.38472764187182
5,1.75,3000,6000,1.0,0,0,7,1500,1500,1958,0,47.492,2230,7125,12.84792653170257
3,2.5,3240,33661,2.0,0,0,8,3240,0,2001,0,47.4785,1870,43560,13.262125319779487
3,1.75,1370,8280,1.0,0,0,7,1370,0,1980,0,47.4096,1850,7820,12.310432660854417
3,1.75,2800,19386,1.0,1,4,8,1400,1400,1965,0,47.3554,3270,31450,13.38472764187182
3,2.5,1460,11593,2.0,0,0,7,1460,0,1989,0,47.2984,1640,9703,12.409013489526863
3,1.0,820,7680,1.5,0,0,6,820,0,1910,0,47.528,1470,6912,11.918390573078392
5,3.5,3230,7560,2.0,0,0,10,3230,0,2007,0,47.6467,3230,8580,13.8878312195439
3,2.5,2440,7600,1.0,0,0,7,1420,1020,1981,0,47.6966,2060,7700,13.122363377404328
5,2.0,2620,7030,1.0,0,0,8,1420,1200,1965,0,47.7338,1360,7964,12.896716695872
4,2.5,3360,11637,2.0,0,0,11,3360,0,1990,0,47.3018,3530,11205,12.948009990259552
4,2.5,1889,6000,2.0,0,0,7,1889,0,2012,0,47.2676,1990,6350,12.535196520381616
3,2.25,3010,9600,2.0,0,0,8,2410,600,1978,0,47.7671,2620,9660,13.120361374733656
3,1.0,1320,5000,1.5,0,0,7,1320,0,1912,0,47.5711,1320,4179,13.036805489042683
3,2.75,2480,209199,1.5,0,0,8,1870,610,2000,0,47.3085,2040,219229,12.920261881056826
3,2.5,1590,3381,2.0,0,0,7,1590,0,2000,0,47.7344,1820,3383,12.611537753638338
3,1.75,1530,7238,1.0,0,0,7,1530,0,1959,0,47.7629,1580,7238,12.943236711506893
5,1.75,2000,3750,2.0,0,0,7,2000,0,1921,0,47.6618,1520,3750,13.279367126213993
3,3.25,4330,14600,2.0,0,0,10,3630,700,1985,0,47.6341,3220,12672,13.49088783770021
2,1.0,850,6000,1.0,0,0,6,850,0,1924,0,47.4972,1100,6000,12.345617172968069
4,1.75,1420,5382,1.0,0,0,5,1040,380,1942,0,47.4946,1150,5382,12.388394202324129
3,1.75,1780,11096,1.0,0,0,7,1210,570,1979,0,47.617,1780,10640,13.122363377404328
6,1.75,2460,6000,1.0,0,0,7,1230,1230,1913,0,47.6721,1560,4275,13.190022025878143
3,1.75,2340,10495,1.0,0,0,8,2340,0,1967,0,47.5386,3120,11068,13.567049198665774
5,2.5,2690,5557,2.0,0,0,7,2690,0,2012,0,47.4914,2090,10500,12.538967060803502
2,2.5,2510,17986,2.0,0,0,9,2510,0,1943,2014,47.6832,2440,8039,13.60602333309755
5,2.25,3070,64033,1.0,0,0,9,2730,340,1983,0,47.3238,1560,28260,12.948009990259552
3,2.5,1670,2575,2.0,0,0,8,1670,0,2000,0,47.531,1670,2897,13.122363377404328
3,1.5,1340,8450,1.0,0,0,7,1340,0,1958,0,47.4405,1340,8920,12.449018824140563
3,2.5,2930,5641,2.0,0,0,8,2930,0,2013,0,47.71,3300,5641,13.534263734807642
5,3.0,4290,17100,1.0,0,3,9,2480,1810,1972,2007,47.5473,3550,16988,14.349075668699754
3,2.0,1770,6000,1.0,0,3,7,1100,670,1984,0,47.5644,1300,3000,12.956308793074246
2,2.5,2300,6400,1.0,0,0,8,2300,0,2007,0,47.7196,2300,6400,13.465953081794405
2,2.5,1233,1244,2.0,0,0,7,963,270,2007,0,47.5533,1230,1300,12.793859310432293
4,2.5,3720,8633,2.0,0,0,10,3720,0,1999,0,47.6085,3515,9660,13.617059619240436
4,3.5,3070,4684,2.0,0,0,10,2190,880,2009,0,47.5316,2290,2664,13.573438996764546
3,2.25,3330,15258,2.0,0,0,10,3330,0,1986,0,47.7262,3360,14850,13.544357787463703
3,2.75,1880,1793,2.0,0,0,7,1810,70,2001,0,47.5405,1800,2537,12.498742259492994
3,2.0,1380,9000,2.0,0,0,7,1380,0,1946,1982,47.2613,1460,9732,12.28071618852594
4,2.5,3000,6892,2.0,0,0,8,3000,0,2005,0,47.7623,3000,6589,13.279367126213993
4,2.5,2790,43091,2.0,0,0,9,2790,0,1989,0,47.7759,2750,35290,13.407542319637992
3,1.75,1870,4320,1.0,0,0,7,970,900,1920,0,47.6663,1810,3900,13.42984807715229
3,2.5,2230,5800,2.0,0,0,7,2230,0,2004,0,47.5308,2230,6088,12.994530005894443
3,2.5,1700,6200,2.0,0,0,8,1700,0,1997,0,47.2621,1720,6205,12.476099782743233
4,1.75,1940,11500,1.0,0,0,7,1090,850,1955,0,47.5774,1700,8360,12.948009990259552
3,2.5,2456,7566,2.0,0,0,8,2456,0,2012,0,47.297,2478,7212,12.706696406811568
2,2.5,1290,1445,3.0,0,0,8,1290,0,1999,0,47.6955,1470,1503,12.767115985456782
4,3.75,3770,4000,2.5,0,0,9,2890,880,1916,0,47.6157,2800,5000,14.217636764806924
3,1.0,1290,9526,1.5,0,0,7,1290,0,1961,0,47.7111,1290,9508,12.679196402112153
4,1.75,1200,7680,1.0,0,0,7,1200,0,1968,0,47.3138,1490,7800,12.254862809699606
3,2.5,1860,3658,2.0,0,0,8,1860,0,1994,0,47.5703,1840,3739,13.142166004700508
6,2.0,1750,17685,1.0,0,0,5,1750,0,1943,0,47.5096,1750,9209,12.66032791780777
3,2.5,1300,812,2.0,0,0,8,880,420,2008,0,47.5893,1300,824,12.706696406811568
3,2.5,1820,1866,2.0,0,0,8,1570,250,2008,0,47.4643,1660,6900,12.699243334057444
3,1.5,1010,1546,2.0,0,0,8,1010,0,1971,2014,47.5998,1010,1517,12.785488259637404
3,3.0,2080,10521,1.5,0,0,9,2080,0,2004,0,47.6987,3730,11840,13.62918097977278
4,1.0,1430,27153,1.5,0,0,5,1430,0,1934,0,47.5372,1880,27153,12.524526376648708
4,2.5,2650,9301,2.0,0,0,9,2650,0,2001,0,47.3477,2730,8688,12.969212197910155
4,1.5,2270,6010,1.0,0,0,8,1290,980,1954,0,47.6743,2120,5987,13.42409775214882
4,2.25,2560,8927,1.0,0,0,7,1790,770,1976,0,47.34,1920,9669,12.621488084491506
3,2.5,2080,3920,2.0,0,0,8,2080,0,2010,0,47.5412,2110,3710,13.013663960480988
2,1.0,920,10000,1.0,0,0,7,920,0,1981,0,47.6938,1340,10000,13.22762388806182
2,1.0,1270,19602,1.0,0,0,6,1270,0,1977,0,47.3375,1270,17699,12.468436909997665
4,2.5,3050,32450,1.0,0,0,8,1550,1500,1983,0,47.3626,2350,15390,13.049792684569493
3,1.0,1080,21043,1.0,0,0,6,1080,0,1942,0,47.5515,1380,7620,12.254862809699606
2,1.0,820,4206,1.0,0,0,5,820,0,1949,0,47.7076,1810,7200,13.142166004700508
3,1.75,1490,10344,1.0,0,0,7,1490,0,1985,0,47.7517,1450,8632,12.765688433465597
3,1.75,2160,8565,1.0,0,0,8,1730,430,1971,0,47.7664,2910,9570,12.978493006984626
3,1.75,2020,4800,1.0,0,0,8,1090,930,1926,0,47.6726,1680,4800,13.641157170819497
2,1.75,1060,4182,2.0,0,0,7,1060,0,1977,0,47.6787,1760,4590,12.948009990259552
3,1.5,1390,9680,1.0,0,0,7,1390,0,1956,0,47.634,1460,10050,12.959844447906553
4,2.25,2530,24700,2.0,0,0,7,2530,0,1974,0,47.3939,2650,24700,12.736700896592344
3,1.75,1390,13200,2.0,0,0,7,1390,0,1979,0,47.4429,1430,10725,12.577636201962656
3,1.5,2120,41325,1.0,0,0,7,1420,700,1973,0,47.2906,1780,42000,12.691580461311874
4,2.5,2120,5293,2.0,0,0,7,2120,0,2003,0,47.4217,1990,5313,12.676045024287617
4,1.5,1780,7914,1.5,0,0,7,1780,0,1962,0,47.5142,1350,8069,12.826649133255284
4,1.0,1030,5750,1.0,0,0,7,1030,0,1971,0,47.553,1250,5750,12.644327576461329
2,2.5,2600,5000,1.0,0,0,8,1300,1300,1926,0,47.5806,2260,5000,13.407542319637992
2,2.0,1070,4500,1.0,0,0,6,910,160,1932,0,47.4896,1280,4500,12.409013489526863
4,3.5,4300,108865,2.0,0,0,11,4300,0,2014,0,47.6258,4650,107498,14.187074114396758
4,2.25,2310,7490,2.0,0,0,8,2310,0,1980,0,47.4379,2310,8480,12.676076274775909
3,1.0,1590,8470,1.0,0,0,7,1140,450,1967,0,47.4473,1570,9375,12.660169175050076
3,1.75,1180,6260,1.0,0,0,8,1180,0,1993,0,47.3531,1580,7272,12.524526376648708
3,2.5,1690,5171,2.0,0,0,8,1690,0,2003,0,47.2779,2550,5025,12.533576212168626
3,2.5,1590,8449,2.0,0,0,7,1590,0,1989,0,47.3493,1750,7172,12.323855681186558
4,3.0,2320,4468,2.0,0,0,8,2160,160,1999,0,47.546,2330,3541,13.365309556014719
4,1.5,1980,3240,1.5,0,0,8,1780,200,1930,0,47.584,2250,4000,13.329377546788654
4,1.5,1200,11163,1.5,0,0,6,1200,0,1970,0,47.3024,1200,11163,12.089538829274222
5,2.25,2760,6350,1.0,0,0,7,1380,1380,1958,0,47.5561,2060,6342,13.304684934198283
3,2.5,3180,10492,2.0,0,2,10,3180,0,1991,0,47.655,3000,9812,13.815510557964274
3,1.75,1200,5478,1.0,0,0,6,1200,0,1955,0,47.4959,1270,6855,12.429216196844383
4,3.0,5370,69848,2.0,0,0,10,3500,1870,2005,0,47.3166,4443,94403,13.579788224443204
2,1.0,1396,111949,1.0,0,0,7,1396,0,1940,1997,47.6374,2020,111949,12.323855681186558
4,2.0,2220,3760,1.5,0,0,7,1370,850,1929,0,47.6876,1620,3760,13.555443652545467
2,1.0,1290,4650,1.0,0,0,7,1290,0,1906,0,47.6877,1640,3900,13.110290796170059
3,1.5,1730,9509,2.0,0,0,8,1270,460,1955,0,47.7067,1810,8795,13.241034907121827
4,2.5,4250,19387,2.0,0,2,9,3260,990,1972,0,47.5578,3690,17024,14.107433624673309
4,1.75,2410,6000,1.5,0,0,8,2410,0,1911,0,47.6369,1280,4000,14.180153671552183
4,3.5,2700,2868,2.0,0,0,11,1920,780,2006,0,47.5685,1430,3858,13.604789526648622
5,2.0,2730,7344,1.0,0,0,7,1510,1220,1962,0,47.4602,1730,7700,12.644327576461329
3,1.75,1640,7437,1.0,0,0,7,1090,550,1948,0,47.5324,1640,7436,13.228523573232719
3,2.0,1280,13356,1.0,0,0,7,1280,0,1994,0,47.3715,1590,8071,12.354492650648448
4,2.75,2530,11549,1.0,0,0,7,1700,830,1942,0,47.6557,2530,10000,13.17115354157376
2,1.0,790,6000,1.0,0,0,7,790,0,1948,0,47.5543,960,6000,12.691580461311874
4,1.0,1430,8400,1.0,0,0,6,730,700,1969,0,47.7417,1310,8240,12.768541502448002
4,3.5,3530,8126,2.0,0,0,10,3530,0,2007,0,47.6847,2660,8126,14.058456736574664
2,1.0,1440,4046,1.0,0,0,7,960,480,1946,0,47.6901,1400,4046,13.096019402064726
4,2.75,2810,7302,2.0,0,0,9,2810,0,2002,0,47.5985,2820,7302,13.458692746677631
4,2.5,3440,23954,1.5,1,3,10,2260,1180,1931,0,47.5636,4230,18723,14.725783217512866
3,4.25,3300,308080,2.0,0,2,9,2520,780,1976,0,47.3979,2130,90604,13.499429010990795
1,1.0,720,5000,1.0,0,0,6,720,0,1908,0,47.5289,1170,5000,12.128111104060462
4,2.5,2710,4069,3.0,0,0,10,2710,0,1990,0,47.604,1810,3586,13.670484785914017
4,2.5,2870,11304,2.0,0,0,9,2870,0,1980,0,47.5547,2690,9940,13.473020249017498
4,1.5,2190,8296,2.0,0,0,7,2190,0,1935,1963,47.5158,1160,8160,13.244581010128577
5,1.75,2120,8625,1.0,0,0,7,1200,920,1959,0,47.6118,1930,8625,13.188151117942333
4,3.0,2620,35124,2.0,0,0,9,2620,0,1987,0,47.3067,2920,35807,13.001325049027272
3,1.0,1040,6860,2.0,0,0,6,1040,0,1942,0,47.5121,1030,6512,12.384218830913648
4,1.75,1960,9300,1.0,0,0,7,1340,620,1979,0,47.4487,1500,9752,12.826649133255284
4,2.5,3060,7140,2.0,0,0,9,3060,0,2006,0,47.5393,3240,6218,13.624350052503114
4,3.5,5270,53428,2.0,0,0,10,3440,1830,2004,0,47.4358,2340,30904,13.569610019527449
3,2.0,1480,6600,1.0,0,2,7,740,740,1943,0,47.5081,1250,7300,12.86099861326992
3,1.0,1500,4000,1.0,0,0,6,900,600,1925,0,47.6921,950,4000,12.886641043883259
4,2.5,1950,5000,2.0,0,0,8,1950,0,2012,0,47.515,2710,5000,12.959844447906553
2,1.0,900,28800,1.0,0,0,6,900,0,1928,0,47.5245,1360,7200,12.367340793126296
3,1.0,980,7228,1.5,0,0,7,980,0,1946,0,47.7294,1070,7228,12.736700896592344
3,1.0,1180,3750,1.0,0,0,6,1030,150,1940,0,47.5726,1280,3750,12.959844447906553
3,1.5,1380,12196,1.0,0,0,7,1380,0,1967,0,47.3204,1600,10720,12.560244459250788
3,2.0,1340,1384,3.0,0,0,8,1340,0,2008,0,47.6973,1110,1384,12.837344422372032
1,1.0,920,8282,1.5,0,0,6,920,0,1944,1980,47.761,2260,14025,12.644327576461329
3,2.5,1970,9153,2.0,0,0,8,1970,0,2007,0,47.7698,1800,9800,13.142067960678665
3,1.0,840,8400,1.0,0,0,6,840,0,1959,0,47.3281,1030,8640,12.141534124392603
4,3.5,3370,3634,2.0,0,0,9,2750,620,2007,0,47.5519,3200,3650,13.607255619143816
3,2.5,2014,4500,2.0,0,0,7,2014,0,2005,0,47.3371,2014,4500,12.679196402112153
4,1.5,1260,7248,1.5,0,0,7,1260,0,1955,0,47.433,1300,7732,12.464583340681674
4,3.25,3460,7749,2.0,0,1,10,3020,440,1950,1998,47.6849,3030,8680,14.375126345899696
4,1.75,2230,6838,1.0,0,0,7,1320,910,1985,0,47.5742,1580,7500,13.235692062711331
2,2.5,2200,188200,1.0,0,3,8,2200,0,2007,0,47.2458,2700,84942,13.465953081794405
6,4.0,3300,5720,1.0,0,0,8,1960,1340,1963,0,47.676,2030,4080,13.567049198665774
6,3.0,2530,9000,1.0,0,0,6,2530,0,1978,0,47.6716,1886,6000,13.62918097977278
5,2.75,2730,22572,1.0,0,0,7,2080,650,1968,1992,47.5951,2260,15458,13.303016877097587
3,2.5,2010,2263,2.0,0,0,8,1340,670,2014,0,47.6088,1500,2670,13.527761816623505
4,2.75,1930,13041,1.0,0,0,8,1180,750,1980,0,47.7502,1880,10234,13.059423577630454
4,1.75,2670,6250,2.0,0,0,8,2020,650,1941,0,47.6499,1820,6250,13.527828485512494
3,1.0,1520,8600,1.0,0,0,6,1040,480,1951,0,47.5134,1320,8600,12.254862809699606
3,2.25,2080,12134,1.0,0,0,8,1530,550,1973,0,47.6315,2320,12400,13.312983737012978
3,2.25,1630,3070,2.0,0,0,7,1630,0,2004,0,47.6785,1690,3200,13.073173133213556
4,1.0,2020,18150,1.0,0,0,7,2020,0,1955,0,47.739,1530,11970,12.751299696013497
4,3.0,1960,5160,1.0,0,0,7,1170,790,2001,0,47.5313,1960,5160,12.531772785169476
3,1.5,1130,7200,1.0,0,0,7,1130,0,1954,0,47.5041,1130,7200,12.542562739134807
3,2.5,2430,10500,2.0,0,1,9,2430,0,1989,0,47.5818,3440,12842,13.842152488910695
3,2.0,1920,33630,1.0,0,0,8,1920,0,1992,0,47.4983,2080,7505,12.772805901234461
3,1.0,920,7314,1.0,0,0,6,920,0,1960,0,47.2892,1010,7420,12.245293358683455
3,1.5,1270,1483,3.0,0,0,8,1270,0,2007,0,47.6987,1270,1413,12.936033799212835
3,1.5,1240,9405,1.0,0,0,7,1240,0,1966,0,47.3727,2260,7611,12.2783933071098
3,1.0,1300,8284,1.0,0,0,7,1300,0,1968,0,47.3327,1360,7848,12.429216196844383
4,2.5,3880,35003,2.0,0,0,10,2570,1310,1984,0,47.6477,3740,35230,13.729407858910863
2,1.5,1480,15641,1.0,0,0,7,1480,0,1940,0,47.5008,1520,7525,13.102160670086809
4,3.25,2470,4760,1.5,0,0,9,1890,580,1906,0,47.6331,2470,4760,14.09692301740246
2,1.0,1260,7810,2.0,0,0,6,1260,0,1945,0,47.5003,1260,7755,12.449018824140563
2,1.0,900,423838,1.0,0,2,6,900,0,1925,0,47.228,1810,94960,12.618182296357007
4,2.25,2450,21000,1.0,0,2,8,1650,800,1954,0,47.4559,1820,12480,13.028052697933088
2,1.0,1100,17817,1.0,0,0,7,620,480,1980,0,47.7728,1790,20009,12.691580461311874
3,1.5,2240,3800,2.0,0,0,8,1370,870,1929,0,47.6887,1690,4275,13.142166004700508
4,2.25,2270,8480,1.0,0,0,8,1310,960,1973,0,47.5448,1910,9050,13.175904144332359
2,2.0,1350,4225,1.0,0,0,8,1350,0,2003,0,47.7106,1660,4225,12.966878474563934
2,1.75,2230,6930,1.0,0,0,8,1530,700,1947,0,47.6705,1970,6930,13.549589977294007
3,1.0,1980,6450,1.0,0,0,6,1120,860,1950,0,47.5291,1180,5160,12.742566016044742
3,1.0,1280,3900,1.0,0,0,7,1280,0,1921,0,47.6545,2020,4560,13.51169910358261
2,2.5,1730,1037,3.5,0,0,8,1730,0,2008,0,47.5594,1280,1026,13.079455876393052
4,2.5,2240,7245,1.0,0,0,7,1140,1100,1972,0,47.7161,1740,7350,13.071070083016778
3,2.0,1530,8749,1.0,0,0,7,1530,0,1995,0,47.2974,1750,8749,12.419165860990882
3,1.75,1010,6552,1.0,0,0,7,1010,0,1969,0,47.375,1010,6552,11.901583454762012
3,2.0,2900,5650,1.0,0,2,8,1520,1380,1959,0,47.5789,1810,6250,13.331002242515657
3,1.5,1270,1067,3.0,0,0,8,1270,0,2009,0,47.7236,1090,1118,12.691580461311874
4,2.75,3160,8197,1.0,0,0,8,1580,1580,1962,0,47.7004,2050,8197,13.39239051461739
2,1.75,930,7080,1.0,0,0,6,930,0,1923,2006,47.5224,1100,7680,12.524526376648708
3,2.5,3310,21096,2.0,0,2,9,3310,0,2004,0,47.3049,3310,13835,12.945626198904275
4,2.5,3090,10730,2.0,0,0,8,2420,670,1985,0,47.5458,2220,7875,13.789525860992281
3,2.0,1560,9635,1.0,0,0,7,1260,300,1966,0,47.341,1570,8276,12.47131737286302
3,1.0,1010,6300,1.0,0,0,7,1010,0,1957,0,47.7304,1480,7480,12.611537753638338
2,1.75,1500,8645,1.0,0,0,7,1500,0,1963,0,47.3643,1220,8645,12.427214194173711
2,1.0,960,8450,1.0,0,0,6,960,0,1950,0,47.755,1090,8450,12.404923504275338
3,1.75,1660,8303,1.0,0,0,7,1380,280,1974,0,47.4366,1740,8320,12.54236629477704
4,1.0,1350,9000,1.5,0,0,7,1350,0,1964,0,47.6953,1940,8000,12.971540487669746
4,3.0,3150,6599,2.0,0,0,9,3150,0,2008,0,47.5279,2680,9430,13.383958115092792
5,2.5,2360,10081,1.0,0,0,7,1180,1180,1961,0,47.5552,2200,10461,13.17115354157376
5,2.0,1930,6120,1.5,0,0,6,1930,0,1941,1969,47.5073,1130,6120,12.345834587905333
5,1.75,2030,12342,2.0,0,0,7,2030,0,1942,0,47.6417,2500,9433,13.060487973686241
2,1.0,820,3700,1.0,0,0,7,820,0,1968,0,47.588,1750,9000,13.224919965729422
4,1.75,1720,8300,1.0,0,0,8,1720,0,1965,0,47.4654,1840,8300,12.706847933442663
4,2.5,2110,4178,2.0,0,0,7,2110,0,2013,0,47.3612,2300,4142,12.691426603322494
3,2.5,2120,9736,2.0,0,0,9,2120,0,1988,0,47.7374,2490,8763,13.182517300224076
4,3.0,2110,5000,1.5,0,2,7,1640,470,1930,0,47.5195,1380,5000,13.321214236149494
3,1.5,1320,7980,1.0,0,0,7,1320,0,1956,0,47.5068,2000,7700,12.449018824140563
3,2.5,3150,151588,2.0,0,0,9,3150,0,2007,0,47.572,2410,208652,13.487006490992238
3,2.5,1660,2890,2.0,0,0,7,1660,0,2001,0,47.5434,1540,2890,12.706847933442663
3,2.25,2760,40946,2.0,0,0,10,2760,0,1978,0,47.6501,3030,42253,13.985253332551368
3,1.0,1140,27760,1.0,0,0,6,1140,0,1981,0,47.5372,1690,87300,12.404103496029308
5,2.75,2830,11795,1.0,0,0,7,1710,1120,1960,0,47.5828,2460,10880,13.350295445450335
4,1.75,1770,12462,1.0,0,2,8,1770,0,1962,0,47.4355,2310,14810,13.366876954454732
2,1.75,2130,6574,1.0,0,0,8,1500,630,1946,0,47.6529,2130,6275,13.017002861746503
3,2.0,1590,8100,1.0,0,0,7,1060,530,1996,0,47.3611,1590,8100,12.429216196844383
3,1.75,1510,4800,1.0,0,2,7,860,650,1925,2011,47.5667,1510,4800,13.049792684569493
3,2.5,1990,3644,2.0,0,0,7,1990,0,2010,0,47.3531,2580,3800,12.670435394885823
3,1.75,1730,6130,1.0,0,0,7,1480,250,1941,0,47.6978,1730,6131,13.263341970663902
3,2.5,3400,12442,2.0,0,0,9,3400,0,2001,0,47.5611,3250,8635,13.610943392223
2,1.0,940,4264,1.0,0,0,7,940,0,1949,0,47.5314,1630,4472,12.9384405392434
4,2.5,2340,41600,1.0,0,0,8,1640,700,1977,0,47.7466,2340,34960,13.165901679418813
3,1.0,1200,9194,1.0,0,0,7,1200,0,1952,0,47.7362,1330,8650,12.819906019370393
3,1.5,1360,1795,2.0,0,0,7,1360,0,1945,0,47.6471,1580,1795,12.936033799212835
5,3.75,3700,7920,3.0,0,4,9,2900,800,1983,0,47.6865,2860,6360,14.151982794585487
2,1.5,1020,1525,2.0,0,0,7,1020,0,2004,0,47.704,1020,3844,12.26434155365415
4,2.5,1540,1994,2.0,0,0,8,1540,0,2014,0,47.5526,1540,1689,12.994507278363448
4,1.0,1350,4000,1.5,0,0,8,1350,0,1930,0,47.6885,1520,4000,13.255144488638146
2,1.0,2034,13392,1.0,1,4,7,1159,875,1947,0,47.3312,1156,15961,13.215853720491667
2,1.0,1170,5043,1.0,0,0,6,880,290,1949,0,47.5492,1430,5692,12.69096488726966
4,2.5,2090,6667,2.0,0,0,8,2090,0,1997,0,47.4648,2250,6165,12.911642346088676
6,2.5,3550,6533,2.0,0,0,8,3550,0,1925,0,47.5719,3140,6234,13.704578997256993
3,1.0,1290,12005,1.0,0,0,7,1290,0,1966,0,47.6835,1930,8000,13.396960210307455
5,2.75,2500,19783,1.0,0,3,8,2500,0,1959,0,47.5938,1700,15375,13.591116224748411
4,1.75,2060,4080,1.5,0,0,7,1460,600,1922,1996,47.6698,1620,4080,13.239257128875828
3,2.25,1920,4833,1.0,0,0,7,1060,860,1921,0,47.7067,1580,5134,12.86099861326992
4,2.5,1930,9653,1.0,0,0,9,1930,0,1968,0,47.3367,2100,10454,13.049792684569493
3,3.25,1560,1345,2.0,0,0,8,1260,300,2009,0,47.5637,1560,4800,13.012548511397123
4,2.25,1970,7200,2.0,0,0,8,1970,0,1979,0,47.3132,1790,7500,12.560244459250788
3,1.0,1580,4000,2.0,0,0,8,1580,0,1905,0,47.6363,2190,4000,13.444446876573442
3,2.0,1410,7998,1.0,0,0,7,1410,0,1940,0,47.4968,1780,8278,12.301382825334498
3,0.75,1270,10092,1.0,0,0,7,1270,0,1971,0,47.7567,1300,10375,12.66349749256905
3,2.25,1950,8868,1.0,0,0,7,1350,600,1964,0,47.7538,1300,8880,12.936033799212835
3,2.0,1380,8536,2.0,0,0,7,1380,0,1955,0,47.4374,1260,8750,12.487485104968359
4,3.5,4170,4524,2.0,0,0,9,3500,670,2007,0,47.7726,3510,5001,13.342783222796943
3,2.5,1626,1583,2.5,0,0,8,1419,207,2007,0,47.6031,1400,1583,13.173056491719846
3,1.75,1560,8968,1.0,0,0,8,1560,0,1972,0,47.6243,1990,8034,13.017002861746503
3,2.25,2190,2416,3.0,0,0,8,2190,0,2014,0,47.6758,1510,3615,13.486937044136416
2,1.0,790,5240,1.0,0,0,6,790,0,1925,0,47.5303,1430,5320,12.610870864650634
4,2.0,5461,22880,1.0,0,0,9,3265,2196,1964,0,47.3557,1940,10995,13.208541073645382
4,2.25,2410,14985,1.0,0,1,7,1950,460,1965,0,47.4278,2510,15256,13.180632285528304
3,2.5,2220,5279,2.0,0,0,8,2220,0,2006,0,47.5132,1610,5297,13.199324418540456
4,2.0,1590,8779,1.0,0,0,8,1590,0,2001,0,47.7408,2090,9600,12.727838209334498
4,2.5,2300,22445,2.0,0,0,8,2300,0,1992,0,47.6454,2640,21886,13.11835535600679
3,1.5,1380,11760,1.0,0,0,7,1380,0,1963,0,47.4243,1650,9855,12.513557345278134
4,2.5,2350,63162,2.0,0,0,8,2350,0,1994,0,47.7545,2370,63162,13.384650715836164
5,2.5,2650,11455,1.0,0,0,7,1400,1250,1961,0,47.6141,1960,9880,13.244581010128577
3,1.5,1320,9750,1.0,0,0,7,1320,0,1954,0,47.4267,1530,9750,12.468436909997665
3,1.75,1370,1921,3.0,0,0,8,1370,0,2007,0,47.6595,1370,4000,13.410545324897761
2,1.0,900,5220,1.0,0,0,6,900,0,1956,0,47.5105,1480,6660,12.706696406811568
4,2.25,2870,5453,2.0,0,1,8,2220,650,1926,0,47.5129,1660,4800,13.408894788098713
2,1.0,1100,3598,1.0,0,0,7,1100,0,1926,0,47.5738,1240,3598,12.90669184092882
2,1.0,1730,9610,1.0,0,0,7,1380,350,1962,0,47.2956,1310,9812,12.206072645530174
4,2.5,2130,9100,1.0,0,0,8,1290,840,1978,0,47.3815,1770,7700,12.301382825334498
2,1.0,890,5200,1.0,0,0,6,890,0,1941,0,47.5311,950,5200,12.611371073081239
3,2.0,1510,9153,1.0,0,0,7,1510,0,1974,0,47.3412,1780,9286,12.367128004530962
3,2.5,3050,33920,1.0,0,0,8,3050,0,2004,0,47.7034,1970,60984,13.641157170819497
3,2.0,1870,3378,1.0,0,0,7,1120,750,1913,0,47.5371,1870,1872,12.736700896592344
4,2.5,2430,6325,2.0,0,0,8,2020,410,1919,0,47.6413,2340,4375,13.805460222110773
4,3.75,4160,35000,2.0,0,0,11,4160,0,1991,0,47.669,5330,36446,13.955272500339433
3,1.0,1090,9900,1.0,0,0,7,1090,0,1955,0,47.6755,1720,10419,12.611537753638338
4,2.0,2060,13400,1.0,0,2,8,2060,0,1957,0,47.4404,1950,10370,12.765688433465597
3,2.25,1410,905,3.0,0,0,9,1410,0,2014,0,47.5818,1510,1352,13.179688444023599
3,2.5,2650,7286,2.0,0,0,8,2650,0,1990,0,47.5084,2400,7220,13.009194679298691
3,1.0,1330,15678,1.0,0,0,7,900,430,1984,0,47.6355,1330,12696,12.911642346088676
2,1.0,810,4800,1.0,0,0,7,810,0,1948,0,47.5232,1240,7740,12.443119102013375
3,2.5,3940,10360,2.0,0,0,9,3110,830,1992,0,47.6468,2720,11941,13.746588041145232
5,3.0,2480,10090,1.0,0,0,7,1300,1180,2004,0,47.4964,2290,9900,12.827992316801751
3,1.0,1530,4944,1.0,0,0,7,1530,0,1950,0,47.6857,1500,4944,13.369223455335854
3,1.0,940,7910,1.0,0,0,6,940,0,1959,0,47.6181,1000,7700,12.821258284620408
4,2.5,3000,9460,2.0,0,0,9,3000,0,2001,0,47.3959,3000,8450,12.971540487669746
4,1.0,1370,8499,1.0,0,0,7,1370,0,1949,0,47.736,1370,8187,12.611537753638338
3,2.25,1990,6350,2.0,0,0,7,1990,0,1967,0,47.3822,1220,6250,12.644166273130065
4,2.75,2020,15810,1.0,0,0,9,1620,400,1967,0,47.5921,2210,10160,13.38472764187182
4,3.5,3930,6120,2.0,0,0,10,3310,620,2007,0,47.6646,3390,6120,14.210925330218936
3,2.25,1230,875,3.0,0,0,8,1230,0,2013,0,47.6521,1760,5664,13.217673557208654
3,2.75,1210,3600,1.5,0,2,7,1210,0,1910,0,47.6798,1630,3910,13.427639758257062
4,2.75,2500,12848,1.0,0,1,8,2120,380,1975,0,47.3364,2370,12497,12.873902018105829
3,2.25,3330,20053,2.0,0,0,9,3330,0,1968,1998,47.6395,2870,20053,14.416597272675006
3,3.0,1330,1379,2.0,0,0,8,1120,210,2005,0,47.6126,1810,1770,13.221484468272136
3,2.25,2140,7200,2.0,0,0,7,2140,0,1979,0,47.3913,1890,7455,12.542544882151386
3,1.75,1620,7540,1.0,0,0,7,1310,310,1988,0,47.3635,1580,7540,12.460714863903755
4,2.5,3450,35100,2.0,0,0,10,3450,0,1987,0,47.7302,3110,35894,13.632188500836737
4,2.75,2140,10316,2.0,0,0,8,2140,0,1993,0,47.3537,1920,11337,12.79246945614324
3,2.5,2640,13775,1.0,0,0,8,1550,1090,1978,0,47.5875,2120,12432,13.180632285528304
4,4.0,5000,12941,3.0,0,2,12,5000,0,2002,0,47.55,4560,12941,14.339054954138039
4,2.5,2400,4848,2.0,0,0,8,2400,0,2004,0,47.3626,1980,5199,12.748396936355535
3,1.5,760,40039,1.0,0,0,6,760,0,1906,0,47.5295,980,6000,12.154779351142624
3,2.0,1050,18304,1.0,0,0,7,1050,0,1953,0,47.3206,1690,15675,12.038245534886672
1,1.0,690,1950,1.0,0,0,6,690,0,1928,0,47.6849,1650,4864,12.542544882151386
5,4.0,3400,5000,2.0,0,0,8,2320,1080,1900,2013,47.6655,1910,5000,13.676248490630767
3,3.25,1370,1194,3.0,0,0,8,1370,0,2004,0,47.6718,1800,2678,13.058358047428417
3,2.0,2150,3880,1.0,0,0,8,1080,1070,1951,0,47.6814,2130,4000,13.262125319779487
3,1.75,1400,8640,1.0,0,0,7,1400,0,1962,0,47.7659,1630,8640,12.886641043883259
5,2.0,2260,12500,1.0,0,0,8,1130,1130,1960,0,47.3887,1360,18000,12.460714863903755
3,3.5,3580,95832,1.5,0,0,9,3580,0,2005,0,47.4239,2880,60548,13.407542319637992
3,2.5,1680,11193,2.0,0,0,8,1680,0,1984,0,47.4482,2080,8084,12.631340380934517
4,2.75,2340,6350,1.0,0,0,7,1310,1030,1974,0,47.5559,2020,6350,13.37700559577791
4,2.5,2150,9070,2.0,0,0,8,2150,0,1985,0,47.7279,2230,8995,13.329377546788654
3,2.5,3010,7014,2.0,0,0,8,3010,0,2009,0,47.4949,3030,6180,13.195613839143922
4,2.5,3350,11688,1.0,0,2,10,1760,1590,1995,0,47.5507,4240,10804,13.997832114758229
3,1.5,2605,12030,1.0,0,0,8,1355,1250,2003,0,47.7725,1590,15242,13.304518253641184
4,2.25,2000,10374,2.0,0,1,7,2000,0,1967,0,47.3342,2170,10374,12.676076274775909
4,2.75,2420,11201,1.0,0,1,8,1420,1000,1948,1999,47.5459,3170,9385,13.476535191124942
4,2.0,2260,6000,1.0,0,0,8,1430,830,1958,0,47.6876,2030,5874,13.350295445450335
2,1.0,1580,2199,2.0,0,2,8,1580,0,1921,1995,47.6541,2170,4405,13.487006490992238
3,1.0,1130,3600,1.0,0,0,6,1130,0,1908,0,47.5978,1710,2231,12.474189562487116
3,2.0,1550,27003,1.5,0,0,8,1550,0,1982,0,47.606,2400,27003,13.193753373491
3,1.75,1410,2052,2.0,0,0,8,1410,0,2014,0,47.5171,1410,1988,12.541830341213517
3,2.25,1870,1900,3.0,0,0,8,1870,0,2008,0,47.6537,1690,1694,13.554145793829866
3,1.0,1200,5404,1.0,0,0,6,1200,0,1937,0,47.6969,1200,5987,12.834681304952548
3,1.5,1580,3172,1.0,0,0,8,900,680,1946,0,47.6796,1580,5000,13.17020070681849
2,1.0,750,5120,1.0,0,0,6,750,0,1941,0,47.5312,930,7200,12.611537753638338
2,2.0,1500,1408,3.0,0,0,7,1500,0,1999,0,47.7293,1500,1245,12.639882226647481
3,2.5,2040,4627,2.0,0,0,8,2040,0,1992,0,47.6365,2230,4500,13.270783382522602
3,2.5,2530,8820,2.0,0,0,8,2530,0,1997,0,47.42,2340,9472,12.969212197910155
3,1.75,2260,8512,1.0,0,0,7,1130,1130,1948,0,47.7129,2240,8040,13.055154627710879
2,1.75,1850,3060,1.0,0,0,7,1060,790,1929,1992,47.6821,1850,4080,13.195613839143922
3,1.5,1490,7800,1.0,0,0,7,1010,480,1963,0,47.3431,1570,7800,12.454494004028652
3,1.75,1300,62290,1.0,0,0,7,1300,0,1983,0,47.6529,1850,52272,13.199324418540456
3,1.75,1160,5850,1.0,0,0,6,1160,0,1918,0,47.5064,1110,8382,12.154779351142624
4,2.5,2620,8312,2.0,0,0,9,2620,0,1990,0,47.6272,2260,8515,13.527761816623505
2,1.75,1440,6265,1.0,0,0,8,1440,0,2005,0,47.7028,1810,5209,13.102160670086809
3,2.5,1650,4648,2.0,0,0,8,1650,0,2001,0,47.5968,1800,5637,13.122363377404328
4,1.75,1870,9500,1.0,0,0,7,1090,780,1962,0,47.7012,2010,10000,13.102160670086809
3,1.0,1060,7246,1.0,0,0,6,1060,0,1981,0,47.4936,1090,6694,12.526342907575106
4,1.0,1330,2400,1.5,0,0,6,1330,0,1901,0,47.65,1330,4400,13.329377546788654
3,2.0,2870,6360,1.5,0,1,8,1790,1080,1946,0,47.6813,2310,6466,13.604789526648622
2,1.0,1400,4500,1.0,0,0,7,900,500,1922,0,47.4866,1400,5500,12.644327576461329
3,3.75,2050,6000,2.0,0,0,7,1550,500,1910,0,47.6873,1780,4000,13.37700559577791
4,1.0,1940,9533,1.0,0,0,7,1080,860,1962,0,47.4139,1940,8839,12.487485104968359
2,2.0,1200,1867,1.0,0,0,7,600,600,1924,1998,47.627,1790,2221,13.077366011473593
3,1.0,2000,21780,1.0,0,0,8,1480,520,1978,0,47.6064,2000,45738,13.122363377404328
4,2.25,2340,217014,1.0,0,0,8,2340,0,1982,0,47.2953,2340,107898,12.911518881677136
3,4.0,2080,2250,3.0,0,4,8,2080,0,1997,0,47.6598,2080,2250,13.567049198665774
3,1.75,2050,9580,1.0,0,0,8,1400,650,1984,0,47.6212,1740,11952,13.199324418540456
3,1.5,1320,15053,1.0,0,0,7,1320,0,1979,0,47.7405,1250,13368,12.611537753638338
2,2.5,3900,920423,2.0,0,0,12,3900,0,2009,0,47.5371,2720,411962,14.507657238190635
3,1.5,1900,5000,1.5,0,0,7,1640,260,1926,0,47.6779,2090,5000,13.733758056092014
3,1.75,1350,7370,1.0,0,0,6,1350,0,1912,0,47.5336,1440,6000,12.611537753638338
3,1.0,1540,7740,1.0,0,0,7,1540,0,1909,0,47.522,1220,7740,12.860868734706196
3,2.25,1520,1245,3.0,0,0,8,1520,0,2004,0,47.6907,1520,1470,12.911642346088676
3,2.0,2590,108900,2.0,0,0,8,1980,610,1988,0,47.4088,3170,108900,13.128345449081877
4,1.75,2220,6350,1.0,0,0,7,1110,1110,1959,0,47.7136,1950,8100,13.173056491719846
3,1.0,1190,7500,1.0,0,0,7,1190,0,1968,0,47.3248,1200,9750,12.2783933071098
3,3.0,1730,2940,3.0,0,0,7,1730,0,1985,0,47.6911,1690,4410,13.102160670086809
3,1.75,1610,7200,1.0,0,0,8,1090,520,1973,0,47.6279,3790,7200,13.981448635507705
2,1.0,1290,6272,1.0,0,0,6,890,400,1922,0,47.6777,1260,5376,13.106233995474446
2,1.0,750,4680,1.0,0,0,5,750,0,1948,0,47.6919,1450,4400,12.598114733306197
2,2.0,840,14564,1.5,0,0,6,840,0,1942,0,47.5499,1430,7920,12.63947712232758
3,2.0,1900,9513,1.0,0,0,8,1900,0,1995,0,47.2843,1790,8028,12.66032791780777
2,1.75,1510,6852,1.0,0,0,8,1510,0,2005,0,47.7073,1510,5912,13.01477816672439
4,2.75,2500,10330,1.0,0,0,8,1380,1120,1978,0,47.7743,2270,10430,13.17115354157376
1,1.0,640,4800,1.0,0,0,6,640,0,1918,0,47.5551,1250,2847,12.736700896592344
4,3.5,4610,12500,2.0,0,2,11,4610,0,2003,0,47.6508,2340,11538,14.315072989451554
4,3.75,2890,4164,2.0,0,0,9,2240,650,2013,0,47.676,2354,3207,13.9108207377686
4,1.0,1360,7132,1.5,0,0,6,1360,0,1941,0,47.5054,1280,7175,12.367340793126296
3,1.0,1080,4120,1.0,0,0,7,980,100,1919,0,47.6771,1280,3090,13.61571725525828
2,1.0,600,4000,1.0,0,0,5,600,0,1933,0,47.5065,1290,6973,11.957611286231675
6,2.0,2350,6554,2.0,0,1,8,2000,350,1905,0,47.5115,1560,6554,12.89921982609012
3,2.5,2080,4556,2.0,0,0,8,2080,0,1999,0,47.6036,1530,5606,13.248996028337695
3,2.75,3130,19530,1.0,1,4,8,1690,1440,1947,1984,47.5895,2980,18782,14.151982794585487
3,1.75,1310,9761,1.0,0,0,7,1310,0,1967,0,47.721,1490,9600,12.611537753638338
5,4.5,4130,10404,2.0,0,0,10,4130,0,2004,0,47.5556,3890,11531,13.813508555293602
2,1.0,960,5096,1.0,0,0,7,960,0,1949,0,47.5314,1760,4488,12.84660987581782
2,1.5,1310,1264,2.0,0,0,8,1120,190,2006,0,47.5772,1330,1265,13.017002861746503
4,2.5,2090,5195,2.0,0,0,7,2090,0,2007,0,47.3986,2090,5236,12.611537753638338
4,1.5,1570,9210,1.0,0,2,7,1400,170,1965,0,47.3864,2326,9210,12.736406735684207
4,2.5,3250,4500,2.0,0,0,8,3250,0,2009,0,47.4944,3030,4518,13.159659162148026
3,2.5,1870,6821,2.0,0,0,7,1870,0,1989,0,47.3065,1970,6821,12.524526376648708
4,2.5,2710,49044,2.0,0,0,9,2710,0,1988,0,47.774,2560,38190,13.34230179776959
3,1.75,1310,8065,1.0,0,0,6,1310,0,1948,0,47.701,1420,8100,12.983101310070822
3,2.25,1360,1236,2.0,0,0,8,1140,220,2006,0,47.6198,1620,1231,13.122363377404328
3,3.25,3690,7200,2.0,0,0,11,3690,0,2007,0,47.6815,1880,7200,14.27293540500315
5,2.75,2570,7260,2.0,0,0,8,2570,0,1996,0,47.2622,2200,7421,12.70381302974751
4,2.75,3630,11775,2.0,0,0,10,3630,0,1999,0,47.6378,3800,12451,13.777600984891054
4,2.75,2750,17789,1.5,0,0,8,1980,770,1914,1992,47.6141,3060,11275,14.187074114396758
2,1.0,800,8125,1.0,0,0,6,800,0,1964,0,47.6836,2390,8125,11.884489021402711
3,1.0,1660,7210,1.0,0,0,7,1100,560,1963,0,47.3394,1660,7245,12.323855681186558
4,1.0,1300,8400,1.5,0,0,7,1300,0,1953,0,47.7612,1330,8400,12.66032791780777
4,2.5,2670,8279,2.0,0,0,7,2670,0,1999,0,47.4292,2290,7504,12.936033799212835
2,1.0,1670,14695,1.5,0,0,7,1670,0,1930,0,47.7001,1800,11355,13.112313041550827
5,1.75,1550,10500,1.0,0,0,7,1100,450,1961,0,47.7573,1420,9823,12.911642346088676
3,2.5,2830,56628,2.0,0,0,11,2830,0,2001,0,47.7409,2830,16430,13.8878312195439
3,1.75,2030,217800,1.0,0,2,8,2030,0,1977,0,47.2618,2570,216057,12.886641043883259
3,2.5,2400,81892,2.0,0,0,8,2400,0,1985,0,47.5028,1370,37270,13.291261913866142
3,2.25,1765,7652,2.0,0,0,7,1765,0,1996,0,47.3072,1765,7719,12.429216196844383
2,2.0,1600,5969,1.0,0,0,7,800,800,1950,0,47.5691,1520,5969,13.16829230929273
4,2.5,2120,3640,2.0,0,0,8,2120,0,2005,0,47.5521,2190,3640,13.303016877097587
3,3.25,4610,81935,2.0,0,0,9,4610,0,1984,0,47.6217,2900,43500,13.527828485512494
3,1.75,1640,6435,1.0,0,0,7,1190,450,1972,0,47.7197,1770,6930,12.936033799212835
6,3.5,2820,5400,1.0,0,0,8,1620,1200,1958,0,47.6791,1560,2276,13.652991628466498
3,2.5,2480,8676,2.0,0,0,8,2480,0,1989,0,47.53,2540,9496,13.226723392728571
3,1.75,1740,8625,1.0,0,0,7,1240,500,1978,0,47.3054,1980,8625,12.542544882151386
2,1.0,1120,5650,1.0,0,1,6,720,400,1904,0,47.5155,2160,6480,12.409013489526863
3,2.25,1870,9000,1.0,0,0,7,1440,430,1978,0,47.7373,1870,8640,12.959844447906553
2,1.0,930,5650,1.0,0,2,7,930,0,1941,0,47.5478,1340,6400,12.631340380934517
3,1.5,1700,9579,1.0,0,0,7,1100,600,1962,0,47.3209,1700,9628,12.476099782743233
4,1.75,1770,12278,1.0,0,0,7,1350,420,1937,0,47.7004,1670,9336,13.353475098367715
4,2.75,3410,23000,2.0,0,0,10,3410,0,1982,0,47.5559,2490,15512,13.676248490630767
3,2.0,1430,6000,1.0,0,0,7,1430,0,1945,0,47.7564,1630,6315,12.772664047202023
3,2.0,1560,8640,1.0,0,0,7,1560,0,1967,0,47.7294,1970,8625,13.049792684569493
4,2.5,3320,5034,2.0,0,0,7,3320,0,2006,0,47.4011,2580,4950,12.92391243868049
3,1.0,1640,6180,1.0,0,0,7,1640,0,1946,0,47.5682,1540,6180,13.17115354157376
2,1.0,1270,1399,3.0,0,0,7,1270,0,2000,0,47.5552,1140,1442,12.821258284620408
2,1.75,1030,1106,2.0,0,0,7,765,265,2006,0,47.5397,1030,1066,12.751299696013497
3,1.75,1720,223377,1.0,0,0,7,1240,480,1950,0,47.7329,2530,221442,12.994416363073707
1,0.75,480,9750,1.0,0,0,4,480,0,1948,0,47.4982,1550,9924,11.884489021402711
3,2.25,1630,9145,1.0,0,0,7,1630,0,1960,0,47.5,1630,9206,12.220961258023925
3,1.75,1420,7200,1.0,0,0,7,1000,420,1979,0,47.5069,1550,8640,12.611537753638338
4,2.0,1490,4054,1.5,0,0,7,1490,0,1926,0,47.6744,1510,3889,13.316284070041636
1,1.0,1120,11800,1.5,0,0,7,1120,0,1950,0,47.5123,2330,9290,12.644166273130065
3,2.25,1180,14258,2.0,0,0,7,1180,0,1987,0,47.7112,1860,10390,12.89921982609012
3,2.25,2140,9775,1.0,0,0,7,1470,670,1978,0,47.306,2050,8625,12.254862809699606
5,2.5,2570,61855,1.0,0,0,7,1470,1100,1981,0,47.3013,1990,49658,13.01477816672439
3,1.0,990,10800,1.0,0,0,6,990,0,1959,0,47.293,1060,10364,12.240474072247506
3,1.0,1030,4583,1.0,0,0,7,1030,0,1967,0,47.4231,1730,8023,12.254862809699606
5,2.5,3200,17204,1.0,0,0,7,2160,1040,1952,0,47.6209,4090,15732,14.054527458434775
3,2.0,1270,1320,3.0,0,0,8,1270,0,2006,0,47.6937,1370,1320,12.821123140353697
4,2.25,2040,9565,1.0,0,0,8,1400,640,1959,0,47.7356,1890,8580,13.017002861746503
4,2.5,1860,8117,1.0,0,0,8,1460,400,1966,0,47.6228,2040,8199,13.279367126213993
3,1.5,1110,5500,1.0,0,0,6,1110,0,1940,1997,47.6717,1670,6600,12.834681304952548
2,1.5,800,2142,2.0,0,0,7,800,0,2006,0,47.5917,1320,2742,12.628067055589549
6,1.75,2740,6360,1.0,0,3,8,1370,1370,1953,0,47.5062,2150,6600,13.422467969854667
3,1.0,1000,16376,1.0,0,0,7,1000,0,1959,0,47.4825,1420,16192,12.337100907936577
4,2.75,4070,115434,2.0,0,0,9,4070,0,2002,0,47.4843,2970,95832,13.64709190633931
3,1.75,1740,10800,1.0,0,0,7,1740,0,1959,0,47.7717,1810,7735,12.736700896592344
3,2.5,2620,241200,1.5,0,0,9,2620,0,1998,0,47.4574,2620,172933,13.560618308335483
4,3.25,3480,6000,3.0,0,0,8,3480,0,2014,0,47.6353,2200,4080,14.430696197054507
2,2.5,1470,2533,2.0,0,0,8,1470,0,2005,0,47.6874,1470,6511,13.096019402064726
3,3.0,1910,4800,1.5,0,0,9,1910,0,1900,1991,47.6572,1280,1310,13.652991628466498
3,1.0,1240,10800,1.0,0,0,7,1240,0,1959,0,47.5233,1810,10800,12.765688433465597
3,2.25,1580,16215,1.0,0,0,7,1580,0,1978,0,47.5643,1450,16215,12.721885810807203
3,2.5,1980,7309,2.0,0,0,7,1980,0,1993,0,47.7257,2060,9681,13.028052697933088
3,2.5,2610,6405,2.0,0,0,8,2610,0,2001,0,47.5373,2580,6285,13.312983737012978
4,3.0,2290,8250,2.0,0,0,9,2290,0,1990,0,47.3739,2290,8250,12.702292116906802
2,1.75,1220,2268,1.0,0,0,6,610,610,1909,0,47.592,1240,1675,12.456831363877356
2,1.5,1110,986,2.0,0,0,7,950,160,2009,0,47.5427,1110,3515,12.439166527697552
3,1.0,1610,11250,1.0,0,0,7,1090,520,1975,0,47.7391,2040,10692,12.834681304952548
1,0.75,930,29258,1.0,0,0,6,930,0,1941,0,47.4837,2000,18321,12.154779351142624
4,2.75,2950,4560,2.0,0,0,7,1810,1140,1912,0,47.6525,2000,4560,13.85952744338105
3,1.0,1310,9612,1.0,0,0,7,960,350,1962,0,47.2958,1310,9812,11.918390573078392
4,2.75,2110,8190,1.5,0,0,8,2110,0,1966,0,47.6269,2420,8400,13.522480879185897
4,2.75,3260,5335,2.0,0,0,9,3260,0,2003,0,47.5414,3180,5438,13.38472764187182
3,3.0,1850,19966,1.0,0,0,7,1090,760,1992,0,47.3493,1410,6715,12.567934116156206
3,2.5,3450,8000,3.0,0,0,8,2970,480,1927,1975,47.5605,1880,6135,13.437174117244362
3,1.0,1680,8010,1.0,0,0,7,840,840,1951,0,47.6993,1890,8778,12.765688433465597
5,2.5,3600,20001,2.0,0,0,9,3600,0,1976,0,47.4484,2860,21780,13.089840185698769
4,2.0,3740,32417,2.0,0,0,9,3740,0,2000,0,47.6728,3180,32417,13.664687668229691
3,1.0,1030,7620,1.0,0,0,7,1030,0,1953,0,47.5281,1030,7560,12.706847933442663
5,2.5,3090,12750,1.0,0,0,8,1750,1340,1968,0,47.3408,1760,25919,12.860738839271837
2,2.0,1360,1860,1.0,0,0,7,680,680,1925,0,47.6727,1440,5000,13.19282184105289
4,1.75,1740,9150,1.0,0,0,7,1740,0,1974,0,47.4498,1540,9147,12.84792653170257
6,3.0,3560,4290,1.0,0,0,7,1780,1780,1957,0,47.5282,3040,6000,12.983101310070822
4,2.75,2200,8580,1.0,0,0,8,1860,340,1991,0,47.295,2290,7816,12.66032791780777
4,3.25,3330,33826,2.0,0,0,8,3330,0,1924,0,47.7596,2580,28707,13.72240793970195
6,1.75,2180,4000,1.5,0,0,7,1380,800,1926,0,47.6643,1720,4000,13.270783382522602
2,2.0,1930,5479,1.0,0,0,8,1930,0,2005,0,47.7054,1900,5479,13.21412180264387
4,2.5,3010,46173,2.0,0,0,9,3010,0,1996,0,47.6471,2590,49222,13.458835614025542
4,2.75,2810,10300,1.0,0,0,9,1810,1000,1978,0,47.5626,2710,9900,13.60787119318603
4,2.5,3280,6181,2.0,0,0,10,3280,0,2001,0,47.6484,3110,7570,13.604727796348284
2,1.5,1120,17487,1.0,0,0,6,1120,0,1924,0,47.5024,1690,8056,12.144197241812087
4,2.5,2310,7800,2.0,0,0,8,2310,0,2011,0,47.3737,2310,7140,12.834681304952548
3,2.5,1880,5000,2.0,0,0,7,1880,0,2010,0,47.3359,2260,5000,12.475908924836366
2,1.0,860,8308,1.0,0,0,7,860,0,1948,0,47.5075,1310,8308,12.706847933442663
5,2.75,2910,5802,2.0,0,0,7,2910,0,2006,0,47.3591,2910,5000,12.92391243868049
4,1.75,2700,7875,1.5,0,0,8,2700,0,1968,0,47.454,2220,7875,12.873902018105829
3,1.75,1440,7112,1.0,0,0,7,1180,260,1979,0,47.7304,1570,9152,12.92391243868049
2,1.5,880,1498,2.0,0,0,7,880,0,1999,0,47.7063,880,5060,12.423198124518821
4,2.0,1380,4048,1.5,0,0,7,1380,0,1906,0,47.6583,1440,3956,13.235692062711331
4,2.5,2130,9653,1.0,0,0,7,1500,630,1978,0,47.4068,2000,7988,12.676076274775909
3,2.5,1670,2589,2.0,0,0,8,1670,0,2000,0,47.5314,1670,2897,13.017002861746503
3,1.75,1890,16001,1.5,0,0,7,1890,0,1950,0,47.7663,1820,11450,12.894207284266574
4,4.0,3860,67953,2.0,0,2,12,3860,0,1927,0,47.7469,4410,128066,14.377979414882104
4,2.5,1912,5000,2.0,0,0,8,1912,0,2012,0,47.3511,2020,5000,12.774223335915433
4,2.5,2100,8800,1.0,0,2,7,1240,860,1960,0,47.6146,2000,8800,13.353475098367715
4,2.5,1920,8562,2.0,0,2,7,1920,0,1994,0,47.1932,1820,8628,12.640934730489125
4,1.0,1970,4740,1.5,0,0,7,1670,300,1904,2005,47.6136,1510,4740,12.92391243868049
3,1.0,1780,5236,1.5,0,0,6,1050,730,1944,0,47.5119,1260,5320,12.834681304952548
4,1.0,1410,7000,1.5,0,0,7,1410,0,1963,0,47.3767,1540,7000,12.323855681186558
4,2.75,2475,4000,2.0,0,0,7,2475,0,2014,0,47.3452,2166,4000,12.675763725937609
3,2.0,1380,5000,1.5,0,0,7,1380,0,1917,0,47.6807,1350,5000,13.241034907121827
2,1.0,890,6000,1.0,0,0,6,890,0,1919,0,47.4976,1100,6000,12.100712129872347
4,2.5,2700,5100,1.0,0,0,8,1440,1260,1968,0,47.5331,1880,5100,13.217673557208654
4,4.0,5280,17677,2.0,0,3,11,3220,2060,1978,0,47.5323,3470,17474,14.253765488895429
2,2.25,1140,1184,2.0,0,0,8,1010,130,1999,0,47.659,1140,1339,12.899094818276968
3,2.0,1410,10577,1.0,0,0,7,1410,0,1994,0,47.3642,1660,6757,12.502466658583977
2,1.0,630,6000,1.0,0,0,6,630,0,1943,2005,47.4973,1470,6840,12.154779351142624
3,2.0,1520,7456,1.0,0,0,7,1520,0,1949,0,47.4745,1740,8464,12.025749091398891
4,2.5,2630,6185,2.0,0,0,9,2630,0,1999,0,47.5229,2720,6185,13.279367126213993
2,2.5,750,1430,2.0,0,0,8,750,0,2006,0,47.6093,1320,2790,12.834681304952548
3,1.0,1370,10708,1.0,0,0,7,1370,0,1969,0,47.2769,1770,14482,12.230765258120545
4,2.5,2600,11280,1.5,0,0,7,1570,1030,1961,0,47.336,1660,11200,12.439166527697552
3,1.75,2050,11313,1.0,0,0,7,1520,530,1987,0,47.2837,1620,8065,12.437184366493561
3,2.25,1650,7218,1.0,0,0,7,1230,420,1985,0,47.7237,1690,7459,12.791077667470416
3,1.75,1570,4875,1.0,0,0,7,1310,260,1977,0,47.3621,1380,5200,12.278160721924428
3,2.0,1670,4572,1.5,0,0,8,1670,0,1931,0,47.6854,1480,4890,13.279367126213993
3,2.75,2390,9313,1.0,0,0,8,1390,1000,1942,0,47.7209,2390,12712,13.444156979484877
4,2.5,2540,5760,2.0,0,0,9,2540,0,2009,0,47.5405,2580,3600,13.541060554281211
2,1.0,1360,5000,1.0,0,0,7,1200,160,1936,0,47.6372,1540,4000,13.369223455335854
3,1.5,1110,10296,1.0,0,0,7,1110,0,1964,0,47.422,1330,10296,12.449018824140563
3,1.5,1260,1270,2.0,0,0,7,1040,220,2005,0,47.7111,1260,1472,12.409013489526863
2,1.0,940,5040,1.0,0,0,7,940,0,1926,0,47.5375,940,5040,12.26763800118833
4,2.25,1900,5000,1.0,0,0,7,1400,500,1963,0,47.6456,1710,4994,13.397719800165472
4,3.5,2100,7560,2.0,0,0,8,2100,0,2005,0,47.7076,1250,7560,13.541007920624608
4,2.5,2010,16020,1.5,0,0,8,2010,0,1962,0,47.4821,1420,16020,12.971540487669746
3,1.0,980,7606,1.0,0,0,7,980,0,1954,0,47.4356,980,8125,12.30591798049989
4,2.5,2680,4500,2.0,0,0,8,2680,0,2011,0,47.3561,2010,4500,12.84779494409793
3,1.75,1940,219527,1.0,0,0,7,1940,0,1991,0,47.4214,2060,108900,13.16158409055761
4,2.0,1720,6413,1.0,0,0,7,860,860,1950,0,47.5734,1280,6413,13.193753373491
4,2.5,3150,7277,2.0,0,0,9,3150,0,2006,0,47.5159,3030,8643,13.43236842781037
3,1.75,1480,8163,1.0,0,0,7,1040,440,1953,0,47.638,2170,11124,13.670484785914017
2,1.0,860,6800,1.0,0,0,6,860,0,1943,0,47.7274,1220,6800,12.332705296463539
3,2.5,1780,5015,2.0,0,0,7,1780,0,2010,0,47.3352,2010,5250,12.506177237980511
3,1.0,1280,9630,1.0,0,0,7,1280,0,1968,0,47.7677,1300,9453,12.871334622600584
3,2.5,1820,7242,1.0,0,0,7,1220,600,1959,0,47.4318,1350,8214,12.388290030231738
3,1.0,1140,5500,1.5,0,0,6,1140,0,1908,0,47.6606,1690,4400,13.073173133213556
4,1.75,1900,8250,1.0,0,0,7,950,950,1955,0,47.5765,1480,8360,13.203021280421783
2,1.0,1190,4440,1.0,0,0,6,1190,0,1981,0,47.7135,1060,5715,12.854483932248728
3,1.0,1470,32670,1.0,0,0,7,1020,450,1958,0,47.3811,2640,24100,12.380025952653611
3,2.0,2210,5000,1.5,0,2,7,1710,500,1909,0,47.6754,1920,5000,13.437174117244362
3,3.25,4340,4947,2.0,0,3,11,3060,1280,1993,0,47.6709,1680,5250,14.721750953984929
2,1.0,1040,4880,1.0,0,0,7,1040,0,1910,1975,47.6809,1500,4590,13.297995946047488
4,2.75,2840,8800,2.0,0,0,9,2840,0,2008,0,47.7029,1840,7700,13.484920984501217
4,3.5,3720,8301,2.0,0,0,10,2880,840,2008,0,47.5885,2080,9676,14.187074114396758
3,1.75,1430,8400,1.0,0,0,7,1430,0,1961,0,47.6073,1570,7800,12.994530005894443
5,2.75,3050,7520,2.0,0,0,8,3050,0,2014,0,47.5245,2180,10800,13.514405465180353
3,2.25,1930,3462,2.0,0,0,7,1930,0,2004,0,47.7453,1930,2952,12.694652660348845
4,2.0,1620,5200,1.5,0,0,7,1620,0,1978,0,47.3629,1500,5200,12.301382825334498
2,1.0,1410,5650,1.5,0,0,6,1410,0,1918,0,47.5159,1430,5650,12.468436909997665
3,1.75,1490,5000,1.0,0,1,8,1250,240,1954,0,47.5257,1980,5000,13.244581010128577
4,2.5,2020,4350,2.0,0,0,9,1730,290,1943,0,47.6503,1620,5800,13.673946993642486
5,3.25,3090,7069,2.0,0,0,9,3090,0,2012,0,47.5114,2480,8000,13.329377546788654
2,1.0,1320,8830,1.0,0,0,7,1020,300,1939,0,47.6433,1620,8531,12.959844447906553
3,2.25,1530,1396,2.0,0,0,8,1240,290,2007,0,47.666,1690,2500,13.122363377404328
2,1.0,710,1173,2.0,0,0,7,710,0,1943,0,47.6412,1370,1173,12.904207367601158
3,2.5,2437,5136,2.0,0,0,7,2437,0,2011,0,47.3517,2437,4614,12.560244459250788
5,2.75,2040,7488,1.0,0,0,7,1200,840,1969,0,47.7289,1530,7488,13.015891132893811
3,1.75,1610,9000,1.0,0,0,7,1100,510,1978,0,47.3187,1610,8000,12.220961258023925
4,2.5,2250,10696,2.0,0,0,8,2250,0,1996,0,47.5715,2340,13286,13.37700559577791
5,2.5,2240,7543,1.0,0,0,7,1140,1100,1966,0,47.7756,2110,7408,13.058358047428417
3,1.75,1050,7854,1.0,0,0,7,1050,0,1975,0,47.3011,1360,7668,12.377922902456833
4,3.0,2120,3600,2.0,0,3,8,1830,290,1908,1996,47.6344,2120,3600,14.093142294562554
3,1.75,1240,38095,1.0,0,0,7,1240,0,1978,0,47.6522,2060,38552,12.751299696013497
5,3.0,3070,5252,2.0,0,0,8,3070,0,2005,0,47.3666,2760,5203,12.742419806526241
3,1.75,1320,2500,1.0,0,0,7,870,450,1918,0,47.6681,1580,2750,13.180632285528304
3,1.0,1320,3954,1.5,0,0,6,1320,0,1912,2014,47.202,1270,5184,12.250089530946948
4,2.25,2060,8470,1.0,0,0,8,1440,620,1983,0,47.5605,2180,8978,13.39239051461739
4,2.5,3680,13351,2.0,0,2,9,3680,0,1946,1982,47.6154,3410,11700,14.457364444136669
4,2.0,1710,5440,1.0,0,0,8,1030,680,1976,0,47.366,1620,6696,12.542544882151386
3,1.0,1150,6800,1.0,0,0,7,1150,0,1954,0,47.727,1210,6800,12.92513120787462
4,2.5,2290,8796,2.0,0,0,8,2290,0,1994,0,47.3762,2130,8796,12.765402678355779
5,1.75,2840,12870,2.0,0,2,7,2840,0,1925,0,47.4961,2170,9612,12.751299696013497
3,2.5,1690,4851,2.0,0,0,7,1690,0,2004,0,47.6795,2330,4851,13.120361374733656
3,2.5,1950,3730,2.0,0,0,9,1950,0,1996,0,47.6731,2080,4000,13.709038313453757
6,3.75,2940,5054,2.0,0,0,7,2940,0,1942,2003,47.5122,1530,5320,13.081541382884074
3,2.5,2610,8481,2.0,0,0,10,2610,0,1993,0,47.5535,3140,10008,13.604789526648622
3,3.5,1450,1263,2.0,0,0,8,1160,290,2007,0,47.6508,1390,1282,12.886641043883259
3,2.75,1560,77536,1.0,0,0,7,1400,160,1978,0,47.7695,2210,41449,13.122363377404328
3,2.5,1910,3427,2.0,0,0,8,1910,0,2001,0,47.6324,2240,3720,13.329377546788654
3,1.5,1020,11410,1.0,0,0,7,1020,0,1959,0,47.4811,1290,8400,12.449018824140563
3,2.5,2550,6021,2.0,0,0,7,2550,0,2002,0,47.3828,2080,6021,12.774223335915433
3,1.0,1640,12384,1.0,0,0,7,1090,550,1954,0,47.3256,1550,11200,12.443119102013375
3,2.75,1960,13252,1.0,0,0,8,1240,720,1975,0,47.5582,2040,9866,13.217673557208654
3,1.0,1660,11783,1.0,0,0,7,1160,500,1978,0,47.7563,1320,10541,12.814478597635029
2,1.0,700,5559,1.0,0,0,6,700,0,1949,0,47.7492,1230,8100,12.491251587763836
3,1.75,1300,5120,1.5,0,0,6,1300,0,1925,0,47.5589,1090,5124,13.151922179645874
3,1.0,1390,9624,1.5,0,0,7,1390,0,1954,0,47.7758,1440,9624,12.608198852372823
4,1.75,4060,4000,2.0,0,3,10,2890,1170,1953,1995,47.6375,1860,4000,13.785051350479566
3,1.75,2240,6050,1.0,0,0,8,1250,990,1950,0,47.5658,1720,6050,13.345506928718539
4,2.5,2880,12349,2.0,0,0,10,2880,0,1996,0,47.5879,3490,11539,13.473020249017498
2,1.5,1020,1275,3.0,0,0,8,1020,0,2008,0,47.7003,980,1415,12.577636201962656
3,2.0,1840,16815,1.0,0,0,7,960,880,1972,0,47.4837,1810,16732,12.873902018105829
3,2.0,1200,5029,1.0,0,0,6,880,320,1937,0,47.6936,1510,5854,12.948009990259552
4,2.5,2620,10489,2.0,0,0,9,2620,0,1990,0,47.6732,2430,7701,13.434250138552928
3,1.75,2770,39927,1.0,0,0,8,1580,1190,1978,0,47.4669,2420,36384,13.106233995474446
5,2.75,2860,5379,2.0,0,0,9,2860,0,2005,0,47.7082,2980,6018,13.487006490992238
4,5.0,5810,7440,2.0,0,0,10,3790,2020,2004,0,47.6878,3010,7200,14.444119217386648
3,3.0,2290,1407,2.5,0,0,8,1890,400,2014,0,47.5446,2230,1407,13.36138027787483
3,2.25,1270,1566,2.0,0,0,8,1060,210,2014,0,47.6647,1160,1327,13.346313003752748
2,1.0,1050,2570,1.0,0,0,7,850,200,1927,0,47.6764,1080,2800,12.971540487669746
2,1.0,1050,5900,1.0,0,0,7,1050,0,1950,0,47.5326,1280,5900,12.409013489526863
4,2.5,3890,34513,2.0,0,0,10,3890,0,1996,0,47.7749,3600,28435,13.560618308335483
3,1.0,1120,10500,1.0,0,0,7,1120,0,1966,0,47.7267,1320,10500,12.793859310432293
3,1.75,1490,3800,1.0,0,0,6,700,790,1913,0,47.5554,2180,4000,12.479909311159902
2,1.0,1150,7552,1.0,0,0,7,1150,0,1951,0,47.7215,1150,7346,12.762827201184564
4,2.75,2630,7505,2.0,0,0,8,2630,0,1994,0,47.6846,2670,7506,13.493926933836812
3,2.25,1540,1561,3.0,0,0,8,1540,0,2010,0,47.6991,1540,1547,12.834681304952548
3,1.0,1020,13504,1.0,0,0,7,1020,0,1959,0,47.5121,1110,11158,12.683858415217964
2,1.0,1230,2726,1.5,0,0,7,880,350,1920,0,47.6815,1710,3750,13.262125319779487
3,1.5,1220,1086,3.0,0,0,8,1220,0,2007,0,47.7049,1220,1422,12.631340380934517
4,2.5,2550,19017,1.0,0,0,7,1300,1250,1961,0,47.7682,2080,21100,13.038981768465277
1,0.75,840,7203,1.5,0,0,6,840,0,1949,0,47.4756,1560,8603,11.728036844587175
3,2.5,3680,13384,2.0,0,0,10,3680,0,1994,0,47.5484,3600,11306,13.844972268113892
3,2.0,1260,7346,1.0,0,0,7,1260,0,1987,0,47.4034,1460,7363,12.577636201962656
2,1.0,1070,6678,1.0,0,0,7,1070,0,1951,0,47.7315,1680,7788,12.721885810807203
2,1.75,1740,4736,1.5,0,2,7,1040,700,1907,0,47.5994,2020,4215,13.244581010128577
1,1.0,550,5700,1.0,0,0,6,550,0,1916,0,47.6846,1100,4560,12.577636201962656
4,2.5,2927,6000,2.0,0,0,7,2927,0,2011,0,47.3737,2533,6000,12.916568464424731
4,2.5,2640,47480,1.0,0,0,8,1590,1050,1979,0,47.4258,2390,67415,13.043320170063875
2,1.0,1240,42247,1.0,0,1,7,1240,0,1915,0,47.5169,1550,12459,13.623138665316818
3,2.0,2000,7000,2.0,0,0,7,2000,0,1916,1986,47.5452,1840,7000,13.237476184504834
3,2.25,1430,5999,2.0,0,0,7,1430,0,1987,0,47.3116,1600,5999,12.30591798049989
3,2.25,1450,1387,3.0,0,0,8,1450,0,2000,0,47.6765,1450,1429,13.116345305078767
4,1.0,1940,5753,1.5,0,0,7,1940,0,1947,0,47.7188,2170,6075,12.901716706288706
3,1.0,1030,4958,1.0,0,0,7,1030,0,1952,0,47.6647,2230,6987,13.484224848030362
3,1.75,1860,5750,1.5,0,0,6,1300,560,1918,0,47.5586,1550,5750,12.89921982609012
3,2.5,2160,1912,2.0,0,0,9,1970,190,2014,0,47.5642,1810,2653,13.351886535682578
3,2.5,2290,9142,1.0,0,0,8,2290,0,1972,0,47.691,1770,8035,13.438487123487413
3,1.0,1380,5400,1.0,0,0,7,1380,0,1954,0,47.7134,1190,6075,12.84792653170257
3,1.5,1630,4080,1.5,0,0,8,1630,0,1927,0,47.6756,1950,4080,13.514405465180353
3,2.5,1920,7200,2.0,0,2,10,1780,140,1997,0,47.5709,2080,5000,13.710150042306449
4,2.25,4250,16940,1.0,0,2,9,2380,1870,1974,0,47.5453,3460,17693,14.240778293368619
4,1.75,3060,94089,1.0,0,0,8,3060,0,1958,0,47.744,2180,43995,13.028052697933088
4,2.5,2980,8107,2.0,0,0,9,2980,0,2000,0,47.5389,2750,7760,13.341498907321
6,4.0,2280,5275,1.0,0,0,7,1270,1010,1998,0,47.5556,1760,6642,13.015891132893811
4,2.5,1830,5331,2.0,0,0,7,1830,0,2002,0,47.3557,1830,5175,12.774223335915433
3,2.75,3940,9671,1.0,0,4,9,2140,1800,1967,0,47.5654,3390,9360,14.187074114396758
3,2.5,1850,4957,2.0,0,0,8,1850,0,1999,0,47.3311,2400,6367,12.621488084491506
3,2.5,1750,7490,1.0,0,0,7,1180,570,1979,0,47.3746,1570,7490,12.323855681186558
3,1.75,1940,8729,1.0,0,0,8,1460,480,1960,0,47.7027,2250,9165,13.568330428821824
2,3.0,3160,66646,2.0,0,0,7,3160,0,1993,0,47.7479,3140,38790,13.287708309991167
3,2.5,2588,5701,2.0,0,0,8,2588,0,2008,0,47.3449,2389,5702,12.721885810807203
3,3.5,3070,7050,1.0,0,3,8,1570,1500,1928,1996,47.7076,2350,5881,13.652991628466498
3,2.0,1860,13374,1.0,0,0,8,1860,0,1985,0,47.5397,1960,9797,13.235692062711331
5,4.0,2900,9779,2.0,0,0,7,1950,950,1937,0,47.5003,1360,8000,12.65075846679162
4,1.75,2100,7960,1.0,0,0,8,1340,760,1955,0,47.6079,2060,7960,13.507625778194974
5,2.5,2070,12000,1.0,0,0,7,1340,730,1967,0,47.626,2090,12000,13.32612021491835
4,2.75,2700,6000,2.0,0,0,8,2100,600,1910,0,47.586,2050,5400,13.526494262499357
4,2.5,2420,8056,1.0,0,0,8,1680,740,1988,0,47.5748,2160,6807,13.217673557208654
3,1.5,1660,8000,1.0,0,0,7,1120,540,1976,0,47.353,1900,7500,12.392552212472792
4,2.5,2350,4675,2.0,0,0,9,2150,200,1923,0,47.6344,2240,3848,13.687677186454389
4,1.75,2120,6250,1.0,0,0,7,1060,1060,1917,0,47.5506,1410,6250,13.235692062711331
3,2.5,1970,3655,2.0,0,0,7,1970,0,2003,0,47.7453,1970,2952,12.765688433465597
3,2.5,2290,9158,2.0,0,0,8,2290,0,1984,0,47.5476,2210,9588,13.619495674038317
4,3.5,3230,7200,1.0,0,1,10,1640,1590,2000,0,47.6838,2660,7200,14.141210697603576
3,1.0,1220,8119,1.0,0,0,7,1220,0,1955,0,47.6328,1910,8119,13.753635154246187
3,3.25,3440,4080,2.0,0,0,9,2560,880,2005,0,47.6644,3110,4080,14.096205779116488
2,1.0,700,5829,1.0,0,0,6,700,0,1945,0,47.6958,1160,6700,12.736700896592344
4,2.5,2600,8921,2.0,0,0,8,2600,0,1991,0,47.4423,2550,8683,12.8790171187726
3,1.0,880,10800,1.0,0,0,6,880,0,1942,0,47.4949,1100,8820,12.254862809699606
4,2.5,2430,4747,2.0,0,0,8,2430,0,2008,0,47.5285,1930,7200,13.279367126213993
4,2.5,1670,8056,1.0,0,0,7,1170,500,1961,0,47.4884,1360,8056,12.506177237980511
3,2.5,2050,4976,2.0,0,0,8,2050,0,1994,0,47.5689,2050,5153,13.19095616886994
4,2.5,2740,8336,2.0,0,0,9,2740,0,1990,0,47.3904,2460,9189,12.886641043883259
4,2.5,2520,4950,2.0,0,0,8,2520,0,1906,2002,47.6814,1810,3500,13.670484785914017
4,2.0,1700,6375,1.0,0,0,7,850,850,1950,0,47.6973,1470,8360,12.948009990259552
3,2.5,2400,6975,2.0,0,0,9,2400,0,1993,0,47.534,2640,11172,13.253391639810733
4,2.5,2531,6843,2.0,0,0,8,2531,0,2013,0,47.385,2604,6238,12.821258284620408
4,2.5,3370,10602,2.0,0,0,10,3370,0,1999,0,47.6591,2950,9949,13.94214320889764
4,2.75,3410,35040,2.0,0,0,9,3410,0,1984,0,47.4054,2580,37263,13.208541073645382
3,2.0,1840,8140,1.0,0,0,7,1040,800,1975,0,47.3106,1600,6720,12.56549381513693
2,1.0,960,8236,1.0,0,0,6,960,0,1948,0,47.4698,1260,8236,11.502875129116727
2,1.0,1210,4800,1.0,0,0,8,1060,150,1950,0,47.5625,1380,4800,12.84792653170257
3,1.75,1840,16679,1.0,0,0,8,1840,0,1989,0,47.3207,1910,15571,12.52434454193596
4,1.75,1930,3876,1.5,0,0,7,1450,480,1924,0,47.6604,1280,3825,13.504900980868788
3,2.5,3080,8448,2.0,0,2,9,3080,0,2000,0,47.6469,2500,6400,13.764217263576723
3,3.0,2390,19454,1.5,0,0,8,2390,0,2008,0,47.4545,1540,26979,13.16062208952142
3,1.0,1280,4875,1.0,0,0,6,1280,0,1969,0,47.3686,1060,4875,12.100712129872347
3,2.5,2060,4730,2.0,0,0,8,2060,0,1994,0,47.6874,1980,5010,13.345426925518368
3,1.5,1390,48257,1.0,0,0,6,1390,0,1922,2013,47.5603,1440,45302,12.524526376648708
3,1.0,1250,21303,1.0,0,0,6,1250,0,1970,0,47.6625,1250,17920,12.86099861326992
4,3.5,4460,16953,1.0,0,0,9,2550,1910,1962,1994,47.6338,1980,13370,14.403297222866392
3,2.5,2270,5536,2.0,0,0,8,2270,0,2003,0,47.5389,2270,5731,13.13675925768806
4,2.5,1812,5026,2.0,0,0,8,1812,0,2011,0,47.4513,2440,6007,12.821258284620408
4,2.5,2550,5835,2.0,0,0,8,2550,0,1998,0,47.5373,2420,5817,13.205784985543401
2,1.0,1060,5703,1.0,0,2,6,1060,0,1946,0,47.3444,2240,4416,12.691580461311874
4,3.5,3180,12528,2.0,0,1,9,2060,1120,1979,0,47.7058,2850,11410,13.815510557964274
4,4.75,5310,57346,2.0,0,0,11,5310,0,1989,0,47.7285,4180,47443,14.126664986601197
4,3.0,4410,5104,2.0,0,0,9,3400,1010,2006,0,47.5392,4390,5537,13.547631112808673
4,1.5,2650,6900,2.0,0,0,9,2400,250,1909,0,47.6275,2420,6900,14.191890085177342
4,5.5,5060,10320,2.0,0,0,11,5060,0,2008,0,47.6245,3010,10080,14.580978400103845
4,2.5,1767,4500,2.0,0,0,8,1767,0,2006,0,47.2607,1949,4636,12.230765258120545
3,1.5,1500,10200,1.0,0,0,8,1300,200,1955,0,47.7598,1950,9500,12.985397522331171
3,2.25,1450,1619,2.0,0,0,8,1140,310,2006,0,47.6076,1580,3472,13.164464553422965
4,1.5,1370,9750,1.0,0,0,7,1070,300,1953,0,47.4718,1540,9789,12.598114733306197
4,2.0,2520,7334,1.0,0,0,7,1600,920,1955,0,47.7263,2040,7937,12.623785772815804
4,2.5,2030,7210,1.0,0,0,7,1330,700,1969,0,47.5067,1980,7560,12.80765263256463
2,1.0,990,57499,1.0,0,0,6,990,0,1949,0,47.4145,2090,27442,12.70381302974751
3,1.75,1680,2400,1.5,0,0,7,1170,510,1929,0,47.6849,1080,4560,13.058358047428417
3,1.5,1970,10080,1.0,0,0,7,1970,0,1966,0,47.4703,2240,10080,12.915339207970002
4,2.25,2510,9800,2.0,0,0,9,2510,0,1978,0,47.753,2440,11000,13.201359383630827
3,1.0,1190,8450,1.0,0,0,6,1190,0,1961,0,47.4807,1660,8450,12.674512552799726
2,1.75,1670,4200,2.0,0,0,7,1670,0,1912,0,47.5862,1340,2875,13.102160670086809
3,1.0,1120,12500,1.0,0,0,7,1120,0,1977,0,47.6842,2380,10000,13.329377546788654
3,2.5,2200,4692,2.0,0,0,8,2200,0,2005,0,47.7761,2440,3833,13.081541382884074
4,2.5,1830,5612,2.0,0,0,7,1830,0,2003,0,47.3572,1830,5998,12.733460357595142
4,2.25,2130,5337,2.0,0,0,7,2130,0,2001,0,47.7237,2300,6930,12.871334622600584
5,1.75,1950,8720,1.0,0,0,7,1050,900,1962,0,47.3381,1660,8030,12.520883385370206
3,2.5,1280,1920,3.0,0,0,8,1280,0,2009,0,47.6621,1450,1900,13.221303325259232
3,2.5,3192,5653,2.0,0,0,8,3192,0,2014,0,47.2956,3000,5134,12.96453929221076
6,2.5,3370,15625,1.0,0,0,8,1770,1600,1964,0,47.4223,2790,15681,13.253391639810733
3,2.25,1606,1452,3.0,0,0,8,1606,0,2009,0,47.7175,1516,1939,12.94144084152408
3,2.0,1810,11456,1.0,0,0,7,1810,0,1970,0,47.4648,1360,12931,12.577636201962656
3,2.5,2230,7934,2.0,0,0,7,2230,0,2005,0,47.5439,2310,4818,13.005829561148378
4,2.0,1890,5188,1.5,0,0,7,1670,220,1940,0,47.6633,1800,4848,13.422467969854667
3,2.0,1440,5457,2.0,0,0,7,1440,0,1986,0,47.3784,1480,6286,12.429216196844383
4,2.0,1540,7575,1.0,0,0,7,1040,500,1978,0,47.3664,1720,7575,12.2783933071098
2,1.75,1510,851,3.0,0,0,8,1420,90,2013,0,47.6536,1300,1338,13.341498907321
4,2.5,3220,22588,2.0,0,0,10,3220,0,1996,0,47.7311,3220,22922,13.681979165339751
3,2.5,1840,9900,1.0,0,0,9,1840,0,1978,0,47.6131,2730,9900,13.221303325259232
5,3.5,3600,9312,2.0,0,3,10,2680,920,2005,0,47.6582,3420,9860,13.614006181753545
3,1.5,1020,9072,1.0,0,0,7,920,100,1930,0,47.695,1620,7930,13.10011776845701
4,2.5,2798,4473,2.0,0,0,9,2798,0,2012,0,47.4295,2358,4593,13.122263372403996
4,1.0,1150,6000,1.5,0,0,6,1150,0,1907,0,47.562,840,3030,12.323855681186558
3,2.5,1500,2255,2.0,0,0,7,1500,0,2005,0,47.5538,1440,2040,12.759957758756611
4,3.5,3780,20023,2.0,0,2,10,3780,0,2001,0,47.5491,2150,3675,13.785051350479566
3,1.0,1440,10330,1.0,0,0,7,1440,0,1952,0,47.6245,2080,10327,13.599218481599166
3,2.5,2480,7428,2.0,0,0,9,2480,0,1990,0,47.5489,2600,8322,13.499429010990795
3,1.75,1440,45302,2.0,0,0,7,1440,0,1977,0,47.7078,2080,49658,12.70076888736628
4,2.75,3640,231739,1.5,0,0,10,3640,0,1999,0,47.5078,2670,91040,13.567049198665774
4,2.25,2020,5800,1.0,0,3,9,1760,260,1941,0,47.6471,3100,5800,14.018451401960965
4,3.0,3220,6224,1.5,0,0,9,3220,0,2009,0,47.4813,2950,6224,13.279281652475747
4,2.5,2290,5515,2.0,0,0,8,2290,0,2006,0,47.5518,1380,5515,13.017002861746503
3,2.25,1800,9010,1.0,0,0,7,1300,500,1975,0,47.7722,1950,10240,12.80765263256463
3,2.25,1490,9600,1.0,0,0,7,1170,320,1987,0,47.7378,1590,10104,12.567237494741757
3,2.5,1780,1487,3.0,0,0,8,1600,180,2006,0,47.6539,1780,1300,13.281927947075667
5,3.5,2960,12527,2.0,0,0,9,1940,1020,1986,0,47.3134,2210,10952,12.87261914429294
5,3.5,3960,25245,2.0,0,0,9,2500,1460,1996,0,47.525,2640,13675,13.38472764187182
5,3.0,3290,14134,1.0,0,0,7,1870,1420,2004,0,47.6708,1970,11470,13.45166712454693
2,1.75,1840,14874,1.0,0,2,8,1300,540,1952,0,47.4382,2920,15084,12.971540487669746
3,2.5,1490,2478,3.0,0,0,8,1490,0,2009,0,47.7236,1270,1156,12.759957758756611
4,2.5,2840,6284,2.0,0,0,9,2840,0,2013,0,47.5135,2790,7168,13.363315412168129
3,1.75,1360,5850,1.0,0,0,7,1000,360,1938,0,47.5711,1540,5850,13.217673557208654
3,1.0,1000,4959,1.0,0,0,8,1000,0,1945,0,47.6629,2240,4959,13.321214236149494
3,2.5,1870,9135,1.0,0,0,7,1250,620,1984,0,47.6269,1550,9100,13.126355398673866
2,1.75,1610,158558,1.5,0,0,6,1610,0,1948,0,47.5319,1800,3572,12.542544882151386
4,2.5,2040,8265,2.0,0,0,7,2040,0,1996,0,47.4973,2160,8265,12.779873068457553
2,1.0,850,5250,1.0,0,0,7,850,0,1950,0,47.731,1440,5250,12.591335046320818
4,2.75,2900,6400,2.0,0,0,7,2040,860,1911,1970,47.5563,1340,6144,13.017002861746503
5,4.0,5840,11652,2.0,0,1,11,4410,1430,1988,0,47.5835,3120,13639,14.603967918328545
4,3.5,3200,3250,2.0,0,0,9,2670,530,2007,0,47.5515,3400,3663,13.58609739363647
3,2.25,1490,4522,2.0,0,0,7,1490,0,2009,0,47.7611,1580,4667,12.808337329612947
3,3.0,2480,14141,1.0,0,0,8,1500,980,1994,0,47.3778,2480,10667,12.873902018105829
3,2.0,1290,1213,3.0,0,0,8,1290,0,2001,0,47.6609,1290,3235,13.017002861746503
4,1.0,1310,6000,1.5,0,0,7,1310,0,1940,0,47.5822,1630,6000,12.821258284620408
3,1.75,1250,10122,1.0,0,0,7,1250,0,1994,0,47.3277,1980,10175,12.441144767709657
4,2.0,1720,6099,1.0,0,0,7,860,860,1949,0,47.6765,1100,5671,13.17115354157376
3,2.25,3420,9900,1.0,0,0,9,1710,1710,1963,2004,47.7412,2290,10700,13.44806351704363
3,2.5,2470,7700,2.0,0,0,8,2470,0,1990,0,47.4096,2400,7700,12.80765263256463
3,1.75,1400,7300,2.0,0,0,6,1400,0,1948,0,47.4999,1440,10825,12.254862809699606
4,2.5,3760,29224,2.0,0,0,11,3760,0,1987,0,47.7203,3930,19916,13.825460888817442
4,2.0,2380,6122,1.0,0,2,8,1310,1070,1949,0,47.6506,1810,5202,13.607255619143816
3,2.25,1530,1245,2.0,0,0,9,1050,480,2014,0,47.6018,1530,2307,13.049792684569493
2,1.0,1000,6500,1.0,0,0,7,1000,0,1918,0,47.5474,1280,6500,12.973863369085885
3,2.0,2800,185130,1.0,0,0,8,2320,480,1996,0,47.4133,2200,72055,13.2002499160614
4,1.75,1670,10200,1.0,0,0,7,1390,280,1953,0,47.5524,1720,6860,13.074223002076394
4,2.5,2050,9015,2.0,0,0,7,2050,0,1973,0,47.4357,1780,8820,12.577636201962656
4,2.25,2270,12000,1.0,0,0,7,1360,910,1979,0,47.7559,2500,10120,12.948009990259552
4,1.5,1370,9957,1.0,0,0,7,900,470,1972,0,47.7237,1510,8088,12.821258284620408
3,2.5,3380,7074,2.0,0,0,8,2200,1180,1999,0,47.7462,2060,6548,12.983101310070822
3,0.75,920,20412,1.0,1,2,6,920,0,1950,0,47.4781,1162,54705,13.180632285528304
1,2.5,1820,3008,2.0,0,0,7,1090,730,1910,2004,47.6529,1860,3420,13.42984807715229
4,2.5,2600,9355,1.0,0,0,9,1840,760,1983,0,47.7446,2250,7691,13.14020329553266
3,2.0,1440,4859,2.0,0,0,6,1440,0,1921,0,47.5503,1360,4558,13.142146396665135
3,2.5,2330,3995,2.0,0,0,9,2330,0,2006,0,47.5542,2330,3740,13.399995114002609
2,1.75,1679,577605,2.0,0,0,9,1679,0,2001,0,47.463,1850,358934,13.458835614025542
3,1.0,1270,8400,1.0,0,0,7,1270,0,1955,0,47.7604,1390,8400,12.757080058928997
3,1.75,2650,7500,1.5,0,0,7,1590,1060,1962,0,47.7716,1340,7500,12.936033799212835
4,1.0,1160,20100,1.0,0,0,6,820,340,1913,0,47.5175,1670,10200,13.122363377404328
4,2.5,1820,3905,2.0,0,0,7,1820,0,2001,0,47.7346,1820,3863,12.706847933442663
4,2.5,2520,8515,2.0,0,0,7,2520,0,1999,0,47.7233,2130,6930,13.017002861746503
3,1.75,1540,6273,1.0,0,0,6,770,770,1951,0,47.5305,1140,5512,12.481808646963554
4,2.5,3360,22111,2.0,0,0,10,3360,0,1994,0,47.5951,3150,11374,13.686540176667314
4,2.0,2490,4600,1.5,0,2,8,2090,400,1926,0,47.6557,2910,5000,13.764217263576723
4,2.0,2760,27631,2.0,0,0,8,1800,960,1978,0,47.7484,2490,13158,13.122363377404328
4,2.75,2414,7693,2.0,0,0,8,2414,0,2006,0,47.3046,1500,7177,12.584509081250419
4,3.0,3280,11060,2.0,0,0,8,2270,1010,1986,0,47.5399,2320,11004,13.270783382522602
5,2.5,3361,6983,2.0,0,0,10,3361,0,2006,0,47.3427,3112,6920,13.144124869185841
3,2.25,2330,3600,1.5,0,0,8,2330,0,1971,0,47.631,2050,4275,13.102160670086809
4,3.0,3330,6990,1.5,0,3,9,2330,1000,1928,0,47.5886,2620,5310,14.03062193758122
3,2.75,3450,5350,1.5,0,3,9,2590,860,1925,0,47.6389,2910,5350,14.074021253115776
3,2.5,2630,10100,1.0,0,0,9,1580,1050,1967,0,47.5638,2400,9700,13.655928488139809
3,3.0,2480,5500,2.0,0,3,10,1730,750,1950,2005,47.6466,2950,5670,14.143230317447586
3,1.75,1480,6800,1.0,0,0,7,1480,0,1968,0,47.4633,1500,7900,12.66032791780777
2,1.0,700,3000,1.0,0,0,6,700,0,1918,0,47.6846,1560,4500,12.644327576461329
5,2.75,3810,9360,2.0,0,0,10,3810,0,2014,0,47.6039,2110,9870,14.346138809026444
2,1.0,840,7414,1.0,0,0,6,840,0,1928,0,47.6771,1740,9784,12.793859310432293
4,2.5,2190,6896,2.0,0,0,7,2190,0,2007,0,47.5191,2190,5900,13.021437458814368
4,1.5,1730,7700,1.0,0,0,7,1010,720,1963,0,47.4996,1650,8066,12.668233097314884
4,2.5,2070,3982,2.0,0,0,7,2070,0,2004,0,47.531,2340,4067,13.017002861746503
4,2.5,2590,8483,2.0,0,0,9,2590,0,1991,0,47.738,2660,8717,13.253391639810733
3,2.5,2040,6000,1.0,0,0,8,1840,200,1951,0,47.6334,1820,4920,13.67911793305872
4,2.25,2240,45738,2.0,0,0,7,2240,0,1988,0,47.687,3180,45738,13.321214236149494
8,2.75,2790,6695,1.0,0,0,7,1470,1320,1977,0,47.7565,1760,7624,12.736700896592344
2,2.0,1860,10856,1.0,0,0,8,1260,600,1952,0,47.4989,1250,10008,12.487485104968359
2,1.0,1100,8281,1.0,0,0,7,1100,0,1947,0,47.7414,1510,8281,12.676076274775909
5,3.0,2230,6551,1.0,0,0,7,1330,900,2014,0,47.487,2230,9476,12.758519943986984
3,2.5,2480,9041,2.0,0,0,7,2480,0,2004,0,47.6797,2480,6500,13.337474757021274
3,2.5,2050,8172,2.0,0,0,8,2050,0,2002,0,47.4808,2140,5664,12.886514453592564
4,2.25,1780,10260,2.0,0,0,8,1780,0,1971,0,47.6647,2360,10080,13.329377546788654
3,1.75,1680,10685,1.0,0,0,7,1680,0,1966,0,47.6556,3340,10390,13.365309556014719
3,2.5,2800,10603,2.0,0,0,9,2800,0,2001,0,47.7528,2580,10603,13.217673557208654
3,2.5,1680,2000,3.0,0,0,9,1680,0,1909,1998,47.6604,1950,5000,13.415032991367148
3,2.0,1380,8682,1.0,0,0,7,1380,0,1966,0,47.4238,1410,10594,12.594730635321957
2,1.5,930,7400,1.0,0,2,7,830,100,1909,0,47.5691,1920,4152,13.218582235144872
3,2.5,3550,136343,2.0,0,0,10,3550,0,1977,0,47.6223,3080,215186,13.208541073645382
3,2.5,2260,5500,1.5,0,0,7,1280,980,1910,0,47.681,1790,5355,12.911642346088676
4,2.0,1760,7700,1.0,0,0,7,1760,0,1962,0,47.3299,1870,7316,12.175613438045465
4,2.5,3118,7866,2.0,0,2,9,3118,0,2014,0,47.2931,2673,6500,13.202652208633133
4,2.5,2650,4120,2.0,0,0,8,2650,0,2014,0,47.5019,2030,3768,12.895841626393569
4,1.75,2480,14782,1.0,0,3,8,1460,1020,1958,0,47.7646,2910,10800,13.217673557208654
3,2.5,2860,43821,2.0,0,0,9,2860,0,1990,0,47.3163,2370,65340,12.84397135185964
1,1.0,670,7957,1.0,0,0,6,670,0,1978,0,47.3594,1600,7957,11.678439903447801
2,1.0,750,5217,1.0,0,0,6,750,0,1943,0,47.5188,760,4440,11.813030057420567
2,2.75,1465,972,2.0,0,0,7,1050,415,2006,0,47.621,1480,1430,13.10011776845701
4,3.5,3470,7396,2.0,0,3,8,2520,950,1979,0,47.7146,2360,10541,13.604789526648622
4,2.5,3180,20870,2.0,0,0,8,2120,1060,1967,0,47.7176,2700,14190,13.16733674304706
4,3.25,2864,8035,3.0,0,0,8,2864,0,2014,0,47.3746,2419,8984,12.84792653170257
2,1.75,1330,2159,1.0,0,0,8,1330,0,1979,0,47.3822,1220,3679,12.217012585568508
3,2.5,1570,4926,2.0,0,0,8,1570,0,2014,0,47.5342,1800,3202,12.94084150078094
3,2.25,1940,5980,1.0,0,0,7,1520,420,1987,0,47.5476,1910,6309,13.270783382522602
2,2.5,1000,1092,2.0,0,0,7,990,10,2004,0,47.5419,1330,1466,12.301382825334498
4,2.5,2660,65340,2.0,0,0,8,2660,0,1988,0,47.4969,2850,74052,13.16733674304706
4,2.5,3770,35081,2.0,0,0,10,3770,0,1989,0,47.6908,4000,35492,13.764217263576723
3,2.5,2820,8159,2.0,0,0,9,2820,0,2004,0,47.5527,2910,5000,13.507625778194974
3,1.0,1880,5450,1.5,0,0,8,1880,0,1924,0,47.6453,2580,5450,13.815510557964274
3,1.0,1570,8316,1.0,0,0,7,1070,500,1962,0,47.3943,2030,8295,12.548597953864464
2,1.0,1090,4128,1.0,0,0,7,1090,0,1948,0,47.696,1090,5413,12.994530005894443
2,1.0,720,4840,1.0,0,0,6,720,0,1947,0,47.5534,1510,4840,12.367340793126296
3,2.5,1940,3211,2.0,0,0,8,1940,0,2009,0,47.5644,1880,3078,13.226723392728571
2,1.0,1700,3040,1.5,0,0,8,1460,240,1914,0,47.6442,1620,3230,13.473020249017498
4,1.5,1430,8775,1.0,0,0,7,1030,400,1979,0,47.3034,1390,7800,12.2783933071098
3,1.75,2090,7505,1.0,0,0,7,2090,0,1967,0,47.7326,1510,7416,12.959726793926773
3,2.5,1930,4000,2.0,0,0,8,1930,0,2014,0,47.3518,2050,4000,12.752747922189862
3,1.75,1330,9917,1.0,0,0,7,1040,290,1981,0,47.4478,1330,9081,12.481808646963554
3,2.25,1530,3056,2.0,0,0,7,1530,0,2003,0,47.6817,1560,3064,13.012548511397123
4,2.25,2200,3404,2.0,0,0,8,2200,0,2005,0,47.3895,2200,3449,12.779873068457553
4,2.5,1910,4862,2.0,0,0,7,1910,0,2005,0,47.3607,2010,5091,12.611537753638338
4,3.0,2800,6977,2.0,0,0,8,2800,0,2003,0,47.3542,2800,6600,13.016891744462095
3,3.75,2780,5002,2.0,0,0,10,2780,0,1999,0,47.5939,3110,5717,13.610943392223
3,1.75,1590,7560,1.0,0,0,7,1130,460,1984,0,47.4016,1500,7560,12.429216196844383
3,1.0,840,4495,1.0,0,0,6,840,0,1921,0,47.496,1260,7434,11.92569714826083
3,1.5,1900,9630,1.0,0,0,8,1900,0,1967,0,47.3352,2010,9630,12.345834587905333
4,2.25,2180,7000,1.0,0,0,8,1680,500,1969,0,47.4651,2000,8000,12.669806661762314
3,1.75,2520,5043,1.0,0,0,8,1260,1260,1957,0,47.5339,1360,4920,12.969212197910155
4,2.5,2290,4539,2.0,0,0,7,2290,0,2001,0,47.4753,1710,7200,12.594730635321957
2,1.0,740,4459,1.0,0,2,5,740,0,1915,0,47.5704,1490,4700,12.594730635321957
4,1.75,1870,5200,2.0,0,0,7,1200,670,1937,0,47.6843,1790,5000,13.294634598344782
2,1.0,1530,6450,1.0,0,0,7,1530,0,1920,0,47.6833,1530,5000,13.287877815881902
4,2.5,2940,10382,2.0,0,0,9,2940,0,1991,0,47.5333,2980,10547,13.530491602931978
2,1.0,790,5985,1.0,0,0,6,790,0,1944,0,47.4941,1030,5985,12.206072645530174
2,1.0,894,1552,2.0,0,0,7,894,0,2011,0,47.6911,1131,1992,12.90669184092882
3,2.5,2430,5400,2.0,0,0,8,2430,0,2007,0,47.6062,2640,11990,13.217673557208654
2,1.0,890,8100,1.0,0,0,6,890,0,1942,0,47.4839,1260,8100,11.918390573078392
4,1.75,1890,10550,1.0,0,0,7,1010,880,1969,0,47.5147,1930,7291,12.826649133255284
4,2.75,2790,5527,2.0,0,0,8,2790,0,2014,0,47.4827,2620,5509,13.088709381291137
3,2.5,2480,8342,2.0,0,0,8,2480,0,1986,0,47.4381,2300,8303,12.936033799212835
3,1.75,1990,5560,1.0,0,0,7,1100,890,1939,0,47.664,1460,3706,13.545145673721107
4,3.0,1920,4000,1.5,0,0,8,1540,380,1931,0,47.5718,1660,4000,13.411294669256542
4,2.5,3350,35298,2.0,0,0,9,3350,0,1985,0,47.6506,2620,35604,13.487700694421713
4,2.5,2110,3825,2.0,0,0,7,2110,0,2012,0,47.3602,2110,3825,12.690040815126281
3,2.25,2550,8588,1.0,0,4,9,2550,0,1989,0,47.7711,3050,8588,13.102160670086809
3,1.0,1230,9720,1.0,0,0,7,1230,0,1969,0,47.3266,1230,9720,12.301382825334498
4,2.5,3940,4407,2.0,0,0,8,2620,1320,1921,0,47.6374,1790,4407,13.99532898454011
5,1.75,1890,9600,1.0,0,0,7,1890,0,1960,0,47.7391,2350,5308,12.685308526089488
3,2.25,1720,9000,1.0,0,0,8,1320,400,1969,0,47.3191,1930,8000,12.522706539931722
5,3.25,5210,35765,2.5,0,4,10,4940,270,1911,0,47.5463,2590,10250,14.601692604491408
3,1.0,1210,7425,1.0,0,0,6,1210,0,1910,0,47.7125,1260,7425,12.834681304952548
4,1.0,1030,6621,1.0,0,0,6,1030,0,1955,0,47.4857,1420,6631,12.230765258120545
5,3.5,4220,26784,1.0,0,0,10,2110,2110,1958,2006,47.6003,3450,33945,14.30715336231349
3,1.5,1870,15685,1.0,0,0,7,1470,400,1936,0,47.723,1340,7620,13.038981768465277
3,2.0,1870,5300,1.0,0,0,8,1870,0,2009,0,47.7106,1870,5050,13.270783382522602
4,2.5,2480,4602,2.0,0,0,9,2480,0,2000,0,47.6835,3480,5739,13.641157170819497
3,2.5,1900,6224,2.0,0,0,7,1900,0,2005,0,47.5941,2260,5450,13.19188944005294
4,4.5,6640,53330,2.0,0,0,12,6640,0,1993,0,47.7283,4620,68625,14.414347059052979
4,2.25,2620,8100,1.0,0,0,7,1550,1070,1964,0,47.4564,1650,8100,12.793859310432293
3,1.75,1620,5500,1.0,0,0,7,1110,510,1950,0,47.6393,2100,6500,13.42984807715229
7,1.5,2660,15111,1.5,0,0,7,2660,0,1962,0,47.4644,1710,15429,12.644327576461329
4,2.25,2710,38180,2.0,0,0,8,2710,0,1977,0,47.77,2590,38180,13.289571296388235
3,2.5,2420,9000,2.0,0,0,9,2420,0,1987,0,47.6599,2630,9000,13.531671757339566
2,1.0,770,8149,1.0,0,0,6,770,0,1948,0,47.7458,1160,8149,12.531772785169476
4,3.25,3740,11467,2.0,0,0,10,3740,0,2014,0,47.581,2510,27520,13.94653004840238
3,3.25,3310,5000,2.0,0,0,9,3310,0,2006,0,47.5558,2670,4907,13.554145793829866
4,1.75,1790,45738,1.0,0,0,8,1410,380,1976,0,47.7453,1870,47480,13.028052697933088
3,2.0,1470,2781,2.0,0,0,6,1470,0,2003,0,47.349,1360,3008,12.429216196844383
4,2.5,3040,20682,2.0,0,0,7,3040,0,2000,0,47.7245,2670,9742,13.056223574899784
3,1.0,1130,5758,1.0,0,0,7,960,170,1939,0,47.6413,1510,6000,13.091904169919621
4,2.75,2640,6240,2.0,0,0,9,2640,0,2001,0,47.5788,2640,5898,13.38472764187182
3,2.0,1380,5198,1.0,0,0,7,1380,0,1982,0,47.5514,1320,6827,12.706544857216672
3,2.0,1340,3000,2.0,0,0,7,1340,0,1905,0,47.6857,1120,3000,13.215853720491667
3,2.5,1920,4803,2.0,0,0,7,1920,0,2005,0,47.3745,2240,5231,12.494816653928332
3,3.0,2600,5238,1.5,0,3,9,1890,710,1989,0,47.3448,2220,4853,13.17115354157376
4,2.75,1550,4000,1.5,0,0,9,1550,0,1930,0,47.6596,2120,4000,13.635187003832993
4,2.25,2230,8440,2.0,0,0,8,2230,0,1968,0,47.7558,2160,9412,13.01477816672439
4,2.5,3570,6054,2.0,0,0,9,3570,0,2014,0,47.7053,3600,6050,13.741853253475393
2,1.0,760,4000,1.0,0,0,7,760,0,1944,0,47.6896,1520,4000,12.936033799212835
4,2.0,2250,7500,1.0,0,0,7,1200,1050,1956,0,47.5877,1440,7500,13.217673557208654
3,2.0,1790,8228,1.0,0,0,7,1390,400,1980,0,47.4658,1880,8228,12.666657052859417
3,2.25,1780,9720,1.0,0,0,8,1280,500,1981,0,47.4762,1710,9790,12.584509081250419
4,2.75,3270,50994,2.0,0,0,8,2720,550,1983,0,47.347,2780,36036,12.983101310070822
4,2.75,1950,6930,1.0,0,2,7,1250,700,1960,0,47.616,1950,8560,13.339086360915616
4,3.25,2510,5311,2.0,0,0,9,2510,0,2009,0,47.5028,1590,9583,13.018779061147757
5,2.75,2960,28300,1.0,0,3,9,2160,800,1959,0,47.7606,2940,23250,14.038654109278484
4,1.0,1070,5750,1.0,0,0,6,870,200,1923,0,47.564,1270,5750,12.901217828752792
3,3.0,2330,1944,2.5,0,0,8,1950,380,2014,0,47.5446,2290,1407,13.414958361716755
3,1.0,1510,8800,1.0,0,0,7,1010,500,1963,0,47.329,1290,8470,12.327847702456095
3,1.5,1090,7698,1.0,0,0,7,1090,0,1966,0,47.4553,1540,7624,12.429016176841717
3,2.0,2570,28500,1.0,0,0,9,1970,600,1983,0,47.7318,3070,32400,13.399995114002609
3,2.5,2040,9765,2.0,0,0,8,2040,0,1985,0,47.309,2350,10150,12.694345864825653
2,1.0,1800,119790,1.0,0,0,7,1200,600,1947,1977,47.4617,2320,79208,12.873902018105829
3,2.5,1650,4218,2.0,0,0,8,1650,0,2000,0,47.5998,1650,4559,13.091904169919621
4,3.5,2910,5260,2.0,0,0,9,2910,0,2012,0,47.5168,2910,5260,13.321214236149494
3,1.5,1200,9720,1.0,0,0,7,1200,0,1965,0,47.4225,1380,10284,12.398756989359676
3,2.5,2070,4463,1.5,0,0,8,1780,290,1931,0,47.6853,2070,5000,13.568330428821824
4,2.0,1940,6350,1.0,0,0,7,970,970,1951,0,47.6948,960,6350,13.008074231002201
3,1.75,1160,6134,1.0,0,0,7,1160,0,1998,0,47.3414,1330,6301,12.429216196844383
3,2.5,2160,59241,1.0,0,0,7,2160,0,2007,0,47.3304,2290,125017,12.87364557497069
3,1.75,1690,13500,1.0,0,0,7,1690,0,1978,0,47.5897,1950,10500,13.567049198665774
3,1.5,2440,7200,1.0,0,0,7,2440,0,1949,0,47.5604,1920,6900,13.217673557208654
2,2.0,1240,2500,2.0,0,0,7,1240,0,1985,0,47.6793,1660,5000,13.005829561148378
3,1.0,1370,7500,1.0,0,0,7,1370,0,1960,0,47.6499,1160,7500,12.634603026569334
2,1.0,1320,6135,1.0,0,0,7,880,440,1942,0,47.5265,1050,4693,12.818551923022664
4,2.5,3190,14565,2.0,0,0,11,3190,0,1990,0,47.713,3420,20475,13.676248490630767
4,2.5,3160,8281,2.0,0,0,9,3160,0,1995,0,47.6699,3000,8281,13.935069793021913
2,1.5,720,4346,1.0,0,0,6,720,0,1942,0,47.5225,790,4346,12.567237494741757
2,1.0,810,8424,1.0,0,0,6,810,0,1959,0,47.3286,820,8424,12.043553716032399
2,0.5,580,6900,1.0,0,0,5,580,0,1941,0,47.5135,1570,5040,11.59910316121128
3,3.25,3680,7650,2.0,0,0,9,2340,1340,1988,0,47.6272,2280,8515,13.489891215060828
5,2.5,2240,7770,1.0,0,0,7,1340,900,1978,0,47.7198,1820,7770,13.028052697933088
4,1.75,1850,5712,1.0,0,0,7,1850,0,1954,0,47.6966,1510,6038,12.771386454580234
3,1.5,1430,8960,1.0,0,0,6,1430,0,1953,0,47.4759,1560,10125,12.506177237980511
3,1.75,1990,6500,1.0,0,0,7,1090,900,1961,0,47.488,2150,6500,12.560244459250788
3,1.75,1850,22767,1.5,0,4,6,1850,0,1908,0,47.6144,2700,17906,13.256894270361935
3,2.0,2020,5500,1.5,0,3,10,1790,230,1937,0,47.6388,2580,5500,14.151982794585487
3,2.0,1230,7789,1.0,0,0,7,1230,0,1994,0,47.3718,1470,8670,12.535376392672774
3,3.25,2620,7215,1.0,0,0,8,1770,850,1980,0,47.5836,2180,8931,13.710150042306449
4,2.5,2990,6383,2.0,0,0,7,2990,0,2003,0,47.3499,2640,6454,13.005829561148378
4,2.5,2120,7820,1.0,0,0,8,1280,840,1975,0,47.6743,2350,8605,13.102160670086809
3,4.0,4200,30120,2.0,0,2,11,3600,600,1933,0,47.6379,2760,12200,14.615267473582477
4,3.25,4160,35654,2.0,0,0,8,2760,1400,1973,0,47.4683,2500,35675,13.180632285528304
3,2.5,2450,3582,2.0,0,0,9,2450,0,2008,0,47.7749,2490,5449,13.222208712374044
3,2.25,1230,1380,3.0,0,0,8,1230,0,2013,0,47.6521,1760,5664,13.215853720491667
4,2.5,3170,94855,1.0,0,0,9,1910,1260,1978,0,47.7648,2590,65340,13.591116224748411
1,1.0,1020,6871,1.0,0,0,6,1020,0,1937,1946,47.5051,1260,6933,11.933443375704686
3,2.0,1660,10000,1.0,0,0,7,1010,650,1961,0,47.5852,2020,9720,13.180520958576972
3,2.5,1630,7586,2.0,0,0,8,1630,0,1986,0,47.5689,2090,7330,13.071070083016778
3,2.25,1700,2800,2.0,0,0,7,1150,550,1926,0,47.6819,1500,3400,13.309672475709322
3,1.0,950,5214,1.0,0,0,7,830,120,1944,0,47.5362,1490,7636,12.71589776896258
3,2.75,1930,2960,1.5,0,0,7,1490,440,1929,0,47.6659,2080,3760,13.407542319637992
4,3.0,3550,12327,1.5,0,0,10,2180,1370,1990,0,47.7533,3170,12937,13.487006490992238
2,2.75,2810,11205,1.0,0,0,7,1510,1300,1968,0,47.4869,2520,13000,13.017002861746503
3,3.25,1710,1960,2.0,0,0,8,1360,350,2004,0,47.5479,1420,955,13.005829561148378
4,3.5,4270,40097,1.0,0,0,12,4270,0,1993,0,47.7354,3510,36149,13.9108207377686
3,1.5,1220,3286,2.0,0,0,7,1220,0,1982,0,47.7168,1220,2640,12.594730635321957
4,2.5,3470,4160,2.0,0,0,9,2480,990,1927,0,47.63,2280,5440,14.077874822431765
2,2.5,1770,1853,3.0,0,0,8,1770,0,2007,0,47.5472,1770,1924,12.820987977820545
3,1.5,1680,13751,1.0,0,0,7,1680,0,1951,0,47.5716,1760,13500,13.256894270361935
3,2.25,1900,9990,1.0,0,0,7,1300,600,1961,0,47.3478,1900,9990,12.429216196844383
3,2.5,1950,7421,2.0,0,0,8,1950,0,1996,0,47.3842,2200,4668,12.584509081250419
3,2.75,3080,19635,1.0,0,2,7,1610,1470,1958,0,47.3841,2424,12410,12.608198852372823
4,2.25,3780,5160,2.0,0,0,9,2510,1270,1907,0,47.6275,2740,5160,14.151982794585487
3,2.5,1690,1760,2.0,0,0,8,1410,280,2014,0,47.5387,1740,1760,12.730801174465157
2,1.5,980,1296,2.0,0,0,7,840,140,2001,0,47.7075,1100,1228,12.468436909997665
3,1.5,1380,4290,1.0,0,0,7,1080,300,1955,0,47.674,1510,3900,13.38472764187182
5,3.5,4890,12039,2.0,0,0,9,3590,1300,2014,0,47.7338,4590,10079,13.671582449157189
3,1.0,1100,8560,1.0,0,0,6,1100,0,1961,0,47.329,1120,8470,12.206022644280132
3,1.75,1260,3604,1.0,0,0,7,1260,0,2012,0,47.3612,1430,3767,12.464583340681674
1,1.0,700,2550,1.0,0,0,6,700,0,1954,0,47.6783,1330,4110,12.936033799212835
3,1.75,2040,8173,1.0,0,0,7,1470,570,1958,0,47.7439,1900,8172,12.779873068457553
4,2.5,4060,8547,2.0,0,0,9,2790,1270,2007,0,47.3694,2810,8313,13.112313041550827
4,2.5,2720,10006,2.0,0,0,9,2720,0,1989,0,47.6295,2720,10759,13.296232647383299
4,1.0,1360,5814,1.5,0,0,6,1360,0,1900,0,47.6038,1010,5814,13.235692062711331
4,2.5,1714,3080,2.0,0,0,8,1714,0,2009,0,47.429,1714,3250,12.634603026569334
3,3.0,2880,3750,2.0,0,0,9,2220,660,1909,1991,47.6155,1910,4000,13.815510557964274
5,3.25,4610,10576,2.0,0,3,11,3310,1300,2006,0,47.5373,4042,8321,13.997832114758229
3,1.0,1150,4681,1.0,0,0,7,1150,0,1955,0,47.7284,1150,6800,12.788288265382837
4,2.75,3710,7984,2.0,0,0,9,3710,0,1999,0,47.5352,2950,7984,13.44806351704363
3,2.5,2810,4607,2.0,0,0,8,2810,0,2004,0,47.7735,2540,4871,13.186276703147982
4,2.25,1890,4300,1.5,0,0,7,1350,540,1918,0,47.6649,1830,3800,13.337474757021274
4,1.5,2000,6778,1.0,0,0,7,1170,830,1962,0,47.3708,1940,7531,12.560069005263145
5,2.25,3220,9603,2.0,0,0,8,3220,0,1972,0,47.6474,2260,10093,13.312983737012978
3,2.0,1840,14985,1.0,0,0,7,1840,0,1968,0,47.6916,2300,16067,13.235692062711331
3,1.75,1910,17003,1.5,0,0,8,1910,0,1963,0,47.3095,1820,14806,12.608198852372823
5,3.5,3490,21780,2.0,0,0,8,3490,0,1996,0,47.6707,3070,7829,13.62918097977278
3,2.0,2290,11200,2.0,0,0,9,2290,0,1979,0,47.6517,2250,10000,13.257768014410532
4,2.5,2550,7200,2.0,0,2,7,2550,0,2003,0,47.4793,2560,5715,12.946818804889398
3,1.0,1610,7680,1.0,0,0,6,900,710,1956,0,47.6038,1940,2880,13.480037821676145
4,2.5,2080,5191,2.0,0,0,8,2080,0,2001,0,47.5978,2170,5518,13.306350213517344
3,2.5,2770,9350,2.0,0,3,8,2770,0,1957,2000,47.5253,2660,9695,13.428376406540833
4,1.5,1800,3245,1.5,0,0,8,1800,0,1929,0,47.6605,1800,4275,13.681979165339751
3,2.5,2160,15817,2.0,0,0,8,2160,0,1999,0,47.4166,1990,15817,12.777052192115912
3,1.75,2280,139392,1.0,0,0,8,2280,0,1977,0,47.291,2280,117176,12.931202871943169
3,2.0,1260,5460,1.0,0,0,7,1260,0,1972,0,47.7355,1510,5460,13.132313708257497
2,1.0,870,5635,1.0,0,0,7,870,0,1948,0,47.5676,1310,5750,12.721437949338195
4,4.0,4090,51908,2.0,0,0,11,4090,0,1991,0,47.7226,4290,41655,13.849911984681606
3,1.75,1480,6360,1.0,0,0,7,1480,0,1954,0,47.7311,1480,6360,13.049792684569493
2,1.5,790,1123,2.0,0,0,8,700,90,2003,0,47.651,1370,1281,12.80765263256463
2,1.0,930,3750,1.0,0,0,7,930,0,1909,0,47.6733,1740,4300,13.122363377404328
1,2.0,1070,675,2.0,0,0,8,880,190,2007,0,47.5574,1220,788,12.948009990259552
3,2.0,1650,6408,2.0,0,0,8,1650,0,1977,0,47.6638,1750,6402,12.994530005894443
4,2.5,2270,8391,2.0,0,0,8,2270,0,1988,0,47.574,2420,8391,13.373900003219756
4,1.75,1680,6758,1.0,0,0,8,1680,0,1974,0,47.641,1910,7000,13.200064885068182
4,2.75,2620,7001,2.0,0,0,8,2620,0,2012,0,47.4838,2620,6543,13.122343377204325
2,2.0,1680,4950,1.0,0,0,8,1680,0,2006,0,47.7194,1570,4800,13.180632285528304
4,3.0,5520,8313,2.0,0,3,9,3570,1950,2008,0,47.5655,3770,8278,14.054527458434775
2,1.5,1400,11245,1.0,0,0,7,1400,0,1947,0,47.7469,1220,11241,12.950388112664518
3,1.0,1500,2400,1.5,0,0,7,1500,0,1900,0,47.6333,1780,3600,13.329296242670557
4,2.75,2300,3175,1.5,0,0,6,1340,960,1966,0,47.5732,1260,3175,12.765688433465597
2,1.0,1060,8000,1.0,0,0,6,1060,0,1941,0,47.5088,1390,8000,12.230765258120545
3,3.0,2150,3962,1.5,0,0,7,1540,610,1949,0,47.7183,1730,4609,12.947890935553772
2,1.75,1090,4590,1.0,0,0,7,790,300,1915,0,47.6677,1390,4080,12.94084150078094
3,2.5,2185,6042,2.0,0,0,9,2185,0,2009,0,47.3573,2297,5876,12.832011076396668
4,2.25,1990,7610,1.0,0,0,8,1290,700,1966,0,47.6236,1820,8198,13.17915761382862
4,2.25,3310,127631,2.0,0,0,9,3310,0,1924,1956,47.732,3830,43959,13.946538820370678
5,6.0,5490,19897,2.0,0,0,12,5490,0,2005,0,47.6165,2910,17600,15.106119668949757
2,1.75,1530,5000,2.0,0,0,7,1260,270,1989,0,47.6755,1470,5000,13.264296873292995
5,2.75,2760,7200,1.0,0,0,7,1430,1330,1979,0,47.7563,2460,8750,13.081541382884074
3,1.5,910,5120,1.0,0,0,6,910,0,1973,0,47.5238,1410,5132,11.580584113444043
5,2.5,2500,13034,1.0,0,0,7,1300,1200,1962,0,47.3343,2440,13300,12.685407602204794
3,1.75,2030,32565,1.0,0,0,8,1600,430,1981,0,47.7112,2910,34190,13.300509562787802
4,3.5,5860,7200,2.0,0,0,10,3690,2170,1907,0,47.6287,4150,7200,14.690979295318174
2,2.0,2280,6815,1.0,0,0,8,2280,0,2002,0,47.7103,2280,6750,13.635187003832993
3,1.5,1280,7742,1.0,0,0,7,1280,0,1973,0,47.3323,1566,7696,12.013700752882718
1,2.25,1940,2550,2.0,0,0,7,1100,840,1979,0,47.7313,1580,5100,12.66032791780777
3,2.5,2056,3564,2.0,0,0,7,2056,0,2014,0,47.338,2056,3577,12.621488084491506
4,2.5,2060,13500,1.0,0,0,7,1260,800,1968,0,47.4229,1610,10714,12.505992035646432
3,2.5,1340,3011,2.0,0,0,7,1340,0,1995,0,47.3839,1060,3232,12.345834587905333
3,1.0,960,9000,1.0,0,0,7,960,0,1955,0,47.5765,1520,9000,12.577636201962656
5,2.5,2000,3600,1.0,0,0,6,1150,850,1987,0,47.5971,1410,3600,12.996800154428984
2,1.0,1290,3140,2.0,0,0,7,1290,0,2008,0,47.6971,1290,2628,12.628067055589549
2,2.0,1230,4800,2.0,0,0,7,1230,0,1952,2004,47.7145,1560,7200,13.047639831208393
3,2.25,2720,54450,2.0,0,0,11,2720,0,1997,0,47.5473,3170,60548,13.67969083482174
2,1.0,980,5393,1.0,0,0,6,980,0,1969,0,47.3674,980,5200,11.759785542901755
3,2.5,2200,4544,2.0,0,0,8,2200,0,2000,0,47.5319,2400,5431,13.17115354157376
3,2.25,2210,5742,1.0,0,0,8,1460,750,1951,0,47.6891,1900,4590,13.287877815881902
4,2.0,1470,7412,1.0,0,0,7,1470,0,1967,0,47.3702,1390,7825,12.429216196844383
3,2.0,1460,5715,1.0,0,0,7,1460,0,1957,2014,47.54,1400,5715,12.736700896592344
2,1.0,1310,6600,1.0,0,0,6,1310,0,1942,0,47.4834,1240,6600,12.542544882151386
2,1.0,750,6480,1.0,0,0,6,750,0,1943,0,47.5195,1050,6390,12.380025952653611
4,2.5,2820,25995,2.0,0,0,9,2820,0,1998,0,47.3415,3330,27653,13.208541073645382
3,1.0,1230,6000,1.0,0,0,7,1230,0,1967,0,47.3256,1240,6000,12.343658308482738
2,1.0,2180,9300,1.0,0,0,7,1090,1090,1947,0,47.7032,1830,7378,13.102160670086809
3,1.75,1540,9450,1.0,0,0,6,1040,500,1919,0,47.6985,1200,5400,12.979647075202733
2,1.0,770,7200,1.0,0,0,7,770,0,1951,0,47.7143,1320,7139,12.456831363877356
3,1.75,1100,10125,1.0,0,0,7,1100,0,1969,0,47.3232,1520,10125,12.319401330837177
4,3.25,3910,6293,2.0,0,0,9,3130,780,2006,0,47.5389,4410,6015,13.472949824002503
5,1.75,2460,6846,1.5,0,0,7,1340,1120,1911,0,47.5445,1410,4800,13.005829561148378
3,2.0,2140,4923,1.0,0,0,8,1070,1070,1928,0,47.6902,1470,4923,13.473020249017498
4,2.25,2170,10000,1.0,0,0,8,1420,750,1975,0,47.6219,2390,11000,13.211838383831932
2,1.0,870,6126,1.0,0,0,7,870,0,1938,0,47.7024,1620,6126,12.86747112777554
3,2.5,1680,15711,1.0,0,0,7,1240,440,1994,0,47.423,1420,8588,12.54966234992025
3,1.5,1250,8004,1.0,0,0,7,1250,0,1965,0,47.6285,1450,7931,13.028052697933088
3,1.75,1270,4815,1.5,0,0,6,980,290,1922,0,47.5495,1270,6431,12.464583340681674
3,1.5,1870,3300,2.0,0,2,7,1870,0,1906,0,47.6221,1820,2460,13.74616047982948
3,1.75,2440,5800,1.0,0,3,8,1320,1120,1945,0,47.6474,2530,5800,13.547631112808673
3,2.0,2010,12950,1.0,0,0,8,2010,0,1953,0,47.7222,1490,10181,12.644327576461329
3,1.0,840,5525,1.0,0,0,6,840,0,1969,0,47.3607,920,5330,12.160028707028767
3,2.0,1310,7000,1.0,0,0,7,1310,0,1979,0,47.303,1390,7500,12.188417710291453
3,1.75,1250,13775,1.0,0,2,7,1250,0,1990,0,47.4981,1260,13707,12.765688433465597
4,3.0,3370,7920,1.0,0,3,10,1860,1510,1988,0,47.6773,2730,7380,14.09692301740246
3,2.0,1510,3000,1.0,0,0,7,910,600,1972,0,47.6804,1620,4000,13.10011776845701
4,2.5,1580,6633,2.0,0,0,7,1580,0,1984,0,47.3768,1590,6633,12.581078546153629
4,2.5,2990,5669,2.0,0,0,8,2990,0,2003,0,47.6119,3110,5058,13.39239051461739
2,2.5,2220,4000,2.0,0,0,9,2220,0,2000,0,47.6364,1870,4000,14.169682371684887
4,3.0,1990,6180,2.0,0,0,7,1990,0,1990,0,47.3083,1910,6180,12.517227074167097
4,2.25,2010,7575,1.0,0,0,7,1220,790,1974,0,47.7328,1820,7831,12.994530005894443
4,2.0,1300,7054,1.0,0,0,7,1300,0,1950,2013,47.5071,1560,7100,12.65075846679162
4,3.5,4200,14353,2.0,0,2,12,3640,560,1996,0,47.5331,3750,16316,14.19394699368452
2,1.75,1110,1773,2.0,0,0,8,1110,0,2014,0,47.5647,1420,2855,12.344964644396793
4,2.5,2820,5056,2.0,0,0,9,2820,0,2006,0,47.3591,2820,5150,12.968979070504972
3,1.75,1450,8378,1.0,0,0,8,1450,0,1978,0,47.3093,1860,8496,12.345834587905333
2,1.0,980,3800,1.0,0,0,7,980,0,1926,0,47.6903,1520,5010,12.873902018105829
3,1.0,1120,8407,1.0,0,0,6,1120,0,1987,0,47.2051,1250,8658,12.323855681186558
4,3.25,3490,7024,2.0,0,0,10,3490,0,2006,0,47.5834,3450,6866,13.521139497361697
4,2.25,2115,6234,2.0,0,0,7,2115,0,1998,0,47.285,2440,6366,12.513557345278134
3,2.0,1010,7380,1.0,0,0,7,1010,0,1982,0,47.6273,1650,9030,12.86099861326992
3,1.5,1600,4128,1.5,0,0,8,1250,350,1906,0,47.6122,1540,3976,13.345506928718539
4,2.5,4190,7504,2.0,0,0,7,4190,0,2004,0,47.4394,2480,6727,13.038981768465277
3,2.0,1760,6600,1.0,0,0,7,1760,0,1998,0,47.3836,2590,6600,12.577636201962656
4,1.75,1750,5500,1.5,0,0,7,1050,700,1926,0,47.6802,1640,5500,13.038981768465277
3,1.0,2230,3200,2.0,0,2,8,1630,600,1918,0,47.6334,2280,5400,13.554145793829866
4,2.0,1810,4400,2.0,0,0,8,1700,110,1909,0,47.6132,1470,4400,13.262125319779487
3,1.75,1570,8400,1.0,0,0,7,1570,0,1959,0,47.76,1860,8639,12.994518642193514
4,2.5,1900,5001,1.0,0,0,8,1200,700,2008,0,47.7289,1950,4680,13.122363377404328
4,2.5,2470,5015,2.0,0,0,8,2470,0,2004,0,47.3457,2470,5100,12.771386454580234
5,2.0,3160,3990,1.5,0,0,7,1870,1290,1923,0,47.654,1780,4240,13.45166712454693
4,1.0,1440,9600,1.0,0,0,7,1440,0,1964,0,47.3168,1740,43560,12.505992035646432
3,1.0,990,8528,1.0,0,0,6,990,0,1966,0,47.3066,1228,8840,12.257193425037888
3,3.25,3800,13995,2.0,0,3,9,3800,0,1983,0,47.7741,2480,8434,13.353475098367715
5,2.5,3320,9024,2.0,0,0,9,3320,0,1999,0,47.5865,3320,7665,13.592367006650065
3,2.5,2280,6134,2.0,0,0,8,2280,0,2004,0,47.5335,2640,6167,13.060487973686241
3,2.0,1230,8450,1.0,0,0,7,1230,0,1989,0,47.7548,2110,8536,12.857381690473323
3,2.25,2210,7916,2.0,0,0,8,2210,0,1978,0,47.7175,1450,7955,13.122363377404328
3,2.5,1480,1961,2.0,0,0,8,1480,0,2005,0,47.5478,1400,1138,13.017002861746503
4,2.5,1830,9601,2.0,0,0,7,1830,0,2003,0,47.3541,1830,5892,12.679196402112153
4,2.5,2240,6920,1.0,0,0,8,1380,860,1974,0,47.5011,1540,7000,13.190022025878143
4,2.0,2560,9390,1.0,0,0,8,1280,1280,1957,0,47.7169,1830,8169,13.222434931128545
3,1.0,1230,9877,1.0,0,0,7,1230,0,1954,0,47.5745,1240,9965,12.834681304952548
3,2.25,1370,1007,3.0,0,0,8,1330,40,2009,0,47.6682,1570,1635,13.169246963303179
3,1.75,1760,10349,1.0,0,0,8,1760,0,1957,0,47.6347,1970,10933,13.262125319779487
2,1.0,1180,2160,1.0,0,1,7,940,240,1909,0,47.6313,2700,5400,13.304684934198283
2,1.0,1210,7440,1.0,0,0,6,780,430,1940,0,47.7376,1070,7440,12.694652660348845
4,2.25,1940,10200,1.0,0,0,7,1360,580,1960,0,47.4253,1940,10200,12.682306824526545
2,1.0,890,4804,1.0,0,0,7,890,0,1928,0,47.7027,1010,3844,12.301382825334498
5,3.25,3160,13238,2.0,0,0,8,3160,0,1972,0,47.5373,2360,12042,14.038654109278484
5,5.0,4490,10279,2.0,0,0,10,3930,560,2013,0,47.5974,2490,10279,14.403297222866392
2,2.0,1990,6180,1.0,0,0,7,1010,980,1941,0,47.6792,1470,5150,13.561907799165356
3,1.75,1270,7700,1.0,0,0,7,1270,0,1968,0,47.6711,1510,7700,13.028052697933088
3,2.75,1430,1521,2.0,0,0,9,1130,300,2009,0,47.6353,1930,2700,13.270783382522602
2,1.0,1340,9840,1.0,0,0,7,1340,0,1949,0,47.7202,1610,8949,12.577636201962656
4,2.5,1830,3868,2.0,0,0,7,1830,0,2007,0,47.5186,2330,3868,12.524526376648708
2,1.0,720,5750,1.0,0,0,6,720,0,1943,0,47.5535,980,6125,12.644327576461329
5,2.75,2710,4500,2.0,0,0,8,2710,0,2014,0,47.3547,2710,4626,12.946470710938664
3,2.0,2180,4976,1.5,0,2,8,1680,500,1930,0,47.573,1850,5000,13.226723392728571
3,2.5,2480,6180,2.0,0,0,9,2480,0,1999,0,47.4044,2870,6180,12.948009990259552
3,1.0,1490,57381,1.5,0,0,5,1490,0,1932,0,47.2597,1580,101529,12.691580461311874
3,1.75,1720,9775,1.0,0,0,8,1720,0,1978,0,47.3731,1970,8400,12.037653993905211
4,1.75,2060,7900,1.0,0,0,7,1070,990,1957,0,47.6028,1830,8000,12.886641043883259
4,2.5,3120,14300,2.0,0,0,9,3120,0,2003,0,47.5318,2580,10005,13.500936790044177
3,1.5,1670,5060,2.0,0,2,7,1670,0,1925,0,47.5671,1670,5118,13.480037821676145
4,2.5,2670,5974,2.0,0,0,8,2670,0,1999,0,47.7122,2140,5729,13.324487561494463
4,2.75,2610,8967,2.0,0,0,8,2610,0,1990,0,47.3747,2390,7852,12.826649133255284
3,3.5,3460,15745,2.0,0,0,10,3460,0,1986,0,47.7262,3350,14825,13.64709190633931
3,3.0,1970,20978,2.0,1,3,9,1770,200,1980,0,47.3844,2280,75396,13.465953081794405
3,2.5,2940,10809,2.0,0,0,10,2940,0,1992,0,47.5418,3090,10348,13.652991628466498
3,3.0,2520,2152,1.5,0,0,8,1560,960,1925,2006,47.6363,1140,2152,13.567049198665774
4,1.75,2190,125452,1.0,0,2,9,2190,0,1968,0,47.2703,3000,125017,13.105217218569358
3,1.75,1640,4860,1.0,0,0,8,1200,440,1965,0,47.7125,1480,7200,12.821123140353697
3,2.5,3050,6000,1.0,0,3,8,1720,1330,1984,0,47.7701,2340,7200,13.480037821676145
3,3.25,3400,5979,2.0,0,0,9,2290,1110,1937,0,47.6585,3090,6435,14.077874822431765
3,2.5,1430,10200,1.0,0,0,7,1430,0,1960,0,47.7012,1470,10350,12.911642346088676
4,2.5,2260,9696,1.0,0,0,9,2260,0,1983,0,47.643,2400,12111,13.319080814482016
2,1.0,1310,5200,1.0,0,0,7,910,400,1946,0,47.6784,1320,4794,13.4052841327544
2,2.5,1410,1281,2.0,0,0,8,1090,320,2008,0,47.5659,1410,2550,12.89921982609012
4,2.5,2230,8624,1.0,0,0,8,1430,800,1969,0,47.6623,1970,8402,13.244581010128577
3,1.5,1560,7300,1.0,0,0,7,1040,520,1964,0,47.3427,1460,7910,12.319401330837177
3,2.0,2240,11250,1.0,0,0,8,2240,0,1968,0,47.6371,2200,12500,13.226723392728571
3,2.5,2740,7980,2.0,0,0,7,2740,0,1964,0,47.473,1470,8611,12.464583340681674
3,2.0,1310,1361,3.0,0,0,7,1310,0,2003,0,47.7337,1370,1608,12.644327576461329
3,3.5,1900,4805,2.0,0,0,8,1560,340,1999,0,47.5686,1360,4800,12.86099861326992
4,1.75,1920,7455,1.0,0,0,7,960,960,1939,1964,47.7106,1920,7455,13.256019762217003
2,1.75,2056,52333,1.0,0,0,7,1048,1008,1980,0,47.2592,2220,6458,12.57418196709457
2,2.5,2110,114127,1.0,0,0,8,1590,520,1975,0,47.4137,1960,11250,12.84792653170257
4,2.25,2080,15750,1.0,0,0,8,1460,620,1976,0,47.7225,1960,10500,12.994530005894443
3,2.5,2370,7875,2.0,0,0,9,2370,0,2003,0,47.5427,2660,7752,13.166380262821104
4,3.0,1820,3120,1.0,0,0,7,1000,820,1997,0,47.5468,1600,5001,12.676076274775909
5,1.75,1610,15246,1.0,0,0,6,1610,0,1936,0,47.5654,1410,10500,12.881564890851399
2,2.0,1370,1878,3.0,0,0,8,1370,0,2004,0,47.6721,1280,1878,13.214030565930152
3,1.75,2880,18296,1.0,0,0,8,1580,1300,1958,0,47.4881,1380,9592,12.560244459250788
3,2.25,1810,5107,2.0,0,0,8,1810,0,1989,0,47.6882,1760,5454,13.347105650082236
3,1.5,1550,7260,1.5,0,0,6,1550,0,1925,0,47.4693,1190,7620,12.65395846952229
4,2.75,2450,15002,1.0,0,0,9,2450,0,1974,0,47.4268,2650,15055,13.180632285528304
4,3.25,3569,8327,2.0,0,0,10,3569,0,2013,0,47.4595,2550,5251,13.270783382522602
5,3.25,3360,6120,2.0,0,0,9,3360,0,2014,0,47.607,3230,5398,13.62917495565825
3,2.75,3410,9360,1.5,0,0,8,3410,0,1967,0,47.4497,2260,10128,13.122363377404328
3,1.5,1110,1150,2.0,0,0,8,940,170,2007,0,47.5929,1380,1751,12.157407473548894
5,2.5,1710,9720,2.0,0,0,8,1710,0,1974,0,47.5903,2270,9672,13.215853720491667
3,1.75,1920,43560,1.0,0,0,7,1340,580,1962,0,47.6052,2540,58806,13.142166004700508
3,1.75,1410,5100,1.0,0,0,7,1110,300,1954,0,47.7026,1600,7800,13.005829561148378
3,2.5,1950,3000,2.0,0,0,7,1950,0,2001,0,47.4938,1620,6000,12.66032791780777
5,2.25,2070,10488,1.0,0,0,7,1080,990,1958,0,47.6095,1740,9225,12.89921982609012
6,2.75,2040,8560,1.0,0,2,7,1100,940,1961,0,47.616,2230,8560,13.321214236149494
4,2.5,2920,7200,1.0,0,3,8,1470,1450,1921,2006,47.5947,3210,6825,13.864300722133706
2,1.0,1010,10057,1.0,0,0,6,1010,0,1961,0,47.3286,1040,8591,12.205822614274965
3,2.5,2320,36847,2.0,0,2,9,2320,0,1992,0,47.4838,2550,35065,12.988831984779805
3,2.5,1520,6298,2.0,0,0,7,1520,0,1986,0,47.3687,1670,7207,12.468436909997665
4,2.5,3510,13100,2.0,0,0,10,3510,0,1966,0,47.5306,3230,12745,14.042646130548022
3,1.0,1300,3550,1.5,0,0,7,1300,0,1927,0,47.6696,1410,4080,13.028052697933088
4,2.5,2390,8432,2.0,0,0,9,2390,0,1998,0,47.6027,2710,7417,13.406037428458571
3,3.25,2030,11070,2.0,0,0,8,2030,0,1980,0,47.6478,2450,11070,13.437174117244362
4,3.25,3740,12080,1.0,0,0,10,2000,1740,1988,0,47.7214,4210,15277,13.897090544956697
3,2.25,1580,6561,1.0,0,0,8,1200,380,1981,0,47.4394,1710,7241,12.676076274775909
4,2.25,2360,7733,2.0,0,0,8,2360,0,1983,0,47.4403,2160,7733,12.8790171187726
3,1.5,1800,9216,1.0,0,0,7,1800,0,1950,0,47.2739,1400,10022,12.375815420117268
3,1.0,940,12521,1.5,0,0,7,940,0,1949,0,47.7169,1920,9046,12.971540487669746
3,2.75,1840,68479,1.0,0,2,8,1340,500,1989,0,47.6802,2060,61903,12.915339207970002
4,2.0,1970,3515,1.0,0,0,8,1030,940,1969,0,47.6873,1650,4275,13.190022025878143
4,2.0,1770,5000,2.0,0,0,7,1770,0,1906,0,47.6748,1550,5000,13.357435499583813
5,3.75,4450,7680,2.0,0,0,9,3460,990,2010,0,47.6418,2550,6400,14.077874822431765
3,1.5,1010,9600,1.0,0,0,7,1010,0,1962,0,47.4097,1400,9660,11.982929094215963
3,1.75,2320,6090,2.0,0,3,8,2040,280,1939,0,47.643,3110,7052,13.883169206438088
2,3.0,2560,982278,1.0,0,0,8,2560,0,2004,0,47.6955,1620,40946,13.579788224443204
3,1.75,1280,2147,1.5,0,0,7,1280,0,1910,0,47.6362,2010,2640,13.415032991367148
3,2.0,1940,40588,1.0,0,0,7,1940,0,2000,0,47.4252,1860,9657,12.800779753276867
4,1.5,1860,7808,1.0,0,0,7,1080,780,1953,0,47.7314,1530,7884,13.017002861746503
3,2.25,3060,9950,1.5,0,2,9,1810,1250,1930,0,47.579,4950,10655,13.785051350479566
4,2.75,2950,5803,2.0,0,0,9,2950,0,2007,0,47.7368,2940,5803,13.304684934198283
2,2.25,2470,7658,1.0,0,0,8,1480,990,1954,0,47.653,2070,7270,13.707925347284336
3,2.0,1690,6790,1.0,0,0,7,1360,330,1979,0,47.2981,1740,6790,12.409013489526863
2,1.0,1060,3325,1.5,0,0,6,770,290,1932,0,47.6896,1820,4275,12.748396936355535
4,2.5,2990,5400,2.0,0,0,8,2990,0,2005,0,47.6122,2890,6538,13.422467969854667
4,2.5,1750,6397,2.0,0,0,7,1750,0,1988,0,47.3082,1940,6502,12.506177237980511
4,2.0,2420,10735,1.5,0,0,7,2420,0,1967,0,47.6899,1570,9540,13.17115354157376
4,2.5,2040,21781,2.0,0,0,8,2040,0,1994,0,47.6458,2410,21781,13.062613372998555
2,1.0,800,3330,1.0,0,0,7,800,0,1918,0,47.6566,1300,4320,12.83067328355501
3,1.0,1010,14948,1.0,0,0,6,1010,0,1969,0,47.4772,1510,9600,12.487485104968359
3,2.5,2110,5608,1.0,0,0,8,1340,770,2013,0,47.6743,2040,9363,13.312901088969625
4,2.5,2200,8065,2.0,0,0,7,2200,0,1998,0,47.4042,2641,8535,12.611537753638338
5,3.5,4320,7502,2.0,0,0,9,3500,820,2012,0,47.5235,3250,7538,13.695882070508743
3,1.75,1780,37801,1.0,0,0,7,1300,480,1977,0,47.5858,2380,47480,13.173056491719846
3,2.25,1640,8625,1.0,0,0,8,1320,320,1987,0,47.6772,1770,9476,13.270783382522602
4,2.5,3056,11385,2.0,0,0,9,3056,0,2014,0,47.2905,2849,8607,13.169676260454946
4,1.0,1370,5339,1.5,0,0,6,1370,0,1948,0,47.5046,1280,7048,12.296827008798639
4,2.5,1950,3000,2.0,0,0,7,1950,0,2002,0,47.4977,1170,6000,12.608198852372823
2,3.0,1570,1281,3.0,0,0,8,1570,0,2014,0,47.6741,1570,2500,13.395439297466748
4,2.75,3120,34040,2.0,0,0,9,3120,0,1997,0,47.3431,2420,25201,13.329377546788654
5,2.0,3020,6000,1.5,0,0,7,1860,1160,1925,0,47.5207,1380,6000,13.180632285528304
3,2.5,1720,3581,2.0,0,0,7,1720,0,2011,0,47.6861,1720,3600,12.873132491326801
3,1.5,1660,7221,1.0,0,0,7,980,680,1962,0,47.4962,1770,8083,12.323855681186558
4,1.5,2290,8773,1.0,0,0,7,1330,960,1947,0,47.7173,1740,7058,12.959844447906553
3,1.0,1250,9427,1.0,0,0,6,1250,0,1931,0,47.7254,1590,8250,12.591335046320818
4,2.5,4500,35200,1.0,0,0,13,4500,0,1988,0,47.5477,4760,35200,14.665661487333884
2,1.0,1480,4080,1.0,0,0,7,1050,430,1949,0,47.6842,1310,4080,13.56461032960502
4,2.5,2420,5118,1.5,0,2,7,1550,870,1926,0,47.5671,1740,5750,13.301346032932768
4,3.25,2600,2074,2.0,0,0,8,2150,450,2011,0,47.5402,2510,2074,13.401509118833824
2,1.0,940,7700,1.0,0,0,6,940,0,1916,0,47.7067,1290,7375,12.70381302974751
1,1.0,920,5000,1.0,0,3,7,920,0,1906,0,47.6748,1890,5000,13.190022025878143
4,2.5,2660,40312,2.0,0,0,8,2660,0,1977,0,47.7532,2650,45302,13.411144845299411
3,2.5,1730,6930,2.0,0,0,8,1730,0,1994,0,47.2621,1780,6930,12.460714863903755
4,3.5,3530,7202,2.0,0,0,9,2660,870,2000,0,47.7339,2810,8100,13.45166712454693
5,3.5,2473,9282,2.0,0,1,7,2473,0,1963,0,47.3966,2040,10920,12.745485726148077
2,1.5,1150,3927,2.0,0,0,7,1150,0,1982,0,47.7248,1400,3425,12.611537753638338
3,2.5,2130,3545,3.0,0,0,9,2130,0,1990,0,47.6389,1970,3464,13.878485357125662
2,1.0,833,143947,1.0,0,0,5,833,0,2006,0,47.3889,1380,143947,13.15683050244657
2,2.0,1370,5756,1.0,0,0,8,1370,0,1986,0,47.714,1380,5444,12.84792653170257
4,1.5,1360,6110,1.0,0,0,7,1010,350,1955,0,47.5755,1520,6110,12.999065161059836
4,2.5,2690,32780,2.0,0,0,9,2690,0,1998,0,47.6612,2840,36555,13.337474757021274
4,2.75,2790,8853,2.0,0,0,8,2790,0,2013,0,47.4842,2790,8092,13.186486812405569
3,3.0,2350,1620,2.0,0,0,9,1560,790,2001,0,47.6308,2000,4380,13.993656743347747
3,2.5,3110,6000,1.0,0,2,8,1560,1550,1967,0,47.5331,2060,6000,12.983101310070822
3,1.75,2000,9900,1.0,0,2,8,1480,520,1957,0,47.4436,2310,10200,12.994530005894443
4,2.25,3220,8436,2.0,0,0,8,3220,0,1968,0,47.6381,2500,7632,13.592367006650065
4,1.0,1390,4240,1.0,0,0,7,1050,340,1924,0,47.6596,1810,4240,13.39559149288596
5,4.25,4860,9453,1.5,0,1,10,3100,1760,1905,0,47.6196,3150,8557,14.626440774180603
6,2.0,2570,4240,1.5,0,0,7,1970,600,1911,0,47.6754,2030,4240,13.465953081794405
4,1.0,1220,5120,1.5,0,0,6,1220,0,1940,0,47.205,1540,7670,12.35017298950393
3,2.5,2460,108900,1.0,0,0,9,1860,600,1977,0,47.4824,2870,102366,13.304684934198283
4,3.0,1680,6003,1.0,0,0,7,1150,530,1997,0,47.2885,1820,6207,12.345834587905333
2,3.0,2330,3600,2.0,0,0,10,1870,460,1927,1979,47.6316,2950,7200,13.860722900785822
2,1.5,1280,2096,2.0,0,0,7,1080,200,2007,0,47.5872,1340,7452,12.821258284620408
1,1.0,1080,5000,1.5,0,0,7,1080,0,1948,0,47.6603,1620,4000,12.926348493478372
6,3.75,4090,49542,2.0,0,0,9,3100,990,1984,0,47.6408,2980,43357,13.955272500339433
3,2.5,2540,4775,2.0,0,0,7,2540,0,2006,0,47.3341,2270,5000,12.644327576461329
2,1.0,1070,5080,1.0,0,0,6,1070,0,1942,0,47.5224,900,5080,12.691580461311874
3,1.0,1380,4000,1.5,0,0,7,1380,0,1910,0,47.6261,1690,4000,13.132313708257497
3,1.75,1480,8165,1.0,0,0,7,1480,0,1985,0,47.3624,1450,7939,12.542544882151386
4,2.5,3000,8645,2.0,0,0,8,3000,0,1985,0,47.7315,1930,8866,13.102160670086809
3,2.5,1540,7773,2.0,0,0,8,1540,0,1982,0,47.722,1630,7340,12.994416363073707
5,2.0,2000,3000,1.5,0,0,6,1200,800,1931,0,47.6028,1330,4000,13.047639831208393
4,3.5,3500,43560,2.0,0,0,9,2850,650,2014,0,47.5481,3640,40545,13.813508555293602
3,2.25,1760,10835,1.0,0,0,8,1290,470,1976,0,47.522,2050,10488,12.994530005894443
2,1.0,920,7716,1.0,0,0,6,920,0,1944,0,47.5028,1410,7128,12.345617172968069
2,1.0,850,6800,1.0,0,0,7,850,0,1948,0,47.7282,870,6800,12.577636201962656
3,2.25,2030,8690,1.0,0,0,8,1360,670,1986,0,47.3185,1720,8800,12.568978139219542
4,2.75,3250,5600,2.0,0,0,8,3250,0,2011,0,47.4806,2730,5667,13.253391639810733
2,1.0,820,681,3.0,0,0,8,820,0,2006,0,47.6619,820,1156,12.736553826954605
3,2.75,3360,41250,1.0,0,0,7,1820,1540,1988,0,47.2604,2580,98881,12.70684490313504
3,2.0,2220,5000,1.0,0,0,7,1110,1110,1966,0,47.5807,1450,5000,13.265164176036
4,2.0,2710,4750,1.0,0,0,7,1460,1250,1919,0,47.6756,1700,3800,13.394677972724988
3,1.0,880,18205,1.0,0,0,6,880,0,1945,0,47.5013,1110,16115,12.292250341771226
2,2.5,2410,7500,1.0,0,0,7,1550,860,1978,0,47.3078,1840,8800,12.567237494741757
4,1.75,2290,10290,1.0,0,0,7,1340,950,1960,0,47.5045,1800,7605,12.745485726148077
4,2.5,2420,4981,2.0,0,0,9,2420,0,2009,0,47.3785,2420,5000,12.84792653170257
3,1.5,2500,4774,1.5,0,2,7,1450,1050,1940,0,47.6567,1300,4000,13.493926933836812
4,2.5,2790,45902,2.0,0,0,9,2790,0,1987,0,47.7674,2890,42421,13.392314175825796
5,3.0,2660,7700,1.5,0,0,7,1670,990,1962,0,47.46,1610,7700,12.721885810807203
2,1.75,1310,10200,1.0,0,0,6,1310,0,1947,0,47.5231,1500,7200,12.632973034358404
4,3.5,3850,8100,2.0,0,1,11,2430,1420,1995,0,47.6855,2620,9346,13.87377946608825
2,2.0,1470,3128,2.0,0,0,6,1470,0,2005,0,47.349,1180,2576,12.392552212472792
3,1.0,1170,62290,2.0,0,0,5,1170,0,1986,0,47.5104,1810,42173,12.66032791780777
5,1.75,2980,53578,1.0,0,0,9,2230,750,1976,0,47.4908,2860,75546,13.262125319779487
4,2.5,1560,7800,2.0,0,0,7,1560,0,1997,0,47.514,1160,7800,12.476099782743233
4,2.5,2520,3980,2.0,0,0,8,2520,0,2005,0,47.5401,2610,3980,13.302181803980165
5,2.0,1900,6000,1.5,0,0,6,1900,0,1920,0,47.6831,2110,8400,13.060487973686241
3,2.5,1720,1916,2.0,0,0,7,1720,0,2005,0,47.4895,1760,1916,12.542544882151386
3,1.0,890,5965,1.0,0,0,7,890,0,1950,0,47.7518,1930,7500,12.70076888736628
3,2.25,1210,1250,3.0,0,0,8,1210,0,2014,0,47.6722,1780,5000,13.16158409055761
3,1.75,1860,9629,1.0,0,0,7,1240,620,1961,0,47.4913,1940,9629,12.66032791780777
3,2.5,1600,2244,2.0,0,0,7,1600,0,2005,0,47.4899,1600,1700,12.468436909997665
5,2.5,2880,9000,1.0,0,0,8,1440,1440,1966,0,47.5456,2010,9000,13.235692062711331
2,1.0,760,3800,1.0,0,0,6,760,0,1950,0,47.5019,1220,7410,11.819674600139235
2,1.0,840,3522,1.0,0,0,6,840,0,1947,0,47.6575,1390,4800,12.911889229190782
4,2.25,2140,8874,2.0,0,0,8,2140,0,1986,0,47.2654,2140,8789,12.706696406811568
2,1.0,800,4342,1.0,0,0,6,670,130,1927,0,47.6997,1210,4343,12.92391243868049
3,2.5,2080,7877,2.0,0,0,9,2080,0,1987,0,47.4395,2550,7660,12.89921982609012
6,2.25,2820,15600,1.5,0,2,7,1970,850,1940,0,47.4635,2520,7797,13.205232855226624
2,1.0,1747,12250,2.5,0,0,6,1747,0,1948,0,47.3282,1620,10300,12.496874845318198
4,2.25,2300,7524,2.0,0,0,8,2300,0,1978,0,47.313,2270,8025,12.483136038833814
3,2.5,1980,3128,2.0,0,0,8,1890,90,2009,0,47.5456,2160,2240,13.329377546788654
2,1.0,890,6350,1.0,0,0,6,890,0,1943,0,47.6975,1490,6350,12.660210450591306
4,2.5,2430,5203,2.0,0,0,8,2430,0,2003,0,47.7402,2260,7474,13.142166004700508
5,1.75,1920,6500,1.0,0,0,7,1260,660,1951,0,47.6394,1970,5500,13.480037821676145
6,1.75,2920,5000,2.5,0,0,9,2780,140,1908,0,47.6024,2020,5000,13.620711479659207
7,2.25,3260,8145,2.0,0,0,8,3260,0,1967,0,47.6336,2340,8145,13.554145793829866
4,2.5,2400,3986,2.0,0,0,8,2400,0,1999,0,47.5344,2070,3986,13.09658392441684
3,1.75,1660,8208,1.0,0,0,8,1660,0,1965,0,47.5919,2210,11000,13.102160670086809
3,1.75,1590,11454,1.0,0,0,8,1590,0,1979,0,47.5049,1970,9960,12.94084150078094
4,3.0,2840,13554,1.0,0,2,9,1990,850,1974,0,47.7153,2840,16940,13.541073712262515
3,1.5,1870,7853,1.0,0,0,7,1300,570,1962,0,47.7045,1870,8300,13.091904169919621
4,4.0,6050,84942,2.5,0,2,9,4150,1900,2009,0,47.7466,2700,199504,13.742939865129438
3,2.5,2180,5000,1.0,0,0,8,1240,940,1977,0,47.5828,2000,5000,13.345506928718539
4,2.5,1770,5855,2.0,0,0,7,1770,0,2003,0,47.3483,1790,5679,12.421184025147118
7,4.5,6210,8856,2.5,0,2,11,4760,1450,1910,0,47.6307,2940,5400,14.978661367769956
4,2.25,3220,7889,2.0,0,0,8,3220,0,1978,0,47.3112,2120,7651,12.721885810807203
3,2.5,4190,9624,2.0,0,0,10,4190,0,1999,0,47.5642,3650,8321,13.955272500339433
4,2.5,3140,11049,2.0,0,0,10,3140,0,1988,0,47.5817,2750,11049,13.805460222110773
4,4.0,5780,7173,2.0,0,0,11,4130,1650,2008,0,47.6374,3930,7994,14.876767060088614
3,2.0,1860,3600,1.5,0,0,7,1110,750,1915,0,47.6102,1680,3695,13.287877815881902
3,1.0,1340,21336,1.5,0,0,5,1340,0,1945,0,47.4023,1340,37703,12.546109948315882
4,2.5,1780,11130,1.0,0,0,8,1780,0,1962,0,47.5931,2610,11130,13.592991811418907
2,2.25,2290,9772,1.0,0,0,8,2290,0,2007,0,47.7199,1810,6077,13.510343171171474
4,2.5,2090,5040,2.0,0,0,9,2090,0,2014,0,47.4797,1430,12000,12.86876061860541
2,1.0,770,5040,1.0,0,0,5,770,0,1930,0,47.5964,1330,2580,12.959844447906553
5,2.75,3110,6621,2.0,0,0,9,3110,0,2006,0,47.543,3550,7953,13.36138027787483
3,2.5,1250,1150,2.0,0,0,8,1080,170,2009,0,47.5582,1250,1150,12.637855061955712
3,1.75,1340,10276,1.0,0,0,7,1340,0,1961,0,47.7207,2950,7987,12.706847933442663
4,2.75,1770,10184,1.0,0,0,8,1250,520,1979,0,47.3074,2070,8320,12.367340793126296
3,2.0,1550,12262,1.0,0,0,7,1550,0,1964,0,47.5755,2900,12372,13.493926933836812
3,2.0,1108,1128,3.0,0,0,7,1108,0,2009,0,47.6961,1285,1253,12.819906019370393
4,2.5,2080,8504,2.0,0,0,8,2080,0,1991,0,47.5703,2000,6773,13.208541073645382
2,2.5,1278,987,2.0,0,0,7,1002,276,2007,0,47.5532,1220,1287,12.788288265382837
3,2.0,2580,15653,1.5,0,0,9,2580,0,1990,0,47.4561,1920,9840,13.083622549087899
3,1.0,1150,4945,1.0,0,2,7,1150,0,1943,0,47.5663,1390,4945,13.081541382884074
3,2.5,1820,8085,2.0,0,0,7,1820,0,1983,0,47.4575,1860,8625,12.706696406811568
3,1.5,1240,9196,1.0,0,0,8,1240,0,1968,0,47.7562,1690,10800,12.787793729712407
3,2.5,1410,1332,2.0,0,0,7,960,450,2014,0,47.5683,1410,1343,12.59642411582829
3,1.5,1170,9848,1.0,0,0,7,1170,0,1963,0,47.7612,2220,5542,12.429216196844383
2,1.5,1080,6760,1.0,0,2,6,1080,0,1923,0,47.7008,2080,5800,12.994530005894443
3,1.75,1980,3300,1.5,0,0,7,1140,840,1926,0,47.6733,1590,5000,13.399995114002609
3,2.25,1480,97138,1.5,0,0,7,1480,0,1984,0,47.3317,1730,176418,12.691580461311874
3,1.0,910,8658,1.0,0,0,7,910,0,1955,0,47.7586,1170,10200,12.631340380934517
0,2.5,1490,7111,2.0,0,0,7,1490,0,1999,0,47.5261,1500,4675,12.676076274775909
4,1.0,1260,4080,1.0,0,0,7,1260,0,1911,0,47.6644,1340,4080,13.334243736439827
3,1.0,1240,11108,1.0,0,0,7,1240,0,1952,0,47.4465,2220,16533,12.873902018105829
2,1.0,1120,4284,1.0,0,0,6,730,390,1921,0,47.6688,2050,4160,13.058358047428417
3,2.5,2390,5500,1.0,0,3,9,1700,690,1952,0,47.6389,2700,5500,14.115615150414612
3,2.5,2750,16000,2.0,0,0,9,2560,190,1981,0,47.693,2370,11279,13.513053199930338
3,1.75,1640,3400,1.0,0,0,7,930,710,1926,0,47.6694,1380,3750,13.133105473936231
4,2.0,2430,8960,1.0,0,0,7,1430,1000,1960,0,47.4979,2430,8960,12.449018824140563
4,2.5,3510,28052,2.0,0,0,10,3510,0,1988,0,47.6671,2890,28295,13.726679344257658
4,1.0,1380,7110,1.5,0,0,6,1380,0,1939,0,47.3846,1430,7110,12.444104809338134
3,2.5,2610,35000,2.0,0,0,10,2610,0,1988,0,47.7377,3060,35427,13.407542319637992
3,2.25,1830,7770,1.0,0,0,7,1400,430,1977,0,47.3925,1960,7272,12.449018824140563
4,2.0,1700,8640,1.0,0,0,7,850,850,1955,2010,47.5774,1620,9000,13.122363377404328
2,2.0,1400,10052,1.0,0,0,8,1400,0,1957,0,47.7262,1400,8785,12.975601996008924
2,1.0,840,6480,1.0,0,0,5,840,0,1954,0,47.264,1100,7300,11.732060994886899
3,2.25,2820,11625,2.0,0,0,8,2820,0,1986,0,47.2621,2290,8488,12.724866438945341
3,3.0,2420,13959,1.0,0,0,8,1740,680,1988,0,47.7486,2570,13300,12.706847933442663
4,2.75,2170,5988,2.0,0,0,8,2170,0,2014,0,47.7484,1170,8147,13.219490088135052
4,2.5,2580,4818,2.0,0,0,8,2580,0,2005,0,47.3607,2570,5386,12.84779494409793
3,2.5,1840,3035,1.0,0,0,7,920,920,1926,0,47.6557,1780,4000,13.217673557208654
4,2.5,1580,3632,2.0,0,0,7,1580,0,2011,0,47.3672,1950,3800,12.6112043647371
3,3.0,2470,36445,2.0,0,0,8,2470,0,1980,0,47.4661,2310,35350,13.17115354157376
5,3.5,3270,4080,2.0,0,0,9,2180,1090,2011,0,47.6754,1410,4080,14.081713598738931
6,3.0,2320,4502,1.0,0,0,7,1200,1120,1987,0,47.5552,1160,5628,12.858397831569864
4,2.5,2310,9624,2.0,0,0,8,2310,0,1984,0,47.5386,1940,9636,13.30092788532057
2,1.0,720,7200,1.0,0,0,6,720,0,1943,0,47.4763,970,8027,12.201060103706629
3,2.0,2360,5737,2.0,0,0,8,2360,0,2003,0,47.7633,1600,9163,12.873902018105829
4,2.25,2010,7688,1.0,0,0,8,1170,840,1979,0,47.3086,1990,7688,12.341477282536376
3,1.0,1130,7800,1.0,0,0,7,1130,0,1952,0,47.5239,1170,7800,12.429216196844383
3,1.0,1550,4160,1.5,0,0,6,1550,0,1926,0,47.5387,1590,5000,12.959844447906553
2,1.0,820,16030,1.0,0,0,5,820,0,1923,0,47.2039,1880,14046,12.128111104060462
5,3.5,3330,3705,2.0,0,0,9,2610,720,2008,0,47.5567,2810,3971,13.58609739363647
5,2.75,3030,7000,1.0,0,0,7,1540,1490,1978,0,47.3661,1790,7330,12.679196402112153
4,1.75,1710,10440,1.0,0,0,7,1710,0,1955,0,47.5756,1480,10440,13.17115354157376
4,3.0,3150,9703,2.0,0,0,9,3150,0,2001,0,47.5962,3150,8819,13.496681756515656
4,3.25,2360,8344,2.0,0,0,8,2360,0,1990,0,47.4403,1860,8410,12.672946381766982
4,2.5,2090,10306,2.0,0,0,10,2090,0,1986,0,47.6304,2660,11481,13.357435499583813
4,2.5,2610,8031,2.0,0,0,8,2610,0,1998,0,47.7717,2320,8031,13.142166004700508
4,2.25,2370,9636,1.0,0,0,8,1660,710,1976,0,47.6497,2350,9588,13.415032991367148
4,2.5,2810,11120,2.0,0,0,9,2810,0,1982,0,47.6337,3100,12672,13.422467969854667
3,2.5,2750,226512,2.0,0,0,9,2750,0,2000,0,47.4376,1250,211266,13.615839362835207
3,2.5,2050,15035,2.0,0,0,9,2050,0,2006,0,47.3619,1300,15836,13.049792684569493
3,2.5,2200,5954,2.0,0,0,7,2200,0,2004,0,47.3709,2200,5046,12.66032791780777
3,1.5,1280,1920,1.5,0,0,7,1280,0,1905,1990,47.6117,1280,3150,13.035715570678656
3,1.5,2210,6500,1.0,0,0,7,1030,1180,1912,0,47.5434,1750,6370,13.122363377404328
3,2.5,2330,33750,2.0,0,0,9,2330,0,1983,2001,47.4787,2270,35000,13.279367126213993
4,2.5,2610,33206,2.0,0,0,10,2610,0,1988,0,47.6662,2870,28295,13.519393006691391
3,2.5,2070,4697,2.0,0,0,7,2070,0,2002,0,47.5307,2230,4437,12.911642346088676
3,2.0,1420,6060,1.0,0,0,7,830,590,1942,0,47.5102,1420,6360,12.736700896592344
3,2.5,1400,4800,1.0,0,0,7,1200,200,1921,0,47.6865,1440,3840,12.736700896592344
2,1.0,840,3840,1.0,0,0,7,840,0,1926,0,47.684,1310,3840,13.005829561148378
2,1.0,950,4500,1.0,0,2,7,850,100,1926,0,47.6562,1670,4000,13.122363377404328
4,3.5,2800,6750,2.0,0,0,9,1890,910,1951,2002,47.669,2370,6120,13.687677186454389
3,2.0,1290,886,3.0,0,0,7,1290,0,2004,0,47.7161,1270,1152,12.644327576461329
3,2.5,1820,374616,2.0,0,0,7,1820,0,1999,0,47.6539,1870,220654,13.270783382522602
4,2.5,4280,12796,2.0,0,0,11,3400,880,1999,0,47.5588,3520,9593,13.997832114758229
5,3.5,3430,6872,2.0,0,0,10,2830,600,2002,0,47.4065,3650,6600,13.06685066747407
3,1.0,2430,10720,1.0,0,0,7,2430,0,1977,0,47.4895,1660,11560,12.821123140353697
3,2.0,1420,1716,2.0,0,0,7,1050,370,2003,0,47.7364,1420,8150,12.676076274775909
5,4.0,4230,27295,2.0,1,4,8,3230,1000,1949,1985,47.6803,2660,27295,14.808762330974558
3,1.75,2390,11242,1.0,0,0,7,1290,1100,1959,0,47.7759,2270,9650,12.948009990259552
3,1.75,1460,7226,1.0,0,0,7,1460,0,1993,0,47.3839,1760,7226,12.301382825334498
4,2.5,2340,3784,2.0,0,0,8,2340,0,2008,0,47.535,1730,4000,13.005829561148378
3,3.25,3050,18892,1.0,1,4,8,1650,1400,1962,0,47.3881,1170,70973,13.764217263576723
3,2.5,1580,2170,2.0,0,0,7,1580,0,2003,0,47.5418,1610,1917,12.420377248177179
3,2.75,1810,3292,2.0,0,0,8,1810,0,2014,0,47.5164,1810,2769,12.85893154328709
3,1.75,1640,8529,1.0,0,0,7,1640,0,1951,0,47.7751,1730,7769,12.994530005894443
3,1.75,1840,4255,1.0,0,0,7,940,900,1907,2005,47.58,1600,4255,13.37700559577791
2,1.0,670,5140,1.0,0,0,6,670,0,1926,0,47.5387,850,5140,12.117241431823558
6,2.0,1670,3000,1.0,0,0,7,900,770,1911,0,47.6637,1330,1099,13.42984807715229
3,2.5,2029,3906,2.0,0,0,9,2029,0,2014,0,47.341,2029,3920,12.859530002921938
5,4.0,4700,22326,2.0,0,0,11,4700,0,2002,0,47.5417,4730,27110,14.151982794585487
3,1.75,1260,6908,1.0,0,0,7,1260,0,1994,0,47.385,1810,7159,12.409013489526863
2,1.5,1020,1049,3.0,0,0,8,1020,0,2008,0,47.68,1350,1395,13.017002861746503
2,2.5,1260,1347,3.0,0,0,8,1260,0,2005,0,47.6994,1260,1356,12.765688433465597
4,3.5,3420,49223,2.0,0,0,9,3420,0,2004,0,47.3534,3580,49223,13.428376406540833
3,1.75,2260,11781,1.0,0,0,8,1520,740,1968,0,47.5982,2530,10176,13.478638241321722
3,2.25,1490,8722,2.0,0,0,7,1490,0,1997,0,47.3648,1510,8061,12.345834587905333
5,3.25,4100,7578,2.0,0,2,10,4100,0,2011,0,47.5955,3710,8156,13.698976741708323
3,1.75,1500,7800,1.0,0,0,7,1500,0,1968,0,47.3141,1490,7800,12.128111104060462
5,5.75,7730,230868,2.0,0,0,12,6660,1070,2004,0,47.7615,2660,39292,14.467835744003965
8,6.0,4340,9415,2.0,0,0,8,4340,0,1967,0,47.6316,2050,9100,14.580978400103845
4,3.0,2400,5400,2.0,0,2,7,1600,800,1965,0,47.5099,2400,5400,13.071070083016778
5,2.5,4170,33310,2.0,0,0,11,4170,0,1991,0,47.5455,4670,37960,14.077874822431765
3,1.75,1440,4000,1.0,0,0,7,1050,390,1979,0,47.5329,1560,4000,12.594730635321957
4,2.5,3220,15600,1.0,0,0,9,1680,1540,1973,0,47.5697,2990,15600,14.038654109278484
2,1.0,810,6480,1.0,0,0,6,810,0,1942,0,47.6493,1920,6000,13.142166004700508
3,2.0,1540,3600,2.0,0,0,8,1540,0,1900,1988,47.6343,2970,3600,13.652991628466498
2,1.5,1160,1086,2.0,0,0,7,890,270,2006,0,47.768,1160,1086,12.429216196844383
3,2.5,3110,123710,2.0,0,0,8,2430,680,1995,0,47.3879,2420,92782,13.458835614025542
3,2.25,1440,10500,1.0,0,0,8,1130,310,1983,0,47.318,1510,8125,12.4130868149145
4,2.5,2500,4000,2.0,0,0,8,2500,0,2014,0,47.5902,1480,4300,13.36138027787483
4,2.5,3270,9650,1.0,0,3,9,2320,950,1971,0,47.409,2340,17357,13.458835614025542
4,3.0,2300,7609,2.0,0,0,7,2300,0,1976,0,47.2943,940,5937,12.319401330837177
4,2.5,2570,9086,2.0,0,0,9,2570,0,1999,0,47.6373,2760,6733,13.415032991367148
4,2.5,3040,9606,2.0,0,0,7,3040,0,2003,0,47.6884,1690,3849,13.337474757021274
5,3.25,2820,3275,2.0,0,0,8,2230,590,2006,0,47.5339,2610,3275,13.042237332925044
4,4.25,5020,26319,2.0,0,0,12,5020,0,1998,0,47.6008,4930,26319,14.22097566607244
4,2.25,2130,8499,1.0,0,0,7,1600,530,1975,0,47.3657,1890,11368,12.691580461311874
3,2.5,2600,4438,2.0,0,0,7,2600,0,2004,0,47.6799,2600,4904,13.272506035834049
5,1.75,1830,47916,1.5,0,0,6,1830,0,1948,0,47.4881,2010,13135,13.021437458814368
3,2.5,2190,2658,2.0,0,3,9,2190,0,1979,0,47.6528,2315,2538,13.554145793829866
4,2.5,2270,4400,2.0,0,0,7,2270,0,2006,0,47.5381,2090,4400,12.959844447906553
3,2.25,1840,9040,1.0,0,0,8,1370,470,1979,0,47.3144,1870,8992,12.560244459250788
3,1.75,1220,7004,1.0,0,0,7,1220,0,1966,0,47.4492,1640,7210,12.577291314909747
4,2.25,1980,9714,1.0,0,0,7,1170,810,1977,0,47.3207,1610,9272,12.564743097118487
3,1.0,890,7200,1.0,0,0,7,890,0,1951,0,47.71,1630,7455,12.823957341589573
2,2.0,1140,8282,1.0,0,0,6,1140,0,1924,2009,47.6949,1650,9000,13.11835535600679
2,1.0,930,10505,1.0,0,0,6,930,0,1930,0,47.4337,1520,8881,12.367340793126296
4,2.5,2380,5000,2.0,0,0,8,2380,0,2005,0,47.3608,2420,5000,12.793859310432293
3,2.0,1460,2800,1.0,0,0,7,730,730,1921,0,47.67,1780,4560,13.304684934198283
4,2.0,2130,2800,1.0,0,0,7,1070,1060,1922,0,47.6545,1990,3990,13.592367006650065
4,1.0,1620,6000,1.5,0,0,7,1620,0,1905,0,47.4763,1310,6000,12.697715449879391
5,2.5,2820,14062,2.0,0,0,7,2380,440,1960,0,47.7081,1910,10392,13.414958361716755
4,1.75,2120,7725,1.0,0,0,8,1220,900,1965,0,47.6003,2160,7725,13.17115354157376
3,2.25,2400,5000,1.5,0,0,7,1440,960,1926,0,47.6897,1630,5000,13.262125319779487
3,2.5,2510,5544,2.0,0,0,7,2510,0,2001,0,47.6903,2660,5614,13.190022025878143
4,4.0,1550,6596,1.5,0,0,7,1550,0,1907,0,47.6711,1830,4850,13.46949290849953
3,1.75,1220,216332,1.0,0,0,7,1220,0,1981,0,47.7224,1540,61419,12.873902018105829
4,2.25,1920,8259,2.0,0,0,8,1920,0,1979,0,47.5616,2030,8910,13.345506928718539
3,2.25,3020,43560,2.0,0,0,10,2720,300,1969,0,47.6456,3910,43560,13.769466619462868
4,1.75,2390,23899,1.0,0,0,7,1750,640,1949,0,47.7557,1840,33900,13.017002861746503
3,1.75,1440,10920,1.0,0,0,8,1440,0,1977,0,47.3812,1720,8260,12.495003937382387
6,4.75,5540,7200,2.5,0,2,11,3950,1590,1909,0,47.6361,2930,7200,14.782494404153947
2,1.75,1450,4000,1.5,0,0,7,1350,100,1903,0,47.6571,1310,4000,13.38472764187182
3,2.5,1720,8755,1.0,0,0,8,1000,720,1983,0,47.3186,1720,8690,12.524526376648708
4,3.5,4490,5805,2.0,0,0,9,3390,1100,2006,0,47.5389,4410,6299,13.442996549995796
3,2.75,2330,4780,2.0,0,3,8,1730,600,1930,1988,47.3459,1100,5336,13.217673557208654
3,2.5,2080,2625,2.0,0,0,8,2080,0,2006,0,47.5469,1760,2772,13.217673557208654
4,2.5,2340,13445,2.0,0,0,8,2340,0,1990,0,47.374,2340,11188,12.793859310432293
4,3.5,3400,5222,2.0,0,0,9,3400,0,2005,0,47.3559,3190,5326,13.151922179645874
4,2.75,2360,15100,1.0,0,0,8,2360,0,2014,0,47.5117,1440,13346,13.190022025878143
2,2.25,850,1656,2.0,0,0,8,850,0,2001,0,47.7064,850,1312,12.358793732547838
4,2.0,2120,11479,1.0,0,0,7,1060,1060,1940,0,47.7084,1540,11000,13.10011776845701
3,3.25,1510,1850,2.0,0,2,8,1230,280,2001,0,47.6683,1540,1840,13.049792684569493
3,2.5,2450,4400,2.0,0,0,9,1800,650,1922,0,47.6439,2220,5500,13.766320313773502
4,2.25,2500,8500,2.0,0,0,8,2500,0,1979,0,47.5569,2470,9100,13.541073712262515
2,1.0,1740,3622,1.0,0,0,7,950,790,1924,0,47.5541,1270,3800,12.66032791780777
2,2.0,1210,740,2.0,0,0,8,780,430,2014,0,47.6206,1480,1171,13.321214236149494
5,3.0,3110,12429,1.0,0,0,8,1790,1320,1977,0,47.7463,3050,11902,12.986543654261794
2,1.0,828,4524,1.0,0,0,6,828,0,1968,2007,47.2655,828,5402,11.608235644774552
2,1.0,810,7158,1.0,0,0,6,810,0,1944,0,47.4882,1090,7158,12.235631447771718
2,1.5,960,1829,2.0,0,0,7,960,0,2005,0,47.6032,1470,1829,12.86405886099653
4,3.0,1540,4140,1.5,0,0,7,1540,0,1902,0,47.6728,1460,5000,13.343905647351566
4,2.0,1610,5000,2.0,0,0,7,1610,0,1946,0,47.6775,1300,4950,13.353475098367715
3,2.5,2410,11900,1.0,0,2,9,1600,810,1989,0,47.3384,3090,11902,13.102160670086809
2,1.0,1290,5376,1.0,0,0,6,1290,0,1945,0,47.6966,1180,5376,13.785051350479566
4,2.0,1720,7560,1.0,0,0,7,1720,0,1959,0,47.2845,1750,7988,12.235631447771718
4,2.5,1860,6687,1.0,0,0,7,1220,640,1983,0,47.4046,1860,6117,12.572103684392932
4,2.25,2360,8616,2.0,0,0,8,2360,0,1974,0,47.6495,2360,9337,13.531156275605168
3,1.75,1640,10695,1.0,0,2,8,1640,0,1975,0,47.7145,2790,9775,13.132313708257497
3,1.5,1540,4773,2.0,0,0,8,1540,0,1941,2009,47.5678,1540,5750,13.17115354157376
3,2.0,1970,9600,1.0,0,0,7,1300,670,1967,0,47.2824,1710,7703,12.593713168725786
3,3.0,1850,12556,2.0,0,0,9,1850,0,1976,0,47.6286,2390,12474,13.244581010128577
3,2.25,1540,1005,3.0,0,0,8,1540,0,2008,0,47.6827,1510,1501,13.217673557208654
5,3.5,2815,4900,2.0,0,0,9,2815,0,2011,0,47.3424,2798,4900,13.104199406776658
3,1.0,1220,5038,1.0,0,0,6,1220,0,1942,0,47.496,1140,5038,12.429216196844383
4,1.75,1490,4485,1.0,0,0,8,1350,140,1960,0,47.6388,1380,4846,13.311329476916953
3,3.25,1490,857,3.0,0,0,8,1220,270,2001,0,47.6357,1550,1092,13.270783382522602
3,3.25,4160,35153,3.0,0,2,12,3690,470,2001,0,47.5749,3290,11533,14.34555040065407
2,1.0,1260,5100,1.5,0,0,7,1120,140,1925,0,47.6805,1260,5100,13.176851562688398
3,2.5,2080,4307,2.0,0,0,7,2080,0,2004,0,47.53,2080,4947,12.815838217151068
4,2.0,1750,7245,1.0,0,0,7,1050,700,1974,0,47.3164,1640,7245,12.323855681186558
2,1.0,940,5413,1.0,0,0,7,940,0,1923,0,47.6956,1340,5296,12.738170404571704
5,2.5,2200,8500,1.0,0,0,7,1400,800,1971,0,47.3073,1360,8855,12.678884827097948
2,2.0,1880,5400,1.5,0,0,8,1880,0,1902,0,47.6238,1590,5400,13.530159100850776
3,1.75,1570,12506,1.0,0,0,8,1570,0,1959,0,47.3365,2120,13243,12.669806661762314
3,1.5,1300,7313,1.0,0,0,7,1300,0,1968,0,47.4568,1770,8075,12.570715759118084
5,2.0,2400,3500,1.5,0,0,8,1900,500,1911,0,47.6762,1520,4000,13.38472764187182
2,1.0,900,23000,1.0,0,0,7,900,0,1953,0,47.3576,1460,8265,11.966164347883234
3,1.0,920,8400,1.0,0,0,7,920,0,1963,0,47.3771,1260,8400,12.235631447771718
3,1.0,1140,4500,1.0,0,0,6,840,300,1907,0,47.5897,1150,3000,13.017002861746503
5,2.5,2840,5000,1.0,0,0,7,1620,1220,1913,0,47.5817,2200,5000,13.513053199930338
3,1.75,1800,7210,1.0,0,0,7,1370,430,1976,0,47.7346,1820,8100,13.132313708257497
3,2.5,1780,7859,2.0,0,0,7,1780,0,1988,0,47.3772,1670,6618,12.641096555879882
3,2.5,2577,156816,2.0,0,0,8,2577,0,2000,0,47.2935,2090,156816,13.112313041550827
4,2.5,2310,6320,2.0,0,0,8,2310,0,1997,0,47.3287,1850,6181,12.706847933442663
4,2.25,2290,9546,1.0,0,0,8,1780,510,1976,0,47.5617,2360,8864,13.412791675524135
3,2.75,3370,13929,2.0,0,0,9,2650,720,1986,0,47.3411,2150,14048,12.959844447906553
6,3.0,2790,4550,2.5,0,0,8,2790,0,1907,0,47.627,2590,4550,13.458835614025542
4,2.0,1830,10416,1.0,0,0,7,1370,460,1958,0,47.4878,1830,9271,12.409013489526863
2,2.5,2680,11214,1.0,0,0,9,2680,0,2006,0,47.7078,2305,6908,13.742939865129438
4,2.0,1660,4788,1.0,0,0,7,1660,0,1968,0,47.5878,1150,5000,12.577636201962656
4,3.0,3820,26895,2.0,0,2,11,3820,0,1995,0,47.7253,3820,24751,13.806974226941987
5,2.5,2732,9500,1.0,0,2,8,1870,862,1975,0,47.3436,2720,10000,13.081541382884074
5,3.0,2960,15152,2.0,0,0,9,2960,0,2004,0,47.6689,1850,9453,13.681979165339751
3,1.0,1320,8220,1.0,0,0,7,1320,0,1959,0,47.3697,1320,7920,11.918390573078392
3,1.0,910,3880,1.0,0,0,7,780,130,1942,0,47.6862,1220,3880,13.049792684569493
3,1.75,1980,13503,1.0,0,2,9,1320,660,1952,0,47.5867,2450,10890,13.604789526648622
3,1.75,2270,9000,1.0,0,0,8,1330,940,1978,0,47.3077,2090,8400,12.460714863903755
4,2.0,1620,7992,2.0,0,0,7,1620,0,1975,0,47.395,1710,7500,12.468436909997665
3,1.5,1550,4980,1.0,0,0,7,1080,470,1978,0,47.7035,940,4980,12.791077667470416
2,1.0,1020,6380,1.0,0,0,7,1020,0,1930,1973,47.6971,1380,6380,12.577636201962656
3,1.5,2840,10182,1.0,0,0,8,1510,1330,1951,0,47.524,2210,9669,12.429216196844383
3,1.0,1300,8316,1.0,0,0,6,1300,0,1954,0,47.3221,1260,8316,12.323855681186558
2,2.0,1080,5000,1.0,0,0,6,1080,0,1923,0,47.6826,1530,5000,13.038981768465277
3,1.5,1260,9570,1.0,0,0,7,870,390,1941,0,47.7004,1620,7000,12.93579280632096
3,1.0,1450,6776,1.0,0,0,7,1450,0,1952,0,47.5056,1680,7200,11.918390573078392
4,2.5,2300,9690,2.0,0,0,8,2300,0,2006,0,47.2793,1200,9085,12.706696406811568
1,1.0,760,3000,1.0,0,0,7,760,0,1900,0,47.6059,1270,3000,12.936033799212835
3,2.75,3230,5250,2.0,0,0,9,2680,550,2014,0,47.5196,2710,5250,13.291219683244712
3,2.0,1360,6685,1.0,0,0,7,1360,0,1952,0,47.7365,1300,8138,12.577636201962656
4,2.5,2620,7553,2.0,0,0,8,2620,0,1996,0,47.5301,2620,11884,13.312983737012978
4,2.5,2070,6180,2.0,0,0,8,2070,0,2007,0,47.4915,1250,6018,12.92391243868049
2,1.5,2700,7225,1.5,0,4,8,1660,1040,1910,2008,47.5892,2970,5150,14.04662227892766
2,1.0,1150,5664,1.0,0,0,7,870,280,1948,0,47.6894,1380,5664,13.151922179645874
3,1.5,1840,10125,1.0,0,0,8,1220,620,1959,0,47.5607,2320,10160,13.62918097977278
4,2.5,2580,11780,2.0,0,0,9,2580,0,2003,0,47.3658,2410,8403,13.03134397901716
3,2.5,1470,9337,2.0,0,0,7,1470,0,1991,0,47.7651,1360,8684,12.404923504275338
3,1.0,1340,6120,1.5,0,0,7,1340,0,1920,0,47.5272,1260,6000,12.449018824140563
3,2.5,2270,7866,1.0,0,0,10,2270,0,1988,0,47.5622,2580,8132,13.481435445942783
3,2.0,2010,251341,2.0,0,0,8,1510,500,2003,0,47.7416,1780,108900,12.992254692057308
4,2.5,2980,16263,2.0,0,0,9,2980,0,1989,0,47.5457,2730,10018,13.827439128829548
3,2.5,1540,1256,3.0,0,0,8,1540,0,2004,0,47.6498,1500,1350,13.204864598916073
3,1.0,1060,9946,1.0,0,0,7,1060,0,1956,0,47.4432,1310,10619,12.345834587905333
3,2.0,1530,1442,3.0,0,0,9,1530,0,2015,0,47.6692,1620,1456,13.383187995686226
3,1.5,1340,11744,1.0,0,0,7,1340,0,1950,0,47.4947,2020,13673,12.785491060761776
4,2.25,2770,5320,2.0,0,1,9,2440,330,2013,0,47.5283,2100,6011,13.764217263576723
3,1.0,1170,9730,1.0,0,0,7,1170,0,1968,1986,47.4562,1680,10125,12.437184366493561
4,3.25,2880,5929,2.5,0,0,8,2880,0,2014,0,47.2752,2880,5846,12.971307902484373
4,2.25,2380,17199,2.0,0,0,8,1530,850,1979,0,47.7668,2280,11529,13.060487973686241
3,3.25,1540,704,3.0,0,0,9,1540,0,2011,0,47.6177,1540,1456,13.517104522149518
3,1.0,1640,7187,1.0,0,0,7,1640,0,1966,0,47.455,1340,8346,12.345834587905333
2,1.5,1840,3825,1.0,0,0,8,1040,800,1928,0,47.6808,1290,5100,13.16158409055761
3,1.0,1140,4560,1.0,0,0,6,770,370,1944,0,47.6889,1340,3980,13.068962600677214
4,2.0,1630,10375,1.0,0,0,7,1630,0,1968,0,47.7566,1360,10026,12.793859310432293
4,2.5,2630,6283,2.0,0,0,9,2630,0,2006,0,47.5079,2630,7210,13.13813829651969
3,3.5,2450,9248,2.0,0,4,8,1960,490,1933,1993,47.5476,2620,10207,13.7525707581904
2,1.0,1070,4500,1.0,0,0,7,1070,0,1937,0,47.6802,1320,4465,12.936033799212835
4,1.75,2410,8447,2.0,0,3,8,2060,350,1936,1980,47.6499,2520,14789,13.217673557208654
5,3.75,2800,9900,1.0,0,0,7,2800,0,1964,0,47.319,1700,13200,12.449018824140563
3,1.0,1000,9450,1.0,0,0,6,1000,0,1962,0,47.4562,1300,13500,12.26434155365415
3,2.0,1440,7008,1.0,0,0,7,1440,0,1985,0,47.3702,1680,7200,12.409013489526863
3,2.0,1560,5130,1.0,0,0,7,1150,410,1915,0,47.6913,1560,4500,13.215853720491667
4,2.75,2260,7209,1.0,0,3,7,1330,930,2002,0,47.7088,1790,10860,13.122363377404328
3,1.0,1230,7020,1.0,0,0,7,1090,140,1924,0,47.5719,1390,5850,12.92391243868049
2,1.0,830,5100,1.0,0,0,6,830,0,1941,0,47.6932,1050,5100,12.691580461311874
4,3.0,2190,12825,1.0,0,0,9,1520,670,1989,0,47.7107,3050,4673,13.345506928718539
4,2.25,2920,20400,1.0,0,0,11,2920,0,1966,0,47.6237,3080,20400,14.316285845876763
4,2.5,2630,4000,3.0,0,0,8,2630,0,2002,0,47.6915,1640,4000,13.39239051461739
4,3.5,3570,27699,2.0,0,0,11,3570,0,1990,0,47.7173,3800,35880,13.721199878493033
3,1.0,1340,18552,1.5,0,0,5,1340,0,1935,0,47.7129,960,15141,11.982929094215963
2,1.5,880,1805,2.0,0,0,7,880,0,1999,0,47.7064,880,5060,12.367340793126296
3,2.25,1900,46609,1.5,0,0,7,1440,460,1969,0,47.7529,2460,43560,13.304684934198283
4,2.5,2240,5402,2.0,0,0,8,2240,0,2005,0,47.772,2240,7560,13.228523573232719
5,2.5,3480,74052,1.0,0,0,8,1980,1500,1972,0,47.4961,2610,65775,13.567049198665774
3,2.0,1440,3900,1.0,0,0,8,1440,0,2002,0,47.7022,1350,3900,12.877140358759739
4,2.5,2610,7254,1.0,0,0,8,1610,1000,1975,0,47.5618,2250,7407,13.213117740672793
2,1.75,1250,7680,1.0,0,0,7,1250,0,1922,1968,47.5242,1250,7680,12.89921982609012
2,2.25,1460,1851,2.0,0,0,9,1180,280,2014,0,47.6461,1800,4269,13.39239051461739
2,1.0,1290,3383,2.0,0,0,7,1290,0,2008,0,47.6968,1290,2828,12.628067055589549
4,0.75,1960,8277,1.0,1,4,7,1320,640,1923,1986,47.3648,1940,8402,13.16158409055761
5,3.0,2260,6508,1.0,0,0,7,1330,930,2003,0,47.7508,1940,9450,13.019222618484815
4,2.5,2601,34335,2.0,0,0,9,2601,0,1995,0,47.742,2080,32336,13.345506928718539
3,2.5,1670,5797,2.0,0,0,7,1670,0,1988,0,47.3505,1670,6183,12.468436909997665
2,1.0,920,5120,1.0,0,0,7,920,0,1952,0,47.5569,1190,5120,12.89921982609012
4,2.0,1650,9305,1.0,0,0,6,1650,0,1960,0,47.7183,1860,7486,12.718923217703582
4,1.0,1210,6380,1.5,0,0,7,1210,0,1936,0,47.6924,1340,6380,13.091904169919621
3,2.5,2040,4559,2.0,0,0,9,2040,0,1998,0,47.6156,1500,4500,13.607255619143816
3,1.0,1350,7085,1.0,0,0,7,1350,0,1944,0,47.7318,1350,7085,12.965709567358951
2,1.0,1080,9435,1.0,0,0,6,1080,0,1958,0,47.459,1200,9210,12.345834587905333
3,1.5,1580,5000,1.0,0,0,8,1290,290,1939,0,47.687,1570,4500,13.458835614025542
2,1.0,1380,4390,1.0,0,0,8,880,500,1931,0,47.6947,1390,5234,13.017002861746503
4,3.25,3810,8519,1.0,0,1,10,2680,1130,2007,0,47.699,3240,10748,13.937728190688523
4,2.5,2210,5929,2.0,0,0,8,2210,0,2004,0,47.35,2200,5901,12.706847933442663
2,1.0,1450,9150,1.0,0,0,7,1450,0,1965,0,47.4689,1440,10636,12.779873068457553
2,1.0,910,9000,1.0,0,0,5,910,0,1923,0,47.526,1290,9000,12.406970587897064
5,2.5,2510,83231,1.0,0,0,7,1260,1250,1975,0,47.4576,2460,46431,13.142166004700508
3,1.75,1330,12618,1.0,0,3,7,1330,0,1983,0,47.4403,1870,8429,12.487485104968359
4,1.0,1440,6678,1.0,0,0,7,1040,400,1950,0,47.571,1320,6678,12.994530005894443
4,2.5,3020,7035,2.0,0,4,9,3020,0,2001,0,47.5344,3020,6771,13.480037821676145
4,2.25,1820,20349,1.0,0,0,8,1340,480,1977,0,47.7415,1270,12800,13.049792684569493
2,1.5,1760,12000,1.0,0,0,7,1760,0,1964,0,47.6288,2200,12088,13.122363377404328
4,2.75,2150,9915,1.0,0,0,8,1240,910,1976,0,47.5378,1980,9325,12.926348493478372
4,2.5,2500,5264,2.0,0,0,7,2500,0,2003,0,47.3853,1960,5250,12.72635342806692
3,2.25,2910,10204,2.0,0,0,9,2910,0,1990,0,47.6897,2700,13992,13.554145793829866
3,2.5,2760,9471,1.0,0,2,8,1760,1000,1956,0,47.676,3040,6765,13.592367006650065
4,2.5,2900,6736,2.0,0,0,8,2900,0,2013,0,47.4954,2900,6736,13.1749558275235
2,2.0,1300,4659,1.0,0,0,8,1300,0,2005,0,47.7132,1640,4780,12.748396936355535
3,2.5,1900,7604,2.0,0,0,8,1900,0,1990,0,47.7002,1980,9583,13.1470559899947
5,1.0,1600,7350,1.0,0,0,7,1600,0,1962,0,47.3943,1600,7725,12.468436909997665
3,1.0,1340,7260,1.5,0,0,7,1340,0,1953,0,47.7016,1830,6822,13.249876697703288
4,3.0,2720,11740,1.0,0,0,9,2720,0,1957,0,47.5833,2640,11740,13.753635154246187
4,2.5,2910,9131,2.0,0,0,10,2910,0,2014,0,47.6826,1880,11212,13.849911984681606
4,2.5,3010,9155,2.0,0,0,9,3010,0,2005,0,47.3542,3010,5762,12.945626198904275
4,3.75,4040,14212,2.0,0,0,11,4040,0,2002,0,47.5189,3940,14212,13.924364962876357
4,2.0,2450,5000,2.0,0,4,8,2200,250,1919,0,47.5619,2360,6090,13.784019890872903
4,2.5,2860,12394,2.0,0,0,10,2860,0,1999,0,47.5832,3070,8515,13.39239051461739
3,1.5,850,2500,1.0,0,0,7,850,0,1986,0,47.5677,850,5000,12.594730635321957
2,1.0,860,5040,1.0,0,0,7,860,0,1956,0,47.6977,1570,5040,12.821258284620408
4,3.25,3960,16224,2.0,0,2,12,3100,860,1938,0,47.6701,3960,15050,14.73180128983843
3,2.5,1350,941,3.0,0,0,9,1350,0,2007,0,47.6265,1640,1369,13.680835654637672
4,2.25,2290,12174,1.0,1,4,7,1490,800,1948,0,47.5114,2290,9379,13.641752231830807
3,3.5,2940,6431,2.0,0,0,10,2940,0,2014,0,47.5818,2760,6695,13.725754326396588
4,2.75,2110,6838,2.0,0,0,8,2110,0,1991,0,47.3877,2100,7280,12.691580461311874
2,1.0,1360,69260,1.0,0,0,5,1360,0,1937,0,47.5229,1460,69260,12.721885810807203
4,1.75,1820,22043,2.5,0,0,7,1820,0,1918,0,47.7606,1880,19961,12.577636201962656
3,2.0,1460,3696,2.0,0,0,7,1460,0,2010,0,47.6861,1720,3631,12.879366547511184
4,1.0,2320,4000,1.5,0,0,6,1310,1010,1921,0,47.573,1750,4000,12.89921982609012
3,1.75,1490,8000,1.0,0,0,8,1490,0,1978,0,47.3817,1740,8165,12.524526376648708
3,2.75,1970,2600,2.5,0,0,8,1970,0,1924,1994,47.663,1680,3120,13.567049198665774
3,1.0,1200,7810,1.0,0,0,7,1200,0,1967,0,47.3631,1590,7800,12.384218830913648
3,1.0,1870,2807,1.5,0,0,7,1580,290,1927,0,47.6674,1640,4500,13.279367126213993
3,2.0,1570,7200,1.0,0,0,7,1570,0,1952,0,47.7501,1410,7434,12.721885810807203
3,2.75,2000,7204,1.0,0,0,7,1250,750,1960,0,47.565,2480,17633,13.195613839143922
4,1.75,2000,5100,1.0,0,0,7,1130,870,1949,0,47.6798,1540,5100,13.296316684527767
2,1.0,2240,7200,1.0,0,0,7,1120,1120,1940,0,47.5631,1390,6000,12.983101310070822
4,1.75,2000,3728,1.5,0,0,9,1820,180,1926,0,47.643,1950,3728,14.115615150414612
4,1.75,1860,9364,1.0,0,0,7,1080,780,1953,0,47.731,1800,9364,13.076319438902923
4,2.5,2220,4652,2.0,0,0,7,2220,0,2001,0,47.4902,1840,4500,12.911642346088676
6,3.0,3020,13783,2.0,0,0,8,3020,0,1952,2002,47.5722,1720,13500,13.710150042306449
4,1.75,2220,6731,1.0,0,0,7,1110,1110,1953,0,47.5691,1600,6350,13.475519939088855
4,3.0,2580,6740,2.0,0,0,8,2580,0,1999,0,47.4296,2010,6740,12.793859310432293
3,2.5,1960,6058,2.0,0,0,8,1960,0,2002,0,47.6319,2480,6656,13.235692062711331
4,3.5,2730,5607,1.0,0,0,9,1660,1070,1948,0,47.6387,1720,5400,13.845069360205818
3,2.25,2090,9163,1.0,0,0,7,1460,630,1975,0,47.7334,1960,7713,13.03134397901716
3,2.5,3420,16622,1.0,0,4,10,2410,1010,1991,0,47.5638,3460,14566,13.997832114758229
3,2.5,1480,1590,2.0,0,0,8,1150,330,2010,0,47.5302,1480,5761,12.66032791780777
5,2.5,2200,6250,2.0,0,0,7,2200,0,1996,0,47.3675,1850,6091,12.467956025160314
4,2.5,2990,6037,2.0,0,0,9,2990,0,2013,0,47.4766,2990,5992,13.295460856226304
2,1.0,1250,5650,2.0,0,1,7,1250,0,1943,0,47.5495,1210,5650,13.045482333068371
3,1.75,1120,98445,1.5,0,2,7,1120,0,1917,0,47.1853,1620,34200,12.66349749256905
2,1.75,1180,900,2.0,0,0,10,780,400,2014,0,47.6395,1380,3610,13.40746712884131
4,1.75,1960,8400,1.0,0,0,8,1960,0,1967,0,47.3111,2080,8400,12.468436909997665
4,2.25,2650,8149,1.0,0,0,8,1610,1040,1975,0,47.5624,2290,8019,13.407542319637992
4,2.5,1870,8190,1.0,0,0,7,1100,770,1977,0,47.4521,1590,9150,12.560244459250788
2,1.0,600,6120,1.0,0,0,5,600,0,1943,1989,47.5,1090,6120,11.813030057420567
3,2.75,2600,64626,1.5,0,0,8,2600,0,2009,0,47.7185,1740,64626,12.936033799212835
3,3.0,2840,206910,2.0,0,0,10,2840,0,1999,0,47.469,2070,25067,13.579788224443204
4,2.0,1620,4600,2.0,0,0,7,1620,0,1909,0,47.5533,1620,4500,12.834681304952548
2,2.5,1950,2457,3.0,0,0,8,1950,0,2009,0,47.5925,1650,1639,13.244581010128577
3,3.0,3110,9015,1.0,0,4,10,1590,1520,1980,0,47.6624,3150,11447,14.22097566607244
3,1.0,1130,9147,1.0,0,0,7,1130,0,1952,0,47.7006,1930,9906,12.962194625251508
3,2.5,2400,7745,2.0,0,0,9,2400,0,2001,0,47.6734,2080,8615,13.527828485512494
4,3.0,2710,217800,2.5,0,0,9,2710,0,2006,0,47.2411,2710,217800,13.253391639810733
2,1.75,1460,10500,1.0,0,0,7,1460,0,1980,0,47.4461,1340,9600,12.304333014697693
6,3.75,4210,6105,2.0,0,0,9,3280,930,2008,0,47.5211,3820,6368,13.710150042306449
4,2.5,2060,5950,2.0,0,0,8,2060,0,2000,0,47.3631,2242,6406,12.584509081250419
2,1.5,940,1768,2.0,0,0,7,940,0,2009,0,47.5925,1130,1159,12.800779753276867
5,2.5,2803,8550,1.0,0,0,8,2803,0,1963,2011,47.3032,1810,8550,12.845291484064564
4,2.5,3240,23870,1.0,0,0,9,1840,1400,1972,0,47.7731,2290,13340,13.319573546692034
3,1.5,1370,11400,2.0,0,0,7,1370,0,1980,0,47.4477,1390,9600,12.542544882151386
3,1.0,1030,4700,1.0,0,0,7,1030,0,1952,0,47.5118,1030,4700,12.80765263256463
3,1.75,1610,14000,1.0,0,0,7,1050,560,1977,0,47.3429,1550,10080,12.481808646963554
5,3.5,3931,9497,2.0,0,0,10,2650,1281,2014,0,47.3008,3510,9497,13.017002861746503
3,1.5,1010,10000,1.0,0,0,7,1010,0,1973,0,47.2881,2420,34637,12.26434155365415
5,3.0,2230,8642,1.0,0,0,7,1330,900,2014,0,47.487,2100,11056,12.721736545936414
3,2.0,1720,5525,1.0,0,2,7,960,760,1941,0,47.559,1760,5525,13.122363377404328
3,2.0,1380,4500,1.0,0,0,7,1380,0,2008,0,47.3661,1620,4000,12.524526376648708
2,1.75,1300,14500,1.0,0,0,6,650,650,1939,0,47.4989,1370,12986,12.406970587897064
3,1.75,2020,215622,2.0,0,0,7,2020,0,1975,0,47.4189,1810,215622,13.102160670086809
3,1.0,970,7275,1.0,0,0,7,970,0,1970,0,47.4006,1750,7200,12.2783933071098
3,2.5,1690,1613,2.0,0,0,8,1150,540,2014,0,47.5518,1690,1662,12.865122565609546
4,2.5,2430,5556,2.0,0,0,8,2430,0,2003,0,47.3762,2430,5556,12.851866129706648
3,1.75,1430,11761,1.0,0,0,8,1430,0,1964,0,47.6686,2040,10035,13.044618028779476
2,1.0,750,8125,1.0,0,0,6,750,0,1943,0,47.4727,1340,8750,12.47227568630483
3,2.25,1780,3665,2.0,0,0,8,1780,0,2004,0,47.5495,1770,3669,13.120361374733656
5,3.25,4770,50094,1.0,0,0,11,3070,1700,1973,0,47.6525,3530,38917,13.854731271117556
4,2.25,1770,8505,2.0,0,0,8,1770,0,1986,0,47.6904,1880,8939,13.298834520520108
4,2.5,2750,10159,2.0,0,0,10,2750,0,1991,0,47.5426,3160,10159,13.60787119318603
2,1.0,870,6537,1.0,0,0,6,870,0,1948,0,47.4906,1100,8701,12.043553716032399
4,2.5,2650,6240,2.0,0,0,8,2650,0,2013,0,47.6885,2640,6524,13.461688683007948
4,2.0,1710,8288,1.5,0,0,7,1710,0,1970,0,47.3947,1710,7200,12.259613412458204
4,2.5,2490,4751,2.0,0,0,7,2490,0,2001,0,47.4813,2510,5233,12.793859310432293
2,1.0,720,7250,1.0,0,0,5,720,0,1943,0,47.5267,1760,7250,12.706847933442663
3,2.5,2340,1919,2.0,0,2,9,2340,0,1981,0,47.6512,2415,2166,13.652991628466498
4,2.25,1600,15312,1.0,0,0,7,1080,520,1979,0,47.4629,1620,12375,12.609869696537642
2,2.0,890,5000,1.0,0,0,6,890,0,1917,0,47.5158,1860,5000,12.245052945171057
2,1.5,1750,46173,2.0,0,0,8,1750,0,1964,0,47.7397,2220,42224,13.401509118833824
3,0.75,770,7000,1.0,0,0,4,770,0,1942,0,47.5661,950,10500,12.230765258120545
3,1.0,1220,4800,1.0,0,0,6,1220,0,1901,0,47.6101,1200,4800,12.86099861326992
3,2.25,3100,11985,1.0,0,0,7,1790,1310,1963,0,47.3825,1770,7954,12.619836556453032
4,1.0,1750,68841,1.0,0,0,7,1750,0,1942,0,47.4442,1550,32799,12.682306824526545
4,2.0,1720,2410,1.0,0,0,7,970,750,1930,2006,47.5252,1160,1404,12.834681304952548
4,2.5,2170,9600,1.0,0,0,7,1460,710,1980,0,47.6789,1940,8400,13.217673557208654
3,1.0,1300,9620,1.0,0,0,7,1300,0,1971,0,47.282,1420,9620,12.301155526776865
3,2.5,1900,3366,2.0,0,0,9,1900,0,1996,0,47.6679,2500,3954,13.208541073645382
2,1.0,990,4800,1.0,0,0,6,990,0,1908,0,47.5615,1700,5400,12.409013489526863
2,1.75,1660,6000,1.0,0,0,7,1160,500,1942,0,47.6624,1660,4000,13.089840185698769
3,2.5,1909,1300,3.0,0,0,8,1766,143,2006,0,47.6538,1780,1248,13.35426843438711
4,2.75,3520,19200,1.0,1,4,9,1950,1570,1951,0,47.525,2450,7000,14.32353225439753
3,2.0,1570,4625,1.5,0,0,8,1570,0,1927,0,47.68,1760,4625,13.635187003832993
3,2.5,1540,7280,1.0,0,0,7,1080,460,1974,0,47.3102,1220,6440,12.538967060803502
3,1.75,1070,8000,1.0,0,0,7,1070,0,1977,0,47.6978,1200,7990,12.936033799212835
4,3.0,3720,14125,1.0,0,0,9,1930,1790,1960,0,47.5911,3160,15300,13.681979165339751
3,1.0,1060,10350,1.0,0,0,7,1060,0,1980,0,47.365,1500,9660,12.235631447771718
2,1.0,1140,11480,1.0,0,0,6,1140,0,1907,0,47.5328,1550,8150,13.028052697933088
4,2.75,2250,14149,2.0,0,0,9,2250,0,1992,0,47.7353,2450,14027,13.120361374733656
3,2.0,2260,7200,1.0,0,3,7,1130,1130,1941,0,47.5886,2260,6000,13.539757056377766
3,2.5,3280,6750,2.0,0,1,9,2440,840,2001,0,47.5219,1770,6387,13.527828485512494
4,3.0,3280,4904,2.0,0,0,7,3280,0,2005,0,47.6802,2600,5004,13.361065267634391
3,2.75,1820,7517,1.0,0,0,9,1820,0,1997,0,47.5705,2540,8035,13.58609739363647
2,1.0,1000,10200,1.0,0,0,6,1000,0,1961,0,47.5687,1150,13702,12.269047444691562
4,1.75,1880,4175,1.5,0,0,7,1090,790,1944,0,47.6646,1700,3758,13.073171032371015
3,2.25,2160,15360,1.0,0,0,8,1410,750,1965,2000,47.6232,2180,8480,13.217673557208654
4,2.25,2350,36116,1.0,0,0,9,2350,0,1983,0,47.3533,2580,36116,13.049685151906344
3,1.0,1430,3840,1.0,0,0,7,950,480,1945,0,47.6847,1430,3840,13.053013299269535
3,1.5,1430,11173,1.0,0,0,7,1430,0,1955,0,47.5734,1520,11659,12.84792653170257
3,1.0,1830,13900,1.0,0,0,7,1830,0,1951,0,47.7654,1840,10667,12.955127458028414
3,1.0,1430,12420,1.0,0,0,7,1430,0,1964,0,47.5116,1900,10350,12.449018824140563
5,3.5,2880,5000,2.0,0,0,8,2260,620,2012,0,47.3455,2590,4800,12.947771866672285
3,1.0,1220,9600,1.0,0,0,7,1220,0,1958,0,47.2622,1310,9600,12.257240932104573
4,2.0,2250,4200,1.5,0,0,7,1650,600,1909,0,47.6136,1200,3360,13.415032991367148
2,2.0,970,9750,1.0,0,0,6,970,0,1940,0,47.5073,1850,9000,12.621488084491506
3,1.0,1370,56628,1.0,0,0,7,1370,0,1942,0,47.3058,1768,8702,12.341477282536376
5,2.75,3000,9473,1.0,0,0,8,1500,1500,1966,0,47.6567,2050,8820,13.217673557208654
3,1.75,1620,4200,1.0,0,0,7,830,790,1945,0,47.6743,1580,5000,13.122363377404328
3,2.5,1805,3402,2.0,0,0,7,1805,0,2009,0,47.3521,2095,3402,12.491251587763836
4,2.0,1670,12056,1.0,0,0,7,1670,0,1955,0,47.7418,1860,12056,12.89921982609012
4,2.5,1890,12236,1.0,0,0,7,1230,660,1978,0,47.4491,1390,11360,12.842649474601725
3,1.5,1190,20672,1.5,0,3,7,1190,0,1948,0,47.4459,2150,16239,12.834681304952548
4,2.5,2640,10720,2.0,0,0,8,2640,0,1999,0,47.4485,1680,10018,12.841325847671216
3,1.0,1070,10125,1.0,0,0,7,1070,0,1961,0,47.7012,1540,10200,12.7868906411162
3,3.5,1540,1427,2.0,0,0,7,1360,180,2007,0,47.542,1220,4000,12.286038427168055
2,1.0,1250,5208,1.0,0,0,7,1050,200,1951,0,47.3063,1030,5354,11.918390573078392
2,1.0,890,4730,1.0,0,0,7,890,0,1941,0,47.6876,1330,5904,13.284056966402316
5,2.75,2400,8050,2.0,0,0,8,2400,0,1998,0,47.2635,2400,8050,12.697715449879391
2,2.0,1350,4220,1.0,0,0,8,1350,0,2004,0,47.718,1350,4409,13.081541382884074
2,1.0,1410,4500,1.0,0,0,7,1020,390,1939,0,47.6883,1300,4500,13.304684934198283
3,1.75,1290,8250,1.0,0,0,7,1290,0,1983,0,47.3353,1410,7823,12.301382825334498
3,2.5,2040,15463,1.0,0,0,8,1340,700,1968,0,47.3334,2370,12672,12.206702447163483
4,2.25,2040,7031,2.0,0,0,8,2040,0,2012,0,47.7016,1670,7031,13.415032991367148
3,1.75,1730,6900,1.0,0,0,7,1130,600,1976,0,47.3915,1950,7200,12.611537753638338
4,2.5,2160,8005,2.0,0,0,7,2160,0,1993,0,47.2668,1790,8016,12.301382825334498
3,2.5,1520,9864,1.0,0,0,7,1160,360,1993,0,47.3186,1580,7425,12.388394202324129
4,2.0,1880,14653,2.0,0,0,8,1880,0,1978,0,47.6959,1750,14858,12.917042553500947
4,2.25,2192,12128,2.0,0,0,8,2192,0,2006,0,47.3644,1914,4649,12.644327576461329
4,2.5,3670,7000,2.0,0,0,10,3670,0,2005,0,47.5854,3680,7437,13.617059619240436
4,3.25,1690,1321,2.0,0,0,8,1320,370,2014,0,47.678,3080,4558,13.161564859603466
2,1.0,610,4560,1.0,0,0,5,610,0,1918,0,47.5498,930,1392,12.89921982609012
3,1.75,1150,7700,1.0,0,0,7,1150,0,1957,0,47.6048,1650,8000,12.938320339712034
2,1.0,1100,3500,1.0,0,0,7,1100,0,1908,0,47.6741,2050,4000,13.068962600677214
4,2.5,2560,5428,2.0,0,0,8,2560,0,2012,0,47.3835,2620,5428,12.765688433465597
2,1.0,740,6250,1.0,0,0,6,740,0,1942,0,47.506,980,6957,11.652469992408125
3,2.0,1840,2825,1.0,0,0,7,1040,800,1920,0,47.6428,1820,3750,13.527828485512494
5,2.5,2900,9525,2.0,0,0,9,2900,0,1989,0,47.5442,2910,11854,13.487006490992238
2,2.0,1590,8000,1.0,0,0,7,910,680,1984,0,47.459,1590,8364,12.594730635321957
3,2.5,1920,4480,2.0,0,1,9,1920,0,1949,1997,47.6472,1790,4500,13.82645049800261
3,2.5,2040,13590,2.0,0,0,8,2040,0,2009,0,47.3122,1850,12485,12.765688433465597
4,2.5,2340,52272,2.0,0,0,8,2340,0,1978,0,47.3468,2480,40500,12.577636201962656
2,1.0,1280,7861,1.0,0,0,6,1280,0,1913,0,47.3007,1020,6480,12.180754837545884
4,2.5,3700,7051,2.0,0,0,11,3700,0,2006,0,47.5427,3580,6175,13.764217263576723
4,2.5,2140,7350,2.0,0,0,8,2140,0,1985,0,47.4483,2120,8395,12.80765263256463
4,3.0,3720,15048,3.0,0,0,7,3720,0,1979,2014,47.5116,2020,15180,13.122363377404328
3,2.0,1770,1800,3.0,0,0,8,1770,0,1999,0,47.6102,1890,3200,13.444446876573442
3,2.5,1250,864,3.0,0,0,8,1250,0,2004,0,47.6978,1330,2298,12.774223335915433
3,1.75,1530,825,3.0,0,0,8,1530,0,2015,0,47.5929,1580,1915,13.122363377404328
3,1.75,2210,7920,1.0,0,0,7,1400,810,1966,0,47.4968,2220,7920,12.745485726148077
3,1.5,1370,10115,1.0,0,0,7,1370,0,1957,0,47.2027,1450,9282,12.487296407920908
4,2.5,3510,17400,1.0,0,0,9,1930,1580,1957,0,47.5963,2730,12120,13.744109073811613
3,1.75,1600,14250,1.0,0,0,7,1070,530,1979,0,47.3272,2140,14960,12.665078520566368
3,2.25,1790,7500,1.0,0,0,7,1390,400,1973,0,47.7321,1940,7192,13.028052697933088
4,2.5,3720,105850,2.0,0,0,10,3720,0,1984,0,47.655,2830,88256,13.669328047786193
3,1.75,1890,3825,1.0,0,0,7,1290,600,1974,0,47.6831,1320,3825,13.171058298943088
4,2.75,2720,54048,2.0,0,0,8,2720,0,1985,0,47.7181,2580,37721,13.42984807715229
3,2.25,1950,9600,1.0,0,0,7,1200,750,1987,0,47.2762,1760,8850,12.468436909997665
3,1.0,970,5000,1.0,0,0,6,970,0,1968,0,47.5282,1290,5875,12.328290278254423
3,2.5,2370,3239,2.0,0,0,8,1950,420,2006,0,47.7515,2520,3431,13.071070083016778
3,3.0,1670,4440,1.0,0,0,7,1670,0,2014,0,47.1948,1670,4622,12.41694116596877
4,1.75,2020,6000,1.0,0,0,7,1620,400,1959,0,47.577,1870,4000,12.891691559669328
4,2.25,2350,7210,1.5,0,0,7,2350,0,1972,0,47.7407,1930,7519,13.122363377404328
2,1.0,780,16344,1.0,0,0,5,780,0,1942,0,47.4739,1700,10387,11.26446410567173
3,1.0,1090,22080,1.0,0,0,7,1090,0,1967,0,47.3991,1590,19457,12.496874845318198
4,2.75,2000,5827,2.0,0,0,7,2000,0,1997,0,47.3629,1710,6929,12.371587084007746
3,1.5,1360,885,3.0,0,0,8,1360,0,2008,0,47.6961,1360,1167,12.791077667470416
3,1.5,1380,11130,1.0,0,0,7,1380,0,1960,0,47.3146,1380,9200,12.25462468611234
3,2.5,2730,7372,2.0,0,0,9,2730,0,1998,0,47.2831,2710,8343,12.765688433465597
4,1.5,1370,7944,1.5,0,0,7,1370,0,1961,0,47.4224,1370,9181,12.296827008798639
3,2.5,2140,7641,1.0,0,0,8,1290,850,1979,0,47.5053,2090,8000,12.736553826954605
3,2.0,930,11475,1.0,0,0,7,930,0,1978,0,47.4644,1280,11250,12.449018824140563
3,1.0,1240,5400,1.0,0,0,7,1060,180,1940,0,47.7115,1429,5400,12.779873068457553
4,1.0,1020,42966,1.5,0,0,6,1020,0,1922,0,47.7617,2250,37680,12.206072645530174
3,1.0,1160,10988,1.0,0,0,7,1160,0,1965,0,47.6818,1670,51376,12.793859310432293
2,1.0,930,3200,1.0,0,0,7,930,0,1904,0,47.609,1690,3840,13.122363377404328
3,1.0,1580,3774,1.5,0,0,6,1580,0,1900,0,47.6839,1580,3860,13.049792684569493
5,1.75,2100,7347,1.0,0,0,7,1070,1030,1981,0,47.7751,2170,9418,12.706847933442663
3,1.5,1180,8545,1.0,0,0,8,1180,0,1952,0,47.624,1660,9000,13.612169633946245
2,1.0,670,11505,1.0,0,0,5,670,0,2003,0,47.499,2180,11505,12.873902018105829
3,2.5,1980,13964,1.0,0,0,7,1980,0,1959,0,47.571,2040,13964,13.541073712262515
2,1.0,900,8374,1.0,0,0,7,900,0,1984,0,47.7282,1580,8965,12.691580461311874
3,1.75,2270,11472,1.0,0,0,7,1370,900,1956,0,47.7057,2270,8340,13.37700559577791
3,2.5,2160,6288,2.0,0,0,8,2160,0,1996,0,47.7655,1830,7600,13.217582643985264
3,1.75,1720,5899,1.0,0,1,8,1220,500,1986,0,47.5399,1900,6244,13.149978544437301
4,2.5,2280,7219,2.0,0,0,8,2280,0,1987,0,47.5719,2240,7471,13.347265381733402
2,1.0,1280,5500,1.0,0,0,7,1280,0,1949,0,47.5179,1270,5500,12.388185847286392
3,1.75,1120,10450,1.0,0,0,7,1120,0,1973,0,47.4418,1250,10414,12.092343880201831
5,1.0,1950,6250,1.5,0,0,7,1450,500,1917,0,47.5511,1950,6250,12.989974189358584
4,2.25,2590,12600,2.0,0,0,9,2590,0,1979,0,47.5566,2620,11050,13.541073712262515
3,1.5,1250,4000,1.0,0,0,7,1250,0,1955,0,47.6916,1030,4000,13.021437458814368
2,2.0,1340,4447,1.0,0,0,8,1340,0,2004,0,47.7175,1350,4458,12.850554654108839
3,1.0,1120,8443,1.0,0,0,7,1120,0,1953,0,47.7715,1450,8433,12.80765263256463
3,2.5,1800,3253,2.0,0,0,7,1800,0,2001,0,47.5401,1800,3081,12.611537753638338
5,3.5,3760,10207,2.0,0,0,10,3150,610,1969,0,47.5605,3550,12118,13.813508555293602
3,1.5,1500,10227,1.0,0,0,7,1000,500,1945,0,47.2043,1490,7670,12.45722039325398
3,2.75,2150,6576,1.0,0,0,7,1900,250,1926,0,47.7539,2150,9071,12.644327576461329
3,2.5,1660,1692,3.0,0,0,7,1610,50,2005,0,47.6801,1210,1230,13.312983737012978
3,2.25,2340,6183,1.0,0,0,7,1210,1130,1929,0,47.6979,1970,6183,13.142166004700508
3,2.25,1410,1377,2.0,0,0,7,1290,120,2005,0,47.5342,1445,1370,12.841325847671216
4,1.75,2040,15000,1.0,0,0,7,1360,680,1967,0,47.3107,2310,15000,12.779873068457553
3,2.5,2030,7549,1.0,0,0,8,2030,0,1988,0,47.6187,2040,7130,13.240146413060712
5,1.0,2230,16800,1.5,0,3,7,1700,530,1923,0,47.5161,2730,18400,13.337474757021274
3,2.25,1510,36224,2.0,0,0,8,1510,0,1991,0,47.4616,1730,36224,12.936033799212835
2,1.0,730,6000,1.0,0,0,6,730,0,1950,1985,47.3832,1750,7200,12.072255497795835
3,1.0,1380,12000,1.0,0,0,7,1380,0,1963,0,47.3997,1890,22001,12.611537753638338
2,1.0,1060,5754,1.0,0,0,6,1060,0,1917,0,47.6931,1460,7200,12.887526727499074
5,3.5,3130,4797,2.0,0,0,9,2570,560,2014,0,47.5664,3440,5439,13.67170831455413
2,1.5,1210,1278,2.0,0,0,8,1020,190,2007,0,47.6756,1210,1118,12.934828253557487
4,2.25,4370,22863,2.5,0,3,10,3670,700,1907,1994,47.6878,2980,22863,14.669925886120343
4,2.25,2000,10679,1.0,0,0,7,1350,650,1960,0,47.4238,1650,8875,12.706847933442663
4,2.25,2040,7600,1.0,0,0,8,1580,460,1978,0,47.3169,2130,7200,12.513557345278134
2,2.5,1400,1262,2.0,0,0,8,1160,240,2008,0,47.5342,1060,1524,12.608198852372823
3,2.5,1520,3003,2.0,0,0,7,1520,0,2009,0,47.4876,1820,3030,12.706847933442663
3,1.75,1470,6250,1.0,0,3,7,1070,400,1939,0,47.7394,2630,7050,12.976180867226248
4,2.25,2570,11070,2.0,0,0,8,2570,0,1966,0,47.4507,2210,9600,13.081437210791684
4,2.0,2530,15520,1.0,0,0,8,2220,310,1964,0,47.613,2500,13300,13.60910120564123
4,1.0,2290,6300,1.5,0,4,7,2150,140,1921,0,47.5917,2390,6300,13.623138665316818
3,2.5,1600,9830,2.0,0,0,8,1600,0,1993,0,47.339,1890,8910,12.611371073081239
5,2.5,3370,5092,2.0,0,0,7,3370,0,2006,0,47.3594,2910,5092,12.911642346088676
3,1.0,1330,6900,1.0,0,0,7,1330,0,1976,0,47.3033,1530,7000,12.250089530946948
3,1.75,2020,10031,1.0,0,0,7,1370,650,1952,0,47.7487,1500,8456,13.190022025878143
3,1.0,1220,8573,1.0,0,0,7,1220,0,1954,0,47.6088,1390,8573,13.418013619505286
3,1.0,1580,5000,1.5,0,0,7,1580,0,1926,0,47.684,1280,4000,13.526494262499357
2,1.0,1400,9600,1.5,0,0,6,1400,0,1941,0,47.2113,1230,9600,12.206072645530174
2,1.0,1550,4600,1.0,0,0,7,1050,500,1941,0,47.686,1550,4600,13.226723392728571
3,2.25,2090,10120,1.0,0,0,7,1290,800,1979,0,47.4654,1820,7983,12.733755386362587
2,2.5,2770,7781,2.0,0,0,8,2770,0,2006,0,47.7072,1870,5984,13.534208092476533
4,2.0,1720,4000,1.0,0,0,7,1420,300,1950,0,47.6651,1350,1281,13.217673557208654
4,1.75,2460,5750,1.5,0,3,7,1620,840,1919,0,47.5601,1760,4830,13.422467969854667
4,2.5,2550,4630,2.0,0,0,7,2550,0,2005,0,47.5928,2550,5151,13.194684038983954
3,1.75,2080,12522,1.0,0,0,6,2080,0,1950,0,47.267,1690,11200,12.428816116823043
3,2.25,2210,10794,1.0,0,0,7,1540,670,1967,0,47.4911,2230,10753,13.16158409055761
2,1.75,1210,131115,1.5,0,0,7,1210,0,1950,0,47.4599,2020,185565,13.142166004700508
5,3.5,2640,6895,2.0,0,0,7,2640,0,2001,0,47.5298,2640,5267,13.036805489042683
2,2.25,1530,981,3.0,0,0,8,1480,50,2006,0,47.6533,1530,1282,13.16158409055761
3,2.5,2370,4324,2.0,0,0,8,2370,0,2006,0,47.3515,2370,4348,12.909170156943286
4,2.5,2000,13300,1.0,0,0,7,1200,800,1968,0,47.353,1800,9810,12.577636201962656
4,2.5,2230,3600,2.0,0,0,8,1630,600,1906,0,47.6304,2410,4800,13.818506066944073
5,2.25,2590,7245,1.0,0,0,8,1510,1080,1973,0,47.6398,1930,7245,13.197470849891134
2,2.25,1390,1222,3.0,0,0,7,1340,50,2009,0,47.6754,1480,1369,13.049792684569493
4,2.75,1830,3420,2.0,0,0,8,1830,0,2012,0,47.366,1813,3420,12.505436222755792
4,1.0,1870,4992,1.5,0,0,7,1670,200,1940,0,47.6437,2160,5239,13.500799813124575
4,2.5,3450,17400,1.5,0,0,9,2180,1270,1964,0,47.5969,3770,19530,14.143374420048886
3,1.75,1480,4050,1.0,0,0,7,870,610,1926,0,47.681,1350,4500,12.90495335793788
3,2.5,1610,5024,2.0,0,0,7,1610,0,2004,0,47.3833,1790,3717,12.589632918250288
4,1.75,1830,5375,1.0,0,0,7,1060,770,1962,0,47.4169,1040,7500,12.468436909997665
3,1.75,1700,11613,1.0,0,0,7,1180,520,1977,0,47.2874,1500,12377,12.483514970251763
3,2.5,2520,10175,1.0,0,0,8,1630,890,1979,0,47.5652,2220,8388,13.437174117244362
4,2.25,2350,18600,2.0,0,0,9,2350,0,1977,0,47.7473,2880,14400,13.524489584246979
5,2.75,3160,10059,2.0,0,0,10,1740,1420,1978,0,47.7477,3120,11557,13.199324418540456
5,4.0,4050,11358,2.0,0,0,10,2780,1270,1980,0,47.56,3120,13555,14.068601185646436
2,1.0,1120,6180,1.0,0,0,7,1120,0,1939,0,47.6824,1420,5356,13.210374254727043
4,3.5,3310,21050,2.0,0,0,9,2400,910,1992,0,47.5197,2260,23400,13.45166712454693
4,2.75,2420,7102,1.0,0,0,7,1670,750,1946,0,47.7042,1620,7102,13.407542319637992
5,4.25,5040,9466,2.0,0,0,11,5040,0,2004,0,47.5282,4300,9417,14.065490763232043
4,0.75,1440,13300,1.0,0,0,6,1440,0,1948,0,47.4761,1460,11100,11.867097278690842
5,2.25,2720,8800,1.0,0,0,7,1500,1220,1958,0,47.5976,2110,8800,13.180632285528304
4,1.0,1480,8321,1.0,0,0,7,1080,400,1953,0,47.7629,1580,8502,12.959844447906553
4,1.5,2993,19400,2.0,0,0,7,2233,760,1921,0,47.4692,2060,15100,13.199324418540456
3,1.75,1250,5546,1.0,0,0,7,1250,0,1987,0,47.4725,1640,4791,12.498742259492994
3,2.5,1730,6368,2.0,0,0,7,1730,0,1993,0,47.3505,1780,6597,12.66032791780777
3,1.75,1090,7647,1.0,0,0,7,1090,0,1994,0,47.2613,1660,9219,12.371587084007746
3,1.5,1200,2002,2.0,0,0,8,1200,0,1966,0,47.4659,1270,1848,11.84939770159144
3,1.0,1470,7350,1.0,0,0,7,1470,0,1969,0,47.3616,1720,8050,12.388394202324129
4,1.5,2130,8800,1.0,0,0,7,1100,1030,1962,0,47.383,1480,8120,12.468436909997665
4,2.25,2330,7220,2.0,0,1,8,1600,730,1988,0,47.7764,2220,9100,13.38472764187182
4,1.0,1740,37238,1.5,0,0,7,1740,0,1932,0,47.5651,1810,18352,13.060487973686241
3,1.5,1160,1031,3.0,0,0,8,1160,0,2008,0,47.6538,1268,1688,13.036805489042683
3,2.5,1660,1091,3.0,0,1,9,1530,130,2015,0,47.5818,1510,1352,13.500114646944978
3,2.25,2640,7544,1.0,0,0,10,2640,0,1995,0,47.6224,2650,7904,14.01436141670944
5,2.0,1210,12538,2.0,0,0,7,1210,0,1982,0,47.2848,1510,7700,12.345834587905333
3,1.0,1260,10900,1.0,0,0,6,1260,0,1943,0,47.491,1090,8137,12.154779351142624
4,2.5,2880,35610,1.0,0,0,10,2880,0,1989,0,47.6911,3460,35610,13.64709190633931
3,2.5,3060,9576,2.0,0,0,10,3060,0,2005,0,47.5928,3060,9579,14.051783539850701
5,2.25,2800,8442,2.0,1,4,9,2800,0,1963,2001,47.5784,3220,9156,14.430696197054507
3,2.5,2430,5867,2.0,0,0,7,2430,0,2011,0,47.5162,2620,5866,13.091904169919621
3,2.5,2300,9752,2.0,0,2,8,2300,0,1968,2003,47.5825,2640,10764,13.547631112808673
5,3.25,3800,15500,1.0,0,0,7,2490,1310,1965,0,47.3862,2000,13980,12.84792653170257
3,1.75,2390,6000,1.0,0,0,6,1240,1150,1908,0,47.5362,2020,6000,12.911642346088676
3,2.0,1420,4080,1.5,0,0,7,1420,0,1905,2013,47.6872,1420,4590,13.091904169919621
3,1.75,4060,136290,1.0,0,0,8,2810,1250,1995,0,47.4843,1300,51836,13.484224848030362
4,2.25,1850,2340,2.5,0,0,8,1850,0,2014,0,47.543,1850,2340,13.115942809601407
2,1.0,1050,8220,1.0,0,0,6,780,270,1947,0,47.7598,1340,7651,12.644327576461329
3,2.0,1780,5720,1.0,0,0,7,980,800,1925,0,47.6794,1620,5050,13.42984807715229
3,2.0,1470,7694,1.0,0,0,7,1470,0,1992,0,47.3539,1580,7480,12.445089546000673
3,1.0,1480,6750,1.0,0,0,7,1480,0,1958,0,47.505,1480,7594,12.429216196844383
3,2.5,2070,12708,2.0,0,0,8,2070,0,1996,0,47.5295,2620,9617,13.235692062711331
3,1.5,1570,6700,1.0,0,0,7,1570,0,1956,0,47.6022,1570,7300,12.945626198904275
4,3.0,2530,5625,1.0,0,0,8,1470,1060,1976,0,47.7094,1840,7070,13.345506928718539
4,2.5,3470,20445,2.0,0,0,10,3470,0,1963,0,47.547,3360,21950,13.80949248563871
3,1.0,1130,7014,1.0,0,0,7,1130,0,1954,0,47.4743,1440,9350,12.230765258120545
4,3.5,2780,3100,2.0,0,0,8,2120,660,2014,0,47.6886,1740,3600,13.676248490630767
3,1.75,1660,8160,1.0,0,0,7,1660,0,1951,0,47.4608,1490,8100,12.66032791780777
3,1.75,2870,26500,1.5,0,1,8,2870,0,1948,1981,47.4485,2420,20500,13.17115354157376
3,1.75,1450,61419,1.0,0,0,8,1450,0,1976,0,47.3343,2256,82328,12.80765263256463
4,2.5,2570,7980,2.0,0,0,9,2570,0,1998,0,47.6378,2760,6866,13.480037821676145
3,1.0,1020,6120,1.0,0,0,7,1020,0,1941,0,47.6787,2370,6695,13.091904169919621
2,0.75,1040,4000,1.0,0,0,7,930,110,1909,0,47.6489,1700,4800,13.217673557208654
3,2.5,1650,3436,2.0,0,0,7,1650,0,2003,0,47.6819,1680,3446,13.091904169919621
3,2.5,2430,7857,2.0,0,0,8,1730,700,1980,0,47.4546,2160,8740,12.791077667470416
5,1.75,2320,7700,1.0,0,0,7,1290,1030,1962,0,47.3426,1740,7210,12.429216196844383
3,3.0,2270,5175,2.0,0,0,9,2130,140,2002,0,47.516,2850,5661,13.369223455335854
4,2.5,1680,3000,2.0,0,0,7,1680,0,2003,0,47.494,1420,5500,12.579358855274103
3,1.5,2390,32109,1.0,0,0,7,2390,0,1975,2007,47.3028,1370,32109,12.89921982609012
3,1.75,1620,5000,1.0,0,0,7,920,700,1954,0,47.681,1610,5000,13.149978544437301
3,1.0,1640,6516,1.5,0,0,7,1440,200,1935,0,47.6693,1770,4000,13.527828485512494
3,1.75,2410,35236,1.0,0,0,8,2410,0,1980,2001,47.7651,2110,16980,13.337474757021274
4,2.5,1820,11325,1.0,0,0,8,1390,430,1976,0,47.4574,1990,10802,12.791077667470416
4,2.0,3090,87120,1.0,0,0,7,1590,1500,1974,0,47.7275,2560,88426,13.296316684527767
3,2.0,1990,3000,1.5,0,0,7,1230,760,1908,1970,47.6272,1600,4080,13.251635713108469
3,2.25,2250,8000,1.0,0,0,8,1460,790,1976,0,47.7229,1930,9000,13.038764353528014
3,1.75,1480,6592,1.0,0,0,7,1080,400,1978,0,47.2982,1660,7150,12.367340793126296
3,2.5,2010,5399,2.0,0,0,7,2010,0,2006,0,47.3338,2280,5141,12.54966234992025
4,2.5,2360,43088,2.0,0,0,8,2360,0,1977,0,47.7661,2850,39216,13.203253725729002
3,2.5,1790,3078,2.0,0,0,8,1790,0,2010,0,47.5638,1890,3078,13.180632285528304
2,1.5,1220,8409,1.0,0,0,6,1220,0,1948,0,47.7534,1130,8409,12.668233097314884
6,8.0,12050,27600,2.5,0,3,13,8570,3480,1910,1987,47.6298,3940,8800,15.856730886823913
3,2.0,2700,6120,1.0,0,0,8,1350,1350,1962,0,47.6731,1700,4590,13.721199878493033
3,2.0,1410,5760,1.0,0,0,7,1410,0,1985,0,47.3702,1670,6222,12.409013489526863
7,6.75,7480,41664,2.0,0,2,11,5080,2400,1953,0,47.4643,2810,33190,13.592367006650065
3,1.0,1320,5750,1.5,0,0,7,1320,0,1913,0,47.5288,1010,5700,12.538967060803502
2,2.0,1730,4248,2.0,0,0,7,1730,0,1905,0,47.5933,1380,4000,13.017002861746503
3,1.5,1390,5040,1.0,0,0,7,1090,300,1947,0,47.6611,1910,4800,13.286181462633724
2,1.0,1770,5522,1.5,0,0,7,960,810,1943,0,47.4974,1830,7378,12.400816722322686
4,2.0,2350,9329,2.0,0,0,8,2350,0,1977,0,47.583,1640,9403,13.398478813484644
3,1.75,1080,7942,1.0,0,0,7,1080,0,1981,0,47.3141,1380,8244,11.652687407345388
3,3.25,1876,1531,3.0,0,0,9,1876,0,2009,0,47.6864,1876,1533,13.326935543133104
4,2.25,1580,7307,1.0,0,0,8,1160,420,1973,0,47.569,2020,7458,13.17115354157376
3,2.0,1300,9334,1.0,0,0,7,1300,0,1981,0,47.4865,2210,9636,12.458774999085929
3,2.25,2240,6450,1.0,0,0,7,1440,800,1979,0,47.7034,1390,6450,13.1749558275235
3,1.75,1650,5100,1.0,0,0,7,1040,610,1908,0,47.6873,1540,5100,13.304684934198283
4,3.25,2980,7000,2.0,0,3,10,2140,840,1900,2014,47.5933,2200,4800,14.151982794585487
2,1.0,1160,5395,1.0,0,0,7,860,300,1940,0,47.7007,1664,5363,12.765688433465597
4,2.25,2580,7344,2.0,0,0,8,2580,0,1977,0,47.5647,2390,7507,13.284482226880764
5,2.75,2740,5616,1.5,0,0,7,1670,1070,1925,0,47.6866,1600,4592,13.312983737012978
3,1.0,1570,9136,1.0,0,0,7,1570,0,1953,0,47.7688,1380,9127,12.706847933442663
3,1.75,2340,5668,1.0,0,0,6,1200,1140,1941,0,47.5588,860,4800,12.889169490236618
3,1.75,2010,6150,2.0,0,0,7,2010,0,1939,0,47.4975,1770,7380,12.765688433465597
3,1.0,1230,171190,1.0,0,0,7,1230,0,1973,0,47.4397,1550,15450,12.524526376648708
2,1.0,960,6250,1.0,0,0,6,740,220,1940,0,47.5378,1090,6000,12.983101310070822
5,2.25,2830,7738,2.0,0,0,8,2830,0,1977,0,47.5582,2300,9840,13.565766324852886
4,2.5,2880,8833,2.0,0,0,7,2880,0,2006,0,47.5388,2570,5234,13.19188944005294
4,2.5,3830,11972,1.0,1,4,11,2370,1460,1981,0,47.7404,3080,12297,14.430696197054507
3,2.25,1350,980,2.0,0,0,8,1050,300,2007,0,47.5998,1350,1245,12.892950213076524
4,2.0,1790,14690,1.0,0,1,7,1670,120,1960,0,47.3965,2440,10664,12.388394202324129
3,2.5,2120,3757,2.0,0,0,7,2120,0,2006,0,47.4787,2230,4103,12.89921982609012
4,2.5,2200,9099,2.0,0,0,8,2200,0,1994,0,47.733,2270,8900,13.279367126213993
3,2.5,1760,1472,3.0,0,0,8,1640,120,2006,0,47.6473,1760,5400,13.317930160948304
3,1.75,1540,7490,1.0,0,0,7,1540,0,1971,0,47.7222,1270,7350,13.017002861746503
4,2.5,2850,37522,2.0,0,0,9,2850,0,1987,0,47.5852,2980,35280,13.37700559577791
2,1.0,770,2971,1.0,0,2,7,770,0,1923,0,47.6358,1440,4000,12.917796211663054
4,3.25,4830,22257,2.0,1,4,11,4830,0,1990,0,47.6409,3820,25582,15.107741461798254
3,1.0,1790,6120,1.0,0,0,6,1790,0,1937,1964,47.508,830,6120,12.618513367374764
3,2.0,1760,9732,1.0,0,0,7,1760,0,1996,0,47.1923,1910,9231,12.660169175050076
2,1.0,1140,3990,1.0,0,0,7,1140,0,1924,0,47.6554,1800,5700,13.45166712454693
5,3.25,4020,4500,2.0,0,0,9,3120,900,2010,0,47.6349,3550,5775,14.16546295614218
4,3.25,4690,14930,2.0,0,2,10,3680,1010,1995,0,47.7718,2910,13320,13.304684934198283
3,2.5,1980,4500,2.0,0,0,7,1980,0,2012,0,47.3682,1980,4500,12.6690201890517
2,1.0,1140,7200,1.0,0,0,6,1140,0,1923,1951,47.5265,1110,7200,12.528156144699286
3,1.75,2330,14892,1.0,0,0,8,1970,360,1980,0,47.6267,2570,14217,13.285332205682469
4,1.75,1840,7275,1.0,0,0,7,1090,750,1976,0,47.4002,1840,7275,12.538967060803502
3,1.75,2520,4534,1.0,0,0,9,1460,1060,1954,0,47.6381,1870,5023,13.651814465293484
4,2.5,2575,4725,2.0,0,0,8,2575,0,2011,0,47.3058,2575,5323,12.791077667470416
4,2.25,2120,3794,2.0,0,0,7,1420,700,1926,0,47.6893,1420,3840,13.487239797107582
3,2.75,1900,8200,2.0,0,0,7,1900,0,1984,0,47.402,1620,8200,12.65714826489039
4,1.75,1580,3635,1.0,0,0,7,790,790,1910,0,47.6795,1190,3638,13.193753373491
3,2.5,1980,6922,2.0,0,0,8,1980,0,1991,0,47.396,2090,7697,12.821258284620408
4,2.5,2963,5797,2.0,0,0,9,2963,0,2006,0,47.3831,2665,6119,12.691580461311874
3,1.0,1300,7975,1.0,0,0,7,1300,0,1958,0,47.611,1570,9075,12.936033799212835
5,4.5,6085,142725,3.0,0,0,11,6085,0,2000,0,47.6085,4830,128457,14.291744736960645
4,2.25,2100,8050,2.0,0,0,8,2100,0,1978,0,47.4391,2190,7700,12.554967402149943
2,1.0,1640,17335,1.0,0,0,7,840,800,1978,0,47.6397,2440,17850,12.84660987581782
4,3.5,3210,5000,3.0,0,0,9,3210,0,2014,0,47.5203,1360,5000,13.697852514496041
5,3.25,4230,10260,2.0,0,0,10,3860,370,1996,0,47.5503,2980,10997,13.650282078596497
3,2.0,2020,8555,1.0,0,0,7,1220,800,1957,0,47.7278,1600,8148,13.034624463096321
3,1.0,2120,31564,1.0,0,0,7,1220,900,1942,0,47.4938,1790,11571,12.206072645530174
4,4.75,3970,9778,2.0,0,2,11,3390,580,1928,0,47.6312,3970,8460,14.648419680899378
1,1.5,1010,5750,1.0,0,0,7,1010,0,1911,1948,47.5411,1230,5750,12.92391243868049
4,2.5,2780,6369,1.0,0,0,8,1590,1190,1978,0,47.7284,2170,7490,13.132313708257497
3,1.0,1790,5250,1.0,0,0,7,1400,390,1943,0,47.6627,1790,5250,13.309672475709322
3,1.0,1020,6000,1.0,0,0,5,1020,0,1900,0,47.5281,2070,7200,12.254862809699606
3,1.75,1280,10016,1.0,0,0,7,1280,0,1975,0,47.2823,1670,9764,12.2783933071098
2,1.0,670,4640,1.0,0,0,6,670,0,1943,0,47.53,870,4501,12.429216196844383
3,2.75,2360,16117,1.0,0,0,8,1710,650,1983,0,47.5698,2120,16117,13.446039810079485
3,1.75,1940,7500,1.5,0,0,8,1940,0,1918,1985,47.2062,1650,7500,12.594730635321957
4,2.5,2600,7200,2.0,0,0,7,2600,0,1962,2002,47.6944,1790,6175,13.44661843008695
5,2.25,3120,10400,2.0,0,0,8,3120,0,1980,0,47.3097,2160,8267,12.741102957992982
4,1.0,1410,6000,1.0,0,0,7,810,600,1925,0,47.566,1500,4800,12.931202871943169
4,2.75,2060,7350,1.0,0,0,7,1210,850,1978,0,47.3424,1940,7420,12.524526376648708
4,2.0,2380,10800,2.0,0,2,8,2380,0,1925,0,47.5682,2112,6600,13.658856747918897
3,1.5,2390,23522,1.0,0,0,7,1890,500,1938,1968,47.4754,2430,23958,12.429216196844383
5,4.5,4600,7810,2.0,0,0,9,3200,1400,2006,0,47.5381,4480,6324,13.5985975564007
3,1.0,980,12812,1.0,0,0,7,980,0,1956,0,47.4892,1430,8986,12.292250341771226
4,3.5,2970,5000,2.0,0,2,9,2200,770,2001,0,47.6772,1470,4560,13.67256354864434
2,1.5,1070,937,3.0,0,0,8,1070,0,2003,0,47.6761,1100,3200,12.765688433465597
3,1.75,1070,8030,1.0,0,0,7,1070,0,1966,2014,47.67,1540,7875,13.203021280421783
3,1.5,1540,7200,1.0,0,0,7,1540,0,1968,0,47.7357,1560,7500,12.996800154428984
3,2.0,1710,7920,1.0,0,0,8,1260,450,1968,0,47.3473,1760,8120,12.375815420117268
3,2.75,1710,3600,1.0,0,0,7,1590,120,1909,0,47.642,1710,3600,13.262125319779487
3,2.5,1610,6732,2.0,0,0,7,1610,0,1994,0,47.3658,1680,7414,12.254862809699606
3,2.5,2260,74297,2.0,0,0,9,2260,0,1992,0,47.2704,3110,98000,12.94371506597667
4,3.5,2770,8763,2.0,0,0,8,2100,670,1996,0,47.2625,2030,7242,12.791077667470416
3,1.75,2050,16313,1.0,0,0,8,2050,0,1973,0,47.5743,3180,10264,13.34230179776959
4,2.5,1820,20011,2.0,0,0,8,1820,0,1987,0,47.5842,2710,33915,13.296316684527767
3,2.0,2330,26571,2.5,0,0,8,2330,0,1987,0,47.6009,2030,20037,13.180632285528304
3,2.5,2095,3438,2.0,0,0,7,2095,0,2008,0,47.3523,1805,3402,12.58621994565405
4,1.75,1760,7300,1.0,0,0,7,880,880,1956,0,47.6034,1680,7500,12.84792653170257
3,2.25,2680,175982,1.0,0,0,9,2680,0,2004,0,47.4487,3170,215186,13.36138027787483
2,1.75,1410,1005,1.5,0,0,9,900,510,2011,0,47.5446,1440,1188,12.89896979483491
4,2.25,2330,11400,1.0,0,0,8,2330,0,1974,0,47.4495,2640,10200,12.834681304952548
5,2.5,1690,2402,1.5,0,0,7,990,700,1930,0,47.6903,1200,4005,13.151922179645874
3,1.5,2120,4370,1.5,0,0,8,2120,0,1904,0,47.606,1960,5120,13.505582876565173
3,2.25,2010,11817,2.0,0,0,8,2010,0,1986,0,47.5665,2190,10168,13.180632285528304
3,1.0,1700,4165,1.5,0,0,7,1700,0,1918,0,47.5569,1400,4165,13.055154627710879
4,2.5,2540,6491,2.0,0,0,8,2540,0,1997,0,47.6363,1990,8447,13.527828485512494
4,2.0,1780,7350,1.0,0,0,7,900,880,1974,0,47.4562,1480,7350,12.671377753994355
4,3.0,1670,1189,3.0,0,0,8,1427,243,2000,0,47.6182,1700,1401,13.274225726713574
4,2.0,1370,4000,2.0,0,0,9,1370,0,1951,1994,47.6593,2010,5720,13.312990348561371
3,2.25,1570,8410,1.0,0,0,7,1180,390,1991,0,47.1942,1540,8410,12.437184366493561
3,2.5,2640,6715,2.0,0,0,8,1680,960,1991,0,47.441,2260,7373,12.80765263256463
3,1.0,1000,12070,1.0,0,0,7,1000,0,1968,0,47.3621,1010,12635,12.225875272826354
2,1.0,1160,6000,1.0,0,0,7,860,300,1942,0,47.69,1330,6000,13.056223574899784
4,2.5,2350,5100,2.0,0,0,8,2350,0,2003,0,47.3507,2190,5100,12.899094818276968
4,2.25,2810,8560,1.0,0,0,8,1610,1200,1979,0,47.4437,2400,7600,12.863592648446968
3,2.25,2860,8458,2.0,0,0,7,2860,0,1983,0,47.4269,1760,8458,12.80765263256463
4,1.0,1280,8316,1.0,0,0,6,1280,0,1950,0,47.4989,1310,7830,12.384218830913648
3,2.75,3860,12786,2.0,0,0,10,3860,0,1984,0,47.549,2820,14636,13.713477832399123
2,2.5,3090,47044,1.0,0,0,10,2250,840,1979,0,47.4291,1860,62829,13.308842944346948
3,1.5,1140,8340,1.0,0,0,7,1140,0,1960,0,47.4773,1140,8340,12.206072645530174
3,1.0,1190,8820,1.0,0,0,6,1190,0,1959,0,47.4616,1230,7980,12.0254496453718
3,1.0,2000,22500,1.0,0,0,7,1680,320,1939,0,47.711,2000,10000,13.17115354157376
3,2.5,3090,7708,2.0,0,0,10,3090,0,1999,0,47.6868,3140,8592,13.620103761621664
3,3.5,3840,53696,2.0,0,0,9,3840,0,1996,0,47.7322,3810,35181,13.785051350479566
3,2.5,1670,8023,1.0,0,0,7,1170,500,1960,0,47.615,1960,8964,13.453104939316557
3,2.5,1720,1715,2.0,0,0,7,1240,480,2004,0,47.5481,1610,1626,12.894207284266574
4,1.75,1570,18730,1.0,0,0,7,1200,370,1960,0,47.3999,1920,18295,12.387977448827787
2,1.0,750,5026,1.0,0,0,6,750,0,1942,0,47.5368,1260,5040,12.58621994565405
3,2.75,1100,750,2.0,0,0,7,780,320,2008,0,47.5601,1170,4800,12.56374708980199
2,1.0,1020,8155,1.0,0,0,7,1020,0,1948,0,47.7257,1430,8157,12.911642346088676
2,1.0,1320,24319,1.0,0,0,7,1320,0,1966,0,47.4741,1430,98445,12.388394202324129
4,2.5,3000,5471,2.0,0,0,8,3000,0,2013,0,47.4797,2730,5471,13.199324418540456
4,2.5,2009,4800,2.0,0,0,8,2009,0,2012,0,47.2586,1798,4800,12.538967060803502
2,1.0,1080,4000,1.0,0,0,7,1080,0,1940,0,47.6902,1530,4240,13.681922020849893
3,1.75,1700,5750,1.5,0,2,7,1450,250,1925,0,47.5643,1700,5750,13.208541073645382
3,2.5,2490,4000,2.0,0,0,8,1670,820,1918,0,47.6403,2310,4000,13.950915194970477
4,3.5,4680,9700,2.0,0,0,10,3360,1320,2005,0,47.5703,2800,12343,13.963930563082547
3,2.5,2390,6263,2.0,0,0,9,2390,0,2003,0,47.7379,2390,11761,13.190022025878143
3,1.75,1980,7000,1.0,0,0,8,1360,620,1977,0,47.4442,1880,7200,12.70381302974751
3,2.0,1060,5750,1.0,0,0,7,1060,0,1981,0,47.5523,1080,5750,12.66032791780777
2,1.0,1150,5000,1.0,0,0,7,1050,100,1924,0,47.6846,1463,4320,13.221303325259232
3,1.75,1820,22320,1.0,0,0,7,1250,570,1977,0,47.6441,2030,22320,12.948009990259552
3,3.0,1520,1800,3.0,0,0,7,1520,0,2003,0,47.6822,1520,1500,13.304684934198283
3,2.0,1170,7258,1.0,0,0,7,1170,0,1984,0,47.3333,1410,7750,12.429216196844383
5,2.75,2130,5000,1.0,0,0,7,1100,1030,1978,0,47.5271,1340,6837,12.774223335915433
3,1.0,1800,7200,1.0,0,0,7,1020,780,1964,0,47.5616,1740,5475,13.122363377404328
5,2.5,2430,4781,2.0,0,0,9,2430,0,2001,0,47.4487,2420,4770,12.911642346088676
4,3.0,2500,6278,2.0,0,0,9,2500,0,2002,0,47.3325,2700,7200,12.886641043883259
4,3.5,4640,9827,2.0,0,2,10,3210,1430,2007,0,47.5524,3810,8207,14.11413257045439
5,2.75,2500,7140,1.0,0,0,7,1250,1250,1968,0,47.6225,2230,8400,13.180632285528304
4,3.0,3690,9892,2.0,0,0,10,3690,0,1998,0,47.5937,3430,11294,13.670484785914017
3,1.75,1880,108900,1.0,0,0,7,1880,0,1978,0,47.5913,2730,37731,13.507625778194974
3,2.5,2099,4275,2.0,0,0,7,2099,0,2010,0,47.3521,2099,4275,12.577463773304586
3,1.0,1470,6500,1.0,0,0,7,1470,0,1953,0,47.473,1470,9300,12.92391243868049
3,1.5,2080,5000,1.0,0,0,7,1300,780,1963,0,47.5322,1860,5000,12.948009990259552
3,1.0,1000,19969,1.0,0,0,7,1000,0,1951,0,47.6745,1370,7962,13.493926933836812
3,2.75,2470,10125,2.0,0,0,8,2470,0,1960,2012,47.5651,2290,10125,13.785566681591202
4,2.25,1330,8400,1.5,0,0,8,1330,0,1962,0,47.6078,2270,10146,13.199324418540456
4,2.5,2330,4907,2.0,0,0,7,2330,0,2013,0,47.359,2300,3836,12.729320789294722
3,1.75,1990,9594,1.0,0,0,8,1190,800,1977,0,47.6617,1930,9765,13.137251989898079
4,3.5,2770,24140,2.0,0,0,8,2770,0,1967,0,47.6585,1720,16011,13.217673557208654
3,2.5,1970,4036,2.0,0,0,7,1970,0,2003,0,47.5335,1960,5020,12.976180867226248
4,2.75,2240,7200,1.0,0,0,7,1140,1100,1967,0,47.3357,1580,7416,12.468436909997665
3,2.25,1920,9680,1.0,0,0,7,1300,620,1961,0,47.412,1500,9516,12.468436909997665
3,2.5,1710,1664,2.0,0,0,8,1300,410,2003,0,47.6456,1470,5400,13.180630398734072
3,2.25,2220,10530,1.0,0,0,8,1700,520,1974,0,47.6383,2500,10014,13.513053199930338
4,1.75,1680,19405,1.0,0,0,7,1560,120,1959,0,47.4552,2000,12900,12.524526376648708
5,1.75,2640,13290,1.0,1,4,8,1400,1240,1954,0,47.5022,2400,11942,13.527828485512494
3,1.0,1220,8040,1.5,0,0,7,1220,0,1965,0,47.7133,1360,8040,13.054084536651034
3,1.75,2910,37461,1.0,0,0,7,1530,1380,1967,0,47.7015,2520,18295,13.253391639810733
2,1.0,820,10270,1.0,0,0,7,820,0,1954,0,47.5119,1670,10086,11.918390573078392
3,2.25,1650,10000,2.0,0,0,7,1650,0,1988,0,47.3862,1420,10000,12.494067169164
4,2.5,1970,5190,2.0,0,0,7,1970,0,2002,0,47.515,1840,5564,12.66032791780777
2,1.0,1110,6800,1.0,0,0,7,1000,110,1947,0,47.7184,1410,6963,12.994870856889053
3,1.75,1870,8400,1.0,0,0,7,990,880,1977,0,47.454,1750,8400,12.661913960963405
3,1.75,2640,8000,1.0,0,3,9,1320,1320,1960,0,47.5826,2740,6000,13.840203170554645
3,2.5,3680,203860,1.5,0,0,9,3680,0,1994,0,47.6903,2410,144183,13.534473028231162
3,1.75,1820,78408,1.0,0,0,6,1220,600,1950,0,47.3364,1340,78408,12.644111424069825
3,2.5,1700,6396,2.0,0,0,7,1700,0,2003,0,47.5333,1700,4444,12.873773804758644
3,2.75,2750,18029,1.0,0,2,9,1810,940,1978,0,47.5617,2850,10021,13.764217263576723
3,2.0,1730,9000,1.0,0,0,8,1370,360,1978,0,47.5202,2390,10000,12.971540487669746
3,2.5,1370,9253,1.0,0,0,7,1090,280,1994,0,47.3717,1470,9253,12.570715759118084
4,2.5,2250,3916,2.0,0,0,8,2250,0,2014,0,47.3413,2156,3920,12.71736815888076
3,2.5,2000,4500,2.0,0,0,7,2000,0,2010,0,47.4937,2230,4501,12.94084150078094
4,3.75,2930,3200,1.5,0,0,9,2130,800,1925,0,47.643,1900,4320,13.9108207377686
4,2.25,2860,10702,2.0,0,0,10,2860,0,1982,0,47.6451,2890,10572,13.997832114758229
2,1.0,700,3180,1.0,0,0,6,480,220,1951,0,47.4976,1760,6360,11.694413341015606
3,1.75,1740,6800,1.5,0,0,7,1740,0,1949,0,47.5314,990,6800,13.017002861746503
3,2.5,1770,3744,1.5,0,0,7,1270,500,1929,0,47.6807,1400,4680,13.373903113634826
3,1.0,1310,5000,1.5,0,0,7,1310,0,1906,0,47.6624,1530,4800,13.304684934198283
3,2.5,1740,3043,2.0,0,0,7,1740,0,2012,0,47.744,1920,2869,13.010313873595706
3,2.5,1800,3265,2.0,0,0,8,1800,0,2014,0,47.5338,1800,3663,12.989330146390989
3,1.75,1430,8865,1.0,0,0,7,1430,0,1950,0,47.7331,1250,8154,12.706847933442663
2,1.5,1110,118047,1.0,0,0,7,1110,0,1961,0,47.7467,2970,43500,13.345506928718539
2,1.5,1960,6000,1.0,0,0,8,1210,750,1951,0,47.6849,2060,6000,13.430142151555232
2,0.75,760,33801,1.0,0,0,4,760,0,1931,0,47.4703,1100,39504,12.771386454580234
4,2.5,3690,11468,2.0,0,0,11,3690,0,1987,0,47.5699,3370,10751,13.710150042306449
3,2.25,1720,4000,1.5,0,0,7,1450,270,1921,0,47.6683,1410,4000,13.337474757021274
4,3.5,2640,5900,2.0,0,2,8,2640,0,1937,1998,47.5421,1700,5900,13.652991628466498
6,3.0,3840,14040,1.5,0,3,8,2460,1380,1949,0,47.506,2170,6765,13.324487561494463
2,1.0,1210,5600,1.5,0,0,7,1210,0,1922,0,47.5322,1400,5028,12.904207367601158
4,2.25,2510,4090,2.0,0,0,8,1840,670,2012,0,47.7345,2070,4090,12.92391243868049
3,2.0,1600,7350,1.0,0,0,7,1600,0,1979,0,47.6977,1600,7200,13.038981768465277
4,2.25,2120,9921,2.0,0,0,8,2120,0,1981,0,47.5593,1890,7845,13.592367006650065
3,2.75,2720,31314,3.0,0,2,8,2720,0,1986,0,47.3689,2290,15188,13.028052697933088
4,2.25,2130,8640,1.0,0,0,7,1430,700,1969,0,47.7087,2120,8826,13.180632285528304
3,2.0,1490,8371,1.5,0,0,7,1490,0,1984,0,47.3962,1350,7846,12.449018824140563
3,2.5,2660,206480,1.0,0,0,8,2660,0,1989,0,47.6042,2660,206736,13.286181462633724
4,1.75,2170,5750,1.0,0,2,7,1370,800,1975,0,47.5668,1450,5750,13.284482226880764
2,2.25,1320,1034,3.0,0,0,7,1320,0,1996,0,47.7039,1330,1206,12.624782980388359
3,1.5,1950,1963,3.0,0,0,8,1950,0,2002,0,47.6904,1590,2028,13.180632285528304
5,2.5,2500,9583,1.0,0,0,7,1300,1200,1979,0,47.3946,2120,19352,12.367340793126296
4,3.0,2680,15438,2.0,0,2,8,2680,0,1902,1956,47.6109,4480,14406,13.963930563082547
3,1.5,1560,8314,1.0,0,0,7,1560,0,1962,0,47.4117,1820,8925,12.519056900844173
4,1.0,1420,6000,1.5,0,0,7,1420,0,1950,0,47.6844,1420,6180,13.071070083016778
3,1.0,1510,6083,1.0,0,0,6,860,650,1940,0,47.6966,1510,5712,12.656989016542255
2,1.5,1068,1158,2.0,0,0,7,1068,0,1990,0,47.753,1078,1278,12.240474072247506
3,1.0,1230,8114,1.0,0,0,7,1230,0,1951,0,47.5822,2220,8114,13.316284070041636
3,3.25,2610,4500,1.5,0,0,9,1660,950,1909,0,47.6701,2110,4500,13.737549016494562
3,1.0,1290,4720,1.0,0,0,6,790,500,1948,0,47.5186,1110,4720,12.4529327234617
3,3.5,1740,1975,2.0,0,3,8,1310,430,1998,0,47.6085,1740,1975,13.369223455335854
2,1.0,800,4533,1.0,0,0,6,600,200,1929,0,47.6979,1720,6800,12.706847933442663
3,2.5,1660,8125,1.0,0,0,7,1150,510,1999,0,47.4373,1250,8125,12.594730635321957
3,1.75,1820,3140,2.0,0,0,8,1820,0,1949,1990,47.5271,2030,5499,13.274225726713574
3,1.75,1600,10280,1.0,0,0,7,1050,550,1977,0,47.725,1590,8100,13.00019574343012
3,1.0,1540,3399,1.5,0,0,7,1200,340,1926,0,47.6853,1500,3914,13.180820946975897
3,2.5,1920,7229,2.0,0,0,8,1920,0,1993,0,47.2659,2310,8009,12.594730635321957
2,1.0,770,9715,1.0,0,0,6,770,0,1942,0,47.4924,1140,9715,12.287652632522597
5,3.25,4590,12793,2.0,0,2,11,3590,1000,1928,0,47.6453,2920,8609,14.843342664571336
3,2.5,1660,10763,2.0,0,0,7,1660,0,1994,0,47.3812,2010,7983,12.66032791780777
3,2.5,2170,1984,2.5,0,0,8,2170,0,2008,0,47.5401,2150,1984,13.37700559577791
3,2.5,3370,36218,2.0,0,0,9,3370,0,1988,0,47.5855,2980,31793,13.458764182902971
3,2.5,2960,9350,2.0,0,2,9,2960,0,1978,0,47.6218,2960,11745,13.514405465180353
4,2.25,2680,4673,2.0,0,0,7,2680,0,1999,0,47.7539,2460,4645,13.071070083016778
3,1.75,1270,7350,1.0,0,0,7,1270,0,1967,0,47.6046,1880,7350,13.303651066607985
3,1.5,1960,8815,1.0,0,0,7,1020,940,1958,0,47.5765,1760,9534,13.122363377404328
4,2.5,2910,4356,3.0,0,0,8,2910,0,2010,0,47.6705,2840,4181,13.726679344257658
5,3.5,3390,7950,2.0,0,2,7,3390,0,2003,0,47.4792,2580,6900,12.99430270733681
3,1.5,1070,5150,1.0,0,0,6,1070,0,1940,0,47.5335,1020,4800,12.425208175446844
5,4.25,3970,4500,2.0,0,0,9,2860,1110,2004,0,47.5402,3480,4500,13.606639665936783
3,1.75,1180,16552,1.0,0,0,7,1180,0,1967,0,47.7426,2780,45302,12.873902018105829
3,2.5,2710,13120,1.0,0,0,10,2710,0,1959,0,47.6718,3130,13566,14.038654109278484
3,1.75,2150,2527,2.0,0,0,8,1400,750,1906,0,47.6629,1610,3663,13.543701834668783
3,1.0,1010,8800,1.0,0,0,7,1010,0,1968,0,47.2761,1550,7700,12.230765258120545
2,2.5,1240,1249,3.0,0,0,8,1240,0,2006,0,47.6718,1240,2500,13.036805489042683
3,2.5,2000,8057,1.0,0,0,8,1360,640,1998,0,47.3724,2530,8964,12.789683939021812
3,1.5,1250,8700,1.0,0,0,7,1250,0,1959,0,47.4744,1300,8700,12.631340380934517
2,1.0,830,2820,1.0,0,0,7,830,0,1920,0,47.689,1460,3150,13.159659162148026
4,2.5,2480,12688,1.0,0,0,9,1820,660,1967,0,47.6344,2910,11979,13.828476140354297
3,1.0,1060,12690,1.0,0,0,7,1060,0,1969,0,47.6736,1920,10200,12.89921982609012
4,2.5,3240,7621,2.0,0,2,9,3240,0,2003,0,47.5641,4610,7150,13.676248490630767
4,3.25,5010,49222,2.0,0,0,9,3710,1300,1978,0,47.5489,3140,54014,13.779883380321124
3,2.75,3910,7080,1.0,0,0,9,1970,1940,1949,0,47.6324,3480,7370,14.204168547756057
3,1.5,1500,14750,1.5,0,0,6,1500,0,1933,0,47.495,1270,15100,12.611537753638338
3,1.0,1400,7955,1.0,0,0,7,1400,0,1964,0,47.4848,1160,14959,12.175613438045465
3,2.25,1760,4539,2.0,0,0,8,1760,0,1988,0,47.5754,1960,4808,13.122363377404328
3,2.5,2050,4185,2.0,0,0,9,2050,0,2011,0,47.6922,1150,5000,13.458835614025542
4,2.5,2180,10140,1.0,0,0,7,1180,1000,1968,0,47.6822,1840,9375,13.199324418540456
2,1.75,1570,1207,3.0,0,0,9,1570,0,2007,0,47.6215,1570,1206,13.45166712454693
3,2.75,2300,8000,1.0,0,0,7,1430,870,1965,0,47.3293,2070,10200,12.948009990259552
3,2.5,1960,8469,2.0,0,0,8,1960,0,1984,0,47.7236,2040,8189,13.221884677980118
3,1.75,1680,8648,1.0,0,0,7,1680,0,1963,0,47.7338,1290,8147,12.827992316801751
4,2.25,2360,15860,1.0,0,0,9,2360,0,1977,0,47.6307,2650,11798,13.329377546788654
2,1.0,770,8149,1.0,0,0,6,770,0,1948,0,47.7406,770,8150,12.524526376648708
3,1.0,1200,7800,1.0,0,0,7,1200,0,1954,0,47.5196,1230,7070,12.524526376648708
4,1.75,1560,7200,1.0,0,0,6,860,700,1943,0,47.7001,1420,7200,13.038981768465277
4,3.75,3280,11000,2.0,0,0,10,2320,960,2008,0,47.6855,2400,8351,13.864300722133706
3,2.5,3230,5000,2.0,0,2,8,2430,800,1945,0,47.7011,1820,5000,13.652991628466498
3,2.5,2090,4700,2.0,0,0,8,2090,0,2002,0,47.3724,2740,5040,12.57418196709457
3,1.0,1060,9663,1.0,0,0,7,1060,0,1967,0,47.7244,1320,10162,12.69541923761904
3,2.25,1820,8316,1.0,0,0,7,1320,500,1960,0,47.5849,1780,8400,13.42984807715229
4,2.75,2290,5249,2.0,0,0,7,2290,0,2003,0,47.4916,2270,4348,12.971540487669746
4,3.25,7420,167869,2.0,0,3,12,7420,0,2002,0,47.4548,5610,169549,14.48333993053993
3,1.0,1250,10723,1.0,0,0,7,1250,0,1961,0,47.4894,1520,10723,12.644327576461329
5,2.25,2240,9652,2.0,0,0,7,2240,0,1990,0,47.4249,2180,11644,12.380025952653611
3,2.0,1620,2640,1.5,0,0,8,1620,0,1929,0,47.6884,1470,4080,13.407542319637992
4,3.0,2340,7048,1.0,0,0,8,1340,1000,1979,0,47.7306,1440,8088,13.091904169919621
4,2.5,2120,8448,2.0,0,0,9,2120,0,1989,0,47.5654,2140,8122,13.444446876573442
5,3.5,3840,8279,2.0,0,0,9,3840,0,2001,0,47.6039,3570,8279,13.681979165339751
3,1.75,1210,8864,1.0,0,0,7,1210,0,1985,0,47.3639,1510,8062,12.406970587897064
3,2.5,2242,4995,2.0,0,0,8,2242,0,2011,0,47.2595,1798,4942,12.706544857216672
5,1.75,1720,14040,1.0,0,0,8,1150,570,1956,0,47.7365,1750,7800,13.01477816672439
5,3.5,3200,43560,2.0,0,0,7,3200,0,1989,0,47.475,2730,43560,13.122263372403996
3,3.25,1450,1468,2.0,0,0,8,1100,350,2009,0,47.5664,1450,1478,12.84792653170257
4,2.5,2750,10351,2.0,0,0,10,2750,0,1998,0,47.5894,3370,10351,13.500799813124575
4,2.5,2740,16007,2.0,0,0,9,2740,0,1984,0,47.6353,2760,16008,14.018451401960965
3,2.25,1850,7923,1.0,0,0,7,1150,700,1977,0,47.7011,1780,7420,13.041153321978786
4,2.75,1960,8937,1.0,0,0,7,980,980,1954,0,47.451,1480,10016,12.691580461311874
3,3.0,2340,5002,2.0,0,0,8,2340,0,2013,0,47.4831,2790,5375,12.966584038698583
5,2.0,1870,13970,1.0,0,0,7,1120,750,1969,0,47.5243,1860,13970,13.028052697933088
2,1.0,1460,4200,1.0,0,0,6,880,580,1914,0,47.6774,1540,4200,12.936033799212835
3,1.75,1940,10245,1.0,0,0,7,1940,0,1957,0,47.5833,2720,11448,13.38472764187182
2,2.25,2160,17861,2.0,1,4,9,2160,0,1956,0,47.502,2660,18530,13.997832114758229
4,3.5,3370,435600,2.0,0,3,9,3370,0,2005,0,47.4398,2790,114868,13.081541382884074
2,1.5,1800,4144,1.0,0,4,7,900,900,1962,0,47.5934,2090,4173,13.652991628466498
5,2.5,2100,17825,1.0,0,0,7,1400,700,1974,0,47.3094,2200,14602,12.64400494377584
4,2.0,1520,7983,1.0,0,0,7,1520,0,1967,0,47.7357,1520,7783,12.959844447906553
3,2.25,1190,1137,2.0,0,0,7,960,230,1999,0,47.677,1190,1080,13.071070083016778
3,2.5,2680,4990,1.0,0,0,8,1440,1240,1951,0,47.6538,2320,6000,13.629421914601075
2,1.5,770,850,2.0,0,0,7,770,0,2006,0,47.5644,1350,915,12.577636201962656
3,1.0,1175,10454,1.0,0,0,6,1175,0,1949,0,47.6388,2010,10800,13.560618308335483
5,1.75,2110,8500,1.0,0,0,7,1100,1010,1962,0,47.7737,2020,8500,12.611537753638338
4,1.75,1430,5490,1.0,0,0,6,1430,0,1942,0,47.494,1030,5900,12.487485104968359
3,2.25,1840,10500,2.0,0,0,7,1840,0,1993,0,47.7326,1840,7374,13.084661510220318
2,1.0,860,6050,1.0,0,0,7,860,0,1952,0,47.5697,1130,6050,12.821258284620408
3,2.25,1740,10836,1.0,0,0,7,910,830,1981,0,47.3976,2090,7500,12.437184366493561
4,3.0,1960,5000,1.0,0,0,7,1050,910,1965,0,47.5208,1360,5000,13.311329476916953
4,1.5,2080,4400,1.5,0,0,7,2080,0,1925,0,47.606,1680,4400,13.292106151991423
5,3.5,3920,5150,2.0,0,0,9,2820,1100,2004,0,47.6638,3170,5530,13.729952669602628
3,2.5,1960,6997,2.0,0,0,7,1960,0,2006,0,47.5415,2320,5178,12.911642346088676
3,2.5,2390,15084,2.0,0,0,8,2390,0,2000,0,47.3389,1850,17494,13.579788224443204
5,1.75,2000,8713,1.0,0,2,7,1000,1000,1962,0,47.5882,2040,8449,13.337474757021274
4,2.5,2650,9627,1.0,0,3,8,1610,1040,1976,0,47.7684,2650,9221,13.102160670086809
2,1.0,820,8423,1.0,0,2,6,820,0,1957,0,47.4741,1960,9140,12.487485104968359
4,2.25,1970,7125,1.5,0,0,7,1500,470,1908,0,47.6725,1980,4750,13.304684934198283
3,1.75,1360,5445,1.0,0,0,7,1360,0,1957,0,47.6071,1570,7840,13.017002861746503
3,1.5,1130,5413,1.0,0,0,7,940,190,1946,0,47.7021,1400,7168,12.948009990259552
3,2.25,2540,9961,1.0,0,0,8,1320,1220,1969,0,47.41,1870,10251,12.608198852372823
4,1.75,2500,7690,1.0,0,0,7,1250,1250,1973,0,47.7713,2040,8646,12.866179972011919
4,1.75,3420,7200,1.0,0,3,8,1770,1650,1947,0,47.7081,2450,6200,13.480037821676145
4,3.25,3090,9571,2.0,0,0,9,2370,720,2004,0,47.7058,3630,9110,13.529160930746272
4,2.0,2660,3900,1.5,0,0,7,1480,1180,1923,0,47.6398,2350,3900,13.694472229587218
4,3.0,2430,7242,2.0,0,0,8,2430,0,2003,0,47.3533,2430,7242,12.928778628331663
4,4.0,2630,59586,1.0,0,0,7,1470,1160,1963,0,47.4496,2230,5715,13.35506114152335
3,2.5,3140,10983,2.0,0,0,10,3140,0,1991,0,47.5595,3140,10983,13.604789526648622
3,1.0,1040,8892,1.0,0,0,6,800,240,1958,0,47.3273,820,9000,12.119969946476761
5,3.25,2480,10277,2.0,0,0,8,1640,840,1993,0,47.7726,2270,10277,13.17115354157376
2,1.75,1160,4848,2.0,0,1,7,1160,0,1949,0,47.542,1990,7440,12.871334622600584
3,2.5,1990,4936,2.0,0,0,8,1990,0,2004,0,47.5911,2250,4815,13.20835757057119
4,2.0,1640,6000,1.5,0,0,9,1640,0,1911,0,47.6505,1900,6000,13.507625778194974
3,2.5,3350,7752,1.0,0,0,9,2180,1170,2009,0,47.6263,2570,7988,14.077874822431765
4,2.25,2400,13430,1.0,0,0,9,2400,0,1964,0,47.5987,2580,10077,13.660726344163407
1,1.0,850,8050,1.0,0,0,6,850,0,1906,0,47.5427,1590,5180,12.013700752882718
4,2.5,2000,4700,1.5,0,0,7,1220,780,1944,0,47.6902,1560,4700,13.180632285528304
3,1.75,1590,7810,1.0,0,0,7,1590,0,1959,0,47.2932,1470,7810,12.449018824140563
3,1.0,1250,8314,1.0,0,0,6,1250,0,1958,0,47.4522,1188,7700,11.877568578558138
3,1.75,1630,9403,1.0,0,0,7,1630,0,1983,0,47.757,1430,8461,12.7868906411162
3,2.0,1450,8771,2.0,0,0,7,1450,0,1991,0,47.1947,1450,8653,12.513189630620563
3,1.75,1480,8475,1.0,0,0,7,1480,0,1968,0,47.3126,1800,8800,12.363076394339839
4,2.75,2080,5000,1.0,0,0,8,1470,610,1940,0,47.6422,1970,5000,13.57088797497294
2,1.5,1180,1034,2.0,0,0,7,1120,60,2001,0,47.678,1137,1034,12.92391243868049
4,4.0,4360,12081,2.0,0,0,10,4360,0,2007,0,47.6377,2180,10800,14.498607402670718
6,3.5,3000,6320,2.0,0,2,8,2400,600,1969,0,47.562,1720,6360,13.42984807715229
3,1.75,1740,10000,1.0,0,0,7,1740,0,1976,2009,47.617,1350,7500,13.155798153490567
4,3.5,3040,7125,2.0,0,1,8,2240,800,2002,0,47.492,2220,7800,12.936033799212835
4,1.75,2430,14000,1.0,0,0,7,1580,850,1963,0,47.6554,1910,8285,13.308012724290958
4,1.75,1980,2700,1.5,0,0,8,1210,770,1931,0,47.6865,1720,2910,13.235692062711331
4,2.5,2740,43101,2.0,0,0,9,2740,0,1993,0,47.7649,2740,33447,13.353475098367715
6,2.75,2840,8346,1.0,0,0,8,1420,1420,1961,0,47.5518,2250,8346,13.407542319637992
3,1.75,1770,7508,1.0,0,0,7,1270,500,1962,0,47.7354,1690,8880,13.102160670086809
3,2.0,1630,8018,1.0,0,0,7,1630,0,2003,0,47.2638,1610,8397,12.468436909997665
3,2.5,1790,4038,2.0,0,0,8,1790,0,2005,0,47.5499,1700,3365,13.201174557828619
2,1.0,1600,8961,1.0,0,0,7,1390,210,1949,0,47.3098,1502,6798,12.294541293517781
3,2.5,2230,8296,2.0,0,0,7,2230,0,2004,0,47.4386,2480,5940,12.86099861326992
3,2.5,1880,6047,2.0,0,0,8,1880,0,1993,0,47.3722,2120,7188,12.84792653170257
4,2.5,1930,8040,1.0,0,0,7,1380,550,1978,0,47.7283,2080,7200,13.148031124152906
4,2.5,2570,9470,2.0,0,0,9,2570,0,2006,0,47.6548,2570,10663,13.9108207377686
5,2.0,3530,9385,1.5,0,0,9,3530,0,1925,0,47.5774,4100,9203,13.742939865129438
2,1.0,880,5600,1.0,0,0,7,880,0,1955,0,47.5071,1240,7015,12.367340793126296
3,1.75,1250,7710,1.0,0,0,7,1250,0,1947,0,47.7623,1340,7710,12.730801174465157
3,2.5,2200,20000,1.0,0,1,7,1400,800,1952,0,47.5809,3050,11775,13.9108207377686
3,1.75,1310,9282,1.0,0,0,7,1310,0,1976,0,47.6844,1310,8748,12.987688474077727
3,3.25,1300,1325,2.0,0,0,8,1080,220,2005,0,47.6584,1290,1323,13.199139216206378
4,2.0,1990,6000,1.0,0,0,9,1260,730,1956,2015,47.6515,1770,6000,13.67911793305872
5,3.25,3480,6507,2.0,0,0,9,3480,0,2014,0,47.607,3360,5398,13.669706448405869
3,1.0,1580,7424,1.0,0,0,7,1010,570,1962,0,47.4607,1710,7772,12.628067055589549
2,1.0,1120,7560,1.0,0,1,6,1120,0,1947,0,47.77,1120,7200,12.84792653170257
3,2.0,2390,6888,2.0,0,1,8,2390,0,1939,0,47.6839,2390,7920,13.9108207377686
3,1.5,880,6600,1.0,0,0,6,880,0,1945,0,47.5002,1020,6600,12.441144767709657
2,1.75,1950,2719,1.0,0,0,7,1010,940,1919,0,47.6513,1360,1256,13.493926933836812
2,1.0,1150,3600,1.0,0,0,6,1150,0,1910,0,47.5729,1160,4000,12.506177237980511
2,1.0,710,1131,2.0,0,0,7,710,0,1943,0,47.6413,1370,1173,12.899094818276968
3,1.0,960,6180,1.0,0,0,6,960,0,1910,0,47.5518,1250,4120,12.676076274775909
2,1.75,1930,11200,1.0,0,2,8,1430,500,1951,0,47.7576,2840,12408,13.272506035834049
3,1.0,1570,5510,1.0,0,0,7,1070,500,1940,0,47.6942,1770,6380,13.112313041550827
3,1.0,1020,11652,1.0,0,0,6,1020,0,1971,0,47.4459,1690,11652,12.285345826424681
4,2.5,2250,5306,2.0,0,0,8,2250,0,2012,0,47.356,2250,5306,12.834681304952548
2,1.75,1550,9230,1.0,0,0,6,970,580,1969,0,47.4701,1550,10856,12.765402678355779
3,1.5,2380,14500,1.0,0,0,7,1850,530,1961,0,47.7714,1830,13600,12.821258284620408
4,2.5,2110,13939,1.0,0,0,8,1270,840,1978,0,47.6431,2140,8882,13.31710745419684
3,1.75,2040,81021,1.0,0,0,8,2040,0,1980,0,47.6536,2260,39280,13.270783382522602
3,2.25,1640,2875,2.0,0,0,6,1240,400,1983,0,47.5686,1500,3960,12.873902018105829
3,2.25,1610,3764,2.0,0,0,7,1610,0,2012,0,47.3589,1610,3825,12.577636201962656
2,1.75,1910,12142,1.0,0,0,9,1910,0,1976,0,47.6276,2580,12326,12.983101310070822
4,2.5,2190,6300,1.0,0,3,7,1240,950,1960,0,47.6918,2730,14659,13.9108207377686
3,2.5,1720,10031,2.0,0,0,8,1720,0,1993,0,47.7688,2280,5845,12.855790268162783
4,2.25,1810,7068,2.0,0,0,7,1810,0,1976,0,47.7319,1460,7274,13.091904169919621
2,1.75,1510,4980,1.0,0,0,8,1510,0,2006,0,47.7191,1350,4157,12.945626198904275
5,2.5,2990,9240,2.0,0,0,8,2990,0,2015,0,47.7384,1970,18110,12.785491060761776
2,1.0,910,7200,1.0,0,1,7,830,80,1936,0,47.5145,1700,7200,13.005829561148378
4,2.5,2710,6474,2.0,0,0,8,2710,0,2004,0,47.5383,2870,6968,13.304684934198283
3,1.5,1310,9471,1.0,0,0,8,1310,0,1970,0,47.6644,2100,9449,13.169246963303179
3,2.25,1450,1445,2.0,0,0,7,980,470,2005,0,47.6184,1510,1370,13.086736199761178
3,2.5,1690,1310,2.0,0,0,8,1140,550,2004,0,47.5404,1640,1321,12.971540487669746
3,2.25,1590,7267,1.0,0,0,7,1100,490,1976,0,47.7457,2060,8336,12.911642346088676
3,2.5,2830,3750,3.0,0,0,10,2830,0,2014,0,47.6799,1780,5000,13.773646353865574
2,2.5,1590,1485,2.0,0,0,8,1300,290,1994,0,47.6375,1880,3675,13.141185131644917
5,1.5,2550,6300,1.0,0,0,7,1560,990,1959,0,47.5014,1380,6300,12.513557345278134
4,2.25,1890,7210,1.0,0,0,8,1890,0,1967,0,47.6342,1920,7210,13.208541073645382
3,1.75,1350,8548,1.0,0,0,7,1350,0,1985,0,47.3179,1660,8538,12.429216196844383
3,1.75,1740,8528,1.0,0,0,7,1290,450,1939,0,47.7097,1610,8528,13.081541382884074
3,2.25,2470,11603,2.0,0,2,8,1540,930,1988,0,47.6569,2850,11250,13.508985397711013
5,3.0,1810,3000,2.0,0,0,7,1810,0,1998,0,47.5622,1670,3000,12.799399490807907
3,1.5,2290,9600,1.0,0,0,7,2290,0,1967,0,47.3643,1310,9600,12.25462468611234
3,2.5,2010,4195,2.0,0,0,8,2010,0,1998,0,47.732,2010,5779,13.045482333068371
3,2.5,3370,167706,1.0,0,0,10,3370,0,2000,0,47.4379,3350,213444,13.478498175490552
3,1.75,2150,4333,1.0,0,0,7,1200,950,1956,0,47.5537,1480,6500,12.971540487669746
3,2.5,1980,4500,2.0,0,0,7,1980,0,2012,0,47.3671,2200,4500,12.669649416695554
4,3.0,3400,5100,2.0,0,0,9,3400,0,2006,0,47.3548,3400,5672,13.279367126213993
4,3.75,4410,8112,3.0,0,4,11,3570,840,2003,0,47.5888,2770,5750,14.301018373745976
3,2.5,2840,48716,1.0,0,3,9,1870,970,1994,0,47.6832,2710,43676,13.122363377404328
2,1.0,960,4080,1.0,0,0,7,960,0,1911,0,47.6893,1300,4080,13.244581010128577
3,2.25,1420,7297,1.0,0,0,7,1130,290,1984,0,47.4046,1730,7419,12.502466658583977
3,2.75,2070,54557,2.0,0,0,8,2070,0,1996,0,47.4659,2190,49658,13.554145793829866
4,1.5,1460,8760,1.0,0,0,7,1460,0,1958,0,47.4698,1610,9375,12.611537753638338
2,1.0,670,6000,1.0,0,0,6,670,0,1949,0,47.561,1240,5040,12.936033799212835
3,2.0,1760,2875,2.0,0,2,7,1290,470,1988,0,47.5602,1760,4830,12.988831984779805
3,1.75,2470,9620,1.0,0,1,7,1570,900,1962,0,47.3996,2600,9620,12.911642346088676
4,2.25,2050,7201,2.0,0,0,8,2050,0,1994,0,47.7003,1970,7350,13.122363377404328
4,2.5,1790,9787,1.0,0,2,8,1240,550,1983,0,47.5344,1790,9787,13.235692062711331
3,2.5,2320,98445,1.0,0,0,8,1380,940,1978,0,47.7323,2830,54014,13.422467969854667
4,2.5,3560,46644,2.0,0,0,11,3560,0,1992,0,47.7268,3520,50261,13.705695691957068
4,2.75,2510,12500,1.0,0,0,8,2050,460,1976,0,47.6278,2200,12088,13.46453363514018
4,2.5,2280,2432,2.0,0,0,8,1520,760,1921,0,47.6605,1690,2099,13.29967239237474
3,2.0,1300,8400,1.0,0,0,7,1300,0,1967,0,47.368,1300,7500,12.43320821811392
3,2.5,2060,7020,1.0,0,0,8,1460,600,1967,0,47.7575,2150,8400,12.948009990259552
4,1.75,1420,5000,1.5,0,0,7,1420,0,1945,0,47.6771,1490,5000,13.190022025878143
3,3.5,4410,10756,2.0,1,4,11,3430,980,2014,0,47.5283,3550,5634,14.914122846632385
4,2.5,1700,6675,2.0,0,0,7,1700,0,1997,0,47.3638,1570,7540,12.2783933071098
4,2.75,2440,12051,1.0,0,0,8,1440,1000,1966,0,47.7456,2030,8006,13.15773052124162
3,2.25,2390,7000,1.0,0,0,7,1990,400,1970,0,47.4568,1610,7000,12.506177237980511
3,1.75,1740,4400,1.5,0,0,8,1740,0,1903,0,47.6115,1740,4400,13.385496576934697
2,1.0,1140,10404,1.0,0,0,5,1140,0,1935,0,47.7497,2200,11550,12.524526376648708
3,1.75,1280,16200,1.0,0,0,8,1030,250,1976,0,47.7427,1160,10565,12.736700896592344
3,1.75,1490,10757,1.0,0,0,7,1060,430,1966,0,47.72,1490,10609,13.049792684569493
4,2.5,2020,8044,2.0,0,0,8,2020,0,1990,0,47.6247,2320,7328,13.358225701126313
4,1.5,1510,6460,1.0,0,0,7,1070,440,1970,0,47.7121,1450,6630,12.983101310070822
3,2.0,2350,5700,1.5,0,0,8,1810,540,1939,0,47.639,2170,6000,13.554145793829866
3,2.5,1640,3804,2.0,0,0,8,1640,0,1998,0,47.6103,1440,3230,13.308012724290958
2,2.5,1500,1174,2.0,0,0,8,1140,360,2014,0,47.6689,1550,1519,13.180537941455402
3,2.25,1550,1485,3.0,0,0,8,1550,0,2011,0,47.6989,1550,1480,12.84792653170257
4,2.75,3330,9143,2.0,0,0,10,3330,0,1995,0,47.6821,2390,9143,13.906264921232738
4,2.5,1930,9643,2.0,0,0,7,1930,0,1992,0,47.4065,1930,7525,12.66032791780777
2,1.0,1250,4960,1.0,0,0,7,940,310,1938,0,47.6893,2030,7440,12.821258284620408
4,1.75,2690,46609,1.5,0,0,7,2690,0,1940,0,47.4951,1920,7302,12.873902018105829
3,2.25,1450,1486,2.0,0,0,8,1160,290,2006,0,47.5694,1370,1437,12.947295449321683
3,2.0,1270,10227,1.0,0,0,6,1270,0,1968,0,47.6876,1470,9750,12.92391243868049
4,3.5,2490,18042,2.0,0,0,8,2490,0,2003,0,47.4161,1960,21107,13.112313041550827
3,2.75,1540,6760,1.0,0,0,7,1210,330,1980,0,47.7163,1540,7416,13.128345449081877
4,3.0,1980,7931,1.0,0,0,7,1160,820,1983,0,47.7513,1910,7931,12.886641043883259
4,2.5,2220,5338,2.0,0,0,7,2220,0,2001,0,47.4887,2220,5338,12.821258284620408
3,1.75,2080,5687,1.5,0,0,8,2080,0,1924,0,47.5776,2300,5995,13.45166712454693
5,2.25,2910,9454,1.0,0,1,8,1910,1000,1972,0,47.5871,2400,10690,13.577253368840017
3,1.0,1080,7486,1.5,0,0,6,990,90,1942,0,47.4838,1170,7800,12.339291489316397
3,2.5,1890,4808,2.0,0,0,8,1890,0,2000,0,47.5348,2460,5348,13.049792684569493
3,3.25,1860,2218,3.0,0,0,8,1860,0,2001,0,47.7185,1860,2218,12.86747112777554
3,1.5,2230,6000,1.0,0,1,8,1260,970,1968,0,47.5373,2120,7200,13.279367126213993
3,2.5,2490,21937,2.0,0,0,8,2490,0,1993,0,47.6442,2450,21937,13.131818536175084
4,2.5,2600,11542,1.5,0,0,9,2200,400,1939,0,47.7076,2840,10960,14.018451401960965
3,3.25,2940,5432,3.0,0,3,10,2440,500,1978,0,47.6299,4400,5500,14.353464849118517
4,3.5,4000,15253,2.0,0,0,9,4000,0,2007,0,47.5433,3550,8747,13.543701834668783
3,2.0,1570,5706,1.0,0,0,7,1570,0,1998,0,47.3156,1570,5706,12.487485104968359
5,3.5,3450,19080,2.0,0,3,9,3450,0,2001,0,47.2123,2570,17007,13.17115354157376
3,2.0,1170,5360,1.0,0,0,6,1170,0,1919,0,47.5181,1180,7200,12.721885810807203
3,2.75,1820,9490,2.0,0,0,7,1820,0,1994,0,47.7481,1950,8851,13.099094750464975
2,2.25,1360,1336,3.0,0,0,8,1360,0,2008,0,47.6714,1280,1295,13.081437210791684
4,2.0,1480,6324,1.0,0,0,7,1480,0,1943,0,47.6147,1480,3600,12.535376392672774
3,2.25,1780,10395,1.0,0,0,8,1780,0,1967,0,47.4539,2080,9360,12.611537753638338
4,2.5,2950,9010,2.0,0,0,9,2950,0,2004,0,47.531,3160,8813,13.321214236149494
3,1.75,1480,4800,2.0,0,0,7,1140,340,1944,0,47.6567,1810,4800,13.279367126213993
2,1.0,1210,9400,1.0,0,0,6,1210,0,1949,0,47.5342,1580,6026,12.367340793126296
3,2.25,1640,7630,1.0,0,0,8,1180,460,1968,0,47.3739,1930,7630,12.417143615610113
4,3.5,3660,4760,2.0,0,0,9,2840,820,2014,0,47.6482,3210,4640,13.91757966286769
3,1.75,1720,8867,1.0,0,0,8,1320,400,1985,0,47.44,2200,9170,12.759957758756611
2,1.5,830,1858,2.0,0,0,7,830,0,2005,0,47.5828,1480,3030,12.72039215855042
1,0.75,760,10079,1.0,1,4,5,760,0,1936,0,47.4683,1230,14267,12.820987977820545
4,1.5,2030,3300,1.5,0,0,8,1530,500,1927,0,47.5855,2610,5400,13.527828485512494
3,3.0,1530,2132,2.0,0,0,8,1530,0,1993,0,47.3746,1530,3384,12.205822614274965
4,2.5,3610,13292,2.0,0,0,10,3610,0,1996,0,47.5868,3000,10776,13.683017483243956
5,2.5,2400,4564,2.0,0,0,7,2400,0,2004,0,47.369,1880,4109,12.498742259492994
5,2.5,3890,27311,2.0,0,2,10,3890,0,1950,1990,47.7291,3160,22641,13.912664491554942
2,1.0,1080,4080,1.0,0,0,8,1080,0,1948,0,47.6899,1890,4080,13.091904169919621
3,2.5,2110,3600,2.0,0,0,9,2110,0,2005,0,47.665,2540,4384,13.366093562326927
3,2.5,1560,4200,2.0,0,0,7,1560,0,2003,0,47.3838,1560,4200,12.502466658583977
4,2.5,2460,45738,1.0,0,0,8,1650,810,1969,0,47.5952,2550,32040,13.31710745419684
2,1.75,2120,6350,1.0,0,0,6,1440,680,1924,0,47.6974,1590,6350,12.611537753638338
4,1.0,1730,177657,1.5,0,0,5,1730,0,1948,0,47.5163,1400,45175,12.611537753638338
4,3.5,2770,10505,2.0,0,0,8,2770,0,1940,2015,47.7412,1760,10505,12.560244459250788
4,2.25,4470,60373,2.0,0,0,11,4470,0,1988,0,47.7289,3210,40450,13.928839243271277
2,1.5,1310,12196,1.5,0,0,6,1310,0,1970,0,47.6487,2970,12196,13.028052697933088
5,2.5,3320,7266,2.0,0,0,9,3320,0,2000,0,47.5862,3060,10269,13.5985975564007
5,3.5,3150,10542,1.0,0,0,9,1620,1530,1974,0,47.7469,3150,11807,13.304684934198283
3,2.5,3570,35271,2.0,0,0,9,3570,0,1997,0,47.4782,3510,37194,13.493926933836812
4,2.5,2380,9614,2.0,0,0,10,2380,0,1991,0,47.5623,2560,9770,13.569610019527449
3,2.5,1410,1250,2.0,0,0,8,1140,270,2010,0,47.6515,1720,2825,13.180632285528304
4,2.5,2520,7205,2.0,0,0,8,2520,0,1987,0,47.343,2350,7632,12.721885810807203
3,1.75,1750,3250,1.5,0,0,7,1230,520,1929,0,47.6807,1480,3600,13.171058298943088
4,1.75,1840,5100,1.0,0,0,5,1840,0,1933,0,47.5209,2160,5400,12.697715449879391
6,3.0,2470,9328,2.0,0,0,8,2470,0,1982,0,47.6025,2470,9454,13.353475098367715
2,1.0,1000,3513,1.0,0,4,5,1000,0,1914,0,47.5935,1930,4920,13.480037821676145
4,1.0,2210,4366,2.0,0,0,8,2210,0,1901,0,47.6105,1740,1745,13.286181462633724
4,3.5,3010,6202,2.0,0,0,9,3010,0,2005,0,47.5533,2520,5001,13.55284624848778
3,1.75,1910,12596,1.0,0,0,7,1340,570,1977,0,47.7399,1550,13310,12.936033799212835
2,1.5,1450,3840,1.0,0,0,7,950,500,1947,0,47.684,1450,3840,13.230320518909421
4,3.25,4040,18916,1.0,0,0,9,4040,0,1954,0,47.6155,3000,18831,14.635796869104627
3,1.75,1910,8329,1.0,0,0,8,1910,0,2004,0,47.19,2510,9259,12.685407602204794
4,1.75,2140,11651,2.5,0,0,8,2140,0,1930,2001,47.196,2030,10978,12.736700896592344
2,1.0,1070,8130,1.0,0,0,7,1070,0,1942,0,47.697,1360,7653,13.132313708257497
3,1.75,1260,11775,1.0,0,0,6,1260,0,1942,0,47.5501,1270,5480,12.774223335915433
3,1.75,1660,4800,2.0,0,0,7,1660,0,1906,2014,47.6296,1660,4800,13.345506928718539
3,2.5,2150,5193,2.0,0,0,8,2150,0,1995,0,47.6952,2150,7172,13.282780098810234
3,1.75,1590,9620,1.0,0,0,7,1590,0,1988,0,47.4815,2980,9398,12.762827201184564
3,2.0,1670,4441,1.0,0,0,7,1670,0,2014,0,47.1948,1670,4622,12.455675053584864
3,1.5,1580,8841,1.5,0,0,7,1180,400,1923,0,47.6931,1580,7512,13.16158409055761
6,3.0,2620,4350,1.0,0,0,7,1760,860,1957,0,47.678,1760,4300,13.710150042306449
2,1.75,1280,4000,1.0,0,0,7,730,550,1929,0,47.5798,2250,5382,13.112313041550827
3,1.75,1510,8400,1.0,0,0,7,980,530,1979,0,47.4476,1500,10125,12.682306824526545
2,1.5,880,2400,1.5,0,0,7,880,0,1929,0,47.6144,1220,4440,13.329377546788654
3,1.75,1370,9288,1.0,0,0,7,1370,0,1988,0,47.4824,1500,9864,12.618016719736048
4,2.25,2600,9900,1.0,0,0,7,1600,1000,1965,0,47.4881,1770,11250,12.506177237980511
4,2.25,1900,8272,1.0,0,0,9,1460,440,1966,0,47.5803,2040,8479,13.480037821676145
3,1.0,1410,40500,1.0,0,0,7,1410,0,1961,0,47.3199,1570,40500,12.570715759118084
4,1.0,1150,5217,1.5,0,0,7,1150,0,1951,0,47.6806,1220,5217,13.10011776845701
4,2.5,1890,5954,2.0,0,0,7,1890,0,2004,0,47.3293,2030,5880,12.606525211814795
3,2.75,1250,1655,2.0,0,0,7,830,420,2006,0,47.5554,1520,3001,12.821258284620408
3,2.0,2330,4950,1.5,0,0,6,1430,900,1900,0,47.5585,1160,5115,12.691580461311874
3,2.5,1990,1891,3.0,0,0,9,1990,0,2012,0,47.6271,1990,3600,13.892471599100402
2,1.0,1150,5695,1.0,0,0,6,1150,0,1958,0,47.4989,1150,5695,12.100712129872347
4,3.25,2860,3680,2.0,0,0,9,1980,880,1925,1993,47.6752,2010,3680,13.623199269540951
4,4.5,3080,10550,2.0,0,3,8,1940,1140,1976,2007,47.5806,2780,10550,14.151982794585487
3,2.5,2830,3750,3.0,0,0,10,2830,0,2014,0,47.6798,1780,5100,13.784999802759252
5,5.75,9200,35069,2.0,0,0,13,6200,3000,2001,0,47.6289,3560,24345,15.532905611903466
2,2.0,1270,5500,1.5,0,0,8,1270,0,1921,0,47.6121,1870,4400,13.312983737012978
4,2.5,3720,35000,2.0,0,0,10,3720,0,1983,0,47.7582,3720,35000,13.627372115848754
2,1.0,1450,4750,1.0,0,0,7,850,600,1950,0,47.5293,1190,5000,12.254862809699606
3,2.0,1640,13249,1.0,0,0,7,1640,0,1995,0,47.3589,1640,9240,12.542544882151386
6,2.5,2590,10890,1.0,0,0,7,1340,1250,1970,0,47.4126,2474,10454,12.429216196844383
3,1.0,1180,13650,1.0,0,0,7,1180,0,1967,0,47.4551,1460,11730,12.449018824140563
4,1.75,2110,6708,1.0,0,3,8,1410,700,1941,0,47.67,2140,7006,13.846039762999096
3,2.5,3490,12410,2.0,0,0,8,2590,900,2009,0,47.4714,1740,14448,13.353475098367715
3,2.5,1484,1761,3.0,0,0,7,1484,0,2003,0,47.6844,1484,4320,12.80765263256463
4,2.5,1710,9627,1.0,0,0,9,1440,270,1976,2014,47.559,2140,9131,13.526494262499357
4,2.5,2920,24074,2.0,0,0,9,2920,0,1997,0,47.381,2760,26023,13.226723392728571
2,1.0,1180,4900,1.0,0,0,6,1180,0,1954,0,47.5321,1650,7121,12.65395846952229
3,2.25,2520,26943,1.0,0,0,7,1760,760,1977,0,47.7728,2300,10004,12.948009990259552
3,2.5,1790,11542,1.0,0,0,7,1190,600,1969,0,47.5124,1790,9131,12.9384405392434
3,1.5,1240,9125,1.0,0,0,7,1240,0,1967,0,47.4469,1670,9125,12.524526376648708
5,4.0,6300,16065,2.0,0,1,12,4360,1940,2004,0,47.5922,3260,17287,14.827111469642754
1,1.0,680,1638,1.0,0,4,6,680,0,1910,1992,47.5832,1010,3621,12.437184366493561
3,1.0,1280,11625,1.0,0,0,7,1280,0,1977,0,47.6827,1320,10875,12.911642346088676
4,2.5,3300,101930,2.0,0,0,10,3300,0,1991,0,47.576,2880,213879,13.737549016494562
2,1.0,1300,11867,1.5,0,0,6,1300,0,1975,0,47.3221,820,11867,12.323855681186558
3,2.25,1330,8004,2.0,0,0,7,1330,0,1985,0,47.7098,1300,7971,12.834681304952548
3,2.25,1430,1383,3.0,0,0,8,1430,0,2005,0,47.6917,1430,1347,12.892950213076524
4,2.5,2320,9264,2.0,0,0,8,2320,0,1994,0,47.4449,2320,9129,12.821258284620408
6,4.5,3500,8504,2.0,0,0,7,3500,0,1980,0,47.7349,1550,8460,13.292106151991423
3,1.75,2160,22702,1.0,0,0,7,2160,0,1981,0,47.7355,1820,22687,12.468436909997665
5,3.0,4530,258746,1.5,0,0,9,3200,1330,2003,0,47.7702,3430,83199,13.764217263576723
3,1.0,1160,9600,1.0,0,0,7,1160,0,1967,0,47.7419,1160,9730,12.706847933442663
3,2.5,2750,37096,2.0,0,0,9,2750,0,1989,0,47.3732,2700,40091,12.834681304952548
4,2.5,3390,7870,2.0,0,0,8,3390,0,2014,0,47.4536,1960,10069,13.112313041550827
4,1.75,1930,9310,1.0,0,0,9,1930,0,1968,0,47.6158,2110,10290,13.415032991367148
3,1.75,1444,249126,1.5,0,0,7,1444,0,2008,0,47.4104,1760,224770,12.948009990259552
3,2.5,2190,3600,2.0,0,0,9,2190,0,2003,0,47.5506,2300,3600,13.38472764187182
3,1.5,1560,10489,1.0,0,0,7,1560,0,1961,0,47.2048,1400,10489,12.487485104968359
3,1.5,1280,9600,1.0,0,0,7,1280,0,1960,0,47.6922,1510,10005,12.911642346088676
3,2.5,1860,11122,2.0,0,0,8,1860,0,1994,0,47.5062,2420,8542,12.969212197910155
3,2.25,3340,13805,1.0,0,0,8,3340,0,1950,1992,47.744,2060,12304,13.415032991367148
3,2.0,1490,4800,2.0,0,0,6,1490,0,1948,0,47.6933,1500,4800,12.988831984779805
3,2.0,2168,12616,2.0,0,1,7,2168,0,1950,0,47.4933,2168,9750,13.345506928718539
3,2.25,2370,10890,2.0,0,0,7,2370,0,1980,0,47.5827,2370,9514,13.757351643790741
2,1.75,1510,4555,1.0,0,0,8,1510,0,2005,0,47.7136,1640,4500,13.06685066747407
4,2.5,3350,46748,2.0,0,0,10,3350,0,2004,0,47.3432,3350,39683,13.38472764187182
3,2.25,1760,1146,3.0,0,0,9,1760,0,2014,0,47.6073,1346,3472,13.329377546788654
4,2.5,2150,7670,1.0,0,0,7,1240,910,1976,0,47.3942,1610,7350,12.751009798924933
3,2.5,2410,7225,2.0,0,0,8,2410,0,1991,0,47.7211,1940,8347,13.329223063311982
4,2.75,3150,7379,1.5,0,0,7,2430,720,1915,0,47.6968,1990,7379,13.369223455335854
2,1.0,860,3300,1.0,0,0,6,860,0,1903,0,47.5496,1380,4400,12.647548191161372
5,2.25,3510,13843,1.0,0,2,8,1850,1660,1959,0,47.5817,2680,8750,14.130321297804308
4,3.5,4670,6000,2.0,0,3,11,3820,850,2007,0,47.5414,4310,6000,14.02900773222668
3,1.75,2610,5544,1.5,0,0,8,1680,930,1934,0,47.684,1330,5074,13.527828485512494
3,1.75,1440,11787,1.0,0,0,8,1440,0,1983,0,47.6276,2190,11787,13.112313041550827
2,2.5,1380,889,2.0,0,0,7,1140,240,2012,0,47.5441,1580,1397,12.591335046320818
3,2.0,1820,1357,3.0,0,0,9,1820,0,2014,0,47.5432,1710,1372,13.060381585048447
4,2.5,2090,7434,1.0,0,0,7,1090,1000,1993,0,47.4962,1260,8404,12.691580461311874
2,1.0,880,12000,1.0,0,0,7,880,0,1939,0,47.7436,1960,9395,12.720541624210963
5,1.75,2150,7171,1.0,0,0,7,1460,690,1970,0,47.3952,1710,7300,12.54236629477704
6,3.0,3470,117612,1.5,0,0,7,3470,0,1924,0,47.7663,2120,17100,13.071070083016778
1,1.0,530,13679,1.0,0,0,6,530,0,1949,0,47.6422,1930,20624,12.89921982609012
4,1.75,1510,5500,1.5,0,0,7,1510,0,1920,0,47.535,1320,6431,12.429216196844383
3,1.75,1370,9900,1.0,0,0,7,1370,0,1983,0,47.2575,1490,9600,12.676076274775909
3,2.75,2260,4000,2.0,0,0,8,1540,720,1956,0,47.6435,2120,4000,13.465953081794405
3,1.0,1060,20040,1.0,0,0,6,1060,0,1943,0,47.7281,1768,10800,12.706847933442663
3,1.75,1899,11325,2.0,0,0,7,1899,0,1943,2005,47.3987,2000,10454,12.577291314909747
4,4.0,4168,8485,2.0,0,0,10,3222,946,2007,0,47.3029,4362,8100,12.999065161059836
1,1.0,800,16306,1.0,0,0,6,680,120,1931,0,47.4916,1270,8666,12.429216196844383
4,3.5,4010,15365,2.0,0,1,11,4010,0,2006,0,47.5528,3550,13429,14.141210697603576
3,1.75,1260,1133,2.0,0,0,7,810,450,2011,0,47.5261,1260,1172,12.449018824140563
4,1.75,1660,3800,1.5,0,0,7,1660,0,1926,0,47.6883,1660,3767,13.335860551666734
4,2.5,4260,36360,1.5,0,0,8,4100,160,1935,0,47.764,2430,17888,13.36138027787483
3,2.5,1930,7266,2.0,0,0,8,1930,0,2005,0,47.7191,1930,7266,13.102160670086809
3,2.0,1200,5700,1.0,0,0,7,1200,0,1942,0,47.5031,1190,6384,12.513557345278134
4,3.75,4100,22798,1.5,0,3,11,2540,1560,1934,1979,47.5648,3880,18730,14.522067425434138
3,2.0,1850,16535,1.0,0,0,7,1850,0,1992,0,47.6565,1528,13295,12.487485104968359
2,1.5,910,966,2.0,0,0,8,820,90,2006,0,47.627,2740,6400,13.028052697933088
2,1.0,870,3121,1.0,0,0,7,870,0,1923,0,47.6659,1570,1777,12.886641043883259
3,2.25,1320,1800,2.0,0,0,7,1320,0,1994,0,47.6081,2010,4500,13.199324418540456
3,1.75,1580,9719,1.0,0,0,7,1580,0,1962,0,47.5396,1760,8539,13.155991558384313
5,2.75,2910,15118,1.0,0,0,9,1780,1130,1972,0,47.5696,2880,15253,13.97080344237031
4,1.75,3280,35160,1.0,0,0,7,2080,1200,1976,0,47.6728,2510,31331,13.312983737012978
3,1.0,1440,5000,2.0,0,0,7,1440,0,1910,0,47.6741,1850,4500,13.235692062711331
3,2.25,1590,926,3.0,0,0,8,1590,0,2014,0,47.5402,1640,1321,13.091801071821688
4,2.5,1920,7277,2.0,0,0,8,1920,0,1990,0,47.4058,2300,7645,12.676076274775909
2,2.0,1650,6840,1.5,0,0,7,1650,0,1916,0,47.6512,1700,4560,13.465953081794405
2,1.0,1980,5000,1.0,0,0,7,1090,890,1923,0,47.586,1720,5000,13.115846186576064
3,2.5,3560,9796,1.0,0,0,8,1860,1700,1965,0,47.6007,2210,8925,13.403775836842515
3,2.25,1552,3677,2.0,0,0,7,1552,0,2012,0,47.3205,1677,3677,12.483704382128453
2,1.0,1070,6625,1.0,0,0,7,830,240,1950,0,47.5736,1310,6625,12.959844447906553
4,2.5,1770,13168,2.0,0,0,7,1770,0,1990,0,47.7306,2050,14859,13.028052697933088
2,1.0,1120,45302,1.0,0,2,5,1120,0,1932,0,47.5105,2150,101930,12.388394202324129
3,1.75,1810,7300,1.0,0,0,7,1240,570,1976,0,47.7299,1460,7560,12.971540487669746
5,3.0,2450,4591,2.0,0,0,7,2450,0,1994,0,47.6828,1060,5500,13.17115354157376
2,1.75,1010,4000,1.5,0,0,7,1010,0,1919,0,47.6665,1470,4000,12.997933299026151
3,2.5,2480,7480,2.0,0,0,9,2480,0,1992,0,47.771,2480,7480,13.180632285528304
3,2.25,1940,9560,2.0,0,0,7,1940,0,1989,0,47.2998,1800,9560,12.55584179929476
4,2.25,2060,7283,1.0,0,0,8,1220,840,1963,2013,47.7435,1500,8134,12.92391243868049
4,4.0,3280,8448,2.0,0,0,10,3280,0,2007,0,47.5818,3730,8030,13.574075736677813
4,1.75,2510,8989,1.0,0,0,8,1680,830,1964,0,47.5569,2510,8931,13.296316684527767
3,2.5,1470,1204,3.0,0,0,8,1470,0,2006,0,47.6998,1460,1245,12.9190224533863
4,2.5,2240,5500,2.0,0,0,8,2240,0,2013,0,47.496,700,5500,12.873773804758644
5,1.5,1900,10226,1.0,0,0,7,1130,770,1961,0,47.7226,1690,10227,12.936033799212835
5,3.25,4230,21455,2.0,0,0,10,2720,1510,1990,0,47.6375,3280,22393,13.681979165339751
4,1.75,1660,8160,1.0,0,0,8,1660,0,1974,0,47.4483,1800,7684,12.834547962729536
3,1.75,4000,11894,1.0,0,0,9,2190,1810,1987,0,47.7738,2530,8650,13.350295445450335
4,2.75,2030,8600,1.0,0,0,7,1230,800,1977,0,47.3942,1810,8600,12.628067055589549
3,2.25,2930,7005,3.0,0,2,9,2670,260,1999,0,47.6763,2450,6460,13.86191693077843
4,3.5,2860,2199,3.0,0,0,10,2860,0,2013,0,47.6262,1990,1378,14.187074114396758
3,2.5,2080,8690,1.0,0,0,8,1430,650,1974,0,47.4424,2400,9625,13.217582643985264
3,1.0,1300,3600,2.0,0,0,7,1300,0,1900,0,47.6345,2510,4800,13.615839362835207
2,1.5,1140,2500,1.0,0,1,7,630,510,1988,0,47.5707,1500,5000,12.779873068457553
3,1.0,960,3844,1.0,0,0,7,960,0,1972,0,47.7027,1020,3844,12.751299696013497
2,1.75,1490,224334,1.0,0,2,8,1490,0,1983,0,47.2645,2350,213879,13.071070083016778
5,2.5,2500,12220,1.0,0,0,8,1690,810,1962,0,47.3335,2130,12000,12.628067055589549
3,1.0,1120,8576,1.0,0,0,6,1120,0,1943,0,47.4896,1050,8812,12.218495165528731
3,2.0,1820,5000,1.5,0,0,8,1720,100,1941,0,47.5845,2220,7200,13.527828485512494
3,2.5,1430,1002,3.0,0,0,8,1430,0,2002,0,47.698,1430,1530,12.762827201184564
2,1.0,800,5150,1.0,0,0,6,800,0,1949,0,47.5525,1280,5150,12.765688433465597
3,1.75,1650,7145,2.0,0,0,8,1300,350,1977,0,47.7733,1760,7206,12.953352834670046
4,2.5,2700,9320,2.0,0,0,8,2700,0,1994,0,47.6861,2120,8056,13.638176542681359
3,2.5,1530,2978,1.0,0,0,7,1210,320,1997,0,47.6796,1640,5100,13.36138027787483
6,4.0,3120,4240,2.0,0,2,7,2090,1030,1993,0,47.5305,1460,4240,12.66032791780777
3,1.5,1470,11599,1.0,0,0,7,1070,400,1967,0,47.3632,1580,9760,12.487296407920908
3,1.75,1260,12750,1.0,0,0,7,1260,0,1979,0,47.7289,1460,7865,12.89896979483491
4,2.75,3420,6787,2.0,0,0,9,3420,0,2010,0,47.6962,3450,6137,13.567049198665774
2,1.5,720,5120,1.0,0,0,6,720,0,1954,0,47.5218,1150,2566,12.106252310247962
3,1.75,1350,7686,1.0,0,0,7,1350,0,1987,0,47.3617,1370,7686,12.47227568630483
5,3.0,3640,6930,2.0,0,0,8,3640,0,2004,0,47.3521,3740,7182,13.226723392728571
3,2.75,2310,5200,1.0,0,0,7,1520,790,1940,0,47.6357,2310,5200,13.573438996764546
4,1.75,2600,18042,1.0,0,0,8,2020,580,1969,0,47.2969,2200,9408,12.736406735684207
3,1.75,2790,36585,1.0,0,0,8,1410,1380,1970,0,47.4734,1900,45302,13.077366011473593
4,2.25,2440,9320,1.0,0,0,7,1880,560,1957,0,47.5933,1530,9335,13.38472764187182
4,2.5,3620,16000,2.0,0,0,9,3620,0,1976,0,47.3711,2590,16000,13.081541382884074
2,1.0,1010,7500,1.0,0,0,7,1010,0,1941,0,47.5283,1220,6000,12.367340793126296
4,3.75,3070,5850,2.0,0,0,9,2400,670,1927,0,47.633,2940,5573,14.266586177324491
4,2.5,2425,9017,2.0,0,0,9,2425,0,2013,0,47.3003,2725,7019,13.011431816697048
2,1.0,770,7906,1.0,0,0,6,770,0,1948,0,47.766,990,7906,12.468436909997665
3,2.5,2120,6840,1.0,0,0,7,1220,900,1984,0,47.278,1820,8200,12.421184025147118
2,1.0,1300,12000,1.0,0,0,8,1300,0,1959,0,47.6366,2420,15000,13.458835614025542
3,1.75,1100,10005,1.0,0,0,7,1100,0,1964,0,47.5374,1340,9709,12.955127458028414
3,1.0,990,7050,1.0,0,0,7,990,0,1967,0,47.7274,1200,8125,12.644327576461329
3,2.5,3150,20189,2.0,0,0,10,3150,0,1990,0,47.447,2920,20612,13.253391639810733
4,1.5,1820,22814,1.5,0,0,7,1820,0,1920,0,47.7321,1770,9150,12.341477282536376
4,2.5,2970,7961,1.0,0,0,8,2020,950,1969,0,47.7118,1410,7959,13.36138027787483
3,2.25,1620,10850,1.0,0,0,7,1620,0,1966,0,47.4437,1910,10568,12.429216196844383
2,1.0,900,6400,1.0,0,0,6,900,0,1938,0,47.2113,1320,6400,12.233201312918426
3,1.0,940,19000,1.0,0,0,6,940,0,1945,0,47.5828,2280,19000,13.304684934198283
5,2.5,1660,4000,1.5,0,0,8,1660,0,1929,0,47.6452,1210,4000,13.567049198665774
3,1.5,1680,8000,1.5,0,0,7,1680,0,2012,0,47.6923,1990,26336,12.959844447906553
4,2.5,3274,4950,2.0,0,0,9,3274,0,2014,0,47.2603,2578,4200,13.079100907344714
2,2.0,1870,4950,1.0,0,0,8,1870,0,2006,0,47.7195,1670,4800,13.23560277301084
3,2.25,1890,7200,1.0,0,0,7,1230,660,1973,0,47.7156,1970,8101,12.983101310070822
3,2.25,1280,959,3.0,0,0,8,1280,0,2005,0,47.6914,1130,1126,12.779873068457553
3,1.0,1200,5252,1.0,0,0,7,1200,0,1962,0,47.6075,1800,7920,12.96453929221076
3,1.75,1240,4000,1.0,0,0,7,1240,0,1986,0,47.4728,1570,4586,12.464583340681674
3,2.5,1790,3754,2.0,0,0,8,1790,0,2013,0,47.534,1800,3393,12.933621252807452
4,2.5,2650,30500,1.0,0,0,8,1680,970,1960,0,47.5535,2650,30500,13.480037821676145
2,2.0,1190,1303,2.0,0,0,8,800,390,2009,0,47.6675,1670,2425,13.028052697933088
3,1.75,1590,9417,1.0,0,0,7,1590,0,1954,0,47.7617,1600,9272,12.706847933442663
3,1.0,1400,7800,1.0,0,0,7,1400,0,1962,0,47.4789,1400,7800,12.287652632522597
3,2.0,1530,3400,1.0,0,0,7,990,540,1907,2014,47.6204,1880,4212,13.178743710840436
4,2.25,2640,34870,1.0,0,0,8,1770,870,1977,0,47.4688,2500,35580,13.15773052124162
3,3.5,3110,14872,1.0,0,0,10,3110,0,2003,0,47.6178,3110,12433,14.630875371248468
3,2.5,1670,7740,1.0,0,0,7,1130,540,1974,0,47.5222,1220,7740,12.834681304952548
3,2.0,2440,13250,1.0,0,0,8,1440,1000,1977,0,47.375,2400,10650,12.65075846679162
4,1.75,4060,5500,2.0,0,0,9,2660,1400,1924,0,47.6437,3320,5500,14.077874822431765
3,1.75,1140,9800,1.0,0,0,7,1140,0,1968,0,47.3063,1370,9800,12.235631447771718
3,2.25,2100,7335,2.0,0,0,8,2100,0,1983,0,47.647,2050,8930,13.106233995474446
3,2.25,2160,6527,2.0,0,0,7,1580,580,1987,0,47.7292,1950,9675,12.971540487669746
3,3.5,1570,1486,2.5,0,0,8,1330,240,2000,0,47.652,1610,1486,13.110290796170059
4,2.5,3320,244807,2.0,0,0,9,3320,0,2001,0,47.3637,2530,217800,13.422467969854667
4,3.0,1930,3031,1.0,0,0,7,1200,730,2006,0,47.7457,1930,2611,12.708891298894248
4,2.5,3480,12164,1.5,0,0,11,3480,0,1984,0,47.6404,3960,16855,13.989463865087712
3,2.5,1950,6871,2.0,0,0,8,1950,0,1997,0,47.7603,1950,7663,12.834681304952548
3,2.25,1440,6232,2.0,0,0,7,1440,0,1985,0,47.5658,1740,5999,12.976759403545538
4,2.5,3570,17411,2.0,0,0,10,3570,0,1990,0,47.5617,3510,16153,13.779883380321124
3,2.5,1890,3880,1.5,0,0,8,1460,430,1915,0,47.6642,1010,3880,13.495305293806933
4,2.5,3230,7331,2.0,0,0,10,3230,0,2004,0,47.5823,3480,7447,13.500799813124575
3,1.75,1650,11220,1.0,0,0,7,1650,0,1969,0,47.7567,1340,10129,12.796633237315017
2,1.0,1150,12861,1.0,0,0,6,1150,0,1959,0,47.4493,1170,7574,12.542544882151386
3,2.0,1290,6150,1.0,0,1,6,1290,0,1950,0,47.5181,1960,6150,12.644327576461329
3,2.25,1640,7350,1.0,0,0,7,1140,500,1984,0,47.2625,1480,8041,12.30591798049989
3,1.0,1840,10178,1.0,0,0,7,1040,800,1960,0,47.3979,2040,10660,12.257240932104573
3,2.25,1540,5338,1.0,0,0,7,770,770,1954,0,47.6942,1680,6525,12.65075846679162
3,2.5,2555,5720,2.0,0,0,8,2555,0,2006,0,47.386,2844,5769,12.449018824140563
3,2.5,1600,5960,2.0,0,2,8,1600,0,1910,0,47.4758,1410,13056,12.958207815235998
4,3.5,4270,117176,2.0,0,0,9,4270,0,2008,0,47.5352,2610,5251,13.813458453838143
3,1.0,1200,5525,1.0,0,0,7,1200,0,1947,0,47.6981,1580,7200,12.575910575995186
3,2.25,1460,941,3.0,0,0,8,1460,0,2006,0,47.7145,1490,1399,12.727838209334498
3,1.0,1390,12823,1.0,0,0,7,1390,0,1968,0,47.7438,1390,10095,12.672946381766982
4,2.5,3560,13981,2.0,0,0,10,3560,0,2000,0,47.6002,3840,13624,13.670484785914017
3,1.0,1340,18000,1.0,0,0,7,1340,0,1924,0,47.4443,1660,196591,12.601487417784837
4,2.75,2810,8570,2.0,0,0,10,2810,0,1993,0,47.6159,2810,9621,14.26339638195639
3,1.0,980,7560,1.0,0,0,7,980,0,1951,0,47.5256,1300,7560,12.377931323474007
3,2.5,2670,12806,2.0,0,0,9,2670,0,2010,0,47.3686,3010,7231,12.971540487669746
3,2.5,1950,3825,2.0,0,0,7,1950,0,2013,0,47.3588,1950,3825,12.641096555879882
5,1.5,1940,3430,1.5,0,0,6,1220,720,1926,0,47.6853,1830,4120,13.244581010128577
3,2.5,1660,4083,2.0,0,0,7,1660,0,2013,0,47.3595,1800,4087,12.556729517143344
3,1.75,1610,11950,1.0,0,2,7,1210,400,1984,0,47.6705,1610,9363,13.142166004700508
2,1.5,1030,2850,2.0,0,0,7,1030,0,1995,0,47.3845,1030,3000,12.301382825334498
5,3.25,2400,3118,2.0,0,0,7,1780,620,1928,0,47.6094,2100,3941,13.458835614025542
4,2.5,2040,8076,2.0,0,0,7,2040,0,1994,0,47.3691,2040,8408,12.538967060803502
4,1.75,1520,9600,1.0,0,0,7,1000,520,1955,0,47.5763,1510,9000,13.139122161219284
5,3.75,6810,7500,2.5,0,0,13,6110,700,1922,0,47.6285,2660,7500,14.723365811017327
3,1.5,1060,9600,1.0,0,0,7,1060,0,1962,0,47.3229,1440,9600,12.296827008798639
5,3.5,4600,8764,2.0,0,0,10,3180,1420,2007,0,47.5491,3210,9431,13.687677186454389
3,2.5,2540,6762,2.0,0,0,10,2540,0,1998,0,47.6239,2870,6631,13.507625778194974
5,1.5,1730,9230,1.0,0,0,7,1010,720,1962,0,47.4646,1730,9230,12.567237494741757
2,1.0,960,28717,1.0,0,0,6,960,0,1984,0,47.3356,1860,28717,12.449018824140563
2,2.5,2390,7489,1.0,0,0,8,2390,0,2007,0,47.7243,2170,7489,13.458764182902971
2,1.0,1290,2828,2.0,0,0,7,1290,0,2008,0,47.6968,1290,2628,12.487485104968359
6,2.75,3600,9675,1.0,0,2,9,1940,1660,1977,0,47.5726,2990,9675,13.815510557964274
4,2.5,2510,5436,2.0,0,0,8,2510,0,2011,0,47.6894,2520,5436,13.467370516475379
4,2.5,2095,4400,1.5,0,0,8,1295,800,1910,0,47.5838,1980,4400,13.474427708785377
3,1.75,1290,7210,1.0,0,0,7,1290,0,1984,0,47.2889,1350,7509,12.230765258120545
4,2.75,2750,15450,1.0,0,0,8,1800,950,1978,0,47.7749,2750,10620,13.329377546788654
3,1.0,1150,18200,1.0,0,0,7,1150,0,1959,0,47.4262,1714,18200,13.049792684569493
4,1.75,2010,12188,1.0,0,0,7,1150,860,1960,0,47.5013,1720,8475,12.793859310432293
4,2.25,2980,8051,1.5,0,2,10,2020,960,1935,0,47.6426,2760,5499,13.959610901938031
4,2.5,2740,9959,2.0,0,0,9,2740,0,1989,0,47.5672,2630,9905,13.381645975334411
2,1.75,1640,6750,1.0,0,0,8,1340,300,1939,0,47.7068,1760,7490,13.370004400318926
5,2.75,2880,4425,2.0,0,0,8,2880,0,2005,0,47.7048,2940,6581,13.504900980868788
3,1.0,1160,11799,1.0,0,0,7,1160,0,1966,0,47.7263,1220,10500,12.691580461311874
3,2.5,2820,14250,2.0,0,0,11,2820,0,1991,0,47.6396,2820,12600,13.487006490992238
3,1.75,1210,7350,1.0,0,0,7,1210,0,1977,0,47.7,1610,7313,13.253391639810733
3,2.25,1646,7364,2.0,0,0,7,1646,0,1994,0,47.3646,1975,9161,12.636230366228709
3,1.0,1050,7577,1.0,0,0,7,1050,0,1983,0,47.2891,1430,7245,12.175613438045465
1,1.0,830,3200,1.0,0,0,7,830,0,1924,0,47.6557,1350,2512,13.17115354157376
2,1.0,700,6000,1.0,0,0,6,700,0,1943,0,47.4671,1320,6000,12.323855681186558
4,2.5,2632,4117,2.0,0,0,8,2632,0,2013,0,47.3428,2040,5195,12.765545566117686
4,2.75,2260,5705,2.0,0,0,8,2260,0,2014,0,47.3726,2260,5727,12.793720411897448
3,2.25,2280,8765,2.0,0,0,8,2280,0,1977,0,47.4419,1920,8265,12.782686009834167
3,1.0,1300,20812,1.0,0,0,6,1300,0,1927,0,47.5435,1210,17340,12.611537753638338
3,2.5,2030,1160,3.0,0,0,9,1970,60,2007,0,47.6213,1950,1160,13.721199878493033
2,1.0,1470,6398,1.0,0,0,7,970,500,1941,0,47.6716,1950,6398,13.308012724290958
3,1.5,1950,7560,1.0,0,2,7,1320,630,1975,0,47.1976,1950,8941,12.505992035646432
4,2.5,5300,26211,2.0,1,2,10,4570,730,1923,0,47.661,3890,19281,14.753562781619943
3,2.25,1540,1005,3.0,0,0,8,1540,0,2008,0,47.6828,1510,1501,13.244581010128577
3,1.75,1710,15844,1.0,0,0,8,1710,0,1964,0,47.4706,1990,20359,12.68354828961461
3,2.25,1413,3403,2.0,0,0,8,1413,0,2009,0,47.4196,1763,3719,12.468436909997665
3,1.75,2070,5500,1.0,0,0,7,1130,940,1946,0,47.6733,1800,4400,13.37700559577791
4,2.5,3260,5974,2.0,0,1,9,2820,440,2007,0,47.6772,2260,6780,13.864300722133706
4,1.75,1700,8640,1.0,0,0,7,850,850,1955,0,47.5772,1620,9000,12.84397135185964
3,2.25,1990,6350,2.0,0,0,7,1990,0,1967,0,47.3822,1220,6250,12.100712129872347
2,1.0,1620,9855,1.0,0,4,8,1320,300,1948,0,47.5264,1820,7700,13.458835614025542
2,1.0,1150,6098,1.0,0,0,7,950,200,1948,0,47.7259,1790,8455,12.54966234992025
3,3.0,3740,39640,2.0,0,2,10,3740,0,1991,0,47.4036,2930,26136,13.578521599828012
3,2.5,1880,7000,2.0,0,0,8,1880,0,1993,0,47.4206,1880,7000,12.66032791780777
4,2.75,3130,139392,2.0,0,0,9,3130,0,1981,0,47.3535,2720,104544,13.244581010128577
4,1.75,2520,8442,1.0,0,0,7,1640,880,1953,0,47.6317,2110,8442,13.554145793829866
5,4.5,3100,7260,2.0,0,0,8,3100,0,1963,2000,47.5004,1650,7700,13.038981768465277
3,2.25,1720,8521,1.0,0,0,7,1140,580,1984,0,47.6882,1530,8692,13.350295445450335
3,2.0,1170,10051,1.0,0,0,7,1170,0,1957,0,47.4229,1440,9800,12.206072645530174
4,1.75,1820,8118,1.0,0,0,7,1080,740,1980,0,47.4104,1810,8050,12.483704382128453
4,2.0,2970,52567,2.0,0,0,8,2970,0,1924,1985,47.7333,3280,46676,13.407542319637992
4,1.75,2090,8164,1.0,0,0,8,1070,1020,1963,0,47.6715,1310,7975,13.272506035834049
2,1.0,1190,27007,1.0,0,0,5,1190,0,1910,0,47.524,1730,12632,12.180754837545884
3,2.5,2670,47480,2.0,0,3,9,2670,0,1981,0,47.7443,2760,42800,13.312983737012978
2,1.0,1140,23779,1.5,0,0,6,1140,0,1966,0,47.6948,2940,8417,13.275084464421992
3,2.5,2110,208737,2.0,0,3,9,2110,0,1977,0,47.2674,2390,125017,13.122363377404328
5,1.5,1750,12491,1.0,0,0,6,1390,360,1961,0,47.6995,1560,12473,13.049792684569493
3,1.5,1490,12186,1.0,0,0,7,1490,0,1950,0,47.7739,1180,14285,12.818248353914994
4,1.75,2460,10061,1.0,1,4,7,1410,1050,1961,0,47.5105,2300,10061,13.579788224443204
4,2.5,2070,4427,2.0,0,0,7,2070,0,2007,0,47.5208,2070,4556,12.959844447906553
4,2.5,2670,11877,2.0,0,0,9,2670,0,1996,0,47.6327,2430,11333,13.414958361716755
2,1.0,2320,11250,2.0,0,0,6,2320,0,1942,0,47.504,1620,11250,12.793859310432293
3,2.5,1800,14036,2.0,0,0,8,1800,0,1993,0,47.7334,2450,14025,12.959844447906553
3,1.75,1350,7370,1.0,0,0,6,1350,0,1912,0,47.5336,1440,6000,12.154779351142624
4,4.25,4470,5884,2.0,0,1,11,3230,1240,2010,0,47.6387,2570,6000,14.897315728316002
4,2.5,1904,8200,2.0,0,0,7,1904,0,1999,0,47.3107,1560,12426,12.80765263256463
3,1.0,1030,9916,1.0,0,0,7,1030,0,1972,0,47.7218,1470,9044,12.611371073081239
3,2.5,2030,2805,2.0,0,0,8,1720,310,2001,0,47.5305,1670,2898,13.062613372998555
4,2.5,3420,17038,2.0,0,0,9,3420,0,2007,0,47.718,2520,14190,13.487006490992238
2,1.0,710,4618,1.0,0,1,5,710,0,1925,0,47.64,1810,4988,12.834681304952548
3,1.75,1480,7830,1.0,0,0,7,1480,0,1980,0,47.1967,1130,7553,12.377922902456833
6,3.0,3420,22421,1.0,0,0,9,2270,1150,1948,0,47.5508,2430,15560,13.790192749979985
4,2.25,2450,11960,1.0,0,0,10,2450,0,1979,0,47.6351,2600,11960,13.475833190394113
3,1.75,1900,3783,1.5,0,0,7,1110,790,1927,0,47.5742,1530,5098,13.329377546788654
5,1.5,1720,5000,1.5,0,0,8,1720,0,1915,0,47.6627,1720,5000,13.560618308335483
5,3.25,2740,9629,1.0,0,0,7,1390,1350,1977,0,47.7645,2150,10500,13.151922179645874
3,2.5,1890,6300,2.0,0,0,7,1890,0,2003,0,47.3673,2100,6525,12.644327576461329
3,1.5,1570,6450,1.5,0,0,6,1570,0,1931,0,47.2021,1400,6450,12.037653993905211
3,2.25,2030,7350,1.0,0,0,7,1190,840,1977,0,47.6939,1950,7350,13.284482226880764
4,2.0,1820,7626,1.0,0,0,7,990,830,1941,0,47.6878,1390,5904,13.312983737012978
4,3.0,3150,9318,2.0,0,0,9,3150,0,2001,0,47.5959,3150,9318,13.465953081794405
2,1.0,860,3880,1.0,0,0,6,860,0,1916,0,47.6862,1230,4260,12.948009990259552
4,2.5,2310,6200,2.0,0,0,8,2310,0,1998,0,47.3321,2480,6200,12.718896271958837
3,2.5,2420,198198,2.0,0,0,9,2420,0,1997,0,47.772,2780,179467,13.44806351704363
3,2.25,1820,19602,1.0,0,0,7,1820,0,1964,0,47.331,1520,8773,12.533576212168626
5,1.0,1340,11198,1.5,0,0,8,1340,0,1934,0,47.736,1390,8020,12.754049534926956
3,2.5,1770,1714,3.0,0,0,8,1770,0,2012,0,47.6532,1720,3360,13.417269294945429
3,1.0,1300,9600,1.0,0,0,6,1300,0,1975,0,47.3037,1150,10222,12.180754837545884
3,1.75,1870,12381,1.0,0,0,8,1870,0,1957,0,47.3358,1950,12667,12.658739355122632
3,2.5,3380,9528,2.0,0,0,10,3380,0,1994,0,47.5275,3630,14089,13.529160930746272
3,1.0,1240,4842,1.0,0,0,6,1240,0,1916,0,47.5166,1540,5110,12.254862809699606
3,2.25,1700,7210,1.0,0,0,7,1250,450,1974,0,47.3546,2070,7300,12.542544882151386
3,2.5,2040,11211,2.0,0,0,8,2040,0,2000,0,47.4867,1830,11964,12.94084150078094
4,1.5,1890,7540,1.0,0,0,7,1890,0,1967,0,47.7534,1890,8515,12.706847933442663
2,1.75,1210,1040,2.0,0,0,8,1210,0,2014,0,47.5519,1210,1090,12.786011933487384
3,2.0,1820,17600,1.0,0,0,7,1820,0,1972,0,47.4703,2190,17440,12.676076274775909
1,1.5,1200,44866,1.5,0,0,7,1200,0,1983,0,47.7205,1480,67082,12.84792653170257
1,1.0,530,6350,1.0,0,0,5,530,0,1941,0,47.6946,1200,6350,12.380025952653611
5,2.0,2290,7125,1.0,0,0,7,1190,1100,1964,0,47.634,1460,7920,13.270783382522602
4,1.75,2520,7770,1.0,0,0,8,1680,840,1965,0,47.7721,2340,7770,13.171724806942052
2,1.75,1670,6460,1.0,0,0,8,1670,0,2004,0,47.7123,2170,6254,13.13626628257332
4,2.5,3010,9000,2.0,0,0,8,3010,0,2008,0,47.4987,3250,5531,13.180632285528304
3,1.5,1310,8160,1.0,0,0,7,1310,0,1950,0,47.7291,1090,7560,12.80765263256463
3,2.75,2980,12600,1.5,0,0,8,1590,1390,1941,2012,47.674,1520,9660,13.710150042306449
2,1.5,1860,5100,1.0,0,0,7,1060,800,1940,0,47.5573,1710,5100,13.142166004700508
3,1.75,1430,10816,2.0,0,0,7,1430,0,1994,0,47.3122,1560,10816,12.128111104060462
3,1.75,1740,8424,1.0,0,0,7,1040,700,1954,0,47.7508,1370,8424,12.80628183043085
3,2.5,3320,11875,1.0,0,0,10,3320,0,1979,0,47.7212,3730,11875,13.773646353865574
3,2.5,1550,4486,2.0,0,0,7,1550,0,2000,0,47.3299,1700,4487,12.542544882151386
2,2.0,1560,4823,1.0,0,0,8,1560,0,2004,0,47.7111,1855,4989,13.159659162148026
3,1.0,1310,9529,1.0,0,0,7,1310,0,1956,0,47.4105,1330,9529,12.367340793126296
4,2.5,2490,8290,2.0,0,0,9,2490,0,1999,0,47.3305,2690,7008,12.873902018105829
4,2.5,2430,44001,1.0,0,0,8,2430,0,1994,0,47.7125,2200,46924,13.253391639810733
3,1.5,1890,7650,1.0,0,0,7,1890,0,1966,0,47.3454,1510,7560,12.691580461311874
4,2.75,4280,12668,2.0,0,0,9,3900,380,1947,2008,47.6185,3590,12670,14.457364444136669
4,3.0,2230,108900,1.0,0,0,7,1410,820,1978,0,47.52,1960,65340,13.038981768465277
2,1.0,1270,8164,1.0,0,0,6,1270,0,1941,0,47.7116,1580,9095,12.873902018105829
7,3.0,5350,14400,2.5,0,0,10,5020,330,1910,0,47.6295,3050,7469,14.875035457924337
4,2.5,2500,11070,1.0,0,2,8,1300,1200,1964,0,47.336,2500,11070,12.84792653170257
6,3.5,2120,5840,2.0,0,0,7,2120,0,1979,0,47.4788,1860,8000,12.666657052859417
3,1.0,1230,6380,1.5,0,0,7,1230,0,1927,0,47.6947,1250,6380,13.514405465180353
3,2.5,2420,43177,2.0,0,4,8,1690,730,1989,0,47.569,3740,8717,13.51425410237423
4,3.0,3350,199253,2.0,0,0,10,3350,0,2004,0,47.3602,3350,183897,13.514405465180353
4,2.5,2540,4241,2.0,0,0,8,2540,0,2009,0,47.7073,3010,4929,13.482831119581757
4,2.5,2340,10800,1.0,0,0,8,2340,0,1953,2007,47.5715,2650,13500,13.687677186454389
3,2.75,1730,4131,2.0,0,2,7,1480,250,1975,0,47.5327,1570,4120,12.468436909997665
3,1.75,1340,6300,1.0,0,0,7,1340,0,1972,0,47.7186,1780,7200,12.777052192115912
6,3.75,3810,6150,2.0,0,0,8,3810,0,1977,0,47.694,1830,5125,13.541073712262515
4,2.5,2270,5000,2.0,0,0,9,2270,0,2014,0,47.6916,1210,5000,13.607255619143816
4,2.75,2720,4613,2.0,0,0,9,2720,0,2005,0,47.7352,2830,4836,13.294634598344782
2,1.5,2060,7713,1.5,0,0,7,2060,0,1930,0,47.3722,1780,7713,12.271392111650817
2,1.0,1320,8380,1.0,0,0,7,1320,0,1953,0,47.705,1290,8025,13.010313873595706
3,1.75,1930,8442,1.0,0,0,7,1930,0,1953,0,47.6313,1790,8442,13.623138665316818
3,1.75,1570,15330,1.0,0,0,7,1080,490,1956,0,47.4608,1250,13330,12.823957341589573
2,1.0,700,9500,1.0,0,0,6,700,0,1951,0,47.5294,1020,5617,12.154779351142624
6,2.25,2930,15949,1.0,0,0,8,1730,1200,1965,0,47.7188,1730,8550,12.969911254212652
4,3.75,4410,9231,3.0,0,3,11,4410,0,2001,0,47.5427,2160,6600,14.178416051653642
3,2.5,1480,4729,2.0,0,0,7,1480,0,2004,0,47.6794,2250,4729,13.15483056754183
4,3.5,3980,209523,2.0,0,2,9,3980,0,2006,0,47.5574,2220,65775,13.604789526648622
4,1.75,1790,5341,1.0,0,0,7,1050,740,1951,0,47.4663,1540,6916,12.601487417784837
4,4.0,4320,8709,2.0,0,0,11,3190,1130,2006,0,47.5369,4010,8321,13.864300722133706
3,1.5,2680,4775,2.0,0,2,8,1880,800,1913,0,47.6333,2280,5947,14.119312012295937
3,1.75,1660,9673,1.0,0,0,7,1130,530,1976,0,47.7628,1260,9681,12.834681304952548
3,1.0,1380,8147,1.0,0,0,7,1380,0,1948,0,47.7407,1360,8147,12.84792653170257
4,1.0,1670,8102,1.5,0,0,6,1670,0,1944,0,47.4692,1310,7906,12.714395139078047
3,2.5,2300,9521,2.0,0,0,8,2300,0,2003,0,47.7447,3020,10042,12.983101310070822
5,2.5,2920,5568,2.0,0,0,8,2320,600,1906,0,47.6265,2970,5568,13.681979165339751
3,1.5,1220,962,3.0,0,0,8,1220,0,2014,0,47.674,1510,2501,13.122363377404328
3,2.5,1580,991,3.0,0,0,9,1580,0,2009,0,47.6276,1610,1297,13.496681756515656
3,1.0,1220,7585,1.0,0,0,7,1220,0,1954,0,47.6094,1380,8918,13.547631112808673
3,1.0,1250,20040,1.0,0,0,7,1250,0,1970,0,47.7514,1640,19840,12.669806661762314
3,1.75,1300,958,2.0,0,0,7,840,460,2011,0,47.5677,1340,1254,12.706847933442663
3,2.5,1530,9406,1.0,0,0,7,1270,260,1993,0,47.4852,1700,7682,12.712890247898626
5,2.75,2670,4780,2.0,0,0,8,2670,0,2013,0,47.4866,2560,5380,13.081541382884074
4,4.75,5230,89298,2.5,0,0,11,5230,0,2002,0,47.4097,4110,107153,14.115615150414612
3,1.75,2340,57499,1.0,0,0,8,2340,0,1988,0,47.6989,3260,137649,13.304684934198283
4,2.75,2420,8438,2.0,0,0,8,2420,0,1996,0,47.2091,2420,8580,12.637851815197195
2,1.5,1480,7276,1.0,0,0,6,940,540,1978,0,47.4942,1090,6710,12.504323669331189
4,2.25,2550,7650,2.0,0,2,9,2550,0,1996,0,47.5296,2550,7650,13.049792684569493
4,2.5,2690,4736,2.0,0,0,7,2690,0,2001,0,47.6869,2690,4791,13.317930160948304
3,2.25,2430,73151,1.0,0,0,8,2430,0,1974,0,47.4749,2800,39250,13.169246963303179
4,2.25,2840,20242,1.0,0,0,8,2240,600,1972,0,47.639,2840,20372,13.950915194970477
2,2.5,1780,1311,3.0,0,0,8,1350,430,2005,0,47.6962,1390,1227,12.895462777212407
4,4.25,5180,13077,2.0,0,3,12,4280,900,1998,0,47.5513,5030,15069,14.212943494375175
2,1.0,910,6490,1.0,0,0,7,910,0,1942,0,47.6892,1040,6490,12.911642346088676
4,2.5,2100,8220,1.0,0,0,8,1300,800,1975,0,47.6733,2160,8348,13.316284070041636
3,2.0,2080,12972,1.0,0,0,7,1250,830,1981,0,47.3733,1530,10089,12.871334622600584
4,1.75,1950,12500,1.0,0,0,7,1330,620,1963,0,47.4999,1760,11520,12.691580461311874
3,1.0,1120,9656,1.0,0,0,7,1120,0,1955,0,47.567,1720,9908,12.983101310070822
4,1.75,1790,7175,1.5,0,0,6,1410,380,1900,0,47.4963,1790,8417,12.095141084822892
3,1.0,990,7590,1.0,0,0,6,990,0,1959,0,47.6228,1100,7590,12.777052192115912
3,1.75,1410,1988,2.0,0,0,8,1410,0,2014,0,47.5171,1410,1899,12.52379883933033
5,3.5,3420,8000,2.0,0,0,10,3420,0,2006,0,47.5736,1900,8000,14.179382540974075
4,2.0,2290,6000,1.5,0,3,7,2290,0,1900,0,47.6807,2000,3150,13.437174117244362
2,1.0,640,7768,1.0,0,0,6,640,0,1942,0,47.515,840,7424,12.013700752882718
4,2.5,3250,235063,1.0,0,2,9,3250,0,1973,0,47.2582,1600,44287,12.587927887999204
2,1.0,820,3844,1.0,0,0,6,820,0,1916,0,47.7049,1520,3844,12.611537753638338
4,3.5,2630,3435,1.5,0,3,7,1640,990,1984,0,47.4355,1920,2435,12.691580461311874
4,2.25,2280,7229,2.0,0,0,8,2280,0,1984,0,47.5609,2320,7735,13.390365565026766
3,1.5,1200,9120,1.0,0,0,7,1000,200,1963,0,47.4545,1640,9200,12.220961258023925
4,1.0,1320,11212,1.0,0,0,6,1320,0,1914,0,47.3098,1060,6766,12.429216196844383
3,1.75,1980,11274,1.0,0,0,7,1480,500,1968,0,47.4474,1520,8010,12.611371073081239
4,2.5,1980,12062,2.0,0,0,8,1980,0,1992,0,47.4038,2300,7902,12.834547962729536
2,1.0,1100,4010,1.5,0,0,6,1100,0,1920,0,47.5296,980,4501,12.611537753638338
4,2.75,2890,5000,1.5,0,0,8,1990,900,1911,2014,47.6768,1080,3750,13.70848198520575
2,1.0,1320,4520,1.0,0,1,6,1320,0,1912,1971,47.5655,1420,4560,13.020452460588517
3,3.75,1950,8625,1.0,0,0,8,1360,590,1959,0,47.505,1950,6670,12.751589509086095
4,2.5,2680,8062,1.0,0,3,7,1530,1150,1967,0,47.4132,1920,8600,13.060487973686241
3,1.75,1390,7399,1.0,0,0,7,1390,0,1975,0,47.4183,1460,7800,12.4130868149145
4,2.5,2300,9900,1.0,0,2,8,1600,700,1961,0,47.5256,2510,7500,13.514405465180353
3,1.75,1640,4590,1.5,0,0,7,1640,0,1951,0,47.6846,1760,5100,13.458835614025542
3,2.5,3630,11019,1.0,0,0,9,2150,1480,1972,0,47.561,3150,13555,13.897090544956697
4,4.0,3770,8899,2.0,0,0,10,2940,830,2006,0,47.6476,3300,8308,13.914903301842308
5,2.25,2120,4000,1.5,0,0,7,1720,400,1910,0,47.644,1960,4000,13.432784936825598
3,2.0,2270,148975,1.0,0,0,6,1270,1000,1900,1980,47.5092,2210,17388,13.021437458814368
5,3.0,2730,6000,1.0,0,0,8,1470,1260,1979,0,47.4994,2590,6000,12.994530005894443
3,1.0,1310,8400,1.0,0,0,7,1310,0,1972,1989,47.7253,1680,8000,12.834681304952548
3,2.75,2680,20104,1.0,0,0,9,1820,860,1964,0,47.6304,3060,19837,14.093142294562554
3,1.75,1650,7276,1.5,0,4,7,1150,500,1928,0,47.6989,2300,8088,13.480037821676145
3,2.5,1630,10762,1.0,0,0,7,1630,0,1994,0,47.7508,1770,10762,12.959844447906553
3,1.75,1360,18123,1.0,0,0,8,1360,0,1983,0,47.4716,1570,16817,12.765688433465597
3,2.5,1450,11480,2.0,0,0,7,1450,0,1990,0,47.672,2080,87991,12.641096555879882
4,1.0,1820,5500,1.5,0,0,6,1820,0,1947,0,47.5185,1140,5500,12.813117127036707
4,4.25,5860,52889,2.0,0,0,10,4910,950,1996,0,47.7245,3320,39066,13.961513852084117
3,2.5,1610,6000,2.0,0,0,7,1610,0,1993,0,47.349,1570,6000,12.54966234992025
4,3.5,4740,8611,2.0,0,3,11,3640,1100,2006,0,47.5375,4042,8321,14.114874135189893
3,1.0,920,14400,1.0,0,0,7,920,0,1977,0,47.2816,1170,9600,12.266697267346608
3,1.75,1640,10123,1.0,0,0,8,1340,300,1977,0,47.7698,2210,10852,13.062613372998555
3,1.5,1780,16000,1.0,0,0,7,1240,540,1960,0,47.419,1860,9775,12.538967060803502
2,1.75,1300,4000,2.0,0,0,7,1300,0,1948,0,47.6687,1350,4013,12.994530005894443
2,2.0,1660,5200,1.0,0,0,7,1120,540,1906,0,47.6871,1260,5160,13.306599766403055
3,1.0,1050,6002,1.0,0,0,7,840,210,1941,0,47.6988,1180,6003,12.934828253557487
3,1.0,1840,8100,1.0,0,0,7,920,920,1953,0,47.455,1250,8100,12.736700896592344
3,2.5,1350,3068,2.0,0,0,7,1350,0,1991,0,47.6099,1900,4000,13.32612021491835
4,2.5,2717,4513,2.0,0,0,8,2717,0,2005,0,47.3373,2550,4841,12.732279371334467
4,2.75,2500,11659,1.0,0,2,9,1490,1010,1979,0,47.3381,2830,9915,12.765688433465597
3,2.25,1630,2520,2.0,0,0,7,1630,0,2005,0,47.5493,1630,3131,13.071070083016778
5,1.0,1860,3040,1.5,0,0,7,1530,330,1921,0,47.6559,1910,3600,13.560618308335483
4,2.5,2190,12690,1.0,0,2,8,1170,1020,1973,0,47.6627,2630,10843,13.632788921148979
3,2.0,1140,6000,1.0,0,0,7,1140,0,1909,0,47.637,1260,4000,13.399995114002609
4,2.5,2560,5593,2.0,0,0,7,2560,0,2001,0,47.6886,2800,5890,13.304684934198283
4,3.5,3080,4815,2.0,0,3,10,2300,780,1937,2009,47.6417,2910,5350,14.319311566793301
3,3.0,2230,1407,2.5,0,0,8,1850,380,2013,0,47.5446,2290,1407,13.36138027787483
3,3.5,3600,37982,2.0,0,0,8,3600,0,1996,0,47.6982,2050,18019,13.399995114002609
3,3.0,2010,2554,2.0,0,0,7,1860,150,2001,0,47.5525,1370,5100,13.071070083016778
3,2.5,2230,4006,2.0,0,0,8,2230,0,2014,0,47.73,2230,4180,13.458835614025542
3,2.5,1920,4534,2.0,0,0,8,1920,0,1986,0,47.7144,1380,5100,13.071070083016778
3,1.5,1400,9750,1.0,0,0,6,1400,0,1964,0,47.3768,1160,9750,12.524526376648708
5,1.75,2550,71874,1.0,0,0,7,1810,740,1960,0,47.4845,2170,51400,13.17284354129086
4,2.0,1770,6000,2.0,0,0,7,1770,0,1911,1981,47.6493,1340,6000,13.353475098367715
3,1.0,1220,8329,1.0,0,0,6,1220,0,1946,0,47.6982,1490,8322,12.86747112777554
3,1.0,990,8012,1.0,0,0,7,990,0,1966,0,47.4557,1260,9060,12.323855681186558
3,2.5,3100,20553,1.0,0,0,10,3100,0,1954,0,47.7635,3000,22302,13.742939865129438
3,1.75,1250,3880,1.0,0,0,7,750,500,1944,0,47.6869,1240,3880,13.002960280156547
2,1.75,1700,18000,1.0,0,0,8,1700,0,1972,0,47.5066,1700,8225,12.577636201962656
2,2.5,1700,6635,2.0,0,0,8,1700,0,1976,0,47.6655,1700,6635,12.916568464424731
3,1.75,1370,2800,1.0,0,0,7,800,570,1982,0,47.6157,2270,3773,13.24147885829449
5,1.75,1250,10530,1.0,0,0,7,1250,0,1966,0,47.6101,1560,8190,13.043320170063875
4,2.0,2390,23972,2.0,0,0,7,1720,670,1949,0,47.3197,1950,22750,12.634603026569334
5,3.5,5930,13288,2.0,0,2,11,3920,2010,1996,0,47.5542,3860,12062,14.234220892822458
3,2.5,1860,15457,2.0,0,0,8,1860,0,1997,0,47.7383,2040,14055,12.92391243868049
3,1.0,970,9583,1.0,0,0,6,970,0,1967,0,47.3044,970,7875,12.25462468611234
4,2.5,1990,3980,2.0,0,0,7,1990,0,2002,0,47.4445,1990,4373,12.70076888736628
5,3.75,3630,6000,1.5,0,0,9,2470,1160,2004,0,47.6816,2560,7560,13.981024996441848
3,2.5,1880,4200,2.0,0,0,7,1880,0,2007,0,47.366,2090,4200,12.611537753638338
3,3.0,2410,7479,2.0,0,2,7,2410,0,1942,1988,47.7394,2610,7479,13.193753373491
5,3.0,2370,6000,1.5,0,2,8,1340,1030,1926,2003,47.6645,1350,4500,13.554145793829866
4,2.25,2170,7007,1.0,0,0,8,1540,630,1974,0,47.672,2040,7700,13.239257128875828
4,3.25,3230,5000,1.5,0,0,7,1750,1480,1916,0,47.6702,1730,4000,13.62507618105977
3,1.75,1580,19998,1.0,0,0,7,1580,0,1968,0,47.3299,1860,19998,12.765688433465597
4,1.0,1460,6000,1.0,0,0,7,730,730,1941,0,47.4952,1190,6000,12.388185847286392
3,2.25,2020,3600,2.0,0,0,8,2020,0,1998,0,47.6678,2070,3699,13.228523573232719
4,4.0,4360,8175,2.5,1,4,10,3940,420,2007,0,47.5724,2670,8525,14.648419680899378
3,1.75,1820,9545,1.0,0,0,7,1230,590,1976,0,47.7772,1790,9530,12.765688433465597
2,1.5,1240,1331,2.0,0,0,7,1050,190,2007,0,47.5959,1250,1431,12.847663339175718
4,2.5,1613,4338,2.0,0,0,7,1613,0,2009,0,47.3859,1427,4341,12.540757571577291
3,2.5,1750,22357,2.0,0,0,8,1750,0,1994,0,47.4807,2430,22357,12.987688474077727
4,2.75,3080,7242,2.0,0,0,9,3080,0,2014,0,47.6948,3010,7205,13.6989205603549
4,1.75,1660,6200,1.0,0,0,6,830,830,1948,0,47.56,1780,5968,12.676076274775909
3,1.0,990,8062,1.0,0,0,7,990,0,1960,0,47.4151,1420,8790,12.429216196844383
4,2.25,1910,8400,2.0,0,0,7,1910,0,1975,0,47.7352,1910,8400,12.983101310070822
3,1.0,1150,2496,1.0,0,0,6,1010,140,1947,0,47.5194,1340,1203,12.733755386362587
3,1.0,970,7503,1.0,0,0,6,970,0,1967,0,47.4688,1230,9504,12.013700752882718
4,2.5,2340,5600,2.0,0,0,7,2340,0,1921,2013,47.5117,1310,5600,13.190022025878143
3,1.75,2100,15480,1.0,0,0,7,2100,0,1983,0,47.2924,1330,15657,12.608198852372823
4,3.75,3730,17000,2.0,0,3,10,2820,910,1986,0,47.5355,3880,15550,14.262980960217469
3,0.75,1240,7200,1.0,0,0,7,1240,0,1947,0,47.7298,1210,7200,12.771386454580234
3,2.25,1590,9425,1.0,0,0,7,1170,420,1985,0,47.4291,1590,9394,12.535376392672774
3,3.25,1210,941,2.0,0,0,8,1000,210,2002,0,47.7114,1650,1493,12.765688433465597
4,2.5,2720,16454,1.0,0,1,9,1870,850,1963,0,47.5489,3560,15993,14.058456736574664
4,2.0,1820,9350,1.0,0,0,8,1820,0,1967,0,47.6288,2260,9299,13.161391764371807
2,1.0,960,5150,1.0,0,0,6,960,0,1951,0,47.5201,1010,5000,12.496874845318198
2,2.25,1460,1607,2.0,0,0,8,1460,0,2007,0,47.5395,1460,1826,12.644166273130065
4,1.5,2120,5000,2.0,0,0,8,2120,0,1900,0,47.6024,1830,5000,13.345506928718539
4,2.5,2420,3825,2.0,0,0,8,2420,0,2003,0,47.3687,1880,4250,12.604848765487542
4,3.5,3260,110579,2.0,0,0,10,3260,0,1997,0,47.6436,3470,97895,13.480037821676145
4,2.5,2240,5105,2.0,0,0,8,2240,0,2002,0,47.3922,1920,5288,12.691580461311874
5,2.25,2550,9200,1.0,0,0,8,1580,970,1975,0,47.4673,2090,9200,13.025852477023484
5,2.5,4600,23250,1.5,0,2,9,3600,1000,1918,2003,47.623,5500,20066,14.694307085410848
4,2.75,3390,16153,1.0,0,0,7,1970,1420,1961,0,47.3954,2530,8495,12.765688433465597
3,2.0,2320,65340,1.5,0,0,9,2320,0,1992,0,47.6106,3100,59603,13.676248490630767
4,2.5,2150,7670,1.0,0,0,7,1240,910,1976,0,47.3942,1610,7350,12.345617172968069
3,2.5,2529,9653,2.0,0,0,7,2529,0,2012,0,47.3738,2533,6125,12.823822561617671
3,2.5,2490,7589,2.0,0,0,9,2490,0,1991,0,47.5355,2500,10386,13.257768014410532
3,2.25,1990,8501,2.0,0,0,8,1990,0,1991,0,47.5707,2090,6459,13.24422696516117
4,2.0,2020,48693,1.5,0,0,7,2020,0,1949,0,47.4646,1610,34900,12.782686009834167
3,1.0,1050,5156,1.5,0,0,7,1050,0,1919,0,47.5169,1050,5502,12.013700752882718
4,2.5,2570,4480,1.5,0,0,8,1580,990,1927,0,47.6701,2070,4480,13.697852514496041
3,2.5,2660,13367,2.0,0,2,10,2660,0,1992,0,47.6501,2660,13367,14.457890621470566
3,2.0,2070,9195,1.0,0,0,8,1220,850,1982,0,47.6491,2080,9551,13.197470849891134
5,3.0,3010,7357,2.0,0,0,9,3010,0,2008,0,47.7226,2370,8050,13.3999193535571
3,1.5,1290,7100,1.0,0,0,6,1290,0,1954,0,47.4227,1300,7183,12.487485104968359
3,2.5,1950,9618,2.0,0,0,7,1950,0,1992,0,47.4068,1890,7133,12.66032791780777
3,2.5,2400,7478,2.0,0,0,9,2400,0,2002,0,47.7362,2980,8182,13.102058624063964
3,1.0,1470,6122,1.0,0,0,8,1200,270,1948,0,47.6517,2200,6122,13.38779984090879
4,2.5,1830,6360,2.0,0,0,8,1830,0,1994,0,47.4184,1830,6596,12.556729517143344
3,1.75,1800,9314,2.0,0,0,8,1800,0,1979,0,47.7762,2100,9658,12.506177237980511
2,1.0,720,5160,1.0,0,0,6,720,0,1949,0,47.5274,990,5160,12.423198124518821
4,2.25,3040,10283,1.0,0,0,8,1430,1610,1984,0,47.6268,1870,11074,13.199324418540456
3,2.5,2060,7658,2.0,0,0,8,2060,0,2003,0,47.2923,2250,7299,12.687881320225673
4,2.5,2950,48351,2.0,0,0,10,2950,0,1986,0,47.5938,2870,34417,13.635187003832993
2,1.75,1350,4003,1.0,0,0,8,1350,0,2004,0,47.7176,1350,4479,12.971540487669746
2,2.25,1390,916,2.0,0,0,8,1165,225,2007,0,47.6168,1415,1488,13.345506928718539
3,1.0,1020,4800,1.0,0,0,7,1020,0,1944,0,47.5615,1400,5465,12.84792653170257
3,2.5,2060,4812,2.0,0,0,8,2060,0,1990,0,47.5793,1930,5264,13.186276703147982
4,1.75,1360,4840,1.5,0,0,7,1360,0,1928,0,47.556,1320,4840,12.897969044188466
4,2.5,3140,12591,2.0,0,0,9,3140,0,1993,0,47.3826,2650,11720,13.047639831208393
4,1.5,2550,4000,1.5,0,0,7,1760,790,1926,0,47.6811,1840,4000,13.37700559577791
3,1.75,1650,5000,1.5,0,0,8,1650,0,1900,0,47.6743,1630,5000,13.500799813124575
4,2.25,2670,10050,1.0,0,0,8,1420,1250,1962,0,47.3792,2190,10050,12.524526376648708
4,3.0,3310,217800,1.5,0,0,9,3310,0,1989,0,47.6616,2810,217800,14.038654109278484
3,1.5,1910,21374,1.0,0,0,8,1910,0,1955,0,47.6453,2850,16167,14.22097566607244
3,2.0,2350,8459,1.5,0,0,9,2350,0,1989,0,47.3043,2430,8459,12.733755386362587
3,2.0,1080,9225,1.0,0,0,7,1080,0,1955,0,47.4842,1410,9840,11.900905258737373
3,2.25,2190,8188,2.0,0,0,8,1810,380,1978,0,47.6883,2190,8374,13.270783382522602
3,2.0,1450,9044,2.0,0,0,7,1450,0,1990,0,47.1955,1450,9044,12.312682380588432
4,2.75,3140,10918,1.0,0,0,8,1900,1240,1968,1986,47.7086,3170,10918,13.253391639810733
4,3.25,3160,6327,2.0,0,0,9,2280,880,2004,0,47.536,3160,5946,13.641157170819497
3,1.75,1950,10633,1.0,0,0,7,1250,700,1978,0,47.7019,1290,6380,13.270783382522602
8,3.5,4440,6480,2.0,0,3,10,3140,1300,1959,0,47.631,4440,8640,14.493544100714171
4,3.25,3410,34939,2.0,0,0,9,2470,940,1992,0,47.459,2450,39045,13.279367126213993
3,2.25,2580,6000,2.0,0,0,8,1780,800,1925,0,47.5778,2300,5995,13.407542319637992
3,3.25,1830,1804,3.0,0,0,8,1830,0,2014,0,47.6945,1830,1804,13.304601597392535
3,2.5,1380,1590,2.0,0,0,9,1160,220,2012,0,47.5444,1380,1590,12.765688433465597
3,1.75,2570,14033,1.0,0,2,8,2570,0,1953,0,47.4335,2550,16100,13.248996028337695
3,1.75,1840,17286,1.0,0,0,7,1440,400,1978,0,47.371,1840,14541,12.691580461311874
2,1.0,2550,21675,1.0,0,1,7,1610,940,1958,0,47.4013,2030,10591,13.008074231002201
3,1.75,1810,12600,1.0,0,0,7,1400,410,1977,0,47.7143,1934,12600,13.017002861746503
3,2.5,2810,6300,2.0,0,0,8,2810,0,2001,0,47.6077,2860,6630,13.493926933836812
3,2.5,1470,3999,2.0,0,0,7,1470,0,2003,0,47.5328,1960,4444,12.850554654108839
4,2.75,2440,15349,2.0,0,1,7,2440,0,1957,0,47.4117,2280,9250,12.959844447906553
4,3.0,2210,4191,2.0,0,0,7,2210,0,2004,0,47.2959,890,4288,12.66032791780777
2,1.5,988,1080,3.0,0,0,7,988,0,2007,0,47.7123,1128,1080,12.594730635321957
3,2.5,1650,2802,2.0,0,0,7,1650,0,2004,0,47.4328,1490,2084,12.429216196844383
4,1.5,1400,8500,2.0,0,0,7,1400,0,1975,0,47.3314,1580,7650,12.456831363877356
3,2.5,1720,6200,2.0,0,0,7,1720,0,2014,0,47.2137,1710,9520,12.449018824140563
3,1.75,2190,6450,1.0,0,0,8,1480,710,1957,0,47.5284,2190,6450,13.547631112808673
4,2.5,2480,16360,1.0,0,0,7,1510,970,1959,0,47.7638,1770,15205,13.235692062711331
3,1.75,1630,11800,1.0,0,0,7,1630,0,1971,0,47.4863,2090,57428,12.542544882151386
3,1.5,1700,8247,1.0,0,0,7,1010,690,1970,0,47.4216,1440,8400,12.425208175446844
3,2.0,1390,13464,1.0,0,0,7,1390,0,1987,0,47.3581,1720,12080,12.238539835667675
4,2.5,1700,9000,1.0,0,0,7,1700,0,1972,0,47.7306,1370,7592,12.92391243868049
4,3.0,2800,7198,2.0,0,0,8,2800,0,2002,0,47.3538,3610,7845,13.003579841414362
4,2.75,3800,9606,2.0,0,0,9,3800,0,2008,0,47.7368,3400,9677,13.500799813124575
3,1.75,2120,9350,1.0,0,0,7,1280,840,1979,0,47.7562,2200,9000,12.966878474563934
2,1.0,860,5265,1.0,0,0,6,860,0,1931,0,47.5048,1650,8775,12.043553716032399
2,1.5,1540,6549,2.0,0,0,7,1540,0,1980,0,47.7189,1470,6552,13.120361374733656
3,1.75,1610,11200,1.0,0,0,7,1610,0,1955,0,47.6641,1610,11200,13.017002861746503
3,2.5,1750,6725,1.0,0,0,7,1330,420,1993,0,47.352,1670,7744,12.201060103706629
3,2.0,1290,5757,1.0,0,0,7,1290,0,1994,0,47.3175,1580,6798,12.206072645530174
2,1.0,710,5200,1.0,0,2,6,710,0,1942,0,47.5376,1610,5200,12.676076274775909
3,1.0,1080,4930,1.0,0,0,6,1080,0,1950,0,47.5209,1100,5950,12.487485104968359
4,3.5,3990,11270,2.0,0,3,9,2930,1060,2007,0,47.488,1980,11328,13.319573546692034
4,2.0,1350,942,3.0,0,0,7,1350,0,2008,0,47.5394,1390,942,12.626426366132089
3,2.25,1450,1540,2.0,0,0,8,1180,270,2005,0,47.6685,1450,1540,13.049792684569493
3,1.5,1780,23819,1.0,0,0,7,1780,0,1953,0,47.4912,1130,14450,12.4130868149145
4,2.75,2730,6856,2.0,0,0,8,2730,0,2003,0,47.7739,2520,5569,13.244581010128577
4,1.0,2500,35802,1.5,0,0,7,2500,0,1955,0,47.6488,2880,40510,13.652991628466498
5,2.0,2500,7804,1.5,0,0,7,1570,930,1921,0,47.5031,1170,7676,12.959844447906553
3,2.5,2000,9669,2.0,0,0,8,2000,0,1992,0,47.1964,1930,9202,12.689609289058494
3,1.75,1570,5120,1.0,0,2,7,980,590,1947,0,47.7166,2420,7200,12.994530005894443
2,1.0,790,5800,1.0,0,0,6,790,0,1943,0,47.6973,1460,5800,12.944432168911668
3,2.5,1480,8381,1.0,0,0,7,1480,0,1968,0,47.7078,1710,8050,13.212204081404119
3,1.5,1240,5000,1.0,0,2,7,1240,0,1964,0,47.5659,1050,5000,12.724866438945341
5,3.5,4380,14925,2.0,0,0,11,4380,0,2003,0,47.5848,4310,14633,13.758940206475879
4,1.0,1300,1651359,1.0,0,3,6,1300,0,1920,0,47.2313,2560,425581,13.458835614025542
4,2.5,1830,7762,2.0,0,0,8,1830,0,1993,0,47.267,2109,8966,12.691580461311874
4,3.5,4270,5800,2.0,0,3,10,3170,1100,1937,0,47.6474,3100,5800,14.120727983505116
3,2.25,1710,1193,2.0,0,0,9,1140,570,2014,0,47.6173,1510,1193,13.437174117244362
4,2.5,2960,6031,2.0,0,0,9,2960,0,2005,0,47.3596,2570,5012,13.01477816672439
4,2.5,3010,5040,2.0,0,0,8,3010,0,2006,0,47.709,1090,5040,13.122363377404328
3,3.0,2470,7410,2.0,0,0,8,1860,610,1977,0,47.6937,2390,7800,13.60602333309755
5,2.75,3060,7015,1.0,0,0,8,1600,1460,1979,0,47.5052,2190,7600,13.217491722495906
2,2.25,1470,1101,2.0,0,0,8,1340,130,2005,0,47.6768,1470,1582,13.142166004700508
3,1.0,1560,7800,1.0,0,0,7,1560,0,1955,0,47.4549,1468,9375,12.517227074167097
3,2.75,2600,12860,1.0,0,0,7,1350,1250,1965,0,47.695,2260,12954,12.971540487669746
2,1.0,720,5820,1.0,0,1,6,720,0,1950,0,47.7598,952,5820,12.765688433465597
3,2.25,1470,7857,1.0,0,0,7,1180,290,1973,0,47.4547,1900,7600,12.65075846679162
3,1.75,1300,5111,1.0,0,0,7,1300,0,1959,0,47.7005,1370,5111,12.96453929221076
4,3.5,3810,9792,2.0,0,0,9,3810,0,1938,2013,47.5018,1950,9792,13.623138665316818
4,2.5,2460,8029,2.0,0,0,9,2460,0,1989,0,47.6262,2420,7987,13.36648533510373
4,0.5,2300,5570,2.0,0,0,8,2300,0,1996,0,47.3285,1820,6371,12.652359748158593
3,3.25,1510,2000,2.0,0,0,9,1330,180,2001,0,47.5815,1510,1352,13.38472764187182
4,2.25,2240,9684,2.0,0,0,9,2240,0,1970,0,47.5489,2440,9618,13.7525707581904
3,1.0,1510,6083,1.0,0,0,6,860,650,1940,0,47.6966,1510,5712,12.936033799212835
3,2.5,2678,6607,2.0,0,0,9,2678,0,1998,0,47.738,2780,6607,13.210740488021742
4,3.5,3060,4777,2.0,0,0,9,3060,0,2007,0,47.555,3060,4935,13.514405465180353
3,2.75,2460,3600,2.0,0,0,9,2460,0,2007,0,47.5409,2570,3600,13.579788224443204
3,2.0,1540,6000,1.0,0,0,6,1540,0,1953,0,47.7372,1490,8213,12.341477282536376
3,1.0,1610,8500,1.5,0,0,7,1610,0,1959,0,47.3717,1070,8750,12.100712129872347
5,2.25,3440,5000,2.0,0,2,9,3440,0,1901,0,47.6127,2822,5000,14.018451401960965
4,2.75,2980,9825,1.0,0,0,8,1910,1070,2007,0,47.5073,2580,12231,13.132313708257497
3,2.0,1860,4777,2.0,0,0,7,1860,0,1908,0,47.6892,1580,3822,13.284482226880764
2,1.0,1630,12059,1.0,0,0,7,1270,360,1947,0,47.7228,1660,8800,13.122363377404328
4,2.25,2340,5250,2.0,0,0,7,2340,0,1965,0,47.5183,1540,5250,12.628067055589549
5,2.5,4250,20441,1.0,0,1,11,2490,1760,1984,0,47.6377,3620,16304,14.408837403242009
4,3.0,2010,7426,1.0,0,0,7,1090,920,1951,0,47.5042,1470,7426,12.644327576461329
3,2.5,1630,7700,1.0,0,0,7,1120,510,1978,0,47.3876,1640,8160,12.428816116823043
4,2.75,2890,46609,2.0,0,0,9,2890,0,1981,0,47.7454,2880,68824,13.39239051461739
4,2.25,2800,18673,1.0,0,0,9,1650,1150,1965,0,47.5893,2800,15300,13.753635154246187
3,2.5,1510,1178,2.0,0,0,8,1060,450,2007,0,47.6181,1510,1210,13.151922179645874
3,2.0,1860,7400,1.0,0,0,8,930,930,1922,2004,47.4598,1640,8461,12.86099861326992
3,2.5,2860,4442,2.0,0,0,8,2860,0,2000,0,47.661,1440,4400,13.591116224748411
3,3.25,1540,1487,2.0,0,0,8,1540,0,2011,0,47.5397,1620,1104,13.16158409055761
3,1.75,1880,11700,1.0,0,0,7,1880,0,1968,0,47.3213,2230,35200,12.609869696537642
5,1.75,2740,9600,1.0,0,0,7,1370,1370,1945,0,47.5738,1990,4800,13.060487973686241
3,3.25,1860,1787,3.0,0,0,8,1860,0,2007,0,47.7563,1830,1787,12.84779494409793
3,2.0,1370,78408,1.0,0,0,7,1370,0,1964,0,47.3867,1620,9690,12.779309529417562
3,1.0,1190,3600,1.5,0,0,6,1190,0,1904,0,47.5985,1680,3600,12.765688433465597
4,1.0,1150,2560,1.5,0,0,7,1150,0,1909,0,47.6368,1890,3000,13.091904169919621
3,2.5,1450,8977,1.0,0,0,8,1450,0,1990,0,47.2576,2410,8850,12.48937011966413
4,1.75,1850,6000,1.0,0,0,6,1270,580,1944,0,47.4923,1270,6600,12.345834587905333
4,2.5,2340,6973,2.0,0,0,8,1930,410,2005,0,47.5451,2950,6908,13.206704525838079
3,1.75,1670,8511,1.0,0,0,7,1340,330,1985,0,47.3257,1580,7218,12.468436909997665
3,1.0,1370,4040,1.5,0,0,7,1370,0,1906,0,47.6867,1220,3030,13.180632285528304
2,1.0,1410,5101,1.5,0,0,8,1410,0,1927,0,47.6872,1410,4224,13.397719800165472
4,2.5,2590,6474,2.0,0,0,8,2590,0,2014,0,47.5164,1960,8679,13.253195129275733
3,3.25,4220,41300,1.0,1,4,11,2460,1760,1958,1987,47.6083,3810,30401,15.009433026436708
3,1.0,1120,10701,1.0,0,0,7,1120,0,1954,0,47.5544,1130,6350,12.560244459250788
3,2.5,2520,3750,2.0,0,1,9,2520,0,1995,0,47.5671,2250,6200,13.681979165339751
4,3.5,3480,7232,2.0,0,0,9,2580,900,1926,2010,47.5859,2380,5642,14.224303456165114
4,1.0,1360,13372,1.0,0,0,7,1360,0,1955,0,47.7622,1540,10283,12.706847933442663
3,1.0,860,5060,1.5,0,0,7,860,0,1927,0,47.7062,880,5060,12.676076274775909
3,2.25,2350,51400,1.0,0,0,7,1390,960,1977,0,47.7417,2350,51400,13.044401835934616
2,1.0,1250,8100,1.0,0,0,7,1250,0,1947,0,47.7294,1710,8100,12.80765263256463
3,1.0,1270,8000,1.0,0,0,6,1270,0,1959,0,47.6175,1210,7875,13.071070083016778
3,2.0,1440,4421,1.0,0,0,8,1440,0,2007,0,47.7188,1440,4157,12.93313804429358
2,1.5,1820,7800,1.0,0,0,7,1240,580,1956,0,47.7513,1400,7800,13.038981768465277
4,4.25,4700,10800,2.0,0,1,11,3910,790,2002,0,47.6882,2370,7680,14.615267473582477
2,1.75,1530,3503,1.0,0,1,7,830,700,1916,0,47.6368,1280,1531,13.17115354157376
5,3.0,2190,9652,2.0,0,0,7,2190,0,1999,0,47.5049,1440,6710,12.945626198904275
3,2.25,2890,5000,3.0,0,0,9,2890,0,2014,0,47.6983,2020,5000,13.742939865129438
5,2.75,1510,5700,2.0,0,1,7,1510,0,1946,0,47.6653,2190,5700,13.815510557964274
3,1.75,1420,6984,1.0,0,0,7,980,440,1980,0,47.3748,1430,7875,12.388394202324129
4,2.75,2000,9083,2.0,0,0,7,2000,0,1992,0,47.3511,1690,7735,12.685407602204794
3,1.75,2140,13286,1.0,0,0,8,1220,920,1964,0,47.5722,2250,13286,13.266463721378086
3,1.0,1120,8321,1.0,0,0,6,1120,0,1941,1987,47.5631,1980,8671,12.901716706288706
3,1.75,2190,17550,1.0,0,0,7,2190,0,1989,0,47.6984,1700,17550,12.834681304952548
4,3.5,4740,172497,2.0,0,0,11,4740,0,2003,0,47.6779,2120,49658,13.997832114758229
4,4.5,5120,41327,2.0,0,0,10,3290,1830,2008,0,47.7009,3360,82764,14.028603773424983
3,1.0,1150,7260,1.0,0,0,7,1150,0,1959,0,47.7344,1200,7888,12.30591798049989
2,1.0,1220,10000,1.0,0,0,7,1220,0,1950,0,47.7405,2000,9600,12.706847933442663
4,3.0,2500,5000,1.5,0,0,7,1460,1040,1926,0,47.6895,1720,4500,13.415032991367148
3,2.25,2010,4400,1.5,0,0,7,2010,0,1986,0,47.4735,1720,4187,12.765688433465597
3,1.5,1330,7600,1.0,0,0,7,1330,0,1968,0,47.3103,1500,7776,12.292250341771226
5,1.75,2780,7786,1.0,0,0,8,1390,1390,1966,0,47.6694,2130,7918,13.176851562688398
3,2.5,2600,7210,2.0,0,0,8,2600,0,1989,0,47.5123,2350,7225,13.071070083016778
3,1.5,1280,5525,1.0,0,0,7,1280,0,1962,0,47.7339,1330,5286,12.74388094062605
5,2.25,3040,8111,2.0,0,0,8,3040,0,1984,0,47.7157,2020,8304,13.239257128875828
3,1.0,1130,12519,1.0,0,0,7,1130,0,1958,0,47.4965,1460,12507,12.301382825334498
2,1.5,1530,1012,2.0,0,0,8,1200,330,2005,0,47.602,1530,1425,13.017002861746503
3,1.5,1210,5200,1.0,0,0,6,1210,0,1969,0,47.3615,1120,5200,11.796787751319144
3,2.5,2090,10834,1.0,0,0,8,1360,730,1987,0,47.3537,1750,8595,12.560244459250788
4,2.75,1890,1475,2.0,0,0,9,1200,690,2015,0,47.6472,1650,1682,13.41652441595382
3,1.5,1720,8100,2.0,0,0,8,1720,0,1907,0,47.6746,2210,8100,13.410545324897761
4,1.0,1500,5750,1.5,0,0,6,1500,0,1925,0,47.4768,1330,5750,12.531772785169476
4,2.0,2130,5500,1.5,0,0,7,2130,0,1939,0,47.6807,1490,6000,13.543701834668783
2,1.0,860,7250,1.0,0,0,6,860,0,1949,0,47.7206,1270,7250,12.628067055589549
4,1.75,2460,5100,1.5,0,0,7,1450,1010,1909,0,47.6782,1560,5100,13.507625778194974
4,1.75,2251,12731,1.0,0,1,8,1390,861,1957,0,47.3369,2520,12539,12.628067055589549
2,1.5,1220,5000,1.0,0,2,7,1220,0,1938,0,47.6624,2090,3850,13.270783382522602
3,2.25,1600,39848,1.0,0,3,8,1600,0,1958,0,47.1991,1600,39848,12.84792653170257
3,3.0,3620,28064,2.0,1,4,10,2370,1250,1977,0,47.5516,2550,34713,14.6175121434363
3,1.75,2200,7700,1.0,0,0,7,1240,960,1975,0,47.4119,1770,7360,12.285807613549027
3,1.5,1240,7733,1.0,0,0,6,790,450,1941,0,47.714,1130,7733,12.834681304952548
5,3.25,5790,12739,2.0,0,3,10,4430,1360,2014,0,47.538,5790,13928,14.375126345899696
3,1.75,1430,13399,1.0,0,0,7,900,530,1946,0,47.4787,1720,6415,12.2783933071098
3,2.0,1550,15040,1.0,0,0,6,1550,0,1958,0,47.4873,1510,41416,12.429016176841717
3,1.5,1780,214315,1.0,0,0,7,1780,0,1954,0,47.7631,2740,133419,13.373900003219756
5,2.0,2800,17788,1.0,0,0,8,1400,1400,1963,0,47.6719,1760,18282,13.407542319637992
3,1.75,1510,8400,1.0,0,0,7,980,530,1979,0,47.4476,1500,10125,12.180754837545884
2,2.0,1680,4647,1.0,0,0,8,1680,0,2008,0,47.7088,1680,4950,13.235692062711331
3,1.0,1080,8100,1.0,0,0,7,1080,0,1955,0,47.777,1080,8100,12.733755386362587
4,2.0,2030,8120,2.0,0,0,7,2030,0,1950,0,47.4994,1520,9440,12.201060103706629
3,2.25,1670,107157,1.0,0,0,7,1670,0,2007,0,47.2743,3310,108900,12.959844447906553
4,2.5,2040,11841,2.0,0,0,7,2040,0,1994,0,47.3691,1730,8808,12.388394202324129
1,1.0,1180,22000,1.0,0,2,6,1180,0,1948,0,47.4007,1890,11761,12.343658308482738
2,1.0,870,11100,1.0,0,0,6,870,0,1940,0,47.5038,1370,10404,12.363076394339839
2,1.0,1270,4500,1.5,0,0,7,1270,0,1919,0,47.6059,2140,4550,13.142166004700508
2,1.0,800,5600,1.0,0,0,6,800,0,1955,0,47.4959,1100,6000,12.154252896800378
4,2.5,1980,5000,2.0,0,0,8,1980,0,2008,0,47.6492,1400,8500,12.92513120787462
5,2.75,3050,7500,1.0,0,0,8,1800,1250,1966,0,47.7249,2060,7848,13.157440904017024
2,1.0,670,7952,1.0,0,0,6,670,0,1942,0,47.5124,1080,9525,12.594730635321957
3,2.0,2950,12196,2.0,0,0,7,2310,640,1918,0,47.4702,2320,19844,13.112313041550827
2,1.5,1240,1055,2.0,0,0,8,1200,40,1967,0,47.6104,1410,1340,12.534296673294891
4,2.5,2710,5880,2.0,0,0,9,2710,0,1998,0,47.3314,2520,6000,12.821258284620408
4,1.75,1580,9382,1.0,0,0,7,1080,500,1963,0,47.6353,2010,9382,13.576618649681926
3,1.75,1690,6375,1.0,0,0,8,1690,0,1903,2002,47.5247,1270,7774,13.032438669876342
3,2.75,1540,1251,2.0,0,0,8,1230,310,2002,0,47.6298,1540,1287,13.38472764187182
4,2.5,3620,17133,1.0,0,4,10,2220,1400,1993,0,47.5604,3530,17026,13.731041401337825
2,1.5,1090,4013,1.5,0,0,7,1090,0,1900,0,47.6652,1390,4013,13.437174117244362
4,1.75,1570,8268,1.0,0,0,7,1570,0,1979,0,47.7373,1870,8190,13.021437458814368
4,2.5,2490,5812,2.0,0,0,8,2490,0,2000,0,47.3875,2690,6012,12.748978162759576
3,2.0,2090,4190,1.5,0,0,8,1490,600,1930,0,47.6178,2090,6270,13.664687668229691
3,2.5,1610,3848,2.0,0,0,8,1610,0,2006,0,47.4497,1610,3049,12.584509081250419
3,1.0,1630,8308,1.5,0,0,7,1630,0,1948,0,47.5075,1170,8308,13.070859534537213
4,3.5,3930,16970,2.0,0,0,9,3930,0,1997,0,47.7412,2740,17219,13.262125319779487
3,3.25,2610,16387,2.0,1,4,9,2610,0,2006,0,47.7175,2590,12958,14.508657738524219
4,2.5,2620,5060,2.0,0,0,9,2620,0,2005,0,47.5634,900,5060,13.597354548161103
3,1.5,1520,6805,1.0,0,0,7,1040,480,1981,0,47.2907,1440,7041,12.487485104968359
3,1.75,1970,8200,1.0,0,0,8,1420,550,1963,0,47.7602,2140,8000,13.199324418540456
4,1.75,2260,7200,1.5,0,0,7,1360,900,1924,0,47.5122,1410,7465,12.84792653170257
2,1.0,1120,4000,1.0,0,0,7,1120,0,1926,0,47.6567,1620,4000,13.049792684569493
3,1.75,1270,6600,1.5,0,0,7,1270,0,1903,0,47.5976,1490,3600,13.01477816672439
3,2.25,2020,8379,2.0,0,0,7,2020,0,1994,0,47.3828,2020,8031,12.70076888736628
5,1.75,2100,9599,1.0,0,0,7,1060,1040,1961,0,47.7097,1680,10712,12.886641043883259
3,1.0,1190,7000,1.0,0,0,7,1190,0,1943,0,47.6453,1350,7000,13.15676480412166
5,2.5,2460,5604,2.0,0,0,8,2460,0,2011,0,47.3658,2210,6395,12.788288265382837
3,1.5,2390,4600,2.0,0,0,8,1750,640,1920,1995,47.5383,1690,5220,12.948009990259552
2,1.0,1210,8400,1.0,0,0,8,780,430,2000,0,47.6503,1860,6000,13.621925808891609
4,2.5,2120,9603,2.0,0,0,8,2120,0,1985,0,47.5348,1990,9611,13.262125319779487
2,1.5,1000,1251,2.0,0,0,7,930,70,2006,0,47.6529,1420,1187,12.840000466430148
3,2.5,2020,7512,2.0,0,0,8,2020,0,1981,0,47.6927,2410,8500,13.51979631381523
4,2.75,3220,9825,2.0,0,0,8,3220,0,2012,0,47.4863,2820,8566,13.269057756555132
4,2.25,2890,18226,3.0,1,4,10,2890,0,1984,0,47.5169,2870,11151,14.266586177324491
3,2.5,1970,3667,2.0,0,0,7,1970,0,2004,0,47.5321,1970,3739,12.948009990259552
5,2.75,2440,8000,1.0,0,0,7,1240,1200,1972,0,47.7283,1780,8391,13.17115354157376
3,1.75,1380,10529,1.0,0,0,7,1380,0,1967,0,47.7119,1670,5694,12.751299696013497
3,1.5,1320,8000,1.0,0,0,7,1320,0,1957,0,47.6027,1720,8100,12.928778628331663
3,2.25,2090,12112,2.0,0,0,8,2090,0,1983,0,47.7015,1760,12112,13.239435048990167
4,2.25,1760,9602,2.0,0,0,7,1760,0,1987,0,47.4248,1860,9656,12.775638764318764
3,2.5,2250,19270,2.0,0,0,8,2250,0,1999,0,47.6569,2940,19541,13.582316670796564
3,2.5,1440,2500,2.0,0,0,7,1440,0,2006,0,47.511,1440,5000,12.468436909997665
5,4.5,4000,6713,2.0,0,0,9,4000,0,2015,0,47.5254,3690,6600,13.555450137608744
4,2.0,1340,8190,1.0,0,0,7,1340,0,1942,0,47.4905,1410,9721,12.567237494741757
4,2.5,2150,37981,2.0,0,0,9,2150,0,1985,0,47.7227,2450,37981,13.319573546692034
5,2.25,3340,52476,2.0,0,0,8,3340,0,1975,0,47.4553,2460,48351,13.37700559577791
3,2.0,1560,4080,2.0,0,0,7,1560,0,1923,1982,47.6892,1900,4080,13.016891744462095
6,2.75,2630,16411,1.0,0,0,8,1650,980,1974,0,47.6309,2250,12255,13.27594246533263
4,2.5,1890,7867,2.0,0,0,8,1890,0,1996,0,47.3788,2250,7867,12.779873068457553
3,1.75,1330,9200,1.0,0,0,7,1330,0,1973,0,47.2916,1590,9200,12.117241431823558
3,1.75,1590,41550,1.5,0,0,6,1290,300,1933,1989,47.4817,2990,6464,12.59642411582829
4,2.5,2310,5573,2.0,0,0,9,2310,0,2003,0,47.5197,2310,6189,13.17115354157376
2,2.5,2560,2500,2.0,0,0,8,1690,870,1901,0,47.6233,1890,5000,13.567049198665774
4,2.75,2490,3840,1.5,0,0,7,1610,880,1922,0,47.6551,1420,4000,13.52716159652479
3,1.0,1260,6000,1.0,0,0,6,1260,0,1954,0,47.4187,1520,6600,12.421184025147118
3,1.75,1860,48076,1.5,0,0,8,1860,0,1929,0,47.5051,1410,23066,12.917022906604787
3,2.5,1950,4345,2.0,0,0,7,1950,0,2007,0,47.5202,2260,4345,12.959844447906553
3,1.5,1790,8203,1.5,0,1,7,1790,0,1910,0,47.5768,1960,6047,13.206704525838079
4,3.0,2390,4000,1.5,0,0,8,1460,930,1931,0,47.6857,1670,4000,13.64709190633931
3,1.5,1070,9331,1.0,0,0,6,1070,0,1956,0,47.7633,1480,8400,12.301382825334498
2,1.0,1280,21750,1.5,0,0,6,1280,0,1912,0,47.3096,1520,21750,12.043553716032399
4,2.0,1960,4520,1.0,0,0,8,960,1000,1922,2001,47.58,1680,4520,13.521139497361697
3,2.5,1970,106722,1.0,0,4,9,1970,0,1985,0,47.2498,2910,101494,13.304601597392535
4,1.75,2550,39460,1.0,0,0,8,1890,660,1982,0,47.7707,2560,38638,13.217673557208654
4,2.5,2930,18199,2.0,0,0,9,2930,0,1998,0,47.5937,2930,33976,13.526494262499357
3,2.25,1890,12236,1.0,0,0,8,1890,0,1978,0,47.6232,2390,12323,13.06685066747407
4,2.5,3350,6605,2.0,0,0,8,2670,680,1990,0,47.7498,2730,5962,13.217673557208654
4,2.5,2430,5959,2.0,0,0,8,2430,0,2002,0,47.3348,2100,5414,12.628067055589549
4,3.0,4480,42717,2.0,0,0,9,4480,0,1987,0,47.7711,3140,41632,13.635187003832993
3,2.0,1380,3500,2.0,0,0,7,1380,0,1971,0,47.5558,1620,3900,12.524526376648708
3,2.5,2840,6854,2.0,0,0,9,2840,0,2002,0,47.6006,2840,7398,13.529160930746272
4,1.75,1780,9794,1.0,0,0,7,1780,0,1967,0,47.7419,1160,9750,12.774223335915433
2,0.75,900,3527,1.0,0,0,6,900,0,1939,0,47.5083,1220,4080,12.345834587905333
3,2.0,1190,6833,1.0,0,0,7,1190,0,1995,0,47.3191,1540,8000,12.206072645530174
4,3.5,4560,16643,1.0,0,3,12,2230,2330,1995,0,47.5521,4060,15177,14.008194901793775
4,2.5,1790,6590,2.0,0,0,7,1790,0,2005,0,47.4829,1950,5180,12.891691559669328
4,2.5,2980,8786,2.0,0,0,8,2980,0,2003,0,47.378,2980,6718,12.854483932248728
4,2.5,3030,7187,2.0,0,0,9,3030,0,2005,0,47.6934,3030,7187,13.610943392223
2,1.0,840,5551,1.0,0,0,6,840,0,1952,0,47.5354,1270,4652,12.765688433465597
3,1.75,2340,4206,1.0,0,0,7,1170,1170,1917,0,47.5759,1360,4725,13.369223455335854
3,2.25,1640,1204,3.0,0,0,8,1640,0,2014,0,47.6196,1630,3136,13.556739829006913
2,2.5,1340,999,2.0,0,0,8,940,400,2008,0,47.5655,1470,1436,12.916568464424731
4,2.5,2300,10843,2.0,0,0,8,2300,0,1955,0,47.6988,1780,10843,13.321214236149494
3,2.0,1860,9100,1.5,0,0,8,1860,0,1939,2006,47.7522,1620,9519,12.821258284620408
3,2.75,2650,12350,1.0,0,0,7,1470,1180,1975,0,47.7669,1950,14075,13.091904169919621
2,1.0,770,8149,1.0,0,0,6,770,0,1948,0,47.7467,880,8149,12.301382825334498
4,2.25,3390,39356,1.0,0,0,8,1640,1750,1964,0,47.461,2160,38061,13.102160670086809
5,1.75,2510,6000,1.5,0,0,8,2010,500,1920,0,47.5798,2240,5000,13.664687668229691
4,4.5,4040,8400,2.0,0,0,9,3220,820,2006,0,47.7067,3940,8400,13.664687668229691
4,3.25,4060,13000,2.0,0,3,11,4060,0,2000,0,47.581,3220,13800,14.400515579904516
4,2.5,2510,3479,2.0,0,0,8,2510,0,2007,0,47.6981,2540,4171,13.437174117244362
3,2.75,2300,5090,2.0,0,0,8,1700,600,2007,0,47.545,1530,9100,13.021437458814368
4,1.75,1730,8320,1.0,0,0,7,1230,500,1977,0,47.327,1840,9800,12.460714863903755
4,2.75,1560,8820,1.0,0,3,7,1060,500,1979,0,47.3382,2140,7800,12.468052220629582
3,2.25,2200,16921,2.0,0,0,8,2200,0,1987,0,47.3727,2060,16921,12.92391243868049
4,3.5,3510,10010,2.0,0,0,10,3510,0,2001,0,47.5412,4200,9935,13.500731317628127
3,1.0,880,9035,1.0,0,0,6,880,0,1967,0,47.476,1440,10350,12.345834587905333
3,2.5,1650,14054,1.0,0,0,7,1130,520,1986,0,47.4821,1940,87555,12.84761069235689
3,1.0,1050,7500,1.0,0,0,6,1050,0,1900,0,47.5473,1380,7500,12.994530005894443
4,3.5,3660,14401,2.0,0,0,10,2660,1000,1994,0,47.3076,2780,10653,13.071070083016778
4,1.5,1860,12197,1.0,0,0,7,1860,0,1964,0,47.729,1510,11761,13.001325049027272
3,2.25,1860,5028,2.0,0,0,8,1860,0,2012,0,47.7318,2320,5465,12.779873068457553
4,2.25,1930,3500,1.5,0,0,8,1540,390,1916,0,47.6167,1800,5000,13.444284544557734
3,1.5,1340,6500,1.0,0,0,7,1340,0,1972,0,47.7168,1620,7107,12.866179972011919
3,2.5,2490,4244,2.0,0,0,9,2490,0,2005,0,47.3705,2490,4748,12.821258284620408
3,1.75,1660,7350,1.0,0,0,8,1660,0,1979,0,47.3118,1840,7673,12.144197241812087
4,1.75,1650,7276,1.0,0,0,7,1010,640,1977,0,47.7721,1840,8550,13.060487973686241
2,1.0,1000,7615,1.0,0,0,6,1000,0,1943,0,47.49,1060,8000,12.352335152508426
3,2.5,1520,1304,2.0,0,0,8,1180,340,2006,0,47.5446,1270,1718,12.989974189358584
4,2.25,2200,8384,1.0,0,0,7,1250,950,1959,0,47.753,1750,8384,12.959844447906553
5,3.0,4150,7500,2.5,0,4,11,3510,640,1909,0,47.6303,2250,4050,14.935558127352449
4,2.5,1470,1612,2.0,0,0,7,980,490,2003,0,47.5275,1460,5027,12.34060353848778
4,1.75,2080,8215,2.0,0,0,7,2080,0,1948,0,47.737,1550,8215,12.86099861326992
4,1.75,3050,9440,1.0,0,0,8,1800,1250,1966,0,47.7228,2020,8660,13.304684934198283
3,1.0,1420,8000,1.0,0,4,7,1420,0,1950,0,47.5169,1780,8295,12.9190224533863
3,1.0,1520,8055,1.5,0,0,7,1520,0,1952,0,47.7222,1560,8160,12.538967060803502
3,1.0,1180,7537,1.0,0,0,7,1180,0,1969,0,47.7233,1220,7425,12.89921982609012
4,1.75,2770,8521,1.0,0,0,7,1470,1300,1953,0,47.6255,1910,9380,13.541073712262515
4,3.75,3550,15151,2.0,0,0,11,3550,0,2004,0,47.5888,4340,15151,13.774584391351627
1,0.75,380,15000,1.0,0,0,5,380,0,1963,0,47.481,1170,15000,12.409013489526863
2,1.0,1060,3036,1.5,0,0,6,1060,0,1943,0,47.6578,1730,5535,12.983101310070822
3,2.0,1450,11204,1.0,0,0,7,1450,0,2003,0,47.2639,1520,9518,12.345834587905333
5,2.0,1870,7344,1.5,0,0,7,1870,0,1960,0,47.5951,1870,7650,13.017002861746503
3,1.0,1190,10350,1.0,0,0,7,1190,0,1959,0,47.7428,1850,10500,12.631340380934517
4,2.75,4430,74358,2.0,0,0,10,4430,0,1990,0,47.6392,3820,80875,13.785051350479566
3,1.0,1640,9750,1.0,0,0,7,1640,0,1968,0,47.3256,1200,9750,12.24288661865289
3,1.0,1240,4080,1.0,0,0,7,1240,0,1925,0,47.667,2060,4080,13.345506928718539
3,1.75,1080,9262,1.0,0,0,7,1080,0,1968,0,47.4883,1090,9262,12.128111104060462
4,2.75,2940,4232,2.0,0,0,9,2940,0,2004,0,47.5529,2410,4000,13.473020249017498
4,2.5,2240,3712,2.0,0,0,8,2240,0,2014,0,47.3551,2530,4315,12.804881673714029
4,2.0,2840,13367,1.0,0,0,7,1420,1420,1952,0,47.6237,2840,12744,13.758940206475879
4,2.5,3030,9500,2.0,0,0,8,3030,0,1989,0,47.3511,2650,9500,12.815702338354745
2,1.0,800,17965,1.0,0,0,5,800,0,1942,0,47.4693,1500,8925,12.345834587905333
4,3.25,4020,11588,2.0,0,0,11,4020,0,2000,0,47.5217,3190,8066,13.864300722133706
3,1.75,1720,5956,2.0,0,0,8,1720,0,1981,0,47.6875,1620,9324,13.262125319779487
3,2.5,1810,3192,1.0,0,0,7,1070,740,2001,0,47.7364,1740,3720,12.779873068457553
3,2.5,1930,6604,2.0,0,0,7,1930,0,2014,0,47.4692,910,6604,13.217673557208654
3,2.5,1470,1779,2.0,0,0,8,1160,310,2005,0,47.5472,1470,1576,12.847321085298983
3,1.0,1000,8470,1.0,0,0,6,1000,0,1963,0,47.3056,1020,8470,12.185869938212655
2,1.0,770,3325,1.0,0,0,7,770,0,1918,0,47.6102,960,4800,13.116345305078767
3,2.25,1860,1386,3.0,0,0,9,1860,0,2014,0,47.6368,1680,3080,13.592304504696857
3,1.75,1560,8456,1.0,0,0,7,1560,0,1970,0,47.7769,2230,13109,12.89921982609012
3,2.5,1330,2180,3.0,0,0,8,1330,0,2014,0,47.6987,1330,5000,13.199231821660906
3,2.5,2620,4800,2.0,0,0,7,2620,0,2002,0,47.6849,2400,4756,13.300509562787802
4,3.75,5850,35070,2.0,0,0,12,4410,1440,1990,0,47.5485,4830,36200,14.237504968023648
3,1.0,1740,10875,1.0,0,0,7,1020,720,1962,0,47.4682,1470,8532,12.495003937382387
6,2.0,2220,8797,1.0,0,0,7,2220,0,1977,0,47.2977,1170,5123,12.468436909997665
4,3.5,3070,4440,2.0,0,0,9,2030,1040,1922,2007,47.5732,1780,4800,13.710150042306449
3,2.5,3970,263538,1.5,0,0,9,3970,0,1991,0,47.6067,3970,194676,13.878485357125662
4,2.5,2260,5164,2.0,0,0,8,2260,0,1996,0,47.509,2260,5866,12.947890935553772
4,2.5,2260,6300,2.0,0,0,7,2260,0,2001,0,47.7235,2300,6300,13.024199128617097
4,1.0,1140,7208,1.0,0,0,7,900,240,1970,0,47.742,1300,7991,12.92391243868049
3,1.75,1120,4000,1.0,0,0,7,870,250,1916,0,47.6684,1470,4000,13.005829561148378
3,1.75,1080,3200,1.0,0,0,7,880,200,1926,0,47.6503,1780,5200,13.5985975564007
3,2.75,2390,9966,1.0,0,0,8,1360,1030,1977,0,47.5433,2140,10713,13.244581010128577
3,2.0,1500,8086,1.0,0,0,7,1060,440,1981,0,47.5584,1550,8086,12.959844447906553
3,2.5,1780,4050,2.0,0,0,7,1780,0,2001,0,47.7346,1571,4976,12.821258284620408
2,1.0,830,4000,1.0,0,0,6,830,0,1947,0,47.6909,1420,4000,13.028052697933088
4,2.25,2940,20384,2.0,0,0,9,2940,0,1970,0,47.6214,3410,19910,14.143374420048886
4,2.5,1850,9248,2.0,0,0,8,1850,0,1997,0,47.735,2080,8711,13.151922179645874
5,3.5,2730,42500,1.0,0,0,8,1530,1200,1989,0,47.4587,3180,37970,13.203943364396752
2,2.0,1610,17600,2.0,0,0,6,1610,0,1930,1983,47.4855,1310,12950,12.580734844483294
3,2.5,2200,9696,2.0,0,0,8,2200,0,1987,0,47.4197,2200,9915,12.80765263256463
4,2.5,2560,5800,2.0,0,0,9,2560,0,2005,0,47.3474,3040,5800,12.86876061860541
3,1.75,2220,216493,1.0,0,2,8,2220,0,1989,0,47.6624,2900,169884,13.279367126213993
3,1.75,1370,3300,2.0,0,0,7,1370,0,1927,0,47.6714,1560,3927,13.253391639810733
3,1.75,2700,18246,1.0,0,0,7,1510,1190,1967,0,47.4817,1620,16986,12.850554654108839
4,1.5,2230,11536,1.0,0,1,7,1220,1010,1954,0,47.4409,2170,12465,12.779873068457553
4,1.0,1620,4329,1.5,0,0,7,1620,0,1927,0,47.5728,1220,5520,12.936033799212835
3,2.5,1590,4108,2.0,0,0,7,1590,0,2003,0,47.4832,2160,3912,12.690040815126281
3,1.75,2400,14012,1.0,0,0,9,2400,0,1971,0,47.3371,2800,13988,12.785491060761776
2,1.0,900,6400,1.0,0,0,6,900,0,1940,0,47.5287,1350,6405,11.84939770159144
4,5.25,6110,10369,2.0,0,0,11,6110,0,2005,0,47.5285,4190,10762,14.093142294562554
3,1.75,1670,12075,1.0,0,0,7,1370,300,1958,0,47.7681,1800,12123,12.943236711506893
5,3.25,4150,7100,2.0,0,0,10,4150,0,2013,0,47.6026,3560,7214,13.741864017795976
3,1.75,2190,6000,1.5,0,0,7,2190,0,1920,0,47.3063,1610,6000,12.449018824140563
4,2.5,2520,5000,2.0,0,0,9,2520,0,2004,0,47.5524,2910,5001,13.42984807715229
3,1.0,1030,6600,1.0,0,0,7,1030,0,1954,0,47.4941,1220,9040,12.072541252905651
3,1.5,1140,7500,1.0,0,0,7,1140,0,1976,0,47.619,1380,7500,12.782686009834167
5,3.25,4130,7197,2.0,0,0,10,4130,0,2012,0,47.6022,3730,7202,13.81049801614073
3,1.75,1800,5700,1.0,0,0,8,1000,800,1941,0,47.6491,1680,5350,13.527761816623505
3,1.75,1950,10080,1.0,0,0,7,1950,0,1967,0,47.7282,2340,8800,13.091904169919621
3,1.0,1180,9000,1.0,0,0,7,1180,0,1970,0,47.39,1290,8316,12.2783933071098
4,2.5,2100,7208,2.0,0,0,8,2100,0,1974,0,47.4478,2060,7480,12.71589776896258
5,2.5,2025,7760,2.0,0,0,7,2025,0,2007,0,47.2671,1664,9000,12.468436909997665
4,1.0,2080,5500,1.0,0,0,7,1040,1040,1941,0,47.6838,1280,4000,13.081541382884074
4,2.75,2410,5650,1.5,0,0,8,2070,340,1909,0,47.5651,1960,5650,13.521139497361697
3,3.25,2200,7440,2.0,0,0,7,1710,490,1947,0,47.5409,1260,6765,13.17115354157376
3,1.75,1520,15090,1.0,0,0,7,1520,0,1968,0,47.398,1580,18618,12.577636201962656
3,1.0,920,6750,1.0,0,0,7,920,0,1951,0,47.6322,1460,8933,13.38472764187182
2,1.75,1880,7208,1.0,0,0,7,940,940,1951,0,47.6946,1880,8051,12.736700896592344
3,2.5,2620,8403,2.0,0,0,8,2620,0,1991,0,47.3675,2190,7842,12.9190224533863
3,1.75,2160,7140,1.0,0,0,7,1670,490,1978,0,47.3026,1930,7350,12.513557345278134
3,1.75,1410,4080,1.5,0,0,7,1410,0,1927,0,47.6695,1820,4080,13.201174557828619
3,1.75,1580,7416,1.0,0,0,7,1150,430,1967,0,47.6056,1730,7416,13.304684934198283
2,1.0,1170,7142,1.0,0,0,7,1170,0,1951,0,47.7497,1170,7615,12.323855681186558
2,1.0,930,7550,1.0,0,0,6,930,0,1986,0,47.4866,1370,10176,12.345834587905333
3,2.5,1360,7293,2.0,0,0,8,1360,0,1988,0,47.3304,1540,7353,12.423198124518821
4,1.75,2630,11213,1.0,0,2,8,1430,1200,1948,0,47.7158,2240,15186,13.248114582709889
4,1.0,1540,115434,1.5,0,0,7,1540,0,1923,0,47.4163,2027,23522,13.540547257920268
3,1.75,1530,5000,1.0,0,2,7,1020,510,1948,0,47.6806,1530,5000,13.36138027787483
3,1.0,1130,8100,1.5,0,0,6,1130,0,1934,0,47.4935,1080,8100,12.513557345278134
4,2.5,2320,6270,2.0,0,0,8,2320,0,2004,0,47.3501,2150,6270,12.694345864825653
3,1.0,1410,8174,1.0,0,0,8,1410,0,1958,0,47.4969,1500,8058,12.474189562487116
3,1.0,1610,5100,1.5,0,0,7,1010,600,1901,0,47.6765,1270,5100,13.1911615632746
5,3.0,2360,5000,1.0,0,0,7,1390,970,2008,0,47.6931,2180,5009,13.131521315189094
3,1.0,1290,3880,1.5,0,0,7,1290,0,1919,0,47.6879,1290,4850,13.03134397901716
4,2.0,1710,7455,1.0,0,0,7,1030,680,1975,0,47.3965,1710,7350,12.363076394339839
3,1.75,1130,5111,1.0,0,0,7,930,200,1942,0,47.6379,1360,4424,13.244581010128577
3,2.5,1750,6351,2.0,0,0,7,1750,0,2012,0,47.2589,1398,6092,12.429216196844383
3,3.25,2970,234788,2.0,0,3,9,2040,930,1991,0,47.5353,2970,220413,13.489087657196063
3,2.5,2010,2386,2.0,0,0,8,1390,620,2014,0,47.5525,1690,1870,13.081520549333723
3,2.25,2790,13791,1.0,0,3,8,2790,0,2006,0,47.4389,2720,12600,13.938612755098257
4,2.5,2770,45514,2.0,0,0,9,2770,0,1989,0,47.7751,2940,49495,13.437174117244362
4,2.0,1170,4000,1.0,0,0,7,1170,0,1955,0,47.5797,1720,4000,12.706847933442663
2,1.0,2100,4480,1.0,0,0,7,1400,700,1908,0,47.574,1570,4400,12.948009990259552
4,2.5,2120,4558,2.0,0,0,7,2120,0,2002,0,47.3795,2370,5506,12.706696406811568
3,2.5,1810,1585,3.0,0,0,7,1810,0,2014,0,47.6957,1560,1586,13.270697171910022
4,2.25,2250,12000,2.0,0,0,8,2250,0,1985,0,47.3715,2140,11871,12.568978139219542
2,1.0,1070,8750,1.0,0,0,7,1070,0,1951,0,47.4734,1300,9670,12.691580461311874
4,2.5,2740,8120,2.0,0,0,9,2740,0,1999,0,47.6123,2780,8344,13.444446876573442
6,3.0,2880,3192,2.0,0,0,8,2180,700,1919,0,47.6506,1870,4533,13.933293593620657
4,2.5,2470,7780,2.0,0,0,8,2470,0,2002,0,47.3337,2100,5972,12.712890247898626
4,2.75,2500,5995,2.0,0,0,8,2500,0,2008,0,47.3749,2530,5988,12.765688433465597
2,1.0,740,6550,1.0,0,0,5,740,0,1946,0,47.4807,1080,8515,12.216022976383341
3,2.25,2120,13644,2.0,0,1,9,1420,700,1973,0,47.5574,2950,17060,13.448785278172041
4,1.75,2540,7200,1.0,0,0,7,1270,1270,1947,0,47.5579,1650,7200,13.17115354157376
3,3.25,1651,1779,2.0,0,0,8,1341,310,2008,0,47.7076,1650,2908,12.802158113246987
3,1.0,3180,27586,1.0,0,0,8,1400,1780,1969,0,47.1986,2180,27586,12.736700896592344
3,3.5,2880,11340,1.0,0,0,8,1690,1190,1980,2013,47.6113,2530,11340,13.830399170458024
3,2.5,2990,10711,1.0,1,4,9,1560,1430,1976,1991,47.3573,2870,11476,13.617059619240436
3,2.5,1650,13816,2.0,0,0,7,1650,0,1998,0,47.6553,1650,15144,12.513557345278134
4,1.0,1270,6459,1.5,0,0,7,1270,0,1918,0,47.5441,1300,4100,12.328290278254423
5,1.75,1830,16650,1.5,0,0,7,1610,220,1958,0,47.7734,1790,12743,12.72724456135031
4,2.75,2360,7716,1.0,0,0,7,1390,970,1978,0,47.7301,2160,8794,12.911642346088676
5,2.0,1900,5470,1.0,0,0,7,1180,720,1930,1965,47.6666,1300,3250,13.410545324897761
3,1.75,1340,16480,1.0,0,0,7,1340,0,1968,0,47.364,1520,10451,12.384218830913648
3,2.5,2060,25046,1.0,0,0,8,1600,460,1980,0,47.184,2050,21255,12.706847933442663
3,1.0,1450,7850,1.5,0,0,7,1450,0,1910,0,47.4299,1360,10400,12.456831363877356
3,1.0,1350,92721,1.0,0,0,6,1200,150,1946,0,47.4657,1860,8096,13.017002861746503
4,2.25,1780,10748,2.0,0,0,8,1780,0,1964,0,47.762,2070,37680,12.886641043883259
3,1.75,1220,9732,1.0,0,0,7,1220,0,1965,0,47.7736,1630,10007,12.717398144337816
3,2.25,1830,7897,1.0,0,0,8,1290,540,1986,0,47.6914,1990,8306,13.256894270361935
5,3.0,2640,5096,2.0,0,0,10,2640,0,2009,0,47.6809,1610,5217,13.721199878493033
2,1.0,830,6030,1.0,0,0,6,830,0,1925,0,47.6994,1280,6030,12.959844447906553
3,2.0,2030,17120,1.0,0,2,8,1890,140,1966,0,47.2953,1870,13662,12.596254896773821
4,2.25,3190,11597,2.0,0,0,10,2300,890,1984,0,47.6323,2990,10679,13.527828485512494
3,3.5,4560,14608,2.0,0,2,12,4560,0,1990,0,47.6995,4050,14226,14.214286677921642
3,1.75,1790,6117,1.0,0,2,8,1350,440,1940,0,47.6366,1960,5554,13.579788224443204
3,2.0,1769,9300,1.0,0,0,7,1769,0,1955,2009,47.441,1870,10226,13.112313041550827
2,2.25,1420,1246,2.0,0,0,8,1420,0,2007,0,47.5394,1420,1826,12.721885810807203
3,1.5,1600,8040,1.0,0,0,7,1050,550,1965,0,47.7471,1810,7819,12.85813738098889
1,1.0,850,6567,1.0,0,0,6,850,0,1940,0,47.327,2160,9794,12.994530005894443
4,2.5,2330,7064,1.0,0,0,8,1780,550,1984,0,47.6955,1740,8075,13.296316684527767
2,2.5,1170,1811,2.0,0,0,8,1170,0,2001,0,47.6132,1250,3146,12.89921982609012
3,2.5,2510,5400,2.0,0,0,9,2510,0,1992,0,47.5204,1840,5400,13.217673557208654
4,2.25,2380,16236,1.0,0,0,7,1540,840,1961,0,47.6126,2230,8925,13.458692746677631
4,2.5,2110,10100,1.0,0,2,8,2110,0,1968,2005,47.567,2230,10100,13.7963277385475
3,3.25,1630,1677,3.0,0,0,8,1630,0,2007,0,47.7048,1220,1677,12.86099861326992
3,2.5,1780,11000,1.0,0,0,8,1210,570,1980,0,47.5574,2310,9700,13.36138027787483
4,3.5,3840,4000,2.0,0,0,8,2640,1200,2001,0,47.6642,1620,4000,13.62906049058654
3,2.25,3290,5000,2.0,0,0,9,2730,560,1939,0,47.6582,2340,4000,14.209240409854017
4,2.5,2050,9143,2.0,0,0,8,2050,0,1992,0,47.4597,1510,9484,12.793859310432293
3,1.75,1590,7617,2.0,0,0,7,1590,0,1986,0,47.3819,1490,7450,12.254862809699606
3,1.75,1510,11120,1.0,0,0,8,1510,0,1984,0,47.5931,2660,10800,13.102160670086809
3,2.5,2530,16102,2.0,0,0,9,2530,0,1989,0,47.371,2370,14957,12.983101310070822
4,3.25,3470,11843,1.0,0,3,11,2270,1200,1989,0,47.5513,3910,13247,14.093142294562554
6,2.0,2210,9870,2.0,0,0,7,2210,0,1969,1995,47.4751,1390,9912,12.793859310432293
1,1.0,720,5196,1.0,0,0,7,720,0,1911,0,47.6928,1580,5762,12.506177237980511
2,1.0,1120,7500,1.0,0,2,7,1120,0,1971,0,47.619,3040,16940,13.199324418540456
3,1.0,1020,4980,1.0,0,0,7,850,170,1941,0,47.7039,970,4980,12.765688433465597
4,2.5,2180,4000,2.0,0,0,8,2180,0,1920,2005,47.6186,2660,4000,13.623138665316818
4,2.5,3140,16200,1.0,0,1,9,2570,570,1988,0,47.4363,2530,13200,13.547631112808673
3,2.5,1870,3584,2.0,0,0,8,1870,0,2003,0,47.4521,1900,3920,12.751299696013497
3,2.0,2080,3880,1.0,0,0,7,1160,920,1954,0,47.686,1330,3880,13.458835614025542
2,1.0,830,5100,1.0,0,0,7,830,0,1942,0,47.5259,1220,5100,12.765688433465597
5,3.25,3230,5000,2.0,0,1,9,2350,880,2002,0,47.5202,1520,5000,13.610943392223
4,4.25,4720,21000,3.0,0,4,11,4720,0,1971,0,47.7591,3010,20000,14.237504968023648
3,2.25,2290,14585,2.0,0,0,8,2290,0,1981,0,47.5874,1660,36961,13.208541073645382
4,2.5,3330,9557,2.0,0,0,10,3330,0,1995,0,47.5526,3360,9755,13.715690222682063
3,2.0,1890,6620,1.0,0,3,8,1890,0,1954,0,47.7016,2590,7188,13.444446876573442
4,3.5,3560,6562,2.0,0,0,10,3560,0,2014,0,47.5929,3710,6562,13.691069154493656
3,1.0,1910,8710,1.0,0,0,7,1080,830,1954,0,47.5038,1460,8944,12.468436909997665
4,2.0,1190,8190,1.5,0,0,7,1190,0,1945,0,47.6908,1190,1567,13.710150042306449
4,2.0,2190,4560,2.5,0,0,8,2190,0,1910,0,47.662,2190,4560,13.795307850646754
3,1.75,1600,4400,1.0,0,0,7,1030,570,1941,0,47.6348,2150,4000,13.444446876573442
3,2.5,1420,2581,3.0,0,0,7,1420,0,2004,0,47.7027,1420,2509,12.983101310070822
3,1.5,1240,9500,1.0,0,0,7,1240,0,1955,0,47.4756,1845,10125,12.468244583811861
5,2.5,2600,3839,2.0,0,0,7,2600,0,2005,0,47.4324,2180,4800,12.706847933442663
4,2.5,1930,6228,2.0,0,0,8,1930,0,2000,0,47.3572,1930,6168,12.68075282265981
4,1.75,2350,54450,1.0,0,0,7,1250,1100,1971,0,47.4816,2180,50529,13.01477816672439
4,2.5,2750,6259,2.0,0,0,9,2750,0,2002,0,47.3304,2810,6824,12.793859310432293
4,2.5,2240,9385,2.0,0,0,8,2240,0,1991,0,47.7125,2010,9000,13.287877815881902
4,2.5,2030,9825,1.0,0,0,8,1330,700,1985,0,47.6892,2180,7500,13.301346032932768
2,2.0,1490,713,3.0,0,0,9,1490,0,2014,0,47.6356,1490,1110,13.458835614025542
3,1.0,940,8400,1.0,0,0,7,940,0,1958,0,47.5112,950,8400,12.444715460291308
3,2.0,1350,11150,1.0,0,0,7,1110,240,1995,0,47.446,1290,10043,12.644327576461329
4,2.5,2820,4174,2.0,0,0,9,2820,0,2004,0,47.7112,2560,4853,13.425426551894413
4,1.75,1490,10000,1.0,0,0,8,1100,390,1969,0,47.3099,2190,8910,12.502466658583977
3,2.0,1810,4064,1.5,0,0,7,1810,0,1925,0,47.6859,1518,2945,13.217673557208654
2,2.0,1460,9052,1.0,0,2,6,1460,0,1900,0,47.6857,2554,7834,13.825460888817442
5,1.75,1910,5428,1.0,0,0,8,1390,520,1954,0,47.5333,1820,5900,13.316284070041636
2,1.0,1060,5200,1.0,0,0,6,1060,0,1969,0,47.3688,910,5200,12.285345826424681
3,2.0,1660,7958,1.0,0,0,7,1130,530,1983,0,47.3187,1550,7647,12.224403602214897
4,1.5,1770,5750,2.0,0,0,7,1770,0,1947,0,47.5621,970,5750,12.994530005894443
4,3.0,1790,3600,1.5,0,0,8,1790,0,1901,0,47.6117,1770,3119,13.210374254727043
3,1.0,1010,9750,1.0,0,0,7,1010,0,1969,0,47.3244,1230,9750,12.216022976383341
3,1.75,1560,10919,1.0,0,0,7,1560,0,1975,0,47.2917,1730,10919,12.371587084007746
3,1.0,2360,5012,1.0,0,0,7,1560,800,1964,0,47.5705,1690,4800,13.184398768323781
2,1.0,750,4000,1.0,0,0,6,750,0,1926,0,47.5547,1120,5038,12.952760593018148
3,1.75,1730,9334,1.0,0,0,8,1220,510,1977,0,47.6478,2020,10000,13.122343377204325
2,2.0,1340,5350,1.5,0,0,8,1340,0,1941,0,47.6384,2210,5350,13.292106151991423
3,1.75,1330,7848,1.0,0,0,8,1330,0,1978,0,47.4463,2110,8497,12.757080058928997
2,2.25,1060,925,2.0,0,0,8,980,80,2006,0,47.6386,1020,4000,13.071070083016778
3,2.75,1720,28000,1.0,0,0,7,1720,0,1958,0,47.4375,2000,41817,12.694652660348845
4,1.5,1470,5100,1.5,0,0,7,1470,0,1946,0,47.6769,1470,5100,13.219490088135052
3,2.5,1820,4200,2.0,0,0,8,1820,0,2014,0,47.3693,2370,4200,12.636669294275944
3,1.75,2020,9718,1.0,0,0,8,2020,0,1956,0,47.574,2370,8604,13.426164831735994
3,2.0,2520,5400,1.5,0,0,8,1410,1110,1906,0,47.6365,1960,5400,13.641752231830807
3,1.75,1780,13095,1.0,0,0,9,1780,0,1983,0,47.367,2750,13095,12.691580461311874
4,3.5,2000,2309,3.0,0,0,8,2000,0,2008,0,47.7027,1440,1548,13.03134397901716
4,2.25,1990,7320,1.0,0,0,7,1030,960,1965,0,47.5237,1320,7320,13.017002861746503
3,1.75,1810,3000,1.5,0,0,7,1810,0,1903,0,47.6599,1140,3000,13.208541073645382
5,3.75,3500,101494,1.5,0,0,8,3500,0,1967,1990,47.6745,3250,38636,13.527828485512494
4,1.5,2670,10026,2.0,0,0,8,2670,0,1996,0,47.2659,2420,11900,12.757080058928997
4,2.25,2080,7526,1.0,0,0,7,1280,800,1985,0,47.3762,1200,7500,12.352335152508426
3,1.0,1340,7260,1.5,0,0,6,1340,0,1944,0,47.4934,1210,7260,12.205822614274965
4,1.75,2320,5490,1.0,0,3,8,1160,1160,1956,0,47.5091,2240,7200,12.938680894971032
4,2.75,3040,2415,2.0,1,4,8,3040,0,1966,0,47.5188,2620,2433,13.507625778194974
3,2.5,1820,1855,2.0,0,0,8,1570,250,2008,0,47.4643,1470,6900,12.676076274775909
3,1.5,1330,1265,2.0,0,0,8,1140,190,2008,0,47.5773,1330,1264,13.122363377404328
2,1.0,950,6000,1.0,0,0,7,950,0,1942,0,47.6897,1440,6000,13.106233995474446
2,2.0,1340,7605,1.0,0,0,7,1340,0,1992,0,47.1936,1670,7136,12.345834587905333
3,3.25,2210,3600,2.0,0,0,8,1820,390,1995,0,47.7031,2010,6690,12.969212197910155
3,1.75,1640,53400,1.0,0,0,7,1640,0,1966,0,47.3944,1850,380279,12.672946381766982
4,2.75,1930,3840,1.0,0,0,7,1170,760,1997,0,47.5303,1610,3840,12.70076888736628
3,2.0,1670,11337,1.0,0,1,7,1670,0,1959,0,47.6602,2210,11337,13.227740892917657
4,2.5,2980,4930,2.0,0,0,9,2890,90,2000,0,47.5445,2980,6099,13.527828485512494
3,2.0,1760,5488,1.5,0,0,7,1540,220,1927,0,47.6479,1760,5943,13.527828485512494
3,2.0,1800,12669,1.0,0,0,7,1800,0,1956,1990,47.6935,1970,9775,13.060487973686241
4,2.5,2550,56628,2.0,0,0,9,2550,0,2001,0,47.4913,1870,56628,13.262125319779487
4,4.0,5635,9695,2.0,0,3,10,4360,1275,2011,0,47.3389,3726,9765,13.764217263576723
3,2.5,1572,4000,2.0,0,0,8,1572,0,2013,0,47.2615,1608,5175,12.608198852372823
4,1.75,2180,13529,1.0,0,0,7,1090,1090,1956,0,47.7516,2000,13529,12.911642346088676
3,3.25,3960,6132,2.0,0,3,10,2600,1360,1933,0,47.6396,2730,5221,14.01436141670944
4,2.5,2320,4254,2.0,0,0,8,2320,0,2004,0,47.48,2330,4602,12.955127458028414
3,1.0,1750,7800,1.0,0,0,7,1150,600,1956,0,47.4596,1750,7560,12.706696406811568
3,2.0,1300,6000,1.0,0,0,7,1300,0,1943,0,47.5482,1230,6000,13.235692062711331
7,4.0,2960,2665,2.0,0,0,9,1950,1010,1927,2013,47.5835,1970,4410,13.657452253306
5,2.25,1980,13132,1.0,0,0,7,1260,720,1962,0,47.3984,1880,11325,12.636880561310134
5,2.75,3831,13800,2.0,1,4,9,3831,0,1959,1980,47.5919,3850,36563,14.808762330974558
4,2.5,3400,9692,2.0,0,0,9,3400,0,2007,0,47.708,3070,7375,13.62918097977278
5,3.25,3690,12353,2.0,0,0,9,3690,0,1977,0,47.7672,2290,9082,13.39239051461739
2,1.0,1000,4640,1.0,0,2,7,1000,0,1915,0,47.5659,1940,5800,13.132313708257497
3,2.5,2020,3000,1.0,0,0,6,1010,1010,1910,0,47.5621,1670,3000,12.89921982609012
4,2.5,2260,13755,1.0,0,0,9,2260,0,1975,0,47.3767,2650,13650,12.765688433465597
2,2.5,1320,1329,2.0,0,0,8,1180,140,2007,0,47.6728,1490,5000,12.959844447906553
2,1.0,1150,15000,1.0,0,0,6,1060,90,1930,2013,47.4935,1350,15000,12.319401330837177
4,2.5,2730,4800,1.5,0,0,8,2230,500,1909,0,47.642,2190,4200,13.795307850646754
4,2.25,2250,41688,2.0,0,0,8,2250,0,1980,0,47.6695,2350,37920,13.251635713108469
7,4.25,3670,4000,2.0,0,1,8,2800,870,1964,0,47.6375,2010,4000,13.621925808891609
4,2.5,2790,7938,2.0,0,0,9,2790,0,1997,0,47.6223,2780,7779,13.546323068148657
2,2.0,1300,2500,1.0,0,0,7,770,530,1926,0,47.6831,1160,5000,13.124361380067002
3,2.25,1500,15334,2.0,0,0,7,1500,0,1992,0,47.3719,1530,8102,12.388394202324129
3,2.25,1570,8111,2.0,0,0,8,1570,0,1984,0,47.6324,1990,7875,13.091904169919621
2,1.0,700,4000,1.0,0,0,6,700,0,1943,0,47.5487,1060,6000,12.706847933442663
5,1.75,2360,8642,1.5,0,0,7,2060,300,1926,0,47.7617,1950,8491,12.618182296357007
5,4.0,2980,4500,1.5,0,0,7,2070,910,1921,0,47.6736,1560,4225,13.652991628466498
3,1.75,1840,9697,1.0,0,0,7,1500,340,1985,0,47.3764,1430,8079,12.367340793126296
4,1.75,2120,4650,1.0,0,1,7,1190,930,1951,0,47.6964,2070,6487,13.274225726713574
3,1.0,1090,3000,1.5,0,0,8,1090,0,1929,0,47.6889,1570,5080,13.190022025878143
3,1.5,1280,5065,2.0,0,0,6,1280,0,1983,0,47.3343,1070,4491,12.2783933071098
4,2.5,2740,12899,2.0,0,0,10,2740,0,1990,0,47.5811,2830,9453,13.493926933836812
4,2.0,2370,76665,2.0,0,0,8,2370,0,1978,0,47.2831,2110,19334,12.926348493478372
4,2.75,2560,8956,1.0,0,0,7,1500,1060,1968,0,47.7278,2280,9234,13.091904169919621
5,2.75,3100,9825,2.0,0,2,8,3100,0,1950,1982,47.7188,2120,8400,13.458835614025542
5,3.0,2520,13001,2.0,0,1,8,2010,510,1973,0,47.6385,2170,8215,13.415032991367148
3,1.75,1010,7171,1.0,0,0,7,1010,0,1967,0,47.7317,1250,7560,12.691580461311874
4,1.75,1570,7650,1.0,0,0,7,1100,470,1975,0,47.6801,1580,7650,12.971540487669746
5,2.75,2710,4685,2.0,0,0,8,2710,0,2014,0,47.3555,2710,4449,12.973306369442817
4,2.5,1940,3784,2.0,0,0,8,1940,0,2003,0,47.4513,1940,4499,12.706847933442663
5,2.5,2420,8560,1.0,0,2,7,1620,800,1978,0,47.532,2210,7040,12.771386454580234
2,1.5,1260,6660,1.5,0,0,7,1260,0,1926,0,47.6792,2140,4770,13.182517300224076
2,1.0,1390,3600,1.0,0,0,7,1010,380,1913,0,47.6422,1590,3600,13.317930160948304
3,1.75,1670,5375,1.0,0,0,7,1270,400,1952,0,47.6416,1460,6125,13.457406021215947
5,3.0,3045,5030,2.0,0,0,8,3045,0,1999,0,47.4386,3045,5322,12.933621252807452
2,1.0,860,6510,1.0,0,0,7,860,0,1952,0,47.6021,1740,10800,13.312983737012978
4,2.5,2019,4435,2.0,0,3,8,2019,0,2008,0,47.1958,1950,4800,12.587927887999204
5,3.5,4750,8234,2.0,0,2,10,3350,1400,2013,0,47.3574,2160,14496,13.554145793829866
3,2.25,2210,7680,1.0,0,2,8,1730,480,1972,0,47.7729,2390,7680,13.122363377404328
3,1.0,1270,16800,1.0,0,0,7,1270,0,1957,0,47.4599,1700,10200,12.445089546000673
3,2.75,2760,8476,1.0,0,0,8,1690,1070,1967,0,47.5402,2610,9835,13.618278388434565
4,2.5,2540,6688,2.0,0,0,9,2540,0,2002,0,47.3314,2810,6776,12.80765263256463
2,1.0,800,6016,1.0,0,0,6,800,0,1942,0,47.6913,1470,3734,12.911642346088676
4,2.75,1670,6000,1.0,0,0,7,840,830,1917,0,47.5496,1100,6000,13.312983737012978
3,1.5,1630,16170,1.0,0,0,7,1630,0,1988,0,47.7104,1630,9931,12.834681304952548
4,5.0,4110,43560,2.0,0,0,11,4110,0,1978,0,47.6353,3650,43995,13.85668129166795
3,1.0,1120,10032,1.0,0,0,7,1120,0,1962,0,47.7182,1210,9918,12.781280528225432
3,1.75,1360,13320,1.0,0,0,7,1360,0,1985,0,47.4625,1580,13625,12.706696406811568
2,2.0,1290,9041,1.0,0,0,7,950,340,1956,0,47.5346,1290,5000,12.524526376648708
2,1.5,901,1245,3.0,0,0,7,901,0,2001,0,47.6774,1138,1137,12.983101310070822
4,3.5,4730,13586,1.5,0,0,10,4270,460,1935,0,47.6319,3710,8828,14.713026134512095
2,1.0,1430,3000,1.5,0,0,7,1300,130,1929,0,47.6415,1750,4000,13.337474757021274
4,2.75,3410,7750,1.0,0,4,8,1710,1700,1958,0,47.5718,3080,8525,13.9108207377686
3,3.0,1296,1051,3.0,0,0,8,1296,0,2009,0,47.7175,1520,1939,12.899094818276968
3,2.0,1810,2159,1.0,0,0,7,1010,800,1922,0,47.6273,1810,2159,13.217673557208654
3,1.0,1060,52272,1.0,0,0,7,1060,0,1960,0,47.36,1900,5971,12.429216196844383
4,1.75,1900,9861,1.0,0,0,7,1900,0,1967,0,47.3615,1720,7967,12.154779351142624
3,2.25,1400,3825,2.0,0,0,7,1400,0,2012,0,47.3596,2110,3825,12.506177237980511
4,4.0,3200,7708,2.0,0,0,10,3200,0,2004,0,47.5816,3480,7944,13.487006490992238
4,2.5,2130,7300,1.0,0,0,7,1230,900,1963,0,47.605,2130,7560,13.504355129326852
4,1.75,2400,10050,1.0,0,0,8,2400,0,1957,0,47.6339,1680,10050,13.36138027787483
3,1.75,1900,36769,1.0,0,0,8,1900,0,1987,0,47.3041,1950,35847,12.721885810807203
4,2.25,3720,12384,1.0,0,2,8,1860,1860,1970,0,47.5836,3180,15541,13.681979165339751
3,2.25,1790,9580,2.0,0,0,8,1790,0,1984,0,47.5541,2060,9995,13.267329147654515
3,3.5,2320,3174,2.0,0,0,9,2060,260,1997,0,47.6897,2320,3187,13.180632285528304
2,2.5,1570,1268,3.0,0,0,7,1570,0,2007,0,47.534,1570,1300,12.247214588861349
4,1.75,1760,5356,1.0,0,0,7,920,840,1950,0,47.679,1680,5184,13.279367126213993
3,2.5,1670,3980,2.0,0,0,8,1670,0,2000,0,47.5317,1670,2897,13.071491047030571
4,2.25,2290,40946,1.0,0,3,8,1550,740,1960,0,47.616,2790,20076,13.709038313453757
4,1.75,1560,4290,2.0,0,0,7,1560,0,1994,0,47.5292,1250,6000,12.506177237980511
3,1.75,1440,7200,1.0,0,0,7,1440,0,1986,0,47.4473,1640,9167,12.388185847286392
3,2.25,1810,7630,1.0,0,0,7,1810,0,1959,0,47.497,1830,7594,12.542544882151386
3,2.5,1610,8064,1.0,0,2,7,1160,450,1981,0,47.6818,2260,8328,13.42984807715229
2,1.0,1840,3300,1.5,0,0,6,1130,710,1910,0,47.6757,1320,4000,13.102160670086809
4,2.75,1720,6270,2.0,0,0,8,1720,0,1978,0,47.5458,2130,8700,13.075271769870477
3,1.0,1310,15022,1.0,0,0,7,1310,0,1934,1984,47.5008,1530,13154,12.367340793126296
4,1.0,1600,5500,1.5,0,0,7,1600,0,1946,0,47.6983,1900,5500,13.345506928718539
4,2.5,3100,7250,2.0,0,0,9,3100,0,2010,0,47.6961,1240,6670,13.781953774435431
3,1.0,950,9451,1.0,0,0,7,950,0,1977,0,47.7308,1480,8352,12.765688433465597
3,2.5,2790,19485,2.0,0,0,9,2790,0,1990,0,47.4688,2580,17859,13.190022025878143
4,2.5,2320,10079,2.0,0,0,7,2320,0,1994,0,47.3828,2010,7438,12.84792653170257
4,2.5,2230,8560,2.0,0,0,8,2230,0,2002,0,47.4877,2400,7756,13.122363377404328
4,2.5,2530,9933,2.0,0,2,8,2010,520,1990,0,47.2654,2140,9933,12.712739634147306
2,1.5,1030,798,3.0,0,0,8,1030,0,2008,0,47.6975,1020,1026,12.694652660348845
2,1.75,1000,3554,1.0,0,0,8,1000,0,1975,0,47.3811,1150,4000,12.254862809699606
3,1.75,1570,8750,1.0,0,0,7,1570,0,1960,0,47.4425,1890,8825,12.388394202324129
2,1.5,1650,7311,1.0,0,0,7,860,790,1978,0,47.7772,1660,7255,12.804909146618877
4,2.25,2100,8290,2.0,0,0,8,2100,0,1978,0,47.5595,2100,8290,13.345506928718539
2,2.5,1680,1240,2.0,0,0,8,1120,560,2014,0,47.6372,2060,3630,13.390097812046413
3,2.0,1880,8494,1.0,0,0,7,1200,680,1968,0,47.6217,1290,9128,13.664687668229691
2,1.0,1190,5000,1.0,0,0,7,1190,0,1925,0,47.5717,1600,5000,13.09704556942004
3,1.0,1250,7280,1.0,0,0,7,1250,0,1975,0,47.6986,1690,7280,12.911642346088676
4,2.25,2530,8736,1.0,0,0,7,1210,1320,1958,0,47.6049,1720,8500,13.334243736439827
3,2.25,1580,12177,1.0,0,0,7,1200,380,1981,0,47.6254,1660,11374,13.071070083016778
3,1.75,1210,7000,1.0,0,0,7,1210,0,1975,0,47.4572,1670,7000,12.611537753638338
3,2.0,970,10000,1.0,0,0,7,970,0,1972,0,47.6205,1230,7500,12.734639950772321
3,1.75,1290,6604,1.0,0,0,7,1290,0,1984,0,47.323,1440,6682,12.354492650648448
3,1.75,1770,10125,2.0,0,0,7,1770,0,1944,1978,47.7289,1680,9825,13.096019402064726
3,1.0,1370,6001,1.0,0,0,7,1230,140,1944,0,47.5646,1370,5520,13.010313873595706
3,1.5,1750,12632,1.0,0,0,7,1750,0,1952,0,47.6736,1740,12196,13.071070083016778
3,3.0,1320,1071,2.0,0,0,7,1080,240,2003,0,47.5942,1780,7715,12.791077667470416
4,2.5,1850,8198,2.0,0,0,7,1850,0,1993,0,47.4079,1850,7924,12.594730635321957
4,2.25,2760,12100,2.0,0,0,9,2760,0,1976,0,47.6285,2850,12410,13.422467969854667
3,1.75,2110,19600,1.0,0,0,8,2110,0,1959,0,47.4742,880,10077,12.89921982609012
3,1.0,1620,4774,1.5,0,0,7,1620,0,1920,0,47.659,1880,4560,13.643535293224463
3,2.5,1900,8744,2.0,0,0,8,1900,0,1987,0,47.62,2030,8744,13.235692062711331
5,3.25,2610,3642,2.0,0,0,8,2080,530,2005,0,47.535,1750,3118,12.994530005894443
4,1.75,1820,7700,1.0,0,0,7,1100,720,1955,0,47.7545,1700,8500,12.751009798924933
4,1.75,1660,10757,1.0,0,0,7,1000,660,1980,0,47.5071,1880,8319,12.86099861326992
5,2.5,3050,8200,1.0,0,4,8,1650,1400,1962,0,47.5647,2970,8792,13.845069360205818
3,2.25,1850,2575,2.0,0,0,9,1850,0,2013,0,47.5525,1080,4120,13.070964814318328
6,3.0,3870,43787,2.0,0,0,8,2700,1170,1976,0,47.7642,2600,35381,13.279367126213993
3,2.75,1740,8436,1.0,0,0,7,1140,600,1967,0,47.3456,1550,8436,12.388390035648781
5,2.75,4450,9600,2.0,0,0,9,3650,800,2014,0,47.7336,4000,9750,13.648215535186942
4,3.0,2490,4325,1.5,0,0,8,1690,800,1922,2003,47.6628,1960,4284,13.893397096621346
3,1.75,1510,9720,1.0,0,0,7,1510,0,1948,1976,47.7728,1520,10037,12.721885810807203
4,2.5,1850,5444,2.0,0,0,7,1850,0,1981,0,47.7227,1540,5000,13.071070083016778
4,1.75,2250,16000,1.0,0,0,8,1450,800,1957,0,47.3303,1930,16000,12.542544882151386
5,3.25,4560,19080,1.0,0,0,9,2490,2070,1963,0,47.6291,3390,20140,14.331323723241304
3,2.5,2380,3332,2.0,0,0,9,2380,0,2014,0,47.7194,2590,4382,13.38472764187182
3,1.75,1930,6360,1.0,0,0,9,1930,0,2013,0,47.5181,2770,6373,13.193289578804034
5,2.0,1910,5508,1.0,0,0,7,1020,890,1968,0,47.7074,1030,7440,13.091904169919621
4,1.5,1370,3708,1.5,0,0,7,1370,0,1926,0,47.6849,2030,3708,13.208541073645382
5,1.5,3360,5402,2.0,0,0,9,3360,0,2014,0,47.6067,3360,5415,13.598591345201287
4,1.75,2250,8580,1.0,0,0,7,1330,920,1958,0,47.7633,2250,10032,13.056223574899784
3,1.5,1790,4800,1.5,0,0,8,1790,0,1912,0,47.6332,1780,3600,13.753635154246187
3,1.75,1350,5850,1.0,0,0,7,1050,300,1973,0,47.4225,1710,7757,12.729320789294722
3,1.5,1320,7201,1.0,0,0,7,1320,0,1971,0,47.7126,1380,7201,12.821258284620408
3,2.5,1500,4445,2.0,0,0,8,1500,0,1996,0,47.5682,1730,4408,13.033532163697712
4,3.5,2890,5911,2.0,0,0,9,2370,520,2014,0,47.5754,3490,6093,13.658856747918897
2,1.0,1070,5824,1.0,0,2,7,1070,0,1949,0,47.507,2090,7980,12.675920012567607
4,2.5,1910,10221,2.0,0,0,8,1910,0,1994,0,47.381,2210,8705,12.821123140353697
2,1.0,1340,6380,1.0,0,0,7,890,450,1939,0,47.697,1380,6380,13.16158409055761
4,1.75,1960,7945,1.0,0,0,7,980,980,1946,0,47.7326,1290,7945,12.886641043883259
3,2.0,1270,3090,2.0,0,0,7,1270,0,1911,0,47.685,1440,3090,13.253391639810733
4,2.25,2470,8686,1.0,0,0,7,1270,1200,1974,0,47.4371,1900,7350,12.793859310432293
3,1.75,1520,7252,1.0,0,0,7,1140,380,1975,0,47.7358,1910,7820,12.911642346088676
3,1.0,960,10181,1.0,0,0,7,960,0,1961,0,47.7231,1740,10194,12.682306824526545
4,2.5,2830,13760,2.0,0,0,8,2830,0,1993,0,47.7334,2350,14029,13.15773052124162
4,2.5,2570,6157,2.0,0,0,7,2570,0,2006,0,47.5389,2060,5292,13.102160670086809
4,2.5,2210,9875,2.0,0,0,9,2210,0,1990,0,47.6285,2440,8799,13.367659733359671
3,1.0,900,4084,1.5,0,0,7,900,0,1910,0,47.684,1280,4080,12.89921982609012
3,1.0,980,3090,1.5,0,0,6,980,0,1903,0,47.5525,980,3090,12.193493863323313
5,4.5,2120,8944,2.0,1,4,8,2120,0,1939,1963,47.5488,2870,8944,13.815510557964274
3,2.25,1280,1520,2.0,0,0,8,1080,200,2008,0,47.6651,1280,1681,13.102160670086809
2,2.5,1170,809,2.0,0,0,9,1170,0,2007,0,47.6875,1170,1121,13.086736199761178
2,1.0,1490,6000,1.0,0,0,7,1090,400,1946,0,47.6296,1590,6000,13.262125319779487
3,1.75,1530,26642,1.0,0,0,7,1180,350,1988,0,47.7422,1550,13566,12.92391243868049
4,2.25,2810,12607,2.0,0,0,10,2810,0,1985,0,47.4585,2810,17400,13.190022025878143
4,2.5,2154,4153,2.0,0,0,9,2154,0,2012,0,47.4557,2154,4091,12.873902018105829
3,1.0,1310,8370,1.5,0,0,7,1310,0,1962,0,47.7284,1310,8370,12.647548191161372
2,2.5,1320,48787,1.0,0,0,8,1320,0,2004,0,47.5157,1830,155073,12.796633237315017
4,2.5,2630,6100,2.0,0,0,8,2630,0,2004,0,47.7735,2360,5765,13.26546755437278
4,2.5,2070,4500,2.0,0,0,7,2070,0,2004,0,47.3497,2760,5173,12.745485726148077
5,2.0,2020,5000,1.5,0,0,7,2020,0,1938,0,47.6949,1510,6600,13.098070684835283
4,2.75,2200,9778,1.0,0,0,8,1100,1100,1962,0,47.5472,2140,11321,13.132313708257497
3,2.0,1680,5036,1.0,0,1,7,1680,0,1987,0,47.4734,1680,4921,12.821258284620408
4,3.25,3530,8589,2.0,0,0,10,3530,0,2007,0,47.6975,2470,9019,13.777808690780263
3,2.25,1620,4500,2.0,0,0,8,1620,0,1926,0,47.643,1210,4320,13.592367006650065
