bedrooms,bathrooms,sqft_living,sqft_lot,floors,view,grade,sqft_above,sqft_basement,yr_built,yr_renovated,lat,long,price_ln
2,1.0,1280,4840,1.0,0,7,1200,80,1908,0,47.6762,-122.299,13.383187995686226
2,1.0,760,3001,1.0,0,6,760,0,1913,0,47.5874,-122.311,12.611537753638338
3,1.0,1700,4400,1.5,0,8,1700,0,1906,0,47.612,-122.292,13.592367006650065
5,2.5,3440,12900,1.0,2,8,1720,1720,1958,0,47.4426,-122.342,13.224919965729422
2,1.0,720,6686,1.0,0,6,720,0,1942,0,47.7003,-122.362,12.71589776896258
3,2.5,2240,41339,1.0,0,9,2240,0,1945,1992,47.6483,-122.163,13.82347872761345
4,3.25,5050,20100,1.5,2,11,4750,300,1982,2008,47.6312,-122.223,14.880221294956703
4,2.5,2240,9385,2.0,0,8,2240,0,1991,0,47.7125,-122.332,13.287877815881902
5,2.0,2140,5000,1.5,0,7,2020,120,1913,0,47.6044,-122.299,13.42984807715229
3,3.0,2110,7794,1.0,0,6,2110,0,1981,0,47.4005,-122.293,12.402872221504781
3,1.5,1140,8340,1.0,0,7,1140,0,1960,0,47.4773,-122.28,12.206072645530174
3,2.5,1600,3580,2.0,0,7,1600,0,2000,0,47.4939,-122.261,12.584509081250419
5,1.75,2230,7560,1.0,0,7,1230,1000,1959,0,47.5055,-122.26,12.834681304952548
3,1.75,1310,8600,1.0,0,7,1310,0,1987,0,47.686,-122.185,13.060487973686241
3,1.75,1940,9000,1.0,0,7,1290,650,1965,0,47.4361,-122.189,12.567237494741757
4,2.25,2940,5735,1.0,0,9,1470,1470,1957,0,47.6381,-122.304,14.28551418721001
3,1.75,1880,5978,1.0,0,7,940,940,1957,0,47.5793,-122.294,13.239257128875828
4,2.75,1790,47250,1.0,0,7,1220,570,1987,0,47.5302,-121.746,12.873902018105829
2,1.0,1080,4725,1.5,0,7,1080,0,1944,0,47.5275,-122.381,12.873902018105829
4,2.5,3570,17411,2.0,0,10,3570,0,1990,0,47.5617,-122.03,13.779883380321124
3,2.25,2190,8188,2.0,0,8,1810,380,1978,0,47.6883,-122.113,13.270783382522602
3,1.5,2030,10075,1.0,0,7,1080,950,1961,0,47.4713,-122.197,12.871334622600584
2,1.0,880,6731,1.0,0,7,880,0,1950,0,47.5694,-122.395,13.025852477023484
2,1.0,1190,5200,1.0,0,7,1190,0,1912,0,47.6939,-122.348,13.060487973686241
2,1.0,1180,6552,1.0,0,6,1180,0,1949,0,47.7477,-122.342,12.524526376648708
3,1.0,1280,10000,1.0,0,7,1280,0,1954,0,47.5716,-122.139,13.06685066747407
3,1.75,1670,5100,1.0,2,7,990,680,1954,0,47.5898,-122.291,13.329377546788654
3,2.25,1760,4539,2.0,0,8,1760,0,1988,0,47.5754,-122.013,13.122363377404328
4,2.5,2170,7700,1.0,0,7,1420,750,1969,0,47.7216,-122.219,13.049792684569493
2,1.5,1670,9880,1.0,0,7,1670,0,1941,1963,47.4864,-122.348,12.388394202324129
2,1.75,1300,14500,1.0,0,6,650,650,1939,0,47.4989,-122.329,12.406970587897064
4,2.5,4120,14866,1.0,4,8,2070,2050,1965,0,47.5571,-122.193,14.431236591555635
3,2.5,2330,9160,2.0,0,9,2330,0,1997,0,47.5467,-122.181,13.473020249017498
3,1.0,1510,4178,2.0,0,8,1510,0,1902,1979,47.6849,-122.335,13.591116224748411
4,1.5,2150,23568,1.0,0,7,2150,0,1950,0,47.4522,-122.355,12.945626198904275
4,3.25,1560,4080,1.0,0,7,1560,0,1916,0,47.5347,-122.38,13.711260536590475
3,2.5,1430,1250,3.0,0,7,1430,0,2007,0,47.6904,-122.342,12.896716695872
3,1.0,1190,6250,1.0,0,7,990,200,1954,0,47.5658,-122.292,12.429216196844383
2,1.0,760,6380,1.0,0,6,760,0,1941,0,47.6914,-122.31,12.798293907500158
3,2.25,1450,1445,2.0,0,7,980,470,2005,0,47.6184,-122.301,13.086736199761178
3,1.0,1030,9120,1.0,0,7,1030,0,1961,0,47.3607,-122.291,12.314927050442256
2,1.0,1130,5413,1.0,0,7,880,250,1939,0,47.6971,-122.315,13.001325049027272
4,2.5,3270,45537,2.0,0,9,3270,0,1993,0,47.6303,-121.984,13.507625778194974
3,1.75,1840,9401,1.0,0,8,1840,0,1971,0,47.5847,-122.075,13.217673557208654
3,2.0,1570,5600,1.0,0,8,1570,0,1999,0,47.4286,-122.185,12.691580461311874
3,2.75,2550,11160,2.0,0,8,2550,0,1994,0,47.7351,-122.323,12.971540487669746
3,2.5,1480,1590,2.0,0,8,1150,330,2010,0,47.5302,-122.362,12.66032791780777
3,2.75,2280,4280,1.0,0,7,1280,1000,1917,0,47.6685,-122.335,13.681979165339751
4,2.5,2060,5950,2.0,0,8,2060,0,2000,0,47.3631,-122.192,12.584509081250419
3,2.75,2390,9966,1.0,0,8,1360,1030,1977,0,47.5433,-122.185,13.244581010128577
3,1.0,1480,32700,1.0,0,6,1380,100,1942,0,47.4949,-122.327,12.577636201962656
4,2.75,3510,9400,2.0,0,9,3510,0,2014,0,47.4827,-122.131,13.3999193535571
2,1.0,820,4206,1.0,0,5,820,0,1949,0,47.7076,-122.284,13.142166004700508
3,2.25,1650,7218,1.0,0,7,1230,420,1985,0,47.7237,-122.335,12.791077667470416
4,3.5,3130,52322,2.0,0,9,2430,700,2011,0,47.5932,-122.159,13.790192749979985
3,1.5,2510,3600,2.5,0,8,2510,0,1907,0,47.6195,-122.313,13.422467969854667
4,2.5,2300,7500,1.0,3,7,1650,650,1959,0,47.4125,-122.33,12.63827705082796
4,2.5,2060,5742,2.0,0,7,2060,0,1999,0,47.3612,-122.185,12.524526376648708
3,3.0,2600,5238,1.5,3,9,1890,710,1989,0,47.3448,-122.327,13.17115354157376
4,2.5,2360,7350,1.0,0,7,1440,920,1965,0,47.3417,-122.277,12.560244459250788
4,2.75,2400,19923,1.0,0,7,1320,1080,1953,0,47.3616,-122.144,12.8802918162046
3,2.0,1500,5200,1.0,0,7,1060,440,1977,0,47.3653,-122.09,12.429216196844383
4,1.0,1810,7500,1.0,0,7,1410,400,1959,0,47.4935,-122.333,12.487296407920908
2,1.0,940,8532,1.0,0,7,940,0,1959,0,47.4814,-122.343,12.429016176841717
4,2.25,2530,8736,1.0,0,7,1210,1320,1958,0,47.6049,-122.126,13.334243736439827
3,2.5,2660,206480,1.0,0,8,2660,0,1989,0,47.6042,-121.956,13.286181462633724
3,2.5,2080,3920,2.0,0,8,2080,0,2010,0,47.5412,-122.286,13.013663960480988
4,2.0,1440,6702,1.0,0,7,1440,0,1966,0,47.3056,-122.217,12.079658720674516
5,3.75,3330,5042,2.0,2,9,2470,860,2014,0,47.6497,-122.339,14.133964289082808
3,1.0,910,8700,1.0,0,6,910,0,1943,0,47.449,-122.29,12.013700752882718
4,1.75,2340,7200,1.0,0,8,1590,750,1960,0,47.497,-122.369,12.577636201962656
4,2.25,2040,12000,1.0,0,7,1300,740,1963,0,47.7362,-122.241,13.134291948269603
4,4.25,5710,24663,2.0,0,11,5710,0,2007,0,47.3065,-122.158,13.742939865129438
3,3.0,2260,2400,2.0,0,7,2260,0,1909,1972,47.6094,-122.31,13.1470559899947
4,3.5,3350,9681,1.0,1,7,2140,1210,1980,0,47.3978,-122.322,12.89921982609012
3,1.0,1570,5510,1.0,0,7,1070,500,1940,0,47.6942,-122.319,13.112313041550827
4,2.5,1983,6002,2.0,0,9,1983,0,2012,0,47.3281,-122.164,12.751299696013497
3,1.0,1410,7200,2.0,0,6,1410,0,1901,0,47.5924,-122.302,13.458835614025542
5,3.0,2380,5000,2.0,0,7,2380,0,1909,0,47.6722,-122.389,13.465953081794405
4,2.0,2530,10800,1.0,0,8,1350,1180,1954,0,47.5705,-122.225,13.687677186454389
4,2.5,3770,35081,2.0,0,10,3770,0,1989,0,47.6908,-122.051,13.764217263576723
5,2.75,2890,22547,1.0,0,10,2150,740,1963,0,47.5476,-122.219,13.9108207377686
3,1.5,1550,4980,1.0,0,7,1080,470,1978,0,47.7035,-122.34,12.791077667470416
4,2.5,1820,7930,2.0,0,7,1820,0,1989,0,47.359,-122.05,12.56374708980199
2,1.0,670,4640,1.0,0,6,670,0,1943,0,47.53,-122.351,12.429216196844383
3,1.75,3520,12350,1.0,4,8,1530,1990,1960,0,47.5837,-122.382,13.560618308335483
3,1.0,1120,7320,1.0,0,7,1120,0,1954,0,47.5103,-122.382,12.780436290100152
2,1.0,740,7680,1.0,0,6,740,0,1922,0,47.5245,-122.371,12.765688433465597
3,2.5,1820,6848,1.0,0,7,1820,0,1953,0,47.6287,-122.207,13.681979165339751
3,2.25,1260,3000,2.0,0,7,1260,0,2003,0,47.5454,-121.997,12.959844447906553
3,2.5,1670,5797,2.0,0,7,1670,0,1988,0,47.3505,-122.179,12.468436909997665
7,4.0,3150,34830,1.0,0,9,3150,0,1957,2005,47.6029,-122.147,13.81451005763069
3,2.25,2100,7335,2.0,0,8,2100,0,1983,0,47.647,-122.061,13.106233995474446
3,2.25,1358,1204,3.0,0,7,1358,0,2007,0,47.7054,-122.346,12.666657052859417
3,1.0,1290,47044,1.0,0,7,1150,140,1968,0,47.5655,-121.998,13.017002861746503
3,1.75,1340,13115,1.0,0,7,1340,0,1978,0,47.5021,-121.77,12.712890247898626
3,2.0,1510,3817,1.5,0,8,1510,0,1905,1994,47.6088,-122.294,13.422467969854667
4,3.25,3830,10005,2.0,0,10,3830,0,2001,0,47.5953,-122.039,13.664687668229691
3,2.0,1240,11172,1.0,0,7,1000,240,1984,0,47.6364,-122.037,12.901716706288706
6,3.0,2650,12870,1.0,0,7,2650,0,1977,0,47.2069,-121.989,12.691580461311874
2,1.0,940,9330,1.0,0,6,940,0,1941,0,47.5445,-122.273,12.449018824140563
4,3.0,3320,13500,1.0,0,7,1750,1570,1963,0,47.4596,-122.065,12.618182296357007
2,1.75,1000,3554,1.0,0,8,1000,0,1975,0,47.3811,-122.32,12.254862809699606
6,3.5,6563,32670,2.0,0,10,5153,1410,2002,0,47.6078,-122.157,14.077874822431765
4,3.5,2820,7809,2.0,0,10,2820,0,1995,0,47.622,-122.195,14.187074114396758
3,1.0,1050,6000,1.0,0,7,1050,0,1952,0,47.5709,-122.401,12.89921982609012
3,2.0,1560,8853,1.0,0,7,1560,0,1967,0,47.4312,-122.171,12.506177237980511
3,1.5,1350,81549,1.0,0,7,1350,0,1966,0,47.3099,-122.09,12.043553716032399
3,2.5,2080,7749,2.0,0,8,2080,0,1988,0,47.5723,-122.021,13.217673557208654
4,1.75,1950,7139,1.0,4,7,1150,800,1957,0,47.5121,-122.248,13.458835614025542
2,1.5,1660,4680,1.0,0,6,830,830,1908,0,47.5134,-122.388,12.815838217151068
3,2.25,1250,7500,1.0,0,7,1250,0,1942,0,47.5123,-122.373,12.873902018105829
3,2.5,2160,3000,1.5,0,7,1260,900,1909,2011,47.5644,-122.289,12.844631635805715
4,2.0,1820,8400,1.0,0,7,1300,520,1956,0,47.7615,-122.329,12.845159549240176
3,1.0,980,8000,1.0,0,6,980,0,1954,0,47.42,-122.317,12.225875272826354
3,2.25,2290,14585,2.0,0,8,2290,0,1981,0,47.5874,-122.074,13.208541073645382
3,1.5,1340,6000,1.0,0,7,1340,0,1960,0,47.5866,-122.25,13.217673557208654
5,2.5,2344,8000,1.0,0,8,1560,784,1976,0,47.3185,-122.377,12.779873068457553
3,1.75,2040,12065,1.0,0,8,2040,0,1987,0,47.3756,-122.044,12.84779494409793
3,1.75,1740,10800,1.0,0,7,1740,0,1959,0,47.7717,-122.351,12.736700896592344
2,1.0,970,3279,2.0,0,7,790,180,2007,0,47.5469,-122.383,12.621025931510646
3,2.5,1580,6065,2.0,0,8,1580,0,1985,0,47.5692,-122.021,13.091904169919621
5,2.75,2790,7600,1.5,0,7,2790,0,1965,0,47.4999,-122.165,12.793581494067123
3,2.5,1870,8541,2.0,0,8,1870,0,1989,0,47.2925,-122.346,12.611504419749437
2,1.5,1360,1898,2.0,0,7,1360,0,1978,0,47.2852,-122.19,12.206072645530174
4,2.5,2220,6233,2.0,0,7,2220,0,2001,0,47.4887,-122.15,12.582366376338058
4,2.5,2100,7920,1.5,0,6,1400,700,1916,0,47.5293,-122.371,12.969212197910155
3,2.75,2600,10874,2.0,0,9,2600,0,1994,0,47.3815,-122.146,12.959844447906553
4,3.75,3070,5850,2.0,0,9,2400,670,1927,0,47.633,-122.283,14.266586177324491
4,2.5,2170,6000,2.0,0,7,1630,540,2008,0,47.5589,-122.365,13.005829561148378
3,2.5,1410,2500,2.0,0,7,1410,0,2006,0,47.5132,-122.358,12.487485104968359
4,1.75,2520,21834,1.0,4,8,1420,1100,1960,0,47.4996,-122.378,13.527828485512494
3,2.0,1310,6265,1.0,0,7,1310,0,1988,0,47.3893,-122.051,12.577636201962656
3,2.25,1440,4667,2.0,0,7,1440,0,1985,0,47.5662,-122.017,13.010313873595706
4,2.25,2250,3600,2.0,0,9,2010,240,1912,1994,47.643,-122.37,13.790192749979985
3,2.5,2180,4533,2.0,0,7,2180,0,2010,0,47.754,-122.215,13.114331205707064
4,2.25,1900,8272,1.0,0,9,1460,440,1966,0,47.5803,-122.227,13.480037821676145
4,2.5,3238,9112,1.0,2,8,1678,1560,1979,0,47.4005,-122.311,12.7810695355039
5,2.75,3160,10059,2.0,0,10,1740,1420,1978,0,47.7477,-122.217,13.199324418540456
4,2.25,2050,7700,2.0,0,7,2050,0,1977,0,47.3009,-122.375,12.409013489526863
5,4.5,4340,5722,3.0,4,10,4340,0,2010,0,47.6715,-122.406,14.895619375067824
2,1.0,860,5040,1.0,0,7,860,0,1956,0,47.6977,-122.365,12.821258284620408
2,1.75,1510,6852,1.0,0,8,1510,0,2005,0,47.7073,-122.012,13.01477816672439
3,1.75,1460,7203,1.0,0,7,1460,0,1990,0,47.5049,-122.189,12.779873068457553
3,2.5,2030,1160,3.0,0,9,1970,60,2007,0,47.6213,-122.2,13.721199878493033
3,1.0,1040,7490,1.0,0,7,1040,0,1969,0,47.7137,-122.213,12.736371430559664
3,2.5,2210,8622,2.0,0,8,2210,0,1988,0,47.5715,-122.02,13.287877815881902
3,1.0,1270,7400,1.0,2,7,1270,0,1956,0,47.4831,-122.191,12.676076274775909
3,2.0,1160,7217,1.0,0,7,1160,0,1969,0,47.7279,-122.227,12.631340380934517
4,2.5,1950,4947,2.0,0,8,1950,0,2000,0,47.5042,-122.193,13.017000639521811
4,2.5,2440,10049,2.0,0,9,2440,0,1989,0,47.5744,-121.993,13.418013619505286
4,3.5,2000,2309,3.0,0,8,2000,0,2008,0,47.7027,-122.361,13.03134397901716
4,2.5,1930,8458,2.0,0,7,1930,0,1993,0,47.3645,-122.039,12.691580461311874
4,1.75,2085,174240,1.0,0,7,1610,475,1964,0,47.5753,-121.95,13.241922612461968
4,2.75,1810,7350,1.0,0,7,1200,610,1980,0,47.3703,-122.171,12.513557345278134
2,2.5,2220,4000,2.0,0,9,2220,0,2000,0,47.6364,-122.28,14.169682371684887
2,1.0,800,5000,1.0,0,7,800,0,1906,0,47.6751,-122.372,12.983101310070822
2,1.0,720,5913,1.0,0,6,720,0,1920,0,47.5447,-122.27,12.345834587905333
2,1.0,980,3800,1.0,0,7,980,0,1926,0,47.6903,-122.34,12.873902018105829
4,2.5,2360,81892,1.0,0,8,2360,0,2000,0,47.369,-122.156,13.005829561148378
3,3.75,2780,5002,2.0,0,10,2780,0,1999,0,47.5939,-122.15,13.610943392223
3,2.25,1580,4379,2.0,0,8,1580,0,1994,0,47.5694,-122.005,13.122363377404328
3,3.25,1630,1677,3.0,0,8,1630,0,2007,0,47.7048,-122.353,12.86099861326992
3,3.0,1320,1071,2.0,0,7,1080,240,2003,0,47.5942,-122.296,12.791077667470416
5,2.5,3810,15916,1.5,0,8,3810,0,1967,0,47.4521,-122.14,13.151922179645874
3,2.5,1850,17808,1.0,0,8,1210,640,1982,0,47.3631,-122.271,12.832011076396668
5,2.25,2000,7900,1.0,0,7,1300,700,1986,0,47.4291,-122.292,12.706847933442663
3,2.5,1960,3480,2.0,0,7,1960,0,2004,0,47.4802,-122.18,12.577463773304586
3,1.75,1560,242629,1.0,0,7,1560,0,1981,0,47.6493,-121.956,13.287877815881902
4,1.5,2060,16110,1.0,0,8,2060,0,1949,0,47.5983,-122.202,13.610943392223
3,2.5,1820,1866,2.0,0,8,1570,250,2008,0,47.4643,-122.346,12.699243334057444
4,1.75,2110,6708,1.0,3,8,1410,700,1941,0,47.67,-122.274,13.846039762999096
3,2.5,1776,1248,3.0,0,8,1604,172,2006,0,47.6539,-122.352,13.337474757021274
4,3.5,4200,14353,2.0,2,12,3640,560,1996,0,47.5331,-122.217,14.19394699368452
4,1.75,1510,5500,1.5,0,7,1510,0,1920,0,47.535,-122.359,12.429216196844383
3,3.0,3460,5353,2.0,0,10,2850,610,2007,0,47.5858,-122.393,14.038654109278484
3,2.0,1060,1184,2.0,0,7,730,330,2006,0,47.5443,-122.385,12.75419405403986
4,2.0,2030,4033,2.0,0,7,1630,400,1925,0,47.7056,-122.342,12.983101310070822
6,3.75,4000,6015,2.0,2,10,3080,920,2004,0,47.453,-122.118,13.253391639810733
3,1.5,1110,1150,2.0,0,8,940,170,2007,0,47.5929,-122.306,12.157407473548894
3,1.5,1600,8040,1.0,0,7,1050,550,1965,0,47.7471,-122.337,12.85813738098889
3,2.5,2110,4099,2.0,0,8,2110,0,2001,0,47.7508,-122.17,13.214030565930152
5,3.25,4010,12110,2.0,0,11,4010,0,2003,0,47.5228,-122.151,13.90763384684008
3,3.25,2640,16090,1.0,2,8,1960,680,1976,0,47.5374,-122.213,13.693342923990066
2,2.25,2160,17861,2.0,4,9,2160,0,1956,0,47.502,-122.385,13.997832114758229
3,1.75,1620,3360,1.0,0,7,980,640,1927,0,47.6886,-122.361,13.185338176565716
3,1.0,1380,7470,1.0,0,7,1380,0,1965,0,47.7479,-122.343,12.721885810807203
3,1.5,1830,217800,1.0,0,7,1010,820,1981,0,47.6277,-121.972,13.132313708257497
3,1.75,1140,10400,1.0,0,7,1140,0,1983,0,47.2598,-122.311,12.429216196844383
3,1.5,1710,4000,2.0,0,8,1710,0,1926,0,47.5714,-122.385,13.422467969854667
5,4.0,4510,15175,2.0,0,10,4510,0,1969,2002,47.5309,-122.228,14.44144898883077
4,2.75,2020,15810,1.0,0,9,1620,400,1967,0,47.5921,-122.155,13.38472764187182
4,2.5,2100,3916,2.0,0,8,2100,0,2009,0,47.4324,-122.185,12.75419405403986
3,2.5,1770,7336,2.0,0,7,1770,0,1996,0,47.3639,-122.185,12.506177237980511
5,2.25,2180,7813,2.0,0,7,2180,0,1986,0,47.3651,-122.051,12.618182296357007
3,1.75,2090,7461,1.0,0,6,1200,890,1986,0,47.3764,-122.184,12.460714863903755
5,2.5,2490,7666,1.0,0,7,1490,1000,1989,0,47.4022,-122.171,12.584509081250419
3,1.75,1290,1237,2.0,0,7,1060,230,2008,0,47.54,-122.026,12.573455059362532
3,2.0,2160,15788,1.0,0,8,2160,0,1951,0,47.6227,-122.207,13.802425318415619
3,2.5,1600,4271,2.0,0,7,1600,0,2003,0,47.386,-122.036,12.409013489526863
3,1.75,1210,7500,1.0,0,7,1210,0,1951,0,47.5294,-122.033,13.038981768465277
4,2.5,2240,4800,2.0,0,8,2240,0,2014,0,47.2911,-122.266,12.71050789427415
4,2.5,3350,35298,2.0,0,9,3350,0,1985,0,47.6506,-122.036,13.487700694421713
3,3.0,4040,14338,2.0,0,10,3030,1010,1986,0,47.7268,-122.06,13.764217263576723
3,1.75,1420,1189,3.0,0,8,1420,0,2006,0,47.6625,-122.352,13.028052697933088
5,5.25,3410,8118,2.0,0,11,3410,0,2006,0,47.6295,-122.236,14.626440774180603
2,1.0,1150,6000,1.0,1,7,710,440,1921,0,47.6841,-122.213,13.62918097977278
2,2.0,1470,2052,1.5,0,7,1470,0,1986,0,47.3086,-122.328,12.384218830913648
3,2.75,3290,22649,2.0,0,8,3290,0,1993,0,47.5241,-122.193,13.296316684527767
3,1.0,1650,6400,1.0,0,7,980,670,1954,0,47.52,-122.365,12.82530414313995
5,2.75,2330,8000,1.0,0,7,1550,780,1972,0,47.6651,-122.144,13.407542319637992
4,3.0,2770,2650,2.0,0,9,2180,590,2014,0,47.6435,-122.354,13.921670753792664
3,2.5,1590,2550,3.0,0,7,1590,0,1985,0,47.6772,-122.393,13.098070684835283
3,3.25,2650,7819,1.0,2,8,1760,890,1956,0,47.4821,-122.192,12.92391243868049
4,2.5,2780,10480,1.0,3,7,1390,1390,1967,0,47.6597,-122.204,13.805460222110773
3,1.75,1590,7535,1.5,0,6,1590,0,1909,0,47.3769,-122.234,12.425208175446844
4,2.5,3420,21344,2.0,0,9,3420,0,2002,0,47.45,-122.334,13.369223455335854
4,1.75,2130,5080,1.5,0,8,2130,0,1914,1993,47.6427,-122.363,13.769990042662466
4,2.5,2660,11200,2.0,0,9,2660,0,1999,0,47.5894,-122.197,13.937728190688523
5,2.5,2520,7863,1.0,0,7,1500,1020,1981,0,47.7096,-122.199,13.208541073645382
3,2.25,1260,2556,2.0,0,7,1260,0,2005,0,47.5482,-121.998,13.015891132893811
4,1.75,1990,23200,1.0,0,7,1990,0,1976,0,47.486,-122.129,12.842649474601725
4,2.25,3040,12160,1.0,0,7,1520,1520,1963,0,47.5911,-122.133,13.302649530836213
5,4.75,5410,13431,2.0,0,10,5050,360,1941,0,47.6306,-122.288,14.749542971314586
4,2.0,2020,6867,1.0,0,8,1010,1010,1942,0,47.7,-122.292,13.345506928718539
2,1.0,820,4206,1.0,0,5,820,0,1949,0,47.7076,-122.284,13.102058624063964
2,2.25,2320,18919,2.0,4,8,2320,0,1976,0,47.3905,-122.462,13.304684934198283
3,1.5,1250,8710,1.0,0,7,1250,0,1953,0,47.6245,-122.198,13.696727021974308
3,2.0,2140,26600,1.0,0,7,2140,0,1983,0,47.4066,-122.169,12.80765263256463
3,2.5,2290,9158,2.0,0,8,2290,0,1984,0,47.5476,-122.14,13.619495674038317
2,1.0,1760,4441,1.0,0,8,1310,450,1950,0,47.5311,-122.381,12.969095641001111
3,2.0,1430,14250,1.0,0,7,1430,0,1953,0,47.701,-122.199,13.049792684569493
3,2.25,1640,7350,1.0,0,7,1140,500,1984,0,47.2625,-122.3,12.30591798049989
6,4.0,2700,7416,1.0,0,7,1350,1350,1969,0,47.5525,-122.3,12.86099861326992
3,1.75,2000,14733,1.0,0,8,2000,0,1958,0,47.6001,-122.178,13.458835614025542
3,2.25,1780,191228,2.0,2,8,1780,0,1988,0,47.4575,-121.748,13.208541073645382
4,2.5,2350,7203,2.0,0,8,2350,0,1989,0,47.5123,-122.151,12.994530005894443
5,3.0,2510,4125,1.5,3,8,1590,920,1925,0,47.5968,-122.29,13.688812904918317
2,1.0,1360,22508,1.0,0,7,1360,0,1932,0,47.7101,-122.226,13.16158409055761
3,3.25,3230,7639,2.0,0,10,3230,0,1999,0,47.6338,-122.063,13.614006181753545
3,2.5,1650,3031,2.0,0,7,1650,0,2003,0,47.682,-122.034,12.989974189358584
3,2.0,1880,3800,1.0,0,7,1030,850,1927,0,47.6841,-122.309,13.411294669256542
3,1.75,1520,5618,1.0,0,7,1170,350,1953,0,47.68,-122.284,13.217673557208654
4,2.75,2420,39704,1.0,0,9,2420,0,1985,0,47.4053,-122.03,12.821258284620408
3,2.25,1430,9150,1.0,0,7,1070,360,1984,0,47.3239,-122.35,12.254862809699606
3,2.25,1445,1606,2.0,0,7,1300,145,2003,0,47.5348,-122.072,12.866179972011919
3,2.25,1540,5449,1.0,0,7,1180,360,1989,0,47.29,-122.358,12.078239274020289
3,1.0,1470,7350,1.0,0,7,1470,0,1969,0,47.3616,-122.286,12.388394202324129
3,1.0,930,9900,1.5,0,5,930,0,1910,0,47.3745,-122.231,12.081076155355488
3,1.0,1150,18200,1.0,0,7,1150,0,1959,0,47.4262,-122.187,13.049792684569493
2,1.75,1130,276170,1.0,0,8,1130,0,2006,0,47.2673,-122.027,13.244581010128577
4,2.5,3520,6773,2.5,0,9,2650,870,2006,0,47.5317,-122.391,13.676248490630767
3,3.25,1860,1787,3.0,0,8,1860,0,2007,0,47.7563,-122.316,12.84779494409793
3,2.5,1670,4220,2.0,0,7,1670,0,2002,0,47.3834,-122.028,12.644327576461329
4,3.5,3450,7832,2.0,0,10,3450,0,2007,0,47.5637,-122.123,13.864300722133706
3,2.5,2134,1984,2.5,0,8,2134,0,2008,0,47.5402,-122.027,13.322852238153732
2,2.5,2300,6400,1.0,0,8,2300,0,2007,0,47.7196,-122.02,13.465953081794405
4,2.5,3010,9323,2.0,0,10,3010,0,1992,0,47.578,-122.053,13.534471703726974
3,2.25,2450,6500,2.0,0,8,2450,0,1985,0,47.3739,-122.172,12.70381302974751
4,2.5,2660,22050,2.0,0,9,2660,0,1996,0,47.4911,-122.125,13.351886535682578
5,2.5,3190,6178,2.0,0,8,3190,0,2003,0,47.5104,-122.154,13.190022025878143
2,1.0,680,4190,1.0,0,5,680,0,1906,0,47.6901,-122.358,12.524526376648708
3,2.75,3180,3680,2.0,0,9,2190,990,1918,0,47.577,-122.38,13.652991628466498
5,1.75,2120,8399,1.0,0,7,1320,800,1942,0,47.7621,-122.335,12.84183167998138
3,1.75,1330,9831,1.0,0,7,1330,0,1987,0,47.3304,-122.277,12.421184025147118
4,1.5,1790,3420,1.0,0,7,1020,770,1923,0,47.6489,-122.337,13.235692062711331
5,1.75,2330,6450,1.0,1,8,1330,1000,1958,0,47.4959,-122.367,13.049792684569493
4,2.5,2540,6491,2.0,0,8,2540,0,1997,0,47.6363,-122.117,13.527828485512494
3,1.75,1480,8475,1.0,0,7,1480,0,1968,0,47.3126,-122.361,12.363076394339839
3,1.75,1750,9623,1.0,0,7,1150,600,1962,0,47.3997,-122.313,12.538967060803502
4,2.5,2770,6000,2.0,0,8,2400,370,1993,0,47.5536,-122.383,13.437174117244362
3,1.0,1470,9750,1.0,0,7,1470,0,1963,0,47.7155,-122.194,13.071070083016778
3,2.5,1690,3827,2.0,0,7,1690,0,2005,0,47.6768,-122.029,13.01477816672439
3,2.5,2260,33042,1.0,0,9,1660,600,1986,0,47.7634,-122.086,13.321214236149494
2,2.0,1730,4248,2.0,0,7,1730,0,1905,0,47.5933,-122.308,13.017002861746503
4,2.5,2201,9542,2.0,0,8,2201,0,2006,0,47.4002,-122.317,12.891691559669328
3,2.25,2040,435600,2.0,2,7,2040,0,1983,0,47.2328,-121.945,13.17115354157376
3,2.0,1530,8749,1.0,0,7,1530,0,1995,0,47.2974,-122.372,12.419165860990882
3,2.25,2210,7916,2.0,0,8,2210,0,1978,0,47.7175,-122.339,13.122363377404328
3,2.0,2440,13250,1.0,0,8,1440,1000,1977,0,47.375,-122.227,12.65075846679162
4,2.5,1920,7345,2.0,0,8,1920,0,1992,0,47.3526,-122.055,12.62313688948169
3,1.75,1230,9600,1.0,0,7,1230,0,1984,0,47.3675,-122.095,12.388185847286392
5,2.75,3040,10257,2.0,0,10,3040,0,1993,0,47.5531,-122.119,13.77468856344402
4,3.0,2620,18362,1.0,0,8,1870,750,1956,0,47.5646,-122.184,13.399237251139507
3,1.5,1330,7600,1.0,0,7,1330,0,1968,0,47.3103,-122.366,12.292250341771226
3,2.25,1780,9969,1.0,0,8,1450,330,1985,0,47.7286,-122.168,13.017002861746503
4,2.75,2610,8760,1.0,0,8,1760,850,1978,0,47.5875,-122.229,13.544357787463703
2,1.0,800,8550,1.0,0,7,800,0,1947,0,47.4075,-122.294,11.461632170582678
4,3.0,3700,20570,1.0,0,10,1850,1850,1976,0,47.6212,-122.224,14.362475228346138
3,2.5,1580,2407,2.0,0,8,1580,0,2013,0,47.5455,-122.368,12.834681304952548
6,2.5,2800,10490,1.0,0,7,1400,1400,1968,0,47.7735,-122.378,13.00019574343012
4,2.5,2680,9928,1.0,0,8,1340,1340,1974,0,47.5219,-122.052,13.045482333068371
5,2.25,2710,19800,1.0,0,9,1910,800,1959,0,47.5958,-122.175,13.62918097977278
1,0.75,380,15000,1.0,0,5,380,0,1963,0,47.481,-122.323,12.409013489526863
3,2.0,1470,10052,1.0,0,8,1470,0,1956,0,47.726,-122.316,13.081541382884074
4,2.25,1970,7532,1.0,0,8,1390,580,1983,0,47.7219,-122.109,13.071070083016778
2,1.0,1150,15000,1.0,0,6,1060,90,1930,2013,47.4935,-122.316,12.319401330837177
3,3.0,1530,9999,1.0,0,7,1150,380,1983,0,47.6869,-122.186,13.210374254727043
3,1.75,1380,8362,1.0,0,7,1380,0,1967,0,47.3121,-122.323,12.367340793126296
3,2.5,1720,3012,2.0,0,9,1720,0,2011,0,47.7312,-122.334,13.122363377404328
4,2.75,3030,6625,2.0,0,8,3030,0,2011,0,47.4815,-122.152,13.17115354157376
5,2.5,3200,7863,1.0,3,8,1600,1600,1959,0,47.6398,-122.39,14.08400981099928
3,3.0,1390,1080,2.0,0,7,1140,250,2006,0,47.5325,-122.282,12.542544882151386
2,1.75,1700,18000,1.0,0,8,1700,0,1972,0,47.5066,-122.194,12.577636201962656
3,1.0,960,10815,1.0,0,5,960,0,1900,0,47.3091,-122.006,12.206067645517674
4,1.0,2100,9288,1.0,0,7,1050,1050,1968,0,47.4558,-122.171,12.628067055589549
4,2.75,1830,8384,1.0,0,7,1320,510,1979,0,47.733,-122.22,13.091904169919621
4,3.5,3400,5196,2.0,0,9,3400,0,2012,0,47.5169,-121.884,13.399995114002609
3,1.0,1140,8144,1.0,0,7,1140,0,1956,0,47.7464,-122.317,12.531772785169476
2,1.0,1250,5208,1.0,0,7,1050,200,1951,0,47.3063,-122.219,11.918390573078392
3,1.75,1940,167125,1.0,1,7,1480,460,1955,0,47.459,-122.504,13.36138027787483
3,1.0,1130,7014,1.0,0,7,1130,0,1954,0,47.4743,-122.274,12.230765258120545
2,1.0,600,4000,1.0,0,5,600,0,1933,0,47.5065,-122.339,11.957611286231675
2,1.0,930,3200,1.0,0,7,930,0,1904,0,47.609,-122.314,13.122363377404328
4,2.75,2720,4000,1.5,2,8,1840,880,1928,0,47.6797,-122.359,13.875664480784021
4,2.25,2860,15054,1.0,0,8,1460,1400,1957,0,47.7655,-122.3,13.038981768465277
3,1.75,1560,5760,1.0,0,6,780,780,1927,0,47.5272,-122.359,12.776769666333555
3,2.5,1350,1250,3.0,0,8,1270,80,2006,0,47.5491,-122.387,12.886514453592564
2,2.75,1465,972,2.0,0,7,1050,415,2006,0,47.621,-122.298,13.10011776845701
3,2.5,2140,9897,1.0,0,8,2140,0,1959,0,47.5505,-122.219,13.591116224748411
4,3.5,3360,9767,2.0,0,9,2450,910,1990,0,47.3047,-122.347,12.928778628331663
3,1.0,1240,5750,1.0,0,6,1240,0,1948,0,47.564,-122.398,12.959844447906553
2,2.0,1520,5010,1.0,0,7,1520,0,1999,0,47.6948,-122.364,12.89921982609012
4,2.75,2620,6707,2.0,0,9,2620,0,2000,0,47.5965,-122.038,13.418757390458131
4,2.25,3060,48787,2.0,0,8,3060,0,1992,0,47.3397,-121.918,12.936033799212835
3,1.5,2390,23522,1.0,0,7,1890,500,1938,1968,47.4754,-122.09,12.429216196844383
3,3.5,2100,2479,2.0,0,9,1450,650,2011,0,47.562,-122.292,13.226723392728571
3,2.25,2360,5504,2.0,0,8,2080,280,1913,0,47.617,-122.288,14.09692301740246
4,2.25,2080,8000,1.0,0,8,1390,690,1964,0,47.6264,-122.113,13.122363377404328
4,2.0,2090,40419,1.0,0,7,2090,0,1984,0,47.4691,-121.993,13.038981768465277
4,2.5,2960,37430,2.0,0,9,2960,0,1990,0,47.3988,-122.023,13.199231821660906
3,1.75,1370,9680,1.0,0,7,1370,0,1977,0,47.6127,-122.045,12.89921982609012
1,1.0,760,3000,1.0,0,7,760,0,1900,0,47.6059,-122.303,12.936033799212835
3,2.5,2060,4730,2.0,0,8,2060,0,1994,0,47.6874,-122.178,13.345426925518368
3,2.25,2220,15757,1.0,0,8,1280,940,1982,0,47.6212,-122.043,13.232114241363448
4,2.5,1800,4500,2.0,0,8,1800,0,1999,0,47.5998,-122.014,13.092934566713517
4,2.5,4260,36360,1.5,0,8,4100,160,1935,0,47.764,-122.302,13.36138027787483
2,1.0,710,1131,2.0,0,7,710,0,1943,0,47.6413,-122.329,12.899094818276968
3,2.5,2430,15264,2.0,0,8,2430,0,1997,0,47.3805,-122.208,12.800227876883168
4,2.0,1830,6000,1.0,0,7,1070,760,1953,0,47.5453,-122.279,12.84397135185964
3,2.25,1740,8491,1.0,0,8,1240,500,1958,0,47.7758,-122.379,12.983101310070822
3,2.5,3420,79279,2.0,0,11,3420,0,1990,0,47.7225,-122.126,14.018451401960965
3,2.5,1570,5113,1.0,0,7,1090,480,1996,0,47.3327,-122.29,12.4529327234617
3,2.5,3160,24437,1.0,3,11,2160,1000,1991,0,47.5531,-122.131,13.955272500339433
5,1.5,1940,3430,1.5,0,6,1220,720,1926,0,47.6853,-122.362,13.244581010128577
2,1.0,1000,5375,1.0,0,7,1000,0,1953,0,47.5404,-122.268,12.948009990259552
3,1.5,1360,1488,2.0,0,7,1120,240,2003,0,47.6526,-122.384,12.89043132005704
2,1.0,1050,4125,1.0,0,7,1050,0,1909,0,47.5736,-122.307,12.8802918162046
4,2.5,2040,5770,2.0,0,7,2040,0,1994,0,47.3522,-122.059,12.429216196844383
4,3.5,4490,5099,2.0,0,9,3390,1100,2006,0,47.5394,-121.861,13.458835614025542
2,1.0,1100,8281,1.0,0,7,1100,0,1947,0,47.7414,-122.315,12.676076274775909
3,3.0,2240,11536,2.0,0,7,2240,0,1943,2005,47.4886,-122.245,12.686954392923091
3,2.5,4040,147856,2.0,0,9,4040,0,2004,0,47.2711,-122.067,13.541073712262515
3,2.0,1520,7456,1.0,0,7,1520,0,1949,0,47.4745,-122.343,12.025749091398891
5,2.75,2550,7725,1.0,0,8,1390,1160,1967,0,47.5388,-122.171,13.081541382884074
3,3.0,2150,3962,1.5,0,7,1540,610,1949,0,47.7183,-122.285,12.947890935553772
3,1.75,2140,15030,1.0,0,7,1570,570,1958,0,47.4181,-122.338,12.945626198904275
3,1.75,1880,13300,1.0,0,7,1380,500,1967,0,47.634,-122.204,13.493926933836812
3,1.0,1690,13825,1.0,0,7,1210,480,1955,0,47.4256,-122.322,12.458774999085929
2,1.0,810,9882,1.0,0,6,810,0,1944,0,47.4925,-122.239,12.043553716032399
3,3.0,4610,8400,2.0,2,8,2790,1820,1947,1999,47.5854,-122.292,14.034646087880946
3,1.75,1850,15170,1.0,0,7,1850,0,1965,0,47.4991,-121.774,12.873902018105829
3,2.25,2080,70567,2.0,0,8,2080,0,1990,0,47.7221,-122.124,13.294634598344782
4,1.0,1570,4000,1.5,0,7,1570,0,1920,0,47.6275,-122.321,13.17115354157376
4,2.5,2040,5523,2.0,0,7,2040,0,1999,0,47.432,-122.328,12.751299696013497
2,1.0,700,5200,1.0,0,6,700,0,1952,0,47.4924,-122.175,11.951180395901384
3,2.5,1600,7829,2.0,0,7,1600,0,1987,0,47.7288,-122.227,13.028052697933088
4,2.0,2120,6865,1.0,0,7,1060,1060,1954,0,47.7775,-122.337,12.560244459250788
2,2.5,1000,1092,2.0,0,7,990,10,2004,0,47.5419,-122.271,12.301382825334498
3,3.5,3380,3333,3.0,0,10,2800,580,2008,0,47.6162,-122.288,13.989463865087712
2,2.5,1450,1281,2.0,0,8,1220,230,2006,0,47.665,-122.285,13.287877815881902
2,2.0,1250,1178,2.0,0,7,980,270,1996,0,47.5426,-122.387,12.736700896592344
4,2.25,2490,9864,1.0,0,8,1290,1200,1961,0,47.6051,-122.195,13.621925808891609
3,2.25,2200,16921,2.0,0,8,2200,0,1987,0,47.3727,-122.051,12.92391243868049
3,3.0,1860,7440,1.0,0,7,1040,820,1954,0,47.5035,-122.255,12.61602765891119
1,0.75,840,7203,1.5,0,6,840,0,1949,0,47.4756,-122.301,12.319401330837177
3,2.0,1490,3880,1.0,0,7,1490,0,1959,0,47.662,-122.363,13.217673557208654
5,3.25,3960,321908,2.0,0,9,2690,1270,1989,0,47.3984,-122.055,13.17115354157376
3,1.75,3860,9000,1.0,2,9,1930,1930,1970,0,47.7431,-122.29,13.687677186454389
2,1.75,1500,6800,1.0,0,7,910,590,1942,0,47.7004,-122.371,12.987688474077727
4,3.5,3430,13609,2.0,0,11,3430,0,2001,0,47.5196,-122.151,13.812506048943975
4,2.25,2190,9113,2.0,0,7,2190,0,1986,0,47.3241,-122.275,12.409013489526863
3,3.0,2130,5000,1.5,0,7,1570,560,1913,0,47.5451,-122.284,13.14020329553266
3,1.0,1210,9622,1.0,1,8,1210,0,1955,2009,47.5728,-122.179,13.399995114002609
5,2.75,3078,6371,2.0,0,9,3078,0,2014,0,47.3587,-122.163,13.038873066905303
3,2.25,1410,905,3.0,0,9,1410,0,2014,0,47.5818,-122.402,13.179688444023599
4,1.0,2170,12100,1.0,0,7,2170,0,1961,0,47.6893,-122.164,13.244581010128577
4,4.0,4000,9309,2.0,0,9,4000,0,2007,0,47.5421,-121.888,13.44154411691548
4,3.75,4133,361548,2.0,0,11,4133,0,2000,0,47.7479,-121.972,13.794797516366733
4,2.5,2840,4750,2.0,0,9,2840,0,2002,0,47.4511,-122.121,13.17115354157376
3,2.5,2150,9266,2.0,0,8,2150,0,1988,0,47.7445,-122.248,12.966971928140937
3,2.5,1930,8254,2.0,0,7,1930,0,2014,0,47.4973,-122.346,12.821123140353697
2,1.0,1140,11480,1.0,0,6,1140,0,1907,0,47.5328,-122.274,13.028052697933088
2,1.0,1020,13647,1.0,0,6,1020,0,1915,1974,47.2848,-121.927,11.982929094215963
4,2.5,2650,18295,2.0,0,8,2650,0,1986,0,47.6075,-122.154,13.493926933836812
3,2.5,1430,8470,1.0,0,7,1190,240,1992,0,47.1943,-121.991,12.506177237980511
3,0.75,1080,5025,1.0,0,5,1080,0,1948,0,47.4936,-122.335,12.230765258120545
3,2.0,1520,7131,1.0,0,8,1520,0,1993,0,47.3061,-122.361,12.392552212472792
3,1.0,1200,7000,2.0,0,7,1200,0,1908,0,47.5883,-122.384,11.77528972943772
3,2.5,1640,7847,2.0,0,8,1640,0,1987,0,47.5684,-122.018,13.081541382884074
4,2.5,2730,10753,2.0,0,9,2730,0,1991,0,47.5414,-122.133,13.53579665516167
4,2.5,3160,11380,2.0,0,9,3160,0,1983,0,47.6318,-122.039,13.37700559577791
4,2.5,2350,9779,1.0,0,10,2350,0,1987,0,47.6411,-122.065,13.447341234599806
3,3.25,4110,20900,2.0,0,9,2630,1480,2002,0,47.5506,-122.187,13.737549016494562
4,2.0,2190,8402,2.0,0,6,2190,0,1928,0,47.6944,-122.175,13.199324418540456
2,1.0,780,10064,1.0,0,7,780,0,1958,0,47.4913,-122.318,12.423198124518821
3,2.5,1830,7585,2.0,0,8,1830,0,1995,0,47.3893,-122.154,12.691580461311874
3,2.5,2570,5000,1.0,0,8,1480,1090,1940,0,47.6578,-122.285,13.820498099475314
6,4.5,3500,8504,2.0,0,7,3500,0,1980,0,47.7349,-122.295,13.292106151991423
4,4.0,4390,17832,1.0,0,11,2430,1960,1994,0,47.5283,-122.143,14.060806913919617
3,3.25,1510,1125,3.0,0,8,1510,0,2006,0,47.6711,-122.39,13.180632285528304
4,2.0,1780,10622,1.0,0,7,900,880,1976,0,47.4573,-122.158,12.691580461311874
4,2.5,2440,7797,1.0,0,8,1560,880,1965,0,47.3895,-122.222,12.538249957868507
5,1.5,1750,9780,1.5,0,7,1750,0,1961,0,47.7755,-122.235,12.86099861326992
2,1.75,1700,5000,1.0,0,6,850,850,1915,0,47.6787,-122.363,13.145528971035935
3,2.5,2424,6143,2.0,0,9,2424,0,2014,0,47.3512,-122.135,12.877740794412995
4,3.0,2250,12142,2.0,0,8,2250,0,1986,0,47.4338,-122.16,12.802158113246987
3,2.5,1680,1683,2.0,0,9,1120,560,2014,0,47.6425,-122.374,13.353395730138775
5,3.0,2750,10000,1.0,0,7,1730,1020,1957,0,47.5878,-122.13,13.58609739363647
2,1.0,2180,12875,1.0,0,7,1480,700,1959,0,47.3757,-122.303,12.524526376648708
4,3.75,3790,8797,2.0,0,11,3290,500,2006,0,47.6351,-122.236,14.438771611060053
4,1.75,1390,10660,1.0,0,7,1030,360,1960,0,47.4128,-122.323,12.513557345278134
3,1.0,1210,5750,1.5,0,7,1210,0,1910,0,47.5403,-122.391,12.994530005894443
5,3.5,4010,6000,2.0,3,9,2560,1450,1997,0,47.4928,-122.229,13.345506928718539
2,1.0,880,6780,1.0,0,6,880,0,1945,0,47.5009,-122.248,12.232836282799388
3,1.75,1450,12125,1.0,0,7,1450,0,1981,0,47.3575,-122.28,12.400816722322686
3,1.75,1490,16200,1.0,0,8,1490,0,1958,0,47.5919,-122.175,13.438122572428
4,2.75,1990,7252,1.0,0,7,1270,720,1999,0,47.2839,-122.202,12.506177237980511
3,1.75,1260,8614,1.0,0,7,1260,0,1985,0,47.3586,-122.056,12.409013489526863
4,2.25,2550,9736,1.0,0,8,2550,0,1967,0,47.3193,-122.212,12.66032791780777
3,3.5,2050,2020,2.0,0,8,1520,530,2006,0,47.6235,-122.306,13.542388636843823
4,3.5,4083,68377,2.0,0,10,4083,0,2005,0,47.3114,-122.262,13.3645249345543
5,2.75,2910,53898,1.0,0,7,1510,1400,1979,0,47.7201,-122.062,13.304684934198283
3,2.0,1430,7280,1.0,0,7,990,440,1980,0,47.3742,-122.18,12.429216196844383
3,3.0,1730,1902,3.0,0,8,1730,0,2014,0,47.6944,-122.377,13.248026395399986
3,1.75,1770,16909,1.0,0,8,1770,0,1977,0,47.4458,-122.134,12.947890935553772
4,2.5,4940,10037,1.0,4,9,3450,1490,1953,0,47.5095,-122.247,13.592367006650065
5,1.75,1830,47916,1.5,0,6,1830,0,1948,0,47.4881,-121.777,13.021437458814368
4,2.5,2570,6251,2.0,0,9,2570,0,2000,0,47.593,-122.197,13.972514306773938
3,2.0,1530,5401,1.0,0,7,1530,0,1937,0,47.686,-122.304,13.253391639810733
4,2.25,3010,10925,2.0,0,9,3010,0,1988,0,47.3326,-122.201,12.979635541110842
4,1.75,2110,7208,1.0,0,8,1170,940,1975,0,47.4464,-122.129,12.688498794774466
3,2.0,3570,30456,1.0,1,8,2070,1500,1946,1982,47.6413,-122.24,14.603967918328545
4,3.25,3526,15958,2.0,0,10,3526,0,1997,0,47.567,-122.033,13.722298176242095
4,2.5,2710,12138,1.0,0,8,1700,1010,1968,0,47.7657,-122.29,13.190022025878143
5,2.5,3001,5710,2.0,0,8,3001,0,2006,0,47.3727,-122.177,12.829333698625952
3,2.5,1780,1729,2.0,0,8,1080,700,2008,0,47.6594,-122.355,13.399995114002609
2,2.25,1280,2574,2.0,0,7,1280,0,1992,0,47.5939,-122.302,12.804909146618877
3,2.5,1620,7410,1.0,0,7,1620,0,1955,0,47.7708,-122.335,12.780717782009118
3,2.5,2250,5692,2.0,0,8,2250,0,2000,0,47.5133,-122.379,13.007710936319127
3,2.0,1540,7210,2.0,0,7,1540,0,1984,0,47.3128,-122.351,12.437184366493561
4,1.75,2370,5000,1.5,2,8,1770,600,1919,0,47.6779,-122.357,13.676248490630767
3,2.25,1740,9672,1.0,0,7,1110,630,1963,0,47.4149,-122.181,12.505806799006097
5,2.25,3160,8065,2.0,0,8,3160,0,1977,0,47.5678,-122.089,13.53777881636566
3,1.75,1330,7848,1.0,0,8,1330,0,1978,0,47.4463,-122.127,12.757080058928997
5,3.25,2820,3275,2.0,0,8,2230,590,2006,0,47.5339,-122.284,13.042237332925044
2,3.25,3000,24004,1.0,0,10,2410,590,1952,0,47.611,-122.157,13.567049198665774
4,2.5,2910,20946,2.0,0,8,2350,560,1976,0,47.7085,-122.24,13.465953081794405
3,2.5,2090,6045,2.0,0,8,2090,0,2000,0,47.4947,-122.174,12.936033799212835
3,1.0,1030,9834,1.0,0,7,1030,0,1969,0,47.7676,-122.164,12.694652660348845
3,2.5,2080,4931,2.0,0,8,2080,0,2000,0,47.5342,-121.868,13.136167658380726
3,2.0,1870,5300,1.0,0,8,1870,0,2009,0,47.7106,-122.02,13.270783382522602
4,1.0,1150,2560,1.5,0,7,1150,0,1909,0,47.6368,-122.355,13.091904169919621
2,1.0,700,10540,1.0,0,6,700,0,1953,0,47.438,-122.336,12.165250651009918
4,2.5,2020,7277,2.0,0,8,2020,0,1993,0,47.4318,-122.19,12.637855061955712
5,1.5,1720,4000,1.5,0,7,1520,200,1925,0,47.6197,-122.287,13.434250138552928
3,1.75,2270,9000,1.0,0,8,1330,940,1978,0,47.3077,-122.381,12.460714863903755
5,2.5,2690,11745,1.0,0,8,1790,900,1960,0,47.7708,-122.362,13.058358047428417
3,1.0,1210,3720,2.0,0,8,1210,0,1930,0,47.6317,-122.301,13.369223455335854
3,2.5,2350,4975,2.0,0,8,2350,0,2012,0,47.5418,-122.01,13.458835614025542
3,1.5,1510,10588,1.5,0,7,1510,0,1947,0,47.3775,-122.319,12.345834587905333
4,1.75,1960,6138,1.0,0,7,1260,700,1960,0,47.6968,-122.299,13.242809530480196
3,2.0,1770,8141,1.0,0,8,1770,0,1952,0,47.7232,-122.371,13.399995114002609
3,2.5,2140,10136,1.0,0,8,1320,820,1958,0,47.5602,-122.184,13.217673557208654
4,2.0,1960,10559,2.0,0,7,1960,0,1955,0,47.7494,-122.337,12.936033799212835
3,2.5,2340,59058,1.0,0,8,2340,0,1985,0,47.4052,-122.028,13.091904169919621
4,2.0,1720,5413,2.0,0,7,1470,250,1938,1980,47.6929,-122.321,13.112313041550827
2,1.0,620,14823,1.0,0,6,620,0,1926,0,47.7322,-122.3,12.691580461311874
3,2.0,1340,10200,1.5,0,7,1340,0,1953,0,47.7756,-122.351,12.736553826954605
3,2.25,1810,9845,1.0,0,8,1810,0,1959,1991,47.5505,-122.221,13.477797551906928
3,2.25,1910,35015,1.0,0,8,1430,480,1977,0,47.4672,-122.006,13.184398768323781
4,3.0,3130,12381,2.0,0,9,3130,0,1995,0,47.5599,-122.118,13.732128949025222
3,1.0,990,8840,1.0,0,6,990,0,1966,0,47.3074,-122.371,12.310432660854417
3,1.0,1270,8508,1.0,0,6,650,620,1942,0,47.4961,-122.322,11.805595078933049
4,2.75,2960,10454,1.0,1,8,2360,600,1979,0,47.4006,-122.322,12.86099861326992
2,1.0,1510,3844,1.0,0,7,1510,0,1923,1970,47.7038,-122.348,12.721885810807203
3,1.0,1140,8775,1.0,0,6,990,150,1942,0,47.4824,-122.336,12.191973721150672
4,2.25,2440,8098,2.0,0,8,2440,0,1983,0,47.3126,-122.346,12.706847933442663
2,1.0,1430,365904,1.0,0,7,1010,420,1991,0,47.513,-121.857,12.782686009834167
3,1.0,940,1948,1.0,0,6,940,0,1900,0,47.6733,-122.383,13.219490088135052
3,2.5,1090,7700,1.0,0,7,1090,0,1957,0,47.607,-122.12,12.886514453592564
3,2.0,1340,1480,3.0,0,8,1340,0,1997,0,47.6904,-122.393,12.818551923022664
3,1.5,1210,7560,1.0,0,7,1210,0,1941,0,47.5255,-122.374,12.691426603322494
3,1.0,960,10761,1.0,0,6,960,0,1962,0,47.2819,-122.224,12.170445467887022
3,2.5,1413,3600,2.0,0,8,1413,0,2011,0,47.4222,-122.193,12.566540387707603
4,1.0,1960,94525,1.5,0,6,1960,0,1979,0,47.5418,-121.962,12.823957341589573
4,3.0,2710,217800,2.5,0,9,2710,0,2006,0,47.2411,-121.932,13.253391639810733
4,1.75,2080,8750,1.0,0,8,1330,750,1967,0,47.3749,-122.291,12.611537753638338
6,2.5,3190,12196,2.0,0,8,3190,0,1979,0,47.6309,-122.103,13.406037428458571
6,4.0,2280,5275,1.0,0,7,1270,1010,1998,0,47.5556,-122.294,13.015891132893811
6,3.0,2744,9926,2.0,0,7,2744,0,2006,0,47.2773,-122.216,12.611537753638338
4,2.5,2880,3091,2.0,0,9,1940,940,2014,0,47.5711,-122.286,13.36138027787483
5,2.5,2700,16570,1.0,0,8,1750,950,1967,0,47.6144,-122.167,13.5204681311062
3,1.75,1480,7830,1.0,0,7,1480,0,1980,0,47.1967,-121.998,12.377922902456833
4,2.5,3180,5438,2.0,0,9,3180,0,2003,0,47.5416,-121.864,13.38472764187182
3,2.75,3370,5350,1.5,1,7,2310,1060,1910,0,47.5373,-122.39,13.422467969854667
3,2.5,1510,1178,2.0,0,8,1060,450,2007,0,47.6181,-122.301,13.151922179645874
4,2.5,2050,34222,2.0,0,8,2050,0,1989,0,47.7572,-122.022,13.199324418540456
5,3.0,4480,5000,2.5,0,12,3420,1060,1902,0,47.6275,-122.315,14.503645196700676
3,2.25,1820,19602,1.0,0,7,1820,0,1964,0,47.331,-122.286,12.533576212168626
3,2.25,3360,7108,2.0,0,10,2770,590,1905,2004,47.6187,-122.284,14.600781027400025
3,2.0,2168,4000,1.5,0,8,2168,0,1907,0,47.6561,-122.325,13.262125319779487
5,2.5,2850,209523,1.0,0,7,1930,920,1925,1968,47.3939,-122.089,13.017002861746503
3,2.5,3560,11448,2.0,0,11,3560,0,1997,0,47.7126,-122.104,13.64531518096816
3,3.0,2470,7410,2.0,0,8,1860,610,1977,0,47.6937,-122.392,13.60602333309755
3,1.75,1800,7620,1.0,0,8,1350,450,1951,0,47.7165,-122.361,13.140217047893891
3,2.5,1520,3425,2.0,0,7,1520,0,1986,0,47.6801,-122.161,12.904207367601158
2,1.0,1490,3825,1.0,0,7,860,630,1929,0,47.6799,-122.381,13.071070083016778
3,2.5,1630,1587,3.0,0,8,1630,0,2004,0,47.6693,-122.393,13.230320518909421
4,1.75,1450,8891,1.5,0,7,1180,270,1962,0,47.478,-122.278,12.367340793126296
2,2.0,1140,8282,1.0,0,6,1140,0,1924,2009,47.6949,-122.21,13.11835535600679
5,2.5,2020,8250,1.0,0,8,1430,590,1978,0,47.4432,-122.135,12.755638097612096
3,2.5,2330,3610,2.0,0,8,2330,0,1999,0,47.6022,-122.021,13.068909856670238
2,1.5,1450,2550,1.0,0,7,820,630,1984,0,47.6911,-122.348,13.017002861746503
3,2.5,1820,374616,2.0,0,7,1820,0,1999,0,47.6539,-121.959,13.270783382522602
4,2.5,1990,6671,2.0,0,7,1990,0,1989,0,47.3078,-122.358,12.468436909997665
3,1.5,1200,7236,1.0,0,7,1200,0,1975,0,47.739,-122.194,12.796633237315017
4,2.5,2600,4506,2.0,0,9,2600,0,2005,0,47.5146,-122.188,13.146079904021645
2,2.25,1950,29347,1.0,0,8,1350,600,1953,0,47.739,-122.351,12.989974189358584
3,2.25,2760,10160,1.0,0,8,2760,0,1969,0,47.4504,-122.15,12.724866438945341
4,2.5,2120,10841,1.0,0,8,1500,620,1979,0,47.556,-122.156,13.626768433367397
2,1.0,720,4120,1.0,0,5,720,0,1915,0,47.303,-122.217,11.918390573078392
3,1.0,1670,4080,1.0,0,7,1170,500,1967,0,47.6899,-122.321,13.186276703147982
3,1.0,1200,7800,1.0,0,7,1200,0,1954,0,47.5196,-122.371,12.524526376648708
5,1.75,2590,6720,1.0,0,7,1750,840,1979,0,47.435,-122.192,12.718896271958837
3,1.5,1490,8475,1.0,0,7,1490,0,1963,0,47.6571,-122.133,12.929991484756872
4,3.0,3050,6179,2.0,0,9,2330,720,1926,0,47.6253,-122.284,14.204168547756057
3,2.5,2300,8938,2.0,0,9,2300,0,1989,0,47.4181,-122.211,12.886641043883259
3,2.5,1600,2788,2.0,0,7,1600,0,1992,0,47.4034,-122.187,12.409013489526863
3,3.0,1520,1800,3.0,0,7,1520,0,2003,0,47.6822,-122.326,13.304684934198283
5,3.25,3660,11995,2.0,2,10,3660,0,2006,0,47.5337,-121.86,13.573438996764546
3,1.75,1320,7200,1.0,0,7,1320,0,1977,0,47.7341,-122.237,12.717398144337816
2,1.0,860,4320,1.0,0,7,860,0,1925,0,47.5263,-122.325,12.429216196844383
2,1.0,1050,3088,1.0,0,7,1050,0,2005,0,47.5471,-121.996,12.560244459250788
5,3.0,3110,12429,1.0,0,8,1790,1320,1977,0,47.7463,-122.213,12.986543654261794
3,2.5,2380,19860,2.0,0,8,2380,0,1995,0,47.5255,-122.173,13.274225726713574
3,2.5,2217,8019,2.0,0,7,2217,0,2009,0,47.2776,-122.251,12.524526376648708
5,3.25,2590,11500,1.0,2,9,2590,0,1968,0,47.545,-122.229,14.22097566607244
6,1.5,1930,8400,1.0,0,7,1030,900,1971,0,47.4869,-122.34,12.694652660348845
3,2.5,1440,1068,2.0,0,8,1160,280,2006,0,47.5393,-122.361,12.58621994565405
3,1.75,3150,9258,1.0,1,8,2370,780,1970,0,47.5571,-122.08,13.017002861746503
3,1.75,1880,108900,1.0,0,7,1880,0,1978,0,47.5913,-122.01,13.507625778194974
3,1.75,1890,7004,1.0,0,7,1290,600,1965,0,47.5557,-122.28,13.050867375699259
3,1.0,1030,10480,1.0,0,7,1030,0,1954,0,47.5742,-122.139,12.892950213076524
3,2.25,1740,6650,1.0,0,7,1240,500,1978,0,47.2979,-122.379,12.115600742366098
3,2.75,1910,15508,1.0,0,8,1210,700,1984,0,47.3128,-122.345,12.611537753638338
3,1.75,2000,6130,1.0,0,8,1120,880,1951,0,47.6925,-122.388,13.215853720491667
3,1.0,1330,3740,1.5,0,6,1330,0,1903,0,47.5502,-122.274,12.644327576461329
3,1.75,1560,21000,1.0,0,7,1560,0,1954,0,47.4776,-122.337,12.556729517143344
4,1.75,2410,8400,1.0,0,7,1600,810,1978,0,47.7341,-122.2,12.976180867226248
3,2.5,2424,5931,2.0,0,9,2424,0,2014,0,47.3515,-122.134,12.834681304952548
3,2.25,2110,11319,2.0,0,8,2110,0,1978,0,47.742,-122.105,13.079455876393052
2,1.0,990,57499,1.0,0,6,990,0,1949,0,47.4145,-122.463,12.303652973869038
4,2.25,3340,8000,2.0,0,8,3340,0,1973,0,47.317,-122.385,12.647548191161372
3,4.5,3970,24920,2.0,2,10,3260,710,1977,1999,47.7183,-122.258,14.187074114396758
3,1.75,1580,6620,1.0,0,7,1580,0,1988,0,47.2798,-122.303,12.542187675503545
3,1.0,1480,5100,1.5,0,7,1480,0,1938,1959,47.6915,-122.348,12.892950213076524
3,2.5,1950,4949,2.0,0,7,1950,0,2009,0,47.5155,-121.87,12.971540487669746
3,1.5,1460,5040,1.0,0,7,1100,360,1971,0,47.7112,-122.357,12.706641851603198
3,2.25,2730,10675,2.0,0,9,2730,0,1990,0,47.6289,-122.042,13.426902566922532
2,1.75,1050,6500,1.5,2,6,1050,0,1925,0,47.4727,-122.2,12.594730635321957
3,1.0,1220,8573,1.0,0,7,1220,0,1954,0,47.6088,-122.193,13.418013619505286
4,3.25,4250,12281,2.0,4,12,3020,1230,1996,0,47.5507,-122.113,14.294845514638894
3,1.75,1720,223377,1.0,0,7,1240,480,1950,0,47.7329,-121.92,12.994416363073707
2,1.5,1180,844,2.0,0,7,990,190,2005,0,47.5998,-122.3,12.751299696013497
3,2.0,1220,6404,1.0,0,7,1220,0,1994,0,47.3523,-122.059,12.428816116823043
3,1.0,1300,7420,1.0,0,6,1300,0,1960,0,47.2899,-122.219,12.245293358683455
4,2.5,1560,4350,2.0,0,7,1560,0,2003,0,47.5025,-122.186,12.542544882151386
3,2.25,1670,6240,1.0,0,8,1240,430,1974,0,47.6413,-122.113,13.208541073645382
4,2.25,2090,10869,2.0,0,8,2090,0,1970,0,47.6715,-122.164,13.102160670086809
5,2.0,1720,9972,1.0,0,8,1720,0,1951,0,47.6368,-122.218,13.64709190633931
3,1.5,1200,15606,1.0,0,7,1200,0,1985,0,47.4752,-121.755,12.644166273130065
3,2.5,3080,5598,2.0,0,8,3080,0,2006,0,47.4372,-122.206,13.10011776845701
4,1.75,2170,5750,1.0,2,7,1370,800,1975,0,47.5668,-122.383,13.284482226880764
2,1.0,860,6120,1.0,0,7,860,0,1948,0,47.7503,-122.328,12.409013489526863
5,6.0,7120,40806,2.0,4,12,5480,1640,2007,0,47.5451,-122.114,13.710150042306449
3,1.5,1030,6969,1.0,0,6,1030,0,1921,0,47.5492,-122.3,12.751299696013497
3,1.75,1500,7475,1.0,0,8,1500,0,1976,0,47.3155,-122.365,12.404923504275338
4,3.0,2410,8284,1.0,0,7,1210,1200,1969,0,47.7202,-122.22,13.071070083016778
4,2.25,2460,7620,1.0,0,7,1230,1230,1969,0,47.5285,-122.345,12.691580461311874
5,2.0,2600,3750,1.5,0,6,1400,1200,1914,0,47.6691,-122.299,13.270783382522602
2,2.0,1510,4000,1.0,0,7,1010,500,1900,0,47.6582,-122.345,13.296316684527767
3,1.5,1700,14133,1.0,1,8,1700,0,1954,0,47.6166,-122.22,13.794286921512647
3,3.0,1740,3700,1.0,0,7,1740,0,1982,0,47.6102,-122.309,13.324487561494463
6,4.5,3900,9100,2.0,0,8,2870,1030,1979,0,47.6612,-122.137,13.38472764187182
3,2.5,1770,2875,2.0,0,8,1770,0,1990,0,47.5631,-122.397,12.994416363073707
2,1.75,1490,224334,1.0,2,8,1490,0,1983,0,47.2645,-122.163,13.071070083016778
2,2.25,1230,1058,2.0,0,7,1160,70,2008,0,47.5325,-122.073,12.691580461311874
4,4.5,2690,7350,1.5,0,7,2690,0,1949,0,47.7062,-122.311,13.122363377404328
3,1.0,1090,6710,1.5,0,5,1090,0,1912,0,47.3066,-122.217,12.299107511497363
4,2.5,2009,4800,2.0,0,8,2009,0,2012,0,47.2586,-122.2,12.538967060803502
3,1.0,2710,19000,2.0,3,7,2710,0,1950,0,47.4462,-122.359,12.92391243868049
4,2.5,2480,12688,1.0,0,9,1820,660,1967,0,47.6344,-122.205,13.828476140354297
3,1.75,1890,93218,1.0,0,7,1890,0,1964,0,47.2568,-122.07,12.49612690212701
3,2.5,1930,1348,2.0,0,8,1300,630,2005,0,47.6513,-122.384,12.994507278363448
3,1.0,1240,4842,1.0,0,6,1240,0,1916,0,47.5166,-122.269,12.254862809699606
5,3.0,3655,51836,1.0,0,8,2174,1481,1955,0,47.6434,-122.115,13.514405465180353
5,3.5,3672,9742,2.0,0,9,3006,666,2006,0,47.3255,-122.192,12.911642346088676
3,1.75,1840,16679,1.0,0,8,1840,0,1989,0,47.3207,-122.275,12.52434454193596
3,1.0,1030,8400,1.0,0,7,1030,0,1963,0,47.5364,-122.173,12.965007566628122
3,1.75,2120,18335,1.0,0,7,1380,740,1961,0,47.451,-122.273,12.425208175446844
4,2.5,4340,141570,2.5,0,11,4340,0,1992,0,47.6805,-122.048,13.901688254205327
4,2.75,2020,7357,1.0,0,7,1350,670,1986,0,47.7145,-122.225,13.16158409055761
3,1.75,2230,13529,1.0,0,9,2230,0,1949,0,47.6204,-122.217,14.187074114396758
3,3.25,3230,5000,2.0,0,9,3230,0,2006,0,47.5558,-122.002,13.480037821676145
4,1.75,2520,8442,1.0,0,7,1640,880,1953,0,47.6317,-122.205,13.554145793829866
3,2.25,1780,10395,1.0,0,8,1780,0,1967,0,47.4539,-122.15,12.611537753638338
3,1.0,960,8855,1.0,0,7,960,0,1958,0,47.7689,-122.328,12.765145428922454
3,2.5,2140,9492,2.0,0,8,2140,0,1994,0,47.3289,-122.204,12.618182296357007
3,1.0,1300,9620,1.0,0,7,1300,0,1971,0,47.282,-122.331,12.301155526776865
3,2.5,2260,4165,2.0,0,7,2260,0,2005,0,47.5922,-122.008,13.217673557208654
3,2.5,2099,4275,2.0,0,7,2099,0,2010,0,47.3521,-122.211,12.577463773304586
4,2.5,3150,5886,2.0,0,8,3150,0,2014,0,47.4787,-122.122,13.271016114059206
3,3.5,3080,6495,2.0,3,11,2530,550,1996,2006,47.6321,-122.393,14.585618779660347
3,2.5,1490,8628,2.0,0,7,1490,0,1994,0,47.3643,-122.041,12.57418196709457
2,2.25,2160,2578,3.0,0,8,2160,0,2005,0,47.6607,-122.354,13.590803284673882
3,2.5,1470,1256,2.0,0,8,930,540,2006,0,47.6033,-122.309,12.892950213076524
4,2.5,2010,7972,2.0,0,8,2010,0,1989,0,47.5782,-122.018,13.287877815881902
4,2.0,1960,2166,1.5,0,7,1260,700,1926,0,47.6545,-122.344,13.14020329553266
2,1.5,1140,7620,1.0,0,6,1140,0,1925,0,47.5277,-122.351,12.847663339175718
3,2.5,1502,1400,3.0,0,7,1502,0,2005,0,47.6951,-122.305,12.90669184092882
3,2.5,2480,5007,2.0,0,8,1960,520,2014,0,47.6974,-122.369,13.560618308335483
4,1.0,1470,6061,1.5,0,7,1470,0,1945,0,47.4819,-122.289,11.92205053390988
2,1.0,1320,8865,1.0,0,6,1320,0,1943,0,47.4949,-122.3,12.2783933071098
3,1.75,2010,8072,1.0,0,8,2010,0,1974,0,47.6327,-122.097,13.368441900001034
4,2.5,2240,6944,1.0,2,7,1310,930,1979,0,47.338,-122.258,12.568978139219542
3,2.5,1200,813,3.0,0,9,1200,0,2010,0,47.5894,-122.315,12.928778628331663
3,2.5,2500,4203,2.0,0,8,2500,0,2001,0,47.5346,-121.875,13.199139216206378
2,2.0,1440,9985,1.0,0,8,1440,0,2006,0,47.7217,-122.03,13.032438669876342
3,1.75,1500,10230,1.0,0,7,1500,0,1968,0,47.4349,-122.168,12.660331092405906
3,1.5,1310,9471,1.0,0,8,1310,0,1970,0,47.6644,-122.148,13.169246963303179
4,2.5,2020,6236,2.0,0,7,2020,0,2002,0,47.2796,-122.247,12.476099782743233
4,2.25,2310,36136,2.0,0,9,2310,0,1977,0,47.7506,-122.122,13.541731390681484
3,1.5,1270,1413,3.0,0,8,1270,0,2007,0,47.6989,-122.317,12.994530005894443
3,2.0,2220,10275,2.0,0,9,1640,580,1980,0,47.5304,-122.055,13.102160670086809
6,2.0,2650,4621,1.5,0,8,2650,0,1911,0,47.5543,-122.275,12.618182296357007
3,1.0,1320,8500,1.0,0,7,1320,0,1954,0,47.6187,-122.226,13.750972036826703
3,2.25,1430,800,2.0,0,8,1140,290,2011,0,47.5477,-122.388,12.858397831569864
3,1.75,2220,22081,1.5,0,7,2220,0,1922,0,47.4693,-122.364,13.296316684527767
4,1.5,1950,12559,1.5,0,6,1950,0,1939,0,47.4364,-122.282,12.323855681186558
4,2.5,2670,8279,2.0,0,7,2670,0,1999,0,47.4292,-122.328,12.936033799212835
3,2.25,2340,14279,1.0,0,8,1340,1000,1965,0,47.5715,-122.124,12.989974189358584
3,1.0,1630,6009,1.0,3,8,1630,0,1954,0,47.693,-122.383,13.217673557208654
3,2.5,2090,12027,2.0,0,8,2090,0,1991,0,47.4084,-122.213,12.699243334057444
3,1.0,1440,8287,1.5,0,7,1440,0,1928,0,47.7438,-122.315,12.821258284620408
3,1.5,1780,23819,1.0,0,7,1780,0,1953,0,47.4912,-122.312,12.4130868149145
3,1.75,1860,9629,1.0,0,7,1240,620,1961,0,47.4913,-122.143,12.66032791780777
3,1.0,1160,10500,1.0,0,7,1160,0,1966,0,47.7267,-122.227,12.661913960963405
4,2.75,2020,2750,1.0,0,8,1010,1010,1917,2014,47.6053,-122.291,13.303016877097587
5,2.25,2060,8632,1.0,0,7,1030,1030,1962,0,47.4877,-122.335,12.449018824140563
4,2.5,2620,6114,2.0,0,9,2620,0,2011,0,47.5603,-122.013,13.422467969854667
4,3.0,2110,5000,1.5,2,7,1640,470,1930,0,47.5195,-122.391,13.321214236149494
2,1.0,2160,12960,1.0,0,7,1360,800,1968,0,47.4702,-122.261,12.628067055589549
2,1.0,930,3150,1.0,0,6,930,0,1918,0,47.6783,-122.298,13.005829561148378
3,2.0,1260,5612,1.0,0,7,1260,0,1972,0,47.7362,-122.179,12.691580461311874
2,1.0,860,3874,1.0,0,6,860,0,1931,0,47.4836,-122.204,12.578670150012721
3,1.0,1240,5758,1.5,0,6,960,280,1910,0,47.5675,-122.396,13.075062104286316
4,2.75,2060,21344,1.0,0,8,1460,600,1978,0,47.5934,-122.154,13.42320843638239
2,1.0,1260,4377,1.0,0,7,1260,0,1947,0,47.6988,-122.354,12.911642346088676
2,2.0,990,5416,1.0,0,6,990,0,1935,0,47.604,-122.311,13.304684934198283
6,3.5,4860,11793,2.0,0,11,3860,1000,1998,0,47.5521,-122.137,13.88036153028389
2,1.0,700,5000,1.0,0,6,700,0,1952,0,47.4927,-122.172,12.160028707028767
2,1.0,940,7700,1.0,0,6,940,0,1916,0,47.7067,-122.354,12.70381302974751
3,1.0,1480,10094,1.0,0,7,1480,0,1956,0,47.5942,-122.136,13.079455876393052
4,1.0,2370,30200,1.5,0,7,1570,800,1948,0,47.5108,-122.366,12.8989397868828
3,3.5,4380,6350,2.0,0,8,2780,1600,1900,1999,47.6981,-122.368,13.51508091268999
4,1.75,1600,6380,1.0,0,8,1130,470,1959,0,47.701,-122.306,13.112313041550827
6,5.0,2732,7655,2.0,0,7,2732,0,2009,0,47.3045,-122.211,12.745485726148077
4,2.0,1960,16015,1.0,0,7,1960,0,1980,0,47.33,-122.22,12.814478597635029
5,2.0,2760,6420,1.0,0,7,1380,1380,1964,0,47.5396,-122.276,12.899094818276968
3,1.5,1240,5200,1.0,0,6,1240,0,1970,0,47.3683,-122.079,12.273731294003989
3,1.0,1030,7620,1.0,0,7,1030,0,1953,0,47.5281,-122.375,12.706847933442663
3,1.0,1130,12519,1.0,0,7,1130,0,1958,0,47.4965,-122.176,12.301382825334498
3,1.75,1680,14630,1.5,0,8,1680,0,1985,0,47.5272,-122.044,12.959844447906553
4,3.25,2050,5000,2.0,0,8,1370,680,1987,0,47.6235,-122.298,13.527828485512494
3,1.75,1360,16000,1.0,0,7,1360,0,1978,0,47.7583,-122.306,12.429216196844383
3,2.25,1700,9008,1.0,0,8,1340,360,1985,0,47.7161,-122.317,13.122363377404328
4,2.5,2170,11511,2.0,0,8,2170,0,1992,0,47.3886,-122.188,12.840000466430148
3,1.75,1660,5750,1.0,0,7,1080,580,1909,0,47.5843,-122.385,13.42984807715229
3,2.5,2390,34041,1.0,0,8,1840,550,1984,0,47.3546,-122.081,12.736553826954605
4,1.75,1730,11700,1.0,0,7,880,850,1956,0,47.6031,-122.13,13.049792684569493
4,2.5,3440,56192,2.0,0,9,3440,0,1994,0,47.6969,-122.046,13.573438996764546
3,1.5,1500,14750,1.5,0,6,1500,0,1933,0,47.495,-122.318,12.611537753638338
5,2.5,2010,3600,1.5,0,6,1510,500,1912,0,47.6522,-122.366,13.071070083016778
5,2.5,2880,6902,1.0,0,8,1680,1200,1976,2007,47.4332,-122.144,12.793859310432293
3,2.0,1670,13775,1.0,0,8,1670,0,1968,0,47.4873,-121.783,12.834681304952548
3,2.25,1670,4800,1.5,3,8,1670,0,1903,0,47.6356,-122.367,13.835313185260453
3,1.0,1390,10500,1.5,0,6,1390,0,1940,0,47.567,-121.893,12.8802918162046
2,1.0,1010,7338,2.0,0,7,1010,0,1981,0,47.5123,-122.19,12.66032791780777
6,4.0,3120,4240,2.0,2,7,2090,1030,1993,0,47.5305,-122.353,12.66032791780777
3,2.5,2040,3810,2.0,0,8,2040,0,2006,0,47.3537,-122.0,12.248332006544095
3,1.75,1870,9897,1.0,0,8,1870,0,1960,0,47.5505,-122.221,13.60602333309755
4,2.5,3560,11119,1.0,2,10,2290,1270,1986,0,47.6456,-122.19,13.664687668229691
3,2.5,2440,7600,1.0,0,7,1420,1020,1981,0,47.6966,-122.127,13.122363377404328
2,3.0,1460,1452,2.0,0,8,1140,320,2007,0,47.5224,-122.39,12.987688474077727
3,1.5,1240,11200,1.0,0,7,1240,0,1954,0,47.5716,-122.138,12.751299696013497
3,1.75,1550,5000,1.0,0,7,1250,300,1911,2011,47.6722,-122.372,13.38472764187182
3,1.75,1740,8528,1.0,0,7,1290,450,1939,0,47.7097,-122.303,13.081541382884074
4,2.5,1934,5677,2.0,0,8,1934,0,2013,0,47.2602,-122.252,12.542544882151386
2,1.0,2360,105850,1.0,2,6,1180,1180,1947,0,47.2495,-121.97,12.821258284620408
2,1.75,1410,1005,1.5,0,9,900,510,2011,0,47.5446,-122.018,12.89896979483491
2,1.0,1020,6380,1.0,0,7,1020,0,1930,1973,47.6971,-122.317,12.577636201962656
4,2.5,2650,13684,2.0,0,9,2650,0,1994,0,47.6278,-122.108,13.498056327178823
4,2.5,2190,6896,2.0,0,7,2190,0,2007,0,47.5191,-121.869,13.021437458814368
4,1.75,2260,41236,1.0,0,8,1690,570,1962,0,47.5528,-122.034,13.428376406540833
3,3.0,1833,1706,3.0,0,9,1833,0,1998,0,47.6827,-122.325,13.485616636703183
3,1.0,1010,7500,1.0,0,7,1010,0,1975,0,47.6169,-122.062,12.736700896592344
4,1.5,1100,11824,1.0,0,7,1100,0,1954,0,47.5704,-122.141,12.676076274775909
5,2.75,2481,4045,2.0,0,8,2481,0,2014,0,47.2602,-122.284,12.641096555879882
4,2.25,4470,60373,2.0,0,11,4470,0,1988,0,47.7289,-122.127,13.928839243271277
3,2.5,2420,49928,2.0,0,8,1860,560,1985,0,47.463,-122.008,12.969212197910155
3,2.0,2880,5100,1.5,0,7,2080,800,1926,0,47.6805,-122.385,13.399995114002609
3,2.5,2280,2289,2.0,0,8,1880,400,2006,0,47.5375,-122.073,13.190022025878143
2,1.0,850,5250,1.0,0,7,850,0,1950,0,47.731,-122.342,12.591335046320818
3,1.0,980,7560,1.0,0,7,980,0,1951,0,47.5256,-122.375,12.377931323474007
4,2.5,2240,7540,1.0,0,8,1540,700,1962,0,47.6965,-122.308,13.390862630439337
3,2.5,2070,25710,1.0,0,6,2070,0,1917,0,47.2032,-121.964,12.65075846679162
2,2.5,1150,2064,2.0,0,7,1150,0,2004,0,47.3516,-122.292,12.274198474577775
3,1.0,1180,8240,1.0,0,7,1180,0,1967,0,47.3325,-122.321,12.230765258120545
3,2.25,1270,2790,1.0,0,7,990,280,1970,0,47.6581,-122.396,13.205784985543401
3,2.5,1610,7223,2.0,0,7,1610,0,1994,0,47.3661,-122.173,12.409013489526863
4,2.25,2050,8372,2.0,0,8,2050,0,1984,0,47.7234,-122.107,13.296316684527767
4,2.25,2192,12128,2.0,0,8,2192,0,2006,0,47.3644,-122.2,12.644327576461329
3,1.75,1890,10292,1.0,0,8,1890,0,1969,0,47.535,-122.234,13.592367006650065
3,1.0,1310,9554,1.0,0,7,960,350,1962,0,47.2949,-122.285,12.180754837545884
3,2.5,2080,4828,2.0,0,8,2080,0,2002,0,47.3737,-122.132,12.577636201962656
4,2.5,2720,34498,1.0,0,7,1360,1360,1966,0,47.5832,-122.02,13.337474757021274
4,2.5,2650,11108,2.0,0,10,2650,0,1987,0,47.6304,-122.051,13.418757390458131
3,1.75,1510,8400,1.0,0,7,980,530,1979,0,47.4476,-121.771,12.682306824526545
3,2.5,1910,4408,3.0,0,8,1910,0,2007,0,47.7634,-122.35,12.89921982609012
4,2.25,2720,18295,1.0,0,8,2000,720,1979,0,47.5851,-122.073,13.37700559577791
2,1.0,720,6321,1.0,0,6,720,0,1940,0,47.551,-122.289,12.367340793126296
3,2.5,2040,7605,2.0,0,8,2040,0,1996,0,47.4876,-121.779,12.994530005894443
4,2.5,3020,13122,2.0,0,9,2540,480,1997,0,47.6989,-122.111,13.527828485512494
3,2.25,1445,1471,2.0,0,7,1300,145,2003,0,47.5342,-122.072,12.873899453999977
3,2.5,2410,4293,2.0,0,7,2410,0,2007,0,47.5196,-121.869,13.017002861746503
2,2.5,1240,1546,2.0,0,7,1240,0,2007,0,47.5634,-122.298,12.706847933442663
4,2.25,2210,8862,1.0,0,8,1270,940,1977,0,47.7725,-122.198,13.049792684569493
4,3.5,2170,3672,2.0,0,9,2170,0,1905,1989,47.6828,-122.329,14.09692301740246
3,1.0,870,5200,1.0,0,6,870,0,1969,0,47.3702,-122.078,12.117241431823558
4,1.75,1500,8400,1.0,0,7,1200,300,1956,0,47.4531,-122.273,12.577463773304586
3,2.5,1810,7210,1.0,0,7,1210,600,1968,0,47.5067,-122.163,12.948009990259552
2,1.0,1250,9270,1.0,0,7,1250,0,1948,0,47.7284,-122.339,12.82135827962074
3,1.75,1070,8000,1.0,0,7,1070,0,1977,0,47.6978,-122.13,12.936033799212835
4,3.5,3190,6000,1.5,3,9,2410,780,1912,0,47.5846,-122.29,14.037853789107714
4,1.75,1900,7313,1.0,0,7,1900,0,1973,0,47.7311,-122.232,12.736700896592344
4,2.5,3180,20870,2.0,0,8,2120,1060,1967,0,47.7176,-122.241,13.16733674304706
3,2.5,1650,4725,2.0,0,8,1650,0,2011,0,47.3548,-122.055,12.608198852372823
3,2.5,1740,5267,2.0,0,7,1740,0,1999,0,47.3777,-122.023,12.691580461311874
3,1.0,1070,4505,1.0,2,7,1070,0,1919,0,47.5305,-122.384,13.370004400318926
4,3.5,3760,20609,2.0,0,11,3760,0,1990,0,47.7255,-122.059,13.955272500339433
5,3.0,2795,15101,2.0,0,8,2795,0,1996,0,47.7301,-121.972,13.239257128875828
4,2.75,2000,9083,2.0,0,7,2000,0,1992,0,47.3511,-122.058,12.685407602204794
3,2.5,2990,10711,1.0,4,9,1560,1430,1976,1991,47.3573,-122.324,13.617059619240436
3,2.0,2350,12480,1.0,0,7,1600,750,1981,0,47.7661,-122.262,12.971540487669746
4,2.5,2400,6811,2.0,0,8,2400,0,2007,0,47.4959,-122.15,13.03134397901716
4,1.75,2400,21196,1.0,0,8,1590,810,1956,0,47.4282,-122.347,13.251635713108469
4,2.5,2150,8536,1.0,3,8,1400,750,1967,0,47.5663,-122.163,13.67739725583464
3,1.75,1480,6985,1.5,0,7,1200,280,1926,0,47.686,-122.374,13.36138027787483
3,2.5,2280,4557,2.0,0,8,2280,0,2010,0,47.7733,-122.266,13.017002861746503
4,3.5,3510,6005,2.0,0,8,2750,760,2010,0,47.5168,-121.87,13.199324418540456
4,5.5,6530,871200,2.0,2,11,6530,0,2008,0,47.664,-121.878,14.28551418721001
3,3.5,1710,2096,2.0,0,8,1290,420,2008,0,47.6055,-122.305,13.230320518909421
4,1.0,1140,13440,1.0,0,5,1140,0,1944,0,47.4619,-122.344,12.736700896592344
4,4.0,3680,18804,2.0,0,10,3680,0,1990,0,47.6193,-122.014,13.422467969854667
4,3.0,2710,7199,1.0,0,7,1710,1000,1967,0,47.3789,-122.213,12.460714863903755
3,1.75,1940,7313,1.0,1,8,1440,500,1960,0,47.5239,-122.387,13.437174117244362
4,1.75,2320,3825,1.5,0,8,1820,500,1926,0,47.6659,-122.327,13.754698418567516
3,1.75,2070,37904,1.0,0,7,1420,650,1973,0,47.425,-122.186,12.644327576461329
2,1.0,1210,9400,1.0,0,6,1210,0,1949,0,47.5342,-122.36,12.367340793126296
3,1.75,1300,2446,1.0,3,8,880,420,1961,0,47.6071,-122.285,13.42468772659298
4,2.25,2220,130244,2.0,0,8,2220,0,1989,0,47.4989,-121.9,13.388566418178986
4,3.0,2380,5125,1.5,0,7,1680,700,1925,0,47.5384,-122.376,13.060487973686241
5,2.0,2250,5472,1.5,0,7,1750,500,1930,0,47.3065,-122.219,12.67435604603049
4,2.0,2600,4800,1.0,2,8,1400,1200,1953,0,47.637,-122.371,13.567049198665774
3,1.75,1430,7210,1.0,0,7,1430,0,1975,0,47.4189,-122.168,12.456831363877356
4,2.5,2310,3570,1.5,0,7,1490,820,1927,2014,47.6889,-122.347,13.458835614025542
3,2.5,3240,7857,2.0,0,10,3240,0,1994,0,47.5857,-122.038,13.592367006650065
2,1.0,840,11600,1.0,0,6,840,0,1952,0,47.492,-122.302,12.138863895836725
3,1.75,2190,3800,1.5,2,8,2190,0,1923,0,47.643,-122.355,13.803437976730004
3,1.0,1240,3600,1.5,0,7,1240,0,1902,0,47.5986,-122.298,12.873902018105829
3,2.0,1470,8089,1.0,0,7,1470,0,1987,0,47.3878,-122.316,12.542544882151386
3,3.5,4660,21164,2.0,4,12,4660,0,1975,1990,47.4418,-122.354,14.308681246491544
3,1.75,2080,12714,2.0,0,8,1540,540,1984,0,47.7056,-122.162,12.987230703412832
4,2.0,3100,8000,1.5,0,7,2040,1060,1939,0,47.6852,-122.329,13.816510058297357
4,2.5,2890,9775,2.0,2,8,2890,0,2004,0,47.5339,-121.854,13.262125319779487
3,1.0,1100,145490,1.5,0,6,1100,0,1915,0,47.5697,-121.898,13.049792684569493
4,3.0,2020,6000,1.0,0,8,1220,800,1968,2015,47.6563,-122.401,13.62918097977278
4,3.75,3600,16101,1.0,0,9,3600,0,1951,0,47.6308,-122.287,14.470436525704022
3,2.0,1310,1361,3.0,0,7,1310,0,2003,0,47.7337,-122.343,12.644327576461329
2,1.0,1070,6678,1.0,0,7,1070,0,1951,0,47.7315,-122.357,12.721885810807203
3,3.0,2230,1407,2.5,0,8,1850,380,2014,0,47.5446,-122.017,13.37979240668509
3,1.75,1980,9800,1.0,0,7,1980,0,1991,0,47.3745,-122.224,12.631340380934517
3,1.75,2300,12000,1.0,0,8,1770,530,1942,0,47.7599,-122.343,12.676076274775909
4,2.25,2070,7500,2.0,0,7,2070,0,1977,0,47.727,-122.217,13.049792684569493
4,3.5,3060,4573,2.0,0,9,2410,650,2012,0,47.5522,-122.001,13.560618308335483
3,2.5,2678,6607,2.0,0,9,2678,0,1998,0,47.738,-122.235,13.210740488021742
2,1.0,890,4730,1.0,0,7,890,0,1941,0,47.6876,-122.341,13.284056966402316
3,3.75,6030,39317,2.0,0,11,4440,1590,1991,0,47.6055,-122.21,14.417090544998729
2,2.5,2150,5760,1.0,0,8,2150,0,2010,0,47.7094,-122.018,13.516430440560123
3,1.5,1500,11616,1.0,0,7,1100,400,1980,0,47.4062,-122.174,12.345834587905333
4,2.5,2290,11173,2.0,0,8,2290,0,1988,0,47.4314,-122.164,12.986543654261794
4,2.5,1900,5889,2.0,0,7,1900,0,1992,0,47.349,-122.031,12.793859310432293
2,1.0,1030,12350,1.5,0,7,1030,0,1942,0,47.6984,-122.324,12.891691559669328
4,3.25,3520,5250,2.0,0,9,3520,0,2012,0,47.6869,-122.019,13.58609739363647
3,1.75,1600,10280,1.0,0,7,1050,550,1977,0,47.725,-122.174,13.00019574343012
3,2.5,1970,3655,2.0,0,7,1970,0,2003,0,47.7453,-121.984,12.765688433465597
6,3.25,3560,107362,1.5,0,8,2760,800,1963,0,47.6356,-122.15,13.909000901051613
3,1.75,1640,8529,1.0,0,7,1640,0,1951,0,47.7751,-122.32,12.994530005894443
4,2.0,1820,7626,1.0,0,7,990,830,1941,0,47.6878,-122.342,13.312983737012978
3,1.75,1460,7361,1.0,0,6,1460,0,1982,0,47.7436,-121.979,12.490499425261282
4,2.75,2950,5803,2.0,0,9,2950,0,2007,0,47.7368,-122.231,13.304684934198283
6,3.0,2480,12000,2.0,0,8,2480,0,1972,0,47.6131,-122.145,13.493926933836812
3,1.75,2910,35200,1.5,0,8,2910,0,1979,0,47.5747,-122.035,13.217673557208654
2,1.0,1230,5000,1.0,0,6,1230,0,1911,0,47.2064,-121.988,12.127570417375216
3,2.25,2610,3357,2.0,0,7,1980,630,1926,0,47.638,-122.306,13.863347887378435
3,1.75,1770,7875,1.0,0,7,1170,600,1958,0,47.606,-122.125,13.127450416452886
3,1.0,1140,7785,1.0,0,8,1140,0,1954,0,47.709,-122.363,12.916568464424731
3,2.5,1960,8469,2.0,0,8,1960,0,1984,0,47.7236,-122.105,13.221884677980118
4,2.5,2480,15411,2.0,2,8,2480,0,1994,0,47.5379,-122.16,13.407542319637992
3,2.0,2064,46173,2.0,0,7,2064,0,1903,0,47.4469,-122.455,13.248176309199831
5,1.75,3290,11900,1.5,0,8,3290,0,1973,0,47.6626,-122.141,13.308012724290958
3,3.25,3240,4185,2.0,0,8,2770,470,2011,0,47.5794,-122.03,13.493237040742875
3,2.0,1610,8069,1.0,0,7,1090,520,1955,0,47.5754,-122.15,13.208541073645382
4,1.5,2190,8296,2.0,0,7,2190,0,1935,1963,47.5158,-122.385,13.244581010128577
4,1.75,2290,4400,1.0,3,7,1290,1000,1959,0,47.5698,-122.375,12.983101310070822
2,1.0,810,4800,1.0,0,7,810,0,1948,0,47.5232,-122.375,12.443119102013375
3,1.5,1020,11410,1.0,0,7,1020,0,1959,0,47.4811,-122.162,12.449018824140563
4,2.25,3250,16684,2.0,0,9,3250,0,1979,0,47.6334,-122.229,14.15910026235435
5,5.0,4490,10279,2.0,0,10,3930,560,2013,0,47.5974,-122.202,14.403297222866392
3,1.75,1650,7965,1.0,0,7,1650,0,1967,0,47.7335,-122.193,12.981951223687584
3,1.0,860,10426,1.0,0,6,860,0,1954,0,47.4987,-122.341,12.300928176542852
3,2.5,1980,39932,2.0,0,8,1980,0,1994,0,47.7433,-122.196,12.999065161059836
4,3.0,2530,4560,1.5,0,7,1540,990,1925,2014,47.6287,-122.3,13.574648456156384
3,1.75,3140,8571,1.0,0,8,1670,1470,1985,0,47.3074,-122.337,12.751299696013497
3,2.0,1620,2640,1.5,0,8,1620,0,1929,0,47.6884,-122.322,13.407542319637992
4,2.5,2860,12394,2.0,0,10,2860,0,1999,0,47.5832,-122.026,13.39239051461739
4,4.5,5670,84267,2.0,2,11,5670,0,2008,0,47.323,-122.044,13.748301808270824
3,2.5,3240,8016,2.0,0,8,2910,330,2004,0,47.5382,-121.877,13.304684934198283
4,1.75,1260,3880,1.0,0,7,860,400,1918,0,47.687,-122.391,13.091904169919621
3,1.75,1120,98445,1.5,2,7,1120,0,1917,0,47.1853,-122.017,12.66349749256905
4,1.5,1740,8160,1.5,0,7,1400,340,1946,0,47.7243,-122.363,13.151922179645874
3,2.0,1380,15426,1.0,0,7,1380,0,1968,0,47.5951,-122.036,12.915166991419566
3,2.5,1690,1479,3.0,0,8,1420,270,2005,0,47.6022,-122.311,13.106233995474446
4,1.75,2210,6375,1.0,0,8,1640,570,1977,0,47.3268,-122.328,12.481808646963554
3,1.75,1350,7370,1.0,0,6,1350,0,1912,0,47.5336,-122.278,12.611537753638338
4,1.0,1340,7920,1.0,0,7,1340,0,1970,0,47.2845,-122.267,12.230765258120545
3,2.0,1580,5289,1.0,0,7,870,710,1940,0,47.6881,-122.342,13.241034907121827
3,2.5,3280,29111,2.0,3,11,3280,0,1925,0,47.6699,-122.416,14.444119217386648
4,2.75,2270,24237,1.0,0,7,1360,910,1977,0,47.4672,-122.175,12.77351486971506
4,2.5,2720,8000,1.0,0,7,1360,1360,1955,0,47.5237,-122.391,13.473020249017498
3,2.5,2280,4757,2.0,0,8,2280,0,2003,0,47.5901,-122.018,13.345506928718539
5,1.0,1590,6700,1.5,0,6,1090,500,1942,0,47.5075,-122.35,12.128111104060462
4,2.5,3310,5101,2.0,0,9,3310,0,2005,0,47.6649,-122.08,13.560618308335483
4,3.5,3170,3858,2.0,0,8,2530,640,2008,0,47.5049,-122.155,13.112313041550827
4,3.5,4030,1024068,2.0,0,10,4030,0,2006,0,47.4619,-121.744,13.658856747918897
3,3.0,1380,1081,3.0,0,8,1380,0,2005,0,47.6692,-122.39,13.06685066747407
4,1.5,2820,4000,2.0,0,7,2820,0,1911,0,47.6638,-122.348,13.36138027787483
3,2.5,1440,1102,3.0,0,8,1440,0,2009,0,47.6995,-122.346,12.834681304952548
4,1.5,1810,6583,1.0,0,7,1500,310,1968,0,47.7273,-122.351,13.591116224748411
4,3.5,4640,9827,2.0,2,10,3210,1430,2007,0,47.5524,-122.078,14.11413257045439
3,1.75,1540,6632,1.0,0,7,1070,470,1959,0,47.4973,-122.252,12.557433494645137
4,2.5,2150,12028,2.0,0,8,2150,0,1982,0,47.7224,-122.101,13.367659733359671
4,3.5,3845,8400,2.0,0,10,3845,0,2013,0,47.6354,-122.198,14.375126345899696
3,2.25,1850,7923,1.0,0,7,1150,700,1977,0,47.7011,-122.171,13.041153321978786
4,3.25,2810,11250,1.0,0,8,1680,1130,1980,0,47.692,-122.099,13.343905647351566
5,2.75,3710,8674,2.0,0,9,3710,0,1996,0,47.514,-122.176,13.370784735902808
3,1.75,1790,7679,1.0,0,7,1790,0,1953,0,47.7442,-122.338,12.853175887588712
3,1.0,2090,4755,1.0,2,8,1200,890,1969,0,47.5304,-122.387,13.078411489875146
4,2.25,2060,44431,2.0,0,7,2060,0,1988,0,47.744,-122.046,13.122363377404328
3,2.25,2100,3000,2.0,0,7,2100,0,1996,0,47.595,-122.306,13.112313041550827
3,1.0,1010,8551,1.0,0,7,1010,0,1953,0,47.7351,-122.295,12.765688433465597
4,2.5,3960,38615,2.0,0,10,3960,0,2000,0,47.7249,-122.024,13.5985975564007
3,1.5,1540,20281,1.0,0,7,1540,0,1977,0,47.5817,-122.007,13.081541382884074
5,2.0,2050,10200,1.0,0,6,1430,620,1956,0,47.4136,-122.333,12.254862809699606
2,1.5,1084,3427,2.0,0,7,1084,0,1976,0,47.7117,-122.326,12.487485104968359
3,1.75,2180,7318,1.0,0,7,1210,970,1967,0,47.5251,-122.37,13.091904169919621
3,2.0,3110,44967,2.0,0,9,3020,90,1999,0,47.4343,-122.082,12.847663339175718
2,1.75,1240,4120,1.0,0,7,890,350,1906,0,47.6689,-122.314,13.199324418540456
3,1.0,1210,7649,1.0,0,7,1210,0,1956,0,47.7693,-122.32,12.644327576461329
3,1.75,1580,6127,1.5,0,7,1580,0,1947,0,47.7192,-122.32,12.904207367601158
4,3.5,3530,7202,2.0,0,9,2660,870,2000,0,47.7339,-122.36,13.45166712454693
3,1.0,1270,8400,1.0,0,7,1270,0,1955,0,47.7604,-122.198,12.757080058928997
4,1.0,1730,36356,1.5,0,6,1730,0,1954,0,47.4135,-122.199,12.672946381766982
3,2.0,1490,9000,1.0,0,8,1490,0,1977,0,47.5455,-122.184,12.876462838967504
4,2.25,2040,8315,1.0,0,8,1480,560,1958,0,47.7077,-122.371,13.541073712262515
1,1.0,790,12000,1.0,0,6,790,0,1918,0,47.5146,-122.265,12.421184025147118
5,4.0,4050,11358,2.0,0,10,2780,1270,1980,0,47.56,-122.225,14.068601185646436
4,2.5,2500,10330,2.0,0,10,2500,0,1992,0,47.5595,-122.114,13.514405465180353
4,2.5,2340,3784,2.0,0,8,2340,0,2008,0,47.535,-122.348,13.005829561148378
3,1.75,1340,196020,1.0,0,7,1340,0,1987,0,47.2931,-121.992,12.736700896592344
3,2.25,1650,2958,2.0,0,7,1650,0,1985,0,47.3916,-122.167,12.360937356091089
3,1.0,900,4750,1.0,0,6,900,0,1969,0,47.3026,-122.363,11.396391648714276
3,1.0,1740,9163,1.0,0,7,1740,0,1954,0,47.705,-122.299,13.262125319779487
2,1.0,1000,4000,1.0,0,6,1000,0,1910,0,47.6742,-122.396,12.941321002108754
3,1.0,1230,9877,1.0,0,7,1230,0,1954,0,47.5745,-122.136,12.834681304952548
3,2.0,1210,14499,1.0,0,7,1210,0,1984,0,47.4705,-121.754,12.774223335915433
3,2.5,1400,7508,2.0,0,7,1400,0,1987,0,47.7233,-122.167,12.971540487669746
3,2.5,2980,18935,1.5,0,11,2980,0,1990,0,47.7133,-122.079,13.617059619240436
3,2.25,1440,9806,1.0,0,7,1440,0,1965,0,47.3857,-122.212,12.441144767709657
4,2.5,2770,10051,2.0,0,10,2770,0,1987,0,47.6288,-122.043,13.437174117244362
3,1.75,1350,9000,1.0,0,7,1350,0,1987,0,47.4487,-121.773,12.627903107724602
4,2.25,1840,7575,1.0,0,7,1390,450,1973,0,47.7328,-122.198,13.00019574343012
4,1.0,1790,8400,1.0,0,7,1260,530,1954,0,47.7627,-122.353,12.902962812368953
3,2.0,1380,3600,3.0,0,8,1380,0,2015,0,47.6074,-122.305,12.765688433465597
2,1.0,1280,5728,1.5,0,6,1280,0,1941,0,47.7477,-122.232,12.51695231114847
6,1.0,1430,20620,2.0,0,7,1430,0,1954,0,47.6255,-122.209,13.592367006650065
9,4.0,4620,5508,2.5,0,11,3870,750,1915,0,47.6684,-122.309,14.151982794585487
3,2.5,2100,6092,2.0,0,8,2100,0,2013,0,47.7508,-122.239,13.226705374548228
4,2.5,3420,183387,2.0,0,10,3420,0,2000,0,47.633,-121.972,13.790192749979985
3,1.75,1460,7980,1.0,0,7,1460,0,1972,0,47.7713,-122.265,12.577636201962656
3,2.5,1570,2577,2.0,0,7,1570,0,2005,0,47.7456,-121.984,12.611371073081239
2,1.0,970,18557,1.0,0,6,970,0,1939,0,47.5116,-122.37,12.66032791780777
3,1.75,1590,8219,1.5,0,6,970,620,1938,0,47.7146,-122.217,12.89921982609012
3,1.0,1150,5100,2.0,0,8,1150,0,1911,2005,47.5349,-122.384,13.122363377404328
3,2.5,2080,2625,2.0,0,8,2080,0,2006,0,47.5469,-121.997,13.217673557208654
3,2.5,1980,6608,2.0,0,8,1980,0,1994,0,47.2642,-122.213,12.513557345278134
2,1.0,950,3960,1.0,0,7,950,0,1941,0,47.6885,-122.337,13.085699393032737
3,2.5,2490,4343,2.0,0,9,2490,0,2003,0,47.5493,-121.993,13.466491943674459
3,2.5,3080,7363,2.0,0,9,3080,0,2006,0,47.4473,-122.205,13.102160670086809
3,1.0,2298,10140,1.0,0,7,2298,0,1969,0,47.6909,-122.083,12.826649133255284
2,1.0,810,6697,1.0,0,6,810,0,1923,0,47.3057,-122.216,12.180241885495652
4,3.0,2720,183823,2.0,0,8,2720,0,1975,2007,47.6749,-122.002,13.652991628466498
3,2.0,1460,11481,1.0,0,7,1170,290,1995,0,47.4493,-121.777,12.14950229404178
4,3.5,2540,5808,2.0,0,8,1820,720,1910,1986,47.6857,-122.376,13.592354506571938
3,1.0,1710,12000,1.0,0,7,1710,0,1972,0,47.2616,-122.281,12.449018824140563
4,4.5,4040,8400,2.0,0,9,3220,820,2006,0,47.7067,-122.131,13.664687668229691
3,2.25,1860,4000,1.5,0,7,1020,840,1920,0,47.5539,-122.267,13.256894270361935
4,1.75,2030,5688,2.0,4,9,1730,300,1939,0,47.5071,-122.387,13.217673557208654
4,2.0,2090,4000,1.0,0,6,1060,1030,1907,0,47.5893,-122.299,12.94084150078094
4,1.5,2020,6000,1.0,0,7,1010,1010,1953,0,47.5019,-122.235,12.779873068457553
3,1.75,1830,7600,2.0,0,7,1490,340,1947,0,47.5317,-122.351,12.553202176625375
4,2.0,1720,5472,1.0,0,6,860,860,1923,0,47.5299,-122.288,12.524526376648708
5,2.25,2880,11965,2.0,0,8,2880,0,1990,0,47.3734,-122.124,12.853175887588712
4,2.5,2030,39049,1.0,0,7,1530,500,1953,0,47.4413,-122.345,13.151922179645874
4,1.75,1670,13125,1.0,0,8,1670,0,1973,0,47.6315,-122.101,13.454540689742661
3,3.0,2630,4972,2.0,0,9,2630,0,2006,0,47.693,-122.133,13.503236567852216
3,2.5,3380,7074,2.0,0,8,2200,1180,1999,0,47.7462,-121.978,12.983101310070822
3,2.5,2050,15020,1.0,2,9,1600,450,1960,0,47.759,-122.371,13.541073712262515
3,1.0,870,5200,1.0,0,6,870,0,1969,0,47.3695,-122.081,12.083905011555967
5,2.25,2200,9600,1.0,0,7,1100,1100,1963,0,47.3263,-122.364,12.500419955850715
2,2.25,1540,965,3.0,0,9,1540,0,2007,0,47.6181,-122.318,13.369223455335854
2,1.0,1040,11500,1.0,0,7,1040,0,1947,0,47.2791,-122.3,12.323855681186558
4,2.75,2900,6400,2.0,0,7,2040,860,1911,1970,47.5563,-122.393,13.017002861746503
2,1.75,1560,1750,1.0,0,6,780,780,1904,0,47.6347,-122.355,13.111100185125618
4,2.0,1440,7680,1.0,0,7,1200,240,1971,0,47.7245,-122.2,12.891691559669328
4,2.75,2160,8148,1.0,0,7,1410,750,1978,0,47.7261,-122.306,12.983101310070822
2,1.0,1030,6000,1.0,0,7,830,200,1951,0,47.5291,-122.268,12.345856326799476
3,1.75,1470,873,3.0,0,10,1470,0,2009,0,47.6256,-122.362,13.440111405027261
4,2.25,1930,8925,1.0,0,8,1930,0,1974,0,47.4501,-122.128,12.57418196709457
4,2.0,2670,3240,1.5,0,9,1780,890,1930,0,47.5841,-122.294,13.353475098367715
3,1.75,1640,10123,1.0,0,8,1340,300,1977,0,47.7698,-122.167,13.062613372998555
3,1.75,1680,4240,1.5,0,7,1680,0,1926,0,47.5745,-122.311,13.199324418540456
2,2.0,1180,9265,1.0,0,7,1180,0,1940,0,47.7252,-122.297,12.458774999085929
3,1.0,940,12521,1.5,0,7,940,0,1949,0,47.7169,-122.331,12.971540487669746
3,2.5,1330,1200,3.0,0,7,1330,0,2002,0,47.7034,-122.344,12.611537753638338
4,2.0,2250,4200,1.5,0,7,1650,600,1909,0,47.6136,-122.297,13.415032991367148
4,2.5,2480,8626,2.0,0,10,2480,0,2001,0,47.3185,-122.262,12.948009990259552
4,2.5,3470,6651,2.0,0,9,3470,0,2005,0,47.5426,-121.879,13.418757390458131
3,2.5,2560,35265,2.0,0,9,2560,0,1981,0,47.7354,-122.095,13.459549644759198
4,2.75,3500,6226,2.0,0,9,3500,0,2004,0,47.6846,-122.045,13.560618308335483
2,1.0,894,1552,2.0,0,7,894,0,2011,0,47.6911,-122.313,12.90669184092882
4,3.5,3850,8100,2.0,1,11,2430,1420,1995,0,47.6855,-122.19,13.87377946608825
3,1.0,1000,12000,1.0,0,7,1000,0,1959,0,47.3321,-122.346,12.287652632522597
4,1.5,1700,8400,1.0,0,7,1700,0,1953,0,47.7677,-122.359,13.126355398673866
4,2.5,2120,7820,1.0,0,8,1280,840,1975,0,47.6743,-122.145,13.102160670086809
5,3.25,3860,9387,2.0,2,9,3860,0,2006,0,47.538,-121.858,13.618126123493274
3,2.25,2580,7434,1.0,0,7,1630,950,1963,0,47.7446,-122.332,12.736700896592344
2,1.0,720,8040,1.0,0,6,720,0,1943,0,47.4662,-122.359,12.254862809699606
3,2.0,1800,5000,1.0,0,7,1080,720,1942,0,47.6738,-122.297,13.335052470814679
5,3.5,3180,40946,1.0,3,7,1690,1490,1968,0,47.5833,-122.073,13.279367126213993
4,2.0,2920,10424,1.0,0,8,1520,1400,1964,0,47.5876,-122.172,13.604789526648622
3,2.5,3660,39478,2.0,2,9,3260,400,1989,0,47.2413,-121.972,13.180632285528304
3,1.0,1320,11090,1.0,0,7,1320,0,1955,0,47.7748,-122.304,12.524526376648708
3,1.0,1130,7800,1.0,0,7,1130,0,1952,0,47.5239,-122.288,12.429216196844383
4,3.5,3170,4000,2.0,0,10,2340,830,1999,0,47.6265,-122.298,13.933293593620657
4,1.75,2480,9195,1.0,0,7,1390,1090,1950,0,47.584,-122.195,13.567049198665774
2,1.75,1290,1493,2.0,0,8,1290,0,2014,0,47.5171,-122.346,12.387560521575551
3,1.75,1860,15681,1.0,0,7,1860,0,1971,0,47.3191,-122.339,12.524526376648708
4,1.5,1540,7886,2.0,0,7,1540,0,1967,0,47.734,-122.193,12.936033799212835
4,2.5,3280,7100,2.0,4,10,2180,1100,1911,1987,47.6285,-122.362,14.648419680899378
3,1.0,1010,7520,1.0,0,6,1010,0,1975,0,47.2699,-122.255,12.119969946476761
3,1.75,1640,10762,1.0,0,7,1130,510,1988,0,47.3586,-122.074,12.330500223905226
3,1.5,1300,7287,1.0,0,7,1300,0,1965,0,47.6889,-122.187,13.253391639810733
3,2.5,2010,3667,2.0,0,9,2010,0,2008,0,47.545,-122.015,13.312983737012978
4,1.5,2040,10488,1.0,0,7,1190,850,1961,0,47.4557,-122.269,12.47227568630483
3,1.75,1590,11914,1.0,2,7,1090,500,1957,0,47.4427,-122.274,12.496874845318198
3,1.0,1350,165092,1.0,3,6,1350,0,1925,0,47.2217,-122.063,12.765659861628855
3,1.5,1160,10125,1.0,0,7,1160,0,1959,0,47.4919,-122.151,12.254862809699606
4,2.0,2490,4600,1.5,2,8,2090,400,1926,0,47.6557,-122.278,13.764217263576723
2,1.0,810,4838,1.0,0,5,810,0,1938,0,47.4909,-122.203,12.384009604006303
2,1.0,1050,6250,1.0,0,6,840,210,1943,0,47.5024,-122.333,12.25462468611234
5,3.0,3850,14990,1.0,0,9,2290,1560,1964,0,47.6425,-122.218,14.151982794585487
3,1.0,1390,6160,1.0,0,7,1390,0,1949,0,47.7289,-122.338,12.889169490236618
4,1.5,1250,8400,1.0,0,7,960,290,1951,0,47.7505,-122.315,12.706847933442663
3,1.0,990,7420,1.0,0,6,990,0,1960,0,47.2898,-122.221,12.245293358683455
3,3.25,2080,3025,2.0,2,8,1220,860,1984,0,47.6051,-122.289,13.784535753664844
3,1.0,1040,8892,1.0,0,6,800,240,1958,0,47.3273,-122.349,12.119969946476761
2,1.0,1200,8750,1.0,0,6,1200,0,1948,0,47.7548,-122.327,12.577636201962656
3,1.75,2070,96703,1.0,3,7,2070,0,1999,0,47.2853,-122.008,13.016891744462095
4,2.25,3440,14237,2.0,0,9,3440,0,1982,0,47.7241,-122.065,13.493926933836812
4,1.75,2280,3680,1.5,0,7,1470,810,1926,0,47.6754,-122.3,13.407542319637992
5,3.5,3290,5600,2.0,0,9,2670,620,2004,0,47.7056,-122.119,13.560618308335483
4,2.5,2980,4074,2.0,0,8,2980,0,2011,0,47.734,-121.965,13.081541382884074
4,2.5,1840,7800,1.0,2,8,1240,600,1972,0,47.7762,-122.384,13.142166004700508
4,3.5,4680,12495,2.0,0,10,3040,1640,2008,0,47.6984,-122.206,14.115615150414612
4,2.0,2730,12000,1.0,0,8,1410,1320,1998,0,47.7733,-122.271,13.132313708257497
4,3.5,2970,14486,2.0,0,9,2340,630,1997,0,47.5627,-122.215,13.715690222682063
2,1.0,1080,2674,1.0,0,6,720,360,1919,0,47.5595,-122.317,12.66032791780777
3,3.25,1760,1778,3.0,0,8,1760,0,2008,0,47.7201,-122.301,13.060381585048447
3,1.0,1990,7173,1.0,0,7,1990,0,1972,0,47.7116,-122.213,12.644327576461329
3,2.0,2740,23505,2.0,4,10,2740,0,1988,0,47.319,-122.26,13.190022025878143
3,2.25,1640,8625,1.0,0,8,1320,320,1987,0,47.6772,-122.153,13.270783382522602
3,2.0,1530,6773,1.0,0,8,1530,0,1984,0,47.6653,-122.194,13.296316684527767
3,2.25,2120,54014,2.0,0,9,2120,0,1964,0,47.6482,-122.159,13.635187003832993
3,1.5,1000,13991,1.0,0,7,1000,0,1956,0,47.5643,-122.138,12.873902018105829
3,1.0,1460,10000,1.5,0,7,1460,0,2002,0,47.6214,-122.063,12.911642346088676
5,2.5,2870,4712,2.0,0,9,2870,0,2014,0,47.5463,-122.182,13.54155912074854
3,2.5,1740,1251,2.0,0,9,1180,560,2012,0,47.644,-122.385,13.306350213517344
3,2.0,1350,7216,1.0,0,7,1350,0,1964,0,47.7616,-122.365,12.89921982609012
3,2.0,1700,4080,1.0,0,7,850,850,1941,0,47.6785,-122.393,13.38779984090879
3,2.25,1440,1362,3.0,0,7,1440,0,2014,0,47.6908,-122.365,13.058358047428417
3,1.0,840,9480,1.0,0,6,840,0,1960,0,47.3277,-122.341,12.205822614274965
4,1.5,1480,47045,1.0,0,6,1480,0,1942,0,47.4809,-122.3,12.553202176625375
3,2.25,1620,10850,1.0,0,7,1620,0,1966,0,47.4437,-122.194,12.429216196844383
3,2.5,2420,4725,2.0,0,8,2420,0,2014,0,47.371,-122.018,12.815563722959245
4,2.5,2150,3721,2.0,0,8,2150,0,2007,0,47.3363,-122.215,12.524526376648708
5,4.75,6240,47480,1.0,3,11,4610,1630,2003,0,47.5317,-122.233,14.897315728316002
4,2.5,2430,6325,2.0,0,8,2020,410,1919,0,47.6413,-122.354,13.805460222110773
3,1.5,1590,8256,1.0,1,7,1090,500,1969,0,47.3488,-122.304,12.559718004908541
3,1.0,1170,7350,1.0,0,7,1170,0,1960,0,47.625,-122.117,12.652359748158593
3,2.25,1610,11920,1.0,0,7,1110,500,1968,0,47.3683,-122.279,12.531772785169476
2,1.0,860,4013,1.0,0,7,860,0,1925,0,47.6652,-122.338,13.270783382522602
3,2.25,1700,8800,1.0,0,7,850,850,1969,0,47.6863,-122.189,13.244581010128577
4,2.5,2680,5539,2.0,0,8,2680,0,2013,0,47.4759,-121.734,13.126355398673866
2,1.5,1300,2970,1.0,0,7,990,310,1903,0,47.6233,-122.319,13.217673557208654
3,1.75,1830,4160,1.0,0,7,1230,600,1919,0,47.5962,-122.288,13.373044271711628
2,2.5,1880,40575,1.0,0,9,1880,0,1987,0,47.5614,-121.899,13.038981768465277
2,1.0,800,5040,1.0,0,6,800,0,1960,0,47.6953,-122.362,12.765688433465597
2,1.0,960,3235,1.0,0,7,960,0,1916,0,47.661,-122.344,12.976180867226248
4,2.5,2410,4708,2.0,0,8,2410,0,2002,0,47.3229,-122.182,12.610870864650634
4,1.75,1720,10018,1.0,0,7,1720,0,1960,0,47.3614,-122.119,12.423198124518821
3,2.5,2605,2216,2.0,2,9,2090,515,1979,0,47.6529,-122.202,13.832367675030698
4,2.5,2800,5000,2.0,0,9,2800,0,2006,0,47.3596,-122.036,12.834681304952548
5,3.5,4750,8234,2.0,2,10,3350,1400,2013,0,47.3574,-122.318,13.554145793829866
2,1.5,940,5000,1.0,0,7,810,130,1925,0,47.5375,-122.374,12.8790171187726
3,1.0,1010,7384,1.0,2,6,1010,0,1943,0,47.4905,-122.191,12.445089546000673
3,2.5,1580,991,3.0,0,9,1580,0,2009,0,47.6276,-122.359,13.496681756515656
2,1.0,1020,4200,1.0,0,6,1020,0,1923,0,47.5319,-122.391,12.881564890851399
4,2.25,2170,9665,1.0,0,8,1300,870,1976,0,47.5444,-122.165,13.099708686839522
4,2.25,1720,7803,1.0,0,8,1350,370,1955,0,47.5119,-122.337,12.72709609427261
3,2.5,1690,1689,2.0,0,8,1150,540,2014,0,47.5528,-121.999,12.94798618045229
4,3.0,1800,2500,2.0,0,7,1800,0,2000,0,47.5333,-122.294,12.429216196844383
4,1.0,1040,4420,1.5,0,6,1040,0,1944,0,47.6945,-122.368,12.889169490236618
2,1.75,990,5850,1.0,0,6,990,0,1942,0,47.7132,-122.321,13.034624463096321
2,2.0,1340,4122,1.0,0,8,1340,0,2007,0,47.7182,-122.022,12.871334622600584
4,2.25,2560,12100,1.0,0,8,1760,800,1976,0,47.631,-122.108,13.547631112808673
2,1.0,950,11835,1.0,0,5,950,0,1932,0,47.7494,-122.237,12.429216196844383
3,1.0,1290,11250,1.0,0,7,1290,0,1956,0,47.4743,-122.341,12.524526376648708
4,2.5,2710,6937,2.0,0,7,2710,0,2009,0,47.5153,-121.871,13.208539238781313
4,2.75,2760,18306,1.0,0,7,1630,1130,1978,0,47.7302,-122.215,13.10724973959428
4,2.25,2010,7200,1.0,1,8,1010,1000,1950,0,47.5591,-122.267,13.592367006650065
3,2.5,1570,1452,2.5,0,9,1240,330,2007,0,47.648,-122.396,13.212204081404119
4,2.0,2208,5000,3.0,0,8,2208,0,1917,0,47.5711,-122.383,13.38472764187182
5,2.75,1800,4500,2.0,0,7,1680,120,1939,0,47.6648,-122.358,13.533545445841723
5,3.0,2110,5260,2.0,0,7,1670,440,2002,0,47.5449,-122.272,12.560244459250788
3,1.0,1410,5000,1.0,0,6,980,430,1925,0,47.5769,-122.397,12.92391243868049
2,3.0,1160,1073,2.0,0,7,880,280,2007,0,47.5788,-122.315,12.911642346088676
2,1.0,1802,11225,1.0,0,7,1802,0,1961,0,47.7205,-122.323,12.676076274775909
3,1.5,1490,7800,1.0,0,7,1010,480,1963,0,47.3431,-122.304,12.454494004028652
3,2.5,1540,7739,2.0,0,7,1540,0,1986,0,47.3511,-122.169,12.506177237980511
3,1.0,1480,6550,1.5,0,6,1480,0,1925,0,47.5498,-122.381,12.894207284266574
4,2.5,3930,21894,2.0,0,11,3930,0,1987,0,47.7209,-122.128,13.904436767158675
3,1.0,1080,5250,1.0,0,7,1080,0,1947,0,47.7309,-122.336,12.705331632924699
2,1.0,1640,17335,1.0,0,7,840,800,1978,0,47.6397,-121.953,12.84660987581782
1,1.0,1100,4373,1.0,0,6,820,280,1947,0,47.4653,-122.338,12.429216196844383
5,2.0,2730,7344,1.0,0,7,1510,1220,1962,0,47.4602,-122.171,12.644327576461329
4,2.5,2450,4247,2.0,0,8,2450,0,2013,0,47.7048,-122.113,13.476111241621927
4,2.5,2740,9959,2.0,0,9,2740,0,1989,0,47.5672,-122.011,13.381645975334411
4,2.5,3240,23870,1.0,0,9,1840,1400,1972,0,47.7731,-122.282,13.319573546692034
4,1.75,1840,10720,1.0,0,7,960,880,1958,0,47.6074,-122.125,12.909170156943286
4,2.75,2200,5207,1.0,0,7,1120,1080,1951,0,47.74,-122.343,12.821258284620408
2,1.0,900,8556,1.0,0,6,760,140,1941,0,47.5148,-122.386,12.66032791780777
2,1.0,1110,3500,1.5,0,6,970,140,1912,0,47.6453,-122.327,13.304684934198283
3,1.75,2040,8173,1.0,0,7,1470,570,1958,0,47.7439,-122.333,12.779873068457553
4,2.5,2500,50595,2.0,0,9,2500,0,1997,0,47.4736,-121.731,13.208541073645382
4,2.25,2030,8764,2.0,0,8,2030,0,1983,0,47.7214,-122.11,13.269057756555132
4,3.75,5850,35070,2.0,0,12,4410,1440,1990,0,47.5485,-122.124,14.237504968023648
2,1.0,1010,5408,1.0,0,6,1010,0,1926,0,47.3759,-122.238,12.323855681186558
3,1.75,1720,6960,1.0,0,7,1140,580,1978,0,47.6972,-122.129,13.017002861746503
4,2.75,2890,7821,2.0,0,9,2890,0,2014,0,47.554,-122.189,13.793264949016955
4,2.5,1900,9428,2.0,0,8,1900,0,1978,0,47.7628,-122.244,12.834681304952548
4,2.25,2460,11250,1.0,0,8,2460,0,1959,0,47.3182,-122.212,12.528156144699286
2,1.5,1450,3840,1.0,0,7,950,500,1947,0,47.684,-122.381,13.230320518909421
3,1.0,1090,3264,1.0,0,6,1090,0,1969,0,47.3155,-122.182,11.931635799828413
4,3.5,3200,3250,2.0,0,9,2670,530,2007,0,47.5515,-122.0,13.58609739363647
4,2.5,2470,5074,2.0,0,8,2470,0,2004,0,47.3457,-122.041,12.782686009834167
3,1.75,1590,8285,1.0,0,8,1590,0,1956,0,47.5855,-122.194,13.527828485512494
3,2.5,1880,4200,2.0,0,7,1880,0,2007,0,47.366,-122.017,12.611537753638338
4,3.75,2870,4500,2.0,3,10,2510,360,2012,0,47.6291,-122.363,14.508657738524219
3,2.0,1980,7680,1.5,0,6,1070,910,1911,0,47.6839,-122.195,13.314635265051452
4,4.0,5000,12941,3.0,2,12,5000,0,2002,0,47.55,-122.103,14.339054954138039
3,3.0,3030,5156,1.5,0,9,2080,950,1929,0,47.647,-122.369,13.686540176667314
6,2.0,2150,4505,1.0,0,7,1270,880,1952,0,47.6514,-122.369,13.534473028231162
3,2.75,2250,9600,2.5,0,9,1830,420,1909,1991,47.6033,-122.287,13.547631112808673
4,1.75,2360,8116,1.0,0,7,1180,1180,1916,1970,47.7635,-122.335,12.894081648233996
3,1.5,1980,11214,1.0,0,7,1980,0,1959,0,47.4696,-122.298,12.367340793126296
4,2.0,1780,8149,1.5,0,7,1780,0,1948,0,47.745,-122.302,12.886641043883259
3,1.0,1380,10112,1.0,0,7,940,440,1963,0,47.3196,-122.351,12.345834587905333
3,1.0,1450,7200,1.0,0,7,1010,440,1969,0,47.7311,-122.199,12.631340380934517
6,3.5,3830,68825,2.0,0,9,3830,0,1995,0,47.4574,-122.003,13.473020249017498
3,1.5,1380,4290,1.0,0,7,1080,300,1955,0,47.674,-122.379,13.38472764187182
3,2.25,1290,2500,2.0,0,8,1290,0,1987,0,47.6229,-122.298,13.312983737012978
4,1.75,2570,8640,1.0,0,8,2570,0,1958,0,47.5956,-122.172,13.544292211543159
3,1.0,1140,5000,1.0,0,7,1140,0,1960,0,47.5535,-122.362,12.528156144699286
3,2.0,1540,8400,1.0,0,7,1180,360,1968,0,47.6554,-122.129,13.180537941455402
4,2.75,1610,11201,1.0,0,7,1020,590,1982,0,47.7024,-122.198,13.262125319779487
4,1.75,1640,10500,1.0,0,7,1010,630,1968,0,47.6933,-122.116,12.904207367601158
3,2.0,2310,10525,2.0,0,7,2310,0,1965,0,47.6727,-122.174,13.348701819615057
5,2.75,3030,13640,2.0,0,8,3030,0,1980,0,47.6186,-122.146,13.551545012129809
5,3.25,3940,9780,2.0,0,9,3940,0,2007,0,47.5435,-121.888,13.45166712454693
4,2.5,2300,8100,1.0,0,8,1360,940,1979,0,47.2979,-122.371,12.608198852372823
3,1.0,1640,13939,1.0,0,7,1040,600,1960,0,47.3947,-122.313,12.04649057570571
2,1.0,740,6180,1.0,0,6,740,0,1948,0,47.5517,-122.272,12.742566016044742
2,1.0,750,34133,1.0,0,6,750,0,1950,0,47.4781,-122.294,12.254862809699606
4,3.0,2450,4668,2.0,0,8,2450,0,2004,0,47.7721,-122.235,13.122363377404328
3,2.5,1920,4534,2.0,0,8,1920,0,1986,0,47.7144,-122.204,13.071070083016778
4,2.5,2770,63118,2.0,0,9,2770,0,1997,0,47.6622,-121.961,13.370784735902808
3,2.25,2350,51400,1.0,0,7,1390,960,1977,0,47.7417,-122.053,13.044401835934616
3,3.0,1440,1350,3.5,2,8,1440,0,2005,0,47.6525,-122.345,12.983101310070822
3,1.0,1120,9656,1.0,0,7,1120,0,1955,0,47.567,-122.139,12.983101310070822
3,1.0,1640,4000,1.5,0,7,1640,0,1909,0,47.6563,-122.351,13.48157510099503
3,1.75,1290,4000,1.0,0,6,1170,120,1943,0,47.5309,-122.354,12.432411087740903
2,1.0,970,12500,1.0,0,6,970,0,1941,0,47.5102,-122.33,12.47227568630483
3,1.0,1220,7695,1.0,0,7,1220,0,1954,0,47.5191,-122.339,12.310432660854417
4,2.5,2290,8796,2.0,0,8,2290,0,1994,0,47.3762,-122.318,12.765402678355779
4,2.0,2200,3060,1.0,0,7,1100,1100,1908,2000,47.565,-122.284,12.788288265382837
5,4.5,4030,13474,2.0,0,11,4030,0,2000,0,47.5812,-121.995,13.804449610604848
3,1.75,1570,4375,1.0,0,7,970,600,1940,0,47.5889,-122.389,13.235692062711331
3,2.5,2490,23891,2.0,0,9,2490,0,1993,0,47.6716,-122.029,13.458835614025542
5,3.5,3960,25245,2.0,0,9,2500,1460,1996,0,47.525,-122.172,13.38472764187182
4,3.0,2600,29539,1.0,0,8,2600,0,1994,0,47.746,-122.231,13.321214236149494
2,1.75,1250,34395,1.0,0,7,1250,0,1950,0,47.2802,-122.316,12.608198852372823
3,1.75,1520,9600,1.0,0,7,1520,0,1967,0,47.473,-122.149,12.154779351142624
3,2.25,2560,41346,2.0,0,10,2560,0,1986,0,47.4871,-122.065,13.397853428290748
3,1.0,1260,3230,1.5,0,7,1260,0,1907,0,47.644,-122.369,13.091904169919621
4,2.5,2300,15188,2.0,0,7,2300,0,1966,0,47.3683,-122.164,12.402872221504781
4,2.5,2460,4774,2.0,0,8,2460,0,2006,0,47.4912,-122.145,13.112313041550827
4,3.5,4270,40097,1.0,0,12,4270,0,1993,0,47.7354,-122.078,13.9108207377686
4,2.5,2950,7024,2.0,0,10,2950,0,2012,0,47.6651,-122.403,13.734083559268544
1,1.0,1060,54846,1.0,4,5,1060,0,1935,0,47.4716,-122.445,12.560244459250788
3,2.5,2375,4094,2.0,0,9,2375,0,2002,0,47.6627,-122.086,13.475833190394113
4,2.5,2160,8049,2.0,0,9,2160,0,1988,0,47.3337,-122.26,12.666657052859417
3,1.0,1240,14110,1.0,0,7,1240,0,1972,0,47.4579,-122.09,12.506177237980511
2,1.0,980,3080,1.5,0,7,980,0,1910,1946,47.6646,-122.339,13.217673557208654
3,2.5,1730,1803,2.0,0,7,1730,0,2005,0,47.4648,-122.335,12.138863895836725
3,2.0,1680,8946,1.0,0,6,940,740,1996,0,47.6379,-121.966,12.850554654108839
2,1.0,1010,5000,1.5,0,6,1010,0,1908,0,47.6692,-122.297,13.218945475250573
3,3.0,2430,10500,1.0,0,8,2150,280,1983,0,47.2579,-122.312,12.513557345278134
2,1.0,940,4264,1.0,0,7,940,0,1949,0,47.5314,-122.378,12.9384405392434
4,1.75,1880,9880,1.0,0,8,1880,0,1967,0,47.4551,-122.151,12.71589776896258
3,1.0,940,19000,1.0,0,6,940,0,1945,0,47.5828,-122.19,13.304684934198283
4,2.25,2690,36114,2.0,0,9,2690,0,1986,0,47.3106,-122.116,13.038981768465277
2,1.0,1000,7615,1.0,0,6,1000,0,1943,0,47.49,-122.191,12.352335152508426
3,1.75,1990,6500,1.0,0,7,1090,900,1961,0,47.488,-122.221,12.560244459250788
3,2.5,3192,5653,2.0,0,8,3192,0,2014,0,47.2956,-122.35,12.96453929221076
3,2.5,1760,6477,2.0,0,8,1760,0,1986,0,47.3731,-122.172,12.495003937382387
4,2.5,2070,8127,1.5,0,9,1590,480,1924,2003,47.7316,-122.289,13.304684934198283
2,1.0,990,2446,2.0,0,7,990,0,1998,0,47.5919,-122.297,12.560244459250788
3,1.75,2000,11880,2.0,0,8,2000,0,1979,0,47.5882,-122.052,12.994530005894443
2,1.75,1280,8500,1.0,0,7,1280,0,1953,2010,47.6553,-122.19,13.296316684527767
3,1.0,1710,5992,1.5,0,7,1560,150,1928,0,47.6861,-122.354,13.38472764187182
3,1.0,1410,4840,1.0,2,6,1230,180,1942,0,47.6646,-122.204,13.38472764187182
3,2.5,1601,2491,3.0,0,7,1536,65,2007,0,47.719,-122.317,12.842649474601725
3,2.0,1940,4500,1.0,3,7,1090,850,1926,0,47.6659,-122.359,13.458835614025542
4,2.5,2300,4249,2.0,0,8,2300,0,2006,0,47.3516,-122.0,12.774223335915433
3,2.5,1950,8251,2.0,0,7,1950,0,1990,0,47.343,-122.28,12.569325904829029
3,1.0,800,2296,1.0,0,6,800,0,1908,0,47.6546,-122.356,12.821258284620408
4,2.5,2180,3375,1.5,0,7,1420,760,1926,0,47.6846,-122.361,13.395439297466748
4,1.0,1140,7208,1.0,0,7,900,240,1970,0,47.742,-122.173,12.92391243868049
5,2.5,3150,50094,2.0,0,9,3150,0,1969,0,47.6387,-122.177,13.818506066944073
3,1.0,1790,3876,1.5,0,7,1090,700,1904,0,47.575,-122.288,13.329377546788654
4,1.75,1700,6000,1.0,0,7,1700,0,1967,0,47.3252,-122.208,11.911030218672101
3,2.25,1650,946,3.0,0,8,1650,0,2014,0,47.6536,-122.354,13.335860551666734
5,3.0,2980,10064,1.0,0,7,1680,1300,1940,0,47.7372,-122.316,12.814478597635029
3,2.75,1540,6760,1.0,0,7,1210,330,1980,0,47.7163,-122.212,13.128345449081877
2,1.0,800,7260,1.0,0,7,800,0,1953,0,47.5359,-122.367,12.691580461311874
3,2.5,1680,4075,2.0,0,7,1680,0,2008,0,47.6964,-122.024,12.884106188280072
3,1.5,1470,14821,1.0,0,7,1470,0,1958,0,47.3658,-122.148,12.483704382128453
4,2.5,3030,9500,2.0,0,8,3030,0,1989,0,47.3511,-122.287,12.815702338354745
5,2.75,1650,5453,1.0,0,7,1650,0,1970,0,47.5293,-122.285,12.121331417075083
2,1.0,1250,4320,1.0,0,7,850,400,1911,0,47.6549,-122.352,13.262125319779487
4,1.75,1720,4240,1.5,0,7,1460,260,1925,0,47.579,-122.294,13.199324418540456
3,2.5,2450,7062,2.0,0,8,2450,0,1993,0,47.3061,-122.36,12.608198852372823
5,4.25,4110,42755,2.0,2,10,2970,1140,2000,0,47.3375,-122.337,13.506264307596652
4,2.75,3980,9209,2.0,0,11,3980,0,2002,0,47.6286,-122.064,13.785051350479566
2,1.5,1160,1118,2.0,0,8,1020,140,2007,0,47.6754,-122.375,13.096019402064726
5,2.5,3160,8000,1.0,0,7,1580,1580,1960,0,47.5735,-122.208,13.617059619240436
5,2.5,2360,10081,1.0,0,7,1180,1180,1961,0,47.5552,-122.178,13.17115354157376
3,1.75,1810,21138,1.0,0,7,1240,570,1977,0,47.4674,-122.178,12.611537753638338
5,2.25,2690,10800,1.0,3,8,2020,670,1956,0,47.5821,-122.247,14.07702061154366
2,1.0,940,5000,1.0,0,7,940,0,1937,0,47.6879,-122.385,12.771386454580234
3,2.5,1740,2350,2.0,0,8,1130,610,1995,0,47.6207,-122.297,13.279367126213993
4,1.5,1800,6750,1.5,0,7,1800,0,1950,0,47.6868,-122.285,13.139220494470752
3,1.75,1150,9600,1.0,0,7,1150,0,1979,0,47.4434,-121.774,12.641782404774146
3,2.25,1650,6250,1.5,0,7,1650,0,1910,0,47.5639,-122.4,12.873902018105829
3,2.0,1840,6000,1.0,0,6,1840,0,1908,1944,47.5508,-122.392,13.163505320735505
3,1.75,1900,10454,1.0,0,7,1390,510,1978,0,47.7748,-122.291,12.911642346088676
3,1.0,1040,8000,1.0,0,7,1040,0,1956,0,47.4711,-122.35,12.429216196844383
4,2.0,2370,76665,2.0,0,8,2370,0,1978,0,47.2831,-122.279,12.926348493478372
3,2.0,1110,10500,1.0,0,7,1110,0,1978,0,47.4456,-121.773,12.676076274775909
3,1.5,1610,9964,1.0,0,7,1080,530,1977,0,47.6681,-122.143,13.149978544437301
2,1.5,1160,982,2.0,0,7,890,270,2006,0,47.7675,-122.315,12.559893520486
4,2.0,1580,4800,1.5,2,7,1580,0,1912,0,47.5454,-122.383,13.231235719375272
2,2.25,1130,2191,2.0,0,8,1130,0,2010,0,47.6861,-122.103,12.936033799212835
3,3.25,3690,7200,2.0,0,11,3690,0,2007,0,47.6815,-122.2,14.27293540500315
3,2.0,1678,13862,1.0,0,7,1678,0,1994,0,47.3744,-122.19,12.774223335915433
2,1.5,1160,1648,2.0,0,7,1160,0,2002,0,47.5916,-122.293,12.834681304952548
4,2.25,2320,7350,2.0,0,8,2320,0,1973,0,47.4512,-122.131,12.751299696013497
4,1.75,1680,15084,1.0,0,7,840,840,1979,0,47.6895,-121.912,12.736700896592344
3,1.0,1100,8560,1.0,0,6,1100,0,1961,0,47.329,-122.338,12.206022644280132
4,2.5,2500,9654,1.0,0,8,1830,670,1979,0,47.3137,-122.343,12.394624752074764
3,2.5,3080,12476,2.0,0,10,3080,0,1990,0,47.3752,-122.029,13.198398063680326
3,2.25,1710,4561,2.0,0,8,1710,0,1994,0,47.5691,-122.004,13.122363377404328
4,3.5,2770,8049,2.0,0,9,2770,0,2002,0,47.6469,-122.081,13.617059619240436
4,2.25,2590,13894,2.0,0,9,2590,0,1975,0,47.6351,-122.165,13.737549016494562
4,2.0,1510,3240,1.0,0,7,870,640,1901,0,47.5972,-122.296,12.92391243868049
2,1.0,770,7906,1.0,0,6,770,0,1948,0,47.766,-122.32,12.468436909997665
3,2.0,1520,3451,1.0,0,8,1520,0,1996,0,47.7753,-122.375,12.931202871943169
3,2.75,2500,5568,2.0,0,9,2500,0,1905,0,47.6258,-122.312,13.985253332551368
4,3.5,3180,4869,2.0,0,8,2390,790,2007,0,47.4482,-122.206,12.994530005894443
4,1.75,2700,7875,1.5,0,8,2700,0,1968,0,47.454,-122.144,12.873902018105829
4,2.5,1700,7280,2.0,0,7,1700,0,1988,0,47.4045,-122.171,12.577636201962656
3,1.5,1340,1110,2.0,0,7,1040,300,1999,0,47.698,-122.366,12.793859310432293
2,2.0,1300,2500,1.0,0,7,770,530,1926,0,47.6831,-122.373,13.124361380067002
3,2.5,3550,136343,2.0,0,10,3550,0,1977,0,47.6223,-121.869,13.208541073645382
3,1.75,1380,14000,1.0,0,5,1380,0,1939,1957,47.294,-122.281,12.428816116823043
3,1.75,1850,7056,2.5,0,8,1850,0,1979,0,47.6602,-122.13,13.005829561148378
4,2.5,1940,7107,2.0,0,7,1940,0,2000,0,47.3843,-122.032,12.683858415217964
3,1.75,1650,8073,1.0,0,7,1100,550,1980,0,47.3187,-122.182,12.367234404488503
4,2.5,2120,3640,2.0,0,8,2120,0,2005,0,47.5521,-121.996,13.303016877097587
3,1.75,1770,10513,1.0,0,7,1400,370,1982,0,47.7726,-122.266,12.936033799212835
4,1.75,1960,9300,1.0,0,7,1340,620,1979,0,47.4487,-121.772,12.826649133255284
4,2.5,2920,5500,1.0,3,10,2030,890,1957,0,47.6406,-122.412,14.038654109278484
4,2.5,3030,6813,2.0,0,9,3030,0,1987,0,47.6296,-122.029,13.231872276608467
3,2.25,1730,10030,1.0,0,8,1730,0,1985,0,47.3108,-122.345,12.611537753638338
3,1.75,950,6000,1.0,0,6,790,160,1939,0,47.5271,-122.316,12.345834587905333
4,2.5,3270,8223,2.0,0,10,3270,0,1998,0,47.6018,-122.073,13.589237113641136
4,2.5,3110,11422,2.0,0,9,3110,0,1989,0,47.6833,-122.271,13.737549016494562
2,1.0,1740,8100,1.0,0,6,1050,690,1947,0,47.4942,-122.304,12.061046873479915
3,2.25,1530,1396,2.0,0,8,1240,290,2007,0,47.666,-122.367,13.122363377404328
4,4.0,4460,103382,2.0,0,11,4460,0,2001,0,47.634,-121.997,13.955272500339433
2,1.0,1040,5700,1.0,0,6,1040,0,1922,0,47.519,-122.26,12.506177237980511
4,2.75,3100,7501,2.0,0,10,3100,0,1998,0,47.6859,-122.109,13.58609739363647
4,2.5,2390,5021,2.0,0,7,2390,0,2002,0,47.5353,-121.879,12.959844447906553
3,1.0,1200,6825,1.0,0,7,1200,0,1954,2013,47.7491,-122.353,12.904207367601158
2,1.75,1850,3060,1.0,0,7,1060,790,1929,1992,47.6821,-122.308,13.195613839143922
4,2.5,2370,30378,2.0,0,8,2370,0,1996,0,47.3389,-122.066,13.079455876393052
3,1.0,1020,10200,1.0,0,7,1020,0,1954,0,47.7503,-122.348,12.721885810807203
3,1.75,1390,18200,1.0,0,7,1390,0,1962,0,47.3208,-122.337,12.473615784141067
3,2.0,1930,11947,1.0,0,8,1930,0,1966,0,47.3672,-122.151,12.742566016044742
3,1.5,960,7400,1.0,0,7,960,0,1962,0,47.3798,-122.306,12.375815420117268
3,2.5,1890,6560,2.0,0,7,1890,0,2003,0,47.3684,-122.031,12.685407602204794
3,2.25,2090,10733,1.0,0,7,1440,650,1958,0,47.6971,-122.281,13.106132364293911
4,2.75,3990,6637,2.0,0,9,3990,0,2003,0,47.6835,-122.045,13.623138665316818
4,2.5,3000,10392,2.0,0,9,3000,0,1995,0,47.535,-122.049,13.514405465180353
3,1.75,1470,7650,1.0,0,7,1130,340,1983,0,47.4818,-122.161,12.70076888736628
4,2.5,3150,7277,2.0,0,9,3150,0,2006,0,47.5159,-122.202,13.43236842781037
3,1.75,1200,7360,1.0,0,7,1200,0,1978,0,47.6979,-122.13,12.86099861326992
2,1.75,1330,6000,1.0,0,7,960,370,1914,1945,47.6539,-122.396,13.244581010128577
3,2.0,1830,6925,1.0,0,8,1830,0,1979,0,47.4445,-122.123,12.685407602204794
4,3.25,3830,6765,2.0,0,9,3830,0,2014,0,47.685,-122.016,13.778836200094895
2,1.0,700,8301,1.0,0,6,700,0,1953,0,47.7712,-122.323,12.421184025147118
3,2.25,1720,9000,1.0,0,8,1320,400,1969,0,47.3191,-122.383,12.522706539931722
4,2.5,2840,6284,2.0,0,9,2840,0,2013,0,47.5135,-122.169,13.363315412168129
3,2.5,2030,6326,2.0,0,7,2030,0,1993,0,47.3491,-122.029,12.524526376648708
4,2.5,2420,4981,2.0,0,9,2420,0,2009,0,47.3785,-122.023,12.84792653170257
4,2.75,3190,10970,2.0,0,10,3190,0,1994,0,47.5862,-122.029,13.440817108522863
4,2.75,3160,7143,1.5,0,8,2100,1060,1933,0,47.6513,-122.406,13.64709190633931
4,1.75,1790,8372,1.0,0,8,1340,450,1976,0,47.6605,-122.189,13.603554196040628
2,1.0,1030,3060,1.0,2,7,790,240,1918,0,47.6779,-122.353,13.081541382884074
5,2.75,3110,6621,2.0,0,9,3110,0,2006,0,47.543,-121.888,13.36138027787483
3,1.0,1130,4100,1.0,0,7,990,140,1941,0,47.6856,-122.385,12.89921982609012
4,2.5,2400,6053,2.0,0,8,2400,0,2001,0,47.3869,-122.033,12.959844447906553
3,1.5,1040,10323,1.0,0,7,1040,0,1958,0,47.5882,-122.155,12.92659177288597
2,1.0,800,5600,1.0,0,6,800,0,1955,0,47.4959,-122.172,12.154252896800378
4,2.5,2650,4316,1.5,0,8,1520,1130,1905,2013,47.5866,-122.389,13.465953081794405
3,1.75,2060,3600,1.5,0,7,1180,880,1905,1985,47.6389,-122.371,13.296316684527767
3,3.0,2400,4000,2.0,0,7,1860,540,1905,0,47.6288,-122.321,13.655341805811453
4,1.75,1660,6200,1.0,0,6,830,830,1948,0,47.56,-122.316,12.676076274775909
3,1.5,1220,7300,1.0,0,7,1220,0,1973,0,47.3341,-122.279,12.072541252905651
3,1.5,2200,2880,2.0,0,7,1440,760,1904,0,47.6308,-122.312,13.693342923990066
2,2.5,1170,1811,2.0,0,8,1170,0,2001,0,47.6132,-122.297,12.89921982609012
3,1.0,1270,12733,1.0,0,7,1270,0,1955,0,47.445,-122.276,12.388394202324129
3,1.75,1610,144619,1.0,0,7,1610,0,1977,0,47.5659,-121.863,12.959844447906553
3,2.5,2250,8300,2.0,0,8,2250,0,2003,0,47.7174,-122.308,13.296316684527767
4,2.5,1850,50662,1.0,0,8,1430,420,1978,0,47.6535,-122.119,13.62918097977278
2,2.5,1390,1302,2.0,0,7,1390,0,1987,0,47.3081,-122.329,12.164990200428944
4,2.75,3310,50951,2.0,0,9,3310,0,1998,0,47.7249,-122.027,13.42984807715229
3,2.5,2090,4590,2.0,0,7,2090,0,2005,0,47.3992,-122.163,12.611537753638338
4,2.5,2130,4750,2.0,0,8,2130,0,2009,0,47.4324,-122.184,12.821258284620408
2,1.0,880,9750,1.0,0,6,880,0,1938,0,47.4885,-122.298,12.254862809699606
3,2.75,2200,9600,1.0,3,8,1570,630,1977,0,47.3438,-122.323,12.834681304952548
3,1.75,1150,17585,1.0,0,7,1150,0,1964,0,47.6503,-121.908,12.796633237315017
2,1.0,1250,5880,1.0,0,6,900,350,1948,0,47.6908,-122.391,12.959844447906553
3,2.5,2100,4097,2.0,0,9,2100,0,2008,0,47.5983,-122.2,13.805864180912469
4,2.5,2550,7500,1.0,0,8,1750,800,1976,0,47.3165,-122.386,12.533576212168626
3,1.5,1320,7201,1.0,0,7,1320,0,1971,0,47.7126,-122.211,12.821258284620408
4,2.5,2150,9070,2.0,0,8,2150,0,1985,0,47.7279,-122.107,13.329377546788654
3,2.25,1920,10961,2.0,0,8,1920,0,1981,0,47.6432,-122.057,13.215853720491667
3,3.0,1384,1287,2.0,0,8,1144,240,2006,0,47.6295,-122.32,13.262125319779487
3,2.25,1850,7800,2.0,0,9,1850,0,1974,0,47.3146,-122.379,12.594730635321957
4,1.0,1420,6000,1.5,0,7,1420,0,1950,0,47.6844,-122.302,13.071070083016778
3,1.75,1700,9840,1.0,0,8,1200,500,1976,0,47.5192,-122.046,13.127898032902804
4,2.5,3420,6233,2.0,0,9,3420,0,2006,0,47.5416,-121.998,13.699987466708736
4,2.25,1810,4970,2.0,0,7,1810,0,2003,0,47.5003,-122.156,12.779873068457553
4,1.5,2550,5055,2.0,0,10,2550,0,1910,0,47.636,-122.301,13.766845385982993
3,2.5,1600,9830,2.0,0,8,1600,0,1993,0,47.339,-122.266,12.611371073081239
4,2.75,2280,2850,1.5,0,7,1540,740,1930,0,47.6871,-122.307,13.180632285528304
3,2.5,2990,6771,1.0,0,7,1550,1440,2003,0,47.5237,-122.353,12.829333698625952
3,2.25,1620,7566,2.0,0,7,1620,0,1990,0,47.3566,-122.039,12.544329003944888
2,1.0,1460,6000,1.0,0,7,1260,200,1925,0,47.7009,-122.317,12.65075846679162
4,2.5,2210,49375,1.0,0,8,2210,0,1997,0,47.3828,-122.071,13.028052697933088
5,2.75,2990,6370,2.0,0,8,2990,0,2014,0,47.4853,-122.154,13.23560277301084
3,1.75,2080,5200,1.0,0,7,1040,1040,1974,0,47.4738,-122.35,12.767115985456782
3,2.5,2060,5750,1.0,0,7,1330,730,1976,0,47.5671,-122.391,13.265597545490236
4,1.0,1020,42966,1.5,0,6,1020,0,1922,0,47.7617,-122.11,12.206072645530174
3,1.75,1970,8000,1.0,0,8,1970,0,1968,0,47.6324,-122.1,13.17115354157376
4,2.5,1520,3370,2.0,0,8,1520,0,1994,0,47.5696,-122.004,13.15676480412166
2,1.0,1170,5043,1.0,0,6,880,290,1949,0,47.5492,-122.302,12.69096488726966
3,1.75,1290,7205,1.5,0,7,1290,0,1971,0,47.7329,-122.237,12.80765263256463
3,1.75,1270,8991,2.0,0,7,1270,0,1981,0,47.3563,-122.149,11.84939770159144
2,1.0,700,8100,1.0,0,6,700,0,1949,0,47.7492,-122.311,12.448822726483302
4,3.5,5490,14300,1.0,4,12,2910,2580,1996,0,47.5511,-122.114,14.394928973195876
4,2.75,3100,14568,2.0,0,8,3100,0,1995,0,47.7302,-121.974,13.243695662571854
4,2.75,2820,13193,1.0,0,8,1860,960,1965,0,47.5579,-122.174,13.329377546788654
5,3.75,3880,8370,2.0,0,7,3880,0,2004,0,47.4811,-122.179,13.134291948269603
3,1.0,900,8100,1.0,0,6,900,0,1959,0,47.2866,-122.221,12.097930486910471
3,1.0,970,8378,1.0,0,6,970,0,1962,0,47.3078,-122.365,12.057456621201391
3,1.5,1120,8366,1.0,0,7,1120,0,1968,0,47.3632,-122.11,12.230765258120545
5,1.75,2460,16000,1.0,0,7,1230,1230,1957,0,47.3305,-122.351,12.388394202324129
4,2.5,3630,7482,2.0,0,10,3630,0,2008,0,47.4565,-122.287,13.122363377404328
3,2.0,2040,6880,2.0,0,7,2040,0,1954,0,47.7601,-122.351,12.983101310070822
4,2.75,2550,7636,1.0,0,8,1440,1110,1986,0,47.6471,-122.06,13.275599353303187
3,2.5,1020,1570,2.0,0,7,720,300,2004,0,47.5871,-122.317,12.611537753638338
3,1.75,1260,9346,1.0,0,7,1260,0,1963,0,47.3713,-122.186,12.20856952572876
3,2.5,1770,3205,2.0,0,9,1770,0,2005,0,47.6658,-122.084,13.293905376298046
4,2.25,3020,11489,1.5,3,10,2110,910,1916,1988,47.5395,-122.21,14.457364444136669
3,2.0,1300,14350,1.0,0,7,1300,0,1955,2013,47.5736,-122.152,13.126355398673866
4,2.5,3690,11191,1.0,3,10,2190,1500,1951,0,47.6434,-122.412,13.924364962876357
4,2.5,2430,5000,2.0,0,7,2430,0,2009,0,47.515,-121.873,13.081541382884074
4,2.75,2330,3917,2.0,0,9,2330,0,2004,0,47.5527,-121.99,13.37700559577791
4,3.0,2320,7200,2.0,0,7,2320,0,1976,0,47.7703,-122.312,12.644327576461329
4,3.25,3470,11843,1.0,3,11,2270,1200,1989,0,47.5513,-122.135,14.093142294562554
3,1.75,2300,16474,1.0,0,7,1220,1080,1984,0,47.7609,-122.144,13.085699393032737
4,2.25,3680,26266,2.0,0,9,3680,0,1981,0,47.3219,-122.085,12.959844447906553
4,1.75,1870,16549,1.0,0,8,1870,0,1969,0,47.7482,-122.083,12.947890935553772
4,2.5,2390,7115,2.0,0,9,2390,0,1999,0,47.2593,-122.222,12.793859310432293
4,1.5,2050,7100,1.0,0,7,1050,1000,1963,0,47.3395,-122.28,12.487485104968359
3,1.0,1210,4000,1.5,0,7,1090,120,1928,0,47.5934,-122.308,13.017002861746503
3,2.0,2168,12616,2.0,1,7,2168,0,1950,0,47.4933,-122.367,13.345506928718539
4,3.0,3280,11060,2.0,0,8,2270,1010,1986,0,47.5399,-122.181,13.270783382522602
3,1.75,1630,9450,1.0,0,7,1080,550,1977,0,47.3729,-122.295,12.388394202324129
3,1.0,1910,8710,1.0,0,7,1080,830,1954,0,47.5038,-122.3,12.468436909997665
3,3.5,3490,4000,2.0,0,9,2570,920,2009,0,47.6385,-122.281,14.297936707208567
3,2.5,1650,5994,2.0,0,7,1650,0,1989,0,47.3603,-122.19,12.517227074167097
3,1.5,2420,5000,2.0,0,8,2200,220,1925,0,47.6744,-122.353,13.676248490630767
4,2.25,2270,7800,1.0,0,7,1290,980,1977,0,47.7278,-122.192,13.008074231002201
2,1.5,1995,115670,1.5,1,8,1995,0,1991,0,47.4022,-122.464,13.37700559577791
4,2.5,2820,6666,2.0,0,9,2820,0,2007,0,47.3473,-122.031,12.895462777212407
3,1.0,1100,5100,2.0,0,7,1100,0,1900,0,47.679,-122.386,12.89921982609012
4,2.25,2040,9565,1.0,0,8,1400,640,1959,0,47.7356,-122.335,13.017002861746503
4,3.25,5010,49222,2.0,0,9,3710,1300,1978,0,47.5489,-122.092,13.779883380321124
4,2.25,2270,9464,1.5,0,7,1520,750,1940,0,47.5007,-122.359,13.079455876393052
3,2.5,1794,4769,2.0,0,7,1794,0,2005,0,47.3052,-122.283,12.448822726483302
3,0.75,920,20412,1.0,2,6,920,0,1950,0,47.4781,-122.49,13.180632285528304
4,3.25,3330,33826,2.0,0,8,3330,0,1924,0,47.7596,-122.275,13.72240793970195
4,1.75,1760,94525,1.5,0,7,1760,0,1988,0,47.5882,-122.07,13.226723392728571
3,2.75,1310,7300,1.0,0,7,1310,0,1957,0,47.6016,-122.123,12.911642346088676
3,1.5,1370,4790,2.0,0,7,1370,0,1982,0,47.7253,-122.164,12.779873068457553
1,0.75,850,5600,1.0,2,6,850,0,1903,1994,47.7654,-121.48,12.043553716032399
3,1.5,1200,11935,1.0,0,7,1200,0,1968,0,47.3434,-122.082,12.363076394339839
3,1.75,1430,11761,1.0,0,8,1430,0,1964,0,47.6686,-122.157,13.044618028779476
2,1.0,1320,4750,1.5,0,7,1320,0,1928,0,47.6729,-122.38,13.262125319779487
4,1.75,2010,3600,1.5,0,7,2010,0,1902,0,47.6337,-122.371,13.514405465180353
3,1.0,960,213008,1.0,0,6,960,0,1933,0,47.5621,-121.862,12.206072645530174
5,2.5,3990,3839,1.0,0,8,1990,2000,1962,0,47.6236,-122.299,13.321214236149494
3,1.75,2090,12026,1.0,0,7,2090,0,1948,0,47.3095,-122.217,12.423198124518821
4,3.5,3450,6873,2.0,0,10,2750,700,2004,0,47.459,-122.118,13.287877815881902
4,3.5,2550,3600,2.0,2,8,1880,670,1997,0,47.7709,-122.39,13.422467969854667
5,1.75,1830,16650,1.5,0,7,1610,220,1958,0,47.7734,-122.315,12.72724456135031
4,2.25,2460,8001,2.0,0,8,2460,0,1984,0,47.548,-122.154,13.614617615584883
5,1.75,1380,7620,1.0,0,7,1180,200,1955,0,47.5279,-122.345,12.765688433465597
3,1.75,1800,23103,1.0,0,7,1800,0,1968,0,47.6517,-121.906,12.556729517143344
3,1.75,1360,5445,1.0,0,7,1360,0,1957,0,47.6071,-122.123,13.017002861746503
3,2.5,1710,1904,2.0,0,8,1140,570,2003,0,47.5827,-122.387,13.269057756555132
3,1.75,1750,7200,1.0,0,7,1750,0,1966,0,47.6289,-122.119,13.005829561148378
3,1.75,1460,7884,1.0,0,8,1460,0,1975,0,47.4457,-122.128,12.66032791780777
3,1.0,1190,9000,1.0,0,7,1190,0,1968,0,47.77,-122.264,12.499861036413716
2,1.0,880,1712,2.0,0,7,880,0,1945,0,47.6475,-122.397,12.685407602204794
4,2.5,1900,9240,1.0,0,7,1900,0,1962,0,47.6167,-122.137,13.017002861746503
3,2.5,3280,6750,2.0,1,9,2440,840,2001,0,47.5219,-122.38,13.527828485512494
3,1.0,1230,6380,1.5,0,7,1230,0,1927,0,47.6947,-122.315,13.514405465180353
4,2.0,1520,19672,1.0,0,6,1020,500,1920,0,47.4683,-122.281,12.049418835484797
3,3.25,3780,10623,1.0,1,11,2650,1130,1999,0,47.5506,-122.101,13.957877799251197
3,2.25,1360,1041,2.0,0,8,1094,266,2006,0,47.6925,-122.375,12.899094818276968
3,1.75,1520,9600,1.0,0,8,1520,0,1966,0,47.3263,-122.365,12.388394202324129
3,2.5,2670,5000,2.0,3,9,2000,670,1942,1995,47.5855,-122.292,13.968231644981937
3,1.5,1800,9216,1.0,0,7,1800,0,1950,0,47.2739,-122.249,12.375815420117268
4,2.5,2360,7370,1.0,0,7,1460,900,1985,0,47.7201,-122.308,12.799399490807907
4,3.0,2010,7426,1.0,0,7,1090,920,1951,0,47.5042,-122.265,12.644327576461329
4,1.75,1500,11600,1.0,0,7,1000,500,1955,0,47.7373,-122.241,12.847663339175718
6,2.5,2680,11250,1.0,0,7,1340,1340,1967,0,47.6553,-122.19,13.45597438174451
3,1.0,1020,5870,1.0,0,6,1020,0,1941,0,47.741,-122.314,12.398756989359676
4,2.0,1950,3757,1.0,0,6,1160,790,1908,0,47.5372,-122.269,12.821258284620408
2,1.0,770,9497,1.0,0,6,770,0,1950,0,47.7407,-122.351,12.456831363877356
4,3.0,2370,3672,1.5,0,7,1650,720,1916,0,47.678,-122.311,13.507625778194974
4,3.25,4690,14930,2.0,2,10,3680,1010,1995,0,47.7718,-122.283,13.304684934198283
4,2.75,2610,4400,1.0,0,8,1260,1350,1920,0,47.6158,-122.293,13.698976741708323
3,1.0,1220,6000,1.0,0,7,1220,0,1961,0,47.2811,-122.214,11.992260421644849
2,1.0,1310,7128,1.0,0,7,940,370,1980,0,47.3958,-122.189,12.441144767709657
3,2.25,1440,6443,2.0,0,7,1440,0,1995,0,47.7471,-121.979,12.691580461311874
2,1.0,1040,5527,1.0,0,7,1040,0,1951,0,47.6774,-122.284,13.190022025878143
3,2.5,2140,3821,2.0,0,8,2140,0,2005,0,47.5541,-121.995,12.948009990259552
4,1.0,1290,5000,1.5,0,7,1290,0,1957,0,47.513,-122.358,12.429016176841717
3,1.75,2310,7680,1.0,0,8,1410,900,1978,0,47.3743,-122.285,12.727689830374363
4,2.5,3170,9900,2.0,0,8,3170,0,1979,0,47.6181,-122.147,13.563195629349785
5,1.5,2540,6660,2.0,3,8,2340,200,1954,0,47.5144,-122.393,13.928839243271277
3,1.0,1310,7125,1.0,0,7,1310,0,1978,0,47.3739,-122.148,12.388394202324129
2,1.5,1800,4500,1.0,2,7,1000,800,1942,0,47.6305,-122.347,13.742939865129438
3,2.5,1530,2890,2.0,0,7,1530,0,2001,0,47.5434,-122.293,12.429216196844383
4,2.25,2110,6375,1.0,2,8,1600,510,1941,0,47.6819,-122.272,13.737549016494562
4,2.5,2260,9686,1.0,0,7,1520,740,1965,0,47.286,-122.218,12.323633434269318
3,2.5,1710,7230,2.0,0,7,1710,0,1996,0,47.2778,-122.298,12.524526376648708
2,1.5,1780,4750,1.0,0,7,1080,700,1947,0,47.6859,-122.395,13.226723392728571
4,2.25,1800,5555,2.0,0,7,1800,0,2003,0,47.3498,-122.052,12.513557345278134
4,2.5,2840,8746,2.0,0,8,2840,0,2001,0,47.19,-122.013,12.733755386362587
2,1.0,1000,10200,1.0,0,6,1000,0,1961,0,47.5687,-121.899,12.269047444691562
2,1.0,1100,4200,1.0,0,7,1100,0,1954,0,47.5312,-122.392,12.747134511926056
4,2.75,2770,3852,2.0,0,8,2770,0,2014,0,47.5001,-122.232,13.256894270361935
4,3.0,3580,35261,1.5,0,10,3580,0,1985,0,47.7577,-122.134,13.737549016494562
2,1.0,1390,11340,1.0,0,7,1390,0,1969,0,47.4969,-122.3,12.128111104060462
3,2.0,1710,7920,1.0,0,8,1260,450,1968,0,47.3473,-122.305,12.375815420117268
2,1.0,1210,7667,1.0,0,6,900,310,1950,0,47.6571,-122.396,13.178743710840436
3,2.25,1800,43647,1.0,0,8,1800,0,1976,0,47.7757,-122.132,13.070859534537213
3,1.75,2110,56192,1.0,0,7,1480,630,1978,0,47.7701,-122.138,13.329377546788654
2,2.5,1660,2258,2.0,0,7,1660,0,1981,0,47.3793,-122.146,11.982929094215963
2,1.0,1050,5000,1.0,0,7,1050,0,1907,0,47.6699,-122.369,13.151922179645874
4,2.5,2520,4831,2.0,0,8,2520,0,2009,0,47.7711,-122.168,13.19188944005294
3,1.75,1510,15744,1.0,0,7,1510,0,1985,0,47.476,-121.755,12.706847933442663
3,1.0,760,3090,1.0,0,5,760,0,1903,0,47.5513,-122.275,12.028738630247258
3,1.75,2160,4000,1.0,0,7,1080,1080,1953,0,47.5721,-122.309,12.92391243868049
3,1.75,1600,14250,1.0,0,7,1070,530,1979,0,47.3272,-122.355,12.665078520566368
4,2.0,2790,8793,1.0,0,8,1640,1150,1977,0,47.5509,-122.16,13.491164501140902
3,2.25,1960,1985,2.0,0,7,1750,210,2003,0,47.5417,-122.289,12.706847933442663
4,2.25,2490,10720,1.0,1,7,1400,1090,1979,0,47.6137,-122.06,13.027613040858519
4,2.5,3240,7621,2.0,2,9,3240,0,2003,0,47.5641,-122.032,13.676248490630767
3,1.0,1110,7603,1.0,0,7,1110,0,1967,0,47.7262,-122.224,12.821123140353697
3,1.5,1060,5750,1.0,0,7,1060,0,1981,0,47.5532,-122.372,12.666657052859417
5,3.5,2800,7350,2.0,0,7,2800,0,1995,0,47.5273,-122.345,12.847663339175718
3,2.0,2680,8429,1.0,0,9,1880,800,1950,1991,47.372,-122.036,13.389332408258568
1,1.0,630,1362,1.0,0,7,630,0,1943,0,47.6342,-122.342,12.971540487669746
3,1.5,1490,4400,1.5,0,7,1490,0,1906,0,47.6113,-122.292,13.415032991367148
3,2.5,2130,8022,2.0,0,8,2130,0,1985,0,47.7252,-122.106,13.071070083016778
4,1.75,1670,10200,1.0,0,7,1390,280,1953,0,47.5524,-122.267,13.074223002076394
4,2.75,3040,2800,2.0,0,9,2100,940,1906,2014,47.6245,-122.327,13.641157170819497
2,2.0,1470,3128,2.0,0,6,1470,0,2005,0,47.349,-122.021,12.392552212472792
1,1.5,1010,5750,1.0,0,7,1010,0,1911,1948,47.5411,-122.392,12.92391243868049
3,3.5,2480,10800,2.0,0,8,2480,0,1998,0,47.6083,-122.06,13.369223455335854
4,2.5,2630,15000,2.0,0,8,2630,0,1962,0,47.5262,-122.028,13.286181462633724
3,1.0,1070,8250,1.0,0,7,1070,0,1961,0,47.2899,-122.192,12.007621706806335
3,2.75,3010,206910,2.0,2,10,3010,0,2001,0,47.4881,-121.721,13.527828485512494
3,2.5,3680,35617,1.0,0,10,2390,1290,1985,0,47.7213,-122.12,13.554145793829866
3,1.75,1300,9856,1.0,0,7,1300,0,1962,0,47.3448,-122.298,12.396693005138824
3,4.25,5510,35000,2.0,4,13,4910,600,1997,0,47.7296,-122.37,15.150511624696614
3,2.0,1239,6036,1.0,0,7,1239,0,2009,0,47.3689,-122.175,12.441543897532917
4,2.75,3470,212639,2.0,0,7,2070,1400,1993,0,47.7066,-121.968,13.302348874400735
4,2.0,2020,8100,1.5,0,7,1160,860,1946,0,47.7307,-122.297,12.821258284620408
3,1.5,1860,9003,1.0,0,7,1490,370,1955,0,47.7624,-122.26,12.936033799212835
3,2.5,1670,22703,1.0,0,7,1310,360,1988,0,47.4708,-121.756,12.938200125731003
4,2.0,1610,8000,1.0,0,7,1190,420,1966,0,47.6301,-122.118,13.173056491719846
3,2.25,1620,7350,1.0,0,7,1170,450,1969,0,47.7248,-122.179,13.038981768465277
4,1.75,2220,7230,1.0,1,8,1280,940,1950,0,47.7065,-122.279,13.422467969854667
4,2.5,2180,11200,1.0,0,8,2180,0,1968,0,47.7476,-122.086,13.082582507392484
4,2.5,2650,30500,1.0,0,8,1680,970,1960,0,47.5535,-122.028,13.480037821676145
4,2.5,1960,8540,1.0,0,7,1220,740,1955,0,47.7654,-122.359,12.782545550532019
4,2.5,2800,17279,1.0,2,7,1560,1240,1957,0,47.7596,-122.269,12.992254692057308
3,1.75,1660,9900,2.0,0,8,1660,0,1978,0,47.6704,-122.184,13.038981768465277
3,1.0,1400,9690,1.0,0,7,1400,0,1969,0,47.3201,-122.398,11.759785542901755
2,2.5,1740,2500,2.0,2,8,1210,530,1994,0,47.622,-122.3,13.38472764187182
4,2.75,1680,9545,1.0,0,7,1080,600,1979,0,47.739,-122.243,12.959844447906553
4,1.75,1670,9500,1.0,0,7,1670,0,1976,0,47.7254,-122.31,12.691580461311874
3,2.5,1920,9625,2.0,0,8,1920,0,1993,0,47.4876,-121.8,12.877740794412995
3,1.75,1370,10780,1.0,0,7,1370,0,1959,0,47.4727,-122.298,12.043553716032399
4,3.0,1960,5160,1.0,0,7,1170,790,2001,0,47.5313,-122.36,12.531772785169476
1,1.0,600,3720,1.0,0,6,600,0,1920,0,47.5558,-122.363,12.341477282536376
4,2.5,3360,15091,2.0,0,9,3360,0,1997,0,47.6649,-122.135,13.514405465180353
4,2.75,2850,3000,2.5,0,9,2530,320,2003,0,47.6406,-122.304,13.985253332551368
4,4.0,3200,7708,2.0,0,10,3200,0,2004,0,47.5816,-121.97,13.487006490992238
4,2.5,2590,7891,2.0,0,9,2590,0,2006,0,47.5055,-122.194,13.180632285528304
4,1.75,1440,13296,1.0,0,8,1440,0,1967,0,47.634,-122.204,13.852806342707972
3,2.25,3040,52302,1.0,0,9,3040,0,2005,0,47.7635,-122.112,13.815510557964274
3,1.0,1080,6000,1.0,0,7,1080,0,1952,0,47.7579,-122.33,12.524526376648708
3,1.5,1570,6450,1.5,0,6,1570,0,1931,0,47.2021,-121.996,12.037653993905211
3,2.25,2060,9552,1.0,0,9,1610,450,1975,0,47.5402,-122.231,13.693342923990066
3,1.75,2030,13700,1.0,0,8,1630,400,1976,0,47.7726,-122.197,12.983101310070822
3,1.0,980,7606,1.0,0,7,980,0,1954,0,47.4356,-122.29,12.30591798049989
3,2.5,2130,3545,3.0,0,9,2130,0,1990,0,47.6389,-122.349,13.878485357125662
4,2.5,2460,4200,2.0,0,8,2460,0,1998,0,47.6031,-122.021,13.322852238153732
4,2.25,2150,9520,2.0,0,8,2150,0,1979,0,47.6885,-122.113,13.258640995696876
4,2.5,2890,5801,2.0,0,9,2890,0,2005,0,47.7349,-122.238,13.253391639810733
3,2.25,2080,2856,1.5,0,7,1550,530,2003,0,47.4198,-122.158,12.496874845318198
3,2.5,1600,3573,2.0,0,7,1600,0,2013,0,47.507,-122.181,12.629541378077914
4,2.0,1940,5000,1.0,0,7,980,960,1910,0,47.6719,-122.369,13.367659733359671
3,2.5,1970,6295,2.0,0,7,1970,0,2011,0,47.5158,-121.874,13.180632285528304
1,1.0,750,4000,1.0,0,6,750,0,1918,0,47.5243,-122.39,12.429216196844383
4,2.0,2850,4497,1.5,1,7,1730,1120,1910,0,47.5876,-122.292,13.38472764187182
4,2.5,2701,4500,2.0,0,9,2701,0,2014,0,47.2586,-122.194,12.898957291630964
3,2.5,1690,3068,2.0,0,7,1690,0,2005,0,47.6763,-122.028,13.086736199761178
4,2.5,2095,4569,2.0,0,9,2095,0,2002,0,47.6603,-122.087,13.415032991367148
4,2.5,1890,4158,2.0,0,8,1890,0,2014,0,47.343,-122.056,12.650277581954269
3,1.0,1390,16000,1.0,0,6,1390,0,1960,0,47.2898,-122.251,12.345834587905333
2,1.0,710,6322,1.0,0,6,710,0,1942,0,47.5165,-122.376,12.409013489526863
4,2.5,2160,8158,1.0,0,8,1660,500,1952,0,47.6948,-122.328,13.279367126213993
5,3.5,2960,12527,2.0,0,9,1940,1020,1986,0,47.3134,-122.35,12.87261914429294
3,1.75,2080,6609,1.0,0,7,1280,800,1950,0,47.6883,-122.3,13.16158409055761
3,3.25,3620,4000,2.0,0,10,2730,890,2005,0,47.6393,-122.403,13.830399170458024
2,2.0,1540,7290,2.0,0,7,1540,0,1948,1983,47.551,-122.395,13.044401835934616
3,2.0,1760,5400,1.0,0,7,1160,600,1927,0,47.6558,-122.331,13.480037821676145
3,2.5,1820,7242,1.0,0,7,1220,600,1959,0,47.4318,-122.292,12.388290030231738
3,1.75,1240,8611,1.0,0,7,1240,0,1973,0,47.7175,-122.331,12.84792653170257
2,1.5,1120,1024,2.0,0,8,1120,0,1970,1998,47.6175,-122.298,12.994530005894443
3,1.0,1160,7491,1.0,0,6,1160,0,1917,0,47.7024,-122.359,12.942039823273047
3,1.0,1830,12036,1.0,0,7,1550,280,1977,0,47.3126,-122.043,12.758519943986984
4,2.5,3060,5000,2.0,0,9,3060,0,2006,0,47.5395,-122.188,13.473020249017498
4,2.5,3120,7448,2.0,0,9,3120,0,1998,0,47.3645,-122.126,13.005604816794133
5,1.0,1760,4264,2.0,0,8,1760,0,1902,0,47.6246,-122.312,13.567690018937624
4,2.5,2550,4630,2.0,0,7,2550,0,2005,0,47.5928,-122.004,13.194684038983954
4,2.75,2030,56192,1.0,0,8,1550,480,1979,0,47.752,-122.073,12.994530005894443
3,2.25,1830,7500,1.0,0,7,1330,500,1968,0,47.7574,-122.31,12.947998085426784
4,1.75,2390,17717,1.0,0,8,2390,0,1964,0,47.5755,-122.218,13.738899455592433
3,1.0,1380,5400,1.0,0,7,1380,0,1954,0,47.7134,-122.288,12.84792653170257
4,2.5,3200,6691,2.0,0,7,3200,0,2002,0,47.367,-122.031,12.952760593018148
4,4.0,4620,130208,2.0,0,10,4620,0,2014,0,47.5885,-121.939,14.193261827504923
2,2.0,1680,5756,2.0,0,7,1680,0,1910,0,47.3065,-122.222,12.254862809699606
4,3.75,3520,3944,1.5,0,8,2200,1320,1913,0,47.6424,-122.348,14.01436141670944
3,1.75,1180,14292,1.0,0,7,1180,0,1981,0,47.4818,-121.733,13.028052697933088
4,3.75,3280,6000,2.0,0,9,3280,0,2014,0,47.554,-122.19,13.741810195034317
3,2.5,1650,2201,3.0,0,8,1650,0,2007,0,47.7108,-122.333,12.966878474563934
5,2.5,4670,15857,2.0,0,11,4670,0,1998,0,47.63,-122.011,13.815510557964274
4,2.75,2560,7961,1.0,2,8,1450,1110,1975,0,47.6499,-122.199,13.687677186454389
3,1.0,1370,10708,1.0,0,7,1370,0,1969,0,47.2769,-122.264,12.230765258120545
3,2.25,1880,7488,2.0,0,8,1880,0,1980,0,47.3631,-122.277,12.577636201962656
3,1.0,1200,6561,1.0,0,6,1200,0,1950,1968,47.7763,-122.36,12.482567372341379
5,2.25,2510,35691,1.0,0,9,2510,0,1967,0,47.6435,-122.154,13.710150042306449
4,3.5,3190,31450,2.0,0,9,3190,0,2010,0,47.501,-121.902,13.579788224443204
3,2.5,2530,8820,2.0,0,8,2530,0,1997,0,47.42,-122.205,12.969212197910155
4,2.5,1690,7260,1.0,0,7,1080,610,1979,0,47.3001,-122.368,12.380025952653611
4,2.5,2110,9825,2.0,0,8,2110,0,2000,0,47.4979,-122.153,12.948009990259552
4,3.0,2660,4600,1.5,0,8,1820,840,1906,2002,47.6258,-122.305,14.02577148344747
3,1.0,940,10890,1.0,0,5,940,0,1909,0,47.2763,-122.257,12.132964173709535
4,2.5,3274,4950,2.0,0,9,3274,0,2014,0,47.2603,-122.195,13.079100907344714
5,2.5,2630,9216,2.0,0,8,2630,0,2003,0,47.7379,-121.966,13.17115354157376
4,2.0,1750,8116,1.0,0,5,1750,0,1943,0,47.5097,-122.181,12.417143615610113
4,3.5,3930,16970,2.0,0,9,3930,0,1997,0,47.7412,-121.966,13.262125319779487
4,1.75,2010,9211,1.0,0,7,1470,540,1977,0,47.7206,-122.171,13.097219913195639
5,2.25,1780,7245,1.0,0,8,1330,450,1976,0,47.6946,-122.12,13.064734264567692
3,2.0,1510,4560,2.0,0,7,1510,0,1909,1995,47.5689,-122.408,13.351886535682578
4,3.5,4660,17398,2.0,2,11,4660,0,2003,0,47.5422,-122.112,14.0623706358958
3,1.75,1370,8006,2.0,0,7,1370,0,1990,0,47.258,-122.252,11.982929094215963
3,1.75,1850,5100,1.0,0,7,1020,830,1909,0,47.6605,-122.326,13.270783382522602
3,2.0,1590,10229,1.0,0,7,1590,0,1966,0,47.7239,-122.227,12.886641043883259
4,3.25,3270,6027,2.0,0,10,3270,0,2001,0,47.6346,-122.063,13.635187003832993
4,3.5,2840,4637,3.0,0,8,2840,0,2008,0,47.7033,-122.321,13.437174117244362
3,2.0,2950,12196,2.0,0,7,2310,640,1918,0,47.4702,-122.365,13.112313041550827
2,1.0,790,7252,1.0,0,5,790,0,1930,0,47.5048,-122.365,11.652687407345388
3,1.5,1310,2996,2.0,0,7,1310,0,1998,0,47.5879,-122.299,12.894207284266574
4,2.0,2020,48693,1.5,0,7,2020,0,1949,0,47.4646,-121.759,12.782686009834167
5,3.0,2190,9652,2.0,0,7,2190,0,1999,0,47.5049,-122.239,12.945626198904275
4,2.75,3160,8429,1.0,3,7,1620,1540,1982,0,47.511,-122.251,13.221303325259232
3,3.5,1550,1233,2.0,0,8,1160,390,2005,0,47.6034,-122.309,13.180632285528304
4,3.0,1984,4460,2.0,0,7,1984,0,2012,0,47.3532,-122.211,12.584509081250419
3,2.5,2850,21780,2.0,0,10,2850,0,1994,0,47.6455,-122.04,13.592354506571938
4,2.75,3140,24800,1.0,0,8,2080,1060,1971,0,47.3782,-122.161,12.834681304952548
4,3.0,2420,4800,1.5,0,7,1520,900,1919,0,47.6453,-122.358,13.764217263576723
2,1.5,1430,8137,1.0,0,7,1130,300,1934,0,47.7307,-122.29,12.907311995987456
4,2.5,2680,11590,2.0,0,9,2680,0,1988,0,47.4395,-122.163,12.947116734282336
3,1.75,2270,13000,1.0,0,8,2270,0,1968,0,47.4474,-122.144,13.071070083016778
4,3.0,4370,217882,2.0,0,10,4370,0,1984,0,47.6573,-122.034,13.70736839934457
4,2.0,1830,4590,2.0,0,8,1830,0,1908,0,47.6593,-122.327,13.458835614025542
3,1.0,1130,7500,1.0,0,7,880,250,1947,0,47.6973,-122.389,13.217673557208654
4,2.5,2780,7985,2.0,0,10,2780,0,1992,0,47.5608,-122.016,13.482831119581757
3,1.75,1516,2897,1.0,0,7,998,518,1925,0,47.6842,-122.341,13.263124820112571
3,2.5,2310,11993,2.0,0,9,2310,0,1988,0,47.5438,-122.139,13.547631112808673
3,1.75,2170,153767,1.0,0,7,2170,0,1976,0,47.3694,-122.065,13.279367126213993
5,3.0,3610,7555,2.0,0,8,3610,0,2003,0,47.3534,-122.012,13.217491722495906
3,1.75,1480,6120,1.5,0,7,1480,0,1946,0,47.6858,-122.295,13.122363377404328
4,2.0,1530,7816,1.0,0,7,1530,0,1955,0,47.7309,-122.332,13.122363377404328
5,2.75,3710,13874,1.5,3,9,2340,1370,1977,0,47.5686,-122.154,14.038654109278484
3,1.0,980,9135,1.0,0,7,980,0,1955,0,47.3496,-122.289,12.128111104060462
3,1.5,1810,14400,1.0,0,7,1810,0,1954,0,47.2887,-122.269,12.343658308482738
5,3.5,2473,9282,2.0,1,7,2473,0,1963,0,47.3966,-122.308,12.745485726148077
3,2.5,1780,7214,1.0,0,7,1400,380,1986,0,47.3667,-122.182,12.491251587763836
3,2.0,1850,8250,1.0,0,7,1150,700,1952,0,47.3066,-122.209,12.457609271345602
4,2.75,3110,49765,1.0,0,8,3110,0,1958,1972,47.3343,-122.044,13.18345847676414
3,1.75,1850,7684,1.0,0,8,1320,530,1979,0,47.2975,-122.37,12.292250341771226
2,1.0,720,5160,1.0,0,6,720,0,1949,0,47.5274,-122.357,12.423198124518821
3,1.75,1710,10950,1.0,0,7,1060,650,1967,0,47.4678,-121.745,12.577636201962656
4,2.25,1790,7311,2.0,0,7,1790,0,1992,0,47.5055,-122.189,12.904207367601158
3,2.25,2180,7741,2.0,0,9,2180,0,1986,0,47.6482,-122.072,13.339308558450137
3,2.0,1780,1750,1.0,2,8,1400,380,1927,2014,47.6797,-122.357,13.541073712262515
4,3.0,1986,6000,2.0,2,8,1746,240,1922,0,47.5374,-122.39,13.480037821676145
4,2.5,2544,4071,2.0,0,9,2544,0,2013,0,47.341,-122.179,12.936033799212835
3,2.0,1550,2401,2.0,0,7,1550,0,1996,0,47.6545,-122.348,12.994530005894443
2,2.25,1170,1313,3.0,0,8,1170,0,2007,0,47.6712,-122.378,13.146079904021645
3,2.0,1550,18958,1.5,0,7,1550,0,1983,0,47.3699,-122.319,12.577636201962656
2,1.0,2120,6897,1.0,0,7,1060,1060,1923,0,47.5566,-122.278,13.304684934198283
2,3.25,2700,3444,3.0,3,9,2700,0,1990,0,47.5684,-122.06,14.126664986601197
3,2.5,1960,1477,2.0,0,7,1670,290,2012,0,47.4873,-122.166,12.611537753638338
3,2.25,1280,959,3.0,0,8,1280,0,2005,0,47.6914,-122.343,12.779873068457553
2,2.75,1100,1088,2.0,0,7,750,350,2006,0,47.6405,-122.324,12.994530005894443
3,1.0,840,5700,1.0,0,5,840,0,1945,0,47.3948,-122.028,12.100712129872347
9,3.0,2820,4480,2.0,0,7,1880,940,1918,0,47.6654,-122.307,13.74723171721098
4,1.75,4060,5500,2.0,0,9,2660,1400,1924,0,47.6437,-122.321,14.077874822431765
3,1.75,1750,3250,1.5,0,7,1230,520,1929,0,47.6807,-122.366,13.171058298943088
3,2.25,2250,5301,2.0,0,8,1510,740,1975,0,47.6741,-122.271,13.527828485512494
5,2.5,2620,12763,1.0,0,7,1400,1220,1979,0,47.72,-122.213,12.706847933442663
3,1.75,1810,3000,1.5,0,7,1810,0,1903,0,47.6599,-122.363,13.208541073645382
4,2.25,2380,35008,1.0,0,8,2380,0,1977,0,47.5834,-122.001,13.296232647383299
3,2.5,2420,10733,2.0,0,8,2420,0,1996,0,47.3835,-122.035,12.936033799212835
4,2.5,2245,4301,2.0,0,8,2245,0,2014,0,47.3555,-122.063,12.801786143248279
2,1.75,1980,8550,1.0,0,7,990,990,1981,0,47.6989,-122.369,13.279367126213993
5,1.75,2060,10911,1.0,0,7,1360,700,1954,0,47.7767,-122.365,12.942039823273047
3,2.0,1350,6696,1.0,0,6,680,670,1944,0,47.4919,-122.187,12.506177237980511
4,3.25,3730,7200,2.0,0,10,2810,920,2006,0,47.6824,-122.199,14.210925330218936
2,1.0,2060,8398,1.0,0,7,1260,800,1962,0,47.509,-122.324,12.506177237980511
2,1.0,1000,7664,1.0,2,7,1000,0,1939,0,47.7001,-122.311,12.891691559669328
5,3.25,3680,6060,2.0,0,9,2630,1050,1925,0,47.6341,-122.304,14.430696197054507
4,1.0,1680,4087,1.5,0,7,1680,0,1911,0,47.6667,-122.337,13.471610805514265
4,1.5,1450,5530,1.0,0,6,1450,0,1969,0,47.3613,-122.087,12.074875668892323
3,1.75,1830,5120,1.5,2,8,1830,0,1903,0,47.6051,-122.311,13.432784936825598
3,2.5,3260,91911,2.0,0,9,3260,0,1984,0,47.737,-122.074,13.652991628466498
2,1.75,1740,7290,1.0,0,8,1280,460,1950,0,47.6461,-122.397,13.217673557208654
3,2.5,3300,11525,1.0,0,8,1650,1650,1961,0,47.4113,-122.315,12.79524723570714
4,5.0,5820,13906,2.0,0,11,3750,2070,1993,0,47.3814,-122.164,13.572801851155225
4,2.5,2720,8666,2.0,0,9,2720,0,1992,0,47.3846,-122.169,12.821258284620408
2,2.5,980,1020,3.0,0,8,980,0,2008,0,47.6844,-122.387,12.70381302974751
3,1.0,1280,9656,1.0,0,6,920,360,1959,0,47.4485,-122.175,12.641096555879882
4,1.5,1370,7904,1.0,0,7,900,470,1970,0,47.3344,-122.28,12.159232578684355
4,2.75,2010,7000,2.0,0,8,2010,0,1901,0,47.6607,-122.396,13.559327152571864
3,2.5,2420,198198,2.0,0,9,2420,0,1997,0,47.772,-122.022,13.44806351704363
2,1.0,1320,8830,1.0,0,7,1020,300,1939,0,47.6433,-122.404,12.959844447906553
4,1.75,2140,8000,1.0,0,8,1410,730,1965,0,47.622,-122.139,13.294634598344782
3,1.75,1480,8163,1.0,0,7,1040,440,1953,0,47.638,-122.206,13.670484785914017
3,1.0,1530,4944,1.0,0,7,1530,0,1950,0,47.6857,-122.341,13.369223455335854
3,2.5,1820,4200,2.0,0,8,1820,0,2014,0,47.3693,-122.017,12.636669294275944
4,2.5,2050,8094,1.0,0,8,1050,1000,1976,0,47.6614,-122.138,13.30635354129883
5,3.5,4410,13000,2.0,3,10,2920,1490,2014,0,47.5382,-122.111,14.447622407378253
4,2.5,2680,8778,2.0,0,8,2680,0,1977,0,47.5516,-122.161,13.577253368840017
3,1.0,1820,5750,1.0,0,7,1120,700,1918,0,47.5773,-122.383,13.184398768323781
3,2.5,1470,1779,2.0,0,8,1160,310,2005,0,47.5472,-121.998,12.847321085298983
6,3.25,4440,17424,1.0,1,9,2220,2220,1959,0,47.5791,-122.23,13.773646353865574
3,1.5,1200,7800,1.0,0,7,1200,0,1958,0,47.3137,-122.212,12.180754837545884
3,1.75,1600,19200,1.0,0,7,1600,0,1967,0,47.7202,-122.249,13.142166004700508
3,2.5,2690,8577,2.0,0,9,2690,0,1987,0,47.3026,-122.351,12.736700896592344
4,1.75,2250,13515,1.0,0,8,2150,100,1940,0,47.3789,-122.229,12.765688433465597
3,2.5,1370,7247,2.0,0,7,1370,0,1995,0,47.3767,-122.303,12.35017298950393
3,2.0,1410,7265,1.0,0,7,1410,0,1983,0,47.3654,-122.076,12.52434454193596
3,3.0,3200,35782,1.0,0,8,2360,840,1978,0,47.4121,-122.154,12.765688433465597
3,3.25,2200,7440,2.0,0,7,1710,490,1947,0,47.5409,-122.268,13.17115354157376
3,2.5,2960,18600,2.0,0,8,2960,0,1979,0,47.4358,-122.344,13.312983737012978
3,2.0,1740,41275,1.0,0,8,1740,0,1974,1989,47.4914,-121.763,13.407542319637992
3,1.0,1780,5236,1.5,0,6,1050,730,1944,0,47.5119,-122.386,12.834681304952548
4,1.75,2500,20868,1.0,2,8,1600,900,1956,0,47.431,-122.338,13.283631525000452
4,2.75,2690,8874,1.0,0,8,1370,1320,1980,0,47.3078,-122.383,12.636067751381615
3,3.0,3450,16740,1.0,4,9,1960,1490,1949,1993,47.7067,-122.38,14.615267473582477
4,2.75,3190,14904,1.0,3,9,1940,1250,1949,1992,47.6178,-122.214,14.316285845876763
3,1.0,1540,9028,1.0,0,6,1540,0,1968,0,47.6698,-122.177,13.017002861746503
5,2.25,1960,8592,1.0,0,8,1290,670,1958,0,47.6066,-122.192,13.664687668229691
5,3.0,2800,5700,2.0,0,8,2800,0,2014,0,47.4969,-122.145,13.369196892483066
4,1.5,1570,8775,1.0,0,7,1570,0,1943,0,47.4789,-122.335,12.341040505940658
3,3.75,3150,8550,2.0,0,10,3150,0,2007,0,47.6387,-122.284,14.457364444136669
3,2.25,2210,10794,1.0,0,7,1540,670,1967,0,47.4911,-122.224,13.16158409055761
3,1.75,1400,2003,1.0,0,8,700,700,1908,2006,47.6508,-122.368,13.038981768465277
4,2.75,3020,13530,1.0,0,8,1540,1480,1977,0,47.6299,-122.099,13.415032991367148
3,2.0,1470,2052,1.5,0,7,1470,0,1986,0,47.3084,-122.331,12.2783933071098
3,1.0,1660,7650,1.5,0,7,1350,310,1910,0,47.5576,-122.277,13.253391639810733
5,2.5,3200,6455,2.0,0,9,3200,0,2009,0,47.5446,-121.862,13.422467969854667
2,1.75,1890,9466,2.0,0,8,1890,0,1987,0,47.6144,-122.211,13.878485357125662
3,1.75,1530,7930,1.0,0,7,1530,0,1986,0,47.3609,-122.05,12.502466658583977
3,1.75,1160,7006,1.0,0,7,1160,0,1992,0,47.1937,-121.98,12.560244459250788
2,1.0,950,5650,1.0,0,6,950,0,1943,0,47.5149,-122.257,12.577636201962656
2,1.0,1650,5106,1.0,0,7,1090,560,1960,0,47.6992,-122.309,12.983101310070822
4,3.0,3100,15480,2.0,0,8,2400,700,1996,0,47.7466,-122.241,13.241034907121827
2,1.0,1440,7808,1.0,0,7,860,580,1949,0,47.7431,-122.336,12.886641043883259
4,2.5,2770,7000,1.0,0,7,1940,830,1979,0,47.3396,-122.256,12.779873068457553
3,1.75,1480,2200,2.0,0,7,1480,0,1995,0,47.6969,-122.35,12.936033799212835
3,2.5,2210,7620,2.0,0,8,2210,0,1994,0,47.6938,-122.13,13.190022025878143
4,2.5,3260,5608,2.0,0,9,3260,0,2003,0,47.5453,-121.995,13.604789526648622
4,1.75,3420,7200,1.0,3,8,1770,1650,1947,0,47.7081,-122.277,13.480037821676145
4,2.75,2110,8190,1.5,0,8,2110,0,1966,0,47.6269,-122.1,13.522480879185897
4,2.75,3010,15750,1.0,0,8,1560,1450,1973,0,47.7336,-122.183,13.085699393032737
4,1.75,1870,22072,1.0,0,7,1070,800,1959,0,47.3775,-122.165,12.560244459250788
4,2.5,2800,6567,2.0,0,9,2800,0,2006,0,47.3555,-122.002,13.038873066905303
3,1.5,1740,6988,1.0,0,7,1600,140,1950,0,47.7211,-122.33,12.983101310070822
3,2.5,2580,4636,2.0,0,9,2580,0,2006,0,47.6201,-122.025,13.45597438174451
4,2.5,2623,7184,2.0,0,8,2623,0,2012,0,47.259,-122.202,12.71589776896258
4,2.5,2440,7155,2.0,0,8,2440,0,1993,0,47.4501,-122.126,12.86876061860541
3,2.5,2270,7866,1.0,0,10,2270,0,1988,0,47.5622,-122.022,13.481435445942783
4,1.5,1240,8158,1.0,0,7,1110,130,1961,0,47.3716,-122.31,12.487485104968359
3,1.75,1640,10695,1.0,2,8,1640,0,1975,0,47.7145,-122.222,13.132313708257497
3,1.75,1980,6250,1.0,1,7,1090,890,1910,0,47.554,-122.385,13.242809530480196
4,3.0,2290,5105,2.0,0,8,2290,0,2012,0,47.7727,-122.237,13.180632285528304
5,3.25,3160,10587,1.0,0,7,2190,970,1960,0,47.7238,-122.165,13.337474757021274
4,2.5,2740,5700,2.0,0,9,2740,0,2006,0,47.3535,-122.026,12.992026875676325
2,1.0,1000,4956,1.0,2,7,1000,0,1916,0,47.6753,-122.36,13.091801071821688
2,1.5,1480,1349,2.0,0,7,1240,240,2007,0,47.5439,-122.386,12.943236711506893
3,2.5,1760,1472,3.0,0,8,1640,120,2006,0,47.6473,-122.374,13.317930160948304
2,1.0,1010,6000,1.0,0,6,1010,0,1944,0,47.771,-122.353,12.2783933071098
4,2.25,2600,6390,1.0,0,8,1390,1210,1978,0,47.3174,-122.366,12.409013489526863
4,2.5,2230,8560,2.0,0,8,2230,0,2002,0,47.4877,-122.143,13.122363377404328
3,1.0,1140,4600,1.0,0,7,1140,0,1942,0,47.6897,-122.337,13.038981768465277
2,1.0,1170,4080,1.0,0,7,1170,0,1909,0,47.6784,-122.386,13.272506035834049
3,2.25,1840,13020,1.0,0,8,1390,450,1980,0,47.6923,-122.095,12.90669184092882
4,2.5,2200,10800,1.0,0,8,1500,700,1964,0,47.7711,-122.288,13.032438669876342
3,2.0,2440,23512,1.0,0,6,1640,800,1933,0,47.4594,-122.326,12.730801174465157
4,2.5,2640,7883,2.0,0,8,2640,0,1990,0,47.3124,-122.188,12.791077667470416
3,2.75,1560,77536,1.0,0,7,1400,160,1978,0,47.7695,-122.126,13.122363377404328
4,3.5,4560,16643,1.0,3,12,2230,2330,1995,0,47.5521,-122.115,14.008194901793775
5,2.75,3100,9825,2.0,2,8,3100,0,1950,1982,47.7188,-122.281,13.458835614025542
3,1.75,1930,7200,1.5,0,6,1930,0,1929,0,47.5263,-121.809,12.560244459250788
3,2.5,1860,3150,2.0,0,8,1860,0,2001,0,47.719,-122.182,13.112313041550827
3,2.25,1810,6750,1.0,0,7,1280,530,1978,0,47.2976,-122.377,11.99535161421452
2,1.0,840,3844,1.0,0,6,840,0,1919,0,47.7048,-122.347,12.577636201962656
3,2.5,2430,5867,2.0,0,7,2430,0,2011,0,47.5162,-121.872,13.091904169919621
3,1.75,1530,14633,1.0,0,7,1100,430,1977,0,47.6949,-122.119,13.122363377404328
4,3.0,2760,4905,2.0,1,9,1840,920,1938,0,47.6591,-122.27,14.108180171927094
3,1.0,1260,6826,1.0,0,6,720,540,1944,0,47.731,-122.303,12.742566016044742
2,1.0,1120,217800,1.0,0,6,1120,0,1976,0,47.7378,-121.912,12.577636201962656
4,1.0,1410,6000,1.0,0,7,810,600,1925,0,47.566,-122.373,12.931202871943169
3,2.5,1960,6058,2.0,0,8,1960,0,2002,0,47.6319,-122.007,13.235692062711331
5,3.5,2780,3583,2.0,0,8,2180,600,2005,0,47.4879,-122.152,13.071070083016778
3,1.0,1340,13750,1.0,0,7,1340,0,1955,0,47.5771,-122.151,13.079455876393052
5,3.5,4490,6000,2.0,0,10,3200,1290,2006,0,47.5396,-122.073,13.698976741708323
3,3.0,3040,5067,3.0,2,10,3040,0,1993,0,47.5409,-122.267,13.389332408258568
3,2.25,1830,7651,2.0,0,8,1830,0,1986,0,47.2642,-122.219,12.517227074167097
3,2.5,2320,7609,2.0,0,8,2320,0,2003,0,47.5391,-122.069,13.304684934198283
3,2.0,1300,9644,1.0,0,7,1300,0,1994,0,47.3131,-121.998,12.495003937382387
3,2.25,2510,10418,1.0,0,8,1810,700,1968,0,47.7003,-122.285,13.623138665316818
4,1.75,1910,8775,1.0,0,7,1210,700,1956,0,47.7396,-122.247,13.071070083016778
4,2.5,1850,5040,1.0,0,7,1230,620,1930,2013,47.5386,-122.373,13.01477816672439
2,2.5,1560,5333,1.0,0,5,780,780,1947,0,47.4749,-122.213,12.323855681186558
3,1.75,1790,7485,1.0,0,8,1330,460,1979,0,47.3118,-122.34,12.479909311159902
4,3.5,3920,37122,2.0,0,10,3920,0,1996,0,47.6316,-121.988,13.652991628466498
4,2.75,2560,8956,1.0,0,7,1500,1060,1968,0,47.7278,-122.177,13.091904169919621
4,2.5,2311,4396,2.0,0,9,2311,0,2014,0,47.3276,-122.163,12.897818845174491
4,2.25,2120,8267,2.0,0,8,2120,0,1996,0,47.4885,-121.779,13.017002861746503
4,2.5,3180,13118,2.0,0,11,3180,0,1986,0,47.5382,-122.23,13.997832114758229
3,2.75,1950,12240,1.0,0,7,1250,700,1956,0,47.7401,-122.258,12.873902018105829
3,1.75,1880,12821,1.0,0,7,1880,0,1959,0,47.7681,-122.305,12.873389066055598
2,2.0,1360,4688,1.0,0,7,780,580,1944,0,47.6874,-122.315,13.098070684835283
4,2.0,1700,8043,1.0,0,7,850,850,1954,0,47.4758,-122.288,11.9891596439666
3,3.25,3030,5600,2.0,2,9,2220,810,1905,2005,47.5978,-122.292,14.01436141670944
3,1.5,1250,7700,1.0,0,7,1250,0,1968,0,47.5383,-122.178,12.92391243868049
5,2.75,2720,4680,1.5,0,8,1710,1010,1913,0,47.6612,-122.363,13.531156275605168
1,2.25,1220,2100,2.0,2,8,1220,0,1946,1979,47.6703,-122.204,13.324324149450632
4,2.5,1940,3200,2.0,0,8,1940,0,2004,0,47.4583,-122.118,12.84792653170257
4,1.0,1220,8075,1.0,0,7,890,330,1969,0,47.3341,-122.282,12.388394202324129
3,1.75,2250,26337,1.0,0,8,2250,0,1980,0,47.3032,-122.123,12.691580461311874
3,2.5,2200,7278,2.0,0,8,2200,0,1990,0,47.4624,-122.132,12.765402678355779
0,0.0,290,20875,1.0,0,1,290,0,1963,0,47.5308,-121.888,11.863582336583399
4,2.25,1500,5393,2.0,0,7,1500,0,1999,0,47.3378,-122.263,12.254862809699606
4,1.5,2290,10372,1.0,0,7,1510,780,1965,1987,47.6888,-122.199,13.56255192157088
3,1.0,1360,20000,1.0,0,7,1360,0,1953,0,47.2861,-122.253,11.976659481202368
4,2.25,2620,17366,1.0,3,9,1430,1190,1984,0,47.584,-122.077,13.547631112808673
2,1.0,890,2100,1.0,0,6,760,130,1919,0,47.656,-122.359,13.038981768465277
3,2.25,2220,3707,2.0,0,8,1620,600,1919,0,47.617,-122.286,13.652991628466498
4,2.5,2260,5164,2.0,0,8,2260,0,1996,0,47.509,-122.166,12.947890935553772
2,1.0,1120,6141,1.0,0,7,900,220,1946,0,47.6924,-122.372,13.16158409055761
3,1.5,1650,3150,1.5,0,8,1650,0,1929,0,47.6156,-122.297,13.340695371721317
3,3.25,2260,7701,2.0,0,8,1760,500,2000,0,47.5053,-122.377,13.076507902817875
4,2.5,1960,7230,2.0,0,8,1960,0,2002,0,47.2855,-122.36,12.505992035646432
3,1.5,1870,3300,2.0,2,7,1870,0,1906,0,47.6221,-122.325,13.74616047982948
3,1.0,1170,7320,1.0,0,7,1170,0,1962,0,47.4685,-122.282,12.117241431823558
3,1.75,1260,9600,1.0,0,7,1260,0,1988,0,47.3592,-122.076,12.582795284772684
3,2.25,4320,19225,1.0,0,10,2160,2160,1972,0,47.6368,-122.216,14.389310980891652
4,2.5,2210,9875,2.0,0,9,2210,0,1990,0,47.6285,-122.025,13.367659733359671
4,2.5,3470,32109,2.0,0,10,3470,0,1995,0,47.7311,-122.036,13.681979165339751
3,2.5,2380,6832,2.0,0,8,2380,0,2002,0,47.5372,-121.876,13.260384675301703
4,2.5,2710,4069,3.0,0,10,2710,0,1990,0,47.604,-122.288,13.670484785914017
4,4.25,5540,15408,2.0,1,11,4280,1260,2006,0,47.6071,-122.212,14.761360092079974
4,1.0,1540,9541,1.5,0,7,1540,0,1961,0,47.7104,-122.213,12.821258284620408
4,2.75,2300,3175,1.5,0,6,1340,960,1966,0,47.5732,-122.305,12.765688433465597
3,1.0,1270,4000,1.5,2,7,1270,0,1928,0,47.5695,-122.376,12.983101310070822
5,4.0,1400,8580,1.0,0,7,900,500,1954,0,47.456,-122.292,12.487485104968359
3,1.5,1060,9600,1.0,0,7,1060,0,1962,0,47.3229,-122.348,12.296827008798639
3,1.0,1360,9948,1.0,0,6,1360,0,1977,0,47.3422,-122.053,12.367128004530962
3,2.25,998,844,2.0,0,7,798,200,2007,0,47.6983,-122.367,12.676076274775909
4,3.5,3820,13224,2.0,0,10,3280,540,1990,0,47.6005,-122.199,14.03062193758122
5,1.75,2020,7902,1.0,0,7,1220,800,1962,0,47.51,-122.327,12.409013489526863
3,2.25,1750,1879,3.0,0,8,1750,0,2001,0,47.6722,-122.391,13.17115354157376
2,1.0,860,8308,1.0,0,7,860,0,1948,0,47.508,-122.378,12.66032791780777
5,2.5,2540,5100,2.0,0,7,2540,0,2014,0,47.5123,-122.316,12.779873068457553
4,1.75,2790,17476,1.0,2,7,1450,1340,1956,0,47.4556,-122.369,13.249876697703288
4,2.0,2680,18768,1.0,0,8,2680,0,1965,0,47.3182,-122.279,12.793859310432293
3,1.0,1020,8484,1.0,0,6,1020,0,1949,0,47.7719,-122.31,12.634603026569334
4,3.5,3770,37034,2.0,0,10,2830,940,1989,0,47.6463,-122.151,14.021711388548171
3,1.0,1630,8146,1.0,0,7,1630,0,1952,0,47.7293,-122.29,12.936033799212835
3,1.0,1100,4184,1.0,0,7,1100,0,1965,0,47.5309,-122.382,12.939641740589034
4,2.0,2360,6000,2.0,0,8,2360,0,1904,0,47.6702,-122.362,13.369223455335854
4,2.25,2330,11400,1.0,0,8,2330,0,1974,0,47.4495,-122.148,12.834681304952548
4,2.5,2720,7697,1.0,0,8,2120,600,1987,0,47.4391,-122.161,12.759957758756611
4,1.75,2250,10108,1.0,0,8,2250,0,1967,0,47.5922,-122.118,13.312983737012978
3,2.25,2150,9250,2.0,0,8,2150,0,1984,0,47.7179,-122.113,13.234798806734117
3,1.0,1010,8581,1.0,0,6,1010,0,1920,0,47.3043,-122.216,12.100712129872347
3,2.25,2060,10160,1.0,0,8,1340,720,1967,0,47.7712,-122.285,12.971424201839042
4,2.0,2050,4400,1.5,0,9,2050,0,1922,0,47.644,-122.319,13.514405465180353
3,1.0,1040,16986,1.0,0,7,1040,0,1968,0,47.4812,-122.097,12.660169175050076
4,2.75,3540,7091,1.5,1,8,1970,1570,1947,0,47.6467,-122.394,13.572164299332545
2,1.0,1060,5754,1.0,0,6,1060,0,1917,0,47.6931,-122.372,12.887526727499074
3,2.5,2420,7500,1.0,2,8,1210,1210,1944,0,47.6949,-122.389,13.384650715836164
4,2.5,4020,44431,2.0,0,10,4020,0,1987,0,47.7467,-122.132,13.614617615584883
3,1.0,2050,4800,2.0,0,8,1950,100,1922,0,47.6315,-122.311,13.840203170554645
4,2.5,2600,11280,1.5,0,7,1570,1030,1961,0,47.336,-122.304,12.439166527697552
4,1.0,1170,34925,1.0,0,6,1170,0,1942,0,47.5305,-121.841,12.551433829568632
4,3.0,2940,7108,2.0,1,9,2220,720,2011,0,47.5437,-122.395,13.676248490630767
4,2.75,1960,4635,1.0,0,7,1000,960,1968,0,47.5693,-122.285,13.262125319779487
4,2.75,1590,6000,1.5,0,8,1590,0,1925,0,47.6401,-122.299,13.876135179780709
4,2.5,2850,37522,2.0,0,9,2850,0,1987,0,47.5852,-121.992,13.37700559577791
4,3.75,3890,22000,2.0,0,10,3890,0,2007,0,47.5052,-121.906,13.652991628466498
3,2.0,1470,8000,1.0,0,8,1470,0,1974,0,47.3191,-122.385,12.409013489526863
2,1.75,1550,9230,1.0,0,6,970,580,1969,0,47.4701,-121.744,12.765402678355779
3,2.25,1710,21485,2.0,0,7,1710,0,1989,0,47.6198,-122.053,13.085699393032737
3,1.75,1170,8740,1.0,0,7,1170,0,1968,0,47.6849,-122.117,12.994530005894443
3,2.5,1860,11122,2.0,0,8,1860,0,1994,0,47.5062,-122.151,12.969212197910155
4,2.5,1910,7172,2.0,0,8,1910,0,1993,0,47.7615,-122.309,13.11935886838403
3,2.75,1980,3128,2.0,0,9,1980,0,1979,0,47.6109,-122.114,13.102160670086809
5,1.75,1710,11900,1.0,0,7,1070,640,1958,0,47.506,-122.365,12.675920012567607
4,2.5,2100,6783,2.0,0,8,2100,0,2003,0,47.3504,-122.141,12.621488084491506
3,2.5,3380,9528,2.0,0,10,3380,0,1994,0,47.5275,-122.148,13.529160930746272
3,2.5,1850,8770,2.0,0,8,1850,0,1996,0,47.2091,-122.009,12.542605594594063
4,2.5,2100,4237,2.0,0,8,2100,0,2006,0,47.3901,-122.174,12.500606192931057
5,2.5,2690,5557,2.0,0,7,2690,0,2012,0,47.4914,-122.253,12.538967060803502
3,2.0,1930,15540,1.0,0,8,1260,670,1958,0,47.7675,-122.307,12.793859310432293
4,2.5,1850,7850,2.0,0,8,1850,0,1985,0,47.6914,-122.103,13.199324418540456
3,2.5,2510,12779,1.5,4,10,2510,0,1968,0,47.6982,-122.231,14.48333993053993
3,1.75,1120,7740,1.0,0,6,860,260,1948,0,47.7107,-122.291,12.779873068457553
3,2.25,1450,13439,1.0,0,7,1180,270,1963,0,47.2811,-122.299,12.487485104968359
3,1.0,1060,7473,1.0,0,7,1060,0,1959,0,47.3699,-122.309,11.84939770159144
4,2.25,2420,7927,1.0,0,7,1400,1020,1973,0,47.7583,-122.343,12.89921982609012
3,1.0,1160,8950,1.0,0,7,1160,0,1968,0,47.7499,-122.338,12.594561129431222
3,2.5,1970,4036,2.0,0,7,1970,0,2003,0,47.5335,-121.869,12.976180867226248
3,1.0,970,7275,1.0,0,7,970,0,1970,0,47.4006,-122.188,12.2783933071098
3,1.5,1070,8886,1.0,0,7,1070,0,1984,0,47.3516,-122.166,12.388394202324129
3,1.75,1970,7972,1.0,3,8,1370,600,1976,0,47.4908,-122.225,13.124361380067002
5,1.0,1280,3876,1.5,0,7,1280,0,1923,0,47.6605,-122.324,13.17115354157376
4,2.25,1680,3179,2.0,0,8,1680,0,2002,0,47.3258,-122.186,12.449018824140563
4,1.5,1970,14490,1.5,0,7,1970,0,1963,0,47.4612,-122.069,12.834547962729536
4,3.0,2920,33976,1.0,3,8,1460,1460,1964,0,47.6164,-122.104,13.865252649859087
4,2.75,2650,6717,2.0,0,10,2650,0,2014,0,47.4947,-122.171,13.208541073645382
5,4.0,3460,5400,2.0,0,10,2830,630,2012,0,47.5201,-122.204,13.795307850646754
5,3.75,4470,8088,2.0,0,11,4470,0,2008,0,47.6321,-122.2,14.245343022520732
4,2.5,1850,8310,1.0,0,7,1200,650,1962,0,47.7717,-122.29,12.855790268162783
3,2.5,1710,2300,2.0,0,8,1570,140,2005,0,47.6743,-122.142,13.197470849891134
3,2.0,2500,6733,1.0,0,8,1770,730,1979,0,47.6691,-122.36,13.437174117244362
6,2.75,3500,5150,2.0,0,8,2430,1070,1909,0,47.6842,-122.363,13.670484785914017
4,2.0,2100,8160,1.0,0,7,1200,900,1959,0,47.5145,-122.365,12.553202176625375
5,2.0,1900,5470,1.0,0,7,1180,720,1930,1965,47.6666,-122.303,13.410545324897761
5,3.0,2440,4750,1.0,0,9,1450,990,2006,0,47.5485,-122.302,13.112313041550827
3,3.5,2514,1559,2.0,0,8,2024,490,2007,0,47.7044,-122.209,13.262125319779487
2,1.0,980,5393,1.0,0,6,980,0,1969,0,47.3674,-122.081,11.759785542901755
4,2.5,2420,8404,2.0,0,8,2420,0,2013,0,47.372,-122.13,12.80765263256463
5,1.75,1798,11232,1.0,0,7,1798,0,1967,0,47.3266,-122.291,12.205572520488492
3,1.0,1610,8500,1.5,0,7,1610,0,1959,0,47.3717,-122.297,12.100712129872347
4,1.75,2330,8800,1.0,2,7,1260,1070,1961,0,47.6148,-122.113,13.262125319779487
3,1.75,1510,10450,1.0,0,7,1510,0,1964,0,47.684,-122.113,13.294259106981302
4,1.0,1530,7200,1.5,0,7,1400,130,1948,0,47.5015,-122.262,12.409013489526863
3,1.75,1710,10800,1.0,0,7,1710,0,1958,0,47.7391,-122.241,12.815838217151068
2,1.0,750,4500,1.0,0,6,750,0,1945,0,47.607,-122.297,12.594730635321957
4,2.25,2330,7220,2.0,1,8,1600,730,1988,0,47.7764,-122.386,13.38472764187182
3,1.75,2190,8500,1.0,0,9,2190,0,1957,0,47.64,-122.285,14.26339638195639
2,1.0,1320,4520,1.0,1,6,1320,0,1912,1971,47.5655,-122.394,13.020452460588517
5,1.75,2020,5100,1.5,0,7,1320,700,1911,0,47.6915,-122.345,13.071070083016778
3,1.75,1320,10416,1.0,0,7,1320,0,1996,0,47.3902,-122.208,12.400816722322686
3,1.75,1710,5000,1.0,0,7,1110,600,1944,0,47.6689,-122.37,13.148031124152906
3,2.25,1910,8390,1.0,0,7,1910,0,1979,0,47.73,-122.216,13.182517300224076
3,1.75,1580,7416,1.0,0,7,1150,430,1967,0,47.6056,-122.173,13.304684934198283
5,2.25,2780,10192,2.0,0,9,2780,0,1978,0,47.6134,-122.152,13.62918097977278
4,2.5,2830,10954,2.0,0,8,2830,0,2003,0,47.5396,-121.882,13.251635713108469
2,1.0,880,1753,2.0,0,7,880,0,1945,0,47.6475,-122.397,12.706847933442663
2,1.0,1480,6210,1.0,0,7,1080,400,1950,0,47.774,-122.351,12.7098736543592
3,1.5,1530,7200,1.0,0,8,1530,0,1975,0,47.7691,-122.297,12.836013750186327
3,2.25,1750,15528,1.0,0,8,1270,480,1963,0,47.7739,-122.274,12.853175887588712
4,2.5,3010,9000,2.0,0,8,3010,0,2008,0,47.4987,-122.147,13.180632285528304
4,2.0,1530,5250,1.0,0,7,1110,420,1981,0,47.7336,-122.339,12.852652190273785
3,2.0,2360,118483,1.0,0,8,2360,0,1981,0,47.5595,-121.867,13.286181462633724
2,2.0,2260,9604,1.0,0,9,2260,0,1990,0,47.7718,-122.208,13.219490088135052
3,2.5,2160,7500,1.0,1,7,1430,730,1979,0,47.6188,-122.064,13.185338176565716
3,3.25,4610,81935,2.0,0,9,4610,0,1984,0,47.6217,-122.021,13.527828485512494
5,2.5,2760,6000,2.0,0,8,2760,0,2006,0,47.5289,-122.321,12.611537753638338
4,2.5,2980,4930,2.0,0,9,2890,90,2000,0,47.5445,-122.12,13.527828485512494
4,1.0,1200,7552,1.0,0,6,1060,140,1919,0,47.5317,-122.37,12.425208175446844
3,2.25,2180,9865,1.0,0,8,1660,520,1966,0,47.5358,-122.235,13.721199878493033
3,2.5,1660,3990,2.0,0,7,1660,0,2009,0,47.5298,-122.268,12.690040815126281
5,2.5,3150,5150,2.0,0,8,1870,1280,1907,2004,47.5506,-122.269,13.327750207129279
4,3.5,3380,8098,1.0,1,9,1690,1690,1952,0,47.6839,-122.19,13.664687668229691
3,1.5,1200,3060,1.0,0,7,1060,140,1910,0,47.679,-122.315,13.081541382884074
3,1.0,1130,7200,1.5,0,6,1130,0,1942,0,47.7298,-122.355,12.66349749256905
4,2.5,2020,4350,2.0,0,9,1730,290,1943,0,47.6503,-122.41,13.673946993642486
4,2.5,1830,4694,2.0,0,7,1830,0,2003,0,47.3573,-122.016,12.762827201184564
4,2.25,2420,10200,2.0,0,9,2420,0,1973,0,47.5336,-122.225,13.813508555293602
3,1.75,2330,12141,1.0,0,7,1390,940,1983,0,47.7607,-122.146,13.190022025878143
3,1.75,2000,12669,1.0,3,7,1200,800,1965,0,47.3579,-122.446,12.813117127036707
3,2.5,3110,11727,2.0,2,9,3110,0,2002,0,47.5445,-121.871,13.458835614025542
4,2.5,2230,26989,1.0,1,8,1400,830,1962,0,47.4285,-122.345,13.122363377404328
4,3.0,2120,3600,2.0,3,8,1830,290,1908,1996,47.6344,-122.369,14.093142294562554
3,2.25,2680,10440,1.0,1,8,1540,1140,1963,0,47.561,-122.398,13.488394416267086
3,3.25,2610,16387,2.0,4,9,2610,0,2006,0,47.7175,-122.278,14.508657738524219
2,1.0,1100,6000,1.5,0,6,1100,0,1900,0,47.5275,-122.323,12.254862809699606
3,1.5,2240,7227,2.0,1,9,1440,800,1977,0,47.6208,-122.093,13.458835614025542
3,1.75,1770,7508,1.0,0,7,1270,500,1962,0,47.7354,-122.343,13.102160670086809
4,2.0,1820,9350,1.0,0,8,1820,0,1967,0,47.6288,-122.098,13.161391764371807
4,1.75,3100,21303,1.0,1,9,3100,0,1962,0,47.5847,-122.081,13.764217263576723
3,1.5,1150,13200,1.0,0,7,1150,0,1956,0,47.4752,-122.345,12.437184366493561
1,1.0,720,7140,1.0,0,6,720,0,1930,0,47.5119,-122.339,12.205572520488492
4,2.5,5760,32033,2.0,4,12,4390,1370,1994,0,47.7288,-122.37,14.873474448154575
3,1.75,1830,27468,1.0,0,7,1830,0,1954,0,47.7754,-122.233,12.894207284266574
3,2.75,2830,3496,2.0,0,8,2830,0,2012,0,47.5606,-122.011,13.419500608626866
4,1.75,1700,14756,1.0,0,7,850,850,1955,0,47.5762,-122.143,12.711383088608054
3,1.5,1240,7735,1.0,0,7,1240,0,1957,0,47.601,-122.122,13.16733674304706
3,1.0,1150,6480,1.5,0,5,1150,0,1946,0,47.2642,-122.258,12.052338545588132
2,1.0,670,7312,1.0,0,5,670,0,1942,0,47.7145,-122.285,12.759957758756611
2,1.0,1340,7788,1.0,2,7,1340,0,1947,0,47.5094,-122.244,12.611537753638338
4,2.5,3040,35201,2.0,0,10,3040,0,1987,0,47.4872,-122.066,13.493926933836812
4,3.25,4240,25639,2.0,3,10,3550,690,1989,0,47.3241,-122.378,13.345506928718539
1,1.0,550,16345,1.0,0,4,550,0,1945,0,47.5181,-122.339,12.144197241812087
3,2.75,3230,5250,2.0,0,9,2680,550,2014,0,47.5196,-121.878,13.291219683244712
4,2.75,3160,8097,2.0,0,9,3160,0,2014,0,47.6709,-122.166,13.664687668229691
6,2.75,3240,5750,1.0,0,6,2160,1080,1950,0,47.3054,-122.221,12.821258284620408
3,1.5,1510,344124,1.0,2,7,1510,0,1964,0,47.2156,-122.029,12.697715449879391
4,1.5,1280,7400,1.0,0,7,1280,0,1958,0,47.6023,-122.123,12.814206451763162
4,1.75,2090,7416,1.0,0,7,1050,1040,1970,0,47.4107,-122.179,12.577463773304586
3,2.0,1230,11502,1.0,0,7,1230,0,1984,0,47.7017,-122.127,13.071070083016778
5,3.0,2360,5000,1.0,0,7,1390,970,2008,0,47.6931,-122.33,13.131521315189094
3,1.0,1200,15960,1.5,0,6,1200,0,1945,0,47.7163,-122.299,12.895462777212407
5,1.75,2110,8500,1.0,0,7,1100,1010,1962,0,47.7737,-122.35,13.114331205707064
4,3.25,2950,4161,2.0,0,10,2210,740,2014,0,47.5297,-122.073,13.640804727766358
4,2.25,3490,6906,2.0,0,10,2280,1210,1928,0,47.6424,-122.407,14.018451401960965
2,1.0,1160,8504,1.0,0,7,1160,0,1949,0,47.7364,-122.295,12.751299696013497
3,1.75,2370,6360,1.0,3,7,1280,1090,1954,0,47.5039,-122.24,12.86099861326992
3,1.0,1510,17040,1.0,0,6,1510,0,1975,0,47.2649,-122.285,12.128111104060462
4,2.25,1960,10275,2.0,0,7,1960,0,1965,0,47.6887,-122.124,13.102160670086809
3,2.5,2390,8000,2.0,0,8,2390,0,1995,0,47.3895,-122.154,12.802158113246987
4,1.75,1730,9520,1.0,0,7,1730,0,1971,0,47.4756,-122.157,12.676076274775909
3,2.5,1610,5024,2.0,0,7,1610,0,2004,0,47.3833,-122.043,12.589632918250288
3,2.5,1990,20466,1.5,0,8,1410,580,1987,0,47.3259,-121.896,12.751299696013497
4,2.5,2095,4400,1.5,0,8,1295,800,1910,0,47.5838,-122.39,13.474427708785377
4,3.5,5050,9520,2.0,0,11,3610,1440,2007,0,47.6364,-122.209,14.657077743642493
3,1.75,1540,1044,3.0,0,8,1540,0,2014,0,47.6765,-122.32,13.215853720491667
3,3.0,3270,38088,2.0,0,10,3270,0,1992,0,47.6692,-122.028,13.547631112808673
5,3.0,2110,10766,2.0,0,7,2110,0,2005,0,47.3599,-122.176,12.66032791780777
4,2.0,1690,35346,1.0,0,7,1690,0,1967,0,47.6149,-122.124,13.32530422140102
4,3.75,4490,7623,2.0,0,10,3090,1400,1941,0,47.6315,-122.29,14.354923638582177
3,2.25,2280,5750,1.0,1,7,1150,1130,1985,0,47.5641,-122.393,13.071070083016778
5,2.25,2450,9432,2.0,0,8,2450,0,1973,0,47.4519,-122.13,12.793720411897448
5,1.5,1930,7480,2.0,0,7,1930,0,1966,0,47.4503,-122.157,12.506177237980511
3,1.75,1800,10200,1.0,0,8,1800,0,1967,0,47.4496,-122.146,13.00019574343012
4,2.5,3030,8507,2.0,0,9,3030,0,2003,0,47.6675,-122.176,13.71236979904476
4,1.75,2320,5490,1.0,3,8,1160,1160,1956,0,47.5091,-122.241,12.938680894971032
3,1.0,1600,1950,2.0,0,7,1600,0,1906,0,47.6028,-122.312,12.618182296357007
3,2.0,1770,7000,1.0,0,7,1770,0,1986,0,47.3321,-122.261,12.392552212472792
3,1.0,1550,12670,1.0,0,7,1550,0,1962,0,47.5024,-122.169,12.388394202324129
3,2.0,1410,10625,1.0,0,7,1410,0,1980,0,47.3649,-122.117,12.345834587905333
2,1.75,1850,2530,2.5,0,7,1850,0,1903,0,47.6106,-122.31,13.112313041550827
5,2.5,2880,9000,1.0,0,8,1440,1440,1966,0,47.5456,-122.179,13.235692062711331
3,2.25,1860,12000,1.0,0,7,1860,0,1976,0,47.2942,-122.19,12.496874845318198
4,2.25,2360,7490,2.0,0,8,2360,0,1979,0,47.6988,-122.169,13.265597545490236
3,1.75,1450,7620,1.0,0,7,1050,400,1955,0,47.4569,-122.354,12.611537753638338
5,3.0,1880,5000,1.0,0,7,1100,780,1997,0,47.5453,-122.363,12.644327576461329
3,2.25,1450,19206,2.0,0,7,1450,0,1989,0,47.62,-122.052,12.92391243868049
4,1.0,1970,4740,1.5,0,7,1670,300,1904,2005,47.6136,-122.303,12.92391243868049
3,2.5,1870,5333,2.0,0,8,1870,0,2012,0,47.7447,-121.984,12.840000466430148
3,2.5,2080,9612,1.0,3,8,1700,380,1940,0,47.7293,-122.283,13.442996549995796
2,1.0,720,4592,1.0,0,6,720,0,1943,0,47.6534,-122.404,12.945626198904275
5,2.75,3240,6863,2.0,0,10,3240,0,2013,0,47.5033,-122.193,13.486937044136416
3,2.5,2310,4930,2.0,0,8,2310,0,1989,0,47.4512,-122.208,12.886641043883259
2,1.0,840,4200,1.0,0,5,840,0,1938,0,47.5292,-122.316,12.247296159430732
3,3.25,1460,1367,3.0,0,8,1460,0,2008,0,47.6485,-122.334,13.308012724290958
3,2.5,1852,4000,2.0,0,7,1852,0,2014,0,47.3451,-122.209,12.60786434827203
4,2.5,3480,6262,2.0,0,9,3480,0,2003,0,47.6857,-122.045,13.602317337503232
3,1.5,1510,8000,1.0,0,7,1510,0,1956,0,47.5865,-122.135,13.060487973686241
4,2.5,3340,6924,2.0,0,8,3340,0,2009,0,47.495,-122.149,13.263862939678027
4,2.0,1490,5300,1.0,0,7,1110,380,1977,0,47.5949,-122.296,12.959844447906553
2,2.0,1340,1635,2.0,0,8,1340,0,2003,0,47.5476,-122.005,12.837344422372032
3,1.5,1460,6480,1.0,2,7,980,480,1940,0,47.6962,-122.397,13.422467969854667
3,2.5,3290,90796,2.0,0,10,3290,0,1992,0,47.3154,-122.079,13.437174117244362
3,1.0,1250,10200,1.0,0,6,1250,0,1965,0,47.4902,-122.256,12.323855681186558
3,2.0,1760,9732,1.0,0,7,1760,0,1996,0,47.1923,-122.014,12.660169175050076
3,2.0,1340,1951,1.0,0,6,670,670,1915,0,47.5763,-122.309,12.721885810807203
4,3.0,2200,10800,1.0,0,6,2200,0,1960,0,47.4476,-122.169,12.611537753638338
5,3.0,2630,3149,2.0,0,8,1670,960,2013,0,47.5065,-122.171,12.948009990259552
4,2.5,2301,6452,2.0,0,9,2301,0,2010,0,47.346,-122.269,12.836013750186327
4,2.5,3056,11385,2.0,0,9,3056,0,2014,0,47.2905,-122.264,13.169676260454946
4,2.5,2350,8906,2.0,0,7,2350,0,1993,0,47.4205,-122.215,12.594730635321957
3,1.0,1060,7350,1.0,0,7,1060,0,1959,0,47.3809,-122.287,12.111761966058932
3,1.75,1740,8800,1.0,0,7,1140,600,1978,0,47.2968,-122.372,12.449018824140563
3,1.0,1060,4880,1.0,0,6,910,150,1913,0,47.5545,-122.288,13.228073831826443
4,2.25,2330,14190,1.0,0,8,1740,590,1962,0,47.718,-122.242,13.081541382884074
4,1.5,2700,14760,1.5,0,9,2700,0,1940,0,47.1996,-122.003,12.936033799212835
5,2.5,2590,7084,2.0,0,8,2590,0,2014,0,47.7053,-122.113,13.566254010792813
4,2.5,2640,8625,2.0,0,8,2640,0,1987,0,47.4598,-122.15,12.971307902484373
2,1.0,1520,4700,2.0,0,7,1520,0,1978,0,47.3187,-122.182,12.254862809699606
3,2.5,2680,17707,2.0,1,9,2680,0,1983,0,47.7031,-122.224,13.318086398742544
3,2.25,1590,9960,1.0,0,7,1060,530,1976,0,47.7742,-122.287,12.983043837154916
4,2.0,1540,17859,1.0,0,6,1540,0,1964,0,47.5326,-122.032,13.16062208952142
3,2.5,2340,35021,1.0,0,9,2340,0,1986,0,47.3988,-122.028,13.17115354157376
4,3.0,3330,6990,1.5,3,9,2330,1000,1928,0,47.5886,-122.287,14.03062193758122
3,2.5,2460,10300,1.0,0,10,2460,0,1992,0,47.6999,-122.391,13.81049801614073
4,2.25,2190,15491,2.0,0,8,2190,0,1981,0,47.6299,-122.039,13.169246963303179
4,2.5,2860,6600,2.0,0,9,2860,0,2000,0,47.6067,-122.017,13.4097954186009
4,2.25,1870,5371,2.0,0,7,1870,0,2009,0,47.3844,-122.036,12.587927887999204
2,1.0,1080,6052,1.0,0,6,1080,0,1908,0,47.3857,-122.215,11.84939770159144
4,2.5,2160,10987,1.0,0,8,1440,720,1981,2003,47.6333,-122.034,13.226723392728571
3,3.0,1850,5000,1.5,0,6,1850,0,1900,0,47.6711,-122.386,13.790192749979985
5,3.25,5790,12739,2.0,3,10,4430,1360,2014,0,47.538,-122.114,14.375126345899696
4,2.25,2070,7350,2.0,0,8,2070,0,1977,0,47.3615,-122.274,12.545850128088663
3,2.0,1340,2550,2.0,0,7,1340,0,1984,0,47.6793,-122.38,13.112313041550827
4,1.0,1150,5217,1.5,0,7,1150,0,1951,0,47.6806,-122.287,13.10011776845701
3,2.25,1590,929,2.0,0,9,1060,530,2014,0,47.6172,-122.31,13.407542319637992
2,1.0,910,4662,1.0,0,6,910,0,1942,0,47.5232,-122.354,12.542544882151386
4,2.5,1890,5954,2.0,0,7,1890,0,2004,0,47.3293,-122.194,12.606525211814795
4,3.5,5370,323215,2.0,0,10,5370,0,2002,0,47.6003,-122.076,14.26339638195639
4,3.0,2360,6678,1.0,0,8,1760,600,1949,0,47.6919,-122.313,13.217673557208654
2,2.25,1390,1222,3.0,0,7,1340,50,2009,0,47.6754,-122.121,13.049792684569493
3,2.5,1620,79993,1.0,2,6,1620,0,1960,0,47.2138,-121.982,12.608198852372823
4,2.5,3710,7491,2.0,0,9,3710,0,2003,0,47.5596,-122.016,13.648806412065396
3,2.5,3400,38400,1.0,4,8,1870,1530,1955,2015,47.7611,-122.372,13.623138665316818
2,1.0,1180,5100,1.5,0,7,1180,0,1926,0,47.6947,-122.346,13.011431816697048
2,1.0,1440,43560,1.0,0,7,1150,290,1965,0,47.4916,-122.082,12.450977688625896
5,2.75,2220,4000,1.0,0,7,1230,990,1973,0,47.5754,-122.305,12.96453929221076
3,1.75,1590,1322,2.0,0,8,1060,530,2014,0,47.5753,-122.294,13.049792684569493
3,1.5,1790,6000,1.5,0,7,1790,0,1903,0,47.6754,-122.325,13.493926933836812
3,2.0,1200,7320,1.0,0,7,1200,0,1955,0,47.6986,-122.286,13.038981768465277
3,3.0,3730,383328,1.5,0,9,2230,1500,1990,0,47.4257,-122.03,13.383958115092792
4,1.75,2520,15205,1.0,0,7,2040,480,1954,0,47.7642,-122.264,12.868363632600397
3,1.75,1290,8688,1.0,0,7,1290,0,1980,0,47.3655,-122.08,12.278142112772446
2,1.0,1270,8164,1.0,0,6,1270,0,1941,0,47.7116,-122.311,12.873902018105829
4,2.5,2440,5350,2.0,0,7,2440,0,2003,0,47.4891,-122.149,12.983101310070822
6,3.0,2400,9373,2.0,0,7,2400,0,1991,0,47.3262,-122.214,12.611537753638338
3,2.0,3190,207346,2.0,0,9,3190,0,1994,0,47.2737,-122.015,13.279367126213993
4,2.75,2500,20000,1.0,0,8,1700,800,1969,0,47.5901,-122.198,13.764217263576723
4,3.25,4360,91158,1.0,0,10,3360,1000,1993,0,47.6398,-121.985,13.58625712930572
3,1.75,1670,7210,1.0,0,8,1670,0,1967,0,47.6344,-122.116,13.426902566922532
3,2.5,1540,7120,1.0,0,7,770,770,1938,2013,47.3729,-122.037,13.091904169919621
4,2.25,2760,5200,2.0,0,7,1790,970,1910,2003,47.589,-122.313,13.304684934198283
5,2.75,2870,5349,2.0,0,9,2870,0,2005,0,47.5405,-122.187,13.445460855077064
5,2.5,2950,72309,2.0,0,8,2950,0,2006,0,47.4186,-122.079,13.303016877097587
3,1.75,1670,9600,1.0,0,8,1670,0,1961,0,47.5754,-122.233,13.573438996764546
3,1.0,1580,3774,1.5,0,6,1580,0,1900,0,47.6839,-122.361,13.049792684569493
3,1.0,1360,3880,1.0,0,7,1060,300,1963,0,47.6837,-122.391,13.053977464537864
3,2.5,1890,6088,2.0,0,7,1890,0,1996,0,47.2886,-122.218,12.487485104968359
3,3.25,1540,1428,3.0,0,9,1540,0,2013,0,47.6648,-122.353,13.444446876573442
4,2.75,2150,9820,1.0,0,8,1220,930,1979,0,47.7758,-122.2,13.060487973686241
4,2.75,2730,4268,2.0,1,9,2730,0,2009,0,47.6397,-122.395,13.715690222682063
4,2.5,2370,10513,2.0,0,8,2370,0,1987,0,47.6915,-122.099,13.441689455190572
3,1.75,1990,5560,1.0,0,7,1100,890,1939,0,47.664,-122.287,13.545145673721107
4,5.0,6055,21630,1.0,3,12,3555,2500,1996,0,47.5524,-122.112,14.380824367014334
4,3.5,2550,8698,2.0,0,7,2550,0,2007,0,47.5216,-121.869,13.1538620444637
3,2.0,2000,7000,2.0,0,7,2000,0,1916,1986,47.5452,-122.393,13.237476184504834
3,2.5,2280,7417,2.0,0,8,2280,0,1998,0,47.3557,-122.278,12.676076274775909
3,2.0,1360,3120,2.0,0,7,1360,0,1989,0,47.6943,-122.307,12.891439638771157
4,2.5,2480,4602,2.0,0,9,2480,0,2000,0,47.6835,-122.161,13.641157170819497
2,1.0,860,12160,1.0,0,6,860,0,1921,0,47.5267,-122.361,12.644327576461329
2,1.0,910,7200,1.0,1,7,830,80,1936,0,47.5145,-122.39,13.005829561148378
4,2.5,2230,10414,1.0,0,7,1450,780,1974,0,47.5816,-122.0,13.207623221355153
3,3.0,1970,24318,1.0,0,8,1970,0,2010,0,47.7651,-122.246,13.005829561148378
4,2.5,2250,6840,2.0,0,9,2250,0,1987,0,47.4398,-122.151,12.886641043883259
3,1.5,1360,10726,1.0,0,7,1360,0,1966,0,47.4948,-122.134,12.821258284620408
5,3.5,2815,5619,2.0,0,9,2815,0,2012,0,47.4299,-122.207,13.076319438902923
2,1.5,1010,7719,2.0,0,7,1010,0,1981,0,47.5128,-122.189,12.634238139159114
3,1.75,1790,6980,1.0,0,7,1330,460,1980,0,47.7311,-122.226,12.904704756320688
3,1.5,960,4600,1.0,0,6,960,0,1944,0,47.6937,-122.213,13.122363377404328
3,1.75,2150,8925,1.0,0,7,2150,0,1960,0,47.6253,-122.119,12.988603387224805
4,2.5,2050,9015,2.0,0,7,2050,0,1973,0,47.4357,-122.168,12.577636201962656
4,3.0,1900,7194,2.0,0,7,1900,0,1988,0,47.3768,-122.117,12.560244459250788
3,2.5,1790,4065,2.0,0,8,1790,0,2009,0,47.7344,-121.965,12.810388612383504
4,1.0,1500,11050,1.0,0,7,1500,0,1964,0,47.4509,-122.088,12.45273739188573
4,2.25,1990,5948,2.0,0,8,1990,0,1991,0,47.5712,-121.995,13.19188944005294
3,1.0,920,4429,1.0,0,7,920,0,1952,0,47.5369,-122.291,12.429216196844383
3,3.5,3600,37982,2.0,0,8,3600,0,1996,0,47.6982,-121.917,13.399995114002609
4,2.5,2340,5600,2.0,0,7,2340,0,1921,2013,47.5117,-122.379,13.190022025878143
4,2.25,2390,40510,1.0,0,8,2390,0,1969,0,47.7566,-122.113,13.208541073645382
3,2.5,1970,8426,2.0,0,8,1970,0,1992,0,47.2674,-122.306,12.542544882151386
4,1.0,1860,4736,1.5,0,7,1860,0,1901,0,47.6251,-122.3,12.96453929221076
3,2.75,1960,13252,1.0,0,8,1240,720,1975,0,47.5582,-122.139,13.217673557208654
6,4.25,5550,11547,2.0,2,11,4270,1280,2014,0,47.6547,-122.202,14.669925886120343
3,2.5,2979,17313,2.0,2,11,2979,0,1993,0,47.5503,-122.118,13.723395269056468
4,2.5,2020,32710,1.0,0,7,1070,950,1941,0,47.4969,-122.33,12.736700896592344
3,2.25,1940,9100,1.0,0,8,1630,310,1966,0,47.3133,-122.364,12.608198852372823
4,2.5,3000,5548,2.0,0,9,3000,0,2006,0,47.5399,-122.188,13.422467969854667
4,2.5,2080,7000,1.0,0,8,1400,680,1989,0,47.4252,-122.163,12.706847933442663
4,1.0,1760,7216,1.0,0,7,1090,670,1947,0,47.7041,-122.355,12.971424201839042
3,1.75,1680,4800,1.0,0,7,1400,280,1960,0,47.5535,-122.377,13.217673557208654
4,2.5,2940,10382,2.0,0,9,2940,0,1991,0,47.5333,-122.151,13.530491602931978
3,2.5,2540,7680,2.0,1,9,2540,0,1940,2001,47.7175,-122.364,13.422467969854667
3,1.75,2180,10230,1.0,0,7,1090,1090,1961,0,47.5158,-122.281,12.691580461311874
3,2.5,1850,4957,2.0,0,8,1850,0,1999,0,47.3311,-122.17,12.621488084491506
3,1.0,1040,4480,1.0,0,7,870,170,1924,0,47.6461,-122.356,13.372343582672098
4,2.5,3670,315374,2.0,0,9,3670,0,1994,0,47.7421,-122.026,13.733758056092014
4,3.25,4100,241322,2.0,0,9,2500,1600,1981,0,47.7302,-122.096,13.560618308335483
4,1.5,1440,3200,1.0,1,7,960,480,1960,0,47.5269,-122.383,13.287029998959563
2,1.0,1880,7560,1.0,0,6,940,940,1919,0,47.5261,-122.374,12.542544882151386
4,1.0,1660,10656,1.5,0,7,1180,480,1920,0,47.5391,-122.385,13.190022025878143
5,3.0,2830,8854,1.0,0,8,1500,1330,1979,0,47.5743,-122.209,13.670484785914017
3,2.25,1460,7210,1.0,0,7,1460,0,1963,0,47.6316,-122.119,13.132313708257497
3,1.5,1430,5200,1.0,0,7,1030,400,1977,0,47.3644,-122.094,12.180754837545884
3,2.5,1530,1131,3.0,0,8,1530,0,2009,0,47.6993,-122.346,12.834681304952548
3,2.25,2680,175982,1.0,0,9,2680,0,2004,0,47.4487,-122.033,13.36138027787483
4,2.25,1570,499571,1.0,3,7,1570,0,1972,0,47.1808,-122.023,12.765688433465597
3,2.5,2200,34680,2.0,0,9,2200,0,1985,0,47.3139,-122.116,12.957488734214095
4,2.0,2130,8400,1.0,0,7,1350,780,1962,0,47.4133,-122.209,12.429216196844383
3,1.0,1170,3330,2.0,0,6,1170,0,1969,0,47.3155,-122.182,12.170186366965766
4,2.25,3530,5500,2.0,0,8,2860,670,1940,0,47.6618,-122.273,14.319311566793301
4,2.5,2410,6440,1.0,0,8,1550,860,1974,0,47.7153,-122.191,13.16158409055761
4,2.75,2700,5150,2.0,0,9,2700,0,2009,0,47.5209,-121.874,13.151922179645874
4,2.5,2880,35610,1.0,0,10,2880,0,1989,0,47.6911,-122.054,13.64709190633931
5,3.0,3690,49709,1.0,2,9,2690,1000,1960,0,47.3908,-122.32,13.262125319779487
5,2.75,3250,8100,2.0,0,8,3250,0,2014,0,47.7133,-122.311,13.484224848030362
4,2.25,1830,7614,2.0,0,7,1830,0,1991,0,47.3682,-122.179,12.388394202324129
3,1.75,1810,34500,1.0,0,8,1230,580,1980,0,47.3707,-122.275,12.609869696537642
3,2.25,1370,6000,2.0,0,7,1370,0,1992,0,47.3484,-122.033,12.567237494741757
3,2.0,2080,11375,1.0,0,8,2080,0,2002,0,47.214,-121.993,12.744026936684417
3,1.75,2700,18246,1.0,0,7,1510,1190,1967,0,47.4817,-122.097,12.850554654108839
4,2.5,2060,8451,2.0,0,8,2060,0,1995,0,47.7168,-122.333,13.204864598916073
4,1.75,2710,11400,1.0,0,9,1430,1280,1976,0,47.561,-122.153,13.737549016494562
4,2.0,2410,4680,2.0,0,9,2410,0,1974,0,47.6234,-122.113,13.060487973686241
3,3.5,2130,6150,2.0,2,8,1530,600,1908,0,47.6491,-122.405,13.615839362835207
4,1.75,1370,9993,1.0,0,6,1370,0,1918,0,47.7572,-122.228,12.691580461311874
5,2.75,2970,36817,2.0,0,8,2970,0,1978,0,47.7731,-122.139,13.457406021215947
3,1.75,1190,14777,1.0,0,7,1190,0,1965,0,47.2933,-122.377,12.180754837545884
4,3.25,2800,5291,2.0,0,7,2800,0,2011,0,47.1937,-121.977,12.691580461311874
3,2.5,1320,1310,3.0,0,8,1320,0,2006,0,47.6719,-122.38,13.071070083016778
4,3.75,3610,7904,3.0,0,11,3290,320,1994,0,47.6992,-122.385,13.62918700385102
2,1.5,1160,1848,2.0,0,7,1160,0,1972,0,47.7366,-122.176,12.345617172968069
4,3.5,3380,11270,2.0,1,9,2160,1220,2007,0,47.6124,-122.06,13.670484785914017
4,2.75,4070,115434,2.0,0,9,4070,0,2002,0,47.4843,-121.752,13.64709190633931
4,1.75,1310,9690,1.0,0,7,1310,0,1967,0,47.7559,-122.226,12.685407602204794
4,2.5,2610,7091,2.0,0,9,2610,0,1987,0,47.3017,-122.349,12.691580461311874
3,2.5,2680,5497,2.0,0,9,2680,0,2001,0,47.7043,-122.128,13.457406021215947
3,1.0,1280,3870,1.0,0,7,640,640,1945,0,47.6163,-122.294,12.793859310432293
4,2.5,2260,6086,2.0,0,8,2260,0,1999,0,47.3642,-122.174,12.736553826954605
4,1.75,1700,7800,1.0,0,7,1120,580,1981,0,47.4801,-122.158,12.762827201184564
4,2.5,2080,11176,1.0,0,8,2080,0,1954,0,47.7107,-122.289,13.36138027787483
3,2.5,1760,8584,1.5,0,7,1760,0,1937,0,47.4612,-122.325,12.577463773304586
3,2.5,3090,7708,2.0,0,10,3090,0,1999,0,47.6868,-122.108,13.620103761621664
3,1.0,1160,8320,1.0,0,7,1160,0,1959,0,47.3831,-122.288,12.213544660368875
3,1.75,1550,7820,1.0,0,7,1210,340,1981,0,47.717,-122.163,12.994530005894443
3,1.75,1600,4888,1.0,0,6,1600,0,2014,0,47.383,-122.097,12.388185847286392
4,3.75,3790,7200,2.0,0,10,2530,1260,1931,0,47.6264,-122.289,14.603967918328545
4,1.75,2230,9625,1.0,4,8,1180,1050,1955,0,47.508,-122.244,12.936033799212835
5,4.25,5040,9466,2.0,0,11,5040,0,2004,0,47.5282,-122.133,14.065490763232043
3,2.75,2540,4694,2.0,0,9,2540,0,2005,0,47.6214,-122.024,13.45166712454693
4,2.5,2650,6240,2.0,0,8,2650,0,2013,0,47.6885,-122.021,13.461688683007948
3,1.75,1470,27000,1.0,0,7,1470,0,1958,0,47.3943,-122.311,12.6112043647371
2,1.0,790,8250,1.0,0,6,790,0,1947,0,47.4523,-122.286,11.608235644774552
3,1.75,1560,7500,1.0,0,8,1560,0,1966,0,47.489,-122.18,12.631340380934517
5,2.25,2500,8621,1.5,0,7,2500,0,1968,0,47.7379,-122.185,13.17115354157376
3,1.75,1430,9857,1.0,2,7,1140,290,1980,0,47.4964,-121.771,12.873902018105829
5,2.75,2910,16410,1.5,0,8,2910,0,1967,0,47.44,-122.145,12.92391243868049
4,2.25,3040,5000,2.0,3,9,2080,960,1926,0,47.6565,-122.278,14.366517971363097
4,5.0,4550,18641,1.0,4,10,2600,1950,2002,0,47.6053,-122.077,14.938815459222756
3,1.75,1840,7200,1.0,0,7,1220,620,1968,0,47.456,-122.209,12.614865543731012
3,1.0,1200,9527,1.0,0,7,1200,0,1959,0,47.5112,-122.316,11.918390573078392
3,1.0,1230,6000,1.0,0,7,1230,0,1967,0,47.3256,-122.209,12.343658308482738
3,2.25,2010,10760,2.0,0,8,2010,0,1985,0,47.7276,-122.103,13.312983737012978
2,1.0,1000,6500,1.0,0,7,1000,0,1918,0,47.5474,-122.388,12.973863369085885
3,1.5,1280,5525,1.0,0,7,1280,0,1962,0,47.7339,-122.336,12.74388094062605
4,2.5,3402,14355,2.0,0,10,2846,556,2014,0,47.3009,-122.385,13.11835535600679
2,1.75,1679,577605,2.0,0,9,1679,0,2001,0,47.463,-122.475,13.458835614025542
4,3.5,3320,19850,1.0,2,10,2040,1280,1977,0,47.527,-122.228,13.840203170554645
3,1.5,1190,8100,1.0,0,7,830,360,1947,0,47.7146,-122.311,12.959844447906553
4,2.5,2980,12534,2.0,0,9,2980,0,1996,0,47.3999,-122.211,13.151922179645874
2,1.75,1510,5319,2.0,0,8,1510,0,1978,0,47.6647,-122.13,12.915339207970002
4,1.5,2480,6000,1.0,0,8,1520,960,1955,0,47.5233,-122.386,13.269057756555132
3,2.75,2340,12282,1.0,2,8,1470,870,1978,0,47.7379,-122.289,12.611537753638338
3,2.5,1850,1330,2.5,0,9,1560,290,2004,0,47.6831,-122.325,13.625559974005828
2,1.0,720,3255,1.0,0,6,720,0,1905,0,47.6823,-122.348,12.90669184092882
3,1.0,1010,9514,1.0,0,7,1010,0,1969,0,47.4936,-122.105,12.506177237980511
3,3.25,2770,6278,2.0,0,9,1980,790,2006,0,47.5228,-122.199,13.041153321978786
3,1.5,1780,10196,1.0,0,7,1270,510,1967,0,47.3375,-122.291,12.487485104968359
3,1.0,1290,12005,1.0,0,7,1290,0,1966,0,47.6835,-122.199,13.396960210307455
3,1.75,1730,7416,1.5,0,7,1730,0,1954,0,47.76,-122.349,12.779873068457553
3,1.75,1200,4500,1.0,0,7,1200,0,1906,0,47.5553,-122.316,12.971540487669746
3,2.0,2870,95396,1.0,0,9,1350,1520,1980,0,47.4834,-122.001,13.235692062711331
4,2.25,2130,5337,2.0,0,7,2130,0,2001,0,47.7237,-121.959,12.871334622600584
3,1.75,2120,9350,1.0,0,7,1280,840,1979,0,47.7562,-122.145,12.966878474563934
3,1.5,1410,8800,1.0,0,7,1410,0,1965,0,47.2927,-122.183,12.33155926557159
4,1.0,1510,7200,1.5,0,7,1510,0,1955,0,47.761,-122.307,12.765688433465597
4,1.75,1690,4080,1.0,0,7,870,820,1984,0,47.572,-122.289,12.86099861326992
3,1.0,1280,5460,1.5,0,7,1280,0,1931,0,47.7321,-122.334,13.001325049027272
3,1.75,1260,3328,1.0,0,6,700,560,1905,0,47.6823,-122.349,13.253391639810733
2,1.0,1400,19570,1.5,0,6,1100,300,1929,0,47.4724,-122.271,12.429216196844383
4,2.5,1940,7607,2.0,0,8,1940,0,1995,0,47.685,-122.158,13.122363377404328
4,2.75,2250,5700,1.0,0,8,1200,1050,1951,0,47.6406,-122.344,13.38237873149439
1,0.75,940,87120,1.0,0,6,940,0,1944,0,47.7182,-121.956,12.429216196844383
4,5.5,6550,217374,1.0,0,11,5400,1150,2006,0,47.4302,-122.095,14.22097566607244
4,2.5,2090,7434,1.0,0,7,1090,1000,1993,0,47.4962,-122.349,12.691580461311874
3,1.5,2140,47743,1.5,0,9,2140,0,1978,0,47.5402,-122.365,13.332219034391603
4,2.5,2310,6650,2.0,2,8,2310,0,2012,0,47.4513,-122.267,12.952760593018148
2,2.25,1800,2748,2.0,0,9,1800,0,1979,0,47.6104,-122.113,13.064734264567692
5,2.5,2100,14395,1.0,0,7,1140,960,1983,0,47.7723,-122.317,12.948009990259552
3,2.5,1720,3600,2.0,0,7,1720,0,2010,0,47.6856,-122.013,12.864576620146545
2,1.5,1170,1079,3.0,0,7,1170,0,2003,0,47.6607,-122.333,13.03789422077788
2,1.5,1068,1452,2.0,0,7,1068,0,1990,0,47.753,-122.244,12.388185847286392
4,3.25,4190,10259,2.0,0,11,3150,1040,2000,0,47.6332,-122.066,13.955272500339433
4,3.5,3500,9525,2.0,0,10,3500,0,1999,0,47.5641,-122.221,14.115615150414612
4,2.5,2820,8408,2.0,0,9,2820,0,2014,0,47.7538,-122.325,13.345506928718539
5,2.75,2500,19783,1.0,3,8,2500,0,1959,0,47.5938,-122.174,13.591116224748411
4,2.5,2400,11640,1.0,0,8,1800,600,1968,0,47.4485,-122.139,13.112313041550827
4,2.5,2807,9430,2.0,0,8,2807,0,1996,0,47.7449,-122.223,13.353475098367715
2,2.25,1640,2128,2.0,0,8,1640,0,1974,0,47.753,-122.252,12.921470435024938
3,2.0,1530,8925,1.0,0,7,1530,0,1977,0,47.736,-122.199,12.82402472476402
5,2.5,3260,24300,1.5,1,8,2310,950,1950,0,47.7587,-122.274,13.534473028231162
3,2.25,1460,941,3.0,0,8,1460,0,2006,0,47.7145,-122.356,12.727838209334498
4,2.25,2180,7297,2.0,0,8,2180,0,1984,0,47.6459,-122.058,13.322442989119986
3,2.5,1270,1062,2.0,0,8,1060,210,2008,0,47.6568,-122.321,12.978493006984626
4,2.0,2970,5400,2.5,0,9,2970,0,1900,0,47.6235,-122.309,14.04662227892766
4,2.5,2750,13950,1.0,3,8,1380,1370,1948,0,47.4938,-122.364,13.493926933836812
4,1.0,1230,8636,1.5,0,6,1230,0,1954,0,47.3231,-122.219,12.183315658407558
6,3.0,3320,15600,1.0,0,8,1660,1660,1977,0,47.2983,-122.166,12.89921982609012
4,2.5,3490,18521,2.0,0,9,3490,0,1990,0,47.7406,-122.07,13.506264307596652
2,1.0,800,6240,1.0,0,6,800,0,1954,0,47.7257,-122.296,12.560244459250788
2,1.0,930,36478,1.0,2,6,930,0,1951,0,47.5699,-122.164,13.422467969854667
2,1.0,1150,9186,1.0,0,7,1150,0,1946,0,47.5081,-122.33,12.691426603322494
4,2.5,2510,3479,2.0,0,8,2510,0,2007,0,47.6981,-122.099,13.437174117244362
2,1.0,790,6555,1.0,0,6,790,0,1956,0,47.5015,-122.35,12.560244459250788
2,1.0,770,8149,1.0,0,6,770,0,1948,0,47.7467,-122.3,12.301382825334498
2,1.0,930,3100,1.0,0,6,930,0,1911,0,47.5943,-122.302,12.873902018105829
3,2.25,1400,6970,2.0,0,8,1400,0,1984,0,47.542,-122.184,12.959844447906553
4,2.25,2170,8050,1.0,0,7,1220,950,1976,0,47.7354,-122.174,13.051940913107783
3,1.75,1260,10488,1.0,0,7,1110,150,1952,0,47.5417,-122.357,12.175613438045465
3,2.25,1610,3764,2.0,0,7,1610,0,2012,0,47.3589,-122.083,12.577636201962656
4,3.5,4560,41636,2.0,0,9,4170,390,1995,0,47.5589,-122.116,13.9108207377686
4,2.5,3270,24750,1.0,0,8,1690,1580,1979,0,47.5221,-122.178,13.235692062711331
4,1.0,1360,13372,1.0,0,7,1360,0,1955,0,47.7622,-122.263,12.706847933442663
4,3.25,3200,7081,2.0,0,9,3200,0,2004,0,47.5886,-121.989,13.468785944878709
4,2.5,2170,19785,2.0,0,8,2170,0,1992,0,47.4034,-122.167,12.736700896592344
7,8.0,13540,307752,3.0,4,12,9410,4130,1999,0,47.6675,-121.986,14.639686000930624
3,2.5,2340,8414,1.0,0,7,1280,1060,1993,0,47.4685,-122.265,12.751299696013497
4,2.5,2240,3712,2.0,0,8,2240,0,2014,0,47.3551,-122.061,12.804881673714029
4,2.25,2640,3000,2.0,0,7,2080,560,1908,0,47.6313,-122.344,14.250534468313983
4,1.75,1680,7800,1.0,0,7,1330,350,1966,0,47.6286,-122.118,13.019222618484815
3,2.25,2330,4000,1.5,2,7,1520,810,1927,0,47.6732,-122.29,13.42984807715229
3,2.75,2270,13590,1.5,0,6,1300,970,1948,0,47.2099,-122.001,12.205822614274965
3,1.75,1440,11787,1.0,0,8,1440,0,1983,0,47.6276,-122.033,13.112313041550827
3,1.75,2130,7140,1.0,0,8,1580,550,1979,0,47.3074,-122.341,12.644327576461329
2,2.5,2830,8630,2.0,0,10,2830,0,2001,0,47.6481,-122.081,13.58609739363647
3,2.5,1260,972,2.0,0,8,840,420,2008,0,47.5872,-122.316,12.775638764318764
3,2.5,2235,43560,1.0,0,7,990,1245,1975,0,47.3326,-122.046,12.727838209334498
4,2.5,2300,7314,1.0,0,8,1420,880,1979,0,47.7671,-122.33,13.049792684569493
4,1.75,2520,11017,1.0,0,7,1320,1200,1956,0,47.7604,-122.356,12.959844447906553
2,1.0,1500,18540,1.0,0,8,1500,0,1950,0,47.4727,-122.281,12.043553716032399
4,1.5,2140,7920,1.0,0,7,1190,950,1959,0,47.5491,-122.272,12.842649474601725
2,1.0,820,6550,1.0,0,7,820,0,1949,2012,47.5478,-122.381,12.821258284620408
4,2.75,2150,16728,1.0,0,8,1240,910,1982,0,47.6915,-122.183,13.316284070041636
3,1.5,1280,16738,1.5,0,5,1280,0,1932,0,47.3895,-122.023,12.538967060803502
4,2.5,1912,5000,2.0,0,8,1912,0,2012,0,47.3511,-122.275,12.774223335915433
3,1.5,1310,9273,1.0,0,7,1310,0,1968,0,47.3683,-122.147,12.310432660854417
4,2.5,2590,6394,2.0,0,8,2590,0,2003,0,47.7599,-122.233,13.186276703147982
3,2.5,2540,5050,2.0,0,7,2540,0,2006,0,47.3358,-122.055,12.611537753638338
2,1.0,1420,81892,1.0,0,7,1180,240,1956,0,47.4342,-122.195,12.793859310432293
3,2.0,1580,6655,1.0,0,6,790,790,1944,0,47.4927,-122.248,12.307486884872146
5,2.5,2510,83231,1.0,0,7,1260,1250,1975,0,47.4576,-121.984,13.142166004700508
3,2.5,1600,6315,2.0,0,8,1600,0,2013,0,47.2611,-122.198,12.567237494741757
4,3.5,2850,4416,1.5,0,7,2040,810,1926,0,47.6835,-122.342,13.681979165339751
2,1.0,770,6017,1.0,0,7,770,0,1950,0,47.7223,-122.321,12.917796211663054
5,2.5,3160,11470,1.0,0,9,1780,1380,1971,0,47.5368,-122.216,13.795307850646754
3,1.75,1400,7920,1.0,0,7,1400,0,1965,0,47.7312,-122.202,12.721885810807203
3,2.75,2710,9204,1.5,4,9,1480,1230,1975,0,47.7039,-122.385,14.17318500223609
4,3.0,3330,4000,1.0,0,8,1790,1540,1958,0,47.6559,-122.344,13.652991628466498
4,2.75,1950,6930,1.0,2,7,1250,700,1960,0,47.616,-122.113,13.339086360915616
5,2.5,3220,5751,2.0,0,8,3220,0,2002,0,47.3717,-122.104,12.66032791780777
4,2.25,1830,9485,1.0,0,7,1200,630,1989,0,47.2995,-122.387,12.371587084007746
3,2.5,2570,5000,2.0,0,11,2570,0,1984,0,47.6295,-122.32,14.204168547756057
6,2.5,3820,53173,1.0,0,9,2040,1780,1974,0,47.5209,-122.052,13.322852238153732
3,3.25,3020,6073,2.0,0,9,3020,0,1954,0,47.6332,-122.29,14.151982794585487
3,2.0,1060,5750,1.0,0,7,1060,0,1981,0,47.5523,-122.372,12.66032791780777
4,2.25,2520,8000,1.0,2,8,1680,840,1970,0,47.3202,-122.383,12.936033799212835
2,1.5,1570,3600,1.5,2,7,1320,250,1906,0,47.6366,-122.363,13.569610019527449
3,1.75,1730,11325,1.0,0,7,1730,0,1972,0,47.3921,-122.182,12.584509081250419
4,1.75,1760,5356,1.0,0,7,920,840,1950,0,47.679,-122.288,13.279367126213993
4,2.5,3540,18168,2.0,0,10,3540,0,1996,0,47.5441,-122.131,13.737549016494562
4,1.75,2000,8700,1.0,0,7,1010,990,1975,0,47.374,-122.141,12.524526376648708
2,1.75,1500,8645,1.0,0,7,1500,0,1963,0,47.3643,-122.115,12.427214194173711
3,2.5,1460,8800,1.0,0,7,1460,0,1956,0,47.5895,-122.232,13.437174117244362
3,1.75,1444,249126,1.5,0,7,1444,0,2008,0,47.4104,-122.486,12.948009990259552
4,3.0,3550,12327,1.5,0,10,2180,1370,1990,0,47.7533,-122.205,13.487006490992238
3,1.0,1160,10881,1.0,0,7,920,240,1983,0,47.6339,-122.033,12.542544882151386
2,1.0,1110,26051,1.0,0,6,1110,0,1951,0,47.4711,-122.291,12.429216196844383
3,2.75,2590,223027,2.0,0,9,2590,0,1983,0,47.6145,-122.001,13.732128949025222
3,2.0,1410,10015,1.0,3,6,1410,0,1993,0,47.4948,-121.776,12.736700896592344
5,1.5,1700,7200,1.5,0,7,1700,0,1937,0,47.7614,-122.203,13.214030565930152
3,1.0,840,8470,1.0,0,6,840,0,1961,0,47.3275,-122.338,12.043259555124262
4,2.5,3230,12100,1.0,0,9,1870,1360,1977,0,47.562,-122.146,13.625559974005828
2,1.0,970,4560,1.0,0,7,970,0,1907,0,47.6561,-122.332,13.444446876573442
3,2.5,2120,6840,1.0,0,7,1220,900,1984,0,47.278,-122.145,12.421184025147118
3,2.0,1230,8450,1.0,0,7,1230,0,1989,0,47.7548,-122.305,12.857381690473323
4,2.75,3820,8850,2.0,0,10,3820,0,2014,0,47.6506,-122.195,14.058417520119434
5,5.5,7050,42840,1.0,2,13,4320,2730,1978,0,47.6229,-122.22,15.150511624696614
4,1.0,1540,5000,1.5,0,7,1090,450,1922,0,47.6754,-122.294,13.203021280421783
3,2.5,2320,7140,2.0,0,8,2320,0,1990,0,47.275,-122.295,12.637855061955712
2,1.75,2220,33000,1.0,0,8,2220,0,1970,0,47.7403,-122.129,13.112212026347953
4,2.5,2470,2550,3.0,0,8,2470,0,2004,0,47.6765,-122.389,13.507625778194974
3,2.0,2010,33090,1.5,2,8,2010,0,1986,0,47.2133,-122.007,12.936033799212835
3,1.5,1750,12632,1.0,0,7,1750,0,1952,0,47.6736,-122.176,13.071070083016778
3,1.0,1200,5252,1.0,0,7,1200,0,1962,0,47.6075,-122.134,12.96453929221076
3,3.0,2360,2750,2.0,1,7,1780,580,1983,0,47.7142,-122.281,13.11835535600679
4,2.0,1760,7800,1.0,0,8,1760,0,1954,0,47.6945,-122.38,13.444446876573442
3,1.5,1560,10489,1.0,0,7,1560,0,1961,0,47.2048,-121.999,12.487485104968359
2,1.5,880,1805,2.0,0,7,880,0,1999,0,47.7064,-122.342,12.367340793126296
3,2.0,1500,8775,1.0,0,6,1390,110,1943,0,47.4809,-122.335,12.449018824140563
4,2.0,1810,42981,1.0,0,7,1810,0,1973,0,47.5597,-121.85,12.594730635321957
3,2.25,2340,6183,1.0,0,7,1210,1130,1929,0,47.6979,-122.31,13.142166004700508
3,2.0,1320,4000,1.0,0,6,1020,300,1940,0,47.5515,-122.262,13.044618028779476
4,2.75,2790,10819,2.0,0,10,2790,0,1996,0,47.5515,-122.08,13.547631112808673
4,1.75,2090,4300,1.5,0,7,1250,840,1925,0,47.5555,-122.397,13.110290796170059
4,2.5,1714,3080,2.0,0,8,1714,0,2009,0,47.429,-122.188,12.634603026569334
4,2.25,2530,24700,2.0,0,7,2530,0,1974,0,47.3939,-122.177,12.736700896592344
3,1.75,1400,4000,1.0,0,7,870,530,1951,0,47.6913,-122.381,13.142656080672092
4,2.0,1930,6600,1.0,0,7,1030,900,1967,0,47.482,-122.332,12.498742259492994
3,1.5,1280,5547,2.0,0,6,1280,0,1985,0,47.3344,-122.215,12.025749091398891
2,2.75,1910,1369,3.0,0,9,1910,0,2002,0,47.6544,-122.373,13.320968304271384
4,2.0,3210,8400,1.5,0,7,2040,1170,1914,0,47.5322,-122.391,13.53639171617298
4,2.5,2370,9135,1.0,0,8,1600,770,1967,0,47.5564,-122.177,13.304684934198283
5,1.75,2190,16788,1.0,2,8,1380,810,1978,0,47.3764,-122.176,12.421184025147118
3,1.0,960,6400,1.0,0,6,820,140,1944,0,47.496,-122.239,12.575910575995186
4,1.0,1210,3760,1.5,0,6,1210,0,1900,0,47.6872,-122.344,13.021437458814368
3,2.5,2390,6435,1.0,0,8,1600,790,1978,0,47.726,-122.194,12.977337605354071
4,1.5,1560,6534,1.0,0,7,1560,0,1962,0,47.6012,-122.152,12.971540487669746
4,2.25,2030,12000,2.0,0,7,2030,0,1977,0,47.7699,-122.168,12.948009990259552
4,2.5,2930,18199,2.0,0,9,2930,0,1998,0,47.5937,-122.047,13.526494262499357
5,2.5,3150,35283,1.0,0,10,1800,1350,1975,0,47.6368,-122.157,13.748301808270824
3,2.5,1840,6985,1.0,0,7,1290,550,1971,0,47.7586,-122.342,12.84792653170257
3,2.25,2080,50965,1.0,0,8,1590,490,1979,0,47.7506,-122.063,13.038981768465277
3,1.0,840,6540,1.0,0,6,840,0,1970,2014,47.3743,-122.116,12.354492650648448
4,2.0,1940,6350,1.0,0,7,970,970,1951,0,47.6948,-122.357,13.008074231002201
3,3.5,3460,15745,2.0,0,10,3460,0,1986,0,47.7262,-122.06,13.64709190633931
4,2.5,3650,7784,2.0,0,9,3650,0,2006,0,47.7066,-122.101,13.635187003832993
4,2.5,2660,40312,2.0,0,8,2660,0,1977,0,47.7532,-122.139,13.411144845299411
2,1.0,580,7500,1.0,0,5,580,0,1943,0,47.4852,-122.251,11.407564949312402
5,2.0,2080,16117,1.0,0,7,1740,340,1959,0,47.3424,-122.289,12.445089546000673
3,1.75,1350,217852,1.0,0,8,1100,250,1953,0,47.2628,-122.03,12.65714826489039
3,1.75,1250,9605,1.0,0,7,1250,0,1964,0,47.6325,-122.121,13.035715570678656
3,2.5,2090,32718,2.0,4,7,1550,540,1919,1983,47.3338,-122.511,12.89921982609012
3,2.5,2900,46609,2.0,0,9,2900,0,1987,0,47.7731,-122.086,13.353475098367715
3,2.25,2510,43995,2.0,0,8,2510,0,1981,0,47.4545,-121.988,13.16158409055761
3,2.5,1530,3296,2.0,0,8,1530,0,1998,0,47.6181,-122.138,13.253391639810733
4,2.75,2620,6019,2.0,0,8,2620,0,2013,0,47.484,-121.771,13.121224729390656
3,1.5,1090,9862,1.0,0,8,1090,0,1987,0,47.6256,-122.036,12.854483932248728
3,3.25,3450,15586,2.0,0,11,2690,760,1989,0,47.4294,-122.343,13.534473028231162
3,1.5,1370,11400,2.0,0,7,1370,0,1980,0,47.4477,-121.77,12.542544882151386
4,2.5,3350,11688,1.0,2,10,1760,1590,1995,0,47.5507,-122.133,13.997832114758229
3,2.5,1730,7200,2.0,0,7,1730,0,1985,0,47.4029,-122.196,12.429216196844383
3,2.0,1210,7136,1.0,0,7,1210,0,2003,0,47.3996,-122.203,12.502466658583977
4,3.5,3080,5250,2.0,0,9,3080,0,2003,0,47.5992,-121.972,13.560618308335483
3,1.75,1410,4080,1.0,0,7,1000,410,1950,0,47.6808,-122.384,13.304684934198283
4,2.75,3410,5838,2.0,0,9,3410,0,2012,0,47.6931,-122.022,13.518451323699896
2,1.75,1340,7380,1.0,0,6,1340,0,1940,0,47.4785,-122.229,12.165250651009918
3,1.75,1500,15246,1.0,0,6,1500,0,1925,1998,47.4367,-122.463,12.594730635321957
4,2.75,2520,6964,1.0,0,7,1260,1260,1987,0,47.4038,-122.175,12.634603026569334
3,1.5,970,5488,1.0,0,7,970,0,1976,0,47.5366,-122.359,12.25247901834433
3,3.25,1290,1230,2.0,2,9,1090,200,2008,0,47.6367,-122.37,13.287877815881902
4,3.5,3560,16782,2.0,0,10,2560,1000,2014,0,47.5569,-122.225,14.148404973237604
3,1.0,1710,19115,1.0,0,6,1710,0,1986,0,47.656,-121.913,12.628067055589549
3,1.5,1240,9125,1.0,0,7,1240,0,1967,0,47.4469,-122.155,12.524526376648708
4,2.5,1820,20011,2.0,0,8,1820,0,1987,0,47.5842,-122.045,13.296316684527767
4,2.0,1850,8827,1.0,0,7,1850,0,1969,0,47.7406,-122.313,12.793859310432293
4,2.5,3540,7009,2.0,0,9,3540,0,2007,0,47.6749,-122.176,13.732128949025222
2,1.5,1020,1049,3.0,0,8,1020,0,2008,0,47.68,-122.348,13.017002861746503
4,2.5,4090,11225,2.0,0,10,4090,0,2005,0,47.581,-121.971,13.693342923990066
2,1.0,1410,5650,1.5,0,6,1410,0,1918,0,47.5159,-122.258,12.468436909997665
5,1.75,1750,8325,1.0,0,7,1750,0,1966,0,47.4007,-122.198,12.505806799006097
3,2.0,1550,6039,1.0,0,7,830,720,1942,0,47.5436,-122.378,12.971540487669746
3,1.75,2340,6750,1.5,0,7,1620,720,1914,0,47.6956,-122.335,13.37700559577791
4,2.0,1220,9147,1.0,0,7,1220,0,1953,0,47.5011,-122.336,12.568978139219542
3,1.0,1120,10701,1.0,0,7,1120,0,1954,0,47.5544,-122.358,12.560244459250788
3,1.75,2200,7200,1.0,0,8,1270,930,1962,0,47.3745,-122.276,12.487485104968359
2,1.75,1800,224769,1.0,0,7,1420,380,1950,2008,47.4327,-122.06,12.89921982609012
5,3.5,3450,19080,2.0,3,9,3450,0,2001,0,47.2123,-122.005,13.17115354157376
5,3.75,4270,7500,2.0,0,10,3210,1060,2014,0,47.6845,-122.207,14.284263405308357
4,3.5,4370,37193,2.0,3,8,2780,1590,1996,0,47.241,-121.979,13.06685066747407
5,3.0,2960,15152,2.0,0,9,2960,0,2004,0,47.6689,-122.179,13.681979165339751
4,1.75,1490,9112,1.0,0,6,970,520,1940,0,47.4991,-122.345,12.509874099861838
4,3.5,1850,6519,2.0,0,7,1130,720,1986,0,47.3087,-122.354,12.421184025147118
2,1.0,1200,12856,1.0,0,6,1200,0,1948,0,47.5321,-122.034,13.210374254727043
3,2.5,1780,2778,2.0,0,8,1530,250,2007,0,47.5487,-122.372,13.001325049027272
3,2.0,1270,1333,3.0,0,8,1270,0,2006,0,47.6933,-122.342,12.901716706288706
2,1.0,910,5000,1.0,0,7,910,0,1924,0,47.6733,-122.37,13.16158409055761
4,3.0,2860,5724,1.0,0,7,1730,1130,1983,0,47.5427,-122.302,12.873902018105829
4,1.5,1960,12688,1.5,0,7,1960,0,1962,0,47.6304,-122.097,12.999065161059836
4,2.25,2580,2875,2.0,0,9,2580,0,2015,0,47.5674,-122.392,13.419500608626866
3,1.75,1750,11180,1.0,0,8,1750,0,1968,0,47.4713,-122.117,12.468436909997665
3,1.75,1510,8301,1.0,0,7,1510,0,1967,0,47.7243,-122.222,12.810388612383504
3,1.75,2420,14862,1.0,0,8,1380,1040,1977,0,47.3301,-122.365,12.691580461311874
4,1.5,1580,7350,1.0,0,7,960,620,1963,0,47.6734,-122.154,13.021437458814368
2,2.5,2000,2500,3.0,1,8,1810,190,1994,0,47.5788,-122.396,13.292949677979863
3,3.5,2150,4368,2.0,0,8,1610,540,1998,0,47.6213,-122.065,13.122363377404328
4,3.0,3150,6599,2.0,0,9,3150,0,2008,0,47.5279,-122.199,13.383958115092792
4,2.75,2090,8400,1.0,0,8,1240,850,1976,0,47.6872,-122.123,13.321214236149494
4,3.0,2430,11670,1.0,0,7,1330,1100,1978,0,47.7307,-122.228,13.15773052124162
4,3.0,2440,9664,2.0,0,8,1890,550,1981,0,47.7649,-122.253,13.081541382884074
2,1.5,690,1058,2.0,0,7,690,0,2005,0,47.6951,-122.343,12.409013489526863
3,1.0,1180,8775,1.0,0,7,1180,0,1966,0,47.2848,-122.223,12.154779351142624
4,2.5,3040,24123,2.0,0,8,3040,0,1999,0,47.2667,-122.216,12.948009990259552
4,2.0,2340,6000,1.0,0,8,1270,1070,1953,0,47.6495,-122.401,13.437174117244362
3,2.5,1420,1269,3.0,0,7,1420,0,2007,0,47.6904,-122.342,12.92391243868049
3,1.75,1710,5000,1.0,0,7,1360,350,1918,0,47.5492,-122.389,13.237476184504834
3,2.25,1640,4635,1.5,0,8,1540,100,1930,0,47.6793,-122.319,13.155798153490567
3,2.0,1550,15040,1.0,0,6,1550,0,1958,0,47.4873,-122.099,12.429016176841717
4,2.5,2600,6536,2.0,0,9,2600,0,1999,0,47.5232,-122.191,13.304684934198283
4,2.75,3030,18400,1.5,3,9,2360,670,1973,0,47.7019,-122.243,13.711260536590475
3,1.5,1520,4288,1.0,0,7,1020,500,1949,0,47.5284,-122.387,12.84792653170257
2,2.0,1440,15000,1.0,0,7,1440,0,1985,0,47.7648,-122.159,12.80765263256463
4,2.75,3350,6500,2.0,0,10,3350,0,1999,0,47.5838,-122.027,13.514404113828087
3,2.25,2190,8775,1.5,1,8,2190,0,1927,0,47.7303,-122.287,13.283546414995719
5,1.75,2120,8625,1.0,0,7,1200,920,1959,0,47.6118,-122.131,13.188151117942333
3,1.0,1010,15701,1.0,0,7,1010,0,1949,0,47.4518,-122.292,12.323855681186558
2,1.0,770,6000,1.0,0,6,770,0,1953,0,47.6999,-122.364,12.886641043883259
4,2.5,1770,13168,2.0,0,7,1770,0,1990,0,47.7306,-121.966,13.028052697933088
2,2.5,1360,2693,2.0,0,6,1360,0,2003,0,47.3492,-122.025,12.323855681186558
3,2.5,2550,5349,2.0,0,7,2550,0,2004,0,47.3504,-122.026,12.884106188280072
5,3.5,4000,9234,2.0,0,9,4000,0,2015,0,47.5265,-121.887,13.59604149743245
2,2.25,2130,5920,1.0,0,8,1830,300,1950,0,47.6792,-122.275,13.565766324852886
5,3.25,2710,2356,2.0,0,8,2230,480,2013,0,47.5394,-122.028,13.480037821676145
4,2.5,2590,9341,2.0,0,8,2590,0,1985,0,47.6496,-122.114,13.579914798710824
3,1.0,1100,7650,1.0,0,7,1100,0,1952,0,47.7219,-122.354,12.8802918162046
3,2.5,2280,6031,2.0,0,8,2280,0,2011,0,47.7322,-121.966,12.936033799212835
4,1.75,2220,4760,1.0,0,7,1320,900,1918,0,47.5215,-122.348,12.892950213076524
3,2.5,2760,6187,2.0,0,10,2760,0,2014,0,47.5821,-122.047,13.634633557296535
2,1.0,1060,3325,1.5,0,6,770,290,1932,0,47.6896,-122.307,12.748396936355535
3,1.0,770,9750,1.0,0,6,770,0,1941,0,47.4509,-122.275,11.957611286231675
3,1.0,1170,7395,1.0,0,7,1170,0,1969,0,47.4627,-122.19,12.449018824140563
3,2.25,1950,8661,1.0,0,8,1950,0,1966,0,47.3127,-122.362,12.502466658583977
3,1.75,1170,8148,1.0,0,7,1170,0,1952,0,47.7479,-122.318,12.487485104968359
4,2.5,2320,5375,2.0,0,7,2320,0,2006,0,47.5415,-121.883,13.019222618484815
5,3.25,2980,7095,2.5,0,9,2980,0,1998,2007,47.6919,-122.294,13.745946094578365
4,1.0,1250,9102,1.0,0,7,1250,0,1955,0,47.4258,-122.327,12.449018824140563
4,1.5,1330,5750,1.5,2,7,1330,0,1915,0,47.5681,-122.384,13.122363377404328
4,3.0,2483,5701,2.0,0,8,2483,0,2005,0,47.3623,-122.199,12.7098736543592
2,1.0,1070,6120,1.0,0,6,1070,0,1962,0,47.4989,-122.317,12.250089530946948
3,2.5,1870,3584,2.0,0,8,1870,0,2003,0,47.4521,-122.121,12.751299696013497
4,4.25,5584,68257,2.0,0,11,5584,0,1998,0,47.6113,-121.952,14.334304351379442
4,1.0,1120,8763,1.0,0,6,1120,0,1971,0,47.508,-122.358,12.332705296463539
1,1.0,620,2380,1.0,0,6,620,0,1900,0,47.6746,-122.326,12.855497797198886
2,1.0,1050,60113,1.0,0,7,1050,0,1943,0,47.3226,-122.287,12.936033799212835
3,2.5,2700,5764,2.0,0,9,2700,0,2014,0,47.5618,-122.027,13.561778924882042
3,2.0,2340,3477,1.0,1,7,1170,1170,1971,0,47.54,-122.267,13.235692062711331
4,2.5,2610,7254,1.0,0,8,1610,1000,1975,0,47.5618,-122.176,13.213117740672793
3,3.0,2240,10479,2.0,0,7,1710,530,1950,0,47.5529,-122.356,12.896716695872
3,2.25,2680,41804,1.0,0,9,2680,0,1989,0,47.4828,-121.73,13.423948355025102
3,1.75,2500,36947,1.0,0,9,2500,0,1984,0,47.6917,-122.084,13.403020834919145
3,2.5,2250,11632,2.0,0,8,2250,0,1988,0,47.5272,-122.169,13.195613839143922
3,2.5,2860,8935,2.0,0,8,2860,0,2004,0,47.5336,-121.855,13.199324418540456
2,1.5,1120,1312,2.0,0,7,1000,120,2004,0,47.534,-122.364,12.2783933071098
3,2.5,2420,11953,1.0,0,9,2420,0,1990,0,47.6285,-122.054,13.253391639810733
3,2.5,1690,4476,2.0,0,7,1690,0,2008,0,47.3663,-122.114,12.619836556453032
3,1.0,1250,150117,1.0,0,7,1250,0,1975,0,47.5956,-122.009,13.071070083016778
6,3.0,2890,2370,2.5,0,7,2290,600,1906,0,47.6227,-122.323,13.591366506316481
4,3.5,4030,4200,3.0,0,9,4030,0,1992,0,47.6416,-122.386,13.764217263576723
2,2.0,1130,1148,2.0,0,9,800,330,2007,0,47.6023,-122.314,12.926348493478372
3,1.75,1490,5000,1.0,1,8,1250,240,1954,0,47.5257,-122.392,13.244581010128577
3,2.5,2110,4038,2.0,0,8,2110,0,1989,0,47.3875,-122.153,12.779873068457553
3,2.25,1820,9670,2.0,0,8,1820,0,1984,0,47.6382,-122.11,13.231217782316412
4,2.0,2490,339332,1.0,0,8,2490,0,2002,0,47.2725,-121.929,13.287877815881902
5,1.75,2500,11617,1.0,0,9,1560,940,1966,0,47.5361,-122.217,13.641157170819497
3,2.5,2080,9827,2.0,0,8,2080,0,1989,0,47.3058,-122.394,12.611537753638338
3,2.25,1850,10855,1.0,0,8,1370,480,1985,0,47.5696,-122.02,13.16158409055761
4,2.75,2270,7375,1.0,0,7,1290,980,1973,0,47.7222,-122.168,13.11835535600679
3,2.5,2280,18241,1.0,0,9,960,1320,1995,0,47.7453,-122.213,13.230320518909421
3,2.5,1660,7388,2.0,0,7,1660,0,2003,0,47.3865,-122.027,12.538967060803502
6,5.25,6160,27490,2.0,0,11,4040,2120,2007,0,47.6094,-122.023,14.058456736574664
3,2.5,1500,7401,2.0,0,8,1500,0,1998,0,47.2625,-122.221,12.468436909997665
4,2.5,2070,7476,2.0,0,8,2070,0,2003,0,47.3352,-122.189,12.611537753638338
4,2.25,2200,8384,1.0,0,7,1250,950,1959,0,47.753,-122.317,12.959844447906553
4,2.5,1320,7000,1.0,0,7,1320,0,1956,0,47.6007,-122.127,13.028052697933088
4,2.0,1700,2350,1.0,0,6,850,850,1926,2014,47.6865,-122.366,13.208541073645382
3,2.0,1490,7697,1.0,0,7,1490,0,1994,0,47.4852,-122.164,12.628067055589549
2,2.5,1320,1395,2.0,0,8,990,330,2014,0,47.6689,-122.362,13.178743710840436
5,2.75,2440,8000,1.0,0,7,1240,1200,1972,0,47.7283,-122.17,13.17115354157376
4,2.5,1870,8190,1.0,0,7,1100,770,1977,0,47.4521,-122.161,12.560244459250788
4,2.5,2280,14810,1.0,0,8,1500,780,1977,0,47.5392,-122.186,13.151922179645874
4,2.5,2970,9072,2.0,0,10,2970,0,1991,0,47.562,-122.114,13.64709190633931
3,1.0,1740,4400,1.5,0,7,1740,0,1924,0,47.6059,-122.3,13.214942558697421
3,3.25,1410,1253,3.0,0,8,1410,0,2005,0,47.6981,-122.34,12.853175887588712
2,2.0,2160,35183,1.0,0,9,2160,0,1985,0,47.312,-122.115,12.851866129706648
3,1.5,1380,6657,2.0,0,7,1380,0,1986,0,47.7085,-122.217,13.028052697933088
3,1.75,1340,63597,1.0,0,7,1340,0,1963,0,47.4379,-122.011,12.936033799212835
3,2.0,1850,9570,1.0,0,7,950,900,1940,0,47.697,-122.322,13.213117740672793
3,2.0,1340,7200,1.5,0,7,1340,0,1923,0,47.5601,-122.265,13.208541073645382
3,1.0,880,9035,1.0,0,6,880,0,1967,0,47.476,-122.151,12.345834587905333
2,2.25,1100,1114,2.0,0,8,900,200,2009,0,47.6199,-122.304,13.260384675301703
6,3.5,2120,5840,2.0,0,7,2120,0,1979,0,47.4788,-122.227,12.666657052859417
2,1.0,750,6350,1.0,0,5,750,0,1920,0,47.6938,-122.356,12.429216196844383
5,2.75,2570,7260,2.0,0,8,2570,0,1996,0,47.2622,-122.212,12.70381302974751
3,2.25,1700,8100,1.0,0,7,1200,500,1980,0,47.3601,-122.046,12.409013489526863
5,2.5,3780,20000,1.0,1,9,1890,1890,1978,0,47.7603,-122.273,13.493926933836812
4,2.75,3220,16145,2.0,0,10,3220,0,1993,0,47.5786,-121.995,13.442996549995796
3,1.0,1670,4005,1.5,0,7,1170,500,1939,0,47.6878,-122.38,13.038981768465277
4,2.75,2170,9658,1.5,0,7,2170,0,1966,0,47.3741,-122.189,12.526110575687962
3,1.0,880,10800,1.0,0,6,880,0,1942,0,47.4949,-122.338,12.254862809699606
2,1.5,830,1020,2.0,0,7,830,0,2006,0,47.5604,-122.363,12.230765258120545
5,2.75,3000,9473,1.0,0,8,1500,1500,1966,0,47.6567,-122.13,13.217673557208654
6,2.0,2500,5200,1.0,0,8,1250,1250,1966,0,47.5517,-122.268,12.936033799212835
4,1.75,2470,131790,2.0,2,8,2470,0,1937,0,47.4421,-122.444,13.279367126213993
4,1.5,2993,19400,2.0,0,7,2233,760,1921,0,47.4692,-122.365,13.199324418540456
3,1.0,1980,39150,1.5,0,6,1580,400,1932,0,47.3818,-122.225,12.637855061955712
5,4.5,4000,6713,2.0,0,9,4000,0,2015,0,47.5254,-121.886,13.555450137608744
4,2.5,1930,7014,2.0,0,8,1930,0,1994,0,47.3921,-122.163,12.644327576461329
3,3.25,1220,1281,2.0,0,8,930,290,2014,0,47.67,-122.317,13.173056491719846
4,2.5,3080,10646,2.0,0,9,3080,0,1993,0,47.3828,-122.148,12.994530005894443
4,2.5,3800,22029,2.0,0,9,3800,0,1993,0,47.6734,-122.026,13.703461054155651
4,2.5,2620,8331,2.0,0,9,2620,0,1991,0,47.4357,-122.159,13.038981768465277
5,2.75,2000,9276,2.0,0,7,2000,0,1968,0,47.444,-122.19,12.611537753638338
3,2.5,1640,5707,2.0,0,7,1640,0,1995,0,47.4016,-122.209,12.611537753638338
5,2.0,2040,6180,2.0,0,7,2040,0,1908,0,47.5503,-122.28,13.071070083016778
4,2.75,2550,7591,2.0,0,9,2550,0,1989,0,47.5302,-122.147,13.414865813214556
1,1.0,820,1060,1.0,0,8,760,60,2007,0,47.5472,-122.372,12.175613438045465
4,2.25,2820,16770,1.0,0,8,1920,900,1966,0,47.3186,-122.364,12.679280510724457
3,2.25,1780,7332,2.0,0,7,1780,0,1987,0,47.3593,-122.051,12.515210390011244
4,2.25,2040,14383,1.0,0,8,1270,770,1977,0,47.3849,-122.163,12.811480911782112
2,1.0,950,7954,1.0,0,7,950,0,1941,0,47.557,-122.306,12.733755386362587
4,1.0,1200,2171,1.5,0,7,1200,0,1933,0,47.7076,-122.342,12.388394202324129
4,2.75,2530,7350,1.0,0,8,1280,1250,1977,0,47.313,-122.374,12.779732213467533
3,2.5,2170,1984,2.5,0,8,2170,0,2008,0,47.5401,-122.027,13.37700559577791
2,2.5,2720,26761,2.0,4,7,2720,0,1990,0,47.4499,-122.376,13.800396920154226
3,1.0,1510,6200,1.0,0,6,1010,500,1955,0,47.5293,-122.274,12.608198852372823
3,2.5,1990,3644,2.0,0,7,1990,0,2010,0,47.3531,-122.017,12.670435394885823
2,1.0,1290,6528,1.5,0,7,1290,0,1941,0,47.694,-122.29,13.178932728892223
3,2.5,1930,5080,2.0,0,8,1930,0,1990,0,47.5694,-122.001,13.18740177358355
3,1.0,1520,2500,1.5,0,8,1520,0,1912,0,47.6347,-122.352,13.217673557208654
3,1.0,1050,16050,1.0,0,7,1050,0,1960,1981,47.3841,-122.006,12.569510171578267
2,1.5,1580,3680,1.0,2,8,1280,300,1941,0,47.5762,-122.377,13.180632285528304
2,1.0,1680,9250,1.0,0,7,860,820,1969,0,47.7618,-122.162,12.637855061955712
4,2.25,2210,9371,2.0,0,8,2210,0,1968,0,47.3634,-122.279,12.628067055589549
4,3.0,3160,10948,1.0,3,8,1930,1230,1991,0,47.3733,-122.422,13.208541073645382
3,2.5,3230,129578,1.0,0,8,2100,1130,1964,0,47.682,-121.913,13.122263372403996
2,0.5,1180,7750,1.0,0,6,590,590,1945,0,47.769,-122.316,12.517227074167097
4,3.5,3970,210830,2.0,0,9,3970,0,2000,0,47.4614,-121.713,13.560618308335483
4,2.25,1834,7460,2.0,0,8,1834,0,2012,0,47.3568,-122.163,12.542544882151386
3,1.0,1720,9605,1.0,0,7,860,860,1969,0,47.7439,-122.242,12.542544882151386
4,2.5,2970,5050,2.0,0,8,2970,0,2014,0,47.7043,-122.122,13.659054389205284
4,2.0,1970,10500,1.0,0,8,1820,150,1961,0,47.479,-122.356,12.92391243868049
3,2.0,1200,5700,1.0,0,7,1200,0,1942,0,47.5031,-122.242,12.513557345278134
2,1.0,810,8424,1.0,0,6,810,0,1959,0,47.3286,-122.346,12.043553716032399
3,1.0,1410,47916,1.0,0,7,1410,0,1981,0,47.7149,-121.96,12.259613412458204
4,2.0,2580,6000,1.0,0,9,1300,1280,1950,0,47.6514,-122.413,13.910366088976954
4,4.25,5040,16048,1.0,3,10,3420,1620,1950,0,47.6702,-122.26,14.744520062246204
3,1.75,1950,8325,1.0,0,7,1950,0,1962,0,47.7685,-122.2,13.142166004700508
2,1.75,1280,37373,1.0,0,7,1280,0,1996,0,47.2631,-122.019,12.601487417784837
3,1.5,2605,12030,1.0,0,8,1355,1250,2003,0,47.7725,-121.899,13.304518253641184
3,1.75,4000,11894,1.0,0,9,2190,1810,1987,0,47.7738,-122.203,13.350295445450335
3,2.5,2680,28243,2.0,0,9,2680,0,1993,0,47.7637,-122.05,13.399995114002609
4,3.5,2770,10505,2.0,0,8,2770,0,1940,2015,47.7412,-122.355,12.560244459250788
3,2.25,2520,6690,2.0,2,8,1700,820,1944,1990,47.5705,-122.381,13.635187003832993
5,3.25,3800,15500,1.0,0,7,2490,1310,1965,0,47.3862,-122.28,12.84792653170257
4,2.5,2920,9904,2.0,0,9,2920,0,1990,0,47.5759,-121.995,13.444446876573442
4,2.25,1880,9163,2.0,0,8,1880,0,1981,0,47.4362,-122.165,12.66032791780777
3,1.75,1740,10000,1.0,0,7,1740,0,1976,2009,47.617,-122.058,13.155798153490567
4,2.5,2720,5771,2.0,0,8,2720,0,2015,0,47.4917,-122.17,13.030138433361811
3,2.25,2170,15000,2.0,0,8,2170,0,1978,0,47.3863,-122.158,12.994416363073707
4,2.5,3560,15450,1.0,1,8,2060,1500,1977,0,47.5657,-122.23,14.062839276066839
4,2.25,3250,34293,2.0,0,9,3250,0,1983,0,47.3496,-122.094,13.081541382884074
5,2.75,2740,8426,1.0,0,8,1370,1370,1960,0,47.5563,-122.184,13.20140558474428
3,2.0,1470,1656,2.0,0,8,1310,160,2003,0,47.5653,-122.369,12.84792653170257
4,1.75,2030,7210,1.0,0,7,1450,580,1968,0,47.5067,-122.164,12.79246945614324
1,1.0,640,4800,1.0,0,6,640,0,1918,0,47.5551,-122.382,12.736700896592344
5,3.25,4610,10576,2.0,3,11,3310,1300,2006,0,47.5373,-122.07,13.997832114758229
3,2.0,1770,1800,3.0,0,8,1770,0,1999,0,47.6102,-122.314,13.444446876573442
4,2.5,2140,7245,2.0,0,7,2140,0,2003,0,47.729,-122.35,13.112313041550827
4,2.5,2000,6921,2.0,0,8,2000,0,2003,0,47.3559,-122.014,12.84792653170257
5,4.0,4500,8130,2.0,0,10,4500,0,2007,0,47.4832,-122.145,13.527828485512494
3,2.0,1990,65340,2.0,0,8,1990,0,1986,0,47.4726,-121.99,13.122363377404328
2,1.5,900,5750,1.0,2,7,900,0,1940,0,47.5623,-122.384,13.217673557208654
4,2.5,3420,8405,2.0,0,10,3420,0,2000,0,47.6328,-122.064,13.641157170819497
3,1.75,1300,11230,1.0,0,7,1300,0,1968,0,47.3811,-122.087,12.354492650648448
3,3.25,2310,3075,2.0,0,8,1730,580,2005,0,47.5644,-122.383,13.287029998959563
3,2.0,2570,233481,1.5,0,8,2570,0,1986,0,47.4199,-122.034,12.983101310070822
3,2.5,2750,226512,2.0,0,9,2750,0,2000,0,47.4376,-122.456,13.615839362835207
3,2.0,1220,17652,1.0,0,7,1220,0,1980,0,47.4712,-122.1,12.93723789327764
5,4.0,4360,8030,2.0,0,10,4360,0,2015,0,47.5923,-121.973,14.070145024369824
5,2.5,2070,12000,1.0,0,7,1340,730,1967,0,47.626,-122.104,13.32612021491835
2,2.5,1280,819,2.0,0,8,1060,220,2006,0,47.6905,-122.364,12.675920012567607
2,1.0,770,8612,1.0,0,6,770,0,1953,0,47.7547,-122.323,12.502466658583977
5,2.75,2510,9180,1.0,1,8,1600,910,1975,0,47.6389,-122.098,13.452386290345634
5,3.0,2600,13674,1.0,0,8,1300,1300,1967,0,47.7176,-122.302,13.304601597392535
3,2.5,1680,8512,2.0,0,7,1680,0,1991,0,47.1952,-121.986,12.513557345278134
2,1.5,1643,14616,1.0,1,7,1643,0,1954,0,47.3973,-122.312,12.691426603322494
4,2.25,3500,13875,1.0,4,9,1830,1670,1938,0,47.5083,-122.388,13.687620366658358
3,1.75,2060,5721,1.0,2,9,1140,920,1964,0,47.5268,-122.388,13.522882943119479
3,1.0,900,9600,1.0,0,7,900,0,1970,0,47.7423,-122.173,12.70381302974751
5,1.75,2250,8970,1.0,0,7,1500,750,1966,0,47.7217,-122.188,12.873902018105829
3,2.25,1950,3600,1.5,0,8,1430,520,1911,0,47.637,-122.363,13.652991628466498
4,2.5,2080,8504,2.0,0,8,2080,0,1991,0,47.5703,-121.998,13.208541073645382
4,3.25,3120,5000,2.0,0,9,2370,750,2005,0,47.69,-122.299,13.591116224748411
2,3.0,2020,5000,1.0,0,8,1350,670,1952,0,47.6758,-122.375,13.517778149658993
4,2.75,2440,69415,1.0,0,8,1910,530,1989,0,47.5944,-122.042,13.573438996764546
4,3.0,2440,3600,1.5,0,8,1480,960,1929,0,47.6853,-122.331,13.567049198665774
3,2.25,2630,9916,2.0,0,9,2630,0,1988,0,47.3314,-122.202,12.736700896592344
4,2.5,3000,10920,1.0,0,8,1550,1450,1969,0,47.5347,-122.227,13.8878312195439
4,1.0,1550,7260,1.0,0,6,1550,0,1959,0,47.6229,-122.121,12.768541502448002
3,2.75,2990,207781,2.0,0,9,2990,0,2000,0,47.662,-121.944,13.573438996764546
4,2.5,2440,7322,2.0,0,9,2440,0,1991,0,47.5357,-122.179,13.240146413060712
6,3.75,3810,6150,2.0,0,8,3810,0,1977,0,47.694,-122.34,13.541073712262515
7,3.5,2870,29699,1.0,0,7,1520,1350,1961,0,47.7153,-122.327,13.071070083016778
4,2.0,2260,8457,2.0,0,9,2260,0,1992,0,47.6251,-122.03,13.36138027787483
4,1.75,1840,9600,1.0,0,7,1220,620,1967,0,47.6579,-122.125,13.195613839143922
3,2.0,1300,11374,1.5,0,7,1300,0,1933,0,47.4839,-122.302,12.567237494741757
3,1.75,1930,6000,1.0,0,8,1130,800,1956,0,47.6516,-122.375,13.235692062711331
2,1.75,2620,14138,2.0,4,8,2120,500,1931,1991,47.7142,-122.277,14.122995257712235
5,2.0,2120,137565,1.5,0,7,2120,0,1913,0,47.4558,-122.507,12.987688474077727
4,1.75,2010,12044,1.0,0,9,2010,0,1982,0,47.6446,-122.068,13.34997692338999
4,2.25,1860,3766,2.0,0,8,1860,0,1995,0,47.5699,-122.006,13.190022025878143
6,3.5,3000,6320,2.0,2,8,2400,600,1969,0,47.562,-122.279,13.42984807715229
4,1.0,1550,7740,1.5,0,6,1550,0,1954,0,47.5222,-122.375,12.861517958906107
3,2.25,2020,9000,2.0,0,7,2020,0,1979,0,47.4487,-121.775,12.751299696013497
6,3.0,2630,8800,1.0,0,7,1610,1020,1959,0,47.7166,-122.293,12.971540487669746
4,2.25,2030,13500,1.0,0,7,1230,800,1963,0,47.4596,-122.066,12.721885810807203
4,2.5,2030,9825,1.0,0,8,1330,700,1985,0,47.6892,-122.3,13.301346032932768
3,2.25,1490,1294,2.0,0,7,1220,270,2010,0,47.5569,-122.363,12.641096555879882
4,2.5,2260,5702,2.0,0,8,2260,0,2002,0,47.3488,-122.151,12.691580461311874
3,1.5,1650,9380,1.0,0,7,1130,520,1978,0,47.4525,-122.162,12.676076274775909
3,1.0,1430,7000,1.0,0,6,1430,0,1968,0,47.3018,-122.369,12.273497621844962
3,1.75,1720,4050,1.0,0,7,860,860,1906,0,47.6782,-122.314,13.262125319779487
3,2.5,2090,7640,1.0,0,7,1360,730,1962,2014,47.7369,-122.338,13.204864598916073
4,1.75,1275,20000,1.0,0,6,1275,0,1991,0,47.3796,-122.49,12.64303642069771
3,2.5,1830,8372,2.0,0,8,1830,0,1987,0,47.3116,-122.4,12.374865602094301
4,2.25,2030,2222,2.0,0,9,1610,420,2015,0,47.679,-122.375,13.547631112808673
4,2.5,2760,5564,2.0,0,7,2760,0,2001,0,47.4814,-122.189,12.959726793926773
3,1.75,1920,4500,1.0,0,7,960,960,1924,0,47.6645,-122.357,13.422467969854667
3,1.75,2200,11520,1.0,0,7,2200,0,1952,0,47.7659,-122.341,12.791077667470416
2,1.0,710,14000,1.0,0,6,710,0,1953,0,47.4379,-122.337,12.384218830913648
4,2.5,2430,3249,2.0,0,8,2430,0,2010,0,47.5048,-122.155,12.965709567358951
4,2.25,2290,12174,1.0,4,7,1490,800,1948,0,47.5114,-122.245,13.641752231830807
3,1.5,2390,32109,1.0,0,7,2390,0,1975,2007,47.3028,-122.102,12.89921982609012
3,2.25,1930,8192,1.0,0,7,1470,460,1984,0,47.2624,-122.299,12.517227074167097
3,1.5,1060,7488,1.0,0,7,1060,0,1977,0,47.5549,-122.356,12.691580461311874
3,2.5,1830,6807,2.5,0,7,1830,0,1954,0,47.7613,-122.322,12.994530005894443
3,2.0,2090,4190,1.5,0,8,1490,600,1930,0,47.6178,-122.284,13.664687668229691
2,2.5,2210,6327,1.0,0,8,2210,0,2003,0,47.7114,-122.03,13.594863886848652
4,2.25,2640,34870,1.0,0,8,1770,870,1977,0,47.4688,-122.009,13.15773052124162
3,1.0,1500,5605,1.0,0,6,750,750,1942,0,47.5456,-122.359,12.506177237980511
4,2.0,1710,8814,1.0,0,7,1030,680,1975,0,47.395,-122.174,12.594730635321957
3,1.0,1300,10236,1.0,0,6,1300,0,1971,0,47.5028,-121.77,12.765688433465597
5,1.5,1950,9000,1.0,0,7,1130,820,1964,0,47.4882,-122.339,12.524526376648708
4,2.5,2300,4482,2.0,0,7,2300,0,2013,0,47.3599,-122.082,12.712890247898626
3,2.0,1430,4200,1.0,0,7,830,600,1908,0,47.6462,-122.384,12.751299696013497
4,2.25,2400,7738,1.5,0,8,2400,0,1964,0,47.4562,-122.33,12.535376392672774
2,1.75,1740,6620,1.5,0,8,1740,0,2002,0,47.526,-121.828,12.765688433465597
4,1.75,1990,4725,1.5,0,7,1190,800,1944,0,47.5275,-122.38,13.005829561148378
3,2.0,1410,9600,1.0,0,7,1410,0,1983,0,47.7591,-122.146,12.80902155817197
3,1.0,1640,6516,1.5,0,7,1440,200,1935,0,47.6693,-122.339,13.527828485512494
2,1.0,1780,81021,1.0,3,9,1780,0,1954,0,47.2712,-122.265,12.506177237980511
3,1.75,2050,11313,1.0,0,7,1520,530,1987,0,47.2837,-122.358,12.437184366493561
3,1.75,1480,2185,2.5,0,9,1480,0,2005,0,47.6945,-122.17,13.337474757021274
3,1.75,1760,12823,1.0,0,7,1460,300,1956,0,47.2868,-122.21,12.505992035646432
4,2.5,1770,9858,1.0,2,8,1770,0,1971,0,47.7382,-122.287,13.422467969854667
3,2.5,2920,169448,2.5,0,9,2920,0,1990,0,47.2492,-121.975,13.217673557208654
3,1.75,2310,11200,1.0,0,8,1630,680,1978,0,47.3637,-122.21,12.86099861326992
3,2.0,2930,29136,2.0,0,8,2240,690,1990,0,47.3102,-122.042,13.038981768465277
3,2.75,1560,7392,1.0,0,7,1030,530,1972,0,47.7382,-122.182,12.994530005894443
3,2.5,1380,1021,2.0,0,8,1160,220,2008,0,47.6148,-122.309,13.199324418540456
3,2.5,2020,7512,2.0,0,8,2020,0,1981,0,47.6927,-122.206,13.51979631381523
4,2.5,2210,8465,1.0,0,8,1490,720,1990,0,47.2647,-122.221,12.591335046320818
4,3.75,4475,20424,2.0,4,12,2659,1816,1999,0,47.6646,-122.208,14.76097166713821
3,2.0,1540,6250,1.0,0,7,1540,0,1998,0,47.3539,-122.025,12.515393893085436
3,2.0,1950,8698,1.0,0,8,1950,0,1999,0,47.39,-122.153,12.796633237315017
3,2.5,1370,22326,2.0,0,7,1370,0,1993,0,47.4469,-121.775,12.542544882151386
2,1.75,1740,4736,1.5,2,7,1040,700,1907,0,47.5994,-122.287,13.244581010128577
4,3.25,4430,21000,2.0,0,10,4430,0,1952,2007,47.6398,-122.237,14.827111469642754
2,1.0,900,3400,1.0,0,6,900,0,1905,0,47.5269,-122.314,12.160028707028767
3,1.0,1060,7900,1.0,0,7,1060,0,1961,2001,47.4604,-122.18,12.2783933071098
2,1.75,2040,28593,1.5,3,7,2040,0,1919,1990,47.3979,-122.465,13.329377546788654
2,1.0,1170,7142,1.0,0,7,1170,0,1951,0,47.7497,-122.313,12.323855681186558
5,2.25,2230,9600,1.0,0,8,1320,910,1978,0,47.7466,-122.076,13.085699393032737
5,1.75,2330,3800,1.5,0,7,1360,970,1927,0,47.6835,-122.308,13.567049198665774
4,2.5,1930,8040,1.0,0,7,1380,550,1978,0,47.7283,-122.218,13.148031124152906
3,1.5,2480,9900,2.0,3,10,2130,350,1940,0,47.7018,-122.381,14.197365800433305
4,2.5,3430,7508,2.0,0,10,3430,0,1998,0,47.6866,-122.11,13.608486388529947
5,2.75,3750,12077,2.0,4,10,3750,0,2005,0,47.3525,-122.002,13.560618308335483
3,2.5,2600,10092,1.0,0,9,2600,0,1984,0,47.6223,-122.032,13.345506928718539
4,1.0,1290,5000,1.5,0,7,1290,0,1957,0,47.5128,-122.358,12.526342907575106
3,2.5,1570,4926,2.0,0,8,1570,0,2014,0,47.5342,-121.842,12.94084150078094
3,2.5,1690,1618,2.0,0,8,1150,540,2014,0,47.5518,-121.998,12.829272034526369
5,4.0,3210,7200,2.0,0,8,2410,800,2011,0,47.7329,-121.966,13.049792684569493
2,2.75,1770,10534,1.0,0,8,1210,560,2003,0,47.2773,-122.276,12.538967060803502
4,2.0,1340,8190,1.0,0,7,1340,0,1942,0,47.4905,-122.343,12.567237494741757
3,2.25,2120,40518,1.0,0,8,2120,0,1967,0,47.5896,-122.009,13.180632285528304
3,1.75,2200,7706,2.0,2,7,2200,0,1908,1988,47.3878,-122.326,13.091904169919621
4,2.25,1800,8623,1.0,0,8,1360,440,1980,0,47.692,-122.184,13.165422866864775
3,2.75,1840,2060,2.0,0,10,1700,140,2013,0,47.53,-122.073,13.303016877097587
4,2.5,4060,8547,2.0,0,9,2790,1270,2007,0,47.3694,-122.056,13.112313041550827
3,1.75,2070,9827,1.0,0,7,1420,650,1967,0,47.522,-122.05,13.128345449081877
3,2.25,3020,6000,3.0,2,8,1980,1040,1994,0,47.5249,-122.319,12.992254692057308
3,2.0,1670,8800,1.0,0,7,1150,520,1961,0,47.6096,-122.132,13.16158409055761
3,1.75,1260,7500,1.0,0,6,840,420,1947,0,47.772,-122.323,12.506177237980511
3,1.75,2430,11448,1.0,1,7,1620,810,1949,0,47.6971,-122.391,13.473020249017498
3,2.25,1880,6565,1.0,0,8,1420,460,1972,0,47.6396,-122.113,13.225822085772558
2,2.0,1370,1878,3.0,0,8,1370,0,2004,0,47.6721,-122.387,13.214030565930152
3,1.75,2340,10495,1.0,0,8,2340,0,1967,0,47.5386,-122.226,13.567049198665774
2,2.25,930,747,2.0,0,8,630,300,2007,0,47.5844,-122.316,12.779873068457553
4,2.5,2650,4120,2.0,0,8,2650,0,2014,0,47.5019,-122.34,12.895841626393569
4,2.5,2790,5602,2.0,0,8,2790,0,2009,0,47.4959,-122.15,13.132313708257497
3,2.5,2075,39553,1.0,0,7,2075,0,2012,0,47.3601,-122.032,12.971540487669746
4,1.0,1720,4011,1.5,0,7,1720,0,1904,0,47.6719,-122.396,13.122363377404328
3,1.75,1590,41550,1.5,0,6,1290,300,1933,1989,47.4817,-122.28,12.59642411582829
3,2.5,1408,989,3.0,0,8,1408,0,2005,0,47.6856,-122.315,12.939127803023537
4,1.75,2550,39460,1.0,0,8,1890,660,1982,0,47.7707,-122.123,13.217673557208654
3,2.25,1950,9600,1.0,0,7,1200,750,1987,0,47.2762,-122.148,12.468436909997665
4,2.75,3620,35429,2.0,0,10,3620,0,2006,0,47.4238,-122.098,13.42984807715229
1,0.75,930,6600,1.0,0,6,930,0,1924,0,47.7127,-122.296,12.768541502448002
5,2.0,2960,10960,1.0,0,7,1500,1460,1957,0,47.6162,-122.174,13.592367006650065
3,2.5,2780,32880,1.0,0,9,2780,0,1993,0,47.4798,-121.727,13.235692062711331
4,2.0,2520,7334,1.0,0,7,1600,920,1955,0,47.7263,-122.291,12.623785772815804
3,2.0,2000,3207,1.0,0,7,1100,900,1916,0,47.6561,-122.341,13.425426551894413
4,2.5,2470,6116,1.0,0,7,1420,1050,1985,0,47.3792,-122.047,12.771386454580234
3,2.25,2140,3000,2.0,0,9,2140,0,1905,2006,47.6767,-122.351,13.567049198665774
4,4.0,6050,84942,2.5,2,9,4150,1900,2009,0,47.7466,-122.029,13.742939865129438
5,1.75,1890,9600,1.0,0,7,1890,0,1960,0,47.7391,-122.241,12.685308526089488
4,2.5,1720,5805,2.0,0,8,1720,0,2000,0,47.3286,-122.208,12.59710070584057
4,1.0,1760,8906,1.0,0,7,1230,530,1966,0,47.4288,-122.198,12.80765263256463
2,1.75,1840,4076,1.0,0,8,1140,700,1957,0,47.6875,-122.393,13.262125319779487
3,2.75,3050,44867,1.0,4,9,2330,720,1968,0,47.5316,-122.233,14.508657738524219
4,2.5,1710,5000,1.0,0,8,1110,600,1979,0,47.6772,-122.285,13.3645249345543
3,2.0,1240,12285,1.0,0,7,620,620,1939,1991,47.3219,-122.341,12.423198124518821
5,3.0,3070,5252,2.0,0,8,3070,0,2005,0,47.3666,-122.128,12.742419806526241
3,2.0,1330,8748,1.0,0,7,1330,0,1986,0,47.2619,-122.298,12.233201312918426
3,2.5,2690,7000,2.0,0,7,1840,850,1943,0,47.6784,-122.277,13.737549016494562
3,1.0,1350,7560,1.0,0,7,950,400,1959,0,47.3784,-122.303,12.388394202324129
3,2.0,1640,8395,1.0,0,7,1640,0,1991,0,47.348,-122.035,12.504323669331189
4,1.0,1350,4000,1.5,0,8,1350,0,1930,0,47.6885,-122.386,13.255144488638146
3,1.75,1570,6500,1.0,0,7,920,650,1948,0,47.565,-122.398,13.217673557208654
4,3.5,2380,5809,2.0,0,7,1750,630,1995,0,47.5536,-122.359,12.931202871943169
3,2.5,2200,4692,2.0,0,8,2200,0,2005,0,47.7761,-122.169,13.081541382884074
4,2.5,2350,5835,2.0,0,8,2350,0,2003,0,47.3494,-122.153,12.506177237980511
5,3.25,2480,10277,2.0,0,8,1640,840,1993,0,47.7726,-122.286,13.17115354157376
3,2.0,1380,7476,1.0,0,7,1380,0,1989,0,47.3336,-122.272,12.513557345278134
3,1.75,1370,8719,1.0,0,7,1370,0,1982,0,47.3664,-122.087,12.417953004565673
4,2.5,2540,5760,2.0,0,9,2540,0,2009,0,47.5405,-121.993,13.541060554281211
4,1.75,1420,5000,1.5,0,7,1420,0,1945,0,47.6771,-122.397,13.190022025878143
4,2.5,2800,12831,2.0,0,8,2800,0,2001,0,47.7392,-121.966,13.241922612461968
4,2.25,2920,46355,2.0,0,9,2920,0,1998,0,47.569,-121.962,13.514405465180353
4,2.0,1300,7054,1.0,0,7,1300,0,1950,2013,47.5071,-122.369,12.65075846679162
3,1.0,860,6664,1.0,0,6,860,0,1944,0,47.4931,-122.247,12.300928176542852
2,1.5,1900,4450,1.0,0,7,1500,400,1916,0,47.5834,-122.293,13.38472764187182
3,2.75,1650,5700,2.0,0,7,1650,0,1988,0,47.4563,-122.348,12.765688433465597
2,2.5,1760,3710,1.0,0,8,1130,630,1988,0,47.7335,-122.16,12.86099861326992
3,1.5,1660,15600,2.0,0,7,1660,0,1981,0,47.2589,-122.279,12.301382825334498
3,2.25,1960,8875,1.0,0,7,1290,670,1965,0,47.3344,-122.301,12.111761966058932
3,1.75,1200,55321,1.5,0,7,1200,0,1977,0,47.3492,-121.935,12.269047444691562
4,2.5,2790,15653,2.0,0,10,2790,0,1964,0,47.5477,-122.215,13.764217263576723
4,2.25,2490,8700,1.0,0,7,1890,600,1976,0,47.7397,-122.324,13.00019574343012
3,2.0,1410,8384,1.0,0,7,1410,0,1985,0,47.3315,-122.263,12.230765258120545
4,2.25,2440,5000,2.0,0,7,2440,0,2007,0,47.5407,-121.89,13.120361374733656
4,3.25,3400,99170,1.0,0,8,2000,1400,1980,0,47.7293,-122.099,13.670484785914017
3,2.5,1960,4400,2.0,0,7,1960,0,2006,0,47.5384,-121.889,12.92391243868049
4,2.25,1890,5940,1.0,1,9,1470,420,1963,0,47.6316,-122.303,13.753635154246187
4,2.5,3450,39683,2.0,0,10,3450,0,2002,0,47.342,-122.025,13.487006490992238
4,2.5,2090,5040,2.0,0,9,2090,0,2014,0,47.4797,-122.23,12.86876061860541
4,1.5,1100,9600,1.0,0,6,1100,0,1960,0,47.7,-122.175,12.774223335915433
3,1.75,1660,9549,1.0,0,7,1660,0,1956,0,47.6503,-122.198,13.422467969854667
4,3.5,3920,9555,2.0,0,9,3920,0,2004,0,47.6797,-122.025,13.697852514496041
4,3.0,2630,5772,2.0,0,9,2630,0,2006,0,47.6952,-122.133,13.503109472573636
3,1.75,1750,5200,1.0,1,8,1750,0,1956,0,47.6995,-122.383,13.399995114002609
4,2.0,1900,76877,1.0,0,8,1900,0,2004,0,47.3491,-122.113,12.873902018105829
2,1.0,1390,19988,1.0,2,7,1390,0,1949,0,47.3985,-122.321,12.632973034358404
2,1.0,840,4000,1.0,0,6,840,0,1942,0,47.5531,-122.307,12.524526376648708
3,1.75,2720,149410,1.5,0,9,2720,0,1988,0,47.7092,-121.892,13.190022025878143
4,2.5,4500,35200,1.0,0,13,4500,0,1988,0,47.5477,-122.126,14.665661487333884
3,1.5,1020,10152,1.0,0,6,1020,0,1959,0,47.4971,-122.168,12.013700752882718
3,3.25,2970,234788,2.0,3,9,2040,930,1991,0,47.5353,-121.897,13.489087657196063
3,2.5,1590,8449,2.0,0,7,1590,0,1989,0,47.3493,-122.177,12.323855681186558
2,1.0,960,8153,1.0,0,6,960,0,1947,0,47.7341,-122.3,12.611537753638338
4,2.75,2640,8400,1.0,2,8,1440,1200,1947,0,47.5882,-122.29,13.321214236149494
2,2.0,1300,2983,1.0,0,8,1300,0,2006,0,47.703,-122.015,12.929385240421846
4,2.75,3130,21810,2.0,0,10,3130,0,1993,0,47.7083,-122.073,13.641157170819497
3,2.5,2550,5376,2.0,0,9,2550,0,2004,0,47.6647,-122.083,13.474427708785377
5,2.5,1710,7700,1.5,0,7,1710,0,1962,0,47.5922,-122.146,12.975370353663669
3,2.5,1400,4800,1.0,0,7,1200,200,1921,0,47.6865,-122.379,12.736700896592344
4,2.0,3090,8125,2.5,0,8,3090,0,1918,0,47.6851,-122.395,14.01436141670944
3,1.75,2120,5000,2.0,0,7,1980,140,1920,2010,47.6666,-122.331,13.547631112808673
4,2.75,3820,26300,2.0,0,9,2850,970,2014,0,47.7618,-122.261,13.554145793829866
4,2.75,3630,15405,1.0,2,8,1850,1780,1968,0,47.566,-122.225,13.55284624848778
5,2.5,2670,14455,2.0,0,9,2670,0,1958,0,47.7565,-122.284,13.437174117244362
3,2.0,1310,8069,1.0,0,7,1310,0,1990,0,47.3694,-122.083,12.388394202324129
3,2.75,2870,6600,2.0,2,8,2870,0,1984,0,47.5745,-122.113,13.534473028231162
4,2.25,2850,7453,2.0,0,9,2850,0,1991,0,47.7439,-122.174,13.199324418540456
4,2.75,2020,10720,1.0,0,8,1420,600,1976,0,47.6373,-122.104,13.226723392728571
2,1.0,1010,14244,1.0,4,5,1010,0,1926,0,47.5476,-122.399,13.396960210307455
3,2.5,2990,32239,2.0,0,8,2990,0,1978,0,47.7718,-122.095,13.358107210694277
2,1.5,980,5000,2.0,0,7,980,0,1922,2003,47.7076,-121.359,11.805595078933049
4,1.75,3010,12523,1.0,0,8,1780,1230,1952,0,47.707,-122.316,12.901716706288706
4,2.75,3780,10308,2.0,0,10,3780,0,1999,0,47.589,-121.983,13.632788921148979
4,2.25,3200,53357,2.0,0,9,3200,0,1972,0,47.755,-122.035,13.573438996764546
3,2.5,1090,1139,2.0,0,8,960,130,2009,0,47.5664,-122.369,12.721885810807203
4,2.5,3010,11393,2.0,0,8,3010,0,2005,0,47.7389,-122.221,13.45166712454693
4,1.75,1970,5160,1.5,0,7,1970,0,1942,0,47.534,-122.373,12.976180867226248
4,2.5,3200,3600,3.0,3,9,2600,600,1997,0,47.632,-122.369,14.183619879528669
3,1.75,3400,8965,1.0,2,9,1820,1580,1957,0,47.6569,-122.273,14.340239086899256
3,1.0,1690,20063,1.5,0,7,1690,0,1913,0,47.3556,-122.294,12.388394202324129
4,2.5,2506,7206,2.0,0,8,2506,0,2007,0,47.3236,-122.337,12.765688433465597
2,1.5,1660,4000,1.0,0,7,1000,660,1950,0,47.6832,-122.304,12.92391243868049
4,3.5,3110,6829,2.0,0,8,3110,0,2014,0,47.4349,-122.328,13.305684434531367
3,1.75,2130,7500,1.0,0,7,1090,1040,1956,0,47.4593,-122.343,12.765688433465597
2,1.0,990,4332,1.0,0,7,990,0,1909,0,47.6528,-122.331,13.337474757021274
3,1.5,2120,6290,1.0,0,8,1220,900,1949,0,47.5658,-122.318,12.994530005894443
4,2.5,2300,9690,2.0,0,8,2300,0,2006,0,47.2793,-122.352,12.706696406811568
4,3.5,4080,14450,2.0,2,12,3210,870,1998,0,47.5519,-122.106,14.066269276311457
3,2.5,2180,5000,1.0,0,8,1240,940,1977,0,47.5828,-122.396,13.345506928718539
4,3.0,3110,18843,2.0,0,9,3110,0,1995,0,47.4619,-122.154,13.091904169919621
3,2.5,1790,4038,2.0,0,8,1790,0,2005,0,47.5499,-121.998,13.201174557828619
4,2.75,2910,16362,1.0,2,9,2120,790,1969,0,47.3397,-122.322,13.091904169919621
3,1.75,1680,7770,1.0,0,7,1680,0,1967,0,47.6028,-122.167,13.180632285528304
2,1.75,1340,7250,1.0,0,5,700,640,1949,0,47.408,-122.327,12.505992035646432
3,1.0,840,6500,1.0,0,6,840,0,1969,0,47.3704,-122.08,12.089538829274222
3,2.25,2000,7225,2.0,0,7,2000,0,1985,0,47.349,-122.167,12.718896271958837
4,1.75,2370,10140,1.0,0,7,1460,910,1968,0,47.3352,-122.278,12.628067055589549
4,2.25,2290,40946,1.0,3,8,1550,740,1960,0,47.616,-122.103,13.709038313453757
3,1.75,1330,9200,1.0,0,7,1330,0,1973,0,47.2916,-122.185,12.117241431823558
3,2.5,1740,3690,2.0,0,8,1740,0,2000,0,47.5345,-121.867,12.896716695872
3,1.5,1370,8671,1.0,0,7,1370,0,1955,0,47.6217,-122.198,13.610943392223
3,2.25,1770,7667,1.0,0,8,1270,500,1966,0,47.7724,-122.362,12.821258284620408
3,1.0,1580,13912,1.0,0,8,1580,0,1955,0,47.7552,-122.276,12.957488734214095
2,1.0,820,288367,1.0,0,6,820,0,1930,1986,47.4196,-122.165,12.594730635321957
3,1.0,1140,6120,1.5,0,7,1140,0,1926,0,47.6822,-122.309,13.46453363514018
2,1.5,1010,3060,1.0,0,7,1010,0,1918,0,47.6897,-122.354,12.886641043883259
3,1.0,1450,7930,1.0,0,6,1150,300,1923,0,47.5212,-122.371,12.884106188280072
2,1.0,870,11100,1.0,0,6,870,0,1940,0,47.5038,-122.364,12.363076394339839
3,3.0,2340,5002,2.0,0,8,2340,0,2013,0,47.4831,-121.773,12.966584038698583
6,2.25,2820,15600,1.5,2,7,1970,850,1940,0,47.4635,-122.362,13.205232855226624
3,2.5,3430,48993,2.0,0,9,3430,0,2001,0,47.2609,-122.27,13.151922179645874
4,2.25,2050,26000,2.0,0,8,2050,0,1977,0,47.3423,-122.063,12.608198852372823
4,1.75,1340,8700,1.5,0,6,1340,0,1958,0,47.4514,-122.287,12.479909311159902
4,2.5,2510,17200,1.0,2,9,1540,970,1977,0,47.6287,-122.089,13.527828485512494
4,2.0,2510,13695,1.0,0,7,1280,1230,1961,2001,47.7005,-122.174,13.272506035834049
4,2.0,2760,27631,2.0,0,8,1800,960,1978,0,47.7484,-122.291,13.122363377404328
4,2.5,1930,9653,1.0,0,9,1930,0,1968,0,47.3367,-122.335,13.049792684569493
4,2.5,2835,6598,2.0,0,8,2835,0,2002,0,47.3878,-122.034,13.165422866864775
3,2.25,1410,1287,2.0,0,7,1290,120,2005,0,47.5344,-122.068,12.84660987581782
4,2.5,3240,22795,2.0,0,8,3240,0,1998,0,47.6329,-121.969,13.260384675301703
4,2.0,1740,6369,1.0,0,6,870,870,1954,0,47.7461,-122.332,12.736697955411548
3,2.25,2070,2833,2.0,2,8,1490,580,1966,0,47.5543,-122.398,13.422467969854667
3,1.75,1340,63597,1.0,0,7,1340,0,1963,0,47.4379,-122.011,12.577636201962656
3,2.0,1460,2800,1.0,0,7,730,730,1921,0,47.67,-122.295,13.304684934198283
2,1.75,1440,4660,1.0,2,8,1440,0,2008,0,47.7092,-122.015,13.005829561148378
4,2.5,3240,35083,2.0,0,9,3240,0,1978,0,47.6337,-122.154,13.790192749979985
4,2.75,2240,7200,1.0,0,7,1140,1100,1967,0,47.3357,-122.275,12.468436909997665
3,2.25,1250,952,3.0,0,8,1250,0,2008,0,47.7098,-122.333,12.230765258120545
5,4.0,3760,28040,2.0,0,10,3760,0,1983,0,47.6489,-122.183,13.840203170554645
4,2.5,1980,7334,2.0,0,7,1980,0,2003,0,47.3528,-122.041,12.798017320580957
5,2.75,2760,5000,2.0,0,9,2760,0,2005,0,47.539,-122.188,13.432784936825598
3,2.5,2870,25663,2.0,0,10,2870,0,1988,0,47.2769,-122.333,13.049792684569493
2,1.0,1060,1600,2.0,0,7,1060,0,1979,0,47.5888,-122.294,12.774931300546774
3,1.5,1060,6954,1.0,0,6,1060,0,1983,0,47.5498,-122.355,12.524526376648708
3,1.75,1840,9697,1.0,0,7,1500,340,1985,0,47.3764,-122.179,12.367340793126296
3,2.5,1600,6510,1.0,0,7,940,660,1983,0,47.7679,-122.308,12.993392996107369
4,2.75,2530,11549,1.0,0,7,1700,830,1942,0,47.6557,-122.197,13.17115354157376
3,1.0,1300,10139,1.0,0,7,1300,0,1962,2007,47.3427,-122.087,12.468436909997665
3,2.0,1910,9001,1.0,0,7,1910,0,1957,0,47.6037,-122.119,13.224919965729422
3,2.0,1230,1613,2.0,0,8,1010,220,2003,0,47.6661,-122.37,12.994416363073707
3,2.5,1740,1308,3.0,0,8,1740,0,2008,0,47.5892,-122.387,13.249876697703288
3,2.5,3180,12600,2.0,0,11,3180,0,1978,0,47.6366,-122.058,13.710150042306449
3,2.25,1410,1340,2.0,0,8,1370,40,1967,0,47.6108,-122.113,12.765688433465597
2,1.0,1060,6000,1.0,0,5,1060,0,1908,0,47.3066,-122.223,11.619984537263637
3,1.75,2110,11250,1.0,0,8,2110,0,1961,0,47.5402,-122.216,13.518451323699896
5,2.5,2880,8216,2.0,0,8,2880,0,2001,0,47.3747,-122.185,12.799399490807907
4,1.5,1550,5053,1.0,0,7,1180,370,1963,0,47.5499,-122.274,12.978493006984626
2,1.0,820,5100,1.0,0,6,820,0,1954,0,47.5175,-122.205,12.367340793126296
3,2.5,3440,103672,2.0,0,9,3440,0,1990,0,47.3895,-121.986,13.235692062711331
3,1.75,2180,14135,1.0,2,8,1300,880,1947,0,47.673,-122.187,13.664687668229691
5,2.0,2330,10750,1.0,0,7,1190,1140,1962,0,47.7325,-122.245,12.871334622600584
3,1.0,1100,4080,1.0,0,7,900,200,1929,0,47.6872,-122.351,12.968629277462286
3,1.75,1270,4800,1.0,0,7,1270,0,1953,0,47.693,-122.361,12.721885810807203
3,1.0,840,5200,1.0,0,6,840,0,1969,2014,47.3685,-122.077,12.206022644280132
4,2.5,3090,5600,2.0,0,9,3090,0,2005,0,47.597,-121.979,13.470199372675857
5,3.0,2900,6730,1.0,0,8,1830,1070,1977,0,47.6784,-122.285,13.670484785914017
4,3.5,3000,5300,1.0,0,7,1780,1220,1949,0,47.6748,-122.279,13.541073712262515
4,3.5,3470,7396,2.0,3,8,2520,950,1979,0,47.7146,-122.279,13.604789526648622
4,2.75,3160,42733,2.0,0,9,3160,0,1995,0,47.6367,-121.958,13.89061803045108
3,2.75,1840,68479,1.0,2,8,1340,500,1989,0,47.6802,-121.908,12.915339207970002
3,1.0,1380,4635,1.0,0,6,1380,0,1919,0,47.57,-122.285,13.071070083016778
3,1.75,1050,5850,1.0,0,7,1050,0,1980,0,47.4574,-122.358,12.468436909997665
3,1.0,1300,8184,2.0,0,6,1300,0,1947,0,47.7469,-122.319,12.437184366493561
6,2.0,1900,8240,1.0,0,7,1200,700,1964,0,47.7037,-122.296,12.628067055589549
3,2.5,1930,6604,2.0,0,7,1930,0,2014,0,47.4692,-122.351,13.217673557208654
4,1.75,2210,19025,1.0,0,7,1460,750,1952,0,47.5927,-122.203,13.764217263576723
3,1.75,2050,3520,1.0,0,7,1070,980,1977,0,47.5536,-122.399,13.249876697703288
4,3.5,3730,15029,2.0,2,10,2440,1290,1991,0,47.3804,-122.163,13.304601597392535
2,1.0,1120,5250,1.0,0,7,950,170,1938,0,47.6496,-122.392,13.470199372675857
2,1.0,740,5000,1.0,0,6,740,0,1926,0,47.5298,-122.273,12.449018824140563
4,1.75,2140,49658,1.0,0,7,2140,0,1959,0,47.3583,-121.922,12.793859310432293
4,2.5,1830,3868,2.0,0,7,1830,0,2007,0,47.5186,-122.276,12.524526376648708
3,1.0,1290,6566,1.0,0,7,1290,0,1976,0,47.3004,-122.377,12.230765258120545
3,2.0,1680,8080,1.0,0,8,1680,0,1987,0,47.6168,-122.045,13.142166004700508
3,2.25,1750,12408,1.0,0,7,1150,600,1962,0,47.7509,-122.3,13.03057698177362
4,2.75,2920,6605,2.0,0,8,2920,0,2012,0,47.4909,-122.144,13.345506928718539
2,1.75,1670,10725,1.0,0,7,1670,0,1965,0,47.4893,-122.229,12.691580461311874
3,2.5,1800,2700,2.0,0,8,1800,0,2011,0,47.5458,-122.369,12.80765263256463
3,1.5,800,8850,1.0,0,6,800,0,1959,0,47.3266,-122.348,12.160028707028767
3,1.0,1120,8342,1.0,0,7,1120,0,1976,0,47.3732,-122.116,12.230765258120545
1,0.75,780,77603,1.0,0,5,780,0,1945,0,47.4396,-122.104,12.154779351142624
4,2.75,1920,7102,1.0,0,7,1130,790,1992,0,47.539,-122.356,12.429216196844383
2,2.5,3180,9400,2.0,4,10,2610,570,1985,0,47.5617,-122.158,14.224303456165114
4,2.5,2550,7349,2.0,0,9,2550,0,1989,0,47.3059,-122.349,12.818551923022664
3,1.75,1960,6380,1.0,0,7,980,980,1939,0,47.6975,-122.316,13.238367053160635
3,2.5,2070,4689,2.0,0,8,2070,0,2013,0,47.3545,-122.056,12.79246945614324
4,2.5,2950,4502,2.0,0,7,2950,0,2005,0,47.5002,-122.151,13.028052697933088
3,2.5,1910,5125,2.0,0,9,1910,0,2006,0,47.5481,-121.995,13.404530269168
3,2.5,1370,1911,2.0,0,9,1370,0,1907,2011,47.6375,-122.354,13.588609957772352
2,1.0,870,5700,1.0,0,6,870,0,1957,0,47.498,-122.17,11.918390573078392
3,2.0,1410,6600,1.0,0,7,1410,0,1990,0,47.3596,-122.089,12.542187675503545
8,4.0,7710,11750,3.5,0,12,6090,1620,1904,0,47.6263,-122.314,15.009433026436708
5,1.75,2840,10220,1.0,0,7,2210,630,1954,0,47.764,-122.36,13.043320170063875
3,1.5,1340,7391,1.0,0,7,1340,0,1966,0,47.3837,-122.317,12.409013489526863
4,2.5,2130,35752,1.0,0,8,1490,640,1980,0,47.5748,-122.031,13.270783382522602
3,2.5,3510,9824,2.0,0,9,3510,0,2002,0,47.5635,-122.032,13.762109781237159
4,2.5,2460,6454,2.0,0,7,2460,0,2006,0,47.5381,-121.89,13.022543042122118
2,2.0,1460,1085,2.0,0,8,950,510,2014,0,47.6205,-122.299,13.458834185453092
3,1.5,1940,2885,1.5,2,8,1940,0,1900,0,47.6308,-122.369,14.100689500197937
5,3.5,3530,218472,2.0,0,7,2380,1150,1999,0,47.7309,-121.905,13.09704556942004
4,1.0,1200,6000,1.5,0,6,1200,0,1923,0,47.5307,-122.352,12.301382825334498
3,1.0,1600,5952,1.0,0,7,1150,450,1964,0,47.5292,-122.362,12.70381302974751
4,1.0,1170,8147,1.5,0,6,1170,0,1959,0,47.7281,-122.289,12.765688433465597
4,2.5,3070,8250,1.0,0,8,2100,970,1958,0,47.5935,-122.172,13.687677186454389
3,2.5,1870,9825,1.0,0,7,1250,620,1994,0,47.4639,-121.744,12.691580461311874
3,2.5,2605,2216,2.0,2,9,2090,515,1979,0,47.6536,-122.203,13.579535027834686
3,2.5,1530,6000,2.0,0,7,1530,0,1991,0,47.3487,-122.036,12.487485104968359
3,1.75,1250,7710,1.0,0,7,1250,0,1947,0,47.7623,-122.317,12.730801174465157
3,2.25,1350,1234,2.0,0,7,1160,190,2007,0,47.5565,-122.363,12.61153442029945
3,2.5,2160,1250,3.0,0,8,1830,330,2010,0,47.6515,-122.375,13.279367126213993
3,1.0,1460,8290,1.0,0,8,1460,0,1959,0,47.7246,-122.3,12.896716695872
3,2.5,2120,9307,2.0,0,9,2120,0,1984,0,47.5477,-122.141,13.485616636703183
5,3.0,3045,5030,2.0,0,8,3045,0,1999,0,47.4386,-122.127,12.933621252807452
3,1.0,1010,25277,1.0,0,5,1010,0,1961,0,47.7242,-121.951,12.211060187041213
3,1.75,2090,7667,1.0,2,7,1200,890,1952,0,47.7007,-122.312,13.10011776845701
3,2.0,1160,13747,1.0,0,5,580,580,1931,0,47.585,-122.051,13.560618308335483
3,2.0,2310,21318,1.0,0,10,2310,0,1979,1996,47.6381,-122.224,14.124831805519536
1,1.0,900,6380,1.0,0,6,900,0,1947,0,47.7019,-122.311,12.886641043883259
3,1.75,1060,8100,2.0,0,7,1060,0,1983,0,47.3617,-122.047,12.594730635321957
3,2.0,1140,11620,1.0,0,7,1140,0,1994,0,47.4991,-121.783,12.736700896592344
3,2.5,1650,4218,2.0,0,8,1650,0,2000,0,47.5998,-122.016,13.091904169919621
3,1.0,1150,12877,1.0,0,6,1150,0,1970,0,47.6614,-122.056,12.765688433465597
2,0.75,900,9600,1.0,0,6,900,0,1941,0,47.4604,-122.339,12.102100055147195
4,4.25,5660,193593,2.0,0,10,4100,1560,2001,0,47.7064,-121.981,13.769466619462868
4,2.5,2210,5077,1.5,0,8,1480,730,1912,0,47.5719,-122.377,13.336667980051335
3,3.25,1430,1348,2.0,0,8,1160,270,2008,0,47.6743,-122.374,13.077366011473593
4,2.5,2800,8494,2.0,0,8,2800,0,2004,0,47.3521,-122.009,12.962194625251508
2,1.0,2110,4920,1.5,0,7,1460,650,1911,0,47.6872,-122.339,12.959844447906553
4,2.25,2450,34092,2.0,0,8,2450,0,1980,0,47.5751,-122.049,13.432784936825598
6,3.75,4090,49542,2.0,0,9,3100,990,1984,0,47.6408,-122.153,13.955272500339433
3,1.5,1010,7755,1.0,0,6,1010,0,1953,0,47.4238,-122.332,12.128111104060462
2,1.0,1260,5000,1.0,0,7,1040,220,1951,0,47.6782,-122.397,12.986543654261794
3,2.5,1530,2978,1.0,0,7,1210,320,1997,0,47.6796,-122.39,13.36138027787483
2,1.0,910,6232,1.0,0,6,910,0,1943,0,47.5328,-122.272,11.951180395901384
3,1.0,1460,8400,1.0,0,6,1460,0,1962,0,47.3086,-122.365,12.310432660854417
4,2.0,1280,7560,1.0,0,6,1280,0,1959,0,47.45,-122.175,12.425208175446844
4,2.0,1630,10375,1.0,0,7,1630,0,1968,0,47.7566,-122.073,12.793859310432293
3,2.25,2950,15207,1.0,0,10,2070,880,1966,0,47.5571,-122.216,13.80747838626701
5,2.0,2280,5400,1.5,0,7,1340,940,1947,0,47.6674,-122.279,13.476535191124942
5,2.75,2570,12906,2.0,0,8,2570,0,1987,0,47.5814,-122.05,13.422467969854667
3,1.75,1180,10541,1.0,0,7,940,240,1981,0,47.6348,-122.032,12.86099861326992
5,1.75,3690,36036,1.0,0,9,1890,1800,1985,0,47.3473,-122.085,12.994530005894443
3,2.5,1800,3074,2.0,0,7,1800,0,2003,0,47.7631,-122.149,13.010313873595706
3,1.0,1330,5850,1.0,0,7,930,400,1954,0,47.5498,-122.298,12.676076274775909
3,2.5,1950,4345,2.0,0,7,1950,0,2007,0,47.5202,-121.873,12.959844447906553
3,2.25,2675,40910,2.0,0,8,2675,0,1984,0,47.5916,-122.055,13.399995114002609
2,1.0,670,3101,1.0,0,6,670,0,1948,0,47.5546,-122.274,12.154779351142624
3,3.5,2600,11920,2.0,0,8,2600,0,1969,0,47.582,-122.194,13.800396920154226
5,2.0,3930,10150,1.5,0,8,3070,860,1968,0,47.6317,-122.114,13.286181462633724
3,2.5,1380,1547,3.0,0,8,1380,0,2000,0,47.6908,-122.341,12.751299696013497
4,2.25,1770,7778,2.0,0,7,1770,0,1998,0,47.4192,-122.201,12.765688433465597
4,2.25,2010,15375,1.0,0,8,2010,0,1957,0,47.5956,-122.174,13.399995114002609
3,2.0,2560,6800,1.0,1,8,1380,1180,1952,0,47.5506,-122.395,13.45166712454693
3,2.0,1610,8416,1.0,0,7,1610,0,1994,0,47.397,-122.187,12.498742259492994
3,1.75,2430,12757,1.0,2,8,1340,1090,1952,0,47.6201,-122.209,14.22097566607244
4,1.0,2550,4000,2.0,0,8,2370,180,1905,0,47.6354,-122.353,13.698976741708323
4,2.5,4570,74487,2.0,4,12,4570,0,1948,1985,47.7282,-122.372,14.27293540500315
3,1.75,1750,10870,1.0,0,7,1750,0,1968,0,47.4989,-122.188,12.84792653170257
4,2.5,2640,4200,2.0,0,8,2640,0,1998,0,47.6038,-122.02,13.253391639810733
2,1.0,1450,4750,1.0,0,7,850,600,1950,0,47.5293,-122.272,12.254862809699606
4,1.75,2440,7350,1.0,0,8,1610,830,1978,0,47.3743,-122.285,12.706847933442663
2,1.0,720,5750,1.0,0,6,720,0,1943,0,47.5535,-122.393,12.644327576461329
3,2.5,2740,9168,2.0,0,9,2740,0,1991,0,47.3835,-122.148,12.921470435024938
3,2.75,2730,11936,2.0,2,8,1530,1200,1978,0,47.6987,-122.231,13.253391639810733
4,1.5,1220,4900,1.0,0,6,1220,0,1942,0,47.5292,-122.269,12.429216196844383
4,3.5,3760,5000,2.0,0,9,2860,900,2014,0,47.6826,-122.394,13.73126335711731
4,2.5,2350,6624,2.0,0,9,2350,0,1990,0,47.6262,-122.045,13.238545131693739
5,3.25,5790,13726,2.0,3,10,4430,1360,2014,0,47.5388,-122.114,14.030960589909466
3,1.5,1190,8726,1.0,0,7,1190,0,1956,0,47.4887,-122.343,12.180754837545884
2,1.0,1510,6807,1.0,0,7,1090,420,1939,0,47.711,-122.353,12.936033799212835
5,2.25,2480,12614,1.0,0,8,1860,620,1979,0,47.7393,-122.2,13.279367126213993
3,3.0,3460,13129,2.0,0,9,2560,900,1988,0,47.7315,-122.058,13.500799813124575
4,1.5,1550,3000,1.5,0,7,1350,200,1918,0,47.6604,-122.324,13.034624463096321
4,2.5,1870,16200,1.0,0,8,1250,620,1974,0,47.6651,-122.174,13.406037428458571
3,2.5,1530,3984,2.0,0,8,1530,0,1995,0,47.569,-122.007,13.054084536651034
2,1.5,1230,1516,3.0,0,8,1230,0,2000,0,47.7265,-122.314,12.691426603322494
4,2.75,2180,5799,2.0,0,8,2180,0,1993,0,47.5702,-121.995,13.256019762217003
4,1.75,2180,4431,1.5,0,8,2020,160,1912,0,47.636,-122.302,13.345506928718539
0,0.0,3064,4764,3.5,2,7,3064,0,1990,0,47.6362,-122.322,13.906264921232738
3,3.0,3610,17483,2.0,2,8,3610,0,1954,0,47.4852,-122.357,13.764217263576723
3,1.0,1660,11200,1.0,0,7,1660,0,1957,0,47.5121,-122.168,12.47227568630483
4,2.5,3280,25211,2.0,3,11,3280,0,1985,0,47.6398,-122.05,13.604789526648622
3,1.0,1030,24750,1.0,2,5,1030,0,1943,0,47.3343,-122.362,12.425208175446844
3,2.5,1360,5754,2.0,0,7,1360,0,1994,0,47.3645,-122.183,12.384218830913648
4,2.25,3180,6105,2.0,0,10,3180,0,1905,0,47.6255,-122.314,14.089347223594002
4,2.25,1760,9602,2.0,0,7,1760,0,1987,0,47.4248,-122.158,12.775638764318764
4,2.75,2090,13500,1.0,0,8,2090,0,1949,0,47.573,-122.225,13.62918097977278
4,1.75,1400,8374,1.0,0,7,1400,0,1953,0,47.4735,-122.344,12.736700896592344
3,1.75,1740,46580,1.0,0,7,1740,0,1980,0,47.3583,-121.927,12.736700896592344
3,1.0,1000,19204,1.0,0,7,1000,0,1968,2010,47.3167,-122.081,12.425208175446844
3,1.75,1680,9460,1.0,0,7,1680,0,1959,0,47.5525,-122.182,13.051940913107783
4,2.25,2260,11900,2.0,0,9,2260,0,1976,0,47.6415,-122.057,13.312983737012978
3,1.0,1090,10114,1.0,0,7,1090,0,1955,0,47.2975,-122.223,11.84939770159144
2,1.5,1480,3120,1.0,0,7,930,550,1914,2007,47.6684,-122.323,13.140694334089051
2,2.0,1390,1302,2.0,0,7,1390,0,1986,0,47.3089,-122.33,12.13859648040526
3,1.75,2020,10031,1.0,0,7,1370,650,1952,0,47.7487,-122.319,13.190022025878143
2,1.0,940,5040,1.0,0,7,940,0,1926,0,47.5375,-122.374,12.26763800118833
3,1.5,1670,8230,1.0,0,7,1670,0,1954,0,47.2613,-122.255,12.336881585641587
2,1.0,770,6731,1.0,0,6,770,0,1943,0,47.7505,-122.312,12.66032791780777
2,2.25,1390,916,2.0,0,8,1165,225,2007,0,47.6168,-122.314,13.345506928718539
2,1.0,990,3000,1.0,0,6,990,0,1918,0,47.6839,-122.345,12.923790480024325
2,1.0,1060,7200,1.0,0,6,1060,0,1951,0,47.7463,-122.315,12.61152108683278
4,2.25,2460,40635,1.0,0,8,2460,0,1968,0,47.6627,-122.032,13.480037821676145
4,1.75,1780,9794,1.0,0,7,1780,0,1967,0,47.7419,-122.073,12.774223335915433
3,3.5,2840,4468,3.0,0,10,2840,0,2006,0,47.7069,-122.117,13.483597910599078
3,1.0,1140,5258,1.5,0,6,1140,0,1911,0,47.5122,-122.383,12.70381302974751
4,2.25,2260,43847,2.0,0,8,2260,0,1982,0,47.7713,-122.129,13.304684934198283
3,2.5,2110,1339,2.0,0,8,1410,700,2014,0,47.6088,-122.311,13.52442269237766
4,1.0,2300,7680,1.0,0,7,1270,1030,1959,0,47.524,-122.359,12.826649133255284
4,2.75,3220,9825,2.0,0,8,3220,0,2012,0,47.4863,-122.143,13.269057756555132
3,1.0,930,6060,1.0,0,6,930,0,1973,0,47.5289,-122.28,12.429216196844383
3,2.25,2040,130680,2.0,0,9,2040,0,1977,0,47.7584,-122.136,13.500799813124575
2,1.0,1060,8000,1.0,0,6,1060,0,1941,0,47.5088,-122.333,12.230765258120545
3,2.5,1600,4271,2.0,0,7,1600,0,2000,0,47.3303,-122.269,12.542544882151386
3,1.75,1850,8823,1.0,0,8,1370,480,1973,0,47.6379,-122.112,13.312983737012978
4,2.75,2870,7200,2.0,0,9,2870,0,2008,0,47.5688,-122.317,13.266096554413446
4,2.5,3030,6820,2.0,0,9,2530,500,1947,2000,47.6695,-122.266,13.813508555293602
2,1.5,800,5192,1.0,0,7,800,0,1951,0,47.5119,-122.386,12.724717618348295
3,1.75,1840,2310,1.0,2,8,1140,700,1914,0,47.6462,-122.351,13.38472764187182
5,1.75,2190,27260,1.0,0,7,2190,0,1947,1974,47.4546,-122.337,12.644327576461329
3,2.5,1440,2163,2.0,0,7,1440,0,2005,0,47.554,-121.998,12.911642346088676
4,2.75,3180,13348,2.0,0,8,3020,160,2004,0,47.7439,-121.977,13.142166004700508
3,2.5,1730,4065,2.0,0,8,1730,0,1996,0,47.5668,-122.005,12.983101310070822
5,3.0,3640,8239,2.0,3,10,2540,1100,1982,0,47.5842,-122.111,14.282384294201082
3,2.5,1950,4197,2.0,0,7,1950,0,2013,0,47.3613,-122.081,12.654597243098785
3,2.5,1860,1290,2.0,0,9,1240,620,2010,0,47.6179,-122.301,13.500799813124575
4,2.25,2240,12650,1.0,0,8,1730,510,1981,0,47.4777,-122.142,12.936033799212835
2,0.75,850,7710,1.0,2,6,550,300,1909,0,47.5588,-122.301,12.793859310432293
4,2.5,1811,4381,2.0,0,8,1811,0,2007,0,47.454,-122.19,12.468436909997665
4,3.0,2090,5102,1.0,0,7,1350,740,1994,0,47.5427,-122.356,12.86099861326992
3,2.0,1230,11413,1.0,0,7,990,240,1984,0,47.6321,-122.034,12.89921982609012
3,2.25,1646,12414,2.0,0,7,1646,0,1996,0,47.363,-122.035,12.628067055589549
4,2.0,1610,4770,1.0,0,7,1230,380,1941,0,47.5333,-122.381,13.112313041550827
3,2.25,1390,6004,2.0,0,8,1390,0,1993,0,47.3536,-122.047,12.58621994565405
3,3.0,1720,70567,1.0,2,7,1720,0,1966,0,47.4936,-122.069,13.218378763038016
3,2.25,1890,12236,1.0,0,8,1890,0,1978,0,47.6232,-122.047,13.06685066747407
3,1.0,1220,5038,1.0,0,6,1220,0,1942,0,47.496,-122.189,12.429216196844383
2,1.75,1090,4590,1.0,0,7,790,300,1915,0,47.6677,-122.324,12.94084150078094
4,2.5,2280,7219,2.0,0,8,2280,0,1987,0,47.5719,-122.021,13.347265381733402
2,1.5,1160,2158,2.0,0,7,1160,0,1982,0,47.7178,-122.19,12.57418196709457
4,2.0,1480,6324,1.0,0,7,1480,0,1943,0,47.6147,-122.302,12.535376392672774
2,1.0,1210,8400,1.0,0,8,780,430,2000,0,47.6503,-122.393,13.621925808891609
4,4.0,1550,6596,1.5,0,7,1550,0,1907,0,47.6711,-122.398,13.46949290849953
3,2.75,2390,21804,1.0,0,8,1450,940,1973,0,47.7339,-122.183,13.34230179776959
3,1.5,1900,9630,1.0,0,8,1900,0,1967,0,47.3352,-122.344,12.345834587905333
3,1.75,2140,13286,1.0,0,8,1220,920,1964,0,47.5722,-122.128,13.266463721378086
4,1.75,1800,4180,2.0,3,8,1800,0,1921,0,47.6462,-122.318,13.670484785914017
3,2.5,2060,4200,2.0,0,8,2060,0,2014,0,47.3706,-122.018,12.7366685431278
4,2.5,3440,6915,2.0,0,10,3440,0,2006,0,47.3538,-122.004,13.331002242515657
3,2.75,1690,5763,1.0,0,7,1180,510,1985,0,47.7336,-122.202,12.92391243868049
3,1.75,2210,7920,1.0,0,7,1400,810,1966,0,47.4968,-122.237,12.745485726148077
3,1.0,1010,8863,1.0,0,6,1010,0,1990,0,47.1955,-121.999,12.100712129872347
2,1.0,1150,8138,1.0,0,7,1150,0,1954,0,47.737,-122.325,12.712890247898626
3,2.25,2210,5742,1.0,0,8,1460,750,1951,0,47.6891,-122.318,13.287877815881902
3,1.5,1460,78408,1.0,0,7,1460,0,1963,0,47.59,-122.058,13.458835614025542
3,2.0,3000,21883,2.0,0,7,1970,1030,1998,0,47.7599,-122.214,13.103180557987555
2,2.0,1170,8251,1.0,0,7,1170,0,1941,0,47.6873,-122.291,12.883649231099161
4,2.75,3130,8920,2.0,0,8,3130,0,2014,0,47.7397,-122.316,13.445171251831484
4,2.0,2930,12840,1.5,0,8,2930,0,1965,0,47.2957,-122.187,12.591335046320818
3,2.25,2260,33080,1.0,0,9,1690,570,1974,0,47.6386,-122.183,13.564481803160529
2,2.0,1370,4866,1.0,0,8,1370,0,2005,0,47.704,-122.012,12.97502278950562
3,2.5,3070,14400,1.0,3,9,1720,1350,1985,0,47.3716,-122.321,13.217673557208654
4,2.5,3140,12792,2.0,0,9,3140,0,1977,0,47.3863,-122.156,12.89921982609012
3,2.5,1680,4584,2.0,0,7,1680,0,2003,0,47.4794,-122.182,12.676076274775909
3,1.0,1270,6612,1.5,3,7,1270,0,1927,0,47.5433,-122.264,13.15773052124162
4,2.5,1860,3840,1.5,0,7,1170,690,1928,2014,47.6886,-122.359,13.480037821676145
5,2.5,2340,5670,2.0,0,7,2340,0,2009,0,47.4913,-122.152,12.8790171187726
3,3.5,1590,1102,3.0,0,8,1590,0,2010,0,47.6824,-122.347,13.158695306651719
4,2.75,1900,6000,1.0,2,7,1300,600,1961,0,47.495,-122.229,13.045482333068371
3,2.0,1750,7000,1.0,0,8,1750,0,1993,0,47.3693,-122.041,12.802158113246987
4,1.5,1730,8505,1.5,0,7,1730,0,1961,0,47.4905,-122.347,12.506177237980511
3,1.75,2290,14800,1.0,0,8,1620,670,1965,0,47.7735,-122.273,13.060487973686241
3,2.0,1850,9600,1.0,0,7,1850,0,1968,1998,47.7671,-122.225,13.142166004700508
4,2.5,2610,4781,2.0,0,8,2610,0,2009,0,47.2649,-122.292,12.721885810807203
4,2.5,2510,47044,2.0,0,9,2510,0,1987,0,47.7699,-122.085,13.262125319779487
4,2.5,2280,2432,2.0,0,8,1520,760,1921,0,47.6605,-122.355,13.29967239237474
4,2.5,2360,5226,2.0,0,8,2360,0,2001,0,47.712,-122.229,13.304684934198283
3,2.25,2160,37000,1.5,0,7,1760,400,1933,0,47.7297,-122.139,13.217673557208654
4,2.5,2400,7092,2.0,0,7,2400,0,1997,0,47.7522,-122.338,13.00019574343012
3,2.5,2850,19593,1.5,4,10,1790,1060,1978,0,47.5894,-122.111,14.28551418721001
4,2.5,2130,4496,2.0,0,7,2130,0,2004,0,47.3041,-122.28,12.2783933071098
5,3.0,2700,5001,2.0,0,10,2700,0,2009,0,47.6811,-122.288,13.748301808270824
3,1.75,1760,3520,1.0,0,7,1160,600,1966,0,47.5773,-122.303,12.92391243868049
3,1.75,1670,5375,1.0,0,7,1270,400,1952,0,47.6416,-122.397,13.457406021215947
3,1.0,1420,8800,1.0,0,6,1090,330,1981,0,47.3746,-122.181,12.421184025147118
3,2.25,1380,1621,2.0,0,8,1140,240,2007,0,47.678,-122.375,13.071070083016778
3,2.5,2170,9900,1.0,0,7,1690,480,1980,0,47.3634,-122.031,12.39689959536784
4,2.0,1720,6099,1.0,0,7,860,860,1949,0,47.6765,-122.287,13.17115354157376
2,1.0,870,5340,1.5,0,6,870,0,1906,0,47.5849,-122.302,12.511017357532783
3,1.75,1680,10685,1.0,0,7,1680,0,1966,0,47.6556,-122.193,13.365309556014719
3,2.5,1280,5040,2.0,0,7,1280,0,1985,0,47.5611,-122.276,12.936033799212835
3,2.5,2280,58712,2.5,3,9,2280,0,1987,0,47.3053,-122.0,13.16158409055761
4,3.75,4100,61419,2.0,0,9,4100,0,2014,0,47.5626,-122.005,14.115615150414612
3,1.75,1340,12800,1.0,0,7,880,460,1981,0,47.4437,-122.137,12.66032791780777
4,1.75,1730,7980,1.0,0,8,1730,0,1965,0,47.6219,-122.138,13.151922179645874
5,3.5,2660,6978,2.0,0,8,1980,680,1996,0,47.2631,-122.212,12.713191407364837
4,1.5,1740,12728,1.0,0,7,1180,560,1964,0,47.2808,-122.3,12.487485104968359
6,2.75,3970,9500,1.0,0,10,2180,1790,1970,0,47.5956,-122.178,13.604789526648622
3,3.25,1710,2171,2.0,0,7,1400,310,2014,0,47.5434,-122.368,12.79104981192925
3,2.5,1980,2975,3.0,2,8,1980,0,1993,0,47.6294,-122.344,13.508985397711013
3,2.5,1770,5146,2.0,0,8,1770,0,1992,0,47.5704,-121.999,13.047639831208393
3,2.5,1500,7350,1.0,0,7,1060,440,1979,0,47.3025,-122.382,12.538967060803502
3,2.75,2910,3094,2.0,2,7,2010,900,1939,0,47.7071,-122.276,13.567049198665774
3,1.5,1940,9887,1.0,0,7,1140,800,1969,0,47.3289,-122.327,12.356645504009547
4,2.5,2870,11304,2.0,0,9,2870,0,1980,0,47.5547,-122.154,13.473020249017498
3,2.5,2390,6441,2.0,0,7,2390,0,2002,0,47.3659,-122.029,12.765545566117686
3,2.5,4570,10615,2.0,0,12,4570,0,1991,0,47.5533,-122.097,13.852806342707972
4,1.75,1620,4240,1.5,0,7,1620,0,1916,0,47.5746,-122.311,13.1470559899947
5,2.5,2570,9600,1.0,2,8,1620,950,1956,0,47.7216,-122.282,13.473020249017498
4,2.5,2710,8127,2.0,0,8,2710,0,1994,0,47.379,-122.032,12.89896979483491
4,3.25,4890,13402,2.0,0,13,4890,0,2004,0,47.5303,-122.131,14.392123922268269
3,2.0,1820,4418,2.0,0,8,1820,0,1994,0,47.6947,-122.19,13.401509118833824
3,1.75,2450,2691,2.0,0,8,1750,700,1915,0,47.6386,-122.36,13.750438561220559
4,1.75,2060,7900,1.0,0,7,1070,990,1957,0,47.6028,-122.12,12.886641043883259
2,1.75,1100,7600,1.0,0,6,1100,0,1980,0,47.4136,-122.318,12.152935547117044
4,2.25,1990,8548,2.0,0,8,1990,0,1973,0,47.667,-122.178,12.983101310070822
4,2.5,3200,12369,2.0,0,10,3200,0,1998,0,47.5273,-122.143,13.494100711839987
3,1.75,1770,8868,1.0,0,7,1770,0,1959,0,47.3188,-122.212,12.429216196844383
3,1.75,2000,7560,1.0,0,7,1300,700,1968,0,47.4346,-122.171,12.594730635321957
4,2.75,3730,8014,2.0,0,10,3730,0,2012,0,47.6036,-122.059,13.737549016494562
3,1.0,1040,8410,1.0,0,7,1040,0,1942,2014,47.453,-122.289,12.413046163681745
4,2.5,2700,17853,2.0,0,9,2700,0,1960,0,47.6463,-122.219,14.258656733040127
3,3.0,2960,5500,2.0,2,10,2440,520,1937,1990,47.6356,-122.402,14.108180171927094
4,2.5,2460,8029,2.0,0,9,2460,0,1989,0,47.6262,-122.03,13.36648533510373
3,2.0,1450,7300,1.5,0,7,1450,0,1955,0,47.7517,-122.342,12.834681304952548
3,2.5,1460,7573,2.0,0,8,1460,0,1983,0,47.6012,-122.141,13.017002861746503
3,2.25,2520,26943,1.0,0,7,1760,760,1977,0,47.7728,-122.25,12.948009990259552
3,2.5,1970,9607,2.0,0,7,1090,880,1988,0,47.3462,-122.286,12.57418196709457
3,1.5,2040,6000,1.0,0,7,1340,700,1957,0,47.5218,-122.286,12.721885810807203
3,1.75,2870,5000,1.5,0,8,1840,1030,1907,0,47.5788,-122.292,13.594863886848652
4,3.25,3460,7749,2.0,1,10,3020,440,1950,1998,47.6849,-122.273,14.375126345899696
4,2.5,2190,9880,1.0,0,8,1410,780,1979,0,47.6926,-122.186,13.353475098367715
4,2.5,2750,5767,2.0,0,9,2750,0,2005,0,47.3595,-122.038,12.947771866672285
3,2.25,1270,1406,2.0,0,8,1060,210,2014,0,47.6647,-122.284,13.294634598344782
3,2.0,960,9380,1.0,0,6,960,0,1949,0,47.4852,-122.343,12.254862809699606
2,1.0,1040,7200,1.0,0,6,1040,0,1955,0,47.6823,-122.203,13.440817108522863
2,2.5,1470,690,3.0,3,8,1470,0,2008,0,47.6523,-122.346,13.38472764187182
3,1.0,1240,7500,1.0,0,7,1240,0,1976,0,47.6199,-122.062,12.691426603322494
3,2.25,1790,2240,2.0,0,8,1790,0,1975,0,47.6343,-122.106,12.976412321920025
2,1.0,720,5820,1.0,1,6,720,0,1950,0,47.7598,-122.255,12.765688433465597
2,2.5,1480,2167,2.0,0,8,1390,90,2007,0,47.6658,-122.132,13.056223574899784
3,2.75,2000,6405,1.0,0,8,1260,740,1964,0,47.5066,-122.259,12.564795491086207
3,1.75,2160,5863,1.5,0,7,1260,900,1928,0,47.5729,-122.315,12.86099861326992
3,3.25,3410,25741,2.0,0,8,3410,0,1993,0,47.6929,-121.868,13.487006490992238
2,2.5,2600,5000,1.0,0,8,1300,1300,1926,0,47.5806,-122.379,13.407542319637992
4,2.0,1680,3813,2.0,0,7,1680,0,1900,0,47.593,-122.293,13.122363377404328
3,2.25,2400,16301,1.0,0,8,1400,1000,1962,0,47.6901,-122.282,13.296316684527767
2,1.0,760,3000,1.0,0,6,760,0,1922,0,47.6633,-122.357,13.180632285528304
5,3.25,4300,50405,2.0,0,8,3220,1080,1972,0,47.4615,-122.0,13.29379249303186
3,1.75,1440,7070,1.0,0,7,1440,0,1980,0,47.6947,-122.125,13.038981768465277
3,1.0,1740,5247,1.0,0,7,1270,470,1947,0,47.5049,-122.329,12.553202176625375
5,3.0,2400,10126,2.0,3,8,2400,0,1981,0,47.5726,-122.373,13.521139497361697
3,1.75,1270,8100,1.0,0,6,880,390,1950,0,47.4828,-122.344,12.75419405403986
3,1.75,1770,3880,1.0,0,8,1300,470,1963,0,47.6846,-122.392,13.410545324897761
1,0.75,680,9600,1.0,0,5,680,0,1947,0,47.6964,-122.306,12.206072645530174
3,2.25,1840,5752,2.0,0,7,1840,0,2003,0,47.7042,-122.187,13.049792684569493
4,2.25,1780,10748,2.0,0,8,1780,0,1964,0,47.762,-122.11,12.886641043883259
3,1.75,1480,8667,1.0,0,7,740,740,1954,0,47.5718,-122.136,13.124361380067002
3,2.5,1990,3478,2.0,0,10,1520,470,1990,0,47.6361,-122.399,13.017002861746503
4,2.5,3490,3677,2.0,0,9,2850,640,2007,0,47.774,-122.162,13.42984807715229
2,1.0,1120,4590,1.0,0,7,1120,0,1924,0,47.5663,-122.285,13.017002861746503
3,1.75,1910,10230,1.0,0,7,1290,620,1964,0,47.4185,-122.207,12.429216196844383
5,1.5,1690,7725,1.5,0,7,1690,0,1961,0,47.3859,-122.288,12.563397378310404
3,2.25,1550,5401,2.0,0,7,1550,0,2000,0,47.737,-121.967,12.765688433465597
6,1.75,1840,2774,1.0,0,7,1060,780,1900,0,47.6041,-122.31,13.399995114002609
4,2.5,1890,5395,2.0,0,7,1890,0,2006,0,47.5415,-121.883,12.87004844878984
4,2.0,1560,3840,1.0,0,6,960,600,1924,0,47.6882,-122.365,13.036805489042683
4,1.75,2080,13629,1.0,0,7,1040,1040,1955,0,47.4866,-122.232,12.560244459250788
5,2.5,2430,6168,2.0,0,8,2430,0,2007,0,47.5237,-122.199,13.127350918915369
4,2.5,3070,34412,1.0,3,9,2070,1000,1950,0,47.64,-122.24,14.467835744003965
4,1.0,1370,8499,1.0,0,7,1370,0,1949,0,47.736,-122.301,12.611537753638338
3,2.0,3660,22410,1.0,3,9,1830,1830,1947,0,47.6972,-122.4,13.997832114758229
3,1.75,1940,8729,1.0,0,8,1460,480,1960,0,47.7027,-122.282,13.568330428821824
5,3.5,2730,42500,1.0,0,8,1530,1200,1989,0,47.4587,-121.996,13.203943364396752
4,3.5,3040,4006,2.0,0,8,2350,690,2013,0,47.5439,-122.011,13.610943392223
2,1.0,930,7623,1.0,0,6,930,0,1942,0,47.467,-122.349,11.512925464970229
3,1.75,2650,11774,1.0,1,8,2240,410,1952,0,47.4909,-122.363,13.120361374733656
4,2.25,1780,10260,2.0,0,8,1780,0,1971,0,47.6647,-122.142,13.329377546788654
4,3.0,2580,7299,2.0,0,8,2580,0,1998,0,47.4646,-122.15,13.015891132893811
4,1.75,2540,7620,1.0,3,8,1320,1220,1948,0,47.5709,-122.406,13.39239051461739
3,2.5,1680,2000,3.0,0,9,1680,0,1909,1998,47.6604,-122.29,13.415032991367148
3,2.0,1700,6498,1.0,0,7,1700,0,1986,0,47.3781,-122.044,12.577636201962656
6,2.0,2350,6554,2.0,1,8,2000,350,1905,0,47.5115,-122.256,12.89921982609012
3,2.5,1780,4077,2.0,0,8,1780,0,2011,0,47.3568,-122.056,12.65075846679162
2,2.0,2360,11340,1.5,0,9,2360,0,1997,0,47.5835,-122.227,13.899392041944976
4,2.5,3340,5314,2.0,0,10,3340,0,2010,0,47.5167,-121.885,13.460263166016727
3,1.75,1580,7875,1.0,0,7,1580,0,1979,0,47.1958,-122.003,12.180754837545884
3,1.75,2020,9718,1.0,0,8,2020,0,1956,0,47.574,-122.21,13.426164831735994
2,1.0,1280,5400,1.0,0,7,1280,0,1964,0,47.6949,-122.371,13.122363377404328
5,2.25,2060,4800,2.5,0,8,2060,0,1907,0,47.66,-122.282,13.611239054032211
2,1.75,1930,11200,1.0,2,8,1430,500,1951,0,47.7576,-122.37,13.272506035834049
3,2.0,2060,4437,1.0,0,7,1030,1030,1929,0,47.5705,-122.376,13.038981768465277
3,2.25,1420,8549,2.0,0,7,1420,0,1989,0,47.3576,-122.039,12.524526376648708
2,2.0,1440,4666,1.0,0,8,1440,0,2010,0,47.709,-122.019,12.994416363073707
4,2.5,3052,12145,2.0,0,8,3052,0,2004,0,47.2598,-122.304,12.959844447906553
3,1.5,1950,7560,1.0,2,7,1320,630,1975,0,47.1976,-121.999,12.505992035646432
3,1.0,920,5200,1.0,0,6,920,0,1969,0,47.3603,-122.085,12.095141084822892
4,3.0,2300,7609,2.0,0,7,2300,0,1976,0,47.2943,-122.227,12.319401330837177
3,2.25,1920,9672,2.0,0,8,1920,0,1984,0,47.6233,-122.046,13.345506928718539
3,2.5,1270,9675,2.0,0,8,1270,0,1993,0,47.4639,-121.744,12.542544882151386
4,2.5,2340,8248,2.0,0,8,2340,0,1989,0,47.6314,-122.03,13.252514061869373
3,2.5,1470,1445,2.0,0,8,1160,310,2005,0,47.5468,-121.998,12.948009990259552
3,2.5,1040,2643,2.0,0,7,720,320,2004,0,47.5165,-122.268,12.254862809699606
3,1.75,1430,13399,1.0,0,7,900,530,1946,0,47.4787,-122.275,12.2783933071098
3,2.0,1640,4714,1.0,0,8,1640,0,2009,0,47.3539,-122.021,12.765545566117686
3,1.0,990,9798,1.0,0,7,990,0,1968,0,47.767,-122.164,12.524526376648708
4,2.75,2990,4521,2.0,0,7,2990,0,2014,0,47.7401,-122.226,13.244492510637393
2,1.5,1260,1575,2.0,0,7,1260,0,2001,0,47.5914,-122.295,12.832011076396668
4,2.5,1830,7762,2.0,0,8,1830,0,1993,0,47.267,-122.31,12.691580461311874
4,2.0,1780,15648,1.5,0,8,1780,0,1918,0,47.5849,-122.198,13.815510557964274
3,2.5,2360,9938,1.0,0,8,1690,670,1987,0,47.5374,-122.053,13.256894270361935
2,2.5,1620,14467,2.0,0,7,1620,0,1981,0,47.6306,-122.035,13.071070083016778
3,2.25,2410,9668,1.0,1,8,1540,870,1965,0,47.6996,-122.391,13.480736877978643
3,2.0,1470,1691,2.0,0,8,1000,470,2007,0,47.6743,-122.316,13.199324418540456
4,3.5,2650,3127,2.0,0,8,2230,420,2011,0,47.5381,-122.046,13.422393893036974
4,2.5,2160,6825,2.0,0,8,2160,0,1994,0,47.4111,-122.2,12.691580461311874
4,3.5,4320,8490,2.0,0,10,3280,1040,2005,0,47.5568,-122.029,13.854731271117556
3,2.0,2850,19200,1.0,3,8,2340,510,2004,0,47.3378,-122.348,13.209274749393625
3,2.0,1940,3800,1.0,0,7,1050,890,1927,0,47.6842,-122.309,13.348701819615057
3,2.25,1710,1193,2.0,0,9,1140,570,2014,0,47.6173,-122.31,13.437174117244362
4,2.5,3450,35100,2.0,0,10,3450,0,1987,0,47.7302,-122.106,13.632188500836737
4,2.5,2580,4818,2.0,0,8,2580,0,2005,0,47.3607,-122.038,12.84779494409793
4,3.25,3030,5164,1.5,0,9,2700,330,1925,0,47.6394,-122.299,14.115615150414612
3,2.5,1300,3612,2.0,0,7,1300,0,2005,0,47.5328,-122.282,12.644327576461329
4,3.0,3150,9130,2.0,0,9,3150,0,2001,0,47.5974,-122.017,13.45166712454693
4,2.25,2270,9600,1.0,0,7,1290,980,1976,0,47.3261,-122.355,12.62806377689565
3,1.5,1072,4339,2.0,0,7,1072,0,2009,0,47.386,-122.162,12.429216196844383
5,2.5,2350,4000,2.0,0,9,2350,0,1993,0,47.6265,-122.296,13.830399170458024
5,2.5,2510,10240,1.0,0,8,1410,1100,1984,0,47.4732,-122.141,13.017002861746503
3,1.0,1010,7920,1.0,0,6,1010,0,1925,0,47.5249,-122.37,12.873902018105829
2,1.0,2240,7200,1.0,0,7,1120,1120,1940,0,47.5631,-122.271,12.983101310070822
3,2.25,2110,8000,2.0,0,8,2110,0,1975,0,47.7311,-122.204,12.86099861326992
4,3.0,1920,4000,1.5,0,8,1540,380,1931,0,47.5718,-122.385,13.411294669256542
3,2.0,1010,7896,1.0,0,7,1010,0,1984,0,47.4046,-122.181,12.206072645530174
3,3.5,1522,1465,2.0,0,8,1248,274,2006,0,47.6922,-122.375,12.917796211663054
5,2.5,2250,7176,1.0,0,7,1310,940,1983,0,47.4486,-122.194,12.765545566117686
3,2.5,2550,13458,2.0,0,9,2550,0,1990,0,47.5586,-122.121,13.480037821676145
4,4.25,4720,21000,3.0,4,11,4720,0,1971,0,47.7591,-122.376,14.237504968023648
4,2.5,2740,7571,2.0,0,9,2740,0,2009,0,47.6962,-122.179,13.467370516475379
3,3.5,3470,4171,3.0,0,9,3470,0,2008,0,47.711,-122.229,13.634947454185182
3,1.75,1470,9750,1.0,0,7,1470,0,1978,0,47.6975,-122.12,13.102160670086809
4,2.5,2850,11000,2.0,0,8,2850,0,1998,0,47.6759,-122.161,13.541073712262515
3,1.75,1470,8350,1.0,0,7,1470,0,1990,0,47.2587,-122.253,12.26434155365415
3,1.75,1790,50529,1.0,0,7,1090,700,1965,0,47.3511,-122.073,12.762827201184564
3,2.25,1690,7320,2.0,0,7,1690,0,1987,0,47.3889,-122.316,12.58621994565405
4,2.5,3190,14565,2.0,0,11,3190,0,1990,0,47.713,-122.072,13.676248490630767
2,1.5,1110,3600,1.0,0,7,1110,0,1904,0,47.6382,-122.359,13.527828485512494
3,2.0,1130,16875,1.0,0,7,1130,0,1947,0,47.7489,-122.3,12.764258840656002
3,1.75,1290,6604,1.0,0,7,1290,0,1984,0,47.323,-122.349,12.354492650648448
3,1.75,1520,6380,1.0,0,7,790,730,1948,0,47.695,-122.304,12.989974189358584
4,2.5,2290,26720,2.0,0,8,2290,0,1977,0,47.7502,-122.374,13.353475098367715
2,2.25,1040,1516,2.0,0,8,1040,0,2008,0,47.6037,-122.307,12.971540487669746
4,2.25,2500,8866,2.0,0,9,2500,0,1987,0,47.6604,-122.146,13.602317337503232
3,2.25,2510,12013,2.0,0,8,2510,0,1988,0,47.3473,-122.314,12.788288265382837
4,2.5,3280,209088,2.0,0,10,3280,0,1994,0,47.6553,-122.023,13.737549016494562
4,1.5,1380,7800,1.0,0,7,1080,300,1928,0,47.7093,-122.306,13.075271769870477
5,2.5,2090,4698,2.0,0,7,2090,0,1998,0,47.3538,-122.025,12.66032791780777
3,1.75,1330,7500,1.0,0,8,1330,0,1961,0,47.6074,-122.195,13.57598352739954
3,1.0,1110,9827,1.0,0,7,1110,0,1966,0,47.369,-122.311,12.287652632522597
3,1.5,1390,2153,2.0,0,7,1390,0,2001,0,47.5506,-122.29,12.496874845318198
5,1.75,2170,9752,1.0,0,7,1100,1070,1962,0,47.3355,-122.331,12.535376392672774
3,2.25,2420,23507,1.0,0,8,2420,0,1969,0,47.5107,-122.027,13.56047378176299
4,2.5,2190,6300,1.0,3,7,1240,950,1960,0,47.6918,-122.216,13.9108207377686
4,2.5,2780,35000,1.0,0,9,2780,0,1985,0,47.7386,-122.091,13.421356241001977
4,2.0,2130,2800,1.0,0,7,1070,1060,1922,0,47.6545,-122.333,13.592367006650065
2,2.5,1230,987,2.0,0,7,1060,170,2011,0,47.6007,-122.305,12.84792653170257
3,1.5,1180,1231,3.0,0,7,1180,0,2008,0,47.6845,-122.315,12.983101310070822
2,2.5,1720,3132,2.0,0,8,1720,0,1999,0,47.3728,-122.157,12.367128004530962
5,3.0,2620,5477,2.0,0,10,2620,0,2009,0,47.6804,-122.288,13.790192749979985
3,1.75,1370,10050,1.0,1,7,1370,0,1966,0,47.3338,-122.341,12.498742259492994
4,2.5,3320,8325,2.5,0,10,3320,0,1905,0,47.6263,-122.314,14.403297222866392
2,1.0,900,4800,1.0,0,6,780,120,1944,0,47.6575,-122.4,13.179688444023599
3,1.75,1600,2538,2.0,0,7,1600,0,1929,0,47.6447,-122.327,13.64709190633931
4,1.75,1820,6930,1.0,2,7,1320,500,1952,0,47.5053,-122.242,12.765688433465597
1,1.0,1310,8667,1.5,0,6,1310,0,1918,0,47.6059,-122.313,13.262125319779487
3,2.25,1050,572,2.0,0,7,740,310,2006,0,47.5549,-122.363,12.429216196844383
6,2.25,2770,5854,1.5,0,8,2120,650,1921,0,47.6466,-122.304,13.437174117244362
3,2.75,3890,7216,2.0,1,8,3260,630,1967,2010,47.5445,-122.266,13.892471599100402
3,2.25,2000,7560,1.0,0,7,1400,600,1979,0,47.4798,-122.228,12.611537753638338
3,1.0,1590,7759,2.0,0,7,1590,0,1912,1984,47.5217,-121.819,12.685407602204794
5,1.75,1990,27810,1.0,0,7,1990,0,1955,0,47.3325,-122.35,12.128111104060462
3,1.0,1260,7897,1.0,0,7,1260,0,1979,0,47.1946,-122.003,12.2783933071098
4,1.75,1570,18730,1.0,0,7,1200,370,1960,0,47.3999,-122.301,12.387977448827787
4,5.25,4140,14757,2.0,2,11,4140,0,2005,0,47.5871,-121.969,13.87377946608825
4,2.25,2620,98881,1.0,0,7,1820,800,1952,0,47.4662,-122.453,13.17115354157376
4,2.5,2630,48706,2.0,0,8,2630,0,1986,0,47.775,-122.125,13.345506928718539
3,2.0,1570,14992,1.0,0,8,1570,0,2001,0,47.6965,-121.922,12.736700896592344
4,3.75,4740,126759,2.0,0,10,4740,0,1991,0,47.4449,-121.979,13.863347887378435
4,2.0,1630,7618,1.5,0,7,1630,0,1967,0,47.3658,-122.317,12.577636201962656
3,2.0,1650,6408,2.0,0,8,1650,0,1977,0,47.6638,-122.128,12.994530005894443
5,2.25,2440,20828,1.5,0,8,2440,0,1975,0,47.3762,-122.158,13.102140261715295
5,4.5,5220,67319,2.0,0,11,5220,0,2001,0,47.7666,-122.128,14.26339638195639
5,3.0,2270,6664,1.0,0,7,1340,930,1995,0,47.7191,-122.315,12.942039823273047
5,1.75,1400,5071,1.0,0,5,1400,0,1916,0,47.6499,-121.908,12.959844447906553
3,2.0,1010,12252,1.0,0,8,1010,0,1980,0,47.6224,-122.045,12.89921982609012
3,2.5,1900,6224,2.0,0,7,1900,0,2005,0,47.5941,-122.004,13.19188944005294
4,2.25,2250,41688,2.0,0,8,2250,0,1980,0,47.6695,-122.05,13.251635713108469
3,2.0,1470,7694,1.0,0,7,1470,0,1992,0,47.3539,-122.054,12.445089546000673
4,2.5,2710,6558,2.0,0,9,2710,0,1997,0,47.434,-122.109,13.028052697933088
4,2.5,2830,13760,2.0,0,8,2830,0,1993,0,47.7334,-121.97,13.15773052124162
2,1.0,790,14200,1.0,0,7,790,0,1951,0,47.459,-122.285,12.196022309676673
5,4.5,5160,44315,2.0,0,12,5160,0,1996,0,47.6568,-122.154,14.457364444136669
2,1.5,1920,6250,1.0,0,7,1060,860,1937,0,47.6497,-122.393,13.112313041550827
3,2.0,1870,5455,1.0,0,7,1060,810,1926,0,47.7029,-122.297,13.163505320735505
3,1.5,1410,8415,1.0,0,7,780,630,1982,0,47.2914,-122.368,12.2783933071098
5,2.75,2860,5280,2.0,0,9,2860,0,2006,0,47.707,-122.102,13.529160930746272
3,1.0,1190,8820,1.0,0,6,1190,0,1959,0,47.4616,-122.184,12.0254496453718
4,2.5,1680,6655,2.0,0,7,1680,0,2001,0,47.3867,-122.191,12.27092361784979
3,2.25,1300,907,2.0,0,8,1000,300,2006,0,47.6371,-122.327,13.240146413060712
3,2.5,1680,6755,2.0,0,8,1680,0,1994,0,47.3293,-122.17,12.323855681186558
3,1.75,1070,7200,1.0,0,7,1070,0,1994,0,47.3134,-122.023,12.245293358683455
3,2.0,2520,3959,1.0,0,8,1270,1250,1931,0,47.6693,-122.289,13.665849783409868
2,1.0,870,7975,1.0,2,7,870,0,1946,0,47.6698,-122.361,13.071070083016778
2,1.5,1010,1309,2.0,0,7,860,150,2007,0,47.5659,-122.286,12.57418196709457
4,1.75,1760,7268,1.0,0,7,1080,680,1979,0,47.4267,-122.148,12.72635342806692
2,1.0,960,4800,1.5,0,6,960,0,1912,0,47.5752,-122.411,12.691580461311874
4,2.5,2910,8881,2.0,1,10,1940,970,1932,0,47.6424,-122.411,13.9108207377686
3,3.0,1790,13350,1.0,0,7,1190,600,1988,0,47.4958,-122.262,12.724866438945341
3,1.0,1100,9750,1.0,0,7,1100,0,1966,0,47.3248,-122.345,12.167851432709975
3,2.0,1290,7952,1.0,0,7,1290,0,1998,0,47.3867,-122.19,12.375815420117268
5,4.5,4300,12250,2.0,0,10,4300,0,2004,0,47.5557,-122.027,13.790192749979985
2,1.0,680,8064,1.0,0,6,680,0,1941,0,47.469,-122.298,11.614579118696728
3,2.0,2060,4080,1.0,0,7,1060,1000,1921,0,47.574,-122.289,13.316284070041636
3,1.5,2600,5085,1.0,0,7,1400,1200,1940,0,47.5659,-122.376,13.199324418540456
4,2.5,2820,5612,2.0,0,9,2820,0,2007,0,47.7477,-122.236,13.279367126213993
2,1.0,920,5000,1.0,0,6,490,430,1949,0,47.7008,-122.338,12.54361573715288
4,2.5,4040,9630,1.0,3,9,2020,2020,1951,0,47.6408,-122.41,14.151982794585487
4,2.5,2640,4725,2.0,0,8,2640,0,2014,0,47.371,-122.017,12.87266278904011
3,1.0,1060,8040,1.0,0,6,1060,0,1949,0,47.7121,-122.287,12.861258319803
3,1.75,1750,16748,1.0,0,7,1330,420,1978,0,47.7421,-122.089,12.983101310070822
5,2.5,3160,5635,2.0,0,9,3160,0,2003,0,47.5362,-122.067,13.437174117244362
4,2.5,2040,109336,1.5,0,8,2040,0,1973,0,47.4193,-121.958,12.834681304952548
3,1.0,1220,8119,1.0,0,7,1220,0,1955,0,47.6328,-122.236,13.753635154246187
5,2.0,2800,17788,1.0,0,8,1400,1400,1963,0,47.6719,-122.163,13.407542319637992
3,2.25,2680,41250,2.0,0,7,2680,0,1984,0,47.4817,-121.749,13.287877815881902
9,4.5,3830,6988,2.5,0,7,2450,1380,1938,0,47.6927,-122.338,13.304683267530228
3,2.5,1810,5192,2.0,0,8,1810,0,1993,0,47.3724,-122.042,12.744026936684417
3,1.75,1900,11165,1.0,0,7,1900,0,1959,0,47.5789,-122.118,13.231217782316412
4,2.75,2840,4000,1.5,0,8,1960,880,1912,0,47.5846,-122.291,13.676248490630767
5,2.25,2100,6936,1.0,0,8,1600,500,1974,0,47.6737,-122.169,13.248114582709889
4,2.25,2380,17199,2.0,0,8,1530,850,1979,0,47.7668,-122.27,13.060487973686241
3,1.75,1570,4875,1.0,0,7,1310,260,1977,0,47.3621,-122.094,12.278160721924428
3,1.0,970,7790,1.0,0,6,970,0,1967,0,47.3165,-122.325,12.296827008798639
3,1.0,1050,5500,1.0,0,6,930,120,1920,0,47.5402,-122.38,12.983101310070822
3,2.5,1630,4534,2.0,0,8,1630,0,1987,0,47.7148,-122.205,12.953044912785026
3,1.75,2250,11520,1.0,1,8,2250,0,1956,0,47.7619,-122.268,13.507625778194974
4,1.5,2170,9948,2.0,0,7,2170,0,1952,0,47.4263,-122.331,12.180754837545884
2,1.0,1130,5236,1.0,0,6,1130,0,1942,0,47.5103,-122.386,12.859699067927835
3,2.5,1800,8697,2.0,0,8,1800,0,1987,0,47.3115,-122.4,12.542544882151386
4,1.5,1540,7168,1.0,0,7,1160,380,1964,0,47.455,-122.198,12.751299696013497
4,2.5,2701,5821,2.0,0,7,2701,0,2013,0,47.2873,-122.177,12.506177237980511
4,2.5,2060,10125,2.0,0,7,1560,500,1979,0,47.764,-122.262,12.983101310070822
3,2.5,2010,7200,2.0,0,8,2010,0,1994,0,47.7372,-122.223,13.151922179645874
3,2.25,1830,11331,1.0,0,7,1250,580,1965,0,47.2899,-122.287,12.345834587905333
2,1.75,1820,8409,1.0,0,6,910,910,1948,0,47.7538,-122.327,12.751299696013497
4,2.75,2960,5040,2.0,3,9,2210,750,1952,1993,47.5747,-122.408,13.661776458022231
4,2.5,1981,4828,2.0,0,8,1981,0,2013,0,47.3252,-122.167,12.61153442029945
2,1.0,1790,15783,1.0,0,8,1360,430,1959,0,47.691,-122.387,13.235692062711331
4,1.75,1850,6000,1.0,0,6,1270,580,1944,0,47.4923,-122.247,12.345834587905333
3,1.5,1410,3600,1.0,0,7,1410,0,1906,0,47.6402,-122.357,13.348223236212768
5,4.25,4660,16200,2.0,2,11,4660,0,2005,0,47.6326,-122.216,14.786706055007715
3,3.5,1900,4805,2.0,0,8,1560,340,1999,0,47.5686,-122.315,12.86099861326992
2,1.75,2330,10143,1.0,2,7,1220,1110,1953,0,47.4899,-122.359,13.442996549995796
4,2.25,2580,8820,1.0,0,9,1620,960,1967,0,47.3122,-122.376,12.628067055589549
2,1.75,1160,4848,2.0,1,7,1160,0,1949,0,47.542,-122.265,12.871334622600584
3,2.5,1970,4058,2.0,0,7,1970,0,2004,0,47.5308,-121.853,12.945626198904275
4,2.25,2360,2500,2.0,3,8,1520,840,2001,0,47.6771,-122.358,13.45166712454693
2,1.0,700,5100,1.0,0,5,700,0,1953,0,47.4957,-122.168,12.245293358683455
4,2.5,3510,24604,2.0,0,10,3510,0,1997,0,47.6772,-122.056,13.569610019527449
3,2.0,1030,11118,1.0,0,7,1030,0,1970,0,47.3463,-122.308,12.388394202324129
3,2.5,1990,4936,2.0,0,8,1990,0,2004,0,47.5911,-122.018,13.20835757057119
3,2.25,1760,5421,2.0,0,7,1760,0,1991,0,47.3484,-122.037,12.611537753638338
4,2.75,2820,8009,2.0,0,9,2820,0,2001,0,47.6,-121.977,13.432784936825598
2,2.5,1770,7155,2.0,4,8,1770,0,1957,2004,47.7345,-122.285,13.976778705560397
4,3.5,3560,6098,2.0,0,10,3560,0,2006,0,47.5828,-121.972,13.579788224443204
3,1.5,1520,9041,1.0,0,7,1520,0,1954,0,47.6158,-122.213,13.604789526648622
3,1.75,1690,8901,1.0,0,7,1690,0,1986,0,47.3546,-122.176,12.203569515312056
5,4.75,6390,13180,2.0,0,10,4560,1830,1940,0,47.6312,-122.291,14.7182498828867
3,2.5,2000,9202,2.0,0,7,2000,0,1992,0,47.3516,-122.057,12.323855681186558
2,1.5,1400,5810,2.0,0,7,1400,0,1940,0,47.6843,-122.341,13.262125319779487
3,2.5,2430,5400,2.0,0,8,2430,0,2007,0,47.6062,-122.057,13.217673557208654
3,1.75,1650,11220,1.0,0,7,1650,0,1969,0,47.7567,-122.071,12.796633237315017
3,3.5,2630,4713,2.0,2,9,2030,600,2008,0,47.5473,-122.016,13.45166712454693
3,3.5,3420,23786,1.5,0,9,3420,0,2014,0,47.4739,-122.11,13.395506266304954
3,3.25,5020,12431,2.0,4,10,3420,1600,1941,2002,47.5925,-122.287,15.096444403426338
3,2.25,1370,7087,2.0,0,7,1370,0,1993,0,47.3504,-122.035,12.48559653028049
4,3.25,3720,7150,2.0,2,11,3720,0,2007,0,47.5359,-122.069,13.795307850646754
4,1.75,2460,5750,1.5,3,7,1620,840,1919,0,47.5601,-122.378,13.422467969854667
4,2.75,2880,4000,1.5,0,9,2100,780,1912,2000,47.5843,-122.293,13.534473028231162
3,2.25,1640,1023,3.0,0,8,1640,0,2014,0,47.6636,-122.319,13.37700559577791
3,3.0,3910,19023,2.0,0,11,3910,0,1985,0,47.6953,-121.914,13.5985975564007
3,2.5,1710,10341,2.0,2,7,1710,0,1986,0,47.3494,-122.171,12.567237494741757
4,2.5,2440,4850,2.0,0,8,2440,0,2013,0,47.7043,-122.114,13.52199953011205
2,1.0,920,4095,1.0,0,6,920,0,1914,0,47.5484,-122.278,12.782686009834167
4,2.5,2150,6807,2.0,0,8,2150,0,1991,0,47.4053,-122.189,12.665078520566368
3,1.0,1390,4820,1.0,0,7,910,480,1926,0,47.704,-122.343,12.765688433465597
4,1.75,2150,9148,1.0,0,7,2150,0,1955,0,47.5828,-122.197,13.592367006650065
2,1.75,1350,6315,1.0,0,8,1350,0,2005,0,47.7141,-122.032,12.969212197910155
6,2.25,2930,15949,1.0,0,8,1730,1200,1965,0,47.7188,-122.185,12.969911254212652
6,3.0,2320,4502,1.0,0,7,1200,1120,1987,0,47.5552,-122.3,12.858397831569864
5,2.25,2650,9140,1.0,1,8,1350,1300,1965,0,47.7772,-122.387,13.19188944005294
6,2.5,2590,11250,1.0,0,8,1390,1200,1978,0,47.4608,-122.196,12.611537753638338
1,1.0,710,4000,1.0,0,6,610,100,1928,0,47.6562,-122.354,12.873902018105829
4,2.5,2860,5576,2.0,0,8,2860,0,2004,0,47.745,-122.224,13.38472764187182
4,1.5,2670,10026,2.0,0,8,2670,0,1996,0,47.2659,-122.215,12.757080058928997
4,2.5,1740,7895,2.0,0,7,1740,0,1999,0,47.3401,-122.282,12.618182296357007
5,1.0,1920,19040,1.0,0,7,1160,760,1961,0,47.4756,-122.294,12.345834587905333
3,1.0,1180,7200,1.5,0,7,1180,0,1949,0,47.7121,-122.333,12.959844447906553
3,2.5,2430,5128,1.0,1,8,1270,1160,1978,0,47.5198,-122.389,13.235692062711331
3,1.75,1530,7245,1.0,0,7,1530,0,1984,0,47.731,-122.191,12.994530005894443
4,3.5,3390,3960,2.0,0,10,3390,0,2008,0,47.5406,-121.995,13.560618308335483
2,1.0,1110,3943,1.0,0,6,740,370,1916,0,47.6436,-122.352,12.92513120787462
3,2.5,2150,8221,2.0,0,8,2150,0,1992,0,47.5085,-122.15,13.060487973686241
3,1.75,1980,5100,1.0,0,7,1270,710,1965,0,47.6911,-122.347,12.977337605354071
5,1.75,1260,4500,1.5,0,7,1260,0,1926,0,47.6452,-122.369,13.38472764187182
5,2.5,4320,107157,1.0,0,8,2160,2160,1967,0,47.4009,-122.059,13.244581010128577
2,1.5,1290,1749,1.0,0,8,660,630,1969,0,47.6118,-122.116,12.500606192931057
4,2.75,2400,104108,2.0,0,8,2400,0,1988,0,47.4686,-121.989,13.287877815881902
3,1.0,1250,7654,1.0,0,7,1000,250,1952,0,47.7289,-122.291,12.524526376648708
3,2.5,1730,8076,2.0,0,8,1730,0,1994,0,47.2619,-122.308,12.602369183797052
2,1.0,1790,3760,1.5,0,8,1490,300,1912,0,47.5926,-122.293,13.253391639810733
3,1.75,1630,4275,1.5,3,7,1630,0,1908,0,47.6851,-122.322,13.248114582709889
3,2.5,1610,2937,2.0,0,8,1610,0,2006,0,47.4489,-122.188,12.577636201962656
4,3.75,4490,34982,2.0,0,12,4490,0,1998,0,47.6406,-122.156,14.334304351379442
3,1.5,1370,7439,1.0,0,6,1370,0,1963,0,47.4499,-122.189,12.380025952653611
3,1.0,1200,8316,1.0,0,6,1200,0,1953,0,47.3231,-122.215,12.154779351142624
4,2.5,4240,43995,2.0,0,10,4240,0,1989,0,47.6008,-122.044,13.963930563082547
4,3.5,3090,100835,2.0,0,9,3090,0,1999,0,47.3087,-122.088,13.422467969854667
3,2.0,1270,3090,2.0,0,7,1270,0,1911,0,47.685,-122.359,13.253391639810733
3,2.5,1420,1237,3.0,0,8,1420,0,2014,0,47.674,-122.387,13.142166004700508
4,2.25,1880,3000,2.0,0,8,1760,120,1909,1977,47.6864,-122.349,13.331813601586536
2,1.0,1400,10800,1.0,0,7,1400,0,1974,0,47.7726,-122.21,12.691580461311874
5,3.25,5180,19606,1.0,0,11,2610,2570,1993,0,47.555,-122.114,13.993656743347747
4,2.5,3250,5000,2.0,0,8,3250,0,2008,0,47.4988,-122.148,13.270783382522602
3,3.5,3380,108900,2.0,0,9,2700,680,1999,0,47.4316,-122.075,13.224919965729422
4,2.0,1610,6200,1.0,0,7,1610,0,1979,0,47.3833,-122.306,12.402872221504781
2,1.0,860,2599,1.0,0,6,860,0,1901,0,47.675,-122.379,12.911642346088676
3,3.0,2470,11900,2.0,0,9,2290,180,1976,0,47.641,-122.057,13.399995114002609
4,1.75,1620,10530,1.0,0,7,1620,0,1968,0,47.3808,-122.211,12.429016176841717
3,2.5,2930,9280,2.0,0,10,2930,0,1988,0,47.6335,-122.151,13.715690222682063
3,2.75,3200,6699,2.0,0,9,3200,0,2004,0,47.5884,-121.991,13.475833190394113
6,4.5,3300,7561,2.0,0,8,3300,0,1980,0,47.6795,-122.104,13.142166004700508
3,1.5,1970,10080,1.0,0,7,1970,0,1966,0,47.4703,-122.276,12.915339207970002
3,2.0,1650,6150,2.0,0,7,1650,0,1926,1993,47.5713,-122.394,13.287877815881902
4,2.25,2380,128937,1.0,0,7,2380,0,1960,0,47.4253,-122.043,12.529966099944527
2,1.0,1890,4700,1.0,0,7,1030,860,1928,0,47.6747,-122.391,13.334243736439827
3,1.0,1660,8839,1.0,0,7,1660,0,1947,0,47.7485,-122.3,12.8802918162046
3,1.0,860,6635,1.0,0,6,860,0,1952,0,47.7508,-122.339,12.2783933071098
5,2.75,2710,4500,2.0,0,8,2710,0,2014,0,47.3547,-122.062,12.946470710938664
3,3.5,1460,1021,2.0,0,8,1150,310,2006,0,47.6169,-122.309,13.253391639810733
3,2.0,1100,6360,1.0,0,7,1100,0,1991,0,47.3878,-122.052,12.388394202324129
5,2.5,4600,23250,1.5,2,9,3600,1000,1918,2003,47.623,-122.218,14.694307085410848
3,1.75,1520,12282,1.0,0,8,1220,300,1978,0,47.7516,-122.299,12.793859310432293
3,2.5,1520,9864,1.0,0,7,1160,360,1993,0,47.3186,-122.171,12.388394202324129
3,1.5,1700,8247,1.0,0,7,1010,690,1970,0,47.4216,-122.174,12.425208175446844
3,1.0,1040,6860,2.0,0,6,1040,0,1942,0,47.5121,-122.375,12.384218830913648
3,1.75,1250,9486,1.0,0,6,1250,0,1971,0,47.4341,-122.446,12.594730635321957
4,2.25,2110,10698,2.0,0,8,2110,0,1979,0,47.5614,-122.082,13.244581010128577
3,1.0,1690,13184,1.0,0,7,1690,0,1959,0,47.476,-122.343,12.468436909997665
3,1.0,990,8100,1.0,0,6,990,0,1949,0,47.4839,-122.341,12.429216196844383
3,1.0,1590,4600,1.5,0,7,1290,300,1926,0,47.6807,-122.399,13.257768014410532
3,1.0,910,7700,1.0,0,7,910,0,1971,0,47.7303,-122.238,12.611537753638338
3,1.5,1500,6332,1.0,0,7,1500,0,1953,0,47.7274,-122.312,12.714395139078047
3,2.25,2750,6203,1.0,4,7,1620,1130,1959,0,47.6163,-122.068,14.316285845876763
3,1.5,1200,2002,2.0,0,8,1200,0,1966,0,47.4659,-122.189,11.84939770159144
3,1.5,1320,4400,1.0,0,6,1320,0,1909,0,47.6231,-122.292,12.765688433465597
4,1.0,1360,5766,1.5,0,7,1360,0,1951,0,47.6827,-122.289,13.199324418540456
3,1.75,1570,10939,1.0,0,8,1200,370,1974,0,47.6389,-122.102,13.151922179645874
4,2.0,2070,9822,1.0,0,7,2070,0,1955,0,47.566,-122.14,12.834681304952548
3,1.75,1920,4000,1.0,0,7,1070,850,1950,0,47.6392,-122.318,13.329377546788654
3,1.0,1180,3600,1.5,0,7,1180,0,1926,0,47.6337,-122.28,13.35426843438711
3,1.0,960,8100,1.0,0,7,960,0,1955,0,47.7763,-122.305,12.608198852372823
3,2.5,1650,4929,2.0,0,7,1520,130,2007,0,47.5634,-122.298,12.994530005894443
2,2.0,1140,690,2.0,0,8,760,380,2014,0,47.6205,-122.3,13.253391639810733
3,1.0,1340,18552,1.5,0,5,1340,0,1935,0,47.7129,-121.325,11.982929094215963
4,2.5,2520,10850,1.0,0,8,1680,840,1968,0,47.7751,-122.284,13.304684934198283
3,1.0,1790,6120,1.0,0,6,1790,0,1937,1964,47.508,-122.337,12.323855681186558
4,3.0,2460,9606,1.0,0,8,2460,0,2012,0,47.4889,-122.317,12.542544882151386
3,2.5,1580,5725,2.0,0,7,1580,0,2004,0,47.7611,-122.161,12.834681304952548
3,2.0,2130,5000,1.5,0,7,1330,800,1925,0,47.6746,-122.362,13.38779984090879
4,1.0,1430,8355,1.5,0,7,1430,0,1983,0,47.3178,-122.174,12.321630986164447
3,2.75,2830,505166,1.0,3,8,1830,1000,1962,0,47.3782,-122.514,13.81451005763069
3,1.0,1440,11925,1.0,0,7,1440,0,1968,0,47.2738,-122.3,12.345399710751273
4,3.5,2600,5100,2.0,0,8,1820,780,2003,0,47.6948,-122.395,13.490472698968725
3,3.0,2700,47050,2.0,0,9,1570,1130,1986,0,47.4446,-122.104,12.948009990259552
3,2.0,1470,2781,2.0,0,6,1470,0,2003,0,47.349,-122.024,12.429216196844383
3,3.25,3440,4080,2.0,0,9,2560,880,2005,0,47.6644,-122.28,14.096205779116488
4,3.0,3590,89640,2.0,0,10,3590,0,2005,0,47.7557,-122.036,13.686540176667314
4,1.5,1500,2106,2.0,0,7,1500,0,2014,0,47.5669,-122.297,12.114877985345247
2,1.5,1200,5773,2.0,0,7,1200,0,1985,0,47.4723,-122.19,12.429216196844383
4,2.75,2970,12750,1.5,1,7,2130,840,1918,1986,47.6135,-122.213,14.26339638195639
3,2.0,1590,5009,2.0,0,6,1590,0,1985,0,47.7012,-122.322,13.045482333068371
3,1.75,2800,19386,1.0,4,8,1400,1400,1965,0,47.3554,-122.324,13.38472764187182
3,1.75,2000,9900,1.0,2,8,1480,520,1957,0,47.4436,-122.339,12.994530005894443
3,2.75,3410,9360,1.5,0,8,3410,0,1967,0,47.4497,-122.147,13.122363377404328
3,2.0,1960,13100,1.0,2,8,1650,310,1957,0,47.4419,-122.34,12.90669184092882
3,2.5,2220,20531,2.0,0,8,2220,0,1998,0,47.2864,-122.264,12.854353204750012
4,2.5,2290,3777,2.0,0,7,2290,0,2004,0,47.3617,-122.308,12.535376392672774
4,2.0,2170,5404,1.5,0,6,1470,700,1920,0,47.3046,-122.22,12.429216196844383
3,2.25,2600,15000,2.0,0,9,2600,0,1978,0,47.3719,-122.056,12.966878474563934
3,2.5,1630,7586,2.0,0,8,1630,0,1986,0,47.5689,-122.023,13.071070083016778
3,2.5,2860,4442,2.0,0,8,2860,0,2000,0,47.661,-122.396,13.591116224748411
3,2.0,1460,9759,1.0,0,7,1460,0,1972,0,47.6644,-122.144,13.112313041550827
4,3.5,2770,8763,2.0,0,8,2100,670,1996,0,47.2625,-122.308,12.791077667470416
3,1.0,1500,4500,1.0,0,7,1120,380,1938,0,47.6873,-122.385,13.267329147654515
3,2.5,2080,4307,2.0,0,7,2080,0,2004,0,47.53,-121.848,12.815838217151068
5,4.0,4440,9270,1.0,0,10,2220,2220,1968,0,47.5708,-122.212,14.074021253115776
3,1.5,1400,8840,1.0,0,6,1400,0,1952,0,47.7273,-122.309,12.786191095792114
3,3.25,3230,7800,2.0,3,10,3230,0,2005,0,47.6348,-122.403,14.389874202534253
3,1.0,1070,9000,1.0,0,7,1070,0,1950,0,47.4061,-122.33,12.487485104968359
3,2.0,1050,10072,1.0,0,7,1050,0,1986,0,47.7341,-121.976,12.611537753638338
2,1.0,1230,7560,1.0,0,7,1230,0,1961,0,47.7298,-122.34,12.745485726148077
4,2.25,2160,8817,1.0,0,7,1460,700,1965,0,47.7595,-122.356,13.122263372403996
3,1.75,2600,15064,1.0,0,8,1700,900,1967,0,47.64,-122.204,13.664687668229691
4,2.0,1820,7200,1.0,0,7,1300,520,1976,0,47.5161,-122.388,13.214942558697421
4,2.5,2600,7787,2.0,0,8,2600,0,2005,0,47.4877,-122.139,13.081541382884074
3,1.0,1400,9460,1.0,0,7,1060,340,1961,0,47.5119,-122.321,12.487485104968359
3,1.75,2360,4063,1.0,0,7,1180,1180,1940,0,47.6902,-122.382,13.35624902525044
4,2.5,2210,4861,2.0,0,9,2210,0,2013,0,47.6959,-122.364,13.38472764187182
4,4.0,3010,7221,2.0,0,10,3010,0,2004,0,47.5833,-121.97,13.547631112808673
3,1.75,1790,15142,1.0,0,7,1360,430,1976,0,47.7362,-122.172,12.936033799212835
3,1.0,1250,8800,1.0,0,7,1250,0,1955,0,47.497,-122.357,12.345834587905333
2,1.0,910,22000,1.0,0,6,910,0,1956,0,47.2777,-122.252,11.512925464970229
4,3.5,4010,9654,2.0,0,10,4010,0,2007,0,47.5891,-122.2,14.366517971363097
2,1.0,790,4000,1.0,0,6,790,0,1948,0,47.6844,-122.289,12.896716695872
3,2.5,1410,26375,1.0,0,6,1410,0,1992,0,47.7432,-122.076,12.873902018105829
4,2.5,2570,50308,1.5,0,10,2570,0,1993,0,47.7418,-122.039,13.592367006650065
3,1.0,1150,4825,1.0,0,6,1150,0,1957,0,47.5321,-122.029,12.388394202324129
4,1.5,2310,68824,2.0,0,7,2310,0,1968,0,47.3354,-122.031,12.917673504748366
4,3.75,2540,20662,2.0,0,10,2540,0,1998,0,47.5882,-122.01,13.592367006650065
2,2.25,3170,3000,2.0,2,10,1990,1180,1900,0,47.6291,-122.351,14.343193298796688
4,3.75,3320,8234,2.0,0,10,3320,0,2014,0,47.5963,-122.2,14.346132926656201
3,1.75,1150,8690,1.0,0,7,1150,0,1977,0,47.3729,-122.115,12.02335100871488
3,2.5,1260,1622,3.0,0,8,1260,0,2009,0,47.7325,-122.343,12.628067055589549
3,2.0,1270,7198,1.5,0,7,1270,0,1916,2013,47.2086,-121.996,12.417143615610113
2,1.75,1080,7242,2.0,0,7,1080,0,1984,0,47.7065,-122.235,12.765688433465597
3,2.0,1310,7332,1.0,0,7,1310,0,1987,0,47.3597,-122.051,12.345834587905333
3,1.0,1300,5880,1.0,0,7,1300,0,1968,0,47.6937,-122.113,12.718177450794546
3,3.0,2840,7201,2.0,0,9,2840,0,2014,0,47.5165,-121.883,13.286877315548319
3,1.75,1270,12420,1.0,0,7,1270,0,1962,0,47.5387,-122.179,12.84687334571791
3,1.5,1530,10827,1.0,0,8,1530,0,1955,0,47.6354,-122.234,13.670484785914017
3,1.75,2650,7378,1.0,0,7,1460,1190,1952,0,47.7525,-122.315,12.736700896592344
4,2.0,2060,6000,1.0,1,8,1370,690,1954,0,47.5237,-122.383,13.465953081794405
4,2.5,2160,4500,2.0,0,7,2160,0,2002,0,47.4819,-122.182,12.791077667470416
4,2.5,2320,4683,2.0,0,7,2320,0,2007,0,47.3349,-122.059,12.628067055589549
3,2.5,1690,3026,2.0,0,7,1690,0,2002,0,47.6885,-122.043,13.041153321978786
4,2.5,3510,6745,2.0,0,10,3510,0,1998,0,47.6016,-122.074,13.710150042306449
4,2.0,2260,10800,1.0,0,9,2260,0,1978,0,47.6124,-122.153,13.437174117244362
3,2.5,1861,1587,2.0,0,8,1578,283,2007,0,47.7043,-122.209,13.120361374733656
4,1.0,1430,5909,1.0,0,6,1070,360,1947,0,47.7623,-122.313,12.506177237980511
3,1.75,1480,7700,1.0,0,8,1480,0,1975,0,47.7225,-122.202,12.886641043883259
3,2.5,2760,17377,2.0,0,9,2760,0,2002,0,47.4929,-122.188,13.208541073645382
5,2.75,2930,31411,1.0,0,9,1520,1410,1975,0,47.5576,-122.186,13.321214236149494
3,1.75,1950,7260,1.0,0,8,1520,430,1957,0,47.7187,-122.33,12.793859310432293
5,2.0,1940,6000,1.0,0,7,970,970,1945,0,47.6875,-122.287,13.270783382522602
4,3.5,4340,5500,2.0,0,10,2850,1490,2008,0,47.6427,-122.397,14.0623706358958
4,2.25,3410,57063,2.0,0,8,2410,1000,1978,0,47.505,-122.11,13.062613372998555
4,3.5,3310,4850,2.0,0,9,3310,0,2010,0,47.6954,-122.022,13.573438996764546
5,2.75,2770,6116,1.0,0,7,1490,1280,1979,0,47.4847,-122.291,12.55479101975245
4,2.5,2030,4499,2.0,0,8,2030,0,2003,0,47.4511,-122.119,12.80902155817197
3,1.0,1270,8000,1.0,0,7,1270,0,1957,0,47.5874,-122.136,13.143145916586857
4,2.5,2270,7665,2.0,0,9,2270,0,1986,0,47.6612,-122.148,13.504013820746453
3,2.5,1450,11480,2.0,0,7,1450,0,1990,0,47.672,-121.864,12.641096555879882
3,2.0,1270,1320,3.0,0,8,1270,0,2006,0,47.6937,-122.342,12.821123140353697
2,1.5,2010,7755,2.0,0,7,2010,0,1952,0,47.4947,-122.233,12.292250341771226
4,2.75,2420,11201,1.0,1,8,1420,1000,1948,1999,47.5459,-122.265,13.476535191124942
4,2.0,1350,942,3.0,0,7,1350,0,2008,0,47.5401,-122.026,12.573455059362532
5,2.25,3740,32481,1.5,0,8,2240,1500,1958,0,47.3965,-122.314,12.8790171187726
5,4.0,5840,11652,2.0,1,11,4410,1430,1988,0,47.5835,-122.202,14.603967918328545
3,3.25,2760,6420,2.0,2,9,2110,650,1991,0,47.3895,-122.221,12.834681304952548
4,2.5,3000,9793,2.0,0,7,3000,0,2002,0,47.3655,-122.028,12.884106188280072
3,1.75,1370,8467,1.0,0,7,970,400,1972,0,47.6644,-122.145,13.038981768465277
3,1.75,1530,6125,1.0,0,7,1120,410,1958,0,47.5687,-122.397,13.173056491719846
3,2.0,1610,4160,1.0,0,7,1010,600,1917,0,47.5421,-122.388,13.091904169919621
3,1.0,1010,8906,1.0,0,7,1010,0,1968,0,47.3627,-122.108,12.363076394339839
3,2.5,1520,6298,2.0,0,7,1520,0,1986,0,47.3687,-122.182,12.468436909997665
3,2.5,2540,4260,2.0,0,7,2540,0,2005,0,47.3989,-122.164,12.691580461311874
3,1.75,2060,7251,1.0,0,7,1350,710,1987,0,47.3569,-122.175,12.577636201962656
4,2.25,2030,8517,1.0,0,8,1380,650,1961,0,47.5495,-122.174,13.122363377404328
3,1.75,2380,10450,1.5,0,8,2380,0,1966,0,47.3143,-122.37,12.66032791780777
4,2.5,1921,4888,2.0,0,7,1921,0,2009,0,47.2689,-122.24,12.409013489526863
3,2.5,1870,7344,1.0,0,8,1470,400,1980,0,47.7265,-122.206,13.028052697933088
2,1.0,1140,3750,1.0,0,7,1140,0,1925,0,47.6619,-122.343,13.155798153490567
4,3.5,3130,3900,2.0,0,9,2550,580,2008,0,47.6849,-122.327,14.14409462173648
2,1.0,1810,8527,1.5,0,7,1810,0,1943,0,47.7275,-122.336,12.834681304952548
3,2.25,1650,7739,1.0,0,8,1290,360,1986,0,47.3532,-122.304,12.323855681186558
3,1.0,1470,6500,1.0,0,7,1470,0,1953,0,47.473,-122.362,12.92391243868049
4,2.75,2040,8996,1.0,0,8,1260,780,1974,0,47.666,-122.185,13.048985907599553
3,1.0,1110,6060,1.0,0,6,1110,0,1949,0,47.4705,-122.352,12.538967060803502
3,2.25,1900,7479,2.0,0,7,1900,0,1992,0,47.3495,-122.037,12.66349749256905
1,1.0,710,6000,1.5,0,6,710,0,2015,0,47.5756,-122.316,12.861504978551874
4,3.5,4420,20759,2.0,0,11,4420,0,2003,0,47.6354,-122.221,14.660520087833465
4,2.0,1470,8395,1.0,0,7,1470,0,1965,0,47.631,-122.117,13.005829561148378
3,1.0,2140,5037,1.0,0,7,2140,0,1957,0,47.5494,-122.274,12.706847933442663
3,2.5,1950,6871,2.0,0,8,1950,0,1997,0,47.7603,-122.307,12.834681304952548
4,2.5,3010,9155,2.0,0,9,3010,0,2005,0,47.3542,-122.027,12.945626198904275
4,2.5,3210,18901,2.0,0,10,3210,0,1993,0,47.709,-122.073,13.623138665316818
2,1.0,980,1179,2.0,0,8,980,0,2010,0,47.6381,-122.375,12.989974189358584
5,2.0,2940,5500,2.0,0,9,2340,600,1909,0,47.6466,-122.321,13.764217263576723
2,1.5,1540,6549,2.0,0,7,1540,0,1980,0,47.7189,-122.353,13.120361374733656
3,2.5,1860,5025,2.0,0,8,1860,0,2010,0,47.3557,-122.059,12.594391594803367
3,1.0,1700,4165,1.5,0,7,1700,0,1918,0,47.5569,-122.277,13.055154627710879
4,2.0,1690,3250,1.5,0,7,1550,140,1901,0,47.6637,-122.346,13.096532617369807
3,1.0,1580,8308,1.5,0,7,1580,0,1948,0,47.5075,-122.379,12.736700896592344
4,2.75,2880,5750,1.5,0,9,1710,1170,1928,0,47.5874,-122.387,13.732128949025222
2,1.0,1750,60872,1.0,0,7,1180,570,1973,0,47.5946,-122.006,13.384881476192561
3,2.5,2160,35912,2.0,0,8,2160,0,1982,0,47.7273,-122.083,13.071070083016778
3,1.75,1140,9628,1.0,0,7,1140,0,1969,0,47.2933,-122.372,11.701477571514818
3,1.75,1840,5664,2.0,0,7,1270,570,1948,0,47.6899,-122.283,13.345506928718539
4,3.5,4730,47870,1.0,4,10,2940,1790,1954,0,47.6967,-122.216,15.037814318974933
3,1.75,1400,7300,2.0,0,6,1400,0,1948,0,47.4999,-122.268,12.254862809699606
3,2.0,3000,17800,1.0,0,8,1500,1500,1962,0,47.7058,-122.315,12.89921982609012
3,1.0,1260,7660,1.0,0,6,1260,0,1947,0,47.7476,-122.35,12.542544882151386
5,1.5,1510,9078,1.0,0,7,1510,0,1959,0,47.4852,-122.305,12.421184025147118
2,1.0,790,7153,1.0,0,6,790,0,1944,0,47.4869,-122.324,12.26434155365415
3,2.5,2026,7611,2.0,0,8,2026,0,2010,0,47.3733,-122.162,12.788288265382837
2,1.5,1090,847,3.0,0,8,1090,0,2009,0,47.7235,-122.352,12.672946381766982
1,1.0,720,4800,1.0,0,6,720,0,1914,0,47.5303,-122.27,12.154779351142624
4,2.5,2410,7950,2.0,0,8,2410,0,1997,0,47.7185,-122.226,13.334162827017881
3,1.5,1970,22486,1.0,0,6,1970,0,1968,0,47.4511,-122.089,12.57418196709457
3,2.25,1670,7416,1.0,0,7,1220,450,1974,0,47.6028,-122.172,13.270783382522602
3,1.5,1450,7375,1.0,0,7,1010,440,1968,0,47.7212,-122.179,12.904207367601158
3,2.75,3010,12432,1.0,0,8,1890,1120,1970,0,47.6392,-122.108,13.521139497361697
2,1.0,710,9900,1.0,0,6,710,0,1943,0,47.479,-122.339,11.774427819638625
3,2.5,3530,9753,2.0,0,10,3530,0,1997,0,47.5539,-122.103,13.707925347284336
5,2.75,2520,16100,1.0,3,8,1570,950,1960,0,47.528,-122.224,13.705695691957068
3,2.0,1640,4875,1.0,0,7,1040,600,1977,0,47.3661,-122.094,12.35017298950393
3,1.0,1200,8514,1.0,0,7,1200,0,1959,0,47.2043,-122.008,12.014003737281339
4,2.5,2610,3277,1.5,0,8,1920,690,1922,0,47.6636,-122.33,13.815510557964274
2,1.0,940,5000,1.0,0,6,940,0,1951,0,47.5186,-122.374,12.524526376648708
2,1.0,850,8400,1.0,0,6,850,0,1941,0,47.4696,-122.359,12.676076274775909
4,2.0,2480,3680,1.5,0,7,1470,1010,1916,0,47.5686,-122.392,13.353475098367715
3,1.5,1360,8910,2.0,0,7,1360,0,1949,0,47.4488,-122.275,12.409013489526863
4,2.5,2830,6163,2.0,0,9,2830,0,2000,0,47.5227,-122.19,13.1749558275235
2,1.0,1140,7200,1.0,0,6,1140,0,1923,1951,47.5265,-121.823,12.528156144699286
3,2.5,2030,7549,1.0,0,8,2030,0,1988,0,47.6187,-122.044,13.240146413060712
2,1.5,1130,1340,2.0,0,8,910,220,2008,0,47.5761,-122.41,12.992500675468333
4,4.25,4960,6000,2.5,0,11,3680,1280,1909,2003,47.6437,-122.356,14.169682371684887
4,3.0,3590,8249,2.0,0,9,3590,0,1997,0,47.2846,-122.341,13.151922179645874
3,2.5,1650,13816,2.0,0,7,1650,0,1998,0,47.6553,-121.912,12.513557345278134
3,1.5,1640,7222,2.0,0,7,1640,0,1908,0,47.5215,-122.33,12.594730635321957
3,3.5,2620,10137,2.0,0,8,1970,650,1992,0,47.4979,-122.371,13.195613839143922
4,2.5,2710,6474,2.0,0,8,2710,0,2004,0,47.5383,-121.878,13.304684934198283
3,1.5,1600,10548,1.0,0,7,1600,0,1962,0,47.2925,-122.284,12.301382825334498
2,1.0,770,8149,1.0,0,6,770,0,1948,0,47.7458,-122.298,12.531772785169476
4,2.25,2870,6280,1.5,0,9,1980,890,1905,0,47.6329,-122.31,14.09692301740246
4,4.5,5270,12195,2.0,4,11,3400,1870,1979,0,47.5696,-122.09,14.77102200299171
3,2.5,2230,8296,2.0,0,7,2230,0,2004,0,47.4386,-122.116,12.86099861326992
4,1.75,2100,3400,1.0,0,7,1100,1000,1915,0,47.6429,-122.371,13.527828485512494
6,2.5,2820,8600,1.0,0,8,1430,1390,1967,0,47.565,-122.144,13.703326816958322
4,2.5,3420,17038,2.0,0,9,3420,0,2007,0,47.718,-122.241,13.487006490992238
4,2.5,3360,11548,2.0,0,9,3360,0,1988,0,47.6534,-122.182,13.764217263576723
2,1.0,1730,9610,1.0,0,7,1380,350,1962,0,47.2956,-122.285,12.206072645530174
3,2.5,1750,1381,3.0,0,8,1750,0,2008,0,47.6021,-122.294,13.279367126213993
3,2.5,1350,3068,2.0,0,7,1350,0,1991,0,47.6099,-122.293,13.32612021491835
4,4.0,4420,16526,2.0,0,11,4420,0,2013,0,47.5914,-122.027,14.09692301740246
3,1.5,1270,1416,3.0,0,8,1270,0,2007,0,47.6988,-122.317,13.041153321978786
2,1.0,1520,5400,1.0,0,7,920,600,1951,0,47.6796,-122.279,13.337394108607988
2,1.0,950,7692,1.0,0,6,950,0,1926,0,47.4909,-122.298,12.167851432709975
3,1.5,1410,9000,1.0,0,7,1410,0,1953,0,47.7635,-122.35,12.524526376648708
4,2.5,2470,3811,2.0,0,8,2470,0,1999,0,47.5362,-121.877,13.016891744462095
3,1.0,1410,81021,1.0,0,7,1410,0,1949,1981,47.4303,-122.067,12.611371073081239
2,2.5,1640,1953,2.0,0,10,1640,0,2014,0,47.5639,-122.292,13.413539339110365
3,2.5,2050,11690,2.0,0,9,2050,0,1989,0,47.5279,-122.161,13.279367126213993
3,2.75,3230,5200,2.0,0,9,2680,550,2014,0,47.519,-121.878,13.304404894990965
4,2.25,2220,6953,2.0,0,8,2220,0,1999,0,47.3509,-122.041,12.765688433465597
4,1.75,1900,10454,1.0,0,7,1180,720,1954,0,47.5933,-122.195,13.38472764187182
3,3.25,2210,3600,2.0,0,8,1820,390,1995,0,47.7031,-122.279,12.969212197910155
2,1.0,1430,8157,1.5,0,7,1150,280,1944,0,47.7256,-122.361,12.765688433465597
3,2.0,1890,14040,2.0,0,7,1890,0,1994,0,47.7277,-121.962,12.886641043883259
2,1.0,1010,3627,1.0,2,6,1010,0,1924,0,47.5873,-122.294,13.017002861746503
3,1.0,1720,16552,1.0,0,7,1720,0,1971,0,47.4772,-122.153,12.779591338634587
3,1.75,2040,81021,1.0,0,8,2040,0,1980,0,47.6536,-122.045,13.270783382522602
3,2.5,2588,5702,2.0,0,8,2588,0,2008,0,47.3453,-122.151,12.631340380934517
4,1.75,2010,10816,1.0,0,7,1410,600,1955,0,47.5048,-122.251,12.468436909997665
3,2.75,1820,7517,1.0,0,9,1820,0,1997,0,47.5705,-122.406,13.58609739363647
7,3.5,4640,15235,2.0,1,11,2860,1780,1965,2003,47.5666,-122.231,14.48333993053993
2,1.0,1310,7697,1.0,0,6,850,460,1950,0,47.4982,-122.348,12.14046688843218
4,2.5,3560,12047,2.0,0,10,3560,0,1988,0,47.3019,-122.341,13.093963902882631
3,2.75,2490,3600,2.0,0,8,2290,200,1906,0,47.6098,-122.292,13.190022025878143
3,1.75,1430,8505,1.0,0,7,1430,0,1968,0,47.3173,-122.319,12.323855681186558
4,2.25,1770,8505,2.0,0,8,1770,0,1986,0,47.6904,-122.102,13.298834520520108
3,2.5,2140,2868,2.0,0,8,1770,370,2007,0,47.6668,-122.132,13.409044949522526
3,2.0,1770,7251,1.0,0,8,1770,0,1990,0,47.4087,-122.17,12.678884827097948
2,2.25,860,696,2.0,0,9,860,0,2009,0,47.5663,-122.29,12.751299696013497
2,2.75,2700,8572,1.0,0,9,2700,0,2007,0,47.7236,-122.033,13.604789526648622
3,2.25,1770,8165,2.0,0,7,1770,0,1977,0,47.7166,-122.236,12.948009990259552
4,3.5,2760,5040,2.0,2,9,2760,0,1955,2005,47.6756,-122.401,13.914441447807139
6,4.75,5480,19401,1.5,4,11,3910,1570,1936,0,47.6515,-122.277,15.110237725558674
4,1.75,1920,7986,1.0,0,7,960,960,1952,0,47.7209,-122.318,12.994530005894443
4,2.5,2610,3500,1.5,0,7,1610,1000,1927,0,47.6848,-122.326,13.622532420981791
3,2.0,1480,3876,1.0,0,7,860,620,1928,0,47.6808,-122.382,13.404530269168
3,1.75,1300,9600,1.0,0,7,1300,0,1969,0,47.6388,-122.103,13.028052697933088
5,2.0,1750,8220,1.0,0,7,1750,0,1956,0,47.7694,-122.321,12.736700896592344
5,2.75,3595,5639,2.0,0,9,3595,0,2014,0,47.6848,-122.016,13.666998948650464
4,2.75,2400,20000,1.0,0,8,1170,1230,1961,2015,47.4556,-122.087,12.948009990259552
4,2.25,1830,6136,2.0,0,7,1830,0,1990,0,47.367,-122.181,12.425208175446844
3,3.25,1340,5434,2.0,0,7,1340,0,1986,0,47.3779,-122.045,12.078239274020289
8,2.75,2790,6695,1.0,0,7,1470,1320,1977,0,47.7565,-122.331,12.736700896592344
4,1.0,1010,7200,1.5,0,6,1010,0,1947,0,47.742,-122.325,12.577636201962656
4,2.0,2630,9663,1.0,1,8,1330,1300,1956,0,47.4841,-122.19,12.983101310070822
3,1.0,1830,3000,1.5,0,7,1430,400,1926,0,47.6619,-122.351,13.122263372403996
3,1.0,1370,6780,2.0,0,6,1370,0,1930,0,47.7156,-122.291,12.723377235393874
3,2.75,2200,3885,2.0,0,8,2200,0,2002,0,47.6171,-122.028,13.256894270361935
3,2.0,1730,6007,1.0,0,8,1730,0,2004,0,47.3573,-122.2,12.608198852372823
3,2.0,1850,9550,1.0,0,8,1850,0,1988,0,47.3225,-122.273,12.57418196709457
2,1.0,828,4524,1.0,0,6,828,0,1968,2007,47.2655,-122.244,11.608235644774552
4,2.5,2760,13093,2.0,0,9,2760,0,1989,0,47.5845,-122.06,13.521139497361697
3,1.75,1290,7210,1.0,0,7,1290,0,1984,0,47.2889,-122.363,12.230765258120545
4,2.5,2720,10455,2.0,2,10,2500,220,1981,0,47.5564,-122.158,13.790192749979985
4,2.75,2360,15100,1.0,0,8,2360,0,2014,0,47.5117,-122.365,13.190022025878143
3,1.0,1180,3750,1.0,0,6,1030,150,1940,0,47.5726,-122.382,12.959844447906553
4,2.5,2518,4663,2.0,0,8,2518,0,2005,0,47.5894,-122.017,13.373900003219756
3,2.75,2670,3738,1.0,0,10,1720,950,2013,0,47.5299,-122.203,13.590865880523797
4,2.5,2090,8325,1.0,0,7,1470,620,1983,0,47.4888,-122.184,12.834681304952548
3,1.0,1270,6405,1.5,0,6,1270,0,1944,0,47.4959,-122.241,11.938193200374572
4,2.5,1610,4052,2.0,0,7,1610,0,2013,0,47.3603,-122.081,12.56706326353651
4,2.5,2910,9131,2.0,0,10,2910,0,2014,0,47.6826,-122.186,13.849911984681606
3,1.75,1380,4590,1.0,0,7,930,450,1950,0,47.6841,-122.293,12.765688433465597
3,2.75,3080,19635,1.0,2,7,1610,1470,1958,0,47.3841,-122.284,12.608198852372823
5,3.5,2920,3000,2.0,0,9,2260,660,2014,0,47.6846,-122.349,13.878485357125662
3,2.0,1440,9220,1.0,0,7,1440,0,1965,0,47.3702,-122.317,12.429216196844383
2,1.0,1100,17817,1.0,0,7,620,480,1980,0,47.7728,-121.9,12.691580461311874
3,2.0,1270,1348,3.0,0,8,1270,0,2003,0,47.6929,-122.342,12.849241456283877
5,4.5,4440,9784,2.0,0,10,4440,0,2012,0,47.4702,-122.275,13.304684934198283
4,2.5,2000,5962,2.0,0,8,2000,0,1999,0,47.7695,-122.35,12.936033799212835
3,2.5,2840,6854,2.0,0,9,2840,0,2002,0,47.6006,-121.978,13.529160930746272
5,2.0,2120,2400,1.0,0,6,1080,1040,1906,0,47.5979,-122.297,12.793859310432293
4,2.5,2050,3784,2.0,0,8,2050,0,2001,0,47.7189,-122.181,13.199324418540456
3,1.75,2110,7129,1.0,0,8,1280,830,1982,0,47.7219,-122.102,13.199324418540456
5,1.75,1730,10368,1.0,0,7,1010,720,1963,0,47.5008,-122.162,12.498742259492994
3,2.5,1940,7415,2.0,0,8,1940,0,1965,0,47.542,-122.176,12.957016924816335
4,2.25,1700,7056,2.0,0,7,1700,0,1999,0,47.3385,-122.262,12.504323669331189
3,1.75,1300,2580,1.0,0,7,820,480,1919,0,47.674,-122.319,13.043320170063875
4,3.5,3420,4751,2.0,0,10,3420,0,2003,0,47.4734,-122.193,13.217491722495906
5,2.75,3220,8160,2.0,0,9,3220,0,1999,0,47.3154,-122.254,12.858397831569864
3,1.0,1090,9900,1.0,0,7,1090,0,1955,0,47.6755,-122.16,12.611537753638338
1,1.0,550,1279,2.0,0,7,550,0,2008,0,47.616,-122.314,12.774223335915433
4,2.0,2610,14321,1.5,0,6,1690,920,1940,0,47.4672,-122.296,12.594561129431222
3,2.25,1420,1282,3.0,0,8,1420,0,2006,0,47.6533,-122.346,13.169151538903087
2,1.0,1290,3383,2.0,0,7,1290,0,2008,0,47.6968,-122.025,12.628067055589549
2,1.0,690,6000,1.0,0,6,690,0,1949,0,47.5621,-122.283,12.468436909997665
3,2.75,2610,5000,2.0,0,7,1710,900,1946,0,47.6729,-122.373,13.317930160948304
3,2.75,2600,5875,1.5,2,8,1600,1000,1929,0,47.5773,-122.406,13.5985975564007
5,1.75,1880,48787,2.0,0,6,1880,0,1922,0,47.5094,-122.165,13.151922179645874
3,1.75,2070,5000,1.5,0,8,2070,0,1920,0,47.5828,-122.291,13.687677186454389
3,2.5,2390,3903,2.0,0,8,1970,420,2006,0,47.7515,-122.174,12.948009990259552
4,2.5,2540,5001,2.0,0,9,2540,0,2005,0,47.5423,-122.302,13.096019402064726
3,1.5,1030,8223,1.0,0,7,1030,0,1952,0,47.4282,-122.331,12.495003937382387
4,2.0,1600,15044,1.0,0,7,1600,0,1972,0,47.72,-122.216,12.985397522331171
4,2.5,2480,5100,2.0,0,8,2480,0,2007,0,47.7383,-121.969,13.081541382884074
3,1.5,1460,9908,1.0,0,7,1460,0,1952,0,47.4275,-122.331,12.644327576461329
4,3.5,2490,18042,2.0,0,8,2490,0,2003,0,47.4161,-122.441,13.112313041550827
5,3.25,3160,5000,2.0,2,10,2180,980,2005,0,47.6464,-122.405,13.771558670435091
3,2.25,1520,1464,2.0,0,8,1240,280,2010,0,47.543,-122.375,12.84792653170257
3,2.5,1808,19200,1.0,0,8,1808,0,2005,0,47.2598,-122.281,12.506177237980511
2,2.25,1300,2104,2.0,0,8,1010,290,2011,0,47.5477,-122.388,12.886514453592564
4,2.5,2641,8091,2.0,0,7,2641,0,1998,0,47.4043,-122.213,12.881564890851399
3,2.25,1230,7420,1.5,0,7,1230,0,1913,0,47.3184,-122.22,12.206072645530174
2,2.5,2170,6361,1.0,2,8,2170,0,2009,0,47.7109,-122.017,13.534473028231162
3,1.75,1930,10183,1.0,0,8,1480,450,1975,0,47.5624,-122.135,13.27594246533263
3,1.75,2520,5043,1.0,0,8,1260,1260,1957,0,47.5339,-122.372,12.969212197910155
4,1.5,1690,3245,1.5,0,8,1690,0,1929,0,47.5445,-122.375,12.994530005894443
3,2.0,1410,5760,1.0,0,7,1410,0,1985,0,47.3702,-122.185,12.409013489526863
5,2.5,2000,3600,1.0,0,6,1150,850,1987,0,47.5971,-122.295,13.07001689703212
3,2.0,1450,6081,1.0,0,7,1450,0,1969,0,47.7522,-122.278,12.911642346088676
3,2.25,1470,4653,2.0,0,7,1470,0,1985,0,47.5667,-122.018,13.028052697933088
3,2.0,1640,13249,1.0,0,7,1640,0,1995,0,47.3589,-122.281,12.542544882151386
4,2.25,2230,6000,1.5,2,8,1810,420,1928,0,47.6464,-122.391,13.514405465180353
2,1.0,820,4880,1.0,0,6,820,0,1925,0,47.5483,-122.394,12.802158113246987
4,4.0,4930,22093,2.0,3,12,4930,0,2004,0,47.5874,-121.965,14.197365800433305
5,2.5,2560,46786,2.0,0,8,2560,0,1995,0,47.7125,-121.915,13.39239051461739
5,3.0,2720,9856,2.0,0,8,2720,0,1969,0,47.4778,-122.146,12.985397522331171
3,1.0,1300,14138,1.0,0,7,1300,0,1943,0,47.593,-122.165,12.89921982609012
2,1.0,790,11234,1.0,0,6,790,0,1942,0,47.4413,-122.349,12.430315592287684
4,2.75,2690,9240,2.0,0,8,2690,0,1998,0,47.1896,-122.014,12.755031853277067
4,2.5,1950,3000,2.0,0,7,1550,400,1998,0,47.565,-122.281,13.118254949359786
3,1.5,1320,7560,1.0,0,6,840,480,1983,0,47.7451,-121.98,12.691580461311874
2,1.0,1000,3513,1.0,4,5,1000,0,1914,0,47.5935,-122.39,13.480037821676145
3,2.5,1584,3200,2.0,0,7,1584,0,2011,0,47.3451,-122.215,12.479909311159902
2,2.5,2320,9311,1.0,0,8,2320,0,2007,0,47.7226,-122.03,13.450227239488942
3,2.5,3160,13603,2.0,0,8,3160,0,2003,0,47.7443,-121.977,13.098070684835283
1,1.0,870,26326,1.0,0,6,870,0,1939,0,47.4152,-122.3,11.964001084330445
3,1.75,1820,9875,1.0,0,8,1820,0,1966,0,47.6243,-122.094,13.199231821660906
3,1.0,970,6180,1.0,3,6,970,0,1974,0,47.5658,-122.291,12.79524723570714
6,3.0,3300,4218,2.0,0,8,2200,1100,1970,0,47.6557,-122.344,13.732128949025222
3,1.75,1310,7811,1.0,0,7,1310,0,1976,0,47.7319,-122.167,12.829333698625952
4,2.5,3110,6142,2.0,0,9,3110,0,2004,0,47.701,-122.111,13.529160930746272
3,1.75,1590,13500,1.0,0,7,1090,500,1980,0,47.3621,-122.031,12.577636201962656
2,1.0,1160,5750,1.0,0,6,1160,0,1924,0,47.5322,-121.829,12.245293358683455
3,2.0,1410,44866,1.0,0,7,1410,0,1985,0,47.3273,-122.37,12.721885810807203
3,2.5,1600,5960,2.0,2,8,1600,0,1910,0,47.4758,-122.265,12.958207815235998
3,2.5,3680,13384,2.0,0,10,3680,0,1994,0,47.5484,-122.119,13.844972268113892
3,2.25,1910,3481,2.0,0,8,1910,0,2009,0,47.4293,-122.188,12.587927887999204
4,2.5,2960,5054,2.0,0,9,2960,0,2006,0,47.3601,-122.035,12.86099861326992
4,2.75,2900,17400,1.0,0,8,2410,490,1978,0,47.6431,-122.108,13.573438996764546
4,2.5,1920,9000,2.0,0,7,1920,0,1989,0,47.5153,-122.37,12.959844447906553
2,1.0,1320,3090,1.0,0,7,1320,0,1908,0,47.5517,-122.276,12.850964019126442
4,1.0,1980,7015,1.0,0,7,1260,720,1973,0,47.7204,-122.18,13.169246963303179
