bedrooms,bathrooms,sqft_living,floors,waterfront,view,condition,grade,sqft_above,sqft_basement,yr_built,yr_renovated,sqft_living15,sqft_lot15,price_ln
4,2.5,2154,2.0,0,0,3,8,2154,0,2012,0,2305,5769,12.721885810807203
3,1.75,1630,1.0,0,0,4,7,1330,300,1979,0,1630,11475,12.637855061955712
3,2.5,1610,2.0,0,0,3,8,1610,0,2010,0,2210,3600,12.936033799212835
2,1.0,960,1.0,0,0,3,6,810,150,1936,0,960,12150,12.354492650648448
3,1.75,1150,1.0,0,0,4,7,1150,0,1977,0,1330,7040,12.02335100871488
4,1.0,1350,1.0,0,0,3,7,1350,0,1966,0,1320,25675,12.206072645530174
3,1.0,1740,1.0,0,0,3,8,1740,0,1952,0,1600,4800,12.971540487669746
4,2.0,1440,1.0,0,0,3,5,1440,0,1943,0,1500,11902,12.524526376648708
4,2.5,2360,2.0,0,0,3,8,2360,0,2003,0,2360,4868,13.102160670086809
5,2.25,2350,1.0,0,0,3,7,2350,0,1961,0,1570,11440,12.533770787832148
3,1.75,1880,1.0,0,0,3,7,940,940,1927,0,1880,7200,12.888916933094222
4,1.75,1720,1.0,0,0,3,7,1220,500,1974,0,1790,7200,11.993498045565198
4,1.5,1970,1.5,0,0,4,7,1970,0,1963,0,1880,14880,12.834547962729536
3,2.5,2970,1.0,0,0,3,7,1510,1460,1967,0,2390,20300,12.89921982609012
3,2.0,2250,1.0,0,0,3,8,2250,0,1992,0,1970,6866,12.742566016044742
2,1.5,1070,3.0,0,0,3,8,1070,0,2005,0,1320,1193,12.853175887588712
4,2.5,2660,2.0,0,2,3,9,2660,0,2003,0,3010,5500,13.547631112808673
2,2.5,1640,2.0,0,0,3,10,1640,0,2014,0,1820,2653,13.413539339110365
4,3.5,4040,2.0,0,0,3,11,4040,0,1987,0,3770,40899,13.721199878493033
3,2.0,1650,1.5,0,0,3,7,1650,0,1983,0,1940,6701,12.92391243868049
3,2.5,2240,2.0,0,0,3,8,2240,0,2003,0,2400,6000,12.736700896592344
3,2.25,1970,2.0,0,0,3,8,1680,290,2008,0,1690,1936,12.936033799212835
4,2.0,2390,2.0,0,0,3,7,1720,670,1949,0,1950,22750,12.634603026569334
3,2.5,1670,2.0,0,0,3,7,1670,0,1988,0,1670,6183,12.468436909997665
4,2.75,3120,2.0,0,0,3,9,3120,0,1997,0,2420,25201,13.329377546788654
3,1.5,1240,1.0,0,0,4,7,1240,0,1954,0,1240,11008,12.751299696013497
3,2.0,1650,1.0,0,0,4,7,1250,400,1957,0,1860,11256,12.591335046320818
3,2.0,1540,1.0,0,0,4,6,1540,0,1953,0,1490,8213,12.341477282536376
2,1.0,820,1.0,0,0,3,7,820,0,1954,0,1670,10086,11.918390573078392
4,2.5,2560,2.0,0,0,3,8,2560,0,2007,0,2560,6240,12.86099861326992
4,2.25,2060,1.0,0,0,3,7,1300,760,1960,0,1990,7383,12.736700896592344
4,2.75,3340,2.0,0,0,3,9,3340,0,1996,0,3230,7529,13.602317337503232
3,1.75,1240,1.0,0,0,3,7,1240,0,1978,0,2060,38552,12.751299696013497
5,2.5,2620,1.0,0,0,3,8,1520,1100,1975,0,2030,7676,13.217891715228644
4,1.75,1800,1.5,0,0,4,6,1800,0,1912,0,1530,9818,12.86099861326992
3,1.0,940,1.0,0,0,4,6,940,0,1942,0,1020,5700,12.495003937382387
3,1.0,1310,1.0,0,0,3,7,960,350,1962,0,1310,9845,12.180754837545884
3,1.5,1310,2.0,0,0,3,8,1120,190,2002,0,1310,1378,13.005829561148378
4,2.75,3500,2.0,0,0,3,9,3500,0,2005,0,3920,7666,13.578014500425663
4,2.75,2420,2.0,0,0,3,8,2420,0,2005,0,2420,6200,12.818551923022664
4,2.0,2420,1.0,0,0,3,9,2420,0,1984,0,2560,32186,12.899094818276968
4,2.5,2850,2.0,0,0,3,9,2850,0,2008,0,2540,12000,13.527828485512494
3,2.0,1500,2.0,0,0,3,8,1500,0,2002,0,1550,5000,13.132313708257497
3,1.5,1730,1.0,0,0,3,7,1250,480,1947,0,1370,5750,13.217673557208654
3,2.25,1670,1.0,0,0,4,8,1240,430,1974,0,1910,7000,13.208541073645382
3,2.25,1620,2.0,0,0,3,7,1620,0,1990,0,1470,7566,12.544329003944888
1,1.0,1080,1.0,0,0,3,6,1080,0,1963,0,1210,5760,11.626254150277232
4,2.5,2360,1.0,0,3,3,8,1980,380,1977,0,2480,5000,13.358225701126313
3,1.5,1190,1.0,0,0,3,7,970,220,1940,0,1460,4750,13.122363377404328
4,3.5,4440,2.0,0,0,3,11,4440,0,2003,0,4390,9976,13.851842487211664
3,1.75,1540,1.0,0,0,5,7,1540,0,1971,0,1270,7350,13.017002861746503
3,1.75,1660,1.0,0,0,4,7,1660,0,1951,0,1490,8100,12.66032791780777
6,4.25,4310,2.0,0,0,3,8,2950,1360,2008,0,2100,10000,13.567049198665774
3,2.75,4120,1.0,0,2,3,12,4120,0,1999,0,4020,14110,14.077874822431765
5,3.25,3930,2.0,0,2,4,10,2540,1390,1974,0,3600,15909,14.038654109278484
3,1.0,1740,1.0,0,0,4,7,1020,720,1962,0,1470,8532,12.495003937382387
4,2.5,2370,1.0,0,0,3,8,1660,710,1975,0,2360,13879,13.279367126213993
3,1.75,2240,1.0,0,0,4,7,1440,800,1968,0,1740,9600,12.528156144699286
4,2.5,2180,2.0,0,0,3,8,2180,0,2004,0,2520,9520,12.802158113246987
3,1.0,970,1.0,0,0,4,5,970,0,1942,0,1050,11348,12.235631447771718
3,1.5,1310,2.0,0,0,3,7,1310,0,1998,0,1310,2997,12.894207284266574
2,1.0,710,1.0,0,0,4,6,710,0,1943,0,940,7680,12.285345826424681
2,1.0,1080,1.0,0,0,4,6,720,360,1919,0,1250,5000,12.66032791780777
3,1.0,1380,1.0,0,0,3,7,980,400,1981,0,1910,7859,12.013700752882718
5,2.5,3600,1.0,0,0,4,8,2410,1190,1968,0,2620,30200,12.90793176669214
3,2.5,2080,1.0,0,0,3,8,1430,650,1974,0,2400,9625,13.217582643985264
3,2.75,2200,1.0,0,3,4,8,1570,630,1977,0,2680,9896,12.834681304952548
5,2.0,2500,2.0,1,4,5,8,2500,0,1942,0,1880,18782,14.346138809026444
5,3.0,3520,2.0,0,0,4,8,2100,1420,1985,0,3000,36558,13.356644673128994
5,2.0,2740,1.5,0,0,3,7,2210,530,1962,0,2130,8232,12.917796211663054
1,1.5,810,2.0,0,0,4,7,810,0,1982,0,1320,3298,12.560244459250788
5,4.0,6670,2.0,0,0,3,12,4960,1710,2007,0,4800,16607,14.91345595764468
5,4.5,3820,2.0,0,3,3,9,2830,990,2000,0,1750,5750,13.732128949025222
3,2.25,1670,1.0,0,0,4,7,1190,480,1977,0,1870,7820,12.437184366493561
8,2.75,2790,1.0,0,0,3,7,1470,1320,1977,0,1760,7624,12.736700896592344
4,2.5,2980,2.0,0,0,3,10,2980,0,2006,0,3140,5500,13.547631112808673
4,3.25,3780,2.0,0,0,3,11,3780,0,2002,0,3720,11813,13.844098014816186
4,2.5,2700,2.0,0,0,3,9,2700,0,2004,0,1810,4500,13.997832114758229
4,1.5,2310,1.0,0,0,3,7,1890,420,1950,0,2840,12744,13.919870573288517
3,1.0,960,1.0,0,0,3,7,960,0,1955,0,1080,8100,12.608198852372823
3,2.0,2090,1.5,0,0,4,8,1530,560,1931,0,2010,4132,13.864300722133706
3,1.0,1000,1.0,0,0,3,7,1000,0,1951,0,1370,7962,13.493926933836812
3,1.0,1280,1.0,0,0,3,7,1280,0,1948,0,1380,7140,12.599802497419917
5,3.5,2815,2.0,0,0,3,9,2815,0,2012,0,2583,5295,13.076319438902923
2,1.75,1350,1.0,0,0,3,8,1350,0,2004,0,1440,4839,13.028052697933088
4,2.5,2120,2.0,0,0,3,9,2120,0,1989,0,3320,39082,13.071070083016778
4,2.5,2190,2.0,0,0,3,7,2190,0,2009,0,2190,5670,12.944432168911668
3,1.75,2870,1.5,0,1,3,8,2870,0,1948,1981,2420,20500,13.17115354157376
3,2.5,2010,2.0,0,0,3,8,1390,620,2014,0,1540,1689,13.044635322188094
7,4.0,3150,1.0,0,0,3,9,3150,0,1957,2005,2390,12054,13.81451005763069
3,1.0,1290,1.0,0,0,4,7,1290,0,1966,0,1930,8000,13.396960210307455
3,2.0,1560,1.0,0,0,4,7,1560,0,1968,0,1560,7200,12.330500223905226
3,1.0,1430,1.5,0,0,4,6,1010,420,1930,0,1290,10320,12.367340793126296
4,3.5,2650,2.0,0,0,3,8,2230,420,2011,0,2330,3137,13.422393893036974
4,4.25,5180,2.0,0,3,3,12,4280,900,1998,0,5030,15069,14.212943494375175
4,2.5,2500,2.0,0,0,3,9,2500,0,2001,0,2680,7200,13.38472764187182
4,2.5,2650,1.0,0,0,4,8,1680,970,1960,0,2650,30500,13.480037821676145
5,2.5,2490,1.0,0,0,4,8,1610,880,1959,0,2290,9958,13.674522864663297
4,2.0,2430,1.0,0,0,3,7,1430,1000,1960,0,2430,8960,12.449018824140563
2,1.0,1040,1.0,0,0,4,7,1040,0,1919,1980,2250,4800,13.304684934198283
4,2.25,2940,1.0,0,0,5,7,1520,1420,1961,0,2470,14900,13.312983737012978
2,1.75,2470,1.0,0,3,4,7,1140,1330,1916,0,1790,5175,13.29967239237474
2,1.75,1370,1.0,0,0,5,6,1370,0,1944,0,1200,5100,12.923790480024325
4,1.75,2160,2.0,0,0,2,8,2160,0,1977,0,2080,7700,12.969212197910155
4,2.0,1600,1.0,0,0,3,7,1600,0,1994,0,1870,7455,12.542544882151386
6,3.5,4310,2.0,0,0,3,10,3260,1050,2013,0,4620,10217,13.976489301985094
4,2.5,2230,2.0,0,0,3,8,2230,0,2003,0,2230,6137,12.628067055589549
3,1.5,1940,1.0,0,0,3,7,1300,640,1958,0,2000,8319,12.611371073081239
1,1.0,1310,1.5,0,0,1,6,1310,0,1918,0,1130,4800,13.262125319779487
4,3.0,2500,2.0,0,0,3,9,2500,0,2002,0,2700,7200,12.886641043883259
4,2.5,3130,2.0,0,0,3,9,3130,0,2008,0,2950,5259,13.17115354157376
5,2.0,2030,1.0,0,0,3,7,1110,920,1963,0,1930,7990,13.064734264567692
3,1.75,1690,1.0,0,0,3,7,1690,0,1987,0,1530,4093,12.57418196709457
3,2.5,1680,2.0,0,0,3,9,1120,560,2014,0,1610,1618,13.353395730138775
5,1.75,2340,2.0,0,0,3,7,2340,0,1957,0,1390,10019,12.254862809699606
4,2.25,1870,2.0,0,0,3,7,1870,0,1977,0,1970,7700,13.16158409055761
4,2.5,2040,2.0,0,0,3,8,2040,0,1997,0,2530,15389,13.071070083016778
3,1.0,1430,1.0,0,0,3,7,1430,0,1964,0,1900,10350,12.449018824140563
4,2.5,3310,2.0,0,0,3,9,3310,0,2007,0,3240,5280,13.37545400508649
5,5.25,4830,2.0,0,1,5,9,3930,900,1952,1998,2880,10520,14.334899412390753
5,3.0,2680,2.0,0,0,3,8,1810,870,1990,0,1860,8410,12.834681304952548
2,2.25,1620,2.0,0,0,3,8,1540,80,2004,0,1530,1831,12.886641043883259
4,2.5,2700,2.0,0,0,4,8,2700,0,1992,0,1540,20720,13.493926933836812
4,3.25,3470,2.0,0,0,3,10,2830,640,2005,0,3090,6758,14.22097566607244
3,2.75,3010,2.0,0,0,3,9,3010,0,2011,0,2950,4200,13.573438996764546
3,2.5,1730,2.0,0,0,3,8,1730,0,1991,0,1750,35508,12.983101310070822
4,1.75,1450,1.0,0,0,4,7,950,500,1925,0,1850,4000,13.062613372998555
3,1.75,2300,1.0,0,0,4,8,1310,990,1939,0,1160,8547,12.676076274775909
3,2.5,1740,2.0,0,0,3,8,1320,420,2008,0,1740,1789,12.742566016044742
3,1.0,1660,1.0,0,0,3,7,1100,560,1963,0,1660,7245,12.323855681186558
5,3.0,2010,1.0,0,0,3,7,1290,720,1990,0,1510,7326,13.049792684569493
4,1.75,1440,1.5,0,0,4,8,1290,150,1929,0,1640,5000,13.393916067926225
4,3.25,3190,2.0,1,4,3,8,2610,580,1956,1991,2240,8725,13.9108207377686
3,1.75,1930,1.0,0,0,3,8,1930,0,1977,0,1930,35060,13.253391639810733
3,3.25,1730,2.0,0,2,3,9,1320,410,2008,0,1710,1686,13.37700559577791
3,2.25,2360,1.0,0,0,4,9,2360,0,1978,0,2720,14388,12.973863369085885
4,2.5,2750,2.0,0,0,3,7,2750,0,2003,0,2610,7482,12.943236711506893
2,2.5,1470,3.0,0,3,3,8,1470,0,2008,0,1480,1284,13.38472764187182
2,1.0,840,2.0,0,0,3,7,840,0,2006,0,1030,1007,12.632973034358404
2,1.0,1120,1.0,0,0,3,7,1120,0,1924,0,1120,5100,13.017002861746503
7,4.5,4140,1.0,0,0,3,7,2070,2070,1978,0,1440,1865,13.244581010128577
5,3.5,3990,2.0,0,0,3,11,3990,0,2001,0,3490,11734,13.881298298502276
3,2.0,2250,2.0,0,0,4,9,1880,370,1905,0,2690,4800,13.764217263576723
3,2.5,2577,2.0,0,0,3,8,2577,0,2000,0,2090,156816,13.112313041550827
3,2.0,1610,1.0,0,0,4,7,1610,0,1986,0,1610,15479,12.751299696013497
3,2.25,1690,1.0,0,0,5,7,1090,600,1982,0,1950,9642,12.669806661762314
3,1.75,1300,1.0,0,0,3,7,900,400,1953,0,1750,4000,13.038981768465277
3,1.0,1420,1.0,0,0,4,7,1420,0,1961,0,1530,8208,13.102160670086809
4,2.5,3010,2.0,0,0,3,9,3010,0,2005,0,3010,5762,12.945626198904275
3,1.0,1250,1.0,0,0,2,7,1030,220,1949,0,1130,6250,11.951180395901384
3,2.25,2000,2.0,0,0,3,8,2000,0,1996,0,2220,217800,13.199324418540456
3,1.0,2090,1.0,0,2,3,8,1200,890,1969,0,1850,5300,13.078411489875146
4,1.75,1450,1.0,0,0,3,7,1450,0,1960,0,1540,8450,12.800779753276867
4,2.5,2683,2.0,0,0,4,9,2683,0,1987,0,2683,34800,13.619495674038317
6,2.5,3560,2.5,0,0,4,11,3560,0,1914,0,2780,6480,14.22097566607244
3,3.25,4560,1.0,0,4,3,11,2760,1800,1995,0,4060,13362,14.978661367769956
3,2.0,1760,1.0,0,0,4,7,980,780,1942,0,1760,6004,13.444446876573442
3,2.5,1480,1.0,0,0,4,7,1480,0,1968,0,1710,8050,13.212204081404119
3,1.75,1910,1.0,0,0,4,7,1100,810,1952,0,1910,11761,13.522480879185897
6,3.5,2120,2.0,0,0,5,7,2120,0,1979,0,1860,8000,12.666657052859417
4,2.5,1980,2.0,0,0,3,8,1980,0,2003,0,2550,5487,12.636392954636515
3,2.5,1920,2.0,0,0,3,7,1920,0,2005,0,2240,5231,12.494816653928332
3,1.5,1320,1.0,0,0,3,7,1320,0,1970,0,1730,13200,12.697715449879391
3,2.5,2200,2.0,0,0,3,7,2200,0,2003,0,2200,4311,12.577636201962656
3,1.75,1900,1.0,0,1,4,8,1330,570,1941,0,2760,9375,13.857132232655093
2,2.0,1550,1.5,0,0,2,7,1550,0,1972,0,1600,217800,12.706847933442663
4,2.75,2380,1.0,0,0,3,8,1680,700,1957,2001,1950,11751,13.393153582185892
4,3.0,2050,2.0,0,0,3,8,2050,0,2014,0,2050,4000,12.775638764318764
4,1.5,2010,1.5,0,0,4,7,1890,120,1921,0,1420,6564,12.409013489526863
5,2.75,2760,2.0,0,0,3,9,2760,0,2005,0,2870,5030,13.432784936825598
3,2.5,1670,1.0,0,0,5,7,1170,500,1960,0,1960,8964,13.453104939316557
3,2.0,2220,1.0,0,0,4,7,1110,1110,1966,0,1450,5000,13.265164176036
4,2.0,1830,1.5,0,0,3,7,1830,0,1951,0,1760,5757,12.506177237980511
3,1.5,1090,1.0,0,0,4,6,1090,0,1969,0,1160,10487,12.128111104060462
2,1.0,790,1.0,0,0,3,6,790,0,1943,0,1460,5800,12.944432168911668
3,2.5,1320,2.0,0,0,3,7,1320,0,2005,0,1320,2533,12.611537753638338
4,4.5,4300,2.0,0,0,3,11,4300,0,1985,1999,3070,19845,14.73180128983843
2,1.0,1020,1.0,0,0,5,6,1020,0,1923,0,1660,4200,12.881564890851399
3,1.75,890,1.5,0,0,3,7,750,140,1926,0,1280,3800,13.028052697933088
2,1.0,1580,2.0,0,2,3,8,1580,0,1921,1995,2170,4405,13.487006490992238
2,1.0,1000,1.0,0,0,4,7,1000,0,1947,0,1100,7228,12.6485123564297
3,2.75,2190,2.0,0,0,3,8,2190,0,2000,0,2190,8645,12.751299696013497
3,1.75,2030,1.0,0,2,4,8,2030,0,1977,0,2570,216057,12.886641043883259
2,1.0,1000,1.0,0,2,3,7,1000,0,1915,0,1940,5800,13.132313708257497
4,3.25,3160,2.0,0,2,3,9,3160,0,2011,0,3450,10043,14.038654109278484
3,1.0,990,1.0,0,0,3,6,990,0,1966,0,1120,8625,12.310432660854417
2,1.0,710,2.0,0,0,4,7,710,0,1943,0,1370,1173,12.899094818276968
4,2.5,2300,1.0,0,3,2,7,1650,650,1959,0,2300,7500,12.63827705082796
3,1.75,1420,1.0,0,0,4,7,1420,0,1963,0,2250,7700,13.041153321978786
4,2.5,2590,2.0,0,0,3,8,2590,0,2014,0,1960,8679,13.253195129275733
2,1.75,1280,1.0,0,0,4,7,1280,0,1996,0,2180,48351,12.601487417784837
3,1.75,1590,1.5,0,0,4,6,1590,0,1926,0,1820,74052,12.542544882151386
3,1.75,1660,1.0,0,0,3,7,830,830,1980,0,1660,5750,12.92391243868049
5,3.0,3300,1.0,0,3,3,9,1870,1430,1957,1991,3836,20953,14.224303456165114
3,2.25,1700,1.0,0,0,4,7,1340,360,1975,0,1980,7200,12.945626198904275
4,2.5,2170,1.0,0,0,3,7,1460,710,1980,0,1940,8400,13.217673557208654
2,1.75,1330,1.0,0,0,4,7,960,370,1914,1945,1620,6000,13.244581010128577
3,1.0,1130,1.0,0,0,3,7,880,250,1947,0,2190,5250,13.217673557208654
3,2.0,1320,1.0,0,0,3,7,1320,0,1993,0,1740,7316,12.487485104968359
2,2.75,1760,2.0,0,0,3,8,1760,0,2010,0,1870,3076,12.948009990259552
3,3.0,3570,2.0,0,2,3,10,2710,860,1985,0,2550,7596,13.641157170819497
4,2.25,2660,1.0,0,0,4,8,2180,480,1977,0,2660,18135,13.345506928718539
5,3.5,3280,2.0,0,0,3,9,2440,840,2003,0,1980,4000,13.804449610604848
3,2.5,1930,2.0,0,0,3,7,1930,0,2014,0,910,6604,13.217673557208654
4,1.5,1420,1.5,0,0,3,7,1420,0,1925,0,1560,5600,12.765545566117686
2,1.0,1390,1.0,0,0,4,6,1390,0,1925,0,1290,7740,12.777052192115912
3,1.0,900,1.0,0,0,4,6,900,0,1959,0,1220,7452,12.211060187041213
4,3.0,2590,2.0,0,2,3,9,2240,350,1964,0,2260,6780,13.658856747918897
5,1.0,1170,1.0,0,0,4,6,800,370,1944,0,1590,6794,12.891691559669328
3,2.5,2190,2.0,0,0,3,8,2190,0,1991,0,2400,14040,13.045482333068371
3,2.5,1930,2.0,0,0,4,8,1930,0,1990,0,2190,5085,13.18740177358355
3,2.5,2550,2.0,0,0,3,9,2550,0,2004,0,2250,4050,13.474427708785377
3,1.0,940,1.0,0,0,3,6,940,0,1950,0,1100,8573,12.384218830913648
3,2.5,1584,2.0,0,0,3,7,1584,0,2011,0,1584,2800,12.479909311159902
2,1.0,880,1.0,0,0,4,6,880,0,1945,0,1190,6780,12.232836282799388
2,1.75,1670,1.0,0,0,3,7,1670,0,1965,0,1600,10725,12.691580461311874
3,1.5,1970,1.5,0,0,4,8,1420,550,1929,0,1940,4000,13.102160670086809
3,1.0,1050,1.5,0,0,3,7,1050,0,1919,0,1050,5502,12.013700752882718
4,2.25,2270,1.0,0,0,4,7,1290,980,1976,0,2030,23980,12.649956863542283
3,3.0,2540,1.0,0,0,3,7,1580,960,1978,0,2270,16000,13.071070083016778
4,3.25,3770,2.0,0,0,5,9,2710,1060,1925,0,2560,4160,14.187074114396758
3,2.5,1790,2.0,0,0,3,8,1790,0,2013,0,1800,3393,12.933621252807452
3,1.0,1010,1.0,0,0,3,7,1010,0,1960,0,1150,9435,12.449018824140563
3,2.5,1720,2.0,0,0,3,7,1720,0,2005,0,1760,1916,12.542544882151386
2,2.0,1040,1.0,0,2,4,6,1040,0,1921,0,2300,5796,12.691580461311874
3,1.75,1710,1.0,0,0,3,7,1060,650,1967,0,1180,10950,12.577636201962656
4,2.25,2010,2.0,0,0,4,8,2010,0,1988,0,1660,7579,12.691272721657192
5,1.5,1940,1.5,0,0,4,6,1220,720,1926,0,1830,4120,13.244581010128577
5,2.5,3200,1.0,0,0,3,7,2160,1040,1952,0,4090,15732,14.054527458434775
4,3.25,2860,2.0,0,0,3,9,1980,880,1925,1993,2010,3680,13.623199269540951
4,1.5,1680,1.0,0,0,4,7,1180,500,1965,0,1460,7620,12.718896271958837
5,2.5,2410,1.0,0,0,5,7,1600,810,1978,0,2410,11514,13.235692062711331
3,2.5,2140,2.0,0,0,3,8,1960,180,2006,0,2280,2812,13.287876120965212
2,1.75,1170,2.0,0,0,3,9,780,390,2010,0,1280,1183,13.180632285528304
4,2.5,2090,1.0,0,0,5,7,1320,770,1965,0,1850,7200,13.049792684569493
3,1.0,880,1.0,0,0,4,6,880,0,1966,0,990,8760,11.982929094215963
3,1.75,1440,1.0,0,0,3,7,1440,0,1986,0,1640,9167,12.388185847286392
3,2.25,1890,1.0,0,0,4,7,1230,660,1973,0,1970,8101,12.983101310070822
2,2.25,1560,2.0,0,0,3,8,1270,290,2006,0,1560,1758,12.757080058928997
4,2.5,2970,2.0,0,0,3,9,2970,0,1993,0,3100,31105,13.480037821676145
4,1.0,1400,1.0,0,0,3,7,1000,400,1954,0,1500,6380,12.69185119389127
4,2.75,2690,1.0,0,0,3,8,1750,940,1978,0,2640,28250,13.242366169799025
2,1.0,1480,1.0,0,0,3,7,1050,430,1949,0,1310,4080,12.92391243868049
3,3.5,2300,1.0,0,0,3,8,2300,0,2004,0,2170,5926,13.422467969854667
4,1.0,2590,1.5,0,0,4,7,2000,590,1911,0,1800,7080,13.060487973686241
3,2.5,2720,2.0,0,0,3,9,2720,0,1990,0,2590,9683,12.82772382438505
3,2.5,2350,2.0,0,0,3,8,2350,0,2012,0,2350,3951,13.458835614025542
3,2.0,2310,1.0,0,0,3,10,2310,0,1979,1996,2950,21814,14.124831805519536
4,2.5,2540,2.0,0,0,3,9,2540,0,1987,0,2560,36280,13.388566418178986
3,1.0,1080,1.0,0,0,2,5,1080,0,1950,0,1070,6250,11.652687407345388
2,1.0,850,1.0,0,0,3,6,850,0,1951,0,850,5170,12.429216196844383
3,2.25,1620,2.5,0,0,3,8,1540,80,2012,0,1620,1068,13.041153321978786
3,2.25,2880,2.0,0,4,4,8,1920,960,1983,0,2880,5308,13.866203672279791
3,1.0,1310,1.0,0,0,3,7,1310,0,1956,0,1330,9529,12.043553716032399
4,1.75,1710,1.5,0,0,4,6,1710,0,1969,0,1750,10480,12.676076274775909
5,2.75,3831,2.0,1,4,3,9,3831,0,1959,1980,3850,36563,14.808762330974558
4,1.75,2120,1.0,0,0,4,7,1060,1060,1956,0,1540,7420,13.023647404465171
4,2.75,2400,1.0,0,0,5,7,1200,1200,1974,0,1100,3844,12.90793176669214
3,1.0,1240,1.5,0,0,4,6,1240,0,1904,0,1240,5250,12.30591798049989
3,2.5,1980,2.0,0,0,3,7,1470,510,1996,0,1500,1873,13.270783382522602
3,1.0,1960,2.0,0,0,2,5,1960,0,1908,0,1850,8324,12.100712129872347
2,1.0,1040,1.0,0,0,4,7,1040,0,1915,0,1620,6280,12.943236711506893
3,1.75,2030,1.0,0,0,3,8,1600,430,1981,0,2910,34190,13.300509562787802
4,2.5,3330,2.0,0,0,3,10,3330,0,2001,0,3150,7515,13.74937075545973
6,4.5,3300,2.0,0,0,3,8,3300,0,1980,0,2470,7561,13.142166004700508
3,1.75,2120,1.0,0,0,3,7,1380,740,1961,0,2050,18333,12.425208175446844
4,2.5,3753,2.0,0,0,3,10,3336,417,2008,0,3494,9375,12.802158113246987
3,2.5,1580,2.0,0,0,3,7,1580,0,1998,0,2070,4698,12.691580461311874
2,1.0,1320,1.0,0,0,4,6,1320,0,1943,0,1190,6490,12.2783933071098
3,2.0,1490,1.0,0,0,5,7,770,720,1912,0,1320,3072,12.991115090794375
4,2.75,2900,1.0,0,2,3,9,1750,1150,1981,0,2900,15720,13.739169324707552
3,1.0,1340,1.0,0,0,4,6,1340,0,1978,0,1320,9800,11.733986850080113
3,2.5,2400,1.0,0,0,3,9,2400,0,1996,0,2800,98010,13.287877815881902
2,1.0,860,1.0,0,0,3,7,860,0,1925,0,980,6000,12.429216196844383
3,2.25,2520,2.0,0,2,5,8,1700,820,1944,1990,1990,5792,13.635187003832993
4,2.5,3300,2.0,0,0,4,10,3300,0,1991,0,2880,213879,13.737549016494562
2,2.0,1440,1.0,0,0,3,7,870,570,1952,0,2020,7642,12.959844447906553
2,1.0,1510,1.5,0,0,4,7,1510,0,1921,0,2210,8851,13.215853720491667
4,2.5,2120,2.0,0,0,3,8,2120,0,1985,0,1990,9611,13.262125319779487
4,2.5,1530,1.0,0,0,3,7,1020,510,1974,0,1650,9794,13.008074231002201
3,2.5,2260,1.5,0,0,3,7,1280,980,1910,0,1790,5355,13.345506928718539
3,2.5,2160,3.0,0,0,3,8,1830,330,2010,0,1870,2825,13.279367126213993
3,3.25,4220,1.0,1,4,4,11,2460,1760,1958,1987,3810,30401,15.009433026436708
3,1.75,1730,1.0,0,0,3,8,1730,0,1961,0,1440,9211,12.89921982609012
3,2.0,2070,1.5,0,0,4,7,1670,400,1906,0,1490,4560,13.403775836842515
5,2.5,2950,1.5,0,0,5,7,1720,1230,1918,0,2200,5000,13.400752402944518
3,1.0,1250,1.0,0,0,3,7,1250,0,1975,0,1690,7280,12.911642346088676
4,1.0,1730,1.0,0,0,4,7,1010,720,1962,0,1369,8418,12.65075846679162
3,2.5,2520,1.0,0,0,3,8,1630,890,1979,0,2220,8388,13.437174117244362
4,2.5,2430,1.0,0,0,5,8,1670,760,1963,0,2140,9048,13.37700559577791
3,2.0,1420,1.5,0,0,3,7,1420,0,1905,2013,1420,4590,13.091904169919621
5,2.5,3160,1.0,0,0,4,9,1780,1380,1971,0,3260,11470,13.795307850646754
3,2.5,1690,2.0,0,0,4,7,1690,0,1989,0,1580,7700,12.495003937382387
3,1.75,1360,1.0,0,0,3,7,1360,0,1963,0,2240,10605,12.376237272053498
4,1.75,1700,1.0,0,0,3,7,1700,0,1967,0,1930,7818,12.955127458028414
4,2.25,1780,2.0,0,0,3,8,1780,0,1971,0,2360,10080,13.329377546788654
4,2.5,3430,2.0,0,0,3,10,3430,0,1992,0,3190,36820,13.629120736994366
3,2.0,1510,2.0,0,0,4,7,1510,0,1909,1995,1990,5000,13.351886535682578
3,1.75,1770,1.0,0,0,4,7,1020,750,1963,0,2000,7875,13.195613839143922
3,1.0,1190,1.0,0,0,4,7,1190,0,1959,0,1850,10500,12.631340380934517
2,1.0,970,1.0,0,0,3,7,970,0,1956,0,1180,6000,12.254862809699606
4,2.25,2360,2.0,0,0,3,8,2360,0,1979,0,2360,7490,13.265597545490236
3,2.25,1670,2.0,0,0,4,7,1670,0,1990,0,1570,7040,12.551433829568632
2,1.5,1170,1.0,0,0,5,6,1170,0,1941,0,1170,5120,12.721885810807203
3,1.75,1270,1.0,0,0,4,7,1270,0,1967,0,1880,7350,13.303651066607985
3,1.5,1740,1.0,0,0,4,7,1740,0,1955,0,1390,9770,13.064734264567692
4,3.25,4020,2.0,0,0,3,11,4020,0,2000,0,3190,8066,13.864300722133706
2,1.0,700,1.0,0,0,3,6,700,0,1953,0,890,10540,12.165250651009918
3,2.5,1750,3.0,0,0,3,9,1750,0,2013,0,1750,3960,13.112313041550827
3,1.5,1560,1.0,0,0,3,7,1060,500,1969,0,1820,9000,12.815838217151068
4,1.75,2700,1.0,0,0,4,8,1450,1250,1953,0,2080,6000,13.493926933836812
3,3.0,2390,2.0,0,0,3,8,1680,710,1988,0,1820,10362,12.468436909997665
5,3.5,5430,2.0,0,2,3,10,4010,1420,2007,0,4340,10324,14.03062193758122
4,3.25,4860,2.5,0,0,3,9,4860,0,1993,0,3850,181319,14.141210697603576
3,2.25,1630,2.0,0,0,3,7,1630,0,2005,0,1630,3348,13.116345305078767
3,1.0,840,1.0,0,0,3,6,840,0,1970,2014,1010,6600,12.354492650648448
3,1.5,1190,1.0,0,0,3,7,1190,0,1956,0,1390,8741,12.180754837545884
3,4.25,2820,2.0,0,0,4,10,2460,360,1930,0,3300,7522,14.28551418721001
2,1.75,1670,1.0,0,0,3,8,1670,0,2004,0,2170,6254,13.13626628257332
3,2.75,2800,1.0,0,0,5,7,1400,1400,1957,0,2800,9530,13.726679344257658
2,1.75,1350,1.0,0,0,3,8,1350,0,2004,0,1350,4479,12.971540487669746
2,1.0,1110,1.0,0,0,5,6,740,370,1916,0,1590,4311,12.92513120787462
3,2.5,2260,1.5,0,0,3,7,1280,980,1910,0,1790,5355,12.911642346088676
3,1.75,1140,1.0,0,0,5,7,1140,0,1950,0,1140,6770,12.644327576461329
4,2.75,3140,1.0,0,0,3,8,1900,1240,1968,1986,3170,10918,13.253391639810733
3,1.0,1400,1.0,0,0,3,7,1400,0,1964,0,1160,14959,12.175613438045465
4,1.75,2660,2.0,0,0,4,8,2080,580,1917,0,2100,4080,13.705695691957068
4,2.0,1520,1.5,0,0,5,6,1520,0,1920,0,1390,5407,12.254862809699606
3,2.5,1730,2.0,0,0,3,8,1730,0,1996,0,1610,4313,13.082957047025236
3,2.5,2400,2.0,0,0,5,8,2400,0,1983,0,2230,54450,13.239257128875828
3,1.0,1100,1.0,0,0,4,6,1100,0,1969,0,920,5200,12.326075437924871
4,2.75,2790,2.0,0,0,3,8,2790,0,2014,0,2790,6444,13.186989394713999
3,2.5,1210,3.0,0,0,3,8,1210,0,2008,0,1210,1200,13.122363377404328
4,2.5,3310,2.0,0,0,3,8,3310,0,2012,0,2380,5000,13.226723392728571
2,1.75,1300,1.0,0,0,4,7,1300,0,1945,1986,1300,14810,13.106233995474446
3,2.25,2680,1.0,0,0,3,8,1570,1110,1978,0,2480,8261,13.304668267392726
3,1.0,2020,1.5,0,0,4,7,1520,500,1929,0,1200,4635,13.222208712374044
4,3.75,3920,3.0,0,0,3,8,3920,0,2013,0,2040,3000,13.968231644981937
4,2.5,2430,2.0,0,0,3,8,2430,0,1993,0,2450,8400,12.931081799238862
2,1.75,1220,1.0,0,0,3,6,1220,0,1942,0,1100,8382,12.409013489526863
4,2.5,2690,2.0,0,0,3,7,2690,0,2001,0,2690,4791,13.317930160948304
3,1.75,1500,1.0,0,0,4,8,1500,0,1976,0,1940,7475,12.404923504275338
3,2.5,1690,2.5,0,0,3,8,1690,0,2007,0,1910,1553,13.369223455335854
2,2.5,1233,2.0,0,0,3,7,963,270,2007,0,1230,1300,12.793859310432293
3,2.0,1380,3.0,0,0,3,8,1380,0,2015,0,1480,3600,12.765688433465597
3,2.5,1370,2.0,0,0,3,7,1370,0,1993,0,1580,10920,12.542544882151386
2,1.0,1350,1.0,0,2,4,7,1350,0,1952,0,1280,10095,12.531411709159054
4,1.5,1980,1.0,0,0,3,7,1980,0,1962,0,1980,89298,12.89921982609012
3,2.5,2200,2.0,0,0,3,8,2200,0,1994,0,2250,7240,12.619820027390809
3,1.75,1210,1.0,0,0,3,7,1210,0,1951,0,1250,6000,13.038981768465277
3,1.75,1580,1.0,0,0,3,8,1180,400,1993,0,1620,6397,12.479909311159902
2,1.0,660,1.0,0,0,3,6,660,0,1915,0,1000,5000,12.072541252905651
2,1.75,1610,1.0,0,0,3,7,950,660,1996,0,1510,5284,12.891691559669328
4,2.75,2540,1.0,0,0,4,7,1600,940,1979,0,1820,7766,12.721885810807203
3,1.0,990,1.0,0,0,3,6,990,0,1943,0,990,6771,12.330720950095284
4,2.25,4470,2.0,0,0,3,10,4470,0,1991,0,3850,97049,13.693342923990066
2,1.0,1320,1.0,0,1,3,6,1320,0,1912,1971,1420,4560,13.020452460588517
4,4.25,4980,2.0,0,3,3,9,3080,1900,1982,0,2840,11308,14.038654109278484
2,2.5,1950,2.0,0,0,3,9,1500,450,2012,0,1800,2457,13.122363377404328
3,2.0,1880,1.0,0,2,3,8,1280,600,1950,0,1920,4000,13.345506928718539
3,2.0,1710,2.0,0,0,4,7,1710,0,1988,0,1710,7225,12.431214199507057
3,2.5,1760,2.0,0,0,3,8,1760,0,1992,0,1920,6851,12.546109948315882
3,1.5,1920,1.0,0,0,3,6,1920,0,1953,0,1616,61014,12.254862809699606
1,1.0,960,1.0,0,0,5,5,960,0,1945,0,1320,20350,12.950031754639722
5,3.5,5170,3.0,1,4,3,11,3520,1650,1998,0,3020,12880,14.334304351379442
3,2.5,2580,2.0,0,0,3,9,2580,0,1991,0,910,6500,13.369223455335854
2,1.0,1480,1.0,0,0,3,7,1080,400,1950,0,1290,7509,12.7098736543592
4,2.5,3270,2.0,0,0,3,9,3270,0,1993,0,2670,38827,13.507625778194974
2,0.75,780,1.0,0,0,4,4,780,0,1945,0,1620,30847,12.206072645530174
4,2.75,3130,2.0,0,0,3,9,2140,990,1993,0,2260,9984,13.635187003832993
3,2.0,2070,1.0,0,0,4,7,1450,620,1969,0,1630,7885,12.445089546000673
4,2.75,2510,1.0,0,0,5,8,1630,880,1978,0,2390,11211,13.406037428458571
3,2.25,1800,2.0,0,0,3,7,1800,0,1995,0,1870,8555,12.714395139078047
3,2.5,2140,2.0,0,0,3,8,2140,0,1991,0,2310,8956,13.369223455335854
3,2.75,2690,1.0,0,0,3,9,2690,0,2007,0,1440,4185,13.627975434117433
4,1.75,2020,1.0,0,0,4,8,2020,0,1969,0,2320,8000,12.409013489526863
3,2.25,1580,1.0,0,0,4,8,1580,0,1979,0,2630,10009,13.308012724290958
3,2.5,1780,2.0,0,0,3,7,1780,0,1995,0,1890,51836,13.112313041550827
2,2.5,1340,2.0,0,0,3,8,940,400,2008,0,1470,1436,12.916568464424731
4,3.5,3650,2.0,0,0,3,9,2550,1100,1996,0,2860,34284,13.453104939316557
5,2.25,3740,1.5,0,0,4,9,3740,0,1979,0,2180,7600,13.399995114002609
3,1.75,1590,2.0,0,0,3,8,1060,530,2014,0,1530,5400,13.049792684569493
3,1.5,1240,3.0,0,0,3,8,1240,0,2009,0,1240,1026,12.669806661762314
3,2.0,1930,1.0,0,0,4,8,1930,0,1966,0,2200,12825,12.742566016044742
3,2.5,3080,2.0,0,0,3,9,3080,0,1990,0,2780,15318,13.253389885423228
3,1.5,1240,1.0,0,0,4,7,1240,0,1955,0,1845,10125,12.468244583811861
4,1.75,1440,1.0,0,0,5,6,720,720,1954,0,1820,6784,12.560244459250788
3,1.75,2600,1.0,0,0,4,7,1300,1300,1980,0,1941,208438,13.085699393032737
5,2.0,1930,1.0,0,0,4,7,1020,910,1962,0,2040,9370,12.89921982609012
3,2.5,2360,1.0,0,2,3,9,2360,0,1990,0,2390,11254,13.151922179645874
3,3.0,1950,3.0,0,0,3,9,1610,340,2009,0,2040,2131,13.573438996764546
4,2.5,2329,2.0,0,0,3,9,2329,0,1995,0,2660,10252,13.199324418540456
3,1.75,1070,1.0,0,0,4,7,1070,0,1968,0,1350,6148,12.180754837545884
4,2.0,2170,1.5,0,0,5,6,1470,700,1920,0,1030,5477,12.429216196844383
3,1.0,960,1.0,0,0,3,7,960,0,1955,0,1460,5400,12.367340793126296
4,2.5,3220,2.0,0,0,3,10,3220,0,1993,0,3090,38448,13.560618308335483
3,1.0,1290,1.5,0,0,3,6,1290,0,1908,0,1620,12415,12.611537753638338
3,2.5,2630,2.0,0,0,3,9,2630,0,1996,0,2640,10620,13.407542319637992
4,2.25,2130,2.0,0,0,4,8,2130,0,1977,0,2170,8400,13.417269294945429
2,1.0,1370,1.0,0,0,3,6,1370,0,1950,0,1690,9930,13.487006490992238
4,2.5,1850,2.0,0,0,4,7,1850,0,1989,0,1940,7432,12.629705057593787
4,2.75,2840,3.0,0,0,3,9,2840,0,2014,0,2880,4227,13.573375300468463
4,2.5,2630,2.0,0,0,3,8,2630,0,1996,0,2840,26071,13.38472764187182
4,2.25,2630,2.0,0,0,3,9,2630,0,1979,0,2270,66647,13.025852477023484
2,1.75,1930,1.0,0,0,3,8,1930,0,2006,0,1670,4500,13.232114241363448
4,3.0,2570,1.0,0,0,4,8,1370,1200,1984,0,2090,8022,13.39239051461739
3,2.5,1540,2.0,0,0,4,8,1540,0,1982,0,1630,7340,12.994416363073707
4,1.75,3280,1.0,0,0,3,7,2080,1200,1976,0,2510,31331,13.312983737012978
2,2.0,1080,1.0,0,0,5,6,1080,0,1923,0,1530,5000,13.038981768465277
3,2.5,1850,1.0,0,0,3,7,1250,600,1968,0,1930,8062,12.468436909997665
2,1.0,890,1.0,0,0,4,6,890,0,1947,0,1160,5000,12.618182296357007
4,1.75,1630,1.0,0,0,3,7,930,700,1978,0,1630,3000,12.65395846952229
3,1.0,1410,1.0,0,0,3,7,1410,0,1981,0,1810,215622,12.259613412458204
2,1.75,2050,1.5,0,2,3,8,2050,0,1979,0,1940,4000,13.623138665316818
4,2.5,3220,2.0,0,0,3,10,3220,0,1996,0,3220,22922,13.681979165339751
5,2.0,3020,1.5,0,0,5,7,1860,1160,1925,0,1380,6000,13.180632285528304
5,2.75,2710,2.0,0,0,3,8,2710,0,2014,0,2530,4759,13.017002861746503
2,1.5,1310,2.0,0,0,3,8,1120,190,2006,0,1330,1265,13.017002861746503
4,2.5,3150,2.0,0,0,3,8,3150,0,2014,0,2650,5886,13.271016114059206
3,2.0,1300,2.0,0,0,3,7,1300,0,1986,0,1670,4500,13.081541382884074
3,2.75,2520,1.0,0,0,4,7,1360,1160,1946,0,1800,5036,13.527828485512494
4,3.5,3273,2.0,0,0,3,8,2671,602,2014,0,2996,5100,13.091904169919621
3,1.5,1200,2.0,0,0,3,8,1200,0,1966,0,1270,1848,11.84939770159144
4,2.0,1350,3.0,0,0,3,7,1350,0,2008,0,1390,942,12.573455059362532
3,1.5,2120,1.5,0,0,3,8,2120,0,1904,0,1960,5120,13.505582876565173
4,2.5,2820,2.0,0,0,3,8,2820,0,2008,0,1560,10125,13.437174117244362
3,3.0,3270,2.0,0,0,3,10,3270,0,1992,0,1870,37457,13.547631112808673
6,2.5,2270,1.0,0,0,3,7,1470,800,1964,0,2270,10640,12.983101310070822
3,1.0,1280,1.0,0,0,4,7,1280,0,1956,0,1420,8800,12.283033686666302
3,1.0,1070,1.0,0,0,4,7,1070,0,1971,0,1090,4000,12.86099861326992
3,2.25,1760,1.0,0,0,4,8,1290,470,1976,0,2050,10488,12.994530005894443
5,3.25,3030,2.0,0,2,3,9,2130,900,1976,0,2890,20908,13.579788224443204
3,2.25,2210,2.0,0,0,3,8,2210,0,1978,0,1450,7955,13.122363377404328
4,3.5,2820,2.0,0,0,3,10,2820,0,1995,0,2630,7904,14.187074114396758
6,2.75,3360,1.0,0,0,5,7,2040,1320,1962,0,2190,43124,13.507625778194974
4,4.0,4090,2.0,0,0,3,11,4090,0,1991,0,4290,41655,13.849911984681606
2,1.0,870,1.0,0,0,3,7,870,0,1937,0,1300,7987,12.853175887588712
2,1.0,980,2.0,0,0,3,8,980,0,2010,0,1180,1600,13.010313873595706
3,1.0,1260,1.0,0,0,4,6,1260,0,1968,0,1180,7500,12.611537753638338
4,3.5,4740,2.0,0,3,3,11,3640,1100,2006,0,4042,8321,14.114874135189893
4,2.25,2020,1.0,0,0,4,8,1350,670,1961,0,2060,8400,13.115540152056203
3,2.25,1470,1.0,0,0,3,7,1160,310,1985,0,1720,8300,12.301382825334498
6,4.0,3300,1.0,0,0,3,8,1960,1340,1963,0,2030,4080,13.567049198665774
3,2.5,2160,2.0,0,0,3,8,2160,0,1982,0,2230,35244,13.071070083016778
4,1.5,1960,1.5,0,2,3,7,1960,0,1922,0,1960,4500,13.399995114002609
4,2.75,3260,1.0,0,0,4,10,2170,1090,1968,0,3480,19863,14.446782334806132
4,2.5,2610,2.0,0,0,3,9,2610,0,1987,0,2610,7773,12.691580461311874
3,2.25,1370,2.0,0,0,4,7,1370,0,1993,0,1370,6600,12.628067055589549
2,1.0,1070,1.0,0,0,3,7,1070,0,1942,0,1360,7653,13.132313708257497
3,3.25,2640,1.0,0,2,4,8,1960,680,1976,0,3690,15000,13.693342923990066
4,2.5,2080,1.0,0,0,3,7,1680,400,1950,0,1270,5650,12.66032791780777
4,2.75,1670,1.0,0,0,5,7,840,830,1917,0,1100,6000,13.312983737012978
4,5.0,5810,2.0,0,0,3,10,3790,2020,2004,0,3010,7200,14.444119217386648
4,2.5,3160,2.0,0,0,4,9,3160,0,1995,0,3000,8281,13.935069793021913
3,2.0,1030,1.0,0,0,3,6,1030,0,1947,0,1380,8100,12.468436909997665
5,2.5,2360,1.0,0,0,4,7,1180,1180,1961,0,2200,10461,13.17115354157376
4,4.25,5010,2.0,0,1,3,11,4000,1010,2014,0,3820,17064,14.670759581053316
3,1.0,660,1.0,0,0,4,5,660,0,1940,0,1320,6600,12.323855681186558
4,2.0,1560,1.0,0,0,3,8,1320,240,1964,0,1870,8258,12.89921982609012
4,2.5,1980,2.0,0,0,3,7,1980,0,2004,0,1980,4878,12.721885810807203
3,2.0,1390,1.5,0,0,5,7,1390,0,1915,0,1440,2900,13.217673557208654
3,2.5,2370,2.0,0,0,3,9,2370,0,1987,0,1590,4400,12.61327956912993
4,1.75,1680,1.0,0,0,3,7,1100,580,1977,0,2400,10369,12.498742259492994
3,2.25,2370,1.0,0,0,4,9,1590,780,1977,0,2500,10004,13.579788224443204
3,2.5,1660,1.0,0,0,4,7,1660,0,1970,0,2060,15015,12.976180867226248
2,1.0,1320,1.0,0,0,3,7,1320,0,1966,0,1430,98445,12.388394202324129
4,2.0,2100,1.0,0,0,3,7,1200,900,1959,0,1140,8160,12.553202176625375
4,1.75,1990,1.0,0,0,4,7,1990,0,1976,0,1950,17040,12.842649474601725
4,2.5,2180,2.0,0,0,3,8,2180,0,1920,2005,2660,4000,13.623138665316818
4,1.75,1830,1.0,0,0,2,7,1060,770,1962,0,1040,7500,12.468436909997665
3,3.5,3310,2.0,0,0,3,9,3310,0,2005,0,3310,5270,13.567049198665774
4,2.5,2500,2.0,0,0,3,8,2500,0,2007,0,2500,5188,12.765688433465597
3,2.25,1490,2.0,0,0,3,7,1490,0,1981,0,1290,10125,13.17115354157376
4,2.5,2286,2.0,0,0,3,8,2286,0,2002,0,2110,4711,13.083622549087899
4,2.5,3860,2.0,0,0,3,8,2930,930,2004,0,3130,6163,13.43131758513165
4,1.5,1580,1.0,0,0,3,6,790,790,1944,0,1320,6499,11.977131068100993
3,1.0,1150,1.5,0,0,3,7,1150,0,1927,0,1210,7700,12.634603026569334
2,2.0,1340,2.0,0,0,3,8,1340,0,2003,0,1410,1375,12.837344422372032
4,2.25,1800,2.0,0,0,3,7,1800,0,1992,0,1670,9380,12.513557345278134
4,2.25,2510,2.0,0,0,3,9,2510,0,1978,0,2440,11000,13.201359383630827
3,2.0,980,1.0,0,0,3,6,980,0,1940,0,1970,3025,12.983101310070822
3,2.5,1600,2.0,0,0,3,7,1600,0,2005,0,1600,1700,12.468436909997665
2,2.0,1450,1.0,0,0,4,6,750,700,1924,0,2170,4370,13.169246963303179
2,1.0,880,1.0,0,0,4,5,880,0,1951,0,1217,13000,12.58621994565405
3,2.25,1560,1.0,0,0,3,7,1260,300,1988,0,1820,36590,12.899094818276968
2,1.0,730,1.0,0,1,3,4,730,0,1934,0,1220,4382,12.287652632522597
3,1.0,1020,1.0,0,0,4,7,850,170,1941,0,970,4980,12.765688433465597
3,1.75,1530,1.0,0,0,3,7,1070,460,1979,0,1770,13660,12.458774999085929
3,2.25,1440,3.0,0,0,3,7,1440,0,2014,0,1180,2603,13.058358047428417
3,2.5,1490,2.0,0,0,3,10,1300,190,2008,0,1490,1715,13.329377546788654
3,3.5,4490,2.0,1,4,3,12,4490,0,1993,0,2710,51330,14.953343559785665
4,2.25,2190,2.0,0,0,5,8,1410,780,1928,0,1990,3860,13.602317337503232
3,2.5,1580,2.0,0,0,3,8,1580,0,1992,0,2110,7062,12.542544882151386
4,2.5,2450,2.0,0,0,3,9,2450,0,2001,0,2690,6675,13.226723392728571
2,1.0,870,1.0,0,0,3,6,870,0,1950,2007,990,5200,12.644327576461329
4,2.5,1640,2.0,0,0,3,7,1640,0,2011,0,1640,4800,13.049685151906344
2,1.0,720,1.0,0,0,3,6,720,0,1949,0,990,5160,12.423198124518821
4,3.0,2430,2.0,0,0,3,8,2430,0,2003,0,2430,7084,12.92391243868049
3,2.25,2150,2.0,0,0,3,8,2150,0,1984,0,2240,9266,13.234798806734117
3,1.0,2360,1.0,0,0,3,7,1560,800,1964,0,1690,4800,13.184398768323781
3,3.25,2200,2.0,0,0,4,7,1710,490,1947,0,1260,6765,13.17115354157376
4,2.5,1850,2.0,0,0,5,7,1850,0,1981,0,1540,5000,13.071070083016778
3,1.75,1800,1.0,0,0,4,8,1000,800,1941,0,1680,5350,13.527761816623505
5,4.0,2710,3.0,0,0,3,10,2380,330,1974,2008,1530,3600,13.997832114758229
3,1.75,1300,1.0,0,0,3,7,1300,0,1962,0,1930,37638,12.524526376648708
4,3.0,3740,2.0,0,0,3,9,3060,680,1988,0,3240,37031,13.67509840424753
3,3.25,2950,2.0,0,0,3,9,2450,500,2001,0,1930,4255,13.742939865129438
4,2.25,3230,2.0,0,0,3,8,3230,0,1986,0,2820,9722,13.345506928718539
3,2.0,1230,1.0,0,0,3,7,1230,0,1989,0,2110,8536,12.857381690473323
6,1.75,1840,1.0,0,0,3,7,1060,780,1900,0,1680,4292,13.399995114002609
4,1.75,1920,2.0,0,0,4,7,1920,0,1970,0,1310,7700,12.936033799212835
2,1.0,780,1.0,0,0,4,6,780,0,1953,0,1310,8160,12.448712894996072
4,1.75,2560,2.0,0,0,4,7,2560,0,1962,0,2560,14764,13.091904169919621
4,2.5,3100,2.0,0,0,3,9,3100,0,2010,0,1240,6670,13.781953774435431
5,2.5,2070,2.0,0,0,3,7,2070,0,1999,0,2010,4698,12.729320789294722
5,2.0,2000,1.5,0,2,4,7,1280,720,1908,0,1680,4000,13.445171251831484
3,2.5,2060,2.0,0,0,3,9,2060,0,2014,0,2648,4500,12.783388010564998
3,1.75,1230,1.0,0,0,3,7,1230,0,1980,0,1250,10170,12.70381302974751
4,1.75,2030,1.0,0,0,3,7,1450,580,1968,0,1750,8387,12.79246945614324
1,1.0,1370,1.5,0,0,4,7,1370,0,1921,0,1450,6250,13.244581010128577
4,2.0,1820,1.0,0,0,4,8,1820,0,1967,0,2260,9299,13.161391764371807
3,2.5,1690,2.0,0,0,4,7,1690,0,1992,0,1690,7532,12.594730635321957
4,2.25,2010,1.0,0,1,4,8,1010,1000,1950,0,2010,7200,13.592367006650065
3,1.0,960,1.0,0,0,4,7,960,0,1963,0,1930,51400,12.211060187041213
2,1.75,2040,1.0,0,0,4,6,1430,610,1985,0,1310,7859,12.257240932104573
3,1.75,1310,1.0,0,0,4,6,1310,0,1948,0,1420,8100,12.983101310070822
3,2.0,1340,3.0,0,0,3,8,1340,0,1997,0,1340,1321,12.818551923022664
3,3.25,3130,2.0,0,0,3,8,2190,940,1987,0,2350,7949,12.644327576461329
6,3.0,2480,2.0,0,0,3,8,2480,0,1972,0,2220,8580,13.493926933836812
3,1.0,1100,1.0,0,0,3,6,1100,0,1962,0,1100,9220,12.122691036591123
5,2.0,3920,1.5,0,0,5,7,2560,1360,1910,0,1830,4240,13.541073712262515
2,1.0,1000,1.0,0,0,3,7,1000,0,1953,0,1380,5000,12.948009990259552
4,2.5,3040,2.0,0,0,4,10,3040,0,1987,0,2990,35416,13.493926933836812
3,1.0,1000,1.0,0,0,3,7,1000,0,1980,0,1610,9170,12.706696406811568
3,1.0,960,1.0,0,0,5,5,960,0,1900,0,1330,10815,12.206067645517674
4,2.5,1790,2.0,0,0,3,7,1790,0,2005,0,1950,5180,12.891691559669328
2,1.0,1030,1.0,0,0,3,6,1030,0,1956,0,1480,8121,12.429216196844383
6,2.75,2520,2.0,1,4,3,7,2520,0,1954,0,2790,26809,13.790192749979985
4,2.5,2430,2.0,0,0,3,8,2430,0,2003,0,2260,7474,13.142166004700508
4,2.5,4010,2.0,0,0,4,12,4010,0,1990,0,4280,35326,14.09692301740246
3,1.5,1390,1.0,0,0,4,7,1390,0,1956,0,1460,10050,12.959844447906553
3,3.5,2670,2.0,0,0,3,9,1870,800,2014,0,1750,5000,13.623138665316818
3,2.25,2130,1.0,0,0,3,8,1370,760,1976,0,2820,8801,13.087720171460754
3,2.75,2810,2.0,1,4,4,10,2810,0,1974,0,3120,14810,14.346138809026444
4,2.5,1850,1.0,0,0,3,8,1430,420,1978,0,2090,10599,13.62918097977278
3,2.5,2329,2.0,0,0,3,8,2329,0,2010,0,2197,5720,12.699411258888578
3,2.5,2430,2.0,0,0,3,10,2430,0,1987,0,2910,49658,13.554145793829866
5,3.0,3070,2.0,0,0,3,8,3070,0,2005,0,2760,5203,12.742419806526241
3,3.5,2050,2.0,0,0,3,8,1520,530,2006,0,1230,3640,13.542388636843823
4,1.75,2250,1.0,0,0,4,7,2250,0,1963,0,1550,23798,12.926348493478372
4,2.25,2590,1.0,0,0,4,8,1340,1250,1968,0,1550,10436,13.021437458814368
2,1.0,830,1.0,0,0,3,7,830,0,1996,0,1030,3574,12.072541252905651
3,2.5,1656,1.0,0,0,4,7,1656,0,1985,0,2030,29859,13.044401835934616
2,1.0,1070,1.0,0,0,3,7,1070,0,1947,0,1500,8775,12.697715449879391
3,1.5,1290,3.0,0,0,3,8,1290,0,2007,0,1360,1227,12.834681304952548
4,3.5,4610,2.0,0,2,3,11,4610,0,2003,0,2340,11538,14.315072989451554
3,2.5,1800,2.0,0,0,4,7,1800,0,1990,0,1800,5952,12.919512529357881
3,1.0,1200,1.0,0,0,4,7,1200,0,1954,0,1230,6615,12.468436909997665
3,1.75,1490,1.0,0,0,3,7,1490,0,1985,0,1450,8632,12.765688433465597
3,1.0,1660,1.0,0,0,3,7,1660,0,1957,0,1380,10875,12.47227568630483
3,2.25,3290,2.0,0,0,3,9,2730,560,1939,0,2340,4000,14.209240409854017
3,1.5,1860,1.0,0,0,3,7,1490,370,1955,0,2090,11574,12.936033799212835
3,1.75,1170,1.0,0,0,4,7,1170,0,1968,0,1870,8448,12.994530005894443
2,2.25,1160,2.0,0,0,3,8,960,200,2014,0,1160,1327,13.226723392728571
3,1.0,1000,1.0,0,0,4,6,860,140,1930,0,1700,7800,12.89921982609012
3,2.25,2680,2.0,0,0,3,7,2680,0,1984,0,1940,47044,13.287877815881902
5,3.5,4010,2.0,0,3,3,9,2560,1450,1997,0,2440,6000,13.345506928718539
4,2.75,3030,2.0,0,0,3,8,3030,0,2011,0,3030,9620,13.17115354157376
5,4.75,6240,1.0,0,3,3,11,4610,1630,2003,0,4170,17668,14.897315728316002
3,2.5,2640,1.0,0,0,3,8,1550,1090,1978,0,2120,12432,13.180632285528304
4,2.5,2640,2.0,0,0,3,8,2640,0,2011,0,1840,5011,12.8687348450774
3,1.75,1790,1.0,0,2,3,8,1350,440,1940,0,1960,5554,13.579788224443204
3,1.0,1000,1.0,0,0,3,6,1000,0,1944,0,1300,8640,12.301382825334498
3,1.75,1270,1.0,0,0,3,7,1270,0,1952,2014,1220,4800,12.936033799212835
3,2.5,1510,1.0,0,0,3,7,1150,360,1990,0,1810,9916,12.417143615610113
4,2.75,2030,1.0,0,0,3,8,1550,480,1979,0,2510,44866,12.994530005894443
3,2.0,1840,1.0,0,0,5,7,920,920,1928,0,1480,3774,13.38472764187182
3,2.5,1740,2.0,0,0,3,8,1740,0,2000,0,2100,4944,12.896716695872
3,2.5,2620,2.0,0,0,3,9,2620,0,1998,0,2620,37042,13.45166712454693
4,2.5,2280,2.0,0,0,5,8,1520,760,1921,0,1690,2099,13.29967239237474
4,2.5,3560,2.0,0,0,3,10,3560,0,2001,0,1660,7680,14.125932117385544
3,1.0,1890,1.5,0,0,4,7,1390,500,1901,0,1530,3330,13.253391639810733
3,1.75,1890,1.0,0,0,3,7,1210,680,1976,0,2040,11108,12.74984936943585
4,2.0,1630,1.5,0,0,3,6,1030,600,1915,1970,1780,3810,13.14020329553266
3,2.25,2950,1.0,0,0,4,10,2070,880,1966,0,2950,22000,13.80747838626701
3,2.25,1900,1.5,0,0,3,8,1200,700,1905,0,1310,3960,13.270783382522602
3,1.75,2100,1.0,0,0,4,7,1080,1020,1957,0,2100,11250,12.994530005894443
3,1.5,1690,1.0,0,0,2,7,1430,260,1952,0,1930,12548,12.821258284620408
3,2.5,1600,3.0,0,0,3,8,1600,0,2009,0,1130,2921,13.126355398673866
4,2.0,3140,1.0,0,1,3,7,1940,1200,1939,1969,3300,10080,13.560618308335483
4,1.75,4060,2.0,0,0,5,9,2660,1400,1924,0,3320,5500,14.077874822431765
2,0.75,840,1.0,1,4,4,6,840,0,1937,0,1850,64069,13.176851562688398
3,1.0,1120,1.0,0,0,4,7,1120,0,1954,0,1410,6328,12.780436290100152
2,1.0,760,1.0,0,0,3,6,760,0,1920,0,2110,6046,13.010313873595706
3,2.5,2270,2.0,0,0,3,7,2270,0,1999,0,2360,4427,13.081541382884074
4,2.5,1950,2.0,0,0,3,8,1950,0,2004,0,1720,3720,13.279367126213993
3,1.75,1560,1.0,0,0,3,7,1160,400,1989,0,1690,8772,13.102160670086809
5,3.0,2008,1.0,0,0,3,7,1216,792,1992,0,2040,5297,13.038981768465277
4,2.5,2940,1.0,0,0,4,8,1850,1090,1974,0,2030,11770,13.287877815881902
3,2.5,2370,2.0,0,0,3,8,2370,0,1994,0,1870,7455,12.644327576461329
4,2.5,2520,2.0,0,0,3,9,2520,0,1994,0,2000,7704,13.17115354157376
4,2.5,2440,2.0,0,0,3,7,2440,0,1999,0,1860,6072,12.644327576461329
3,1.0,1190,1.0,0,0,5,7,1190,0,1968,0,1200,9750,12.2783933071098
3,2.25,1660,2.0,0,0,3,7,1660,0,1996,0,1840,6680,12.505992035646432
3,2.5,1830,2.0,0,0,3,8,1830,0,1994,0,1860,7017,12.60786434827203
3,2.0,1260,1.0,0,0,3,6,1260,0,1998,0,1300,9091,12.283033686666302
3,2.75,2780,1.5,0,0,4,8,1870,910,1913,0,1700,7200,13.471610805514265
3,1.75,1610,1.0,0,0,4,7,1100,510,1978,0,1510,8400,12.323855681186558
3,2.5,1810,1.0,0,0,5,7,1310,500,1960,0,2050,7200,13.626164386233356
2,2.5,1240,3.0,0,0,3,8,1240,0,2006,0,1240,2500,13.036805489042683
4,2.0,2060,1.0,0,2,4,8,2060,0,1957,0,1950,10370,12.765688433465597
5,3.25,2800,1.5,0,0,5,10,1910,890,1932,2002,2450,3500,14.083244992606359
4,2.5,2660,2.0,0,0,3,8,2660,0,2004,0,2380,5539,12.955127458028414
3,1.0,1030,1.0,0,0,4,7,1030,0,1972,0,1470,9044,12.611371073081239
3,2.25,2160,1.0,0,0,3,8,1460,700,1960,0,2160,8000,13.180632285528304
3,1.0,900,1.0,0,0,3,6,790,110,1944,0,1240,6099,12.323855681186558
3,2.5,2580,2.0,0,0,3,9,2580,0,2006,0,2480,4500,13.45597438174451
3,2.5,1840,2.0,0,0,3,8,1840,0,2012,0,2000,4793,12.666657052859417
3,1.0,1240,1.0,0,0,3,6,1240,0,1952,0,1250,8840,12.594561129431222
4,2.5,2150,2.0,0,0,3,8,2150,0,1991,0,2410,42193,12.84792653170257
4,2.5,3030,2.0,0,0,3,9,3030,0,1987,0,2310,8682,13.231872276608467
3,1.0,2020,1.0,0,0,3,6,1760,260,1949,0,1780,14469,12.936033799212835
4,1.75,1710,1.0,0,0,5,7,1010,700,1968,0,1770,8960,12.429216196844383
3,2.5,3560,1.0,0,2,4,8,1650,1910,1948,0,2760,8297,13.53579665516167
4,1.75,2410,2.0,0,3,4,8,2060,350,1936,1980,2520,14789,13.217673557208654
3,2.5,2240,2.0,0,0,3,8,2240,0,1985,0,2190,7506,12.675920012567607
6,2.5,2820,1.0,0,0,5,8,1430,1390,1967,0,2070,8900,13.703326816958322
3,2.5,3030,2.0,0,0,3,10,3030,0,1997,0,3370,51450,13.617059619240436
4,3.5,4370,2.0,0,0,3,11,4370,0,2001,0,4190,13641,13.950915194970477
33,1.75,1620,1.0,0,0,5,7,1040,580,1947,0,1330,4700,13.369223455335854
2,1.0,800,1.0,0,0,3,7,800,0,1918,0,1300,4320,12.83067328355501
4,3.25,2330,2.0,0,3,3,9,2330,0,1918,0,3880,9017,14.077874822431765
2,1.0,900,1.0,0,0,4,6,900,0,1961,0,1190,10000,12.439166527697552
4,2.75,5440,1.0,0,0,2,9,2720,2720,1969,0,1970,40392,13.652991628466498
5,2.25,1950,1.0,0,2,3,7,1150,800,1960,0,1780,8560,13.171393512778367
3,1.0,1910,1.0,0,0,4,7,1010,900,1946,0,1600,5042,13.102160670086809
3,2.5,2690,1.0,0,3,3,8,2130,560,1957,0,2390,11782,13.38472764187182
2,2.0,1540,2.0,0,0,3,8,1540,0,2008,0,1840,8179,13.178743710840436
4,1.5,1410,1.0,0,0,4,7,1410,0,1966,0,1410,10522,11.842229212112828
3,1.0,1130,1.0,0,0,3,6,1130,0,1908,0,1710,2231,12.474189562487116
3,1.5,1720,1.5,0,0,4,7,1720,0,1952,0,1590,7616,12.739637756265655
3,1.0,1470,1.0,0,0,3,7,1470,0,1969,0,1720,8050,12.388394202324129
1,1.0,850,1.0,0,0,4,6,850,0,1940,0,2160,9794,12.994530005894443
3,3.25,1720,2.5,0,2,3,9,1410,310,2004,0,1490,1620,13.366093562326927
3,2.5,1320,2.0,0,0,3,7,1320,0,2005,0,1320,3240,12.628067055589549
3,2.0,1410,1.0,0,3,3,6,1410,0,1993,0,1570,10485,12.736700896592344
4,2.0,1960,1.0,0,0,5,7,1160,800,1978,0,1950,7560,12.429216196844383
3,1.75,2200,1.0,0,0,3,8,1270,930,1962,0,1800,8000,12.487485104968359
4,1.0,1440,1.5,0,0,3,7,1440,0,1969,0,1150,7215,12.779873068457553
4,2.25,2080,1.0,0,0,3,8,1390,690,1964,0,1800,7700,13.122363377404328
3,1.75,1435,1.0,0,0,4,8,1435,0,1969,0,2030,9450,12.873902018105829
3,1.0,1320,1.0,0,0,4,7,1320,0,1954,0,2790,10800,13.750972036826703
3,2.5,1820,1.0,0,0,3,7,1220,600,1959,0,1350,8214,12.388290030231738
4,2.75,2420,1.0,0,1,3,8,1420,1000,1948,1999,3170,9385,13.476535191124942
2,1.0,1170,1.0,0,0,3,6,980,190,1907,0,1660,5150,12.65075846679162
4,1.5,1310,1.5,0,0,4,7,1310,0,1926,0,1310,9450,12.676076274775909
3,1.0,1520,1.0,0,0,3,7,990,530,1958,0,1500,7500,12.644327576461329
3,2.0,1090,1.0,0,0,4,6,1090,0,1961,0,1100,10850,12.367340793126296
3,1.5,1460,1.0,0,0,3,7,1100,360,1971,0,2330,7560,12.706641851603198
5,2.5,2430,2.0,0,0,3,8,2430,0,2007,0,2150,8400,13.127350918915369
2,1.0,1320,1.5,0,0,4,6,1320,0,1909,0,1320,4000,12.886641043883259
1,2.5,1980,1.0,0,0,4,7,1180,800,1979,0,1980,8000,12.608198852372823
3,1.75,1660,1.0,0,0,3,7,1100,560,1988,0,1630,7626,12.929991484756872
2,2.5,1560,2.0,0,0,3,8,1080,480,2008,0,1560,2081,12.983101310070822
3,2.0,1460,1.0,0,0,4,7,1460,0,1975,0,1690,9679,13.02915099568215
1,1.0,560,1.0,0,0,3,4,560,0,1947,0,980,4120,11.407564949312402
3,2.25,2070,1.0,0,0,3,7,1350,720,1987,0,1620,6799,12.706696406811568
3,1.75,2040,1.0,0,0,3,7,2040,0,1997,0,1790,273556,13.055154627710879
1,1.0,790,1.0,0,0,3,6,790,0,1918,0,1900,6000,12.421184025147118
3,2.5,2330,2.0,0,0,3,8,2330,0,1999,0,1830,2948,13.068909856670238
3,2.75,2740,2.0,0,0,3,9,2740,0,2004,0,2210,5026,13.422467969854667
3,2.5,4040,2.0,0,0,3,9,2900,1140,2006,0,3360,8653,13.244581010128577
5,4.0,5190,2.0,0,1,3,11,5190,0,2013,0,3840,19250,14.880221294956703
4,2.5,2910,2.0,0,0,3,8,2910,0,2008,0,2500,5877,13.215853720491667
3,1.5,1780,1.0,0,0,4,8,1780,0,1956,0,2460,12663,12.560244459250788
3,2.5,2220,1.5,0,0,4,8,1660,560,1931,0,950,6380,13.38472764187182
3,1.75,1590,3.0,0,0,3,8,1590,0,2014,0,1520,1357,13.320394227903464
5,3.5,4600,2.0,0,0,3,10,3180,1420,2007,0,3210,9431,13.687677186454389
4,2.5,2900,2.0,0,0,3,9,2900,0,1992,0,2900,34589,13.444446876573442
4,2.5,2420,2.0,0,0,3,10,2420,0,1998,0,1400,7200,12.871334622600584
2,1.0,950,1.0,0,0,4,6,950,0,1909,0,1230,4120,12.706847933442663
3,1.75,1380,1.0,0,0,3,7,990,390,1981,0,1660,8400,12.180754837545884
4,2.5,2940,2.0,0,0,3,9,2940,0,2006,0,2660,7955,13.081541382884074
3,2.0,1080,1.0,0,0,3,7,1080,0,1985,0,1070,3471,12.84779494409793
2,2.25,1950,1.0,0,0,3,8,1350,600,1953,0,2125,7751,12.989974189358584
4,3.5,4000,2.0,0,0,3,9,4000,0,2007,0,3550,8747,13.543701834668783
4,2.5,2632,2.0,0,0,3,8,2632,0,2013,0,2040,5195,12.765545566117686
3,2.5,2920,3.0,0,0,3,10,2920,0,2008,0,2920,3942,13.674522864663297
5,3.0,3730,1.5,0,0,3,7,2160,1570,1927,0,1890,5500,13.795001681332733
4,2.5,3030,2.0,0,0,3,10,3030,0,1998,0,2780,40669,13.635187003832993
3,1.75,1850,1.5,0,0,3,8,1650,200,1913,1999,1540,6000,13.615839362835207
4,3.0,3720,3.0,0,0,3,7,3720,0,1979,2014,2020,15180,13.122363377404328
5,3.75,2890,1.0,0,0,3,7,1310,1580,2006,0,1930,5117,12.873902018105829
3,1.0,1200,1.0,0,0,3,6,1200,0,1950,1968,1340,9450,12.482567372341379
3,1.5,1140,2.0,0,0,3,7,1140,0,1988,0,1150,2981,12.644327576461329
2,1.0,610,1.0,0,0,3,5,610,0,1918,0,930,1392,12.89921982609012
3,2.5,1590,2.0,0,0,3,7,1590,0,2000,0,1820,3383,12.611537753638338
4,2.5,2020,2.0,0,0,5,9,1730,290,1943,0,1620,5800,13.673946993642486
4,2.5,1750,1.0,0,0,4,7,1240,510,1983,0,1660,7875,12.721885810807203
2,1.0,910,1.0,0,0,4,6,910,0,1948,0,1240,8155,12.560244459250788
3,3.25,3230,2.0,0,3,3,10,3230,0,2005,0,3030,6600,14.389874202534253
3,2.5,1570,2.0,0,0,3,7,1570,0,2001,0,1740,3591,12.691580461311874
3,2.25,2560,1.0,0,0,3,8,1510,1050,1958,0,1980,8040,13.244581010128577
3,1.75,1480,2.5,0,0,3,9,1480,0,2005,0,1480,2441,13.337474757021274
4,2.25,2180,1.0,0,0,4,9,1630,550,1975,0,2310,8000,12.736700896592344
5,2.5,3040,1.0,0,2,4,8,1640,1400,1966,0,2920,8800,13.58609739363647
3,1.0,1500,1.0,0,0,4,7,1500,0,1953,0,1230,6240,12.973863369085885
3,2.25,1640,1.0,0,0,4,8,1180,460,1968,0,1930,7630,12.417143615610113
3,2.0,1820,2.0,0,0,4,8,1820,0,1994,0,1920,13402,13.401509118833824
2,1.0,770,1.0,0,0,3,6,770,0,1933,0,2720,8062,12.100712129872347
3,2.25,1820,2.0,0,0,3,8,1820,0,1984,0,2160,11424,13.231217782316412
3,2.0,2850,1.0,0,3,3,8,2340,510,2004,0,2860,18240,13.209274749393625
4,2.5,2400,2.0,0,0,3,8,2400,0,1992,0,2220,7760,12.611537753638338
3,1.0,920,1.0,0,0,4,6,920,0,1961,0,1120,7276,11.736069016284437
4,2.5,2430,2.0,0,0,3,8,2430,0,1999,0,1820,6772,13.279367126213993
4,2.5,2910,2.0,0,0,3,8,2910,0,2002,0,2740,5045,12.886641043883259
4,2.25,1800,2.0,0,0,3,8,1800,0,2014,0,1800,2752,12.733165241760036
3,2.5,2410,2.0,0,0,3,8,2410,0,1991,0,1940,8347,13.329223063311982
3,1.75,1730,1.0,0,0,5,7,1730,0,1972,0,2030,17859,12.584509081250419
5,3.5,3270,2.0,0,0,3,9,2180,1090,2011,0,1410,4080,14.081713598738931
2,1.0,1160,1.0,0,0,4,7,860,300,1942,0,1330,6000,13.056223574899784
3,1.75,1760,1.0,0,0,3,8,1760,0,1977,0,2090,10780,13.224919965729422
5,2.5,2990,2.0,0,0,4,8,2990,0,1990,0,2150,8190,12.736553826954605
2,1.75,1560,1.0,0,0,3,8,1560,0,2004,0,1860,4500,13.269057756555132
3,2.5,2588,2.0,0,0,3,8,2588,0,2008,0,2403,5703,12.631340380934517
4,2.75,2170,2.0,0,0,3,8,2170,0,2012,0,2460,5024,13.054084536651034
3,1.75,2180,1.0,0,3,4,8,1090,1090,1954,0,2180,7140,13.064734264567692
3,1.25,1230,1.5,0,0,4,7,1230,0,1913,0,1310,5000,12.524526376648708
4,2.5,1780,2.0,0,0,3,7,1780,0,2006,0,2020,3802,12.598114733306197
5,3.75,4170,2.0,0,2,3,10,4170,0,2006,0,3030,7980,13.899851706398024
4,3.5,5844,2.0,0,1,3,11,5844,0,2007,0,3413,10766,14.058456736574664
3,2.5,2010,2.0,0,0,3,8,2010,0,1998,0,2010,5779,13.062613372998555
3,1.5,1060,1.0,0,0,5,7,1060,0,1977,0,1300,6780,12.691580461311874
4,2.25,1930,1.0,0,0,4,7,1360,570,1988,0,1760,7207,12.542544882151386
3,2.75,3290,2.0,0,0,4,8,3290,0,1993,0,2750,6119,13.296316684527767
3,1.75,1070,1.0,0,0,3,7,1070,0,1994,0,1280,7200,12.321185452630678
3,2.0,1490,3.0,0,0,3,8,1490,0,2014,0,1400,1230,12.969212197910155
3,1.75,1460,1.0,0,0,3,7,1460,0,1965,0,2200,9293,12.628067055589549
4,4.0,4430,2.0,0,0,3,12,4430,0,1998,0,3900,35237,14.4884550312067
5,1.75,2100,1.0,0,0,3,7,1070,1030,1981,0,2170,9418,12.706847933442663
3,1.75,2130,1.0,0,0,3,8,1580,550,1979,0,2180,7906,12.644327576461329
3,1.5,1060,1.0,0,0,2,7,1060,0,1981,0,1060,5750,12.666657052859417
3,2.5,1070,2.0,0,0,3,7,900,170,2009,0,1450,1437,12.866050764698604
3,2.5,3160,1.0,0,3,3,11,2160,1000,1991,0,3990,11977,13.955272500339433
3,2.5,3090,2.0,0,2,3,10,3090,0,1992,0,3410,12157,13.751505227988362
3,2.5,1450,1.0,0,0,3,8,1030,420,1995,0,1740,9250,13.049792684569493
4,2.5,3100,2.0,0,0,3,9,3100,0,1990,0,2710,8344,13.507625778194974
3,2.25,1250,3.0,0,0,3,8,1250,0,2014,0,1250,1232,12.947890935553772
3,3.25,2090,1.0,0,0,3,8,1510,580,1989,0,2690,40820,12.84792653170257
4,3.25,4360,1.0,0,0,3,10,2320,2040,2000,0,2410,87120,13.698976741708323
2,2.0,1670,1.0,0,0,4,6,860,810,1919,0,1300,7770,13.012548511397123
5,1.0,1670,1.5,0,0,3,8,1670,0,1919,0,1910,2983,14.077874822431765
4,1.75,1820,1.0,0,0,4,6,1190,630,1926,0,1530,9130,12.611537753638338
4,2.5,2670,2.0,0,0,3,9,2670,0,1996,0,2430,11333,13.414958361716755
3,2.75,2930,1.0,0,0,3,9,1860,1070,2004,0,2580,11045,13.235513475336985
3,1.75,2170,1.0,0,0,5,8,2170,0,1965,0,1980,9000,13.717897729097274
3,2.5,3110,1.0,0,1,3,8,1640,1470,1954,0,3650,14399,14.04662227892766
3,2.0,1480,1.0,0,0,4,7,1080,400,1979,0,1850,7348,12.611537753638338
2,1.0,810,1.0,0,0,1,6,810,0,1928,0,1440,7980,12.449018824140563
3,1.0,1070,1.0,0,0,3,7,1070,0,1967,0,1320,7920,12.072541252905651
4,3.25,3830,2.0,0,0,3,9,3830,0,2014,0,4080,8425,13.864300722133706
5,2.75,2870,2.0,0,0,3,9,2870,0,2006,0,3150,6593,13.500799813124575
2,1.0,780,1.0,0,0,3,6,780,0,1947,0,1270,6960,12.013700752882718
3,2.0,1850,1.0,0,0,4,7,1180,670,1970,0,1790,8174,12.409013489526863
5,3.0,2480,1.0,0,0,3,7,1300,1180,2004,0,2290,9900,12.827992316801751
3,2.5,1700,2.0,0,0,3,7,1700,0,2004,0,1970,4105,12.90669184092882
5,3.25,3370,2.0,0,0,4,8,2140,1230,1988,0,2990,7806,13.444446876573442
2,1.0,1790,1.0,0,0,4,7,1040,750,1923,0,1310,4000,13.473020249017498
1,1.0,630,1.0,0,0,3,7,630,0,1943,0,1090,1376,12.971540487669746
2,1.5,1320,1.0,0,0,3,7,1320,0,1993,0,1320,33600,12.765688433465597
3,2.0,1720,1.0,0,0,3,9,1720,0,2011,0,1900,15337,12.996800154428984
5,2.0,2270,1.0,0,0,3,7,1150,1120,1965,0,1950,8050,13.148031124152906
3,2.25,2060,1.0,0,0,4,8,1340,720,1967,0,2320,11186,12.971424201839042
5,2.25,3340,2.0,0,0,4,8,3340,0,1975,0,2460,48351,13.37700559577791
4,2.75,2640,2.0,0,0,3,9,2640,0,2001,0,2640,5898,13.38472764187182
4,2.75,2790,2.0,0,0,3,9,2790,0,2000,0,2900,6752,13.036805489042683
4,2.0,1770,2.0,0,0,5,7,1770,0,1911,1981,1340,6000,13.353475098367715
2,1.0,800,1.0,0,0,3,6,800,0,1938,0,1220,5000,12.933621252807452
3,1.75,2090,1.0,0,0,3,8,1330,760,1977,0,2450,47178,13.101139740952702
3,1.0,1390,1.0,0,0,4,7,1390,0,1964,0,1030,10800,12.201060103706629
3,4.25,5150,2.5,0,2,3,11,4170,980,1954,0,4270,7800,14.626440774180603
3,2.0,1490,2.0,0,0,5,6,1490,0,1948,0,1500,4800,12.988831984779805
3,2.25,2100,2.0,0,0,3,7,2100,0,1984,0,1410,7515,12.6112043647371
5,3.5,3840,2.0,0,0,3,9,3840,0,2001,0,3570,8279,13.681979165339751
5,2.25,3160,2.0,0,0,3,8,3160,0,1977,0,2540,7917,13.53777881636566
3,2.25,2680,1.0,0,1,3,8,1540,1140,1963,0,2140,7560,13.488394416267086
5,2.25,2600,1.0,0,2,4,8,1810,790,1969,0,2070,9660,12.644327576461329
3,1.75,1370,1.0,0,0,4,7,1370,0,1988,0,1500,9864,12.618016719736048
4,2.75,2270,1.0,0,0,4,7,1360,910,1977,0,2050,8016,12.77351486971506
4,2.0,2030,1.5,0,0,3,6,1430,600,1947,0,1820,14600,12.444219088522305
3,2.5,4560,2.0,0,0,4,9,3800,760,1986,0,2360,15000,13.45166712454693
1,1.0,540,1.0,0,0,3,5,540,0,1961,0,1840,10125,12.751299696013497
3,1.0,1250,1.0,0,0,4,7,1250,0,1970,0,1350,10425,12.345834587905333
4,2.5,3070,2.0,0,0,3,9,3070,0,2009,0,2190,9218,13.664687668229691
2,1.5,1340,2.0,0,0,3,8,1190,150,2006,0,1460,1245,13.092934566713517
2,2.0,1590,1.0,0,0,3,7,910,680,1983,0,1560,8524,12.577636201962656
2,1.0,1150,1.0,0,0,3,7,950,200,1948,0,1790,8455,12.54966234992025
4,2.5,3300,1.0,0,0,4,9,1720,1580,1971,0,2290,10975,13.547631112808673
3,2.25,2060,2.0,0,0,3,9,1800,260,1940,0,3070,7500,13.793776065818268
3,2.25,1220,1.0,0,0,3,7,790,430,1984,0,1870,5739,12.542544882151386
5,2.25,2520,2.0,0,0,3,9,2520,0,1977,0,2530,12000,13.321214236149494
3,1.0,1690,1.0,0,0,3,7,1210,480,1955,0,1190,9450,12.458774999085929
4,3.5,4680,2.0,0,0,3,10,3040,1640,2008,0,3240,10749,14.115615150414612
3,1.5,1300,1.0,0,0,3,7,1300,0,1968,0,1840,7600,12.479909311159902
4,3.5,3090,2.0,0,0,3,9,3090,0,1999,0,2400,50543,13.422467969854667
4,2.0,1760,1.0,0,0,3,7,1060,700,1962,0,1280,8415,12.419165860990882
3,2.5,1950,2.0,0,0,3,8,1950,0,1988,0,1810,18401,12.89921982609012
6,2.0,2570,1.5,0,0,4,7,1970,600,1911,0,2030,4240,13.465953081794405
3,1.0,1420,1.0,0,0,3,6,1420,0,1941,0,1480,6000,12.498742259492994
3,1.0,970,1.0,0,0,4,6,970,0,1970,0,1210,11963,12.235388699864227
4,2.25,2070,2.0,0,0,4,7,2070,0,1977,0,2080,7700,13.049792684569493
4,2.5,2940,2.0,0,0,4,9,2940,0,1991,0,2980,10547,13.530491602931978
3,3.25,1370,2.0,0,0,3,8,1100,270,2006,0,1370,1146,12.86876061860541
3,1.0,1210,1.0,0,0,2,6,1210,0,1918,1960,1880,40510,11.982929094215963
5,3.25,3340,2.0,0,2,3,9,2500,840,2014,0,3220,5200,13.365858424966437
4,2.75,3370,1.0,0,3,3,9,1970,1400,1970,2014,2120,6360,13.94214320889764
2,3.0,1410,2.0,0,0,3,8,1140,270,2006,0,1410,1273,12.911642346088676
4,2.5,2470,1.0,0,0,4,7,2470,0,1987,0,2490,40894,13.36138027787483
3,2.25,1580,1.0,0,0,4,7,1580,0,1978,0,1450,16215,12.721885810807203
3,3.0,1970,2.0,1,3,4,9,1770,200,1980,0,2280,75396,13.465953081794405
2,2.0,1340,1.0,0,0,3,8,1340,0,2007,0,1350,4273,12.871334622600584
3,2.5,3680,1.0,0,0,3,10,2390,1290,1985,0,3570,35633,13.554145793829866
3,1.75,2040,2.0,0,0,5,7,1360,680,1924,0,1610,4000,13.487006490992238
2,1.0,1440,1.0,0,2,3,7,1210,230,1948,0,1970,7130,13.122363377404328
5,5.0,5450,2.0,0,0,3,11,5450,0,2014,0,3160,17825,15.044800170274
6,2.25,3140,1.0,0,0,4,8,1570,1570,1959,0,2320,10250,13.514405465180353
4,2.75,2990,2.0,0,0,3,9,2990,0,2014,0,2990,4837,13.566985094047014
3,2.5,1560,2.0,0,0,3,7,1560,0,1994,0,1360,10608,12.445089546000673
3,1.75,1900,1.0,0,0,4,8,1220,680,1963,0,1850,12630,12.765688433465597
4,2.5,3320,2.0,0,0,3,10,3320,0,1999,0,3040,54450,13.608486388529947
3,2.0,1540,1.0,0,0,3,8,1540,0,2004,0,1510,7800,13.17115354157376
3,2.5,3360,1.0,0,0,3,8,3360,0,1989,0,2650,220849,13.287877815881902
3,1.75,1840,1.0,0,0,3,8,1370,470,1974,0,1920,8518,13.279367126213993
6,3.0,2630,1.0,0,0,3,7,1610,1020,1959,0,1220,1173,12.971540487669746
3,1.5,1830,1.0,0,0,4,7,1350,480,1910,0,1570,3672,13.514405465180353
1,1.0,620,1.0,0,0,4,5,620,0,1976,0,1300,12150,12.072541252905651
3,1.0,1270,1.0,0,0,3,7,1270,0,1968,0,1560,8250,13.010313873595706
4,2.0,2120,2.0,0,0,3,9,2120,0,1905,0,2090,3600,13.997832114758229
4,1.5,3050,1.0,0,0,3,8,1650,1400,1966,0,2930,10074,13.226723392728571
3,2.0,1240,1.0,0,0,3,7,1240,0,1988,0,1350,9990,12.911642346088676
2,1.0,820,1.0,0,0,3,5,820,0,1949,0,1810,7200,13.142166004700508
4,1.0,1660,1.0,0,0,1,5,930,730,1933,0,2160,11467,13.217673557208654
3,1.75,1620,1.0,0,0,3,7,1110,510,1950,0,2100,6500,13.42984807715229
3,1.75,1380,1.0,0,0,2,7,930,450,1950,0,1320,4692,12.765688433465597
3,2.25,1590,2.0,0,0,3,7,1590,0,2001,0,1540,2890,12.644327576461329
3,1.5,1650,1.0,0,0,4,8,1130,520,1979,0,1400,8499,12.873902018105829
4,3.0,2580,2.0,0,0,3,8,2580,0,1999,0,2010,5600,12.821258284620408
4,1.0,1150,1.5,0,0,3,6,1150,0,1947,0,990,8184,12.634603026569334
3,1.5,2400,1.0,0,0,3,7,1200,1200,1961,0,1460,8217,12.730801174465157
2,2.5,1050,2.0,0,0,3,8,950,100,2007,0,1350,3600,12.715561376052493
4,2.0,2100,1.0,0,0,5,7,1050,1050,1962,0,1470,8675,13.071070083016778
4,2.5,2110,2.0,0,0,4,7,2110,0,1977,0,2350,8625,13.415032991367148
4,2.5,2640,2.0,0,0,3,7,2640,0,2003,0,2640,6383,12.793859310432293
4,4.0,2740,2.0,0,0,4,9,2740,0,1990,0,2290,8250,12.936033799212835
3,1.0,1000,1.5,0,0,4,6,1000,0,1915,0,1040,4240,12.345834587905333
3,1.75,1140,1.0,0,0,4,7,1140,0,1982,0,1490,10530,12.948009990259552
4,2.75,2910,1.0,0,2,4,9,2120,790,1969,0,2850,14904,13.091904169919621
3,1.75,1330,1.0,0,0,3,8,1330,0,1958,2002,2600,7350,13.306350213517344
3,2.5,3040,2.0,0,0,3,9,3040,0,2004,0,3040,7880,13.302273696165635
3,1.0,1320,1.0,0,0,3,7,1320,0,1979,0,1120,21214,11.918390573078392
3,1.0,890,1.0,0,0,3,7,890,0,1950,0,1930,7500,12.70076888736628
4,2.75,2670,2.0,0,3,5,8,1630,1040,1908,0,2400,5989,13.422467969854667
4,3.25,4800,2.0,0,0,3,10,4800,0,2011,0,4750,13602,13.891545244240271
3,2.0,1460,1.5,0,0,4,7,1460,0,1912,0,1690,4750,13.465953081794405
3,2.0,1130,1.0,0,0,4,6,1130,0,1944,0,1270,7500,12.478006361013815
4,3.0,2800,2.0,0,0,3,8,2800,0,2002,0,3610,7845,13.003579841414362
3,3.25,3130,1.0,0,0,3,9,2210,920,1985,0,2710,34999,13.296316684527767
3,2.5,2740,2.0,0,0,3,9,2740,0,1998,0,2740,8815,12.996800154428984
3,1.5,1400,1.0,0,0,4,6,1400,0,1952,0,1260,8840,12.786191095792114
4,2.5,2100,2.0,0,0,3,8,2100,0,2006,0,2100,4575,12.500606192931057
3,1.0,1150,1.0,0,0,4,5,1150,0,1908,0,1290,19200,12.013700752882718
3,2.25,1330,1.0,0,0,3,7,900,430,1974,0,1380,9570,12.594730635321957
4,3.5,3930,2.0,0,0,3,10,3930,0,2003,0,2860,36460,13.997832114758229
4,1.75,1850,1.5,0,0,4,7,1850,0,1972,0,1750,40946,12.230765258120545
4,2.75,3090,2.0,0,2,3,8,2340,750,1959,1989,2760,10370,13.506264307596652
3,2.75,2290,2.0,0,3,4,7,2290,0,1984,0,399,275299,13.19188944005294
5,1.75,1890,1.0,0,0,4,7,1890,0,1960,0,2350,5308,12.685308526089488
4,2.0,2260,2.0,0,0,3,9,2260,0,1992,0,2410,7713,13.36138027787483
3,1.0,840,1.0,0,0,4,5,840,0,1945,0,1430,12600,12.100712129872347
5,2.75,3750,2.0,0,4,3,10,3750,0,2005,0,3120,7255,13.560618308335483
2,1.0,640,1.0,0,0,4,6,640,0,1918,0,1460,4200,12.962194625251508
3,2.25,1620,2.5,0,0,3,8,1540,80,2012,0,1620,1068,13.017002861746503
4,3.5,4560,1.0,0,3,3,12,2230,2330,1995,0,4060,15177,13.997832114758229
3,2.5,2490,2.0,0,0,3,9,2490,0,1991,0,2500,10386,13.257768014410532
3,1.5,1370,1.0,0,0,3,7,1370,0,1962,0,1400,9075,12.323855681186558
4,2.5,2140,2.0,0,0,3,8,2140,0,1985,0,2120,8395,12.80765263256463
3,2.5,2000,1.0,0,0,4,7,1300,700,1968,0,2110,8400,13.060487973686241
3,2.25,1600,2.0,0,0,4,8,1600,0,1983,0,2320,43005,13.126355398673866
3,2.5,2050,1.0,0,3,3,8,1730,320,1956,0,2370,7620,13.415032991367148
2,2.0,1830,1.0,0,0,4,7,1230,600,1926,0,2020,3600,13.623138665316818
3,2.0,1060,3.0,0,0,3,7,1060,0,2007,0,1440,1501,12.911642346088676
4,2.75,2250,1.0,0,0,4,8,1480,770,1975,0,2070,7632,12.751299696013497
3,1.5,1200,1.0,0,0,4,7,1200,0,1968,0,1350,11935,12.363076394339839
4,3.25,2690,2.0,0,3,3,9,1720,970,1978,0,2400,8845,13.36138027787483
3,1.0,1420,1.0,0,0,3,7,970,450,1947,0,1340,8160,12.909170156943286
4,1.75,1500,1.5,0,0,5,7,1500,0,1905,0,1360,4125,13.569610019527449
3,1.75,1670,1.0,0,0,5,8,1670,0,1967,0,2200,7210,13.426902566922532
3,3.5,4380,2.0,0,0,3,8,2780,1600,1900,1999,1830,6350,13.51508091268999
3,2.5,2150,2.0,0,0,3,8,2150,0,2004,0,2150,5450,12.842649474601725
4,2.5,1770,2.0,0,0,3,7,1770,0,1989,0,1780,6666,12.644166273130065
2,2.5,1240,2.0,0,0,3,7,1240,0,2007,0,1520,2468,12.706847933442663
3,3.0,2990,2.0,0,0,4,8,2990,0,1973,0,2230,11553,13.652932803206916
4,2.25,1890,1.0,0,1,3,9,1470,420,1963,0,2430,5940,13.753635154246187
3,2.25,1880,1.0,0,0,3,8,1480,400,1975,0,2120,10240,13.19170285548294
3,1.75,1460,2.0,0,0,3,7,1460,0,1928,0,1220,4062,13.270783382522602
3,2.5,1260,2.0,0,0,3,8,1260,0,1999,0,1310,3344,12.611537753638338
2,1.0,980,1.0,0,0,4,7,980,0,1950,0,1600,5965,13.028052697933088
3,2.75,1100,2.0,0,0,3,7,780,320,2008,0,1170,4800,12.56374708980199
3,2.25,1440,2.0,0,0,3,7,1440,0,1985,0,1610,4756,13.010313873595706
2,1.0,860,1.0,0,0,3,6,860,0,1943,0,1220,6800,12.332705296463539
3,2.5,2090,2.0,0,0,3,7,1670,420,2005,0,2090,3163,12.771386454580234
4,2.5,2410,2.0,0,0,3,8,2410,0,1993,0,2350,7140,13.317930160948304
4,1.75,2030,1.0,0,1,3,9,1130,900,1975,0,2040,12425,13.070964814318328
3,2.25,1920,2.0,0,0,4,8,1920,0,1984,0,1950,10125,13.345506928718539
4,1.75,1620,1.0,0,0,4,7,860,760,1947,0,1400,4980,12.86099861326992
4,1.5,1600,1.5,0,0,3,6,1600,0,1946,0,1410,6180,12.959844447906553
3,1.75,1830,1.0,0,1,3,7,1200,630,1947,0,1830,7300,12.685407602204794
4,2.75,2830,2.0,0,0,3,8,2830,0,2005,0,2830,7378,13.199324418540456
3,2.5,2480,2.0,0,0,3,9,2480,0,1999,0,2870,6180,12.948009990259552
5,2.5,2840,1.0,0,0,4,7,1620,1220,1913,0,2200,5000,13.513053199930338
3,2.5,1860,2.0,0,0,3,8,1860,0,2010,0,2000,5550,12.594391594803367
4,3.0,4060,1.0,0,0,3,9,2030,2030,1989,0,2950,35259,12.909170156943286
5,2.75,3847,1.0,0,2,5,9,2299,1548,1975,0,2690,15344,13.604789526648622
4,2.25,2530,2.0,0,0,3,7,2530,0,1974,0,2650,24700,12.736700896592344
2,2.0,1170,1.5,0,1,4,8,1170,0,1927,0,2160,4000,13.32612021491835
3,3.25,2080,2.0,0,2,4,8,1220,860,1984,0,2680,6518,13.784535753664844
5,3.25,3340,2.0,0,0,3,8,2600,740,2005,0,2770,6646,13.444446876573442
2,1.0,930,1.0,0,0,2,6,930,0,1942,0,1300,7641,11.512925464970229
4,2.5,2920,2.0,0,0,4,10,2920,0,1978,0,2840,13702,13.58609739363647
4,2.5,3700,1.0,0,4,3,11,2620,1080,1988,0,3480,13786,14.038654109278484
3,3.0,1730,3.0,0,0,3,8,1730,0,2014,0,1830,1804,13.248026395399986
3,1.0,1990,1.0,0,0,3,7,1140,850,1946,0,1160,10236,12.365424063756604
4,2.0,1850,1.0,0,0,3,7,1850,0,1969,0,1310,6901,12.793859310432293
3,2.5,3310,2.0,0,0,3,9,2380,930,2015,0,2660,5166,13.258291894628574
5,2.5,2840,2.0,0,0,3,8,2840,0,2003,0,2740,5509,12.826649133255284
4,2.5,2800,2.0,0,0,3,9,2800,0,2011,0,1770,4200,14.197365800433305
3,2.0,1340,1.5,0,0,3,7,1340,0,1953,0,1420,10200,12.736553826954605
3,2.5,2330,1.0,0,2,3,10,2330,0,1996,0,3320,17461,13.407542319637992
4,1.75,3080,1.5,0,0,4,7,3080,0,1950,1982,1980,5711,12.80765263256463
3,2.5,2660,2.0,0,2,3,10,2660,0,1992,0,2660,13367,14.457890621470566
3,1.0,1430,1.5,0,0,3,7,1430,0,1924,0,1660,4240,13.38472764187182
4,2.0,1980,2.0,0,3,3,8,1700,280,1910,0,2490,4200,13.710150042306449
4,3.5,3560,2.0,0,0,3,10,3560,0,2014,0,3710,6562,13.691069154493656
3,2.0,1410,1.0,0,0,4,7,1410,0,1940,0,1780,8278,12.301382825334498
4,1.75,1630,1.0,0,0,5,7,980,650,1918,0,1630,4080,13.199324418540456
3,2.5,3490,2.0,0,0,3,8,2590,900,2009,0,1740,14448,13.353475098367715
2,1.75,1550,1.0,1,4,4,8,1550,0,1965,1986,1690,11620,13.304684934198283
4,3.25,3800,2.0,0,0,3,10,3800,0,1969,2009,3940,18975,14.688893788827153
2,1.0,890,1.0,0,0,3,6,890,0,1935,1997,1460,6430,12.206022644280132
4,2.25,2500,1.0,0,0,5,7,1800,700,1978,0,2500,7467,13.098070684835283
3,2.5,1870,2.0,0,0,3,7,1870,0,2009,0,2170,5399,12.506177237980511
4,2.5,1700,2.0,0,0,3,8,1700,0,1931,2000,2090,4174,13.764217263576723
3,2.5,1650,3.0,0,0,3,8,1650,0,2007,0,1650,1965,12.966878474563934
4,2.5,2550,2.0,0,0,3,8,2550,0,1998,0,2420,5817,13.205784985543401
2,0.75,550,1.0,0,0,3,5,550,0,1952,0,1330,7980,11.652687407345388
3,1.5,1490,1.5,0,0,4,7,1490,0,1906,0,1560,4400,13.415032991367148
3,1.0,1250,1.0,0,0,4,7,1250,0,1954,0,1680,8633,12.55302548257067
2,1.0,1290,2.0,0,0,3,7,1290,0,2008,0,1290,2482,12.611537753638338
3,2.5,1690,1.5,0,1,4,8,1690,0,1928,0,2140,7200,13.485616636703183
2,1.0,2540,1.0,0,0,5,8,1320,1220,1942,0,2160,6000,13.270783382522602
3,1.75,1870,1.0,0,0,4,8,1870,0,1957,0,1950,12667,12.658739355122632
2,1.0,770,1.0,0,0,3,6,770,0,1948,0,1120,8149,12.468244583811861
4,1.75,1820,1.5,0,0,3,8,1820,0,1921,0,1870,3600,13.610943392223
3,2.5,1860,2.0,0,0,3,8,1860,0,2012,0,2110,4509,12.643101018094457
3,1.75,1250,1.0,0,0,4,7,750,500,1944,0,1240,3880,13.002960280156547
3,1.0,1180,1.0,0,0,3,7,1180,0,1966,0,1300,8100,12.154779351142624
3,2.5,2200,2.0,0,0,3,8,2200,0,1990,0,2190,8580,12.765402678355779
2,1.5,1160,2.0,0,0,3,7,970,190,2005,0,1700,3150,13.023647404465171
4,2.5,2680,2.0,0,0,3,8,2680,0,1999,0,1960,15586,12.611537753638338
4,2.75,3488,2.0,0,0,3,10,3488,0,1998,0,3600,10891,13.610943392223
2,1.0,1000,1.0,0,0,3,6,1000,0,1952,0,1000,4800,12.84792653170257
3,1.75,1880,1.0,0,0,3,7,880,1000,1922,0,1260,7528,13.021437458814368
4,2.25,2280,1.0,0,0,3,8,1660,620,1977,0,2590,9500,13.198398063680326
3,1.0,1200,1.0,0,0,5,7,1200,0,1961,0,1200,7952,12.092343880201831
4,2.5,3570,2.0,0,0,3,9,3570,0,2014,0,3230,5972,13.756810957105497
3,2.5,2570,2.5,0,0,3,9,2570,0,2007,0,2570,3600,13.42984807715229
3,2.0,1140,1.0,0,0,4,7,1140,0,1998,0,1720,8587,12.429216196844383
3,1.75,1040,1.0,0,0,5,6,1040,0,1951,0,1290,5650,12.460714863903755
1,2.25,1940,2.0,0,0,4,7,1100,840,1979,0,1580,5100,12.66032791780777
3,4.25,5510,2.0,0,4,3,13,4910,600,1997,0,3430,45302,15.150511624696614
2,1.75,1060,2.0,0,0,3,7,760,300,2003,0,1060,1493,12.721885810807203
3,2.0,1760,1.5,0,0,3,7,1540,220,1927,0,1760,5943,13.527828485512494
4,2.5,2230,1.0,0,0,4,7,1220,1010,1957,0,1920,7200,13.228523573232719
4,2.5,3690,2.0,0,2,3,10,3690,0,1996,0,3600,13609,13.567049198665774
3,1.0,1040,1.0,0,0,3,7,1040,0,1948,0,1780,8400,12.388394202324129
4,2.5,3220,2.0,0,0,3,9,2420,800,2000,0,1770,7680,13.232114241363448
3,2.0,2340,1.0,0,1,5,7,1170,1170,1971,0,2110,6300,13.235692062711331
4,1.0,1380,1.5,0,0,3,6,1380,0,1939,0,1430,7110,12.444104809338134
4,2.5,1961,2.0,0,0,3,7,1961,0,2006,0,1961,3401,12.57418196709457
4,2.0,1480,1.0,0,0,3,7,1480,0,1943,0,1480,3600,12.535376392672774
3,1.75,1890,1.0,0,0,3,7,1290,600,1974,0,1320,3825,13.171058298943088
3,2.0,1790,1.5,0,0,3,7,1790,0,1998,0,1790,7879,12.460714863903755
3,2.5,1450,2.0,0,0,3,8,940,510,2008,0,1410,1080,13.038981768465277
3,1.0,1510,2.0,0,0,3,8,1510,0,1902,1979,2140,4916,13.591116224748411
5,2.5,2130,1.0,0,0,3,7,1330,800,1968,0,1840,7592,12.793859310432293
1,1.0,900,1.0,0,0,5,6,900,0,1915,1950,1290,5000,11.937539391917154
3,2.25,1481,2.0,0,0,3,7,1481,0,2012,0,1481,2889,12.429216196844383
3,2.0,1610,2.0,0,0,3,8,1610,0,1996,0,2010,4364,13.017002861746503
2,1.0,1070,1.0,0,0,5,6,1070,0,1942,0,900,5080,12.691580461311874
3,2.25,1200,2.0,0,0,3,7,1200,0,1986,0,1220,2140,12.742566016044742
3,2.5,1489,2.0,0,0,3,7,1489,0,2014,0,1537,3273,12.45254202214788
3,2.5,2330,1.0,0,0,4,7,1480,850,1980,0,1940,9607,12.691580461311874
3,2.5,2070,2.0,0,0,3,8,2070,0,1996,0,2620,9617,13.235692062711331
4,2.0,2030,2.0,0,0,3,7,2030,0,1944,0,1190,7007,12.524526376648708
3,1.0,880,1.0,0,2,4,6,880,0,1940,0,1020,7566,12.2783933071098
4,1.75,1814,1.0,0,0,4,7,944,870,1951,0,1290,5000,13.180632285528304
3,2.5,1850,2.0,0,0,3,7,1850,0,2010,0,1850,3400,12.793253571453919
3,1.0,1780,1.0,0,0,3,7,1060,720,1957,0,1450,7800,12.47227568630483
3,2.5,2620,1.0,0,0,3,10,2620,0,1985,0,2950,30290,13.493926933836812
5,1.75,1880,2.0,0,0,3,6,1880,0,1922,0,1690,8401,13.151922179645874
4,3.0,3080,2.0,0,3,5,8,3080,0,1961,0,2810,10757,13.864300722133706
3,2.0,1290,1.0,0,0,5,7,1290,0,1990,0,1290,7366,12.441144767709657
4,2.5,2850,2.0,0,0,3,9,2850,0,2003,0,2820,7500,13.217673557208654
3,1.75,2620,1.0,0,0,4,7,1330,1290,1948,0,1530,8160,13.329377546788654
3,1.0,1290,1.5,0,0,3,7,1290,0,1961,0,1290,9508,12.679196402112153
2,2.5,1830,2.0,0,0,3,7,1830,0,2005,0,1850,2667,13.171058298943088
2,1.5,1010,2.0,0,0,3,7,860,150,2007,0,1190,3060,12.57418196709457
3,2.25,2390,1.0,0,1,3,10,1980,410,1948,0,3720,9075,13.985253332551368
2,1.5,1210,1.5,0,0,5,6,1210,0,1907,0,1570,5000,13.329377546788654
3,1.0,1170,1.0,0,0,4,7,1170,0,1960,0,1170,7350,12.652359748158593
3,1.0,1370,1.0,0,0,3,7,1370,0,1942,0,1768,8702,12.341477282536376
4,2.25,2130,2.0,0,0,4,8,2130,0,1965,0,2110,10431,13.281075068559149
3,1.5,1890,1.0,0,0,5,7,1890,0,1966,0,1510,7560,12.691580461311874
3,1.0,1240,1.0,0,0,3,7,800,440,1951,0,1440,4800,13.17115354157376
3,2.0,2350,1.5,0,0,3,8,1780,570,1929,0,1700,5080,13.249876697703288
3,2.25,1520,2.0,0,0,3,8,1240,280,2010,0,1710,1464,12.84792653170257
3,1.75,1230,1.0,0,0,3,7,1230,0,1987,0,1930,8747,12.86099861326992
4,3.0,2400,1.0,0,0,3,7,1200,1200,1956,0,2670,6342,13.317930160948304
4,3.0,2770,2.0,0,0,3,9,2180,590,2014,0,1820,2960,13.921670753792664
3,2.25,1650,1.0,0,0,3,7,1260,390,1969,0,1760,8268,12.86099861326992
4,1.75,1940,1.0,0,0,4,7,1720,220,1966,0,2000,9000,12.520883385370206
2,1.0,630,1.0,0,0,3,6,630,0,1930,0,970,4200,11.904967552746252
3,1.0,1100,1.0,0,0,3,7,1100,0,1955,0,1300,8000,12.358793732547838
3,1.0,1570,2.0,0,0,5,8,1570,0,1908,0,1640,4000,13.458835614025542
3,1.0,980,1.0,0,0,3,7,980,0,1954,0,980,8125,12.30591798049989
3,2.5,2100,2.0,0,0,4,7,1500,600,1919,0,1750,4400,13.487006490992238
3,2.5,1794,2.0,0,0,3,7,1794,0,2005,0,3557,4807,12.448822726483302
3,1.5,1190,2.0,0,0,3,8,920,270,2014,0,2820,5626,12.532278072652707
2,1.0,1550,1.0,0,0,4,7,1050,500,1941,0,1550,4600,13.226723392728571
4,3.25,2400,2.0,0,0,4,8,2400,0,1982,0,2280,45000,13.279367126213993
3,2.25,2190,2.0,0,0,4,8,2190,0,1983,0,2570,47777,13.458764182902971
3,2.5,1750,2.0,0,0,4,7,1750,0,1991,0,1750,4293,13.262125319779487
3,2.5,2110,2.0,0,0,3,9,2110,0,2004,0,2300,3870,13.287877815881902
5,2.75,2990,2.0,0,0,3,8,2990,0,2014,0,2730,5740,13.23560277301084
4,1.75,1700,1.0,0,0,4,7,850,850,1954,0,1610,11200,12.987688474077727
3,2.75,2390,1.0,0,0,5,7,1610,780,1983,0,1920,7939,12.9123828126164
3,2.0,1390,1.0,0,0,4,7,1390,0,1987,0,1720,12080,12.238539835667675
2,1.0,990,1.0,0,0,3,7,990,0,1941,0,2250,6032,13.102160670086809
4,2.5,1930,2.0,0,0,3,8,1930,0,1995,0,2280,7959,12.672946381766982
3,2.5,2690,2.0,0,3,3,10,2690,0,1997,0,3610,16887,13.5985975564007
5,4.0,4280,2.0,0,0,3,10,2710,1570,1996,0,3080,11307,13.639965985449344
3,2.5,2380,2.0,0,0,3,9,2380,0,2014,0,2590,4382,13.38472764187182
5,3.25,3970,2.0,0,2,3,9,2970,1000,1979,0,2520,8214,13.81049801614073
2,1.75,1270,2.0,0,0,3,8,1270,0,2012,0,1270,1843,12.721885810807203
3,2.25,1920,1.0,0,0,4,8,1560,360,1968,0,2040,9600,13.38779984090879
3,1.75,1650,1.0,0,0,3,8,1470,180,1959,0,2020,7777,13.437174117244362
3,2.5,3490,1.0,1,4,3,10,2290,1200,1968,0,1780,15244,14.508657738524219
3,2.25,1440,1.0,0,0,3,7,1440,0,1965,0,1590,9782,12.441144767709657
3,1.75,1880,1.0,0,0,4,7,940,940,1945,0,1110,5201,12.928778628331663
2,2.5,1390,2.0,0,0,3,7,1390,0,1987,0,1390,2052,12.164990200428944
2,1.0,1120,1.0,0,2,4,5,1120,0,1932,0,2150,101930,12.388394202324129
4,2.5,1980,2.0,0,0,3,7,1980,0,2007,0,1980,5064,12.911642346088676
2,2.25,1530,3.0,0,0,3,8,1480,50,2006,0,1530,1282,13.16158409055761
3,2.5,2370,3.0,0,0,4,8,2370,0,1982,0,2590,41553,13.664687668229691
4,3.25,3460,2.0,0,1,3,10,3020,440,1950,1998,3030,8680,14.375126345899696
4,2.5,3700,1.0,0,0,5,8,1920,1780,1973,0,2020,8350,13.287877815881902
3,1.75,1560,1.0,0,0,5,7,1560,0,1970,0,2230,13109,12.89921982609012
3,3.25,3990,2.0,0,2,3,9,2870,1120,1922,1999,3640,8505,14.22097566607244
3,1.5,1740,1.0,0,0,3,7,1600,140,1950,0,1650,7500,12.983101310070822
3,2.5,1680,2.0,0,0,3,7,1680,0,2008,0,1710,4075,12.884106188280072
4,2.0,2130,1.0,0,0,3,7,1350,780,1962,0,1550,8596,12.429216196844383
1,1.0,1000,1.0,1,3,3,7,1000,0,1950,0,1090,6536,13.371564463037828
2,1.0,860,1.0,0,0,3,6,860,0,1945,0,1300,6000,11.711776323715394
3,1.0,1560,1.0,0,0,3,7,1560,0,1952,0,1930,8286,13.726679344257658
3,2.0,1380,2.0,0,0,3,7,1380,0,1971,0,1620,3900,12.524526376648708
4,2.0,1710,1.0,0,0,3,7,1710,0,1950,0,1550,6768,12.84792653170257
3,1.5,2200,1.0,0,0,4,7,1130,1070,1942,0,2170,7672,13.151922179645874
3,1.0,1410,1.0,0,0,4,7,1410,0,1961,0,1570,40500,12.570715759118084
3,2.75,1320,1.0,0,0,3,7,880,440,1995,0,1490,8351,12.254862809699606
3,1.0,940,1.0,0,0,3,6,940,0,1949,0,1180,5276,12.468436909997665
3,1.75,1380,1.0,0,0,2,7,930,450,1950,0,1320,4692,13.514405465180353
6,2.5,2890,1.0,0,0,3,8,1630,1260,1977,0,2730,9915,13.126355398673866
4,1.0,1720,1.5,0,0,4,7,1200,520,1926,0,1530,3500,13.212204081404119
4,3.5,5490,1.0,0,4,3,12,2910,2580,1996,0,4290,13822,14.394928973195876
5,3.5,2640,2.0,0,0,3,7,2640,0,2001,0,2640,5267,13.036805489042683
1,1.0,690,1.0,0,0,4,5,690,0,1917,0,1330,5381,11.867097278690842
4,1.75,2290,1.0,0,0,3,6,2290,0,1936,1953,1240,8215,12.419165860990882
2,1.0,1290,2.0,0,0,3,7,1290,0,2008,0,1290,2628,12.487485104968359
4,2.5,2370,1.5,0,2,5,8,1980,390,1928,0,2440,5750,13.633988681340885
4,3.0,2060,1.0,0,0,3,8,1430,630,1992,0,2250,7820,12.686645226125144
3,1.75,1880,1.0,0,0,3,7,1380,500,1967,0,3550,10883,13.493926933836812
4,2.5,3240,2.0,0,0,3,8,3240,0,1998,0,2570,29761,13.260384675301703
4,2.0,1650,1.0,0,0,4,7,860,790,1977,0,1410,7199,12.793859310432293
4,3.25,3730,3.0,0,2,3,11,3730,0,1985,0,3730,7680,14.389310980891652
3,1.75,1540,1.0,0,2,3,7,770,770,1920,0,1420,4200,13.146140449063758
3,2.25,1830,1.0,0,0,4,8,1290,540,1986,0,1990,8306,13.256894270361935
4,2.0,2180,1.0,0,0,2,6,1730,450,1950,0,2180,12010,13.081541382884074
3,1.5,1360,2.0,0,0,3,7,1120,240,2003,0,1360,1573,12.89043132005704
3,2.25,1640,2.0,0,0,3,8,1640,0,1994,0,1780,3999,13.077366011473593
2,2.5,1590,2.0,0,0,3,8,1590,0,2012,0,1590,1680,12.888727473369634
3,3.0,2090,1.0,0,0,3,8,1450,640,2001,0,2090,9600,12.89921982609012
3,3.25,4330,2.0,0,0,3,10,3630,700,1985,0,3220,12672,13.49088783770021
5,2.0,2590,1.0,0,0,4,7,1340,1250,1958,0,1750,8610,13.081541382884074
4,3.5,2540,2.0,0,0,5,8,1820,720,1910,1986,1520,5461,13.592354506571938
3,2.25,2990,2.0,0,0,3,9,2990,0,1994,0,2840,215622,13.122363377404328
2,1.0,1060,1.0,0,0,3,7,1060,0,1926,0,1420,4960,13.151922179645874
3,1.0,1300,1.0,0,0,3,7,1300,0,1956,0,1500,9600,12.628853631403569
3,1.75,1350,1.0,0,0,3,7,1350,0,1966,0,1600,8928,12.546109948315882
3,2.5,1480,3.0,0,0,3,8,1480,0,2007,0,1480,1554,13.38472764187182
3,1.0,1540,1.5,0,0,3,7,1540,0,1949,0,1540,7250,13.815510557964274
3,2.25,2170,2.0,0,0,3,8,2170,0,2014,0,1700,6991,13.594863886848652
4,1.75,2090,1.0,0,0,4,7,1050,1040,1970,0,1710,7527,12.577463773304586
4,1.0,1370,1.5,0,2,5,5,1370,0,1900,0,1590,84070,12.450977688625896
4,2.5,2540,2.0,0,0,3,9,2540,0,1992,0,2410,9383,12.768256561571306
3,1.5,1140,2.0,0,0,3,7,1140,0,1988,0,1150,3592,12.644327576461329
3,1.0,1610,1.0,0,0,3,7,1080,530,1976,0,1800,7600,12.2783933071098
3,1.75,2330,1.0,0,0,4,8,1590,740,1968,0,2420,9631,13.42984807715229
4,2.5,3470,2.0,0,0,3,9,2480,990,1927,0,2280,5440,14.077874822431765
5,3.0,5530,1.5,0,2,3,10,5530,0,1969,1994,3800,44417,14.115615150414612
3,2.0,1860,1.5,0,0,3,7,1110,750,1915,0,1680,3695,13.287877815881902
2,1.0,1050,1.0,0,0,3,7,1050,0,1959,0,2400,9525,13.353475098367715
4,2.5,2560,2.0,0,0,3,9,2560,0,2005,0,3040,5800,12.86876061860541
3,1.75,1820,2.0,0,0,5,8,1820,0,1949,1990,2030,5499,13.274225726713574
3,1.75,1300,1.0,0,0,3,7,1300,0,1962,0,1930,37638,12.819906019370393
3,2.0,1510,1.0,0,0,3,7,1070,440,1972,0,1660,6600,12.892950213076524
2,1.75,1560,1.0,0,0,5,7,880,680,1946,0,2060,4940,13.304684934198283
3,2.5,1750,2.0,0,0,3,8,1750,0,1977,0,1750,5700,13.023647404465171
4,2.0,1680,1.0,0,0,3,7,980,700,1950,0,1680,6000,13.284482226880764
5,2.75,2920,1.5,0,0,5,7,1800,1120,1911,0,1220,5250,12.487485104968359
3,1.0,1120,1.0,0,0,3,7,1120,0,1962,0,1210,9918,12.781280528225432
4,2.0,2360,1.0,0,0,3,7,1180,1180,1955,0,1680,7800,12.611537753638338
4,3.25,3980,2.0,0,0,3,10,3980,0,2011,0,2450,10912,14.383661248349535
3,1.75,1510,1.5,0,0,3,7,1510,0,1976,0,1470,12465,12.676076274775909
4,2.5,2070,2.0,0,0,3,7,2070,0,1996,0,2130,8100,12.676076274775909
2,1.0,850,1.0,0,0,3,7,850,0,1975,0,980,4700,13.038981768465277
3,2.75,1540,2.0,0,0,3,8,1230,310,2002,0,1540,1287,13.38472764187182
3,1.75,1350,1.0,0,0,5,7,1350,0,1954,0,1100,7200,13.017002861746503
3,1.5,1360,1.0,0,0,4,7,1360,0,1966,0,1650,10726,12.761393509182716
4,2.5,1594,1.0,0,0,5,7,1088,506,1975,0,1536,6000,12.502466658583977
3,2.5,1720,2.0,0,0,3,7,1720,0,1992,0,1720,3510,12.45273739188573
3,2.75,1900,1.0,0,0,4,7,1900,0,1958,0,1640,19166,12.449018824140563
3,2.25,1780,1.5,0,0,4,9,1390,390,1927,0,1960,5568,13.555443652545467
4,2.0,1730,1.0,0,0,5,7,1060,670,1924,0,1360,3563,13.251635713108469
5,2.5,3090,1.0,0,0,3,8,1750,1340,1968,0,1760,25919,12.860738839271837
4,1.0,1860,1.0,0,0,4,7,1860,0,1955,0,1560,8505,12.487485104968359
3,1.75,1550,1.0,0,0,4,7,1550,0,1949,0,1760,9496,12.205822614274965
3,2.5,1776,3.0,0,0,3,8,1604,172,2006,0,1780,1248,13.337474757021274
4,2.5,3010,2.0,0,0,3,9,3010,0,2000,0,2670,6202,13.304684934198283
3,1.0,1330,1.0,0,0,4,7,1330,0,1971,0,1250,10350,12.676076274775909
4,2.0,1370,1.0,0,0,2,7,1370,0,1947,0,1280,8100,12.949318657390583
4,3.5,3920,1.0,0,1,3,10,2240,1680,2005,0,3800,13749,14.288634314546254
3,2.5,2620,2.0,0,3,3,7,2620,0,2010,0,1670,4558,12.533576212168626
6,3.25,2120,1.0,0,0,4,7,1060,1060,1983,0,1380,6986,12.706847933442663
3,1.75,1730,1.0,0,0,3,8,1730,0,1988,0,2180,10027,13.163505320735505
5,3.25,5180,1.0,0,0,3,11,2610,2570,1993,0,4050,15296,13.993656743347747
4,2.25,3270,1.0,0,0,4,10,2000,1270,1974,0,4100,15760,13.802931775757415
4,1.0,1610,1.5,0,0,4,7,1510,100,1905,0,1430,6000,12.962781307579863
4,2.5,2320,2.0,0,0,3,8,2320,0,2004,0,2330,4524,12.971424201839042
3,1.75,1280,1.0,0,0,4,7,1280,0,1975,0,1670,9764,12.2783933071098
4,2.5,2120,2.0,0,0,3,9,2120,0,2005,0,2120,3547,13.364917322238362
3,1.0,1290,1.0,0,0,3,6,790,500,1948,0,1110,4720,12.4529327234617
4,2.5,1910,1.0,0,0,4,6,1910,0,1963,0,2590,9286,12.71589776896258
3,2.5,1430,3.0,0,0,3,8,1430,0,2002,0,1430,1530,12.762827201184564
3,1.0,1110,1.5,0,0,5,7,1110,0,1932,0,1420,6000,13.286181462633724
3,2.5,2370,2.0,0,0,3,8,2370,0,2006,0,2370,4348,12.909170156943286
2,1.0,1040,1.0,0,0,4,6,1040,0,1955,0,1640,7200,13.440817108522863
4,2.5,3340,2.0,0,0,3,10,3340,0,2005,0,3730,123600,13.527761816623505
4,2.5,1930,2.0,0,0,4,7,1930,0,1992,0,1930,7525,12.66032791780777
4,2.75,3120,2.0,0,0,3,9,3120,0,2010,0,3200,5000,13.592367006650065
4,1.75,2710,1.0,0,0,4,9,1430,1280,1976,0,2640,11000,13.737549016494562
1,1.0,1160,2.0,0,0,3,7,1160,0,2000,0,2060,5000,12.724866438945341
4,2.5,2080,2.0,0,0,3,8,2080,0,1991,0,2000,6773,13.208541073645382
4,3.25,4690,2.0,0,2,3,10,3680,1010,1995,0,2910,13320,13.304684934198283
2,1.0,890,1.0,0,0,3,7,890,0,1943,0,900,7000,12.560244459250788
4,2.0,1390,1.5,0,0,5,7,1390,0,1908,0,1900,5460,12.959844447906553
4,2.0,3140,1.0,0,0,4,8,2040,1100,1959,0,2010,10437,13.737549016494562
3,1.0,1150,1.0,0,0,3,6,800,350,1952,0,1150,6908,12.70684490313504
3,1.0,1330,2.0,0,0,5,7,1330,0,1905,0,1710,10825,12.193493863323313
2,1.5,1180,3.0,0,0,3,8,1180,0,2009,0,1180,1207,12.691580461311874
4,2.25,2450,2.0,0,0,4,8,2450,0,1980,0,2410,35378,13.432784936825598
3,1.75,2920,1.0,0,0,4,7,2920,0,1964,0,1560,10572,12.691580461311874
4,2.5,3010,2.0,0,0,3,8,3010,0,2003,0,3010,5772,12.793720411897448
3,2.25,1940,2.0,0,0,3,9,1940,0,1990,0,2580,83558,13.178743710840436
2,1.0,890,1.0,0,0,3,6,890,0,1943,0,1490,6350,12.660210450591306
3,2.5,2260,1.5,0,0,3,10,2260,0,1995,0,1610,244372,13.564096124683035
3,2.25,1700,1.0,0,0,4,7,1250,450,1974,0,2070,7300,12.542544882151386
5,3.5,2730,1.0,0,0,3,8,1530,1200,1989,0,3180,37970,13.203943364396752
3,2.0,1810,1.0,0,0,3,7,1810,0,1970,0,1360,12931,12.577636201962656
3,1.75,1590,1.5,0,0,4,7,1190,400,1908,0,1420,3800,13.228523573232719
3,2.5,3370,1.0,0,0,3,10,3370,0,2000,0,3350,213444,13.478498175490552
4,2.5,3280,2.0,0,3,3,11,3280,0,1985,0,3280,25211,13.604789526648622
4,1.0,1350,1.5,0,0,3,8,1350,0,1930,0,1520,4000,13.255144488638146
2,1.0,1120,1.0,0,1,3,6,1120,0,1947,0,1120,7200,12.84792653170257
3,2.0,1590,1.0,0,0,3,7,1320,270,1939,0,1620,5150,13.487006490992238
3,1.75,2190,1.0,0,0,4,8,2190,0,1967,0,1980,8000,12.65395846952229
5,2.5,3470,2.0,0,0,3,8,3470,0,1978,0,2220,12283,13.303016877097587
2,2.0,1350,1.0,0,0,4,8,1350,0,1974,0,1800,2560,12.853175887588712
4,2.25,2670,1.0,0,0,3,8,2170,500,1955,0,1880,2648,12.736553826954605
3,1.75,1980,1.0,0,0,3,7,1980,0,1991,0,1630,7650,12.631340380934517
3,1.0,940,1.0,0,0,4,7,940,0,1954,0,1090,7800,12.004568269319446
3,1.5,1240,1.0,0,0,4,7,1240,0,1957,0,1260,7500,13.16733674304706
3,2.5,2420,2.0,0,0,4,9,2420,0,1987,0,2630,9000,13.531671757339566
4,2.75,2090,1.0,0,0,4,8,2090,0,1949,0,2130,13500,13.62918097977278
4,2.25,2400,2.0,0,0,4,7,2400,0,1973,0,1610,12100,12.524526376648708
3,1.5,1340,1.0,0,0,4,7,1340,0,1966,0,1300,7391,12.409013489526863
4,3.5,2850,2.0,0,0,3,8,1950,900,2014,0,2850,5708,13.318752191409718
6,3.0,3320,1.0,0,0,4,8,1660,1660,1977,0,2330,15360,12.89921982609012
3,2.5,2420,2.0,0,0,3,8,2420,0,2014,0,2370,4200,12.821112328023315
4,2.25,2210,1.0,0,0,4,8,1270,940,1977,0,2030,8862,13.049792684569493
3,1.75,1300,1.0,0,0,4,7,1300,0,1959,0,1370,5111,12.96453929221076
4,3.0,3330,1.0,0,0,3,8,1790,1540,1958,0,1610,4000,13.652991628466498
3,1.0,1390,1.0,0,0,4,7,910,480,1926,0,1320,4820,12.765688433465597
3,1.0,1810,1.0,0,0,4,7,1130,680,1954,0,1810,8100,12.973863369085885
4,1.75,1250,1.0,0,0,5,6,1250,0,1959,0,990,7600,13.005829561148378
3,1.5,1580,1.0,0,0,3,7,1050,530,1980,0,2240,12000,12.48559653028049
4,2.5,2040,2.0,0,0,3,7,2040,0,1994,0,1570,6753,12.429216196844383
4,2.75,2310,1.0,0,0,5,8,1310,1000,1980,0,2820,9886,13.527828485512494
4,2.25,3320,2.0,0,0,4,8,2000,1320,1986,0,3230,43129,13.138236726560619
5,4.5,4340,3.0,0,4,3,10,4340,0,2010,0,1770,5250,14.895619375067824
3,2.0,1170,1.0,0,0,3,6,1170,0,1919,0,1180,7200,12.721885810807203
3,2.5,3050,1.5,0,0,5,8,1950,1100,1950,0,1890,5814,13.790192749979985
4,1.75,1860,1.0,0,0,4,7,1090,770,1977,0,1710,7350,12.429216196844383
3,2.5,2260,2.0,0,0,3,8,2260,0,2004,0,2250,7784,12.691580461311874
3,2.5,2060,2.0,0,0,3,8,2060,0,1987,0,2180,8126,13.279367126213993
3,2.5,2790,2.0,0,0,3,9,2790,0,1990,0,2580,17859,13.190022025878143
3,1.75,1300,1.0,0,0,5,7,1300,0,1968,0,1520,7344,13.007962117094353
4,3.0,3500,2.0,0,0,3,10,2360,1140,1977,0,3140,12935,13.704578997256993
4,3.0,5940,2.0,0,4,3,11,4950,990,2004,0,4240,12813,13.954402556830892
2,1.75,1060,1.0,0,0,3,7,1060,0,1977,0,1790,16748,12.782686009834167
4,2.5,2000,2.0,0,0,3,8,2000,0,1990,0,1950,5218,13.308012724290958
3,1.75,2280,1.0,0,3,4,8,1360,920,1941,0,2280,5200,13.527828485512494
3,2.5,2740,2.0,0,4,3,9,2740,0,1973,0,2500,29269,12.89921982609012
4,3.5,3540,2.0,0,0,3,10,3540,0,2003,0,3310,5655,13.217673557208654
3,2.0,3120,1.0,0,0,4,7,2150,970,1980,0,2100,43416,12.834681304952548
5,2.25,3270,2.0,0,2,5,9,2470,800,1968,0,3690,17916,13.981024996441848
3,2.25,1950,1.0,0,0,3,7,1350,600,1964,0,1300,8880,12.936033799212835
3,2.25,1347,3.0,0,0,3,7,1347,0,2010,0,1480,1865,12.679196402112153
3,2.5,2960,2.0,0,2,4,9,2960,0,1978,0,2960,11745,13.514405465180353
3,2.5,1380,3.0,0,0,3,8,1380,0,2008,0,1380,1249,13.175904144332359
3,2.5,2390,2.0,0,0,3,9,2390,0,2007,0,1720,44866,13.038981768465277
3,2.25,1470,1.0,0,0,3,7,1160,310,1984,0,1570,7881,12.323855681186558
4,2.5,2900,2.0,0,0,3,11,2900,0,1986,0,3390,20000,14.106312757752299
2,1.5,1330,1.0,0,0,3,7,900,430,1984,0,1610,12043,12.994530005894443
2,1.0,810,1.0,0,0,3,6,810,0,1955,0,1500,5100,12.341477282536376
3,2.25,1850,2.0,0,0,4,7,1850,0,1985,0,1650,4468,13.005829561148378
2,1.0,930,1.0,0,0,3,6,930,0,1933,0,2240,8723,11.982929094215963
3,1.75,1480,1.5,0,0,3,7,1480,0,1946,0,1480,6120,13.122363377404328
5,2.0,1890,2.0,0,0,4,7,1890,0,1944,0,1170,6050,12.736553826954605
5,4.0,4070,2.0,0,0,3,10,4070,0,2014,0,2640,9401,14.189828937075601
4,3.0,1550,1.0,0,0,3,7,860,690,1918,2014,1310,5000,13.343104044102228
4,2.5,2600,2.0,0,0,3,8,2600,0,2005,0,2830,7620,13.199324418540456
4,3.5,4440,2.0,0,3,5,10,3140,1300,1922,0,3990,8505,14.626440774180603
3,2.5,2030,1.0,0,0,3,9,2030,0,1999,0,1870,109468,13.244581010128577
3,1.75,2270,1.0,0,0,4,8,1330,940,1978,0,2090,8400,12.460714863903755
3,1.75,2220,1.0,0,0,3,7,1270,950,1950,0,1490,10003,12.676076274775909
3,1.75,1260,1.0,0,0,4,7,1260,0,1985,0,1600,8614,12.409013489526863
4,2.75,2990,1.0,0,1,4,8,1880,1110,1977,0,2790,9858,12.765688433465597
3,2.5,2660,3.0,0,3,3,9,1870,790,2007,0,1640,1369,14.03062193758122
4,2.25,2670,1.0,0,0,4,8,1610,1060,1975,0,2470,10290,12.989631664950371
4,2.5,2400,2.0,0,0,3,8,2400,0,2003,0,2400,8038,13.017002861746503
3,2.0,2180,1.0,0,0,5,7,1100,1080,1904,0,1470,4109,13.573438996764546
5,1.5,1930,2.0,0,0,3,7,1930,0,1966,0,1480,7705,12.506177237980511
4,2.25,2680,2.0,0,0,3,7,2680,0,2000,0,2460,4473,13.124361380067002
4,2.5,2770,2.0,0,0,3,7,2770,0,2001,0,2770,5177,13.38472764187182
3,2.5,2010,2.0,0,0,3,8,1390,620,2014,0,1690,1662,13.024190303426474
3,2.5,2320,2.0,0,0,3,8,2320,0,2004,0,2320,4383,13.38472764187182
4,3.0,2280,1.0,0,0,3,7,1340,940,1978,0,1540,7500,13.132313708257497
5,2.5,2970,1.0,0,0,4,8,1670,1300,1969,0,2100,21803,13.059423577630454
2,1.5,790,2.0,0,0,3,8,700,90,2003,0,1370,1281,12.80765263256463
4,2.5,1714,2.0,0,0,3,8,1714,0,2009,0,1714,3250,12.634603026569334
4,1.75,2040,1.0,0,0,3,7,1020,1020,1962,0,1770,5047,13.219490088135052
3,2.0,1640,1.0,0,0,3,7,1640,0,2003,0,2250,5488,12.538967060803502
3,2.0,1670,1.0,0,0,3,7,1670,0,2014,0,1670,4622,12.455675053584864
4,2.5,1850,2.0,0,0,3,8,1850,0,1998,0,2370,6500,12.531772785169476
6,3.0,2300,2.0,0,0,3,7,1600,700,1920,1994,1560,1312,13.047639831208393
6,3.25,3140,2.0,0,0,3,10,3140,0,1991,0,2980,10758,13.738467513465961
4,2.5,2110,2.0,0,0,3,7,2110,0,2013,0,1950,3825,12.697715449879391
3,2.5,2056,2.0,0,0,3,7,2056,0,2014,0,2056,3577,12.621488084491506
4,3.5,1460,3.0,0,0,3,8,1460,0,2008,0,1430,1282,13.270783382522602
3,1.75,2030,1.0,0,0,3,8,1630,400,1976,0,2120,11200,12.983101310070822
3,2.5,1730,2.0,0,0,3,8,1730,0,1996,0,1730,4408,13.005829561148378
2,2.75,2700,1.0,0,0,3,9,2700,0,2012,0,1440,4168,13.652991628466498
3,1.75,1310,1.0,0,0,3,7,1310,0,1979,0,1440,9893,12.396693005138824
3,2.5,1620,2.0,0,0,3,7,1620,0,1989,0,1370,7686,12.415117272464881
3,2.5,1260,3.0,0,0,3,8,1260,0,2002,0,1360,1250,12.988831984779805
3,3.5,3350,2.0,0,2,3,8,2670,680,2014,0,2030,5117,13.231217782316412
3,2.5,1950,2.0,0,0,4,9,1950,0,1990,0,2350,7691,12.702292116906802
4,2.75,2390,1.0,0,0,4,9,1390,1000,1989,0,2560,12385,12.936033799212835
4,1.75,1500,1.0,0,0,4,7,1000,500,1977,0,1700,9020,12.384218830913648
4,2.5,2320,2.0,0,0,3,9,2320,0,1982,0,2820,11770,13.369223455335854
4,2.25,3190,2.0,0,0,3,10,2300,890,1984,0,2990,10679,13.527828485512494
3,1.75,1300,1.0,0,3,3,8,880,420,1961,0,2440,5051,13.42468772659298
3,2.5,2090,2.0,0,0,3,8,2090,0,2000,0,2040,6392,12.936033799212835
5,2.0,2020,1.5,0,0,4,7,2020,0,1938,0,1510,6600,13.098070684835283
2,1.0,1370,1.5,0,0,4,7,1370,0,1922,0,1610,8822,13.212204081404119
4,3.25,4290,1.0,0,3,3,11,2690,1600,1997,0,3860,11244,14.140488415159751
4,3.0,6430,2.0,0,0,3,12,6430,0,2001,0,3720,14592,15.31714051776407
4,2.5,2320,2.0,0,0,3,7,2320,0,2006,0,2060,5395,13.019222618484815
4,3.25,2850,2.0,0,3,3,10,1820,1030,1908,2003,2130,4200,14.244040939003435
4,2.5,2840,2.0,0,0,3,9,2840,0,1998,0,2790,6526,13.270783382522602
3,2.5,1910,2.0,0,0,3,8,1910,0,2014,0,1630,1546,13.111939234319872
2,2.5,1380,3.0,0,0,3,9,1380,0,2006,0,1430,3400,13.215853720491667
4,2.5,3220,1.0,0,0,5,9,1680,1540,1973,0,2990,15600,14.038654109278484
4,2.75,3110,2.0,0,0,3,8,3110,0,2012,0,2610,8535,13.304684934198283
4,3.25,3890,1.5,0,0,3,9,3150,740,2001,0,2180,229996,13.933293593620657
2,1.75,1310,1.0,0,0,4,6,1310,0,1947,0,1500,7200,12.632973034358404
2,1.75,2050,1.0,0,0,4,8,2050,0,1950,0,2980,11900,13.9108207377686
4,2.5,2250,1.0,0,0,3,7,1340,910,1982,0,1540,7802,12.628067055589549
3,1.75,1760,1.0,0,0,3,7,1160,600,1966,0,1840,5000,12.92391243868049
3,2.25,1420,3.0,0,0,3,8,1420,0,2006,0,1530,1280,13.169151538903087
3,2.25,2210,1.0,0,0,3,7,1540,670,1967,0,2230,10753,13.16158409055761
4,2.5,3130,2.0,0,0,3,9,3130,0,1996,0,2780,44224,13.437947540703053
3,1.0,980,1.0,0,0,4,7,980,0,1953,0,2100,10960,13.217673557208654
3,2.0,1420,1.0,0,0,5,7,830,590,1942,0,1420,6360,12.736700896592344
4,2.0,2030,1.0,0,0,4,7,2030,0,1969,0,1560,325393,12.721885810807203
3,1.75,1970,1.0,0,0,3,7,1270,700,1964,0,1890,8348,12.66032791780777
3,1.75,1080,1.0,0,0,3,7,1080,0,1968,0,1090,9262,12.128111104060462
3,2.0,1760,1.0,0,0,4,8,1760,0,1967,0,1670,13650,12.89921982609012
4,2.5,3050,2.0,0,0,3,8,3050,0,1989,0,2580,7228,13.36138027787483
3,2.0,1390,1.0,0,0,2,7,1390,0,1984,0,1260,8245,12.230277334226992
3,2.5,3020,1.0,0,0,5,8,1510,1510,1968,0,2400,27135,13.507625778194974
2,1.5,950,1.0,0,0,4,7,950,0,1949,0,1440,4625,12.971540487669746
3,1.0,1260,1.0,0,0,4,7,1260,0,1949,0,1560,8910,13.005829561148378
3,2.5,2600,1.0,0,0,3,8,1300,1300,2004,0,1860,10401,13.525158256956614
3,2.5,1980,2.0,0,0,3,7,1980,0,1993,0,2060,9681,13.028052697933088
4,2.5,2630,2.0,0,0,3,9,2630,0,1999,0,2720,6185,13.279367126213993
3,2.75,1820,2.0,0,0,3,8,1820,0,1991,0,1820,45528,12.94084150078094
4,2.75,2910,1.0,0,0,4,8,2130,780,1966,0,1970,9000,13.199231821660906
4,1.5,2500,1.0,0,0,4,7,1500,1000,1961,0,1720,8925,12.429216196844383
4,2.5,3650,2.0,0,0,3,9,3650,0,2006,0,3150,6442,13.635187003832993
3,2.5,2010,2.0,0,0,3,7,2010,0,1990,0,1550,9354,12.538967060803502
4,2.25,3290,1.5,0,0,4,10,3290,0,1968,0,3170,12329,13.761582215938718
4,2.0,1400,1.5,0,0,5,6,1400,0,1930,0,1400,7632,12.4130868149145
2,1.0,1280,1.5,0,0,5,6,1280,0,1941,0,2480,9775,12.51695231114847
4,2.25,2110,1.0,0,0,3,8,1630,480,1978,0,2370,16000,13.102160670086809
3,1.5,1510,1.0,0,2,4,7,1510,0,1964,0,1750,169884,12.697715449879391
4,3.0,2260,2.0,0,0,4,7,2260,0,1977,0,2200,7724,13.093963902882631
3,1.75,2090,1.0,0,0,3,6,1200,890,1986,0,1420,7462,12.460714863903755
4,1.75,1750,1.5,0,0,5,7,1050,700,1926,0,1640,5500,13.038981768465277
4,2.5,1950,2.0,0,0,3,7,1950,0,2000,0,1780,4598,12.682306824526545
4,4.0,3770,2.0,0,0,3,10,2940,830,2006,0,3300,8308,13.914903301842308
4,1.0,1330,1.5,0,0,4,6,1330,0,1901,0,1330,4400,13.329377546788654
2,1.75,1240,1.0,0,0,4,7,890,350,1906,0,1640,3740,13.199324418540456
2,1.5,1670,1.0,0,0,3,7,1090,580,1950,0,1670,6000,13.324691789004618
4,4.0,5545,2.0,0,0,3,11,3605,1940,2003,0,3420,871200,13.750972036826703
3,1.0,1180,1.0,0,0,4,7,1180,0,1963,0,1700,7210,12.855792879125431
3,2.5,1670,2.0,0,0,4,7,1670,0,1992,0,1370,6170,12.580047086546967
4,2.5,1990,2.0,0,0,3,8,1990,0,2012,0,1990,2665,13.193753373491
3,1.75,1630,1.0,0,0,4,7,1100,530,1977,0,1630,10001,12.542544882151386
3,2.25,1920,1.0,0,0,3,7,1240,680,1961,0,1920,7700,13.049792684569493
3,1.75,1960,1.0,0,0,4,7,1400,560,1982,0,2010,44431,12.959844447906553
6,3.0,2960,1.0,0,0,3,8,1790,1170,1968,0,1280,1251,13.38472764187182
2,1.0,720,1.0,0,0,3,6,720,0,1947,0,990,4920,12.323855681186558
3,2.5,2120,2.0,0,0,3,7,2120,0,2006,0,2250,4696,12.89921982609012
4,3.5,3190,1.5,0,3,4,9,2410,780,1912,0,2840,4000,14.037853789107714
4,3.75,4160,2.0,0,0,3,11,4160,0,1991,0,5330,36446,13.955272500339433
5,3.25,3010,1.5,0,0,5,8,2010,1000,1931,0,2450,68825,13.203943364396752
4,2.75,3040,2.0,1,4,3,8,3040,0,1966,0,2620,2433,13.507625778194974
2,1.0,750,1.0,0,0,3,6,750,0,1943,0,1050,6390,12.380025952653611
4,2.75,2850,2.5,0,0,3,9,2530,320,2003,0,2083,4500,13.985253332551368
4,2.5,2430,2.0,0,0,3,8,2430,0,2010,0,2650,3844,12.965709567358951
4,2.75,3550,2.0,0,0,3,9,3550,0,2014,0,3550,9421,13.3999193535571
3,2.0,2020,1.0,0,0,3,7,1020,1000,1963,0,1670,8118,13.137251989898079
5,2.5,2210,1.0,0,0,3,8,1460,750,1976,0,2080,8633,13.060487973686241
2,1.0,1120,1.0,0,0,4,7,1120,0,1923,0,1440,3220,13.122363377404328
5,2.0,1430,1.5,0,0,3,6,1430,0,1947,0,1860,5980,11.79810440720389
3,1.0,1000,1.0,0,0,3,7,1000,0,1969,0,1270,8000,12.524526376648708
4,2.25,2750,1.0,0,0,4,8,1500,1250,1948,0,1740,6180,13.36138027787483
4,2.25,2680,2.0,0,0,3,7,2680,0,1999,0,2460,4645,13.071070083016778
3,2.5,2000,2.0,0,0,4,7,2000,0,1992,0,1750,7827,12.323855681186558
3,1.75,1420,1.0,0,0,5,7,820,600,1980,0,1470,7319,12.230765258120545
3,1.0,810,1.0,0,0,3,6,810,0,1942,0,1700,5245,12.2783933071098
4,2.5,3010,2.5,0,2,3,8,3010,0,2006,0,2140,3840,13.499051710741075
3,1.0,1410,1.0,0,0,4,7,1410,0,1951,0,1170,8042,12.911642346088676
3,1.75,1150,1.0,0,0,3,7,1150,0,1957,0,1650,8000,12.938320339712034
3,2.5,2950,2.0,0,0,3,8,2950,0,2003,0,2400,6550,13.085699393032737
5,2.25,2880,2.0,0,0,4,8,2880,0,1990,0,2370,10715,12.853175887588712
3,1.0,1130,1.0,0,0,4,6,1130,0,1954,0,1770,7700,12.332705296463539
3,3.25,1430,3.0,0,0,3,8,1430,0,2007,0,1430,1243,13.190022025878143
3,1.75,2030,1.0,0,0,4,7,2030,0,1953,0,1950,14400,12.994530005894443
3,1.0,1170,1.0,0,0,4,6,1170,0,1968,0,2080,8481,12.367340793126296
2,1.0,1250,1.0,0,0,4,7,1250,0,1947,0,1710,8100,12.80765263256463
2,2.5,1660,2.0,0,0,3,7,1660,0,1981,0,1740,2390,11.982929094215963
3,1.0,1290,1.0,0,0,3,7,980,310,1951,0,1680,5000,12.827240356297954
4,2.75,1820,1.0,0,0,4,7,1220,600,1988,0,1630,5400,12.971540487669746
3,1.5,2450,1.0,0,0,4,7,2450,0,1967,0,1560,11700,12.788288265382837
3,2.0,2880,1.5,0,0,4,7,2080,800,1926,0,1820,5100,13.399995114002609
3,3.5,3870,2.0,0,0,3,11,2760,1110,2002,0,2530,5500,14.180153671552183
3,1.75,1540,1.0,0,0,4,6,770,770,1925,0,1510,4080,13.244581010128577
3,1.0,1270,1.0,0,0,5,6,1270,0,1949,0,1650,7153,12.367340793126296
3,2.5,2720,2.0,0,0,3,9,2720,0,2005,0,3180,7320,13.335860551666734
3,2.5,2040,2.0,0,0,3,8,2040,0,1992,0,2230,4500,13.270783382522602
4,3.5,3460,2.0,0,0,3,10,2560,900,2004,0,1860,4000,14.089347223594002
4,2.5,2720,2.0,0,0,3,10,2720,0,1989,0,2750,11049,13.790192749979985
3,2.5,1630,1.0,0,0,3,7,1630,0,1994,0,1770,10762,12.959844447906553
3,2.5,1470,2.0,0,0,3,7,1470,0,2003,0,1960,4444,12.850554654108839
3,1.0,1400,1.0,0,0,3,6,1280,120,1954,0,1730,6600,12.278160721924428
2,2.75,3690,2.0,1,4,3,12,3690,0,1989,0,2310,26988,14.456837989794423
3,1.0,1200,1.5,0,0,4,6,1200,0,1923,0,1390,4000,12.989974189358584
2,1.0,900,1.0,0,0,3,7,900,0,1951,0,1175,5320,12.4810493454844
4,2.75,2330,1.0,0,0,3,7,1800,530,1980,0,1480,10125,12.826649133255284
2,1.0,720,1.0,0,0,3,6,720,0,1942,0,1200,6686,12.71589776896258
4,2.5,3480,2.0,0,0,3,10,3480,0,1989,0,3630,36290,13.704578997256993
3,1.75,1160,1.0,0,0,4,6,1160,0,1918,0,1110,8382,12.154779351142624
2,1.0,1240,1.0,0,0,3,7,1240,0,1967,0,1130,9200,12.2783933071098
4,2.5,3540,2.0,0,0,3,9,3540,0,2007,0,2150,10290,13.732128949025222
3,3.25,3230,2.0,0,0,3,9,3230,0,2006,0,2670,3977,13.480037821676145
3,2.0,1290,1.0,0,1,5,6,1290,0,1950,0,1960,6150,12.644327576461329
4,1.75,1910,1.0,0,0,4,7,1210,700,1953,0,1780,6350,13.208541073645382
6,1.5,1810,1.5,0,0,4,5,1050,760,1905,0,1300,4838,12.345834587905333
3,2.5,1502,3.0,0,0,3,7,1502,0,2005,0,1377,1466,12.90669184092882
4,2.5,3330,2.0,0,0,3,10,3330,0,1995,0,3360,9755,13.715690222682063
3,2.5,2530,2.0,0,0,3,9,2530,0,1990,0,2530,9469,12.60903462342022
4,3.5,3640,2.0,0,3,3,9,2790,850,2014,0,3270,14700,13.70558407858567
3,2.25,1620,2.0,0,0,4,7,1620,0,1989,0,1640,7253,12.524526376648708
4,1.75,1830,1.0,0,0,4,7,930,900,1939,0,1540,6000,13.367659733359671
3,1.0,760,1.0,0,0,2,5,760,0,1903,0,1020,5356,12.028738630247258
3,1.5,1890,1.5,0,0,5,7,1890,0,1919,0,1620,4080,13.386264921190707
4,2.25,3470,1.5,0,1,3,9,2360,1110,1906,2002,3010,8000,14.361896357128815
3,1.0,1290,1.5,0,0,3,7,1290,0,1930,0,1630,6380,13.579788224443204
4,3.0,1940,1.0,0,0,4,7,1940,0,1948,0,1310,8169,12.487485104968359
3,2.0,1350,1.0,0,0,3,7,1110,240,1995,0,1290,10043,12.644327576461329
4,1.75,1820,1.0,0,0,5,7,1150,670,1962,0,1610,8462,12.676076274775909
3,1.75,1510,1.0,0,0,4,7,1510,0,1954,0,1480,7260,12.948009990259552
4,2.5,3240,1.0,0,0,3,9,1840,1400,1972,0,2290,13340,13.319573546692034
5,3.5,4510,2.0,0,0,3,10,2820,1690,2003,0,4330,18741,13.77468856344402
4,2.5,1870,2.0,0,0,3,7,1870,0,2004,0,2390,5293,12.513557345278134
3,1.75,1520,1.0,0,0,5,6,760,760,1945,0,1040,8100,13.071070083016778
4,2.5,5760,2.0,0,4,4,12,4390,1370,1994,0,3420,28475,14.873474448154575
3,2.0,1610,2.0,0,2,5,8,1610,0,1925,0,2540,6600,13.507625778194974
4,2.25,1800,2.0,0,0,3,7,1800,0,2003,0,1810,5669,12.513557345278134
3,1.0,920,1.0,0,0,3,6,920,0,1960,0,1010,7420,11.736069016284437
3,1.0,1190,1.0,0,0,3,7,990,200,1954,0,1760,6434,12.429216196844383
5,4.0,4720,2.0,0,0,5,9,3960,760,1975,0,2160,219542,13.521139497361697
5,4.0,6300,2.0,0,1,3,12,4360,1940,2004,0,3260,17287,14.827111469642754
2,1.0,720,1.0,0,0,4,6,720,0,1943,0,1030,6400,12.560244459250788
4,3.25,3580,1.5,1,4,4,7,3480,100,1915,1965,2410,6389,14.53335035111459
3,2.75,3280,1.0,0,2,4,9,2040,1240,1979,0,3150,9998,13.737549016494562
3,1.5,990,1.0,0,0,4,7,990,0,1962,0,1360,8625,11.970350312009105
4,2.5,2570,2.0,0,0,3,7,2570,0,2009,0,2200,4500,12.793859310432293
3,1.75,1020,1.0,0,0,5,6,1020,0,1954,0,1360,5000,12.560244459250788
2,2.5,1900,2.0,0,0,3,8,1900,0,2005,0,1350,4664,13.132313708257497
3,3.25,2170,1.5,0,0,5,9,1650,520,1928,1970,2720,21070,13.683863103898274
3,2.5,2180,1.0,0,0,3,8,2180,0,1992,0,2090,10775,12.765688433465597
2,1.0,980,1.0,0,0,4,7,780,200,1939,0,1430,5110,12.80765263256463
3,2.5,2160,2.0,0,0,3,8,2160,0,1994,0,1500,4000,12.994530005894443
2,1.5,1940,1.0,0,0,3,7,970,970,1923,0,1480,3080,13.579788224443204
3,1.0,1200,1.0,0,0,3,7,1200,0,1959,0,1510,9457,11.918390573078392
3,1.0,1140,1.0,0,0,3,7,1140,0,1942,0,1370,5000,13.038981768465277
4,2.5,2570,1.0,0,2,3,8,1710,860,1961,0,2050,7500,13.530491602931978
3,2.25,1690,2.0,0,0,3,7,1690,0,1987,0,1520,7450,12.58621994565405
4,2.5,2500,2.0,0,0,3,9,2500,0,1991,0,2770,8188,13.369223455335854
4,1.5,1790,1.0,0,0,4,7,1020,770,1923,0,1680,3420,13.235692062711331
3,1.0,1440,1.0,0,0,3,7,1440,0,1967,0,2200,11250,12.577636201962656
5,4.0,3460,2.0,0,0,3,10,2830,630,2012,0,1890,5400,13.795307850646754
2,1.5,1050,2.0,0,0,3,8,960,90,2007,0,1470,1885,12.873902018105829
3,1.0,1030,1.0,0,0,4,7,1030,0,1960,0,1370,9380,12.072541252905651
2,1.0,1010,1.0,0,0,2,7,1010,0,1924,0,1410,5000,12.969212197910155
3,2.25,2630,2.5,0,2,4,8,2630,0,1987,0,2640,14284,14.181888277364392
5,2.5,4870,2.0,0,0,3,10,3470,1400,1983,0,3180,11398,13.490472698968725
5,3.5,2440,2.0,0,0,4,7,2440,0,1974,0,2000,10568,13.161487932088379
4,2.0,1590,1.0,0,0,3,7,1040,550,1967,2014,1670,9100,12.706847933442663
3,1.5,1580,1.0,0,0,4,6,1580,0,1957,0,1400,10658,12.360937356091089
2,2.0,1650,1.5,0,0,5,7,1650,0,1916,0,1700,4560,13.465953081794405
3,2.25,2680,2.0,0,0,4,8,1580,1100,1978,0,2540,60548,13.262125319779487
3,2.5,2120,1.0,0,0,4,8,1230,890,1976,0,2690,10183,13.345506928718539
3,2.0,1490,1.0,0,0,3,7,1490,0,1959,0,1490,3880,13.217673557208654
4,3.5,4010,2.0,0,0,3,10,4010,0,2007,0,1870,9873,14.366517971363097
4,2.5,1900,2.0,0,0,3,7,1900,0,1988,0,1800,8460,12.917796211663054
3,2.75,2730,1.5,1,4,3,9,1940,790,1963,2001,2630,28188,14.107246900744096
3,2.25,2450,1.0,0,0,3,7,1770,680,1978,0,1340,121097,12.691580461311874
4,2.75,2820,1.5,0,0,3,8,2170,650,1927,0,1740,5000,13.604789526648622
5,3.0,3690,1.0,0,4,4,9,2070,1620,1967,0,3160,14000,13.933293593620657
4,2.5,2620,2.0,0,0,3,9,2620,0,2011,0,2620,5808,13.422467969854667
2,1.0,1080,1.0,0,0,5,6,1080,0,1908,0,1810,7830,11.84939770159144
3,2.25,1900,1.5,0,0,4,7,1440,460,1969,0,2460,43560,13.304684934198283
4,2.5,1914,2.0,0,0,3,8,1914,0,2009,0,1714,3250,12.611537753638338
4,3.0,2250,2.0,0,0,3,8,2250,0,1986,0,2300,9003,12.802158113246987
3,2.75,3230,2.0,1,4,3,7,3230,0,1925,1993,2560,72229,13.955272500339433
2,1.0,1250,1.0,0,0,4,7,850,400,1911,0,1520,4320,13.262125319779487
3,2.5,2220,2.0,0,0,4,8,2220,0,1987,0,1930,55333,13.071070083016778
3,2.75,1320,3.0,0,0,3,8,1320,0,2008,0,1320,1266,13.190022025878143
3,1.5,910,1.0,0,0,3,6,910,0,1973,0,1410,5132,11.580584113444043
3,2.5,1710,2.0,0,0,3,8,1710,0,2006,0,1640,5750,13.287877815881902
3,2.0,1451,1.0,0,0,3,7,1451,0,2010,0,2303,6126,12.611537753638338
4,2.5,3090,2.0,0,0,3,9,3090,0,1995,0,3610,20114,12.821258284620408
2,1.0,1250,1.0,0,0,3,7,950,300,1920,0,1290,5040,13.132313708257497
3,1.75,1300,1.0,0,0,4,7,1300,0,1967,0,1520,7713,12.873902018105829
4,3.0,2740,1.0,0,0,3,8,1670,1070,1980,0,2330,9940,12.86099861326992
2,1.0,1620,1.0,0,0,3,7,1620,0,1951,0,1650,4590,13.527828485512494
3,1.75,1610,1.0,0,0,3,7,1610,0,1990,0,1930,45151,12.674518812561042
2,1.5,940,2.0,0,0,3,7,860,80,2004,0,1302,1840,12.691580461311874
5,2.5,2800,1.0,0,0,4,8,1400,1400,1970,0,2510,13700,13.652991628466498
4,3.5,5860,2.0,0,0,5,10,3690,2170,1907,0,4150,7200,14.690979295318174
4,1.75,2570,1.0,0,0,4,8,2570,0,1958,0,2520,8800,13.544292211543159
4,2.5,2927,2.0,0,0,3,7,2927,0,2011,0,2533,6000,12.916568464424731
5,4.0,4510,2.0,0,0,3,10,4510,0,1969,2002,3510,13500,14.44144898883077
5,2.5,2720,1.5,0,0,4,7,1530,1190,1939,0,1210,5000,13.270783382522602
4,2.5,4040,1.0,0,3,4,9,2020,2020,1951,0,3160,8025,14.151982794585487
4,2.5,4260,1.5,0,0,4,8,4100,160,1935,0,2430,17888,13.36138027787483
2,1.5,1150,2.0,0,0,3,7,1150,0,1982,0,1400,3425,12.611537753638338
3,2.0,1769,1.0,0,0,4,7,1769,0,1955,2009,1870,10226,13.112313041550827
4,3.0,3110,2.0,0,0,3,9,3110,0,1995,0,3080,14735,13.091904169919621
3,2.25,1654,2.0,0,0,3,7,1654,0,1995,0,1975,8515,12.726650560738843
3,2.5,3087,2.0,0,0,3,8,3087,0,2014,0,2927,5183,12.899094818276968
2,1.75,1700,1.0,0,0,3,6,850,850,1915,0,1690,5000,13.145528971035935
4,2.25,2130,2.0,0,2,4,8,2130,0,1961,0,2550,8800,13.594863886848652
3,2.5,1620,2.0,0,0,3,7,1620,0,1989,0,1550,7686,12.531411709159054
3,2.0,1770,1.0,0,0,4,7,1770,0,1967,0,2250,11250,13.149978544437301
3,1.75,2180,2.0,0,0,3,9,2180,0,1990,0,2300,21618,13.098070684835283
4,1.0,1600,1.5,0,0,4,7,1600,0,1916,0,1610,4300,13.091904169919621
2,1.0,1070,1.0,0,0,4,6,1070,0,1930,0,1360,32156,12.676076274775909
3,2.25,2090,1.0,0,0,3,7,1460,630,1975,0,1960,7713,13.03134397901716
4,2.25,1550,2.0,0,0,3,8,1550,0,1993,0,1630,6397,12.676076274775909
2,2.0,2260,1.0,0,0,3,9,2260,0,1990,0,2260,10747,13.219490088135052
5,3.75,3360,2.0,0,0,3,8,2640,720,1963,1999,1930,6000,13.493926933836812
3,1.75,1250,1.0,0,0,3,7,1250,0,1972,0,2180,19553,12.785491060761776
3,1.75,950,1.0,0,0,3,6,790,160,1939,0,1360,6000,12.345834587905333
4,2.25,1840,1.0,0,0,4,7,1390,450,1973,0,1820,7500,13.00019574343012
3,1.75,1580,1.5,0,0,3,7,1280,300,1945,0,1560,3764,13.19188944005294
3,2.0,1690,1.0,0,0,3,7,1360,330,1979,0,1740,6790,12.409013489526863
4,2.5,2990,2.0,0,0,3,10,2990,0,1988,0,3250,12212,13.541073712262515
3,1.0,1510,1.0,0,0,4,6,860,650,1940,0,1510,5712,12.656989016542255
4,2.5,2720,2.0,0,0,3,9,2720,0,1989,0,2570,8336,12.815838217151068
3,1.0,1200,1.0,0,0,3,7,1200,0,1962,0,1350,10500,11.938193200374572
4,2.75,2810,2.0,0,0,3,9,2810,0,2002,0,2820,7302,13.458692746677631
4,2.0,1640,1.5,0,0,4,9,1640,0,1911,0,1900,6000,13.507625778194974
4,1.5,1840,2.0,0,0,3,7,1840,0,1965,0,1390,8025,12.476099782743233
2,1.0,630,1.0,0,0,3,6,630,0,1943,2005,1470,6840,12.154779351142624
5,4.75,5410,2.0,0,0,4,10,5050,360,1941,0,3750,11596,14.749542971314586
4,4.0,3610,2.0,0,0,3,10,3610,0,2000,0,3530,11783,13.676248490630767
3,2.25,1630,1.0,0,2,3,7,1230,400,1983,0,1550,7695,13.102160670086809
4,2.5,1850,2.0,0,0,3,8,1850,0,1997,0,2080,8711,13.151922179645874
3,1.75,1300,1.0,0,0,3,7,1300,0,1967,0,1520,7600,12.793859310432293
3,1.5,1400,1.0,0,0,4,7,1400,0,1986,0,1480,8125,12.437184366493561
4,3.25,4240,2.0,0,2,3,10,4240,0,2006,0,3390,12540,14.322328160332725
3,1.5,1540,2.0,0,0,3,8,1540,0,1941,2009,1540,5750,13.17115354157376
2,1.0,2020,1.0,0,3,4,7,1700,320,1947,0,2020,7200,13.487006490992238
4,1.75,1590,2.0,0,0,4,7,1590,0,1922,0,1610,8568,12.827992316801751
5,4.5,4000,2.0,0,0,3,9,4000,0,2015,0,3690,6600,13.555450137608744
3,2.5,2160,1.0,0,0,3,9,1540,620,2014,0,930,5420,13.500799813124575
4,5.25,5240,2.0,0,2,3,10,5240,0,2006,0,1930,68824,14.43716173681915
3,2.25,2390,1.0,0,0,4,7,1990,400,1970,0,1610,7000,12.506177237980511
4,3.5,3280,2.0,0,0,3,11,2880,400,2011,0,2050,3800,14.761360092079974
4,1.0,1270,1.5,0,0,3,7,1270,0,1918,0,1300,4100,12.328290278254423
3,2.5,2610,2.0,0,0,3,10,2610,0,1988,0,3060,35427,13.407542319637992
4,2.5,1990,2.0,0,0,3,8,1680,310,2005,0,1560,2087,13.296316684527767
5,3.25,3350,2.0,0,0,4,8,2510,840,1997,0,1620,4000,13.919870573288517
1,2.0,1070,2.0,0,0,3,8,880,190,2007,0,1220,788,12.948009990259552
4,1.5,1530,1.0,0,0,4,6,1530,0,1976,0,1520,8500,12.610870864650634
4,2.25,2570,2.0,0,0,4,8,2570,0,1980,0,2390,41454,13.270783382522602
2,1.0,1150,1.0,0,0,3,7,1150,0,1947,0,1150,4288,12.837344422372032
4,2.0,1870,1.5,0,0,3,7,1870,0,1956,0,1520,7169,13.01477816672439
4,1.75,1400,1.5,0,0,4,6,1400,0,1942,0,1120,8645,12.529966099944527
4,3.5,3060,2.0,0,0,3,9,3060,0,2007,0,3060,4935,13.514405465180353
2,1.75,1440,1.0,0,0,3,8,1440,0,2005,0,1680,6200,12.987688474077727
2,1.0,2320,2.0,0,0,4,6,2320,0,1942,0,1620,11250,12.793859310432293
3,2.5,1520,3.0,0,0,3,8,1520,0,2006,0,1520,1497,12.86099861326992
3,2.5,1580,3.0,0,0,3,9,1580,0,2009,0,1610,1297,13.496681756515656
3,2.5,2370,2.0,0,0,3,8,2370,0,2003,0,2230,4950,13.437174117244362
4,2.5,4070,3.0,0,0,4,8,3390,680,2002,0,2020,6760,14.151982794585487
3,1.0,1440,1.0,0,0,4,7,1440,0,1952,0,2080,10327,13.599218481599166
2,1.0,970,1.0,0,0,3,7,970,0,1968,0,1340,8175,12.254862809699606
3,2.5,2190,2.0,0,0,3,9,2190,0,2003,0,2300,3600,13.38472764187182
4,2.5,2440,1.0,0,0,3,8,1560,880,1965,0,2090,8100,12.538249957868507
3,1.75,2450,2.0,0,0,3,8,1750,700,1915,0,1760,3573,13.750438561220559
6,1.0,1530,1.5,0,0,4,7,1530,0,1921,0,1530,3800,13.372343582672098
3,2.5,2620,2.0,0,0,4,8,1830,790,1977,0,2620,12343,13.42984807715229
3,1.75,1780,1.0,0,0,4,6,1780,0,1979,0,1440,25000,12.727541429394645
5,2.5,2500,1.0,0,0,4,7,1490,1010,1977,0,1960,8325,13.402265262537147
2,2.0,1540,1.0,0,0,5,7,1020,520,1942,0,1380,6930,13.275084464421992
4,2.5,3400,2.0,0,0,3,9,3400,0,2007,0,3070,7375,13.62918097977278
3,2.5,1560,2.0,0,0,3,8,1560,0,1999,0,2170,5461,13.24634935718532
3,2.0,1540,2.0,0,0,3,8,1540,0,1900,1988,2970,3600,13.652991628466498
2,1.0,690,1.0,0,0,4,5,690,0,1942,0,1140,4860,11.842229212112828
3,1.75,1420,1.0,0,0,4,7,1100,320,1984,0,1810,7650,12.644327576461329
9,4.5,3830,2.5,0,0,3,7,2450,1380,1938,0,1460,6291,13.304683267530228
3,1.0,1750,2.0,0,0,4,7,1750,0,1929,0,2240,4590,13.47005811976228
3,1.75,1680,1.0,0,2,4,6,840,840,1900,0,1540,3700,12.959844447906553
3,2.25,1760,2.0,0,0,3,7,1760,0,1991,0,1570,6000,12.611537753638338
3,1.75,1000,1.0,0,0,4,7,1000,0,1967,0,1260,12635,12.926319295971837
3,1.75,1150,1.5,0,0,4,6,1150,0,1970,0,1530,6600,12.821258284620408
2,1.5,830,2.0,0,0,3,7,830,0,2005,0,1480,3030,12.72039215855042
2,1.0,1300,1.0,0,0,4,8,1300,0,1959,0,2420,15000,13.458835614025542
2,2.25,1061,2.0,0,0,3,7,1061,0,2013,0,1481,2887,12.319356686983513
3,2.5,2170,2.0,0,0,3,8,2170,0,2000,0,2170,5862,13.315460007366243
2,1.75,1990,1.0,0,0,3,7,1170,820,1948,0,1640,7202,13.275084464421992
2,1.0,790,1.0,0,0,3,6,790,0,1948,0,990,5000,12.896716695872
3,1.5,1220,1.5,0,0,3,7,1220,0,1931,0,1880,10169,12.323855681186558
3,2.25,1264,2.0,0,0,3,8,1264,0,2003,0,1264,2067,13.180632285528304
4,1.0,2020,1.0,0,0,4,7,2020,0,1955,0,1530,11970,12.751299696013497
4,2.0,2270,1.0,0,0,3,7,2270,0,1961,0,2150,18450,12.834681304952548
4,2.5,2990,2.0,0,0,3,9,2990,0,2013,0,2990,5992,13.295460856226304
3,2.0,1910,1.5,0,0,3,8,1910,0,1971,0,1980,4275,12.971540487669746
2,1.0,710,2.0,0,0,4,7,710,0,1943,0,1370,1173,12.909046386907855
3,1.75,1140,1.0,0,0,4,7,1140,0,1969,0,1510,9633,11.701477571514818
4,2.75,2140,2.0,0,0,4,7,2140,0,1990,0,1960,7002,12.626097904969669
3,1.0,2030,1.5,0,0,4,7,1840,190,1908,0,2030,4080,13.560618308335483
2,2.0,1270,3.0,0,0,3,8,1270,0,2000,0,1610,3090,12.989974189358584
4,3.25,5010,2.0,0,0,5,9,3710,1300,1978,0,3140,54014,13.779883380321124
4,2.5,3170,2.0,0,0,3,10,3170,0,1988,0,3190,35110,13.849911984681606
3,2.5,1680,1.0,0,0,3,7,1240,440,1994,0,1420,8588,12.54966234992025
5,3.0,2930,1.0,0,0,3,7,1750,1180,1951,0,1400,5500,13.005829561148378
3,2.0,1010,1.0,0,0,3,7,1010,0,1984,0,1540,7896,12.468244583811861
2,0.75,1020,2.0,0,0,3,7,1020,0,2008,0,1020,1357,12.691580461311874
4,3.0,3370,2.0,0,0,4,10,3370,0,1981,0,3370,38896,13.715690222682063
4,4.25,4420,2.0,0,0,3,10,3410,1010,2006,0,4420,5750,13.698976741708323
3,2.5,1800,2.0,0,0,3,8,1800,0,2013,0,1800,3663,13.017002861746503
3,1.0,1480,2.5,0,0,3,6,1480,0,1940,0,1510,8723,13.028052697933088
3,1.5,2440,1.0,0,0,3,7,2440,0,1949,0,1920,6900,13.217673557208654
4,1.5,1660,1.0,0,0,5,7,1660,0,1947,0,950,7440,12.897969044188466
4,2.25,1980,1.0,0,0,3,7,1170,810,1977,0,1610,9272,12.564743097118487
2,1.0,1270,1.0,0,0,3,6,1270,0,1977,0,1270,17699,12.468436909997665
3,2.5,2320,1.0,0,0,4,9,1790,530,1979,0,3290,7314,13.249876697703288
3,1.0,940,1.5,0,0,3,7,940,0,1903,0,1210,3500,13.16158409055761
3,2.5,2480,2.0,0,0,3,8,2480,0,2002,0,2310,6656,13.277313737402151
3,1.75,2110,1.0,0,0,4,8,2110,0,1961,0,2560,10992,13.518451323699896
4,2.5,2930,2.0,0,0,3,9,2930,0,2014,0,2815,4900,13.000229641160672
2,1.0,770,1.0,0,0,4,6,770,0,1943,0,1120,9212,12.66032791780777
3,2.5,1480,3.0,0,0,3,8,1480,0,2006,0,1480,1231,13.122363377404328
3,1.75,1890,1.0,0,0,3,7,1230,660,1944,0,1380,9086,12.86099861326992
5,2.5,2960,1.0,0,0,4,7,1480,1480,1960,0,1900,9877,13.217673557208654
4,2.5,2500,2.0,0,0,3,9,2500,0,1997,0,2765,33720,13.208541073645382
3,2.5,2550,2.0,0,2,3,10,2550,0,1981,2013,2030,3500,14.151982794585487
3,2.25,1910,1.0,0,0,3,7,1910,0,1979,0,2410,8390,13.182517300224076
3,2.75,2750,1.0,0,2,5,9,1810,940,1978,0,2850,10021,13.764217263576723
3,1.0,810,1.0,0,0,3,6,810,0,1918,0,1520,4800,12.86099861326992
3,1.0,1300,1.0,0,0,3,7,1300,0,1961,0,1320,7619,12.371587084007746
4,3.0,2020,1.0,0,0,3,8,1220,800,1968,2015,1400,6000,13.62918097977278
3,2.25,1960,2.0,0,0,3,7,1750,210,2003,0,1760,1985,12.80765263256463
2,0.75,1440,1.0,0,0,3,7,1200,240,1914,0,1440,4300,13.239435048990167
3,1.0,1270,1.5,0,0,3,6,1270,0,1944,0,1110,6405,11.938193200374572
3,2.5,2290,1.0,0,0,3,8,2290,0,1972,0,1770,8035,13.438487123487413
2,1.0,1500,1.0,0,0,3,6,1500,0,1947,0,1130,8015,12.367340793126296
3,3.5,3390,2.0,0,0,3,10,3040,350,2012,0,3290,12332,13.527828485512494
3,2.5,2130,2.0,0,0,3,7,2130,0,2003,0,1670,9545,12.676076274775909
3,1.0,990,1.0,0,0,5,7,990,0,1961,0,1370,9260,12.505992035646432
2,1.0,670,1.0,0,0,5,6,670,0,1949,0,1240,5040,12.936033799212835
3,2.25,1440,2.0,0,0,3,7,1440,0,1995,0,1700,6749,12.691580461311874
2,2.0,1680,2.0,0,0,4,7,1680,0,1910,0,1340,5447,12.254862809699606
2,1.0,2160,1.0,0,0,4,6,1300,860,1953,0,1680,7439,13.346306608889103
2,1.0,1130,1.0,0,0,4,6,1130,0,1942,0,1010,5320,12.859699067927835
2,1.0,680,1.0,0,0,3,6,680,0,1943,0,1240,7800,12.100156419938624
2,2.5,2910,2.0,1,4,5,9,1940,970,1985,0,2540,23598,14.074021253115776
4,2.25,3130,2.0,0,0,3,9,3130,0,1986,0,3130,54886,13.544357787463703
4,2.25,2020,2.0,0,0,4,7,2020,0,1984,0,2020,10311,13.303851253449706
4,3.0,2890,1.0,0,0,3,7,1590,1300,1945,2015,2180,6885,13.073173133213556
2,1.0,890,1.0,0,0,3,6,890,0,1946,0,1690,5993,12.876462838967504
4,2.25,1800,1.0,0,0,3,7,1230,570,1979,0,2260,7498,13.071070083016778
3,1.0,920,1.0,0,0,5,6,920,0,1969,0,960,5200,12.100434313507177
0,2.5,1490,2.0,0,0,3,7,1490,0,1999,0,1500,4675,12.676076274775909
3,3.25,3400,2.0,0,0,4,9,2290,1110,1937,0,3090,6435,14.077874822431765
3,2.5,1780,3.0,0,0,3,8,1780,0,2007,0,1780,1607,12.80765263256463
3,2.25,1540,3.0,0,0,3,8,1540,0,2008,0,1510,1501,13.217673557208654
5,3.75,5340,2.5,0,3,4,10,3740,1600,1912,0,3910,9418,14.555064111338375
4,2.5,2250,2.0,0,0,3,7,2250,0,2008,0,2250,4500,12.58621994565405
3,1.5,1660,1.0,0,0,4,7,1660,0,1956,0,2350,10053,13.476535191124942
3,2.0,2080,2.0,0,0,4,8,2080,0,1982,0,2230,12204,12.958054611811011
3,2.25,1470,2.0,0,0,3,7,1470,0,1985,0,1610,5217,13.056223574899784
3,2.0,1840,1.0,0,2,3,8,1840,0,1989,0,1790,6459,12.70381302974751
3,1.0,1710,1.5,0,0,4,7,1560,150,1928,0,1240,3001,13.38472764187182
3,1.0,960,1.0,0,0,5,6,960,0,1960,0,990,7314,12.230765258120545
2,2.0,1420,1.0,0,0,3,7,1420,0,2004,0,2140,4890,12.721885810807203
2,0.75,1130,1.0,0,0,3,7,1130,0,1956,0,1550,10700,12.230521325932484
3,2.5,1330,3.0,0,0,3,8,1330,0,2004,0,1330,1113,12.834681304952548
2,1.0,1500,1.0,0,0,3,7,1190,310,1926,0,1420,6561,12.409013489526863
2,1.0,940,1.0,0,0,3,6,720,220,1942,0,1180,6000,13.06685066747407
4,2.5,4240,2.0,0,0,3,10,4240,0,1989,0,3720,59522,13.963930563082547
3,1.0,1270,1.0,0,0,3,7,1270,0,1977,0,1480,7280,12.84779494409793
3,3.25,1430,2.0,0,0,3,8,1160,270,2008,0,1160,1265,13.077366011473593
3,1.0,1830,1.5,0,0,4,8,1720,110,1930,0,1650,4400,13.366093562326927
5,1.75,2440,1.5,0,4,4,8,1740,700,1944,0,2390,10907,13.547631112808673
2,1.0,1000,1.0,0,4,4,5,1000,0,1914,0,1930,4920,13.480037821676145
4,3.5,3190,2.0,0,3,3,10,2160,1030,2003,0,2390,4800,14.108180171927094
4,2.0,1780,1.5,0,0,5,8,1780,0,1918,0,2320,14963,13.815510557964274
3,2.5,2400,2.0,0,0,3,8,2400,0,1998,0,2420,5817,13.199324418540456
4,2.25,2760,2.0,0,0,3,7,1790,970,1910,2003,1310,2059,13.304684934198283
2,1.0,960,1.0,0,0,4,7,960,0,1916,0,1290,2069,12.976180867226248
4,1.75,1280,1.0,0,0,3,7,860,420,1926,0,1490,4680,13.262125319779487
3,1.0,980,1.0,0,0,3,7,980,0,1968,0,1470,8716,11.79810440720389
3,1.5,1360,1.0,0,0,3,7,1360,0,1955,0,1630,7679,12.772805901234461
3,1.0,1620,1.0,0,0,4,6,1620,0,1969,0,1260,10370,12.470956809305951
2,1.0,870,1.0,0,0,3,7,870,0,1947,0,1240,5709,12.84779494409793
2,2.5,2390,1.0,0,0,3,8,2390,0,2007,0,2170,7489,13.458764182902971
3,1.0,1040,1.0,0,0,4,7,860,180,1924,0,1170,4240,13.347105650082236
3,2.5,1480,2.0,0,0,3,8,1480,0,1998,0,1650,4716,12.793859310432293
2,1.0,770,1.0,0,0,5,6,770,0,1948,0,770,8150,12.524526376648708
5,2.5,3400,2.0,0,1,4,8,3400,0,1977,0,3080,11081,14.0623706358958
4,2.5,2150,2.0,0,0,3,8,2150,0,1997,0,2150,27540,13.217673557208654
3,2.0,1750,1.0,0,0,3,7,1350,400,1961,0,1900,10125,12.54236629477704
4,2.5,2340,2.0,0,0,3,9,2340,0,1987,0,2510,9219,13.287877815881902
3,1.75,1780,1.0,0,0,3,7,1780,0,1962,0,1200,9660,12.989974189358584
3,2.25,2300,2.0,0,0,3,8,2300,0,1977,0,1760,47916,12.706847933442663
3,1.0,1460,1.5,0,0,3,7,1460,0,2002,0,1910,10000,12.911642346088676
3,1.0,2480,1.0,0,0,3,7,1240,1240,1969,0,1800,8906,12.765688433465597
4,2.5,2390,2.0,0,0,3,8,2390,0,1989,0,2610,104108,13.432784936825598
3,1.0,1010,1.0,0,0,5,5,1010,0,1961,0,1570,213879,12.211060187041213
4,2.5,2154,2.0,0,0,3,9,2154,0,2012,0,2154,4091,12.873902018105829
6,3.0,2470,2.0,0,0,3,8,2470,0,1982,0,2470,9151,13.319573546692034
3,1.0,1640,1.0,0,0,3,7,1040,600,1960,0,2080,13000,12.04649057570571
2,1.0,1140,1.0,0,0,3,7,1140,0,1924,0,1800,5700,13.45166712454693
4,2.75,3010,2.0,0,0,3,9,3010,0,2014,0,3010,7203,13.64109764523836
4,2.75,2240,2.0,0,0,4,7,1540,700,1940,0,1830,5000,13.287877815881902
3,1.0,1410,1.0,0,0,3,7,980,430,1962,0,1510,7700,12.323855681186558
4,2.5,2190,2.0,0,0,3,8,2190,0,1999,0,2190,5108,13.241922612461968
4,3.75,2690,2.0,0,3,4,9,2120,570,1909,1989,2830,4000,13.592367006650065
3,2.5,2290,2.0,0,0,3,9,2290,0,1997,0,2700,7500,12.994530005894443
4,3.5,3150,2.0,0,0,3,9,3150,0,2014,0,1550,4200,14.001990124906893
3,2.5,1620,3.0,0,4,3,8,1470,150,2008,0,1620,1505,13.270783382522602
4,2.0,1680,2.0,0,0,4,7,1680,0,1900,0,2540,3996,13.122363377404328
4,1.0,1370,1.5,0,0,4,6,1370,0,1948,0,1280,7048,12.296827008798639
3,1.5,1220,3.0,0,0,3,8,1220,0,2007,0,1220,1422,12.631340380934517
6,5.25,6160,2.0,0,0,3,11,4040,2120,2007,0,4225,9100,14.058456736574664
4,2.5,2820,2.0,0,0,3,9,2820,0,2006,0,2820,5150,12.968979070504972
5,2.0,2560,1.0,0,0,3,8,1280,1280,1960,0,2200,10267,13.279367126213993
4,2.0,2680,1.0,0,0,3,8,1460,1220,1966,0,2100,9199,13.17115354157376
3,2.25,1400,1.0,0,0,2,7,1140,260,1987,0,1680,35093,12.66032791780777
5,2.5,3220,2.0,0,0,3,8,3220,0,2002,0,2740,5500,12.66032791780777
3,1.75,1260,1.0,0,0,4,7,1260,0,1963,0,1800,9705,12.20856952572876
3,2.0,1410,1.0,0,0,3,7,1410,0,1980,0,1410,9744,12.345834587905333
2,1.0,1470,1.0,0,0,4,7,970,500,1941,0,1950,6398,13.308012724290958
3,1.5,1510,1.0,0,0,4,7,1510,0,1956,0,1430,8000,13.060487973686241
3,2.5,2620,2.0,0,0,3,9,2620,0,1992,0,2850,8809,13.522480879185897
3,2.5,2100,2.0,0,0,3,8,2100,0,1986,0,2100,8187,13.151922179645874
6,4.0,2280,1.0,0,0,3,7,1270,1010,1998,0,1760,6642,13.015891132893811
3,1.75,2500,1.0,0,0,3,8,1300,1200,1957,0,1580,8691,12.959844447906553
3,2.5,2095,2.0,0,0,3,7,2095,0,2008,0,1805,3402,12.58621994565405
3,2.5,2630,2.0,0,0,3,8,2630,0,2001,0,2220,5250,13.116345305078767
3,1.75,1990,1.0,0,1,3,8,1330,660,1941,0,2630,6780,13.565766324852886
3,1.0,1480,1.0,0,0,3,7,1480,0,1958,0,1480,7594,12.429216196844383
2,1.0,1040,1.0,0,0,3,7,1040,0,1944,0,1040,3844,12.790528770335836
3,2.25,1560,2.0,0,0,4,7,1560,0,1979,0,1920,8120,12.388185847286392
4,2.5,2440,2.0,0,0,3,9,2440,0,1991,0,2590,9927,13.240146413060712
3,2.0,1260,2.0,0,0,5,6,1260,0,1943,0,1260,7595,12.834681304952548
4,2.5,1930,1.0,0,0,3,7,1120,810,1981,0,1830,9591,12.431613321444106
4,1.0,1220,1.5,0,0,3,6,1220,0,1944,0,1210,7920,12.013700752882718
4,2.5,3050,1.0,0,0,4,8,1550,1500,1983,0,2350,15390,13.049792684569493
4,2.0,2180,1.0,0,0,4,8,1280,900,1969,0,2190,10987,12.945626198904275
2,1.0,880,1.0,0,0,3,6,880,0,1939,0,1190,5750,12.542544882151386
4,1.0,1030,1.0,0,0,3,7,1030,0,1971,0,1250,5750,12.644327576461329
2,2.5,1740,2.0,0,2,3,8,1210,530,1994,0,1640,2500,13.38472764187182
3,2.25,1660,1.0,0,0,4,8,1660,0,1961,0,2510,7800,12.911642346088676
3,1.75,1540,1.0,0,0,3,7,1200,340,1991,0,1540,7242,12.388394202324129
3,1.75,1340,1.0,0,0,3,7,1100,240,1985,0,1540,7860,12.345834587905333
4,1.5,1550,1.0,0,0,4,7,1050,500,1969,0,1640,22654,12.437184366493561
4,1.5,2220,1.5,0,0,3,8,1970,250,1925,0,1984,4000,13.573438996764546
3,2.5,2588,2.0,0,0,3,8,2588,0,2008,0,2389,5702,12.721885810807203
3,1.5,1510,1.0,0,0,5,8,1510,0,1956,0,1560,7276,12.936033799212835
4,2.5,3200,2.0,0,0,3,7,3200,0,2005,0,2480,6140,13.151922179645874
3,3.0,3620,2.0,1,4,5,10,2370,1250,1977,0,2550,34713,14.6175121434363
3,1.75,1430,1.0,0,0,4,7,1070,360,1928,0,1490,8410,12.834681304952548
3,1.75,1810,1.0,0,0,4,7,1810,0,1969,0,1620,8551,12.738170404571704
3,2.0,1430,1.0,0,0,4,7,830,600,1908,0,1540,5000,12.751299696013497
4,1.0,1750,1.0,0,0,3,7,1750,0,1942,0,1550,32799,12.682306824526545
3,2.0,1150,1.5,0,0,3,7,1150,0,1917,1991,1230,5400,13.017002861746503
3,2.5,1800,2.0,0,0,3,8,1800,0,1987,0,1770,8390,12.542544882151386
2,1.5,1130,2.0,0,0,3,8,1030,100,2009,0,1520,1519,13.19188944005294
4,1.75,2190,2.0,0,0,2,8,2190,0,1978,0,2410,7700,12.56374708980199
5,2.5,3150,1.0,0,0,4,8,1640,1510,1966,0,1990,9133,12.751299696013497
3,2.25,1760,2.0,0,0,3,7,1760,0,1995,0,1810,6589,12.765688433465597
3,1.75,2390,1.0,0,0,3,7,1290,1100,1959,0,2270,9650,12.948009990259552
4,1.75,1820,1.0,0,0,4,7,1100,720,1955,0,1700,8500,12.751009798924933
4,2.75,4010,2.0,0,0,3,10,4010,0,2004,0,2451,209523,13.651814465293484
3,3.75,2670,2.5,0,4,4,8,2020,650,1977,0,2010,6073,13.503535792943449
3,3.25,1860,3.0,0,0,3,8,1860,0,2001,0,1860,2218,12.86747112777554
4,3.25,5180,2.0,0,0,4,10,5180,0,1991,0,4240,35363,14.028603773424983
3,1.0,990,1.0,0,0,3,7,990,0,1967,0,1200,8125,12.644327576461329
3,1.75,1710,1.0,0,0,4,8,1120,590,1941,0,2920,5922,13.422467969854667
3,2.25,2260,1.0,0,0,3,9,2260,0,1977,0,2820,12534,13.422467969854667
4,2.25,2192,2.0,0,0,3,8,2192,0,2006,0,1914,4649,12.644327576461329
4,2.25,2930,1.0,0,0,4,8,1560,1370,1977,0,2800,8374,12.948009990259552
3,2.0,1460,1.0,0,0,3,7,1460,0,1968,0,1580,7526,12.388394202324129
3,2.5,2880,1.0,0,4,5,8,1520,1360,1950,0,3710,20486,14.503142557836108
3,2.5,1700,2.0,0,0,3,7,1700,0,2014,0,1520,4500,12.498742259492994
4,2.25,2510,1.0,0,0,4,9,2200,310,1967,0,3110,9963,13.592367006650065
2,1.0,1120,1.0,0,0,4,7,1120,0,1939,0,1170,7440,12.724568775600384
3,1.0,1960,1.0,0,0,4,7,1260,700,1963,0,1850,8219,12.834681304952548
3,2.0,1720,2.0,0,0,3,8,1720,0,1908,1992,1720,4200,13.477937715899028
2,1.5,1220,1.5,0,0,4,8,1220,0,1976,0,1180,3678,12.031719258385396
4,2.25,2330,2.0,0,0,4,8,2330,0,1965,0,1880,8400,13.652991628466498
2,1.0,1750,1.0,0,0,4,7,1180,570,1973,0,2480,5425,13.384881476192561
4,2.5,2400,2.0,0,0,3,8,2400,0,1993,0,2150,6584,12.71589776896258
4,2.5,2950,2.0,0,0,3,7,2950,0,2006,0,2120,4750,13.180632285528304
3,1.0,1660,1.0,0,0,5,7,1260,400,1952,0,1390,7359,12.928778628331663
5,2.5,2900,2.0,0,0,3,9,2900,0,1989,0,2910,11854,13.487006490992238
6,3.5,3000,1.0,0,0,3,8,1500,1500,1979,0,1400,8403,13.1749558275235
4,2.75,3150,1.0,0,3,3,8,1810,1340,1976,0,2250,6343,13.527828485512494
3,2.25,1720,1.0,0,0,4,7,1220,500,1978,0,1690,7215,12.254862809699606
4,2.25,2250,2.0,0,0,4,8,2250,0,1968,0,1850,2811,13.116345305078767
3,2.5,1930,2.0,0,0,3,8,1930,0,1996,0,2290,8228,12.917796211663054
4,2.5,2760,2.0,0,0,3,8,2760,0,1993,0,2760,5390,13.591741811256146
3,2.5,1960,2.0,0,0,4,8,1960,0,1984,0,2040,8189,13.221884677980118
3,1.75,1850,1.0,0,0,4,8,1370,480,1973,0,1880,7580,13.312983737012978
4,3.25,3960,2.0,0,2,3,12,3100,860,1938,0,3960,15050,14.73180128983843
8,4.0,4020,1.0,0,0,3,8,2010,2010,1968,0,1560,3737,13.710150042306449
2,1.0,750,1.0,0,0,3,6,750,0,1919,0,1030,5511,12.644327576461329
2,1.0,1140,1.5,0,0,4,6,1140,0,1949,0,1450,5250,12.706696406811568
4,2.5,3330,2.0,0,0,3,9,3330,0,2009,0,2640,8601,13.541073712262515
3,2.0,2740,1.0,0,2,3,9,2740,0,1999,0,2140,83635,13.652991628466498
4,2.5,2780,1.0,0,1,5,8,1730,1050,1951,0,3590,13860,14.316285845876763
3,2.25,2580,1.0,0,0,3,8,2580,0,1964,0,2580,13868,13.707925347284336
3,1.0,1070,1.0,0,0,4,7,1070,0,1971,0,1190,6532,12.175613438045465
5,3.25,3500,2.0,0,0,3,8,2760,740,2005,0,2820,6317,13.357435499583813
4,1.0,1800,1.0,0,0,5,7,950,850,1955,0,1290,9840,12.959844447906553
5,2.75,3150,2.0,0,0,3,9,3150,0,2013,0,1560,8384,13.616937660584268
4,3.25,2590,3.0,0,0,3,9,2590,0,2013,0,2590,4062,13.541073712262515
4,2.5,2730,2.0,0,2,3,9,2730,0,1996,0,2750,7220,13.567049198665774
4,2.75,2470,1.0,0,3,3,9,1570,900,1960,2005,1620,5500,14.001990124906893
3,2.25,1590,3.0,0,0,3,8,1590,0,2014,0,1640,1321,13.091801071821688
4,2.0,1930,1.0,0,0,4,7,1030,900,1967,0,1220,6600,12.498742259492994
3,2.5,2320,2.0,0,2,3,9,2320,0,1992,0,2550,35065,12.988831984779805
6,2.0,3560,2.5,0,2,3,9,3560,0,1900,0,2130,5120,13.635187003832993
4,3.5,4360,2.0,0,0,3,12,4360,0,1998,0,4770,27521,14.187074114396758
4,2.75,3110,1.0,0,0,4,8,3110,0,1958,1972,1880,19709,13.18345847676414
3,1.0,1170,1.0,0,0,4,6,1170,0,1966,0,1200,9108,12.24288661865289
3,2.5,1950,2.0,0,0,3,7,1950,0,2010,0,1870,4184,12.604848765487542
3,2.0,1700,1.0,0,0,3,7,1700,0,1996,0,1350,8587,12.409013489526863
4,2.5,2052,2.0,0,0,3,8,2052,0,2014,0,2052,5250,12.765402678355779
4,2.0,1810,1.0,0,0,2,7,1110,700,1967,0,1810,8750,12.624782980388359
4,2.75,2040,1.0,0,0,4,8,1260,780,1974,0,2470,9180,13.048985907599553
3,1.75,1390,1.0,0,0,3,7,1390,0,1985,0,1910,7904,12.91410843858387
3,2.5,2280,2.0,0,0,3,8,2280,0,2011,0,2430,7200,12.936033799212835
3,2.5,1600,2.0,0,0,3,8,1600,0,2004,0,1410,1287,12.89921982609012
4,1.75,1830,1.0,0,0,4,8,1130,700,1958,0,2020,12540,12.553908640801701
3,1.0,2230,2.0,0,2,3,8,1630,600,1918,0,2280,5400,13.554145793829866
4,2.5,2080,1.0,0,0,5,7,1040,1040,1962,0,1340,4080,13.217673557208654
2,1.0,700,1.0,0,0,5,5,700,0,1952,0,970,5200,12.205822614274965
4,1.75,1540,1.0,0,0,5,6,770,770,1943,0,1080,5120,12.886641043883259
4,2.5,1780,1.0,0,0,5,8,1780,0,1962,0,2610,11130,13.592991811418907
5,2.0,2140,1.5,0,0,4,7,2020,120,1913,0,1810,4400,13.42984807715229
4,2.25,1780,1.0,0,0,3,8,1310,470,1951,0,1780,6120,13.283631525000452
3,1.0,1030,1.0,0,0,5,7,1030,0,1952,0,2230,6987,13.484224848030362
4,2.5,3280,2.0,0,0,3,10,3280,0,1994,0,2460,39498,13.737549016494562
3,1.75,1380,1.0,0,0,4,5,1380,0,1939,1957,1490,18503,12.428816116823043
4,2.5,2800,2.0,0,0,3,8,2800,0,2001,0,2810,10235,13.241922612461968
5,2.5,2670,1.5,0,0,4,7,1620,1050,1920,0,1610,8227,13.279367126213993
7,2.75,3110,1.5,0,0,5,7,2010,1100,1914,0,1240,4280,13.500799813124575
3,2.5,1750,1.0,0,0,3,7,1330,420,1993,0,1670,7744,12.201060103706629
3,1.5,1570,2.0,0,0,3,7,1570,0,1908,0,1530,8125,12.33298719505239
4,3.0,4750,1.5,0,0,5,11,4750,0,1976,0,3120,18551,14.592539222504922
3,1.0,1460,1.0,0,0,3,7,1460,0,1952,0,2250,20023,12.89921982609012
2,1.5,1630,1.0,0,0,4,7,890,740,1940,0,1770,6400,13.012548511397123
4,2.5,2382,2.0,0,0,3,8,2382,0,2011,0,2382,5897,12.751299696013497
4,1.0,1290,1.5,0,0,3,7,1290,0,1957,0,1440,2500,12.429016176841717
3,2.0,1240,1.0,0,0,3,7,1000,240,1984,0,1330,14102,12.901716706288706
3,2.5,2680,2.0,0,0,3,8,2680,0,1990,0,2430,8231,12.676076274775909
3,1.0,1340,1.5,0,0,4,7,1340,0,1920,0,1260,6000,12.449018824140563
4,2.25,2660,1.0,0,0,4,8,1750,910,1977,0,1890,8250,13.17115354157376
2,1.5,1050,2.0,0,0,3,8,960,90,2007,0,1470,1768,12.834681304952548
4,1.75,1820,1.0,0,0,5,7,1820,0,1968,0,1410,11013,12.47227568630483
5,3.5,3700,2.0,0,0,3,8,2750,950,1950,2014,2370,6246,14.074021253115776
2,1.75,1560,1.0,0,0,4,7,880,680,1942,0,1210,4141,13.215871935262026
3,1.75,2050,1.5,0,0,5,9,2050,0,1959,0,2530,11041,13.521139497361697
3,2.5,3550,2.0,0,0,3,9,3550,0,1989,0,3270,35001,13.560618308335483
2,1.5,1230,3.0,0,0,3,8,1230,0,2000,0,1352,1411,12.691426603322494
3,1.0,860,1.5,0,0,3,7,860,0,1927,0,1540,4080,12.89896979483491
3,1.0,1090,1.0,0,0,3,7,1090,0,1967,0,1190,8520,12.154779351142624
3,2.5,2420,2.0,0,0,3,9,2420,0,2009,0,1180,8100,13.384650715836164
3,2.25,1810,1.0,0,0,3,8,1450,360,1984,0,1740,9532,13.13626628257332
3,2.5,2680,1.0,0,0,3,7,1340,1340,1989,0,2580,87117,13.071070083016778
4,2.0,1890,1.0,0,0,3,7,1890,0,1966,0,1600,9257,12.65075846679162
3,1.0,1260,1.0,0,0,3,6,720,540,1944,0,1300,6826,12.742566016044742
4,2.25,2360,2.0,0,0,3,7,2360,0,1998,0,2144,6773,12.587927887999204
4,2.75,3390,1.0,0,0,4,7,1970,1420,1961,0,2530,8495,12.765688433465597
3,2.5,1690,2.0,0,0,3,8,1150,540,2014,0,1690,1860,12.911056989615814
6,2.5,3180,1.0,0,0,4,8,1590,1590,1967,0,2670,9625,13.42984807715229
4,1.5,1570,1.0,0,0,5,6,1570,0,1911,0,1140,6716,12.345617172968069
4,1.75,1650,1.0,0,0,3,7,1010,640,1977,0,1840,8550,12.468436909997665
4,2.75,2560,1.0,0,0,3,8,1480,1080,1959,0,2600,7200,13.514405465180353
4,2.5,2030,1.5,0,0,4,7,1630,400,1926,0,2000,3905,13.630385073837585
2,1.0,920,1.0,0,0,4,7,920,0,1906,0,1300,4000,13.149978544437301
4,3.5,4030,2.0,0,0,3,10,4030,0,2006,0,1830,11700,13.658856747918897
3,1.75,1640,1.0,0,0,3,8,1340,300,1977,0,2210,10852,13.062613372998555
3,2.0,1230,2.0,0,0,3,7,1020,210,2003,0,1260,1312,12.250089530946948
2,1.5,1450,1.0,0,0,3,7,1450,0,1940,0,1890,10599,13.049792684569493
4,1.75,1420,1.0,0,0,5,5,1040,380,1942,0,1150,5382,12.388394202324129
4,2.25,2260,2.0,0,0,4,7,2260,0,1984,0,1720,7200,12.576459648025475
3,1.5,1950,1.0,0,0,4,7,1010,940,1956,0,1850,7620,12.524526376648708
2,1.0,1370,1.0,0,2,3,8,1130,240,1941,0,2460,6759,13.46312781789656
1,0.0,670,1.0,0,0,3,3,670,0,1966,0,1160,42882,11.225243392518447
3,2.25,2080,1.5,0,0,3,7,1550,530,2003,0,2080,2275,12.506177237980511
3,1.75,1470,1.0,0,0,4,7,1470,0,1957,0,1430,9282,12.384218830913648
3,2.0,2220,1.0,0,2,4,7,1220,1000,1947,0,1800,5900,13.681979165339751
4,1.75,2330,1.0,0,2,4,7,1260,1070,1961,0,2270,8800,13.262125319779487
3,2.5,1670,1.0,0,0,3,7,1130,540,1974,0,1220,7740,12.834681304952548
4,2.5,2220,2.0,0,0,3,8,2220,0,2014,0,1620,5900,13.388719663141357
4,3.5,2760,2.0,0,2,3,8,2000,760,1926,2014,1690,4000,13.547631112808673
3,1.75,1200,1.0,0,0,4,7,1200,0,1978,0,1200,7500,12.86099861326992
4,3.0,2530,1.5,0,0,3,7,1540,990,1925,2014,1640,4560,13.574648456156384
4,2.5,2600,2.0,0,0,3,8,2600,0,2005,0,2610,5188,12.793581494067123
5,2.25,2590,1.0,0,0,3,8,1510,1080,1973,0,1930,7245,13.197470849891134
3,2.5,1427,2.0,0,0,3,7,1427,0,2009,0,1443,4347,12.468436909997665
4,1.5,3390,2.0,0,0,4,8,2530,860,1916,0,3080,6000,13.704578997256993
3,2.25,2270,1.0,0,0,3,9,1820,450,1975,0,2520,28300,13.42984807715229
5,2.5,3670,1.5,0,0,3,8,3670,0,1973,0,2340,9425,13.502168738731916
3,2.5,2130,1.0,0,0,4,8,1210,920,1994,0,2030,3710,13.189348902184951
3,1.0,1660,1.0,0,0,3,7,1260,400,1957,0,1230,5100,13.190022025878143
3,1.5,1600,1.0,0,0,4,7,1050,550,1965,0,1810,7819,12.85813738098889
6,2.0,2390,1.5,0,0,4,7,2390,0,1925,0,2250,12942,13.15434642325738
4,2.25,1830,2.0,0,0,3,7,1830,0,1991,0,1860,6930,12.388394202324129
3,1.0,940,1.0,0,0,4,6,940,0,1959,0,1230,7400,12.788288265382837
5,2.5,1720,1.5,0,0,3,7,1720,0,1970,0,1720,8478,12.733755386362587
3,1.75,1630,1.5,0,3,3,7,1630,0,1908,0,1800,4275,13.248114582709889
4,2.5,2020,2.0,0,0,4,7,2020,0,1954,0,2250,8550,13.442996549995796
4,3.5,3560,2.0,0,0,3,9,3560,0,2014,0,3540,5500,13.735119039463314
4,3.5,3420,2.0,0,0,3,10,3420,0,2003,0,3490,5700,13.217491722495906
4,1.75,2930,1.0,0,3,3,9,1670,1260,1947,0,2530,6517,13.641157170819497
3,1.0,990,1.0,0,0,4,7,990,0,1958,0,990,7440,12.310432660854417
3,2.5,3000,1.0,0,0,4,8,1760,1240,1963,0,2040,8250,13.151922179645874
3,1.75,1530,1.0,0,0,3,7,1200,330,1988,0,1680,9680,12.556729517143344
4,1.75,1240,1.5,0,0,4,7,1240,0,1944,0,1260,4468,13.16158409055761
4,2.0,1780,1.0,0,0,3,7,1780,0,1963,0,2210,13500,12.513557345278134
3,2.5,1690,2.0,0,0,3,7,1690,0,2002,0,1650,3161,13.041153321978786
4,2.5,3720,2.0,0,0,3,10,3720,0,1983,0,3720,35000,13.627372115848754
4,2.5,2120,1.0,0,0,4,8,1500,620,1979,0,3130,10950,13.626768433367397
4,2.5,4090,2.0,0,0,3,10,4090,0,2005,0,3510,8762,13.693342923990066
4,1.0,1170,1.0,0,0,4,6,1170,0,1942,0,1610,28108,12.551433829568632
4,3.5,3010,2.0,0,0,3,9,3010,0,2004,0,2720,247856,13.49385796594134
3,1.5,1500,1.5,0,0,4,7,1140,360,1927,0,1500,5000,13.060487973686241
4,2.25,1790,1.0,0,0,3,7,1220,570,1979,0,1740,8950,12.190959007720126
4,3.25,3940,2.0,0,3,3,9,3440,500,2000,0,3420,29170,13.493926933836812
3,1.5,1170,1.0,0,0,3,7,1170,0,1960,0,1550,8605,11.964001084330445
2,1.0,740,1.0,0,0,4,5,740,0,1952,0,750,5200,12.272796277573082
4,2.75,3370,1.0,0,3,4,8,1920,1450,1948,0,2250,5550,13.608486388529947
4,2.75,3050,2.0,0,0,3,8,3050,0,2014,0,2730,5480,13.242720874068063
3,1.75,1530,1.0,0,0,3,7,1530,0,1987,0,1480,8125,12.591335046320818
4,2.0,1660,1.0,0,0,3,7,1660,0,1968,0,1150,5000,12.577636201962656
4,2.25,4760,2.5,0,0,5,9,3390,1370,1916,0,2950,9323,14.626440774180603
4,1.75,1620,1.5,0,0,5,7,1620,0,1916,0,1450,4240,13.1470559899947
4,2.5,2480,1.0,0,0,4,8,1240,1240,1963,0,2230,10310,13.083622549087899
3,2.0,2800,1.0,0,0,3,8,2320,480,1996,0,2200,72055,13.2002499160614
3,1.0,1320,1.0,0,0,3,7,1320,0,1955,0,1480,5250,12.948009990259552
5,2.5,4250,1.0,0,1,4,11,2490,1760,1984,0,3620,16304,14.408837403242009
3,2.25,1450,2.0,0,0,3,7,1450,0,2009,0,1490,4667,12.89921982609012
2,1.75,2260,2.0,0,2,3,9,1890,370,2005,0,2860,219542,13.383187995686226
5,2.25,3000,2.0,0,0,4,8,3000,0,1975,0,2270,10763,13.304684934198283
4,2.75,2150,1.0,0,0,3,8,1340,810,1992,0,2260,7750,12.676076274775909
4,2.5,2400,2.0,0,0,3,8,2400,0,2002,0,2040,7756,12.994530005894443
2,1.0,760,1.0,0,0,3,6,760,0,1949,0,980,5080,11.76756768334381
4,3.5,5990,2.0,0,0,3,11,5990,0,2004,0,4690,118918,14.237504968023648
3,1.0,1020,1.0,0,0,3,6,1020,0,1949,0,1180,9660,12.634603026569334
4,2.5,2420,2.0,0,0,3,9,2420,0,2007,0,1400,5250,13.016891744462095
4,3.0,3350,2.0,0,0,3,10,3350,0,2004,0,3350,183897,13.514405465180353
4,2.25,2220,2.0,0,0,3,8,2220,0,1989,0,2680,130680,13.388566418178986
4,2.25,1830,2.0,0,0,4,7,1830,0,1991,0,1870,7212,12.560244459250788
3,1.0,1240,1.0,0,0,4,7,1240,0,1950,0,1550,9096,12.629705057593787
4,4.0,5050,2.0,0,0,3,10,3260,1790,2000,0,3370,213444,14.104441849816487
2,1.5,1140,3.0,0,0,3,7,1140,0,2005,0,1170,1116,13.051940913107783
4,2.5,2660,1.0,0,0,4,8,1740,920,1960,0,2280,12477,12.644327576461329
4,2.5,3440,2.0,1,4,3,8,2170,1270,2012,0,3170,11810,14.48333993053993
4,2.5,3060,2.0,0,0,3,9,3060,0,2006,0,3240,6218,13.624350052503114
2,1.0,1240,1.0,0,1,3,6,1000,240,1943,0,2140,20059,12.779873068457553
4,1.75,2310,1.0,0,0,4,7,1650,660,1976,0,1790,8086,12.675920012567607
3,2.5,2400,2.0,0,0,3,9,2400,0,2001,0,2080,8615,13.527828485512494
4,1.75,2270,1.0,0,0,4,8,2270,0,1959,0,2540,11990,13.329377546788654
2,1.5,830,2.0,0,0,3,7,830,0,2005,0,1610,2666,12.959844447906553
4,1.0,1980,1.5,0,0,3,7,1980,0,1920,0,1810,3245,13.458835614025542
5,2.75,2530,1.0,0,0,3,7,1520,1010,1992,0,2400,7776,12.817195990611529
4,2.5,3160,2.0,0,0,3,9,3160,0,2006,0,3160,6460,13.38472764187182
3,2.5,1420,3.0,0,0,3,8,1420,0,2014,0,1510,2501,13.142166004700508
3,2.25,2700,2.0,0,0,4,8,1760,940,1907,0,1580,4025,13.222208712374044
4,1.0,1530,1.5,0,0,3,7,1400,130,1948,0,1530,7200,12.409013489526863
4,2.25,2080,1.0,0,0,3,7,1450,630,1968,0,1900,7980,12.611537753638338
3,1.75,1470,1.0,0,0,4,7,1470,0,1975,0,2090,16988,12.49107488042269
3,1.0,1100,1.0,0,0,3,7,1100,0,1917,0,1200,5175,13.017002861746503
3,1.75,2090,1.0,0,0,3,7,2090,0,1967,0,1510,7416,12.959726793926773
5,3.5,3730,1.0,0,0,3,10,2760,970,1990,0,3280,16679,13.560618308335483
3,2.5,3340,2.0,0,0,3,9,2420,920,1994,0,2760,116740,13.091904169919621
3,2.5,1580,2.0,0,0,3,7,1580,0,1995,0,1580,7050,12.577636201962656
1,0.75,820,1.0,0,0,3,5,820,0,1999,0,1590,14163,13.175998926570239
4,2.25,3410,2.0,0,0,4,8,2410,1000,1978,0,2870,145490,13.062613372998555
3,2.25,1290,2.0,0,0,3,8,1000,290,2006,0,1300,1169,13.17115354157376
4,2.5,3450,1.5,0,0,4,9,2180,1270,1964,0,3770,19530,14.143374420048886
3,2.25,2980,1.0,0,0,3,9,2230,750,1989,0,2980,107157,13.623138665316818
3,1.75,1860,2.0,0,2,4,8,1860,0,1959,0,3030,7119,13.493926933836812
3,2.5,2080,2.0,0,0,3,8,2080,0,1988,0,2210,7471,13.217673557208654
2,1.0,670,1.0,0,0,3,5,670,0,2003,0,2180,11505,12.873902018105829
4,3.0,3330,1.0,0,0,3,9,1830,1500,2008,0,1200,3876,14.001990124906893
3,2.25,1370,3.0,0,0,3,8,1370,0,2009,0,1370,1125,12.66032791780777
2,1.75,1960,1.0,0,0,3,7,980,980,1957,0,1960,10140,12.542544882151386
3,2.5,2360,2.0,0,0,3,7,2360,0,2003,0,2290,4080,13.217673557208654
3,2.5,2560,2.0,0,0,4,8,2560,0,1989,0,2120,16298,13.062507210250963
3,2.0,1570,1.0,0,0,3,7,820,750,1953,2005,1510,4281,13.056223574899784
3,1.5,2380,1.0,0,0,4,7,1850,530,1961,0,1830,13600,12.821258284620408
3,1.5,1340,1.0,0,0,4,7,1340,0,1960,0,1590,9000,13.217673557208654
4,2.0,1690,1.0,0,0,3,7,1690,0,1967,0,2050,37846,13.32530422140102
2,1.0,770,1.0,0,0,4,6,770,0,1929,0,1170,5514,12.80765263256463
4,2.25,1780,1.0,0,0,4,8,1480,300,1966,0,1780,8625,12.644327576461329
6,1.5,2550,1.0,0,0,4,8,1750,800,1958,0,2010,28200,12.83707842955227
4,2.25,1750,1.0,0,0,3,8,1320,430,1972,0,2170,11165,13.203943364396752
4,2.5,2434,2.0,0,0,3,8,2434,0,2007,0,2434,4400,12.560244459250788
4,1.75,2250,1.0,0,0,4,8,2150,100,1940,0,2150,12508,12.765688433465597
3,2.0,1420,2.5,0,0,3,9,1340,80,2007,0,1540,2168,13.217673557208654
3,3.0,1790,2.0,0,0,3,7,1480,310,2006,0,1220,4000,12.429016176841717
3,2.0,1420,2.0,0,0,3,7,1420,0,1990,0,1790,6607,12.437184366493561
4,2.5,1950,2.0,0,0,3,7,1550,400,1998,0,1540,4300,13.118254949359786
5,2.5,2820,1.0,0,0,4,8,1550,1270,1968,0,2820,9375,13.17628321939376
3,2.0,2290,1.0,0,0,3,9,1670,620,1979,0,2750,11700,13.244581010128577
3,1.0,1360,1.0,0,0,3,7,1360,0,1956,0,1490,7355,12.779873068457553
3,2.0,1510,1.0,0,0,3,7,1510,0,1954,0,2060,67756,13.017002861746503
4,2.75,2440,1.0,0,0,4,8,1910,530,1989,0,2770,24361,13.573438996764546
5,2.75,2840,1.0,0,0,3,7,1420,1420,1960,0,2210,11620,12.889169490236618
3,1.5,1320,1.0,0,0,3,7,1320,0,1956,0,2000,7700,12.449018824140563
4,2.5,2840,2.0,0,0,3,9,2840,0,2013,0,2790,7168,13.363315412168129
3,2.5,1890,2.0,0,0,3,7,1890,0,2005,0,1980,4000,12.560244459250788
4,2.25,2360,2.0,0,3,3,8,1520,840,2001,0,1810,3900,13.45166712454693
4,3.25,3990,2.0,0,0,3,9,3990,0,2004,0,3920,8200,13.671640187544572
2,1.0,700,1.0,0,0,5,5,700,0,1953,0,960,5200,12.206072645530174
3,1.75,1490,1.0,0,0,3,7,1210,280,1974,0,2090,9944,13.005829561148378
3,2.5,1590,2.0,0,0,3,7,1590,0,2004,0,1680,3480,12.676076274775909
3,2.5,2090,2.0,0,0,3,8,2090,0,1989,0,2090,6396,13.028052697933088
2,2.75,2820,2.0,0,0,3,7,1630,1190,1947,0,1690,12500,12.765688433465597
5,4.5,4690,2.0,0,0,3,10,3450,1240,1995,0,4070,11505,13.745954670870919
2,1.0,1160,1.0,0,0,4,6,1160,0,1924,0,1160,8250,12.245293358683455
3,2.25,1800,2.0,0,0,3,8,1800,0,1983,0,1630,8621,12.985397522331171
3,1.0,1020,1.0,0,0,3,7,1020,0,1981,0,1650,7201,12.392552212472792
4,4.0,3280,2.0,0,0,3,10,3280,0,2007,0,3730,8030,13.574075736677813
5,3.5,2800,2.0,0,0,3,7,2800,0,1995,0,2190,7620,12.847663339175718
3,2.5,2000,2.0,0,0,3,8,2000,0,1979,0,2180,19800,13.294129420258766
5,1.75,1710,1.0,0,0,3,7,1070,640,1958,0,1030,10360,12.675920012567607
2,1.0,1300,1.5,0,0,4,6,1300,0,1975,0,820,11867,12.323855681186558
1,0.75,840,1.5,0,0,3,6,840,0,1949,0,1560,8603,12.319401330837177
3,2.5,2560,2.0,0,0,3,9,2110,450,1967,2003,2690,4800,14.151268253647618
4,2.5,2331,2.0,0,0,3,8,2331,0,2007,0,2441,3826,12.751299696013497
3,1.0,860,1.0,0,0,4,6,860,0,1963,0,1660,10248,11.982929094215963
4,1.0,1520,1.5,0,0,3,7,1520,0,1960,0,1520,7298,11.982929094215963
4,2.75,3210,1.0,0,0,5,7,1810,1400,1975,0,1840,8000,13.270783382522602
3,1.75,1800,1.0,0,0,5,7,900,900,1947,0,1650,5816,13.485616636703183
4,2.5,2940,2.0,0,0,3,9,2940,0,1986,0,2670,10982,13.422467969854667
3,2.5,1650,2.0,0,0,3,8,1650,0,2011,0,2000,4725,12.608198852372823
3,2.5,1400,1.0,0,0,3,7,1400,0,1930,2014,1060,4400,12.899094818276968
3,1.5,1490,1.0,0,0,3,7,1010,480,1957,0,1000,8254,12.560244459250788
3,2.5,2830,2.0,0,0,3,9,2830,0,2010,0,2830,6064,13.327750207129279
3,1.75,1440,1.0,0,2,3,7,1090,350,1958,0,1710,12888,12.468436909997665
4,1.0,1610,1.5,0,0,3,6,1610,0,1947,0,1270,9600,12.367340793126296
3,2.5,1670,2.0,0,0,3,8,1670,0,2000,0,1670,2897,13.071491047030571
5,3.5,2960,2.0,0,0,3,9,1940,1020,1986,0,2210,10952,12.87261914429294
3,2.5,1570,2.0,0,0,3,7,1570,0,2005,0,1970,2952,12.611371073081239
3,1.75,2130,1.0,0,0,3,7,1430,700,1922,0,1710,3300,13.422467969854667
5,1.0,1700,1.5,0,0,4,7,1700,0,1954,0,1740,8212,13.197470849891134
3,1.0,1010,1.0,0,0,4,7,1010,0,1972,0,1230,10125,12.2783933071098
4,3.5,2980,2.0,0,0,3,9,2340,640,2008,0,1810,4545,13.715690222682063
4,3.5,2770,2.0,0,0,3,9,2770,0,2002,0,3410,7447,13.617059619240436
5,3.5,4090,1.0,0,0,3,11,2920,1170,2002,0,1880,9255,14.070152776337855
4,2.5,2020,2.0,0,0,3,7,2020,0,2002,0,1940,5076,12.476099782743233
4,3.25,3520,1.0,0,2,4,9,2010,1510,1978,0,2630,19354,13.919870573288517
3,1.75,1830,1.0,0,0,3,8,1300,530,1977,0,1850,8000,12.971424201839042
3,2.0,2080,1.0,0,0,5,7,1040,1040,1926,0,1710,4830,13.399995114002609
3,2.5,1690,2.0,0,0,3,8,1410,280,2013,0,1690,1760,12.92366850649243
2,1.0,930,1.0,0,0,4,5,930,0,1942,0,930,4779,11.862172893080164
2,1.0,1330,1.0,0,0,3,7,1330,0,1952,0,1900,5000,13.018113356030529
2,1.0,890,1.0,0,0,3,7,740,150,1949,0,1290,7200,12.628067055589549
3,2.0,1560,1.0,0,0,5,7,1150,410,1915,0,1560,4500,13.215853720491667
2,1.0,930,1.0,0,2,3,6,930,0,1951,0,2800,11141,13.422467969854667
4,2.5,2870,2.0,0,0,4,9,2870,0,1977,0,2700,41221,13.081541382884074
2,1.75,1240,1.0,0,0,4,8,1240,0,1985,0,1270,4966,12.146853285870202
5,2.75,3250,2.0,0,0,3,8,3250,0,2014,0,1270,8100,13.484224848030362
3,2.5,2100,1.0,0,0,3,8,1700,400,1989,0,2430,8809,13.135082149812103
4,2.5,1900,2.0,0,0,3,7,1900,0,1992,0,1870,6405,12.793859310432293
2,1.0,760,1.0,0,0,3,6,760,0,1946,0,1710,6594,11.711776323715394
3,1.75,1320,1.0,0,0,5,7,1320,0,1943,0,1320,8315,12.733740636991278
3,3.25,5480,2.0,1,4,3,11,5480,0,1991,0,2500,22954,14.735793311107967
5,2.5,3000,1.0,0,0,3,9,1610,1390,2007,0,2700,7205,13.554145793829866
4,1.75,1820,1.0,0,0,4,7,1080,740,1980,0,1810,8050,12.483704382128453
4,2.5,3490,2.0,0,0,4,9,3490,0,1990,0,2850,18521,13.506264307596652
4,2.5,2598,2.0,0,0,3,9,2598,0,2014,0,2502,4900,12.968979070504972
0,0.0,4810,2.0,0,0,3,12,4810,0,1990,0,4740,35061,14.074523057692726
4,2.5,2030,1.0,0,0,3,7,1330,700,1969,0,1500,9160,12.86099861326992
4,3.5,2780,2.0,0,4,5,10,2530,250,1978,0,2724,10634,13.81049801614073
3,1.75,1670,1.0,0,0,3,7,990,680,1957,0,1230,6034,12.542544882151386
3,2.5,1430,3.0,0,0,3,7,1430,0,2007,0,1360,1269,12.896716695872
3,1.75,1440,1.0,0,0,4,7,1440,0,1979,0,1460,7560,12.92391243868049
4,1.75,1120,1.0,0,0,4,7,1120,0,1966,0,1330,7975,12.437184366493561
3,1.0,990,1.0,0,0,4,6,990,0,1947,0,1440,6860,12.691580461311874
4,1.75,2090,1.5,0,0,4,7,1250,840,1925,0,1670,5000,13.110290796170059
4,3.5,3990,2.0,0,0,3,10,3990,0,2008,0,3230,6481,13.892471599100402
2,1.5,1160,2.0,0,0,3,7,890,270,2006,0,1160,1086,12.429216196844383
5,2.0,2360,1.0,0,0,4,7,2360,0,1968,0,1860,19998,12.781280528225432
3,1.0,1200,1.0,0,0,5,6,1200,0,1975,0,1200,9800,11.893414587008216
4,2.5,2880,2.0,0,0,4,9,2880,0,1987,0,2420,7663,12.994530005894443
5,1.75,2330,1.0,0,0,4,8,1380,950,1955,0,2120,5605,13.257768014410532
3,1.5,2080,1.0,0,0,3,7,1300,780,1963,0,1860,5000,12.948009990259552
4,2.25,2900,2.0,0,0,3,7,1990,910,1947,0,1850,7540,13.353475098367715
3,1.75,1430,2.0,0,0,3,7,1430,0,1994,0,1560,10816,12.128111104060462
3,2.0,1720,1.0,0,2,5,7,960,760,1941,0,1760,5525,13.122363377404328
5,2.75,3650,2.0,0,0,5,9,2750,900,1969,0,2900,11568,13.993656743347747
3,1.5,1420,1.0,0,0,3,6,1420,0,1962,0,1200,8580,11.824079893607152
2,1.75,1800,1.0,0,3,4,7,990,810,1952,0,1940,7400,12.84792653170257
4,2.5,2770,2.0,0,0,4,9,2770,0,1986,0,3040,11100,13.721199878493033
4,1.75,2260,1.0,0,1,4,9,2260,0,1968,0,2880,16594,13.795307850646754
3,1.5,1480,1.0,0,0,3,7,1170,310,1960,0,2230,14775,12.560244459250788
3,1.75,1640,1.0,0,0,4,7,1640,0,1966,0,1850,380279,12.672946381766982
2,1.5,920,2.0,0,0,3,7,920,0,1995,0,1110,1598,12.449018824140563
1,1.0,720,1.0,0,0,4,6,720,0,1935,0,1860,297514,12.429216196844383
3,4.0,4380,2.0,0,0,5,11,4380,0,1983,0,3630,35425,13.864300722133706
3,1.75,2770,1.0,0,0,4,8,1580,1190,1978,0,2420,36384,13.106233995474446
5,2.5,2580,1.0,0,0,3,7,1410,1170,1964,0,2240,11780,12.468436909997665
3,2.25,1850,2.0,0,0,3,7,1850,0,1989,0,1710,6827,12.449018824140563
3,2.5,2040,2.0,0,0,3,8,2040,0,2006,0,2370,4590,12.248332006544095
3,2.5,2420,2.0,0,0,3,7,2420,0,1998,0,2420,5818,13.029370510555164
4,2.75,2170,1.0,0,0,3,8,1290,880,1977,0,2120,7820,13.226723392728571
1,1.0,700,1.0,0,0,3,6,700,0,1954,0,1330,4110,12.936033799212835
4,2.5,3150,2.0,0,0,3,9,3150,0,2002,0,3150,5169,13.610943392223
3,2.0,2783,2.0,0,0,3,8,2783,0,1910,1999,1730,8018,13.641157170819497
4,2.5,2160,2.0,0,0,4,9,2160,0,1989,0,2300,7440,13.389332408258568
4,2.0,1450,1.5,0,0,4,7,1450,0,1962,0,1450,7440,12.994530005894443
4,1.0,1360,1.5,0,0,3,7,1360,0,1917,0,1710,6000,13.145102864373818
2,2.0,840,1.5,0,0,5,6,840,0,1942,0,1430,7920,12.63947712232758
5,2.5,2880,1.0,0,0,5,8,1440,1440,1966,0,2010,9000,13.235692062711331
3,1.75,2140,1.0,0,0,3,7,1070,1070,1948,0,1240,4650,13.084661510220318
3,3.5,2710,2.0,0,0,3,8,1650,1060,2005,0,2280,2738,13.329377546788654
4,2.5,2200,2.0,0,0,5,8,1430,770,1908,0,2100,4000,13.742939865129438
3,1.75,1560,1.0,0,0,4,8,1560,0,1972,0,1990,8034,13.017002861746503
5,3.0,2110,2.0,0,0,3,7,1670,440,2002,0,2110,5260,12.560244459250788
6,2.0,2040,1.0,0,0,4,5,2040,0,1943,0,1440,10200,12.611537753638338
3,1.0,1220,1.0,0,0,3,7,1220,0,1966,0,1340,7876,12.761623038075673
4,3.75,3300,1.5,0,4,3,10,2600,700,1926,1999,3300,5000,14.369395671190711
2,2.0,2010,1.5,0,0,3,7,1450,560,1922,2004,1660,4650,12.89921982609012
3,1.0,1210,1.0,0,0,3,7,1210,0,1954,0,1640,14910,12.577636201962656
4,2.5,2980,2.0,0,2,3,9,2980,0,2003,0,2980,8828,13.260384675301703
4,1.0,1360,1.5,0,0,3,6,1360,0,1941,0,1280,7175,12.367340793126296
1,1.0,1220,1.0,0,0,3,7,1220,0,1922,0,1970,4200,13.392543174719968
3,1.75,1480,1.0,0,0,3,8,1480,0,1975,0,1930,8560,12.886641043883259
4,2.0,2510,1.0,0,0,3,9,2510,0,1960,0,3180,11760,13.304684934198283
4,2.5,2910,2.0,0,0,4,9,2910,0,1987,0,2720,36728,13.614006181753545
3,2.5,1780,2.0,0,0,4,8,1780,0,1930,1986,1690,4952,13.428376406540833
4,4.0,4930,2.0,0,3,3,12,4930,0,2004,0,4630,18889,14.197365800433305
3,2.0,2010,2.0,0,3,3,7,2010,0,1951,1988,2450,6045,13.560618308335483
3,2.0,1810,2.0,1,4,3,8,1810,0,1913,1987,2180,24911,13.383187995686226
2,1.0,710,1.0,0,0,3,6,710,0,1942,0,740,6300,12.57418196709457
2,1.0,1280,1.0,0,0,3,7,1280,0,1964,0,1540,5670,13.122363377404328
4,2.0,1910,1.0,0,0,4,7,1140,770,1973,0,1540,7826,12.441144767709657
4,2.25,2330,2.0,0,1,3,8,1600,730,1988,0,2220,9100,13.38472764187182
3,1.5,1680,1.0,0,0,3,7,1680,0,1962,0,1680,9101,13.122363377404328
3,2.5,3380,2.0,0,0,3,8,2200,1180,1999,0,2060,6548,12.983101310070822
2,1.0,1050,1.0,0,0,3,7,1050,0,1950,0,1280,5900,12.409013489526863
4,2.5,2510,2.0,0,0,4,8,2510,0,1991,2012,2290,7809,12.706847933442663
3,1.0,1390,1.5,0,0,3,6,1390,0,1940,0,1350,9800,12.8802918162046
4,2.0,2490,2.0,0,0,5,9,2490,0,1968,0,2770,9525,13.753635154246187
2,1.5,1750,1.5,0,0,4,8,1440,310,1978,0,1950,21075,13.262125319779487
3,1.0,1340,1.5,0,0,4,5,1340,0,1903,0,1240,4800,12.323855681186558
5,1.75,2140,1.0,0,0,3,7,1200,940,1962,0,1600,9206,13.176851562688398
3,1.75,2180,1.0,0,2,4,7,1140,1040,1946,0,2180,8535,13.465953081794405
3,3.5,1540,2.0,0,0,3,7,1360,180,2007,0,1220,4000,12.286038427168055
2,1.0,990,1.0,0,0,3,7,990,0,1955,0,1080,8168,12.80765263256463
4,1.5,1300,1.0,0,0,4,7,1300,0,1970,0,1420,7200,12.46651198158808
4,3.5,3560,2.0,0,0,3,10,3560,0,2006,0,3660,6846,13.579788224443204
3,1.0,1030,1.0,0,0,3,7,880,150,1947,0,1610,6127,12.439166527697552
4,1.75,2100,1.0,0,0,3,7,1340,760,1975,0,1700,4125,13.539757056377766
3,1.75,1510,1.0,0,0,3,7,1210,300,1965,0,2080,9076,12.54236629477704
5,3.5,3740,2.0,0,0,3,9,2760,980,1998,0,2880,26023,13.012548511397123
3,1.0,1650,1.0,0,0,4,7,980,670,1954,0,1230,6400,12.82530414313995
4,1.75,2130,1.0,0,0,3,7,1370,760,1952,0,1850,11097,12.584509081250419
3,1.5,1430,1.0,0,0,3,7,1130,300,1948,0,1490,8196,12.765688433465597
2,1.0,710,1.0,0,0,5,7,710,0,1905,0,1530,5100,12.904207367601158
3,1.0,1150,1.0,0,0,3,6,1150,0,1943,0,1492,8924,11.695247021764184
3,1.0,1220,1.0,0,0,5,7,1220,0,1958,0,1310,9600,12.257240932104573
3,1.5,1540,2.0,0,0,3,8,1540,0,1907,0,1590,3600,13.398478813484644
2,1.0,980,1.5,0,0,3,7,980,0,1910,1946,1450,3333,13.217673557208654
2,1.75,1270,1.0,0,0,4,7,1270,0,1982,0,1280,7500,12.80765263256463
3,2.25,1830,1.0,0,0,3,8,1400,430,1976,0,1830,17250,12.971540487669746
2,2.0,1350,1.0,0,0,3,8,1350,0,2007,0,1440,3926,12.92391243868049
4,2.75,2240,1.0,0,0,3,7,1140,1100,1967,0,1580,7416,12.468436909997665
5,2.5,2820,2.0,0,0,3,8,2820,0,2003,0,2610,6306,12.886641043883259
3,1.75,1670,1.5,0,0,5,7,1670,0,1908,0,1990,4960,12.706544857216672
4,3.0,3580,1.5,0,0,3,10,3580,0,1985,0,3540,36750,13.737549016494562
4,2.5,1800,2.0,0,0,3,8,1800,0,1995,0,1800,6879,12.762827201184564
4,2.5,2518,2.0,0,0,3,8,2518,0,2005,0,2280,4525,13.373900003219756
6,4.5,2940,1.5,0,0,4,8,2940,0,1966,0,2010,7500,13.086736199761178
4,2.5,2370,2.0,0,0,3,8,2370,0,2001,0,2190,6070,12.721885810807203
2,1.0,1000,1.0,0,0,3,6,1000,0,1951,0,1250,6000,12.487296407920908
5,1.5,1720,1.5,0,0,3,7,1520,200,1925,0,2280,4000,13.434250138552928
3,1.5,1810,1.0,0,0,3,7,1030,780,1958,0,1780,7620,13.330190224606644
4,2.25,2010,2.0,0,0,4,8,2010,0,1975,0,1950,19626,12.68292774972501
3,2.0,1010,1.0,0,0,3,8,1010,0,1982,0,1750,11700,12.873902018105829
4,2.5,2500,1.0,0,2,4,8,1300,1200,1964,0,2500,11070,12.84792653170257
3,1.75,1910,1.0,0,0,4,7,1290,620,1964,0,1590,10800,12.429216196844383
3,1.5,1510,1.0,0,0,3,7,1120,390,1960,0,1700,8360,12.89921982609012
4,1.5,1840,1.5,0,0,3,7,1840,0,1957,0,1510,7320,12.258427875864102
3,2.25,2940,3.0,0,0,3,9,2940,0,2014,0,1680,6500,13.693342923990066
3,2.5,3280,1.0,0,3,3,11,2670,610,1985,0,3280,25211,13.623138665316818
4,2.5,3130,2.0,0,0,3,8,3130,0,2004,0,2470,5240,12.89921982609012
3,2.5,3020,2.0,0,0,3,7,3020,0,2003,0,2710,5470,12.524526376648708
3,3.0,3760,1.0,0,0,4,10,2640,1120,1979,0,2820,50543,13.226723392728571
4,1.0,1480,1.5,0,0,4,7,1480,0,1929,0,1820,7995,13.132313708257497
4,2.75,1910,1.0,0,0,4,7,1430,480,1980,0,1750,7446,12.206072645530174
2,1.0,830,1.0,0,0,4,6,830,0,1925,0,1280,6030,12.959844447906553
3,2.75,2216,1.0,0,0,3,9,2216,0,1968,2005,2216,30048,13.410545324897761
3,1.75,2650,1.0,0,1,3,8,2240,410,1952,0,2650,10120,13.120361374733656
4,2.0,2050,1.0,0,0,3,7,1300,750,1967,0,2050,8750,12.611537753638338
3,1.0,1500,1.5,0,0,5,7,1500,0,1900,0,1780,3600,13.329296242670557
3,2.5,1680,2.0,0,0,3,7,1680,0,1991,0,1580,8512,12.513557345278134
3,1.5,2160,1.0,0,2,4,8,1400,760,1949,0,3010,9000,13.38472764187182
3,2.5,2570,2.0,0,0,3,11,2570,0,1984,0,1570,5000,14.204168547756057
3,2.5,1370,1.0,0,0,3,7,1090,280,1994,0,1470,9253,12.570715759118084
3,1.0,1590,1.0,0,0,4,7,1590,0,1961,0,1560,9750,12.417953004565673
4,2.5,2560,1.0,0,0,4,7,1760,800,1949,0,1760,6384,13.579788224443204
3,2.5,3160,2.0,0,3,3,9,3160,0,2002,0,2110,94663,13.269057756555132
3,1.5,1800,2.0,0,0,3,8,1800,0,1931,0,1440,16640,12.793859310432293
2,1.0,720,1.0,0,0,3,5,720,0,1943,0,1760,7250,12.706847933442663
3,3.25,1760,3.0,0,0,3,8,1760,0,2008,0,1520,1615,13.060381585048447
2,1.0,1040,1.0,0,0,5,7,840,200,1939,0,1930,5150,12.84792653170257
3,1.0,1060,1.0,0,0,3,7,1060,0,1948,0,1570,10228,12.345834587905333
4,2.5,2470,1.0,0,0,3,7,1420,1050,1985,0,1670,7627,12.771386454580234
3,1.0,1200,1.0,0,0,4,6,1200,0,1953,0,1200,8316,12.273731294003989
3,1.75,2080,1.0,0,0,5,7,1600,480,1968,0,1680,7700,12.96383646917609
1,0.75,760,1.0,1,4,5,5,760,0,1936,0,1230,14267,12.820987977820545
3,1.75,2220,1.0,0,2,3,8,2220,0,1989,0,2900,169884,13.279367126213993
3,3.0,2340,2.0,0,0,3,8,2340,0,2013,0,2790,5375,12.966584038698583
4,3.0,2590,2.0,0,0,3,8,2590,0,2001,0,2550,6800,12.779873068457553
4,1.5,1240,1.0,0,0,3,7,1240,0,1971,0,1240,9592,12.301382825334498
3,2.25,1620,3.0,0,0,3,8,1540,80,2009,0,1620,1237,12.948009990259552
4,2.5,2880,2.0,0,0,3,9,2880,0,1988,0,2650,7660,12.994530005894443
3,2.25,1460,3.0,0,0,3,8,1460,0,2006,0,1490,1399,12.727838209334498
3,1.5,1660,1.5,0,0,3,7,1660,0,1919,0,2200,3240,13.396960210307455
4,2.5,2680,2.0,0,0,4,8,2680,0,1990,0,2400,7700,12.80353457595571
5,4.75,5305,2.0,0,2,3,11,3745,1560,2005,0,2960,7200,14.808762330974558
3,1.75,1250,1.0,0,0,4,6,1250,0,1971,0,1270,9600,12.594730635321957
4,3.0,2230,1.0,0,0,3,7,1410,820,1978,0,1960,65340,13.038981768465277
3,2.5,2730,2.0,0,0,3,9,2730,0,1998,0,2360,5832,13.815510557964274
3,2.5,2450,2.0,0,0,3,8,2450,0,2010,0,2450,4154,13.399995114002609
3,2.5,1590,2.5,0,0,3,8,1590,0,2004,0,1620,2022,13.270783382522602
3,1.0,1220,1.0,0,0,3,7,1220,0,1954,0,1210,7412,12.310432660854417
3,1.5,1370,2.0,0,0,3,7,1370,0,1980,0,1390,9600,12.542544882151386
3,2.25,1770,1.0,0,0,3,7,1340,430,1978,0,1270,5055,12.398756989359676
2,1.0,940,1.0,0,0,3,6,940,0,1951,0,940,5000,12.524526376648708
4,2.25,1810,2.0,0,0,5,7,1810,0,1976,0,1460,7274,13.091904169919621
4,2.75,3670,2.0,0,3,4,10,3670,0,1986,0,3370,13300,14.01272072725198
3,2.75,2130,2.0,0,0,3,9,1080,1050,2010,0,1880,3132,13.17115354157376
5,3.0,2100,1.0,0,0,3,8,1200,900,2007,0,1270,10200,12.606357693596795
4,2.75,2130,1.0,0,0,3,7,1330,800,1991,0,2090,7628,12.692349396374752
4,2.5,2100,2.0,0,0,3,8,2100,0,1997,0,2060,7324,12.71589776896258
5,2.0,2400,1.0,0,0,5,7,1210,1190,1959,0,1760,9533,12.873902018105829
2,1.0,790,1.0,0,0,3,7,790,0,1951,0,1560,7794,11.77528972943772
3,2.5,1980,2.0,0,0,4,9,1980,0,1989,0,1590,7579,13.560618308335483
6,2.0,2350,2.0,0,1,3,8,2000,350,1905,0,1560,6554,12.89921982609012
6,1.75,2400,1.5,0,0,3,7,1400,1000,1975,0,1980,7500,13.120361374733656
3,1.75,1280,1.5,0,0,4,7,1280,0,1910,0,2010,2640,13.415032991367148
3,2.25,1280,2.0,0,0,3,8,1080,200,2008,0,1280,1681,13.102160670086809
4,3.5,3380,2.0,0,1,3,9,2160,1220,2007,0,2910,11214,13.670484785914017
4,4.75,5310,2.0,0,0,4,11,5310,0,1989,0,4180,47443,14.126664986601197
3,1.75,2590,1.0,0,0,4,8,1590,1000,1971,0,2590,8800,13.091904169919621
3,2.5,1300,2.0,0,0,3,7,1300,0,2005,0,1390,2943,12.644327576461329
5,3.5,4495,2.0,0,0,3,9,3580,915,2013,0,4495,10079,13.676248490630767
2,1.75,1670,1.0,0,0,3,9,1670,0,2005,0,2330,3752,13.244581010128577
4,2.75,3540,2.0,0,0,3,9,3540,0,2014,0,3540,5500,13.69784126583885
4,2.5,3360,2.0,0,0,3,11,3360,0,1990,0,3530,11205,12.948009990259552
2,1.0,810,1.0,0,0,4,6,810,0,1923,0,1140,6695,12.180241885495652
3,2.25,1850,2.0,0,0,3,7,1850,0,1978,0,1870,7480,12.54236629477704
3,2.5,2730,2.0,0,0,3,8,2730,0,2012,0,2130,8932,13.142166004700508
3,1.0,1460,1.0,0,0,4,6,1460,0,1962,0,1060,8563,12.310432660854417
3,2.0,1760,1.0,0,0,5,7,960,800,1920,0,1380,5000,13.351886535682578
3,1.75,1620,1.0,0,0,3,8,1340,280,1962,0,2076,11200,12.604848765487542
3,1.0,680,1.0,0,0,4,6,680,0,1903,0,1470,3600,12.345834587905333
4,1.75,2460,2.0,0,0,4,8,2460,0,1952,0,2760,8918,13.36138027787483
3,1.75,2200,1.0,0,0,4,7,2200,0,1952,0,1690,8038,12.791077667470416
4,1.75,2410,1.0,0,0,3,7,1600,810,1978,0,1850,8400,12.976180867226248
2,1.5,990,3.0,0,0,3,7,990,0,2001,0,1050,1380,12.560244459250788
4,1.5,1890,1.0,0,0,4,7,1890,0,1955,0,1510,6072,12.791077667470416
3,2.5,1600,2.0,0,0,3,8,1600,0,2005,0,1445,1288,12.859699067927835
5,2.5,3190,2.0,0,0,3,8,3190,0,2003,0,2480,7548,13.190022025878143
3,1.75,1430,1.0,0,0,3,7,1430,0,1950,0,1250,8154,12.706847933442663
2,2.5,1370,2.0,0,0,3,8,1080,290,2009,0,1340,1050,12.779873068457553
3,1.75,2010,1.0,0,0,4,8,1500,510,1967,0,1200,8250,12.721885810807203
3,1.75,1440,1.0,0,0,3,8,1440,0,1983,0,2190,11787,13.112313041550827
4,1.75,960,1.0,0,0,5,6,580,380,1949,0,1720,8249,12.449018824140563
3,2.5,1830,2.5,0,0,5,7,1830,0,1954,0,1340,6807,12.994530005894443
3,1.0,860,1.5,0,0,3,7,860,0,1927,0,880,5060,12.676076274775909
5,2.25,4200,2.5,0,0,4,9,2910,1290,1906,0,3060,5800,14.104441849816487
3,1.0,1420,1.0,0,0,4,7,1200,220,1954,0,1630,9763,12.86099861326992
5,2.5,2760,1.0,0,0,4,8,1600,1160,1960,0,460,18000,12.842649474601725
4,2.5,2570,2.0,0,0,3,9,2570,0,2000,0,2470,5669,13.345506928718539
3,1.0,1560,1.5,0,0,3,7,1560,0,1903,0,1660,4500,12.936033799212835
5,4.75,5180,2.0,0,2,3,11,4070,1110,2001,0,3960,15103,13.8878312195439
3,1.0,1510,1.0,0,0,4,6,1510,0,1975,0,1520,14000,12.128111104060462
2,1.0,1160,1.0,0,0,3,7,1160,0,1947,0,1440,9000,12.959844447906553
2,1.0,950,1.0,0,0,3,6,950,0,1958,0,1160,7560,12.345834587905333
3,2.75,2820,2.0,0,0,3,9,2820,0,2008,0,3140,5640,13.526494262499357
2,1.0,960,1.0,0,0,3,7,960,0,1951,0,1630,11656,12.245293358683455
3,2.5,2440,1.0,0,0,3,7,1520,920,1961,0,2440,4880,13.737549016494562
3,2.25,1500,1.0,0,0,3,7,1150,350,1984,0,1500,7210,12.345834587905333
3,1.75,1590,1.5,0,0,4,6,1590,0,1953,0,1800,9975,12.75419405403986
4,2.5,2660,2.0,0,0,3,8,2660,0,1988,0,2850,74052,13.16733674304706
4,2.5,2050,2.0,0,0,3,7,2050,0,2006,0,2480,5447,12.86099861326992
4,2.5,2110,1.0,0,0,4,7,1420,690,1977,0,1890,9600,13.270783382522602
4,2.5,2990,2.0,0,0,3,9,2990,0,2001,0,3160,8339,13.45597438174451
4,2.25,1800,2.0,0,0,3,8,1800,0,2014,0,1650,2752,12.773656603114773
5,4.0,4410,2.0,0,0,3,11,4410,0,2006,0,2720,11454,14.03062193758122
4,2.5,2650,2.0,0,0,3,9,2650,0,2006,0,2650,7932,12.957488734214095
3,1.75,1810,1.0,0,0,4,7,1290,520,1983,0,1550,9081,12.691580461311874
3,1.0,1330,1.5,0,0,3,5,1330,0,1959,0,1350,20562,12.542544882151386
3,1.75,1120,1.0,0,0,3,7,1120,0,1973,0,1250,10414,12.092343880201831
3,1.0,1050,1.0,0,0,3,7,1050,0,1958,0,1340,8498,12.230765258120545
6,3.25,3750,2.0,0,2,5,9,2750,1000,1936,1968,2140,7968,14.034646087880946
5,2.5,3400,1.0,0,0,4,8,1700,1700,1959,0,1890,8475,13.047639831208393
3,1.75,1420,1.0,0,0,3,7,1000,420,1979,0,1550,8640,12.611537753638338
5,3.25,4240,2.0,0,0,3,8,3410,830,1980,0,2980,217800,13.00019574343012
4,2.5,2600,2.0,0,0,3,9,2600,0,2005,0,2470,6041,13.146079904021645
5,1.75,1970,1.0,0,0,5,7,1170,800,1977,0,1910,8025,12.449018824140563
5,3.0,2640,2.0,0,0,3,10,2640,0,2009,0,1610,5217,13.721199878493033
3,2.25,1880,2.0,0,0,3,8,1880,0,1980,0,2180,7344,12.577636201962656
4,2.0,1970,1.5,0,0,5,7,1130,840,1920,0,1500,6480,12.955127458028414
3,4.0,3370,2.0,0,0,3,10,3370,0,2014,0,3710,8252,13.878485357125662
3,1.0,1010,1.0,0,0,3,7,1010,0,1969,0,1300,8236,12.205822614274965
3,1.75,1950,1.0,0,0,3,7,1210,740,1976,0,1900,17250,13.089840185698769
4,2.0,1540,1.0,0,0,3,6,1540,0,1964,0,1390,9688,13.16062208952142
4,2.5,2990,2.0,0,0,3,8,2990,0,2004,0,3140,7875,13.304684934198283
4,2.5,2650,2.0,0,0,3,10,2650,0,1990,0,2710,8012,13.45166712454693
4,2.5,2470,2.0,0,0,3,8,2470,0,2005,0,2240,5123,12.727838209334498
4,3.75,1980,2.0,0,0,3,9,1980,0,2009,0,1480,3840,13.723395269056468
4,2.25,2210,2.0,0,0,4,8,2210,0,1967,0,2040,9000,12.724866438945341
3,1.75,1090,1.5,0,0,5,8,1090,0,1929,0,1640,5225,12.584509081250419
5,1.75,1830,1.5,0,0,3,7,1610,220,1958,0,1790,12743,12.72724456135031
3,1.75,1550,1.5,0,0,4,7,1550,0,1926,0,1510,3889,13.071070083016778
4,4.75,4790,2.0,0,0,3,12,4790,0,1999,0,3830,16314,14.331323723241304
4,2.5,2210,2.0,0,0,3,9,2210,0,1990,0,2440,8799,13.367659733359671
4,2.5,3030,2.0,0,0,3,9,1580,1450,1991,0,2840,7435,13.592241998836913
4,2.25,3920,2.0,0,0,3,10,3120,800,1928,0,3400,7200,14.207552645740298
4,1.5,1370,1.5,0,0,3,7,1370,0,1926,0,2030,3708,13.208541073645382
4,1.5,1540,1.0,0,0,3,7,1160,380,1964,0,1540,7176,12.751299696013497
3,2.0,1200,1.0,0,0,3,7,1200,0,1995,0,1590,9518,12.312232841358565
3,2.5,3316,2.0,0,0,3,9,3316,0,1986,0,3000,11447,13.103384410806527
4,2.5,2030,2.0,0,0,3,8,2030,0,1994,0,1780,3953,13.206704525838079
3,2.5,2830,3.0,0,0,3,10,2830,0,2014,0,1780,5100,13.784999802759252
3,1.0,1380,1.0,0,0,4,7,940,440,1963,0,1240,10112,12.345834587905333
4,2.5,2800,2.0,0,0,3,9,2170,630,1990,0,1430,6240,13.691080479586097
4,1.0,1540,1.0,0,0,3,7,770,770,1971,0,1520,9891,12.537173338349476
4,1.5,1860,1.0,0,0,3,7,1080,780,1953,0,1530,7884,13.017002861746503
4,1.0,1320,1.5,0,0,3,7,1320,0,1929,0,1260,4440,12.86747112777554
3,2.25,1640,1.0,0,0,3,8,1320,320,1987,0,1770,9476,13.270783382522602
2,2.0,1930,1.0,0,0,3,8,1930,0,2006,0,1640,4533,13.233904752137237
3,2.0,1430,1.0,0,0,4,7,1430,0,1964,0,1890,11100,13.023647404465171
3,2.5,2970,1.0,0,0,3,7,1510,1460,1967,0,2390,20300,13.303016877097587
2,1.0,1270,1.0,0,0,4,7,960,310,1920,0,1410,1320,12.779873068457553
3,2.5,2500,1.0,0,0,3,9,1510,990,2013,0,2270,54450,13.38472764187182
5,5.0,4490,2.0,0,0,3,10,3930,560,2013,0,2490,10279,14.403297222866392
4,2.5,2690,2.0,0,0,3,8,2690,0,2004,0,2690,5505,12.71589776896258
3,2.0,1360,1.0,0,0,3,7,1360,0,1952,0,1300,8138,12.577636201962656
4,2.75,2450,2.0,0,2,3,8,2450,0,2010,0,2320,4187,13.507625778194974
2,1.5,880,2.0,0,0,3,7,880,0,1999,0,880,5060,12.423198124518821
4,2.5,2160,2.0,0,0,3,8,2160,0,1994,0,2020,7035,12.691580461311874
3,1.0,1200,1.0,0,0,4,7,1200,0,1959,0,1300,7718,12.301155526776865
2,1.0,670,1.0,0,0,3,6,670,0,1943,0,870,4501,12.429216196844383
4,2.25,2470,1.0,0,0,4,7,1270,1200,1974,0,1900,7350,12.793859310432293
4,4.5,3130,3.0,0,0,3,10,2450,680,2014,0,2540,7784,14.102942599160846
3,2.5,1720,2.0,0,0,3,7,1720,0,1993,0,1570,6587,12.487485104968359
4,3.0,4040,2.0,0,0,3,11,4040,0,1987,0,3930,21887,13.803437976730004
4,3.0,2200,2.0,0,0,3,7,2200,0,1968,0,1780,2250,13.017002861746503
3,1.75,1550,1.0,0,0,3,7,1050,500,1927,0,1560,4000,13.180632285528304
4,2.5,3060,2.0,0,0,3,8,2860,200,2005,0,2950,6822,13.16158409055761
3,1.0,1090,1.0,0,0,4,7,1090,0,1962,0,1300,12000,12.190959007720126
2,1.5,2060,1.0,0,0,3,6,1190,870,1924,0,1430,8781,12.7603599767067
4,2.0,1530,2.0,0,0,3,7,1530,0,1942,1983,1500,8712,12.35017298950393
4,2.5,2460,2.0,0,0,5,8,1620,840,1938,0,2320,5000,13.779883380321124
4,2.0,1770,2.0,0,0,3,7,1630,140,1924,1975,1640,4000,13.011431816697048
4,2.5,2350,2.5,0,0,3,7,2350,0,1999,0,1120,4000,12.89921982609012
2,1.0,900,1.0,0,0,4,6,900,0,1938,0,1440,268765,12.524526376648708
2,1.0,920,1.0,0,0,4,6,920,0,1900,0,1640,5476,12.560244459250788
4,2.25,1740,2.0,0,0,5,8,1740,0,1989,0,1680,9769,12.611537753638338
4,3.0,2130,1.0,0,0,5,7,1440,690,1948,0,1240,6325,13.337474757021274
3,2.25,1940,1.0,0,0,4,8,1100,840,1981,0,2180,8954,12.793720411897448
4,2.75,2640,1.0,0,0,3,8,1620,1020,1967,0,1980,7875,12.676076274775909
3,1.75,1250,1.0,0,0,4,7,980,270,1925,0,1250,4120,13.269920941761944
2,2.0,1370,1.0,0,0,3,7,1020,350,1952,0,1550,5102,13.190022025878143
3,1.75,1400,1.0,0,0,4,7,1400,0,1976,0,1780,10457,12.628067055589549
4,1.5,2040,1.0,0,0,3,7,1190,850,1961,0,1960,10488,12.47227568630483
4,2.5,2480,1.0,0,0,5,7,1510,970,1959,0,1770,15205,13.235692062711331
3,2.5,3430,1.5,0,0,3,10,3430,0,1984,0,3440,35021,13.999913280962053
3,1.0,2000,1.0,0,0,3,7,1680,320,1939,0,2000,10000,13.17115354157376
5,3.0,2540,1.0,0,0,3,8,1270,1270,1962,2014,2090,10741,13.337474757021274
4,3.5,4740,2.0,0,0,3,11,4740,0,2003,0,2120,49658,13.997832114758229
4,1.75,1730,1.0,0,0,4,7,1010,720,1968,0,1620,7210,12.543972434142573
3,2.5,2210,2.0,0,0,4,8,2210,0,1985,0,2260,7224,12.928778628331663
3,2.5,1553,3.0,0,0,3,8,1553,0,2014,0,1509,2431,12.928778628331663
4,3.75,5090,1.0,0,0,3,11,4180,910,2013,0,3030,12752,14.914122846632385
3,2.25,1410,1.0,0,0,3,7,940,470,1980,0,1550,7375,12.388394202324129
4,2.75,3100,2.0,0,0,3,8,2000,1100,1919,1996,2130,3777,13.517778149658993
4,1.75,1690,1.0,0,0,3,7,1190,500,1979,0,1880,9861,12.911642346088676
2,1.0,1210,1.0,0,0,2,6,1210,0,1949,0,1580,6026,12.367340793126296
6,2.75,5700,1.0,0,4,4,10,2850,2850,1977,0,3690,15700,14.141210697603576
4,2.5,3340,2.0,0,0,3,10,3340,0,2010,0,3220,5500,13.460263166016727
6,3.0,2020,1.0,0,0,3,7,1230,790,1994,0,2080,4080,13.304601597392535
4,2.25,2920,1.0,0,0,4,9,1690,1230,1977,0,2710,10681,13.468785944878709
3,3.0,1380,3.0,0,0,3,8,1380,0,2005,0,1390,1140,13.06685066747407
3,1.75,1650,1.0,0,0,4,7,1650,0,1961,0,2830,12600,12.989974189358584
4,2.0,1650,1.0,0,0,3,7,760,890,1951,2013,1480,3504,12.905450375840756
5,1.75,2020,1.0,0,0,3,8,1120,900,1956,0,2020,6552,13.369223455335854
3,1.75,1610,1.0,0,0,3,7,1610,0,1955,0,1610,11200,13.017002861746503
4,1.75,1510,1.0,0,0,5,7,1510,0,1957,0,1480,9176,12.904207367601158
4,1.0,1640,1.5,0,0,5,6,1640,0,1907,0,1590,4816,13.159659162148026
3,1.0,1400,1.5,0,0,3,7,1400,0,1953,0,1590,8433,12.760316889663686
4,2.5,2620,2.0,0,0,3,8,2620,0,2014,0,2030,3944,12.899127321811731
4,2.0,2400,2.0,0,0,3,6,2400,0,1913,1945,1780,8732,12.834681304952548
3,2.25,2480,2.0,0,0,3,8,2480,0,1979,0,2280,9940,12.691580461311874
2,1.0,1740,1.0,0,0,3,8,1740,0,1955,0,1980,5000,13.592367006650065
3,1.0,1230,1.0,0,0,3,7,1230,0,1969,0,1230,10780,12.254862809699606
8,4.0,7710,3.5,0,0,5,12,6090,1620,1904,0,4210,8325,15.009433026436708
4,2.5,3310,2.0,0,0,3,9,3310,0,2004,0,2600,4730,13.596234518176553
3,1.5,1460,1.0,0,0,4,7,980,480,1980,0,1400,8572,12.225875272826354
3,2.5,1639,2.0,0,0,3,8,1479,160,2003,0,1580,1733,13.017002861746503
3,1.75,1710,1.0,0,0,4,7,1110,600,1944,0,920,5000,13.148031124152906
4,3.5,5550,2.0,0,2,4,12,3350,2200,2000,0,2980,19602,15.126542434583618
3,1.5,1900,1.0,0,0,4,7,1500,400,1943,0,1810,5250,13.239612937454568
2,1.0,950,1.0,0,0,3,7,950,0,1942,0,1440,6000,13.106233995474446
2,1.0,1170,1.0,0,0,4,7,970,200,1941,0,2130,6002,13.028052697933088
3,1.0,1810,2.0,0,0,3,7,1810,0,1970,0,1420,9357,12.696185227698622
3,1.5,2260,1.0,0,0,3,7,1200,1060,1940,0,1950,5000,12.994530005894443
4,1.5,2130,2.0,0,0,4,8,2130,0,1920,0,2560,5000,13.526494262499357
5,2.75,2630,1.0,0,0,4,8,1690,940,1976,0,2440,10165,13.112313041550827
4,2.5,2340,2.0,0,0,3,9,2340,0,1993,0,1930,15439,13.197470849891134
3,2.5,1450,1.0,0,0,3,8,1450,0,1984,0,1710,9554,12.89921982609012
2,1.0,1570,1.5,0,0,4,8,1570,0,1914,0,1850,4400,13.814009431838008
3,2.0,1650,2.0,0,0,3,8,1650,0,1945,1986,1730,7104,13.374677306018318
5,4.25,3920,2.0,0,0,3,9,3000,920,2000,0,3000,5297,13.626164386233356
2,1.0,1760,1.0,0,0,3,8,1310,450,1950,0,1350,5748,12.969095641001111
2,1.0,730,1.0,0,0,3,6,730,0,1927,0,790,5040,12.66349749256905
2,1.0,720,1.0,0,0,4,6,720,0,1943,0,1030,5816,12.945626198904275
2,1.0,850,1.5,0,0,1,4,850,0,1950,0,1550,14440,11.918390573078392
4,2.25,3440,2.0,0,0,3,9,3440,0,1982,0,3250,18365,13.493926933836812
4,3.5,3080,2.0,0,0,3,9,3080,0,2003,0,2950,5425,13.504900980868788
3,1.0,1250,1.0,0,0,3,6,1250,0,1965,0,1800,8283,12.323855681186558
4,2.5,2110,2.0,0,0,3,9,2110,0,1987,0,2520,10194,13.314635265051452
3,2.0,1678,1.0,0,0,3,7,1678,0,1994,0,1550,11753,12.774223335915433
3,2.25,2100,2.0,0,0,3,8,2100,0,1983,0,2396,187308,12.988831984779805
3,2.25,2430,2.0,0,0,3,8,1810,620,1989,0,2040,5500,13.581053246749791
4,2.25,2450,2.0,0,0,3,8,2450,0,1976,0,2450,41181,13.142166004700508
4,3.5,4640,2.0,0,0,3,10,4640,0,2007,0,4690,13590,14.052557014447475
3,1.75,1520,1.0,0,0,3,7,1520,0,1975,0,2040,9900,13.180632285528304
2,1.0,2240,1.0,0,0,4,7,1120,1120,1940,0,1390,6000,12.983101310070822
3,2.25,1790,1.0,0,0,3,7,1220,570,1974,0,2040,7950,12.8790171187726
2,1.0,910,1.0,0,0,4,7,910,0,1909,0,1720,3600,13.312983737012978
4,3.25,3160,2.0,0,0,3,9,2280,880,2004,0,3160,5946,13.641157170819497
5,2.75,2060,1.0,0,0,4,7,1220,840,1978,0,1840,8906,12.936033799212835
3,1.75,1890,1.0,0,0,3,8,1890,0,1967,0,1920,6793,13.112313041550827
4,2.25,2130,1.0,0,0,4,7,1380,750,1977,0,2300,8112,12.647869682885728
2,1.0,820,1.0,0,0,3,5,820,0,1937,0,780,7424,11.5376180775606
2,1.75,1550,1.0,0,0,3,7,1050,500,1940,0,1370,5000,12.959844447906553
3,2.5,3050,2.0,0,0,3,10,3050,0,1997,0,3543,12558,13.670484785914017
4,1.0,1430,1.0,0,0,3,6,730,700,1969,0,1310,8240,12.768541502448002
2,2.75,1370,2.0,0,0,3,8,1080,290,2009,0,1370,1090,12.821123140353697
3,2.5,1580,2.0,0,0,3,8,1580,0,2011,0,1380,1500,12.834681304952548
3,1.0,1090,1.5,0,0,4,8,1090,0,1929,0,1570,5080,13.190022025878143
4,2.5,3630,2.0,0,0,3,10,3630,0,1997,0,3370,8869,13.102160670086809
3,3.25,2250,1.0,0,0,3,9,2250,0,2005,0,2760,84070,13.499429010990795
3,1.75,1920,1.0,0,0,4,8,1260,660,1977,0,2360,8048,13.312983737012978
4,2.75,1760,1.0,0,0,3,7,1140,620,1971,0,1800,9222,12.449018824140563
4,3.0,2720,2.0,0,0,3,8,2720,0,1975,2007,2140,173804,13.652991628466498
3,1.0,960,1.5,0,0,4,6,960,0,1927,0,1380,5175,13.033532163697712
3,1.0,1410,1.0,0,0,5,7,1410,0,1960,0,1610,24941,12.745485726148077
3,1.75,2770,1.0,0,0,3,8,1570,1200,1976,0,2340,11400,13.527828485512494
2,2.0,1380,1.0,0,0,3,7,1380,0,1988,0,1810,5035,12.721885810807203
4,2.25,2130,2.0,0,0,4,8,2130,0,1964,0,1910,7653,13.293708243484652
3,2.75,2950,2.0,0,0,3,9,2950,0,2003,0,3340,6667,13.513053199930338
2,1.0,930,1.0,0,0,4,6,930,0,1919,0,1730,9000,12.793859310432293
3,2.0,1670,1.5,0,0,3,8,1670,0,1931,0,1480,4890,13.279367126213993
4,2.75,3650,2.0,0,2,4,9,2530,1120,1951,2003,3140,7894,14.006130917572923
1,1.0,700,1.0,0,0,4,6,700,0,1945,0,1020,5621,12.90793176669214
4,2.75,2340,1.0,0,0,4,7,1310,1030,1974,0,2020,6350,13.37700559577791
3,2.5,1710,2.0,0,0,3,7,1710,0,1990,0,1500,4920,12.936033799212835
4,2.25,2260,1.0,0,0,3,10,2260,0,1984,0,2840,10158,13.567049198665774
3,2.25,1950,1.0,0,0,4,7,1200,750,1987,0,1760,8850,12.468436909997665
3,2.0,2060,1.0,0,0,4,9,2060,0,1988,0,2110,7000,13.260384675301703
3,1.75,1730,1.0,0,0,3,7,1730,0,1959,0,1600,11232,12.608198852372823
3,1.0,2010,1.0,0,0,3,7,1210,800,1967,0,2460,6000,12.765688433465597
2,1.75,1650,1.0,0,0,4,7,1000,650,1959,0,2530,9000,13.415032991367148
5,3.0,2620,2.0,0,0,3,10,2620,0,2009,0,1680,5217,13.790192749979985
4,2.75,2510,1.0,0,0,5,8,2050,460,1976,0,2200,12088,13.46453363514018
4,2.5,4080,2.0,0,2,4,11,4080,0,1983,0,4080,19991,14.643188631481825
3,2.5,2850,1.5,1,4,3,10,1790,1060,1978,0,2850,18782,14.28551418721001
3,2.5,1420,3.0,0,0,3,7,1420,0,2004,0,1420,2509,12.983101310070822
2,1.0,1060,1.0,0,2,4,6,1060,0,1946,0,2240,4416,12.691580461311874
4,1.75,1560,1.0,0,0,5,7,1560,0,1969,0,1510,8848,13.207255844422292
3,1.75,1700,1.0,0,0,3,8,1460,240,1947,0,2010,7000,13.527828485512494
4,2.5,1720,1.0,0,0,3,7,1120,600,1961,0,1520,9400,12.206072645530174
4,2.75,2260,1.0,0,3,3,7,1330,930,2002,0,1790,10860,13.122363377404328
3,2.0,1400,1.0,0,0,5,7,1400,0,1968,0,1270,9375,12.442724546869176
4,2.0,1510,1.0,0,0,5,7,870,640,1901,0,1420,5160,12.92391243868049
4,2.5,2770,2.0,0,0,3,8,2400,370,1993,0,2120,6000,13.437174117244362
4,2.5,3170,1.0,0,0,4,9,1910,1260,1978,0,2590,65340,13.591116224748411
2,1.75,1450,1.5,0,0,4,7,1350,100,1903,0,1310,4000,13.38472764187182
3,2.25,1420,1.0,0,0,3,7,1130,290,1984,0,1730,7419,12.502466658583977
3,2.5,3050,1.0,0,3,3,8,1720,1330,1984,0,2340,7200,13.480037821676145
3,1.75,1600,1.0,0,0,5,7,1600,0,1955,0,1580,9800,13.345506928718539
4,4.5,4650,2.0,0,0,3,11,3640,1010,2008,0,1710,8400,14.375126345899696
3,1.0,1350,1.5,0,0,5,6,1350,0,1914,0,1350,3090,12.89921982609012
3,2.5,2070,2.0,0,0,3,8,2070,0,1997,0,2030,7248,12.691580461311874
2,1.0,800,1.0,0,0,3,7,800,0,1947,0,1490,8550,11.461632170582678
3,1.0,1040,1.0,0,0,4,6,1040,0,1971,0,1580,7405,12.225875272826354
3,2.0,2110,2.0,0,0,5,7,2110,0,1979,0,2690,21010,13.955272500339433
3,2.75,2070,2.0,0,0,3,8,2070,0,1996,0,2190,49658,13.554145793829866
3,2.5,1700,2.0,0,0,3,8,1700,0,1997,0,1940,6626,12.429216196844383
4,3.25,2864,3.0,0,0,3,8,2864,0,2014,0,2419,8984,12.84792653170257
3,1.0,1170,1.0,0,0,4,6,1170,0,1918,0,1280,8160,12.285345826424681
4,2.5,4700,2.0,0,0,3,10,4700,0,1999,0,2870,49658,13.976778705560397
5,3.25,3420,2.0,0,0,3,9,2620,800,2003,0,3310,6006,13.658856747918897
3,3.0,2260,2.0,0,0,3,7,2260,0,1909,1972,1320,2790,13.1470559899947
2,1.0,1560,1.0,0,0,4,7,1130,430,1954,0,1680,10125,12.92391243868049
3,3.25,1380,3.0,0,0,3,7,1380,0,2000,0,1380,1704,12.682306824526545
3,1.75,1560,1.0,0,0,3,7,1560,0,1974,0,2100,205603,12.644327576461329
3,1.0,1440,1.0,0,0,4,7,1000,440,1980,0,1540,7140,13.077366011473593
3,2.25,3050,2.0,0,0,4,9,3050,0,1988,0,2697,10925,12.991115090794375
5,2.25,2060,1.0,0,0,4,7,1320,740,1961,0,2050,8800,13.141185131644917
2,1.0,1030,1.0,0,0,3,7,1030,0,1925,0,1510,5000,12.628067055589549
4,2.5,4500,1.0,0,0,3,13,4500,0,1988,0,4760,35200,14.665661487333884
6,1.5,1680,1.5,0,0,2,7,1680,0,1911,0,1890,5500,13.336667980051335
2,1.0,900,1.0,0,0,3,6,900,0,1951,0,860,4500,12.427214194173711
4,1.75,2020,1.0,0,0,3,7,1620,400,1959,0,1870,4000,12.891691559669328
3,2.5,2500,2.0,0,0,3,9,2500,0,1990,0,2790,7642,13.244581010128577
8,6.0,4340,2.0,0,0,3,8,4340,0,1967,0,2050,9100,14.580978400103845
3,3.25,2660,2.0,0,0,3,9,2170,490,2003,0,2660,4000,13.726679344257658
3,1.0,1020,1.0,0,0,4,7,880,140,1928,0,1580,5376,13.132313708257497
2,1.0,900,1.0,0,0,5,6,900,0,1930,1990,1150,5000,12.254862809699606
3,2.0,1380,1.0,0,0,3,7,1380,0,1948,0,1740,5640,13.369223455335854
4,2.75,4600,1.0,0,4,3,10,2400,2200,1989,0,3740,114562,13.592367006650065
2,2.5,1170,2.0,0,0,3,8,1170,0,2008,0,1350,1407,12.691580461311874
4,2.25,3750,2.0,0,0,5,8,2440,1310,1924,0,2170,4590,14.085537695177335
2,1.0,910,1.0,0,1,4,7,830,80,1936,0,1700,7200,13.005829561148378
4,2.5,3056,2.0,0,0,3,9,3056,0,2014,0,2849,8607,13.169676260454946
3,2.25,2420,1.5,0,0,5,7,1640,780,1947,0,1560,5304,13.454540689742661
4,2.5,2450,1.5,0,0,4,8,1490,960,1930,0,2000,4080,13.583578500616985
4,2.5,2310,2.0,0,4,4,8,2010,300,1928,0,2530,5960,13.733215315237445
3,1.75,1620,2.0,0,0,4,7,1620,0,1953,1975,2190,21518,12.821258284620408
2,1.0,1270,1.0,0,0,4,6,1270,0,1941,0,1580,9095,12.873902018105829
4,2.5,1714,2.0,0,0,3,8,1714,0,2010,0,1714,3250,12.628067055589549
3,2.75,2030,1.0,0,0,5,8,1400,630,1965,0,1780,8160,13.373900003219756
3,2.25,1190,1.0,0,0,3,7,1190,0,1984,0,1630,14405,13.005829561148378
3,1.5,1170,1.0,0,0,3,7,1170,0,1960,0,1550,8605,12.415117272464881
3,1.75,2310,1.0,0,2,3,8,1580,730,1983,0,2000,14000,13.16158409055761
3,3.5,2690,2.0,0,0,3,8,2690,0,1948,1990,2300,81698,13.560618308335483
4,2.5,2100,1.5,0,0,3,6,2100,0,1914,0,1340,12300,12.821258284620408
4,3.0,2040,1.0,0,0,3,8,1490,550,1994,0,1940,7145,12.556729517143344
1,1.0,790,1.0,0,0,3,6,790,0,1953,0,1110,4100,12.886641043883259
4,2.5,2250,2.0,0,0,3,8,2250,0,1991,0,2110,9964,13.258029988825863
3,2.5,2820,1.0,0,3,3,9,1780,1040,1979,0,2300,7200,13.465953081794405
2,2.25,1010,2.0,0,0,3,8,710,300,2006,0,1140,1531,13.036805489042683
4,2.5,2506,2.0,0,0,3,8,2506,0,2007,0,2441,7220,12.765688433465597
4,2.5,3110,2.0,0,0,3,8,3110,0,2001,0,2950,5924,12.899094818276968
3,2.0,1553,1.0,0,0,3,7,1553,0,1900,2001,1010,10546,12.388394202324129
3,3.25,1530,2.0,0,0,3,8,1140,390,2013,0,1450,1198,12.676076274775909
3,2.25,3280,1.0,0,0,3,10,3280,0,2001,0,1860,24008,13.37700559577791
4,2.5,1934,2.0,0,0,3,8,1934,0,2013,0,1919,5049,12.542544882151386
3,2.0,2370,2.0,0,0,4,7,2370,0,1970,0,1380,12196,13.102160670086809
2,1.0,1150,1.0,0,0,3,6,1150,0,1920,0,1100,11400,12.447056114972714
6,1.0,1370,1.5,0,0,3,6,1120,250,1931,0,1020,5080,12.936033799212835
5,2.5,2340,2.0,1,4,3,8,2340,0,1959,0,2200,3230,13.764164630612687
3,1.75,1220,1.0,0,0,4,7,1220,0,1964,0,1340,7200,13.45597438174451
4,2.5,2540,2.0,0,0,3,8,2540,0,2009,0,3010,4929,13.482831119581757
3,1.0,1700,1.0,0,0,3,6,1700,0,1955,0,1500,7980,11.911701584927597
2,1.0,830,1.0,0,0,3,6,830,0,1922,0,1310,2793,12.524526376648708
3,2.5,2030,1.0,0,0,3,8,2030,0,1988,0,2040,7130,13.240146413060712
2,1.0,670,1.0,0,0,3,6,670,0,1926,0,850,5140,12.117241431823558
4,2.5,2060,1.0,0,0,3,7,1260,800,1968,0,1610,10714,12.505992035646432
3,3.0,2800,1.0,0,0,3,9,1580,1220,1953,2010,2580,5800,13.843125724997247
4,2.0,2200,1.0,0,0,3,6,1100,1100,1944,0,1330,6099,12.230765258120545
1,1.0,810,1.0,0,1,3,7,590,220,1936,0,1920,5000,12.449018824140563
2,1.0,940,1.0,0,0,3,6,940,0,1941,0,1900,6145,12.449018824140563
4,3.0,3150,2.0,0,0,3,9,3150,0,2001,0,3150,9318,13.465953081794405
3,2.5,1800,2.0,0,0,3,8,1800,0,1989,0,1800,4659,13.15676480412166
4,2.25,2030,2.0,0,0,4,8,2030,0,1983,0,1950,8750,13.269057756555132
3,3.5,1460,2.0,0,0,3,8,1150,310,2006,0,1460,1245,13.253391639810733
3,2.0,1130,2.0,0,0,3,6,1130,0,1996,0,1900,14907,12.736700896592344
3,1.0,1010,1.0,0,0,3,7,1010,0,1968,0,1120,7200,12.757080058928997
4,1.75,2220,1.0,0,0,3,7,1110,1110,1959,0,1950,8100,13.173056491719846
3,1.75,2230,1.0,0,0,3,8,1630,600,1968,0,1730,9450,12.736700896592344
4,2.25,2870,1.0,0,0,4,8,1480,1390,1977,0,2930,9850,13.698976741708323
4,2.5,2160,2.0,0,0,3,7,2160,0,2003,0,2160,5257,12.736700896592344
4,3.5,3906,2.0,0,2,3,9,3906,0,2014,0,2673,6500,13.217582643985264
4,2.5,2790,2.0,0,0,3,10,1930,860,1925,2000,2320,5450,13.963930563082547
3,1.0,1620,1.0,0,0,3,7,1120,500,1964,0,1790,6178,12.71589776896258
3,1.0,1270,1.5,0,0,3,7,1270,0,1926,0,1270,4175,13.199324418540456
6,4.75,5540,2.5,0,2,4,11,3950,1590,1909,0,2930,7200,14.782494404153947
5,2.5,2732,1.0,0,2,4,8,1870,862,1975,0,2720,10000,13.081541382884074
4,2.5,1970,2.0,0,0,3,7,1970,0,2007,0,1970,5361,12.758519943986984
3,2.0,1340,2.0,0,0,5,7,1340,0,1905,0,1120,3000,13.215853720491667
3,2.25,2110,2.0,0,0,4,8,2110,0,1978,0,1860,11319,13.079455876393052
3,1.0,1540,1.0,0,0,4,7,1540,0,1909,0,1220,7740,12.860868734706196
4,2.5,2340,1.0,0,2,3,8,1590,750,1964,0,2110,10856,13.413165577192354
3,2.5,1460,2.0,0,0,3,8,1460,0,1983,0,1910,7668,13.017002861746503
3,1.75,1320,1.0,0,0,4,7,1320,0,1977,0,1750,7260,12.717398144337816
4,2.5,2710,2.0,0,0,3,9,2710,0,2003,0,2710,6583,13.235692062711331
4,1.75,1840,1.0,0,0,3,7,1210,630,1990,0,1620,9331,12.524162674153336
4,3.0,2520,2.0,0,0,3,7,2520,0,2002,0,2510,5015,13.122363377404328
3,2.5,2080,2.0,0,0,3,8,2080,0,1978,0,2320,9900,13.102160670086809
3,2.0,2040,1.0,0,0,4,7,1020,1020,1925,0,1640,4800,13.270783382522602
3,2.5,1020,2.0,0,0,3,7,720,300,2004,0,1060,1478,12.323855681186558
3,1.5,1810,1.5,0,0,4,8,1310,500,1929,0,1400,3880,13.279367126213993
4,3.5,2440,3.0,0,1,3,8,2440,0,2005,0,1860,4650,13.384650715836164
3,1.5,1180,1.0,0,0,4,7,1180,0,1977,0,1630,7500,12.170445467887022
4,2.0,2450,2.0,0,4,5,8,2200,250,1919,0,2360,6090,13.784019890872903
2,1.0,750,1.0,0,0,3,7,750,0,1908,1995,1630,2383,12.821258284620408
3,2.25,1440,1.0,0,0,3,7,940,500,1982,0,1440,8418,12.425208175446844
3,2.0,1990,1.0,0,0,3,7,1990,0,1949,0,2760,217800,12.4130868149145
3,2.5,1740,2.0,0,0,3,7,1740,0,1990,0,1260,6825,12.474189562487116
3,1.0,1190,1.0,0,0,5,6,1190,0,1961,0,1660,8450,12.674512552799726
3,1.0,990,1.0,0,0,4,7,840,150,1924,0,990,4500,12.896716695872
3,2.5,2160,2.0,0,0,3,9,2160,0,1986,0,2470,7941,13.53579665516167
5,2.5,2340,2.0,0,0,4,10,2340,0,1922,0,2350,6000,13.897090544956697
3,2.5,2510,2.0,0,0,3,9,2510,0,2003,0,2470,4106,13.458764182902971
3,1.0,1370,1.0,0,0,3,7,1370,0,1948,0,1550,6898,12.785491060761776
4,1.75,1420,1.5,0,0,4,7,1420,0,1945,0,1490,5000,13.190022025878143
5,3.25,2360,2.0,0,0,3,8,1990,370,2006,0,1720,3071,13.25321618582309
3,2.5,1940,2.0,0,0,4,9,1940,0,2000,0,1410,4000,13.601078947252086
4,2.25,2480,1.0,0,0,4,8,1900,580,1975,0,2640,9780,13.481435445942783
2,2.0,1360,1.0,0,0,3,7,780,580,1944,0,1340,4750,13.098070684835283
4,2.75,3170,2.0,0,0,3,10,3170,0,1992,0,2940,7846,13.527828485512494
3,2.0,1540,1.0,0,0,5,6,1540,0,1954,0,1250,8316,12.218495165528731
3,2.25,1820,1.0,0,0,4,7,1450,370,1987,0,1860,8236,12.524526376648708
3,2.0,1670,1.0,0,0,3,7,1100,570,1988,0,1660,15593,12.691580461311874
3,2.5,2390,2.0,0,0,3,9,2390,0,2006,0,2540,4500,13.45166712454693
2,1.75,1530,1.0,0,0,3,8,1020,510,1952,0,1870,5029,13.459092723827126
7,4.25,4670,2.0,0,2,3,11,4670,0,1992,0,3240,13912,14.71159858252091
4,2.0,1890,1.5,0,0,3,7,1490,400,1907,1993,1640,4010,13.5985975564007
3,1.0,1010,1.0,0,0,5,6,1010,0,1969,0,1510,9600,12.487485104968359
3,2.25,1410,2.0,0,0,3,7,1290,120,2005,0,1490,1435,12.84660987581782
3,1.0,1200,1.0,0,0,4,7,1200,0,1952,0,1330,8650,12.819906019370393
3,1.0,1720,1.0,0,0,4,7,1720,0,1954,0,1870,8640,12.899094818276968
3,2.5,1760,3.0,0,0,3,8,1640,120,2006,0,1760,5400,13.317930160948304
4,2.5,2730,2.0,0,0,3,9,2730,0,1991,0,3090,10740,13.53579665516167
5,2.5,2950,2.0,0,0,3,8,2950,0,2006,0,1480,56192,13.303016877097587
4,2.5,2220,2.0,0,0,3,7,2220,0,2001,0,2220,5338,12.821258284620408
4,2.75,2880,1.5,0,0,5,9,1710,1170,1928,0,1640,5750,13.732128949025222
2,2.0,1651,1.0,0,0,3,6,1651,0,1946,0,1510,89595,12.560244459250788
1,0.75,840,1.5,0,0,3,6,840,0,1949,0,1560,8603,11.728036844587175
3,1.0,990,1.0,0,0,4,7,990,0,1966,0,1260,9060,12.323855681186558
2,2.0,1250,1.0,0,0,3,7,1250,0,1957,0,1250,3360,13.122363377404328
3,1.0,1690,1.5,0,0,4,7,1690,0,1913,0,1700,15899,12.388394202324129
3,2.25,1570,1.0,0,0,3,7,1180,390,1991,0,1540,8410,12.437184366493561
4,2.0,2560,1.0,0,0,5,8,1280,1280,1957,0,1830,8169,13.222434931128545
3,3.5,1560,2.0,0,0,3,8,1240,320,1995,0,1560,1662,13.345506928718539
2,1.75,3490,1.0,0,3,3,10,2320,1170,1980,0,3490,40185,13.766320313773502
3,2.25,1740,1.0,0,0,3,7,1210,530,1998,0,1740,7500,12.493129522588037
3,3.0,1370,3.0,0,0,3,8,1370,0,2009,0,1399,1151,12.697715449879391
4,2.75,2110,2.0,0,0,4,8,2110,0,1991,0,2100,7280,12.691580461311874
3,1.75,2519,2.0,0,0,5,8,2519,0,1973,0,2500,9500,13.132313708257497
4,2.25,3180,2.0,0,0,3,10,3180,0,1984,0,2840,10739,13.493926933836812
4,3.0,3230,2.0,0,0,3,9,3230,0,1999,0,1600,144619,13.764217263576723
5,3.5,5230,2.0,0,0,3,11,4450,780,2014,0,2310,9603,14.502388125510624
3,2.25,2540,2.0,0,0,3,8,2540,0,1991,0,2140,7531,12.487485104968359
3,1.75,1740,1.0,0,0,3,7,1740,0,1959,0,1810,7735,12.736700896592344
4,3.5,3420,2.0,0,0,3,9,3420,0,2004,0,3580,49223,13.428376406540833
4,1.75,1850,1.0,0,0,3,7,1140,710,1960,0,2210,9240,12.66032791780777
3,2.25,2280,2.0,0,2,3,8,2280,0,1984,0,1920,6150,13.399995114002609
4,2.5,3260,1.0,0,0,3,8,1960,1300,1978,0,1802,7249,13.195613839143922
3,1.0,1120,1.0,0,0,4,7,1120,0,1966,0,1320,10500,12.793859310432293
3,1.0,1480,1.0,0,0,3,7,970,510,1963,0,2020,7920,12.72635342806692
4,2.5,2540,2.0,0,0,3,9,2540,0,1999,0,3640,5129,13.353475098367715
3,2.5,2520,3.0,0,0,3,9,2520,0,1990,0,1130,5000,13.199324418540456
3,2.0,1760,1.0,0,0,3,7,1760,0,1998,0,2590,6255,12.594730635321957
3,2.5,2070,2.0,0,0,3,8,2070,0,1999,0,2090,3986,12.956780936614651
2,2.0,1300,1.0,0,0,3,7,1300,0,2004,0,1510,3608,12.345834587905333
3,2.5,2200,2.0,0,0,3,9,2200,0,1997,0,2320,6098,13.314635265051452
5,3.25,5370,2.0,0,0,3,10,3850,1520,1918,2008,2410,12047,14.914122846632385
4,2.25,2920,2.0,0,0,4,9,2920,0,1998,0,2310,184694,13.514405465180353
4,1.75,2160,1.0,0,0,4,8,1260,900,1942,0,1670,4426,13.017002861746503
3,1.0,1250,1.0,0,0,4,6,1250,0,1927,0,1300,10094,12.449018824140563
3,1.0,1360,1.0,0,0,4,5,1360,0,1953,0,1250,6708,12.441934969252157
3,1.0,890,1.0,0,0,4,6,890,0,1954,0,1850,5565,12.553202176625375
4,2.5,3490,2.0,0,0,3,8,3490,0,2003,0,2910,5025,12.676076274775909
5,3.5,3150,1.0,0,0,5,9,1620,1530,1974,0,3150,11807,13.304684934198283
2,1.0,910,1.0,0,0,3,6,910,0,1910,0,1480,6050,12.524526376648708
3,2.5,2820,2.0,0,0,3,11,2820,0,1991,0,2820,12600,13.487006490992238
4,1.0,1520,1.0,0,0,2,5,1520,0,1948,0,1740,84506,12.80765263256463
3,2.5,3020,2.0,0,0,3,8,3020,0,2003,0,2980,10029,13.151922179645874
2,1.0,770,1.0,0,0,3,6,770,0,1953,0,1290,8407,12.502466658583977
3,2.25,1830,1.0,0,0,4,7,1400,430,1977,0,1960,7272,12.449018824140563
2,1.75,1180,1.0,0,0,3,8,1180,0,1941,2004,1480,56192,12.647548191161372
3,2.25,1760,1.0,0,0,3,7,1190,570,1990,0,2260,20747,12.945626198904275
3,1.0,1290,1.0,0,0,4,7,1290,0,1956,0,1760,14460,12.799399490807907
4,2.0,2500,1.0,0,0,3,7,1540,960,1972,0,1960,36900,12.815838217151068
3,2.5,1970,2.0,0,0,4,8,1970,0,1990,0,2640,9636,12.904207367601158
5,2.5,2500,1.0,0,0,3,8,1300,1200,1966,0,2090,8568,13.06155123800757
4,2.0,2990,1.5,0,2,4,7,1960,1030,1948,0,2500,10680,13.287877815881902
4,2.5,2330,2.0,0,0,4,8,2330,0,1978,0,2210,12823,13.203943364396752
3,1.75,1800,1.0,0,0,3,6,1470,330,1984,0,1440,7483,12.506177237980511
3,1.0,980,1.0,0,0,3,7,980,0,1955,0,1780,9135,12.128111104060462
5,4.5,3540,2.0,0,0,4,8,2940,600,1926,0,1290,12040,13.468785944878709
3,3.0,2430,1.0,0,0,4,8,2150,280,1983,0,1670,9800,12.513557345278134
3,1.5,1510,1.5,0,0,3,7,1510,0,1947,0,1360,2873,12.345834587905333
2,2.0,1880,1.5,0,0,3,8,1880,0,1902,0,1590,5400,13.530159100850776
4,2.25,1660,1.0,0,0,3,8,1660,0,1965,2014,1790,7455,13.321214236149494
3,1.5,1320,1.0,0,0,3,7,1320,0,1957,0,1720,8100,12.928778628331663
3,2.5,1870,2.0,0,0,3,7,1870,0,2004,0,1720,1852,12.577463773304586
3,1.0,900,1.0,0,0,4,6,900,0,1959,0,1000,7830,12.097930486910471
5,3.75,4590,2.0,0,0,4,11,3450,1140,1927,0,3870,8996,14.914122846632385
3,1.75,1550,1.0,0,0,3,7,1100,450,1949,0,1560,7440,13.023647404465171
4,2.5,2480,1.0,0,2,4,7,1470,1010,1973,0,2540,91911,13.112313041550827
3,1.75,1680,1.5,0,0,3,7,1680,0,1916,0,1680,5100,13.208541073645382
3,1.75,1630,3.0,0,0,3,8,1630,0,2014,0,1570,1274,13.319573546692034
3,2.5,2320,2.0,0,0,3,8,2320,0,2003,0,2590,4000,13.304684934198283
3,2.5,2410,2.0,0,0,3,7,2410,0,2007,0,2190,5900,13.017002861746503
3,2.5,1600,1.0,0,0,3,7,940,660,1983,0,1600,10507,12.993392996107369
2,2.0,1470,1.5,0,0,3,7,1470,0,1986,0,1470,2052,12.384218830913648
4,2.5,1812,2.0,0,0,3,8,1812,0,2011,0,2440,6007,12.821258284620408
3,1.5,1390,1.0,0,0,3,7,1390,0,1967,0,1390,7665,11.998433280751929
3,1.0,1140,1.0,0,0,3,7,1140,0,1962,0,1340,6650,12.641096555879882
5,1.75,1550,1.0,0,0,3,7,1030,520,1978,0,1550,6986,12.671377753994355
4,2.5,2500,2.0,0,0,3,9,2500,0,2013,0,2760,6000,13.262125319779487
3,2.0,1670,1.0,0,0,3,7,1170,500,1972,0,1500,7875,12.957488734214095
2,1.0,1240,1.0,0,0,3,6,960,280,1922,1984,1820,7460,12.354492650648448
3,2.5,1360,2.0,0,0,3,7,1360,0,1994,0,1360,7050,12.384218830913648
2,1.5,982,2.0,0,0,3,8,806,176,2006,0,1010,3844,12.429216196844383
3,1.0,1310,1.5,0,0,3,7,1310,0,1906,0,1530,4800,13.304684934198283
4,2.5,2070,2.0,0,0,3,7,2070,0,2006,0,2170,9715,12.476099782743233
3,1.75,1540,1.0,0,0,5,8,1540,0,1967,0,1330,11508,12.890305208700545
3,1.5,1320,2.0,0,0,3,7,1320,0,1986,0,1230,5250,12.502466658583977
4,1.5,1920,2.0,0,1,3,7,1920,0,1951,0,1920,6000,12.91410843858387
3,3.25,2960,2.0,0,0,3,10,2960,0,1989,0,2960,56628,13.507625778194974
3,2.5,4110,2.0,0,0,3,7,4110,0,1976,0,2710,8865,13.846039762999096
4,2.5,2290,2.0,0,0,4,8,2290,0,1977,0,2290,9120,13.399995114002609
3,1.75,1380,1.0,0,0,3,7,1380,0,1967,0,1540,8400,12.527793760205377
4,1.5,1370,1.0,0,0,3,7,900,470,1972,0,1510,8088,12.821258284620408
2,1.0,1640,1.0,0,0,4,7,940,700,1926,0,2054,5515,13.266463721378086
3,1.5,1780,1.0,0,0,3,7,1780,0,1954,0,2740,133419,13.373900003219756
4,2.0,1880,2.0,0,0,3,8,1880,0,1978,0,1750,14858,12.917042553500947
3,2.25,2380,2.0,0,0,5,9,1650,730,1931,0,2000,6000,13.694472229587218
3,1.0,1180,1.0,0,0,3,7,1180,0,1955,0,1340,5650,12.309982108920686
4,2.5,2370,2.0,0,0,5,8,2370,0,1966,0,2370,10133,13.440089571204487
2,1.0,1000,1.0,0,2,3,7,1000,0,1939,0,1570,6350,12.891691559669328
2,2.0,1070,2.0,0,0,3,9,720,350,2008,0,1070,928,12.468244583811861
4,2.0,1990,1.0,0,0,3,9,1260,730,1956,2015,1770,6000,13.67911793305872
3,1.75,1800,1.0,0,0,3,7,1300,500,1972,0,1800,8100,13.122363377404328
4,2.75,4030,2.0,0,2,3,8,3310,720,1943,1994,2490,7680,13.635187003832993
3,2.0,1300,1.5,0,0,5,7,1300,0,1933,0,1480,9670,12.567237494741757
7,6.75,7480,2.0,0,2,3,11,5080,2400,1953,0,2810,33190,13.592367006650065
4,2.0,1760,1.0,0,1,3,7,780,980,1925,2004,1510,5500,12.560244459250788
3,2.5,1090,1.0,0,0,4,7,1090,0,1957,0,1740,7700,12.886514453592564
4,2.5,2080,2.0,0,0,3,8,2080,0,2001,0,2170,5518,13.306350213517344
2,1.0,1000,1.0,0,2,4,7,1000,0,1916,0,1830,4959,13.091801071821688
3,1.0,1200,1.0,0,0,3,6,1200,0,1977,0,1200,7420,12.254862809699606
3,1.0,960,1.0,0,0,5,6,960,0,1982,0,1080,8610,12.292250341771226
1,1.0,1660,1.0,0,0,4,7,830,830,1908,0,1100,5356,13.39239051461739
3,2.0,2160,1.0,0,0,3,8,2160,0,1951,0,2260,9787,13.989463865087712
4,1.0,1820,1.5,0,0,3,8,1820,0,1923,2014,1820,5400,13.825460888817442
4,2.5,2660,2.0,0,2,3,9,2660,0,2003,0,3620,5500,13.532999094842712
4,2.5,2650,2.0,0,0,3,10,2650,0,1987,0,2650,11585,13.418757390458131
2,1.75,1990,1.0,0,0,5,7,1090,900,1952,0,1270,5700,13.345506928718539
4,2.5,3362,2.0,0,0,3,8,3362,0,2004,0,2770,8601,12.92513120787462
4,1.75,2120,2.0,0,0,3,8,2120,0,1971,2002,1820,7620,12.894081648233996
2,1.5,720,1.0,0,0,4,6,720,0,1942,0,790,4346,12.567237494741757
4,3.5,3930,2.0,0,1,3,9,2820,1110,2013,0,3700,5816,13.62791511866761
5,3.0,2970,2.0,0,0,3,9,2970,0,2000,0,2970,6588,13.42984807715229
4,3.5,3990,2.0,0,3,3,9,2930,1060,2007,0,1980,11328,13.319573546692034
4,2.5,3190,2.0,0,0,3,9,3190,0,1988,0,2560,36280,13.547631112808673
4,2.5,2330,2.0,0,0,3,8,2330,0,1998,0,2430,8175,13.062613372998555
3,2.0,2500,1.0,0,0,3,8,1770,730,1979,0,1770,6343,13.437174117244362
5,3.25,3500,2.0,0,0,3,11,3500,0,2001,0,3500,11734,13.787933790194039
3,3.25,1410,3.0,0,0,3,8,1410,0,2005,0,1410,1253,12.969212197910155
3,1.0,1220,1.0,0,0,4,7,1220,0,1965,0,1320,7200,13.010313873595706
4,1.75,2320,1.0,0,0,4,8,2270,50,1973,0,2120,9880,12.672595222939254
6,2.5,2420,1.0,0,2,4,7,1420,1000,1965,0,1630,11662,12.837344422372032
4,2.5,2920,2.0,0,0,3,9,2920,0,2003,0,2920,8943,13.152892582439152
3,2.5,2170,2.0,0,0,3,9,2170,0,1994,0,2390,8100,12.873773804758644
4,2.5,2630,2.0,0,0,3,7,2630,0,2010,0,2770,5939,12.86099861326992
3,1.5,1280,1.5,0,0,4,5,1280,0,1932,0,1590,16317,12.538967060803502
2,1.0,970,2.0,0,0,3,7,790,180,2007,0,1150,1351,12.621025931510646
4,1.5,1740,1.5,0,0,4,7,1400,340,1946,0,1600,8160,13.151922179645874
3,1.0,1860,1.0,0,0,3,8,1470,390,1954,0,1770,6175,13.038981768465277
2,1.5,1070,2.0,0,0,3,8,1000,70,2005,0,1170,1888,12.903585283599758
4,2.5,2460,2.0,0,0,3,8,2460,0,2006,0,2510,4399,13.112313041550827
3,2.5,2120,2.0,0,0,3,7,2120,0,2004,0,1690,2650,13.262125319779487
2,2.5,2680,1.0,0,0,3,9,2680,0,2006,0,2305,6908,13.742939865129438
3,2.5,1800,2.0,0,0,3,7,1800,0,1996,0,2106,5618,13.151922179645874
4,3.25,3480,3.0,0,0,3,8,3480,0,2014,0,2200,4080,14.430696197054507
4,1.75,1640,1.0,0,0,4,7,1010,630,1968,0,1680,7650,12.904207367601158
4,2.5,2280,2.0,0,0,3,8,2280,0,1986,0,2140,8780,13.244581010128577
4,2.5,2430,1.0,0,0,3,7,1450,980,1989,0,2000,38159,13.102160670086809
3,2.5,1940,2.0,0,0,3,8,1940,0,1990,0,1940,7131,12.688498794774466
3,1.0,1700,1.5,0,0,4,8,1700,0,1906,0,1610,4180,13.592367006650065
5,2.0,1680,1.0,0,0,3,5,840,840,1906,0,1380,1260,12.84792653170257
3,1.0,1030,1.0,0,0,4,7,1030,0,1963,0,1270,8400,12.965007566628122
3,1.0,1170,2.0,0,0,4,6,1170,0,1969,0,1090,3330,12.170186366965766
3,1.0,1210,1.5,0,0,4,7,1210,0,1910,0,1160,5000,12.994530005894443
4,1.75,2780,1.0,0,0,3,9,1560,1220,1964,0,2350,11700,13.676248490630767
4,2.0,2670,1.5,0,0,4,9,1780,890,1930,0,1820,4000,13.353475098367715
7,2.75,2310,1.5,0,0,3,6,2310,0,1915,0,1340,3825,13.270783382522602
2,1.0,910,1.5,0,0,3,6,910,0,1900,0,1190,1208,13.304684934198283
4,2.25,2060,1.0,0,0,4,8,1320,740,1962,0,2060,9676,13.232114241363448
4,2.25,2150,2.0,0,0,5,8,2150,0,1976,0,2200,11923,12.92391243868049
4,1.5,1360,1.0,0,0,3,7,1010,350,1955,0,1520,6110,12.999065161059836
3,1.0,880,1.0,0,0,4,5,880,0,1924,0,980,4838,12.4529327234617
4,5.5,7080,2.0,0,0,3,12,5760,1320,2008,0,3140,15996,15.201804919084164
4,1.75,1720,2.0,0,0,3,7,1720,0,1956,0,1350,10205,12.367340793126296
3,2.5,1810,2.0,0,0,3,7,1350,460,1997,0,1600,1525,13.09704556942004
3,1.0,1250,1.0,0,0,3,6,1250,0,1970,0,1250,17920,12.467956025160314
4,1.5,1930,2.0,0,0,3,7,1930,0,1979,0,1580,7800,12.524526376648708
2,1.0,1020,1.0,0,0,3,7,1020,0,1978,0,1520,9600,12.621488084491506
4,2.25,2000,1.0,0,0,3,7,1350,650,1960,0,1650,8875,12.706847933442663
4,2.5,2820,2.0,0,0,3,9,2820,0,1998,0,3330,27653,13.208541073645382
2,3.0,3160,2.0,0,0,3,7,3160,0,1993,0,3140,38790,13.287708309991167
2,2.5,1360,2.0,0,0,3,6,1360,0,2003,0,1360,2693,12.323855681186558
3,0.75,1240,1.0,0,0,3,7,1240,0,1947,0,1210,7200,12.771386454580234
4,3.0,2780,1.5,0,0,5,7,1710,1070,1919,0,1150,5000,13.422467969854667
4,2.25,3220,2.0,0,0,4,8,3220,0,1976,0,2570,7700,12.793856532650658
4,3.75,2890,2.0,0,0,3,9,2240,650,2013,0,2354,3207,13.9108207377686
3,2.25,2190,1.0,0,1,4,8,1240,950,1963,0,3500,7149,13.199231821660906
3,2.0,1860,1.5,0,0,3,8,1860,0,1939,2006,1620,9519,12.821258284620408
3,2.5,1620,2.0,0,0,3,8,1620,0,1987,0,1650,5250,12.388394202324129
3,1.75,2100,1.5,0,0,3,8,2100,0,1916,0,1830,4200,13.458835614025542
3,1.0,1050,1.0,0,0,4,7,1050,0,1960,1981,1610,27600,12.569510171578267
2,2.5,2410,1.0,0,0,3,7,1550,860,1978,0,1840,8800,12.567237494741757
3,2.25,2010,1.0,0,0,3,8,1330,680,1975,0,2080,8260,13.253391639810733
4,2.75,2150,1.0,0,0,4,8,1220,930,1979,0,2060,9830,13.060487973686241
4,2.0,1600,1.0,0,0,5,7,1600,0,1938,0,1260,8306,12.782686009834167
3,2.5,1570,3.0,0,0,3,8,1570,0,2008,0,1570,1705,12.935913310026594
5,4.25,4660,2.0,0,2,3,11,4660,0,2005,0,3340,16200,14.786706055007715
4,3.0,3510,2.0,0,0,4,9,3510,0,1976,0,3000,13209,13.785051350479566
4,2.5,2320,2.0,0,0,3,7,2320,0,2010,0,2150,4140,12.736700896592344
3,1.0,1240,1.0,0,0,4,7,1240,0,1952,0,2220,16533,12.873902018105829
6,2.5,2590,1.0,0,0,4,8,1390,1200,1978,0,2270,8360,12.611537753638338
2,2.25,2320,1.5,0,4,5,9,1920,400,1937,0,2790,9300,13.955272500339433
4,4.25,4250,2.0,0,3,4,10,2870,1380,2008,0,3640,8841,14.71159858252091
3,1.5,1952,1.0,0,0,4,7,1652,300,1960,0,1400,8712,12.508027377268673
3,1.75,1540,1.0,0,0,3,7,1250,290,1944,0,1760,6930,13.353475098367715
3,2.5,2100,2.0,0,0,3,8,2100,0,1999,0,2100,4700,13.060487973686241
3,1.75,1390,1.0,0,0,4,7,1390,0,1978,0,1400,9697,12.506177237980511
3,1.5,1870,2.0,0,2,3,7,1870,0,1906,0,1820,2460,13.74616047982948
3,2.5,2670,2.0,0,0,3,8,2670,0,1986,0,2400,8999,13.51979631381523
4,2.5,2770,1.0,0,0,4,8,1600,1170,1961,0,2730,18429,12.672005500405428
3,2.5,1720,1.0,0,0,4,7,1720,0,1968,0,1460,8550,12.506177237980511
4,1.75,1870,1.0,0,0,3,7,1070,800,1959,0,2100,10185,12.560244459250788
2,1.0,820,1.0,0,0,4,7,820,0,1924,0,1490,3000,13.185338176565716
3,2.75,2340,1.0,0,2,3,8,1470,870,1978,0,2640,8887,12.611537753638338
4,2.0,2000,2.0,0,0,3,8,2000,0,1978,0,2420,38130,13.253391639810733
3,1.0,1510,1.0,0,0,3,7,1510,0,1962,0,1510,12970,12.384218830913648
4,2.5,3140,2.0,0,0,3,10,3140,0,1994,0,3140,17417,13.567049198665774
3,1.75,1910,1.0,0,3,3,8,1110,800,1941,0,1630,5580,13.296316684527767
5,2.5,3180,1.0,0,0,3,9,3180,0,1978,0,2500,15778,13.122263372403996
3,2.0,1400,1.0,0,0,3,7,1150,250,1979,0,1820,7992,12.323855681186558
3,1.0,1480,1.0,0,0,4,6,1380,100,1942,0,1500,22600,12.577636201962656
4,2.75,2020,1.0,0,0,5,7,1300,720,1961,0,1920,8089,12.810388612383504
3,2.25,1740,1.0,0,0,3,7,1240,500,1978,0,1740,7000,12.115600742366098
4,2.75,2840,1.0,0,3,4,9,1640,1200,1961,0,2790,10070,13.579788224443204
3,2.75,2300,1.0,0,0,3,7,1430,870,1965,0,2070,10200,12.948009990259552
4,1.75,1000,1.5,0,0,4,6,1000,0,1947,0,1280,7200,12.628067055589549
3,2.5,2010,2.0,0,0,3,8,2010,0,1989,0,1860,4400,13.233904752137237
5,1.0,1410,1.0,0,0,5,7,960,450,1955,0,1400,6500,12.597547004611188
4,3.5,3810,1.0,0,1,3,9,2560,1250,2013,0,3230,9311,13.641038116113718
3,1.75,1070,1.0,0,0,3,7,1070,0,1992,0,1520,5707,12.331603367977383
2,1.0,790,1.0,0,0,3,5,790,0,1930,0,1260,11470,11.652687407345388
3,2.5,1500,3.0,0,2,3,7,1110,390,2008,0,1500,1057,13.312983737012978
3,2.5,2490,2.0,0,0,3,9,2490,0,2003,0,2710,6629,13.37700559577791
3,1.0,1010,1.0,0,0,3,6,1010,0,1948,0,1010,7903,12.538967060803502
3,2.5,1413,2.0,0,0,3,8,1413,0,2011,0,2150,3869,12.566540387707603
3,2.5,2160,2.0,0,0,3,8,2160,0,1999,0,1990,15817,12.777052192115912
3,2.5,2050,1.0,0,2,3,9,1600,450,1960,0,2930,15050,13.541073712262515
3,1.5,2210,1.5,0,0,5,8,2210,0,1916,0,2700,6300,13.591116224748411
4,2.0,1820,1.5,0,1,3,7,1640,180,1945,0,2060,5000,13.38472764187182
3,2.0,1580,1.0,0,0,3,7,870,710,1940,0,1310,5535,13.241034907121827
5,3.5,4390,2.0,0,3,3,9,3170,1220,2013,0,2740,6448,14.446782334806132
3,1.5,1620,1.0,0,0,3,7,1620,0,1954,0,1380,6130,13.1205617554577
6,3.5,3020,2.0,0,0,3,7,3020,0,1941,1992,900,6000,12.777052192115912
3,2.25,1670,1.0,0,0,3,7,1670,0,2007,0,3310,108900,12.959844447906553
4,3.75,3160,2.5,0,0,3,10,3160,0,1997,0,2400,9525,14.13831843239143
3,2.5,1610,2.0,0,0,3,7,1610,0,2004,0,1790,3717,12.589632918250288
3,2.5,1820,2.0,0,0,3,8,1820,0,1985,0,2040,8304,12.957488734214095
3,1.75,1500,1.0,0,0,3,7,1500,0,1957,0,1650,7392,12.793859310432293
3,2.5,1850,2.0,0,0,3,8,1850,0,1996,0,2350,8606,12.542605594594063
3,2.75,2020,1.0,0,0,3,7,1260,760,1969,0,2080,11901,12.901716706288706
4,2.5,2440,2.0,0,0,3,8,2440,0,2014,0,1480,7432,13.42984807715229
3,2.5,2280,1.0,0,0,4,8,1490,790,1973,0,2100,12746,13.541073712262515
3,2.0,1480,1.0,0,0,4,7,750,730,1928,0,1250,4000,13.296316684527767
3,1.75,1350,1.0,0,0,3,7,1350,0,1993,0,1470,7341,12.393589019201233
3,2.5,2340,2.0,0,0,3,10,2120,220,2012,0,2640,2680,13.482133526250363
5,2.75,3650,1.0,0,0,4,10,2360,1290,1975,0,3220,19800,14.269765830241871
3,2.5,1720,1.0,0,0,4,8,1000,720,1977,0,1720,6136,13.120361374733656
3,1.0,2430,1.0,0,0,3,7,2430,0,1977,0,1660,11560,12.821123140353697
4,2.25,2290,1.0,0,3,4,8,1550,740,1960,0,2790,20076,13.709038313453757
3,1.0,1310,1.0,0,0,4,7,1310,0,1958,0,1280,7300,13.010313873595706
3,3.25,1450,2.0,0,0,3,8,1180,270,2013,0,1450,1198,12.676076274775909
5,4.0,4500,2.0,0,0,3,10,4500,0,2007,0,2840,8402,13.527828485512494
3,2.0,2070,1.0,0,1,3,7,1590,480,1946,0,3000,16215,14.115615150414612
2,1.0,1210,1.0,0,0,3,7,1210,0,1952,0,1210,7205,12.676076274775909
3,1.5,1240,1.0,0,0,4,7,1240,0,1966,0,2260,7611,12.2783933071098
3,1.75,1670,1.0,0,0,4,8,1670,0,1962,0,2290,10798,13.217673557208654
3,1.5,1430,1.0,0,3,4,7,1250,180,1940,0,2210,6240,13.15676480412166
1,1.5,1900,1.5,0,0,5,9,1450,450,1977,0,2920,40427,13.217673557208654
4,3.5,4440,2.0,0,2,5,10,3240,1200,1965,0,4240,18650,14.363631966473962
3,1.75,1630,1.0,0,0,4,7,1630,0,1971,0,2090,57428,12.542544882151386
3,2.0,1650,1.5,0,0,3,7,1650,0,2009,0,2430,6000,12.89921982609012
3,1.75,1580,1.0,0,0,5,7,1580,0,1962,0,1760,8539,13.155991558384313
4,2.5,2820,2.0,0,0,3,9,2820,0,2007,0,1620,14881,13.279367126213993
3,2.5,1520,2.0,0,0,3,7,1520,0,1986,0,1670,7207,12.468436909997665
4,3.5,4460,1.0,0,0,3,9,2550,1910,1962,1994,1980,13370,14.403297222866392
3,2.0,1610,1.0,0,0,4,7,1010,600,1917,0,1040,4400,13.091904169919621
3,3.0,2960,2.0,0,0,3,10,2960,0,1995,0,2640,25209,13.651814465293484
3,1.5,2090,1.0,0,0,3,7,1790,300,1954,0,2180,11072,13.042345669418298
2,2.0,2180,1.0,1,4,5,9,1580,600,1952,0,2480,21503,14.15910026235435
4,1.75,2140,1.0,0,0,5,7,2140,0,1959,0,1720,99316,12.793859310432293
1,0.75,680,1.0,0,0,3,5,680,0,1947,0,1580,6624,12.206072645530174
3,1.0,1070,1.0,0,0,5,7,1070,0,1951,0,1170,7200,12.727838209334498
2,1.0,1190,1.0,0,0,4,7,990,200,1917,0,1180,4000,12.994530005894443
2,1.0,1802,1.0,0,0,3,7,1802,0,1961,0,1810,7332,12.676076274775909
4,2.5,3010,2.0,0,0,3,8,3010,0,2008,0,3250,5531,13.180632285528304
4,2.25,1900,1.0,0,0,4,8,1900,0,1975,0,2120,8000,12.506177237980511
5,2.5,2270,2.0,0,0,3,8,2270,0,1995,0,2240,7005,12.560244459250788
5,2.75,2440,2.0,0,0,3,8,2440,0,2003,0,2300,6858,12.736700896592344
3,2.25,1410,1.0,0,2,3,7,1170,240,1987,0,1560,18336,12.772805901234461
2,2.5,2720,1.0,0,3,3,10,2160,560,1953,0,2880,7320,14.181888277364392
3,2.25,2190,1.0,0,0,4,7,1330,860,1976,0,2550,175982,13.180632285528304
3,1.0,1290,1.0,0,0,4,6,790,500,1929,0,1220,5464,13.017002861746503
3,1.75,1790,1.0,0,0,4,7,1410,380,1978,0,1820,9555,13.197470849891134
3,2.0,1463,3.0,0,0,3,7,1463,0,2003,0,1484,4320,12.873902018105829
3,2.25,1710,1.0,0,0,3,7,1210,500,1978,0,1800,11500,12.86099861326992
3,2.25,2150,1.0,0,0,3,8,1450,700,1977,0,2170,9500,13.034624463096321
2,1.5,1570,1.5,0,2,4,7,1320,250,1906,0,2140,3600,13.569610019527449
4,3.5,3180,2.0,0,1,4,9,2060,1120,1979,0,2850,11410,13.815510557964274
4,1.0,1370,1.0,0,0,3,7,1370,0,1949,0,1370,8187,12.611537753638338
2,1.75,1220,1.0,0,0,4,6,610,610,1909,0,1240,1675,12.456831363877356
3,2.0,1610,1.0,0,0,4,7,1110,500,1965,0,1920,8400,12.192987405981519
2,2.0,1050,2.0,0,0,3,8,720,330,2004,0,1340,1317,12.89921982609012
3,3.5,3580,1.5,0,0,3,9,3580,0,2005,0,2880,60548,13.407542319637992
4,2.5,2050,2.0,0,0,3,7,2050,0,2002,0,2030,6615,12.4529327234617
3,1.0,950,1.0,0,0,4,6,950,0,1959,0,1520,10723,12.560244459250788
4,2.25,1890,1.5,0,0,3,7,1350,540,1918,0,1830,3800,13.337474757021274
2,1.75,1280,1.0,0,0,3,7,1280,0,1991,0,1450,7810,12.170445467887022
4,2.5,3180,2.0,0,2,3,9,3180,0,2002,0,2440,15261,13.567049198665774
3,2.0,1670,1.0,0,0,3,7,1670,0,2014,0,1670,4558,12.429016176841717
2,1.0,1350,1.0,0,0,3,7,920,430,1949,0,1470,5225,12.751299696013497
4,2.5,4060,1.0,0,4,3,9,2150,1910,1977,0,2750,10370,13.310501319519723
3,2.5,1690,1.0,0,0,3,7,870,820,1997,0,1900,7302,12.560244459250788
3,1.0,1200,1.0,0,0,3,6,920,280,1943,0,1280,9375,12.542544882151386
2,2.0,1400,2.0,0,0,3,8,940,460,2006,0,1400,3500,13.223113280504473
5,1.5,1690,1.5,0,0,4,7,1690,0,1961,0,1690,7739,12.563397378310404
3,2.0,1170,1.0,0,0,5,7,800,370,1947,0,1330,6750,13.292106151991423
5,4.25,6490,2.0,0,3,4,11,3940,2550,1991,0,3290,14080,14.508657738524219
5,3.0,3350,2.0,0,0,5,8,2180,1170,1912,1980,2660,4500,13.815510557964274
4,1.75,1920,2.0,0,0,4,8,1920,0,1907,0,1920,3600,13.676248490630767
3,1.5,1060,1.0,0,0,4,7,1060,0,1962,0,1440,9600,12.296827008798639
4,1.75,1900,1.0,0,0,5,6,1900,0,1958,0,1530,10587,12.487485104968359
3,1.0,1200,1.5,0,0,3,6,1200,0,1945,0,1120,7800,12.895462777212407
3,1.0,1240,1.0,0,0,3,6,1090,150,1936,0,2090,8514,12.644327576461329
2,2.5,1520,2.0,0,0,3,8,1240,280,2007,0,1660,6000,12.971540487669746
5,3.5,4150,2.0,0,0,3,11,4150,0,2006,0,3840,15121,13.36138027787483
5,1.75,2780,1.0,0,0,3,8,1390,1390,1966,0,2130,7918,13.176851562688398
3,2.5,1800,1.0,0,0,5,7,1350,450,1970,0,1920,4400,13.42984807715229
4,2.75,4910,1.0,0,0,4,10,2560,2350,1964,0,3980,15139,14.250210791340773
3,3.0,2990,2.0,0,0,3,10,2990,0,1951,2003,1750,15802,13.710150042306449
3,1.75,1560,1.0,0,0,3,7,1250,310,1983,0,1540,7485,12.994530005894443
4,2.5,2390,2.0,0,0,3,8,2390,0,1997,0,2520,6500,12.732279371334467
4,1.75,2040,1.0,0,0,5,7,1020,1020,1943,0,1440,6000,13.122363377404328
5,3.0,2520,1.0,0,0,3,8,1550,970,2004,0,1700,8000,12.765688433465597
4,1.75,1570,1.5,0,0,5,8,1570,0,1928,0,1570,5720,13.190022025878143
2,1.75,2320,1.5,0,2,3,8,1720,600,1925,2000,2380,5000,13.458835614025542
4,1.75,1760,1.0,0,0,3,7,880,880,1956,0,1680,7500,12.84792653170257
4,1.75,1590,2.0,0,0,4,7,1590,0,1960,0,1720,7998,12.829333698625952
3,2.75,2210,1.0,0,1,4,7,1460,750,1968,0,2110,8750,13.473020249017498
6,2.25,2450,1.0,0,2,3,7,1340,1110,1957,0,1850,10230,13.403775836842515
4,1.75,2430,1.5,0,0,4,7,2430,0,1909,1978,1330,10500,13.005829561148378
4,3.5,4330,2.0,0,0,4,11,3230,1100,1988,0,3840,14311,14.346138809026444
2,1.75,1620,1.0,0,0,3,7,1040,580,1924,2011,1500,5000,13.265597545490236
4,2.25,3133,2.0,0,0,3,9,2533,600,1965,2010,3090,15588,13.437174117244362
2,2.5,1430,3.0,0,0,3,8,1410,20,2008,0,1620,1505,13.091904169919621
2,1.5,940,2.0,0,0,3,7,940,0,2009,0,1130,1159,12.800779753276867
3,2.5,1720,2.0,0,0,3,8,1720,0,1998,0,1720,6211,12.449018824140563
3,3.5,2450,2.0,0,4,3,8,1960,490,1933,1993,2620,10207,13.7525707581904
2,1.0,1120,1.0,0,0,3,7,1120,0,1942,1994,1230,6380,12.989974189358584
5,3.5,2660,2.0,0,0,3,8,1980,680,1996,0,2220,7294,12.713191407364837
3,3.5,4310,2.0,0,2,3,10,3140,1170,1988,0,2280,11106,13.997832114758229
2,0.75,850,1.0,0,2,5,6,550,300,1909,0,2500,6022,12.793859310432293
3,2.5,2510,2.0,0,2,3,9,2510,0,1995,0,1790,6099,13.617059619240436
4,2.25,2460,2.0,0,0,4,8,2460,0,1984,0,2460,9126,13.614617615584883
4,3.5,3030,3.0,0,0,3,9,3030,0,2014,0,2910,5314,13.592304504696857
3,1.5,2360,2.0,0,0,5,7,1930,430,1926,0,1320,4500,13.462400680190038
4,2.5,2600,2.0,0,0,3,8,2600,0,1991,0,2550,8683,12.8790171187726
3,1.5,1350,1.0,0,0,3,7,1350,0,1968,0,1840,9920,13.122263372403996
3,2.75,1740,1.0,0,0,3,7,1140,600,1967,0,1550,8436,12.388390035648781
3,1.5,1170,2.0,0,0,3,7,840,330,2007,0,1170,2537,12.524526376648708
3,1.75,1720,1.0,0,0,4,7,1720,0,1962,0,1840,13104,12.560244459250788
3,1.75,1990,1.0,0,0,4,7,1100,890,1939,0,1460,3706,13.545145673721107
2,1.75,1250,1.0,0,0,3,7,1250,0,1922,1968,1250,7680,12.89921982609012
4,2.5,1630,2.0,0,0,3,7,1630,0,2003,0,1270,4590,12.371587084007746
4,2.75,2790,2.0,0,0,3,10,2790,0,1996,0,3080,12603,13.547631112808673
3,1.0,990,1.0,0,0,3,7,990,0,1972,0,1360,10125,12.312682380588432
3,1.75,2840,1.0,0,0,4,7,1420,1420,1977,0,1650,9590,12.506177237980511
3,2.0,1290,3.0,0,0,3,7,1290,0,2004,0,1270,1152,12.644327576461329
3,1.75,1280,1.0,0,0,4,7,1280,0,1977,0,1680,11704,12.611537753638338
4,2.25,2620,1.0,0,0,3,7,1820,800,1952,0,1728,95832,13.17115354157376
2,1.0,890,1.0,0,0,4,6,890,0,1941,0,950,5200,12.611371073081239
3,1.0,1450,1.0,0,0,3,7,1190,260,1939,0,1810,5559,13.279367126213993
4,3.0,2330,2.0,0,0,3,9,1920,410,2003,0,2330,5242,13.102160670086809
2,1.0,940,1.0,0,0,4,6,940,0,1916,0,1290,7375,12.70381302974751
2,1.0,930,1.0,0,0,3,6,930,0,1986,0,1370,10176,12.345834587905333
3,2.5,2700,2.0,0,0,3,9,2700,0,1991,0,2660,8405,13.17115354157376
3,3.0,2630,1.0,0,0,4,9,2630,0,1987,0,2660,10455,13.564481803160529
3,2.25,1650,1.0,0,0,3,7,1220,430,1975,0,1690,7252,13.038981768465277
4,2.0,2460,1.0,0,0,4,7,1230,1230,1948,0,1260,6648,12.419165860990882
4,2.5,2190,1.0,0,0,4,8,1410,780,1979,0,2190,9198,13.353475098367715
3,2.25,2120,2.0,0,0,3,7,2120,0,1984,0,2070,15203,12.751299696013497
2,1.0,1010,1.0,0,2,4,6,810,200,1918,0,1580,3888,12.89921982609012
3,1.75,1600,1.5,0,0,3,7,1600,0,1924,0,1670,4590,13.17115354157376
4,2.25,1970,1.0,0,0,3,8,1310,660,1960,0,1860,8021,13.00019574343012
4,1.5,2020,1.0,0,0,4,7,2020,0,1960,0,1410,8080,12.845291484064564
3,1.0,1460,1.0,0,0,4,7,1460,0,1969,0,1270,9750,12.211060187041213
4,1.75,1950,1.5,0,0,4,6,1950,0,1931,0,1300,7432,12.721885810807203
3,1.5,1560,1.0,0,0,5,7,1560,0,1961,0,1400,10489,12.487485104968359
3,1.0,1210,1.0,0,0,3,6,1210,0,1941,0,890,5200,12.971540487669746
3,2.0,1840,1.0,0,0,3,8,1840,0,1990,0,2190,8580,12.84792653170257
3,2.5,1800,2.0,0,0,3,8,1800,0,2011,0,1380,1200,12.800779753276867
4,3.5,3510,2.0,0,0,3,10,3510,0,2001,0,4200,9935,13.500731317628127
5,4.5,4850,2.0,0,0,3,10,4850,0,2001,0,1640,13503,13.253303916664924
2,1.0,1230,1.0,0,0,5,6,1230,0,1911,0,1230,5413,12.127570417375216
5,1.5,1840,1.5,0,0,4,7,1840,0,1962,0,1690,8151,12.560244459250788
2,1.0,1510,1.0,0,0,3,6,930,580,1924,0,1300,4000,13.122363377404328
5,2.5,2500,1.0,0,0,3,8,1690,810,1962,0,2130,12000,12.628067055589549
4,1.5,2650,2.0,0,0,4,7,2650,0,1930,0,1960,34000,13.329377546788654
4,1.0,1160,1.0,0,0,4,6,820,340,1913,0,1670,10200,13.122363377404328
3,2.25,1530,2.0,0,0,3,7,1116,414,2007,0,1320,1427,12.84792653170257
3,2.5,2650,2.0,0,0,3,9,2650,0,2005,0,2200,10013,13.399995114002609
3,3.0,3030,1.5,0,0,4,9,2080,950,1929,0,1910,5720,13.686540176667314
6,2.75,2890,1.0,0,0,4,8,1830,1060,1976,0,1880,7500,13.138236726560619
3,1.75,1200,1.0,0,0,5,7,1200,0,1906,0,1340,4500,12.971540487669746
3,1.0,1150,1.0,0,0,5,6,1150,0,1906,0,1460,3200,12.971540487669746
3,1.5,1300,1.0,0,0,5,7,1300,0,1956,0,1570,8692,12.889169490236618
3,2.25,2560,1.5,0,0,3,8,2150,410,1910,0,2970,4320,13.644128941208654
3,2.5,2480,2.0,0,0,3,8,2480,0,2001,0,1850,7704,13.071070083016778
3,1.0,1010,1.0,0,0,4,6,1010,0,1958,0,1010,7619,12.449018824140563
4,2.5,2150,2.0,0,0,3,8,2150,0,1987,0,2080,7620,12.936033799212835
5,1.75,2640,1.5,0,0,4,7,1650,990,1915,0,1750,4000,13.620711479659207
4,1.0,1430,1.5,0,0,5,7,1430,0,1953,0,1410,6240,12.894207284266574
3,2.5,2517,2.0,0,0,3,8,2517,0,2014,0,2390,7108,12.776769666333555
3,3.25,4460,2.0,0,0,3,9,4460,0,2005,0,2670,38925,13.513729561132992
3,1.5,1110,1.0,0,0,5,7,1110,0,1964,0,1330,10296,12.449018824140563
4,2.75,1720,2.0,0,0,3,8,1720,0,1978,0,2130,8700,13.075271769870477
3,1.75,1350,1.0,0,0,3,7,1350,0,1985,0,1660,8538,12.429216196844383
3,1.75,1920,1.0,0,0,3,7,1920,0,1953,0,1560,8100,12.84792653170257
5,3.0,2600,1.0,0,0,5,8,1300,1300,1967,0,2150,7800,13.304601597392535
2,2.0,1560,1.0,0,0,3,8,1560,0,2006,0,1870,6361,13.14020329553266
3,1.5,1540,1.5,0,0,5,7,1490,50,1930,0,1620,4080,13.244581010128577
3,2.5,2030,2.0,0,0,3,7,2030,0,2008,0,1790,4380,13.296316684527767
4,2.5,2790,2.0,0,0,3,9,2790,0,1997,0,2790,24643,13.49461635130638
4,1.0,1030,1.0,0,0,4,6,1030,0,1955,0,1420,6631,12.230765258120545
4,2.5,2100,2.0,0,0,3,8,2100,0,2009,0,2100,3916,12.75419405403986
3,1.0,1120,1.0,0,0,4,6,1120,0,1961,0,1240,10639,12.323855681186558
4,2.25,2080,1.0,0,0,4,7,1280,800,1985,0,1200,7500,12.352335152508426
3,1.0,990,1.5,0,0,3,7,990,0,1936,0,1260,8937,12.06249091705215
3,3.0,1910,1.5,0,0,3,9,1910,0,1900,1991,1280,1310,13.652991628466498
4,2.5,2050,2.0,0,0,3,8,2050,0,2013,0,1800,2886,13.443721976215494
3,2.5,1260,3.0,0,0,3,8,1260,0,2004,0,1270,1211,12.724866438945341
5,2.5,3361,2.0,0,0,3,10,3361,0,2006,0,3112,6920,13.144124869185841
3,2.5,2180,1.0,0,0,4,7,1420,760,1962,0,1900,7818,12.89921982609012
3,2.0,1820,2.0,0,2,3,7,1520,300,1920,2014,1490,9589,12.553202176625375
6,2.75,3610,1.0,0,4,5,9,2070,1540,1959,0,2890,14060,13.782987366258714
3,2.5,1730,2.0,0,0,3,7,1730,0,2005,0,1190,7980,12.138863895836725
3,1.75,1770,1.0,0,0,4,7,1170,600,1958,0,1670,8000,13.127450416452886
3,2.5,1920,3.0,0,3,3,8,1920,0,2000,0,1670,2994,13.568330428821824
2,1.75,1060,2.0,0,0,3,7,960,100,2008,0,1170,1400,12.77351486971506
3,1.75,1500,1.0,0,0,3,7,1030,470,1958,0,2090,10269,12.772805901234461
3,2.0,1580,1.0,0,0,3,7,1050,530,1977,0,1560,7458,13.081541382884074
3,2.5,2830,2.0,0,0,3,9,2830,0,2001,0,2500,5802,13.287877815881902
3,1.5,2840,1.0,0,0,3,8,1510,1330,1951,0,2210,9669,12.429216196844383
2,1.0,1040,1.0,0,0,3,6,1040,0,1973,0,1100,7575,12.114505452004684
5,2.5,2520,1.5,0,0,3,7,1890,630,1942,1970,1830,14373,12.880037006673344
4,1.75,1740,1.0,0,0,4,8,1740,0,1965,0,2180,8436,13.235692062711331
3,1.0,1200,1.0,0,0,3,6,1200,0,1977,0,1200,7200,12.32476637748788
3,1.75,2240,2.0,0,0,5,8,2240,0,1976,0,2030,202554,13.217673557208654
4,2.75,2520,1.0,0,0,4,7,1260,1260,1987,0,1930,6949,12.634603026569334
3,1.75,2120,1.0,0,3,4,7,1060,1060,1966,0,1830,8650,12.815838217151068
3,1.0,1190,1.5,0,0,3,6,1190,0,1904,0,1680,3600,12.765688433465597
4,2.25,1890,1.0,0,0,3,8,1890,0,1967,0,1920,7210,13.208541073645382
4,3.5,4170,2.0,0,0,3,11,4170,0,2004,0,4560,10589,13.997832114758229
3,3.5,2600,2.0,0,0,5,8,2600,0,1969,0,2430,10050,13.800396920154226
3,2.5,1530,2.0,0,0,3,8,1530,0,1994,0,1720,3985,13.016891744462095
3,1.0,970,1.0,0,0,4,6,970,0,1967,0,1230,9504,12.013700752882718
3,2.0,2350,1.5,0,0,3,7,2350,0,1983,0,2270,222156,13.142166004700508
3,2.25,2000,1.0,0,0,3,7,1400,600,1979,0,2040,6949,12.611537753638338
3,2.25,1660,1.0,0,0,5,7,1130,530,1968,0,1680,7637,13.017002861746503
3,2.5,1800,2.0,0,0,3,7,1800,0,2001,0,1800,2562,12.560244459250788
4,3.0,3310,2.5,0,0,5,9,2910,400,1900,0,1440,3750,13.627975434117433
3,2.25,1770,1.0,0,0,3,8,1270,500,1966,0,2180,8103,13.16158409055761
4,2.5,2070,1.0,0,0,4,8,1250,820,1976,0,2070,9499,13.560618308335483
4,1.5,1370,1.0,0,0,3,7,1070,300,1953,0,1540,9789,12.598114733306197
3,2.5,1910,2.0,0,0,3,8,1910,0,1998,0,1530,3696,13.332624302887524
3,2.25,2180,2.0,0,0,3,9,2180,0,1986,0,2300,8581,13.339308558450137
4,2.5,2220,2.0,0,0,3,7,2220,0,2001,0,1840,4500,12.911642346088676
5,2.5,2250,1.0,0,0,4,7,1360,890,1977,0,1820,7866,13.010202010515998
3,3.5,1900,2.0,0,0,3,8,1560,340,1999,0,1360,4800,12.86099861326992
3,1.0,1200,1.5,0,0,3,6,1200,0,1936,0,1200,7500,12.225875272826354
3,2.25,1470,2.0,0,2,3,7,1470,0,1982,0,1400,8204,12.837344422372032
3,2.5,1440,2.0,0,0,3,7,1440,0,2003,0,1650,3322,13.049792684569493
3,2.5,1780,1.0,0,0,3,7,1320,460,1978,0,1680,7848,12.508027377268673
2,1.0,840,1.0,0,0,4,6,840,0,1909,0,1390,3860,12.798017320580957
2,1.0,900,1.0,0,0,3,6,900,0,1979,0,1767,8308,12.066810578196666
5,3.5,3430,2.0,0,0,3,10,2830,600,2002,0,3650,6600,13.06685066747407
4,2.5,2550,2.0,0,0,3,9,2550,0,1992,0,2750,8100,13.32530422140102
3,1.0,1010,1.0,0,0,4,6,1010,0,1947,0,1010,8184,12.762827201184564
3,1.75,2300,1.0,0,0,3,9,2300,0,1984,0,2600,34798,13.16158409055761
4,2.5,2670,2.0,0,0,3,7,2670,0,1999,0,2290,7504,12.936033799212835
2,1.75,1780,1.0,0,0,5,7,890,890,1925,0,1560,4520,13.369145327283938
2,2.5,2170,1.0,0,0,3,8,2170,0,2007,0,2170,7083,13.521139497361697
3,1.75,1250,1.0,0,0,4,7,1250,0,1967,0,1340,7680,12.250089530946948
3,1.0,1430,1.5,0,0,4,7,1430,0,1917,0,1140,3960,13.017002861746503
3,1.75,1680,1.0,0,0,3,8,1150,530,1979,0,2100,10348,12.840000466430148
3,2.0,1140,1.0,0,0,4,7,1140,0,1991,0,1460,7078,12.458774999085929
3,1.0,1560,1.5,0,0,5,7,1560,0,1915,0,1530,4500,13.413539339110365
3,2.25,1810,1.0,0,0,4,7,1810,0,1959,0,1830,7594,12.542544882151386
2,0.75,1020,2.0,0,0,3,7,1020,0,2009,0,1020,2007,12.90445857982582
3,2.5,1630,1.0,0,0,3,7,1120,510,1988,0,2050,15200,12.886641043883259
3,2.75,2020,1.0,0,0,5,7,1270,750,1954,0,2020,11069,13.159659162148026
4,2.5,3340,2.0,0,0,3,10,3340,0,1996,0,1770,9490,13.955272500339433
3,1.5,1070,1.0,0,0,4,7,1070,0,1984,0,1730,9461,12.388394202324129
5,3.25,3830,2.0,0,0,3,9,3830,0,2014,0,3950,6723,13.770502731727783
3,1.0,1670,1.0,0,0,5,7,1030,640,1977,0,1620,6696,12.54966234992025
2,1.0,1320,1.0,0,0,3,6,940,380,1919,0,1970,7587,12.449018824140563
3,2.5,2700,2.0,0,3,3,9,2700,0,2013,0,2500,6947,13.764217263576723
2,1.0,880,1.0,0,0,3,6,780,100,1937,0,950,4000,12.706847933442663
4,3.5,2510,2.0,0,0,3,8,1990,520,2013,0,2560,3820,13.42984807715229
4,2.25,2070,3.0,0,0,3,9,1500,570,2013,0,1569,4802,13.262125319779487
4,2.25,1750,1.5,0,0,4,8,1750,0,1968,0,1750,10127,12.804909146618877
3,1.0,1640,1.0,0,0,3,6,1040,600,1939,0,1600,8100,12.154779351142624
2,1.0,940,1.0,0,0,4,5,940,0,1942,0,1490,6350,12.553202176625375
3,2.75,2310,1.0,0,0,4,7,1520,790,1940,0,2310,5200,13.573438996764546
3,2.5,2870,2.0,0,0,3,10,2870,0,1991,0,2840,8472,13.679404424967283
4,2.5,2900,2.0,0,0,4,10,2900,0,1994,0,2900,18303,13.592367006650065
3,4.0,2550,2.0,0,2,3,8,2050,500,1940,2003,2340,6400,13.805460222110773
4,1.75,1400,1.0,0,0,3,7,1400,0,1963,0,1910,7700,12.468244583811861
4,2.5,3350,2.0,0,0,4,9,3350,0,1985,0,2620,35604,13.487700694421713
1,0.75,930,1.0,0,0,3,6,930,0,1941,0,2000,18321,12.154779351142624
6,1.0,1370,1.5,0,0,3,6,1120,250,1931,0,1020,5080,12.072541252905651
4,2.5,1820,2.0,0,0,3,7,1820,0,2004,0,2120,21277,12.487485104968359
3,2.0,1220,1.0,0,0,3,6,720,500,1947,2014,1640,7620,12.67794951915759
3,2.5,1350,3.0,0,0,3,8,1350,0,2005,0,1350,4150,13.075271769870477
2,1.75,1270,2.0,0,0,3,8,1270,0,2012,0,1140,1916,12.736700896592344
3,1.5,1100,1.0,0,0,4,7,1100,0,1965,0,1430,7700,12.632973034358404
3,1.75,1540,1.0,0,0,4,6,770,770,1951,0,1140,5512,12.481808646963554
4,1.0,1590,1.5,0,0,3,7,1590,0,1924,0,2230,4280,13.303016877097587
3,1.0,910,1.0,0,0,4,6,910,0,1943,0,1090,8700,12.013700752882718
2,1.0,900,1.0,0,0,3,7,900,0,1944,2004,1460,4800,13.019222618484815
2,1.5,1280,1.0,0,0,3,7,850,430,1984,0,1280,10879,12.864887147009613
3,1.75,2050,1.0,0,0,3,7,1460,590,1962,0,2670,11856,13.392810273834405
3,2.5,2430,2.0,0,0,3,8,2430,0,2001,0,2910,5620,12.826649133255284
3,1.0,1480,1.0,0,0,4,7,1480,0,1956,0,1430,10083,13.079455876393052
4,2.5,2870,2.0,0,0,3,8,2540,330,1979,0,2590,7533,12.896716695872
4,3.0,2670,2.0,0,2,3,7,2670,0,1916,1978,2300,5000,13.217673557208654
4,1.75,2800,2.0,0,0,3,7,2800,0,1934,1985,1600,27194,13.178743710840436
5,2.75,3260,1.0,0,0,3,8,1630,1630,1964,0,2860,11700,13.432051530118724
3,1.0,1100,1.5,0,0,4,6,1100,0,1915,0,1100,11610,13.049792684569493
4,2.5,2300,2.0,0,0,3,7,2300,0,1988,0,2300,21765,12.8790171187726
3,3.0,2180,1.5,0,0,5,8,1410,770,1930,0,1570,4820,13.36130153461718
2,2.25,1570,2.0,0,0,3,9,1280,290,2015,0,1570,6000,13.122363377404328
3,2.5,1909,3.0,0,0,3,8,1766,143,2006,0,1780,1248,13.35426843438711
4,2.5,3000,2.0,0,0,3,8,3000,0,2013,0,2730,5471,13.199324418540456
4,2.5,2000,2.0,0,0,3,7,2000,0,1997,0,2000,6686,12.676076274775909
2,1.5,1650,1.0,0,0,3,7,860,790,1978,0,1660,7255,12.804909146618877
4,1.75,2100,2.0,0,0,3,8,2100,0,1909,2004,1630,5750,13.527828485512494
4,1.75,1360,1.5,0,0,4,7,1360,0,1928,0,1320,4840,12.897969044188466
5,2.5,3440,1.0,0,2,4,8,1720,1720,1958,0,2100,10751,13.224919965729422
4,2.5,1620,2.0,0,0,4,7,1620,0,1924,1971,1590,5280,12.86099861326992
3,2.0,1820,1.0,0,0,5,7,1820,0,1972,0,2190,17440,12.676076274775909
4,1.0,1290,1.5,0,0,3,7,1290,0,1957,0,1440,2500,12.526342907575106
2,1.0,1060,1.0,0,0,3,6,1060,0,1941,0,1390,8000,12.230765258120545
4,1.75,1650,1.0,0,0,3,8,1650,0,1973,0,1850,7523,13.234798806734117
3,1.0,1010,1.0,0,0,4,6,1010,0,1920,0,1060,10354,12.100712129872347
3,2.5,2420,2.0,0,0,3,8,1860,560,1985,0,2620,37301,12.969212197910155
7,3.75,2310,2.0,0,0,3,8,2310,0,1984,0,1360,1552,13.496901814831999
2,1.5,1010,2.0,0,0,3,7,1010,0,1981,0,1210,7794,12.644327576461329
4,2.0,1790,1.0,0,2,4,7,840,950,1909,0,1440,1545,13.071070083016778
4,3.5,3090,1.0,0,0,3,8,2190,900,1991,0,2200,7408,13.217582643985264
3,2.25,1670,1.0,0,0,4,8,1670,0,1961,0,2130,7035,13.282950442052277
3,2.5,2540,2.0,0,0,3,7,2540,0,2005,0,2190,4260,12.691580461311874
3,1.5,1420,1.0,0,0,4,6,1420,0,1990,0,1090,8410,12.216022976383341
4,3.5,2160,2.0,0,0,3,8,1660,500,1998,0,1230,3840,13.306350213517344
5,2.5,2090,2.0,0,0,3,7,2090,0,1998,0,2070,4698,12.66032791780777
5,4.5,5220,2.0,0,0,3,11,5220,0,2001,0,4190,40609,14.26339638195639
5,3.5,3390,2.0,0,2,3,7,3390,0,2003,0,2580,6900,12.99430270733681
2,1.0,930,1.0,0,0,4,7,930,0,1953,0,1770,6000,12.948009990259552
4,2.5,3520,2.0,0,0,3,10,3520,0,1998,0,3490,9667,13.626768433367397
3,2.0,2270,1.0,0,0,4,9,2270,0,1968,0,2880,12439,13.610943392223
2,1.0,1390,1.0,0,0,4,7,1390,0,1969,0,1200,10224,12.128111104060462
2,1.75,1130,1.0,0,0,3,8,1130,0,2006,0,2092,217800,13.244581010128577
4,1.75,1880,1.0,0,0,3,7,1280,600,1976,0,1980,9680,12.644327576461329
3,1.75,1440,1.0,0,0,3,7,1180,260,1979,0,1570,9152,12.92391243868049
3,1.0,900,1.0,0,0,4,6,900,0,1961,0,1460,10643,12.092343880201831
4,1.75,1790,1.0,0,0,4,7,1050,740,1951,0,1540,6916,12.601487417784837
5,2.5,2340,1.0,0,0,2,8,1670,670,1967,0,2080,11000,12.36946619243861
4,2.5,2280,2.0,0,0,3,8,2280,0,1994,0,2280,36236,13.005829561148378
3,2.25,1590,1.0,0,0,3,7,1170,420,1985,0,1590,9394,12.535376392672774
4,2.5,3450,2.0,0,0,3,10,3450,0,2002,0,3350,39750,13.487006490992238
2,2.0,2370,1.0,0,0,3,7,2370,0,1970,0,1860,14475,13.527828485512494
4,2.25,1810,2.0,0,0,3,7,1810,0,1961,0,1660,9240,12.501138639610538
3,1.5,1140,1.0,0,0,5,6,1140,0,1970,0,980,5070,12.292250341771226
3,2.5,1490,2.0,0,0,3,7,1490,0,1994,0,1640,8514,12.57418196709457
4,2.0,1620,1.5,0,0,4,7,1620,0,1978,0,1500,5200,12.301382825334498
2,1.5,1370,2.0,0,0,4,7,1370,0,1987,0,1380,3211,12.911642346088676
2,1.5,1450,1.0,0,0,3,7,950,500,1947,0,1450,3840,13.230320518909421
4,2.5,2220,2.0,0,0,3,7,2220,0,2002,0,2220,5303,12.947890935553772
3,2.5,1990,2.0,0,0,3,8,1990,0,2004,0,2650,6816,13.054084536651034
3,1.75,2490,1.0,0,0,3,7,1290,1200,1972,0,1610,7210,13.071070083016778
3,2.5,1590,2.0,0,0,3,7,1590,0,1994,0,1090,4900,12.608198852372823
3,2.5,1990,2.0,0,0,3,7,1990,0,2010,0,2580,3800,12.670435394885823
3,1.0,1410,1.0,0,0,3,7,1410,0,1954,0,1580,8250,12.691580461311874
3,1.75,1050,1.0,0,0,3,7,1050,0,1980,0,1220,8880,12.468436909997665
2,1.0,790,1.0,0,0,4,6,790,0,1925,0,1430,5320,12.610870864650634
3,1.75,1270,1.0,0,0,4,7,1270,0,1962,0,1560,9910,12.84687334571791
4,1.5,1860,1.0,0,0,3,7,1860,0,1964,0,1510,11761,13.001325049027272
4,2.5,2440,2.0,0,0,3,9,2440,0,1999,0,2570,6496,13.55284624848778
3,2.25,2890,2.0,0,4,3,8,1790,1100,1941,1989,2110,8107,13.885502929784309
4,4.0,4550,1.0,0,1,4,9,2300,2250,1989,0,3540,39634,13.864300722133706
5,2.5,2780,2.0,0,0,3,8,2780,0,2014,0,1150,8460,13.217673557208654
3,2.0,2710,2.0,0,0,3,6,2710,0,1951,0,850,5000,12.468436909997665
2,1.0,1270,1.0,0,0,3,8,1090,180,1949,0,1640,5000,13.329377546788654
5,3.25,3290,2.0,0,0,3,9,3290,0,2012,0,3210,6891,13.604789526648622
2,1.0,1010,1.0,0,0,4,6,1010,0,1944,0,1610,7313,12.618182296357007
3,1.75,1440,2.0,0,0,3,7,1440,0,1977,0,2080,49658,12.70076888736628
4,2.75,2660,1.5,0,0,5,8,1860,800,1909,0,1830,4000,13.547631112808673
5,1.0,1950,1.5,0,0,4,7,1450,500,1917,0,1950,6250,12.989974189358584
3,1.75,1370,1.0,0,0,3,7,1370,0,1987,0,1400,7500,12.460521046672795
4,5.5,6930,1.0,0,0,4,11,4310,2620,1950,1991,2560,37766,14.741751620691597
3,1.75,1560,1.0,0,0,4,6,770,790,1918,0,1390,3000,13.083622549087899
3,1.0,1150,1.0,0,0,3,7,1150,0,1954,0,1210,6800,12.92513120787462
4,2.5,3560,3.0,0,0,3,8,3560,0,2014,0,3220,4892,13.69058885252855
4,2.0,1710,1.0,0,0,5,7,1030,680,1975,0,1710,7272,12.594730635321957
3,3.0,2230,2.5,0,0,3,8,1850,380,2013,0,2290,1407,13.36138027787483
3,1.5,1400,1.0,0,0,3,7,1110,290,1957,0,1690,7597,12.487485104968359
3,2.25,2070,2.0,0,0,3,7,2070,0,1989,0,1550,13860,12.84660987581782
2,1.0,720,1.0,0,0,3,6,720,0,1940,0,920,5684,12.367340793126296
4,3.0,2160,1.0,0,0,5,7,1320,840,1921,0,1430,4400,13.407542319637992
3,1.0,1040,1.0,0,0,3,7,1040,0,1941,0,890,5060,13.081541382884074
4,2.25,2110,2.0,0,0,4,8,2110,0,1974,0,2110,7560,13.071070083016778
3,2.5,1930,2.0,0,0,3,8,1930,0,2005,0,1930,7266,13.180632285528304
3,2.0,1340,2.0,0,0,3,7,1340,0,1984,0,1370,5100,13.112313041550827
4,2.75,3200,2.0,0,0,3,11,3200,0,1984,0,4050,16921,14.056101022882205
4,3.25,3830,2.0,0,0,3,10,3830,0,2001,0,2555,5204,13.664687668229691
3,1.0,990,1.0,0,0,3,6,990,0,1943,0,1250,6000,13.112313041550827
3,4.5,3850,2.0,0,0,3,10,3120,730,2013,0,2630,46609,13.726679344257658
3,1.75,2310,2.0,0,0,3,8,2310,0,1942,1988,2200,7672,13.284482226880764
3,1.0,1660,1.0,0,0,4,7,1160,500,1978,0,1320,10541,12.814478597635029
3,1.0,1200,1.5,0,0,2,7,1200,0,1918,0,1380,8068,12.206072645530174
5,4.0,4050,2.0,0,0,4,10,2780,1270,1980,0,3120,13555,14.068601185646436
5,3.25,5570,2.0,0,0,5,9,3860,1710,1952,0,3170,10400,14.433395254023672
4,2.75,2700,2.0,0,0,4,8,2100,600,1910,0,2050,5400,13.526494262499357
5,2.5,2880,1.0,0,0,3,8,1680,1200,1976,2007,2080,5586,12.793859310432293
4,2.5,2940,2.0,0,0,3,9,2940,0,1991,0,2550,8360,12.983101310070822
9,4.0,4620,2.5,0,0,3,11,3870,750,1915,0,2710,4320,14.151982794585487
2,1.0,1230,1.5,0,0,3,7,880,350,1920,0,1710,3750,13.262125319779487
4,2.5,3570,2.0,0,0,3,10,3570,0,1990,0,3510,16153,13.779883380321124
4,2.0,1570,2.0,0,0,4,7,1570,0,1984,0,1550,8978,12.367340793126296
4,2.5,2510,2.0,0,0,3,8,2510,0,2007,0,2540,4171,13.437174117244362
2,1.5,1008,1.0,1,4,4,6,1008,0,1943,2002,1132,24079,13.081541382884074
3,1.75,2120,1.0,0,2,3,8,1540,580,1977,0,2460,11760,13.267329147654515
3,1.0,1480,1.0,0,0,3,6,780,700,1944,0,760,5040,12.043553716032399
4,3.0,2800,2.0,0,0,3,8,2800,0,2002,0,3610,8194,12.84792653170257
4,2.5,2400,2.0,0,0,3,9,2400,0,1990,0,2330,7756,13.38472764187182
3,1.0,1400,1.0,0,0,3,6,1400,0,1962,0,1430,10000,12.542187675503545
3,1.0,880,1.0,0,0,3,7,880,0,1978,0,880,7500,12.345834587905333
3,2.0,2310,2.0,0,1,4,9,1560,750,1926,0,2000,6000,13.610943392223
3,1.75,1180,1.0,0,0,3,7,1180,0,1981,0,1480,14400,13.028052697933088
3,2.5,1920,2.0,0,0,3,7,1920,0,1998,0,1920,11859,12.849504233844186
3,1.75,1670,1.0,0,0,4,7,1670,0,1974,0,1810,19465,12.409013489526863
5,1.75,3250,1.0,0,2,3,8,1650,1600,1965,0,2620,11328,13.047269072830826
3,1.75,1400,1.5,0,0,4,6,1100,300,1904,0,1720,5100,13.195613839143922
3,1.0,1090,1.0,0,0,4,6,790,300,1945,0,1050,6125,12.8790171187726
4,2.5,2460,2.0,0,0,3,8,2460,0,1998,0,2330,4200,13.322852238153732
3,2.5,2510,2.0,0,0,3,8,2510,0,2005,0,1820,5736,12.886641043883259
4,3.5,3530,2.0,0,1,3,10,2570,960,1987,0,3170,15181,13.681007264625794
2,2.0,1320,3.0,0,0,3,7,1320,0,1997,0,1430,2040,12.598114733306197
3,1.75,1210,1.0,0,0,4,6,1210,0,1983,0,1310,8025,12.2783933071098
4,3.5,3950,2.0,0,0,3,10,3950,0,1998,0,3110,10213,13.664687668229691
3,1.5,1780,1.0,0,0,3,7,1780,0,1953,0,1130,14450,12.4130868149145
4,1.75,2430,1.0,0,0,4,7,1580,850,1963,0,1910,8285,13.308012724290958
3,1.5,1390,2.0,0,0,3,7,1390,0,1979,0,1390,11860,12.751299696013497
4,3.75,3560,2.0,0,0,4,9,3560,0,1972,0,3320,11834,13.963930563082547
5,2.0,2270,2.0,0,0,3,7,2270,0,1905,0,1320,2400,13.35506114152335
4,3.0,2830,2.0,0,0,4,8,2830,0,1987,0,2250,213008,13.217491722495906
2,2.5,2350,3.0,0,2,3,10,2000,350,2007,0,1950,2390,13.864300722133706
3,2.5,2390,2.0,0,0,3,8,2390,0,2000,0,1850,17494,13.579788224443204
3,1.5,1630,1.0,0,1,3,7,1160,470,1940,0,2320,7475,13.38472764187182
4,1.75,1780,1.0,0,0,5,9,1780,0,1967,0,2100,12052,13.815510557964274
3,1.5,1180,1.0,0,0,4,7,1180,0,1962,0,1780,22486,12.425208175446844
4,2.5,2410,2.0,0,0,3,9,2410,0,1993,0,2240,7184,13.36138027787483
4,2.75,2160,1.0,0,3,3,7,1080,1080,1969,0,2450,6014,13.287877815881902
3,2.25,1630,2.0,0,0,3,7,1630,0,2004,0,1690,3200,13.073173133213556
3,2.75,2160,1.0,0,0,3,7,1380,780,1987,0,1300,4080,13.176851562688398
3,2.5,3545,1.0,0,0,3,10,2610,935,2005,0,3630,7704,13.845069360205818
3,2.75,1850,1.5,0,0,5,7,1850,0,1965,0,1250,10500,13.100526682795154
2,1.0,600,1.0,0,0,3,5,600,0,1943,0,1060,6120,11.608235644774552
2,2.5,1380,2.0,0,0,3,7,1140,240,2012,0,1580,1397,12.591335046320818
4,2.25,1770,2.0,0,0,3,7,1770,0,1998,0,1770,7591,12.765688433465597
5,2.75,3320,2.0,0,0,4,8,2190,1130,1975,0,2520,36720,13.341498907321
4,2.5,3750,2.0,0,0,3,10,3750,0,1991,0,2540,39413,13.493926933836812
1,1.0,500,1.0,0,0,1,5,500,0,1928,0,1350,7440,11.736069016284437
3,2.5,2180,2.0,0,0,3,9,2180,0,1998,0,2880,32688,13.38472764187182
4,2.25,2020,2.0,0,0,2,8,2020,0,1966,0,1800,13175,12.834681304952548
2,1.75,1340,3.0,0,0,3,8,1340,0,2009,0,1340,1090,12.793859310432293
3,1.0,980,1.0,0,0,3,6,980,0,1946,0,1140,9975,11.877568578558138
3,1.0,1060,1.0,0,0,3,8,1060,0,1954,0,1240,7874,12.948009990259552
3,1.0,1250,1.0,0,0,5,6,1250,0,1945,0,1820,217800,11.608235644774552
3,2.0,1750,1.0,0,0,3,7,950,800,1916,0,1700,5000,13.075271769870477
3,2.25,1680,1.0,0,0,5,7,1180,500,1973,0,1910,7405,13.180632285528304
5,2.75,3100,1.0,0,2,4,9,1660,1440,1973,0,3230,10279,13.790192749979985
3,2.0,1420,2.0,0,0,3,7,1050,370,2003,0,1420,8150,12.676076274775909
2,1.0,790,1.0,0,0,3,6,790,0,1950,0,1970,8970,12.411052226216713
3,1.5,1380,1.0,0,0,5,7,1380,0,1960,0,1590,9000,13.38472764187182
3,1.5,1690,1.0,0,0,4,7,1690,0,1955,0,1990,11084,12.706847933442663
3,1.75,1500,1.0,0,0,3,8,1500,0,1974,0,1920,7579,13.178743710840436
3,1.75,2080,1.0,0,0,3,7,1040,1040,1950,0,1230,5650,12.691580461311874
4,2.5,3130,2.0,0,0,3,8,3130,0,2004,0,2990,6441,13.407542319637992
3,2.5,2240,1.0,0,0,4,9,2240,0,1945,1992,2900,45738,13.82347872761345
2,2.5,1780,3.0,0,0,3,8,1780,0,1981,0,2050,4400,13.355853220772683
3,1.75,2870,1.5,0,0,4,8,1840,1030,1907,0,2200,5000,13.594863886848652
3,2.25,1900,1.0,0,0,3,7,1540,360,1969,0,1480,8284,12.736700896592344
4,2.25,2740,1.0,0,2,5,10,1980,760,1953,0,2790,10027,13.853769270081365
2,1.0,680,1.0,0,0,3,6,680,0,1917,0,1610,4800,12.80765263256463
3,2.5,1840,1.0,0,1,3,8,1340,500,1958,0,1970,7920,13.091904169919621
3,2.75,2180,2.0,0,0,3,8,2180,0,2004,0,2190,3963,13.005829561148378
3,1.75,1200,1.0,0,0,5,7,1200,0,1975,0,1270,7600,12.400816722322686
5,2.25,2120,1.5,0,0,4,7,1720,400,1910,0,1960,4000,13.432784936825598
4,1.0,2150,2.0,0,3,4,8,1850,300,1926,0,1950,3588,13.604789526648622
4,2.75,2030,1.0,0,0,4,7,2030,0,1988,0,1790,7627,12.618182296357007
4,2.25,1530,1.0,0,0,4,7,1030,500,1981,0,1710,7627,13.337474757021274
4,1.5,1800,1.5,0,0,4,8,1800,0,1929,0,1800,4275,13.681979165339751
3,1.75,1490,2.0,0,0,3,10,1090,400,2008,0,1460,1206,13.16158409055761
4,1.75,1950,1.0,0,0,3,7,1330,620,1963,0,1760,11520,12.691580461311874
3,1.75,1610,1.0,0,0,4,7,1050,560,1977,0,1550,10080,12.481808646963554
3,1.75,1140,1.0,0,0,4,7,1140,0,1968,0,1370,9800,12.235631447771718
2,1.0,1260,1.0,0,0,3,7,1000,260,1940,0,1780,4000,13.217582643985264
4,3.25,3660,2.5,0,0,3,10,3360,300,1909,1995,3240,5800,14.224967687341977
3,2.0,1410,1.0,0,0,3,7,1410,0,1940,0,1190,3840,13.08455766266843
4,1.75,2740,1.0,0,2,3,8,1370,1370,1954,0,2740,9286,13.395439297466748
2,1.75,1810,2.0,0,0,3,8,1810,0,2004,0,1350,4479,13.10011776845701
3,2.0,1360,1.0,0,0,3,7,1360,0,1994,0,1360,6987,12.425208175446844
3,3.5,1630,2.0,0,0,3,9,1360,270,2000,0,1580,1319,13.136660682105154
3,1.75,1240,1.0,0,0,3,8,1070,170,1967,0,1650,7560,12.310432660854417
4,2.75,2310,1.0,0,2,3,8,1330,980,1952,2012,2300,5650,13.017002861746503
3,1.75,1780,1.0,0,0,4,8,1420,360,1979,0,1950,17334,12.429216196844383
3,2.0,1100,1.0,0,0,3,6,1100,0,1969,2014,1050,5330,12.323855681186558
3,1.75,2330,1.5,0,0,4,7,1630,700,1940,0,1600,4000,13.312983737012978
2,2.25,1170,2.0,0,0,3,7,1170,0,2009,0,1240,750,12.72709609427261
2,1.75,2060,1.0,0,0,3,7,1030,1030,1929,0,1390,2700,13.091904169919621
2,1.5,1120,2.0,0,0,3,8,1120,0,1970,1998,1120,1549,12.994530005894443
3,1.75,1330,2.0,0,0,4,7,1210,120,1909,0,1500,4000,13.185338176565716
1,1.0,520,1.0,0,0,3,5,520,0,1930,0,800,4960,12.524526376648708
3,2.5,1590,2.0,0,0,3,7,1590,0,1991,0,1940,3924,13.025852477023484
5,2.5,1960,1.0,0,0,4,7,1360,600,1969,0,1900,7350,12.45488394359296
4,1.0,1120,1.0,0,0,3,5,860,260,1939,0,1120,4838,11.512925464970229
3,1.0,1060,1.0,0,0,5,6,1060,0,1970,0,1380,5200,12.072255497795835
4,2.0,2290,1.0,0,0,4,8,2290,0,1955,0,2300,10463,13.871890891400382
4,3.0,3380,1.0,0,1,3,8,2330,1050,1959,0,2500,11100,12.765688433465597
3,1.0,1710,1.0,0,0,3,7,1410,300,1946,0,1610,6195,13.415032991367148
4,2.75,2360,1.0,0,0,3,8,2360,0,2014,0,1440,13346,13.190022025878143
3,2.25,2240,1.0,0,1,3,7,1190,1050,1980,0,2080,9542,12.94371506597667
4,2.5,3630,1.5,0,0,3,9,2300,1330,1979,0,2830,80148,12.89921982609012
2,1.0,720,1.0,0,0,3,6,720,0,1940,0,1440,7200,12.125404742462718
4,1.75,1840,1.0,0,0,4,7,920,920,1918,0,1660,4280,13.199324418540456
4,2.5,2400,1.0,0,0,5,8,1800,600,1968,0,2440,10823,13.112313041550827
4,2.5,2190,2.0,0,0,3,8,2190,0,2010,0,2190,3600,13.199324418540456
5,3.0,2220,2.0,0,3,3,7,2220,0,2003,0,2340,6316,12.821258284620408
3,2.5,2110,2.0,0,0,4,8,2110,0,1989,0,2110,3727,12.779873068457553
5,2.5,2500,1.0,0,0,3,7,1300,1200,1979,0,2120,19352,12.367340793126296
3,1.0,1280,1.5,0,0,4,6,1280,0,1947,0,1120,8184,12.624782980388359
3,1.0,840,1.0,0,0,3,6,840,0,1959,0,840,9324,12.128111104060462
5,2.25,2320,1.0,0,0,4,7,1270,1050,1967,0,1760,7600,12.468436909997665
3,1.75,1920,1.0,0,0,3,7,1920,0,1968,0,1920,9760,12.89921982609012
2,1.0,1130,1.0,0,0,4,7,1130,0,1916,0,1470,3800,13.091904169919621
4,1.75,3010,1.0,0,0,3,8,1780,1230,1952,0,2040,7560,12.901716706288706
4,2.25,1930,1.0,0,0,3,8,1300,630,1960,0,1930,7200,12.814478597635029
3,2.75,2600,2.0,0,0,3,9,2600,0,1994,0,2800,11504,12.959844447906553
3,2.5,2560,2.0,0,0,3,8,2560,0,2001,0,2560,5185,13.265597545490236
4,1.75,2170,1.0,0,2,3,7,1370,800,1975,0,1450,5750,13.284482226880764
4,2.5,2650,2.0,0,0,4,9,2650,0,1984,0,2880,14054,13.676248490630767
3,1.0,1060,2.0,0,0,4,7,1060,0,1962,1997,2010,8901,13.074223002076394
3,1.75,1680,1.0,0,0,4,7,1680,0,1959,0,1690,9448,13.051940913107783
3,2.25,2930,3.0,0,2,3,9,2670,260,1999,0,2450,6460,13.86191693077843
4,1.75,2320,1.0,0,0,3,7,1160,1160,1959,2014,2130,7320,12.691426603322494
3,1.5,1280,1.0,0,0,4,7,1280,0,1960,0,1510,10005,12.911642346088676
2,1.0,1010,1.0,0,0,3,7,1010,0,1955,0,1580,7500,12.069680020624618
3,1.5,1320,1.0,0,0,3,7,1320,0,1971,0,1380,7201,12.821258284620408
4,5.5,5060,2.0,0,0,3,11,5060,0,2008,0,3010,10080,14.580978400103845
3,3.0,2830,2.0,0,3,3,8,1840,990,1915,0,3420,6360,13.898011779476018
3,1.75,1220,1.0,0,0,3,7,1220,0,1978,0,2000,8028,12.35017298950393
2,1.0,700,1.0,0,0,3,6,700,0,1951,0,1020,5617,12.154779351142624
3,1.5,1790,1.5,0,1,3,7,1790,0,1910,0,1960,6047,13.206704525838079
3,1.0,1250,1.0,0,0,3,7,1250,0,1971,0,1390,9650,12.072541252905651
4,1.75,2040,1.0,0,0,3,8,1440,600,1977,0,1910,10026,13.199324418540456
3,2.5,2690,2.0,0,0,5,7,1840,850,1943,0,1800,6435,13.737549016494562
2,1.75,1060,2.0,0,0,3,7,1060,0,1977,0,1760,4590,12.948009990259552
3,1.0,1030,1.0,0,0,3,7,1030,0,1960,1997,1160,7250,12.441144767709657
3,1.75,1630,1.0,0,0,4,7,1630,0,1956,0,1600,11120,12.973863369085885
4,2.5,3150,2.0,0,0,4,9,3150,0,1966,0,3200,11900,14.043840635965784
3,2.25,2350,1.0,0,0,5,7,1020,1330,1948,0,1570,5000,13.507625778194974
3,2.5,2040,2.0,0,0,3,8,2040,0,2000,0,1830,11964,12.94084150078094
4,2.5,3110,2.0,0,0,3,8,3110,0,2002,0,3110,5190,12.864887147009613
3,1.0,1100,2.0,0,0,4,7,1100,0,1900,0,1540,5100,12.89921982609012
3,3.5,3620,2.0,0,0,3,10,2920,700,1999,0,3680,9624,13.96737290727352
2,1.0,1240,1.0,0,1,4,7,1060,180,1938,0,1240,6400,13.233904752137237
3,1.75,1430,1.0,0,0,3,7,1430,0,1959,0,1890,10350,13.180632285528304
4,3.25,3090,2.0,0,0,3,10,3090,0,1988,0,3200,65775,13.645907773578093
4,2.5,3480,2.0,0,0,3,9,3480,0,2003,0,3490,6629,13.602317337503232
3,2.5,2030,2.0,0,0,3,8,1720,310,2001,0,1670,2898,13.062613372998555
5,3.5,4460,3.0,0,2,3,10,3280,1180,2015,0,2490,4231,13.102160670086809
3,2.0,1360,1.5,0,0,3,8,1360,0,1936,0,1450,4840,12.853175887588712
4,2.75,3340,2.0,0,0,3,11,3340,0,2013,0,3340,6940,13.776769729647844
3,1.75,1460,1.0,0,0,2,7,1040,420,1979,0,1310,7865,12.358793732547838
4,2.5,2720,1.0,0,0,4,7,1360,1360,1955,0,1790,8000,13.473020249017498
4,2.75,2360,1.0,0,0,3,7,1390,970,1978,0,2160,8794,12.911642346088676
3,1.5,1380,1.0,0,0,4,7,1380,0,1967,0,1600,10720,12.560244459250788
3,1.0,1010,1.0,0,0,3,6,1010,0,1979,0,1180,10318,12.611537753638338
5,2.75,2540,1.0,0,0,4,8,1540,1000,1955,0,2510,5182,13.182517300224076
4,2.0,2200,1.0,0,0,3,7,1100,1100,1979,0,1790,7700,12.538967060803502
3,1.75,2440,1.0,0,0,4,7,1220,1220,1962,0,1650,9711,12.544329003944888
3,1.5,1260,1.0,0,0,3,7,870,390,1941,0,1620,7000,12.93579280632096
4,2.75,3820,2.0,0,0,3,10,3820,0,2014,0,2330,12000,14.058417520119434
3,1.75,1540,3.0,0,0,3,8,1540,0,2014,0,1580,3090,13.215853720491667
4,2.0,1750,1.0,0,0,4,5,1750,0,1943,0,1440,7865,12.203569515312056
2,2.5,2680,1.0,0,0,3,9,2680,0,2002,0,2310,7395,13.566985094047014
4,3.5,2980,2.5,0,0,3,10,2490,490,2006,0,2880,2428,13.444446876573442
5,2.5,2460,2.0,0,0,3,8,2460,0,2011,0,2210,6395,12.788288265382837
3,1.0,980,1.0,0,0,4,7,980,0,1966,0,1830,9903,12.721885810807203
3,2.5,1710,2.0,0,0,3,8,1570,140,2005,0,2120,2856,13.197470849891134
4,2.5,2060,2.0,0,0,3,8,2060,0,1995,0,1630,7720,12.398963153673362
3,1.5,1010,1.0,0,0,4,7,1010,0,1962,0,1400,9660,11.982929094215963
5,3.25,3160,2.0,0,2,3,10,2180,980,2005,0,3160,5746,13.771558670435091
3,2.5,1660,2.0,0,0,3,7,1660,0,2009,0,1670,4050,12.690040815126281
1,1.0,780,1.0,0,0,3,5,780,0,1905,0,1150,4000,11.407564949312402
4,2.5,3110,2.0,0,3,4,10,3110,0,1984,0,3110,11586,13.77468856344402
3,2.5,1680,3.0,0,0,3,8,1680,0,2008,0,1740,1280,13.232114241363448
3,2.0,2300,1.0,0,0,4,8,1150,1150,1938,0,2300,5000,13.38472764187182
3,1.5,1530,1.5,0,0,3,7,1530,0,1986,0,2080,11250,12.487485104968359
4,3.0,3550,1.5,0,0,4,10,2180,1370,1990,0,3170,12937,13.487006490992238
4,2.5,2520,2.0,0,0,5,8,1670,850,1925,0,2290,3600,13.933293593620657
3,1.75,1650,1.5,0,0,4,8,1650,0,1900,0,1630,5000,13.500799813124575
4,2.5,2780,1.0,0,3,3,7,1390,1390,1967,0,2860,10506,13.805460222110773
3,2.5,3140,2.0,0,0,3,10,3140,0,1991,0,3140,10983,13.604789526648622
4,3.25,3330,2.0,0,0,3,9,2870,460,2004,0,2550,6349,14.006130917572923
3,1.0,1170,1.5,0,0,4,7,1170,0,1924,0,1590,4219,13.032438669876342
4,1.75,2000,1.0,0,2,3,7,1300,700,1959,0,1930,6032,13.024750548537328
5,2.5,3750,2.0,1,4,3,10,3750,0,1925,0,3540,24293,14.881255243006766
3,2.5,1970,1.5,0,0,3,6,1230,740,1927,0,1470,4080,12.583481155855813
3,2.25,1370,2.0,0,0,4,7,1370,0,1992,0,1370,6200,12.567237494741757
3,2.5,2000,2.0,0,0,4,7,2000,0,1993,0,2000,7414,12.577636201962656
4,1.0,1000,1.0,0,0,3,6,1000,0,1943,0,1020,7138,12.013700752882718
4,3.25,3730,2.0,0,0,3,9,2760,970,2015,0,1800,4560,13.296316684527767
6,2.0,2210,2.0,0,0,4,7,2210,0,1969,1995,1390,9912,12.793859310432293
4,2.75,2400,1.0,0,0,5,7,1320,1080,1953,0,2470,10736,12.8802918162046
3,2.5,2250,2.0,0,0,3,8,2250,0,1988,0,2360,11632,13.195613839143922
4,3.0,1680,1.0,0,0,3,7,1150,530,1997,0,1820,6207,12.345834587905333
3,2.0,1630,1.0,0,0,3,9,1630,0,1987,0,2250,9890,13.005829561148378
4,2.5,2610,2.0,0,0,3,8,2610,0,1988,0,2280,9033,12.793859310432293
3,2.5,2830,3.0,1,4,3,10,2830,0,2006,0,2830,38211,14.45631125815201
4,2.5,1960,2.0,0,0,3,7,1960,0,1998,0,1870,5250,12.637855061955712
3,1.0,1050,1.0,0,0,3,6,1050,0,1942,0,740,6300,12.301382825334498
3,1.0,1250,1.0,0,0,3,7,1250,0,1967,0,1300,7920,12.323855681186558
3,1.0,1250,1.0,0,0,3,6,1250,0,1942,0,1500,10710,12.524526376648708
3,2.25,2220,1.0,0,0,3,7,1330,890,1993,0,1930,5625,12.706847933442663
3,2.5,2710,2.0,0,0,3,9,2710,0,1998,0,2730,7266,13.243607084689692
4,3.0,3610,2.0,0,0,3,10,3610,0,1993,0,3568,18948,13.142166004700508
4,2.5,2610,2.0,0,0,3,8,2610,0,2006,0,1190,5101,13.421875201609687
2,1.0,1020,1.0,0,0,3,7,1020,0,1930,1973,1380,6380,12.577636201962656
4,2.5,2580,2.0,0,0,3,9,2580,0,1999,0,3030,10361,13.458835614025542
3,2.75,1740,1.0,0,0,3,7,1740,0,2010,0,2380,5647,12.524526376648708
3,1.0,1520,1.0,0,0,3,7,1520,0,1954,0,1360,7219,12.800779753276867
2,1.0,670,1.0,0,0,3,6,670,0,1903,0,1960,7176,12.367340793126296
3,2.0,2020,1.0,0,0,4,7,1010,1010,1975,0,2110,36590,12.948009990259552
3,1.5,1720,1.0,0,0,3,8,1720,0,1955,0,1730,6840,12.685407602204794
3,1.0,1580,1.0,0,0,4,7,1040,540,1978,0,1480,9200,12.441144767709657
4,1.75,2380,1.0,0,0,3,8,1610,770,1978,0,2540,12608,12.948009990259552
3,1.75,2410,1.0,0,0,4,8,1410,1000,1981,0,2410,49207,12.976180867226248
4,3.25,2820,2.0,0,0,4,8,2820,0,1976,0,2360,8600,12.976180867226248
5,1.75,2190,1.0,0,2,3,7,1190,1000,1963,0,2570,8250,12.86099861326992
3,2.0,1550,1.0,0,0,4,8,1550,0,1965,0,1860,8000,12.611537753638338
3,1.0,1290,1.0,0,0,3,7,1290,0,1956,0,1410,11196,12.524526376648708
3,1.0,1340,1.0,0,0,3,5,1340,0,1953,0,1800,128066,12.254862809699606
4,3.5,3480,2.0,0,0,3,9,2460,1020,2015,0,2620,4000,14.403297222866392
4,2.25,2240,2.0,0,0,3,8,2240,0,1971,0,2050,9240,12.699243334057444
2,1.0,760,1.0,0,0,3,6,760,0,1950,0,1220,7410,11.819674600139235
4,1.75,1250,1.0,0,0,4,7,910,340,1979,0,1410,8378,12.589803261492332
4,2.75,2190,2.0,0,0,4,8,2190,0,1996,0,2430,6687,12.721885810807203
3,2.25,2670,2.0,0,0,3,9,2670,0,1985,0,3080,81054,13.670484785914017
4,2.5,1900,1.0,0,0,3,7,1900,0,1968,1997,1420,8350,12.506177237980511
3,1.75,1800,1.0,0,0,3,7,1170,630,1952,0,1720,5102,13.39239051461739
4,2.25,2820,1.0,0,1,3,8,1950,870,1974,0,2890,9602,13.527828485512494
4,2.25,2130,1.0,0,0,3,7,1430,700,1969,0,2120,8826,13.180632285528304
3,1.0,1210,1.0,0,0,3,6,1210,0,1959,0,990,7590,12.779873068457553
3,1.0,1120,1.0,0,0,4,6,1120,0,1934,0,1010,335289,12.345834587905333
3,1.75,1600,1.0,0,0,3,7,1030,570,1941,0,2150,4000,13.444446876573442
3,2.75,2830,2.0,0,0,3,8,2830,0,2012,0,2160,3501,13.419500608626866
2,1.75,1680,1.0,0,0,3,6,840,840,1914,0,1830,6720,12.718896271958837
4,2.5,2510,2.0,0,2,3,9,2510,0,2006,0,3400,6965,13.012548511397123
2,1.0,790,1.0,0,0,4,6,790,0,1944,0,800,7450,12.040608205802641
3,2.0,2090,1.0,0,0,3,9,2090,0,1992,0,1820,8770,13.235692062711331
4,2.75,1960,1.0,0,0,4,7,1000,960,1968,0,1830,6180,13.262125319779487
4,2.5,2100,1.0,0,0,4,8,1300,800,1975,0,2160,8348,13.316284070041636
5,4.25,6510,2.0,0,3,4,11,3250,3260,1980,0,4480,16471,14.457364444136669
2,2.25,1660,2.0,0,0,3,7,1660,0,1995,0,1620,3167,12.367340793126296
5,2.25,2680,1.0,0,0,3,8,1340,1340,1976,0,2220,13181,13.304601597392535
4,5.0,5820,2.0,0,0,3,11,3750,2070,1993,0,2980,13000,13.572801851155225
3,1.0,1050,1.0,0,0,3,7,1050,0,1952,0,1720,6000,12.89921982609012
3,2.5,2070,1.0,0,0,5,6,2070,0,1917,0,1350,17998,12.65075846679162
3,3.0,2240,2.0,0,0,4,7,1710,530,1950,0,1530,5244,12.896716695872
5,4.25,4640,2.0,1,4,5,8,2860,1780,1952,0,3140,14200,14.603967918328545
3,2.5,2280,2.0,0,0,3,9,2280,0,1984,0,2400,9536,13.266463721378086
4,1.75,2390,1.0,0,0,3,8,1470,920,1979,0,2110,12000,13.38472764187182
3,2.25,1584,2.0,0,0,3,7,1584,0,2012,0,1584,2800,12.47227568630483
3,1.0,1020,1.0,0,0,3,6,780,240,1948,0,1330,5909,12.367340793126296
3,1.75,1650,2.0,0,0,5,8,1300,350,1977,0,1760,7206,12.953352834670046
2,1.75,1270,1.0,0,0,4,7,890,380,1981,0,2020,8025,12.608198852372823
6,3.75,3810,2.0,0,0,4,8,3810,0,1977,0,1830,5125,13.541073712262515
4,2.5,2790,2.0,0,0,3,9,2790,0,1987,0,2890,42421,13.392314175825796
4,2.5,2090,2.0,0,0,3,7,2090,0,2007,0,2090,5236,12.611537753638338
4,2.5,1970,2.0,0,0,3,7,1970,0,1987,0,1970,7682,12.524162674153336
3,2.5,1710,2.0,0,0,3,8,1140,570,2003,0,1260,1316,13.269057756555132
5,3.0,2870,2.0,0,0,3,8,2090,780,2007,0,2640,4610,13.199324418540456
3,1.5,990,1.0,0,0,5,7,990,0,1948,0,1490,4000,12.951575056424048
3,2.0,1370,1.0,0,0,4,7,1110,260,1979,0,1640,9040,12.356645504009547
3,2.75,2290,1.0,0,0,5,7,1400,890,1967,0,2540,8640,13.083622549087899
3,2.0,1680,1.0,0,1,4,7,1680,0,1987,0,1680,4921,12.821258284620408
4,2.5,2290,2.0,0,0,3,8,2290,0,1985,0,2150,10186,13.38472764187182
2,1.0,780,1.0,0,0,4,6,780,0,1924,0,2220,8271,12.672946381766982
3,2.25,1820,1.0,0,0,3,7,1260,560,1974,0,1850,7384,12.959844447906553
3,1.5,2560,1.5,0,0,5,8,1660,900,1927,0,2560,4000,13.897090544956697
2,1.0,1050,1.5,0,3,4,6,1050,0,1910,0,2540,13680,13.163505320735505
3,1.5,1270,3.0,0,0,3,8,1270,0,2007,0,1270,1413,12.994530005894443
3,1.5,1890,1.0,0,0,3,7,1190,700,1959,0,2060,9000,12.388394202324129
2,1.0,910,1.0,0,0,1,6,910,0,1926,0,2000,14566,12.628067055589549
3,1.0,1350,1.0,0,0,4,7,950,400,1959,0,1470,7560,12.388394202324129
3,2.5,2040,2.0,0,0,3,8,2040,0,1995,0,2390,9868,13.102160670086809
4,1.0,1900,1.0,0,0,4,7,1290,610,1948,0,1950,10800,12.697715449879391
2,2.5,1770,2.0,1,4,3,8,1770,0,1957,2004,2410,10476,13.976778705560397
4,2.75,2170,2.0,0,0,3,8,2170,0,2014,0,1170,8147,13.219490088135052
4,2.5,3130,1.0,0,4,3,9,2530,600,1956,0,3680,23000,13.750972036826703
4,1.75,1490,1.0,0,0,4,8,1100,390,1969,0,2190,8910,12.502466658583977
3,2.5,1990,2.0,0,0,3,9,1990,0,1993,0,2210,7397,13.19188944005294
3,2.0,1108,3.0,0,0,3,7,1108,0,2009,0,1285,1253,12.819906019370393
4,2.0,1650,1.0,0,0,3,7,1130,520,1972,0,1650,5184,12.983101310070822
3,2.5,2753,1.0,1,2,5,9,2165,588,1953,0,2680,72513,14.115615150414612
3,1.0,1330,1.0,0,0,3,7,960,370,1963,0,1460,11550,12.865921540688605
3,2.5,2520,1.5,0,0,3,7,2520,0,1988,0,2020,56628,13.121362877070744
4,3.0,2110,2.0,0,0,3,9,1710,400,2007,0,2000,1286,13.279367126213993
4,1.75,1310,1.0,0,0,4,7,1310,0,1967,0,2280,9618,12.685407602204794
3,1.75,1770,1.0,0,0,3,8,1300,470,1963,0,1430,3880,13.410545324897761
3,2.5,1270,2.0,0,0,3,8,1270,0,2004,0,1420,2206,12.745485726148077
3,3.5,3020,2.0,0,0,3,9,2080,940,1954,2004,2060,5102,13.721199878493033
3,2.5,2020,1.0,0,0,3,7,1310,710,1994,0,1710,5151,12.441144767709657
3,1.75,2060,1.0,0,0,4,7,1350,710,1984,0,1850,8722,13.345506928718539
4,1.75,2260,1.5,0,0,5,7,1360,900,1924,0,1410,7465,12.84792653170257
4,2.5,3280,2.0,0,0,3,9,3280,0,1996,0,3200,26960,13.457406021215947
4,3.5,3828,2.5,0,0,3,9,3828,0,2014,0,2120,18900,13.222932432326024
4,4.0,6050,2.5,0,2,3,9,4150,1900,2009,0,2700,199504,13.742939865129438
3,2.5,1920,2.0,0,0,3,7,1920,0,1990,0,2370,15235,12.826649133255284
4,3.5,3640,2.0,0,0,3,9,3640,0,2014,0,3590,6104,13.7525707581904
4,2.5,3020,2.5,0,0,3,9,3020,0,2009,0,2570,3600,13.5985975564007
3,2.5,1670,1.0,0,0,4,7,1300,370,1990,0,1490,8143,12.506177237980511
4,4.25,4480,2.0,0,0,3,7,3680,800,2003,0,2190,6070,13.102160670086809
2,1.0,950,1.0,0,0,3,6,950,0,1926,0,1820,8221,12.167851432709975
4,3.25,3680,1.0,0,3,5,10,1840,1840,1959,0,2700,9100,13.864300722133706
3,1.0,1410,2.0,0,0,4,6,1410,0,1901,0,1640,7200,13.458835614025542
3,2.25,1760,1.0,0,0,4,7,1330,430,1979,0,2210,11337,13.321132265576884
3,2.0,1930,1.0,0,0,3,8,1260,670,1964,0,2030,8750,13.253391639810733
2,1.75,1510,1.0,0,0,3,8,1510,0,1978,0,1740,6000,13.056223574899784
3,2.5,2120,2.0,0,0,3,7,2120,0,2001,0,2280,4380,13.23560277301084
4,2.5,2110,1.0,0,0,4,8,1290,820,1985,0,2740,36427,13.038981768465277
3,2.5,1940,2.0,0,0,4,8,1940,0,1994,0,2810,8333,13.081541382884074
3,1.5,1490,1.0,0,0,4,7,1490,0,1950,0,1180,14285,12.818248353914994
4,2.5,2740,2.0,0,0,3,8,2740,0,1993,0,2260,7035,13.386264921190707
4,2.5,3000,2.0,0,0,3,8,3000,0,2005,0,3000,6589,13.279367126213993
3,1.0,1250,1.5,0,0,3,7,1250,0,1955,0,1490,6180,12.358793732547838
3,2.25,1230,3.0,0,0,3,8,1230,0,2013,0,1760,5664,13.215853720491667
4,1.75,1920,1.0,0,0,4,8,1500,420,1975,0,2100,7344,12.739637756265655
2,2.0,1040,1.0,0,0,2,6,850,190,1950,0,1350,5000,11.982929094215963
3,2.5,1740,2.0,0,0,3,8,1740,0,2000,0,1910,3075,13.217673557208654
4,3.0,2910,1.0,0,0,5,8,1800,1110,1970,0,2390,7660,13.623138665316818
4,2.5,2580,2.0,0,0,3,8,2580,0,2002,0,2380,5823,13.221756121282363
2,0.75,720,1.0,0,0,3,4,720,0,1949,0,1290,4120,11.925035115797062
4,3.25,2820,1.0,0,0,3,7,1410,1410,1958,0,2320,6611,13.091904169919621
5,1.75,1730,1.0,0,0,5,7,1010,720,1963,0,1730,7728,12.498742259492994
3,2.75,2770,1.0,0,0,4,8,1650,1120,1959,0,2340,5800,13.892471599100402
4,2.5,1680,2.0,0,0,3,7,1680,0,2003,0,1420,5500,12.579358855274103
4,1.75,2000,1.0,0,0,5,8,1120,880,1950,0,1370,5000,13.493926933836812
3,2.5,3080,2.0,0,0,3,9,3080,0,2006,0,2860,5273,13.102160670086809
4,2.5,2980,2.0,0,0,3,9,2980,0,1993,0,2980,10053,13.499339843778206
4,2.5,3060,2.0,0,0,3,9,3060,0,2006,0,2870,5548,13.473020249017498
3,1.75,2360,1.0,0,0,4,8,1360,1000,1948,0,1860,5499,13.329377546788654
4,2.75,3270,2.0,0,0,3,9,3270,0,2014,0,2420,7505,13.7525707581904
4,2.0,2130,1.5,0,0,5,7,1650,480,1919,0,1330,2719,13.321214236149494
6,2.75,2940,1.0,0,0,3,8,1780,1160,1978,0,2120,8236,12.66032791780777
3,2.25,2300,1.0,0,2,4,8,1580,720,1960,0,2500,12430,13.287877815881902
3,1.75,2720,1.5,0,0,3,9,2720,0,1988,0,2560,149410,13.190022025878143
4,2.75,3220,1.5,0,0,4,9,2320,900,1931,0,2310,5795,13.687677186454389
3,2.25,2360,2.0,0,0,4,8,2080,280,1913,0,2840,5470,14.09692301740246
3,1.5,1870,1.0,0,0,3,7,1470,400,1936,0,1340,7620,13.038981768465277
4,1.75,2120,1.5,0,0,4,8,1920,200,1929,0,2300,4000,13.795307850646754
2,1.0,1310,1.0,0,0,3,6,810,500,1944,0,1300,1344,12.610870864650634
4,3.25,3600,2.0,0,2,3,11,3310,290,1991,0,2440,22693,14.162640089059476
4,2.5,3180,2.0,0,0,3,9,3180,0,1988,0,3020,15522,13.560618308335483
4,2.5,4040,2.0,0,0,3,10,4040,0,2000,0,3230,22247,13.547631112808673
4,3.25,2800,2.0,0,0,3,7,2800,0,2011,0,2380,5291,12.691580461311874
3,1.5,1890,1.0,0,0,3,7,1090,800,1967,0,1750,6183,12.89921982609012
2,1.0,790,1.0,0,0,3,6,790,0,1947,0,970,12700,12.542544882151386
3,2.5,1430,1.5,0,0,4,7,1430,0,1910,0,1740,4275,13.487007879880162
3,1.75,1930,1.0,0,1,4,7,1150,780,1951,0,1590,9000,12.751299696013497
3,2.75,2550,2.0,0,0,4,8,1980,570,1967,0,2180,21600,13.287877815881902
2,1.75,1350,1.0,0,0,3,7,1350,0,2005,0,1370,3570,12.429216196844383
4,2.0,1960,1.0,0,0,4,7,1050,910,1963,0,2340,44967,12.983101310070822
3,1.75,3600,2.0,0,0,4,6,2400,1200,1948,0,2290,8200,13.041153321978786
3,2.5,1590,2.0,0,0,3,7,1110,480,1984,0,1590,3880,13.262125319779487
4,2.75,3580,1.0,0,0,3,10,1840,1740,1979,0,2910,12428,13.687563543633653
3,2.5,1970,2.0,0,0,3,8,1970,0,1992,0,1970,9197,12.542544882151386
2,1.0,1000,1.0,0,0,3,7,800,200,1948,0,1060,5500,13.17115354157376
4,2.0,2000,1.5,0,0,4,8,2000,0,1917,0,1390,6001,13.535928921546361
3,1.75,1270,1.5,0,0,5,7,1270,0,1903,0,1490,3600,13.01477816672439
5,1.0,1460,2.0,0,0,4,6,1460,0,1941,0,1060,10300,12.388185847286392
5,2.25,2060,2.5,0,0,3,8,2060,0,1907,0,1740,4800,13.611239054032211
3,2.25,2250,2.0,0,0,4,8,1510,740,1975,0,2240,7200,13.527828485512494
4,2.0,2200,1.0,0,0,3,7,1100,1100,1908,2000,1410,5100,12.788288265382837
4,3.5,3350,2.0,0,0,3,9,2550,800,2007,0,1050,4960,13.825460888817442
3,2.5,1680,2.0,0,0,3,7,1680,0,1989,0,1550,8284,12.437184366493561
2,1.0,1140,1.5,0,0,3,6,1140,0,1911,0,1190,5750,12.676076274775909
3,1.5,1470,1.0,0,0,4,7,1130,340,1918,0,2120,4480,13.32612021491835
3,2.25,1690,1.0,0,0,3,7,1250,440,1985,0,1670,7747,12.396693005138824
3,2.5,2238,2.0,0,0,3,8,2238,0,2011,0,2456,7212,12.706847933442663
4,2.5,2620,2.0,0,0,3,9,2620,0,1991,0,2760,8174,13.038981768465277
4,4.5,3890,2.0,0,3,3,11,3060,830,2004,0,4170,6052,13.785051350479566
4,2.5,2040,2.0,0,0,3,7,2040,0,2011,0,2020,20502,12.765688433465597
3,1.75,2060,2.0,0,0,4,9,1500,560,1918,0,1830,3712,13.604789526648622
4,3.0,3220,2.0,0,0,3,9,2450,770,1990,0,2810,10500,12.971540487669746
4,2.75,3000,2.0,0,0,3,9,3000,0,2004,0,3340,7222,13.465953081794405
4,2.5,2520,1.0,0,0,3,8,1520,1000,1979,0,2050,10940,13.244581010128577
4,2.5,3420,2.0,0,0,3,10,3420,0,2000,0,3230,8460,13.641157170819497
3,1.75,1680,1.0,0,2,3,8,1680,0,1950,0,1880,7750,13.369223455335854
2,1.0,880,1.0,0,0,3,7,880,0,1951,0,1370,5243,12.936033799212835
4,2.0,2120,1.5,0,0,4,7,2120,0,1960,0,1720,8527,12.429216196844383
4,1.5,3160,1.5,0,0,4,6,1840,1320,1968,0,1540,8611,12.721885810807203
2,1.75,1570,3.0,0,0,3,9,1570,0,2007,0,1940,1160,13.487006490992238
4,3.75,4420,2.0,0,1,3,9,3420,1000,1962,2005,2880,9900,13.737549016494562
8,3.0,3840,1.0,0,0,3,7,2530,1310,1961,0,1380,8172,13.262125319779487
4,2.5,2440,2.0,0,0,3,8,2440,0,1996,0,2560,33341,13.244581010128577
3,2.5,1700,2.0,0,0,3,8,1700,0,2005,0,1700,3600,13.189087009447237
4,2.5,2820,1.0,0,2,4,9,1820,1000,1972,0,2560,11998,13.017002861746503
3,1.75,1490,1.0,0,0,4,7,1200,290,1978,0,1540,8000,12.220961258023925
4,3.75,3070,2.0,0,0,5,9,2400,670,1927,0,2940,5573,14.266586177324491
2,1.0,1500,1.0,0,0,3,7,1190,310,1926,0,1420,6561,13.253391639810733
4,2.0,2120,1.5,0,0,4,7,1720,400,1927,0,1760,4000,13.29967239237474
4,2.5,2601,2.0,0,0,3,9,2601,0,1995,0,2080,32336,13.345506928718539
3,2.25,1800,2.0,0,0,3,7,1800,0,1995,0,1760,6589,12.853175887588712
3,1.75,1710,1.0,0,0,4,7,1240,470,1974,0,1840,7245,12.5177690518128
3,1.75,1820,1.0,0,0,3,7,1250,570,1977,0,2030,22320,12.948009990259552
3,2.5,1780,1.0,0,0,3,7,1230,550,1990,0,1780,6771,12.644327576461329
4,2.5,2350,1.5,0,0,4,8,1690,660,1910,0,1750,3150,13.676593258777604
3,1.0,1010,1.0,0,0,5,7,1010,0,1969,0,1230,9750,12.216022976383341
3,2.25,2560,1.0,0,0,4,9,1280,1280,1977,0,2760,57063,13.049792684569493
4,2.25,1700,2.0,0,0,3,7,1700,0,1999,0,1650,6025,12.504323669331189
3,1.0,1140,1.0,0,0,4,6,1140,0,1981,0,1690,87300,12.404103496029308
3,3.25,3030,2.0,0,2,3,9,2220,810,1905,2005,2040,6600,14.01436141670944
4,2.25,1960,1.0,0,0,4,8,1330,630,1976,0,1540,15000,13.068962600677214
4,3.25,3760,1.5,0,0,5,9,2400,1360,1950,0,3430,11050,14.27293540500315
5,2.5,2820,2.0,0,0,4,7,2380,440,1960,0,1910,10392,13.414958361716755
3,3.5,2100,2.0,0,0,3,9,2100,0,1980,0,2400,7776,12.782686009834167
3,3.75,2780,2.0,0,0,3,10,2780,0,1999,0,3110,5717,13.610943392223
4,3.5,3190,2.0,0,2,3,8,2120,1070,1999,0,2550,6875,13.422467969854667
2,1.5,1000,1.0,0,0,3,7,1000,0,1942,1968,1090,5100,13.098070684835283
2,1.0,800,1.0,0,0,3,7,800,0,1906,0,1410,5000,12.983101310070822
2,1.75,1070,1.5,0,0,3,7,1070,0,1995,0,970,9750,12.392552212472792
4,4.0,3200,2.0,0,0,3,10,3200,0,2004,0,3480,7944,13.487006490992238
4,2.5,2990,2.0,0,3,3,9,2990,0,1999,0,3715,29170,13.493926933836812
2,1.0,1060,1.0,0,0,3,7,860,200,1906,0,1060,4187,13.151922179645874
3,3.5,2320,2.0,0,0,3,9,2060,260,1997,0,2320,3187,13.180632285528304
6,2.0,2650,1.5,0,0,3,8,2650,0,1911,0,1640,4879,12.618182296357007
4,2.75,2810,2.0,0,0,3,9,2810,0,2014,0,3060,4934,13.182809159700518
4,2.25,2000,2.0,0,1,4,7,2000,0,1967,0,2170,10374,12.676076274775909
3,2.25,1640,1.0,0,0,4,8,1640,0,1962,0,2110,8400,13.151922179645874
5,2.75,2910,1.5,0,0,3,8,2910,0,1939,0,2940,6600,13.997832114758229
3,1.75,2100,1.0,0,0,3,7,1300,800,1943,0,2220,5912,13.270783382522602
2,1.0,1396,1.0,0,0,3,7,1396,0,1940,1997,2020,111949,12.323855681186558
2,2.25,1540,3.0,0,0,3,9,1540,0,2007,0,1410,964,13.369223455335854
4,2.5,2620,2.5,0,0,4,9,2620,0,1974,0,2580,9525,13.639250592548915
3,1.75,1540,1.0,0,0,4,6,1040,500,1919,0,1200,5400,12.979647075202733
4,3.25,3990,2.0,0,0,4,11,3990,0,1989,0,3450,16087,14.81614243827218
4,2.5,2669,2.0,0,0,3,9,2669,0,2014,0,2669,4645,12.905189472243153
5,2.25,2060,1.0,0,0,3,7,1030,1030,1962,0,1010,11680,12.449018824140563
4,4.0,3430,2.0,0,0,4,10,2390,1040,1986,0,3240,35020,13.632188500836737
2,1.0,920,1.0,0,0,4,7,920,0,1938,0,1230,5029,13.304684934198283
4,2.5,2310,2.0,0,0,3,8,2310,0,2014,0,1830,7200,12.89921982609012
5,2.0,1590,1.0,0,0,5,7,1060,530,1962,0,1460,8210,12.417143615610113
4,2.75,2410,1.5,0,0,5,8,2070,340,1909,0,1960,5650,13.521139497361697
4,3.0,2760,1.0,0,0,4,8,1760,1000,1974,0,1900,13113,13.217673557208654
4,2.5,2680,2.0,0,0,3,8,2680,0,2009,0,2750,4548,13.527828485512494
4,2.75,2110,1.0,0,0,4,7,1290,820,1979,0,1980,11016,12.676076274775909
1,1.0,730,1.0,0,0,3,7,730,0,2008,0,1020,2183,12.68075282265981
3,2.0,2330,1.0,0,0,3,7,1390,940,1986,0,1570,7227,12.506177237980511
3,2.5,2100,2.0,0,0,3,9,2100,0,2008,0,1820,4764,13.805864180912469
6,3.0,3020,2.0,0,0,3,8,3020,0,1952,2002,1720,13500,13.710150042306449
3,1.5,1460,1.0,0,0,3,7,1100,360,1971,0,2330,7560,13.197470849891134
4,2.25,2260,1.0,0,0,4,9,2260,0,1967,0,2650,37318,13.737549016494562
3,1.75,1410,2.0,0,0,3,8,1410,0,2014,0,1410,1988,12.541830341213517
3,1.75,1660,1.0,0,0,3,8,1380,280,1981,0,2030,9500,12.948009990259552
5,2.75,2810,1.0,0,0,3,8,1440,1370,1964,0,2480,13144,13.226723392728571
3,2.25,1540,3.0,0,0,3,7,1540,0,2014,0,1230,1454,13.016891744462095
3,1.75,1300,1.5,0,0,3,7,1300,0,1925,1992,1590,6380,13.19188944005294
3,1.5,1960,1.5,0,0,3,7,1960,0,1915,0,1880,4080,13.369223455335854
4,3.5,3090,2.0,0,0,3,8,2420,670,1992,0,1720,4080,13.541073712262515
3,1.75,2210,1.0,0,0,3,8,1390,820,1958,0,2050,16200,13.345506928718539
5,3.5,3700,2.0,0,0,3,9,2890,810,2011,0,3620,5460,13.62918097977278
5,3.0,3640,2.0,0,0,3,8,3640,0,2004,0,3740,7182,13.226723392728571
3,2.5,1610,2.0,0,0,5,7,1610,0,1994,0,1840,8190,12.672946381766982
4,1.75,1440,1.0,0,0,4,7,1440,0,1961,0,1720,9748,13.065793025915934
4,2.5,3680,2.0,0,0,3,10,3680,0,1986,0,2830,11251,13.720100373159616
3,2.5,2437,2.0,0,0,3,7,2437,0,2011,0,2437,4614,12.560244459250788
3,3.0,3850,2.0,0,1,3,10,3850,0,2000,0,2970,14050,13.617059619240436
3,3.25,3890,2.0,0,0,3,12,2890,1000,2006,0,2860,2199,14.626440774180603
2,1.0,1450,1.0,0,0,3,7,1450,0,1967,0,1240,6380,12.767115985456782
3,1.0,1700,1.0,0,0,4,7,1700,0,1967,0,1350,8164,12.254862809699606
4,3.25,4670,2.0,0,0,4,12,4670,0,1988,0,4230,41075,14.271668780387957
4,2.5,2590,2.0,0,0,3,8,2590,0,1985,0,2280,9510,13.579914798710824
3,1.0,1290,1.0,0,0,4,7,1290,0,1960,0,2370,98881,12.793720411897448
3,2.75,3230,1.5,0,0,4,8,3230,0,1966,0,2820,9576,13.312983737012978
4,2.25,4370,2.5,0,3,4,10,3670,700,1907,1994,2980,22863,14.669925886120343
1,2.25,2140,1.0,0,0,3,7,1470,670,1976,0,1980,8400,13.034624463096321
3,2.25,1310,2.0,0,0,3,7,1060,250,2007,0,1500,1215,12.80765263256463
4,2.0,2220,1.5,0,0,4,7,1380,840,1916,0,1850,5000,13.321214236149494
3,1.5,1900,1.0,0,0,3,8,1900,0,1967,0,2010,9630,12.345834587905333
3,2.5,1500,1.0,0,0,2,7,1060,440,1979,0,1390,7770,12.538967060803502
4,1.75,2000,1.5,0,0,5,7,1450,550,1926,0,1430,4000,13.19282184105289
4,2.75,3650,2.0,0,0,3,7,2940,710,2014,0,2400,7682,13.217673557208654
4,2.25,2290,1.0,0,2,4,8,1550,740,1959,0,2320,9900,13.255144488638146
3,1.0,1660,1.0,0,0,4,7,960,700,1963,0,1370,10112,12.25462468611234
2,2.0,1370,3.0,0,0,3,8,1370,0,2004,0,1280,1878,13.214030565930152
3,1.0,1150,1.0,0,0,3,7,1150,0,1959,0,1200,7888,12.30591798049989
3,2.0,2910,2.0,0,0,4,7,1920,990,1900,1988,1370,5500,13.484920984501217
3,2.5,2380,2.0,0,0,3,8,2380,0,2008,0,2150,7600,13.005829561148378
3,1.75,1720,1.0,0,0,4,7,1020,700,1970,0,1860,13588,12.971540487669746
3,2.5,1820,2.0,0,0,3,8,1820,0,1993,0,2090,6668,13.184398768323781
3,2.75,1950,1.0,0,0,4,8,1230,720,1969,0,1990,12196,13.142166004700508
3,1.75,1980,1.5,0,0,4,7,1140,840,1926,0,1590,5000,13.399995114002609
5,2.75,2920,1.0,0,0,4,8,1520,1400,1976,0,2250,9163,13.477937715899028
3,1.0,1180,1.0,0,0,4,7,1180,0,1967,0,1180,7840,12.230765258120545
5,2.75,2510,1.0,0,0,4,7,1600,910,1963,0,2910,14880,13.253303916664924
4,2.5,1800,1.0,0,0,4,7,1200,600,1960,0,1780,8432,12.834681304952548
2,1.0,1340,1.0,0,0,4,7,1340,0,1951,0,1450,7026,13.017002861746503
3,1.0,1980,1.0,0,0,3,7,1080,900,1949,0,1680,9529,12.889169490236618
5,3.5,4170,2.0,0,0,3,10,4170,0,2008,0,1930,13635,14.187074114396758
3,1.75,1170,1.0,0,0,3,7,1170,0,1981,0,1180,7866,12.230765258120545
3,2.25,1430,2.0,0,0,3,8,1430,0,2012,0,1270,1916,12.992254692057308
3,2.5,3180,2.0,0,0,4,11,3180,0,1978,0,3030,12835,13.710150042306449
4,1.5,1810,1.5,0,0,3,7,1810,0,1960,0,1520,9780,12.464583340681674
3,1.0,1220,1.0,0,0,3,7,890,330,1952,0,1670,3429,12.544329003944888
3,1.0,1160,1.0,0,0,4,7,1160,0,1959,0,1750,8400,13.081541382884074
3,2.25,1900,1.0,0,0,3,7,1300,600,1961,0,1900,9990,12.429216196844383
3,1.0,1500,1.0,0,0,2,6,1500,0,1970,0,1730,6600,12.400816722322686
4,2.5,3400,2.0,0,0,3,9,3400,0,2004,0,2970,6909,13.591116224748411
3,1.0,1020,1.0,0,0,3,7,1020,0,1961,0,1490,12745,12.644327576461329
3,2.5,2270,2.0,0,0,3,9,2270,0,1990,0,2580,9617,13.262125319779487
2,1.0,970,1.0,0,0,3,6,970,0,1951,0,1020,5600,12.287652632522597
4,4.25,6410,2.5,0,2,4,12,5610,800,1906,0,2270,6630,14.817978986079481
3,2.5,2430,2.0,0,0,3,8,2430,0,2001,0,2500,4798,13.151922179645874
2,1.5,1120,1.0,0,0,3,6,1120,0,1924,0,1690,8056,12.144197241812087
3,2.5,2190,2.0,0,0,3,8,2190,0,2004,0,2300,5654,12.847663339175718
6,4.5,3500,2.0,0,0,3,7,3500,0,1980,0,1550,8460,12.765688433465597
3,1.75,2110,2.0,0,0,4,7,2110,0,1966,0,1800,10200,12.629688690847741
3,2.5,2480,2.0,0,0,3,8,2480,0,2009,0,2510,4314,13.11835535600679
2,1.0,1200,2.0,0,2,3,7,1090,110,1927,0,2690,4800,13.138236726560619
1,1.0,680,1.0,0,4,1,6,680,0,1910,1992,1010,3621,12.437184366493561
4,2.25,2060,1.0,0,0,4,7,1200,860,1962,0,2110,11385,12.48559653028049
3,1.75,1240,1.0,0,0,4,7,1240,0,1957,0,1970,7790,13.422467969854667
6,2.75,3280,1.0,0,0,4,7,1910,1370,1963,0,2550,9532,13.500799813124575
4,2.5,2860,1.5,0,2,5,7,1720,1140,1924,0,1760,3880,13.49385796594134
3,3.5,3690,2.0,0,0,3,10,3690,0,2001,0,3690,9585,13.493926933836812
3,1.0,1040,1.0,0,0,3,7,1040,0,1959,0,1510,11100,12.289954129510877
2,1.0,940,1.0,0,0,3,6,940,0,1948,0,1450,9458,12.487485104968359
4,2.5,1770,2.0,0,0,3,7,1770,0,2004,0,2080,5100,12.691426603322494
2,2.5,1150,3.0,0,0,3,8,1150,0,2008,0,1360,1210,12.959844447906553
1,0.75,770,1.0,0,0,4,6,770,0,1910,0,1550,4600,12.66032791780777
2,1.75,2330,1.0,0,2,4,7,1220,1110,1953,0,2560,9750,13.442996549995796
3,1.5,1220,1.0,0,0,4,7,1220,0,1962,0,2110,9119,12.513373504851106
5,4.0,2980,1.5,0,0,3,7,2070,910,1921,0,1560,4225,13.644128941208654
3,3.0,3030,2.0,0,0,4,8,1760,1270,1984,0,2810,36205,13.304518253641184
3,1.75,2080,1.0,0,0,5,6,2080,0,1950,0,1690,11200,12.428816116823043
4,3.75,2870,2.0,0,3,3,10,2510,360,2012,0,2870,6354,14.508657738524219
4,2.75,2280,1.5,0,0,5,8,1520,760,1931,0,1970,4687,13.422467969854667
3,2.75,3070,2.0,0,0,3,10,2440,630,1987,0,3490,11913,13.81626027685482
4,3.5,2100,2.0,0,0,5,8,2100,0,2005,0,1250,7560,13.541007920624608
3,2.5,1660,3.0,0,0,3,9,1660,0,2014,0,1660,1784,13.23560277301084
2,1.75,1350,1.0,0,0,3,8,1350,0,2004,0,1350,4479,12.947890935553772
3,1.75,1490,1.0,0,0,4,7,1010,480,1975,0,1490,7469,12.363076394339839
5,3.5,4180,2.0,0,2,3,10,3160,1020,1990,0,3260,12608,13.835313185260453
3,2.5,1990,2.0,0,0,3,7,1990,0,2004,0,1790,3600,12.644327576461329
4,1.0,1420,1.0,0,0,4,7,1420,0,1953,0,1670,6350,12.894207284266574
3,1.0,1110,1.5,0,0,4,7,1110,0,1955,0,1800,7000,12.618182296357007
4,2.5,1790,2.0,0,0,3,7,1790,0,1993,0,1790,4305,12.468436909997665
3,1.75,1690,1.0,0,0,4,8,1690,0,1958,0,1840,8705,13.180632285528304
4,3.0,2950,2.0,0,3,3,9,1980,970,1979,0,2140,4000,13.38472764187182
4,1.75,2110,1.0,0,0,3,8,1170,940,1975,0,1820,7208,12.688498794774466
4,2.75,2300,1.0,0,0,4,8,2300,0,1950,0,2000,9879,13.17115354157376
5,1.5,1830,1.0,0,2,3,7,1030,800,1955,0,2610,11175,13.049792684569493
6,3.0,2880,2.0,0,0,3,7,2880,0,1980,0,1470,1815,13.17115354157376
3,1.0,840,1.0,0,0,3,6,840,0,1969,2014,870,5200,12.206022644280132
5,2.25,2560,1.0,0,0,4,8,1870,690,1966,0,2070,7875,13.410545324897761
3,3.0,2060,2.0,0,0,3,8,2060,0,1907,1984,1760,2669,13.592367006650065
3,2.5,2300,2.0,0,2,3,9,2300,0,1998,0,2730,9930,13.434250138552928
3,2.5,1670,2.0,0,0,3,7,1670,0,1995,0,1610,6034,12.644327576461329
4,2.5,3250,2.0,0,0,3,8,3250,0,2009,0,3030,5308,13.190022025878143
5,2.5,3220,2.0,0,0,3,8,3220,0,2002,0,2760,5813,12.779873068457553
2,1.0,880,1.0,0,0,4,7,880,0,1909,0,1960,5500,13.038981768465277
4,2.5,3160,1.5,0,4,3,9,2020,1140,1917,2005,2790,5308,14.0623706358958
3,1.0,1320,1.0,0,0,3,7,1320,0,1982,0,1160,7573,12.821258284620408
3,2.5,2470,2.0,0,0,3,9,2470,0,1988,0,2450,8440,13.50421861987336
2,1.0,1110,1.0,0,0,3,7,1010,100,1951,0,1410,3500,13.279367126213993
3,2.5,1810,2.0,0,0,3,8,1810,0,1992,0,1740,4332,13.15676480412166
4,2.5,2150,1.0,0,0,3,7,1420,730,1978,0,2010,35717,13.093963902882631
2,1.5,1160,2.0,0,0,3,7,890,270,2006,0,1160,1008,12.559893520486
3,1.0,1040,1.0,0,0,5,6,1040,0,1951,0,1430,6080,12.26434155365415
2,2.75,2810,1.0,0,0,3,7,1510,1300,1968,0,2520,13000,13.017002861746503
4,2.5,2890,2.0,0,0,3,7,2890,0,2006,0,2850,6687,13.151922179645874
5,3.25,4500,2.0,0,4,4,8,3000,1500,1968,0,2780,21132,13.664687668229691
3,1.5,1390,1.0,0,0,4,7,1390,0,1963,0,1740,11340,12.354492650648448
4,2.5,2810,2.0,0,0,3,9,2810,0,1989,0,2800,9933,13.604789526648622
4,2.5,3220,2.0,0,0,3,9,3220,0,1991,0,3050,35252,13.444446876573442
5,4.0,3760,2.0,0,0,3,10,3760,0,1983,0,3430,35096,13.840203170554645
3,2.25,1320,2.0,0,0,3,7,1320,0,1994,0,2010,4500,13.199324418540456
3,1.75,2540,1.0,0,0,3,7,1270,1270,1949,0,1950,8280,13.218582235144872
4,2.5,3010,2.0,0,0,3,9,3010,0,1996,0,2590,49222,13.458835614025542
4,2.5,2710,2.0,0,0,3,7,2710,0,2009,0,2380,5866,13.208539238781313
3,2.5,2020,2.0,0,0,3,7,2020,0,2012,0,2030,4140,12.679196402112153
4,3.5,2830,1.5,0,0,3,7,1840,990,1919,2014,2340,4000,13.924813292854724
4,3.25,4110,2.0,1,4,3,12,2720,1390,2001,0,2640,15929,14.648419680899378
5,4.5,4300,2.0,0,0,3,10,4300,0,2004,0,3950,12250,13.790192749979985
4,2.0,1190,1.5,0,0,5,7,1190,0,1946,0,1480,9975,12.70381302974751
4,1.75,2180,1.5,0,0,3,6,1270,910,1911,0,1400,1343,12.721587258782296
3,1.0,1340,1.5,0,0,3,7,1340,0,1953,0,1830,6822,13.249876697703288
4,1.75,1900,1.0,0,0,4,7,1180,720,1954,0,2060,11325,13.38472764187182
2,1.0,1400,1.5,0,0,3,6,1100,300,1929,0,2250,6500,12.429216196844383
3,3.0,1530,1.0,0,0,4,7,1150,380,1983,0,1530,8556,13.210374254727043
3,2.5,2090,2.0,0,0,3,7,2090,0,2008,0,2040,4200,12.782405071498284
3,2.0,2010,2.0,0,0,4,6,2010,0,1929,0,1890,11477,12.84792653170257
3,1.5,1660,2.0,0,0,3,8,1660,0,1907,0,1690,4000,13.738953435242118
3,2.0,1840,2.0,0,0,3,7,1840,0,1994,0,1380,44049,13.049792684569493
4,2.5,1560,1.5,0,0,4,7,1560,0,1965,0,1920,12220,13.14432054475637
4,2.5,1900,2.0,0,0,3,7,1900,0,2003,0,2520,4085,12.611371073081239
3,1.75,1850,1.0,0,2,5,6,1100,750,1919,1934,1850,10096,13.038873066905303
3,1.75,1560,1.0,0,0,3,7,1560,0,1981,0,2320,220654,13.287877815881902
4,2.5,3200,1.0,0,0,5,8,1610,1590,1970,0,2030,5500,12.86099861326992
2,1.0,1050,1.0,0,0,4,7,1050,0,1969,0,1230,4800,12.691580461311874
5,2.5,3280,2.0,0,0,3,9,3280,0,2012,0,3360,7242,13.296232647383299
3,1.75,1360,1.0,0,0,4,7,1360,0,1981,0,1770,7107,12.542544882151386
3,1.0,1020,1.0,0,0,3,7,1020,0,1978,0,1290,9440,12.409013489526863
3,2.5,1980,2.0,0,0,3,8,1980,0,1990,0,2130,9933,12.301382825334498
5,1.5,2550,1.0,0,0,4,7,1560,990,1959,0,1380,6300,12.513557345278134
3,3.75,3150,2.0,0,0,3,10,3150,0,2007,0,2510,8550,14.457364444136669
2,1.0,1250,1.0,0,0,3,7,1050,200,1951,0,1030,5354,11.918390573078392
3,1.75,1850,1.0,0,0,3,8,1150,700,1977,0,1450,4599,13.270783382522602
2,1.0,830,1.0,0,0,4,7,830,0,1920,0,1460,3150,13.159659162148026
7,3.75,5100,2.0,0,0,3,10,3640,1460,2001,0,3350,10005,13.74937075545973
3,2.5,1800,2.0,0,0,3,8,1800,0,2011,0,1580,2036,12.804909146618877
4,3.0,2300,2.0,0,0,4,7,2300,0,1976,0,940,5937,12.319401330837177
3,2.5,2050,2.0,0,0,3,9,2050,0,2011,0,1150,5000,13.458835614025542
5,2.5,3597,2.0,0,0,3,7,3597,0,2006,0,3193,6000,12.706847933442663
3,1.0,1220,1.0,0,0,3,6,1220,0,1905,0,1490,2467,13.262125319779487
4,2.5,2840,2.0,0,0,3,9,2840,0,1994,0,2500,18001,13.122363377404328
3,2.75,3230,2.0,0,0,3,9,2680,550,2014,0,3100,4900,13.304404894990965
4,1.75,1650,1.0,0,0,3,7,1100,550,1977,0,1620,7374,12.449018824140563
3,1.0,1410,1.0,0,0,4,7,1410,0,1971,0,1460,7500,12.849241456283877
2,1.5,1820,2.0,0,0,3,7,1820,0,1921,0,1430,9288,12.235631447771718
3,2.0,1490,1.0,0,0,3,7,1490,0,1989,0,1650,7929,12.409013489526863
5,3.25,5620,2.0,0,0,4,11,4140,1480,1916,0,4470,8050,14.73180128983843
3,1.0,840,1.0,0,0,5,6,840,0,1969,0,870,5200,12.089538829274222
5,2.5,2740,2.0,0,0,3,8,2740,0,2005,0,2900,5476,12.84476364029406
3,2.25,1500,2.0,0,0,3,7,1500,0,1986,0,1470,2418,12.89921982609012
3,2.5,2490,2.0,0,0,3,9,2490,0,1993,0,2900,34705,13.458835614025542
3,1.0,1280,1.5,0,0,3,8,1280,0,1910,2014,1410,3150,13.077366011473593
4,1.75,1760,1.5,0,0,3,7,1760,0,1988,0,3030,34848,13.226723392728571
4,2.5,3290,2.0,0,0,3,9,3290,0,2008,0,2990,6835,13.381645975334411
4,2.5,3680,2.0,0,0,3,10,3680,0,2006,0,3310,7180,13.428376406540833
3,1.5,1130,1.0,0,0,3,7,940,190,1946,0,1400,7168,12.948009990259552
4,2.5,3030,2.0,0,0,3,8,3030,0,1989,0,2650,9500,12.815702338354745
3,1.0,1120,1.0,0,0,3,6,1120,0,1943,0,1050,8812,12.218495165528731
4,2.25,1870,2.0,0,0,3,7,1870,0,2008,0,1870,4184,12.657145080171944
4,3.5,4350,2.0,0,0,5,10,2970,1380,1908,0,4190,7200,14.74688692725647
4,1.75,2150,1.0,0,0,4,7,1110,1040,1966,0,2040,9000,13.217673557208654
3,1.5,2060,1.5,0,0,3,6,2060,0,1903,0,2190,8549,12.206072645530174
3,2.5,2080,2.0,0,0,3,7,2080,0,2004,0,2080,4947,12.815838217151068
4,2.5,2930,2.0,0,0,3,8,2930,0,2014,0,2030,7264,13.36138027787483
3,2.5,2430,2.0,0,0,3,7,2430,0,1999,0,3040,5702,12.742566016044742
4,3.25,3444,2.0,0,0,3,8,2714,730,2014,0,2848,5182,12.97208917432299
3,1.0,1090,1.0,0,0,4,6,1090,0,1969,0,1030,3200,11.934919875029603
2,2.0,1510,1.0,0,0,3,8,1510,0,2005,0,1640,6009,13.081437210791684
3,1.75,1430,1.0,0,0,5,7,1430,0,1962,0,1630,9282,12.971424201839042
5,2.75,2060,1.5,0,3,5,7,2060,0,1989,0,2240,220232,12.976180867226248
4,2.5,2690,2.0,0,0,4,9,2690,0,1987,0,2420,8087,13.579788224443204
3,2.5,2360,2.0,0,0,3,7,2360,0,1998,0,2420,5620,12.997933299026151
4,3.5,4910,1.5,0,0,3,11,3110,1800,2007,0,4560,11063,14.016408500331163
9,4.5,3650,2.0,0,0,3,8,2530,1120,1915,2010,2510,5000,14.0623706358958
4,1.0,1200,1.5,0,0,3,6,1200,0,1944,0,1070,6050,12.332705296463539
3,1.0,1240,1.0,0,0,4,6,1240,0,1948,0,1240,5750,12.959844447906553
4,2.5,3230,2.0,0,0,3,9,3230,0,2006,0,3080,217800,13.681979165339751
3,2.25,2680,1.0,0,0,5,8,2680,0,1962,0,2340,98445,13.304684934198283
3,1.0,1800,1.0,0,0,4,7,1200,600,1942,0,1450,5250,12.855790268162783
4,2.25,1964,2.0,0,0,3,9,1964,0,2013,0,1757,3547,12.742566016044742
4,2.0,1510,1.5,0,0,5,7,1510,0,1911,0,1820,3750,13.581685158303204
4,2.5,2300,2.0,0,0,4,8,2300,0,1992,0,2640,21886,13.11835535600679
4,2.5,2170,2.0,0,0,3,8,2170,0,1992,0,2240,14029,13.00019574343012
3,1.75,1290,1.0,0,0,4,7,1290,0,1962,0,1840,8580,13.038981768465277
1,1.5,1120,3.0,0,0,3,7,1120,0,2011,0,1380,3200,12.644327576461329
2,2.5,1140,3.0,0,0,3,8,1140,0,2007,0,1220,1189,13.054084536651034
3,2.5,1770,2.0,0,0,3,7,1770,0,1992,0,1650,7200,12.409013489526863
3,1.0,860,1.0,0,0,3,6,860,0,1954,0,1140,11250,11.314474526246391
4,2.5,2770,2.0,0,0,3,9,2770,0,2004,0,2910,5000,13.458835614025542
4,2.25,2140,1.0,0,0,3,7,1550,590,1977,0,2350,9000,13.126355398673866
4,2.5,3190,2.0,0,2,3,9,3190,0,2001,0,2630,6739,13.495298406730877
4,1.75,1710,1.0,0,0,3,8,1710,0,1983,0,1940,7724,12.971540487669746
4,2.5,2620,2.0,0,0,3,9,2620,0,2001,0,2590,5371,13.381645975334411
3,1.75,1270,1.5,0,0,3,6,980,290,1922,0,1270,6431,12.464583340681674
4,2.25,2370,1.0,0,0,3,8,1550,820,1968,0,1890,8621,13.309672475709322
3,1.75,1650,1.0,0,0,3,7,1650,0,1976,0,1650,8680,12.48559653028049
5,2.75,3630,2.0,0,0,3,11,3630,0,2000,0,3620,41965,13.358225701126313
3,1.75,1650,1.0,0,0,4,8,1650,0,1977,0,2020,7700,12.524526376648708
4,2.5,2490,2.0,0,0,3,8,2490,0,2000,0,2690,6012,12.748978162759576
3,1.75,1130,1.0,0,0,3,7,1130,0,1978,0,1830,8880,12.128111104060462
4,2.25,2130,1.0,0,0,4,7,1600,530,1975,0,1890,11368,12.691580461311874
3,2.5,1440,2.0,0,0,3,7,1440,0,2005,0,1890,3819,12.502466658583977
3,2.5,2100,1.0,0,0,4,8,2100,0,1953,0,3070,16078,13.955272500339433
3,2.25,2860,2.0,0,0,3,7,2860,0,1983,0,1760,8458,12.80765263256463
5,3.0,2920,2.0,0,0,3,8,2920,0,2003,0,1720,9348,13.122363377404328
2,1.75,1510,3.0,0,0,3,8,1420,90,2013,0,1300,1338,13.341498907321
