bedrooms,bathrooms,sqft_living,sqft_lot,view,grade,sqft_above,sqft_basement,yr_built,lat,long,sqft_living15,sqft_lot15,price_ln
3,2.5,2190,5071,0,8,2190,0,2004,47.3506,-122.04,2300,5654,12.847663339175718
2,1.0,820,4880,0,6,820,0,1925,47.5483,-122.394,1320,4880,12.802158113246987
5,3.25,3420,5669,0,9,2620,800,2003,47.5366,-122.067,3310,6006,13.658856747918897
3,1.0,980,9682,0,7,980,0,1969,47.4136,-122.207,1580,9682,12.211060187041213
3,1.5,1640,2720,0,8,1640,0,1929,47.6869,-122.317,1490,4375,13.071070083016778
3,2.5,3090,7708,0,10,3090,0,1999,47.6868,-122.108,3140,8592,13.620103761621664
4,2.75,2730,4268,1,9,2730,0,2009,47.6397,-122.395,2340,5000,13.715690222682063
2,1.0,920,5850,0,6,920,0,1900,47.5441,-122.304,1640,5476,12.560244459250788
2,1.0,1050,6250,0,6,840,210,1943,47.5024,-122.333,1310,12500,12.25462468611234
5,2.0,2940,5500,0,9,2340,600,1909,47.6466,-122.321,2940,5500,13.764217263576723
3,1.75,2440,5800,3,8,1320,1120,1945,47.6474,-122.412,2530,5800,13.547631112808673
3,2.25,1780,9969,0,8,1450,330,1985,47.7286,-122.168,1950,7974,13.017002861746503
4,3.75,3920,4500,0,8,3920,0,2013,47.6805,-122.346,2040,3000,13.968231644981937
3,1.5,2240,7227,1,9,1440,800,1977,47.6208,-122.093,3150,16150,13.458835614025542
2,1.0,720,6686,0,6,720,0,1942,47.7003,-122.362,1200,6686,12.71589776896258
2,1.0,820,8860,0,6,820,0,1950,47.452,-122.19,1660,15375,12.193493863323313
1,0.75,560,12120,0,4,560,0,1967,47.675,-121.854,1300,19207,12.608198852372823
3,2.5,2260,4165,0,7,2260,0,2005,47.5922,-122.008,2770,4566,13.217673557208654
3,1.5,1310,7236,0,7,1170,140,1928,47.6944,-122.333,1680,8431,13.174006610556168
3,2.5,1660,3990,0,7,1660,0,2009,47.5298,-122.268,1670,4050,12.690040815126281
4,3.25,3580,19989,4,7,3480,100,1915,47.7087,-122.276,2410,6389,14.53335035111459
2,2.0,970,5000,0,7,970,0,1983,47.7223,-122.16,1540,5000,12.691580461311874
3,1.75,1970,8200,0,8,1420,550,1963,47.7602,-122.363,2140,8000,13.199324418540456
4,2.0,2030,9300,0,8,2030,0,1976,47.6658,-122.149,1800,9018,13.348701819615057
4,1.5,2430,4995,0,7,1730,700,1928,47.5782,-122.292,2240,5000,13.270783382522602
3,2.75,2650,12350,0,7,1470,1180,1975,47.7669,-122.268,1950,14075,13.091904169919621
4,2.75,4070,115434,0,9,4070,0,2002,47.4843,-121.752,2970,95832,13.64709190633931
2,1.75,2140,5000,0,7,1000,1140,1930,47.6284,-122.291,2250,4000,13.422467969854667
3,2.5,2980,16996,0,10,2980,0,1992,47.595,-122.016,2980,15438,13.493926933836812
3,3.25,3890,3452,0,12,2890,1000,2006,47.626,-122.323,2860,2199,14.626440774180603
3,1.0,1570,9467,0,7,1570,0,1954,47.7683,-122.359,1570,9100,12.793859310432293
2,1.0,930,5077,0,6,930,0,1939,47.7095,-122.35,1080,5803,12.788288265382837
4,3.75,3490,5625,0,9,2610,880,2014,47.6685,-122.332,1940,5000,14.086300762745838
4,2.75,2730,4683,0,7,2730,0,2005,47.3608,-122.043,2230,4924,12.834547962729536
3,2.5,2029,3906,0,9,2029,0,2014,47.341,-122.18,2029,3920,12.859530002921938
3,2.5,1610,1778,0,7,1610,0,2002,47.6902,-122.306,1120,2187,12.84792653170257
1,1.0,790,3000,0,6,790,0,1953,47.6544,-122.386,1110,4100,12.886641043883259
3,1.0,810,7000,0,7,810,0,1968,47.6591,-122.134,1820,7589,12.813117127036707
4,2.75,1930,13041,0,8,1180,750,1980,47.7502,-122.085,1880,10234,13.059423577630454
2,1.0,880,3000,0,7,880,0,1927,47.6868,-122.349,1300,3000,12.911642346088676
3,1.0,1440,27505,0,8,1440,0,1951,47.7553,-122.37,2430,16400,13.180632285528304
4,2.5,2400,7270,0,8,2400,0,1993,47.2697,-122.312,2150,6584,12.71589776896258
3,2.25,3190,324086,2,9,3190,0,1982,47.5477,-121.93,3190,217800,13.547631112808673
3,2.25,1640,7730,0,7,1220,420,1989,47.3576,-122.039,1560,7566,12.154779351142624
2,2.5,1830,1988,0,9,1530,300,2011,47.5779,-122.409,1800,2467,13.304684934198283
3,2.5,2660,206480,0,8,2660,0,1989,47.6042,-121.956,2660,206736,13.286181462633724
3,1.0,1200,10500,0,7,1200,0,1962,47.322,-122.351,1350,10500,11.938193200374572
3,3.0,2630,4896,0,9,2630,0,2006,47.6932,-122.133,2880,4972,13.51169910358261
4,2.25,2060,12155,0,8,2060,0,1968,47.6378,-122.117,2360,8625,13.262125319779487
3,2.75,1050,7200,0,7,1050,0,1985,47.7163,-122.303,1860,9000,13.06685066747407
4,2.5,4570,16015,2,11,4570,0,1990,47.6246,-122.067,4490,17668,13.87377946608825
2,3.0,1460,1452,0,8,1140,320,2007,47.5224,-122.39,1460,1452,12.987688474077727
3,3.25,3620,8131,0,10,2730,890,1988,47.5776,-122.214,2040,3776,13.811502536566735
5,1.5,1990,18200,0,7,1990,0,1960,47.4938,-122.262,1860,8658,12.089538829274222
4,2.5,2310,5100,0,9,2310,0,2013,47.7039,-122.36,1260,5100,13.437174117244362
3,1.75,2080,87991,0,6,1040,1040,1970,47.6724,-121.865,2080,84300,12.542544882151386
4,2.0,2970,5400,0,9,2970,0,1900,47.6235,-122.309,2500,5040,14.04662227892766
2,1.75,1390,4160,0,6,790,600,1916,47.6681,-122.324,1090,4160,13.038981768465277
3,1.0,960,8556,0,7,960,0,1971,47.7245,-122.22,1320,7528,12.672946381766982
3,1.75,1610,3210,0,7,910,700,1928,47.6656,-122.335,1420,3210,13.34790405331826
3,1.0,1200,9936,0,6,1200,0,1969,47.3609,-122.029,1200,10189,12.323855681186558
3,1.0,1280,9000,0,6,1280,0,1954,47.4915,-122.338,1430,4500,12.388394202324129
3,2.5,2110,4099,0,8,2110,0,2001,47.7508,-122.17,2110,4871,13.214030565930152
4,2.5,2150,9000,0,7,1360,790,1979,47.4785,-122.16,1620,8400,12.668233097314884
2,2.5,1560,1222,0,8,1080,480,2008,47.604,-122.307,1560,2081,12.983101310070822
5,5.25,8010,45517,4,12,5990,2020,1999,47.6767,-122.211,3430,26788,15.446866505699305
3,2.0,2090,4077,0,8,1530,560,1931,47.6433,-122.3,2010,4132,13.864300722133706
3,2.5,1940,8347,0,8,1940,0,1990,47.3654,-122.164,1940,7131,12.688498794774466
3,3.0,4020,435600,2,10,4020,0,1999,47.4418,-121.731,2590,283140,13.8878312195439
3,2.5,1890,7053,0,8,1890,0,1992,47.3967,-122.183,2000,7226,12.758519943986984
4,2.5,2000,4700,0,7,1220,780,1944,47.6902,-122.368,1560,4700,13.180632285528304
5,2.5,2250,7176,0,7,1310,940,1983,47.4486,-122.194,1550,9081,12.765545566117686
3,1.75,1720,5000,0,8,1720,0,1932,47.738,-121.983,1410,8300,12.948009990259552
3,2.75,2200,14925,0,6,1100,1100,1982,47.6606,-122.059,1520,14212,12.976180867226248
3,2.5,1410,2500,0,7,1410,0,2006,47.5132,-122.358,1290,5190,12.487485104968359
4,2.5,2641,8091,0,7,2641,0,1998,47.4043,-122.213,2641,8535,12.881564890851399
3,1.75,1790,6775,2,8,1790,0,1951,47.5412,-122.377,1310,6028,13.091904169919621
4,2.0,2030,4033,0,7,1630,400,1925,47.7056,-122.342,1350,1340,12.983101310070822
3,1.75,1500,8352,2,6,750,750,1943,47.4883,-122.191,1500,8447,12.611537753638338
4,2.5,3240,3600,0,9,2060,1180,2008,47.6405,-122.356,1820,3600,14.01436141670944
3,2.5,1710,10341,2,7,1710,0,1986,47.3494,-122.171,1830,9358,12.567237494741757
4,3.5,2850,5577,0,8,1950,900,2014,47.5252,-122.192,2850,5708,13.318752191409718
4,2.5,1950,2617,0,7,1250,700,1910,47.6696,-122.372,1520,1438,13.159659162148026
4,2.0,1510,3240,0,7,870,640,1901,47.5972,-122.296,1420,5160,12.92391243868049
3,2.5,2730,7136,0,8,2730,0,2012,47.3938,-122.321,2130,8932,13.142166004700508
3,2.5,1460,4961,0,8,1150,310,1988,47.6955,-122.183,1550,5449,13.071070083016778
2,2.5,2170,7546,0,8,2170,0,2007,47.7242,-122.032,2170,7083,13.521139497361697
3,1.0,1030,9834,0,7,1030,0,1969,47.7676,-122.164,1210,9875,12.694652660348845
2,1.0,900,7500,0,6,900,0,1961,47.6481,-121.916,1190,10000,12.439166527697552
3,2.5,1440,4394,0,8,1440,0,1987,47.5688,-122.019,1900,5893,13.151922179645874
3,2.25,1500,7615,0,7,1150,350,1984,47.3146,-122.351,1540,8649,12.301155526776865
3,2.0,1620,9566,0,7,1620,0,1968,47.474,-122.146,1660,10011,12.8554769031422
3,1.5,1800,8303,0,7,1200,600,1957,47.7693,-122.357,1800,8171,13.00019574343012
3,1.75,1960,43995,0,7,1960,0,1970,47.4915,-122.106,1960,42253,13.081541382884074
2,2.5,1900,5065,0,8,1900,0,2005,47.7175,-122.034,1350,4664,13.132313708257497
3,1.0,960,10125,0,7,960,0,1952,47.3335,-122.305,1250,9769,12.100434313507177
3,2.5,2580,214315,0,8,2580,0,1946,47.6465,-122.024,2580,70131,12.89921982609012
3,2.5,2080,9827,0,8,2080,0,1989,47.3058,-122.394,2660,9861,12.611537753638338
3,2.5,3050,7410,0,8,1950,1100,1950,47.6772,-122.296,1890,5814,13.790192749979985
2,1.0,1380,5000,2,5,1380,0,1905,47.5708,-122.359,1500,5000,13.58609739363647
2,1.0,700,8301,0,6,700,0,1953,47.7712,-122.323,1250,8304,12.421184025147118
3,1.0,1180,3750,0,6,1030,150,1940,47.5726,-122.382,1280,3750,12.959844447906553
4,3.25,3330,33826,0,8,3330,0,1924,47.7596,-122.275,2580,28707,13.72240793970195
3,2.5,1680,2096,0,8,1380,300,2008,47.6904,-122.37,1360,2096,13.15773052124162
3,2.0,1840,40438,0,7,1840,0,1994,47.4853,-121.709,1380,44049,13.049792684569493
4,1.0,1450,6250,0,6,990,460,1964,47.5131,-122.357,1440,4000,12.531772785169476
3,2.0,1330,6000,0,7,630,700,1900,47.5255,-122.327,1140,6000,12.388394202324129
3,1.0,990,9798,0,7,990,0,1968,47.767,-122.164,1210,9870,12.524526376648708
4,1.75,2230,7957,0,7,2230,0,1967,47.5859,-122.122,2230,8040,13.193753373491
2,3.0,1790,1709,0,7,1400,390,2001,47.5926,-122.296,1460,1462,13.017002861746503
3,1.75,1890,3825,0,7,1290,600,1974,47.6831,-122.381,1320,3825,13.171058298943088
4,2.5,3050,32450,0,8,1550,1500,1983,47.3626,-122.209,2350,15390,13.049792684569493
3,1.0,1060,9241,0,7,1060,0,1956,47.7465,-122.339,1900,6484,12.614865543731012
3,1.75,2500,36947,0,9,2500,0,1984,47.6917,-122.084,2590,28837,13.403020834919145
3,2.0,2020,8555,0,7,1220,800,1957,47.7278,-122.287,1600,8148,13.034624463096321
3,2.5,2100,4097,0,9,2100,0,2008,47.5983,-122.2,1820,4764,13.805864180912469
4,2.5,2630,15000,0,8,2630,0,1962,47.5262,-122.028,1770,8700,13.286181462633724
2,2.5,1900,4871,0,8,1900,0,2005,47.7132,-122.034,1640,4780,13.132264202081592
3,1.0,1510,17040,0,6,1510,0,1975,47.2649,-122.285,1520,14000,12.128111104060462
3,1.0,1190,9083,0,7,1190,0,1955,47.4116,-122.293,1190,9450,12.345834587905333
3,1.0,1270,8400,0,7,1270,0,1955,47.7604,-122.198,1390,8400,12.757080058928997
5,2.25,2340,7494,0,7,1170,1170,1951,47.448,-122.28,1650,10125,12.396693005138824
3,1.5,1940,3570,0,8,1740,200,1916,47.6618,-122.325,1580,3570,13.610943392223
4,2.5,2390,9600,0,7,2390,0,1996,47.3289,-122.001,1900,9603,12.658739355122632
4,2.5,2770,89298,0,8,2770,0,2004,47.6624,-122.01,2650,89298,13.458835614025542
5,3.25,3450,6360,0,9,1860,1590,1905,47.6133,-122.287,2310,5000,14.136579049433688
3,1.5,1520,9041,0,7,1520,0,1954,47.6158,-122.213,3260,10020,13.604789526648622
3,1.75,1810,21138,0,7,1240,570,1977,47.4674,-122.178,1850,12200,12.611537753638338
2,1.5,1790,4250,0,7,920,870,1915,47.6367,-122.301,1910,4250,13.488394416267086
3,1.0,1910,8190,0,7,1010,900,1946,47.697,-122.365,1600,5042,13.102160670086809
3,1.0,1350,9680,0,7,820,530,1959,47.3274,-122.346,1320,9225,12.05524975579559
1,0.75,820,59677,0,5,820,0,1999,47.5316,-121.764,1590,14163,13.175998926570239
3,2.5,2060,4200,0,8,2060,0,2014,47.3706,-122.017,2370,4200,12.69768181016985
3,1.75,1820,8740,0,8,1820,0,1987,47.3074,-122.385,2210,8320,12.417143615610113
3,3.25,3050,18892,4,8,1650,1400,1962,47.3881,-122.326,1170,70973,13.764217263576723
3,1.0,3060,30166,0,8,3060,0,1959,47.5656,-122.093,1880,19602,13.635187003832993
4,2.0,1680,3813,0,7,1680,0,1900,47.593,-122.293,2540,3996,13.122363377404328
2,2.0,970,9750,0,6,970,0,1940,47.5073,-122.372,1850,9000,12.621488084491506
4,3.5,3810,9792,0,9,3810,0,1938,47.5018,-122.38,1950,9792,13.623138665316818
3,2.5,2130,7199,0,8,2130,0,1990,47.6331,-122.027,1890,7546,13.21128958659873
3,1.0,1690,7700,0,7,1690,0,1969,47.3444,-122.304,1590,7700,12.2783933071098
3,3.25,2090,51212,0,8,1510,580,1989,47.3097,-122.099,2690,40820,12.84792653170257
4,3.5,3560,7178,3,10,2590,970,2006,47.7054,-122.107,3290,6978,13.632788921148979
5,3.25,3930,5500,0,9,2910,1020,2014,47.6802,-122.208,2040,5115,14.369395671190711
2,2.0,1580,5750,0,6,790,790,1910,47.5668,-122.384,1580,5750,13.232114241363448
3,2.5,2230,7934,0,7,2230,0,2005,47.5439,-121.88,2310,4818,13.005829561148378
4,2.75,3090,6600,2,9,1800,1290,1956,47.6339,-122.396,2380,5000,13.919870573288517
3,2.0,1490,7651,0,7,1490,0,1988,47.3211,-122.325,1590,7795,12.441144767709657
3,2.75,4120,16365,2,12,4120,0,1999,47.5265,-122.148,4020,14110,14.077874822431765
4,2.5,2520,8515,0,7,2520,0,1999,47.7233,-121.959,2130,6930,13.017002861746503
2,1.5,1430,1650,0,7,1430,0,1999,47.7222,-122.29,1430,1650,12.601487417784837
4,2.25,2050,9583,2,8,1770,280,1965,47.3978,-122.313,2230,9730,12.863592648446968
3,1.75,2480,4000,0,8,1240,1240,1948,47.615,-122.288,2450,4000,13.732128949025222
4,2.75,3560,8975,0,10,3560,0,2014,47.6322,-122.209,3440,12825,14.375126345899696
3,2.5,1190,3000,0,7,1190,0,2002,47.4933,-122.275,1190,3000,12.341477282536376
3,2.25,1430,7222,0,7,1430,0,1993,47.5112,-122.19,1430,7220,12.542544882151386
4,2.25,2160,5600,0,7,1080,1080,1947,47.6442,-122.372,1850,5150,13.53579665516167
3,1.75,1360,16000,0,7,1360,0,1978,47.7583,-122.306,1360,12939,12.429216196844383
3,2.0,2250,8800,0,7,1250,1000,1925,47.5737,-122.409,2250,4800,13.286181462633724
4,2.5,2360,5226,0,8,2360,0,2001,47.712,-122.229,2440,5156,13.304684934198283
3,2.5,2480,7480,0,9,2480,0,1992,47.771,-122.166,2480,7480,13.180632285528304
4,3.0,2740,10925,0,8,1670,1070,1980,47.4538,-122.125,2330,9940,12.86099861326992
3,2.0,1660,5070,3,8,1660,0,1950,47.5552,-122.296,2440,6664,13.104199406776658
3,2.25,1550,1485,0,8,1550,0,2011,47.6989,-122.346,1550,1480,12.84792653170257
3,2.5,2420,9592,0,8,1780,640,1993,47.5093,-122.153,2420,9145,12.997933299026151
3,2.5,1500,7401,0,8,1500,0,1998,47.2625,-122.221,1720,7171,12.468436909997665
3,2.0,1970,7000,0,8,1970,0,1986,47.3744,-122.043,1970,7365,12.971075263190547
3,2.0,1610,4160,0,7,1010,600,1917,47.5421,-122.388,1040,4400,13.091904169919621
4,2.0,3510,12905,2,8,2210,1300,1965,47.4466,-122.36,2530,16143,13.226399015799739
4,1.75,2050,8913,0,7,1330,720,1968,47.6735,-122.151,1290,8550,13.091904169919621
3,1.75,2090,65558,0,8,1330,760,1977,47.7621,-122.127,2450,47178,13.101139740952702
4,1.75,2390,17717,0,8,2390,0,1964,47.5755,-122.218,2390,10730,13.738899455592433
4,2.5,3080,13870,0,9,3080,0,1981,47.6197,-122.149,2920,12221,13.642346938955086
3,2.75,2300,5090,0,8,1700,600,2007,47.545,-122.36,1530,9100,13.021437458814368
3,1.0,2270,4182,0,7,1170,1100,1946,47.688,-122.32,1860,4080,13.37700559577791
2,1.0,670,11505,0,5,670,0,2003,47.499,-122.157,2180,11505,12.873902018105829
5,3.5,4800,14984,2,11,3480,1320,1998,47.5543,-122.148,4050,19009,14.115615150414612
3,1.75,2020,4800,0,8,1090,930,1926,47.6726,-122.294,1680,4800,13.641157170819497
5,3.25,4230,21455,0,10,2720,1510,1990,47.6375,-122.015,3280,22393,13.681979165339751
4,2.5,2590,9530,0,8,1640,950,1978,47.7752,-122.285,2710,10970,13.194218814504756
4,2.5,2303,3826,0,8,2303,0,2006,47.3258,-122.165,2516,4500,12.611537753638338
3,2.5,3570,15151,0,8,2400,1170,1981,47.7475,-122.364,3140,14375,13.748301808270824
2,2.0,1480,804,0,8,1480,0,2008,47.602,-122.308,1380,1751,13.036805489042683
3,1.5,2200,7620,0,7,1130,1070,1942,47.7263,-122.363,2170,7672,13.151922179645874
4,1.5,1880,3500,0,7,1080,800,1926,47.6835,-122.347,1690,3500,13.312983737012978
3,1.75,1230,8917,0,7,1230,0,1966,47.4528,-122.172,1420,7938,12.301382825334498
3,1.0,1050,9876,0,7,1050,0,1953,47.7635,-122.262,1760,9403,12.644327576461329
3,2.0,2270,11989,0,9,2270,0,1968,47.5434,-122.229,2880,12439,13.610943392223
1,0.0,690,23244,0,7,690,0,1948,47.6429,-121.955,1690,19290,13.089840185698769
3,2.5,1780,4650,0,7,1780,0,2011,47.386,-122.047,3050,3848,12.611371073081239
4,2.5,2230,64438,0,7,1230,1000,1978,47.4754,-122.007,2230,71002,13.049685151906344
4,2.0,1640,7200,0,7,1640,0,1963,47.7471,-122.324,1500,9000,12.821258284620408
1,1.0,700,5100,0,7,700,0,1942,47.679,-122.3,1010,5100,12.765688433465597
4,1.5,1550,19800,0,7,1050,500,1969,47.3117,-122.27,1640,22654,12.437184366493561
5,3.0,3730,5500,0,7,2160,1570,1927,47.6507,-122.32,1890,5500,13.795001681332733
5,2.75,3050,7500,0,8,1800,1250,1966,47.7249,-122.187,2060,7848,13.157440904017024
3,1.75,1640,47044,0,7,1640,0,1989,47.654,-121.94,2280,200811,13.122363377404328
5,2.5,2570,9600,2,8,1620,950,1956,47.7216,-122.282,2680,9900,13.473020249017498
3,3.25,2650,7819,2,8,1760,890,1956,47.4821,-122.192,2400,7727,12.92391243868049
3,2.25,1380,7226,0,7,1140,240,1987,47.3677,-122.091,1640,7823,12.487485104968359
4,2.5,2180,7203,0,8,2180,0,1989,47.5119,-122.151,2350,7334,13.047639831208393
2,1.0,950,2784,0,8,950,0,1972,47.3793,-122.321,1080,3899,12.001198684265708
4,2.0,2490,339332,0,8,2490,0,2002,47.2725,-121.929,1910,129373,13.287877815881902
4,1.75,1740,12204,0,7,1270,470,1961,47.7675,-122.277,2190,12204,13.017002861746503
4,1.0,1450,6820,0,6,1450,0,1947,47.7061,-122.347,1450,6820,12.834681304952548
4,2.5,2190,3855,0,8,2190,0,2010,47.7705,-122.169,2190,3600,13.199324418540456
2,1.0,1140,11480,0,6,1140,0,1907,47.5328,-122.274,1550,8150,13.028052697933088
3,2.5,3210,8630,0,10,2530,680,1990,47.6939,-122.189,2630,8630,13.676248490630767
4,2.75,3770,24897,2,8,2550,1220,1964,47.5824,-122.078,2640,11502,13.753635154246187
3,3.0,2490,3600,3,8,1790,700,1911,47.6313,-122.369,2490,3600,14.141210697603576
4,1.75,1840,10528,0,7,1210,630,1990,47.2987,-122.385,1620,9331,12.524162674153336
3,2.25,1540,5449,0,7,1180,360,1989,47.29,-122.358,1460,6740,12.078239274020289
2,1.0,1510,19874,0,7,1510,0,1951,47.4924,-122.34,1540,10000,12.328290278254423
4,2.5,3650,7090,0,10,3650,0,2008,47.606,-122.052,3860,7272,13.665978694961044
3,2.75,3450,5350,3,9,2590,860,1925,47.6389,-122.407,2910,5350,14.074021253115776
4,3.5,3720,8301,0,10,2880,840,2008,47.5885,-122.199,2080,9676,14.187074114396758
3,1.75,1370,10866,0,6,1370,0,1945,47.6774,-122.164,1580,14250,12.506177237980511
4,3.25,4290,12103,3,11,2690,1600,1997,47.5503,-122.102,3860,11244,14.140488415159751
4,2.5,2940,156988,2,9,1870,1070,1996,47.6214,-121.946,2940,71002,13.128345449081877
4,2.25,2290,12174,4,7,1490,800,1948,47.5114,-122.245,2290,9379,13.641752231830807
3,2.25,1264,1536,0,8,1264,0,2003,47.6694,-122.279,1264,2067,13.180632285528304
4,1.75,2170,9525,0,8,2170,0,1960,47.5685,-122.217,1910,9525,13.643535293224463
4,2.5,1830,5331,0,7,1830,0,2002,47.3557,-122.016,1830,5175,12.774223335915433
4,2.0,1910,6960,0,8,1910,0,1941,47.6893,-122.348,1360,3300,13.635187003832993
3,1.0,1752,14626,2,8,1752,0,2005,47.3755,-122.278,1800,9000,12.425208175446844
3,1.75,1240,8659,0,7,1240,0,1986,47.3663,-122.089,1490,8223,12.449018824140563
4,2.75,3130,8920,0,8,3130,0,2014,47.7397,-122.316,1450,9183,13.445171251831484
2,2.0,1680,5756,0,7,1680,0,1910,47.3065,-122.222,1340,5447,12.254862809699606
5,2.0,1750,10284,0,5,1750,0,1943,47.5094,-122.182,1560,9010,12.154779351142624
3,2.0,1410,10625,0,7,1410,0,1980,47.3649,-122.117,1410,9744,12.345834587905333
4,2.0,1930,6600,0,7,1030,900,1967,47.482,-122.332,1220,6600,12.498742259492994
2,1.0,880,5750,0,6,880,0,1939,47.5642,-122.379,1190,5750,12.542544882151386
4,3.5,3010,6202,0,9,3010,0,2005,47.5533,-121.993,2520,5001,13.55284624848778
4,2.5,2300,41167,0,7,2300,0,1988,47.3412,-122.108,2300,21765,12.8790171187726
5,2.5,3040,9570,2,8,1640,1400,1966,47.5651,-122.164,2920,8800,13.58609739363647
4,3.5,3760,5000,0,9,2860,900,2014,47.6826,-122.394,1340,5000,13.73126335711731
2,1.75,1660,4000,0,7,990,670,1940,47.6394,-122.28,2070,4000,13.547631112808673
4,1.75,1000,7200,0,6,1000,0,1947,47.742,-122.324,1280,7200,12.628067055589549
3,2.5,3450,8000,0,8,2970,480,1927,47.5605,-122.402,1880,6135,13.437174117244362
4,2.5,2540,8400,0,7,2540,0,1977,47.3754,-122.277,1600,8050,12.505992035646432
3,1.75,1250,7710,0,7,1250,0,1947,47.7623,-122.317,1340,7710,12.730801174465157
4,2.5,2140,7095,0,8,2140,0,1992,47.3528,-122.057,1600,7182,12.765688433465597
4,2.0,3410,15143,0,8,3410,0,1972,47.6709,-122.052,2350,25936,13.303016877097587
3,2.0,1010,7896,0,7,1010,0,1984,47.4046,-122.181,1540,7896,12.468244583811861
3,2.5,2810,4607,0,8,2810,0,2004,47.7735,-122.227,2540,4871,13.186276703147982
3,1.75,1630,4000,0,7,1100,530,1968,47.5351,-122.353,1300,4000,12.560244459250788
4,1.5,1980,3240,0,8,1780,200,1930,47.584,-122.294,2250,4000,13.329377546788654
3,2.0,1710,5200,0,7,1030,680,1977,47.3651,-122.094,1390,5200,12.345834587905333
3,2.25,1790,231303,0,7,1250,540,1980,47.7558,-122.027,2090,93654,12.931444973384856
2,1.75,1250,7029,0,7,1250,0,1986,47.6936,-122.186,1680,8470,13.056223574899784
3,2.25,1590,9425,0,7,1170,420,1985,47.4291,-122.16,1590,9394,12.535376392672774
4,2.5,2470,8536,0,8,2470,0,2002,47.7699,-122.292,1690,8840,13.060487973686241
5,3.0,2260,6508,0,7,1330,930,2003,47.7508,-122.322,1940,9450,13.019222618484815
3,1.5,1120,6653,0,7,1120,0,1937,47.7321,-122.334,1580,7355,12.959844447906553
4,2.5,2820,8408,0,9,2820,0,2014,47.7538,-122.325,1300,8408,13.345506928718539
4,2.5,4240,43995,0,10,4240,0,1989,47.6008,-122.044,3720,59522,13.963930563082547
3,2.5,2060,7020,0,8,1460,600,1967,47.7575,-122.364,2150,8400,12.948009990259552
2,1.0,990,45528,0,7,990,0,1992,47.5013,-122.463,1730,45528,12.542544882151386
3,1.75,1630,9000,0,7,1630,0,1956,47.4521,-122.36,1600,11120,12.973863369085885
4,2.5,2180,3893,0,8,2180,0,1999,47.6886,-122.388,1710,4550,13.495993761992475
4,2.75,2390,6979,0,8,2390,0,1993,47.5703,-121.996,2090,6321,13.345506928718539
3,2.5,2100,213008,0,8,2100,0,1990,47.2984,-122.144,1330,214315,13.134291948269603
1,1.75,1020,4512,0,7,770,250,1937,47.6724,-122.266,1230,5029,12.984250075274694
3,2.5,2560,9182,0,9,2560,0,1993,47.5361,-122.051,2800,8784,13.527828485512494
3,2.5,1860,10027,0,8,1860,0,1993,47.6775,-122.165,1530,9204,13.345506928718539
4,2.25,2840,31720,0,8,1780,1060,1958,47.7505,-122.375,2290,29577,13.304684934198283
4,1.75,1400,11934,0,7,1050,350,1961,47.7346,-122.244,2080,10400,12.594730635321957
3,1.0,1310,8514,0,7,1310,0,1953,47.7502,-122.353,1310,8514,12.94084150078094
3,1.75,1470,7350,0,8,1470,0,1963,47.6687,-122.154,1470,7350,12.977337605354071
3,2.75,2130,1400,0,9,1080,1050,2010,47.5661,-122.29,1520,3132,13.197470849891134
4,1.75,2160,7417,0,7,1360,800,1983,47.5122,-122.181,1880,8022,12.779873068457553
4,2.5,2240,3712,0,8,2240,0,2014,47.3551,-122.061,2530,4315,12.804881673714029
6,3.25,2900,6400,0,8,2300,600,1977,47.6464,-122.401,2480,6400,13.453104939316557
5,3.5,4350,6218,2,10,3520,830,2007,47.5396,-121.997,3260,5989,13.955272500339433
3,2.0,2080,3880,0,7,1160,920,1954,47.686,-122.391,1330,3880,13.458835614025542
3,1.75,2230,10403,0,8,1630,600,1968,47.4092,-122.295,1730,9450,12.736700896592344
3,2.0,1390,8250,0,7,1390,0,1987,47.3707,-122.094,1390,7875,12.409013489526863
4,2.5,2790,45902,0,9,2790,0,1987,47.7674,-122.086,2890,42421,13.392314175825796
2,1.0,980,3080,0,7,980,0,1910,47.6646,-122.339,1450,3333,13.217673557208654
4,2.5,3380,75794,0,10,3380,0,1997,47.3511,-122.266,3710,17913,13.369067193127552
4,1.5,1380,7800,0,7,1080,300,1928,47.7093,-122.306,1770,7503,13.075271769870477
4,1.75,1510,9176,0,7,1510,0,1957,47.7651,-122.339,1480,9176,12.904207367601158
4,1.75,2100,10358,0,8,1280,820,1959,47.7478,-122.338,2080,9000,13.032438669876342
4,2.5,2980,10194,0,9,2980,0,1993,47.5515,-122.12,2980,10053,13.499339843778206
5,3.25,4100,7578,2,10,4100,0,2011,47.5955,-121.974,3710,8156,13.698976741708323
2,1.75,1680,8187,0,8,1680,0,1983,47.5603,-122.081,2390,7801,13.337474757021274
5,2.25,2000,7900,0,7,1300,700,1986,47.4291,-122.292,2000,9132,12.706847933442663
4,3.0,2790,3600,0,8,1880,910,1905,47.6362,-122.363,1360,3600,13.85952744338105
5,2.5,3340,24755,0,10,3340,0,2002,47.4565,-122.066,3420,23274,13.457406021215947
3,2.0,960,9380,0,6,960,0,1949,47.4852,-122.343,1460,9240,12.254862809699606
2,2.0,1440,4666,0,8,1440,0,2010,47.709,-122.019,1510,4595,12.994416363073707
4,2.25,1740,10875,0,8,1740,0,1967,47.5132,-122.157,1680,10701,12.971424201839042
3,3.0,1490,2944,0,7,960,530,1993,47.6506,-122.384,1590,1600,12.873902018105829
2,1.0,670,6300,0,6,670,0,1942,47.5161,-122.374,760,6300,12.538967060803502
3,3.25,3140,5445,3,10,2240,900,1913,47.6406,-122.347,2950,5250,14.310206799800381
1,1.0,640,10280,0,5,640,0,1920,47.5144,-122.368,1090,9000,11.608235644774552
3,2.0,1360,6082,0,7,1360,0,1994,47.3577,-122.16,1360,6987,12.425208175446844
5,3.0,2420,7740,0,7,1360,1060,1929,47.536,-122.358,1840,6780,12.927564299099261
6,4.5,4800,9097,0,10,3580,1220,2007,47.6259,-122.291,2180,6037,14.496078956317358
2,1.0,1460,9207,0,7,1210,250,1947,47.7195,-122.287,1500,6898,12.971540487669746
6,4.0,4470,17877,3,9,3230,1240,2013,47.4514,-122.273,1790,18260,13.30268293152761
3,1.0,890,5965,0,7,890,0,1950,47.7518,-122.279,1930,7500,12.70076888736628
4,3.25,3444,5166,0,8,2714,730,2014,47.2966,-122.348,2848,5182,12.97208917432299
4,3.25,1900,2631,0,9,1250,650,2014,47.5869,-122.311,1710,4502,13.269057756555132
3,2.25,1730,13040,0,8,1290,440,1988,47.6809,-122.119,1730,11016,13.122363377404328
3,1.75,3400,46382,0,7,2050,1350,1979,47.6458,-121.955,2320,20624,12.736700896592344
5,2.5,2250,7945,0,7,1360,890,1977,47.7316,-122.221,1820,7866,13.010202010515998
5,2.75,2520,18625,0,8,1660,860,1959,47.6409,-122.207,3000,16624,13.864300722133706
3,2.5,1930,4000,0,8,1930,0,2014,47.3518,-122.275,2050,4000,12.752747922189862
3,2.5,1750,3354,0,7,1750,0,1991,47.6953,-122.199,1750,4286,13.296316684527767
3,2.5,2680,17707,1,9,2680,0,1983,47.7031,-122.224,2840,21743,13.318086398742544
3,2.0,1970,79714,0,7,1070,900,1979,47.4674,-122.107,1890,36626,12.793859310432293
4,1.75,2380,15324,0,8,1610,770,1978,47.6262,-122.049,2540,12608,12.948009990259552
2,1.5,1090,2686,0,7,1090,0,1982,47.717,-122.19,1160,2158,12.425208175446844
2,1.0,970,3400,0,7,970,0,1924,47.6444,-122.357,1180,3600,13.210374254727043
3,1.5,960,4600,0,6,960,0,1944,47.6937,-122.213,2230,9350,13.122363377404328
4,3.5,3740,41458,2,11,3740,0,2000,47.7375,-122.139,3750,38325,13.891081744811348
3,1.75,1980,9800,0,7,1980,0,1991,47.3745,-122.224,1630,7650,12.631340380934517
3,2.0,2010,12950,0,8,2010,0,1953,47.7222,-122.229,1490,10181,12.644327576461329
3,1.0,1350,3090,0,6,1350,0,1914,47.682,-122.348,1350,3090,12.89921982609012
5,3.0,2540,11422,0,8,1270,1270,1962,47.5459,-122.176,2090,10741,13.337474757021274
3,2.75,1810,3292,0,8,1810,0,2014,47.5164,-121.877,1810,2769,12.85893154328709
6,4.25,6980,15682,4,12,5330,1650,1999,47.5552,-122.231,3930,18367,14.946912669455374
4,2.5,1770,4338,0,7,1770,0,2001,47.3672,-122.099,1770,6606,12.542187675503545
3,1.75,1540,12600,0,7,1160,380,1980,47.3624,-122.031,1540,11656,12.515393893085436
4,3.0,2890,6885,0,7,1590,1300,1945,47.6763,-122.282,2180,6885,13.073173133213556
5,3.5,3500,10155,0,10,2570,930,1996,47.5415,-122.133,2940,10753,13.715690222682063
3,2.5,2320,57063,0,9,1790,530,1979,47.6163,-122.056,3290,7314,13.249876697703288
4,1.5,1320,14250,0,7,1320,0,1954,47.7016,-122.199,1720,14250,13.142166004700508
3,2.5,1778,147823,0,7,1778,0,1999,47.6811,-121.915,2840,43676,12.983101310070822
4,2.5,3160,8281,0,9,3160,0,1995,47.6699,-122.195,3000,8281,13.935069793021913
4,2.5,1950,5602,0,7,1120,830,1966,47.5437,-122.291,2000,6050,12.966878474563934
3,2.5,2990,32239,0,8,2990,0,1978,47.7718,-122.095,2990,36497,13.358107210694277
3,1.75,2000,9416,0,6,2000,0,1961,47.697,-122.175,1440,9555,12.832011076396668
3,2.0,1860,217800,2,8,1860,0,1998,47.5157,-122.107,2500,217800,12.994530005894443
4,2.5,2960,10760,0,9,2960,0,1987,47.5677,-122.013,2480,9528,13.45166712454693
3,2.5,2020,5613,0,7,2020,0,2003,47.6835,-122.035,2020,4609,13.176851562688398
4,3.5,5050,9520,0,11,3610,1440,2007,47.6364,-122.209,2430,9248,14.657077743642493
3,1.0,1290,5440,0,6,790,500,1929,47.6951,-122.367,1220,5464,13.017002861746503
2,1.75,1290,1493,0,8,1290,0,2014,47.5171,-122.346,1410,1875,12.387560521575551
4,2.5,2690,6124,0,7,2690,0,2007,47.3343,-122.058,2300,6002,12.647548191161372
3,3.5,3780,8295,0,9,2430,1350,1951,47.6394,-122.29,3780,9127,14.408837403242009
3,2.0,1320,8959,0,7,1320,0,1993,47.3536,-122.144,1740,7316,12.487485104968359
3,2.25,1560,15340,0,7,1560,0,1997,47.4989,-122.322,1560,8260,12.429216196844383
4,1.5,2290,10372,0,7,1510,780,1965,47.6888,-122.199,1900,8109,13.56255192157088
3,1.0,1180,7068,0,6,1180,0,1944,47.4947,-122.238,1180,7068,12.577291314909747
4,2.5,2040,16200,0,8,2040,0,1997,47.7366,-121.958,2530,15389,13.071070083016778
3,1.75,1310,8065,0,6,1310,0,1948,47.701,-122.368,1420,8100,12.983101310070822
3,1.75,1560,7424,0,8,1560,0,1940,47.6981,-122.374,1370,7424,13.291261913866142
4,2.0,2470,5080,0,6,1970,500,1948,47.5308,-122.348,1060,5080,12.733755386362587
3,1.75,2050,5160,0,8,1300,750,1926,47.6374,-122.304,2220,5960,13.513053199930338
4,2.75,2730,35075,0,8,1530,1200,1979,47.7726,-122.139,2310,35000,13.262125319779487
3,1.75,1270,6600,0,7,1270,0,1903,47.5976,-122.295,1490,3600,13.01477816672439
4,1.5,1560,6534,0,7,1560,0,1962,47.6012,-122.152,1560,6969,12.971540487669746
4,2.75,3000,213008,0,8,3000,0,1975,47.4032,-121.982,2300,74191,13.122363377404328
3,2.25,1960,17126,0,8,1400,560,1966,47.4436,-122.21,2060,11466,12.562872581657057
1,1.0,1660,5422,0,7,830,830,1908,47.6821,-122.388,1100,5356,13.39239051461739
3,1.75,1990,6500,0,7,1090,900,1961,47.488,-122.221,2150,6500,12.560244459250788
3,1.75,1440,11325,0,8,1440,0,1966,47.3503,-122.279,1440,20000,12.4130868149145
4,2.5,1780,2992,0,7,1780,0,2003,47.7633,-122.149,1610,2961,13.028052697933088
5,3.5,3150,4120,0,8,2460,690,1911,47.6754,-122.315,2080,4160,13.652991628466498
3,1.75,1550,7270,0,7,1550,0,1953,47.72,-122.317,1050,7210,13.024750548537328
3,1.75,1840,4255,0,7,940,900,1907,47.58,-122.392,1600,4255,13.37700559577791
2,1.0,990,5643,0,7,870,120,1947,47.6802,-122.298,1280,5700,12.983101310070822
3,2.5,1750,1548,0,9,1750,0,2013,47.5532,-122.282,1750,3960,13.112313041550827
4,2.5,2600,9355,0,9,1840,760,1983,47.7446,-122.249,2250,7691,13.14020329553266
3,3.0,3290,80471,2,8,2330,960,1975,47.504,-122.464,1830,30494,13.239257128875828
5,2.0,1930,9747,0,7,1020,910,1962,47.7743,-122.235,2040,9370,12.89921982609012
5,1.5,2680,28014,0,8,1450,1230,1963,47.6348,-122.196,2900,22180,13.707925347284336
4,1.5,2480,6383,0,7,1380,1100,1946,47.6445,-122.374,1440,6000,13.38472764187182
4,2.5,2060,9719,0,8,1320,740,1960,47.5549,-122.176,2050,9643,13.217673557208654
3,1.5,2200,2880,0,7,1440,760,1904,47.6308,-122.312,2440,4640,13.693342923990066
5,1.0,1750,3861,0,7,1750,0,1903,47.6075,-122.295,1700,4255,13.560489267752041
3,1.0,1330,5100,0,7,900,430,1942,47.6837,-122.291,1500,5100,13.223113280504473
1,1.0,1080,5000,0,7,1080,0,1948,47.6603,-122.394,1620,4000,12.926348493478372
3,1.0,910,8450,0,6,910,0,1962,47.4787,-122.158,1400,8040,12.521795378137476
3,1.75,1790,7485,0,8,1330,460,1979,47.3118,-122.34,1970,8097,12.479909311159902
4,1.75,3220,7392,0,8,2010,1210,1959,47.7719,-122.361,1660,8363,13.091904169919621
1,1.0,900,6380,0,6,900,0,1947,47.7019,-122.311,1830,6380,12.765688433465597
4,3.5,2210,7597,0,9,1550,660,1977,47.5816,-122.197,2370,8811,13.9108207377686
3,1.75,2560,8400,0,7,1970,590,1959,47.7668,-122.197,1970,8400,13.038981768465277
4,1.75,1800,5210,0,7,1080,720,1979,47.5298,-122.28,1870,5365,12.736700896592344
3,2.25,1760,8287,0,7,1160,600,1986,47.4501,-122.274,1290,9587,12.506177237980511
3,2.5,2000,6341,0,8,1040,960,1981,47.5639,-122.401,2030,6341,13.345506928718539
4,2.5,2810,11560,0,7,1740,1070,1962,47.5846,-122.12,1970,11560,13.420985389894444
3,1.75,1560,104108,0,7,1250,310,1970,47.4016,-122.131,2000,110957,12.84792653170257
6,2.75,2630,16411,0,8,1650,980,1974,47.6309,-122.093,2250,12255,13.27594246533263
4,2.5,2150,7670,0,7,1240,910,1976,47.3942,-122.189,1610,7350,12.345617172968069
4,1.0,1100,7110,0,7,880,220,1907,47.3858,-122.227,1150,7110,12.327404930697698
5,3.5,3990,42436,0,9,2710,1280,2002,47.461,-122.0,3030,41684,13.412043452518782
4,2.25,2170,4080,0,7,1920,250,1980,47.6124,-122.293,1890,4400,13.39239051461739
2,1.0,1120,6141,0,7,900,220,1946,47.6924,-122.372,1500,7529,13.16158409055761
3,1.75,2030,9032,2,7,2030,0,1963,47.586,-122.117,2350,8937,13.399995114002609
2,1.5,1040,3500,0,6,1040,0,1904,47.588,-122.304,1340,1213,12.948009990259552
3,1.75,2180,7700,0,8,1480,700,1961,47.7594,-122.361,2180,7604,13.134291948269603
2,1.0,710,7200,0,6,710,0,1943,47.4903,-122.245,960,7200,12.2783933071098
3,1.75,1500,11968,0,6,1500,0,2014,47.3095,-122.002,1320,11303,12.319401330837177
4,2.5,2760,8558,0,7,2760,0,2001,47.4802,-122.189,2760,7703,13.005829561148378
4,1.75,2600,41041,0,8,2600,0,1965,47.6634,-122.172,2750,37318,13.832367675030698
3,2.75,3510,92347,0,10,3510,0,1990,47.3735,-122.018,2970,37070,13.422393893036974
2,1.0,1400,19570,0,6,1100,300,1929,47.4724,-122.271,2250,6500,12.429216196844383
3,2.25,1350,944,0,8,1050,300,2007,47.5997,-122.312,1350,1245,12.87004844878984
2,2.5,2270,1763,0,7,1820,450,2009,47.6757,-122.121,2180,1763,13.393916067926225
3,2.0,1810,12825,0,7,1810,0,1960,47.5953,-122.14,1490,10800,13.217673557208654
1,1.0,780,1033,0,7,780,0,1922,47.6155,-122.306,1040,1319,12.429216196844383
3,2.75,2930,5569,0,9,1860,1070,2004,47.7648,-122.164,2580,11045,13.235513475336985
2,1.0,900,4600,0,6,900,0,1951,47.6918,-122.361,1060,4600,12.821258284620408
3,2.25,1330,1198,0,8,1080,250,2007,47.555,-122.362,1260,1062,12.691580461311874
3,3.0,3490,4500,0,9,3170,320,1924,47.6394,-122.321,2840,4050,13.864300722133706
3,2.5,2610,7510,0,9,2610,0,1996,47.6648,-122.137,2610,8458,13.493926933836812
3,1.0,1060,9123,0,7,1060,0,1952,47.6218,-122.193,1620,9121,13.371096699717535
4,2.75,3120,7898,4,8,1560,1560,1963,47.7165,-122.259,2630,13868,14.485900751401603
4,2.25,2850,7453,0,9,2850,0,1991,47.7439,-122.174,2700,8468,13.199324418540456
3,3.5,3520,35512,2,8,2760,760,2005,47.2416,-121.979,2860,39614,13.060487973686241
6,2.0,1870,6969,0,7,1870,0,1968,47.5342,-122.036,1500,6969,12.84792653170257
4,2.75,2200,16288,0,7,1290,910,1980,47.4793,-122.122,2650,6620,13.071070083016778
4,3.75,3810,9916,0,11,3810,0,1989,47.5739,-122.234,3040,11250,14.269765830241871
4,2.0,2280,39848,0,8,2280,0,1991,47.5003,-122.465,1900,38472,12.939641740589034
5,3.0,2970,7000,0,8,1810,1160,1979,47.3079,-122.341,2630,8062,12.676076274775909
3,1.75,1840,9401,0,8,1840,0,1971,47.5847,-122.075,2850,14323,13.217673557208654
4,1.75,1500,12560,0,7,1000,500,1977,47.2918,-122.197,1700,9020,12.384218830913648
4,2.5,2910,7364,0,10,2910,0,2003,47.6906,-122.213,2480,8400,14.173744286367
3,2.25,2560,117176,0,9,1280,1280,1977,47.4655,-122.033,2760,57063,13.049792684569493
4,3.5,4210,6481,3,9,3260,950,2014,47.5765,-122.072,3920,5331,13.868776405588868
3,2.0,1760,43575,0,7,1160,600,1988,47.3565,-121.94,1760,46038,12.682306824526545
2,1.0,930,7550,0,6,930,0,1986,47.4866,-122.303,1370,10176,12.345834587905333
5,1.75,1880,48787,0,6,1880,0,1922,47.5094,-122.165,1690,8401,13.151922179645874
5,2.25,1970,15247,0,7,1450,520,1986,47.5669,-121.905,1300,10800,12.983101310070822
3,3.5,1590,1102,0,8,1590,0,2010,47.6824,-122.347,1620,3166,13.158695306651719
3,1.5,1410,9647,0,8,1410,0,1961,47.7608,-122.361,2090,9272,12.814478597635029
3,1.0,1530,2370,0,8,1530,0,1901,47.6108,-122.303,1310,2370,13.287877815881902
3,1.75,1790,87213,0,7,1790,0,1974,47.732,-122.077,3270,39586,13.279367126213993
2,2.25,1610,1968,0,7,1610,0,1979,47.5184,-122.196,1950,1968,12.587927887999204
4,1.75,1720,10018,0,7,1720,0,1960,47.3614,-122.119,1220,10018,12.423198124518821
4,2.5,3220,4031,0,9,3220,0,2002,47.688,-122.163,3150,5083,13.541073712262515
5,2.25,3200,20158,0,8,1600,1600,1965,47.6303,-122.215,3390,20158,14.09692301740246
4,2.25,2400,13430,0,9,2400,0,1964,47.5987,-122.178,2580,10077,13.660726344163407
2,1.0,890,8100,0,6,890,0,1942,47.4839,-122.34,1260,8100,11.918390573078392
3,2.0,1530,8925,0,7,1530,0,1977,47.736,-122.199,2040,8856,12.82402472476402
2,2.5,1611,2210,2,10,1611,0,2005,47.6291,-122.347,2070,2182,13.652991628466498
2,1.0,700,5200,0,6,700,0,1952,47.4924,-122.175,1030,5200,11.951180395901384
3,1.5,1830,9848,0,7,1830,0,1962,47.539,-122.18,1830,8168,13.056223574899784
3,1.0,1020,13504,0,7,1020,0,1959,47.5121,-122.17,1110,11158,12.683858415217964
3,1.75,2420,65501,1,8,2420,0,1984,47.6525,-122.087,2970,19036,13.122363377404328
3,2.5,4560,17622,0,9,3800,760,1986,47.621,-122.03,2360,15000,13.45166712454693
4,1.5,2170,9948,0,7,2170,0,1952,47.4263,-122.331,1500,9750,12.180754837545884
3,2.25,1270,2790,0,7,990,280,1970,47.6581,-122.396,1920,4000,13.205784985543401
4,2.0,2010,9474,0,7,2010,0,1953,47.4234,-122.342,2140,10164,12.92391243868049
3,1.0,920,6612,0,6,920,0,1948,47.548,-122.284,1860,8424,12.254862809699606
4,1.0,1330,8184,0,7,1330,0,1949,47.7343,-122.347,1220,660,12.577636201962656
3,2.5,2020,6564,0,7,1310,710,1994,47.3545,-122.158,1710,5151,12.441144767709657
3,1.75,1230,10005,0,7,1230,0,1963,47.621,-122.114,1530,8560,12.948009990259552
2,1.5,1400,1650,0,7,1400,0,1999,47.7222,-122.29,1430,1650,12.621488084491506
5,1.75,3000,6000,0,7,1500,1500,1958,47.492,-122.225,2230,7125,12.84792653170257
3,2.5,2110,7434,0,7,2110,0,1978,47.3935,-122.169,2100,7749,12.672946381766982
3,1.75,1270,8422,0,7,1270,0,1967,47.7601,-122.197,1470,8500,12.736700896592344
2,2.0,1340,1635,0,8,1340,0,2003,47.5476,-122.005,1410,1375,12.837344422372032
3,1.5,1460,9879,0,7,1460,0,1956,47.6346,-122.127,1610,10050,13.049792684569493
4,2.5,2430,6099,0,8,1470,960,1965,47.6777,-122.287,2180,6099,13.541073712262515
2,1.0,1030,3060,2,7,790,240,1918,47.6779,-122.353,1390,3060,13.081541382884074
3,2.25,1330,7200,0,7,900,430,1974,47.5102,-122.364,1380,9570,12.594730635321957
3,1.0,1200,15960,0,6,1200,0,1945,47.7163,-122.299,1120,7800,12.895462777212407
4,2.5,2100,8886,0,7,2100,0,1964,47.5947,-122.134,1840,9058,13.091904169919621
3,2.5,1980,9907,0,8,1980,0,1991,47.1903,-122.013,2050,9907,12.675920012567607
9,3.0,2820,4480,0,7,1880,940,1918,47.6654,-122.307,2460,4400,13.74723171721098
4,1.75,2390,23899,0,7,1750,640,1949,47.7557,-122.237,1840,33900,13.017002861746503
3,2.0,2360,6145,0,8,2360,0,2011,47.3564,-122.198,2304,5880,12.759957758756611
5,2.25,2980,7781,0,9,1580,1400,1960,47.7048,-122.279,2310,7781,13.304684934198283
3,1.75,2110,11250,0,8,2110,0,1961,47.5402,-122.216,2560,10992,13.518451323699896
4,2.25,2160,8119,0,8,1080,1080,1966,47.5443,-122.177,1850,9000,12.994530005894443
4,2.5,2050,9015,0,7,2050,0,1973,47.4357,-122.168,1780,8820,12.577636201962656
2,1.0,700,5940,0,7,700,0,1948,47.7289,-122.337,1070,5995,12.550194123397286
4,2.5,2170,7275,0,8,1820,350,1978,47.5672,-122.09,2390,7275,13.366328644410837
4,1.5,1840,4337,0,8,1840,0,1917,47.6312,-122.307,2250,4337,13.603554196040628
5,4.0,3040,6000,0,8,2280,760,2011,47.5189,-121.876,3070,5558,13.312983737012978
3,1.75,1960,11931,0,7,980,980,1954,47.5432,-122.272,1460,4498,12.676076274775909
3,1.75,1580,9705,0,7,1580,0,1977,47.3819,-122.09,1580,9942,12.283033686666302
3,2.0,1640,3440,0,7,1640,0,1987,47.6829,-122.097,1070,3549,12.9190224533863
2,2.5,2470,8840,0,8,1780,690,2001,47.5693,-122.301,1940,8840,13.36138027787483
3,2.25,2040,18360,0,8,2040,0,1983,47.6976,-122.137,2590,21315,13.488394416267086
3,2.25,1780,16290,0,8,1780,0,1987,47.4622,-122.127,1780,8810,12.765688433465597
3,2.5,1500,5412,0,7,900,600,1920,47.5499,-122.394,1090,5412,13.091904169919621
3,2.5,2370,4200,0,8,2370,0,2014,47.3706,-122.017,2370,4200,12.771383613667108
4,2.5,2290,12047,0,9,2290,0,1988,47.5599,-122.105,3130,15666,13.508985397711013
3,2.0,1780,11342,0,7,1780,0,1964,47.4617,-122.327,2140,8449,12.542544882151386
5,2.5,3090,12750,0,8,1750,1340,1968,47.3408,-122.335,1760,25919,12.860738839271837
3,2.5,1610,5024,0,7,1610,0,2004,47.3833,-122.043,1790,3717,12.589632918250288
4,1.75,1970,5160,0,7,1970,0,1942,47.534,-122.373,1230,4920,12.976180867226248
3,1.75,1010,6552,0,7,1010,0,1969,47.375,-122.117,1010,6552,11.901583454762012
3,2.5,1776,1248,0,8,1604,172,2006,47.6539,-122.352,1780,1248,13.337474757021274
3,2.5,2950,10254,0,9,2950,0,2006,47.4888,-122.14,2800,9323,13.226633298580126
3,2.0,1220,6404,0,7,1220,0,1994,47.3523,-122.059,1570,7000,12.428816116823043
3,2.5,2140,40173,0,8,2140,0,1990,47.4786,-122.066,2380,43016,13.208541073645382
4,3.0,3070,7150,0,9,3070,0,2007,47.7079,-122.107,3200,6984,13.652991628466498
5,2.5,3400,9500,1,8,3400,0,1977,47.5645,-122.082,3080,11081,14.0623706358958
3,1.0,1270,6250,0,7,910,360,1955,47.5694,-122.397,2000,6250,13.120361374733656
2,1.0,800,5000,0,6,800,0,1938,47.4914,-122.204,1220,5000,12.933621252807452
4,2.5,2170,9796,0,8,1650,520,1980,47.5505,-122.152,2350,9796,13.641157170819497
5,1.5,1940,3430,0,6,1220,720,1926,47.6853,-122.362,1830,4120,13.244581010128577
3,1.0,970,9583,0,6,970,0,1967,47.3044,-122.366,970,7875,12.25462468611234
3,2.5,1850,10109,0,8,1850,0,1991,47.7163,-122.229,1780,9660,13.190022025878143
3,2.5,2185,6042,0,9,2185,0,2009,47.3573,-122.202,2297,5876,12.832011076396668
4,2.75,3120,34040,0,9,3120,0,1997,47.3431,-122.03,2420,25201,13.329377546788654
4,2.0,2310,31850,0,8,2310,0,1984,47.7713,-122.122,2710,36042,13.369223455335854
3,2.25,2490,8800,0,8,2490,0,1975,47.5666,-122.132,2690,10000,13.287877815881902
3,2.5,2940,10809,0,10,2940,0,1992,47.5418,-122.136,3090,10348,13.652991628466498
3,1.0,660,6600,0,5,660,0,1940,47.4842,-122.33,1320,6600,12.323855681186558
3,1.5,1510,11200,0,8,1510,0,1960,47.3347,-122.325,2110,12070,12.73895717281511
2,1.0,810,4368,0,6,810,0,1958,47.6915,-122.312,1890,5253,13.017002861746503
2,1.5,1800,26615,0,7,1240,560,1987,47.302,-122.123,2010,26337,12.751299696013497
2,1.0,1170,8254,0,6,1170,0,1949,47.497,-122.346,1820,8922,11.56123932524878
4,2.5,2320,4254,0,8,2320,0,2004,47.48,-122.137,2330,4602,12.955127458028414
3,2.0,1470,10052,0,8,1470,0,1956,47.726,-122.316,1480,9780,13.081541382884074
4,2.0,2020,6867,0,8,1010,1010,1942,47.7,-122.292,1250,6842,13.345506928718539
3,2.5,1650,4929,0,7,1520,130,2007,47.5634,-122.298,1520,2287,12.994530005894443
3,1.0,970,4700,0,6,720,250,1943,47.5285,-122.354,1560,4600,12.05524975579559
3,1.5,1900,5000,0,7,1640,260,1926,47.6779,-122.294,2090,5000,13.733758056092014
4,1.5,2340,5000,0,8,2100,240,1912,47.6065,-122.291,2320,5500,13.500799813124575
4,3.0,4280,18834,4,11,2180,2100,1971,47.5811,-122.4,2490,8858,14.53335035111459
3,2.0,1400,8640,0,7,1400,0,1968,47.3182,-122.319,1270,9375,12.442724546869176
4,1.0,1440,6678,0,7,1040,400,1950,47.571,-122.392,1320,6678,12.994530005894443
4,3.0,4040,20001,0,9,2020,2020,1972,47.6408,-122.212,2990,20098,14.143374420048886
3,1.0,1040,5000,2,7,1040,0,1912,47.6754,-122.359,1440,4400,13.304684934198283
3,2.25,1500,7210,0,7,1150,350,1984,47.3124,-122.352,1500,7210,12.345834587905333
2,1.5,1390,5000,0,8,970,420,1954,47.5673,-122.401,1610,5000,13.180632285528304
3,1.0,1140,8180,0,7,1140,0,1959,47.5851,-122.172,1510,8588,13.217673557208654
3,2.5,1730,4065,0,8,1730,0,1996,47.5668,-122.005,1730,4094,12.983101310070822
4,3.0,3150,7778,0,9,3150,0,2000,47.5972,-122.018,2970,6500,13.458835614025542
4,3.0,2570,9104,2,7,2570,0,1930,47.5821,-122.401,1630,4950,13.122363377404328
3,2.5,1430,10200,0,7,1430,0,1960,47.7012,-122.166,1470,10350,12.911642346088676
4,2.25,4760,8036,0,9,3390,1370,1916,47.6415,-122.285,2950,9323,14.626440774180603
4,2.5,3250,235063,2,9,3250,0,1973,47.2582,-122.113,1600,44287,12.587927887999204
4,2.5,3260,10032,0,8,1960,1300,1978,47.7203,-122.323,1802,7249,13.195613839143922
3,1.75,1090,7200,0,7,1090,0,1968,47.7227,-122.179,1240,7200,12.751299696013497
5,2.25,2370,15512,0,9,2370,0,1981,47.5555,-122.15,2380,15100,13.72546330463464
4,5.0,6055,21630,3,12,3555,2500,1996,47.5524,-122.112,4890,19223,14.380824367014334
4,2.5,2110,7291,0,7,2110,0,1977,47.6888,-122.201,2350,8625,13.415032991367148
3,1.0,1370,6001,0,7,1230,140,1944,47.5646,-122.317,1370,5520,13.010313873595706
3,2.5,1690,3026,0,7,1690,0,2002,47.6885,-122.043,1650,3161,13.041153321978786
2,1.75,2510,19141,0,9,2510,0,1977,47.3103,-122.199,2400,13030,12.817195990611529
2,1.0,960,3235,0,7,960,0,1916,47.661,-122.344,1290,2069,12.976180867226248
3,1.75,1995,18360,0,7,1995,0,1957,47.4129,-122.322,1980,13640,12.511717418356127
3,2.5,1650,3436,0,7,1650,0,2003,47.6819,-122.036,1680,3446,13.091904169919621
2,1.75,1370,3125,0,7,1090,280,1950,47.6492,-122.391,1730,5966,13.444156979484877
4,1.0,1320,11212,0,6,1320,0,1914,47.3098,-122.209,1060,6766,12.429216196844383
3,1.75,1440,11787,0,8,1440,0,1983,47.6276,-122.033,2190,11787,13.112313041550827
5,2.5,2860,68519,0,8,2860,0,1958,47.5265,-121.835,1670,35910,13.415032991367148
2,1.0,940,5000,0,7,940,0,1937,47.6879,-122.385,1560,4500,12.771386454580234
4,2.5,1780,6000,0,9,1780,0,2000,47.3774,-122.027,2650,6000,12.66032791780777
4,2.0,2560,7798,0,7,1890,670,1947,47.6914,-122.296,1330,7798,13.369223455335854
3,1.0,1120,8321,0,6,1120,0,1941,47.5631,-122.091,1980,8671,12.901716706288706
3,2.5,2480,6112,0,7,2480,0,2004,47.4387,-122.114,3220,6727,12.736700896592344
3,2.0,1660,8174,0,7,830,830,1981,47.7103,-122.199,1610,9318,12.911642346088676
3,1.75,1520,5618,0,7,1170,350,1953,47.68,-122.284,1550,5618,13.217673557208654
4,2.5,2320,7379,0,8,2320,0,1987,47.3432,-122.316,2230,7614,12.66349749256905
4,1.0,2320,4000,0,6,1310,1010,1921,47.573,-122.312,1750,4000,12.89921982609012
5,3.5,2880,5000,0,8,2260,620,2012,47.3455,-122.023,2590,4800,12.947771866672285
3,2.5,1340,8867,0,8,1340,0,1984,47.724,-122.327,1630,7287,12.977337605354071
5,3.0,3110,12429,0,8,1790,1320,1977,47.7463,-122.213,3050,11902,12.986543654261794
2,1.0,900,7620,0,7,900,0,1971,47.5268,-122.343,1520,7620,12.676076274775909
4,2.75,3330,9143,0,10,3330,0,1995,47.6821,-122.19,2390,9143,13.906264921232738
4,4.0,4090,51908,0,11,4090,0,1991,47.7226,-122.039,4290,41655,13.849911984681606
2,1.0,750,2020,0,7,750,0,1908,47.6175,-122.301,1630,2383,12.821258284620408
4,1.0,1550,4750,0,7,1550,0,1919,47.6824,-122.389,1320,4750,13.186276703147982
2,1.5,930,7400,2,7,830,100,1909,47.5691,-122.408,1920,4152,13.218582235144872
3,1.0,1400,7410,0,6,1400,0,1944,47.4798,-122.343,1070,7410,12.4130868149145
4,2.5,2430,5556,0,8,2430,0,2003,47.3762,-122.126,2430,5556,12.851866129706648
3,1.5,1840,10956,0,8,1840,0,1970,47.6746,-122.164,1680,10950,13.17115354157376
2,1.0,2034,13392,4,7,1159,875,1947,47.3312,-122.503,1156,15961,13.215853720491667
3,1.0,910,8008,0,7,910,0,1971,47.726,-122.22,1480,7404,12.628067055589549
3,2.25,2080,2856,0,7,1550,530,2003,47.4198,-122.158,2080,2275,12.496874845318198
3,1.75,2790,36585,0,8,1410,1380,1970,47.4734,-121.999,1900,45302,13.077366011473593
4,2.5,2730,12261,0,9,2730,0,1991,47.7419,-122.205,2730,10872,13.32530422140102
4,3.0,2290,8250,0,9,2290,0,1990,47.3739,-122.156,2290,8250,12.702292116906802
3,2.5,2630,10100,0,9,1580,1050,1967,47.5638,-122.153,2400,9700,13.655928488139809
3,2.5,2044,5610,0,9,2044,0,1996,47.6791,-122.209,2440,5610,13.815510557964274
2,2.5,2110,114127,0,8,1590,520,1975,47.4137,-122.212,1960,11250,12.84792653170257
4,3.0,4370,217882,0,10,4370,0,1984,47.6573,-122.034,2430,35096,13.70736839934457
4,1.75,1920,7455,0,7,960,960,1939,47.7106,-122.286,1920,7455,13.256019762217003
4,2.25,2240,11034,0,8,2240,0,1976,47.5894,-122.195,2300,11550,13.795307850646754
3,2.25,1570,7200,0,8,1570,0,1991,47.7332,-122.232,1620,7318,13.011320078611003
2,1.0,820,2723,0,7,820,0,1921,47.6623,-122.339,1370,3850,13.071070083016778
6,3.0,3560,4290,0,7,1780,1780,1957,47.5282,-122.269,3040,6000,12.983101310070822
4,2.5,1960,11798,0,8,1960,0,1999,47.3293,-122.205,2360,11785,12.604848765487542
5,2.25,1750,5000,0,8,960,790,1940,47.6589,-122.276,2580,5000,13.539493517042995
3,1.5,1750,7000,0,8,1750,0,1983,47.3108,-122.346,1840,9305,12.468436909997665
4,2.5,3020,7035,4,9,3020,0,2001,47.5344,-121.874,3020,6771,13.480037821676145
4,3.5,3510,6005,0,8,2750,760,2010,47.5168,-121.87,3090,5866,13.199324418540456
3,1.0,1290,5500,0,7,980,310,1951,47.5266,-122.392,1680,5000,12.827240356297954
4,2.0,1580,8000,0,7,1040,540,1967,47.3467,-122.304,1550,8000,12.409013489526863
4,2.5,3090,9238,3,8,1680,1410,1967,47.5654,-122.163,2690,8500,13.753635154246187
2,1.5,1000,1188,0,8,1000,0,2005,47.6823,-122.327,2300,3500,12.959726793926773
4,2.0,1480,8625,0,7,1480,0,1974,47.462,-122.193,2130,8502,12.468436909997665
3,1.5,1470,11599,0,7,1070,400,1967,47.3632,-122.188,1580,9760,12.487296407920908
3,1.75,2160,6272,0,8,1390,770,1960,47.6777,-122.306,1290,5376,13.617059619240436
6,2.25,2660,13579,0,7,2660,0,1937,47.7142,-122.286,1120,8242,13.021437458814368
4,2.75,2110,8751,0,7,1510,600,1962,47.7617,-122.215,1660,10295,12.983101310070822
4,1.75,2100,7135,0,7,1050,1050,1955,47.5353,-122.349,1730,4000,12.858397831569864
5,2.5,1940,9389,0,7,1290,650,1960,47.7438,-122.328,1810,9390,12.608198852372823
1,0.75,1170,14149,0,7,880,290,1962,47.2653,-121.91,1130,24513,12.524526376648708
3,2.25,2390,7875,1,10,1980,410,1948,47.6515,-122.278,3720,9075,13.985253332551368
3,2.25,1820,9694,0,7,1240,580,1977,47.6157,-122.05,1820,9694,12.936033799212835
3,1.75,1240,3600,0,7,1240,0,1926,47.5797,-122.405,1660,3600,13.404515186097992
3,2.75,2500,6350,0,9,2370,130,1979,47.6035,-122.285,2090,5454,13.805460222110773
4,2.5,1720,3515,2,8,1470,250,2000,47.591,-122.293,1140,2208,13.19282184105289
4,3.0,3500,13444,0,10,2360,1140,1977,47.5468,-122.231,3140,12935,13.704578997256993
4,3.25,3330,17533,2,9,1750,1580,1969,47.652,-122.2,3340,12798,13.790192749979985
4,2.25,1780,6120,0,8,1310,470,1951,47.6955,-122.287,1780,6120,13.283631525000452
4,2.5,2430,5366,0,8,2430,0,2002,47.3352,-122.19,2100,5414,12.679196402112153
3,2.5,1300,3612,0,7,1300,0,2005,47.5328,-122.282,1390,2943,12.644327576461329
2,1.0,750,34133,0,6,750,0,1950,47.4781,-122.294,1460,25792,12.254862809699606
3,2.0,1910,9001,0,7,1910,0,1957,47.6037,-122.119,2040,8700,13.224919965729422
5,3.0,3655,51836,0,8,2174,1481,1955,47.6434,-122.115,2530,8606,13.514405465180353
5,3.5,2473,9282,1,7,2473,0,1963,47.3966,-122.308,2040,10920,12.745485726148077
4,2.5,4040,9630,3,9,2020,2020,1951,47.6408,-122.41,3160,8025,14.151982794585487
4,3.5,4610,12500,2,11,4610,0,2003,47.6508,-122.203,2340,11538,14.315072989451554
4,3.0,2760,13113,0,8,1760,1000,1974,47.7669,-122.268,1900,13113,13.217673557208654
3,1.5,1550,5034,0,7,1550,0,1922,47.7072,-122.36,1820,7200,12.971540487669746
2,1.5,1020,1525,0,7,1020,0,2004,47.704,-122.347,1020,3844,12.26434155365415
4,2.75,2420,8438,0,8,2420,0,1996,47.2091,-122.009,2420,8580,12.637851815197195
3,2.0,2270,148975,0,6,1270,1000,1900,47.5092,-122.195,2210,17388,13.021437458814368
3,1.0,1010,7520,0,6,1010,0,1975,47.2699,-122.255,1370,8469,12.119969946476761
4,4.25,4480,5715,0,7,3680,800,2003,47.373,-122.179,2190,6070,13.102160670086809
4,4.0,4500,11795,0,12,4500,0,1991,47.5533,-122.098,3930,11576,14.230925996925606
5,1.5,1420,9900,0,7,1050,370,1964,47.6348,-122.118,1580,8075,13.091904169919621
5,2.5,2300,7000,0,8,1290,1010,1975,47.6875,-122.122,2080,7280,13.324487561494463
4,2.0,2660,8160,0,7,1380,1280,1949,47.7229,-122.359,1660,8160,13.36138027787483
2,2.5,1470,690,3,8,1470,0,2008,47.6523,-122.346,1480,1284,13.38472764187182
4,2.5,3550,10233,0,9,3550,0,1996,47.5499,-122.1,3310,9157,13.732128949025222
3,1.75,1900,8540,0,6,950,950,1980,47.4868,-122.303,1370,10204,12.367340793126296
4,4.0,1550,6596,0,7,1550,0,1907,47.6711,-122.398,1830,4850,13.46949290849953
3,2.5,2350,4456,0,7,2350,0,2004,47.5314,-121.854,2350,4456,12.92391243868049
3,1.75,2320,10900,0,7,2320,0,1935,47.6877,-122.283,1610,5800,13.511021367196111
5,2.0,3930,10150,0,8,3070,860,1968,47.6317,-122.114,2200,8190,13.286181462633724
3,2.0,2420,17859,1,9,1500,920,1979,47.7074,-122.246,2955,17859,13.58609739363647
5,2.75,2910,16410,0,8,2910,0,1967,47.44,-122.145,1980,18000,12.92391243868049
3,1.0,1040,8645,0,7,1040,0,1962,47.3631,-122.116,1290,8645,12.19804047383291
1,1.0,970,7639,0,5,570,400,1920,47.4655,-122.346,1360,7380,12.2783933071098
3,2.25,1470,4322,0,7,1470,0,1985,47.5672,-122.018,1610,4322,13.105217218569358
3,1.75,1540,8925,0,7,1540,0,1957,47.7762,-122.337,1620,10397,12.8802918162046
1,1.0,760,3000,0,7,760,0,1900,47.6059,-122.303,1270,3000,12.936033799212835
3,2.5,2230,4850,0,8,2230,0,2014,47.7295,-122.334,2230,4513,13.489780417874963
3,2.5,1020,2217,0,7,720,300,2004,47.5343,-122.348,1060,1524,12.542544882151386
4,2.5,3020,3600,0,9,3020,0,2009,47.5407,-121.993,2570,3600,13.5985975564007
3,1.0,1300,9300,0,7,1300,0,1977,47.7562,-122.073,1300,10064,12.691580461311874
3,2.5,2420,10733,0,8,2420,0,1996,47.3835,-122.035,1950,8534,12.936033799212835
3,1.75,1430,7700,0,7,980,450,1981,47.3993,-122.183,1430,8625,12.437184366493561
3,1.0,1250,4800,0,7,1250,0,1951,47.5517,-122.381,1404,4800,12.736700896592344
3,2.0,1260,5460,0,7,1260,0,1972,47.7355,-122.18,1510,5460,13.132313708257497
2,1.0,830,7590,0,6,830,0,1943,47.4784,-122.335,980,7590,11.608235644774552
3,3.25,3130,9302,0,8,2190,940,1987,47.3078,-122.338,2350,7949,12.644327576461329
3,2.25,2880,7200,0,8,1710,1170,1970,47.7707,-122.35,1880,10200,13.122263372403996
3,3.25,1710,2381,0,8,1360,350,2003,47.5477,-122.004,1420,1163,13.060487973686241
2,1.0,1000,7664,2,7,1000,0,1939,47.7001,-122.311,1570,6350,12.891691559669328
4,2.25,2130,11900,0,9,2130,0,1976,47.6408,-122.058,2590,11900,13.38471225713809
3,1.0,1240,5250,0,6,1240,0,1904,47.4917,-122.206,1240,5250,12.30591798049989
4,2.25,1930,7925,0,8,1300,630,1960,47.7626,-122.312,1930,7200,12.814478597635029
4,3.5,2550,8698,0,7,2550,0,2007,47.5216,-121.869,2430,5519,13.1538620444637
2,1.0,960,5000,0,7,960,0,1900,47.6755,-122.367,1330,5000,13.122363377404328
4,3.5,3090,10510,0,8,2190,900,1991,47.7176,-122.214,2200,7408,13.217582643985264
3,1.0,1470,9750,0,7,1470,0,1963,47.7155,-122.194,1300,9750,13.071070083016778
2,1.0,1170,4750,0,6,1170,0,1903,47.6729,-122.378,1170,2023,13.199324418540456
4,1.75,1260,7250,0,6,1260,0,1943,47.5267,-122.032,1880,7250,13.019222618484815
3,1.0,1170,1105,0,7,1170,0,1965,47.5448,-122.375,1380,1399,12.821258284620408
3,2.25,2140,6720,0,8,1440,700,1961,47.6949,-122.396,2060,6720,13.169246963303179
2,1.0,880,5100,0,7,880,0,1941,47.694,-122.346,980,5100,12.936033799212835
3,3.25,1540,1428,0,9,1540,0,2013,47.6648,-122.353,1660,3300,13.444446876573442
5,3.25,2950,67475,0,8,2530,420,1981,47.7233,-122.117,2620,39820,13.604789526648622
2,2.25,1910,108900,0,7,1010,900,1972,47.4206,-122.023,2050,108900,12.926348493478372
3,1.0,1370,4000,0,8,1370,0,1918,47.6711,-122.324,1370,4000,13.29379249303186
1,1.5,1030,5923,0,8,1030,0,1940,47.6653,-122.305,2650,5000,13.17115354157376
3,2.75,3400,7200,2,9,2470,930,2009,47.4878,-122.191,1580,8676,13.180632285528304
3,2.0,1230,11413,0,7,990,240,1984,47.6321,-122.034,1570,11517,12.89921982609012
2,1.0,970,5500,0,7,970,0,1956,47.556,-122.291,1180,6000,12.254862809699606
3,2.5,2310,4930,0,8,2310,0,1989,47.4512,-122.208,2230,5324,12.886641043883259
3,1.0,1100,8680,0,6,1100,0,1962,47.3072,-122.363,1100,9220,12.122691036591123
5,3.5,4180,17935,0,11,4180,0,2004,47.5873,-122.202,2950,13760,14.450339829199704
5,4.0,3760,28040,0,10,3760,0,1983,47.6489,-122.183,3430,35096,13.840203170554645
4,2.25,2360,7650,0,8,1640,720,1963,47.75,-122.292,2320,11060,13.122163357401663
3,1.75,1560,9514,0,7,1560,0,1967,47.4088,-122.21,1550,9600,12.560244459250788
2,2.5,1550,2657,0,8,1550,0,1987,47.7034,-122.188,1570,2442,12.962194625251508
3,2.0,1100,5200,0,6,1100,0,1969,47.3606,-122.083,1050,5330,12.323855681186558
3,2.5,1690,17383,0,7,1690,0,2003,47.3691,-122.031,2610,7999,12.587927887999204
3,1.75,1650,7807,0,7,1650,0,1986,47.3514,-122.167,1810,8475,12.496874845318198
3,2.25,1720,7885,0,8,1720,0,1983,47.3136,-122.344,2340,7885,12.578518571181103
3,1.5,2400,10275,0,8,1540,860,1964,47.6888,-122.126,2380,10125,13.142166004700508
4,2.5,3190,49658,0,10,3190,0,1999,47.6216,-122.015,3040,49658,13.669328047786193
4,2.5,3230,40319,0,10,3230,0,1987,47.4856,-122.069,2990,40234,13.457406021215947
2,1.0,990,4800,0,6,990,0,1908,47.5615,-122.28,1700,5400,12.409013489526863
4,2.5,1850,6663,0,7,1850,0,1990,47.3618,-122.195,1850,6417,12.594730635321957
3,2.25,1680,35127,0,7,1680,0,1987,47.3025,-122.067,1820,35166,12.560244459250788
2,2.25,1230,1058,0,7,1160,70,2008,47.5325,-122.073,1240,817,12.691580461311874
3,2.5,2160,1250,0,8,1830,330,2010,47.6515,-122.375,1870,2825,13.279367126213993
4,2.25,1900,7200,0,8,1370,530,1977,47.5033,-122.372,2030,8008,13.091904169919621
4,2.5,3160,35225,1,9,2250,910,1992,47.5672,-122.111,3460,17223,13.5985975564007
4,2.5,3310,6500,0,8,3310,0,2012,47.515,-121.87,2380,5000,13.226723392728571
3,1.75,2660,5511,0,8,1330,1330,1948,47.5575,-122.3,2030,6111,13.054084536651034
5,3.75,3630,6000,0,9,2470,1160,2004,47.6816,-122.199,2560,7560,13.981024996441848
2,1.0,1060,4228,0,7,860,200,1906,47.6231,-122.293,1060,4187,13.151922179645874
3,2.5,2850,7130,0,10,1990,860,1980,47.603,-122.289,2280,6459,13.571526340778213
4,2.75,3980,9209,0,11,3980,0,2002,47.6286,-122.064,3800,9333,13.785051350479566
5,2.75,2481,4045,0,8,2481,0,2014,47.2602,-122.284,2363,4175,12.641096555879882
5,2.25,3120,10400,0,8,3120,0,1980,47.3097,-122.34,2160,8267,12.741102957992982
2,1.0,1040,7538,0,7,1040,0,1939,47.7107,-122.352,1440,7530,12.985397522331171
4,2.5,3280,5876,0,7,3280,0,2004,47.6802,-122.034,2600,5000,13.461688683007948
3,2.0,1580,4961,0,7,1580,0,2006,47.3338,-122.053,2280,5000,12.254862809699606
4,2.5,3420,6845,0,9,3420,0,2009,47.6777,-122.156,2800,5715,13.53777881636566
4,2.0,1610,9600,0,7,1610,0,1967,47.5327,-122.186,1450,9600,12.936033799212835
7,2.5,1940,5458,0,7,1940,0,1994,47.3191,-122.177,1710,5688,12.542544882151386
4,2.0,2360,6000,0,7,1260,1100,1939,47.6534,-122.41,1720,6000,13.500799813124575
3,2.0,1260,8092,0,7,1260,0,1986,47.3635,-122.054,1950,8092,12.396693005138824
4,2.5,3730,9847,0,10,3730,0,1997,47.587,-121.976,3490,10219,13.641157170819497
3,2.5,1700,4125,0,7,1700,0,2004,47.5305,-121.854,1970,4105,12.90669184092882
3,1.0,1360,13000,0,6,1360,0,1945,47.3359,-122.033,1890,19650,13.353475098367715
3,1.75,2040,273556,0,7,2040,0,1997,47.4361,-122.469,1790,273556,13.055154627710879
4,3.25,2600,2074,0,8,2150,450,2011,47.5402,-122.028,2510,2074,13.401509118833824
4,1.75,1640,13566,0,7,1120,520,1977,47.7423,-122.099,1470,13530,12.934224935288809
3,2.25,2140,10256,0,8,2140,0,1987,47.3751,-122.044,2040,11717,12.881564890851399
3,2.5,1420,1162,0,8,1420,0,2002,47.6982,-122.349,1430,1560,12.765545566117686
3,1.75,1830,10954,0,7,1830,0,1963,47.7554,-122.306,1850,8624,12.756935956327695
4,1.75,2020,9750,0,7,1100,920,1975,47.6192,-122.055,1670,9600,12.873902018105829
3,1.0,780,3540,0,6,780,0,1920,47.565,-122.291,1260,3540,12.100712129872347
3,2.25,1710,1193,0,9,1140,570,2014,47.6173,-122.31,1510,1193,13.437174117244362
3,1.5,1890,9000,0,7,1190,700,1959,47.4425,-122.272,2060,9000,12.388394202324129
4,2.25,1990,7350,0,8,1180,810,1978,47.3258,-122.328,2030,7210,12.542544882151386
3,1.75,2270,11472,0,7,1370,900,1956,47.7057,-122.374,2270,8340,13.37700559577791
4,1.75,2540,7200,0,7,1270,1270,1947,47.5579,-122.271,1650,7200,13.17115354157376
3,1.0,1540,7740,0,7,1540,0,1909,47.522,-122.375,1220,7740,12.860868734706196
2,1.0,1390,19988,2,7,1390,0,1949,47.3985,-122.321,2580,10490,12.632973034358404
3,2.5,1320,4320,0,6,660,660,1918,47.5327,-122.347,1190,4200,12.810388612383504
5,2.75,3170,8093,0,9,3170,0,2014,47.5933,-122.06,3210,7062,13.699848271927866
4,2.5,2550,4770,0,8,2550,0,2005,47.3526,-122.0,2380,4590,12.823957341589573
5,2.75,2830,18050,0,7,1630,1200,1958,47.5773,-122.226,2370,14250,13.9108207377686
4,3.25,3800,19798,0,10,3800,0,1969,47.5684,-122.19,3940,18975,14.688893788827153
4,2.5,2430,42646,0,7,1450,980,1989,47.6164,-121.953,2000,38159,13.102160670086809
4,3.5,4700,10183,2,11,2660,2040,2002,47.6728,-122.189,3770,9000,14.032233541475561
4,2.5,1700,6031,0,8,1700,0,1994,47.3582,-122.191,1930,6035,12.323855681186558
2,1.0,730,9975,0,5,730,0,1943,47.4808,-122.315,860,9000,11.302204433654575
3,2.5,2100,6825,0,8,2100,0,1994,47.4314,-122.189,2180,7614,12.628067055589549
2,1.0,1000,6000,0,6,1000,0,1951,47.5208,-122.372,1250,6000,12.487296407920908
4,2.5,3720,30649,0,10,3720,0,1988,47.6651,-122.056,3220,29434,13.709038313453757
1,1.0,1220,4160,0,7,1220,0,1922,47.6746,-122.315,1970,4200,13.392543174719968
4,1.75,1560,31299,0,7,1560,0,1965,47.3384,-122.164,2460,44907,12.611371073081239
3,1.75,1040,9000,0,7,1040,0,1967,47.5253,-122.043,1750,10878,12.854483932248728
4,2.0,2600,4800,2,8,1400,1200,1953,47.637,-122.371,2050,3505,13.567049198665774
3,2.0,1320,1297,0,7,1320,0,1995,47.6959,-122.376,1380,1503,12.86099861326992
4,2.5,3220,4400,2,9,2180,1040,1937,47.6325,-122.394,3000,5000,13.667590427887651
4,3.0,3280,4904,0,7,3280,0,2005,47.6802,-122.033,2600,5004,13.361065267634391
3,1.0,1000,8018,0,7,1000,0,1969,47.7285,-122.198,1270,8000,12.524526376648708
3,2.25,1320,1800,0,7,1320,0,1994,47.6081,-122.289,2010,4500,13.199324418540456
5,2.75,2900,5155,0,8,2900,0,2008,47.5977,-122.008,2900,6176,13.415032991367148
4,2.5,1870,7471,0,8,1870,0,1990,47.4314,-122.204,2020,8912,12.834681304952548
3,1.0,1080,7486,0,6,990,90,1942,47.4838,-122.335,1170,7800,12.339291489316397
3,2.0,2260,7163,0,9,2260,0,2012,47.4593,-122.136,2340,6730,13.081437210791684
4,3.5,3640,4983,3,9,2790,850,2014,47.5619,-122.027,3270,14700,13.70558407858567
2,1.0,1010,6000,0,6,1010,0,1944,47.771,-122.353,1610,7313,12.618182296357007
3,1.75,2120,10875,2,8,1540,580,1977,47.504,-122.382,2460,11760,13.267329147654515
4,2.5,2110,3825,0,7,2110,0,2013,47.359,-122.082,1950,3825,12.697715449879391
3,1.75,1300,2580,0,7,820,480,1919,47.674,-122.319,1180,2820,13.043320170063875
3,2.25,1530,1840,0,8,1240,290,2008,47.587,-122.301,1800,3431,13.038981768465277
3,2.25,2120,15003,0,7,2120,0,1984,47.4745,-122.12,2070,15203,12.751299696013497
4,2.5,2800,6874,0,9,2170,630,1990,47.6215,-122.29,1430,6240,13.691080479586097
5,3.0,2795,15101,0,8,2795,0,1996,47.7301,-121.972,2750,14567,13.239257128875828
2,1.0,960,6263,1,6,960,0,1942,47.6646,-122.202,1460,6054,13.399995114002609
4,3.5,2710,14016,0,8,2710,0,1968,47.7601,-122.286,1590,27903,13.127748849680666
3,1.5,1270,1443,0,8,1270,0,2007,47.699,-122.317,1270,1413,12.994530005894443
2,1.0,1980,5000,0,7,1090,890,1923,47.586,-122.295,1720,5000,13.115846186576064
5,2.25,2500,8621,0,7,2500,0,1968,47.7379,-122.185,1980,7395,13.17115354157376
5,4.25,4660,16200,2,11,4660,0,2005,47.6326,-122.216,3340,16200,14.786706055007715
3,2.5,1670,4020,0,7,1670,0,2009,47.53,-122.268,1670,4020,12.437184366493561
4,2.5,1980,4745,0,7,1980,0,2004,47.3495,-122.04,1980,4878,12.721885810807203
3,2.5,2810,4984,0,9,1750,1060,2006,47.4461,-122.209,2810,5711,13.081437210791684
4,1.75,1440,4300,0,8,1290,150,1929,47.6846,-122.372,1640,5000,13.393916067926225
4,3.5,3760,57063,0,9,2950,810,1998,47.6328,-121.964,2870,28945,13.514405465180353
4,2.5,2670,8279,0,7,2670,0,1999,47.4292,-122.328,2290,7504,12.936033799212835
3,3.5,2050,2020,0,8,1520,530,2006,47.6235,-122.306,1230,3640,13.542388636843823
5,2.75,1800,3780,0,7,1400,400,1926,47.6831,-122.343,1400,3780,13.186276703147982
2,1.75,1460,10500,0,7,1460,0,1980,47.4461,-121.768,1340,9600,12.304333014697693
4,2.5,3160,39960,0,10,3160,0,1980,47.6418,-122.157,3900,36444,13.753635154246187
3,1.0,1720,9830,0,7,1720,0,1946,47.5905,-122.245,3200,8923,13.764217263576723
4,3.25,2980,3600,0,9,2150,830,1999,47.6352,-122.284,2980,4800,14.301018373745976
2,1.0,940,8532,0,7,940,0,1959,47.4814,-122.343,1050,8100,12.429016176841717
5,3.5,2390,6600,0,7,2390,0,1977,47.3737,-122.115,1140,6600,12.496874845318198
4,2.75,2160,5005,0,7,1430,730,1987,47.6971,-122.302,1770,5326,13.217673557208654
4,2.5,2740,7571,0,9,2740,0,2009,47.6962,-122.179,2880,7203,13.467370516475379
3,1.75,2040,7281,0,7,1020,1020,1962,47.4681,-122.282,1740,7527,12.441144767709657
3,1.0,1400,9450,0,7,1060,340,1955,47.5051,-122.194,1400,8108,12.538967060803502
4,2.5,2480,5000,0,7,2480,0,2004,47.6811,-122.035,2410,5000,13.303016877097587
3,1.75,1540,6909,0,7,920,620,1955,47.7451,-122.313,1130,6908,12.751299696013497
3,2.5,2360,12987,0,8,2360,0,1983,47.5471,-122.149,2480,11665,13.527828485512494
4,4.75,4575,24085,2,10,3905,670,1926,47.6263,-122.284,3900,9687,14.887094174244465
5,3.75,3580,14275,0,10,3190,390,1999,47.5322,-122.056,2740,14300,13.547631112808673
3,1.5,2060,15837,0,6,2060,0,1903,47.4819,-122.223,2190,8549,12.206072645530174
3,1.0,1440,11250,0,7,1440,0,1967,47.4627,-122.213,2200,11250,12.577636201962656
4,3.5,5360,25800,0,9,3270,2090,1971,47.6099,-122.054,2650,21781,13.458835614025542
4,4.5,4060,10800,0,10,4060,0,2007,47.4241,-122.29,1830,9768,13.180632285528304
4,4.0,7850,89651,0,12,7850,0,2006,47.5406,-121.982,6210,95832,14.808762330974558
4,2.25,2590,10002,0,8,1340,1250,1968,47.7689,-122.266,1550,10436,13.021437458814368
4,2.25,1940,10200,0,7,1360,580,1960,47.4253,-122.283,1940,10200,12.682306824526545
2,1.0,1050,2699,0,7,1050,0,2005,47.5471,-121.996,1240,2671,12.644327576461329
2,1.0,1630,12059,0,7,1270,360,1947,47.7228,-122.314,1660,8800,13.122363377404328
3,2.75,1990,9600,0,8,1530,460,1978,47.532,-122.05,2170,10400,13.262125319779487
4,2.5,2960,223462,0,10,2960,0,2001,47.3646,-122.211,2770,16482,13.065793025915934
2,1.75,1180,900,0,10,780,400,2014,47.6395,-122.329,1380,3610,13.40746712884131
4,2.5,2460,7930,0,8,2460,0,2005,47.6684,-122.175,1850,9000,13.500799813124575
2,1.75,1200,3136,0,7,800,400,1904,47.6132,-122.297,1330,3164,12.948009990259552
4,2.75,3500,7200,0,9,3500,0,2005,47.6818,-122.025,3920,7666,13.578014500425663
4,3.5,5440,38900,0,12,5440,0,1990,47.6605,-122.069,4830,41313,14.385924973141922
3,2.0,1490,1286,0,8,1490,0,2014,47.57,-122.288,1420,1230,12.971307902484373
3,2.25,2150,21235,3,8,1590,560,1959,47.4336,-122.339,2570,18900,13.38472764187182
4,2.5,2170,7533,0,8,2170,0,1991,47.5057,-122.149,2170,8728,13.0400681346775
4,2.5,2570,11473,0,8,2570,0,2008,47.2809,-122.296,2430,5997,12.784089518836488
3,1.75,2650,11774,1,8,2240,410,1952,47.4909,-122.363,2650,10120,13.120361374733656
4,2.5,2070,7476,0,8,2070,0,2003,47.3352,-122.189,2430,5500,12.611537753638338
3,2.0,1380,3600,0,8,1380,0,2015,47.6074,-122.305,1480,3600,12.765688433465597
3,1.0,1040,8000,0,7,1040,0,1956,47.4711,-122.35,1170,9450,12.429216196844383
3,1.75,1760,11371,0,8,1760,0,1959,47.7616,-122.273,2220,19884,13.028052697933088
3,1.0,1140,9639,0,7,1140,0,1967,47.3112,-122.265,1140,9639,12.345834587905333
3,2.5,1600,7295,0,7,1600,0,1993,47.3904,-122.165,1410,9000,12.230765258120545
2,1.0,1260,4800,0,6,1100,160,1947,47.5196,-122.376,1260,2435,12.542544882151386
3,1.0,1220,8040,0,7,1220,0,1965,47.7133,-122.308,1360,8040,13.054084536651034
4,2.25,2160,8817,0,7,1460,700,1965,47.7595,-122.356,1880,8817,13.122263372403996
5,4.0,4360,8030,0,10,4360,0,2015,47.5923,-121.973,3570,6185,14.070145024369824
4,2.5,3400,35062,0,11,3400,0,1988,47.7168,-122.113,2880,9705,13.726679344257658
4,3.5,3510,9263,0,10,3510,0,2001,47.5413,-121.877,3690,10417,13.491164501140902
4,2.5,1800,8100,0,7,1800,0,1998,47.3611,-122.047,1590,8100,12.429216196844383
4,2.25,2140,7701,0,7,1470,670,1977,47.7213,-122.171,2130,8050,13.049792684569493
1,1.5,1010,1157,0,8,950,60,2007,47.5492,-122.372,1360,1688,12.206072645530174
4,3.0,2720,3800,0,8,1800,920,1919,47.6756,-122.306,1940,4001,13.513053199930338
4,1.5,2060,4000,2,7,1580,480,1920,47.6857,-122.353,1160,4000,13.527828485512494
3,2.5,2090,3821,0,7,2090,0,2008,47.3655,-122.017,2040,4200,12.782405071498284
4,2.5,2990,12788,0,10,2990,0,1988,47.5601,-122.037,3250,12212,13.541073712262515
1,1.0,560,5700,0,5,560,0,1947,47.511,-122.359,1120,5000,11.571194373094205
3,1.75,1270,8991,0,7,1270,0,1981,47.3563,-122.149,1270,8993,11.84939770159144
5,2.75,2720,193406,4,7,1700,1020,1968,47.2838,-122.121,2820,248292,13.030248088496522
2,1.5,1820,7800,0,7,1240,580,1956,47.7513,-122.357,1400,7800,13.038981768465277
3,2.5,2640,5964,0,9,2640,0,2003,47.7043,-122.128,2680,5211,13.426902566922532
3,1.5,1570,12412,3,8,1570,0,1954,47.438,-122.349,2130,12412,12.959844447906553
3,2.5,2470,10321,0,9,2470,0,1988,47.6694,-122.141,2450,8440,13.50421861987336
3,2.5,3160,24437,3,11,2160,1000,1991,47.5531,-122.131,3990,11977,13.955272500339433
3,3.5,1420,1217,0,8,1180,240,2003,47.6827,-122.324,1494,1264,13.270697171910022
2,1.75,1530,7020,0,7,1030,500,1942,47.6465,-122.395,2090,6600,13.060009135657353
2,1.75,1540,4025,0,7,1190,350,1908,47.5876,-122.391,1950,4420,13.253391639810733
3,2.75,2640,4050,0,8,1750,890,1926,47.6332,-122.281,1920,3600,13.9108207377686
4,2.5,3220,38448,0,10,3220,0,1993,47.6854,-122.053,3090,38448,13.560618308335483
4,2.5,2700,25870,0,8,2700,0,1992,47.6934,-122.161,1540,20720,13.493926933836812
3,2.5,2000,35438,0,7,2000,0,1968,47.4733,-121.994,2000,51836,12.971540487669746
4,2.5,3830,13800,4,9,2030,1800,1969,47.5671,-122.157,3460,9875,13.9108207377686
2,2.5,1340,999,0,8,940,400,2008,47.5655,-122.386,1470,1436,12.916568464424731
3,1.0,840,12091,0,6,840,0,1959,47.3281,-122.343,840,9324,11.477298287327077
3,1.0,1320,3954,0,6,1320,0,1912,47.202,-121.994,1270,5184,12.250089530946948
4,3.0,2530,10000,0,7,2530,0,2013,47.431,-122.335,1420,9898,13.036805489042683
4,3.0,4190,8805,2,9,3490,700,1928,47.6181,-122.284,3780,8558,14.750034058099489
4,2.5,2290,11173,0,8,2290,0,1988,47.4314,-122.164,2290,10404,12.986543654261794
3,1.75,1590,7280,0,7,1140,450,1974,47.4288,-122.153,1590,9634,12.542544882151386
3,1.75,1020,7020,0,7,1020,0,1953,47.7362,-122.314,1020,5871,12.793859310432293
3,3.75,2050,6000,0,7,1550,500,1910,47.6873,-122.332,1780,4000,13.37700559577791
4,2.25,3070,8400,0,8,3070,0,1970,47.7316,-122.169,1880,8000,13.304684934198283
2,1.0,920,5000,0,6,490,430,1949,47.7008,-122.338,1500,5000,12.54361573715288
2,1.0,960,112384,0,7,960,0,1955,47.7642,-122.234,1210,24875,12.948009990259552
4,2.5,2100,5857,0,8,2100,0,2002,47.4956,-122.163,2090,7779,12.84792653170257
3,2.25,2750,219542,0,7,1870,880,1981,47.6367,-121.948,2430,219542,13.142166004700508
3,2.5,1300,812,0,8,880,420,2008,47.5893,-122.317,1300,824,12.706696406811568
3,1.0,1060,8625,0,7,1060,0,1962,47.6615,-122.179,2010,8901,13.074223002076394
2,1.0,1530,6350,0,7,1530,0,1923,47.6325,-122.303,2640,6350,13.687677186454389
4,2.5,1470,1612,0,7,980,490,2003,47.5275,-122.271,1460,5027,12.34060353848778
3,2.0,1310,9855,0,7,1310,0,1962,47.7296,-122.241,1310,8370,12.611537753638338
3,1.0,1290,12231,0,7,1290,0,1976,47.7404,-122.11,1390,11632,12.685407602204794
3,2.5,2010,9725,0,8,2010,0,1987,47.568,-122.018,1850,6858,13.102160670086809
4,2.25,1750,6120,0,7,1150,600,1962,47.6958,-122.29,1350,6120,13.312983737012978
3,2.5,3370,6550,2,8,2840,530,1912,47.5442,-122.38,1500,6550,13.62918097977278
3,1.0,1090,3264,0,6,1090,0,1969,47.3155,-122.182,1090,3330,11.931635799828413
3,1.0,1190,8820,0,6,1190,0,1959,47.4616,-122.184,1230,7980,12.0254496453718
5,3.25,4260,7861,0,10,4260,0,2005,47.611,-121.992,4020,7528,13.80949248563871
4,1.75,1920,9350,0,7,1000,920,1977,47.292,-122.195,1910,8400,12.367340793126296
3,1.75,1800,5102,0,7,1170,630,1952,47.6514,-122.407,1720,5102,13.39239051461739
2,1.75,1250,1208,0,7,1040,210,2007,47.6004,-122.299,1250,1656,12.762827201184564
4,3.5,3220,5741,0,9,3220,0,2013,47.5169,-121.886,2960,6534,13.369223455335854
3,2.5,1880,4668,0,8,1880,0,1993,47.5666,-121.999,2060,4668,13.142067960678665
5,3.5,3150,10542,0,9,1620,1530,1974,47.7469,-122.217,3150,11807,13.304684934198283
2,1.0,1150,3000,0,6,780,370,1915,47.5624,-122.291,1150,5000,12.996800154428984
3,2.5,1680,10300,0,7,1680,0,1994,47.314,-122.001,1680,9849,12.476099782743233
2,1.75,1600,4000,0,7,850,750,1918,47.6408,-122.3,1860,4000,13.444446876573442
4,2.5,3230,7187,0,9,3230,0,2008,47.4995,-122.15,2950,6537,13.253391639810733
3,2.5,2280,18241,0,9,960,1320,1995,47.7453,-122.213,3100,12465,13.230320518909421
4,2.5,3060,27251,0,8,3060,0,2008,47.1967,-121.966,1760,27251,12.818551923022664
3,1.0,970,5000,0,6,970,0,1968,47.5282,-122.279,1290,5875,12.328290278254423
4,1.5,1680,11123,0,7,1130,550,1959,47.7565,-122.361,1770,10103,12.84792653170257
3,2.25,1410,1332,0,7,1290,120,2004,47.5345,-122.069,1445,1290,12.779873068457553
3,2.25,1540,1005,0,8,1540,0,2008,47.6827,-122.346,1510,1501,13.217673557208654
3,1.75,1320,2500,0,7,870,450,1918,47.6681,-122.305,1580,2750,13.180632285528304
2,1.0,1380,9251,0,7,1380,0,1940,47.7486,-122.249,1870,12158,12.675763725937609
4,2.75,2680,8500,4,9,1480,1200,1962,47.5634,-122.156,2940,8650,14.03263603695292
3,2.5,2860,43821,0,9,2860,0,1990,47.3163,-122.142,2370,65340,12.84397135185964
3,2.75,3060,13554,0,10,3060,0,1984,47.5609,-122.106,3060,11455,13.669328047786193
3,2.0,2330,3600,0,7,1580,750,1900,47.6025,-122.303,1750,3600,13.215853720491667
4,2.5,2970,29163,0,9,2970,0,1993,47.6717,-122.025,3100,31105,13.480037821676145
3,1.75,1480,7475,0,8,1480,0,1943,47.6732,-122.272,2120,7216,13.393916067926225
3,1.75,1580,11750,0,7,1180,400,1951,47.5368,-122.265,2150,11750,13.262125319779487
2,2.5,2380,9374,2,8,2380,0,2011,47.7095,-122.019,1610,5000,13.614617615584883
2,1.75,1890,9466,0,8,1890,0,1987,47.6144,-122.211,2180,12825,13.878485357125662
3,1.75,1730,11325,0,7,1730,0,1972,47.3921,-122.182,2030,17859,12.584509081250419
4,2.75,2200,268329,0,7,1410,790,1989,47.3224,-122.122,2240,58806,12.774223335915433
4,1.0,1780,4310,0,6,1780,0,1919,47.5486,-122.278,1460,4310,12.724866438945341
4,2.25,4220,24186,0,8,2600,1620,1984,47.445,-122.347,2410,30617,13.560618308335483
3,3.5,2760,4500,0,9,2120,640,2004,47.6529,-122.372,1950,6000,13.766320313773502
4,2.25,1930,3500,0,8,1540,390,1916,47.6167,-122.29,1800,5000,13.444284544557734
3,1.0,1010,7500,0,7,1010,0,1975,47.6172,-122.061,1250,10000,12.66032791780777
2,1.0,950,9000,0,6,950,0,1924,47.5219,-122.361,1000,8280,12.170445467887022
3,2.0,1520,5040,0,7,1520,0,1977,47.777,-122.362,1860,8710,12.98287139858573
4,2.5,2510,17200,2,9,1540,970,1977,47.6287,-122.089,2370,14621,13.527828485512494
3,2.0,2080,7020,0,7,1040,1040,1951,47.6768,-122.285,1920,7000,13.226723392728571
4,2.75,4140,24190,0,11,4140,0,2002,47.3062,-122.15,3950,24190,13.396200043034057
5,4.5,3540,21217,0,8,2940,600,1926,47.4274,-122.28,1290,12040,13.468785944878709
3,2.0,1990,203861,0,7,1990,0,1949,47.2507,-122.039,2760,217800,12.4130868149145
3,2.0,2660,4500,0,7,1330,1330,1922,47.6391,-122.403,1790,5000,13.312983737012978
4,2.5,2950,4836,0,7,2950,0,2006,47.479,-122.129,2120,4750,13.180632285528304
3,2.0,1650,7352,0,7,1160,490,1979,47.4612,-122.169,1710,7350,12.43857229176841
4,3.0,2710,7199,0,7,1710,1000,1967,47.3789,-122.213,2070,9271,12.460714863903755
4,2.0,2300,3400,0,8,1550,750,1915,47.678,-122.361,1670,4200,13.335860551666734
4,2.5,2540,5930,0,9,2540,0,2003,47.6451,-122.387,1400,4000,13.805460222110773
3,3.0,2340,5002,0,8,2340,0,2013,47.4831,-121.773,2790,5375,12.966584038698583
3,2.5,1690,7165,0,7,1690,0,1992,47.3498,-122.058,1410,8590,12.506177237980511
3,1.0,1410,8925,0,7,1410,0,1958,47.6782,-122.162,1330,8925,12.994530005894443
3,1.0,1570,11752,0,8,1570,0,1930,47.7686,-122.348,2010,8291,12.936033799212835
4,2.25,2760,12100,0,9,2760,0,1976,47.6285,-122.058,2850,12410,13.422467969854667
3,2.5,1740,4145,0,7,1740,0,2010,47.6875,-122.015,1740,4045,12.86099861326992
4,3.5,3650,38546,0,9,2550,1100,1996,47.4776,-121.73,2860,34284,13.453104939316557
3,1.5,1200,4800,0,7,1200,0,1962,47.6084,-122.136,1510,7668,12.89921982609012
3,2.5,1690,1553,0,8,1690,0,2007,47.6443,-122.385,1910,1553,13.369223455335854
4,2.75,2390,6820,0,7,2140,250,1945,47.6788,-122.27,1980,6820,13.591116224748411
3,1.75,1430,12632,0,7,1430,0,1959,47.6371,-122.123,1750,10350,13.096019402064726
5,3.75,4570,10194,0,11,4570,0,2006,47.718,-122.161,2040,7560,13.851842487211664
4,2.0,1540,10212,0,7,1540,0,1948,47.2056,-121.999,1480,10212,12.468244583811861
3,3.25,1390,1278,0,8,1140,250,2005,47.6735,-122.375,1390,1256,13.058358047428417
2,1.0,1410,7000,0,7,1410,0,1968,47.4908,-122.223,1540,6000,12.072541252905651
4,3.5,2140,2278,0,9,2140,0,2005,47.6734,-122.38,1540,2285,13.422467969854667
3,2.5,1860,11122,0,8,1860,0,1994,47.5062,-122.151,2420,8542,12.969212197910155
4,2.5,1910,10300,0,8,1910,0,1921,47.7581,-122.359,1910,7750,13.035497444382667
3,1.75,1430,4850,0,7,930,500,1978,47.5472,-122.303,1430,4850,12.556729517143344
4,2.5,2460,9973,0,8,1560,900,1965,47.7133,-122.361,1830,7200,13.369223455335854
4,2.5,2500,7417,0,9,2500,0,1991,47.6251,-122.026,2770,8188,13.369223455335854
3,2.5,2300,7398,0,8,2300,0,2001,47.5369,-121.876,2580,6983,13.248996028337695
2,2.0,1510,3961,0,8,1510,0,2010,47.709,-122.018,1510,3962,13.091904169919621
4,2.5,2610,5240,0,8,2610,0,2004,47.345,-122.042,2480,5240,12.727838209334498
4,2.25,2200,8292,0,7,2200,0,1990,47.7456,-122.315,1090,8290,12.92391243868049
3,1.5,990,4500,0,7,990,0,1948,47.6051,-122.298,1490,4000,12.951575056424048
2,1.0,1040,3200,0,7,1040,0,1926,47.6558,-122.334,1890,4000,13.270783382522602
4,3.5,3290,20107,4,10,2220,1070,1990,47.355,-122.319,2990,16988,13.591116224748411
2,2.25,1240,720,0,7,1150,90,2008,47.5322,-122.072,1260,810,12.7098736543592
3,1.0,840,8470,0,6,840,0,1961,47.3275,-122.338,840,8450,12.043259555124262
3,2.5,2538,4600,0,8,2538,0,2013,47.2584,-122.196,2570,4800,12.723693131842069
4,1.75,1650,7088,0,8,1650,0,1973,47.5688,-122.087,1850,7523,13.234798806734117
3,1.75,1380,3402,0,7,1380,0,1900,47.6109,-122.302,1500,5496,13.217673557208654
4,2.75,2600,4674,0,8,1560,1040,1976,47.6782,-122.286,2600,6099,13.527828485512494
4,2.5,2960,6219,0,9,2960,0,2006,47.3603,-122.037,2960,5361,12.813117127036707
4,2.75,2230,9460,0,7,1480,750,1960,47.5246,-122.044,1760,10878,13.217673557208654
3,1.75,2000,8400,0,8,2000,0,1959,47.7535,-122.334,2000,8400,12.936033799212835
4,2.5,2280,14290,0,7,1510,770,1942,47.7054,-122.297,2140,9890,13.340856130503111
3,2.75,3900,111514,0,6,3460,440,1967,47.5621,-121.924,2460,217800,12.936033799212835
4,3.5,3660,14401,0,10,2660,1000,1994,47.3076,-122.396,2780,10653,13.071070083016778
4,2.0,1880,7500,0,6,980,900,1946,47.495,-122.266,1670,14350,12.26434155365415
3,2.25,1410,905,0,9,1410,0,2014,47.5818,-122.402,1510,1352,13.179688444023599
1,1.0,580,1799,0,7,580,0,1908,47.6829,-122.375,1260,4000,12.708664464369061
2,1.5,950,676,0,7,850,100,2003,47.6005,-122.306,950,1280,12.624782980388359
4,3.0,3000,4000,3,8,1970,1030,1913,47.5744,-122.307,1900,4000,13.44154411691548
3,1.75,1458,858,0,8,950,508,2014,47.592,-122.293,1458,3000,13.337474757021274
4,3.75,5300,37034,0,11,5300,0,1989,47.7283,-122.076,3730,37034,13.955272500339433
4,4.0,3860,67953,2,12,3860,0,1927,47.7469,-122.378,4410,128066,14.377979414882104
4,3.5,3090,100835,0,9,3090,0,1999,47.3087,-122.088,2400,50543,13.422467969854667
3,2.5,1425,1179,0,8,1425,0,2008,47.6963,-122.318,1285,1253,13.054084536651034
4,3.0,3560,4000,2,9,2970,590,1996,47.6265,-122.3,1190,4000,13.85952744338105
3,1.0,1290,4720,0,6,790,500,1948,47.5186,-122.358,1110,4720,12.4529327234617
2,1.75,1830,7200,2,7,1070,760,1949,47.5592,-122.273,1570,6000,13.279367126213993
4,2.5,1920,8562,2,7,1920,0,1994,47.1932,-122.008,1820,8628,12.640934730489125
3,1.5,1670,10800,0,8,1670,0,1956,47.2004,-122.003,1670,9169,12.594730635321957
2,1.0,1060,7700,0,7,820,240,1981,47.4599,-122.205,1370,8833,12.04649057570571
4,2.75,3990,6637,0,9,3990,0,2003,47.6835,-122.045,3500,7074,13.623138665316818
2,1.0,1120,6380,0,7,1120,0,1942,47.6951,-122.316,1230,6380,12.989974189358584
2,1.0,880,4814,0,5,880,0,1906,47.3107,-121.999,1010,6160,12.247694320220994
3,2.5,1520,2208,0,8,1040,480,2007,47.6419,-122.374,1610,1618,13.122263372403996
3,1.0,1140,10477,0,6,1140,0,1942,47.4874,-122.306,1190,9750,11.970350312009105
3,2.25,2100,8163,0,7,2100,0,1984,47.3336,-122.269,1410,7515,12.6112043647371
4,2.5,2090,6667,0,8,2090,0,1997,47.4648,-122.15,2250,6165,12.911642346088676
3,1.75,1550,9720,0,7,1050,500,1976,47.3433,-122.037,1550,9750,12.449018824140563
3,1.75,2180,6120,2,8,1380,800,1949,47.6501,-122.405,2020,6122,13.287877815881902
3,1.75,1410,45302,0,7,1410,0,1980,47.7077,-121.914,2240,49222,12.71949489514343
3,1.5,1060,6232,0,7,1060,0,1968,47.5329,-122.271,1120,5379,12.793859310432293
3,2.25,1920,9672,0,8,1920,0,1984,47.6233,-122.046,1950,10125,13.345506928718539
5,2.5,2140,10320,0,7,1330,810,1967,47.3927,-122.194,2050,8964,12.506177237980511
4,2.5,3260,6902,0,8,3260,0,2008,47.4829,-122.156,3130,6588,13.222208712374044
2,1.5,1750,19709,0,8,1440,310,1978,47.3351,-122.044,1950,21075,13.262125319779487
0,1.0,390,5900,0,4,390,0,1953,47.526,-122.261,2170,6000,12.337100907936577
3,1.0,2120,7735,0,7,1060,1060,1967,47.4869,-122.123,1010,8570,12.611537753638338
3,2.25,2140,9775,0,7,1470,670,1978,47.306,-122.379,2050,8625,12.254862809699606
4,2.5,2544,4071,0,9,2544,0,2013,47.341,-122.179,2358,4179,12.936033799212835
3,1.0,880,6664,0,6,880,0,1961,47.6855,-122.199,1690,6564,13.217673557208654
4,2.25,3220,7700,0,8,3220,0,1976,47.3188,-122.38,2570,7700,12.793856532650658
3,2.0,2420,208652,0,8,2420,0,2005,47.3666,-121.978,3180,212137,13.287877815881902
3,2.0,1260,22100,0,7,1260,0,1981,47.2772,-122.354,1430,13000,12.533576212168626
5,3.5,3290,5880,0,9,2670,620,2005,47.7067,-122.119,3090,5680,13.544357787463703
3,2.5,2260,4550,0,7,1380,880,1928,47.5714,-122.376,1870,4582,13.341498907321
2,1.0,930,6600,0,6,930,0,1957,47.4868,-122.33,1250,6600,12.332485007884612
4,2.5,1870,5692,0,7,1870,0,2004,47.4334,-122.148,2390,5293,12.513557345278134
5,2.25,2880,11965,0,8,2880,0,1990,47.3734,-122.124,2370,10715,12.853175887588712
3,1.75,1810,12600,0,7,1400,410,1977,47.7143,-122.233,1934,12600,13.017002861746503
4,2.5,2180,6500,0,7,1410,770,1945,47.5365,-122.37,920,6500,12.983101310070822
4,1.75,1520,7700,0,7,1520,0,1967,47.7356,-122.191,1520,7500,13.122263372403996
4,3.5,3350,3752,0,9,2550,800,2007,47.6782,-122.365,1050,4960,13.825460888817442
2,2.5,1150,2064,0,7,1150,0,2004,47.3516,-122.292,1880,2855,12.274198474577775
3,1.75,1960,8136,0,7,980,980,1948,47.5208,-122.364,1070,7480,12.802158113246987
3,1.75,1790,7679,0,7,1790,0,1953,47.7442,-122.338,1560,7680,12.853175887588712
3,1.75,1980,6250,1,7,1090,890,1910,47.554,-122.385,1980,6250,13.242809530480196
4,1.75,2390,5880,2,8,1390,1000,1957,47.6956,-122.399,2210,6260,13.45166712454693
4,2.5,2310,5813,0,8,2310,0,2014,47.5107,-122.362,1830,7200,12.89921982609012
2,1.0,1790,15783,0,8,1360,430,1959,47.691,-122.387,1790,7494,13.235692062711331
5,2.5,2400,4496,0,7,2400,0,2004,47.3692,-122.126,1880,4319,12.730801174465157
4,1.0,1440,8320,0,7,1440,0,1946,47.7529,-122.318,1440,9230,12.886641043883259
4,2.0,1560,8250,0,8,1320,240,1964,47.7565,-122.358,1870,8258,12.89921982609012
3,2.25,1540,5338,0,7,770,770,1954,47.6942,-122.304,1680,6525,13.197470849891134
4,3.25,3140,3680,0,10,2310,830,2009,47.5319,-122.076,2620,2664,13.541073712262515
2,1.0,910,3600,0,7,910,0,1909,47.6341,-122.361,1720,3600,13.312983737012978
2,1.5,800,5192,0,7,800,0,1951,47.5119,-122.386,1190,5320,12.724717618348295
3,2.5,2150,9375,0,8,1550,600,1968,47.4578,-122.274,1950,9100,12.556729517143344
4,2.25,2040,12000,0,7,1300,740,1963,47.7362,-122.241,1930,12000,13.134291948269603
4,2.5,2330,7936,0,9,2330,0,1987,47.6269,-122.03,2460,8137,13.244581010128577
3,3.25,3730,13264,0,9,3730,0,1989,47.7246,-122.059,3730,14933,13.883169206438088
3,1.0,1060,5600,0,6,760,300,1943,47.5116,-122.379,1310,5600,12.751299696013497
5,4.5,4030,13474,0,11,4030,0,2000,47.5812,-121.995,3860,12438,13.804449610604848
5,2.5,2020,8250,0,8,1430,590,1978,47.4432,-122.135,1680,8959,12.755638097612096
3,2.5,2190,4882,0,9,2190,0,1999,47.7641,-122.306,2190,7055,13.128345449081877
3,2.5,2520,10012,0,10,2520,0,1987,47.6295,-122.051,2680,10071,13.487006490992238
3,1.75,1340,3900,0,7,1340,0,1900,47.6711,-122.379,1470,1611,13.36138027787483
4,3.0,2910,8540,0,9,2910,0,2003,47.5223,-122.156,3040,6091,13.460263166016727
3,2.5,1490,2478,0,8,1490,0,2009,47.7236,-122.353,1270,1156,12.759957758756611
4,2.5,3420,30410,0,9,3420,0,1988,47.7745,-122.088,2940,45916,13.493926933836812
3,1.0,2050,4800,0,8,1950,100,1922,47.6315,-122.311,2220,4800,13.840203170554645
3,1.75,1190,7280,0,7,1190,0,1968,47.3151,-122.19,1250,7800,12.367340793126296
3,2.5,1820,374616,0,7,1820,0,1999,47.6539,-121.959,1870,220654,13.270783382522602
4,2.75,2210,13235,0,8,1730,480,1988,47.3541,-122.303,1750,7542,12.206072645530174
4,2.25,2890,18226,4,10,2890,0,1984,47.5169,-122.209,2870,11151,14.266586177324491
3,1.0,1870,7671,0,8,1720,150,1937,47.7162,-122.36,1460,7679,12.834681304952548
3,3.5,4410,10756,4,11,3430,980,2014,47.5283,-122.205,3550,5634,14.914122846632385
4,2.25,2050,8372,0,8,2050,0,1984,47.7234,-122.107,2010,8037,13.296316684527767
4,3.5,3590,5335,2,9,3140,450,2006,47.6762,-122.267,2100,6250,14.001990124906893
4,2.25,3320,53392,0,8,2000,1320,1986,47.4724,-122.014,3230,43129,13.138236726560619
2,2.5,1360,1349,0,8,1050,310,1997,47.6254,-122.292,1430,4400,13.224287997126254
3,1.0,1070,4600,0,7,950,120,1930,47.5627,-122.383,1090,4600,13.122363377404328
4,2.5,1960,3543,0,7,1960,0,2004,47.4849,-122.184,2420,3646,12.691580461311874
3,2.25,1520,14080,0,7,1520,0,1984,47.6273,-122.059,1530,9758,13.010313873595706
3,2.0,1380,4500,0,7,1380,0,2008,47.3661,-122.021,1620,4000,12.524526376648708
3,2.25,1450,13439,0,7,1180,270,1963,47.2811,-122.299,1520,12348,12.487485104968359
3,1.75,1430,9750,0,7,1430,0,1962,47.7441,-122.357,1630,9282,12.971424201839042
2,1.75,1340,4664,0,8,1340,0,2004,47.7182,-122.034,1350,4236,12.936033799212835
2,2.0,1180,2553,0,6,1180,0,2005,47.3501,-122.02,1310,2687,12.180754837545884
4,1.0,1350,3333,0,7,1350,0,1912,47.6727,-122.397,1530,5000,12.969212197910155
3,2.5,1720,7950,0,7,1720,0,1972,47.7178,-122.168,1790,7030,13.17115354157376
3,2.25,1481,2820,0,7,1481,0,2012,47.3457,-122.217,1481,2889,12.429216196844383
3,3.25,3060,9055,0,10,2460,600,1994,47.6971,-122.101,2990,9598,13.480037821676145
3,2.5,1670,5090,0,7,1670,0,2003,47.4799,-122.18,2560,4851,12.759957758756611
2,1.5,1320,826,0,8,1100,220,2008,47.5879,-122.304,1340,1213,12.744026936684417
6,3.75,2940,5054,0,7,2940,0,1942,47.5122,-122.385,1530,5320,13.081541382884074
4,2.75,1590,6000,0,8,1590,0,1925,47.6401,-122.299,1590,4000,13.876135179780709
3,1.0,950,4500,0,6,950,0,1943,47.5273,-122.265,1140,4500,12.691580461311874
3,2.0,1080,9225,0,7,1080,0,1955,47.4842,-122.346,1410,9840,11.900905258737373
4,2.0,1890,6302,0,7,1890,0,1997,47.3846,-122.205,1690,5369,12.54966234992025
3,1.75,1830,9758,0,8,1300,530,1977,47.7107,-122.23,1850,8000,12.971424201839042
4,2.5,2280,42077,0,8,2280,0,1994,47.3424,-122.077,2280,36236,13.005829561148378
2,1.75,1510,4980,0,8,1510,0,2006,47.7191,-122.023,1350,4157,12.945626198904275
8,4.0,7710,11750,0,12,6090,1620,1904,47.6263,-122.314,4210,8325,15.009433026436708
3,2.5,1800,3300,0,7,1690,110,2004,47.5491,-122.276,1570,3902,12.896716695872
2,1.0,1140,8340,0,7,1140,0,1948,47.7448,-122.3,1030,8149,12.788288265382837
4,2.5,2790,6538,0,9,2790,0,2003,47.5349,-122.066,2990,6538,13.529160930746272
4,2.75,1940,6555,0,8,1940,0,1990,47.3701,-122.041,1840,6912,12.8790171187726
3,2.0,1160,13747,0,5,580,580,1931,47.585,-122.051,2961,16320,13.560618308335483
5,2.5,3650,9050,4,10,3370,280,1921,47.6345,-122.367,2880,5400,14.684290307167377
3,1.0,1150,19200,0,5,1150,0,1908,47.2756,-122.27,1290,19200,12.013700752882718
4,2.0,2360,6000,0,8,2360,0,1904,47.6702,-122.362,1730,4700,13.369223455335854
3,2.5,2510,5544,0,7,2510,0,2001,47.6903,-122.042,2660,5614,13.190022025878143
4,2.5,3280,16575,0,9,2190,1090,1972,47.426,-122.285,1570,13209,13.467370516475379
3,2.5,2390,6263,0,9,2390,0,2003,47.7379,-122.248,2390,11761,13.190022025878143
4,1.5,1540,7168,0,7,1160,380,1964,47.455,-122.198,1540,7176,12.751299696013497
3,1.0,1400,8710,0,7,1400,0,1948,47.5066,-122.377,1460,8710,12.84792653170257
3,2.5,1590,4108,0,7,1590,0,2003,47.4832,-122.181,2160,3912,12.690040815126281
3,2.5,2380,2500,3,9,2380,0,1988,47.5734,-122.375,2270,5000,13.217582643985264
3,2.0,1900,9513,0,8,1900,0,1995,47.2843,-122.357,1790,8028,12.66032791780777
3,2.5,2430,7049,0,8,2430,0,2007,47.5399,-122.352,1770,7049,13.001325049027272
3,1.75,1300,10030,0,7,1300,0,1967,47.7359,-122.192,1520,7713,12.873902018105829
4,2.5,3500,11306,2,9,3500,0,2005,47.5428,-121.861,3180,8028,13.39239051461739
3,2.5,2140,3821,0,8,2140,0,2005,47.5541,-121.995,2860,3841,12.948009990259552
3,2.5,1870,7344,0,8,1470,400,1980,47.7265,-122.206,1930,7344,13.028052697933088
3,3.5,2440,3502,0,7,1970,470,2000,47.589,-122.165,2440,3417,13.500799813124575
5,2.0,1860,9000,0,7,1860,0,1980,47.4484,-121.772,1390,9752,12.730801174465157
3,2.25,3020,43560,0,10,2720,300,1969,47.6456,-122.173,3910,43560,13.769466619462868
3,3.0,2110,4000,2,7,1110,1000,1965,47.5696,-122.375,1730,4000,13.244581010128577
3,1.75,1650,221720,0,7,1650,0,1992,47.5297,-121.901,2520,221284,13.321214236149494
3,2.0,2360,6149,3,8,1560,800,1926,47.5433,-122.384,2000,6149,13.444446876573442
4,3.5,1880,1341,0,8,1650,230,2007,47.6053,-122.306,1740,1883,13.208541073645382
3,2.5,2196,7475,0,8,2196,0,2006,47.3803,-122.204,1860,6755,12.717398144337816
4,1.75,2300,11700,0,9,1960,340,1977,47.6331,-122.094,2840,12000,13.329377546788654
4,2.25,1960,14834,0,8,1330,630,1976,47.7434,-122.095,1540,15000,13.068962600677214
2,1.0,860,8250,0,7,860,0,1940,47.7132,-122.334,1780,11200,12.751299696013497
5,2.75,2990,7200,0,8,2990,0,1997,47.4955,-122.16,2710,7620,13.102160670086809
4,3.25,1980,9988,0,8,1340,640,1980,47.6883,-122.111,1980,8972,13.142166004700508
3,2.5,2440,7632,0,8,2440,0,1998,47.3494,-122.301,2510,7903,12.721885810807203
3,1.5,1540,7506,0,7,1540,0,1961,47.7565,-122.325,2180,7653,12.948009990259552
3,2.25,1650,7047,0,7,1650,0,1994,47.3826,-122.027,2010,7763,12.676076274775909
3,1.0,1010,9450,0,7,1010,0,1959,47.3592,-122.315,1240,9450,11.915051671812877
2,1.75,1760,4600,0,7,850,910,1926,47.5654,-122.372,1150,4800,12.779873068457553
3,1.75,1900,11165,0,7,1900,0,1959,47.5789,-122.118,2030,11165,13.231217782316412
3,1.0,1350,9450,0,7,1350,0,1979,47.7186,-122.236,1460,9461,12.934828253557487
4,2.75,1950,6930,2,7,1250,700,1960,47.616,-122.113,1950,8560,13.339086360915616
3,2.25,1710,4140,0,8,1710,0,2004,47.5498,-121.997,1730,3680,13.237476184504834
2,1.75,1740,5100,0,6,580,1160,1915,47.5211,-122.33,1440,5100,12.230765258120545
2,1.0,910,4635,0,6,910,0,1905,47.675,-122.393,1740,5000,12.959844447906553
4,2.5,1900,9240,0,7,1900,0,1962,47.6167,-122.137,2040,8052,13.017002861746503
4,2.5,2550,7500,0,8,1750,800,1976,47.3165,-122.386,2260,8800,12.533576212168626
3,2.5,2720,40813,0,8,2720,0,2001,47.2619,-122.271,2250,40511,13.038981768465277
3,1.75,1380,8400,0,7,1380,0,1967,47.3117,-122.321,1540,8400,12.527793760205377
4,2.0,2300,8400,0,6,1150,1150,1962,47.3282,-122.332,1230,8400,12.463617623561715
3,2.5,2960,69351,3,9,2960,0,1990,47.4,-122.42,2350,41433,13.527828485512494
4,1.75,1740,4816,0,7,870,870,1942,47.5758,-122.382,1210,5074,13.226633298580126
4,2.5,3310,5404,0,9,3310,0,2004,47.6635,-122.083,2600,4730,13.596234518176553
3,2.5,1720,3581,0,7,1720,0,2011,47.6861,-122.013,1720,3600,12.873132491326801
3,3.0,1880,2200,0,8,1520,360,2007,47.6666,-122.367,1500,1426,13.353475098367715
5,4.0,4770,31570,0,12,4770,0,1990,47.5468,-122.123,4520,32070,14.204168547756057
4,1.5,1790,3952,0,8,1790,0,1932,47.689,-122.352,1200,3876,13.592367006650065
4,1.5,1810,7998,0,8,1210,600,1960,47.726,-122.297,1830,7763,13.112313041550827
3,2.0,1740,9300,0,7,1740,0,1952,47.4526,-122.357,1540,9638,12.92391243868049
3,1.5,1790,4800,0,8,1790,0,1912,47.6332,-122.362,1780,3600,13.753635154246187
2,1.75,2170,25732,2,8,2170,0,1952,47.7542,-122.372,3020,23135,13.652991628466498
4,1.0,1140,7208,0,7,900,240,1970,47.742,-122.173,1300,7991,12.92391243868049
3,2.0,1790,7259,0,7,1390,400,1980,47.4643,-122.171,1790,7700,12.634603026569334
3,1.0,950,9451,0,7,950,0,1977,47.7308,-122.19,1480,8352,12.765688433465597
4,2.5,2500,8540,0,9,2500,0,1990,47.5759,-121.994,2560,8475,13.367659733359671
3,1.75,1260,10065,0,7,1260,0,1954,47.5727,-122.138,1320,10278,13.071070083016778
2,2.0,1930,4500,0,8,1930,0,2003,47.7104,-122.031,1670,5200,13.203021280421783
2,1.75,1210,1161,0,8,1210,0,2014,47.5513,-121.998,1700,2285,12.886641043883259
3,2.5,2320,7140,0,8,2320,0,1990,47.275,-122.295,2360,7955,12.637855061955712
3,1.75,1300,958,0,7,840,460,2011,47.5677,-122.314,1340,1254,12.706847933442663
3,1.75,1610,3478,0,7,1060,550,1929,47.6774,-122.372,1610,3478,13.199324418540456
4,2.5,2542,6120,0,8,2542,0,2014,47.3751,-122.188,2419,8984,12.793720411897448
3,2.0,1310,7332,0,7,1310,0,1987,47.3597,-122.051,1530,7362,12.345834587905333
3,3.25,3960,6132,3,10,2600,1360,1933,47.6396,-122.409,2730,5221,14.01436141670944
5,3.5,3220,5081,0,8,3220,0,2013,47.7048,-122.111,2970,5753,13.765235692170647
3,2.25,2920,6300,0,8,1710,1210,1956,47.7065,-122.37,1940,6300,13.42984807715229
3,1.0,1640,18144,0,6,1640,0,1942,47.5027,-122.33,1500,9065,12.637855061955712
3,2.5,3160,12824,2,9,1820,1340,1966,47.6151,-122.216,3390,11985,14.28551418721001
4,3.0,2650,4924,0,8,2650,0,2011,47.7734,-122.238,2380,4733,13.17115354157376
3,1.0,1010,6300,0,7,1010,0,1957,47.7304,-122.352,1480,7480,12.611537753638338
5,2.5,2600,4284,0,9,2600,0,2014,47.5409,-122.39,1620,5000,13.560618308335483
3,1.0,1450,6776,0,7,1450,0,1952,47.5056,-122.244,1680,7200,11.918390573078392
3,2.5,2060,11231,0,8,2060,0,1987,47.7571,-122.141,2140,10224,12.994530005894443
2,1.0,950,4000,0,6,950,0,1910,47.5728,-122.312,1480,4000,12.676076274775909
4,2.5,2080,9846,0,7,1240,840,1984,47.3338,-122.268,1890,7977,12.56706326353651
3,2.5,1990,3478,0,10,1520,470,1990,47.6361,-122.399,1710,6157,13.017002861746503
4,2.5,3080,8451,0,7,1540,1540,1969,47.674,-122.154,1550,8125,13.428376406540833
3,1.0,1300,8316,0,6,1300,0,1954,47.3221,-122.216,1260,8316,12.323855681186558
2,1.75,1670,10725,0,7,1670,0,1965,47.4893,-122.229,1600,10725,12.691580461311874
4,3.25,3160,5000,0,9,2360,800,1965,47.6597,-122.274,2220,4000,14.038654109278484
5,1.75,1770,15525,0,7,1770,0,1959,47.5025,-122.142,1370,10395,12.206072645530174
3,3.5,3190,6776,0,10,3190,0,1998,47.6348,-122.064,3230,7189,13.567049198665774
2,2.75,1370,1140,0,8,1080,290,2009,47.7052,-122.343,1370,1090,12.791077667470416
3,1.75,1410,9315,0,7,1410,0,1960,47.3969,-122.198,1630,8250,12.449018824140563
4,2.25,2640,31941,0,9,2640,0,1986,47.3099,-122.116,2780,35365,13.102058624063964
4,1.75,2320,4322,0,7,1140,1180,1910,47.5755,-122.289,1820,4322,13.081541382884074
1,1.0,950,10585,0,6,950,0,1929,47.6968,-122.297,1400,7056,12.840000466430148
3,2.25,2110,7350,0,8,1530,580,1980,47.3088,-122.341,2640,7777,12.6071950042042
3,1.75,2000,5680,0,7,1080,920,1903,47.6805,-122.366,1230,4535,13.159659162148026
4,3.0,2020,6000,0,8,1220,800,1968,47.6563,-122.401,1400,6000,13.62918097977278
3,1.0,990,7050,0,7,990,0,1967,47.7274,-122.202,1200,8125,12.644327576461329
4,2.5,2510,3479,0,8,2510,0,2007,47.6981,-122.099,2540,4171,13.437174117244362
4,1.75,2060,9828,0,8,2060,0,1960,47.5867,-122.174,2260,9996,13.369223455335854
3,2.0,1380,7476,0,7,1380,0,1989,47.3336,-122.272,1600,7227,12.513557345278134
3,1.0,1370,17859,0,7,1150,220,1930,47.5617,-121.859,1460,47044,12.524526376648708
3,1.75,1630,11800,0,7,1630,0,1971,47.4863,-121.73,2090,57428,12.542544882151386
6,3.25,4750,248600,0,8,4750,0,1947,47.1879,-121.973,2230,311610,13.096019402064726
3,2.0,1640,9234,0,7,1060,580,1967,47.5162,-122.274,2230,10354,12.672946381766982
3,1.0,1560,14333,0,7,1560,0,1953,47.432,-122.348,1640,14333,12.86747112777554
4,2.5,3570,17411,0,10,3570,0,1990,47.5617,-122.03,3510,16153,13.779883380321124
6,4.5,2940,7500,0,8,2940,0,1966,47.7208,-122.182,2010,7500,13.086736199761178
3,2.0,2330,6346,0,6,1600,730,1934,47.5135,-122.38,1380,8400,12.948009990259552
4,2.75,1950,9720,0,7,1400,550,1986,47.3969,-122.205,2300,10530,12.644327576461329
4,3.25,4240,25639,3,10,3550,690,1989,47.3241,-122.378,3590,24967,13.345506928718539
2,1.75,2860,59612,4,8,1510,1350,1948,47.3276,-122.389,2720,59612,13.128345449081877
2,1.0,540,2500,0,5,540,0,1905,47.6729,-122.383,1290,5000,12.959844447906553
2,1.0,930,3200,0,7,930,0,1904,47.609,-122.314,1690,3840,13.122363377404328
4,2.5,2880,8061,0,9,2880,0,1988,47.439,-122.152,2650,7660,12.994530005894443
4,2.75,3650,6982,2,9,2530,1120,1951,47.6756,-122.275,3140,7894,14.006130917572923
3,3.25,1600,1298,0,8,1600,0,1999,47.6954,-122.375,1600,1348,12.765688433465597
4,2.25,2400,17842,0,7,2400,0,1973,47.2866,-122.217,1610,12100,12.524526376648708
2,1.0,1020,5130,0,6,1020,0,1948,47.301,-122.226,1200,6497,12.072541252905651
4,2.5,3440,56192,0,9,3440,0,1994,47.6969,-122.046,3150,44431,13.573438996764546
4,2.75,2500,4950,0,8,2500,0,2010,47.6964,-122.017,2500,4950,13.42984807715229
4,2.75,2450,4187,2,8,2450,0,2010,47.5471,-122.016,2320,4187,13.507625778194974
3,1.75,1340,63597,0,7,1340,0,1963,47.4379,-122.011,1950,87120,12.577636201962656
4,2.5,2680,9185,0,9,2680,0,1989,47.5738,-121.992,2810,8505,13.337474757021274
2,1.5,830,1241,0,7,830,0,2005,47.6363,-122.368,1610,2666,12.959844447906553
4,2.5,3260,5974,1,9,2820,440,2007,47.6772,-122.267,2260,6780,13.864300722133706
3,1.5,2330,11740,0,8,1330,1000,1954,47.7481,-122.292,2630,11740,13.017002861746503
3,2.5,2075,39553,0,7,2075,0,2012,47.3601,-122.032,1960,9047,12.971540487669746
3,2.75,3610,107386,3,8,3130,480,1918,47.3351,-122.362,2630,42126,12.959844447906553
5,1.75,1890,5000,0,7,1090,800,1906,47.6711,-122.372,1610,5000,13.168215897586418
2,2.5,1680,977,0,9,1680,0,2009,47.632,-122.361,1680,977,13.748301808270824
2,2.5,1370,1140,0,8,1080,290,2009,47.7055,-122.342,1340,1050,12.779873068457553
3,1.0,1250,7300,0,7,1250,0,1956,47.6032,-122.125,1540,7400,12.86099861326992
4,2.75,2710,37277,0,9,2710,0,2000,47.4634,-121.987,2390,39299,13.353475098367715
4,4.25,4470,5884,1,11,3230,1240,2010,47.6387,-122.405,2570,6000,14.897315728316002
3,3.5,2480,10800,0,8,2480,0,1998,47.6083,-122.06,2380,11310,13.369223455335854
2,1.0,830,26329,3,6,830,0,1928,47.4012,-122.425,2030,27338,12.86099861326992
2,1.0,750,6480,0,6,750,0,1943,47.5195,-122.35,1050,6390,12.380025952653611
3,1.75,1660,5987,0,7,960,700,1982,47.5107,-122.381,1510,6000,12.92391243868049
4,2.5,2240,5105,0,8,2240,0,2002,47.3922,-122.165,1920,5288,12.691580461311874
4,1.75,1660,6200,0,6,830,830,1948,47.56,-122.316,1780,5968,12.676076274775909
3,1.0,1060,7473,0,7,1060,0,1959,47.3699,-122.309,1320,7912,11.84939770159144
4,2.25,2430,10050,0,8,2430,0,1979,47.5563,-122.163,2390,10250,13.623138665316818
3,2.5,2110,9773,0,9,2110,0,1986,47.5628,-122.115,2560,11787,13.567049198665774
3,2.25,2610,9409,4,8,2610,0,1963,47.5789,-122.076,2970,9156,14.23224525833067
3,1.5,1440,9711,0,7,1140,300,1956,47.7394,-122.252,1590,9711,13.017002861746503
5,3.25,4300,50405,0,8,3220,1080,1972,47.4615,-122.0,2680,41684,13.29379249303186
3,2.5,2770,10773,2,9,2770,0,1992,47.5754,-122.12,2530,10423,13.527761816623505
3,1.75,1540,10545,0,6,1540,0,1978,47.4451,-121.763,1540,10000,12.517227074167097
5,2.5,2460,5604,0,8,2460,0,2011,47.3658,-122.037,2210,6395,12.788288265382837
3,2.25,1552,3677,0,7,1552,0,2012,47.3205,-122.178,1677,3677,12.483704382128453
3,2.5,2030,5100,0,7,2030,0,2008,47.6594,-122.397,1790,4380,13.296316684527767
4,2.5,3050,7238,0,8,3050,0,1989,47.5772,-122.013,2580,7228,13.36138027787483
3,1.0,980,2490,0,6,980,0,1969,47.317,-122.182,980,3154,11.407564949312402
5,2.25,2060,9000,0,7,1320,740,1961,47.6122,-122.137,2050,8800,13.141185131644917
4,2.5,3281,5354,0,9,3281,0,2014,47.3273,-122.163,2598,4815,13.064384627180477
4,2.5,1880,7965,0,7,1880,0,2000,47.3642,-122.052,1570,7584,12.691272721657192
3,2.5,1600,9830,0,8,1600,0,1993,47.339,-122.266,1890,8910,12.611371073081239
3,2.0,1350,6696,0,6,680,670,1944,47.4919,-122.187,1350,6700,12.506177237980511
3,2.5,3230,5000,2,8,2430,800,1945,47.7011,-122.389,1820,5000,13.652991628466498
4,1.75,2060,26036,0,8,1160,900,1947,47.4444,-122.351,2590,21891,13.38087407255583
3,2.5,1570,2865,0,7,1570,0,2003,47.5412,-122.288,1610,2582,12.66032791780777
3,1.5,1970,13709,0,7,1680,290,1955,47.7562,-122.277,2200,16536,12.959844447906553
4,2.5,4270,43386,0,10,2680,1590,1991,47.6915,-122.053,3630,36180,13.790192749979985
3,2.5,1260,895,0,7,1160,100,2009,47.7072,-122.336,1190,1095,12.628067055589549
4,1.5,1860,5040,0,8,1860,0,1920,47.2077,-121.993,1680,5800,12.2783933071098
3,2.75,2100,10362,0,9,1510,590,1998,47.4347,-121.417,2240,11842,13.17115354157376
2,1.5,1100,1107,0,8,1100,0,2008,47.6584,-122.35,1110,2750,12.948009990259552
4,2.5,4090,215186,0,8,3670,420,1979,47.2964,-122.116,2430,142005,13.369223455335854
4,1.75,2040,5000,0,9,2040,0,1921,47.6279,-122.315,3220,5600,14.056494027406815
2,1.5,1160,8060,0,7,1160,0,1950,47.5146,-122.386,1500,8060,12.80765263256463
3,2.0,1660,8641,0,8,1660,0,1987,47.3663,-122.088,1490,8641,12.505992035646432
3,1.5,1580,8841,0,7,1180,400,1923,47.6931,-122.352,1580,7512,13.16158409055761
4,2.0,2760,21465,0,9,2120,640,1979,47.3818,-122.165,2550,13144,13.038873066905303
4,2.5,1880,3853,0,8,1880,0,2010,47.5636,-122.094,1890,3078,13.181009572837063
3,1.0,1660,5100,0,7,1260,400,1957,47.5323,-122.383,1230,5100,13.190022025878143
2,1.75,1300,22239,0,7,1300,0,1945,47.4801,-122.092,1300,14810,13.106233995474446
3,1.0,900,4770,0,6,900,0,1969,47.3038,-122.362,900,3480,11.891361900690473
3,2.5,1360,1489,0,8,1360,0,2007,47.549,-122.372,1360,1688,12.751299696013497
3,2.5,2020,4861,0,7,2020,0,2005,47.4659,-122.144,2170,4600,12.577636201962656
5,1.0,1870,7800,0,7,1580,290,1962,47.5127,-122.321,1740,7808,12.476099782743233
4,3.5,3180,4869,0,8,2390,790,2007,47.4482,-122.206,2850,4500,12.994530005894443
4,2.0,1790,7800,0,8,1790,0,1972,47.6266,-122.103,2150,7838,13.253391639810733
4,1.75,2260,12238,0,9,2260,0,1967,47.5976,-122.178,2430,10204,13.632788921148979
3,2.0,1710,4697,0,6,1710,0,1941,47.3048,-122.218,1030,4705,12.358793732547838
4,3.5,4380,66613,0,11,4380,0,1993,47.7279,-122.048,4010,70109,14.151982794585487
3,2.75,1100,750,0,7,780,320,2008,47.5601,-122.363,1170,4800,12.56374708980199
4,1.0,1400,8684,0,7,1400,0,1957,47.4887,-122.344,1520,8712,12.128111104060462
4,3.0,3260,4500,0,9,2300,960,1930,47.6314,-122.353,2410,4995,14.0623706358958
3,2.5,2680,5539,0,8,2680,0,2013,47.4761,-121.734,2990,6037,13.038960029098545
3,1.0,1150,4825,0,6,1150,0,1957,47.5321,-122.029,1760,7121,12.388394202324129
4,2.5,2790,10289,0,9,2790,0,1987,47.5483,-122.158,2650,10126,13.797346587336603
4,2.5,2240,4616,0,7,1840,400,2001,47.5118,-122.194,2260,5200,13.017002861746503
4,3.25,4330,26162,0,11,4330,0,1997,47.6009,-122.011,5110,26319,14.00530412959693
4,3.0,2590,6160,0,8,2590,0,2014,47.4784,-122.122,2670,5600,13.161574475126766
4,2.0,1960,190357,3,8,1960,0,1971,47.5538,-121.958,2560,189100,13.038981768465277
3,1.5,1270,1413,0,8,1270,0,2007,47.6989,-122.317,1270,1413,12.994530005894443
3,2.5,1350,2053,0,8,1350,0,2005,47.6758,-122.386,1350,4150,13.075271769870477
2,1.0,770,4840,0,7,770,0,1927,47.551,-122.376,930,4840,12.524526376648708
4,3.0,2200,10800,0,6,2200,0,1960,47.4476,-122.169,1430,10800,12.611537753638338
3,1.5,1300,19163,0,7,1300,0,1964,47.6686,-122.153,1590,9744,12.959844447906553
3,1.75,1440,8040,0,7,960,480,1951,47.7128,-122.306,1500,8040,12.661200552824075
3,2.25,2240,9542,1,7,1190,1050,1980,47.3995,-122.318,2080,9542,12.94371506597667
3,1.75,1700,11613,0,7,1180,520,1977,47.2874,-122.187,1500,12377,12.483514970251763
3,2.5,1910,5125,0,9,1910,0,2006,47.5481,-121.995,1910,3215,13.404530269168
4,2.5,2990,8622,0,9,2990,0,2000,47.5394,-121.875,2980,8622,13.377780489268835
3,1.75,1300,6318,0,7,1300,0,1980,47.2752,-122.251,1150,8002,12.196022309676673
4,3.0,3130,12381,0,9,3130,0,1995,47.5599,-122.118,3250,10049,13.732128949025222
5,2.0,2120,137565,0,7,2120,0,1913,47.4558,-122.507,2120,157123,12.987688474077727
3,2.0,1410,5760,0,7,1410,0,1985,47.3702,-122.185,1670,6222,12.409013489526863
1,0.75,760,10079,4,5,760,0,1936,47.4683,-122.438,1230,14267,12.820987977820545
3,2.5,3370,19585,0,7,3200,170,1951,47.7388,-122.339,1730,9430,13.151922179645874
3,2.5,1540,7120,0,7,770,770,1938,47.3729,-122.037,1000,6638,13.091904169919621
3,2.75,2210,7660,1,7,1460,750,1968,47.5619,-122.4,2110,8750,13.473020249017498
3,1.75,2160,4000,0,7,1080,1080,1953,47.5721,-122.309,1260,3200,12.92391243868049
4,2.5,3600,155509,0,9,3600,0,2004,47.3538,-121.986,3410,34412,13.541073712262515
4,2.5,3160,16564,0,10,3160,0,1987,47.6365,-122.04,3160,12415,13.58609739363647
3,3.0,2500,8304,0,8,2500,0,1997,47.4022,-122.166,2290,7855,12.807378622424539
3,2.5,1930,5080,0,8,1930,0,1990,47.5694,-122.001,2190,5085,13.18740177358355
4,2.5,2010,16020,0,8,2010,0,1962,47.4821,-122.108,1420,16020,12.971540487669746
4,1.5,1300,7200,0,7,1300,0,1970,47.4179,-122.181,1420,7200,12.46651198158808
4,2.75,2920,4500,0,9,2920,0,1999,47.5646,-122.124,2920,4505,13.500799813124575
5,1.5,1720,12551,0,7,1720,0,1967,47.5241,-122.053,1560,12960,12.983101310070822
3,2.25,2070,15002,0,8,2070,0,1955,47.7635,-122.274,2070,15002,13.235692062711331
5,2.0,2080,16117,0,7,1740,340,1959,47.3424,-122.289,1510,13068,12.445089546000673
3,1.0,1330,40259,0,7,1330,0,1977,47.552,-121.89,1710,34787,13.190022025878143
3,2.5,2590,7237,0,8,2590,0,2004,47.7113,-122.309,1670,7648,13.337474757021274
2,1.0,1220,17172,0,6,1220,0,1947,47.6934,-122.163,1510,12915,12.821258284620408
3,1.0,1010,5000,0,7,1010,0,1952,47.675,-122.394,1680,5000,13.060487973686241
3,3.25,1876,1531,0,9,1876,0,2009,47.6864,-122.265,1876,1533,13.326935543133104
3,2.5,2190,5091,0,8,2190,0,2004,47.3506,-122.039,2200,5948,12.80765263256463
4,3.5,3320,8808,0,9,3320,0,2005,47.592,-121.989,3160,9226,13.574712071411344
4,1.75,2370,5000,2,8,1770,600,1919,47.6779,-122.357,2100,4550,13.676248490630767
3,2.25,2680,10440,1,8,1540,1140,1963,47.561,-122.398,2140,7560,13.488394416267086
3,1.75,1540,4800,0,6,770,770,1925,47.67,-122.284,1510,4080,13.244581010128577
4,2.5,2010,9075,0,8,1310,700,1959,47.553,-122.182,1850,9220,13.142166004700508
3,2.5,1870,4046,0,7,1870,0,2007,47.342,-122.059,2130,4800,12.421184025147118
1,1.5,760,779,0,8,760,0,2006,47.6715,-122.382,1290,1189,12.748396936355535
4,2.5,2480,5000,3,8,1480,1000,1951,47.6653,-122.272,2240,6071,13.716794585025117
3,1.0,1000,12070,0,7,1000,0,1968,47.3621,-122.11,1010,12635,12.225875272826354
3,2.5,2290,6328,0,8,2290,0,2001,47.5103,-122.382,1600,6180,13.217673557208654
2,1.0,710,14700,0,6,710,0,1926,47.4939,-122.318,1320,14700,12.140199901379466
3,1.75,1410,2052,0,8,1410,0,2014,47.5171,-122.347,1410,1988,12.541830341213517
2,1.75,1020,10346,0,6,1020,0,1983,47.1958,-122.002,1160,8610,12.138863895836725
4,2.5,3020,13122,0,9,2540,480,1997,47.6989,-122.111,3020,10873,13.527828485512494
3,1.75,3610,8502,2,10,2610,1000,1930,47.583,-122.379,2900,5016,13.830399170458024
3,3.0,1730,1074,0,8,1730,0,2006,47.6692,-122.392,1370,1185,13.17115354157376
4,3.5,2780,3100,0,8,2120,660,2014,47.6886,-122.364,1740,3600,13.676248490630767
4,2.25,2640,8800,0,8,1620,1020,1980,47.7552,-122.148,2500,11700,13.193753373491
3,2.25,1370,6000,0,7,1370,0,1992,47.3484,-122.033,1370,6200,12.567237494741757
3,1.75,1620,12825,0,8,1340,280,1962,47.3321,-122.323,2076,11200,12.604848765487542
3,2.5,2400,7745,0,9,2400,0,2001,47.6734,-122.173,2080,8615,13.527828485512494
3,2.75,1540,6760,0,7,1210,330,1980,47.7163,-122.212,1540,7416,13.128345449081877
2,1.75,910,2550,0,6,910,0,2004,47.3494,-122.022,1310,2550,12.170445467887022
3,2.0,1680,8424,0,7,1680,0,1993,47.1969,-122.011,1990,8545,12.57418196709457
3,2.25,1646,12414,0,7,1646,0,1996,47.363,-122.035,1654,8734,12.628067055589549
3,2.5,2030,6500,0,8,2030,0,1988,47.5654,-122.092,2030,8485,13.334373177900108
5,3.5,2320,4960,0,7,1720,600,1926,47.6763,-122.352,1700,4960,13.620103761621664
3,1.5,1240,9125,0,7,1240,0,1967,47.4469,-122.155,1670,9125,12.524526376648708
4,2.5,1820,7930,0,7,1820,0,1989,47.359,-122.05,1490,7930,12.56374708980199
4,2.5,2980,9235,0,8,1690,1290,1977,47.5513,-122.162,2690,10046,13.34230179776959
4,2.5,3110,6479,0,9,3110,0,2005,47.5408,-121.861,3110,7075,13.279367126213993
3,1.75,1770,8050,0,7,1020,750,1963,47.5862,-122.118,2000,7875,13.195613839143922
3,2.25,1760,10350,0,7,1330,430,1979,47.6605,-122.188,2210,11337,13.321132265576884
3,2.25,1470,7518,0,7,1160,310,1985,47.2725,-122.3,1720,8300,12.301382825334498
5,2.5,2990,15085,0,9,2990,0,2007,47.746,-122.218,3150,13076,13.345506928718539
4,2.5,2590,7910,0,9,2590,0,2001,47.6978,-122.284,1700,7488,13.591116224748411
4,2.0,980,10640,0,7,980,0,1978,47.4462,-121.773,1230,9750,12.594730635321957
2,2.0,2280,6815,0,8,2280,0,2002,47.7103,-122.027,2280,6750,13.635187003832993
3,3.5,3200,10344,0,10,3200,0,2007,47.7636,-122.216,2550,20152,13.457406021215947
3,1.0,1710,12000,0,7,1710,0,1972,47.2616,-122.281,1310,9600,12.449018824140563
3,1.75,1400,6000,0,7,700,700,1919,47.5283,-122.321,1030,6000,12.727838209334498
3,2.0,1760,6600,0,7,1760,0,1998,47.3836,-122.184,2590,6600,12.577636201962656
4,2.5,2820,5056,0,9,2820,0,2006,47.3591,-122.038,2820,5150,12.968979070504972
3,1.5,1220,9000,0,7,1220,0,1968,47.3642,-122.109,1220,9472,12.376658946105707
4,2.75,1990,7252,0,7,1270,720,1999,47.2839,-122.202,2100,7535,12.506177237980511
3,2.0,1990,3990,0,7,1130,860,1912,47.6572,-122.333,1710,4000,13.541731390681484
5,2.0,2500,15250,4,8,2500,0,1942,47.5883,-122.111,1880,18782,14.346138809026444
3,1.75,1720,13104,0,7,1720,0,1962,47.4709,-122.26,1840,13104,12.560244459250788
3,1.75,1480,8667,0,7,740,740,1954,47.5718,-122.136,1600,10644,13.124361380067002
4,2.75,3410,95396,0,10,3410,0,1962,47.6547,-122.158,3721,35352,14.018451401960965
4,2.5,2020,3440,0,7,1480,540,1928,47.6885,-122.376,1520,5080,13.203021280421783
1,1.0,1140,6700,0,7,1140,0,1920,47.6958,-122.357,1350,6700,13.199324418540456
5,1.5,2520,5753,0,7,1510,1010,1928,47.2058,-121.997,1620,6875,12.429216196844383
3,2.5,1852,4000,0,7,1852,0,2014,47.3455,-122.21,2166,4000,12.604848765487542
3,2.25,1450,1445,0,7,980,470,2005,47.6184,-122.301,1510,1370,13.086736199761178
3,2.5,2850,21780,0,10,2850,0,1994,47.6455,-122.04,3020,21798,13.592354506571938
2,1.75,1950,8200,0,8,1950,0,1975,47.3161,-122.382,2370,8000,12.449018824140563
4,2.25,2360,15860,0,9,2360,0,1977,47.6307,-122.051,2650,11798,13.329377546788654
1,1.0,730,6890,0,4,730,0,1926,47.467,-122.215,1790,7969,11.84939770159144
3,2.0,1760,9732,0,7,1760,0,1996,47.1923,-122.014,1910,9231,12.660169175050076
3,1.0,1090,6712,0,7,1090,0,1972,47.7155,-122.211,1440,7350,12.751154757974255
4,2.5,2880,213444,0,8,2140,740,1984,47.2887,-122.109,2810,213444,13.270697171910022
3,2.5,2010,5399,0,7,2010,0,2006,47.3338,-122.052,2280,5141,12.54966234992025
3,2.0,1700,8448,0,7,1700,0,1996,47.2077,-122.011,1350,8587,12.409013489526863
4,1.5,1920,7973,0,8,1920,0,1955,47.4961,-122.235,2020,8840,12.388394202324129
5,3.25,4475,6642,0,9,4475,0,2014,47.6849,-122.018,3720,6633,13.850375645290354
3,2.5,1380,1021,0,8,1160,220,2008,47.6148,-122.309,1440,1021,13.199324418540456
4,2.75,2340,6350,0,7,1310,1030,1974,47.5559,-122.379,2020,6350,13.37700559577791
3,2.5,1930,7214,0,8,1930,0,2005,47.7191,-122.309,1930,7266,13.180632285528304
2,1.0,1300,39639,0,6,1300,0,1960,47.466,-122.452,1880,98881,12.594730635321957
4,3.25,2290,4785,0,9,2290,0,2007,47.3833,-122.037,2290,4785,12.793720411897448
3,1.0,1030,8395,0,7,1030,0,1960,47.3322,-122.337,1370,9380,12.072541252905651
4,2.75,2470,5500,3,9,1570,900,1960,47.6586,-122.358,1620,5500,14.001990124906893
4,2.5,3180,31931,0,10,2390,790,1978,47.6388,-122.149,3180,35007,13.924364962876357
5,1.5,3360,5225,0,9,3360,0,2014,47.6072,-122.053,3230,5368,13.635181015791112
4,1.75,1850,4388,0,8,1850,0,1941,47.6885,-122.381,1410,4107,13.545013310266594
2,2.0,2180,18525,4,9,1580,600,1952,47.5036,-122.387,2480,21503,14.15910026235435
5,2.0,1910,7200,0,6,1110,800,1951,47.4975,-122.261,1150,5948,12.345834587905333
4,2.5,2060,8968,0,7,1190,870,1975,47.7686,-122.317,1350,8972,13.03789422077788
4,2.0,1830,9610,0,7,1830,0,1963,47.695,-122.176,1970,10754,13.098582848738925
5,2.5,3580,8921,0,9,3580,0,2000,47.693,-122.202,2710,9308,13.955272500339433
4,1.0,1480,7560,0,7,1480,0,1940,47.7079,-122.358,1480,7560,12.994530005894443
3,2.5,3910,14000,0,10,3910,0,1999,47.6374,-122.12,2280,14000,13.776249844010971
6,2.25,2930,4320,0,9,2130,800,1913,47.6295,-122.306,2860,4320,14.018451401960965
3,1.75,1230,13056,0,7,1230,0,1962,47.3171,-122.279,1690,15750,12.072541252905651
3,2.5,1270,9675,0,8,1270,0,1993,47.4639,-121.744,1270,11700,12.542544882151386
3,3.0,2430,10500,0,8,2150,280,1983,47.2579,-122.312,1670,9800,12.513557345278134
4,2.5,2070,10244,0,8,1370,700,1969,47.5592,-122.178,2070,9683,13.15773052124162
2,1.0,1120,7500,2,7,1120,0,1971,47.619,-122.096,3040,16940,13.199324418540456
3,2.5,2310,53578,0,8,1340,970,1981,47.7677,-122.135,2660,49658,13.142166004700508
7,2.75,3410,4056,0,8,2130,1280,1906,47.6454,-122.316,2510,4056,13.527828485512494
2,1.75,1440,11210,0,6,1130,310,1935,47.498,-122.35,1250,9381,12.551433829568632
2,1.0,790,6555,0,6,790,0,1956,47.5015,-122.35,1440,7601,12.560244459250788
3,2.5,2780,11964,0,9,2780,0,2009,47.7127,-122.216,1760,9640,13.623744542342319
4,2.75,2200,9676,0,8,1500,700,1979,47.7713,-122.259,2120,9585,13.038981768465277
3,1.75,1970,7972,3,8,1370,600,1976,47.4908,-122.225,2460,9796,13.124361380067002
3,1.5,1200,890,0,8,1030,170,2008,47.6384,-122.342,1230,2120,13.049685151906344
1,1.0,390,2000,0,6,390,0,1920,47.6938,-122.347,1340,5100,12.409013489526863
3,2.25,2260,54014,0,7,1450,810,1962,47.7657,-122.131,2140,44431,13.149978544437301
4,2.0,1780,15648,0,8,1780,0,1918,47.5849,-122.198,2320,14963,13.815510557964274
4,2.5,3030,7800,0,9,1580,1450,1991,47.689,-122.196,2840,7435,13.592241998836913
3,1.75,1710,6400,0,7,1240,470,1976,47.3036,-122.377,1600,6400,12.468436909997665
3,2.5,2690,4819,0,7,2690,0,2004,47.5302,-121.849,2360,4829,13.226723392728571
4,2.25,1910,8400,0,7,1910,0,1975,47.7352,-122.175,1910,8400,12.983101310070822
4,2.5,2620,10489,0,9,2620,0,1990,47.6732,-122.143,2430,7701,13.434250138552928
3,1.75,2150,4333,0,7,1200,950,1956,47.5537,-122.388,1480,6500,12.971540487669746
4,1.0,2520,5500,0,8,1820,700,1912,47.5785,-122.292,2350,5000,13.547631112808673
3,2.0,1400,45738,0,8,1400,0,1981,47.3624,-122.455,2390,56628,12.92391243868049
3,1.75,1220,7004,0,7,1220,0,1966,47.4492,-122.157,1640,7210,12.577291314909747
4,3.0,2170,4000,0,9,1610,560,1982,47.6196,-122.292,1670,4000,13.630385073837585
4,1.75,1700,7800,0,8,1700,0,1975,47.651,-122.119,2430,8342,13.304684934198283
3,1.75,1380,5060,0,7,1380,0,1986,47.7059,-122.341,1030,5060,12.834681304952548
3,3.5,3690,8837,0,10,3690,0,2001,47.5402,-121.876,3690,9585,13.493926933836812
4,2.5,2720,16454,1,9,1870,850,1963,47.5489,-122.216,3560,15993,14.058456736574664
5,1.5,1840,8050,0,7,1840,0,1962,47.3668,-122.312,1690,8151,12.560244459250788
3,1.0,1660,11200,0,7,1660,0,1957,47.5121,-122.168,1380,10875,12.47227568630483
3,1.75,1390,8700,3,7,840,550,1912,47.4725,-122.202,1390,10875,12.545931996540345
4,1.75,2050,10920,3,8,1450,600,1974,47.7431,-122.286,2440,10920,13.579788224443204
3,1.75,1790,12000,0,7,1040,750,1960,47.3945,-122.313,1840,12000,12.400816722322686
4,1.5,2120,8554,0,7,1170,950,1977,47.2933,-122.195,1790,8554,12.427214194173711
4,3.5,2730,5607,0,9,1660,1070,1948,47.6387,-122.396,1720,5400,13.845069360205818
3,1.0,1080,6250,0,5,1080,0,1950,47.5045,-122.33,1070,6250,11.964001084330445
2,1.5,2010,7755,0,7,2010,0,1952,47.4947,-122.233,1360,8037,12.292250341771226
5,2.25,2910,9525,0,9,2910,0,1968,47.5633,-122.218,2740,9525,13.676248490630767
3,3.5,3620,8072,0,10,2920,700,1999,47.5646,-122.127,3680,9624,13.96737290727352
4,2.0,1330,5926,0,5,1330,0,1942,47.496,-122.19,1150,5485,12.37102336582647
3,1.5,1270,7128,0,6,1270,0,1954,47.422,-122.321,1270,7986,12.266697267346608
2,2.0,1070,4500,0,6,910,160,1932,47.4896,-122.204,1280,4500,12.409013489526863
4,2.0,1330,9188,0,7,1330,0,1928,47.401,-122.319,1770,10419,12.959844447906553
3,1.5,1140,15890,0,7,840,300,1985,47.4752,-121.757,1200,15247,12.721885810807203
4,3.0,2410,8284,0,7,1210,1200,1969,47.7202,-122.22,2050,7940,13.071070083016778
3,2.25,1410,8909,2,7,1410,0,1988,47.3983,-122.31,2050,8909,12.669806661762314
3,2.25,1820,9150,0,7,1320,500,1961,47.737,-122.334,1780,8055,12.989974189358584
4,2.5,2150,8165,0,8,1430,720,1957,47.773,-122.371,2360,7980,13.056223574899784
5,3.0,2830,7500,0,9,2460,370,1923,47.6579,-122.277,2900,5000,14.03062193758122
4,3.25,2330,9687,3,9,2330,0,1918,47.6264,-122.283,3880,9017,14.077874822431765
3,1.5,1540,3570,0,7,1490,50,1930,47.6692,-122.325,1620,4080,13.244581010128577
2,1.0,1310,7128,0,7,940,370,1980,47.3958,-122.189,1400,7161,12.441144767709657
4,1.75,1660,8160,0,8,1660,0,1974,47.4483,-122.129,1800,7684,12.834547962729536
2,1.0,1020,4002,0,7,1020,0,1953,47.5828,-122.395,1780,5000,13.038981768465277
3,2.5,1260,1125,0,8,1260,0,2002,47.6706,-122.381,1360,1250,12.988831984779805
4,2.5,2370,9517,0,9,1630,740,1984,47.6222,-122.034,2440,9035,13.39239051461739
3,1.0,1060,10023,0,6,1060,0,1962,47.2869,-122.36,1060,10023,12.040608205802641
2,1.0,770,8636,0,6,770,0,1951,47.5075,-122.358,1110,8636,12.190959007720126
4,2.0,2220,5821,0,7,1380,840,1916,47.5723,-122.382,1850,5000,13.321214236149494
2,1.0,1200,9850,0,7,1200,0,1921,47.3089,-122.21,1060,5095,12.14950229404178
4,2.25,1770,7799,0,7,1770,0,1998,47.4192,-122.202,1770,7778,12.691580461311874
4,1.0,1290,5000,0,7,1290,0,1957,47.5128,-122.358,1440,2500,12.526342907575106
4,3.25,3480,6000,0,8,3480,0,2014,47.6353,-122.353,2200,4080,14.430696197054507
4,2.25,2920,20400,0,11,2920,0,1966,47.6237,-122.228,3080,20400,14.316285845876763
4,3.0,2750,7500,0,8,1630,1120,1966,47.7134,-122.361,2440,7500,13.473020249017498
3,2.5,2460,12600,0,8,1810,650,1970,47.473,-122.118,1820,11180,12.911642346088676
5,2.25,2520,49222,0,8,2520,0,1978,47.4918,-122.064,2780,55321,13.190022025878143
2,1.0,1440,33747,0,7,1440,0,1928,47.7223,-122.209,1980,8400,13.596109992928898
2,1.5,1110,1189,0,8,1110,0,2000,47.6711,-122.377,1420,1311,12.823957341589573
2,1.75,1490,224334,2,8,1490,0,1983,47.2645,-122.163,2350,213879,13.071070083016778
3,1.75,1360,18123,0,8,1360,0,1983,47.4716,-121.756,1570,16817,12.765688433465597
4,1.5,1440,3200,1,7,960,480,1960,47.5269,-122.383,1650,6400,13.287029998959563
2,1.0,880,17743,0,5,880,0,1951,47.4115,-122.197,1217,13000,12.58621994565405
3,2.0,1360,5980,0,8,1360,0,1945,47.5852,-122.388,1520,4440,13.463112170792803
4,2.5,3510,28052,0,10,3510,0,1988,47.6671,-122.057,2890,28295,13.726679344257658
4,2.0,1560,3840,0,6,960,600,1924,47.6882,-122.365,1560,4800,13.036805489042683
3,1.0,1290,6859,0,7,1290,0,1941,47.5317,-122.387,1560,6369,13.190022025878143
4,2.5,2930,5000,0,9,2760,170,2007,47.5424,-122.12,3230,5778,13.592367006650065
4,2.5,1890,7867,0,8,1890,0,1996,47.3788,-122.031,2250,7867,12.779873068457553
3,2.0,1400,7384,0,7,1150,250,1979,47.4655,-122.174,1820,7992,12.323855681186558
6,3.0,3030,31920,0,8,1670,1360,1980,47.575,-122.033,2890,35100,13.344706608547769
3,2.5,2130,8022,0,8,2130,0,1985,47.7252,-122.106,2130,7605,13.071070083016778
2,2.5,1350,944,0,9,870,480,2004,47.5591,-122.385,1440,1350,12.992254692057308
5,2.75,2920,11880,0,8,1660,1260,1968,47.5133,-122.031,3910,14491,13.652991628466498
3,2.5,1830,6162,0,8,1830,0,1994,47.3291,-122.17,1860,7017,12.60786434827203
3,2.5,1980,7309,0,7,1980,0,1993,47.7257,-122.172,2060,9681,13.028052697933088
3,2.5,2010,3200,0,9,2010,0,2009,47.5463,-122.015,2250,3200,13.345506928718539
3,2.75,2800,9750,0,7,1400,1400,1957,47.5862,-122.202,2800,9530,13.726679344257658
4,4.25,2360,57514,0,8,2360,0,1939,47.2843,-122.294,2037,35733,13.287877815881902
4,1.75,1580,6396,0,6,790,790,1945,47.5378,-122.369,1180,6396,12.791077667470416
4,2.5,3210,8938,0,10,3210,0,2005,47.582,-121.971,3740,8108,13.527828485512494
3,2.5,1920,15124,0,8,1920,0,1995,47.5015,-121.773,1920,16477,12.969212197910155
5,2.75,2920,6327,0,8,2920,0,2007,47.4935,-122.145,2520,5026,13.240146413060712
3,1.0,1130,9147,0,7,1130,0,1952,47.7006,-122.197,1930,9906,12.962194625251508
3,2.5,1990,3600,0,7,1990,0,2004,47.3841,-122.041,1790,3600,12.644327576461329
3,1.75,1500,13891,0,7,1500,0,1951,47.5866,-122.175,2020,13891,13.263862939678027
3,2.5,2050,5694,2,8,2050,0,2004,47.5331,-121.855,2680,7187,13.032438669876342
4,2.0,1750,8116,0,5,1750,0,1943,47.5097,-122.181,1440,7865,12.203569515312056
4,2.5,3320,5034,0,7,3320,0,2006,47.4011,-122.164,2580,4950,12.92391243868049
4,2.5,2050,3784,0,8,2050,0,2001,47.7189,-122.181,2050,3366,13.199324418540456
4,2.0,2190,8402,0,6,2190,0,1928,47.6944,-122.175,2210,7802,13.199324418540456
4,1.5,1470,5850,0,7,810,660,1973,47.7,-122.129,1290,7300,12.962194625251508
4,1.5,1840,9009,0,7,1840,0,1965,47.406,-122.318,1390,8025,12.476099782743233
3,2.5,1690,4476,0,7,1690,0,2008,47.3663,-122.114,2250,4488,12.619836556453032
4,2.5,3540,18168,0,10,3540,0,1996,47.5441,-122.131,4130,11180,13.737549016494562
3,1.75,1160,8774,0,7,1160,0,1972,47.7159,-122.165,1990,7908,12.821258284620408
4,4.0,4270,6002,3,10,3180,1090,2004,47.5443,-121.994,4280,5942,14.077874822431765
5,1.5,1510,9078,0,7,1510,0,1959,47.4852,-122.305,1480,9078,12.421184025147118
4,2.0,2180,8800,0,7,1170,1010,1977,47.3676,-122.046,1630,8800,12.448822726483302
2,1.5,1300,7632,2,7,1300,0,1943,47.6134,-122.308,1420,1676,13.527828485512494
2,1.5,1220,8409,0,6,1220,0,1948,47.7534,-122.324,1130,8409,12.668233097314884
2,1.75,1728,95950,3,9,1728,0,2012,47.4579,-122.443,1720,35735,13.500799813124575
3,2.5,2830,5831,0,9,2830,0,2010,47.7744,-122.224,2830,6064,13.327750207129279
2,1.5,950,4625,0,7,950,0,1949,47.6912,-122.34,1440,4625,12.971540487669746
3,2.5,3080,7363,0,9,3080,0,2006,47.4473,-122.205,2860,5273,13.102160670086809
3,2.0,1850,9550,0,8,1850,0,1988,47.3225,-122.273,2250,9550,12.57418196709457
3,2.0,1600,10318,0,7,930,670,1941,47.7466,-122.347,1590,7040,12.86099861326992
3,1.75,1510,30185,0,7,1510,0,1976,47.4118,-122.089,1470,12465,12.676076274775909
3,1.0,1000,5454,0,7,1000,0,1954,47.7339,-122.337,1320,5250,12.254862809699606
4,2.5,3362,8601,0,8,3362,0,2004,47.2592,-122.304,2770,8601,12.92513120787462
3,1.0,970,9600,0,7,970,0,1972,47.4451,-121.768,1110,9600,12.396693005138824
3,2.5,1820,6785,0,7,1420,400,1994,47.3201,-122.177,1710,6055,12.409013489526863
3,1.75,2930,266587,0,8,2440,490,1995,47.6991,-121.947,2700,438213,13.217582643985264
4,2.25,2510,4090,0,8,1840,670,2012,47.7345,-121.967,2070,4090,12.92391243868049
5,2.75,2520,4643,0,8,2120,400,1916,47.6348,-122.301,2100,4564,13.9108207377686
3,1.0,960,4600,0,6,960,0,1927,47.5553,-122.286,1380,5175,13.033532163697712
6,2.5,2590,10890,0,7,1340,1250,1970,47.4126,-122.165,2474,10454,12.429216196844383
3,2.0,2005,7000,0,7,1605,400,1980,47.6039,-122.298,1750,4500,13.104199406776658
3,1.75,2080,12714,0,8,1540,540,1984,47.7056,-122.162,2080,12107,12.987230703412832
3,1.0,1500,3920,0,7,1000,500,1947,47.6718,-122.359,1640,4017,13.314635265051452
4,3.5,3770,37034,0,10,2830,940,1989,47.6463,-122.151,3200,36342,14.021711388548171
2,1.5,830,1276,0,7,830,0,2005,47.6175,-122.297,1540,1484,12.608198852372823
2,2.5,1260,1131,0,8,1260,0,2006,47.6715,-122.384,1490,2500,13.021437458814368
3,1.5,2840,10182,0,8,1510,1330,1951,47.524,-122.2,2210,9669,12.429216196844383
4,2.0,2660,3900,0,7,1480,1180,1923,47.6398,-122.306,2350,3900,13.694472229587218
3,1.75,1970,9135,0,7,1370,600,1961,47.7603,-122.215,1880,9650,13.038981768465277
5,2.5,3000,7912,0,9,1610,1390,2007,47.6765,-122.175,2700,7205,13.554145793829866
2,1.0,1250,4558,0,7,1250,0,1948,47.5318,-122.379,1180,4494,12.779873068457553
2,1.0,770,6450,0,6,770,0,1948,47.531,-122.358,780,6063,12.345834587905333
3,1.5,2790,6900,2,8,1700,1090,1955,47.7328,-122.288,2410,8100,13.235692062711331
4,3.25,4200,210394,0,10,4200,0,1993,47.5607,-121.961,2370,184694,14.316285845876763
4,2.25,2220,15232,0,9,1690,530,1978,47.7449,-122.103,2110,15280,13.047639831208393
4,1.75,1700,10642,0,7,850,850,1954,47.5674,-122.142,1610,11200,12.987688474077727
3,2.25,2990,216057,0,9,2990,0,1994,47.754,-121.942,2840,215622,13.122363377404328
3,2.5,1680,4308,0,7,1680,0,2004,47.4802,-122.179,2160,4182,12.757080058928997
3,1.0,1010,5490,0,6,1010,0,1954,47.4762,-122.293,1740,10658,11.884489021402711
4,1.75,1450,10074,0,7,1450,0,1966,47.4546,-122.182,1340,8023,12.644166273130065
3,2.5,3020,4120,0,9,2360,660,2008,47.5714,-122.373,2280,4120,13.560618308335483
3,1.0,1200,10080,0,7,1200,0,1969,47.3261,-122.135,1230,9800,12.133501952695338
3,2.25,1540,1270,0,7,1540,0,2014,47.6935,-122.341,1230,1454,13.016891744462095
3,1.75,1710,10950,0,7,1060,650,1967,47.4678,-121.745,1180,10950,12.577636201962656
2,2.5,2130,5001,0,8,1330,800,1972,47.6573,-122.399,1750,6000,13.468785944878709
4,1.0,1350,9000,0,7,1350,0,1964,47.6953,-122.332,1940,8000,12.971540487669746
2,2.0,2360,11340,0,9,2360,0,1997,47.5835,-122.227,3030,11340,13.899392041944976
3,2.0,1420,9828,0,7,1420,0,1990,47.3287,-122.011,1550,7227,12.394210587645569
3,2.5,2460,5400,0,8,1520,940,2001,47.5231,-122.202,1745,5400,13.047639831208393
3,1.5,1620,21929,0,7,1620,0,1990,47.767,-121.903,1600,21679,12.866179972011919
4,2.25,2120,8267,0,8,2120,0,1996,47.4885,-121.779,2150,7746,13.017002861746503
4,2.5,2714,12558,0,9,2714,0,2014,47.3522,-122.201,2873,8269,13.09237828431375
4,2.5,2330,4606,0,8,2330,0,2004,47.3934,-122.184,2330,5783,12.637855061955712
3,2.5,2430,88426,0,7,1570,860,1985,47.4828,-121.718,1560,56827,13.022543042122118
3,2.25,1590,926,0,8,1590,0,2014,47.5402,-122.387,1640,1321,13.091801071821688
2,1.0,1150,6098,0,7,950,200,1948,47.7259,-122.328,1790,8455,12.54966234992025
4,2.75,2390,9300,0,8,1430,960,1979,47.6035,-122.206,1910,9348,13.554309416806534
2,1.0,1510,4032,0,8,1310,200,1935,47.6371,-122.393,1700,4042,13.262125319779487
3,2.5,2670,10481,0,9,2670,0,2003,47.6673,-122.176,2620,8895,13.604789526648622
3,2.0,1460,3696,0,7,1460,0,2010,47.6861,-122.013,1720,3631,12.879366547511184
2,1.0,1640,14100,0,7,1140,500,1954,47.5712,-122.143,1520,13527,13.122363377404328
4,2.5,2105,6093,0,8,2105,0,2003,47.3531,-122.147,1930,8022,12.706847933442663
3,2.25,1370,1007,0,8,1330,40,2009,47.6682,-122.361,1570,1635,13.169246963303179
3,2.5,1910,11550,0,8,1910,0,2003,47.6213,-122.064,2230,11550,13.270783382522602
4,2.25,1310,8400,0,7,1310,0,1966,47.7317,-122.181,1600,8400,12.950388112664518
3,1.75,2110,10200,0,7,2110,0,1966,47.4744,-122.154,1800,10200,12.629688690847741
3,1.0,1450,7850,0,7,1450,0,1910,47.4299,-122.199,1360,10400,12.456831363877356
3,1.0,990,6750,0,6,990,0,1947,47.7125,-122.331,1440,6860,12.691580461311874
2,1.0,900,13531,0,6,900,0,1979,47.2616,-122.251,1767,8308,12.066810578196666
2,1.75,1570,1108,0,9,1570,0,2007,47.6215,-122.2,1940,1160,13.487006490992238
4,2.5,2590,6139,0,8,2590,0,2001,47.3883,-122.035,2410,6139,13.079455876393052
3,1.0,2150,7007,0,6,2150,0,1954,47.7615,-122.362,1720,9000,12.611537753638338
3,1.75,1670,24650,0,7,1670,0,1974,47.1764,-122.026,1810,19465,12.409013489526863
4,2.5,2560,5672,1,8,2560,0,2005,47.5222,-122.201,2190,6788,13.15773052124162
4,1.75,1610,11305,0,7,1610,0,1968,47.727,-122.176,1870,11850,12.823957341589573
4,2.25,2580,7344,0,8,2580,0,1977,47.5647,-122.09,2390,7507,13.284482226880764
3,2.5,1910,1501,0,8,1530,380,2007,47.6441,-122.385,1760,1750,13.279367126213993
2,1.0,920,10000,0,7,920,0,1981,47.6938,-122.21,1340,10000,13.22762388806182
4,2.5,2240,7540,0,8,1540,700,1962,47.6965,-122.308,1960,7250,13.390862630439337
4,1.75,1570,16697,2,7,1030,540,1981,47.671,-122.135,1560,9698,13.17115354157376
4,1.0,1680,4087,0,7,1680,0,1911,47.6667,-122.337,1740,3745,13.471610805514265
3,2.0,1500,8086,0,7,1060,440,1981,47.5584,-122.081,1550,8086,12.959844447906553
4,2.75,3488,9614,0,10,3488,0,1998,47.6055,-122.013,3600,10891,13.610943392223
3,1.0,1190,8450,0,6,1190,0,1961,47.4807,-122.157,1660,8450,12.674512552799726
3,1.75,2300,16474,0,7,1220,1080,1984,47.7609,-122.144,1940,15601,13.085699393032737
3,2.0,1190,4072,0,6,1190,0,1907,47.5276,-122.274,1680,5850,12.409013489526863
2,1.75,1280,6774,0,7,1280,0,1991,47.2925,-122.219,1450,7810,12.170445467887022
3,2.5,1710,8998,0,8,1710,0,1982,47.7236,-122.11,1710,9859,13.079455876393052
4,2.5,2150,39449,0,7,1420,730,1978,47.5531,-121.892,2010,35717,13.093963902882631
3,1.75,1010,8580,0,7,1010,0,1961,47.6703,-122.174,1500,8580,12.765688433465597
3,2.5,1800,5761,0,7,1800,0,1990,47.5293,-122.363,1800,5952,12.919512529357881
4,2.75,1930,3840,0,7,1170,760,1997,47.5303,-122.346,1610,3840,12.70076888736628
3,1.0,970,7854,0,7,970,0,1980,47.4899,-122.185,1480,7800,12.478006361013815
4,2.5,2620,10016,0,8,2620,0,1996,47.5295,-122.179,2620,10016,13.244581010128577
4,1.75,2250,8458,0,8,1450,800,1954,47.5235,-122.383,1950,7198,13.233904752137237
3,1.0,1060,8000,0,6,1060,0,1927,47.305,-122.218,1060,4697,11.982929094215963
3,1.75,1980,7000,0,8,1360,620,1977,47.4442,-122.129,1880,7200,12.70381302974751
3,2.5,3260,91911,0,9,3260,0,1984,47.737,-122.074,2520,65775,13.652991628466498
4,2.0,2600,9000,0,8,1410,1190,1959,47.381,-122.299,2600,7200,12.429216196844383
4,4.0,3010,7221,0,10,3010,0,2004,47.5833,-121.97,3490,7518,13.547631112808673
4,2.5,3290,5951,0,9,3290,0,2003,47.5999,-121.976,3240,6159,13.498056327178823
4,1.75,1730,7210,0,7,1010,720,1968,47.354,-122.315,1620,7210,12.543972434142573
7,4.0,3150,7800,0,8,3150,0,2013,47.5259,-122.279,1880,6000,13.017002861746503
3,2.75,3070,10739,0,10,2440,630,1987,47.6444,-122.191,3490,11913,13.81626027685482
3,2.0,1780,5720,0,7,980,800,1925,47.6794,-122.351,1620,5050,13.42984807715229
3,2.5,1330,1064,0,8,1330,0,2004,47.6835,-122.387,1330,1113,12.834681304952548
6,2.0,2800,29985,0,7,1400,1400,1954,47.4398,-122.08,1980,29985,12.911642346088676
4,1.75,2540,7620,3,8,1320,1220,1948,47.5709,-122.406,2540,8613,13.39239051461739
3,1.0,950,10080,0,7,950,0,1954,47.572,-122.139,1060,10000,12.983101310070822
3,1.5,2100,67269,0,7,1220,880,1949,47.7592,-122.23,1610,15999,13.081541382884074
4,2.0,1710,8814,0,7,1030,680,1975,47.395,-122.174,1710,7272,12.594730635321957
3,2.5,2590,4961,0,9,2590,0,1944,47.5271,-122.381,1230,4961,13.444446876573442
3,1.0,1370,56628,0,7,1370,0,1942,47.3058,-122.306,1768,8702,12.341477282536376
3,1.0,1100,4046,4,6,1100,0,1922,47.344,-122.331,2550,7847,12.796633237315017
3,1.5,1130,5413,0,7,940,190,1946,47.7021,-122.32,1400,7168,12.948009990259552
3,1.0,1470,7930,0,7,1070,400,1950,47.7013,-122.368,1440,8100,12.899094818276968
3,2.0,1750,2640,0,8,1010,740,1914,47.6419,-122.368,1750,4560,13.602626695587679
3,1.75,1150,7700,0,7,1150,0,1957,47.6048,-122.121,1650,8000,12.938320339712034
3,1.0,980,7200,0,7,980,0,1950,47.5718,-122.395,1180,6572,12.971540487669746
3,1.0,1200,16000,0,7,1200,0,1970,47.7452,-122.101,1960,15500,12.779873068457553
3,2.25,1930,3462,0,7,1930,0,2004,47.7453,-121.985,1930,2952,12.694652660348845
3,2.0,1460,3000,0,7,940,520,1990,47.682,-122.365,1460,3000,13.122207365235063
4,2.25,2240,9600,0,8,2240,0,1971,47.361,-122.281,2050,9240,12.699243334057444
3,3.0,2780,6000,0,9,2780,0,2013,47.5184,-121.886,2850,6000,13.345506928718539
2,1.0,760,6380,0,6,760,0,1941,47.6914,-122.31,1590,6380,12.798293907500158
3,2.5,2710,23292,4,9,2080,630,1956,47.7608,-122.374,2430,20000,13.81451005763069
3,1.75,1620,10000,0,6,1620,0,1918,47.5091,-122.262,1880,10000,12.896716695872
5,4.25,3920,5823,0,9,3000,920,2000,47.5492,-122.008,3000,5297,13.626164386233356
3,2.5,2770,9136,0,10,2770,0,1991,47.5605,-122.115,2890,8442,13.664687668229691
2,1.0,720,5600,0,7,720,0,1920,47.5641,-122.391,1330,5600,12.983101310070822
4,2.75,2190,14937,0,8,2190,0,1993,47.3535,-122.273,1920,11360,12.813934231807758
3,2.5,1670,22703,0,7,1310,360,1988,47.4708,-121.756,1510,16817,12.938200125731003
5,2.25,2480,12070,0,9,2480,0,1978,47.631,-122.052,2570,12000,13.329377546788654
4,2.5,2340,8990,0,8,2340,0,2003,47.3781,-122.03,2980,6718,12.65714826489039
2,2.25,2200,2043,0,9,1760,440,2007,47.6213,-122.2,2020,1957,13.764217263576723
4,2.5,2030,4080,0,8,1730,300,1921,47.6753,-122.311,1980,4080,13.500799813124575
3,1.5,1440,12040,0,7,1440,0,1959,47.3715,-122.16,1720,12040,12.443119102013375
3,2.0,1610,4364,0,8,1610,0,1996,47.5672,-122.004,2010,4364,13.017002861746503
4,3.25,2820,6611,0,7,1410,1410,1958,47.7473,-122.285,2320,6611,13.091904169919621
3,2.5,1560,5845,0,7,1560,0,2003,47.3851,-122.029,1860,5752,12.598114733306197
2,2.0,1450,989,0,9,1450,0,2014,47.6354,-122.346,1490,1240,13.42984807715229
4,2.75,2760,5670,0,10,2760,0,2014,47.5819,-122.047,2760,6600,13.649565766898307
1,1.0,1180,4000,2,8,840,340,1910,47.5561,-122.266,1420,4000,13.477236699396434
2,1.75,1440,5680,0,8,1440,0,1978,47.3825,-122.319,1320,3547,12.254862809699606
2,1.0,2180,9300,0,7,1090,1090,1947,47.7032,-122.371,1830,7378,13.102160670086809
3,1.0,1580,5250,0,7,1580,0,1954,47.4964,-122.168,1180,5940,12.611371073081239
5,1.0,1260,8382,0,7,1260,0,1918,47.5058,-122.355,910,8382,12.301382825334498
4,3.25,3450,11240,3,10,2430,1020,1960,47.4556,-122.372,2412,19499,13.849911984681606
4,3.5,4500,44384,0,12,3340,1160,1990,47.6323,-122.192,2540,26287,14.498607402670718
3,1.5,1540,11858,0,7,1540,0,1966,47.4755,-122.157,1550,11473,12.7868906411162
3,2.25,2190,8188,0,8,1810,380,1978,47.6883,-122.113,2190,8374,13.270783382522602
4,2.5,3430,10157,0,10,3430,0,2000,47.723,-122.158,3480,10157,13.514405465180353
3,3.0,2560,3600,0,10,2110,450,1994,47.633,-122.37,2160,3600,13.737549016494562
3,2.0,1450,9333,0,7,1450,0,1972,47.346,-122.315,1910,7701,12.409013489526863
3,1.75,2220,132858,0,7,1110,1110,1988,47.4853,-122.034,2130,77536,12.983101310070822
3,1.0,1210,7636,0,7,1210,0,1952,47.5377,-122.266,1530,5900,13.033532163697712
3,1.75,1370,8467,0,7,970,400,1972,47.6644,-122.145,1650,8472,13.038981768465277
3,1.75,1510,15744,0,7,1510,0,1985,47.476,-121.755,1470,15744,12.706847933442663
4,3.5,4200,14353,2,12,3640,560,1996,47.5331,-122.217,3750,16316,14.19394699368452
3,2.5,3410,13809,3,10,2450,960,1973,47.3424,-122.326,3410,14245,13.383187995686226
3,2.5,2420,6847,0,9,2420,0,2009,47.7329,-122.356,1180,8100,13.384650715836164
3,3.25,2170,12508,0,9,1650,520,1928,47.5665,-122.229,2720,21070,13.683863103898274
4,2.5,3230,7766,0,9,3230,0,2005,47.7069,-122.131,3740,8344,13.478638241321722
3,1.75,1630,1404,0,8,1020,610,2014,47.6646,-122.367,1420,1670,13.199324418540456
4,3.5,2710,5722,0,8,2040,670,1997,47.5591,-122.302,2500,5722,13.198398063680326
3,3.25,2460,4182,0,8,2100,360,1910,47.6782,-122.311,2370,4284,13.805460222110773
4,3.0,1830,9548,0,7,1830,0,1991,47.7379,-122.224,1740,9750,12.936033799212835
3,1.75,1610,7200,0,8,1090,520,1973,47.6279,-122.287,3790,7200,13.981448635507705
3,1.75,2030,13700,0,8,1630,400,1976,47.7726,-122.197,2120,11200,12.983101310070822
3,2.25,1840,11403,0,8,1840,0,1993,47.4862,-121.797,2150,11403,12.94084150078094
4,2.5,3460,9699,0,10,3460,0,1987,47.637,-122.04,3140,10631,13.523150895961383
4,2.5,2341,9594,0,9,2341,0,1997,47.6993,-122.115,2850,9421,13.369223455335854
3,1.0,860,33664,0,6,860,0,1955,47.295,-122.275,1290,18287,12.201708134895085
3,2.25,1980,7200,0,8,1300,680,1964,47.7625,-122.36,1820,8250,12.779873068457553
4,2.5,2520,3980,0,8,2520,0,2004,47.5399,-122.07,2580,3980,13.312983737012978
3,2.0,1150,700,0,7,800,350,2000,47.5552,-122.381,1060,1910,12.736700896592344
3,1.75,1210,4400,0,8,1210,0,1930,47.6621,-122.288,2020,3750,13.36138027787483
3,2.0,2240,11250,0,8,2240,0,1968,47.6371,-122.119,2200,12500,13.226723392728571
3,2.75,1890,3930,0,8,1890,0,1999,47.5337,-121.867,2100,4259,12.834681304952548
3,1.0,1810,7200,0,7,1130,680,1954,47.7493,-122.351,1810,8100,12.973863369085885
3,1.5,2480,9900,3,10,2130,350,1940,47.7018,-122.381,2860,9288,14.197365800433305
3,1.0,960,9633,0,6,960,0,1982,47.1951,-122.001,1080,8610,12.292250341771226
2,2.0,1100,3000,0,7,1100,0,1912,47.6797,-122.362,1390,4000,13.017002861746503
2,1.0,700,5829,0,6,700,0,1945,47.6958,-122.357,1160,6700,12.736700896592344
2,1.0,1450,3090,0,7,1450,0,1919,47.6853,-122.356,1450,4635,13.120361374733656
3,1.0,970,11963,0,6,970,0,1970,47.3776,-122.315,1210,11963,12.235388699864227
5,3.5,2160,2323,0,9,2160,0,2007,47.6726,-122.39,1750,4650,13.527828485512494
3,2.25,1590,11745,0,7,1090,500,1978,47.3553,-122.28,1540,12530,12.154779351142624
3,3.25,2200,2400,0,8,1740,460,1988,47.6325,-122.371,2200,3600,13.312983737012978
2,1.0,820,10270,0,7,820,0,1954,47.5119,-122.329,1670,10086,11.918390573078392
4,2.75,2470,7200,0,7,1350,1120,1940,47.5631,-122.317,1500,6000,13.17115354157376
5,1.75,1850,14800,0,6,1760,90,1937,47.4935,-122.321,1250,14800,12.66032791780777
3,1.0,1640,8100,0,6,1040,600,1939,47.482,-122.34,1600,8100,12.154779351142624
4,2.5,2590,7891,0,9,2590,0,2006,47.5055,-122.194,1400,7891,13.180632285528304
5,2.5,2570,17234,0,7,1300,1270,1959,47.7753,-122.355,1760,7969,12.524526376648708
4,3.5,3600,5697,0,9,2940,660,2014,47.5755,-122.071,3490,5911,13.676840269518083
4,2.5,2480,176418,3,8,2480,0,1927,47.1941,-122.038,1640,112384,13.056223574899784
4,2.75,2140,10316,0,8,2140,0,1993,47.3537,-122.274,1920,11337,12.79246945614324
3,2.0,1320,7625,0,7,1320,0,1987,47.3635,-122.045,1420,7500,12.154779351142624
2,1.0,710,4000,0,6,710,0,1909,47.5535,-122.269,960,4000,12.800398991140991
4,2.5,2130,4000,0,8,2130,0,2014,47.5108,-122.362,1830,7217,12.8790171187726
4,2.5,3190,4980,0,9,3190,0,2005,47.3657,-122.034,2830,6720,12.945626198904275
4,3.25,3900,40962,0,10,3900,0,1991,47.683,-122.063,1730,11775,13.567049198665774
2,1.75,1170,4887,0,6,1020,150,1929,47.695,-122.366,1170,5441,13.036805489042683
1,1.0,710,6000,0,6,710,0,2015,47.5756,-122.316,1440,4800,12.861504978551874
3,1.0,1180,8240,0,7,1180,0,1967,47.3325,-122.321,1180,7840,12.230765258120545
2,1.0,930,5760,0,6,730,200,1917,47.5598,-122.266,1970,5760,13.08049917330563
4,2.25,2230,6791,0,8,2230,0,2005,47.3769,-122.028,2420,6297,12.736700896592344
3,2.5,1890,10190,0,8,1890,0,1986,47.6478,-122.061,2080,9794,13.102160670086809
3,1.0,1150,6800,0,7,1150,0,1954,47.727,-122.339,1210,6800,12.92513120787462
4,3.5,3080,5250,0,9,3080,0,2003,47.5992,-121.972,2980,5509,13.560618308335483
4,1.75,2740,8520,2,8,1370,1370,1954,47.5445,-122.263,2740,9286,13.395439297466748
4,2.75,3160,37200,3,8,2310,850,1939,47.7214,-122.285,3130,20000,13.7557605535585
4,1.5,2820,4000,0,7,2820,0,1911,47.6638,-122.348,1470,1627,13.36138027787483
3,2.5,1530,3840,0,8,1530,0,1994,47.5691,-122.007,1720,3985,13.016891744462095
4,3.0,2400,3340,0,7,1200,1200,1964,47.6646,-122.365,1520,3758,13.422467969854667
2,2.0,1494,19271,4,7,1494,0,1943,47.4728,-122.497,1494,43583,13.049792684569493
3,3.5,3220,3960,4,10,2760,460,1991,47.5909,-122.384,3080,4444,14.04662227892766
4,3.25,3440,4920,4,10,2520,920,2014,47.5727,-122.409,2350,5166,14.111904571018076
3,2.5,1970,3655,0,7,1970,0,2003,47.7453,-121.984,1970,2952,12.765688433465597
3,1.5,1580,3172,0,8,900,680,1946,47.6796,-122.393,1580,5000,13.17020070681849
4,3.0,3110,4408,3,10,2510,600,1931,47.6583,-122.27,3250,5669,14.162640089059476
3,2.5,2610,7256,0,9,2610,0,2014,47.695,-122.18,2610,7206,13.534406800872615
2,1.0,1060,10423,0,7,1060,0,1965,47.705,-122.313,2240,10200,12.301382825334498
3,1.75,1830,4160,0,7,1230,600,1919,47.5962,-122.288,1950,4160,13.373044271711628
5,2.25,1950,8086,0,7,1130,820,1980,47.3179,-122.331,1670,8550,12.478006361013815
3,2.5,1850,1499,0,9,1790,60,2005,47.6475,-122.396,1770,1539,13.190022025878143
5,2.5,2500,13034,0,7,1300,1200,1962,47.3343,-122.194,2440,13300,12.685407602204794
4,2.5,2490,5647,0,8,2490,0,2014,47.7043,-122.114,2970,5450,13.565744501764955
5,2.5,2200,4080,0,7,1420,780,1916,47.6872,-122.35,1300,4080,13.212204081404119
2,1.0,840,7200,0,5,840,0,1907,47.3769,-122.237,1030,7200,12.216022976383341
3,1.0,1330,77972,0,7,1330,0,1928,47.6891,-122.159,1340,17689,13.710150042306449
4,1.75,1620,4240,0,7,1620,0,1916,47.5746,-122.311,1450,4240,13.1470559899947
2,1.0,1010,3885,0,7,1010,0,1906,47.6224,-122.304,1770,4200,13.122363377404328
6,2.75,4710,11000,3,10,3690,1020,1931,47.6622,-122.272,2950,5300,14.594835434765272
4,2.5,2200,10800,0,8,1500,700,1964,47.7711,-122.288,2280,10800,13.032438669876342
4,2.25,2240,12650,0,8,1730,510,1981,47.4777,-122.142,2150,12650,12.936033799212835
4,1.75,2190,9752,0,8,2190,0,1964,47.7108,-122.239,2040,9964,13.017002861746503
4,2.5,3320,7429,0,9,3320,0,2014,47.7189,-122.225,1840,7429,13.592304504696857
3,1.0,1060,12000,0,7,1060,0,1952,47.7703,-122.35,1550,10500,12.89921982609012
4,3.0,3280,62726,0,7,3280,0,1979,47.7509,-122.056,3210,73616,13.034624463096321
4,3.5,2770,10505,0,8,2770,0,1940,47.7412,-122.355,1760,10505,12.560244459250788
3,2.5,2510,5320,0,8,2510,0,2005,47.5374,-122.357,1820,5736,12.886641043883259
3,3.0,1530,9997,0,6,1020,510,1992,47.2861,-122.252,1410,9997,11.944707881395766
3,1.75,1800,7199,0,7,1300,500,1972,47.7264,-122.307,1800,8100,13.122363377404328
5,2.5,1740,8750,0,7,1740,0,1959,47.3904,-122.299,1740,8750,12.205822614274965
2,1.5,1490,4080,0,7,930,560,1956,47.5344,-122.381,1320,4080,12.871977089696244
4,1.75,1720,8750,0,7,860,860,1971,47.726,-122.21,1790,8750,12.86099861326992
4,1.75,1900,22896,0,7,1360,540,1922,47.3102,-122.023,1300,8960,12.456831363877356
5,3.25,2480,10277,0,8,1640,840,1993,47.7726,-122.286,2270,10277,13.17115354157376
4,2.75,2730,3560,0,8,1550,1180,1921,47.6737,-122.304,1860,3560,13.693342923990066
3,3.0,2540,18900,0,7,1580,960,1978,47.754,-122.144,2270,16000,13.071070083016778
4,2.5,2620,5457,0,8,2620,0,2003,47.3148,-122.27,2740,5816,12.68075282265981
3,1.75,2280,77972,0,8,1460,820,1977,47.4804,-122.151,2460,14430,13.527428405491154
3,1.0,1740,10875,0,7,1020,720,1962,47.4682,-122.283,1470,8532,12.495003937382387
3,1.5,1370,8671,0,7,1370,0,1955,47.6217,-122.198,1580,8671,13.610943392223
3,1.75,1850,9655,0,7,1100,750,1959,47.7358,-122.319,1480,8683,12.829333698625952
4,3.0,4750,21701,0,11,4750,0,1976,47.6454,-122.218,3120,18551,14.592539222504922
3,2.75,1710,3600,0,7,1590,120,1909,47.642,-122.36,1710,3600,13.262125319779487
4,1.5,1310,8250,0,7,1060,250,1953,47.425,-122.332,1260,8255,12.434004713576181
3,2.0,1880,3048,0,7,1880,0,1902,47.6031,-122.303,1680,3600,13.016891744462095
3,2.0,2400,217800,0,8,1590,810,1975,47.4166,-121.94,2340,207781,13.317930160948304
3,1.0,1320,7200,0,7,1320,0,1959,47.5048,-122.19,1720,7249,12.611537753638338
4,2.5,2770,9532,0,9,2770,0,1988,47.5688,-122.012,2770,9219,13.474427708785377
3,1.75,1300,7958,0,7,1300,0,1996,47.3162,-122.194,1640,8698,12.409421569516203
4,1.75,1880,9880,0,8,1880,0,1967,47.4551,-122.151,1880,9600,12.71589776896258
4,2.75,2720,4000,2,8,1840,880,1928,47.6797,-122.359,1600,4000,13.875664480784021
4,2.5,2510,6853,2,9,2510,0,2006,47.3547,-122.003,3400,6965,13.012548511397123
4,2.75,3280,6845,0,10,3280,0,2003,47.7042,-122.107,3280,7467,13.506945274596069
5,3.0,3190,7081,2,9,1890,1300,2013,47.509,-122.24,2270,7623,13.40746712884131
2,1.0,720,5160,0,6,720,0,1949,47.5274,-122.357,990,5160,12.423198124518821
3,2.0,1990,3000,2,8,1430,560,1927,47.5891,-122.293,1780,5000,13.335860551666734
5,4.5,4440,9784,0,10,4440,0,2012,47.4702,-122.275,2720,10080,13.304684934198283
3,2.5,1800,5001,0,7,1800,0,1996,47.7126,-122.231,2106,5618,13.151922179645874
2,1.0,1080,6250,2,7,1080,0,1942,47.5128,-122.251,2100,6875,12.637855061955712
3,2.25,2170,5001,0,8,2170,0,2014,47.6937,-122.338,1700,6991,13.594863886848652
4,2.25,2800,10800,0,8,1680,1120,1977,47.7448,-122.177,2260,9800,13.102160670086809
3,2.5,2570,4600,0,8,2570,0,2014,47.2582,-122.196,2570,5000,12.736671484395103
4,1.5,1980,113691,0,7,1980,0,1962,47.5606,-121.853,1980,89298,12.89921982609012
4,2.0,2320,7400,0,7,1620,700,1913,47.5558,-122.269,1740,4000,13.409900439342593
4,2.25,2220,130244,0,8,2220,0,1989,47.4989,-121.9,2680,130680,13.388566418178986
4,1.0,1390,18000,0,7,1390,0,1955,47.3885,-122.284,1390,18000,12.363076394339839
4,2.5,3980,16304,1,10,2480,1500,1968,47.639,-122.21,3980,16304,14.274516433000468
3,2.5,1940,10350,0,7,1420,520,1979,47.3385,-122.256,1810,7800,12.594730635321957
2,1.5,1480,9660,0,7,1480,0,1949,47.4577,-122.289,1990,9660,12.449018824140563
3,2.25,1370,1524,0,8,1370,0,2005,47.6982,-122.347,1370,1418,12.779873068457553
2,1.5,1300,1229,0,8,1160,140,2000,47.6727,-122.375,1430,1255,13.085699393032737
6,3.25,4440,17424,1,9,2220,2220,1959,47.5791,-122.23,2660,10768,13.773646353865574
4,2.5,2689,6688,0,9,2689,0,2006,47.3803,-122.184,2665,5700,12.959844447906553
3,2.5,2550,5100,0,9,2550,0,2014,47.6757,-122.326,1250,4080,13.906264921232738
4,2.5,2070,4427,0,7,2070,0,2007,47.5208,-121.869,2070,4556,12.959844447906553
4,2.5,1811,4381,0,8,1811,0,2007,47.454,-122.19,1811,4150,12.468436909997665
4,3.5,3640,6049,0,9,3640,0,2014,47.7049,-122.125,3590,6104,13.7525707581904
5,1.75,2240,4750,0,7,1120,1120,1920,47.6727,-122.293,1980,4750,13.36138027787483
2,1.0,1790,3760,0,8,1490,300,1912,47.5926,-122.293,1458,3760,13.253391639810733
3,1.75,1490,8357,0,7,1490,0,1993,47.3473,-122.037,1490,7376,12.469397986477215
3,1.5,1770,30689,4,9,1770,0,1953,47.7648,-122.37,2650,30280,13.499429010990795
4,2.5,2150,27540,0,8,2150,0,1997,47.637,-121.969,2150,27540,13.217673557208654
3,2.5,2700,5764,0,9,2700,0,2014,47.5618,-122.027,3270,14700,13.561778924882042
3,2.0,1340,5670,0,6,1340,0,1994,47.4498,-122.194,1290,4892,12.437184366493561
4,2.0,1650,7200,0,7,1650,0,1964,47.7543,-122.344,1410,7200,12.594730635321957
3,3.0,2340,2970,0,8,2160,180,1925,47.6868,-122.348,1370,4000,13.399995114002609
3,1.75,2720,149410,0,9,2720,0,1988,47.7092,-121.892,2560,149410,13.190022025878143
3,1.5,1510,16800,0,8,1510,0,1956,47.751,-122.338,1560,7276,12.936033799212835
3,2.0,1430,9583,0,7,1430,0,1964,47.7206,-122.197,1890,11100,13.023647404465171
4,1.75,1720,10137,0,7,1720,0,1956,47.4424,-122.276,1350,10205,12.367340793126296
3,2.5,2260,19821,0,9,2260,0,1994,47.448,-122.088,2750,22718,13.10011776845701
6,2.5,2560,8320,0,7,1370,1190,1961,47.7021,-122.287,2360,7800,13.356644673128994
4,2.25,2510,31584,0,9,2510,0,1979,47.6153,-122.054,2510,39221,13.312983737012978
3,2.0,1640,4714,0,8,1640,0,2009,47.3539,-122.021,1770,4802,12.765545566117686
2,2.0,1170,8251,0,7,1170,0,1941,47.6873,-122.291,1360,6798,12.883649231099161
3,1.75,2580,11000,0,7,1290,1290,1951,47.5646,-122.181,2280,17643,13.038764353528014
2,1.0,1280,5250,0,7,1140,140,1942,47.5258,-122.377,1050,5250,12.765688433465597
3,3.5,2490,2722,0,8,2020,470,1999,47.5893,-122.165,2490,2755,13.33254326232668
3,2.75,2680,20104,0,9,1820,860,1964,47.6304,-122.234,3060,19837,14.093142294562554
4,1.0,1880,6288,0,7,1120,760,1974,47.5101,-122.259,1880,6334,12.542544882151386
4,2.5,3030,47958,0,8,1660,1370,1980,47.4598,-122.004,2740,36017,13.049792684569493
3,1.0,1240,4800,0,7,800,440,1951,47.6563,-122.353,1440,4800,13.17115354157376
3,1.5,1200,3060,0,7,1060,140,1910,47.679,-122.315,1410,3060,13.081541382884074
2,2.25,1100,1114,0,8,900,200,2009,47.6199,-122.304,1230,1800,13.260384675301703
3,2.25,1490,8722,0,7,1490,0,1997,47.3648,-122.185,1510,8061,12.345834587905333
4,2.25,2640,3000,0,7,2080,560,1908,47.6313,-122.344,1910,3000,14.250534468313983
4,4.25,4720,21000,4,11,4720,0,1971,47.7591,-122.376,3010,20000,14.237504968023648
4,2.5,2430,5959,0,8,2430,0,2002,47.3348,-122.19,2100,5414,12.628067055589549
4,2.5,1700,6380,0,7,850,850,1940,47.6988,-122.319,1380,6380,12.983101310070822
3,2.5,2370,5321,0,8,2370,0,2014,47.37,-122.019,2370,4357,12.894448461211228
3,1.75,1810,7300,0,7,1240,570,1976,47.7299,-122.192,1460,7560,12.971540487669746
4,2.5,2009,4800,0,8,2009,0,2012,47.2586,-122.2,1798,4800,12.538967060803502
3,1.5,1340,6000,0,7,1340,0,1960,47.5866,-122.25,1590,9000,13.217673557208654
4,2.5,3180,15358,0,9,3180,0,1988,47.5172,-122.053,3020,15522,13.560618308335483
4,2.0,1730,3884,0,7,1060,670,1924,47.6624,-122.349,1360,3563,13.251635713108469
3,2.0,1540,1827,0,8,1540,0,2005,47.5479,-121.998,1540,1827,12.904207367601158
4,2.0,1630,1724,0,6,1030,600,1915,47.6472,-122.362,1780,3810,13.14020329553266
4,1.0,1330,9715,0,7,970,360,1957,47.6038,-122.122,1590,8400,13.035606513478047
4,2.5,2080,7047,0,8,2080,0,1996,47.2627,-122.215,2580,7227,12.706241689107635
4,2.75,2250,3433,0,8,1500,750,1927,47.6382,-122.307,1970,3484,13.864300722133706
5,3.5,3700,7055,0,9,3700,0,2014,47.5929,-122.057,3170,6527,13.6989205603549
4,1.5,1220,4900,0,6,1220,0,1942,47.5292,-122.269,1410,3000,12.429216196844383
3,2.5,1760,7601,0,8,1760,0,1992,47.2672,-122.313,1920,6851,12.546109948315882
3,1.75,2430,4524,0,7,1830,600,1924,47.674,-122.35,1610,4100,13.567049198665774
5,3.25,4610,10576,3,11,3310,1300,2006,47.5373,-122.07,4042,8321,13.997832114758229
3,1.75,1780,10409,0,7,1280,500,1981,47.4627,-122.168,1780,7415,12.742566016044742
4,2.5,2520,13156,0,8,1520,1000,1979,47.6558,-122.135,2050,10940,13.244581010128577
4,2.0,1630,7618,0,7,1630,0,1967,47.3658,-122.317,1320,8774,12.577636201962656
5,1.75,1680,8400,0,7,1680,0,1979,47.3035,-122.307,1800,8550,12.072541252905651
4,4.25,3500,8750,4,9,2140,1360,1951,47.7222,-122.367,3110,8750,13.8878312195439
3,2.75,2340,12282,2,8,1470,870,1978,47.7379,-122.289,2640,8887,12.611537753638338
3,1.75,1620,8438,0,8,1620,0,1961,47.703,-122.281,2040,9450,13.216764052825813
4,3.5,3915,6364,0,9,3915,0,2014,47.6844,-122.016,3830,6507,13.778836200094895
4,2.75,3160,8429,3,7,1620,1540,1982,47.511,-122.251,1760,6780,13.221303325259232
3,1.75,1190,4500,0,6,1190,0,1922,47.5576,-122.388,1820,4500,13.151922179645874
3,2.25,1460,941,0,8,1460,0,2006,47.7145,-122.356,1490,1399,12.727838209334498
4,1.75,2620,11041,0,9,2620,0,1962,47.5975,-122.174,2230,11041,13.487006490992238
4,2.75,2950,4560,0,7,1810,1140,1912,47.6525,-122.333,2000,4560,13.85952744338105
3,1.5,1120,8366,0,7,1120,0,1968,47.3632,-122.11,1260,9000,12.230765258120545
3,2.5,2360,8093,0,8,2360,0,1995,47.3257,-122.17,1860,6762,12.736697955411548
2,1.75,1900,5175,0,7,1200,700,1919,47.5689,-122.386,1370,5175,13.197470849891134
4,2.5,2180,10140,0,7,1180,1000,1968,47.6822,-122.111,1840,9375,13.199324418540456
3,2.5,1800,2516,0,7,1800,0,2001,47.5401,-122.293,1800,2562,12.560244459250788
4,1.75,2470,131790,2,8,2470,0,1937,47.4421,-122.444,1470,92747,13.279367126213993
3,2.5,1630,2844,0,7,1630,0,2003,47.5413,-122.288,1610,2582,12.70972258554707
3,2.5,1270,1283,0,7,1270,0,2007,47.7209,-122.291,1270,1512,12.584509081250419
4,2.75,2180,8475,0,7,1330,850,1987,47.4045,-122.174,1500,7140,12.538967060803502
4,2.5,3030,8507,0,9,3030,0,2003,47.6675,-122.176,2570,8830,13.71236979904476
3,1.0,1100,9750,0,7,1100,0,1966,47.3248,-122.345,1190,9750,12.167851432709975
2,1.0,950,3060,0,6,810,140,1925,47.6698,-122.323,1510,3780,13.102160670086809
3,2.5,1350,874,0,8,1270,80,2006,47.5491,-122.387,1350,886,12.871334622600584
6,2.0,2350,6554,1,8,2000,350,1905,47.5115,-122.256,1560,6554,12.89921982609012
3,1.75,1640,4590,0,7,1640,0,1951,47.6846,-122.294,1760,5100,13.458835614025542
4,1.75,2010,8625,0,7,1340,670,1957,47.7496,-122.355,1500,8400,12.804909146618877
4,1.75,1530,17664,0,7,1530,0,1968,47.4549,-122.155,1530,11625,12.618182296357007
5,2.5,3220,5806,0,8,3220,0,2002,47.3714,-122.103,2760,5813,12.779873068457553
4,2.5,2980,8786,0,8,2980,0,2003,47.378,-122.03,2980,6718,12.854483932248728
4,2.5,2030,9905,0,8,2030,0,1959,47.5518,-122.184,2130,10008,13.339086360915616
3,2.0,2290,16258,0,8,2290,0,1960,47.4672,-122.165,1660,10530,13.017002861746503
4,2.5,2230,5500,0,7,2230,0,1999,47.3533,-122.023,1910,5500,12.721736545936414
2,1.0,910,4500,0,7,910,0,1906,47.5633,-122.289,1270,3500,12.765688433465597
2,1.0,740,4275,0,6,740,0,1924,47.688,-122.308,1900,4275,12.881055855462447
5,4.5,4270,8076,0,11,3400,870,2007,47.699,-122.206,4100,10631,14.242410946792504
4,2.5,2720,7697,0,8,2120,600,1987,47.4391,-122.161,2340,7700,12.759957758756611
4,2.75,2400,3844,0,7,1200,1200,1974,47.7027,-122.347,1100,3844,12.90793176669214
3,1.5,980,7790,0,7,980,0,1969,47.7141,-122.213,1390,7280,12.765688433465597
3,3.25,4330,14600,0,10,3630,700,1985,47.6341,-122.044,3220,12672,13.49088783770021
4,2.5,1970,7098,0,7,1970,0,2007,47.3576,-122.058,1970,5361,12.758519943986984
2,1.0,880,6345,0,7,880,0,1919,47.5341,-122.358,1440,6345,12.652359748158593
3,2.5,2320,15024,0,8,2320,0,1990,47.4829,-121.766,2300,15145,13.011431816697048
3,1.0,1510,4178,0,8,1510,0,1902,47.6849,-122.335,2140,4916,13.591116224748411
4,2.5,2330,7064,0,8,1780,550,1984,47.6955,-122.097,1740,8075,13.296316684527767
3,2.5,2460,6600,0,8,1560,900,1929,47.6364,-122.351,2090,3400,13.744014556259204
4,3.5,2260,30250,0,7,2260,0,2013,47.4493,-122.281,1270,16350,12.89971970113177
3,1.75,1610,10229,0,8,1610,0,1961,47.553,-122.174,2270,8800,13.381645975334411
4,2.0,2580,4500,0,9,1850,730,1905,47.6245,-122.316,2590,4100,13.748301808270824
4,1.5,1540,7300,0,7,1540,0,1973,47.3317,-122.276,1580,7650,12.468436909997665
3,1.75,1870,8250,0,7,1870,0,1956,47.445,-122.285,1350,8714,12.779873068457553
3,1.75,1930,7210,0,7,1110,820,1975,47.735,-122.174,1870,7877,12.981951223687584
4,1.75,1500,11600,0,7,1000,500,1955,47.7373,-122.241,1740,11600,12.847663339175718
4,1.75,2160,39430,0,8,1660,500,1974,47.6378,-122.185,2430,35329,13.531820506782031
4,2.75,2140,4000,0,7,1190,950,1951,47.6792,-122.287,2140,4770,13.345506928718539
4,2.5,3220,8379,0,10,3220,0,2004,47.7043,-122.192,2720,7635,13.525158256956614
3,2.5,2450,19744,0,10,2450,0,1990,47.3746,-122.026,2650,19597,13.017002861746503
4,1.75,1700,6000,0,7,1700,0,1967,47.3252,-122.208,1280,6000,11.911030218672101
3,1.75,1480,7700,0,8,1480,0,1975,47.7225,-122.202,1930,8560,12.886641043883259
5,2.5,3440,12350,2,9,1760,1680,1976,47.3427,-122.325,3440,12763,13.215853720491667
3,1.75,1420,8250,0,7,1420,0,1954,47.7535,-122.354,1740,8000,12.487485104968359
3,2.5,2450,4332,0,8,2450,0,2010,47.6942,-122.016,2450,4154,13.399995114002609
4,2.5,2620,8960,0,7,1520,1100,1955,47.7642,-122.335,1880,8960,12.911642346088676
3,2.5,3370,36218,0,9,3370,0,1988,47.5855,-121.987,2980,31793,13.458764182902971
3,2.5,2510,4600,2,10,2510,0,2006,47.7051,-122.223,2560,7500,13.985253332551368
3,3.5,1570,1486,0,8,1330,240,2000,47.652,-122.384,1610,1486,13.110290796170059
7,4.0,3440,8100,0,7,3440,0,1970,47.6981,-122.349,1420,1560,13.217673557208654
3,1.5,2440,7200,0,7,2440,0,1949,47.5604,-122.274,1920,6900,13.217673557208654
4,2.0,1520,6200,0,7,1520,0,1945,47.678,-122.269,1910,6200,13.369223455335854
3,1.5,1550,7260,0,6,1550,0,1925,47.4693,-122.349,1190,7620,12.65395846952229
4,2.5,3010,9000,0,8,3010,0,2008,47.4987,-122.147,3250,5531,13.180632285528304
4,1.0,1680,5043,0,6,1680,0,1911,47.5354,-122.273,1560,5765,12.81134443958811
5,2.0,3370,5000,0,7,2140,1230,1907,47.6373,-122.35,1920,3200,13.543701834668783
3,2.25,3060,12095,0,10,3060,0,1983,47.5611,-122.106,3060,11455,13.664687668229691
5,2.25,2640,14959,0,7,1770,870,1929,47.6191,-122.234,3240,17904,14.150553201775892
4,2.5,2650,18903,0,11,2650,0,1994,47.5761,-121.989,3270,18843,13.521139497361697
4,3.0,1780,4228,0,7,1780,0,1953,47.5488,-122.287,1730,5304,12.765688433465597
3,2.5,2150,7484,0,8,2150,0,1988,47.6191,-122.043,2150,6879,13.270783382522602
5,4.25,5040,9466,0,11,5040,0,2004,47.5282,-122.133,4300,9417,14.065490763232043
3,1.75,1370,9900,0,7,1370,0,1983,47.2575,-122.312,1490,9600,12.676076274775909
3,1.5,1800,12196,0,7,1800,0,1966,47.333,-122.345,1490,11730,12.628067055589549
5,1.0,1500,9282,0,6,1500,0,1966,47.4702,-122.281,1520,9639,12.367340793126296
4,1.75,1960,7945,0,7,980,980,1946,47.7326,-122.291,1290,7945,12.886641043883259
3,2.5,2780,275033,0,10,2780,0,2006,47.4496,-121.766,1680,16340,13.764217263576723
2,1.0,980,3663,0,7,980,0,1909,47.6645,-122.288,1620,3706,13.262125319779487
3,2.5,2430,7613,0,8,2430,0,1986,47.4383,-122.135,2440,8342,12.858918529316593
2,1.75,2070,23160,0,7,1260,810,1946,47.6551,-122.394,1690,5458,13.265597545490236
3,1.0,1380,7282,0,6,1380,0,1915,47.3006,-122.223,860,4826,12.14950229404178
4,1.5,1920,6000,1,7,1920,0,1951,47.4029,-122.321,1920,6000,12.91410843858387
2,1.0,900,28800,0,6,900,0,1928,47.5245,-121.822,1360,7200,12.367340793126296
2,1.0,910,4725,0,7,910,0,1949,47.676,-122.281,1600,5200,13.151922179645874
2,1.0,1220,75794,0,7,1220,0,1963,47.4219,-122.007,2010,98010,12.611537753638338
3,2.5,3545,9816,0,10,2610,935,2005,47.5534,-122.078,3630,7704,13.845069360205818
3,2.25,1740,9370,0,7,1390,350,1992,47.391,-122.316,1740,7555,12.577463773304586
3,1.75,1630,5999,0,7,1630,0,1985,47.3816,-122.313,1540,7500,12.487485104968359
3,1.75,1460,10128,0,8,1460,0,1968,47.6709,-122.167,2240,10154,13.30718181439687
3,2.25,3070,9645,0,10,2110,960,1987,47.5522,-122.144,3130,9450,13.993656743347747
3,1.75,1300,3844,0,7,1300,0,1985,47.7024,-122.355,1290,3844,12.818551923022664
4,2.75,1830,3420,0,8,1830,0,2012,47.366,-122.308,1813,3420,12.505436222755792
3,1.75,2130,7500,0,7,1090,1040,1956,47.4593,-122.343,1590,7500,12.765688433465597
3,2.0,1440,7210,0,8,1440,0,1983,47.3128,-122.184,1700,7245,12.254862809699606
2,1.0,1200,4880,0,6,980,220,1943,47.5276,-122.346,1040,4880,12.409013489526863
3,1.75,2080,5687,0,8,2080,0,1924,47.5776,-122.289,2300,5995,13.45166712454693
2,1.0,720,7200,0,6,720,0,1943,47.4763,-122.177,970,8027,12.201060103706629
4,2.75,4250,10925,0,10,4250,0,2003,47.5297,-122.14,4650,11544,14.004476657476898
4,2.25,2880,8882,0,8,2480,400,1965,47.6999,-122.284,2460,9610,13.493926933836812
4,2.5,2547,4800,0,9,2547,0,2014,47.2592,-122.194,2598,4800,12.880138938277327
3,1.75,2280,7800,3,8,1360,920,1941,47.6985,-122.387,2280,5200,13.527828485512494
3,1.75,1690,8190,0,8,1690,0,1958,47.5857,-122.172,1840,8705,13.180632285528304
5,3.25,3400,4499,0,8,2740,660,2005,47.5385,-121.88,3400,6163,13.142166004700508
0,0.0,4810,28008,0,12,4810,0,1990,47.6642,-122.069,4740,35061,14.074523057692726
4,3.5,4540,19767,0,11,4200,340,1998,47.5445,-122.137,3990,12881,13.955272500339433
4,3.5,4220,196817,0,10,4220,0,1993,47.2642,-122.187,2500,195395,13.592304504696857
2,2.75,2810,11205,0,7,1510,1300,1968,47.4869,-122.243,2520,13000,13.017002861746503
3,2.5,1730,1301,0,9,1730,0,2011,47.653,-122.352,1330,1240,13.345506928718539
4,2.5,2820,6120,0,9,2820,0,2014,47.6911,-122.293,1510,6120,13.706811141040934
4,2.25,1920,9660,0,8,1920,0,1968,47.4544,-122.143,1890,7800,12.827992316801751
5,3.25,3920,4832,0,9,3030,890,2014,47.5202,-121.885,2660,4832,13.331326865144705
2,1.75,1460,426450,0,7,960,500,1966,47.2079,-121.967,1810,17350,12.875183248261878
2,2.5,1140,1182,0,8,1140,0,2007,47.6713,-122.383,1290,1189,12.959844447906553
3,2.25,1650,7218,0,7,1230,420,1985,47.7237,-122.335,1690,7459,12.791077667470416
2,1.0,1080,3500,3,7,1080,0,1924,47.6667,-122.356,1790,4000,13.17115354157376
3,1.0,1100,7650,0,7,1100,0,1952,47.7219,-122.354,1430,7650,12.8802918162046
3,1.75,1760,8266,0,7,1760,0,1954,47.7708,-122.339,1400,8519,13.016780614829264
3,1.5,1480,1722,0,7,1480,0,2007,47.728,-122.292,1480,5764,12.672946381766982
4,4.25,5180,13077,3,12,4280,900,1998,47.5513,-122.109,5030,15069,14.212943494375175
3,2.5,3030,30007,0,10,3030,0,1992,47.743,-122.036,3360,34983,13.550176889176255
5,3.5,2800,5120,0,9,2800,0,1903,47.6059,-122.31,1780,5120,12.753037315912037
3,2.0,930,11475,0,7,930,0,1978,47.4644,-121.745,1280,11250,12.449018824140563
2,2.0,1540,6804,0,7,1020,520,1942,47.7044,-122.372,1380,6930,13.275084464421992
4,1.75,2600,11325,0,7,1610,990,1969,47.3954,-122.206,1720,11088,12.627739132976346
5,3.5,2720,7598,0,8,1860,860,1993,47.6931,-122.283,2430,7728,13.444446876573442
3,1.75,2000,7480,0,8,1320,680,1972,47.7734,-122.359,2000,8610,12.92391243868049
3,1.75,1720,223377,0,7,1240,480,1950,47.7329,-121.92,2530,221442,12.994416363073707
3,2.25,1750,15528,0,8,1270,480,1963,47.7739,-122.274,2170,12000,12.853175887588712
4,1.5,1580,8468,0,7,1580,0,1971,47.3336,-122.281,1580,8260,12.487485104968359
4,2.5,2930,8679,0,8,2930,0,2014,47.5164,-122.19,2030,7264,13.36138027787483
3,2.5,2480,8676,0,8,2480,0,1989,47.53,-122.172,2540,9496,13.226723392728571
5,4.25,3920,11412,0,7,3920,0,1955,47.5766,-122.151,1400,9750,13.385496576934697
4,2.0,1350,7255,0,7,1350,0,1959,47.7287,-122.31,1050,7288,12.89921982609012
3,2.5,1740,5267,0,7,1740,0,1999,47.3777,-122.023,2180,5000,12.721885810807203
5,4.0,4690,8208,0,9,3040,1650,1926,47.6321,-122.304,3300,8001,14.532374265141536
4,1.5,2190,13660,3,8,2190,0,1952,47.7658,-122.37,2520,20500,13.345506928718539
4,2.5,1940,3200,0,8,1940,0,2004,47.4583,-122.118,1900,3200,12.84792653170257
4,2.5,2310,5573,0,9,2310,0,2003,47.5197,-122.2,2310,6189,13.17115354157376
3,2.5,1960,7200,0,8,980,980,1940,47.5655,-122.27,1440,7200,13.36138027787483
3,2.25,1790,7500,0,7,1390,400,1973,47.7321,-122.198,1940,7192,13.028052697933088
3,2.5,2140,8925,0,8,2140,0,1991,47.6314,-122.027,2310,8956,13.369223455335854
5,2.25,4320,7620,0,7,2880,1440,1973,47.6824,-122.287,1880,7620,13.9108207377686
3,1.0,1270,6900,0,7,1270,0,1977,47.7279,-122.192,1480,7280,12.84779494409793
3,2.5,1980,13964,0,7,1980,0,1959,47.571,-122.227,2040,13964,13.541073712262515
3,1.0,1310,15022,0,7,1310,0,1934,47.5008,-122.332,1530,13154,12.367340793126296
3,1.0,940,7980,0,7,940,0,1960,47.3838,-122.289,1150,8050,12.230765258120545
3,2.5,2410,17424,0,7,1630,780,1978,47.3741,-122.218,1530,11761,12.706847933442663
3,2.25,2110,7279,0,9,2110,0,1984,47.6669,-122.17,2130,7279,13.48161001171088
5,1.75,2344,4800,0,7,1544,800,1921,47.6537,-122.335,1770,4200,13.581053246749791
5,3.75,4590,11265,0,11,3450,1140,1927,47.6389,-122.288,3870,8996,14.914122846632385
3,2.5,1910,5600,0,8,1910,0,1989,47.5752,-122.009,1800,4928,13.119735928682044
3,2.0,1460,2800,0,7,730,730,1921,47.67,-122.295,1780,4560,13.304684934198283
3,2.25,1950,8661,0,8,1950,0,1966,47.3127,-122.362,1950,8800,12.502466658583977
4,2.0,2030,8426,0,7,2030,0,1944,47.4806,-122.287,1190,7007,12.524526376648708
4,2.25,2440,5000,0,7,2440,0,2007,47.5407,-121.89,2440,5212,13.120361374733656
5,3.0,3690,10260,4,9,2070,1620,1967,47.5919,-122.176,3160,14000,13.933293593620657
3,3.0,2130,5000,0,7,1570,560,1913,47.5451,-122.284,1638,4500,13.14020329553266
4,2.25,1930,7452,0,7,1430,500,1984,47.4098,-122.189,1714,7200,12.65075846679162
5,3.5,7350,12231,4,11,4750,2600,2001,47.5373,-121.865,5380,12587,13.919870573288517
5,2.5,3840,16905,0,11,3840,0,1991,47.2996,-122.342,3270,12133,13.228523573232719
4,1.0,1360,6000,0,7,1360,0,1917,47.6854,-122.288,1710,6000,13.145102864373818
3,1.5,1860,10379,0,7,1240,620,1963,47.3962,-122.309,2240,11328,12.644327576461329
2,1.0,1160,5029,0,7,910,250,1940,47.6723,-122.266,1220,5029,13.313190327241996
4,2.5,1847,8000,0,7,1847,0,2008,47.2874,-122.257,1767,8000,12.283033686666302
4,2.75,3730,8014,0,10,3730,0,2012,47.6036,-122.059,3670,8279,13.737549016494562
4,3.0,2680,15438,2,8,2680,0,1902,47.6109,-122.226,4480,14406,13.963930563082547
0,0.0,290,20875,0,1,290,0,1963,47.5308,-121.888,1620,22850,11.863582336583399
3,1.0,1090,3315,0,6,1090,0,1969,47.3159,-122.183,960,3120,11.870599909242044
4,2.75,2090,8400,0,8,1240,850,1976,47.6872,-122.123,2340,9000,13.321214236149494
3,2.5,3310,4682,0,9,2380,930,2015,47.5201,-121.885,2660,5166,13.258291894628574
5,4.5,3732,4426,0,10,2932,800,2001,47.6189,-122.288,2950,4000,14.018451401960965
4,1.0,1400,7242,0,7,1400,0,1959,47.4339,-122.291,1310,7314,12.380025952653611
3,3.75,3250,5797,2,8,2370,880,1951,47.6481,-122.405,1840,5797,13.782470703886075
2,2.25,1240,705,0,7,1150,90,2009,47.5321,-122.073,1240,750,12.772803064351004
4,2.0,3140,10437,0,8,2040,1100,1959,47.5786,-122.229,2010,10437,13.737549016494562
3,2.0,2500,6733,0,8,1770,730,1979,47.6691,-122.36,1770,6343,13.437174117244362
3,2.0,1530,3400,0,7,990,540,1907,47.6204,-122.296,1880,4212,13.178743710840436
2,1.5,1300,4000,0,6,1300,0,1900,47.5937,-122.301,1480,4000,12.973863369085885
3,2.5,2050,40003,0,8,1570,480,1977,47.47,-122.0,2700,46769,12.993392996107369
4,3.0,3990,7838,0,9,3990,0,2003,47.6857,-122.046,3370,6814,13.604789526648622
3,2.5,2700,8444,0,10,2700,0,1992,47.5597,-122.113,2840,9165,13.547631112808673
3,1.0,1140,8400,0,7,1140,0,1960,47.5022,-122.144,1400,9000,12.593271944831445
3,2.0,2250,2975,0,9,1880,370,1905,47.6289,-122.309,2690,4800,13.764217263576723
2,2.0,1405,1073,0,8,1140,265,2007,47.612,-122.295,1405,3000,12.911642346088676
3,1.5,1090,9600,0,7,1090,0,1968,47.3639,-122.109,1240,9620,12.206072645530174
3,2.25,1670,4800,3,8,1670,0,1903,47.6356,-122.367,2300,4800,13.835313185260453
4,4.25,5860,52889,0,10,4910,950,1996,47.7245,-122.095,3320,39066,13.961513852084117
3,1.0,940,1948,0,6,940,0,1900,47.6733,-122.383,1700,5000,13.219490088135052
4,1.5,1050,9516,0,7,1050,0,1969,47.4151,-122.181,1390,9600,12.345834587905333
3,1.75,1900,7076,0,7,1130,770,1977,47.7569,-122.326,1540,10113,12.66032791780777
4,2.75,4010,87555,0,10,4010,0,2004,47.4299,-121.998,2451,209523,13.651814465293484
3,2.5,2220,2550,2,10,2220,0,1990,47.6963,-122.393,2200,5610,13.371174675467117
3,1.5,1400,6865,0,7,1400,0,1986,47.3639,-122.048,1480,8125,12.437184366493561
4,2.0,1820,9350,0,8,1820,0,1967,47.6288,-122.098,2260,9299,13.161391764371807
3,2.5,1970,12205,0,8,1970,0,1990,47.7397,-122.209,2640,9636,12.904207367601158
4,2.5,2240,6920,0,8,1380,860,1974,47.5011,-122.375,1540,7000,13.190022025878143
4,2.5,2340,5600,0,7,2340,0,1921,47.5117,-122.379,1310,5600,13.190022025878143
5,4.5,10040,37325,2,11,7680,2360,1940,47.65,-122.214,3930,25449,15.770309654436833
3,1.75,1680,4240,0,7,1680,0,1926,47.5745,-122.311,1460,4240,13.199324418540456
3,2.5,1470,1445,0,8,1160,310,2005,47.5468,-121.998,1470,1525,12.948009990259552
4,3.0,3110,18843,0,9,3110,0,1995,47.4619,-122.154,3080,14735,13.091904169919621
3,3.0,1950,1833,0,9,1610,340,2009,47.6078,-122.202,2040,2131,13.590490246637204
4,2.5,2710,9248,0,7,2710,0,2011,47.5164,-121.875,2710,5000,13.199324418540456
4,2.25,2870,8393,0,8,1480,1390,1977,47.5787,-122.245,2930,9850,13.698976741708323
4,2.0,2280,43692,0,7,1140,1140,1957,47.4067,-122.03,2580,37938,13.008074231002201
4,2.5,2500,11070,2,8,1300,1200,1964,47.336,-122.334,2500,11070,12.84792653170257
4,2.5,2270,9247,0,8,1500,770,1972,47.5602,-122.176,2270,9163,13.337232792266294
3,2.25,1640,7630,0,8,1180,460,1968,47.3739,-122.29,1930,7630,12.417143615610113
3,2.0,2580,15653,0,9,2580,0,1990,47.4561,-122.361,1920,9840,13.083622549087899
4,2.5,2150,9070,0,8,2150,0,1985,47.7279,-122.107,2230,8995,13.329377546788654
5,2.75,2740,8426,0,8,1370,1370,1960,47.5563,-122.184,2020,8783,13.20140558474428
2,2.5,1390,1132,0,8,1130,260,2006,47.6228,-122.319,1400,1237,13.36138027787483
4,2.5,2250,11370,0,8,2250,0,1991,47.7115,-122.239,2190,9611,13.304684934198283
3,2.25,2120,9297,0,8,2120,0,1981,47.5561,-122.154,2620,10352,13.487006490992238
5,1.75,2510,9750,0,8,2510,0,1969,47.6635,-122.149,1900,9750,13.253391639810733
3,1.75,1920,9102,0,7,1920,0,1968,47.7487,-122.082,1920,9760,12.89921982609012
3,2.5,1580,7000,0,8,1580,0,1992,47.3659,-122.17,2110,7062,12.542544882151386
3,2.5,1730,4408,0,8,1730,0,1996,47.5683,-122.005,1730,4408,13.005829561148378
3,1.75,1630,10001,0,7,1100,530,1977,47.3605,-122.12,1630,10001,12.542544882151386
4,3.0,2120,7650,0,8,2120,0,1964,47.6214,-122.14,2260,7885,12.594730635321957
4,2.75,2620,6707,0,9,2620,0,2000,47.5965,-122.038,2590,6530,13.418757390458131
3,1.5,2100,10000,0,7,2100,0,1954,47.4222,-122.331,1300,7500,12.409013489526863
3,3.5,4560,14608,2,12,4560,0,1990,47.6995,-122.228,4050,14226,14.214286677921642
4,2.5,2320,10046,0,7,2320,0,2006,47.5406,-121.887,2320,5253,13.071070083016778
3,1.0,1080,10639,0,7,1080,0,1953,47.3171,-122.219,1470,10600,12.296827008798639
3,2.25,2570,47480,0,9,2570,0,1979,47.6854,-122.079,2570,106722,13.345506928718539
2,1.0,1170,6543,0,7,1170,0,1913,47.537,-122.385,1550,7225,12.56374708980199
4,2.25,1710,7000,0,7,1040,670,1972,47.719,-122.217,1780,6500,13.017002861746503
3,1.0,1170,7395,0,7,1170,0,1969,47.4627,-122.19,1430,7920,12.449018824140563
4,2.5,1800,4338,0,8,1800,0,2001,47.5962,-122.015,1800,4507,13.151922179645874
3,1.75,1210,6175,0,7,1210,0,1976,47.7291,-122.202,1520,7475,13.077366011473593
4,2.25,3240,12930,0,9,2730,510,1968,47.5373,-122.22,2610,12884,13.878485357125662
4,1.5,2210,10497,0,8,1650,560,1953,47.4321,-122.347,1840,12697,13.006952525893
5,3.0,4350,37169,0,10,2950,1400,1972,47.6518,-122.16,3280,41631,13.710150042306449
4,2.0,1800,2970,0,7,1000,800,1923,47.6833,-122.312,1690,3801,12.936033799212835
2,2.25,1530,981,0,8,1480,50,2006,47.6533,-122.346,1530,1282,13.16158409055761
4,2.25,2310,36136,0,9,2310,0,1977,47.7506,-122.122,3930,36136,13.541731390681484
3,2.0,1400,7293,0,7,1400,0,1963,47.586,-122.12,1600,7960,13.145210385474938
3,1.0,1600,5000,0,7,1110,490,1947,47.655,-122.358,1380,5000,13.217673557208654
3,1.75,1660,12865,0,7,1660,0,1967,47.5375,-122.175,1610,12400,12.973863369085885
3,1.0,1040,6860,0,6,1040,0,1942,47.5121,-122.375,1030,6512,12.384218830913648
3,1.0,1150,35415,0,7,1010,140,1950,47.5974,-122.129,2460,11781,13.017002861746503
5,2.5,2990,7292,0,8,2990,0,1990,47.3604,-122.091,2150,8190,12.736553826954605
3,1.0,1180,7573,0,7,1180,0,1977,47.7372,-122.294,1320,7573,12.779873068457553
3,2.75,2840,39324,0,9,2200,640,1988,47.3076,-122.101,2840,39413,13.017002861746503
3,1.0,1260,7250,2,7,960,300,1940,47.6947,-122.311,1540,7250,13.091904169919621
2,1.0,860,3300,0,6,860,0,1903,47.5496,-122.279,1380,4400,12.647548191161372
3,2.5,2110,3600,0,9,2110,0,2005,47.665,-122.082,2540,4384,13.366093562326927
3,2.5,1510,1618,0,8,1330,180,2011,47.6515,-122.384,1350,1397,13.023647404465171
4,2.75,2620,7001,0,8,2620,0,2012,47.4838,-121.769,2620,6543,13.122343377204325
2,1.5,1450,27075,0,7,1450,0,1940,47.7281,-122.353,1890,10599,13.049792684569493
3,1.0,1180,8474,0,7,1180,0,1956,47.7416,-122.327,1180,7200,12.644327576461329
5,2.0,1940,6000,0,7,970,970,1945,47.6875,-122.287,1700,6000,13.270783382522602
3,1.0,1230,9877,0,7,1230,0,1954,47.5745,-122.136,1240,9965,12.834681304952548
3,1.0,1270,8800,0,7,1270,0,1968,47.6703,-122.15,1560,8250,13.010313873595706
4,2.5,1960,14242,1,8,1290,670,1958,47.4947,-122.369,2490,10907,13.304684934198283
3,2.25,2120,13090,0,8,2120,0,1997,47.296,-122.219,1400,12039,12.736700896592344
3,2.5,1600,3573,0,7,1600,0,2013,47.507,-122.181,1500,11089,12.629541378077914
3,1.0,940,7913,0,6,940,0,1948,47.7657,-122.321,940,7913,12.542544882151386
2,1.0,830,6000,0,6,830,0,1940,47.5308,-122.376,830,4960,12.254862809699606
3,1.5,1660,15600,0,7,1660,0,1981,47.2589,-122.279,1660,14400,12.301382825334498
4,1.75,2800,90169,0,7,2800,0,1934,47.5204,-121.829,1600,27194,13.178743710840436
4,2.0,2100,12620,0,7,2100,0,1972,47.7239,-122.173,1720,7840,13.122363377404328
3,2.25,1820,19602,0,7,1820,0,1964,47.331,-122.286,1520,8773,12.533576212168626
4,2.5,3270,6055,0,9,3270,0,2007,47.5374,-122.192,2740,7367,13.493926933836812
3,1.0,1340,306848,0,5,1340,0,1953,47.7534,-121.912,1800,128066,12.254862809699606
3,2.0,1810,10530,2,8,1810,0,1991,47.1913,-122.012,1910,10450,12.594730635321957
3,2.5,3110,6000,2,8,1560,1550,1967,47.5331,-122.353,2060,6000,12.983101310070822
5,2.75,2600,8160,0,8,2600,0,2015,47.7348,-122.34,1600,8160,13.350295445450335
4,2.0,2050,4000,0,7,1210,840,1941,47.5799,-122.306,1310,4000,13.112313041550827
3,1.5,2070,5386,0,7,1140,930,1948,47.6896,-122.374,1770,5386,13.233904752137237
3,2.5,2320,6775,0,8,2320,0,2008,47.7158,-122.016,1680,4750,13.49812500613905
4,1.75,1680,6834,0,7,1680,0,1948,47.716,-122.307,950,7425,12.834681304952548
5,3.5,3450,19080,3,9,3450,0,2001,47.2123,-122.005,2570,17007,13.17115354157376
2,1.0,1010,3000,0,7,1010,0,1925,47.4965,-121.785,1150,7000,12.542544882151386
4,2.5,1960,7230,0,8,1960,0,2002,47.2855,-122.36,1850,7208,12.505992035646432
3,1.0,1160,7875,0,7,1160,0,1953,47.724,-122.323,1600,7875,12.560244459250788
3,2.25,2070,9957,0,8,1440,630,1977,47.7766,-122.277,2070,10158,13.058358047428417
4,3.5,4300,108865,0,11,4300,0,2014,47.6258,-122.005,4650,107498,14.187074114396758
2,1.0,1010,6000,0,6,1010,0,1944,47.771,-122.353,1610,7313,12.2783933071098
4,2.5,2430,8509,0,9,2430,0,1992,47.5714,-121.991,2760,8509,13.39711217444421
4,2.0,2750,5527,0,8,2130,620,1901,47.6513,-122.368,1290,1764,13.670484785914017
4,1.5,1430,4163,0,7,1430,0,1910,47.6606,-122.397,1500,4000,13.262125319779487
3,1.0,1150,8848,0,7,1150,0,1968,47.3626,-122.111,1220,9576,12.334905517373143
3,2.0,1540,7800,0,8,1540,0,2004,47.7041,-122.288,1510,7800,13.17115354157376
5,2.5,2640,4400,0,7,1840,800,1925,47.605,-122.3,1720,4400,13.292949677979863
2,1.75,1360,8100,0,7,860,500,1975,47.7295,-122.359,1830,6766,12.611537753638338
1,1.0,810,2451,0,7,810,0,1941,47.5188,-122.376,980,1198,12.367340793126296
3,1.75,1650,7965,0,7,1650,0,1967,47.7335,-122.193,1560,7350,12.981951223687584
4,2.25,2210,9371,0,8,2210,0,1968,47.3634,-122.279,2300,11584,12.628067055589549
3,1.0,1120,10576,0,7,1120,0,1969,47.7575,-122.072,1300,10000,12.676076274775909
2,1.0,860,10500,0,6,860,0,1943,47.5662,-121.886,950,10500,12.367340793126296
3,1.5,1970,3400,0,8,1420,550,1929,47.6163,-122.292,1940,4000,13.102160670086809
4,2.75,2300,12633,0,9,2300,0,1984,47.6218,-122.032,2240,9246,13.34230179776959
3,1.75,1480,7040,0,7,1480,0,1974,47.6723,-122.169,2040,7810,13.142166004700508
3,2.0,1360,3090,0,8,1360,0,1990,47.6838,-122.353,1500,3090,13.184718266151094
4,1.75,2520,21834,4,8,1420,1100,1960,47.4996,-122.378,1700,8100,13.527828485512494
3,1.75,1050,7854,0,7,1050,0,1975,47.3011,-122.369,1360,7668,12.377922902456833
3,2.5,1260,1622,0,8,1260,0,2009,47.7325,-122.343,1340,1188,12.628067055589549
2,1.0,1340,6380,0,7,890,450,1939,47.697,-122.313,1380,6380,13.16158409055761
3,3.5,1630,1329,0,9,1360,270,2000,47.6159,-122.306,1580,1319,13.136660682105154
3,1.75,1580,3764,0,7,1280,300,1945,47.672,-122.397,1560,3764,13.19188944005294
2,1.0,1510,3360,0,7,880,630,1924,47.6135,-122.297,1330,3360,13.17115354157376
4,2.0,1870,8750,2,7,1870,0,1977,47.1985,-122.001,1770,8207,12.409013489526863
5,3.0,3070,5252,0,8,3070,0,2005,47.3666,-122.128,2760,5203,12.742419806526241
3,1.75,1930,7200,0,6,1930,0,1929,47.5263,-121.809,1350,9000,12.560244459250788
4,2.5,1720,5805,0,8,1720,0,2000,47.3286,-122.208,2360,7700,12.59710070584057
3,2.5,3030,46538,0,10,3030,0,1997,47.664,-122.041,3370,51450,13.617059619240436
5,4.0,3460,5400,0,10,2830,630,2012,47.5201,-122.204,1890,5400,13.795307850646754
4,2.5,2470,5044,0,9,2470,0,2005,47.7728,-122.271,2790,5583,13.128345449081877
3,2.5,2100,5060,0,7,2100,0,2006,47.563,-122.298,1520,2468,13.075271769870477
1,0.75,410,8636,0,4,410,0,1953,47.5077,-122.357,1190,8636,12.691580461311874
4,1.75,2800,5400,0,9,1400,1400,1924,47.6803,-122.313,1490,5400,13.668169970065565
4,2.75,1560,8820,3,7,1060,500,1979,47.3382,-122.257,2140,7800,12.468052220629582
2,1.0,620,4760,0,6,620,0,1941,47.5292,-122.376,620,4760,12.449018824140563
2,1.0,600,4000,0,5,600,0,1933,47.5065,-122.339,1290,6973,11.957611286231675
3,2.0,1820,5000,0,8,1720,100,1941,47.5845,-122.395,2220,7200,13.527828485512494
2,1.0,1340,7250,0,7,1340,0,1951,47.7015,-122.32,1450,7026,13.017002861746503
3,1.75,1650,8254,0,7,1060,590,1951,47.7596,-122.304,2280,9450,12.821258284620408
4,2.25,2470,17008,0,8,2470,0,1979,47.5924,-122.048,2470,31798,13.345506928718539
4,1.75,1700,8640,0,7,850,850,1955,47.5772,-122.153,1620,9000,12.84397135185964
4,2.25,3440,14237,0,9,3440,0,1982,47.7241,-122.065,3250,18365,13.493926933836812
3,1.75,2700,18246,0,7,1510,1190,1967,47.4817,-122.097,1620,16986,12.850554654108839
3,1.75,1160,257875,0,7,1160,0,1980,47.4655,-122.072,1420,15450,12.798155623603098
4,2.25,2030,13500,0,7,1230,800,1963,47.4596,-122.066,1830,13800,12.721885810807203
3,2.5,2134,1984,0,8,2134,0,2008,47.5402,-122.027,2170,1984,13.322852238153732
4,1.75,1850,7730,0,7,1100,750,1956,47.7481,-122.355,2260,8581,13.017002861746503
4,3.0,1490,6766,1,7,1490,0,1915,47.5446,-122.382,1990,6526,13.253391639810733
3,1.75,2259,26831,3,7,1491,768,1908,47.2741,-122.266,1980,15794,12.478006361013815
3,2.75,3230,75889,4,7,3230,0,1925,47.3344,-122.37,2560,72229,13.955272500339433
5,2.75,2570,7260,0,8,2570,0,1996,47.2622,-122.212,2200,7421,12.70381302974751
5,3.25,3680,10300,0,10,3680,0,1927,47.6548,-122.28,2690,7200,14.204168547756057
4,2.25,2300,7700,0,7,1380,920,1959,47.7137,-122.322,2010,8820,12.94084150078094
4,3.5,2870,3225,3,9,2070,800,2006,47.5009,-122.225,1770,6450,13.038981768465277
4,2.0,2800,8540,0,8,1730,1070,1977,47.6869,-122.126,2470,9400,13.514405465180353
3,2.5,1660,1091,1,9,1530,130,2015,47.5818,-122.402,1510,1352,13.500114646944978
4,2.75,3520,5500,0,9,3520,0,2014,47.6181,-122.056,3340,5500,13.66467604025511
3,2.5,2090,7640,0,7,1360,730,1962,47.7369,-122.338,2090,7668,13.204864598916073
2,1.0,870,8400,0,7,870,0,1960,47.4493,-122.282,1070,12465,12.388394202324129
2,1.0,800,5100,0,7,800,0,1945,47.6775,-122.388,1330,5100,12.992254692057308
3,1.0,1160,9375,0,7,1160,0,1967,47.7419,-122.073,1160,9650,12.84792653170257
5,3.0,2450,4591,0,7,2450,0,1994,47.6828,-122.388,1060,5500,13.17115354157376
3,2.5,1530,1131,0,8,1530,0,2009,47.6993,-122.346,1530,1509,12.793859310432293
4,2.5,2090,6906,0,8,2090,0,1992,47.5718,-121.996,2090,6370,13.306350213517344
3,2.0,1560,1156,0,8,1560,0,2014,47.605,-122.304,1560,1728,13.122363377404328
3,2.75,2540,8604,0,8,2540,0,1991,47.3209,-122.185,2260,7438,12.793720411897448
4,2.5,3430,35120,0,10,3430,0,1984,47.6484,-122.182,3920,35230,14.006957022535229
3,2.0,1420,16000,0,7,1420,0,1966,47.478,-122.358,1900,12630,12.689886720049314
3,1.0,1050,6002,0,7,840,210,1941,47.6988,-122.316,1180,6003,12.934828253557487
2,1.5,1090,4013,0,7,1090,0,1900,47.6652,-122.338,1390,4013,13.437174117244362
4,2.5,3180,13118,0,11,3180,0,1986,47.5382,-122.23,3070,12861,13.997832114758229
4,2.5,1980,4500,0,8,1980,0,1989,47.579,-122.001,1770,4595,13.210007887256376
3,2.25,2570,7242,0,7,2170,400,1951,47.721,-122.319,1690,7639,13.195613839143922
4,4.25,5770,21300,4,11,5770,0,1980,47.585,-122.222,4620,22748,15.163583706263967
3,1.0,1510,8760,0,6,1510,0,1946,47.3015,-122.216,1040,7828,12.154779351142624
3,2.25,1630,1598,0,8,1630,0,2008,47.6904,-122.347,1320,1605,12.86099861326992
3,1.5,1340,25160,0,7,1340,0,1968,47.475,-122.111,1440,23680,12.576155796357995
4,2.75,2060,6659,0,7,1280,780,1981,47.4276,-122.157,2020,8720,12.683858415217964
4,3.0,2340,7048,0,8,1340,1000,1979,47.7306,-122.227,1440,8088,13.091904169919621
4,2.5,1960,7875,0,7,1220,740,1978,47.3427,-122.274,2030,7650,12.365210866868471
4,2.5,2990,16809,0,11,2990,0,1990,47.7123,-122.073,3340,18752,13.592367006650065
3,2.0,1480,2502,0,7,1480,0,1991,47.6969,-122.338,1850,5000,12.779873068457553
2,1.0,1070,6100,0,6,1070,0,1940,47.5698,-122.377,1770,5695,12.915708143594921
4,2.5,3030,8335,0,10,3030,0,1992,47.578,-122.056,2850,8678,13.514405465180353
3,2.5,2460,4399,0,7,2460,0,2007,47.5415,-121.884,2060,4399,12.995665724358371
4,3.5,2600,5100,0,8,1820,780,2003,47.6948,-122.395,2000,6720,13.490472698968725
4,2.5,3560,6187,0,9,3560,0,2003,47.5593,-122.016,3190,6981,13.554145793829866
5,2.25,2730,6000,0,8,2130,600,1927,47.6571,-122.281,2730,6000,13.732128949025222
4,2.75,3310,50951,0,9,3310,0,1998,47.7249,-122.027,3230,39340,13.42984807715229
4,4.25,5710,24663,0,11,5710,0,2007,47.3065,-122.158,4060,23847,13.742939865129438
3,2.75,2360,16117,0,8,1710,650,1983,47.5698,-122.121,2120,16117,13.446039810079485
4,2.5,2440,6733,0,9,2440,0,1999,47.6374,-122.064,2570,6496,13.55284624848778
4,2.0,2380,6122,2,8,1310,1070,1949,47.6506,-122.405,1810,5202,13.607255619143816
4,3.25,3040,4155,0,8,2350,690,2013,47.5429,-122.012,2680,4000,13.623138665316818
4,2.75,2880,5750,0,9,1710,1170,1928,47.5874,-122.387,1640,5750,13.732128949025222
3,1.5,1630,6625,0,7,980,650,1980,47.29,-122.368,1440,7145,12.345834587905333
4,3.75,2560,5250,0,7,1900,660,1963,47.7326,-122.342,1400,5250,13.120361374733656
4,2.0,1170,4000,0,7,1170,0,1955,47.5797,-122.305,1720,4000,12.706847933442663
3,1.5,1890,6183,0,7,1090,800,1967,47.5396,-122.269,1750,6183,12.89921982609012
3,1.0,1140,7785,0,8,1140,0,1954,47.709,-122.363,2080,10620,12.916568464424731
4,2.5,3750,218506,0,10,3750,0,1991,47.3045,-122.103,2540,39413,13.493926933836812
2,1.5,830,920,0,7,830,0,2005,47.5998,-122.306,830,1200,12.751299696013497
3,1.5,1300,8280,0,7,1300,0,1956,47.7403,-122.256,1570,8692,12.889169490236618
4,2.5,2910,6250,0,8,2910,0,1999,47.538,-121.87,2550,6250,13.279367126213993
3,2.5,2410,46609,0,9,2410,0,1989,47.6789,-122.048,3370,40072,13.480037821676145
4,2.5,1910,7201,0,7,1210,700,1987,47.3908,-122.316,1690,7554,12.736700896592344
3,2.5,2230,4006,0,8,2230,0,2014,47.73,-122.335,2230,4180,13.458835614025542
2,2.75,2700,9854,0,9,2700,0,2012,47.7187,-122.024,1440,4168,13.652991628466498
5,2.5,2750,5589,0,9,1840,910,1910,47.6364,-122.3,1460,4250,13.726679344257658
3,0.75,1080,5025,0,5,1080,0,1948,47.4936,-122.335,1370,6000,12.230765258120545
3,2.5,1560,4200,0,7,1560,0,2003,47.3838,-122.026,1560,4200,12.594730635321957
3,2.5,2080,167270,0,7,2080,0,2000,47.4032,-121.963,2080,55321,13.321214236149494
4,2.5,3190,27806,0,9,3190,0,1997,47.3425,-122.03,2810,28619,13.345506928718539
5,2.5,2870,16238,0,8,2870,0,1962,47.6308,-122.238,2870,16238,14.256986103595471
2,1.0,770,7000,0,6,770,0,1921,47.5654,-121.89,1100,8777,12.26434155365415
3,1.0,1100,5734,0,7,1100,0,1955,47.3632,-122.174,1770,6050,12.089538829274222
3,3.25,1730,1229,2,9,1320,410,2008,47.6374,-122.369,1710,1686,13.37700559577791
3,1.75,1080,9262,0,7,1080,0,1968,47.4883,-122.248,1090,9262,12.128111104060462
3,2.5,1540,3237,0,7,1540,0,1999,47.5299,-121.878,1780,3411,12.751299696013497
3,1.0,1400,10800,0,6,1400,0,1962,47.719,-122.202,1430,10000,12.542187675503545
4,3.5,3350,9681,1,7,2140,1210,1980,47.3978,-122.322,2580,9681,12.89921982609012
3,2.5,2370,4950,0,8,2370,0,2003,47.5465,-122.013,2230,4950,13.437174117244362
2,1.75,2210,9374,3,8,1560,650,1951,47.6634,-122.359,2140,5640,13.55089375844349
3,3.25,1460,1367,0,8,1460,0,2008,47.6485,-122.334,1310,1191,13.308012724290958
3,2.25,1570,6810,0,8,1180,390,1988,47.6176,-122.044,1620,6584,13.091904169919621
3,2.0,2440,23512,0,6,1640,800,1933,47.4594,-122.326,1630,19613,12.730801174465157
3,2.5,1260,889,0,8,1260,0,2008,47.6277,-122.345,1340,1324,13.079455876393052
3,1.0,1020,11652,0,6,1020,0,1971,47.4459,-122.278,1690,11652,12.285345826424681
3,2.5,1600,26977,0,8,1600,0,2005,47.7736,-121.901,1790,27743,12.706847933442663
3,2.5,3190,49137,0,9,3190,0,1988,47.6027,-122.043,3240,53143,13.542060067759218
4,2.75,2820,5000,0,8,2170,650,1927,47.6376,-122.394,1740,5000,13.604789526648622
3,1.5,1800,4700,0,7,1200,600,1941,47.6858,-122.385,1580,4700,13.31710745419684
4,1.75,2280,7840,0,7,1280,1000,1957,47.4809,-122.224,2120,7260,12.652359748158593
4,1.75,1550,6000,0,7,1550,0,1944,47.6567,-122.399,1550,6000,13.231755754175525
6,3.0,2880,3192,0,8,2180,700,1919,47.6506,-122.332,1870,4533,13.933293593620657
3,2.0,1980,6000,0,7,1380,600,1958,47.6921,-122.283,1260,6000,13.3645249345543
3,1.0,1270,7153,0,6,1270,0,1949,47.4815,-122.226,1650,7153,12.367340793126296
3,1.75,1880,45738,0,8,1410,470,1980,47.7662,-122.114,2340,38556,13.217673557208654
5,1.75,2640,7722,0,7,1650,990,1915,47.6802,-122.361,1750,4000,13.620711479659207
4,3.5,3320,19850,2,10,2040,1280,1977,47.527,-122.228,3240,15470,13.840203170554645
3,2.0,1560,9635,0,7,1260,300,1966,47.341,-122.309,1570,8276,12.47131737286302
4,2.5,2320,14240,0,9,1620,700,1974,47.6269,-122.09,2810,13200,13.621925808891609
3,2.25,3530,17450,3,9,1840,1690,1930,47.5358,-122.213,3530,17310,14.67713388849612
4,3.25,3890,25470,3,10,3030,860,1923,47.6608,-122.269,4140,19281,14.897315728316002
3,1.0,1330,6900,0,7,1330,0,1976,47.3033,-122.381,1530,7000,12.250089530946948
4,2.25,1970,7125,0,7,1500,470,1908,47.6725,-122.293,1980,4750,13.304684934198283
3,2.5,1940,9775,2,8,1440,500,1975,47.7142,-122.222,2830,9775,13.208541073645382
3,1.5,1070,8886,0,7,1070,0,1984,47.3516,-122.166,1730,9461,12.388394202324129
3,1.0,1090,10000,0,6,1090,0,1961,47.6503,-121.911,1040,7500,12.388394202324129
4,2.5,3180,20870,0,8,2120,1060,1967,47.7176,-122.241,2700,14190,13.16733674304706
5,2.75,2410,5003,0,7,1410,1000,2008,47.5298,-122.274,1590,5003,12.80765263256463
4,2.75,2920,6605,0,8,2920,0,2012,47.4909,-122.144,3030,6605,13.345506928718539
4,2.75,3270,50994,0,8,2720,550,1983,47.347,-122.087,2780,36036,12.983101310070822
3,1.5,1410,9000,0,7,1410,0,1953,47.7635,-122.35,1910,7214,12.524526376648708
5,2.5,2380,91476,0,8,1580,800,1976,47.479,-122.153,1880,12870,13.178743710840436
2,2.5,1620,14467,0,7,1620,0,1981,47.6306,-122.035,1470,13615,13.071070083016778
2,2.0,1230,4800,0,7,1230,0,1952,47.7145,-122.35,1560,7200,13.047639831208393
4,2.0,1920,4822,0,6,920,1000,1914,47.5507,-122.381,1120,4822,12.206072645530174
3,2.0,2020,7260,0,7,1180,840,1926,47.5496,-122.311,1400,5950,12.666657052859417
3,1.0,1320,9239,0,7,1320,0,1968,47.312,-122.183,1320,8415,12.235631447771718
4,2.75,5470,18200,4,11,3730,1740,1992,47.5316,-122.263,3620,15100,14.293296327652065
3,2.5,1770,3744,0,7,1270,500,1929,47.6807,-122.364,1400,4680,13.373903113634826
6,4.5,4520,40164,0,9,3580,940,1953,47.407,-122.216,2870,13068,13.217673557208654
3,1.75,2410,51763,0,8,1410,1000,1981,47.7429,-122.056,2410,49207,12.976180867226248
3,2.0,1200,10212,0,6,1200,0,1949,47.206,-121.998,1280,10212,12.43320821811392
3,2.5,2150,5193,0,8,2150,0,1995,47.6952,-122.187,2150,7172,13.282780098810234
2,1.0,1350,8220,0,7,1060,290,1949,47.7224,-122.358,1540,8280,12.706847933442663
2,0.75,760,33801,0,4,760,0,1931,47.4703,-122.076,1100,39504,12.771386454580234
3,2.75,2340,16500,0,8,1500,840,1972,47.5952,-122.051,2210,15251,13.241034907121827
3,2.25,1900,7479,0,7,1900,0,1992,47.3495,-122.037,1520,6559,12.66349749256905
3,2.5,2460,5027,0,8,2460,0,2002,47.372,-122.102,2740,5000,12.628067055589549
4,1.75,2010,5070,1,7,1300,710,1963,47.5793,-122.402,2180,5400,13.38472764187182
3,3.25,1550,1280,0,9,1220,330,2013,47.6493,-122.384,1550,1579,13.253391639810733
4,2.5,3370,4934,0,9,3370,0,2014,47.3562,-122.022,2980,5046,13.235031130057743
4,1.75,2020,6000,0,7,1620,400,1959,47.577,-122.302,1870,4000,12.891691559669328
4,2.5,2590,8571,0,9,2590,0,1988,47.691,-122.105,2360,8155,13.568330428821824
4,3.5,2734,210201,0,8,2734,0,1974,47.3652,-122.504,2270,187308,13.16158409055761
4,3.5,2760,4000,2,8,2000,760,1926,47.5687,-122.374,1690,4000,13.547631112808673
4,2.0,2420,31465,0,9,2420,0,1984,47.3131,-122.115,2560,32186,12.899094818276968
4,2.5,1980,7403,0,7,1980,0,1988,47.2897,-122.372,1980,7510,12.402872221504781
3,1.75,2040,42693,2,10,2040,0,1980,47.6479,-122.12,2640,11957,14.093142294562554
3,1.75,950,6000,0,6,790,160,1939,47.5271,-122.316,1360,6000,12.345834587905333
4,2.5,2750,8471,0,7,2750,0,2003,47.3671,-122.029,2610,7482,12.943236711506893
5,2.75,2844,3990,0,8,2844,0,2013,47.3259,-122.167,2273,3900,12.793720411897448
3,2.5,2880,11443,0,9,2880,0,1986,47.5633,-122.111,2840,12530,13.693342923990066
4,2.25,2480,9780,0,8,1900,580,1975,47.6388,-122.099,2640,9780,13.481435445942783
3,2.0,1970,9600,0,7,1300,670,1967,47.2824,-122.301,1710,7703,12.593713168725786
3,2.5,2100,7600,0,7,1450,650,1980,47.6968,-122.127,2010,7600,13.140694334089051
2,1.0,960,5000,0,6,960,0,1951,47.5188,-122.372,930,5000,12.267285329698163
4,2.75,2200,13498,0,8,2200,0,1987,47.3148,-122.35,2190,11850,12.751299696013497
2,1.0,1110,6000,0,7,1010,100,1951,47.5632,-122.282,1410,3500,13.279367126213993
5,2.0,2280,19000,0,6,2280,0,1924,47.4683,-122.359,1790,11800,12.80765263256463
3,2.5,2230,32660,0,8,2230,0,1977,47.3321,-122.105,2400,33120,12.966878474563934
3,2.5,2530,8669,0,9,2530,0,1990,47.3073,-122.395,2530,9469,12.60903462342022
3,1.0,1570,10050,0,7,1570,0,1963,47.736,-122.231,2540,9940,12.814478597635029
2,1.5,1020,1049,0,8,1020,0,2008,47.68,-122.348,1350,1395,13.017002861746503
3,1.5,2140,47743,0,9,2140,0,1978,47.5402,-122.365,1060,6016,13.332219034391603
4,2.75,2500,5995,0,8,2500,0,2008,47.3749,-122.107,2530,5988,12.765688433465597
3,1.0,1290,6566,0,7,1290,0,1976,47.3004,-122.377,1690,6860,12.230765258120545
3,3.25,3780,10623,1,11,2650,1130,1999,47.5506,-122.101,3850,11170,13.957877799251197
4,1.75,1910,6731,0,7,1210,700,1953,47.5693,-122.391,1780,6350,13.208541073645382
4,2.5,2130,3420,0,7,1730,400,1916,47.649,-122.336,1520,3420,13.493926933836812
3,2.25,1358,1204,0,7,1358,0,2007,47.7054,-122.346,1358,1196,12.666657052859417
4,2.5,1890,5954,0,7,1890,0,2004,47.3293,-122.194,2030,5880,12.606525211814795
3,1.5,1680,8712,0,8,1680,0,1964,47.4811,-122.149,1850,8797,12.782686009834167
3,1.0,1330,20562,0,5,1330,0,1959,47.4807,-121.775,1350,20562,12.542544882151386
4,2.25,2100,12172,0,9,2100,0,1961,47.5458,-122.227,2400,10713,13.893397096621346
3,2.5,2370,3239,0,8,1950,420,2006,47.7515,-122.174,2520,3431,13.071070083016778
5,3.25,2740,9629,0,7,1390,1350,1977,47.7645,-122.197,2150,10500,13.151922179645874
4,2.25,1870,7700,0,7,1870,0,1977,47.6937,-122.127,1970,7700,13.16158409055761
3,1.75,1940,10245,0,7,1940,0,1957,47.5833,-122.241,2720,11448,13.38472764187182
6,3.25,3140,14923,0,10,3140,0,1991,47.5411,-122.133,2980,10758,13.738467513465961
3,1.0,1680,8010,0,7,840,840,1951,47.6993,-122.376,1890,8778,12.765688433465597
2,2.25,1040,1377,0,8,1040,0,2003,47.6692,-122.279,1264,1892,13.017002861746503
4,2.5,2640,3899,0,7,2640,0,2000,47.754,-122.217,2460,4057,12.985397522331171
4,2.5,2620,19864,0,8,2620,0,1984,47.7014,-122.122,2500,13285,13.38472764187182
3,2.25,2100,8201,2,8,1620,480,1967,47.5091,-122.244,2660,8712,13.005829561148378
3,2.0,1450,7300,0,7,1450,0,1955,47.7517,-122.342,1660,9069,12.834681304952548
3,2.0,1150,4500,0,7,1150,0,1917,47.6985,-122.348,1230,5400,13.017002861746503
3,1.75,1980,9220,0,8,1980,0,1987,47.2602,-122.219,2080,8305,12.60249700898619
2,1.75,1350,4023,0,7,1350,0,2005,47.3493,-122.023,1370,3570,12.429216196844383
2,1.0,930,12724,0,6,930,0,1912,47.6567,-121.909,1240,21828,12.349956515858752
4,3.5,4120,12626,1,11,3970,150,2014,47.7089,-122.245,4120,11913,14.122995257712235
1,1.0,960,40946,0,5,960,0,1945,47.6951,-121.864,1320,20350,12.950031754639722
4,3.0,3130,5700,0,7,1750,1380,1953,47.6811,-122.283,2080,5700,13.41652441595382
2,1.0,840,12750,0,6,840,0,1925,47.484,-122.211,1480,6969,12.072541252905651
2,2.25,860,696,0,9,860,0,2009,47.5663,-122.29,1100,3000,12.751299696013497
3,1.0,1050,6874,0,6,1050,0,1954,47.762,-122.355,1500,8954,12.429216196844383
4,2.5,2610,7227,0,9,2610,0,2011,47.314,-122.023,2630,7421,12.873902018105829
4,2.0,1970,3515,0,8,1030,940,1969,47.6873,-122.314,1650,4275,13.190022025878143
5,3.0,2100,9752,0,8,1200,900,2007,47.3341,-122.304,1270,10200,12.606357693596795
3,1.75,1650,5000,0,8,1650,0,1900,47.6743,-122.371,1630,5000,13.500799813124575
3,2.25,1440,5150,0,7,1440,0,1997,47.5456,-122.356,1530,5238,12.706847933442663
3,1.0,910,10575,0,7,910,0,1968,47.2741,-122.301,1470,10425,12.154779351142624
4,2.25,2440,8098,0,8,2440,0,1983,47.3126,-122.346,2110,7911,12.706847933442663
3,1.5,1380,4290,0,7,1080,300,1955,47.674,-122.379,1510,3900,13.17115354157376
3,1.0,1480,6978,0,8,1480,0,1949,47.6497,-122.217,2660,13062,13.709038313453757
4,3.0,2950,5000,3,9,1980,970,1979,47.5714,-122.375,2140,4000,13.38472764187182
4,1.75,1630,8000,0,7,1630,0,1959,47.3948,-122.201,1630,7700,12.2783933071098
3,2.5,1810,3930,0,8,1810,0,2008,47.7169,-122.02,1560,5100,13.199324418540456
5,2.5,3490,18850,4,9,1840,1650,1958,47.5955,-122.176,2690,11625,13.726679344257658
4,3.0,1920,12040,0,7,1920,0,1962,47.4805,-122.301,1530,10230,12.706847933442663
3,2.5,2340,2155,0,10,2120,220,2012,47.53,-122.073,2640,2680,13.482133526250363
2,2.0,1420,9191,2,7,1420,0,1928,47.6979,-122.32,1420,6816,13.292106151991423
3,2.5,2980,43301,0,8,1930,1050,1978,47.7631,-122.093,2890,35915,13.329377546788654
2,2.5,2770,7781,0,8,2770,0,2006,47.7072,-122.017,1870,5984,13.534208092476533
3,1.0,1590,7759,0,7,1590,0,1912,47.5217,-121.819,1600,7200,12.685407602204794
3,2.5,2120,4310,0,7,2120,0,2001,47.687,-122.037,2280,4380,13.23560277301084
2,1.5,1280,2096,0,7,1080,200,2007,47.5872,-122.308,1340,7452,12.821258284620408
4,1.75,2400,9900,0,7,1250,1150,1957,47.4631,-122.362,1960,9900,12.86747112777554
4,2.75,2220,11925,0,7,1560,660,1953,47.6381,-122.205,2500,11377,13.623138665316818
3,3.5,3030,11550,2,8,3030,0,1971,47.5051,-122.381,2340,10560,13.458835614025542
3,2.25,1570,8111,0,8,1570,0,1984,47.6324,-122.028,1990,7875,13.091904169919621
3,1.5,1080,2940,0,7,1080,0,1920,47.6832,-122.304,1400,4930,12.886641043883259
3,1.0,960,213008,0,6,960,0,1933,47.5621,-121.862,1520,57499,12.206072645530174
4,2.5,2370,4000,2,8,1980,390,1928,47.601,-122.294,2440,5750,13.633988681340885
2,1.0,1010,4000,0,6,1010,0,1911,47.5536,-122.267,1040,4000,12.86099861326992
4,2.0,1760,4500,0,7,1760,0,1906,47.6711,-122.331,1740,4220,13.487006490992238
5,2.25,3210,61419,0,8,3210,0,1979,47.7632,-122.09,2820,48351,13.453823072201997
3,2.25,1270,1566,0,8,1060,210,2014,47.6647,-122.284,1160,1327,13.346313003752748
2,1.75,1560,7575,0,8,1560,0,2002,47.3776,-122.228,2050,9000,12.577636201962656
2,1.0,670,2378,0,5,670,0,1919,47.5769,-122.372,700,2970,12.072541252905651
4,2.25,2270,8196,0,7,1150,1120,1963,47.7214,-122.227,1920,10122,13.122363377404328
3,1.75,2130,6360,0,7,1720,410,1959,47.7059,-122.301,1540,6361,13.11332263275218
3,1.5,1530,10827,0,8,1530,0,1955,47.6354,-122.234,2050,10827,13.670484785914017
2,2.25,3900,14864,3,8,1950,1950,1947,47.5884,-122.291,2580,5184,13.885036620612885
3,2.5,1470,1571,0,8,1180,290,2007,47.5722,-122.387,1580,4329,12.948009990259552
3,2.25,1900,7800,0,8,1390,510,1977,47.4545,-122.208,1730,7800,12.542544882151386
2,1.5,1110,957,0,8,930,180,2005,47.6319,-122.362,1680,1104,13.120361374733656
3,2.5,2300,4307,0,8,2300,0,1998,47.7326,-122.197,2010,4307,13.122363377404328
2,1.0,900,6000,0,7,900,0,1944,47.6855,-122.289,1460,4800,13.019222618484815
3,2.0,2690,435600,0,8,2690,0,1992,47.3477,-122.519,1700,163350,13.262125319779487
3,1.75,2140,40098,0,8,1490,650,1950,47.4296,-122.111,2220,35371,13.13626628257332
3,1.75,1600,2538,0,7,1600,0,1929,47.6447,-122.327,1660,1750,13.64709190633931
4,2.0,1470,8395,0,7,1470,0,1965,47.631,-122.117,1760,7976,13.005829561148378
4,2.75,2475,4276,0,7,2475,0,2014,47.345,-122.21,2475,4000,12.675763725937609
4,2.5,2690,7947,0,8,2690,0,1993,47.4248,-122.153,2160,8328,12.945626198904275
3,1.0,1090,3000,0,8,1090,0,1929,47.6889,-122.375,1570,5080,13.190022025878143
2,1.5,720,5120,0,6,720,0,1954,47.5218,-122.357,1150,2566,12.106252310247962
3,3.0,1970,24318,0,8,1970,0,2010,47.7651,-122.246,2150,14695,13.005829561148378
5,3.0,2800,5700,0,8,2800,0,2014,47.4969,-122.145,2910,5349,13.369196892483066
2,1.0,1460,6000,0,7,1260,200,1925,47.7009,-122.317,1580,6380,12.65075846679162
4,2.5,2910,20946,0,8,2350,560,1976,47.7085,-122.24,2020,11342,13.465953081794405
3,1.75,2880,18296,0,8,1580,1300,1958,47.4881,-122.281,1380,9592,12.560244459250788
3,1.0,1190,5100,0,7,1030,160,1941,47.5346,-122.385,1690,5100,12.999065161059836
5,2.75,3630,38461,0,11,3630,0,2000,47.4289,-122.094,4440,50378,13.482133526250363
4,1.75,1980,7350,0,7,1430,550,1973,47.7088,-122.202,1870,7920,13.017002861746503
4,1.75,2340,17541,0,7,1360,980,1956,47.745,-122.229,2250,9212,13.073173133213556
3,2.5,3150,20189,0,10,3150,0,1990,47.447,-122.088,2920,20612,13.253391639810733
3,3.0,2610,22672,4,8,2610,0,1952,47.4414,-122.354,2810,22672,14.269765830241871
4,3.25,1790,2460,0,7,1100,690,2000,47.534,-122.346,1260,4040,12.86099861326992
3,1.75,2570,39634,0,8,2570,0,1984,47.596,-122.08,2990,39634,13.339891189932903
3,1.5,1380,7600,0,7,790,590,1971,47.3489,-122.306,1570,7904,12.36946619243861
2,1.0,920,2332,0,8,920,0,1980,47.3779,-122.32,1310,2853,12.078239274020289
4,2.5,2750,13950,3,8,1380,1370,1948,47.4938,-122.364,2460,13950,13.493926933836812
3,1.75,2270,7156,0,7,1370,900,1948,47.4864,-122.316,1210,7156,12.584509081250419
2,1.75,1760,2275,0,6,1040,720,1912,47.5803,-122.393,1380,3750,13.017002861746503
3,2.25,2206,82031,2,6,866,1340,1983,47.6302,-122.069,2590,53024,13.567049198665774
4,3.25,3910,6293,0,9,3130,780,2006,47.5389,-121.86,4410,6015,13.472949824002503
3,2.5,3120,6000,0,9,3120,0,2007,47.3473,-122.03,2670,6000,12.947890935553772
4,2.5,2500,5264,0,7,2500,0,2003,47.3853,-122.028,1960,5250,12.72635342806692
3,1.75,1670,7210,0,8,1670,0,1967,47.6344,-122.116,2200,7210,13.426902566922532
4,2.25,3750,5000,0,8,2440,1310,1924,47.6747,-122.303,2170,4590,14.085537695177335
3,1.0,1010,12705,0,7,1010,0,1959,47.3348,-122.303,1490,10200,12.341477282536376
3,1.0,1480,6750,0,7,1480,0,1958,47.505,-122.366,1480,7594,12.429216196844383
4,2.5,2840,4500,0,8,2840,0,2012,47.7678,-122.237,2840,4939,13.230320518909421
4,2.0,1450,5456,0,7,1450,0,1951,47.5442,-122.297,980,6100,12.881564890851399
3,2.0,1340,1951,0,6,670,670,1915,47.5763,-122.309,1520,2248,12.721885810807203
3,2.0,1190,6445,0,7,1190,0,1996,47.5057,-122.172,1920,8195,12.683858415217964
3,2.5,2540,4775,0,7,2540,0,2006,47.3341,-122.052,2270,5000,12.644327576461329
4,2.75,3550,9400,0,9,3550,0,2014,47.4827,-122.131,3550,9421,13.3999193535571
3,2.0,1690,10062,2,7,940,750,1928,47.5102,-122.241,2390,6650,12.783247649837698
3,1.75,1440,12888,2,7,1090,350,1958,47.471,-122.262,1710,12888,12.468436909997665
2,1.0,700,4800,0,7,700,0,1922,47.6147,-122.3,1440,4800,12.468436909997665
5,1.75,2760,18112,0,8,1510,1250,1968,47.7363,-122.298,1720,8482,13.112313041550827
3,1.75,1260,7128,0,7,1260,0,1969,47.7263,-122.205,1330,7326,12.764258840656002
3,1.0,1600,5952,0,7,1150,450,1964,47.5292,-122.362,1460,6200,12.70381302974751
3,1.0,1590,8160,1,7,1090,500,1954,47.4013,-122.321,1540,10500,12.691580461311874
2,1.0,1060,3040,0,7,860,200,1924,47.6725,-122.329,1470,3814,13.081541382884074
4,3.5,1460,951,0,8,1460,0,2008,47.6821,-122.326,1430,1282,13.270783382522602
4,2.5,2860,3638,2,7,1720,1140,1924,47.6631,-122.361,1760,3880,13.49385796594134
3,2.5,2605,2216,2,9,2090,515,1979,47.6529,-122.202,2605,1979,13.832367675030698
2,2.5,1860,3504,0,7,1860,0,2000,47.776,-122.239,1860,4246,12.84792653170257
3,2.5,2270,9600,0,9,2270,0,1990,47.7388,-122.206,2580,9617,13.262125319779487
3,1.0,990,6315,0,7,990,0,1970,47.7116,-122.214,1450,6702,12.721885810807203
3,2.25,2300,7200,0,8,1550,750,1978,47.324,-122.328,2000,7350,12.567237494741757
4,2.75,2020,10720,0,8,1420,600,1976,47.6373,-122.104,2190,10164,13.226723392728571
4,2.5,3170,10688,2,9,3170,0,2001,47.3179,-122.257,3100,12610,13.028052697933088
4,2.5,2420,9147,0,10,2420,0,1998,47.3221,-122.322,1400,7200,12.871334622600584
2,1.0,730,6000,0,6,730,0,1950,47.3832,-122.3,1750,7200,12.072255497795835
4,2.5,1900,15123,0,8,1900,0,1995,47.5015,-121.772,1900,16477,12.92391243868049
4,2.75,2820,13193,0,8,1860,960,1965,47.5579,-122.174,2580,13193,13.329377546788654
2,1.5,1320,10800,0,8,1320,0,1947,47.7145,-122.367,2120,12040,13.054084536651034
3,1.0,1020,4800,0,7,1020,0,1944,47.5615,-122.272,1400,5465,12.84792653170257
4,2.5,2350,8001,0,8,2350,0,1987,47.5478,-122.153,2460,8001,13.554145793829866
4,3.5,3290,8059,0,9,3290,0,2012,47.5573,-122.02,3290,10758,13.593616226050496
4,3.5,4440,20668,2,10,3240,1200,1965,47.5472,-122.235,4240,18650,14.363631966473962
5,3.5,3250,4800,0,9,2410,840,2010,47.5618,-122.362,1330,4920,13.465953081794405
2,1.0,700,9500,0,6,700,0,1951,47.5294,-122.276,1020,5617,12.154779351142624
3,2.5,2550,5376,0,9,2550,0,2004,47.6647,-122.083,2250,4050,13.474427708785377
3,2.5,2770,9350,3,8,2770,0,1957,47.5253,-122.201,2660,9695,13.428376406540833
2,1.0,1070,3000,0,7,870,200,1926,47.6828,-122.353,1890,3300,13.217673557208654
4,2.5,3420,7462,0,9,3420,0,2002,47.6388,-122.064,3080,8031,13.641038116113718
4,1.75,2160,19283,0,8,2160,0,1981,47.7603,-122.169,1990,9744,13.071070083016778
3,2.0,1220,7620,0,6,720,500,1947,47.4564,-122.352,1640,7620,12.67794951915759
4,2.0,2120,11479,0,7,1060,1060,1940,47.7084,-122.303,1540,11000,13.10011776845701
2,1.5,1070,877,0,8,1070,0,2005,47.6699,-122.393,1320,1193,12.853175887588712
3,1.75,2370,9750,0,7,1280,1090,1979,47.4459,-121.773,1230,9775,12.779873068457553
5,2.5,3600,20001,0,9,3600,0,1976,47.4484,-122.339,2860,21780,13.089840185698769
3,1.0,1130,10018,0,6,1130,0,1954,47.3733,-122.275,1770,7700,12.332705296463539
4,3.5,2980,3000,0,9,2340,640,2008,47.6768,-122.326,1810,4545,13.715690222682063
5,2.0,2800,17788,0,8,1400,1400,1963,47.6719,-122.163,1760,18282,13.407542319637992
3,1.0,940,7380,0,6,940,0,1959,47.4516,-122.175,1210,8095,12.398756989359676
3,2.5,1650,3076,0,7,1650,0,2003,47.682,-122.035,1560,3064,13.010313873595706
4,2.5,2350,3760,0,8,2350,0,2014,47.4786,-122.123,2590,4136,13.038970898840986
2,1.0,1020,7920,0,6,1020,0,1939,47.5558,-122.31,1530,6900,12.367340793126296
5,3.5,2770,9305,0,9,2770,0,1985,47.5628,-122.114,2520,9773,13.597354548161103
4,1.5,2550,5055,0,10,2550,0,1910,47.636,-122.301,1970,4431,13.766845385982993
4,2.0,1540,5110,0,7,1540,0,1957,47.5164,-122.268,1540,5110,12.478006361013815
3,2.5,2600,4750,0,9,1700,900,1951,47.6833,-122.4,2380,4750,13.579788224443204
3,2.0,1400,8821,0,7,1400,0,1991,47.1949,-121.989,1450,8721,12.35103841578036
2,2.5,1400,2958,0,8,1400,0,2007,47.5496,-122.373,1540,2385,12.827992316801751
3,1.75,1580,8775,0,6,1220,360,1942,47.4845,-122.335,1180,8775,12.524526376648708
3,1.0,1280,3200,0,7,1280,0,1903,47.6029,-122.307,1320,1676,12.959844447906553
4,3.0,2280,7400,0,7,1340,940,1978,47.711,-122.306,1540,7500,13.132313708257497
4,2.5,2580,9450,0,8,1660,920,1959,47.703,-122.28,2060,9450,13.38472764187182
5,2.5,3001,5710,0,8,3001,0,2006,47.3727,-122.177,2340,5980,12.829333698625952
6,5.0,2850,6600,0,7,2850,0,1994,47.6813,-122.187,1870,9900,13.39239051461739
3,2.5,1600,7936,0,7,1600,0,1996,47.3673,-122.017,1830,7936,12.542544882151386
2,1.5,1780,4750,0,7,1080,700,1947,47.6859,-122.395,1690,5962,13.226723392728571
2,1.0,1010,4120,0,6,1010,0,1907,47.488,-122.2,1200,4120,12.301155526776865
4,3.0,2600,29539,0,8,2600,0,1994,47.746,-122.231,1810,11600,13.321214236149494
2,1.0,1240,5500,0,7,1240,0,1954,47.6461,-122.317,2080,4400,13.710150042306449
3,1.5,1460,5040,0,7,1100,360,1971,47.7112,-122.357,2330,7560,13.197470849891134
4,3.5,4210,9414,0,9,4210,0,2001,47.6067,-122.022,3950,8880,13.693053616607997
4,2.25,2330,11400,0,8,2330,0,1974,47.4495,-122.148,2640,10200,12.834681304952548
3,2.25,2430,7614,0,8,1900,530,1979,47.5065,-122.191,1720,11250,12.80765263256463
3,1.0,1220,6000,0,7,1220,0,1968,47.3245,-122.209,1420,6000,12.271392111650817
2,2.5,1500,3608,0,8,1500,0,2005,47.5472,-121.994,2080,2686,12.943236711506893
4,2.5,2520,4831,0,8,2520,0,2009,47.7711,-122.168,2430,3937,13.19188944005294
3,1.5,1720,7110,0,8,1720,0,1955,47.5417,-122.355,1730,6840,12.685407602204794
5,2.25,2060,4800,0,8,2060,0,1907,47.66,-122.282,1740,4800,13.611239054032211
6,1.5,2550,33740,0,8,1750,800,1958,47.3222,-122.362,2010,28200,12.83707842955227
2,2.0,1130,5500,0,6,1130,0,1941,47.3839,-122.225,1320,6600,12.429216196844383
3,3.0,1290,1112,0,7,1290,0,2008,47.7282,-122.296,1230,9000,12.628067055589549
5,2.25,3480,9200,0,8,3480,0,1979,47.5585,-122.153,3130,9200,13.664687668229691
2,2.25,1060,925,0,8,980,80,2006,47.6386,-122.388,1020,4000,13.071070083016778
2,1.0,1240,57000,0,7,1240,0,1962,47.597,-122.059,3050,25545,13.132313708257497
2,1.0,1030,5000,0,6,1030,0,1917,47.6585,-122.363,1550,5000,13.028052697933088
3,1.5,2170,16600,2,10,1130,1040,1979,47.6307,-122.088,3130,13875,13.955272500339433
2,1.0,1740,5719,0,8,1740,0,1955,47.6729,-122.335,1980,5000,13.592367006650065
3,2.5,1410,1250,0,8,1140,270,2010,47.6515,-122.375,1720,2825,13.180632285528304
4,2.5,1970,5106,0,8,1970,0,1999,47.449,-122.205,2230,5109,12.756791832957841
3,2.25,2080,4252,0,7,1550,530,2003,47.4203,-122.157,2080,2275,12.506177237980511
3,2.25,2190,8775,1,8,2190,0,1927,47.7303,-122.287,1910,8145,13.283546414995719
4,2.0,1720,4000,0,7,1420,300,1950,47.6651,-122.285,1350,1281,13.217673557208654
3,1.5,1580,1228,0,8,1580,0,2014,47.6765,-122.32,1580,3605,13.112313041550827
4,2.75,2560,83200,0,8,1860,700,1980,47.7511,-122.111,1990,38332,13.239257128875828
2,2.5,2305,5580,0,8,2305,0,2007,47.7203,-122.024,1440,5748,13.465953081794405
5,3.0,2460,7240,0,9,1840,620,1991,47.5486,-122.189,2530,7885,13.3645249345543
3,2.5,1495,936,0,8,1405,90,2006,47.593,-122.295,1495,1186,12.89921982609012
5,3.5,3760,10207,0,10,3150,610,1969,47.5605,-122.225,3550,12118,13.813508555293602
3,2.75,1720,6720,0,7,1270,450,1947,47.6138,-122.298,1690,3248,13.108264453024827
4,2.75,3370,7634,2,8,2110,1260,1977,47.5259,-122.204,2460,7634,13.487006490992238
4,4.0,3770,8899,0,10,2940,830,2006,47.6476,-122.079,3300,8308,13.914903301842308
3,1.75,1140,9800,0,7,1140,0,1968,47.3063,-122.27,1370,9800,12.235631447771718
2,1.75,2040,8600,0,6,1430,610,1985,47.2755,-122.308,1310,7859,12.257240932104573
3,2.0,1010,21340,0,8,1010,0,1980,47.6223,-122.043,1700,13045,12.777052192115912
2,1.0,1220,4000,0,6,1220,0,1908,47.6801,-122.354,1580,4000,13.060487973686241
2,1.75,1210,7507,0,7,1210,0,1982,47.7078,-122.234,1840,7500,12.744026936684417
5,2.5,2650,11455,0,7,1400,1250,1961,47.6141,-122.116,1960,9880,13.244581010128577
3,2.5,2130,5205,0,8,2130,0,2013,47.4832,-121.774,2250,5462,13.030248088496522
4,3.25,5010,49222,0,9,3710,1300,1978,47.5489,-122.092,3140,54014,13.779883380321124
4,2.75,2970,59677,2,8,1610,1360,1973,47.5953,-122.08,2930,42489,13.627975434117433
4,3.25,2740,5339,0,9,2740,0,2004,47.6706,-122.356,1770,4820,13.465953081794405
5,1.75,2040,5280,0,7,1020,1020,1961,47.5941,-122.144,1720,7344,13.16158409055761
2,1.0,890,2100,0,6,760,130,1919,47.656,-122.359,1600,4250,13.038981768465277
3,3.25,2610,4500,0,9,1660,950,1909,47.6701,-122.339,2110,4500,13.737549016494562
4,2.5,3150,7277,0,9,3150,0,2006,47.5159,-122.202,3030,8643,13.43236842781037
3,2.5,2360,8764,0,8,2360,0,1991,47.2114,-122.009,2360,8746,12.577636201962656
3,1.0,1130,7014,0,7,1130,0,1954,47.4743,-122.274,1440,9350,12.230765258120545
3,1.0,900,4750,0,6,900,0,1969,47.3026,-122.363,900,3404,11.396391648714276
3,1.5,1060,6954,0,6,1060,0,1983,47.5497,-122.355,1560,6372,12.644327576461329
3,2.5,3580,118047,0,9,3240,340,1992,47.4453,-121.98,3240,123275,13.331813601586536
3,1.75,1870,7189,0,7,1270,600,1959,47.5412,-122.27,1780,6200,12.978493006984626
2,1.5,1570,3600,2,7,1320,250,1906,47.6366,-122.363,2140,3600,13.569610019527449
2,1.0,1060,7200,0,6,1060,0,1951,47.7463,-122.315,1850,8291,12.61152108683278
5,3.75,4450,7680,0,9,3460,990,2010,47.6418,-122.392,2550,6400,14.077874822431765
3,1.75,1820,9875,0,8,1820,0,1966,47.6243,-122.094,2670,10000,13.199231821660906
4,2.5,2040,11841,0,7,2040,0,1994,47.3691,-122.074,1730,8808,12.388394202324129
5,3.5,3760,4857,3,9,2820,940,2004,47.7398,-122.167,3000,5693,13.500799813124575
3,2.5,1480,14250,0,7,1480,0,1996,47.6595,-122.186,1660,14250,13.053656179394538
2,1.0,1890,4700,0,7,1030,860,1928,47.6747,-122.391,2150,4700,13.334243736439827
2,1.0,790,11234,0,6,790,0,1942,47.4413,-122.349,1930,11871,12.430315592287684
4,3.0,6430,27517,0,12,6430,0,2001,47.6208,-122.219,3720,14592,15.31714051776407
3,1.0,1040,7541,0,6,1040,0,1951,47.7565,-122.339,1140,6100,12.691580461311874
2,1.0,1390,5346,0,7,960,430,1908,47.5567,-122.279,1450,5040,13.190022025878143
3,2.25,1370,6600,0,7,1370,0,1993,47.3504,-122.035,1370,6600,12.628067055589549
3,1.5,1990,5978,4,7,1990,0,1926,47.3449,-122.329,2100,6221,13.345506928718539
3,1.0,1120,32250,0,6,1120,0,1934,47.447,-122.482,1010,335289,12.345834587905333
3,1.0,1280,9630,0,7,1280,0,1968,47.7677,-122.163,1300,9453,12.871334622600584
2,1.75,800,4800,0,6,800,0,1922,47.5559,-122.396,1090,5000,12.86876061860541
3,1.0,1620,9450,0,7,1620,0,1928,47.5136,-122.313,2070,11970,12.487485104968359
4,2.5,2331,3826,0,8,2331,0,2007,47.4444,-122.182,2441,3826,12.751299696013497
3,1.5,1370,10176,0,6,1370,0,1947,47.4738,-122.263,1650,10176,12.043553716032399
3,2.5,2660,20369,0,8,2660,0,1992,47.5234,-122.055,2720,12927,13.208541073645382
4,2.75,2630,15000,0,7,1690,940,1976,47.7425,-122.089,1800,16500,13.122363377404328
2,1.0,990,57499,0,6,990,0,1949,47.4145,-122.463,2090,27442,12.303652973869038
4,1.75,2330,8800,2,7,1260,1070,1961,47.6148,-122.113,2270,8800,13.262125319779487
4,3.25,4240,11189,2,10,4240,0,2006,47.6526,-122.191,3390,12540,14.322328160332725
4,1.75,1540,5120,0,6,770,770,1943,47.5359,-122.372,1080,5120,12.886641043883259
3,1.75,1620,7500,0,7,1220,400,1981,47.4815,-122.162,1470,7938,12.758519943986984
4,3.5,4570,16219,0,11,4570,0,2002,47.5859,-121.968,4700,16500,13.909000901051613
4,3.5,3550,11000,2,11,2260,1290,1999,47.5506,-122.134,4100,10012,14.119312012295937
3,1.5,1480,9086,0,7,1480,0,1962,47.4717,-122.323,1540,9750,12.628067055589549
3,2.25,1960,7000,0,8,1600,360,1980,47.4427,-122.126,1980,7140,12.779873068457553
2,1.75,1490,9874,0,7,1490,0,1963,47.6246,-122.199,2280,9869,13.707925347284336
3,1.0,1010,14510,0,7,1010,0,1974,47.3437,-122.078,2020,44866,12.506177237980511
3,1.5,1590,7080,2,8,1310,280,1952,47.5244,-122.386,2080,7200,13.487006490992238
4,1.0,1590,4280,0,7,1590,0,1924,47.667,-122.335,2230,4280,13.303016877097587
4,2.0,1600,15044,0,7,1600,0,1972,47.72,-122.216,1660,8102,12.985397522331171
3,2.5,2440,71002,0,9,2440,0,1996,47.2689,-122.01,3170,84000,12.973863369085885
3,2.5,2930,33981,2,9,2930,0,2000,47.5151,-122.12,3720,35230,13.573438996764546
3,2.5,2420,8252,0,7,2420,0,1998,47.5382,-121.871,2420,5818,13.029370510555164
3,2.5,1990,1891,0,9,1990,0,2012,47.6271,-122.324,1990,3600,13.892471599100402
3,2.0,1010,2820,0,7,1010,0,1905,47.6066,-122.304,1330,3000,13.017002861746503
4,2.5,2601,34335,0,9,2601,0,1995,47.742,-122.087,2080,32336,13.345506928718539
3,2.5,1680,2229,0,7,1680,0,2007,47.7484,-122.322,1230,9300,12.751299696013497
2,1.0,1120,2000,0,7,1120,0,1910,47.6454,-122.354,1500,4000,13.169246963303179
4,2.5,1910,9244,0,6,1910,0,1963,47.4918,-122.141,2590,9286,12.71589776896258
2,1.0,1840,81892,0,6,1840,0,1955,47.7694,-122.124,2550,40089,12.834681304952548
2,1.75,1860,5940,2,8,1020,840,1956,47.5751,-122.407,2130,5940,13.418757390458131
3,1.0,1300,3600,0,7,1300,0,1900,47.6345,-122.366,2510,4800,13.615839362835207
4,2.5,2990,5122,0,8,2990,0,2004,47.5773,-122.055,3140,7875,13.304684934198283
5,2.0,2330,10750,0,7,1190,1140,1962,47.7325,-122.245,1830,10180,12.871334622600584
3,2.75,2200,9600,3,8,1570,630,1977,47.3438,-122.323,2680,9896,12.834681304952548
5,1.5,2050,9360,0,7,1520,530,1968,47.436,-122.195,1840,9383,12.834681304952548
5,3.5,4750,8234,2,10,3350,1400,2013,47.3574,-122.318,2160,14496,13.554145793829866
2,1.5,1260,6660,0,7,1260,0,1926,47.6792,-122.287,2140,4770,13.182517300224076
3,1.75,1410,6886,0,7,1410,0,1924,47.7183,-122.353,1410,6561,13.049792684569493
3,2.5,2010,2212,0,8,1390,620,2014,47.5523,-121.998,1690,1619,13.0651939046797
4,2.5,3050,8000,0,9,3050,0,2007,47.7465,-122.231,1910,8000,13.514405465180353
3,1.75,1490,1036,0,10,1090,400,2008,47.6588,-122.403,1460,1206,13.16158409055761
3,2.5,1950,7263,0,7,1950,0,2007,47.5194,-121.869,2190,5900,12.921470435024938
4,2.5,2830,5932,0,9,2830,0,2014,47.6479,-122.408,2840,5593,13.850192138671527
3,3.75,3710,34412,0,10,2910,800,1978,47.5888,-122.04,2390,34412,13.813508555293602
4,1.75,1520,15398,0,7,1370,150,1960,47.5265,-122.05,1840,12500,13.186745636333598
3,1.5,2110,5195,0,7,1210,900,1959,47.5283,-122.286,1950,5195,12.818551923022664
5,2.0,2300,7897,0,8,2300,0,1956,47.7556,-122.356,2030,7902,13.122363377404328
3,1.0,970,4800,0,6,970,0,1950,47.6212,-122.298,1500,2042,13.304684934198283
5,4.0,4180,7232,0,9,4180,0,2014,47.7049,-122.125,3570,6054,13.855586674386608
3,1.75,1470,8350,0,7,1470,0,1990,47.2587,-122.253,1590,8182,12.26434155365415
5,2.75,2790,7600,0,7,2790,0,1965,47.4999,-122.165,1480,7600,12.793581494067123
3,2.25,1470,7857,0,7,1180,290,1973,47.4547,-122.209,1900,7600,12.65075846679162
4,2.0,1560,7500,0,7,1560,0,1968,47.7281,-122.181,1730,7500,12.992254692057308
4,2.5,2740,11975,0,8,2740,0,1991,47.6315,-122.028,2310,9068,13.500799813124575
2,1.5,1260,1575,0,7,1260,0,2001,47.5914,-122.295,1220,1740,12.832011076396668
3,2.0,2190,13673,0,9,2190,0,1994,47.3542,-122.098,2770,13804,12.976180867226248
3,2.5,1780,7192,0,7,1250,530,1974,47.4093,-122.173,1870,8500,12.439166527697552
4,2.75,2150,16728,0,8,1240,910,1982,47.6915,-122.183,2200,9257,13.316284070041636
3,1.5,1310,3880,0,7,1090,220,1956,47.6821,-122.392,1570,3880,13.482831119581757
3,1.75,1770,10513,0,7,1400,370,1982,47.7726,-122.266,2070,9968,12.936033799212835
3,1.0,1190,9600,0,7,1190,0,1981,47.4805,-121.762,1360,10140,12.609869696537642
2,1.0,830,5000,0,7,830,0,1921,47.6914,-122.352,1110,5000,12.881564890851399
3,1.5,2270,8187,0,8,1420,850,1954,47.7573,-122.278,2020,14092,12.92391243868049
3,1.75,1300,5413,0,7,1300,0,1925,47.6988,-122.32,1590,6380,13.19188944005294
4,1.0,1340,7920,0,7,1340,0,1970,47.2845,-122.267,1090,9600,12.230765258120545
5,2.5,2140,15950,2,8,1370,770,1968,47.4797,-122.358,2600,14273,13.339891189932903
6,3.5,2580,13572,0,8,1290,1290,1987,47.6796,-122.113,2020,11656,13.311329476916953
3,2.25,1690,12662,0,7,1090,600,1982,47.4972,-122.264,1950,9642,12.669806661762314
4,2.5,2870,35757,0,9,2870,0,1977,47.7568,-122.05,2700,41221,13.081541382884074
4,2.0,2220,3760,0,7,1370,850,1929,47.6876,-122.368,1620,3760,13.555443652545467
2,2.25,1061,2884,0,7,1061,0,2013,47.346,-122.218,1481,2887,12.319356686983513
4,2.5,2578,4554,0,9,2578,0,2014,47.2603,-122.194,2647,4554,12.901592010235175
3,2.5,1740,4960,0,8,1740,0,1992,47.5772,-121.998,1740,5021,13.075271769870477
3,1.0,1430,7000,0,6,1430,0,1968,47.3018,-122.369,1050,7700,12.273497621844962
3,1.0,870,5330,0,6,870,0,1969,47.369,-122.077,840,5200,12.100712129872347
3,2.5,2170,5000,0,9,2170,0,2003,47.5458,-121.996,2170,5000,13.336667980051335
2,1.0,990,3120,2,7,790,200,1907,47.68,-122.353,1930,3120,12.988831984779805
4,3.5,4680,12495,0,10,3040,1640,2008,47.6984,-122.206,3240,10749,14.115615150414612
4,3.5,4170,4322,0,9,2940,1230,2005,47.6136,-122.041,2970,4922,13.604789526648622
1,0.75,680,9600,0,5,680,0,1947,47.6964,-122.306,1580,6624,12.206072645530174
3,1.5,1140,20383,0,7,840,300,1985,47.4755,-121.758,1200,15625,12.675763725937609
3,1.75,1380,7350,0,7,990,390,1981,47.369,-122.093,1660,8400,12.180754837545884
4,2.5,3340,34238,0,8,2060,1280,1977,47.7654,-122.076,2400,36590,13.39239051461739
4,2.0,2220,8229,0,7,2220,0,1958,47.3722,-122.22,1660,8396,12.524526376648708
3,1.75,1670,39639,0,8,1670,0,1976,47.5929,-121.989,2330,30492,13.304684934198283
3,2.0,1200,7320,0,7,1200,0,1955,47.6986,-122.286,1750,8220,13.038981768465277
3,2.75,1670,1350,0,9,1350,320,2014,47.5763,-122.408,1520,4800,13.287793066528065
4,1.75,2000,10890,0,7,1390,610,1961,47.3203,-122.321,1520,9250,12.721885810807203
2,1.5,1130,746,0,8,1030,100,2009,47.6684,-122.363,1520,1519,13.19188944005294
3,2.5,1720,3676,0,7,1720,0,1992,47.4039,-122.188,1720,3510,12.45273739188573
4,2.5,3170,3862,0,8,3170,0,2008,47.6705,-122.145,2840,4181,13.617059619240436
3,2.25,2400,5000,0,7,1440,960,1926,47.6897,-122.393,1630,5000,13.262125319779487
3,2.25,1610,8296,0,8,1610,0,1978,47.7,-122.297,1610,8288,13.017002861746503
2,1.0,800,7260,0,7,800,0,1953,47.5359,-122.367,1010,7440,12.691580461311874
4,2.5,2440,10423,0,7,2440,0,1955,47.725,-122.172,1990,7758,13.142166004700508
2,2.0,1370,1339,0,8,1150,220,2006,47.6021,-122.295,1370,1339,13.01293906012304
3,2.25,1420,983,0,8,1420,0,2006,47.6533,-122.346,1530,1280,13.122363377404328
2,1.75,1160,6828,0,7,860,300,1941,47.6937,-122.298,1250,6828,13.035715570678656
4,3.5,3100,7600,0,10,3100,0,2005,47.3892,-122.215,3350,7638,13.144124869185841
3,3.0,1970,20978,3,9,1770,200,1980,47.3844,-122.438,2280,75396,13.465953081794405
3,2.5,1365,1090,0,7,1315,50,2003,47.6776,-122.324,1360,1124,13.180632285528304
4,2.5,2940,9172,0,9,2940,0,2006,47.3444,-122.269,2660,7955,13.081541382884074
4,4.25,3010,4887,3,10,1940,1070,1951,47.6933,-122.272,2540,9375,13.676248490630767
2,1.75,2056,52333,0,7,1048,1008,1980,47.2592,-122.291,2220,6458,12.57418196709457
3,2.0,1700,6498,0,7,1700,0,1986,47.3781,-122.044,1700,6654,12.577636201962656
4,2.5,3560,5265,0,8,3560,0,2014,47.7047,-122.113,3220,4892,13.69058885252855
4,2.25,2120,9921,0,8,2120,0,1981,47.5593,-122.082,1890,7845,13.592367006650065
4,2.5,2190,7000,0,8,2190,0,1997,47.3718,-122.109,2040,7700,12.721736545936414
5,2.75,3650,20150,0,10,2360,1290,1975,47.6215,-122.224,3220,19800,14.269765830241871
5,3.0,3420,18129,0,9,2540,880,1952,47.5333,-122.217,3750,16316,13.993656743347747
2,1.0,1500,3420,0,7,1500,0,1902,47.661,-122.338,2050,3420,13.081541382884074
3,1.0,1200,9087,0,7,1200,0,1969,47.5234,-122.177,1250,11826,12.736406735684207
3,1.0,1200,7800,0,7,1200,0,1954,47.5196,-122.371,1230,7070,12.524526376648708
3,1.75,1340,9975,0,7,1340,0,1961,47.7012,-122.169,1340,10050,12.92391243868049
3,1.5,1200,8404,0,7,1200,0,1964,47.4482,-122.269,2120,12000,12.301155526776865
4,1.5,2220,9496,0,7,1490,730,1954,47.6233,-122.206,1800,8286,13.733215315237445
4,1.75,1910,77574,0,8,1910,0,1971,47.3932,-122.12,2130,37026,12.873902018105829
3,2.75,1770,3172,0,8,1770,0,2009,47.5164,-121.878,1760,2891,12.936033799212835
3,2.25,1740,10836,0,7,910,830,1981,47.3976,-122.166,2090,7500,12.437184366493561
2,1.0,1090,5000,0,7,730,360,1942,47.5258,-122.378,990,5250,12.784650371346983
4,2.0,1500,7854,0,7,1500,0,1983,47.3127,-122.354,1500,7334,12.428816116823043
3,2.0,1300,9334,0,7,1300,0,1981,47.4865,-122.238,2210,9636,12.458774999085929
3,2.5,1740,6992,0,7,1740,0,1990,47.3574,-122.158,1260,6825,12.474189562487116
5,1.5,1950,9000,0,7,1130,820,1964,47.4882,-122.339,1680,9526,12.524526376648708
4,2.5,2500,4500,0,7,2500,0,2010,47.4928,-122.149,2230,4500,13.071070083016778
4,2.75,3190,8737,0,9,3190,0,2006,47.523,-121.877,3240,7131,13.282780098810234
2,1.0,1220,10000,0,7,1220,0,1950,47.7405,-122.241,2000,9600,12.706847933442663
3,1.5,1260,1270,0,7,1040,220,2005,47.7111,-122.331,1260,1472,12.409013489526863
2,1.75,1840,14874,2,8,1300,540,1952,47.4382,-122.348,2920,15084,12.971540487669746
3,1.75,1550,4054,0,7,1550,0,1926,47.6743,-122.301,1510,3889,13.071070083016778
3,1.5,1740,9038,0,7,1740,0,1955,47.5897,-122.136,1390,9770,13.064734264567692
3,1.0,1020,4960,0,6,920,100,1926,47.5328,-122.275,1230,7335,12.301155526776865
3,2.75,2440,45738,0,8,1840,600,1987,47.5453,-121.957,2440,189100,13.180632285528304
3,1.0,1070,9000,0,7,1070,0,1950,47.4061,-122.33,1840,12000,12.487485104968359
3,2.5,2560,35265,0,9,2560,0,1981,47.7354,-122.095,2820,35496,13.459549644759198
4,3.0,3540,11098,0,10,3000,540,1940,47.634,-122.288,3430,8214,14.603967918328545
6,3.5,4010,16200,0,8,2090,1920,1955,47.6322,-122.216,3560,16200,14.313858660219152
4,2.5,2550,56628,0,9,2550,0,2001,47.4913,-122.081,1870,56628,13.262125319779487
2,2.5,1590,1679,0,8,1590,0,2012,47.5449,-122.011,1590,1680,12.888727473369634
3,1.75,1330,16000,0,7,1330,0,1978,47.28,-122.257,1330,14374,12.100712129872347
2,1.0,820,4860,0,6,820,0,1955,47.5298,-122.271,1240,6000,12.240474072247506
3,2.25,1660,10140,0,8,1370,290,1980,47.6889,-122.128,2100,10125,13.24634935718532
2,1.0,860,2599,0,6,860,0,1901,47.675,-122.379,1300,3900,12.911642346088676
4,2.5,2120,57050,0,9,2120,0,1989,47.7611,-122.128,3320,39082,13.071070083016778
5,2.5,2360,11375,0,7,1180,1180,1962,47.4875,-122.255,1160,7800,12.666657052859417
3,2.25,1660,7003,0,7,1660,0,1996,47.3599,-122.188,1840,6680,12.505992035646432
4,1.75,2000,5100,0,7,1130,870,1949,47.6798,-122.391,1540,5100,13.296316684527767
3,1.75,1660,8301,0,7,1660,0,1955,47.7647,-122.263,1660,9489,12.980799813082541
3,1.0,990,4440,0,6,990,0,1943,47.522,-122.354,990,6771,12.330720950095284
3,1.75,1410,7700,0,7,1410,0,1967,47.5375,-122.176,1560,7700,12.897969044188466
4,4.5,4040,8400,0,9,3220,820,2006,47.7067,-122.131,3940,8400,13.664687668229691
4,2.25,2260,43847,0,8,2260,0,1982,47.7713,-122.129,2470,37304,13.304684934198283
2,1.0,960,4920,0,6,960,0,1942,47.6946,-122.362,1010,5040,12.542544882151386
3,1.75,1300,8976,0,7,1300,0,1967,47.3357,-122.305,1430,9750,12.371587084007746
4,2.5,2190,12690,2,8,1170,1020,1973,47.6627,-122.189,2630,10843,13.632788921148979
3,2.5,2100,5112,0,8,2100,0,1999,47.5338,-121.867,2100,4370,13.122163357401663
2,1.0,1400,4500,0,7,900,500,1922,47.4866,-122.219,1400,5500,12.100712129872347
3,1.0,1220,7876,0,7,1220,0,1966,47.7317,-122.201,1340,7876,12.761623038075673
5,2.5,2210,9655,0,8,1460,750,1976,47.7698,-122.222,2080,8633,13.060487973686241
5,2.25,2410,12000,0,8,2410,0,1973,47.5434,-122.175,2080,12000,13.381645975334411
4,3.25,4060,52707,0,9,4060,0,1996,47.7615,-122.041,3100,50755,13.687677186454389
4,2.5,3690,13609,2,10,3690,0,1996,47.5872,-121.972,3600,13609,13.567049198665774
3,2.25,3400,12825,1,9,3400,0,1961,47.5435,-122.26,2510,11574,13.765269341527528
3,2.5,1660,4083,0,7,1660,0,2013,47.3595,-122.045,1800,4087,12.556729517143344
2,1.0,1110,3200,0,7,1110,0,1925,47.6338,-122.358,1170,3600,13.407542319637992
5,3.25,4110,7920,3,9,3150,960,1921,47.617,-122.282,3890,7800,14.444119217386648
3,2.0,1270,1320,0,8,1270,0,2006,47.6937,-122.342,1370,1320,12.821123140353697
3,1.5,2240,3750,0,7,1220,1020,1952,47.6624,-122.336,1570,3400,13.317930160948304
5,1.75,2440,15143,4,8,1740,700,1944,47.4948,-122.37,2390,10907,13.547631112808673
4,1.5,2430,3600,0,8,2430,0,1980,47.6351,-122.285,2020,4800,13.753635154246187
3,2.5,1450,8064,0,8,1450,0,1984,47.6256,-122.037,1710,9554,12.89921982609012
4,2.5,2550,7312,0,9,2550,0,1988,47.6441,-122.113,2330,7480,13.457406021215947
4,1.75,1480,7875,0,7,740,740,1927,47.643,-122.397,1680,5851,13.144516182045463
3,1.75,2060,3300,0,9,1500,560,1918,47.6498,-122.32,1830,3712,13.604789526648622
4,3.75,3820,53574,0,10,3820,0,1994,47.7337,-122.121,3140,54014,14.010254634756786
4,2.0,2790,8793,0,8,1640,1150,1977,47.5509,-122.16,2400,9286,13.491164501140902
4,2.75,2520,14021,0,9,2520,0,1999,47.7344,-121.957,2330,14007,13.15773052124162
4,3.25,3674,12793,1,9,3674,0,1987,47.4357,-122.343,3220,13100,13.458764182902971
3,2.5,3100,20553,0,10,3100,0,1954,47.7635,-122.377,3000,22302,13.742939865129438
3,1.5,1280,4366,0,6,1280,0,1985,47.335,-122.215,1280,4366,12.117241431823558
4,3.5,4370,37193,3,8,2780,1590,1996,47.241,-121.979,2860,39356,13.06685066747407
5,2.5,2130,8428,0,7,2130,0,2013,47.4726,-122.282,1500,11810,12.84792653170257
4,1.0,1530,4875,0,7,1530,0,1977,47.3638,-122.091,1470,4875,12.007621706806335
3,1.75,1570,7775,0,7,1570,0,1982,47.3876,-122.216,1580,8622,12.479909311159902
4,1.0,1470,5450,0,7,1470,0,1918,47.6458,-122.306,2160,5450,13.458835614025542
2,1.0,1060,8187,0,6,1060,0,1952,47.7508,-122.349,1260,8188,12.445089546000673
3,2.5,3660,39478,2,9,3260,400,1989,47.2413,-121.972,2700,38312,13.180632285528304
1,0.75,430,5050,0,4,430,0,1912,47.6499,-121.909,1200,7500,11.289781913656018
3,1.0,1100,7470,0,5,1100,0,1917,47.5242,-121.831,1280,7055,12.429216196844383
4,1.5,1890,6938,0,8,1890,0,1919,47.5896,-122.389,1700,6250,13.623138665316818
4,2.25,1970,7532,0,8,1390,580,1983,47.7219,-122.109,1970,8248,13.071070083016778
4,2.5,4040,25752,0,10,4040,0,2000,47.4579,-122.068,3230,22247,13.547631112808673
3,1.75,2140,4800,0,8,1690,450,1905,47.6311,-122.312,2440,4800,13.814009431838008
3,2.0,1510,3750,0,7,1510,0,1928,47.5737,-122.383,1500,5000,13.079873325783376
3,1.0,1010,5864,0,7,1010,0,1915,47.5733,-122.381,1290,5000,12.959844447906553
4,4.5,4510,12873,2,12,4510,0,1998,47.6491,-122.201,2200,8528,14.411596025681089
5,2.5,3370,5092,0,7,3370,0,2006,47.3594,-122.036,2910,5092,12.911642346088676
4,2.0,2750,7807,0,7,2250,500,1916,47.7168,-122.287,1510,7807,13.255144488638146
3,2.0,2880,5100,0,7,2080,800,1926,47.6805,-122.385,1820,5100,13.399995114002609
4,2.5,2620,5060,0,9,2620,0,2005,47.5634,-122.394,900,5060,13.597354548161103
2,1.0,1290,3383,0,7,1290,0,2008,47.6968,-122.025,1290,2828,12.628067055589549
3,2.0,1560,1020,0,8,1560,0,2014,47.605,-122.304,1560,1728,13.151922179645874
2,1.0,880,5600,0,7,880,0,1955,47.5071,-122.265,1240,7015,12.367340793126296
3,2.5,1350,1186,0,8,1120,230,2007,47.6786,-122.375,1500,1605,13.057291380660613
1,1.0,680,1638,4,6,680,0,1910,47.5832,-122.399,1010,3621,12.437184366493561
3,2.25,1650,7800,0,7,1260,390,1969,47.7377,-122.197,1760,8268,12.86099861326992
3,2.5,2060,4030,0,7,2060,0,1999,47.3909,-122.238,2060,4029,12.407440824966542
3,2.5,2280,6134,0,8,2280,0,2004,47.5335,-121.854,2640,6167,13.060487973686241
3,1.5,1200,11935,0,7,1200,0,1968,47.3434,-122.082,1350,11935,12.363076394339839
3,1.0,1370,10708,0,7,1370,0,1969,47.2769,-122.264,1770,14482,12.230765258120545
2,2.5,2830,8630,0,10,2830,0,2001,47.6481,-122.081,3190,7515,13.58609739363647
2,1.0,1300,11080,0,7,1300,0,1955,47.7281,-122.233,1600,9259,12.959844447906553
3,2.0,1710,10959,0,7,1030,680,1981,47.697,-122.199,1710,10498,13.099094750464975
4,3.0,3220,6224,0,9,3220,0,2009,47.4813,-122.129,2950,6224,13.279281652475747
5,3.0,3350,9450,0,8,2180,1170,1912,47.6705,-122.34,2660,4500,13.815510557964274
3,1.5,1490,12186,0,7,1490,0,1950,47.7739,-122.322,1180,14285,12.818248353914994
2,1.0,800,5220,0,6,800,0,1943,47.7037,-122.32,1910,5376,12.429216196844383
5,3.0,2600,13674,0,8,1300,1300,1967,47.7176,-122.302,2150,7800,13.304601597392535
4,2.5,1920,8497,0,8,1920,0,1998,47.2608,-122.209,1940,8436,12.506177237980511
4,2.5,3680,13351,2,9,3680,0,1946,47.6154,-122.214,3410,11700,14.457364444136669
3,2.5,1570,9292,0,7,1110,460,1977,47.3386,-122.272,1470,9222,12.557433494645137
3,2.5,1450,3850,0,7,1450,0,2004,47.5318,-121.85,1970,3748,12.791077667470416
3,2.25,2350,51400,0,7,1390,960,1977,47.7417,-122.053,2350,51400,13.044401835934616
4,2.5,2154,6050,0,8,2154,0,2012,47.3513,-122.174,2305,5769,12.721885810807203
4,2.5,2160,6825,0,8,2160,0,1994,47.4111,-122.2,2020,7035,12.691580461311874
3,1.75,1570,8750,0,7,1570,0,1960,47.4425,-122.333,1890,8825,12.388394202324129
3,3.0,1850,12556,0,9,1850,0,1976,47.6286,-122.053,2390,12474,13.244581010128577
4,1.5,1770,5750,0,7,1770,0,1947,47.5621,-122.394,970,5750,12.994530005894443
5,2.75,2510,9180,1,8,1600,910,1975,47.6389,-122.098,2650,9780,13.452386290345634
4,2.5,2040,6300,0,8,2040,0,2003,47.3918,-122.185,2260,5877,12.66032791780777
2,1.0,910,7617,0,6,910,0,1936,47.7332,-122.305,1310,6624,12.367340793126296
3,1.75,1640,10464,2,8,1640,0,1968,47.5873,-122.205,2630,18872,13.959610901938031
3,1.75,1470,6250,3,7,1070,400,1939,47.7394,-122.288,2630,7050,12.976180867226248
3,1.0,1740,5247,0,7,1270,470,1947,47.5049,-122.329,1070,5636,12.553202176625375
4,2.5,2650,6240,0,8,2650,0,2013,47.6885,-122.021,2640,6524,13.461688683007948
4,3.25,3640,3604,2,9,1960,1680,1913,47.6145,-122.284,1940,4600,14.050582680143757
3,3.0,1845,5100,2,8,1845,0,1947,47.5204,-122.208,2100,7650,13.142166004700508
3,2.5,2700,7434,0,9,2700,0,1991,47.7434,-122.174,2660,8405,13.17115354157376
5,3.0,2270,5001,0,7,1360,910,1989,47.5539,-122.3,1950,5500,12.644327576461329
3,1.0,1150,5100,0,8,1150,0,1911,47.5349,-122.384,1440,5100,13.122363377404328
4,2.5,2350,3800,0,8,2350,0,2014,47.4783,-122.123,2670,4180,13.060477335331782
4,2.5,2570,22215,0,7,2570,0,1958,47.4833,-122.157,2460,6533,12.873902018105829
3,2.25,1930,8192,0,7,1470,460,1984,47.2624,-122.299,1510,8192,12.517227074167097
4,2.5,2910,6479,0,7,2910,0,2006,47.5402,-121.887,2320,5178,13.120361374733656
2,1.0,1140,5720,0,7,850,290,1947,47.6827,-122.298,1410,5832,13.028052697933088
3,1.0,1120,12500,0,7,1120,0,1977,47.6842,-122.2,2380,10000,13.329377546788654
3,1.0,1520,8870,0,7,1520,0,1951,47.7638,-122.317,1520,7800,12.676076274775909
3,1.75,1680,7770,0,7,1680,0,1967,47.6028,-122.167,1880,7770,13.180632285528304
5,2.25,3410,35536,0,10,2530,880,1974,47.65,-122.155,3140,43453,13.610943392223
2,1.0,740,6380,0,6,740,0,1912,47.6929,-122.318,1800,6380,12.916568464424731
3,1.75,2140,5808,1,7,1070,1070,1947,47.6435,-122.373,1930,5808,13.337474757021274
3,1.5,1780,10196,0,7,1270,510,1967,47.3375,-122.291,1320,7875,12.487485104968359
3,1.0,1010,7245,0,7,1010,0,1969,47.3338,-122.306,1300,8236,12.205822614274965
3,2.0,1700,8160,0,7,1120,580,1961,47.74,-122.339,1740,8181,12.72039215855042
2,2.5,1570,2399,0,7,1180,390,2009,47.5488,-122.364,1590,2306,12.772805901234461
4,2.5,2220,4720,0,7,2220,0,1998,47.3541,-122.024,2090,4717,12.714395139078047
4,1.5,1960,12688,0,7,1960,0,1962,47.6304,-122.097,2050,9375,12.999065161059836
2,1.0,590,8717,0,6,590,0,1953,47.7343,-122.335,1370,6760,12.388394202324129
3,1.5,2390,4600,0,8,1750,640,1920,47.5383,-122.268,1690,5220,12.948009990259552
4,2.75,3540,13515,0,10,3540,0,1998,47.5945,-121.982,3540,11538,13.617059619240436
3,2.25,1590,9960,0,7,1060,530,1976,47.7742,-122.287,1860,9760,12.983043837154916
3,2.5,2300,9521,0,8,2300,0,2003,47.7447,-121.976,3020,10042,12.983101310070822
3,2.5,1990,7577,0,7,1990,0,1990,47.2908,-122.351,1900,7152,12.587927887999204
5,2.25,3650,13068,0,10,1850,1800,1976,47.5458,-122.231,2760,13927,13.897090544956697
2,1.0,1010,5408,0,6,1010,0,1926,47.3759,-122.238,980,7800,12.323855681186558
3,2.25,1400,3825,0,7,1400,0,2012,47.3596,-122.082,2110,3825,12.506177237980511
3,1.0,1150,7560,0,6,1150,0,1958,47.4613,-122.184,1230,7560,12.2783933071098
2,1.0,780,4132,0,7,780,0,1942,47.5324,-122.387,1100,5100,12.57418196709457
4,2.25,2660,7957,0,8,1750,910,1977,47.7351,-122.199,1890,8250,13.17115354157376
3,1.0,1320,7076,0,7,1320,0,1959,47.6131,-122.123,1510,9000,12.959844447906553
3,2.25,1500,1290,0,8,1220,280,2006,47.6785,-122.375,1460,1375,13.102160670086809
3,1.75,1340,12800,0,7,880,460,1981,47.4437,-122.137,1500,7875,12.66032791780777
3,1.0,1760,3000,0,6,1760,0,1900,47.6598,-122.348,1320,1266,12.774081682823619
3,1.5,1670,6988,0,7,1370,300,1953,47.4283,-122.323,1090,7753,12.544329003944888
3,2.25,1640,4420,0,7,1640,0,1918,47.311,-122.21,1230,6632,12.429216196844383
3,2.0,1760,5000,0,7,960,800,1920,47.6408,-122.403,1380,5000,13.351886535682578
3,2.0,1350,7216,0,7,1350,0,1964,47.7616,-122.365,1920,7600,12.89921982609012
3,1.75,2430,9133,0,7,1410,1020,1978,47.5116,-122.157,1980,9592,12.721885810807203
3,2.5,1950,4345,0,7,1950,0,2007,47.5202,-121.873,2260,4345,12.959844447906553
3,1.0,1010,7633,0,6,1010,0,1961,47.3781,-122.314,1190,8386,12.323855681186558
3,1.75,2430,14607,1,8,1230,1200,1949,47.5588,-122.211,2750,17425,13.544226631322129
5,3.5,3190,4247,0,8,2430,760,2013,47.7016,-122.103,2580,3989,13.567049198665774
3,2.5,2910,10044,0,10,2910,0,1989,47.5845,-122.199,2420,12287,14.150553201775892
4,2.5,2830,5000,0,9,2830,0,1995,47.6597,-122.29,1950,5000,13.693342923990066
3,3.0,1430,1249,0,8,1430,0,2003,47.6971,-122.34,1020,1112,12.721885810807203
4,1.0,1420,6000,0,7,1420,0,1950,47.6844,-122.302,1420,6180,13.071070083016778
5,3.5,2810,2700,0,9,1900,910,1910,47.6799,-122.363,1510,3800,13.81451005763069
4,1.0,1640,10455,0,7,950,690,1963,47.2974,-122.366,1360,9750,12.292250341771226
3,2.5,1890,6088,0,7,1890,0,1996,47.2886,-122.218,1700,6600,12.487485104968359
2,1.0,630,4200,0,6,630,0,1930,47.5329,-122.348,970,4200,11.904967552746252
3,1.75,3330,12566,4,8,1940,1390,1960,47.5287,-122.22,3730,16560,14.485900751401603
4,2.25,4470,86225,0,10,4470,0,1991,47.6377,-121.985,3850,97049,13.693342923990066
3,3.5,1560,2198,0,8,1180,380,2006,47.5812,-122.403,1550,1467,13.235692062711331
6,3.5,4860,11793,0,11,3860,1000,1998,47.5521,-122.137,3600,11793,13.88036153028389
3,2.25,2180,4200,0,8,1520,660,1939,47.6412,-122.302,1850,4200,13.496681756515656
3,2.5,1660,15000,0,7,1660,0,1970,47.5803,-122.05,2060,15015,12.976180867226248
3,2.5,2620,21587,0,7,2620,0,1992,47.6384,-121.959,2570,23650,13.418013619505286
4,3.25,3850,19842,3,11,3180,670,1989,47.6239,-122.065,4320,19500,13.997832114758229
3,2.25,1810,8262,0,8,1810,0,1981,47.2994,-122.37,1820,8262,12.506177237980511
3,2.75,1580,4007,0,7,1580,0,2001,47.7367,-121.969,1770,3799,12.691580461311874
2,1.0,1010,14244,4,5,1010,0,1926,47.5476,-122.399,1820,15792,13.396960210307455
4,2.0,2280,10319,3,8,1270,1010,1989,47.3594,-122.322,2280,9767,12.948009990259552
4,2.5,2650,7200,0,8,2250,400,1979,47.7317,-122.354,2110,7269,13.23560277301084
3,1.75,2140,13260,0,7,1240,900,1948,47.5074,-122.353,1640,13260,12.736700896592344
5,2.75,3030,13640,0,8,3030,0,1980,47.6186,-122.146,2500,13225,13.551545012129809
2,1.0,980,3800,0,7,980,0,1926,47.6903,-122.34,1520,5010,12.873902018105829
2,1.0,1070,4200,0,6,1070,0,1983,47.3336,-122.215,1150,4200,11.982929094215963
3,1.0,1310,4163,0,7,1310,0,1964,47.5301,-122.381,1120,4166,12.93816405871849
2,1.75,1210,1032,0,8,1210,0,2014,47.5522,-121.999,1210,1090,12.787064052652976
3,2.0,1320,10720,0,8,1320,0,1981,47.6203,-122.037,1910,13639,12.881564890851399
4,2.5,2990,8913,0,9,2990,0,1991,47.4353,-122.159,2740,8030,13.060275185090907
4,1.0,1810,7500,0,7,1410,400,1959,47.4935,-122.333,1250,6255,12.487296407920908
4,3.5,3560,6098,0,10,3560,0,2006,47.5828,-121.972,3660,6846,13.579788224443204
4,2.0,2990,102366,0,8,2990,0,1974,47.3068,-122.088,2820,57140,13.142166004700508
2,1.0,820,16030,0,5,820,0,1923,47.2039,-122.003,1880,14046,12.128111104060462
4,3.25,1860,4356,0,9,1860,0,1917,47.6785,-122.351,1860,4356,13.781953774435431
3,1.75,1570,15330,0,7,1080,490,1956,47.4608,-122.34,1250,13330,12.013397676656728
3,1.5,1020,9072,0,7,920,100,1930,47.695,-122.301,1620,7930,13.10011776845701
3,1.75,2340,10495,0,8,2340,0,1967,47.5386,-122.226,3120,11068,13.567049198665774
4,2.5,3270,35445,0,11,3270,0,1989,47.548,-122.121,4180,32130,13.883169206438088
2,1.75,1550,9230,0,6,970,580,1969,47.4701,-121.744,1550,10856,12.765402678355779
2,2.5,1240,1546,0,7,1240,0,2007,47.5634,-122.298,1520,2468,12.706847933442663
3,2.25,1670,6240,0,8,1240,430,1974,47.6413,-122.113,1910,7000,13.208541073645382
4,2.25,2350,18600,0,9,2350,0,1977,47.7473,-122.257,2880,14400,13.524489584246979
4,2.25,2290,40946,3,8,1550,740,1960,47.616,-122.103,2790,20076,13.709038313453757
5,3.75,5330,6000,2,10,3570,1760,2006,47.5401,-122.073,4420,5797,13.764217263576723
3,3.25,1220,1281,0,8,930,290,2014,47.67,-122.317,1303,3810,13.173056491719846
4,2.5,2300,11165,0,8,2300,0,1979,47.5794,-122.118,2170,11165,13.291261913866142
3,2.25,1770,7667,0,8,1270,500,1966,47.7724,-122.362,2180,8103,13.16158409055761
3,2.5,2140,9492,0,8,2140,0,1994,47.3289,-122.204,2180,9184,12.618182296357007
3,2.5,1780,47480,0,7,1780,0,1995,47.4723,-121.707,1890,51836,13.112313041550827
4,2.0,1570,11200,0,7,1120,450,1959,47.7573,-122.217,1570,11200,12.742566016044742
4,3.0,5940,11533,4,11,4950,990,2004,47.5443,-121.87,4240,12813,13.954402556830892
3,1.0,1300,7975,0,7,1300,0,1958,47.611,-122.122,1570,9075,12.936033799212835
3,3.0,1390,1080,0,7,1140,250,2006,47.5325,-122.282,1450,1461,12.542544882151386
4,2.5,2820,33750,0,9,2820,0,1984,47.7387,-122.096,2510,36180,12.820987977820545
3,2.5,1626,1583,0,8,1419,207,2007,47.6031,-122.309,1400,1583,13.173056491719846
3,2.5,1500,7420,0,7,1000,500,1972,47.7236,-122.174,1840,7272,12.845291484064564
4,2.0,1720,6099,0,7,860,860,1949,47.6765,-122.287,1100,5671,13.17115354157376
3,2.5,2507,18400,0,8,2507,0,2006,47.2867,-122.27,1520,14709,13.221067790276669
3,1.5,1460,15000,0,7,1460,0,1966,47.3182,-122.271,1510,15000,12.354492650648448
4,2.5,1720,9600,0,7,1120,600,1961,47.2917,-122.188,1520,9400,12.206072645530174
4,3.5,4010,10880,3,11,3150,860,1990,47.5359,-122.213,3530,17310,14.142653699296968
3,2.5,1800,2791,0,8,1800,0,2011,47.5442,-122.371,1580,2617,12.847663339175718
3,3.5,2740,3785,0,9,2190,550,2001,47.7195,-122.182,2060,3457,13.399995114002609
4,3.25,2690,3995,0,9,2060,630,2014,47.532,-122.384,1810,4590,13.541073712262515
2,1.0,1190,6967,0,7,1190,0,1946,47.5896,-122.243,1700,6968,13.282950442052277
3,1.0,1340,7000,0,7,1340,0,1978,47.3742,-122.149,1850,7904,12.388394202324129
4,2.0,1940,25600,0,8,1940,0,1962,47.5722,-122.129,2000,10071,12.80765263256463
4,2.5,3480,6315,0,9,2360,1120,2000,47.6841,-122.161,3620,5233,13.655928488139809
4,1.75,1690,11739,0,8,1690,0,1959,47.552,-122.219,2300,11600,13.465953081794405
4,3.0,2460,9606,0,8,2460,0,2012,47.4889,-122.317,1730,7500,12.542544882151386
4,2.5,2080,5191,0,8,2080,0,2001,47.5978,-122.017,2170,5518,13.306350213517344
4,2.75,1750,5080,0,8,1750,0,1903,47.6143,-122.305,1700,4572,13.527828485512494
3,2.5,1570,1433,0,8,1570,0,2010,47.6858,-122.336,1570,2652,13.36138027787483
4,2.5,2280,8798,0,8,2280,0,1987,47.7471,-122.247,2180,8632,13.16158409055761
3,1.0,1200,8470,0,7,1200,0,1961,47.3864,-122.287,1200,7952,12.092343880201831
3,1.0,800,2296,0,6,800,0,1908,47.6546,-122.356,1480,1472,12.821258284620408
3,1.5,1890,9450,0,7,1090,800,1957,47.4829,-122.341,1470,8100,12.506177237980511
3,2.75,1310,7300,0,7,1310,0,1957,47.6016,-122.123,1310,7030,12.911642346088676
5,2.5,2310,8303,0,7,1300,1010,1975,47.7212,-122.211,1930,8303,13.060381585048447
4,1.75,2180,10200,2,8,2000,180,1966,47.7638,-122.27,2590,10445,12.994530005894443
4,2.25,1880,9163,0,8,1880,0,1981,47.4362,-122.165,1900,7980,12.66032791780777
0,0.0,1470,4800,0,7,1470,0,1996,47.5265,-121.828,1060,7200,12.367340793126296
3,1.75,1740,10800,0,7,1740,0,1959,47.7717,-122.351,1810,7735,12.736700896592344
3,1.5,1460,9908,0,7,1460,0,1952,47.4275,-122.331,1420,9582,12.644327576461329
2,1.0,740,6460,0,6,740,0,1953,47.5077,-122.344,1170,6975,12.092343880201831
2,1.0,1050,7500,3,6,1050,0,1910,47.5577,-122.399,2540,13680,13.163505320735505
4,2.5,2110,9825,0,8,2110,0,2000,47.4979,-122.153,1650,9900,12.948009990259552
3,2.0,1650,6408,0,8,1650,0,1977,47.6638,-122.128,1750,6402,12.994530005894443
3,1.75,1930,5400,2,9,1930,0,1978,47.77,-122.391,2100,6840,13.312983737012978
2,1.0,860,7250,0,6,860,0,1949,47.7206,-122.35,1270,7250,12.628067055589549
4,1.75,2120,8520,0,7,1600,520,1978,47.302,-122.373,2160,8400,12.535736040222057
2,1.75,1550,4257,3,7,830,720,1953,47.5274,-122.384,1920,5100,12.936033799212835
3,2.5,2020,11935,0,9,2020,0,1976,47.632,-122.092,2410,12350,13.235692062711331
3,2.25,1870,7403,0,7,1870,0,1950,47.7171,-122.32,1630,7440,13.028052697933088
3,1.75,1340,196020,0,7,1340,0,1987,47.2931,-121.992,2250,232230,12.736700896592344
3,2.5,2000,7205,0,8,2000,0,1998,47.3499,-122.302,2180,7611,12.691580461311874
5,4.25,4420,13497,0,11,3510,910,2000,47.5262,-122.143,4220,12015,14.001990124906893
4,2.5,2790,9910,0,8,2790,0,2003,47.4891,-122.141,2590,9910,13.15773052124162
4,2.75,3100,3773,0,8,2000,1100,1919,47.6158,-122.291,2130,3777,13.517778149658993
4,1.0,1360,6000,0,6,1020,340,1944,47.4783,-122.285,1230,6000,12.519056900844173
5,4.25,4110,42755,2,10,2970,1140,2000,47.3375,-122.337,2730,12750,13.506264307596652
4,3.0,2720,4800,0,8,1790,930,1928,47.6595,-122.283,2260,4800,13.835313185260453
4,3.5,3310,4850,0,9,3310,0,2010,47.6954,-122.022,3320,5955,13.573438996764546
5,3.25,3360,6120,0,9,3360,0,2014,47.607,-122.053,3230,5398,13.62917495565825
4,1.75,1590,10523,0,7,1590,0,1922,47.7358,-122.342,1610,8568,12.827992316801751
3,2.5,1690,2752,0,8,1690,0,1979,47.6332,-122.108,1690,2855,12.973863369085885
3,2.5,2070,4697,0,7,2070,0,2002,47.5307,-121.875,2230,4437,12.911642346088676
5,3.25,4590,12793,2,11,3590,1000,1928,47.6453,-122.41,2920,8609,14.843342664571336
3,1.75,1880,8706,0,7,940,940,1927,47.7362,-122.292,1880,7200,12.888916933094222
3,2.5,2880,36820,0,10,2880,0,1992,47.766,-122.044,3190,36820,13.474146375262633
5,2.0,3110,6131,0,7,1560,1550,1940,47.5615,-122.279,1720,6600,13.485616636703183
3,2.25,2140,7200,0,7,2140,0,1979,47.3913,-122.191,1890,7455,12.542544882151386
4,2.5,2990,29170,3,9,2990,0,1999,47.5146,-122.117,3715,29170,13.493926933836812
4,1.5,1580,6200,0,6,790,790,1944,47.4971,-122.24,1320,6499,11.977131068100993
4,1.75,1690,8392,0,7,1190,500,1979,47.773,-122.256,1880,9861,12.911642346088676
3,2.0,3000,22040,2,8,2470,530,1942,47.7745,-122.368,2600,7947,13.695600261291716
4,2.25,1720,2300,0,7,860,860,1940,47.5762,-122.412,1720,4680,13.226723392728571
4,1.75,2110,6708,3,8,1410,700,1941,47.67,-122.274,2140,7006,13.846039762999096
3,2.5,1420,1438,0,9,1280,140,2003,47.6265,-122.323,1490,1439,13.415032991367148
6,3.0,2630,8800,0,7,1610,1020,1959,47.7166,-122.293,1220,1173,12.971540487669746
6,2.25,2660,13579,0,7,2660,0,1937,47.7142,-122.286,1120,8242,13.500799813124575
3,1.0,1700,8645,0,6,1700,0,1955,47.4899,-122.337,1500,7980,11.911701584927597
4,2.5,2730,4526,0,7,2730,0,2009,47.491,-122.153,2190,4572,12.994530005894443
2,1.0,990,9223,0,7,990,0,1949,47.72,-122.32,1230,7244,12.80765263256463
4,2.0,1740,9000,0,8,1740,0,1958,47.6815,-122.198,1850,7700,13.473020249017498
4,1.75,1960,8400,0,8,1960,0,1967,47.3111,-122.379,2080,8400,12.468436909997665
4,1.75,1870,9500,0,7,1090,780,1962,47.7012,-122.187,2010,10000,13.102160670086809
4,2.5,2560,36601,0,9,2560,0,1987,47.5851,-121.992,2790,36601,13.422467969854667
4,2.0,2220,14120,0,7,1200,1020,1966,47.361,-122.116,1300,9709,12.323855681186558
3,2.5,3520,237402,0,9,3520,0,2004,47.2687,-122.056,2310,165963,13.715690222682063
3,2.75,2460,6413,0,9,2460,0,2004,47.7497,-122.245,2440,6092,13.37855478276474
3,2.5,2620,43832,0,8,2620,0,2013,47.655,-122.009,2620,120686,13.527828485512494
2,1.0,1120,7560,1,6,1120,0,1947,47.77,-122.39,1120,7200,12.84792653170257
4,2.5,2400,4848,0,8,2400,0,2004,47.3626,-122.04,1980,5199,12.748396936355535
4,3.25,3940,27591,3,9,3440,500,2000,47.5157,-122.116,3420,29170,13.493926933836812
3,1.0,1310,7000,0,7,1310,0,1958,47.6019,-122.123,1280,7300,13.010313873595706
2,1.0,830,4000,0,6,830,0,1955,47.6929,-122.379,950,4000,12.885311045903869
3,1.0,1110,7000,0,7,1110,0,1955,47.754,-122.341,1800,7000,12.618182296357007
4,2.5,2382,5899,0,8,2382,0,2011,47.2793,-122.295,2382,5897,12.751299696013497
4,2.5,2560,10400,0,7,1280,1280,1965,47.5225,-122.04,1740,11050,12.994530005894443
3,2.5,2050,3218,0,7,2050,0,2008,47.7612,-122.344,2050,7200,12.96453929221076
4,1.75,1990,12950,0,8,1850,140,1968,47.5434,-122.166,2090,12850,13.170010030871682
3,1.75,1900,3000,0,7,1070,830,1903,47.5255,-122.265,1130,6000,12.647548191161372
4,2.5,2060,5742,0,7,2060,0,1999,47.3612,-122.185,1610,7298,12.524526376648708
3,1.75,1790,9813,0,7,1790,0,1949,47.749,-122.305,1520,10125,13.019222618484815
3,1.5,1760,4880,3,8,1290,470,1928,47.5334,-122.388,1840,4998,13.44154411691548
2,1.5,1430,8137,0,7,1130,300,1934,47.7307,-122.29,1430,8137,12.907311995987456
2,1.0,1070,5000,0,7,1070,0,1924,47.6666,-122.331,1710,5000,13.369223455335854
2,1.0,950,3090,0,6,950,0,1909,47.551,-122.276,1230,4120,12.706847933442663
5,3.5,3390,7950,2,7,3390,0,2003,47.4792,-122.181,2580,6900,12.99430270733681
3,2.75,2820,5348,0,9,2820,0,2008,47.7073,-122.118,3140,5640,13.526494262499357
3,2.25,1950,9600,0,7,1200,750,1987,47.2762,-122.148,1760,8850,12.468436909997665
4,2.5,2290,5515,0,8,2290,0,2006,47.5518,-122.357,1380,5515,13.017002861746503
3,2.0,1760,6428,0,7,980,780,1942,47.6388,-122.397,1760,6004,13.444446876573442
4,2.0,2070,9822,0,7,2070,0,1955,47.566,-122.14,1300,9572,12.834681304952548
3,2.25,4470,22518,2,9,3240,1230,1953,47.574,-122.18,2930,21837,14.204846284142555
4,2.5,2600,11542,0,9,2200,400,1939,47.7076,-122.377,2840,10960,14.018451401960965
3,2.75,2330,4780,3,8,1730,600,1930,47.3459,-122.326,1100,5336,13.217673557208654
3,1.75,1496,1423,0,8,1248,248,2006,47.715,-122.355,1460,1423,12.821258284620408
2,2.5,1320,1329,0,8,1180,140,2007,47.6728,-122.374,1490,5000,12.959844447906553
4,2.0,2200,13320,0,6,1100,1100,1944,47.481,-122.292,1330,6099,12.230765258120545
3,2.5,3310,387684,0,8,2160,1150,1919,47.4167,-121.936,2340,189050,13.384650715836164
3,2.25,1860,9210,0,7,1860,0,1994,47.3864,-122.03,1530,8091,12.542544882151386
4,2.75,3150,7379,0,7,2430,720,1915,47.6968,-122.3,1990,7379,13.369223455335854
4,2.25,2070,13084,0,8,1700,370,1967,47.5606,-122.222,2520,10180,13.58609739363647
3,1.75,3600,8666,0,6,2400,1200,1948,47.6893,-122.167,2290,8200,13.041153321978786
5,4.0,3400,5000,0,8,2320,1080,1900,47.6655,-122.363,1910,5000,13.676248490630767
3,2.0,1680,19978,0,6,880,800,1948,47.3924,-122.308,2150,11588,12.460714863903755
3,1.0,1340,21336,0,5,1340,0,1945,47.4023,-122.273,1340,37703,12.546109948315882
3,2.5,2160,59241,0,7,2160,0,2007,47.3304,-122.13,2290,125017,12.87364557497069
3,1.75,2590,25992,0,8,1970,620,1968,47.5521,-122.03,2590,29250,13.199324418540456
3,1.75,2090,7461,0,6,1200,890,1986,47.3764,-122.184,1420,7462,12.460714863903755
4,1.0,1390,3708,0,7,1390,0,1926,47.685,-122.363,1430,3708,13.321214236149494
2,1.5,1400,9031,0,7,960,440,1982,47.2915,-122.368,1450,7658,12.154779351142624
5,2.5,2520,27951,0,7,1890,630,1942,47.7733,-122.318,1830,14373,12.880037006673344
4,2.25,2440,9450,0,7,2440,0,1947,47.7061,-122.307,1720,7503,13.458835614025542
4,2.5,1160,16008,0,7,1160,0,1989,47.7643,-122.295,1570,12645,12.936033799212835
3,1.5,1020,10152,0,6,1020,0,1959,47.4971,-122.168,1320,8892,12.013700752882718
5,5.25,3410,8118,0,11,3410,0,2006,47.6295,-122.236,3410,16236,14.626440774180603
4,3.0,2720,7570,0,9,2720,0,2008,47.7113,-122.349,1770,5705,13.235692062711331
3,2.5,1700,6000,0,8,1700,0,1997,47.2615,-122.221,1940,6626,12.429216196844383
3,2.5,1995,1483,0,8,1760,235,2005,47.6025,-122.31,1520,1173,13.132313708257497
1,1.0,820,1060,0,8,760,60,2007,47.5472,-122.372,1770,1853,12.175613438045465
4,2.25,2060,8540,0,7,1540,520,1967,47.734,-122.19,1560,7700,12.959844447906553
3,1.75,1490,10757,0,7,1060,430,1966,47.72,-122.229,1490,10609,13.049792684569493
5,2.0,1910,12264,0,7,1010,900,1963,47.601,-122.134,1700,9179,13.038981768465277
4,2.5,2880,23994,3,9,2880,0,2002,47.2124,-122.005,2470,17009,13.190022025878143
4,1.0,1740,8100,0,7,1020,720,1962,47.467,-122.185,1600,8949,12.468436909997665
4,1.75,2490,7834,3,8,1240,1250,1958,47.6851,-122.209,3210,7834,13.763164077592064
5,2.5,3890,27311,2,10,3890,0,1950,47.7291,-122.363,3160,22641,13.912664491554942
3,1.5,1860,7963,0,7,1200,660,1963,47.4513,-122.268,1800,10400,12.571930299043558
2,1.0,830,2820,0,7,830,0,1920,47.689,-122.347,1460,3150,13.159659162148026
3,1.75,1630,15600,0,7,1630,0,1958,47.68,-122.165,1830,10850,13.165422866864775
4,1.0,1190,8875,0,7,1190,0,1946,47.7487,-122.303,1190,8875,12.530663867298165
4,2.75,2790,5000,0,8,2790,0,2014,47.4831,-121.773,2620,5527,13.090375166537939
2,1.0,1120,4800,0,7,770,350,1926,47.5669,-122.372,1510,4800,12.802158113246987
5,3.5,3260,58806,0,8,3260,0,1969,47.3703,-122.159,1810,17927,13.250668637557252
2,1.0,1070,9750,0,7,1070,0,1947,47.7532,-122.318,1500,8775,12.697715449879391
3,1.75,1300,4000,0,7,900,400,1953,47.6368,-122.388,1750,4000,13.038981768465277
3,2.25,1960,1985,0,7,1750,210,2003,47.5417,-122.289,1760,1985,12.706847933442663
3,2.5,1790,6191,0,8,1790,0,1992,47.4102,-122.195,1790,6758,12.429216196844383
3,3.25,3786,38038,4,9,1934,1852,1978,47.3907,-122.448,2850,33361,14.137521590739645
3,2.5,2760,9471,2,8,1760,1000,1956,47.676,-122.272,3040,6765,13.592367006650065
4,2.5,2920,7700,0,9,2920,0,2003,47.7351,-121.975,2920,8943,13.152892582439152
3,3.5,3380,3333,0,10,2800,580,2008,47.6162,-122.288,2790,5000,13.989463865087712
4,2.5,2650,11520,0,8,2110,540,1988,47.683,-122.187,2000,7680,13.487006490992238
3,2.75,3040,21052,0,10,3040,0,1980,47.638,-122.225,2950,21052,14.28551418721001
3,2.75,3890,7216,1,8,3260,630,1967,47.5445,-122.266,2490,9920,13.892471599100402
4,1.0,1550,7620,0,7,1550,0,1957,47.5287,-122.35,1450,7620,12.751299696013497
4,2.75,2170,5988,0,8,2170,0,2014,47.7484,-122.317,1170,8147,13.219490088135052
3,2.0,1480,3876,0,7,860,620,1928,47.6808,-122.382,1660,3774,13.404530269168
3,2.5,1880,6818,0,8,1880,0,1993,47.4206,-122.183,1970,7000,12.691580461311874
4,2.25,1750,10160,0,8,1320,430,1972,47.5909,-122.158,2170,11165,13.203943364396752
3,2.0,1790,7212,0,8,1790,0,1998,47.3898,-122.154,2330,7212,12.793720411897448
3,1.0,1080,6250,0,5,1080,0,1950,47.5045,-122.33,1070,6250,11.728036844587175
1,1.0,1230,9300,0,6,1230,0,1918,47.7055,-122.348,1190,6820,12.765545566117686
4,2.5,1740,4642,0,7,1740,0,2012,47.3686,-122.117,1950,4642,12.66499952850503
4,1.5,1350,8113,0,7,1350,0,1959,47.5807,-122.196,1930,8113,13.296316684527767
4,2.5,2628,11466,0,9,2628,0,2014,47.2904,-122.264,2849,10909,13.12068196462179
4,2.25,1830,9485,0,7,1200,630,1989,47.2995,-122.387,1730,10109,12.371587084007746
2,1.0,1200,4000,0,7,1070,130,1940,47.5766,-122.378,1770,4000,13.017002861746503
4,2.25,2740,88426,0,7,2740,0,1991,47.4734,-122.006,2740,62726,13.215853720491667
3,2.5,1600,7000,0,8,1600,0,1993,47.3534,-122.057,1700,7000,12.524526376648708
3,1.75,1410,9150,0,7,1410,0,1959,47.5683,-122.178,1800,9940,12.80765263256463
2,1.0,1170,5150,0,6,980,190,1907,47.5503,-122.283,1660,5150,12.65075846679162
2,1.75,1850,2530,0,7,1850,0,1903,47.6106,-122.31,1500,1795,13.112313041550827
5,1.75,2460,6846,0,7,1340,1120,1911,47.5445,-122.321,1410,4800,13.005829561148378
3,2.5,2190,2658,3,9,2190,0,1979,47.6528,-122.203,2315,2538,13.554145793829866
4,2.75,4430,74358,0,10,4430,0,1990,47.6392,-121.988,3820,80875,13.785051350479566
2,1.0,1040,6900,0,7,1040,0,1915,47.5411,-122.391,1620,6280,12.943236711506893
3,3.0,2940,4622,0,9,2230,710,1988,47.6641,-122.293,1580,4000,13.883169206438088
2,1.0,890,6000,0,6,890,0,1919,47.4976,-122.225,1100,6000,12.100712129872347
5,2.5,1980,10205,0,7,1080,900,1929,47.699,-122.307,1310,5413,12.943236711506893
4,2.0,1650,3504,0,7,760,890,1951,47.5803,-122.294,1480,3504,12.905450375840756
2,1.0,830,6030,0,6,830,0,1925,47.6994,-122.347,1280,6030,12.959844447906553
4,1.75,1890,10550,0,7,1010,880,1969,47.5147,-122.193,1930,7291,12.826649133255284
3,1.0,1120,8576,0,6,1120,0,1943,47.4896,-122.248,1050,8812,12.218495165528731
4,2.25,2060,11385,0,7,1200,860,1962,47.314,-122.363,2110,11385,12.48559653028049
3,2.5,1780,11000,0,8,1210,570,1980,47.5574,-122.149,2310,9700,13.36138027787483
4,2.5,2640,8055,0,9,2640,0,2004,47.315,-122.193,1650,8055,12.855790268162783
5,2.75,3010,12611,0,10,3010,0,1994,47.696,-122.102,2890,9456,13.6384153201419
3,2.5,2070,8337,0,8,2070,0,1997,47.3658,-122.176,2030,7248,12.691580461311874
4,2.5,2020,7289,0,7,2020,0,1994,47.401,-122.171,2090,7259,12.793859310432293
4,3.25,3090,6744,4,9,3090,0,1923,47.768,-122.388,2020,6656,13.652991628466498
4,2.5,2710,35868,0,9,2710,0,1989,47.375,-122.022,2780,36224,13.085699393032737
3,1.75,1930,213008,2,7,1300,630,1980,47.6751,-121.993,2860,208652,13.249876697703288
4,2.5,2850,25993,0,9,2850,0,1989,47.5318,-122.17,2480,12672,13.415032991367148
2,1.5,960,1808,0,7,960,0,1993,47.6183,-122.298,1290,1668,12.788288265382837
3,1.75,1280,12776,0,7,1280,0,1977,47.4212,-122.199,1680,11704,12.611537753638338
3,1.75,1650,16200,0,7,1650,0,1976,47.3926,-122.168,1650,8680,12.48559653028049
7,1.5,2660,15111,0,7,2660,0,1962,47.4644,-122.066,1710,15429,12.644327576461329
4,2.75,2260,7209,3,7,1330,930,2002,47.7088,-122.302,1790,10860,13.122363377404328
2,1.5,1660,4680,0,6,830,830,1908,47.5134,-122.388,1930,5400,12.815838217151068
4,2.5,1680,3000,0,7,1680,0,2003,47.494,-122.279,1420,5500,12.579358855274103
4,2.5,4620,20793,0,11,4620,0,1991,47.2929,-122.342,3640,20793,13.262125319779487
4,1.75,1360,7700,0,7,1360,0,1966,47.4558,-122.177,1321,7756,12.468436909997665
4,2.25,2130,7210,0,7,1330,800,1965,47.629,-122.117,1310,7896,13.188151117942333
3,1.0,900,6099,0,6,790,110,1944,47.4807,-122.289,1240,6099,12.323855681186558
4,2.5,2570,8178,2,8,1710,860,1961,47.5483,-122.261,2050,7500,13.530491602931978
4,2.5,3200,7282,0,9,3200,0,2007,47.4318,-122.286,3030,7290,12.793859310432293
3,1.75,1220,216332,0,7,1220,0,1981,47.7224,-121.926,1540,61419,12.873902018105829
5,2.75,1650,5453,0,7,1650,0,1970,47.5293,-122.285,1670,5885,12.121331417075083
3,2.0,1160,6120,0,7,1160,0,1947,47.6853,-122.293,1150,5100,13.134291948269603
3,1.0,1150,8050,0,7,1150,0,1956,47.374,-122.296,1360,8050,11.722375689152436
4,2.5,2890,6322,0,8,2890,0,2011,47.3494,-122.044,2380,5738,12.9384405392434
3,2.25,1490,7589,0,7,1490,0,1993,47.3474,-122.037,1510,6603,12.46651198158808
5,2.5,3597,4972,0,7,3597,0,2006,47.3002,-122.282,3193,6000,12.706847933442663
4,2.75,2990,6626,0,9,2990,0,2014,47.7107,-122.11,2910,5533,13.610882040647779
3,2.5,1600,6848,0,7,1600,0,2000,47.3303,-122.271,1700,7210,12.577636201962656
3,1.75,1650,8400,0,8,1470,180,1959,47.5766,-122.236,2020,7777,13.437174117244362
2,1.0,1290,4650,0,7,1290,0,1906,47.6877,-122.325,1640,3900,13.110290796170059
3,2.5,1770,6187,0,7,1770,0,1992,47.4034,-122.189,1650,7200,12.409013489526863
3,2.25,1220,5739,0,7,790,430,1984,47.6952,-122.326,1870,5739,12.542544882151386
3,1.0,1460,8290,0,8,1460,0,1959,47.7246,-122.3,1470,8290,12.896716695872
2,1.0,780,1133,0,7,780,0,2009,47.5924,-122.295,1130,1270,12.821258284620408
3,1.5,1460,11407,0,7,1460,0,1954,47.746,-122.294,1470,11407,12.850554654108839
3,2.5,2670,10496,0,9,2670,0,1989,47.6272,-122.026,2490,8636,13.396200043034057
3,2.25,2220,16020,0,8,1780,440,1966,47.3758,-122.217,2080,9583,12.691580461311874
3,1.75,1300,8480,0,7,1300,0,1969,47.6991,-122.13,1740,7280,12.892950213076524
4,2.5,2040,5000,0,7,1180,860,1924,47.6786,-122.36,1540,5000,13.560618308335483
3,1.75,2110,19600,0,8,2110,0,1959,47.4742,-122.198,880,10077,12.89921982609012
4,2.5,2860,14000,0,8,2860,0,1995,47.7306,-121.973,2650,14564,13.37700559577791
3,2.25,1170,1249,0,8,1170,0,2014,47.6722,-122.381,1350,1310,13.161487932088379
3,1.5,1740,9046,0,7,1740,0,1956,47.7402,-122.255,1830,9513,12.936033799212835
4,3.5,3080,5974,0,9,3080,0,2003,47.6007,-121.974,2950,5425,13.504900980868788
5,4.0,4440,9270,0,10,2220,2220,1968,47.5708,-122.212,2720,9614,14.074021253115776
3,2.5,1950,9618,0,7,1950,0,1992,47.4068,-122.18,1890,7133,12.66032791780777
5,1.75,1970,8925,0,7,1170,800,1977,47.2925,-122.196,1910,8025,12.449018824140563
3,1.75,1730,9211,0,8,1730,0,1961,47.7149,-122.322,1440,9211,12.89921982609012
3,2.5,1680,11193,0,8,1680,0,1984,47.4482,-122.125,2080,8084,12.631340380934517
5,1.75,1660,78408,0,6,1660,0,1915,47.529,-121.837,1660,78408,12.211060187041213
3,2.5,2660,4975,0,8,2660,0,2014,47.5487,-122.272,1840,6653,13.304601597392535
3,1.0,1220,7200,0,7,1220,0,1965,47.6218,-122.116,1320,7200,13.010313873595706
5,2.5,2450,20805,0,9,2450,0,1963,47.6275,-122.227,3020,20324,14.253765488895429
4,2.5,2570,10155,0,9,2570,0,1994,47.3842,-122.17,2770,10155,12.845291484064564
3,2.25,1620,8701,0,7,1220,400,1962,47.6071,-122.137,1600,7910,13.060381585048447
3,2.5,1720,3600,0,7,1720,0,2010,47.6856,-122.013,1720,3600,12.864576620146545
5,2.0,2020,5000,0,7,2020,0,1938,47.6949,-122.37,1510,6600,13.098070684835283
4,2.0,2340,10507,0,6,2340,0,1959,47.3578,-122.178,990,10507,12.301382825334498
2,1.0,1250,3708,0,7,1250,0,1926,47.685,-122.363,1430,3708,13.16158409055761
4,2.5,3640,10576,0,11,3640,0,1999,47.5899,-121.979,3370,10351,13.724491159577106
3,1.5,2200,5000,0,9,2200,0,1932,47.6404,-122.408,2860,5000,13.73646735062382
3,2.0,1670,13775,0,8,1670,0,1968,47.4873,-121.783,2130,14500,12.834681304952548
3,2.5,2210,70567,3,9,2210,0,1995,47.6087,-121.895,2000,73616,13.142067960678665
3,1.75,1560,8078,4,6,1560,0,1928,47.5779,-122.246,2890,16710,13.997832114758229
5,3.25,4010,12110,0,11,4010,0,2003,47.5228,-122.151,4010,12334,13.90763384684008
3,1.5,1060,9600,0,7,1060,0,1962,47.3229,-122.348,1440,9600,12.296827008798639
3,2.0,1110,10500,0,7,1110,0,1978,47.4456,-121.773,1230,10395,12.676076274775909
3,0.75,490,38500,0,5,490,0,1959,47.7112,-121.315,800,18297,11.918390573078392
3,1.0,1250,8200,0,7,1250,0,1954,47.3255,-122.304,1680,8633,12.55302548257067
3,1.0,1060,7920,0,7,1060,0,1968,47.5649,-122.358,1060,7457,12.696185227698622
4,3.0,3470,4750,2,9,2370,1100,2014,47.5917,-122.386,2420,4761,14.01272072725198
3,2.5,1780,5015,0,7,1780,0,2010,47.3352,-122.052,2010,5250,12.506177237980511
4,3.5,3260,5000,0,9,2630,630,1937,47.6598,-122.273,2600,5000,14.253765488895429
4,1.5,1850,3600,0,8,1660,190,1929,47.6376,-122.307,1970,3600,13.732128949025222
2,1.75,1030,1106,0,7,765,265,2006,47.5397,-122.387,1030,1066,12.751299696013497
2,1.0,1010,11919,0,6,1010,0,1947,47.7461,-122.322,1220,11240,12.611537753638338
4,1.5,2720,37258,0,10,2720,0,1994,47.7402,-122.035,3270,39714,13.357435499583813
3,1.0,1300,8284,0,7,1300,0,1968,47.3327,-122.306,1360,7848,12.041050585814281
3,1.0,2000,21780,0,8,1480,520,1978,47.6064,-122.039,2000,45738,13.122363377404328
3,2.5,1280,1889,0,8,1280,0,2009,47.6619,-122.324,1450,1889,13.199324418540456
3,2.0,1680,5036,1,7,1680,0,1987,47.4734,-122.186,1680,4921,12.821258284620408
3,2.5,2140,9897,0,8,2140,0,1959,47.5505,-122.219,2680,10083,13.591116224748411
3,2.25,1670,3135,0,8,1220,450,2002,47.6478,-122.396,1630,1596,13.199324418540456
4,1.75,2480,60548,0,7,1600,880,1968,47.4722,-122.001,2390,90169,12.948009990259552
3,2.75,2200,7000,0,7,1280,920,1977,47.4574,-122.169,1670,7000,12.691580461311874
3,1.0,1580,4000,0,8,1580,0,1905,47.6363,-122.32,2190,4000,13.444446876573442
2,1.75,1450,4000,0,7,1350,100,1903,47.6571,-122.326,1310,4000,13.38472764187182
2,1.0,1400,9600,0,6,1400,0,1941,47.2113,-121.993,1230,9600,12.206072645530174
2,2.5,1000,1092,0,7,990,10,2004,47.5419,-122.271,1330,1466,12.006401450401107
4,2.5,2060,10125,0,7,1560,500,1979,47.764,-122.262,1760,9876,12.983101310070822
4,3.5,4010,9654,0,10,4010,0,2007,47.5891,-122.2,1870,9873,14.366517971363097
3,2.0,1740,3600,0,7,990,750,1923,47.6448,-122.358,1250,3600,13.426777190331652
4,3.0,2690,28300,0,8,2690,0,1954,47.4458,-122.343,2820,27100,13.422467969854667
3,1.0,1000,3844,0,7,900,100,1928,47.7031,-122.349,1000,3920,12.928778628331663
4,2.75,2670,6780,3,8,1630,1040,1908,47.5131,-122.256,2400,5989,13.422467969854667
3,2.25,2680,9162,0,8,1570,1110,1978,47.5683,-122.091,2480,8261,13.304668267392726
2,1.0,860,4013,0,7,860,0,1925,47.6652,-122.338,1490,4013,13.270783382522602
3,1.75,1520,11085,0,8,1520,0,1983,47.646,-122.068,2310,9647,13.072290390769888
2,1.0,930,5368,0,7,930,0,1953,47.6952,-122.275,1770,6000,12.948009990259552
4,2.75,2050,7171,0,8,1540,510,1988,47.6194,-122.042,1960,7110,13.176851562688398
4,2.5,3700,12500,0,8,1920,1780,1973,47.5403,-122.168,2020,8350,13.287877815881902
4,2.5,2720,34498,0,7,1360,1360,1966,47.5832,-122.02,1920,22474,13.337474757021274
4,2.5,2020,8044,0,8,2020,0,1990,47.6247,-122.043,2320,7328,13.358225701126313
4,2.5,2350,5835,0,8,2350,0,2003,47.3494,-122.153,3010,5772,12.506177237980511
3,1.0,1130,12500,0,7,1130,0,1954,47.5491,-122.268,2280,8750,12.834681304952548
5,3.5,4370,12240,0,11,3270,1100,1990,47.582,-122.199,2980,12800,14.22097566607244
3,1.0,1540,3399,0,7,1200,340,1926,47.6853,-122.359,1500,3914,13.180820946975897
3,1.5,1340,7200,0,7,1340,0,1972,47.718,-122.193,1730,8820,13.017002861746503
4,2.5,2540,11500,0,8,1640,900,1979,47.5609,-122.15,2820,9800,13.349498949988076
5,4.25,3970,4500,0,9,2860,1110,2004,47.5402,-122.069,3480,4500,13.606639665936783
4,2.75,3130,139392,0,9,3130,0,1981,47.3535,-122.19,2720,104544,13.244581010128577
3,2.5,3192,5653,0,8,3192,0,2014,47.2956,-122.35,3000,5134,12.96453929221076
4,2.5,2600,6536,0,9,2600,0,1999,47.5232,-122.191,2640,6185,13.304684934198283
4,2.5,2730,36183,0,9,2730,0,1986,47.7036,-122.127,2710,5964,13.541073712262515
3,1.5,1270,2356,0,7,1270,0,2012,47.5671,-122.298,1490,2175,11.987897978836546
3,1.0,1030,5350,0,7,1030,0,1924,47.4905,-122.206,1030,5250,12.628067055589549
3,1.5,1340,10224,0,7,1340,0,1956,47.5752,-122.157,1340,10440,12.94084150078094
6,1.0,1370,5080,0,6,1120,250,1931,47.5238,-122.35,1020,5080,12.072541252905651
4,2.5,2690,5505,0,8,2690,0,2004,47.3666,-122.119,2690,5505,12.71589776896258
5,2.5,3270,6129,0,9,3270,0,2004,47.4461,-122.208,2980,5928,13.091904169919621
3,2.75,2670,4800,0,8,2670,0,2014,47.3483,-122.042,2340,5000,12.9190224533863
6,3.5,6563,32670,0,10,5153,1410,2002,47.6078,-122.157,2610,22651,14.077874822431765
3,1.75,1760,6300,0,7,1060,700,1963,47.5003,-122.26,1340,7300,12.319401330837177
4,1.0,1210,3760,0,6,1210,0,1900,47.6872,-122.344,1540,3800,13.021437458814368
3,1.75,1820,34800,0,6,1820,0,1967,47.4616,-121.98,2570,52707,12.840000466430148
4,2.75,3210,8520,2,7,1810,1400,1976,47.7743,-122.388,2450,7360,13.527828485512494
4,2.25,3300,8365,0,9,3300,0,2014,47.5363,-122.377,1290,8369,13.541073712262515
5,4.5,5130,43123,0,11,5130,0,1996,47.544,-122.126,4670,43560,14.285482936721719
3,2.5,1320,1780,0,7,880,440,2005,47.528,-122.269,3040,6000,12.30591798049989
4,1.0,1200,2171,0,7,1200,0,1933,47.7076,-122.342,1130,1598,12.388394202324129
2,2.25,1660,2748,0,7,1660,0,1995,47.4333,-122.212,1620,3167,12.367340793126296
2,1.0,880,4000,0,6,780,100,1937,47.6931,-122.379,950,4000,12.706847933442663
2,1.5,720,4346,0,6,720,0,1942,47.5225,-122.351,790,4346,12.567237494741757
4,2.25,1990,8548,0,8,1990,0,1973,47.667,-122.178,2320,8926,12.983101310070822
5,1.5,1980,7958,0,7,1980,0,1962,47.4571,-122.17,1510,8438,12.2783933071098
4,2.25,2320,7350,0,8,2320,0,1973,47.4512,-122.131,2170,7350,12.751299696013497
4,4.5,4920,270236,3,10,3820,1100,2006,47.4695,-121.775,4920,260924,13.85665250129545
4,2.75,1860,7500,0,8,1220,640,1967,47.5398,-122.173,2020,8137,13.180537941455402
3,2.5,2580,4636,0,9,2580,0,2006,47.6201,-122.025,2480,4500,13.45597438174451
4,2.75,3410,5838,0,9,3410,0,2012,47.6931,-122.022,3420,7048,13.518451323699896
2,1.0,960,87991,0,5,960,0,1946,47.63,-121.9,1940,392040,12.100712129872347
4,1.75,1630,6120,0,7,980,650,1918,47.6821,-122.31,1630,4080,13.199324418540456
5,2.75,3100,9825,2,8,3100,0,1950,47.7188,-122.281,2120,8400,13.458835614025542
4,2.5,1910,1502,0,8,1910,0,2014,47.6747,-122.393,1520,3888,13.353475098367715
6,1.75,2120,3801,0,7,1220,900,1925,47.6832,-122.311,1850,4181,13.108264453024827
4,2.5,2460,4862,0,8,2460,0,2004,47.7719,-122.235,2900,4895,13.112313041550827
4,2.5,2570,6251,0,9,2570,0,2000,47.593,-122.197,2570,9588,13.972514306773938
3,1.5,1350,81549,0,7,1350,0,1966,47.3099,-122.09,2220,93825,12.043553716032399
3,2.5,3080,13880,0,9,3080,0,1990,47.3726,-122.025,2780,15318,13.253389885423228
3,2.25,1450,4789,0,7,1450,0,1985,47.5665,-122.018,1560,4490,12.984250075274694
3,3.0,1860,2875,0,8,1710,150,2009,47.5511,-122.373,1350,4830,12.899094818276968
2,1.0,1040,9100,0,7,1040,0,1937,47.7407,-122.347,1950,13228,12.332705296463539
3,1.0,1210,5750,0,7,1210,0,1910,47.5403,-122.391,1160,5000,12.994530005894443
4,2.5,2020,9600,0,7,2020,0,1954,47.5434,-122.395,2250,8550,13.442996549995796
2,2.5,2730,7246,0,9,2730,0,1998,47.512,-122.175,3220,7214,13.190022025878143
3,2.5,2260,10153,0,10,2260,0,1987,47.641,-122.068,2740,10153,13.304684934198283
3,1.5,1340,11744,0,7,1340,0,1950,47.4947,-122.36,2020,13673,12.785491060761776
2,1.0,700,5100,0,5,700,0,1953,47.4957,-122.168,970,5811,12.245293358683455
4,1.0,1330,7980,0,6,1330,0,1952,47.492,-122.333,1570,8588,12.429016176841717
3,1.75,1340,6300,0,7,1340,0,1972,47.7186,-122.218,1780,7200,12.777052192115912
3,1.75,1990,5650,1,7,1320,670,1963,47.5086,-122.252,2130,5650,12.751299696013497
4,2.75,2250,7345,0,8,1320,930,1984,47.2895,-122.37,1800,6950,12.468436909997665
3,1.75,1160,6134,0,7,1160,0,1998,47.3414,-122.218,1330,6301,12.429216196844383
4,1.5,1730,7020,0,5,1730,0,1953,47.4939,-122.167,1110,7020,12.498742259492994
3,1.75,1480,7000,2,8,1480,0,1963,47.6018,-122.291,1850,4000,13.437174117244362
4,3.0,3100,15480,0,8,2400,700,1996,47.7466,-122.241,2000,42500,13.241034907121827
3,1.75,1700,8481,0,7,1700,0,1993,47.2623,-122.305,1830,6600,12.611537753638338
6,1.75,2180,4000,0,7,1380,800,1926,47.6643,-122.29,1720,4000,13.270783382522602
3,1.75,1240,7620,0,7,1240,0,1968,47.4576,-122.348,1150,7620,12.798874491141245
3,1.0,1010,7838,0,6,1010,0,1977,47.7422,-121.981,1380,8128,12.66349749256905
4,2.25,2530,10611,0,8,1320,1210,1977,47.5698,-122.132,2530,10125,13.287877815881902
4,2.5,2770,8879,0,9,2770,0,2001,47.5831,-122.193,2770,8882,14.151982794585487
3,1.0,1660,9600,0,7,1660,0,1963,47.708,-122.216,2020,9600,12.793859310432293
4,2.5,2700,6769,0,9,2700,0,1999,47.3753,-122.155,2880,7968,13.060487973686241
3,1.0,1270,3600,0,7,1270,0,1906,47.6368,-122.37,1710,3600,13.39239051461739
2,1.0,840,9000,0,6,840,0,1951,47.5033,-122.329,1350,10400,12.301382825334498
4,1.75,2120,5400,0,8,1060,1060,1941,47.6501,-122.395,2052,6000,13.473020249017498
4,2.5,3290,6465,0,9,3290,0,2002,47.5981,-121.976,3100,5929,13.482133526250363
4,1.0,1580,8475,2,7,1580,0,1928,47.5104,-122.254,1700,5650,12.91410843858387
3,2.0,1570,7200,0,7,1570,0,1952,47.7501,-122.314,1410,7434,12.721885810807203
4,1.75,1900,10588,0,6,1900,0,1958,47.289,-122.212,1530,10587,12.487485104968359
2,1.0,780,6685,0,5,780,0,1948,47.305,-122.215,880,6695,11.813030057420567
3,2.5,1480,1531,0,8,1480,0,2014,47.669,-122.402,1530,1321,13.302933401159477
3,1.0,880,10800,0,6,880,0,1942,47.4949,-122.338,1100,8820,12.254862809699606
3,1.0,1370,6780,0,6,1370,0,1930,47.7156,-122.291,1450,7214,12.723377235393874
4,2.25,2180,10754,0,7,1100,1080,1954,47.7711,-122.341,1810,6929,12.66032791780777
3,2.0,1810,12420,0,7,1810,0,1957,47.5888,-122.127,2230,12330,13.227983859268013
3,2.5,1650,4777,0,8,1650,0,2013,47.5336,-121.841,1800,3331,12.959726793926773
3,1.75,1090,7647,0,7,1090,0,1994,47.2613,-122.302,1660,9219,12.371587084007746
4,2.25,2340,13406,0,9,2340,0,1963,47.5377,-122.221,2340,10743,13.81049801614073
4,2.75,2380,15800,0,8,1680,700,1957,47.5929,-122.133,1950,11751,13.393153582185892
5,2.0,2050,3000,0,7,1470,580,1912,47.6864,-122.352,1560,4500,13.351886535682578
3,1.5,1380,12196,0,7,1380,0,1967,47.3204,-122.322,1600,10720,12.560244459250788
5,3.0,2420,11250,0,8,2420,0,2013,47.5082,-122.362,1510,9950,13.005829561148378
5,2.0,2280,5750,0,8,1140,1140,1951,47.5672,-122.39,1780,5750,12.855790268162783
4,2.5,2420,5118,2,7,1550,870,1926,47.5671,-122.378,1740,5750,13.301346032932768
4,1.75,2320,3825,0,8,1820,500,1926,47.6659,-122.327,1940,3825,13.754698418567516
3,2.5,1530,1131,0,8,1530,0,2009,47.6993,-122.346,1530,1445,12.834681304952548
2,1.0,1150,9186,0,7,1150,0,1946,47.5081,-122.33,1390,10690,12.691426603322494
4,2.25,2310,9800,0,8,1780,530,1968,47.6657,-122.178,2310,9800,13.238367053160635
3,1.0,1020,5500,0,7,1020,0,1961,47.5502,-122.286,1160,5500,12.100712129872347
5,2.5,2010,3600,0,6,1510,500,1912,47.6522,-122.366,1780,3600,13.071070083016778
4,2.5,3230,21781,0,9,3230,0,1993,47.6318,-122.01,3230,21780,13.573438996764546
2,1.0,1670,14695,0,7,1670,0,1930,47.7001,-122.2,1800,11355,13.112313041550827
3,1.0,1360,9310,0,7,1020,340,1980,47.4901,-122.185,1480,8330,12.345834587905333
3,2.5,2090,32718,4,7,1550,540,1919,47.3338,-122.511,1200,192268,12.89921982609012
2,1.5,1010,3060,0,7,1010,0,1918,47.6897,-122.354,1160,4080,12.886641043883259
5,3.25,2180,7200,0,7,2180,0,1982,47.7078,-122.234,1840,7644,13.06685066747407
3,2.0,1440,5457,0,7,1440,0,1986,47.3784,-122.046,1480,6286,12.429216196844383
2,1.0,750,4680,0,5,750,0,1948,47.6919,-122.371,1450,4400,12.598114733306197
3,2.0,2110,5800,0,7,1990,120,1927,47.6645,-122.342,1620,4300,13.493926933836812
4,3.5,4330,15335,0,11,3230,1100,1988,47.5315,-122.231,3840,14311,14.346138809026444
3,2.0,1820,4480,0,7,1120,700,1923,47.6717,-122.295,1920,4480,13.39239051461739
4,2.25,2490,8700,0,7,1890,600,1976,47.7397,-122.324,1470,7975,13.00019574343012
3,2.25,2100,20018,4,8,1470,630,1948,47.4544,-122.366,2410,17196,13.199324418540456
4,1.5,1930,15531,0,7,1930,0,1979,47.345,-122.296,1580,7800,12.524526376648708
4,2.5,2730,7649,0,7,2730,0,2006,47.5441,-121.882,2730,6216,13.13626628257332
2,1.0,680,2550,0,5,680,0,1901,47.6767,-122.388,1120,5100,12.80765263256463
3,2.5,1950,4949,0,7,1950,0,2009,47.5155,-121.87,2200,5740,12.971540487669746
4,3.0,3410,6541,2,9,2680,730,2007,47.5416,-122.38,2300,6345,13.897090544956697
4,2.5,2590,16437,0,8,2590,0,1986,47.3714,-122.059,2320,15625,13.049792684569493
3,1.0,1280,5100,0,7,1280,0,1948,47.5259,-122.38,1380,7140,12.599802497419917
3,2.25,1990,7340,0,8,1990,0,1984,47.7579,-122.141,2180,11223,13.005829561148378
5,2.75,3030,7000,0,7,1540,1490,1978,47.3661,-122.28,1790,7330,12.679196402112153
4,2.5,2230,5000,0,7,1650,580,2006,47.4799,-122.129,2090,4637,13.012548511397123
3,1.75,1120,5500,0,7,1120,0,1925,47.5445,-122.391,1490,5500,13.048932099318446
5,3.75,4700,11237,0,10,2930,1770,2006,47.6624,-122.197,3180,13140,13.94214320889764
2,2.25,1190,1499,0,9,1100,90,2004,47.6666,-122.285,1430,1332,13.218945475250573
3,2.0,1600,13200,0,7,1600,0,1990,47.4656,-121.756,1360,11520,12.639639183749212
4,2.5,2150,7944,0,8,2150,0,1990,47.259,-122.215,2170,8319,12.61319970516484
4,2.5,2570,7980,0,9,2570,0,1998,47.6378,-122.065,2760,6866,13.480037821676145
2,1.0,1600,7936,0,7,1600,0,1947,47.7411,-122.322,1580,7440,12.487485104968359
3,1.0,1530,6372,0,7,1210,320,1962,47.535,-122.289,1960,6426,12.866179972011919
3,1.5,1250,219978,0,6,1250,0,1980,47.4056,-121.955,1930,210394,12.765688433465597
4,2.0,2210,8556,1,8,1210,1000,1954,47.6498,-122.396,2190,7975,13.585032676082449
4,2.0,1910,4225,0,6,910,1000,1919,47.3084,-122.234,1060,4800,12.154516158615772
2,2.5,2170,6361,2,8,2170,0,2009,47.7109,-122.017,2310,7419,13.534473028231162
3,1.0,1820,5750,0,7,1120,700,1918,47.5773,-122.383,1500,5750,13.184398768323781
3,2.0,1410,10577,0,7,1410,0,1994,47.3642,-122.187,1660,6757,12.502466658583977
4,3.5,3000,5300,0,7,1780,1220,1949,47.6748,-122.279,1360,5450,13.541073712262515
3,1.75,1700,8400,0,8,1460,240,1947,47.6534,-122.415,2010,7000,13.527828485512494
4,1.0,1500,11050,0,7,1500,0,1964,47.4509,-122.088,1970,20800,12.45273739188573
3,1.0,1340,7191,0,7,1340,0,1974,47.7148,-122.212,1340,7215,12.896716695872
2,1.0,720,7250,0,5,720,0,1943,47.5267,-122.032,1760,7250,12.706847933442663
4,2.75,3040,2415,4,8,3040,0,1966,47.5188,-122.256,2620,2433,13.507625778194974
4,2.5,3040,6587,0,7,3040,0,2003,47.683,-122.039,2740,6587,13.38472764187182
3,2.5,2720,11937,0,9,2720,0,1990,47.4185,-122.212,2590,9683,12.82772382438505
4,2.25,2860,11545,0,8,1430,1430,1966,47.588,-122.168,2190,11396,13.771558670435091
5,3.5,3420,6403,2,8,2700,720,2013,47.5162,-121.874,2710,6038,13.370784735902808
3,3.0,2640,5978,0,9,2640,0,2012,47.4759,-121.735,2680,6060,13.190022025878143
4,2.0,2680,14157,0,8,1460,1220,1966,47.4286,-122.292,2100,9199,13.17115354157376
3,2.25,1820,13362,0,8,1220,600,1977,47.5898,-122.052,2050,15000,13.081541382884074
3,1.0,1010,9611,0,6,1010,0,1973,47.3006,-122.066,1200,9611,12.392552212472792
3,1.0,950,4250,0,6,950,0,1948,47.609,-122.307,2130,5120,13.058358047428417
3,1.5,1940,8951,0,7,1300,640,1958,47.473,-122.328,2000,8319,12.611371073081239
3,1.0,920,4429,0,7,920,0,1952,47.5369,-122.291,1320,7860,12.429216196844383
4,1.0,1600,4500,0,7,1600,0,1926,47.6804,-122.316,1720,4500,13.493926933836812
3,1.0,1400,7066,0,8,1400,0,1957,47.7127,-122.325,1400,7320,12.765545566117686
3,2.25,1640,6044,0,7,1640,0,1996,47.2844,-122.205,1600,7418,12.524526376648708
3,1.75,1340,16480,0,7,1340,0,1968,47.364,-122.162,1520,10451,12.384218830913648
3,2.5,1530,3984,0,8,1530,0,1995,47.569,-122.007,1720,4005,13.054084536651034
3,1.75,1550,1905,0,7,1550,0,2005,47.4331,-122.195,1550,1866,12.398756989359676
3,2.5,3750,7821,0,9,3750,0,2001,47.6325,-122.064,3210,8405,13.570249201396445
4,2.75,2600,5390,0,8,1300,1300,1960,47.6382,-122.397,2550,5600,13.658856747918897
2,1.75,1340,7380,0,6,1340,0,1940,47.4785,-122.229,1980,9600,12.165250651009918
2,1.0,940,8997,0,7,940,0,1955,47.2005,-121.999,1110,9126,12.301155526776865
3,1.5,1700,8067,0,7,1250,450,1956,47.7384,-122.324,1340,7869,12.66032791780777
3,4.25,5510,35000,4,13,4910,600,1997,47.7296,-122.37,3430,45302,15.150511624696614
3,2.5,2550,6677,0,8,2550,0,2002,47.7336,-122.232,1930,7217,13.296316684527767
3,2.5,1690,5171,0,8,1690,0,2003,47.2779,-122.347,2550,5025,12.533576212168626
2,1.5,1090,6750,0,7,950,140,1942,47.6836,-122.397,1640,6750,13.028052697933088
3,3.5,3500,9473,0,10,3500,0,2008,47.5807,-121.972,3510,7833,13.588609957772352
1,1.0,630,1362,0,7,630,0,1943,47.6342,-122.342,1090,1376,12.971540487669746
3,1.0,1440,4268,0,7,1040,400,1953,47.5468,-122.293,1370,4268,12.560244459250788
2,1.0,1880,7560,0,6,940,940,1919,47.5261,-122.374,1280,7560,12.542544882151386
4,2.5,2320,7800,0,8,2320,0,1986,47.7738,-122.266,2090,5721,13.060702844216937
4,2.5,2190,8100,0,8,1250,940,1978,47.3131,-122.392,2100,8840,12.603169503967822
3,2.5,1670,5797,0,7,1670,0,1988,47.3505,-122.179,1670,6183,12.468436909997665
3,1.75,1780,5175,0,7,990,790,1927,47.5696,-122.386,1780,5175,13.329377546788654
4,2.0,1890,4500,0,7,1490,400,1907,47.6684,-122.356,1640,4010,13.5985975564007
4,2.5,2540,4241,0,8,2540,0,2009,47.7073,-122.112,3010,4929,13.482831119581757
3,2.0,1700,4250,0,6,890,810,1944,47.6542,-122.385,1440,4250,12.92391243868049
3,1.75,1600,9135,0,7,1600,0,1955,47.5724,-122.179,1580,9800,13.345506928718539
2,1.0,870,7975,2,7,870,0,1946,47.6698,-122.361,1080,5722,13.071070083016778
3,2.5,1910,4488,0,8,1910,0,1998,47.6176,-122.14,1530,3696,13.332624302887524
3,2.5,1300,1362,0,8,880,420,2008,47.5893,-122.317,1300,1251,12.834681304952548
4,2.25,2200,9163,0,8,1430,770,1971,47.5653,-122.146,2420,9163,13.39239051461739
3,1.75,1340,63597,0,7,1340,0,1963,47.4379,-122.011,1950,87120,12.936033799212835
4,2.5,2641,8615,0,7,2641,0,1998,47.4038,-122.213,2641,8091,12.691426603322494
3,1.75,1970,8540,3,8,1130,840,1950,47.7213,-122.365,2280,8540,13.314635265051452
4,1.0,1410,3376,0,7,1410,0,1911,47.6606,-122.365,1040,3600,13.241034907121827
4,1.75,1830,5375,0,7,1060,770,1962,47.4169,-122.316,1040,7500,12.468436909997665
2,1.0,810,5060,0,6,810,0,1941,47.5635,-122.394,900,5060,13.132313708257497
5,3.5,3740,24684,0,9,2760,980,1998,47.3832,-122.057,2880,26023,13.012548511397123
4,3.5,3190,5040,3,10,2160,1030,2003,47.5928,-122.29,2390,4800,14.108180171927094
4,2.0,1640,6000,0,9,1640,0,1911,47.6505,-122.375,1900,6000,13.507625778194974
4,2.5,2270,11500,0,8,1540,730,1967,47.7089,-122.241,2020,10918,13.345346915917172
4,2.0,1280,7560,0,6,1280,0,1959,47.45,-122.175,1250,7690,12.425208175446844
3,3.5,1560,1490,0,8,1240,320,1995,47.6248,-122.319,1560,1662,13.345506928718539
4,1.75,1770,12875,0,8,1770,0,1988,47.7438,-122.247,2150,12875,12.89921982609012
3,1.75,1880,5752,0,7,940,940,1945,47.5354,-122.378,1110,5201,12.928778628331663
6,4.5,3390,7200,0,8,2440,950,2007,47.5205,-122.288,2040,7214,12.62313688948169
4,2.5,2040,22653,0,7,2040,0,2011,47.4991,-122.299,2020,20502,12.765688433465597
3,2.0,1890,1599,0,9,1430,460,2012,47.5438,-122.385,1780,1562,13.035715570678656
3,2.5,2060,7658,0,8,2060,0,2003,47.2923,-122.36,2250,7299,12.687881320225673
4,2.5,2500,50595,0,9,2500,0,1997,47.4736,-121.731,2765,33720,13.208541073645382
3,1.0,1250,23680,0,7,1250,0,1967,47.475,-122.11,1450,23680,12.628067055589549
4,2.5,3600,6055,0,9,3600,0,2014,47.7053,-122.126,3590,6050,13.736456528054434
4,2.5,2240,6944,2,7,1310,930,1979,47.338,-122.258,1780,7477,12.568978139219542
3,2.0,1800,5000,0,7,1080,720,1942,47.6738,-122.297,1800,5000,13.335052470814679
3,2.5,1790,4038,0,8,1790,0,2005,47.5499,-121.998,1700,3365,13.201174557828619
3,2.5,1270,2509,0,8,1270,0,2004,47.5357,-122.365,1420,2206,12.745485726148077
3,1.5,1510,344124,2,7,1510,0,1964,47.2156,-122.029,1750,169884,12.697715449879391
3,2.5,3200,18750,0,9,2660,540,1967,47.5717,-122.12,3200,22475,13.270783382522602
3,2.5,1690,4851,0,7,1690,0,2004,47.6795,-122.034,2330,4851,13.120361374733656
5,3.25,5790,13726,3,10,4430,1360,2014,47.5388,-122.114,5790,13726,14.030960589909466
3,2.5,2320,5663,0,8,2320,0,2003,47.539,-122.07,2500,4500,13.286181462633724
3,1.75,1530,9600,0,7,1200,330,1988,47.3594,-122.076,1680,9680,12.556729517143344
3,1.75,1300,11230,0,7,1300,0,1968,47.3811,-122.087,1300,10794,12.354492650648448
4,2.5,2040,5472,0,8,2040,0,2003,47.3337,-122.189,2420,5782,12.691580461311874
3,1.75,1580,19998,0,7,1580,0,1968,47.3299,-122.046,1860,19998,12.765688433465597
3,1.0,1410,7419,0,7,1050,360,1969,47.534,-122.173,1800,8000,12.616525295149378
3,1.0,1170,7320,0,7,1170,0,1962,47.4685,-122.282,2040,7320,12.117241431823558
2,1.5,1190,1361,0,8,1190,0,2007,47.6161,-122.302,1280,3360,13.226723392728571
3,2.0,2730,15677,3,9,2730,0,1976,47.4612,-122.365,2040,12209,13.244581010128577
3,2.5,3290,6830,0,10,3290,0,2000,47.6702,-122.142,3200,6227,13.742939865129438
3,1.75,2090,4725,0,7,1610,480,1947,47.657,-122.394,1280,4725,13.670484785914017
4,1.75,2290,4400,3,7,1290,1000,1959,47.5698,-122.375,1820,4000,12.983101310070822
3,2.25,1420,7800,0,7,1130,290,1985,47.3598,-122.157,1460,7800,12.506177237980511
3,2.5,1730,5799,0,7,1730,0,1987,47.3499,-122.177,1710,6490,12.524526376648708
3,1.0,970,6600,0,7,970,0,1965,47.4836,-122.332,1200,6600,12.013700752882718
3,1.75,1930,6360,0,9,1930,0,2013,47.5181,-121.885,2770,6373,13.193289578804034
3,2.25,1630,10500,0,7,1100,530,1974,47.7176,-122.236,1640,9794,12.959844447906553
4,2.25,3290,12329,0,10,3290,0,1968,47.5639,-122.216,3170,12329,13.761582215938718
3,2.25,1220,2980,0,7,1220,0,1986,47.7151,-122.203,1220,2140,12.672946381766982
3,2.0,1860,13374,0,8,1860,0,1985,47.5397,-122.054,1960,9797,13.235692062711331
4,2.25,2490,7233,0,8,1460,1030,1978,47.3115,-122.396,2000,8000,12.524526376648708
3,2.0,1510,4560,0,7,1510,0,1909,47.5689,-122.408,1990,5000,13.351886535682578
4,2.25,1780,2684,0,7,1780,0,2002,47.7642,-122.149,1670,2426,12.983101310070822
4,2.5,2410,6440,0,8,1550,860,1974,47.7153,-122.191,2330,6938,13.16158409055761
5,3.0,2680,8410,0,8,1810,870,1990,47.4401,-122.126,1860,8410,12.834681304952548
3,2.25,1760,16418,0,7,1190,570,1990,47.6525,-121.985,2260,20747,12.945626198904275
3,2.5,1830,13042,0,8,1830,0,1990,47.3738,-122.042,1940,6996,12.834681304952548
5,2.0,2730,7344,0,7,1510,1220,1962,47.4602,-122.171,1730,7700,12.644327576461329
4,2.75,2410,6000,0,8,1410,1000,1950,47.6707,-122.399,1760,6000,13.5985975564007
3,2.5,3370,167706,0,10,3370,0,2000,47.4379,-122.022,3350,213444,13.478498175490552
4,2.0,2020,8100,0,7,1160,860,1946,47.7307,-122.297,1840,8680,12.821258284620408
3,1.0,1320,8100,0,6,880,440,1943,47.4697,-122.351,1000,8100,12.50228076770139
4,2.75,2190,9209,0,8,2190,0,1996,47.3341,-122.188,2430,6687,12.721885810807203
4,2.5,3320,7644,0,10,3320,0,1995,47.5541,-122.106,3320,9472,13.764217263576723
3,2.5,1800,3253,0,7,1800,0,2001,47.5401,-122.292,1800,3081,12.611537753638338
3,1.75,1750,12325,0,7,1470,280,1968,47.6832,-122.118,1820,9750,13.120361374733656
4,2.75,3870,10046,0,11,3870,0,2005,47.6651,-122.191,3560,10046,14.151947079662003
5,2.5,3220,10572,0,8,3220,0,2006,47.7268,-121.957,2890,9090,13.189928563566752
3,2.5,2790,53143,0,9,2790,0,1991,47.7687,-122.036,2740,47916,13.610943392223
0,0.0,844,4269,0,7,844,0,1913,47.2781,-122.25,1380,9600,11.8490404949436
5,3.5,2100,5107,0,7,1410,690,1999,47.5108,-122.257,1410,5650,12.594730635321957
2,2.25,1610,2040,0,7,1610,0,1979,47.518,-122.194,1950,2025,12.2783933071098
4,2.5,2550,6256,0,9,2550,0,1992,47.7742,-122.166,2460,8256,13.282780098810234
6,2.0,2390,8660,0,7,2390,0,1925,47.7589,-122.216,2250,12942,13.15434642325738
3,2.0,1820,6324,0,7,910,910,1945,47.6823,-122.27,1850,6440,13.493926933836812
4,1.5,1820,22814,0,7,1820,0,1920,47.7321,-122.296,1770,9150,12.341477282536376
3,1.0,1320,5000,0,7,1320,0,1912,47.5711,-122.386,1320,4179,12.213544660368875
3,2.0,1030,11118,0,7,1030,0,1970,47.3463,-122.308,1300,7920,12.388394202324129
2,1.0,1020,7742,0,6,1020,0,1935,47.499,-122.301,1510,7742,12.034691028774553
3,2.5,1830,8022,0,8,1830,0,1987,47.6198,-122.044,2030,7736,13.184398768323781
4,2.25,2550,9736,0,8,2550,0,1967,47.3193,-122.212,1770,9686,12.66032791780777
3,1.0,1540,37950,0,7,1090,450,1959,47.3259,-122.289,1820,24375,12.969212197910155
3,1.0,910,5800,0,5,910,0,1900,47.2068,-121.992,1400,6766,12.042965307660024
3,2.5,1920,7779,0,7,1920,0,1989,47.4024,-122.171,1960,7536,12.538967060803502
4,2.25,2660,22194,0,8,2180,480,1977,47.6142,-122.107,2660,18135,13.345506928718539
4,2.0,2850,4497,1,7,1730,1120,1910,47.5876,-122.292,2450,6000,13.38472764187182
3,2.5,2979,17313,2,11,2979,0,1993,47.5503,-122.118,3890,14797,13.723395269056468
3,2.5,2010,6857,0,9,1450,560,1955,47.6402,-122.314,2380,6370,13.77468856344402
3,2.25,2440,47916,0,8,2090,350,1991,47.6347,-121.958,2150,24000,13.091904169919621
2,1.0,770,7554,0,6,770,0,1946,47.7057,-122.36,1390,7500,12.86099861326992
4,1.75,2330,5000,0,7,1510,820,1929,47.6823,-122.368,1460,5000,13.440817108522863
3,3.75,2260,2050,0,9,1170,1090,2010,47.566,-122.29,2130,3082,13.184398768323781
3,1.75,1820,5555,0,7,1030,790,1939,47.6867,-122.352,1420,4000,12.80765263256463
5,3.75,3870,8225,0,10,3870,0,1998,47.6078,-122.01,3600,9361,13.710150042306449
5,3.5,4320,7502,0,9,3500,820,2012,47.5235,-122.168,3250,7538,13.695882070508743
3,0.75,1030,12700,0,5,1030,0,1944,47.3877,-122.236,1140,6955,12.345617172968069
3,1.0,1480,32700,0,6,1380,100,1942,47.4949,-122.327,1500,22600,12.577636201962656
4,1.75,2100,3000,0,7,1500,600,1911,47.6721,-122.329,1690,4000,13.369223455335854
4,3.0,2150,8119,0,8,2150,0,1953,47.6335,-122.236,1590,8119,13.997832114758229
3,1.0,1650,5102,0,8,1300,350,1953,47.6524,-122.404,1440,5102,13.407542319637992
3,2.25,1530,12000,0,7,1070,460,1979,47.2715,-122.338,2140,13636,12.409013489526863
2,2.5,1560,5333,0,5,780,780,1947,47.4749,-122.213,1010,4800,12.323855681186558
3,1.75,2840,9800,0,7,1420,1420,1977,47.3516,-122.119,1650,9590,12.506177237980511
4,3.25,4140,46173,0,9,4140,0,2007,47.7647,-122.213,2060,43103,13.604789526648622
1,1.0,620,7620,0,6,620,0,1926,47.4697,-122.349,1160,7620,12.26434155365415
4,2.5,1770,9239,0,7,1770,0,2004,47.3512,-122.006,2150,5450,12.775638764318764
4,1.75,1920,9500,0,7,1470,450,1966,47.5683,-122.177,1820,10091,13.486340991819
3,2.25,2030,7350,0,7,1190,840,1977,47.6939,-122.126,1950,7350,13.284482226880764
4,1.5,1840,7076,0,7,1840,0,1957,47.5185,-122.345,1510,7320,12.258427875864102
4,2.0,1870,3497,0,7,1200,670,1954,47.5309,-122.347,1270,3497,12.779873068457553
3,1.75,1080,1306,0,7,580,500,1954,47.6601,-122.4,1440,2225,12.7098736543592
2,1.0,820,3000,0,7,820,0,1924,47.6842,-122.348,1490,3000,13.185338176565716
4,2.75,2450,14803,0,9,2450,0,1988,47.5261,-122.162,2330,14803,13.336538835312188
4,2.5,2130,11733,0,7,1330,800,1969,47.512,-122.16,1800,9131,12.886641043883259
4,2.5,1600,6765,0,7,830,770,1947,47.5469,-122.365,1600,8942,12.70381302974751
3,2.0,2100,72745,0,9,2100,0,1995,47.7479,-122.062,2290,54885,13.514405465180353
5,4.0,4390,6656,0,9,2930,1460,2008,47.648,-122.397,1560,6656,14.0225247273486
5,3.5,4280,6530,3,10,4280,0,2014,47.5941,-121.973,3960,6863,13.945652462759522
2,1.0,920,3780,0,6,920,0,1910,47.6576,-122.348,1570,2640,12.96453929221076
4,3.5,4560,16643,3,12,2230,2330,1995,47.5521,-122.115,4060,15177,14.008194901793775
4,2.75,2600,2750,0,7,1620,980,1936,47.6413,-122.357,1960,3705,13.641157170819497
5,2.0,1910,5508,0,7,1020,890,1968,47.7074,-122.349,1030,7440,13.091904169919621
2,2.5,1240,1249,0,8,1240,0,2006,47.6718,-122.386,1240,2500,13.036805489042683
2,1.5,990,1380,0,7,990,0,2001,47.7218,-122.356,1050,1380,12.560244459250788
2,1.0,1650,5106,0,7,1090,560,1960,47.6992,-122.309,1300,6947,12.983101310070822
2,1.0,700,3180,0,6,480,220,1951,47.4976,-122.262,1760,6360,11.694413341015606
3,2.5,2090,4590,0,7,2090,0,2005,47.3992,-122.163,2190,4060,12.611537753638338
1,1.0,620,2380,0,6,620,0,1900,47.6746,-122.326,980,3570,12.855497797198886
3,2.75,1720,28000,0,7,1720,0,1958,47.4375,-122.176,2000,41817,12.736700896592344
3,2.5,1640,7847,0,8,1640,0,1987,47.5684,-122.018,1870,6079,13.081541382884074
3,2.0,1550,6394,0,8,1550,0,1918,47.5222,-122.379,1440,6387,13.122363377404328
5,3.5,2660,6978,0,8,1980,680,1996,47.2631,-122.212,2220,7294,12.713191407364837
3,1.75,1300,12731,0,8,1300,0,1981,47.6236,-122.04,1700,13556,12.971540487669746
5,4.0,3600,14720,2,8,1800,1800,1960,47.7022,-122.227,3600,15358,13.635187003832993
5,3.5,3960,25245,0,9,2500,1460,1996,47.525,-122.172,2640,13675,13.38472764187182
3,1.0,960,5700,0,5,960,0,1956,47.4983,-122.172,960,5700,12.249850267876061
3,2.5,2340,4273,0,7,2340,0,2002,47.5362,-121.878,2400,4624,13.038873066905303
3,2.0,2350,5700,0,8,1810,540,1939,47.639,-122.31,2170,6000,13.554145793829866
5,3.0,2970,6500,0,9,2970,0,2000,47.5973,-122.018,2970,6588,13.42984807715229
5,4.25,4010,8252,0,10,4010,0,2015,47.5974,-122.013,3370,8252,13.955272500339433
4,2.5,2440,28405,0,8,2440,0,2002,47.7386,-122.238,2480,11429,13.263862939678027
5,2.5,3400,8970,0,8,1700,1700,1959,47.7358,-122.335,1890,8475,13.047639831208393
3,2.0,2610,6000,0,7,1310,1300,1941,47.675,-122.289,2330,4800,13.567049198665774
4,1.75,2080,8215,0,7,2080,0,1948,47.737,-122.305,1550,8215,12.86099861326992
3,2.0,1310,8440,0,6,1310,0,1951,47.5003,-122.269,1790,10775,12.314927050442256
4,2.5,3420,17038,0,9,3420,0,2007,47.718,-122.241,2520,14190,13.487006490992238
6,1.75,2230,10080,0,7,1390,840,1969,47.7089,-122.201,2110,8475,12.793859310432293
3,2.5,1970,4036,0,7,1970,0,2003,47.5335,-121.869,1960,5020,12.976180867226248
3,2.25,2600,14810,2,8,1490,1110,1956,47.4326,-122.341,2450,16715,13.021437458814368
5,3.5,3790,8200,1,8,2120,1670,2001,47.4891,-122.19,1740,8676,13.064204463230796
5,3.5,3931,9497,0,10,2650,1281,2014,47.3008,-122.386,3510,9497,13.017002861746503
3,2.0,1350,10200,0,7,1350,0,1977,47.6159,-122.05,1820,9600,12.810388612383504
4,2.5,2590,9753,0,10,2590,0,1993,47.5848,-122.027,2800,9917,13.42209753088025
5,2.5,2840,15598,0,8,1470,1370,1975,47.4693,-122.117,2570,14930,12.834681304952548
4,2.5,2090,6023,0,8,2090,0,1990,47.5713,-121.997,2090,6023,13.208541073645382
4,2.0,1530,6375,0,7,1530,0,1942,47.4692,-122.162,1500,8712,12.35017298950393
3,2.25,1350,2839,0,7,1350,0,2003,47.6824,-122.036,1650,3093,12.901716706288706
4,2.5,1840,4011,0,9,1840,0,2005,47.6662,-122.083,2120,4011,13.27594246533263
3,1.75,1970,8200,0,7,1270,700,1964,47.4731,-122.327,1890,8348,12.66032791780777
3,2.25,1950,1968,0,7,1160,790,1979,47.5179,-122.195,1950,1968,12.791077667470416
2,1.0,870,3121,0,7,870,0,1923,47.6659,-122.369,1570,1777,12.886641043883259
3,2.5,1660,1344,0,8,1660,0,2008,47.644,-122.327,1750,2040,13.790192749979985
2,2.25,2130,5920,0,8,1830,300,1950,47.6792,-122.275,2130,7192,13.565766324852886
3,2.5,1540,7773,0,8,1540,0,1982,47.722,-122.194,1630,7340,12.994416363073707
3,2.0,1380,8536,0,7,1380,0,1955,47.4374,-122.335,1260,8750,12.487485104968359
3,2.25,1590,7267,0,7,1100,490,1976,47.7457,-122.332,2060,8336,12.911642346088676
2,1.0,980,3350,0,7,980,0,1925,47.6858,-122.352,1260,4000,12.881564890851399
4,2.5,2920,5500,3,10,2030,890,1957,47.6406,-122.412,3790,5500,14.038654109278484
4,1.75,1920,9500,0,7,1470,450,1966,47.5683,-122.177,1820,10091,13.083622549087899
4,2.5,2760,5564,0,7,2760,0,2001,47.4814,-122.189,2670,5626,12.959726793926773
4,1.75,2010,12188,0,7,1150,860,1960,47.5013,-122.147,1720,8475,12.793859310432293
3,1.5,1810,349351,0,7,1810,0,2002,47.3392,-121.897,2480,339332,12.971540487669746
5,3.5,3672,9742,0,9,3006,666,2006,47.3255,-122.192,2140,9118,12.911642346088676
4,2.0,2430,8960,0,7,1430,1000,1960,47.4979,-122.232,2430,8960,12.449018824140563
3,1.0,960,9531,0,7,960,0,1969,47.7619,-122.162,1670,9250,12.833347081939412
4,2.5,3670,315374,0,9,3670,0,1994,47.7421,-122.026,2840,87991,13.733758056092014
3,2.5,3410,41022,0,11,3410,0,1990,47.3228,-122.08,2150,21429,13.493926933836812
3,1.0,1330,5850,0,7,930,400,1954,47.5498,-122.298,1440,5850,12.676076274775909
4,2.0,1400,4690,0,7,1400,0,1945,47.6826,-122.378,1400,4690,13.3978716489244
3,2.25,1540,5338,0,7,770,770,1954,47.6942,-122.304,1680,6525,12.65075846679162
3,2.0,1300,8400,0,7,1300,0,1967,47.368,-122.315,1300,7500,12.43320821811392
3,1.75,1970,10548,0,8,1300,670,1973,47.6669,-122.179,2500,8548,13.42793448269185
4,2.5,2380,7850,0,8,2380,0,1995,47.4356,-122.201,1940,7334,12.736700896592344
4,2.5,2880,3091,0,9,1940,940,2014,47.5711,-122.286,1560,4080,13.36138027787483
3,1.0,1670,4005,0,7,1170,500,1939,47.6878,-122.38,1240,4005,13.038981768465277
3,2.75,2540,4694,0,9,2540,0,2005,47.6214,-122.024,2600,6344,13.45166712454693
3,4.5,3970,24920,2,10,3260,710,1977,47.7183,-122.258,2610,13838,14.187074114396758
3,2.25,1630,2490,0,7,1630,0,2004,47.6807,-122.031,1630,2680,13.056223574899784
5,2.75,3847,17654,2,9,2299,1548,1975,47.3379,-122.322,2690,15344,13.604789526648622
3,2.5,1590,2910,0,7,1110,480,1984,47.6855,-122.321,1590,3880,13.262125319779487
4,3.0,2820,2850,0,7,1860,960,1928,47.6813,-122.367,1570,4500,13.454540689742661
4,2.5,3730,16950,0,10,3730,0,1990,47.5678,-122.228,3200,16950,14.047019025610112
2,1.0,840,3400,2,7,840,0,1924,47.6403,-122.372,2000,4000,13.180632285528304
3,1.0,1000,4000,0,6,1000,0,1915,47.5523,-122.286,1040,4240,12.345834587905333
4,1.75,1650,7200,0,7,1100,550,1977,47.3944,-122.187,1620,7374,12.449018824140563
5,1.75,2220,6000,0,7,1420,800,1923,47.648,-122.384,1550,1715,13.31710745419684
2,1.0,750,4515,0,6,750,0,1942,47.5198,-122.351,1020,5000,12.481808646963554
5,2.5,2660,6572,0,9,1960,700,1959,47.6176,-122.223,3960,14595,14.353610823865145
4,2.25,2470,8686,0,7,1270,1200,1974,47.4371,-122.166,1900,7350,12.793859310432293
2,1.0,1300,11400,0,7,1300,0,1961,47.3459,-122.299,1360,9750,12.043553716032399
3,2.0,1670,6824,0,7,1300,370,1990,47.3666,-122.084,1660,7586,12.314927050442256
5,3.0,1810,3000,0,7,1810,0,1998,47.5622,-122.291,1670,3000,12.799399490807907
3,2.25,1489,2800,0,7,1489,0,2011,47.3452,-122.215,1584,3200,12.468436909997665
3,2.0,1200,5700,0,7,1200,0,1942,47.5031,-122.242,1190,6384,12.513557345278134
3,2.25,1790,2240,0,8,1790,0,1975,47.6343,-122.106,1780,2560,12.976412321920025
4,2.5,1780,3600,0,7,1780,0,2006,47.3665,-122.017,2020,3802,12.598114733306197
3,1.0,2010,6000,0,7,1210,800,1967,47.5515,-122.298,2460,6000,12.765688433465597
4,2.25,1490,956,0,7,1020,470,2005,47.6184,-122.301,1510,1350,13.13626628257332
3,2.0,1140,7078,0,7,1140,0,1991,47.4057,-122.185,1460,7078,12.458774999085929
6,3.0,3470,117612,0,7,3470,0,1924,47.7663,-122.234,2120,17100,13.071070083016778
3,1.75,2800,19386,4,8,1400,1400,1965,47.3554,-122.324,3270,31450,13.38472764187182
3,1.5,2090,11895,0,7,1790,300,1954,47.5362,-122.267,2180,11072,13.042345669418298
2,1.0,1150,11250,0,6,1150,0,1920,47.486,-122.264,1100,11400,12.447056114972714
5,3.75,4220,9240,2,11,3420,800,1991,47.5895,-122.229,3380,9240,14.269765830241871
4,2.75,2030,56192,0,8,1550,480,1979,47.752,-122.073,2510,44866,12.994530005894443
3,1.75,1880,13300,0,7,1380,500,1967,47.634,-122.204,3550,10883,13.493926933836812
3,2.5,1690,5025,0,8,1690,0,2003,47.2779,-122.347,2550,5001,12.456376007299998
4,2.5,1990,5511,0,8,1990,0,1994,47.3585,-122.191,1850,6031,12.619836556453032
4,2.5,1700,9000,0,7,1700,0,1972,47.7306,-122.233,1370,7592,12.92391243868049
3,2.5,2350,3750,0,7,1740,610,2003,47.6767,-122.365,1590,4700,13.38472764187182
4,2.5,2311,4396,0,9,2311,0,2014,47.3276,-122.163,2458,4616,12.897818845174491
3,1.75,1650,5100,0,7,1040,610,1908,47.6873,-122.321,1540,5100,13.304684934198283
3,2.25,2540,7216,0,8,2540,0,1991,47.2906,-122.349,2140,7531,12.487485104968359
4,2.5,2230,3600,0,8,1630,600,1906,47.6304,-122.309,2410,4800,13.818506066944073
3,2.5,3680,203860,0,9,3680,0,1994,47.6903,-121.929,2410,144183,13.534473028231162
2,1.0,880,4000,0,6,880,0,1916,47.5331,-122.352,1430,4000,12.203068136509875
2,1.75,1320,3420,1,7,1080,240,1955,47.6639,-122.399,2070,6000,13.071070083016778
3,2.0,2030,24829,0,7,1220,810,1979,47.2718,-122.291,1980,15204,12.323855681186558
3,1.5,1390,48257,0,6,1390,0,1922,47.5603,-121.894,1440,45302,12.524526376648708
4,4.0,3530,10935,0,10,3530,0,1992,47.3016,-122.342,3360,11250,13.142166004700508
5,1.75,2280,43560,1,8,1380,900,1949,47.4558,-122.362,1940,17664,13.255144488638146
3,1.0,950,3621,0,6,950,0,1947,47.575,-122.289,1540,4080,12.873902018105829
5,2.75,2390,6282,0,7,1290,1100,1966,47.5149,-122.263,1690,5202,12.706847933442663
3,2.25,2420,7548,0,8,1370,1050,1967,47.3112,-122.376,2150,8000,12.54966234992025
4,2.25,1830,8734,0,7,1830,0,1991,47.3679,-122.179,1870,7212,12.560244459250788
4,2.5,2240,4648,0,7,2240,0,2005,47.3378,-122.257,2221,4557,12.567237494741757
3,1.75,1410,1899,0,8,1410,0,2014,47.5171,-122.347,1410,1811,12.49799571223921
3,1.5,2080,5244,0,7,1190,890,1959,47.7144,-122.293,1850,6982,12.899094818276968
5,2.75,2910,53898,0,7,1510,1400,1979,47.7201,-122.062,3210,216928,13.304684934198283
4,2.75,2910,6334,0,8,2910,0,2013,47.4826,-121.771,2790,6352,13.122343377204325
3,1.5,2680,4775,2,8,1880,800,1913,47.6333,-122.347,2280,5947,14.119312012295937
3,1.5,1420,4500,0,7,1420,0,1959,47.694,-122.332,1540,6375,12.823957341589573
2,1.75,1270,1916,0,8,1270,0,2012,47.5648,-122.294,1140,1916,12.736700896592344
4,3.25,3420,5012,0,10,2330,1090,2008,47.732,-121.982,2320,5465,13.214030565930152
2,1.0,960,4400,0,7,960,0,1951,47.5269,-122.264,1520,5000,12.672946381766982
5,2.5,2840,6010,0,8,2840,0,2003,47.3161,-122.27,2740,5509,12.826649133255284
2,2.25,2160,2578,0,8,2160,0,2005,47.6607,-122.354,1800,2142,13.590803284673882
2,1.0,770,8150,0,6,770,0,1951,47.5324,-122.275,1140,8550,12.003038047138677
3,2.25,1950,3600,0,8,1430,520,1911,47.637,-122.363,1950,3600,13.652991628466498
3,3.5,1700,2197,0,8,1260,440,2010,47.5767,-122.41,1360,1418,13.279367126213993
3,2.5,1620,79993,2,6,1620,0,1960,47.2138,-121.982,1620,15680,12.608198852372823
3,1.5,1860,9003,0,7,1490,370,1955,47.7624,-122.26,2090,11574,12.936033799212835
4,3.5,3460,7702,0,10,3460,0,2010,47.5942,-121.977,3380,7464,13.658856747918897
4,2.0,1610,4770,0,7,1230,380,1941,47.5333,-122.381,1180,6120,13.112313041550827
3,1.75,1140,1201,0,8,1140,0,2014,47.5637,-122.295,1210,1552,12.345834587905333
4,2.0,2460,5921,0,7,1230,1230,1948,47.308,-122.209,1260,6648,12.419165860990882
3,1.0,1090,8280,0,6,1090,0,1947,47.7562,-122.318,1060,7609,12.577463773304586
3,2.5,2090,10834,0,8,1360,730,1987,47.3537,-122.303,1750,8595,12.560244459250788
3,1.75,2450,2691,0,8,1750,700,1915,47.6386,-122.36,1760,3573,13.750438561220559
4,3.25,3450,5000,0,8,3450,0,2008,47.4925,-122.273,1420,5000,13.005829561148378
3,1.75,2240,8153,0,7,1120,1120,1948,47.7303,-122.329,1710,8100,12.994530005894443
3,1.5,1340,6500,0,7,1340,0,1972,47.7168,-122.192,1620,7107,12.866179972011919
2,1.0,1010,5200,0,7,1010,0,1955,47.4166,-122.323,1580,7500,12.069680020624618
4,2.75,2700,5150,0,9,2700,0,2009,47.5209,-121.874,2700,5747,13.151922179645874
3,1.75,1310,8600,0,7,1310,0,1987,47.686,-122.185,2510,8515,13.060487973686241
4,2.5,2360,9600,2,8,1630,730,1973,47.5889,-122.249,2140,6300,13.641157170819497
5,1.75,2330,4947,0,8,1380,950,1955,47.5352,-122.392,2120,5605,13.257768014410532
3,2.5,1920,7415,0,7,1920,0,1989,47.4022,-122.171,1930,7536,12.468436909997665
3,2.5,1090,1139,0,8,960,130,2009,47.5664,-122.369,1400,1348,12.721885810807203
2,1.0,900,9260,0,7,900,0,1946,47.6695,-122.36,1230,6913,13.114331205707064
3,1.75,1730,9893,0,9,1730,0,1988,47.3747,-122.164,2120,9108,12.6112043647371
5,2.5,4600,19831,3,9,2300,2300,1956,47.7608,-122.378,2890,19831,13.5985975564007
3,2.25,1570,7475,0,7,1200,370,1983,47.7223,-122.174,1700,7230,12.959844447906553
2,1.0,890,8180,0,7,890,0,1947,47.737,-122.3,1130,8180,12.52597986527669
3,2.25,2120,40518,0,8,2120,0,1967,47.5896,-122.009,2480,13492,13.180632285528304
3,2.75,1990,19991,0,7,1340,650,1977,47.7434,-122.106,1750,9775,12.721885810807203
3,1.0,1830,3000,0,7,1430,400,1926,47.6619,-122.351,1510,2500,13.122263372403996
3,2.5,2100,7587,0,9,2100,0,1990,47.3072,-122.391,2330,8119,12.666657052859417
3,1.0,1460,43000,0,7,1460,0,1952,47.4434,-122.347,2250,20023,12.89921982609012
4,2.5,2310,6200,0,8,2310,0,1998,47.3321,-122.172,2480,6200,12.718896271958837
3,2.5,3316,11447,0,9,3316,0,1986,47.3036,-122.34,3000,11447,13.103384410806527
3,1.0,1490,10650,0,7,1150,340,1963,47.663,-122.178,1730,9800,13.0400681346775
2,1.0,1010,7740,0,6,890,120,1924,47.5323,-122.355,1030,6000,12.57418196709457
2,1.0,940,9839,0,6,940,0,1910,47.5379,-122.386,1330,8740,12.834681304952548
3,1.75,2200,12231,0,7,1250,950,1964,47.5076,-122.173,2200,9825,12.682306824526545
4,2.5,2360,4367,0,8,2360,0,2003,47.7731,-122.167,2360,4868,13.102160670086809
3,1.75,1640,53400,0,7,1640,0,1966,47.3944,-122.506,1850,380279,12.672946381766982
5,2.0,1930,6120,0,6,1930,0,1941,47.5073,-122.337,1130,6120,12.345834587905333
1,1.0,1090,8750,0,6,1090,0,1924,47.54,-122.269,1830,5000,13.046561663988047
2,2.5,2410,7500,0,7,1550,860,1978,47.3078,-122.374,1840,8800,12.567237494741757
4,2.25,2090,10869,0,8,2090,0,1970,47.6715,-122.164,1800,17788,13.102160670086809
3,2.5,2510,3819,0,8,2510,0,2007,47.6987,-122.096,2520,3990,13.410545324897761
3,2.0,2210,6387,0,8,2210,0,2003,47.265,-122.302,2570,6497,12.85618183639855
3,1.5,1370,8470,0,7,1370,0,1961,47.2874,-122.192,1710,8800,12.128111104060462
5,2.5,3470,12003,0,8,3470,0,1978,47.624,-122.048,2220,12283,13.303016877097587
3,2.5,1870,5013,0,8,1870,0,2003,47.7552,-122.221,2040,5555,13.034624463096321
4,3.0,2250,12142,0,8,2250,0,1986,47.4338,-122.16,2300,9003,12.802158113246987
2,3.25,1550,1767,3,8,1550,0,2006,47.5684,-122.06,2710,3444,13.8878312195439
3,1.0,950,8400,0,7,950,0,1958,47.5104,-122.166,1250,8400,12.56374708980199
4,2.5,2070,8127,0,9,1590,480,1924,47.7316,-122.289,2050,8131,13.304684934198283
1,1.0,900,7500,0,5,900,0,1946,47.7553,-122.283,1470,7500,12.628067055589549
2,2.5,1414,1960,0,8,1414,0,1986,47.5423,-122.189,1414,2511,12.966878474563934
3,1.75,1290,3870,0,7,1290,0,1916,47.5873,-122.29,2020,5850,13.38087407255583
4,3.5,4460,16953,0,9,2550,1910,1962,47.6338,-122.232,1980,13370,14.403297222866392
3,2.25,2070,7995,0,7,1350,720,1987,47.403,-122.175,1620,6799,12.706696406811568
2,1.0,1160,5038,0,7,740,420,1942,47.5304,-122.38,1160,5076,12.959844447906553
4,1.5,1730,7700,0,7,1010,720,1963,47.4996,-122.163,1650,8066,12.668233097314884
3,1.0,840,5200,0,6,840,0,1969,47.3685,-122.077,870,5200,12.206022644280132
3,2.5,2235,43560,0,7,990,1245,1975,47.3326,-122.046,1460,29621,12.727838209334498
3,2.25,1740,9682,0,8,1740,0,1969,47.5138,-122.173,2100,9536,12.959844447906553
5,3.5,4410,57063,0,9,4410,0,1990,47.6554,-122.018,2900,50529,13.906264921232738
4,2.75,2240,7200,0,7,1140,1100,1967,47.3357,-122.275,1580,7416,12.468436909997665
4,1.75,1670,9472,0,7,1100,570,1960,47.5299,-122.357,1080,5195,12.721885810807203
3,1.0,1110,7962,0,7,1110,0,1962,47.5035,-122.36,1200,8094,12.254862809699606
3,1.5,1690,10500,0,7,1690,0,1967,47.7018,-122.165,1570,10500,13.048824474069459
3,2.0,1010,14183,0,8,1010,0,1982,47.6232,-122.043,1750,11700,12.873902018105829
3,2.5,1740,1236,2,8,1740,0,2008,47.5891,-122.387,1740,1280,13.270783382522602
3,1.0,1240,11108,0,7,1240,0,1952,47.4465,-122.354,2220,16533,12.873902018105829
3,2.5,1620,5250,0,8,1620,0,1987,47.3538,-122.301,1650,5250,12.388394202324129
2,1.0,1140,101529,0,6,1140,0,1932,47.2592,-122.228,1580,101529,12.89921982609012
3,1.0,1250,9035,0,7,1250,0,1970,47.275,-122.302,1350,10425,12.345834587905333
5,1.5,1750,12491,0,6,1390,360,1961,47.6995,-122.174,1560,12473,13.049792684569493
3,2.5,3440,103672,0,9,3440,0,1990,47.3895,-121.986,2710,112820,13.235692062711331
2,1.0,590,10945,0,5,590,0,1983,47.3364,-122.033,2020,15180,12.894207284266574
3,2.5,2424,6143,0,9,2424,0,2014,47.3512,-122.135,2381,6036,12.877740794412995
7,2.25,3170,36384,0,8,3170,0,1969,47.4654,-122.003,2460,38370,13.304684934198283
4,2.5,3000,5548,0,9,3000,0,2006,47.5399,-122.188,2870,5000,13.422467969854667
4,1.75,1780,8768,0,7,1050,730,1951,47.7085,-122.283,1590,8100,13.15773052124162
5,2.25,3040,8111,0,8,3040,0,1984,47.7157,-122.103,2020,8304,13.239257128875828
3,1.0,1220,13000,0,7,1220,0,1955,47.7608,-122.353,1510,12600,12.611537753638338
3,1.5,1540,13475,0,7,1540,0,1972,47.4766,-122.153,1550,13475,12.506177237980511
4,3.0,2430,11670,0,7,1330,1100,1978,47.7307,-122.228,1580,10464,13.15773052124162
4,1.75,1820,22043,0,7,1820,0,1918,47.7606,-122.28,1880,19961,12.577636201962656
3,2.5,1570,2577,0,7,1570,0,2005,47.7456,-121.984,1970,2952,12.611371073081239
4,1.5,2550,4000,0,7,1760,790,1926,47.6811,-122.318,1840,4000,13.37700559577791
4,2.5,2220,6800,0,7,2220,0,2002,47.49,-122.15,2220,5303,12.947890935553772
3,1.0,1450,3350,0,7,1450,0,1919,47.5607,-122.378,1340,4255,13.017002861746503
3,1.5,1300,7907,0,7,900,400,1970,47.3737,-122.224,1630,7600,12.506177237980511
2,1.0,780,2750,0,7,780,0,1928,47.5842,-122.388,1320,4440,13.047747584023538
5,5.5,7400,18898,3,13,6290,1110,2001,47.5431,-122.112,6110,26442,14.908440063496885
3,3.0,1960,1168,0,9,1600,360,2007,47.5445,-122.014,2080,1423,13.228523573232719
3,2.5,1580,2170,0,7,1580,0,2003,47.5418,-122.289,1610,1917,12.420377248177179
4,2.25,2130,10650,0,8,2130,0,1977,47.5567,-122.159,3380,10050,13.438632906708023
4,2.0,1440,9477,0,5,1440,0,1943,47.5093,-122.182,1440,9546,12.201060103706629
5,3.0,2970,10335,0,9,2970,0,2000,47.598,-122.019,2970,10335,13.495305293806933
4,2.75,3220,4392,0,9,2320,900,1931,47.6713,-122.276,2310,5795,13.687677186454389
3,2.5,2280,10879,0,9,2280,0,1984,47.6217,-122.034,2400,9536,13.266463721378086
3,2.0,2350,266151,0,7,2350,0,1983,47.6609,-121.892,2270,222156,13.142166004700508
3,2.0,1170,7258,0,7,1170,0,1984,47.3333,-122.266,1410,7750,12.429216196844383
4,3.25,3680,8580,3,10,1840,1840,1959,47.5266,-122.387,2700,9100,13.864300722133706
2,1.5,1480,3120,0,7,930,550,1914,47.6684,-122.323,1000,3780,13.140694334089051
3,1.5,1140,7500,0,7,1140,0,1976,47.619,-122.064,1380,7500,12.782686009834167
2,1.0,1140,5100,0,7,1140,0,1942,47.5323,-122.383,1230,5100,12.89921982609012
4,2.5,3030,7864,0,9,3030,0,1999,47.6075,-122.017,2790,7034,13.437174117244362
3,1.75,1830,7600,0,7,1490,340,1947,47.5317,-122.351,1300,4000,12.553202176625375
3,1.0,960,7218,0,7,960,0,1969,47.7278,-122.226,1580,9104,12.706847933442663
3,2.0,1770,2150,0,8,1770,0,1999,47.6102,-122.314,2010,3200,13.399995114002609
3,2.5,1710,1904,0,8,1140,570,2003,47.5827,-122.387,1260,1316,13.269057756555132
2,1.5,870,4800,0,7,870,0,1924,47.6509,-122.37,2090,4800,13.296316684527767
3,2.5,2600,4724,0,7,2600,0,2002,47.5359,-121.878,2400,4724,13.004705333936096
3,2.5,2920,3942,0,10,2920,0,2008,47.531,-122.204,2920,3942,13.674522864663297
2,2.25,1160,1010,0,8,1000,160,2006,47.6207,-122.301,1200,1170,13.112313041550827
3,2.25,2670,150270,0,9,2670,0,1985,47.7601,-122.134,3080,81054,13.670484785914017
3,1.0,1080,6250,0,5,1080,0,1950,47.5045,-122.33,1070,6250,11.652687407345388
4,1.0,1450,8960,0,6,1450,0,1943,47.4972,-122.348,1160,7680,12.404923504275338
3,1.0,1250,9774,0,7,1250,0,1969,47.3343,-122.306,1280,8850,12.345834587905333
2,1.0,1120,7350,0,7,1120,0,1942,47.7648,-122.31,1320,7545,12.66032791780777
6,3.0,1880,7200,0,7,1880,0,1966,47.5029,-122.188,1540,13022,12.694652660348845
5,3.25,4770,50094,0,11,3070,1700,1973,47.6525,-122.16,3530,38917,13.854731271117556
3,2.5,1220,1475,0,8,1220,0,2000,47.6909,-122.395,1220,1546,13.116345305078767
3,2.75,2760,8476,0,8,1690,1070,1967,47.5402,-122.215,2610,9835,13.618278388434565
2,1.0,1180,5100,0,7,1180,0,1926,47.6947,-122.346,980,5100,13.011431816697048
1,1.0,740,5000,0,7,740,0,1923,47.5519,-122.292,1400,4400,12.608198852372823
4,2.5,2800,6820,0,7,2800,0,1997,47.3695,-122.108,2060,6820,12.80765263256463
4,3.25,3090,9571,0,9,2370,720,2004,47.7058,-122.131,3630,9110,13.529160930746272
5,2.5,2670,184140,0,8,1410,1260,1980,47.3429,-122.097,1860,35719,12.92391243868049
3,2.75,2240,3600,0,7,1650,590,1901,47.6244,-122.326,1716,3120,13.345506928718539
4,3.75,4150,17424,0,9,3130,1020,1963,47.639,-122.236,3930,21420,14.48333993053993
2,1.75,1640,4080,0,7,840,800,1921,47.6645,-122.326,1980,4080,13.1749558275235
4,3.5,2950,3737,0,10,2270,680,2012,47.5313,-122.074,2580,3581,13.624047343253036
5,2.5,2760,11340,0,9,2760,0,1978,47.4769,-122.141,2470,11340,12.84792653170257
2,1.5,1400,4050,0,8,1400,0,1954,47.6768,-122.269,1900,5940,13.457406021215947
3,1.75,1300,9079,0,7,1300,0,1986,47.4834,-122.159,1890,7369,12.7098736543592
4,2.5,2590,9341,0,8,2590,0,1985,47.6496,-122.114,2280,9510,13.579914798710824
4,2.5,3370,8402,0,10,2240,1130,1962,47.6349,-122.29,3190,8700,14.648419680899378
4,3.25,4060,13000,3,11,4060,0,2000,47.581,-122.246,3220,13800,14.400515579904516
2,1.0,1120,4590,0,7,1120,0,1924,47.5663,-122.285,1120,5100,13.017002861746503
3,1.0,1160,8950,0,7,1160,0,1968,47.7499,-122.338,1210,8193,12.594561129431222
3,1.0,1320,3625,0,7,1320,0,1900,47.6049,-122.288,1660,5438,13.047639831208393
4,2.0,1880,14653,0,8,1880,0,1978,47.6959,-121.921,1750,14858,12.917042553500947
4,3.25,4250,8570,0,9,4250,0,2004,47.6154,-122.21,2830,12821,14.648419680899378
3,2.0,1610,15005,0,7,1610,0,1986,47.6886,-121.911,1610,15479,12.751299696013497
3,2.0,1800,5000,0,7,1600,200,1925,47.5447,-122.389,1640,5000,13.262125319779487
3,2.0,1270,3600,0,7,1270,0,1963,47.6099,-122.297,1660,3600,12.764258840656002
5,2.75,3040,10257,0,10,3040,0,1993,47.5531,-122.119,2860,9327,13.77468856344402
3,2.25,1810,6750,0,7,1280,530,1978,47.2976,-122.377,1690,7770,11.99535161421452
2,1.5,1620,1444,0,9,1080,540,2007,47.5892,-122.309,1660,1642,13.17115354157376
3,2.0,1700,52826,0,7,1700,0,1991,47.4164,-122.092,2480,114728,12.969212197910155
5,3.25,3920,8572,0,9,3920,0,2007,47.5427,-121.887,3335,7258,13.473020249017498
3,2.25,2220,10530,0,8,1700,520,1974,47.6383,-122.098,2500,10014,13.513053199930338
4,3.5,2860,2199,0,10,2860,0,2013,47.6262,-122.323,1990,1378,14.187074114396758
3,2.0,2260,9568,0,8,1780,480,1985,47.6457,-122.058,2250,9744,13.197470849891134
3,2.25,1920,7738,0,8,1520,400,1965,47.4562,-122.33,2170,8452,12.429216196844383
4,2.5,2620,7553,0,8,2620,0,1996,47.5301,-122.18,2620,11884,13.312983737012978
3,1.5,1170,11530,0,7,1170,0,1960,47.4211,-122.29,1550,8605,11.964001084330445
4,3.25,4100,241322,0,9,2500,1600,1981,47.7302,-122.096,3770,87821,13.560618308335483
4,2.5,2370,15200,0,8,1660,710,1975,47.6295,-122.089,2360,13879,13.279367126213993
3,1.0,920,6750,0,7,920,0,1951,47.6322,-122.212,1460,8933,13.38472764187182
3,2.25,1200,1400,0,8,1200,0,2005,47.7046,-122.357,1370,6552,12.676076274775909
3,2.25,1960,10682,0,7,1960,0,1957,47.6319,-122.124,1540,10682,13.017002861746503
3,1.0,2360,5012,0,7,1560,800,1964,47.5705,-122.384,1690,4800,13.184398768323781
5,3.75,4320,39094,4,8,4320,0,1938,47.7519,-122.276,1920,7750,14.403297222866392
3,2.5,1720,1715,0,7,1240,480,2004,47.5481,-122.384,1610,1626,12.894207284266574
4,2.5,1670,5116,0,8,1670,0,1999,47.7667,-122.33,1910,7210,13.217673557208654
3,3.25,1380,1225,0,7,1380,0,2000,47.7035,-122.351,1380,1704,12.682306824526545
3,1.75,1520,9600,0,7,1520,0,1967,47.473,-122.149,1590,10183,12.660169175050076
5,1.75,2350,7800,0,8,1510,840,1968,47.6225,-122.107,2220,8400,13.533147646990093
3,2.25,1250,1033,0,8,1250,0,2007,47.6907,-122.343,1250,1150,12.748396936355535
4,2.75,2500,20000,0,8,1700,800,1969,47.5901,-122.198,2650,20000,13.764217263576723
4,2.75,2610,9077,0,8,1310,1300,1987,47.4612,-122.147,1900,10500,12.676076274775909
3,1.75,2380,10450,0,8,2380,0,1966,47.3143,-122.37,2320,8500,12.66032791780777
3,1.0,1330,5000,0,7,1120,210,1957,47.7211,-122.308,1920,7790,12.92391243868049
3,2.0,1260,7346,0,7,1260,0,1987,47.4034,-122.176,1460,7363,12.577636201962656
3,2.25,3440,44374,3,10,2190,1250,1979,47.547,-122.111,3470,40185,13.514405465180353
4,2.75,2990,4521,0,7,2990,0,2014,47.7401,-122.226,2580,7539,13.244492510637393
3,3.0,2260,1834,0,8,1660,600,2002,47.6111,-122.308,2260,1834,13.386264921190707
2,1.0,840,5400,0,7,840,0,1948,47.5489,-122.271,1340,5400,12.871591658972646
3,1.5,1500,8272,0,7,1500,0,1958,47.7741,-122.38,1630,8270,12.945626198904275
4,2.25,1990,5948,0,8,1990,0,1991,47.5712,-121.995,2150,6459,13.19188944005294
5,3.0,3490,6091,0,9,3490,0,2009,47.7744,-122.225,2870,5932,13.480037821676145
3,3.25,2420,1923,2,10,1840,580,2006,47.637,-122.341,1840,2890,13.825460888817442
4,2.0,1540,7575,0,7,1040,500,1978,47.3664,-122.279,1720,7575,12.2783933071098
4,2.5,3030,12590,0,10,3030,0,1988,47.5806,-122.193,2980,11635,13.864300722133706
3,1.75,1760,4125,3,7,1760,0,1927,47.6748,-122.352,1760,4000,13.442270597150847
4,2.25,3550,13900,0,8,1830,1720,2010,47.5681,-122.127,2770,12200,13.663524200966393
4,2.5,3140,12792,0,9,3140,0,1977,47.3863,-122.156,2510,12792,12.89921982609012
3,1.0,1250,10723,0,7,1250,0,1961,47.4894,-122.135,1520,10723,12.644327576461329
3,2.5,3090,10940,2,10,3090,0,1992,47.5492,-122.119,3410,12157,13.751505227988362
2,2.5,1390,1302,0,7,1390,0,1987,47.3081,-122.329,1390,2052,12.164990200428944
3,2.5,2120,3600,0,9,2120,0,2005,47.6649,-122.082,2540,4592,13.42984807715229
4,2.0,2090,4000,0,7,1480,610,1951,47.6751,-122.379,1510,5000,13.148031124152906
3,1.0,1330,15678,0,7,900,430,1984,47.6355,-122.037,1330,12696,12.911642346088676
3,2.75,3180,3680,0,9,2190,990,1918,47.577,-122.38,2000,3680,13.652991628466498
4,1.75,2700,6000,0,8,1450,1250,1953,47.6539,-122.395,2080,6000,13.493926933836812
3,1.75,1570,4875,0,7,1310,260,1977,47.3621,-122.094,1380,5200,12.278160721924428
3,2.25,1820,7326,0,8,1820,0,1983,47.7133,-122.217,2430,7696,13.102058624063964
3,2.0,1660,3600,0,7,1000,660,1939,47.6789,-122.351,1700,4356,13.362167369611646
4,2.5,2910,6555,0,9,2910,0,2005,47.6659,-122.172,2910,10419,13.604789526648622
4,2.5,2340,13445,0,8,2340,0,1990,47.374,-122.125,2340,11188,12.793859310432293
3,1.75,1400,8640,0,7,1400,0,1962,47.7659,-122.204,1630,8640,12.886641043883259
4,2.75,1670,6000,0,7,840,830,1917,47.5496,-122.385,1100,6000,13.312983737012978
4,3.25,3740,12080,0,10,2000,1740,1988,47.7214,-122.056,4210,15277,13.897090544956697
3,2.75,3280,10558,2,9,2040,1240,1979,47.5606,-122.133,3150,9998,13.737549016494562
4,1.75,2290,10290,0,7,1340,950,1960,47.5045,-122.369,1800,7605,12.745485726148077
4,1.0,1460,16638,0,6,1460,0,1975,47.3431,-122.048,1460,16638,11.99535161421452
2,1.0,840,5265,0,6,840,0,1969,47.3644,-122.082,920,5100,12.250089530946948
4,1.75,2420,37800,0,8,1880,540,1981,47.6688,-122.024,2780,35532,13.308012724290958
4,2.0,1710,8288,0,7,1710,0,1970,47.3947,-122.174,1710,7200,12.259613412458204
5,3.0,2257,10117,0,8,1363,894,2005,47.4524,-122.284,1540,10700,12.765545566117686
4,2.75,3780,10308,0,10,3780,0,1999,47.589,-121.983,3500,10740,13.632788921148979
4,2.5,2060,8451,0,8,2060,0,1995,47.7168,-122.333,2060,9460,13.204864598916073
4,2.0,1650,4745,0,7,1130,520,1972,47.7359,-122.18,1650,5184,12.983101310070822
4,2.5,2610,5562,0,9,2610,0,2013,47.5137,-122.169,2720,7400,13.321804226005671
4,2.5,2650,5706,0,9,2650,0,2005,47.3515,-122.164,2760,5749,12.821258284620408
2,2.5,809,940,0,7,809,0,2003,47.5499,-122.384,1260,4240,12.296827008798639
3,1.0,960,15273,0,7,960,0,1963,47.238,-122.039,1930,51400,12.211060187041213
5,4.0,4850,36450,0,10,4850,0,1977,47.6426,-122.158,3850,35325,13.790192749979985
3,1.75,1680,3420,0,7,960,720,1992,47.6854,-122.291,1680,4080,13.173056491719846
3,2.5,2420,198198,0,9,2420,0,1997,47.772,-122.022,2780,179467,13.44806351704363
3,1.75,1300,4127,0,6,650,650,1918,47.5353,-122.352,1420,4000,12.506177237980511
4,2.25,1930,8338,0,8,1930,0,1968,47.7026,-122.285,2280,7616,13.281075068559149
3,1.5,1900,5250,0,7,1500,400,1943,47.6991,-122.392,1810,5250,13.239612937454568
2,1.0,670,5600,0,6,670,0,1903,47.5498,-122.304,1960,7176,12.367340793126296
3,2.0,2660,16677,0,9,2210,450,1990,47.3689,-122.055,2660,11355,12.983101310070822
4,1.75,1430,5490,0,6,1430,0,1942,47.494,-122.184,1030,5900,12.487485104968359
4,2.25,1800,2752,0,8,1800,0,2014,47.5167,-122.346,1650,2752,12.773656603114773
3,2.5,1990,7397,0,9,1990,0,1993,47.7703,-122.165,2210,7397,13.19188944005294
4,2.5,2410,4780,0,7,2410,0,2000,47.5326,-121.879,2410,4025,12.994530005894443
3,2.5,2390,6550,2,8,1440,950,1955,47.5714,-122.408,2010,6550,13.527828485512494
4,2.5,2570,13450,4,8,1510,1060,1948,47.7429,-122.285,3470,12615,13.58609739363647
3,1.0,1250,8800,0,7,1250,0,1955,47.497,-122.357,1480,8200,12.345834587905333
3,1.0,2710,19000,3,7,2710,0,1950,47.4462,-122.359,2150,19000,12.92391243868049
3,1.75,1320,12528,0,7,1320,0,1970,47.3234,-122.142,1340,11039,12.24288661865289
3,2.5,1600,2244,0,7,1600,0,2005,47.4899,-122.164,1600,1700,12.468436909997665
3,2.0,1678,13862,0,7,1678,0,1994,47.3744,-122.19,1550,11753,12.774223335915433
3,2.5,1320,2614,0,7,1320,0,2005,47.5355,-122.283,1320,2533,12.611537753638338
4,3.0,3720,14125,0,9,1930,1790,1960,47.5911,-122.177,3160,15300,13.681979165339751
3,1.0,1030,7620,0,7,1030,0,1953,47.5281,-122.375,1030,7560,12.706847933442663
3,2.5,3180,7904,0,8,1810,1370,2006,47.489,-122.181,1950,7800,12.992254692057308
2,1.0,960,4000,0,6,960,0,1918,47.5554,-122.267,1210,4000,12.577636201962656
3,1.5,1440,8370,0,7,1440,0,1977,47.5418,-122.275,1440,8370,12.319401330837177
3,1.0,1020,8484,0,6,1020,0,1949,47.7719,-122.31,1180,9660,12.634603026569334
4,4.5,4750,13912,2,10,3600,1150,2005,47.5332,-122.265,3600,22124,14.085155942929903
3,1.5,1650,3150,0,8,1650,0,1929,47.6156,-122.297,1650,4500,13.340695371721317
4,4.25,5020,26319,0,12,5020,0,1998,47.6008,-122.01,4930,26319,14.22097566607244
2,1.0,560,7560,0,6,560,0,1944,47.5271,-122.375,990,7560,12.428816116823043
3,1.0,1010,9576,0,7,1010,0,1967,47.2956,-122.272,1540,9576,12.214536723942302
3,3.75,3830,219106,0,9,3830,0,1977,47.5432,-121.952,2440,219106,13.670484785914017
5,2.5,2390,8775,0,7,1270,1120,1980,47.4639,-122.17,1800,8000,12.788288265382837
3,2.25,1620,1425,0,8,1540,80,2009,47.5405,-122.026,1620,1237,13.089840185698769
2,1.0,1620,6120,0,7,1620,0,1951,47.6731,-122.326,1650,4590,13.527828485512494
3,3.25,3450,15586,0,11,2690,760,1989,47.4294,-122.343,3560,15046,13.534473028231162
2,1.0,870,10492,0,7,870,0,1937,47.5467,-122.365,1300,7987,12.853175887588712
3,2.0,1360,5120,0,6,910,450,1924,47.5587,-122.393,1440,5120,12.971540487669746
3,1.75,1700,17355,0,7,1200,500,1978,47.3637,-122.057,1900,9528,12.658739355122632
3,2.5,1560,3987,0,7,1560,0,2002,47.687,-122.043,1600,3152,12.983101310070822
3,2.75,1670,1350,0,9,1350,320,2014,47.5764,-122.408,1520,4800,13.384650715836164
3,2.5,2580,23925,0,9,2580,0,2001,47.2978,-122.376,1660,8460,13.122263372403996
4,2.5,1940,3864,0,8,1940,0,2003,47.4507,-122.12,1900,3864,12.873902018105829
4,2.75,4510,5000,2,8,3270,1240,1941,47.6852,-122.4,2010,5000,13.870945264852375
4,2.0,1820,5000,1,7,1640,180,1945,47.6815,-122.269,2060,5000,13.38472764187182
3,2.25,1330,969,0,7,1330,0,2007,47.7177,-122.292,1310,1941,12.691580461311874
3,1.75,2160,5863,0,7,1260,900,1928,47.5729,-122.315,1590,3000,12.86099861326992
3,1.75,2340,51836,0,8,1510,830,1978,47.4846,-122.035,2060,77536,13.038764353528014
3,1.75,1730,11986,3,6,1730,0,1918,47.3595,-122.323,2490,9264,12.736700896592344
3,1.0,1280,12928,0,6,1280,0,1942,47.3215,-122.399,1610,19467,12.542187675503545
2,2.0,1670,3507,0,9,1670,0,2007,47.5545,-122.003,2330,3889,13.199231821660906
4,2.5,2420,5006,0,8,2420,0,2013,47.4795,-122.126,2750,5471,13.132313708257497
5,1.0,1340,11198,0,8,1340,0,1934,47.736,-122.295,1390,8020,12.754049534926956
4,2.75,3220,16145,0,10,3220,0,1993,47.5786,-121.995,3200,12921,13.442996549995796
4,1.5,1220,10580,0,7,1220,0,1965,47.6205,-122.116,1350,7800,12.943236711506893
4,1.75,2630,11213,2,8,1430,1200,1948,47.7158,-122.366,2240,15186,13.248114582709889
3,2.5,2990,6771,0,7,1550,1440,2003,47.5237,-122.353,1800,6771,12.829333698625952
3,3.5,2540,10578,1,9,2010,530,2014,47.547,-122.192,3240,9831,13.485616636703183
3,2.0,2120,4080,0,7,2120,0,2003,47.682,-122.037,2280,4080,13.190022025878143
3,3.25,3740,136915,0,11,3100,640,1990,47.4549,-122.363,2400,16104,13.473020249017498
3,2.25,1700,7210,0,7,1250,450,1974,47.3546,-122.318,2070,7300,12.542544882151386
3,1.75,1530,9362,0,7,1530,0,1987,47.3643,-122.049,1480,8125,12.591335046320818
4,2.5,3150,13700,0,9,3150,0,1966,47.5309,-122.224,3200,11900,14.043840635965784
4,2.5,1810,39639,0,7,1230,580,1970,47.3472,-122.11,1810,44866,12.367340793126296
4,2.5,1990,9656,0,7,1990,0,1994,47.3125,-121.998,1500,9656,12.487296407920908
3,1.0,1790,5250,0,7,1400,390,1943,47.6627,-122.276,1790,5250,13.309672475709322
5,2.5,2490,7666,0,7,1490,1000,1989,47.4022,-122.171,1930,7415,12.584509081250419
4,2.75,3180,13348,0,8,3020,160,2004,47.7439,-121.977,3020,10029,13.142166004700508
3,2.5,2380,214315,0,9,2380,0,2000,47.4525,-121.748,2400,68824,13.008634612075985
2,1.75,1160,2500,0,7,1160,0,2008,47.6489,-121.911,970,7500,12.644327576461329
4,2.25,2170,8050,0,7,1220,950,1976,47.7354,-122.174,1820,7700,13.051940913107783
4,2.25,2320,8760,0,8,1160,1160,1966,47.3627,-122.285,1970,8690,12.421184025147118
3,2.0,1890,14040,0,7,1890,0,1994,47.7277,-121.962,1890,14018,12.886641043883259
3,1.5,1180,7000,0,7,1180,0,1977,47.2959,-122.373,1630,7500,12.170445467887022
5,2.0,1910,4667,0,7,1010,900,1908,47.6236,-122.306,1230,2545,13.38472764187182
4,2.75,1830,7315,0,7,1250,580,1979,47.2989,-122.38,1730,7208,12.479909311159902
3,2.25,2260,13209,0,9,2260,0,1977,47.6385,-122.167,2820,12534,13.422467969854667
2,1.75,2110,9519,0,7,2110,0,1948,47.7504,-122.306,1480,9519,12.89921982609012
7,4.0,2960,2665,0,9,1950,1010,1927,47.5835,-122.313,1970,4410,13.657452253306
3,2.5,3490,8343,4,9,2150,1340,1939,47.7265,-122.281,2990,13104,14.331323723241304
3,1.0,1280,3870,0,7,640,640,1945,47.6163,-122.294,1280,4800,12.793859310432293
5,2.0,2740,3838,0,7,1370,1370,1959,47.6819,-122.393,1660,4040,13.142166004700508
3,1.75,1360,5850,0,7,1000,360,1938,47.5711,-122.391,1540,5850,13.217673557208654
3,1.25,1510,13737,3,6,810,700,1961,47.7289,-122.283,2560,10202,12.892950213076524
4,3.75,2810,10840,2,8,2070,740,1994,47.4861,-121.804,2370,11248,13.106233995474446
5,3.5,5850,22885,2,11,4670,1180,1978,47.606,-122.211,3240,19020,14.346138809026444
3,2.75,2770,10000,1,8,1640,1130,1962,47.7011,-122.206,2450,10000,13.426902566922532
4,3.75,3320,8234,0,10,3320,0,2014,47.5963,-122.2,1560,8240,14.346132926656201
3,2.0,1340,7200,0,7,1340,0,1923,47.5601,-122.265,1630,5760,13.208541073645382
3,2.5,1880,4200,0,7,1880,0,2007,47.366,-122.017,2090,4200,12.611537753638338
4,3.75,3520,3944,0,8,2200,1320,1913,47.6424,-122.348,2310,4725,14.01436141670944
3,0.75,1040,15000,0,6,1040,0,1941,47.7639,-122.234,1410,19000,12.345834587905333
3,1.75,2300,35722,0,9,2300,0,1984,47.7455,-122.112,2600,34798,13.16158409055761
3,2.5,1714,3240,0,8,1714,0,2005,47.4288,-122.19,1714,3240,12.628067055589549
3,2.5,1650,2201,0,8,1650,0,2007,47.7108,-122.333,1650,1965,12.966878474563934
3,3.0,2410,7479,2,7,2410,0,1942,47.7394,-122.288,2610,7479,13.193753373491
3,1.0,1140,5500,0,6,1140,0,1908,47.6606,-122.395,1690,4400,13.073173133213556
4,1.75,1830,9600,0,7,1010,820,1966,47.5728,-122.125,1910,11100,12.978493006984626
5,2.75,2570,12906,0,8,2570,0,1987,47.5814,-122.05,2580,12927,13.422467969854667
2,2.0,1350,2560,0,8,1350,0,1976,47.6344,-122.107,1790,2560,12.721885810807203
3,2.5,1960,9535,0,8,1960,0,1989,47.7371,-122.215,2520,9206,13.262125319779487
3,1.0,1120,10665,0,6,1120,0,1961,47.2886,-122.274,1240,10639,12.323855681186558
3,2.5,1580,2765,0,8,1580,0,2011,47.5444,-122.369,1580,1820,12.765402678355779
4,2.25,2420,11120,2,8,1620,800,1952,47.4954,-122.366,2210,8497,13.527828485512494
3,1.75,2400,14012,0,9,2400,0,1971,47.3371,-122.325,2800,13988,12.785491060761776
3,2.5,1910,2091,0,8,1910,0,2014,47.5445,-122.013,1630,1546,13.111939234319872
5,2.75,2500,19783,3,8,2500,0,1959,47.5938,-122.174,1700,15375,13.591116224748411
3,2.75,1850,9600,0,7,1850,0,1965,47.7259,-122.226,1250,10500,13.100526682795154
5,2.75,2670,4780,0,8,2670,0,2013,47.4866,-122.155,2560,5380,13.081541382884074
3,1.5,1220,8345,0,7,1220,0,1931,47.5038,-122.266,1880,10169,12.323855681186558
3,1.0,1010,10215,0,6,1010,0,1955,47.4872,-122.345,1320,10245,12.100712129872347
3,1.0,1300,14138,0,7,1300,0,1943,47.593,-122.165,2440,12196,12.89921982609012
4,2.75,2150,9820,0,8,1220,930,1979,47.7758,-122.2,2060,9830,13.060487973686241
2,1.0,1040,4000,0,6,1040,0,1914,47.5753,-122.303,1740,4000,12.739637756265655
3,1.0,1100,5200,0,6,1100,0,1969,47.3643,-122.081,920,5200,12.326075437924871
4,2.0,2510,13695,0,7,1280,1230,1961,47.7005,-122.174,1220,12500,13.272506035834049
4,3.25,4700,9160,4,11,2520,2180,2005,47.5744,-122.406,2240,8700,14.151982794585487
4,3.0,2230,52983,0,8,2230,0,1991,47.3577,-122.195,2060,8755,13.038981768465277
3,1.75,1950,52256,0,8,1950,0,1985,47.3133,-122.078,2450,51836,12.928778628331663
2,1.5,790,1123,0,8,700,90,2003,47.651,-122.368,1370,1281,12.80765263256463
4,2.0,2230,5000,0,7,1510,720,1922,47.5772,-122.292,2140,5000,13.444446876573442
2,2.25,1280,835,0,7,1080,200,2009,47.5592,-122.284,1280,1246,12.821258284620408
3,2.5,2530,8820,0,8,2530,0,1997,47.42,-122.205,2340,9472,12.969212197910155
3,1.0,960,6180,0,6,960,0,1910,47.5518,-122.279,1250,4120,12.676076274775909
3,2.5,2480,5082,0,7,2480,0,2004,47.5297,-121.846,2480,5874,13.060487973686241
4,3.5,3040,8414,0,9,2420,620,2010,47.5222,-122.157,3470,8066,13.435713196604688
2,1.75,1210,3000,0,7,910,300,1906,47.6789,-122.365,1260,3000,12.994416363073707
3,2.5,1460,1319,0,8,1460,0,2002,47.698,-122.349,1430,1530,12.89921982609012
4,2.5,3200,3600,3,9,2600,600,1997,47.632,-122.369,2490,4080,14.183619879528669
1,1.5,1120,912,0,7,1120,0,2011,47.5924,-122.299,1380,3200,12.644327576461329
3,1.0,1170,6700,0,8,1170,0,1957,47.7122,-122.29,2410,7620,12.936033799212835
6,2.0,2150,4505,0,7,1270,880,1952,47.6514,-122.369,1740,4505,13.534473028231162
4,1.75,2040,15000,0,7,1360,680,1967,47.3107,-122.189,2310,15000,12.779873068457553
4,2.5,3250,48037,2,8,2030,1220,1985,47.6326,-122.07,2970,48037,13.864300722133706
3,1.0,1330,8912,0,6,1330,0,1948,47.4493,-122.274,1200,8913,12.367336537798094
3,2.0,1430,3480,0,7,980,450,1947,47.6874,-122.336,1450,4650,13.017002861746503
2,1.0,1270,43560,0,5,1270,0,1908,47.3651,-122.165,1870,6960,13.217673557208654
4,2.0,1910,10200,0,7,1910,0,1963,47.4804,-122.133,1820,15600,12.721885810807203
4,2.5,2440,14470,0,9,1660,780,1970,47.6401,-122.168,2810,15564,13.457406021215947
3,2.5,1860,6607,0,7,1860,0,1989,47.2891,-122.351,1760,6766,12.542544882151386
3,1.0,1240,6195,0,6,1240,0,1948,47.7681,-122.266,1760,11080,12.345834587905333
3,3.25,2130,2306,1,7,1420,710,1924,47.5424,-122.391,1560,4500,13.331002242515657
3,3.5,2600,11920,0,8,2600,0,1969,47.582,-122.194,2430,10050,13.800396920154226
3,2.0,2160,15788,0,8,2160,0,1951,47.6227,-122.207,2260,9787,13.802425318415619
3,1.0,1590,8470,0,7,1140,450,1967,47.4473,-122.159,1570,9375,12.660169175050076
4,2.5,2280,9874,0,9,2280,0,1989,47.7099,-122.229,2670,9782,13.235692062711331
3,1.75,1830,12500,1,7,1200,630,1947,47.5087,-122.25,1830,7300,12.685407602204794
3,2.0,1910,8050,0,7,1000,910,1980,47.37,-122.17,1780,7344,12.524526376648708
4,1.5,1470,5100,0,7,1470,0,1946,47.6769,-122.381,1470,5100,13.219490088135052
3,1.0,1000,6947,0,7,1000,0,1947,47.7142,-122.319,1000,6947,12.834681304952548
4,2.5,3000,8584,0,7,3000,0,2003,47.369,-122.032,2610,7570,12.891691559669328
4,1.75,1990,23200,0,7,1990,0,1976,47.486,-122.129,1950,17040,12.842649474601725
4,2.5,3060,10043,0,8,1700,1360,1968,47.7387,-122.337,1630,8296,13.071070083016778
3,2.25,1860,15559,0,7,1860,0,1963,47.1559,-121.646,1110,11586,12.84792653170257
3,1.75,1620,8645,0,7,1190,430,1973,47.6651,-122.151,2010,8645,13.0542986464902
4,2.75,3520,19200,4,9,1950,1570,1951,47.525,-122.393,2450,7000,14.32353225439753
3,2.25,2380,6000,0,8,2040,340,1961,47.6955,-122.275,1680,7200,13.102160670086809
3,2.75,2015,16807,4,9,2015,0,2007,47.45,-122.377,1780,12310,13.80394392159281
4,2.5,2710,35009,2,9,2710,0,1992,47.4815,-121.714,2330,35040,13.304684934198283
4,4.0,4320,8709,0,11,3190,1130,2006,47.5369,-122.07,4010,8321,13.864300722133706
3,1.75,1200,9085,0,7,1200,0,1968,47.2795,-122.353,1200,9085,12.341258918085241
2,1.5,690,1058,0,7,690,0,2005,47.6951,-122.343,690,1058,12.409013489526863
3,2.5,2530,16102,0,9,2530,0,1989,47.371,-122.055,2370,14957,12.983101310070822
4,2.5,2520,7731,0,9,2520,0,1994,47.7709,-122.297,2000,7704,13.17115354157376
4,2.5,1690,4080,0,7,1140,550,1912,47.6825,-122.379,1600,4590,13.29041696240058
4,2.5,3470,20445,0,10,3470,0,1963,47.547,-122.219,3360,21950,13.80949248563871
6,2.5,3180,9375,0,8,1590,1590,1967,47.5707,-122.129,2670,9625,13.42984807715229
5,2.0,2190,8316,0,7,1390,800,1961,47.5488,-122.298,2010,8316,12.987688474077727
2,1.0,810,8424,0,6,810,0,1959,47.3286,-122.346,820,8424,12.043553716032399
3,1.5,1630,9282,0,7,1630,0,1963,47.2021,-122.002,1420,9282,12.323633434269318
4,3.0,2483,5701,0,8,2483,0,2005,47.3623,-122.199,2075,5720,12.7098736543592
3,2.5,1740,1308,0,8,1740,0,2008,47.5892,-122.387,1740,1280,13.249876697703288
3,1.75,1470,7650,0,7,1130,340,1983,47.4818,-122.161,1590,7500,12.70076888736628
4,2.5,2830,10677,0,9,2830,0,1993,47.742,-122.208,2970,9619,13.349100464228668
5,3.0,2240,94960,0,6,2240,0,1985,47.481,-121.788,1780,43400,12.655554639055113
3,3.25,4460,51177,0,9,4460,0,2005,47.3648,-122.143,2670,38925,13.513729561132992
4,1.75,1400,6650,0,6,1400,0,1942,47.4888,-122.332,1120,8645,12.529966099944527
3,1.75,1790,7123,0,7,1790,0,1913,47.7429,-121.981,1660,8128,12.873902018105829
3,2.5,2160,6288,0,8,2160,0,1996,47.7655,-122.35,1830,7600,13.217582643985264
3,2.5,1480,1171,0,8,1480,0,2006,47.62,-122.3,1480,1231,13.122363377404328
4,3.5,4020,13515,0,11,4020,0,2001,47.6462,-122.212,3930,13515,14.340830627880717
3,1.75,1970,5100,0,7,1130,840,1908,47.6831,-122.379,1250,4080,13.270783382522602
3,2.25,2160,9612,0,7,2160,0,1994,47.1927,-122.011,1970,9247,12.531772785169476
2,1.0,750,6380,0,7,750,0,1949,47.7033,-122.308,1690,6495,12.672946381766982
4,2.5,2120,215186,0,7,2120,0,1983,47.701,-121.857,2000,215186,12.890179081437969
3,2.5,2220,20531,0,8,2220,0,1998,47.2864,-122.264,2420,19249,12.854353204750012
4,2.75,2700,6000,0,8,2100,600,1910,47.586,-122.383,2050,5400,13.526494262499357
4,2.75,4230,31747,0,10,4230,0,1985,47.731,-122.132,4080,35576,13.686540176667314
3,1.5,1220,962,0,8,1220,0,2014,47.674,-122.387,1510,2501,13.122363377404328
3,1.0,1430,3840,0,7,950,480,1945,47.6847,-122.381,1430,3840,13.053013299269535
5,3.5,3750,9612,2,9,2030,1720,1981,47.5511,-122.157,3270,9688,13.756291198304304
3,2.5,2940,4799,0,9,1710,1230,1996,47.6681,-122.184,2540,4616,13.286181462633724
2,1.0,1250,5650,1,7,1250,0,1943,47.5495,-122.377,1210,5650,13.045482333068371
5,3.0,3720,25474,4,9,2090,1630,1986,47.3296,-122.256,1870,14547,13.122363377404328
3,2.75,2460,3600,0,9,2460,0,2007,47.5409,-121.994,2570,3600,13.579788224443204
4,1.75,1720,7200,0,7,1220,500,1974,47.306,-122.375,1790,7200,11.993498045565198
5,2.25,2400,13450,0,7,1200,1200,1957,47.6007,-122.117,1950,10361,13.38472764187182
3,1.5,980,7770,0,7,980,0,1968,47.6923,-122.201,1470,7350,13.047208703803568
3,2.0,1250,7995,0,7,1250,0,1980,47.3684,-122.092,1540,7650,12.245293358683455
3,1.5,1190,9135,0,7,1190,0,1959,47.5164,-122.189,1520,9146,12.608198852372823
3,2.25,1470,16728,0,7,1350,120,1959,47.4968,-122.302,1540,9000,12.506177237980511
2,1.0,880,9000,0,5,880,0,1928,47.4672,-122.291,1410,10000,11.77528972943772
3,3.25,1830,1804,0,8,1830,0,2014,47.6945,-122.377,1830,1804,13.304601597392535
4,2.5,3140,8060,0,9,3140,0,1991,47.3091,-122.343,3000,8060,12.873773804758644
33,1.75,1620,6000,0,7,1040,580,1947,47.6878,-122.331,1330,4700,13.369223455335854
4,3.75,4120,8258,0,10,4120,0,2012,47.5872,-122.055,3730,8332,13.764164630612687
2,1.0,720,4760,0,5,720,0,1942,47.496,-122.186,840,4760,12.287652632522597
5,2.25,2800,8442,4,9,2800,0,1963,47.5784,-122.076,3220,9156,14.430696197054507
6,3.0,2510,5310,0,7,1460,1050,1944,47.5533,-122.304,1390,5407,12.994530005894443
5,4.0,5840,11652,1,11,4410,1430,1988,47.5835,-122.202,3120,13639,14.603967918328545
3,1.75,1160,5850,0,6,1160,0,1918,47.5064,-122.356,1110,8382,12.154779351142624
3,1.0,1510,6200,0,6,1010,500,1955,47.5293,-122.274,1710,8623,12.608198852372823
4,1.75,2520,10890,0,7,1260,1260,1979,47.3224,-122.343,2090,12375,12.513557345278134
4,3.5,5370,323215,0,10,5370,0,2002,47.6003,-122.076,3780,9891,14.26339638195639
3,1.0,910,8000,0,6,740,170,1950,47.7746,-122.378,2090,9007,12.611371073081239
4,3.25,3230,4838,0,9,3230,0,2014,47.3559,-122.023,2980,5094,13.257095299105352
2,1.0,1080,3600,0,7,1080,0,1922,47.6078,-122.291,2230,4500,12.969212197910155
3,1.75,1530,6743,0,7,1410,120,1955,47.5745,-122.396,2040,6000,13.262125319779487
4,2.75,2100,7350,0,7,1240,860,1978,47.7194,-122.172,2490,7350,13.128345449081877
3,1.75,1720,6000,2,7,1000,720,1954,47.4999,-122.223,1690,6000,12.624782980388359
4,2.5,2590,7910,0,9,2590,0,2003,47.7378,-122.248,2110,11761,13.253391639810733
3,2.25,1460,968,0,7,1140,320,2003,47.6601,-122.4,1460,1531,13.003016619771763
4,1.5,1840,11367,0,7,1840,0,1950,47.7656,-122.358,1690,9800,12.936033799212835
3,1.0,1700,6356,0,7,1700,0,1907,47.5677,-122.281,2080,6000,13.43131758513165
3,1.0,1200,6561,0,6,1200,0,1950,47.7763,-122.36,1340,9450,12.482567372341379
4,2.5,2940,7675,0,9,2940,0,2004,47.7054,-122.129,3120,6574,13.64709190633931
2,1.0,1290,4636,0,7,1290,0,1924,47.6393,-122.301,1940,4635,13.304684934198283
4,1.5,2270,6010,0,8,1290,980,1954,47.6743,-122.269,2120,5987,13.42409775214882
2,2.0,1700,7992,0,7,950,750,1980,47.3031,-122.385,1700,8030,12.520883385370206
5,3.0,3300,33474,3,9,1870,1430,1957,47.5673,-122.21,3836,20953,14.224303456165114
4,3.0,1990,6180,0,7,1990,0,1990,47.3083,-122.36,1910,6180,12.517227074167097
4,2.25,2150,8250,0,7,1240,910,1978,47.3045,-122.378,2050,7875,12.560244459250788
4,1.75,1560,9000,0,7,1560,0,1969,47.6707,-122.149,1510,8848,13.207255844422292
4,2.5,2810,6296,0,9,2810,0,2013,47.5019,-122.151,2850,6140,13.09704556942004
3,1.75,2160,98445,0,8,2160,0,1978,47.35,-122.162,2004,44431,12.873902018105829
3,3.0,1560,2250,0,9,1560,0,2009,47.6929,-122.333,1610,4500,13.128434908300957
5,3.0,2220,5185,3,7,2220,0,2003,47.543,-122.29,2340,6316,12.821258284620408
3,2.25,1680,9766,0,7,1680,0,1989,47.7341,-121.981,1590,9757,12.889169490236618
6,3.5,2820,5400,0,8,1620,1200,1958,47.6791,-122.374,1560,2276,13.652991628466498
3,2.75,1780,15114,0,7,1080,700,1980,47.258,-122.305,1792,10155,12.66032791780777
4,2.25,2420,7725,0,8,1890,530,1972,47.6287,-122.093,1740,7944,13.39239051461739
3,2.0,1020,1204,0,7,720,300,2004,47.5445,-122.376,1360,1506,12.380025952653611
5,3.25,4020,4500,0,9,3120,900,2010,47.6349,-122.204,3550,5775,14.16546295614218
3,2.25,2620,10659,0,7,1660,960,1976,47.7643,-122.273,1820,12071,13.058358047428417
3,1.75,1590,1113,0,8,1590,0,2014,47.6691,-122.402,1520,1357,13.320394227903464
3,2.5,2100,6021,0,7,2100,0,1992,47.2917,-122.375,2091,7547,12.535196520381616
3,1.75,1560,5760,0,6,780,780,1927,47.5272,-122.359,1320,7680,12.776769666333555
4,2.25,2860,26136,0,8,1640,1220,1977,47.6033,-122.158,2670,25040,13.514405465180353
3,1.5,1320,8114,0,8,1320,0,1951,47.5827,-122.195,2110,8114,13.38472764187182
4,2.75,2020,7357,0,7,1350,670,1986,47.7145,-122.225,1690,7804,13.16158409055761
3,2.25,1570,43350,3,7,1570,0,1967,47.2377,-122.016,1570,220849,12.691580461311874
2,1.0,1220,7250,0,6,1220,0,1914,47.3585,-121.975,1350,20250,11.813030057420567
4,2.5,3110,5048,0,8,3110,0,2002,47.3782,-122.125,3110,5190,12.864887147009613
3,2.5,1520,1488,0,8,1520,0,2006,47.7337,-122.309,1520,1497,12.86099861326992
3,2.25,1780,9720,0,8,1280,500,1981,47.4762,-122.156,1710,9790,12.584509081250419
5,3.25,3320,11340,0,8,2480,840,1999,47.3904,-122.154,2330,8339,12.921773567559736
4,1.5,1860,7808,0,7,1080,780,1953,47.7314,-122.3,1530,7884,13.017002861746503
3,1.75,1520,12282,0,8,1220,300,1978,47.7516,-122.299,1860,13500,12.793859310432293
4,2.0,1820,7200,0,7,1300,520,1976,47.5161,-122.388,1770,8149,13.214942558697421
2,1.0,820,8370,0,7,820,0,1941,47.7256,-122.361,1410,8370,12.688498794774466
4,2.0,1970,10500,0,8,1820,150,1961,47.479,-122.356,2090,12300,12.92391243868049
4,5.5,6550,217374,0,11,5400,1150,2006,47.4302,-122.095,4110,50378,14.22097566607244
3,1.0,1160,36831,0,7,1160,0,1938,47.7507,-122.237,1800,15640,13.017002861746503
3,1.75,1610,11200,0,7,1610,0,1955,47.6641,-122.176,1610,11200,13.017002861746503
4,2.0,2090,10800,0,7,2090,0,1951,47.5759,-122.223,2090,10800,13.398478813484644
5,3.5,3490,21780,0,8,3490,0,1996,47.6707,-122.144,3070,7829,13.62918097977278
4,1.5,1780,3120,3,8,1780,0,1926,47.5589,-122.264,1710,3600,13.465953081794405
3,2.5,1760,8584,0,7,1760,0,1937,47.4612,-122.325,2160,8584,12.577463773304586
4,2.75,3010,7427,0,8,3010,0,2010,47.7068,-122.112,3000,4929,13.592367006650065
5,2.5,4170,33310,0,11,4170,0,1991,47.5455,-122.126,4670,37960,14.077874822431765
4,1.75,1650,7775,0,7,1150,500,1950,47.715,-122.354,1390,7200,13.071070083016778
4,2.5,2370,9135,0,8,1600,770,1967,47.5564,-122.177,2050,9468,13.304684934198283
4,1.75,2450,13300,2,9,1630,820,1987,47.5564,-122.13,3150,15500,13.541073712262515
3,2.0,1390,6005,0,8,1390,0,2005,47.2117,-121.99,1264,5550,12.495003937382387
3,1.75,1680,9769,0,8,1340,340,1989,47.4631,-122.126,1730,9686,12.487485104968359
4,3.5,2630,3757,0,10,2200,430,2008,47.5322,-122.075,2620,2699,13.527761816623505
5,2.5,2650,12987,0,7,1350,1300,1979,47.7482,-122.244,2160,12726,13.036805489042683
3,2.5,1794,4769,0,7,1794,0,2005,47.3052,-122.283,3557,4807,12.448822726483302
4,3.5,2510,3763,0,8,1990,520,2013,47.7002,-122.103,2560,3820,13.42984807715229
4,3.0,2920,33976,3,8,1460,1460,1964,47.6164,-122.104,2970,15210,13.865252649859087
3,1.75,1310,5000,0,7,1310,0,1901,47.6722,-122.379,1270,4750,13.304684934198283
2,1.0,670,7312,0,5,670,0,1942,47.7145,-122.285,860,8242,12.759957758756611
1,1.0,1180,22000,2,6,1180,0,1948,47.4007,-122.323,1890,11761,12.343658308482738
5,1.75,2550,71874,0,7,1810,740,1960,47.4845,-122.08,2170,51400,13.17284354129086
4,3.5,4440,8125,3,10,3140,1300,1922,47.5744,-122.283,3990,8505,14.626440774180603
4,1.0,1540,4500,0,7,1540,0,1905,47.587,-122.384,1920,6000,13.044401835934616
4,2.5,2820,4174,0,9,2820,0,2004,47.7112,-122.226,2560,4853,13.425426551894413
3,3.25,3660,66211,0,10,3660,0,2003,47.4087,-122.062,3660,107153,13.732128949025222
4,1.75,1820,8118,0,7,1080,740,1980,47.4104,-122.172,1810,8050,12.483704382128453
3,2.25,1540,1005,0,8,1540,0,2008,47.6828,-122.346,1510,1501,13.244581010128577
4,2.5,2430,5499,0,8,2430,0,2002,47.3779,-122.125,2890,5190,12.644327576461329
4,2.25,2410,16650,0,8,2410,0,1965,47.5706,-122.163,2720,11141,13.475552252058229
4,2.5,2120,8448,0,9,2120,0,1989,47.5654,-122.01,2140,8122,13.444446876573442
3,2.0,1770,14400,0,8,1770,0,1959,47.415,-122.337,1900,14400,12.850554654108839
2,2.5,1900,2983,0,8,1900,0,2006,47.7029,-122.015,1510,3876,13.180632285528304
3,1.75,1510,6000,0,7,1060,450,1947,47.5535,-122.39,1610,6000,12.793859310432293
4,2.0,1670,12056,0,7,1670,0,1955,47.7418,-122.244,1860,12056,12.89921982609012
4,2.5,2640,11816,0,8,2640,0,1999,47.733,-121.968,2400,11816,13.253391639810733
3,1.75,1610,11950,2,7,1210,400,1984,47.6705,-122.138,1610,9363,13.142166004700508
3,2.25,1960,7414,0,7,1490,470,1984,47.2977,-122.374,1580,8038,12.429216196844383
4,1.5,1420,6720,0,7,1420,0,1925,47.5518,-122.311,1560,5600,12.765545566117686
4,2.5,2280,4534,0,8,2280,0,2003,47.5902,-122.018,2246,4534,13.253391639810733
3,2.75,2470,3600,0,9,2470,0,2007,47.5406,-121.994,2570,3600,13.558034327569558
4,1.75,1500,8400,0,7,1200,300,1956,47.4531,-122.273,1780,9913,12.577463773304586
4,1.5,1430,6380,0,9,1430,0,1930,47.7014,-122.313,1220,5112,13.261255376270947
3,1.0,1220,6719,0,6,1220,0,1953,47.4187,-122.329,1580,7200,12.185869938212655
3,1.5,1380,11760,0,7,1380,0,1963,47.4243,-122.202,1650,9855,12.513557345278134
3,2.5,2610,5845,0,8,2610,0,2005,47.4821,-122.142,2810,5000,13.151922179645874
3,2.5,2110,8304,0,7,2110,0,1985,47.3558,-122.173,1680,7508,12.57418196709457
4,2.5,3000,8100,0,8,3000,0,1992,47.7151,-122.305,1550,8100,13.31710745419684
2,1.75,1570,1207,0,9,1570,0,2007,47.6215,-122.201,1570,1206,13.45166712454693
4,2.0,2930,12840,0,8,2930,0,1965,47.2957,-122.187,1960,10920,12.591335046320818
3,1.75,1250,7030,0,7,1250,0,1965,47.6285,-122.118,1460,7210,12.992254692057308
2,2.0,1180,3003,0,6,1180,0,2005,47.3491,-122.02,1310,3003,12.254386505808725
4,2.0,1750,8116,0,5,1750,0,1943,47.5097,-122.181,1440,7865,12.417143615610113
2,1.75,1560,4500,0,8,1560,0,2004,47.7128,-122.032,1860,4500,13.269057756555132
3,1.0,1010,9514,0,7,1010,0,1969,47.4936,-122.105,1010,9514,12.506177237980511
3,1.75,1380,10529,0,7,1380,0,1967,47.7119,-122.233,1670,5694,12.751299696013497
4,1.5,2120,5000,0,8,2120,0,1900,47.6024,-122.296,1830,5000,13.345506928718539
4,3.25,4350,7090,0,8,2870,1480,1999,47.3747,-122.156,2490,7266,13.064734264567692
3,1.5,1520,7200,0,7,1160,360,1990,47.3855,-122.302,1460,7200,12.54236629477704
4,3.0,2560,5606,0,9,2560,0,2004,47.3274,-122.178,2667,7334,12.765688433465597
4,2.5,2340,41600,0,8,1640,700,1977,47.7466,-122.077,2340,34960,13.165901679418813
4,2.25,3530,5500,0,8,2860,670,1940,47.6618,-122.273,2840,5500,14.319311566793301
2,1.0,690,6000,0,6,690,0,1949,47.5621,-122.283,840,3030,12.468436909997665
6,2.75,2410,10763,0,7,1310,1100,1957,47.4429,-122.282,1310,10746,12.676076274775909
4,1.75,1470,4236,0,7,1470,0,1946,47.6692,-122.399,1480,5400,13.366093562326927
3,2.5,2070,25710,0,6,2070,0,1917,47.2032,-121.964,1350,17998,12.65075846679162
3,2.25,2210,7680,2,8,1730,480,1972,47.7729,-122.389,2390,7680,13.122363377404328
2,1.75,970,4233,0,7,970,0,1944,47.6384,-122.4,1340,4233,13.235692062711331
4,1.5,2130,5000,0,8,2130,0,1920,47.5828,-122.291,2560,5000,13.526494262499357
3,2.5,1940,8196,0,8,1940,0,1991,47.6786,-122.151,2070,8514,13.401509118833824
4,2.5,2500,8680,0,7,1250,1250,1958,47.6073,-122.192,2140,8680,13.556739829006913
4,2.25,2670,9040,0,8,2170,500,1955,47.4666,-122.326,1880,2648,12.736553826954605
3,2.5,2120,9307,0,9,2120,0,1984,47.5477,-122.141,2290,11524,13.485616636703183
3,2.0,1260,2550,0,7,1260,0,1987,47.6821,-122.378,1590,3825,12.611537753638338
3,1.5,1500,10227,0,7,1000,500,1945,47.2043,-121.996,1490,7670,12.45722039325398
5,1.75,3290,8000,0,7,1790,1500,1968,47.3733,-122.214,2380,7000,12.705331632924699
2,1.0,770,5680,0,6,770,0,1929,47.6951,-122.366,1170,5514,12.80765263256463
3,2.0,1320,6000,0,7,1320,0,1920,47.5752,-122.304,1620,4000,12.92391243868049
4,2.5,2030,7140,0,7,1400,630,1968,47.6244,-122.109,1800,7565,13.229062996063385
3,3.25,2030,11070,0,8,2030,0,1980,47.6478,-122.117,2450,11070,13.437174117244362
4,2.5,1980,12062,0,8,1980,0,1992,47.4038,-122.167,2300,7902,12.834547962729536
3,3.5,1810,1846,0,8,1440,370,2009,47.607,-122.305,1480,3600,13.345506928718539
3,1.75,1255,1113,0,8,1255,0,2010,47.6958,-122.343,1010,1038,12.793859310432293
4,2.5,4040,11350,2,10,3690,350,1984,47.559,-122.162,3770,12382,14.038654109278484
6,2.0,2320,210830,0,8,2320,0,1962,47.398,-122.081,2540,217800,12.89921982609012
3,2.0,1470,20000,0,7,1470,0,1968,47.2973,-122.08,1390,30056,12.447448965105444
3,1.0,1400,6600,0,6,1280,120,1954,47.4845,-122.331,1730,6600,12.278160721924428
4,1.0,2300,9583,0,6,1220,1080,1928,47.5671,-121.89,1200,11325,12.621488084491506
3,2.25,1580,11580,0,8,1580,0,1979,47.5503,-122.155,2630,10009,13.308012724290958
4,2.25,1890,7210,0,8,1890,0,1967,47.6342,-122.117,1920,7210,13.208541073645382
2,1.0,1260,5800,0,7,1260,0,1939,47.6501,-122.409,1830,5800,13.401509118833824
3,2.0,2130,5000,0,7,1330,800,1925,47.6746,-122.362,2010,5000,13.38779984090879
3,1.5,1370,9800,0,7,1370,0,1968,47.3068,-122.27,1370,9800,12.41673867533327
5,1.75,2780,7786,0,8,1390,1390,1966,47.6694,-122.157,2130,7918,13.176851562688398
2,1.0,880,9750,0,6,880,0,1938,47.4885,-122.298,1220,9406,12.254862809699606
3,1.75,1690,5080,0,7,1190,500,1976,47.5312,-122.348,1300,5080,12.762827201184564
3,1.75,1790,7650,3,9,1790,0,1978,47.3213,-122.385,2540,7600,12.611371073081239
2,1.0,1470,6000,0,6,900,570,1944,47.6527,-122.386,1670,6000,12.936033799212835
3,1.0,1020,6120,0,7,1020,0,1967,47.278,-122.205,1370,8000,12.245293358683455
4,2.5,2160,8158,0,8,1660,500,1952,47.6948,-122.328,1520,7208,13.279367126213993
3,2.0,1500,5200,0,7,1060,440,1977,47.3653,-122.09,1640,5200,12.429216196844383
1,1.0,700,2550,0,6,700,0,1954,47.6783,-122.383,1330,4110,12.936033799212835
3,2.5,1580,6065,0,8,1580,0,1985,47.5692,-122.021,1770,6700,13.091904169919621
4,1.75,2680,6120,0,8,1340,1340,1959,47.6965,-122.393,2320,6840,13.340695371721317
4,2.75,1800,5453,0,7,1050,750,2002,47.4632,-122.209,1820,6900,12.74984936943585
3,1.0,920,4875,0,6,920,0,1969,47.3648,-122.081,960,5200,12.100434313507177
3,2.5,2940,15875,0,10,2940,0,1994,47.5947,-122.016,2980,15875,13.567049198665774
3,1.75,1360,13320,0,7,1360,0,1985,47.4625,-122.069,1580,13625,12.706696406811568
3,2.0,1280,6994,0,7,1280,0,1991,47.3889,-122.048,1290,7514,12.2783933071098
3,2.0,1410,7265,0,7,1410,0,1983,47.3654,-122.076,1390,8060,12.52434454193596
3,2.5,2150,4604,0,8,2150,0,2003,47.5893,-122.019,2280,4253,13.270783382522602
2,1.0,1310,5200,0,7,910,400,1946,47.6784,-122.304,1320,4794,13.4052841327544
4,2.5,2790,6540,0,9,2790,0,1999,47.6087,-122.016,2790,6270,13.45166712454693
3,3.25,1980,2850,0,7,1980,0,1987,47.6597,-122.331,1630,4560,13.399995114002609
3,1.0,1180,5650,0,7,1180,0,1955,47.5112,-122.257,1340,5650,12.309982108920686
3,2.5,2095,3438,0,7,2095,0,2008,47.3523,-122.213,1805,3402,12.58621994565405
2,1.75,2620,14138,4,8,2120,500,1931,47.7142,-122.277,1830,8279,14.122995257712235
4,2.25,2060,10070,0,7,2060,0,1975,47.7258,-122.177,2060,8155,12.992254692057308
3,2.5,2130,219978,0,8,2130,0,1986,47.7754,-122.032,3340,217800,13.151922179645874
3,2.25,1860,12000,0,7,1860,0,1976,47.2942,-122.19,1815,9604,12.496874845318198
5,4.0,5610,22529,0,11,4090,1520,1996,47.7239,-122.092,3860,24751,13.81049801614073
3,1.5,1570,12196,0,7,1570,0,1972,47.4866,-121.786,1740,12196,13.034624463096321
3,2.25,1430,1383,0,8,1430,0,2005,47.6917,-122.341,1430,1347,12.892950213076524
4,1.0,2210,4366,0,8,2210,0,1901,47.6105,-122.309,1740,1745,13.286181462633724
3,1.75,1120,4000,0,7,870,250,1916,47.6684,-122.368,1470,4000,13.005829561148378
4,2.5,2610,5140,0,8,2610,0,2006,47.6951,-122.346,1190,5101,13.421875201609687
4,2.25,2250,12000,0,8,2250,0,1985,47.3715,-122.274,2140,11871,12.568978139219542
3,1.5,2120,8448,0,7,1060,1060,1940,47.6438,-122.403,1620,7920,13.38472764187182
3,1.5,1690,6010,0,7,1230,460,1946,47.6955,-122.291,1690,5418,12.994530005894443
3,1.0,1500,6250,0,6,890,610,1945,47.5365,-122.368,1210,6250,12.517227074167097
2,1.75,2320,6250,0,7,1400,920,1948,47.5468,-122.386,1420,6250,12.901592010235175
3,2.5,1430,8470,0,7,1190,240,1992,47.1943,-121.991,1670,8418,12.506177237980511
4,3.0,2500,6278,0,9,2500,0,2002,47.3325,-122.168,2700,7200,12.886641043883259
3,2.25,2390,7000,0,7,1990,400,1970,47.4568,-122.169,1610,7000,12.506177237980511
3,1.0,1370,4040,0,7,1370,0,1906,47.6867,-122.354,1220,3030,13.180632285528304
3,2.5,1690,10113,0,7,1310,380,1991,47.7381,-122.223,1690,10113,12.873902018105829
4,2.75,3170,7634,0,10,3170,0,1992,47.5774,-122.054,2940,7846,13.527828485512494
3,1.75,1850,14986,0,6,1850,0,1943,47.4837,-122.148,2660,10650,12.706847933442663
4,2.0,2380,4500,0,6,1470,910,1926,47.5652,-122.281,1300,4500,13.028052697933088
4,2.75,2780,6207,0,8,2780,0,2001,47.6867,-122.038,2660,5592,13.465953081794405
4,1.5,1500,2106,0,7,1500,0,2014,47.5669,-122.297,1490,2175,12.114877985345247
4,2.5,2160,7826,0,7,1390,770,1976,47.7754,-122.276,2190,9900,12.994530005894443
3,2.5,2490,8582,0,9,2490,0,2000,47.625,-122.042,2870,7598,13.39132124085783
4,2.5,2480,4602,0,9,2480,0,2000,47.6835,-122.161,3480,5739,13.641157170819497
4,2.5,2830,14538,0,8,2830,0,2003,47.5405,-121.882,2270,6939,13.45166712454693
3,1.0,1160,10881,0,7,920,240,1983,47.6339,-122.033,1280,10843,12.542544882151386
3,2.0,2080,12972,0,7,1250,830,1981,47.3733,-122.432,1530,10089,12.871334622600584
3,1.75,1520,8625,0,8,1520,0,1976,47.7687,-122.223,2080,9200,12.810388612383504
3,1.75,1200,55321,0,7,1200,0,1977,47.3492,-121.935,1910,54450,12.269047444691562
4,2.5,2480,9869,0,8,1240,1240,1963,47.7612,-122.229,2230,10310,13.083622549087899
3,1.0,1120,10701,0,7,1120,0,1954,47.5544,-122.358,1130,6350,12.560244459250788
3,1.0,1210,7440,0,7,1210,0,1949,47.7402,-122.323,1120,7440,12.691426603322494
3,1.0,1100,5100,0,7,1100,0,1913,47.5231,-122.332,1450,5100,11.77528972943772
4,1.75,2700,27072,0,7,1380,1320,1958,47.2877,-122.293,2460,34850,12.660010407089116
3,1.5,1170,4950,0,7,1170,0,1960,47.6057,-122.135,1570,7700,12.706847933442663
3,1.0,1260,3230,0,7,1260,0,1907,47.644,-122.369,1700,3500,13.091904169919621
4,2.5,2660,5043,2,9,2660,0,2003,47.5445,-121.996,3010,5500,13.547631112808673
3,2.5,2290,14374,0,8,2290,0,1983,47.5886,-122.074,2290,33450,13.341498907321
4,1.75,2300,13342,4,7,2300,0,1934,47.7308,-122.282,2500,13342,14.104441849816487
4,2.25,3260,4640,0,9,2360,900,1907,47.6272,-122.312,3240,5800,14.099184609018517
2,1.0,990,57499,0,6,990,0,1949,47.4145,-122.463,2090,27442,12.70381302974751
4,2.0,1820,8400,0,7,1300,520,1956,47.7615,-122.329,1700,9450,12.845159549240176
3,1.5,1430,5200,3,7,1250,180,1940,47.6988,-122.387,2210,6240,13.15676480412166
3,1.75,1520,7500,0,8,1520,0,1985,47.2646,-122.219,2180,7506,12.425208175446844
3,2.5,1770,1714,0,8,1770,0,2012,47.6532,-122.348,1720,3360,13.417269294945429
1,1.0,920,8282,0,6,920,0,1944,47.761,-122.214,2260,14025,12.644327576461329
3,2.0,1390,5127,0,8,1390,0,1990,47.4504,-122.206,1960,5019,12.604680966175126
4,3.0,2110,1286,0,9,1710,400,2007,47.5444,-122.014,2000,1286,13.279367126213993
2,1.0,1020,8442,4,7,920,100,1941,47.5145,-122.391,2550,10323,13.42984807715229
3,1.0,1150,10196,0,7,1150,0,1957,47.6788,-122.162,1410,8925,12.855790268162783
3,1.5,1780,23819,0,7,1780,0,1953,47.4912,-122.312,1130,14450,12.4130868149145
3,2.25,1420,3750,0,7,1420,0,1987,47.5725,-122.383,1430,4664,12.92391243868049
2,2.5,1320,1157,0,8,990,330,2014,47.6689,-122.363,1550,1519,13.120361374733656
3,2.25,2400,5300,0,7,1250,1150,1939,47.6876,-122.384,1540,4800,13.418757390458131
3,1.75,1330,9917,0,7,1040,290,1981,47.4478,-122.161,1330,9081,12.481808646963554
3,1.0,920,5200,0,6,920,0,1969,47.3603,-122.085,920,5200,12.095141084822892
4,3.0,3600,9687,0,9,3600,0,1959,47.6257,-122.208,2620,10400,14.344961645853429
4,2.5,2210,6080,2,8,1410,800,1965,47.4915,-122.228,2210,6175,12.718896271958837
3,1.0,1220,5652,0,6,1220,0,1905,47.5767,-122.408,1490,2467,13.262125319779487
2,1.0,720,5820,1,6,720,0,1950,47.7598,-122.255,952,5820,12.765688433465597
2,1.75,1820,8409,0,6,910,910,1948,47.7538,-122.327,1300,8409,12.751299696013497
3,2.5,1690,4500,1,8,1690,0,1928,47.5841,-122.383,2140,7200,13.485616636703183
4,2.25,2380,7700,0,8,2380,0,1977,47.4391,-122.194,2100,7700,12.809431870699097
3,2.0,1680,8080,0,8,1680,0,1987,47.6168,-122.045,1800,7503,13.142166004700508
2,1.75,1720,3000,0,7,860,860,1925,47.686,-122.351,1360,4500,13.244581010128577
4,3.5,4083,68377,0,10,4083,0,2005,47.3114,-122.262,2430,41382,13.3645249345543
4,2.5,2100,14773,0,8,2100,0,1998,47.3045,-122.391,2370,15440,12.628067055589549
3,2.75,1960,6390,2,8,1960,0,1900,47.6032,-122.285,2440,5870,13.539757056377766
3,1.75,1630,1526,0,8,1630,0,2014,47.6536,-122.354,1570,1274,13.319573546692034
4,1.0,1640,6305,0,6,1640,0,1907,47.5563,-122.28,1590,4816,13.159659162148026
4,1.0,1860,4736,0,7,1860,0,1901,47.6251,-122.3,1800,4000,12.96453929221076
5,3.5,3440,6037,0,9,3440,0,2014,47.4765,-121.734,3270,6037,13.303003521415745
4,2.5,1983,6002,0,9,1983,0,2012,47.3281,-122.164,2502,4750,12.751299696013497
2,1.75,1100,7600,0,6,1100,0,1980,47.4136,-122.318,1230,7350,12.152935547117044
2,1.0,1730,9610,0,7,1380,350,1962,47.2956,-122.285,1310,9812,12.206072645530174
2,1.0,770,6731,0,6,770,0,1943,47.7505,-122.312,1120,9212,12.66032791780777
3,1.75,2020,9478,0,9,2020,0,1961,47.5383,-122.238,3050,15594,13.514405465180353
4,2.5,3140,8455,0,8,3140,0,2003,47.4866,-122.147,3140,7391,13.180420942442211
3,1.0,1150,12402,0,6,1150,0,1969,47.7422,-122.099,1400,13600,12.748396936355535
4,2.75,2930,25697,0,9,2310,620,1964,47.6264,-122.226,3810,20681,14.22097566607244
4,3.5,3510,9364,0,10,3510,0,2001,47.54,-121.876,3510,9161,13.45166712454693
3,1.5,990,8925,0,7,990,0,1962,47.3294,-122.331,1360,8625,11.970350312009105
3,1.0,1010,7034,0,7,1010,0,1954,47.49,-122.22,1440,10994,12.072541252905651
4,1.75,2400,10050,0,8,2400,0,1957,47.6339,-122.124,1680,10050,13.36138027787483
2,1.0,840,4239,0,7,840,0,1948,47.5319,-122.382,1120,4494,12.691580461311874
3,2.5,2020,26670,0,7,2020,0,1987,47.2597,-122.31,1680,10939,12.64400494377584
4,2.5,2660,8469,0,10,2660,0,1994,47.5529,-122.12,2920,10697,13.529566973466213
3,2.5,1870,5000,0,7,1870,0,2009,47.3339,-122.055,2170,5399,12.506177237980511
4,2.5,2390,53941,0,8,2390,0,1989,47.7066,-122.08,2610,104108,13.432784936825598
3,1.0,990,7420,0,6,990,0,1960,47.2898,-122.221,1010,7420,12.245293358683455
4,2.25,1940,9144,0,7,1430,510,1956,47.5942,-122.135,1460,9437,13.112313041550827
4,1.0,1390,17739,0,7,1390,0,1958,47.3457,-122.302,1230,7840,12.47227568630483
2,1.0,620,6600,0,6,620,0,1963,47.4862,-122.33,1050,6600,12.072541252905651
3,1.0,940,5904,0,6,940,0,1947,47.699,-122.35,870,5728,12.465548126091774
3,2.25,1870,3230,0,7,1870,0,1997,47.4915,-122.167,1620,3363,12.572103684392932
3,1.75,2030,17100,0,7,2030,0,1953,47.451,-122.365,1950,14400,12.994530005894443
3,2.0,1510,3760,0,7,930,580,1925,47.5425,-122.39,1510,3760,13.16158409055761
3,1.0,1240,3500,0,7,1240,0,1927,47.6835,-122.347,1650,3360,13.399995114002609
3,1.75,1850,8667,0,7,880,970,1982,47.7025,-122.198,1450,10530,13.017002861746503
2,2.0,1400,1512,0,8,940,460,2006,47.6719,-122.392,1400,3500,13.223113280504473
4,2.0,1440,10800,0,7,1440,0,1967,47.3417,-122.283,1190,7380,12.345834587905333
2,1.0,1040,7200,0,6,1040,0,1955,47.6823,-122.203,1640,7200,13.440817108522863
3,2.75,1960,13252,0,8,1240,720,1975,47.5582,-122.139,2040,9866,13.217673557208654
4,3.5,3710,10400,0,8,2290,1420,2002,47.5041,-122.186,1720,4276,13.222208712374044
3,1.0,1710,6556,0,7,1200,510,1926,47.7185,-122.354,1410,6563,12.994530005894443
3,2.25,3360,7108,0,10,2770,590,1905,47.6187,-122.284,3450,8558,14.600781027400025
3,3.5,2710,3475,0,8,1650,1060,2005,47.5359,-122.072,2440,2867,13.348701819615057
3,1.5,2230,8558,0,8,2230,0,1960,47.5833,-122.219,2200,8558,13.437174117244362
3,1.75,1700,5750,2,7,1450,250,1925,47.5643,-122.38,1700,5750,13.208541073645382
4,2.75,4110,8400,1,9,3130,980,1928,47.717,-122.281,2820,8400,13.996998434009651
3,1.5,1400,7582,0,7,1400,0,1956,47.4536,-122.33,1280,7872,12.560244459250788
2,2.25,1330,806,0,8,1330,0,2009,47.6904,-122.395,1320,1389,13.17628321939376
4,2.5,3040,7200,0,9,3040,0,2008,47.7747,-122.366,2360,8245,13.458835614025542
3,2.5,2620,8403,0,8,2620,0,1991,47.3675,-122.042,2190,7842,12.9190224533863
3,1.5,1600,8040,0,7,1050,550,1965,47.7471,-122.337,1810,7819,12.85813738098889
3,1.75,1350,5850,0,7,1050,300,1973,47.4225,-122.328,1710,7757,12.729320789294722
3,2.5,2020,3000,0,6,1010,1010,1910,47.5621,-122.291,1670,3000,12.89921982609012
3,1.75,1250,9605,0,7,1250,0,1964,47.6325,-122.121,1570,9605,13.035715570678656
6,3.0,4050,36171,0,8,2620,1430,1970,47.4708,-122.015,3660,42874,13.415032991367148
4,3.5,4860,23885,0,12,4860,0,1996,47.6172,-122.23,3580,16054,14.897315728316002
4,2.0,1650,7552,0,7,860,790,1977,47.7765,-122.324,1410,7199,12.793859310432293
3,2.0,1370,78408,0,7,1370,0,1964,47.3867,-122.081,1620,9690,12.779309529417562
2,1.5,1400,11245,0,7,1400,0,1947,47.7469,-122.321,1220,11241,12.950388112664518
4,3.5,3160,4200,4,8,2180,980,1999,47.5963,-122.292,2180,5200,13.944343429807242
3,2.0,1860,3600,0,7,1110,750,1915,47.6102,-122.296,1680,3695,13.287877815881902
4,2.5,3350,46748,0,10,3350,0,2004,47.3432,-122.025,3350,39683,13.38472764187182
6,2.25,3040,28535,0,8,1890,1150,1951,47.3864,-122.223,1360,8250,12.706847933442663
4,1.75,1720,9600,0,8,1720,0,1969,47.4764,-122.155,1660,10720,12.84792653170257
4,2.75,2790,8092,0,8,2790,0,2013,47.4834,-121.773,2790,6154,13.13361385280218
2,1.0,690,5200,0,6,690,0,1918,47.556,-122.395,1380,5700,12.736700896592344
3,2.5,3400,12442,0,9,3400,0,2001,47.5611,-122.032,3250,8635,13.610943392223
3,1.5,1330,9548,0,7,1330,0,1967,47.3675,-122.11,1420,9548,12.345834587905333
5,3.0,2710,4200,0,7,1890,820,1919,47.6754,-122.307,2150,4200,13.737549016494562
4,3.5,3500,4080,2,9,2590,910,2004,47.6834,-122.292,2430,5100,13.825460888817442
4,1.75,1710,8947,0,7,1710,0,1956,47.5947,-122.135,1360,10133,13.256719429903407
3,2.5,1780,6527,0,8,1780,0,1989,47.2578,-122.217,2040,8840,12.487485104968359
4,2.5,2280,3800,0,7,2280,0,2006,47.3586,-122.036,2630,4045,12.628067055589549
3,2.5,3300,11570,0,9,3300,0,1994,47.5599,-122.121,3280,11446,13.652991628466498
4,3.5,2350,13402,3,8,1670,680,1994,47.6947,-122.19,2250,9474,13.39239051461739
4,2.5,1770,8155,0,6,1770,0,1970,47.719,-122.173,1460,7360,13.122363377404328
4,1.75,2970,14880,4,9,1560,1410,1962,47.5907,-122.086,3310,13388,13.610943392223
4,2.5,2890,9775,2,8,2890,0,2004,47.5339,-121.854,2640,7184,13.262125319779487
3,1.0,1250,5411,0,7,1250,0,1980,47.5064,-122.265,1490,6320,12.012536438968622
2,1.0,1070,6120,0,6,1070,0,1962,47.4989,-122.317,1130,6120,12.250089530946948
3,2.75,1850,16960,2,8,1850,0,1953,47.7128,-122.365,2470,13761,13.37700559577791
4,2.5,2267,3577,0,7,2267,0,2014,47.3384,-122.18,2056,3577,12.631340380934517
3,2.5,1490,3840,0,7,1490,0,2002,47.374,-122.133,2060,4384,12.491063600170463
3,1.5,1430,7347,0,7,820,610,1980,47.2927,-122.369,1430,8723,12.196022309676673
4,2.5,2230,5743,0,7,2230,0,2002,47.7245,-121.957,2490,6300,12.936033799212835
5,3.5,3420,8000,0,10,3420,0,2006,47.5736,-122.212,1900,8000,14.179382540974075
3,1.0,1300,8284,0,7,1300,0,1968,47.3327,-122.306,1360,7848,12.429216196844383
3,2.5,1690,1760,0,8,1410,280,2014,47.5387,-122.367,1740,1760,12.730801174465157
4,3.0,3400,5100,0,9,3400,0,2006,47.3548,-122.002,3400,5672,13.279367126213993
2,2.0,1670,4996,0,8,1670,0,2004,47.7141,-122.031,1670,4996,13.224919965729422
4,2.5,2610,4978,0,8,2610,0,2004,47.3438,-122.04,2470,5024,12.83067328355501
5,3.5,4010,6000,3,9,2560,1450,1997,47.4928,-122.229,2440,6000,13.345506928718539
4,1.75,1730,9520,0,7,1730,0,1971,47.4756,-122.157,1550,11211,12.676076274775909
4,2.5,2900,4762,0,8,2900,0,2005,47.3663,-122.129,2900,5173,12.777052192115912
4,2.75,2790,8853,0,8,2790,0,2013,47.4842,-121.772,2790,8092,13.186486812405569
3,1.75,1930,5000,0,9,1230,700,1936,47.6582,-122.278,2300,6000,13.482133526250363
4,2.5,1830,6360,0,8,1830,0,1994,47.4184,-122.18,1830,6596,12.556729517143344
2,1.0,1150,3775,0,7,1150,0,1917,47.6539,-122.329,2240,3753,13.304601597392535
3,2.5,2056,3564,0,7,2056,0,2014,47.338,-122.181,2056,3577,12.621488084491506
3,1.75,1030,4800,0,6,930,100,1927,47.566,-122.373,1540,4800,12.532797530696506
4,2.5,2250,4119,0,8,2250,0,2001,47.5973,-122.034,2290,3115,13.279367126213993
3,3.5,4380,6350,0,8,2780,1600,1900,47.6981,-122.368,1830,6350,13.51508091268999
4,2.5,2680,8778,0,8,2680,0,1977,47.5516,-122.161,2680,10020,13.577253368840017
4,2.0,1720,2410,0,7,970,750,1930,47.5252,-122.361,1160,1404,12.834681304952548
2,2.5,3360,6750,0,9,3360,0,2004,47.7112,-122.033,2510,6750,13.652991628466498
3,1.75,2140,13286,0,8,1220,920,1964,47.5722,-122.128,2250,13286,13.266463721378086
3,2.0,1480,5000,0,7,750,730,1928,47.6859,-122.37,1250,4000,13.296316684527767
3,2.25,1780,6120,0,9,1390,390,1927,47.6025,-122.286,1960,5568,13.555443652545467
5,2.75,3020,9187,0,9,3020,0,2007,47.6806,-122.167,2250,9675,13.687677186454389
3,2.5,1730,4286,0,7,1730,0,1999,47.432,-122.329,1780,4343,12.736553826954605
6,3.0,2860,17853,0,8,1430,1430,1962,47.546,-122.175,1920,13452,13.610943392223
4,2.5,1960,8540,0,7,1220,740,1955,47.7654,-122.359,1910,9120,12.782545550532019
3,2.25,1960,44634,0,7,1130,830,1984,47.7769,-122.253,1970,44634,13.01477816672439
4,4.5,5270,12195,4,11,3400,1870,1979,47.5696,-122.09,3390,9905,14.77102200299171
4,2.5,2810,10951,0,8,2810,0,2003,47.3249,-122.187,1680,6625,12.886641043883259
3,2.25,2980,7700,0,9,2530,450,1964,47.6336,-122.29,3020,8234,14.018451401960965
3,1.75,1610,22496,0,7,1610,0,1974,47.3443,-122.073,2050,35772,12.733607882859111
3,2.5,1680,2801,0,7,1680,0,2011,47.745,-122.181,1920,2723,12.992254692057308
3,2.25,1870,7200,0,7,1390,480,1975,47.734,-122.174,1830,7876,12.767115985456782
3,2.5,2820,14890,4,9,1770,1050,1985,47.7019,-122.228,3740,14890,13.657106679430287
3,1.5,1620,5108,0,7,1620,0,1954,47.6978,-122.316,1380,6130,13.1205617554577
3,2.5,2590,35640,0,9,2590,0,1987,47.5516,-122.03,2590,31200,13.399995114002609
4,2.5,2490,11650,0,7,1390,1100,1990,47.4416,-122.332,2010,10495,12.506177237980511
2,1.0,740,6300,0,6,740,0,1942,47.5158,-122.376,740,6300,12.609869696537642
4,1.0,1430,4080,0,7,1430,0,1924,47.6696,-122.324,1760,4080,13.411669130972207
4,1.0,1480,6500,0,7,1480,0,1914,47.5282,-122.267,2380,6000,12.721885810807203
