sqft_living,sqft_lot,floors,waterfront,view,condition,grade,sqft_basement,yr_built,yr_renovated,lat,sqft_living15,sqft_lot15,price_ln
2340,12080,2.0,0,0,3,8,0,1999,0,47.7325,2200,12403,13.097250676589253
2130,1400,2.0,0,0,3,9,1050,2010,0,47.5661,1520,3132,13.197470849891134
1020,6173,1.0,0,0,3,6,240,1948,0,47.5042,1330,5909,12.367340793126296
680,6600,1.0,0,0,3,5,200,1916,0,47.6567,1170,5500,13.142166004700508
1250,5375,1.0,0,0,3,7,0,1985,0,47.3787,1320,6258,12.554967402149943
1600,5643,1.0,0,0,3,7,0,1954,0,47.6968,1600,5746,12.990430706143503
2530,11549,1.0,0,0,3,7,830,1942,0,47.6557,2530,10000,13.17115354157376
1320,24319,1.0,0,0,3,7,0,1966,0,47.4741,1430,98445,12.388394202324129
1480,7210,1.0,0,0,3,7,300,1986,0,47.3124,1690,7396,12.52888051995733
2370,155130,1.0,0,0,3,7,0,1970,0,47.7388,1860,14475,13.527828485512494
1870,7220,2.0,0,0,3,7,0,1956,0,47.77,1550,7592,12.691580461311874
1450,1263,2.0,0,0,3,8,290,2007,0,47.6508,1390,1282,12.886641043883259
1320,2614,2.0,0,0,3,7,0,2005,0,47.5355,1320,2533,12.611537753638338
1540,8100,1.0,0,0,4,7,600,1947,0,47.749,1840,8100,12.971540487669746
2580,6260,2.0,0,0,3,7,0,2004,0,47.4858,2160,3600,12.832011076396668
1650,2262,3.0,0,0,3,8,0,2010,0,47.6823,1620,3166,13.213117740672793
1590,7810,1.0,0,0,4,7,0,1959,0,47.2932,1470,7810,12.449018824140563
1560,9600,1.0,0,0,4,7,0,1961,0,47.6918,1520,10000,12.721885810807203
730,2400,1.0,0,1,3,4,0,1934,0,47.35,1220,4382,12.287652632522597
1390,9680,1.0,0,0,4,7,0,1956,0,47.634,1460,10050,12.959844447906553
2740,12106,1.0,0,0,3,8,760,1992,0,47.7648,2170,11156,13.17115354157376
4290,37607,1.5,0,0,5,10,0,1982,0,47.4812,2810,40510,13.641157170819497
1900,2133,2.0,0,0,3,8,380,2009,0,47.5675,1530,3264,12.948009990259552
2795,15101,2.0,0,0,3,8,0,1996,0,47.7301,2750,14567,13.239257128875828
1270,2790,1.0,0,0,3,7,280,1970,0,47.6581,1920,4000,13.205784985543401
1300,8400,1.5,0,0,4,7,0,1953,0,47.7612,1330,8400,12.66032791780777
2200,20000,1.0,0,1,3,7,800,1952,0,47.5809,3050,11775,13.9108207377686
3600,21794,2.0,0,0,4,11,0,1990,0,47.7121,3410,19864,13.681979165339751
1820,8400,1.0,0,0,3,7,480,1976,0,47.734,1900,8112,12.95465453297822
3620,6499,2.5,0,0,3,9,0,2003,2009,47.7326,2330,7200,13.623138665316818
1720,13104,1.0,0,0,4,7,0,1962,0,47.4709,1840,13104,12.560244459250788
3930,43560,2.0,0,0,3,10,0,2003,0,47.7497,2860,36460,13.997832114758229
1440,33747,1.5,0,0,3,7,0,1928,0,47.7223,1980,8400,13.596109992928898
1650,5000,2.0,0,0,3,8,0,1985,0,47.3206,1720,5000,12.28442161194115
1280,7861,1.0,0,0,4,6,0,1913,0,47.3007,1020,6480,12.180754837545884
4420,5750,2.0,0,0,3,10,1010,2006,0,47.5404,4420,5750,13.698976741708323
2240,8937,1.0,0,0,4,8,780,1976,0,47.6495,2360,9038,13.422467969854667
3580,8921,2.0,0,0,3,9,0,2000,0,47.693,2710,9308,13.955272500339433
900,6099,1.0,0,0,3,6,110,1944,0,47.4807,1240,6099,12.323855681186558
1950,52256,1.0,0,0,4,8,0,1985,0,47.3133,2450,51836,12.928778628331663
1350,886,3.0,0,0,3,8,80,2006,0,47.5491,1350,886,12.841325847671216
2980,8107,2.0,0,0,3,9,0,2000,0,47.5389,2750,7760,13.341498907321
3330,12566,1.0,1,4,4,8,1390,1960,0,47.5287,3730,16560,14.485900751401603
2070,5000,1.5,0,0,3,8,0,1920,0,47.5828,2630,5000,13.687677186454389
1120,1039,2.0,0,0,3,7,280,2007,0,47.5788,1130,5400,12.850423411901156
2790,5450,2.0,0,0,3,10,860,1925,2000,47.6453,2320,5450,13.963930563082547
2570,9487,2.0,0,3,3,9,0,1989,0,47.7408,2490,9898,13.312983737012978
1780,5000,1.5,0,0,3,6,700,1957,0,47.5105,1500,5000,12.388394202324129
1990,7194,1.0,0,0,4,8,590,1978,0,47.4417,1820,7400,12.70076888736628
2290,11072,2.0,0,0,3,9,0,1986,0,47.6283,2340,9774,13.287877815881902
1740,7895,2.0,0,0,3,7,0,1999,0,47.3401,1720,6813,12.618182296357007
1930,3876,1.5,0,0,5,7,480,1924,0,47.6604,1280,3825,13.504900980868788
1130,11429,1.0,0,0,3,7,0,1956,0,47.4526,1550,10700,12.230521325932484
3020,6000,3.0,0,2,3,8,1040,1994,0,47.5249,1150,6000,12.992254692057308
2180,7297,2.0,0,0,3,8,0,1984,0,47.6459,2250,9781,13.322442989119986
1420,11325,1.0,0,0,3,7,0,1980,0,47.5356,2330,3474,13.142166004700508
6630,13782,2.0,0,0,3,10,1700,2004,0,47.5399,4470,8639,14.03062193758122
2680,5539,2.0,0,0,3,8,0,2013,0,47.4759,2680,5992,13.016980639277364
2270,9100,2.0,0,0,3,7,0,1978,0,47.7242,1710,7910,12.948009990259552
980,6800,1.0,0,0,3,6,0,1946,0,47.4411,1140,9975,11.877568578558138
1820,8867,2.0,0,0,3,7,0,1921,0,47.4764,1430,9288,12.235631447771718
2210,13721,2.0,0,0,3,8,0,2009,0,47.3122,1850,12951,12.774223335915433
1940,219527,1.0,0,0,3,7,0,1991,0,47.4214,2060,108900,13.16158409055761
2170,8169,2.0,0,0,3,8,0,2003,0,47.4833,2240,6733,12.999630612022031
1060,1536,2.0,0,0,3,8,0,2000,0,47.6907,1220,1316,12.936033799212835
1380,10112,1.0,0,0,4,7,440,1963,0,47.3196,1240,10112,12.345834587905333
3060,6000,2.0,0,0,3,9,0,2012,0,47.3689,3040,6000,13.049792684569493
3360,8708,2.0,0,0,3,9,0,2006,0,47.7037,1810,4764,13.652991628466498
630,4200,1.0,0,0,3,6,0,1930,0,47.5329,970,4200,11.904967552746252
2090,5195,2.0,0,0,3,7,0,2007,0,47.3986,2090,5236,12.611537753638338
1590,7148,1.0,0,0,3,7,0,1952,0,47.4713,1150,7280,12.464583340681674
1920,8497,2.0,0,0,3,8,0,1998,0,47.2608,1940,8436,12.506177237980511
1990,4725,1.5,0,0,4,7,800,1944,0,47.5275,1240,4961,13.005829561148378
2130,8721,1.0,0,0,3,8,560,1987,0,47.4202,2130,9477,12.66349749256905
4640,15235,2.0,0,1,3,11,1780,1965,2003,47.5666,3230,20697,14.48333993053993
1740,1280,3.0,0,2,3,8,0,2008,0,47.589,1740,1308,13.270783382522602
2150,4200,1.0,0,4,5,8,1010,1960,0,47.5671,2510,7500,13.764217263576723
2820,67518,2.0,0,0,3,8,0,1979,0,47.5794,2820,48351,13.422467969854667
2770,7800,2.0,0,0,3,10,0,1999,0,47.684,2720,10000,13.995621339461064
670,4500,1.0,0,0,3,5,0,1905,0,47.5271,1210,4500,11.967180737247824
2660,35010,2.0,0,2,3,9,0,1993,0,47.4816,2330,35448,13.287877815881902
2720,18295,1.0,0,0,4,8,720,1979,0,47.5851,2720,18295,13.37700559577791
2030,8517,1.0,0,0,4,8,650,1961,0,47.5495,2230,8824,13.122363377404328
1360,1041,2.0,0,0,3,8,266,2006,0,47.6925,1522,1382,12.899094818276968
2970,5000,2.0,0,2,3,9,770,2001,0,47.6772,1470,4560,13.67256354864434
2950,6667,2.0,0,0,3,9,0,2003,0,47.5577,3340,6667,13.513053199930338
3010,7427,2.0,0,0,3,8,0,2010,0,47.7068,3000,4929,13.592367006650065
1650,14633,1.0,0,0,4,7,0,1958,0,47.4984,1370,12495,12.584509081250419
720,4760,1.0,0,0,5,5,0,1942,0,47.496,840,4760,12.287652632522597
2210,5750,2.0,0,0,3,7,500,1914,2000,47.5525,1350,5750,12.962194625251508
2770,11884,1.0,0,3,4,8,1200,1969,0,47.5098,2310,17097,13.37700559577791
3340,8384,2.0,0,0,3,9,0,2014,0,47.6761,1560,9429,13.604789526648622
3850,16249,2.0,0,2,3,9,820,2002,0,47.3324,2640,7393,13.13626628257332
2700,22343,1.5,0,1,4,10,0,1977,0,47.5706,3390,15682,13.87377946608825
750,5379,1.0,0,0,3,6,0,1919,0,47.5324,1030,5511,12.644327576461329
1350,8737,1.0,0,0,3,7,0,1966,0,47.4378,1600,8928,12.546109948315882
5310,16909,1.0,0,4,3,12,2220,1992,0,47.5515,5220,15701,14.723769118141165
2250,5692,2.0,0,0,3,8,0,2000,0,47.5133,1320,5390,13.007710936319127
2230,7200,1.0,0,0,4,7,930,1963,0,47.7648,2010,7752,12.89921982609012
2960,28300,1.0,0,3,4,9,800,1959,0,47.7606,2940,23250,14.038654109278484
1340,15600,1.0,0,0,4,6,0,1978,0,47.3224,1320,9800,11.733986850080113
2450,211266,1.5,0,3,3,8,0,2004,0,47.2215,2300,263492,13.180632285528304
1570,8111,2.0,0,0,3,8,0,1984,0,47.6324,1990,7875,13.091904169919621
2890,5000,3.0,0,0,3,9,0,2014,0,47.6983,2020,5000,13.742939865129438
2230,4541,2.0,0,0,3,7,0,2006,0,47.3848,2800,4860,12.441144767709657
1510,8250,1.0,0,0,4,8,0,1962,0,47.6183,1770,8250,13.154113950717152
1400,3600,1.0,0,0,3,7,300,1900,0,47.6385,1630,2048,13.091904169919621
2350,5100,2.0,0,0,3,8,0,2003,0,47.3507,2190,5100,12.899094818276968
3140,16200,1.0,0,1,3,9,570,1988,0,47.4363,2530,13200,13.547631112808673
4050,9517,2.0,0,0,3,11,690,1990,0,47.5769,3330,9436,13.993656743347747
2820,8009,2.0,0,0,3,9,0,2001,0,47.6,2820,7398,13.432784936825598
1410,8250,1.0,0,0,3,7,0,1954,0,47.7621,1580,8250,12.691580461311874
1350,8548,1.0,0,0,3,7,0,1985,0,47.3179,1660,8538,12.429216196844383
2620,17366,1.0,0,3,3,9,1190,1984,0,47.584,2620,15335,13.547631112808673
1240,4800,2.0,0,0,3,6,0,1910,0,47.4778,1030,4800,12.577636201962656
2450,42180,1.0,0,0,4,7,0,1978,2000,47.3549,1440,42180,13.017002861746503
2120,5840,2.0,0,0,5,7,0,1979,0,47.4788,1860,8000,12.666657052859417
1870,4950,1.0,0,0,3,8,0,2006,0,47.7195,1670,4800,13.23560277301084
2630,4501,2.0,0,0,3,8,0,2015,0,47.7748,2380,4599,13.337458627858942
3080,12100,2.0,0,0,3,8,1000,1984,0,47.695,2100,6581,13.45166712454693
2430,3600,2.5,0,0,3,8,0,1980,0,47.6351,2020,4800,13.753635154246187
2250,8800,1.0,0,0,4,7,1000,1925,0,47.5737,2250,4800,13.286181462633724
4230,31747,2.0,0,0,4,10,0,1985,0,47.731,4080,35576,13.686540176667314
2100,12738,2.0,0,0,4,8,0,1975,0,47.4698,2000,12090,12.834681304952548
1570,9292,1.0,0,0,3,7,460,1977,0,47.3386,1470,9222,12.557433494645137
3550,6533,2.0,0,0,3,8,0,1925,0,47.5719,3140,6234,13.704578997256993
1570,4625,1.5,0,0,5,8,0,1927,0,47.68,1760,4625,13.635187003832993
1640,4579,1.0,0,0,4,6,0,1916,0,47.7061,1580,5040,13.001325049027272
2930,5569,1.0,0,0,3,9,1070,2004,0,47.7648,2580,11045,13.235513475336985
2360,12164,2.0,0,0,3,10,0,1987,0,47.5596,2400,11260,13.345506928718539
1090,6435,1.0,0,0,4,7,0,1955,0,47.5334,1340,6435,12.80765263256463
1090,8400,1.0,0,0,4,7,0,1966,0,47.6219,1320,8400,12.936033799212835
1540,5000,1.5,0,0,4,7,450,1922,0,47.6754,1590,5000,13.203021280421783
1810,5733,1.0,0,0,4,7,800,1926,0,47.5709,1260,4680,13.151922179645874
5370,10800,1.5,0,0,3,8,0,1967,0,47.538,2310,10910,13.693229923255442
2500,10359,2.0,0,0,3,10,0,1986,0,47.6286,2580,10142,13.465953081794405
1960,5000,1.0,0,0,5,7,910,1965,0,47.5208,1360,5000,13.311329476916953
1270,3090,2.0,0,0,5,7,0,1911,0,47.685,1440,3090,13.253391639810733
1640,4000,1.5,0,0,5,7,0,1909,0,47.6563,2140,4000,13.48157510099503
1180,10200,1.0,0,0,4,7,0,1955,0,47.4358,1330,10200,12.404923504275338
2390,9157,2.0,0,0,3,9,0,1984,0,47.6617,2360,8250,13.507625778194974
3370,35150,1.0,0,0,5,8,1600,1993,0,47.461,2920,41241,13.292106151991423
1640,7668,2.0,0,0,3,7,0,1991,0,47.3505,1850,7200,12.487485104968359
2340,8955,2.0,0,0,3,9,0,1990,0,47.6283,2340,8955,13.37700559577791
4110,14219,2.0,0,2,4,10,1540,1979,0,47.7382,2760,12283,13.623138665316818
1240,4800,1.0,0,0,3,7,440,1951,0,47.6563,1440,4800,13.17115354157376
1340,2805,1.5,0,0,3,7,0,1919,0,47.5922,1650,2805,13.071070083016778
1160,5850,1.0,0,0,4,6,0,1918,0,47.5064,1110,8382,12.154779351142624
2140,9377,2.0,0,0,4,8,0,1986,0,47.2649,2030,7846,12.683858415217964
1810,17006,2.0,1,4,3,8,0,1913,1987,47.4663,2180,24911,13.383187995686226
2690,4819,2.0,0,0,3,7,0,2004,0,47.5302,2360,4829,13.226723392728571
1600,4300,1.5,0,0,4,7,0,1916,0,47.6648,1610,4300,13.091904169919621
2200,8000,2.0,0,0,3,8,0,1981,0,47.4522,2170,8000,12.793859310432293
2060,2551,2.0,0,0,3,8,160,2001,0,47.5881,2060,2936,13.42984807715229
700,7457,1.0,0,0,3,6,0,1943,0,47.5348,1500,7130,12.886641043883259
1120,12500,1.0,0,0,4,7,0,1977,0,47.6842,2380,10000,13.329377546788654
2460,4800,1.0,0,0,4,7,1230,1938,0,47.6343,2860,4800,13.77468856344402
1950,26500,1.0,0,0,4,8,380,1965,0,47.5784,2160,12751,13.217673557208654
790,7500,1.0,0,0,3,7,0,1951,0,47.4007,1560,7794,11.77528972943772
1180,1800,2.0,0,2,3,8,0,1994,0,47.6168,1500,1948,12.959844447906553
2430,199940,1.0,0,0,3,8,1120,1961,0,47.4116,2220,150282,13.015891132893811
3670,11884,1.0,0,2,4,9,1720,1979,0,47.5604,3020,9747,13.732128949025222
2930,15949,1.0,0,0,4,8,1200,1965,0,47.7188,1730,8550,12.969911254212652
1340,11744,1.0,0,0,2,7,0,1950,0,47.4947,2020,13673,12.785491060761776
1270,1323,3.0,0,0,3,8,0,2006,0,47.6934,1330,1323,12.793859310432293
2240,87625,1.5,0,0,2,7,760,1980,0,47.3043,1920,110206,12.721885810807203
2190,3850,2.0,0,0,3,7,0,2006,0,47.4854,1900,3850,12.765688433465597
2050,10200,1.0,0,0,3,6,620,1956,0,47.4136,1940,8625,13.071070083016778
3140,10918,1.0,0,0,3,8,1240,1968,1986,47.7086,3170,10918,13.253391639810733
1340,1480,3.0,0,0,3,8,0,1997,0,47.6904,1340,1321,12.818551923022664
2870,6280,1.5,0,0,4,9,890,1905,0,47.6329,2370,4760,14.09692301740246
1790,9787,1.0,0,2,4,8,550,1983,0,47.5344,1790,9787,13.235692062711331
2100,4750,1.0,0,0,3,7,760,1975,0,47.6695,1700,4125,13.539757056377766
2420,10200,1.0,0,0,3,8,1200,1962,0,47.72,2240,9750,12.994530005894443
1700,8360,1.0,0,0,4,7,850,1955,0,47.5766,1520,8360,13.028052697933088
1800,8385,1.0,0,0,5,6,900,1950,0,47.7744,1770,8385,12.840000466430148
2530,7350,1.0,0,0,5,8,1250,1977,0,47.313,2280,7350,12.779732213467533
2090,7500,1.0,0,0,3,7,720,1986,0,47.4888,1810,7650,12.730801174465157
1380,11760,1.0,0,0,4,7,0,1963,0,47.4243,1650,9855,12.513557345278134
1730,8400,1.0,0,0,4,7,330,1980,0,47.6792,1830,8636,13.165422866864775
670,6300,1.0,0,0,5,6,0,1942,0,47.5161,760,6300,12.538967060803502
2800,8190,1.0,0,0,3,8,1100,1971,0,47.7695,2460,8165,13.252514061869373
2790,20824,1.0,0,0,3,9,1110,1959,0,47.6948,2380,10465,13.641157170819497
3030,6813,2.0,0,0,3,9,0,1987,0,47.6296,2310,8682,13.231872276608467
2100,11894,1.0,0,0,4,8,380,1968,0,47.6006,2390,9450,13.369223455335854
1990,19991,1.0,0,0,3,7,650,1977,0,47.7434,1750,9775,12.721885810807203
1910,77574,1.0,0,0,4,8,0,1971,0,47.3932,2130,37026,12.873902018105829
1270,8422,1.0,0,0,3,7,0,1967,0,47.7601,1470,8500,12.736700896592344
1140,2500,1.0,0,1,3,7,510,1988,0,47.5707,1500,5000,12.779873068457553
2090,7400,1.0,0,0,3,9,420,1973,0,47.3178,2260,8000,12.520883385370206
3020,8622,2.0,0,0,3,9,0,1976,2003,47.5866,3060,14303,13.985253332551368
2200,8292,2.0,0,0,3,7,0,1990,0,47.7456,1090,8290,12.92391243868049
2080,2050,1.5,0,0,3,7,530,2003,0,47.4199,2080,2275,12.556729517143344
1150,27319,1.0,0,0,4,6,0,1976,0,47.3933,1700,30691,12.788288265382837
1950,9000,1.0,0,0,3,7,820,1964,0,47.4882,1680,9526,12.524526376648708
1780,9672,1.0,0,0,3,8,430,1960,0,47.7774,1860,10080,12.886641043883259
1760,1472,3.0,0,0,3,8,120,2006,0,47.6473,1760,5400,13.317930160948304
1270,8100,1.0,0,0,3,6,390,1950,0,47.4828,1650,8173,12.75419405403986
1410,8384,1.0,0,0,3,7,0,1985,0,47.3315,1410,9205,12.230765258120545
720,2500,1.0,0,0,3,7,0,1910,0,47.6597,1520,3750,12.991343114965925
2510,8050,1.0,0,0,4,7,1020,1977,0,47.7212,1840,8471,13.071070083016778
1500,9416,1.0,0,0,4,8,0,1952,0,47.7135,1440,7200,13.072122160967583
1920,7455,1.0,0,0,4,7,960,1939,1964,47.7106,1920,7455,13.256019762217003
2830,6536,2.0,0,0,3,9,0,1989,0,47.7462,2710,6954,13.313809841975283
2290,6300,1.5,0,4,4,7,140,1921,0,47.5917,2390,6300,13.623138665316818
3200,3600,3.0,0,3,4,9,600,1997,0,47.632,2490,4080,14.183619879528669
1850,17808,1.0,0,0,4,8,640,1982,0,47.3631,2260,16754,12.832011076396668
2100,7135,1.0,0,0,4,7,1050,1955,0,47.5353,1730,4000,12.858397831569864
1130,4445,1.5,0,0,4,8,0,1930,0,47.6845,1330,4445,13.418013619505286
3090,6744,2.0,0,4,3,9,0,1923,2015,47.768,2020,6656,13.652991628466498
1720,5785,1.0,0,0,3,6,860,1948,2002,47.5554,1680,5184,13.406037428458571
1850,7735,1.0,0,0,4,8,0,1983,0,47.5608,2220,7639,13.279367126213993
3520,5500,2.0,0,0,3,9,0,2014,0,47.6181,3340,5500,13.66467604025511
1750,8400,1.0,0,0,3,7,400,1965,0,47.4571,2020,9110,12.506177237980511
1010,8581,1.0,0,0,4,6,0,1920,0,47.3043,1060,10354,12.100712129872347
3490,9170,2.0,0,0,3,9,0,2012,0,47.5991,1810,8470,14.049791853688939
1810,10800,1.0,0,0,5,8,600,1968,0,47.5236,1800,10800,12.866179972011919
1860,3040,1.5,0,0,3,7,330,1921,0,47.6559,1910,3600,13.560618308335483
710,6300,1.0,0,0,3,6,0,1942,0,47.5155,740,6300,12.57418196709457
990,3120,1.0,0,2,5,7,200,1907,0,47.68,1930,3120,12.988831984779805
2040,16200,2.0,0,0,3,8,0,1997,0,47.7366,2530,15389,13.071070083016778
1390,3600,1.0,0,0,4,7,380,1913,0,47.6422,1590,3600,13.317930160948304
1230,7789,1.0,0,0,3,7,0,1994,0,47.3718,1470,8670,12.535376392672774
2640,5900,2.0,0,2,3,8,0,1937,1998,47.5421,1700,5900,13.652991628466498
2460,5027,2.0,0,0,3,8,0,2002,0,47.372,2740,5000,12.628067055589549
1710,5633,2.0,0,0,3,7,0,1981,0,47.7232,1540,5000,12.826649133255284
2150,8250,1.0,0,0,4,7,910,1978,0,47.3045,2050,7875,12.560244459250788
5461,22880,1.0,0,0,4,9,2196,1964,0,47.3557,1940,10995,13.208541073645382
2900,6650,1.0,0,0,3,7,1450,1964,0,47.4935,1600,8246,12.771386454580234
1620,21929,2.0,0,0,3,7,0,1990,0,47.767,1600,21679,12.866179972011919
1280,3880,1.5,0,0,5,7,0,1916,0,47.6871,980,3880,13.16158409055761
2650,7200,2.0,0,0,3,8,400,1979,0,47.7317,2110,7269,13.23560277301084
2410,4000,2.0,0,0,5,8,760,1910,0,47.6727,1820,4000,13.691080479586097
1370,8162,1.5,0,0,3,6,0,1949,0,47.7263,1560,8250,12.765688433465597
2720,4000,2.0,0,1,3,10,650,2014,0,47.5554,1450,4000,13.64827463858836
1850,9550,1.0,0,0,3,8,0,1988,0,47.3225,2250,9550,12.57418196709457
1680,2552,1.0,0,0,4,7,840,1952,0,47.6848,1220,3880,13.081541382884074
2000,2309,3.0,0,0,3,8,0,2008,0,47.7027,1440,1548,13.03134397901716
4130,5575,2.0,1,4,4,10,1270,1993,0,47.5968,2980,5575,14.827111469642754
2190,9225,1.0,0,0,4,7,940,1959,0,47.7396,2190,9225,12.834681304952548
3620,10400,1.0,0,0,4,8,1800,1965,0,47.6069,2410,10400,13.552195841960788
1900,11165,1.0,0,0,4,7,0,1959,0,47.5789,2030,11165,13.231217782316412
2020,38332,1.0,0,0,4,7,1010,1975,0,47.4582,2110,36590,12.948009990259552
1480,6500,1.5,0,0,4,7,0,1914,0,47.5282,2380,6000,12.721885810807203
870,6537,1.0,0,0,3,6,0,1948,0,47.4906,1100,8701,12.043553716032399
2550,4954,1.5,0,0,4,7,700,1924,0,47.5758,1700,4954,13.422467969854667
2010,5200,2.0,0,0,3,8,0,1989,0,47.7142,1860,4400,13.233904752137237
1040,8199,1.0,0,0,3,7,0,1953,0,47.7348,1420,8200,12.562522564152609
3700,7207,1.0,0,1,5,8,1850,1970,0,47.7736,2340,7900,13.490472698968725
1320,10720,2.0,0,0,3,8,0,1981,0,47.6203,1910,13639,12.881564890851399
2820,33750,2.0,0,0,4,9,0,1984,0,47.7387,2510,36180,12.820987977820545
2540,3750,1.5,0,0,4,7,1030,1925,0,47.6729,1780,3750,13.399995114002609
1040,20524,1.0,0,3,3,6,0,1949,1989,47.6981,1880,38996,11.944707881395766
4750,8234,2.0,0,2,3,10,1400,2013,0,47.3574,2160,14496,13.554145793829866
2600,6600,2.0,0,4,3,10,670,1970,2014,47.6055,2670,6270,14.344372544216363
3580,12000,1.0,0,0,3,10,1740,1979,0,47.6319,2910,12428,13.687563543633653
2770,4432,2.0,0,0,3,9,0,2004,0,47.4541,2770,5423,12.991799007383213
1410,7200,2.0,0,0,4,6,0,1901,0,47.5924,1640,7200,13.458835614025542
4020,13515,2.0,0,0,3,11,0,2001,0,47.6462,3930,13515,14.340830627880717
5620,12672,2.0,0,0,4,11,1480,1916,0,47.5786,4470,8050,14.73180128983843
950,1110,2.0,0,0,3,8,0,2003,0,47.6226,1230,1215,13.071070083016778
4170,33310,2.0,0,0,4,11,0,1991,0,47.5455,4670,37960,14.077874822431765
3060,13554,2.0,0,0,3,10,0,1984,0,47.5609,3060,11455,13.669328047786193
3830,35000,1.0,0,0,3,8,1700,1976,0,47.7597,2750,36150,13.081541382884074
3140,9225,1.0,0,2,5,9,1370,1966,0,47.4904,2460,9600,13.267329147654515
2950,12196,2.0,0,0,4,7,640,1918,0,47.4702,2320,19844,13.112313041550827
1140,1557,3.0,0,0,3,8,0,2007,0,47.6947,1140,1245,12.834681304952548
2000,5827,2.0,0,0,3,7,0,1997,0,47.3629,1710,6929,12.371587084007746
1050,5156,1.5,0,0,3,7,0,1919,0,47.5169,1050,5502,12.013700752882718
1860,13939,1.0,0,0,4,7,0,1961,0,47.3746,1530,10018,12.581078546153629
970,8710,1.0,0,0,4,6,0,1962,0,47.4167,1280,11805,12.043553716032399
2330,8800,1.0,0,2,4,7,1070,1961,0,47.6148,2270,8800,13.262125319779487
1010,15701,1.0,0,0,4,7,0,1949,0,47.4518,1260,9800,12.323855681186558
620,5100,1.0,0,0,3,6,0,1954,0,47.5699,1540,2676,12.86099861326992
1170,1274,3.0,0,0,3,8,0,2001,0,47.6719,1290,1308,12.911642346088676
1630,12059,1.0,0,0,3,7,360,1947,0,47.7228,1660,8800,13.122363377404328
1820,22814,1.5,0,0,3,7,0,1920,0,47.7321,1770,9150,12.341477282536376
1940,3211,2.0,0,0,3,8,0,2009,0,47.5644,1880,3078,13.226723392728571
1070,14000,1.0,0,0,3,7,0,1960,0,47.4971,920,12500,11.898187865760873
2630,10165,1.0,0,0,4,8,940,1976,0,47.5196,2440,10165,13.112313041550827
2480,7480,2.0,0,0,3,9,0,1992,0,47.771,2480,7480,13.180632285528304
2240,5000,2.0,0,0,3,8,470,1900,2014,47.6027,2120,5000,13.715690222682063
4430,31353,2.0,0,0,3,12,0,1998,0,47.6422,3900,35237,14.4884550312067
1370,1990,3.0,0,0,3,9,0,2014,0,47.6434,1730,1990,13.487006490992238
1240,3600,1.5,0,0,3,7,0,1902,0,47.5986,1680,3600,12.873902018105829
1930,7245,1.0,0,0,4,8,420,1972,0,47.6396,1880,7245,13.284482226880764
1680,7000,1.5,0,0,4,7,0,1968,0,47.2775,1540,7480,12.297739834055998
1410,5000,1.0,0,0,4,7,600,1923,0,47.6727,1760,5000,13.217673557208654
2130,6150,2.0,0,2,5,8,600,1908,0,47.6491,2040,5381,13.615839362835207
1850,7200,1.0,0,0,3,7,350,1979,0,47.3063,2140,7500,12.425208175446844
1490,8005,1.0,0,0,3,7,400,1976,0,47.4359,1880,7905,12.511717418356127
3150,35283,1.0,0,0,3,10,1350,1975,0,47.6368,3280,35283,13.748301808270824
1310,2841,2.0,0,0,3,6,0,2004,0,47.3502,1360,2550,12.292250341771226
2420,8056,1.0,0,0,3,8,740,1988,0,47.5748,2160,6807,13.217673557208654
1620,30736,1.5,0,0,4,7,0,1911,1977,47.5719,2440,28826,12.968629277462286
2300,4249,2.0,0,0,3,8,0,2006,0,47.3516,2390,4385,12.774223335915433
1610,6650,1.0,0,0,3,7,0,1989,0,47.3085,1960,6650,12.468244583811861
2520,14021,2.0,0,0,3,9,0,1999,0,47.7344,2330,14007,13.15773052124162
1540,965,3.0,0,0,3,9,0,2007,0,47.6181,1410,964,13.369223455335854
1550,4750,1.5,0,0,3,7,0,1919,0,47.6824,1320,4750,13.186276703147982
2360,7650,1.0,0,0,3,8,720,1963,0,47.75,2320,11060,13.122163357401663
1740,12204,1.0,0,0,3,7,470,1961,0,47.7675,2190,12204,13.017002861746503
1290,8974,1.0,0,0,5,7,0,1976,0,47.74,1540,7500,12.829333698625952
1720,2800,1.5,0,0,4,7,520,1926,0,47.6743,1530,3500,13.212204081404119
1440,16819,1.5,0,0,4,6,0,1925,0,47.3318,1560,12376,12.437184366493561
1710,7455,1.0,0,0,3,7,680,1975,0,47.3965,1710,7350,12.363076394339839
1480,3844,1.5,0,0,5,7,0,1928,0,47.7042,1480,3844,13.015334804645805
1250,8520,1.0,0,0,3,6,0,1928,0,47.5158,1040,8520,12.206072645530174
2850,11860,1.0,0,0,3,9,0,1951,0,47.7503,2640,11604,13.527828485512494
1600,10183,1.0,0,0,4,6,0,1966,0,47.277,1410,10416,11.950857763215895
3560,4951,2.0,0,0,3,9,0,2014,0,47.6178,3540,5500,13.735119039463314
3720,13591,2.0,0,3,3,10,0,2004,0,47.536,4210,14282,13.541073712262515
2890,9045,2.0,0,0,3,8,0,2001,0,47.7385,2840,10114,13.217673557208654
1660,9900,2.0,0,0,3,8,0,1978,0,47.6704,1720,6600,13.038981768465277
1820,7517,1.0,0,0,3,9,0,1997,0,47.5705,2540,8035,13.58609739363647
3910,59863,2.0,0,0,4,10,1420,1987,0,47.4846,2830,37674,13.567049198665774
1200,7280,1.0,0,0,4,7,0,1967,0,47.3724,1200,8400,12.2783933071098
2120,9786,1.0,0,0,3,8,480,1967,0,47.7753,2310,8787,13.10755426175062
1030,4500,1.0,0,0,3,7,200,1924,0,47.6455,1250,4000,13.296316684527767
2920,7200,1.0,0,3,3,8,1450,1921,2006,47.5947,3210,6825,13.864300722133706
3580,19989,1.5,1,4,4,7,100,1915,1965,47.7087,2410,6389,14.53335035111459
1740,6650,1.0,0,0,3,7,500,1978,0,47.2979,1740,7000,12.115600742366098
2960,69351,2.0,1,3,4,9,0,1990,0,47.4,2350,41433,13.527828485512494
1090,8160,1.0,0,0,3,7,0,1967,2014,47.4551,1260,7560,12.495003937382387
890,9870,1.0,0,0,4,7,0,1960,0,47.5398,1270,9861,12.788288265382837
1381,1180,3.0,0,0,3,8,0,2007,0,47.711,1381,1180,12.793859310432293
1290,10117,1.0,0,0,3,7,0,1984,0,47.7598,1770,11839,12.821258284620408
3210,41689,1.0,0,0,4,8,1600,1989,0,47.3493,2100,41384,12.899094818276968
710,6060,1.0,0,0,4,6,0,1916,0,47.5621,1440,4545,12.458774999085929
1500,9282,1.5,0,0,5,6,0,1966,0,47.4702,1520,9639,12.367340793126296
2170,10018,1.0,0,0,4,7,540,1978,0,47.3087,2049,15263,12.468436909997665
2200,13320,1.0,0,0,3,6,1100,1944,0,47.481,1330,6099,12.230765258120545
1980,5909,2.0,0,0,3,8,0,2003,0,47.3913,2550,5487,12.636392954636515
2230,9900,1.5,0,0,5,9,0,1959,0,47.5979,2510,11041,13.604727796348284
1500,7350,1.0,0,0,2,7,440,1979,0,47.3025,1390,7770,12.538967060803502
1090,10620,1.5,0,0,3,7,0,1959,0,47.3748,1380,10620,11.84939770159144
2850,11000,2.0,0,0,3,8,0,1998,0,47.6759,1720,11000,13.541073712262515
1190,9000,1.0,0,0,3,7,0,1968,0,47.77,1960,7200,12.499861036413716
2440,4000,2.0,0,0,3,7,0,2009,0,47.3841,2410,4502,12.765688433465597
2500,8282,2.0,0,0,3,9,0,2013,0,47.5127,2500,8046,13.337474757021274
2290,39000,2.0,0,0,3,8,0,1979,0,47.7012,2750,39900,13.415032991367148
1630,9000,1.0,0,0,4,7,0,1956,0,47.4521,1600,11120,12.973863369085885
3280,29111,2.0,1,3,3,11,0,1925,0,47.6699,3530,21074,14.444119217386648
2380,5809,2.0,0,0,4,7,630,1995,0,47.5536,1620,5775,12.931202871943169
890,5000,1.0,0,0,3,6,0,1917,0,47.5158,1860,5000,12.245052945171057
1480,7225,1.0,0,0,4,7,0,1965,0,47.513,1430,7201,12.676076274775909
1340,7210,1.0,0,0,4,7,0,1975,0,47.4182,1370,7210,12.449018824140563
720,123710,1.0,0,0,4,6,0,1935,0,47.2893,1860,297514,12.429216196844383
1010,1546,2.0,0,0,3,8,0,1971,2014,47.5998,1010,1517,12.785488259637404
920,5120,1.0,0,0,5,7,0,1952,0,47.5569,1190,5120,12.89921982609012
920,3780,1.0,0,0,3,6,0,1910,0,47.6576,1570,2640,12.96453929221076
1960,9535,2.0,0,0,3,8,0,1989,0,47.7371,2520,9206,13.262125319779487
4500,35200,1.0,0,0,3,13,0,1988,0,47.5477,4760,35200,14.665661487333884
940,9839,1.0,0,0,3,6,0,1910,0,47.5379,1330,8740,12.834681304952548
2000,46902,2.0,0,0,3,8,0,1978,0,47.5851,2420,38130,13.253391639810733
2730,35075,1.0,0,0,3,8,1200,1979,0,47.7726,2310,35000,13.262125319779487
1750,9239,1.0,0,0,3,8,340,1989,0,47.7583,1720,7874,12.948009990259552
1540,13475,1.0,0,0,4,7,0,1972,0,47.4766,1550,13475,12.506177237980511
820,8860,1.0,0,0,3,6,0,1950,0,47.452,1660,15375,12.193493863323313
2820,6983,2.0,0,0,3,9,0,2013,0,47.2958,2597,7222,13.032438669876342
1020,13504,1.0,0,0,5,7,0,1959,0,47.5121,1110,11158,12.683858415217964
990,4920,1.0,0,0,3,6,0,1931,0,47.6939,990,4960,12.971540487669746
2110,5608,1.0,0,0,3,8,770,2013,0,47.6743,2040,9363,13.312901088969625
1820,7420,2.0,0,0,4,8,0,1983,0,47.4368,1900,7526,12.873902018105829
3320,13500,1.0,0,0,3,7,1570,1963,0,47.4596,1830,13800,12.618182296357007
1860,7808,1.0,0,0,3,7,780,1953,0,47.7314,1530,7884,13.017002861746503
2590,4961,2.0,0,0,3,9,0,1944,2007,47.5271,1230,4961,13.444446876573442
1830,5220,1.5,0,0,3,7,0,1951,0,47.5331,1760,5757,12.506177237980511
2300,8214,2.0,0,0,3,8,0,2013,0,47.3052,2594,4950,12.65361016606018
1340,1110,2.0,0,0,3,7,300,1999,0,47.698,1220,1110,12.793859310432293
3040,6054,2.0,0,0,3,9,0,2005,0,47.3508,2650,6054,12.92391243868049
1720,12551,1.0,0,0,3,7,0,1967,0,47.5241,1560,12960,12.983101310070822
1983,6002,2.0,0,0,3,9,0,2012,0,47.3281,2502,4750,12.751299696013497
2835,6598,2.0,0,0,3,8,0,2002,0,47.3878,2770,6969,13.165422866864775
910,4000,1.0,0,0,3,7,0,1918,0,47.5427,1060,1346,12.89921982609012
1440,5469,1.0,0,0,3,8,0,1988,0,47.5753,1980,6198,12.765688433465597
2890,5110,2.0,0,2,3,9,0,2003,0,47.5453,3010,5110,13.623138665316818
920,6750,1.0,0,0,4,7,0,1951,0,47.6322,1460,8933,13.38472764187182
1200,16000,1.0,0,0,3,7,0,1970,0,47.7452,1960,15500,12.779873068457553
3100,7807,2.0,0,0,3,9,0,2003,0,47.7151,3100,7807,13.592367006650065
2110,5120,2.0,0,0,3,7,240,1947,1983,47.5294,1580,5120,12.959844447906553
2350,8906,2.0,0,0,3,7,0,1993,0,47.4205,2000,8165,12.594730635321957
1520,9600,1.0,0,0,4,7,0,1967,0,47.473,1590,10183,12.154779351142624
1020,1049,3.0,0,0,3,8,0,2008,0,47.68,1350,1395,13.017002861746503
1970,10800,1.0,0,0,4,7,670,1979,0,47.5107,1970,8768,12.765688433465597
2980,4074,2.0,0,0,3,8,0,2011,0,47.734,2320,4255,13.081541382884074
1380,8147,1.0,0,0,4,7,0,1948,0,47.7407,1360,8147,12.84792653170257
1910,108900,1.0,0,0,4,7,900,1972,0,47.4206,2050,108900,12.926348493478372
2210,7722,2.0,0,0,3,9,0,1999,0,47.5992,2970,8683,13.369223455335854
1800,10890,1.5,0,0,4,6,0,1912,0,47.5312,1530,9818,12.86099861326992
1780,9689,1.0,0,0,3,7,650,1976,0,47.7628,1660,9786,12.779732213467533
2660,257875,1.0,0,2,4,8,1130,1976,0,47.553,1710,64033,13.38472764187182
2980,9235,1.0,0,0,4,8,1290,1977,0,47.5513,2690,10046,13.34230179776959
3150,7035,2.0,0,0,3,9,0,2004,0,47.5979,3200,7035,13.592367006650065
3010,1842,2.0,0,0,3,9,0,2011,0,47.5836,2950,4200,13.573438996764546
1500,2106,2.0,0,0,3,7,0,2014,0,47.5669,1490,2175,12.114877985345247
2680,8410,2.0,0,0,3,8,870,1990,0,47.4401,1860,8410,12.834681304952548
3210,5000,3.0,0,0,3,9,0,2014,0,47.5203,1360,5000,13.697852514496041
2800,9764,2.0,0,0,3,8,0,2002,0,47.3543,3610,8194,12.84792653170257
2020,8400,1.0,0,0,4,7,1010,1963,0,47.5763,1890,9233,13.527828485512494
2080,111513,1.5,0,0,3,8,400,1977,0,47.7403,2440,107157,13.017002861746503
1340,3000,2.0,0,0,5,7,0,1905,0,47.6857,1120,3000,13.215853720491667
1020,7650,1.0,0,0,3,7,0,1940,0,47.7198,1440,7650,12.587927887999204
1590,9425,1.0,0,0,3,7,420,1985,0,47.4291,1590,9394,12.535376392672774
2620,17919,1.0,0,1,4,9,0,1949,0,47.6144,3400,14400,14.446782334806132
1060,9241,1.0,0,0,4,7,0,1956,0,47.7465,1900,6484,12.614865543731012
1330,2400,1.5,0,0,4,6,0,1901,0,47.65,1330,4400,13.329377546788654
1740,4200,1.5,0,0,4,7,100,1920,0,47.6782,1660,3750,13.226723392728571
1000,4000,1.0,0,0,3,6,0,1910,0,47.6742,1490,5000,12.941321002108754
3230,7560,2.0,0,0,3,10,0,2007,0,47.6467,3230,8580,13.8878312195439
1580,7034,1.0,0,0,4,7,400,1989,0,47.3564,1470,7358,12.556729517143344
1830,3200,2.0,0,0,3,8,0,1991,0,47.7155,2030,3331,12.980799813082541
2870,6658,2.0,0,0,3,8,0,2004,0,47.5394,2770,6658,13.242809530480196
1370,9253,1.0,0,0,3,7,280,1994,0,47.3717,1470,9253,12.570715759118084
1890,3615,2.0,0,0,3,7,0,2005,0,47.5493,1630,3280,13.190022025878143
980,3800,1.0,0,0,3,7,0,1926,0,47.6903,1520,5010,12.873902018105829
2700,5764,2.0,0,0,3,9,0,2014,0,47.5618,3270,14700,13.561778924882042
1850,50662,1.0,0,0,3,8,420,1978,0,47.6535,2090,10599,13.62918097977278
1010,4050,1.0,0,0,3,7,0,1950,0,47.5838,2310,5000,12.834681304952548
1620,17500,1.0,0,0,3,7,0,1962,0,47.3021,2400,17394,12.292250341771226
2410,6440,1.0,0,0,3,8,860,1974,0,47.7153,2330,6938,13.16158409055761
1590,24330,1.5,0,0,3,6,450,1942,0,47.4906,1000,16228,12.581078546153629
2360,15008,1.0,0,0,3,9,440,1986,0,47.7363,2680,15344,13.190022025878143
2310,4930,2.0,0,0,4,8,0,1989,0,47.4512,2230,5324,12.886641043883259
1670,2642,2.0,0,0,3,8,320,2008,0,47.6397,1670,2594,13.473301899491124
4720,21000,3.0,0,4,5,11,0,1971,0,47.7591,3010,20000,14.237504968023648
1390,7120,1.0,0,0,3,7,0,1988,0,47.3786,1530,7688,12.464583340681674
1420,990,3.0,0,0,3,8,0,2008,0,47.6801,1350,1415,13.054084536651034
3400,35062,2.0,0,0,4,11,0,1988,0,47.7168,2880,9705,13.726679344257658
1770,7200,1.0,0,0,4,7,0,1967,0,47.6642,2250,11250,13.149978544437301
1320,7980,1.0,0,0,3,7,0,1956,0,47.5068,2000,7700,12.449018824140563
2320,6090,2.0,0,3,3,8,280,1939,0,47.643,3110,7052,13.883169206438088
1400,1312,3.5,0,0,3,8,0,2007,0,47.6534,1350,1312,13.241922612461968
1080,4000,1.0,0,0,3,7,0,1940,0,47.6902,1530,4240,13.681922020849893
2310,6650,2.0,0,2,3,8,0,2012,0,47.4513,1800,9819,12.952760593018148
3010,17864,2.0,0,0,3,8,0,1969,0,47.7209,2560,11532,13.649455973634192
2020,8555,1.0,0,0,4,7,800,1957,0,47.7278,1600,8148,13.034624463096321
5960,20197,2.0,0,4,3,10,2060,2005,0,47.5398,3860,12800,13.946538820370678
1640,17335,1.0,0,0,3,7,800,1978,0,47.6397,2440,17850,12.84660987581782
3480,12821,2.0,0,2,3,10,590,2004,0,47.2641,3400,9870,13.081541382884074
1530,18400,1.5,0,0,4,6,0,1938,0,47.329,1620,13535,12.301382825334498
1640,12384,1.0,0,0,4,7,550,1954,0,47.3256,1550,11200,12.443119102013375
3420,8700,1.0,0,0,3,9,530,1951,0,47.6352,3370,8700,14.626440774180603
2070,11658,1.0,0,0,4,8,700,1977,0,47.537,1930,8744,13.060487973686241
680,2550,1.0,0,0,4,5,0,1901,0,47.6767,1120,5100,12.80765263256463
1790,1288,3.0,0,0,3,8,400,2000,0,47.651,1560,1426,13.017002861746503
880,18109,1.0,0,0,4,6,0,1970,0,47.3634,940,11193,11.56171562913966
1800,5000,1.5,0,2,3,8,300,1929,0,47.6475,1670,5000,13.315295113310299
2260,251460,1.5,0,0,3,10,0,1995,0,47.4096,1610,244372,13.564096124683035
5050,202554,2.0,0,0,3,10,1790,2000,0,47.5269,3370,213444,14.104441849816487
1730,7350,1.5,0,0,4,6,0,1970,0,47.3467,1440,7752,11.934919875029603
2190,4265,2.0,0,0,3,9,650,2015,0,47.6178,1730,4265,13.732128949025222
2010,12044,1.0,0,0,3,9,0,1982,0,47.6446,2200,11144,13.34997692338999
4550,18641,1.0,1,4,3,10,1950,2002,0,47.6053,4550,19508,14.938815459222756
1140,4560,1.0,0,0,4,6,370,1944,0,47.6889,1340,3980,13.068962600677214
1460,9207,1.0,0,0,3,7,250,1947,0,47.7195,1500,6898,12.971540487669746
2740,11872,2.0,0,0,3,9,0,1990,0,47.3076,2570,10377,12.802158113246987
2820,5510,2.0,0,0,3,9,0,2005,0,47.3477,2820,5510,12.894207284266574
1571,2017,3.0,0,0,3,8,0,2008,0,47.7338,1520,1497,12.812435696005227
1500,3608,2.0,0,0,3,8,0,2005,0,47.5472,2080,2686,12.943236711506893
1480,6075,1.0,0,0,5,7,740,1919,0,47.5317,1230,6053,12.528156144699286
1760,12874,1.0,0,0,4,7,530,1967,0,47.5906,1950,10240,13.265597545490236
860,33664,1.0,0,0,4,6,0,1955,0,47.295,1290,18287,12.201708134895085
1040,9997,1.0,0,0,4,7,0,1955,0,47.7583,1040,8699,12.577636201962656
3530,4920,2.0,0,0,3,9,870,2015,0,47.641,1900,4200,14.253765488895429
2150,9148,1.0,0,0,4,7,0,1955,0,47.5828,2370,9148,13.592367006650065
1510,1125,3.0,0,0,3,8,0,2006,0,47.6711,1390,1174,13.180632285528304
4260,18000,2.0,0,2,3,11,0,2000,0,47.5355,3540,17015,14.508657738524219
1500,1174,2.0,0,0,3,8,360,2014,0,47.6689,1550,1519,13.180537941455402
1480,2211,2.0,0,0,3,7,0,1995,0,47.6966,1480,2197,12.905450375840756
2620,21587,2.0,0,0,3,7,0,1992,0,47.6384,2570,23650,13.418013619505286
3280,16449,1.0,0,0,4,7,1370,1963,0,47.5914,2550,9532,13.500799813124575
1070,8400,1.0,0,0,4,7,0,1980,0,47.4014,1430,8190,12.289954129510877
2540,11750,1.0,0,0,3,7,1060,1962,0,47.7754,2000,12000,12.86099861326992
2290,13416,2.0,0,0,4,9,0,1981,0,47.6194,2680,13685,13.573438996764546
2620,14096,2.0,0,0,4,9,0,1989,0,47.3513,3010,14096,13.017002861746503
2200,7620,1.0,0,0,4,7,1070,1942,0,47.7263,2170,7672,13.151922179645874
1570,7500,1.0,0,1,3,7,270,1953,0,47.4999,1590,7660,12.721885810807203
2080,12007,1.0,0,0,4,8,860,1979,0,47.6259,2110,12459,12.999065161059836
2140,7095,2.0,0,0,3,8,0,1992,0,47.3528,1600,7182,12.765688433465597
3470,11843,1.0,0,3,3,11,1200,1989,0,47.5513,3910,13247,14.093142294562554
1180,3600,1.5,0,0,3,7,0,1926,0,47.6337,1900,3600,13.35426843438711
1880,3800,1.0,0,0,5,7,850,1927,0,47.6841,1700,3800,13.411294669256542
2690,11745,1.0,0,0,3,8,900,1960,0,47.7708,2670,7905,13.058358047428417
770,4600,1.0,0,0,4,6,0,1910,0,47.5565,1550,4600,12.66032791780777
2020,7260,1.5,0,0,3,7,840,1926,0,47.5496,1400,5950,12.666657052859417
1220,4200,1.0,0,0,4,6,130,1921,0,47.6677,1790,4200,13.060381585048447
1570,14992,1.0,0,0,3,8,0,2001,0,47.6965,1640,15000,12.736700896592344
1890,6050,2.0,0,0,4,7,0,1944,0,47.5018,1170,6050,12.736553826954605
1500,6388,1.5,0,0,4,7,0,1951,0,47.5303,980,5366,12.896716695872
2250,7294,2.0,0,0,3,8,0,1994,0,47.2636,2140,7363,12.640772878906674
2180,10221,1.0,0,2,4,7,1040,1946,0,47.5885,2180,8535,13.465953081794405
1270,3840,1.5,0,0,3,7,0,1926,0,47.6896,1270,4175,13.199324418540456
900,2550,1.0,0,0,4,6,0,1978,0,47.3036,1120,2550,11.80110741246366
1790,5000,1.5,0,0,4,7,730,1915,0,47.5655,1400,5000,12.591335046320818
1090,3264,1.0,0,0,4,6,0,1969,0,47.3155,1090,3330,11.931635799828413
4180,35169,2.0,0,0,3,11,0,1986,1998,47.4,3010,35190,13.217673557208654
1380,9134,1.0,0,0,5,7,500,1981,0,47.5087,1400,8190,12.80765263256463
1580,20588,1.0,0,0,3,8,0,1970,0,47.706,2080,7800,13.345506928718539
2680,7200,1.0,0,0,3,8,1300,1952,2013,47.6835,1950,8520,13.592367006650065
1670,6000,1.0,0,0,3,7,580,1950,0,47.6517,1670,6000,13.324691789004618
990,6315,1.0,0,0,3,7,0,1970,0,47.7116,1450,6702,12.721885810807203
1830,4997,2.0,0,0,3,7,0,2004,0,47.3035,2488,4998,12.56602072690536
3080,8163,1.0,0,0,3,7,1500,1985,0,47.3859,1850,8658,12.611537753638338
2190,8402,2.0,0,0,4,6,0,1928,0,47.6944,2210,7802,13.199324418540456
3460,5353,2.0,0,0,3,10,610,2007,0,47.5858,2460,6325,14.038654109278484
1920,3600,2.0,0,0,4,8,0,1907,0,47.6382,1920,3600,13.676248490630767
1950,12500,1.0,0,0,3,7,620,1963,0,47.4999,1760,11520,12.691580461311874
1090,4590,1.0,0,0,4,7,300,1915,0,47.6677,1390,4080,12.94084150078094
1600,6250,2.0,0,0,3,7,0,1995,0,47.3675,1760,6110,12.640934730489125
2160,3920,2.0,0,0,3,9,0,2014,0,47.5762,1500,4920,13.66002565512388
460,4120,1.0,0,0,3,4,0,1937,0,47.4868,990,4120,12.417143615610113
1510,6083,1.0,0,0,4,6,650,1940,0,47.6966,1510,5712,12.656989016542255
2930,4408,1.0,0,0,5,8,1270,1939,0,47.5841,2200,4000,13.484224848030362
2290,9047,2.0,0,0,4,8,0,1984,0,47.5545,2120,9275,13.531820506782031
1710,11900,1.0,0,0,3,7,640,1958,0,47.506,1030,10360,12.675920012567607
2630,6185,2.0,0,0,3,9,0,1999,0,47.5229,2720,6185,13.279367126213993
1340,16480,1.0,0,0,4,7,0,1968,0,47.364,1520,10451,12.384218830913648
2020,7540,1.0,0,0,3,7,1010,1921,0,47.5359,1270,4652,12.92391243868049
740,1284,1.0,0,0,4,6,0,1928,0,47.6741,1430,3988,12.577636201962656
1930,4601,1.0,0,0,3,8,0,2006,0,47.7196,1670,4500,13.232114241363448
2870,16238,2.0,0,0,4,8,0,1962,0,47.6308,2870,16238,14.256986103595471
1260,5460,1.0,0,0,3,7,0,1972,0,47.7355,1510,5460,13.132313708257497
880,7648,1.0,0,2,4,6,0,1940,0,47.1963,1020,7566,12.2783933071098
970,6600,1.0,0,0,3,7,0,1965,0,47.4836,1200,6600,12.013700752882718
1380,1590,2.0,0,0,3,9,220,2012,0,47.5444,1380,1590,12.765688433465597
1470,6000,1.0,0,0,3,6,570,1944,0,47.6527,1670,6000,12.936033799212835
1820,10500,1.0,0,0,4,7,740,1979,0,47.4058,1820,7500,12.524526376648708
2310,2400,1.5,0,0,3,6,0,1915,0,47.6775,1340,3825,13.270783382522602
1000,905,3.0,0,0,3,8,0,2006,0,47.6842,980,1023,12.628067055589549
1960,13252,1.0,0,0,5,8,720,1975,0,47.5582,2040,9866,13.217673557208654
3730,16679,1.0,0,0,3,10,970,1990,0,47.5987,3280,16679,13.560618308335483
3330,7399,2.0,0,0,3,9,0,2009,0,47.679,2640,8601,13.541073712262515
1610,11250,1.0,0,0,3,7,520,1975,0,47.7391,2040,10692,12.834681304952548
1540,10545,2.0,0,0,4,6,0,1978,0,47.4451,1540,10000,12.517227074167097
1760,4600,1.0,0,0,4,7,910,1926,0,47.5654,1150,4800,12.779873068457553
1190,1137,2.0,0,0,3,7,230,1999,0,47.677,1190,1080,13.071070083016778
950,3060,1.0,0,0,3,6,140,1925,0,47.6698,1510,3780,13.102160670086809
1270,8000,1.0,0,0,4,7,0,1957,0,47.5874,1470,8000,13.143145916586857
1890,9646,1.0,0,0,3,8,0,1966,0,47.4838,1580,9488,12.691580461311874
1340,11198,1.5,0,0,3,8,0,1934,0,47.736,1390,8020,12.754049534926956
1510,5700,2.0,0,1,4,7,0,1946,0,47.6653,2190,5700,13.815510557964274
910,7620,1.0,0,2,3,7,0,1971,0,47.5278,1660,7620,12.577636201962656
1100,4160,1.0,0,0,3,7,0,1919,0,47.6352,1900,4000,13.345506928718539
1560,9361,1.5,0,0,4,7,200,1936,0,47.5591,1670,6244,13.209458084255262
5550,16065,2.0,0,0,3,9,1670,2003,0,47.5455,3470,16488,14.316285845876763
1790,7526,1.0,0,0,3,7,0,1953,2014,47.6387,2080,10943,13.670484785914017
2240,8504,2.0,0,0,3,7,0,1992,0,47.7348,1570,8460,12.727838209334498
1690,48096,1.0,0,0,3,7,0,1973,0,47.6745,2070,35160,13.122363377404328
3590,5625,2.0,0,0,3,10,0,2012,0,47.6959,3590,5625,13.9108207377686
5770,21300,2.0,1,4,4,11,0,1980,0,47.585,4620,22748,15.163583706263967
3910,7077,2.0,0,0,3,9,1200,2000,0,47.3766,2650,7077,13.060487973686241
1990,4040,1.5,0,0,5,8,600,1926,0,47.6867,1180,3030,13.269057756555132
1470,7694,1.0,0,0,4,7,0,1992,0,47.3539,1580,7480,12.445089546000673
2628,11466,2.0,0,0,3,9,0,2014,0,47.2904,2849,10909,13.12068196462179
2070,39446,1.0,0,0,3,8,600,1977,0,47.7765,2140,12043,13.007625699933905
1320,6205,1.0,0,0,5,7,0,1948,0,47.7412,1210,6205,12.65395846952229
3650,38546,2.0,0,0,3,9,1100,1996,0,47.4776,2860,34284,13.453104939316557
2220,36085,2.0,0,0,3,9,0,1989,0,47.5839,3000,36906,13.345506928718539
1330,7200,1.0,0,0,3,7,0,1993,0,47.4467,1450,11682,12.388394202324129
4410,5104,2.0,0,0,3,9,1010,2006,0,47.5392,4390,5537,13.547631112808673
2810,13144,1.0,0,0,3,8,1370,1964,0,47.6199,2480,13144,13.226723392728571
1890,5395,2.0,0,0,3,7,0,2006,0,47.5415,2060,5395,12.87004844878984
4250,8570,2.0,0,0,3,9,0,2004,0,47.6154,2830,12821,14.648419680899378
1880,3853,2.0,0,0,3,8,0,2010,0,47.5636,1890,3078,13.181009572837063
2970,24759,1.0,0,0,4,8,1300,1969,0,47.3908,2100,21803,13.059423577630454
940,7700,1.0,0,0,4,6,0,1916,0,47.7067,1290,7375,12.70381302974751
1570,10824,2.0,0,0,3,7,0,1908,0,47.54,1530,8125,12.33298719505239
1540,10410,1.0,0,0,4,7,0,1967,0,47.3662,1590,7725,12.524526376648708
2990,12788,2.0,0,0,3,10,0,1988,0,47.5601,3250,12212,13.541073712262515
3270,16553,2.0,0,2,5,9,800,1968,0,47.5428,3690,17916,13.981024996441848
1510,7700,1.0,0,0,3,7,0,1968,0,47.7283,1440,7416,12.997933299026151
1560,21000,1.0,0,0,3,7,0,1954,0,47.4776,1070,7920,12.556729517143344
1920,4627,1.0,0,0,3,8,910,1998,0,47.5003,1910,7210,12.774223335915433
3930,16970,2.0,0,0,3,9,0,1997,0,47.7412,2740,17219,13.262125319779487
1190,8726,1.0,0,0,3,7,0,1956,0,47.4887,1390,8741,12.180754837545884
960,6250,1.0,0,0,4,6,220,1940,0,47.5378,1090,6000,12.983101310070822
1470,11398,1.0,0,0,3,8,0,1950,0,47.746,1710,11407,12.86099861326992
1940,10200,1.0,0,0,4,8,800,1977,0,47.4157,1920,12600,12.66032791780777
3210,4060,2.0,0,2,3,10,920,1917,2003,47.6801,1940,5000,14.069377281921325
2800,5368,2.0,0,0,3,8,0,2003,0,47.6076,2790,5368,13.423948355025102
970,4560,1.0,0,0,4,7,0,1907,0,47.6561,1500,4560,13.444446876573442
1390,10660,1.0,0,0,4,7,360,1960,0,47.4128,1800,11960,12.513557345278134
1340,873,3.0,0,0,3,8,0,2009,0,47.7325,1340,1186,12.621488084491506
1440,5457,2.0,0,0,3,7,0,1986,0,47.3784,1480,6286,12.429216196844383
3040,8111,2.0,0,0,3,8,0,1984,0,47.7157,2020,8304,13.239257128875828
2192,12128,2.0,0,0,3,8,0,2006,0,47.3644,1914,4649,12.644327576461329
3600,5697,2.0,0,0,3,9,660,2014,0,47.5755,3490,5911,13.676840269518083
1040,10323,1.0,0,0,4,7,0,1958,0,47.5882,1580,7200,12.92659177288597
4260,7861,2.0,0,0,3,10,0,2005,0,47.611,4020,7528,13.80949248563871
1400,45738,2.0,0,0,4,8,0,1981,0,47.3624,2390,56628,12.92391243868049
1250,952,3.0,0,0,3,8,0,2008,0,47.7098,1250,1030,12.230765258120545
2280,6150,2.0,0,2,3,8,0,1984,0,47.5423,1920,6150,13.399995114002609
1970,4058,2.0,0,0,3,7,0,2004,0,47.5308,2340,4067,12.945626198904275
1330,8100,1.0,0,0,4,7,0,1969,0,47.7251,1590,8100,12.863592648446968
2380,7700,2.0,0,0,4,8,0,1977,0,47.4391,2100,7700,12.809431870699097
2260,280962,2.0,0,2,3,9,370,2005,0,47.6359,2860,219542,13.383187995686226
4280,12796,2.0,0,0,3,11,880,1999,0,47.5588,3520,9593,13.997832114758229
2790,7803,2.0,0,0,3,8,0,2013,0,47.4823,2620,6178,13.091904169919621
1620,1841,2.0,0,0,3,8,80,2004,0,47.5483,1530,1831,12.886641043883259
2500,51836,1.0,0,0,3,9,990,2013,0,47.4694,2270,54450,13.38472764187182
2510,5311,2.0,0,0,3,9,0,2009,0,47.5028,1590,9583,13.018779061147757
1970,9607,2.0,0,0,3,7,880,1988,0,47.3462,2020,9608,12.57418196709457
2630,12899,2.0,0,0,4,9,0,1966,0,47.5479,3140,15320,13.805460222110773
3110,12429,1.0,0,0,3,8,1320,1977,0,47.7463,3050,11902,12.986543654261794
3970,8029,2.0,0,2,3,9,1000,1979,0,47.7764,2520,8214,13.81049801614073
2870,5490,2.0,0,0,3,9,0,2008,0,47.4471,3040,5442,13.091904169919621
3560,13959,2.0,0,0,4,9,0,1972,0,47.5575,3320,11834,13.963930563082547
1710,8288,1.5,0,0,3,7,0,1970,0,47.3947,1710,7200,12.259613412458204
1940,6555,2.0,0,0,3,8,0,1990,0,47.3701,1840,6912,12.8790171187726
3310,5558,2.0,0,0,3,9,0,2005,0,47.5553,3310,5270,13.567049198665774
3040,7125,2.0,0,1,3,8,800,2002,0,47.492,2220,7800,12.936033799212835
1260,3000,2.0,0,0,3,7,0,2003,0,47.5459,1630,3023,13.075271769870477
2470,8686,1.0,0,0,4,7,1200,1974,0,47.4371,1900,7350,12.793859310432293
830,920,2.0,0,0,3,7,0,2005,0,47.5998,830,1200,12.751299696013497
3320,7429,2.0,0,0,3,9,0,2014,0,47.7189,1840,7429,13.592304504696857
2640,5096,2.0,0,0,3,10,0,2009,0,47.6809,1610,5217,13.721199878493033
2430,5500,2.0,0,0,3,8,620,1989,0,47.6812,2040,5500,13.581053246749791
1690,4584,2.0,0,0,3,7,0,2002,0,47.6866,1600,3164,13.029809395793722
2900,6400,2.0,0,0,3,7,860,1911,1970,47.5563,1340,6144,13.017002861746503
2690,11575,1.0,0,3,3,8,560,1957,0,47.7605,2390,11782,13.38472764187182
2140,10316,2.0,0,0,3,8,0,1993,0,47.3537,1920,11337,12.79246945614324
2070,10800,2.0,0,0,3,7,0,1982,0,47.7264,1880,10800,12.89921982609012
1080,7242,2.0,0,0,4,7,0,1984,0,47.7065,1800,7321,12.765688433465597
2370,6000,2.0,0,0,3,8,0,2001,0,47.3732,2190,6070,12.721885810807203
1180,6552,1.0,0,0,4,6,0,1949,0,47.7477,1070,7200,12.524526376648708
1630,16393,1.0,0,0,3,7,0,1969,0,47.6576,1880,23497,12.988831984779805
1090,10114,1.0,0,0,4,7,0,1955,0,47.2975,1380,7800,11.84939770159144
1640,8400,1.0,0,0,4,8,0,1962,0,47.5484,2110,8400,13.151922179645874
1520,7200,2.0,0,0,4,7,0,1985,0,47.3679,1780,7210,11.970350312009105
2260,10087,1.0,0,0,3,8,740,1967,0,47.5982,2500,9440,13.356644673128994
1720,3951,2.0,0,0,3,7,0,1992,0,47.4033,1720,3605,12.456442183097975
3140,24800,1.0,0,0,4,8,1060,1971,0,47.3782,2850,12900,12.834681304952548
1340,8505,1.0,0,0,3,6,0,1931,0,47.4727,1370,9000,12.2783933071098
1470,1691,2.0,0,0,3,8,470,2007,0,47.6743,1660,4000,13.199324418540456
1530,1245,2.0,0,0,3,9,480,2014,0,47.6018,1530,2307,13.049792684569493
1613,4338,2.0,0,0,3,7,0,2009,0,47.3859,1427,4341,12.540757571577291
1690,1310,2.0,0,0,3,8,550,2004,0,47.5404,1640,1321,12.971540487669746
1470,1571,2.0,0,0,3,8,290,2007,0,47.5722,1580,4329,12.948009990259552
2090,5102,1.0,0,0,3,7,740,1994,0,47.5427,2090,5102,12.86099861326992
3570,27699,2.0,0,0,3,11,0,1990,0,47.7173,3800,35880,13.721199878493033
1610,11200,1.0,0,0,3,7,0,1955,0,47.6641,1610,11200,13.017002861746503
3250,16684,2.0,0,0,3,9,0,1979,0,47.6334,2890,16927,14.15910026235435
2050,15035,2.0,0,0,3,9,0,2006,0,47.3619,1300,15836,13.049792684569493
2480,9238,1.0,0,0,5,7,430,1913,0,47.4701,1820,12214,13.028052697933088
1540,958,3.0,0,0,3,9,0,2007,0,47.6179,1410,958,13.369223455335854
2200,8500,1.0,0,0,4,7,800,1971,0,47.3073,1360,8855,12.678884827097948
2500,8304,2.0,0,0,3,8,0,1997,0,47.4022,2290,7855,12.807378622424539
880,6413,1.0,0,0,3,7,0,1950,0,47.573,1360,6413,12.959844447906553
620,8685,1.0,0,0,4,5,0,1976,0,47.4095,1300,12150,12.072541252905651
3860,6543,2.0,0,0,3,10,0,2014,0,47.5934,3760,6888,13.710150042306449
1870,7189,1.0,0,0,3,7,600,1959,0,47.5412,1780,6200,12.978493006984626
1340,10260,1.0,0,0,3,7,0,1968,0,47.3173,1250,8775,12.05524975579559
1520,4220,1.0,0,0,4,7,680,1910,0,47.6876,1120,5700,13.060487973686241
910,22000,1.0,0,0,3,6,0,1956,0,47.2777,1326,9891,11.512925464970229
1720,3581,2.0,0,0,3,7,0,2011,0,47.6861,1720,3600,12.873132491326801
1810,7200,1.0,0,0,3,7,0,1966,0,47.7207,2060,7200,12.971540487669746
1800,4500,2.0,0,0,3,8,0,1999,0,47.5998,1800,4500,13.092934566713517
1180,4219,1.0,0,0,3,7,120,1939,0,47.6867,1630,4219,12.983101310070822
1560,7000,1.0,0,0,4,7,0,1968,0,47.3355,1560,7200,12.330500223905226
1040,4040,1.0,0,0,3,7,100,1928,0,47.6829,1420,4040,12.959844447906553
1030,6000,1.0,0,0,3,7,0,1925,0,47.5669,1510,5000,12.628067055589549
1600,13200,1.0,0,0,3,7,0,1990,0,47.4656,1360,11520,12.639639183749212
1150,3600,1.0,0,0,3,6,0,1910,0,47.5729,1160,4000,12.506177237980511
4050,36171,2.0,0,0,4,8,1430,1970,0,47.4708,3660,42874,13.415032991367148
3040,6587,2.0,0,0,3,7,0,2003,0,47.683,2740,6587,13.38472764187182
2170,9658,1.5,0,0,3,7,0,1966,0,47.3741,1490,9731,12.526110575687962
1580,1321,2.0,0,2,3,8,500,2014,0,47.6688,1530,1357,13.465953081794405
1450,1091,2.0,0,0,3,8,250,2007,0,47.6475,1490,3017,13.217673557208654
2360,6260,2.0,0,0,3,7,0,1998,0,47.3882,2144,6773,12.587927887999204
2170,19785,2.0,0,0,3,8,0,1992,0,47.4034,2280,8616,12.736700896592344
1420,7800,1.0,0,0,4,7,290,1985,0,47.3598,1460,7800,12.506177237980511
2390,7480,1.5,0,2,3,7,0,1920,0,47.504,2850,6867,12.733755386362587
2800,11325,1.0,0,0,4,8,1400,1970,0,47.6166,2510,13700,13.652991628466498
1850,7547,1.5,0,0,4,7,0,1960,0,47.3714,1730,7577,12.409013489526863
1760,12823,1.0,0,0,4,7,300,1956,0,47.2868,1450,10800,12.505992035646432
1770,3172,2.0,0,0,3,8,0,2009,0,47.5164,1760,2891,12.936033799212835
1890,5954,2.0,0,0,3,7,0,2004,0,47.3293,2030,5880,12.606525211814795
2440,9664,2.0,0,0,3,8,550,1981,0,47.7649,2380,9609,13.081541382884074
2490,4343,2.0,0,0,3,9,0,2003,0,47.5493,2130,4106,13.466491943674459
1840,7275,1.0,0,0,3,7,750,1976,0,47.4002,1840,7275,12.538967060803502
2200,8384,1.0,0,0,3,7,950,1959,0,47.753,1750,8384,12.959844447906553
1960,6058,2.0,0,0,3,8,0,2002,0,47.6319,2480,6656,13.235692062711331
5960,13703,2.0,0,2,3,10,1190,1984,0,47.6151,2810,17320,14.119312012295937
2120,7806,1.0,0,0,4,6,350,1949,0,47.6859,1560,9920,13.122363377404328
1770,1863,2.0,0,0,3,8,340,2003,0,47.5478,1410,1375,13.017002861746503
2760,5670,2.0,0,0,3,10,0,2014,0,47.5819,2760,6600,13.649565766898307
1610,24000,1.5,0,0,3,6,0,1947,0,47.2751,1270,9600,12.367340793126296
1540,7120,1.0,0,0,3,7,770,1938,2013,47.3729,1000,6638,13.091904169919621
1550,7579,2.0,0,0,3,8,0,1993,0,47.354,1630,6397,12.676076274775909
2300,10880,1.0,0,0,4,7,1110,1961,0,47.7341,1960,10400,12.994530005894443
2300,9752,2.0,0,2,3,8,0,1968,2003,47.5825,2640,10764,13.547631112808673
1120,9730,1.0,0,0,3,7,0,1944,1989,47.7372,2530,8717,12.799399490807907
3510,9824,2.0,0,0,3,9,0,2002,0,47.5635,3510,10588,13.762109781237159
1990,30083,2.0,0,0,3,8,0,1998,0,47.7678,2220,11627,13.060487973686241
1640,18730,1.5,0,0,4,7,0,1946,0,47.5975,1670,12154,13.560618308335483
1960,9898,2.0,0,0,3,8,0,2001,0,47.3834,2130,7662,12.611537753638338
2600,9350,1.0,0,0,4,8,1260,1963,0,47.6198,2090,9102,13.304684934198283
1860,12000,1.0,0,0,4,7,0,1976,0,47.2942,1815,9604,12.496874845318198
2340,5670,2.0,0,0,3,7,0,2009,0,47.4913,2190,4869,12.8790171187726
1880,7200,1.0,0,0,4,7,0,1966,0,47.5029,1540,13022,12.694652660348845
1580,3680,1.0,0,2,3,8,300,1941,0,47.5762,1730,3680,13.180632285528304
3200,35012,1.5,0,0,3,8,1100,1965,0,47.4651,2690,35100,13.312983737012978
1800,5750,1.0,0,0,3,7,760,1947,0,47.686,1320,5625,13.321214236149494
1600,6848,2.0,0,0,3,7,0,2000,0,47.3303,1700,7210,12.577636201962656
650,5360,1.0,0,0,4,5,0,1931,0,47.7281,1110,6700,12.345834587905333
2430,5959,2.0,0,0,3,8,0,2002,0,47.3348,2100,5414,12.628067055589549
1610,10229,1.0,0,0,5,8,0,1961,0,47.553,2270,8800,13.381645975334411
2180,3870,1.0,0,0,3,7,1160,1900,0,47.6089,1520,2580,13.232114241363448
1440,4394,1.0,0,0,5,8,0,1987,0,47.5688,1900,5893,13.151922179645874
2660,7700,1.5,0,0,4,7,990,1962,0,47.46,1610,7700,12.721885810807203
3340,6924,2.0,0,0,3,8,0,2009,0,47.495,3030,6119,13.263862939678027
3760,57063,2.0,0,0,3,9,810,1998,0,47.6328,2870,28945,13.514405465180353
2040,7260,2.0,0,0,4,7,0,1963,0,47.7399,2040,7360,13.071070083016778
1422,3677,2.0,0,0,3,7,0,2012,0,47.3204,1677,3677,12.409013489526863
6500,14986,2.0,0,0,3,11,1320,2001,0,47.6304,2270,8119,14.714858569108117
2330,16300,2.0,0,0,3,9,0,1964,0,47.7037,2330,16300,13.444446876573442
1600,2788,2.0,0,0,4,7,0,1992,0,47.4034,1720,3605,12.409013489526863
1540,1428,3.0,0,0,3,9,0,2013,0,47.6648,1660,3300,13.444446876573442
3370,9629,2.0,0,0,3,10,0,1999,0,47.5896,3360,10335,13.599839021488766
5190,12637,2.0,0,2,3,11,0,2001,0,47.5424,3840,12637,13.737549016494562
2910,10204,2.0,0,0,3,9,0,1990,0,47.6897,2700,13992,13.554145793829866
2630,5827,2.0,0,0,3,8,0,2001,0,47.688,2330,4715,13.321214236149494
1400,218252,1.0,0,0,3,7,0,1997,0,47.7576,2230,218222,12.706847933442663
2690,3995,2.0,0,0,3,9,630,2014,0,47.532,1810,4590,13.541073712262515
2070,7980,1.5,0,0,4,7,0,1940,0,47.5092,1600,7980,13.244581010128577
1600,9289,1.0,0,0,4,7,0,1959,0,47.3107,1540,9918,12.319401330837177
3370,4934,2.0,0,0,3,9,0,2014,0,47.3562,2980,5046,13.235031130057743
2460,4182,2.0,0,0,5,8,360,1910,0,47.6782,2370,4284,13.805460222110773
850,2500,1.0,0,0,3,7,0,1986,0,47.5677,850,5000,12.594730635321957
1010,1157,2.0,0,0,3,8,60,2007,0,47.5492,1360,1688,12.206072645530174
1130,746,2.0,0,0,3,8,100,2009,0,47.6684,1520,1519,13.19188944005294
1200,10080,1.0,0,0,4,7,0,1969,0,47.3261,1230,9800,12.133501952695338
1800,22000,2.0,0,0,3,8,0,1931,0,47.4889,1440,16640,12.793859310432293
2740,8230,1.5,0,0,3,7,530,1962,0,47.7352,2130,8232,12.917796211663054
2970,52567,2.0,0,0,3,8,0,1924,1985,47.7333,3280,46676,13.407542319637992
2210,22040,1.0,0,0,5,8,700,1976,0,47.5904,2470,14258,13.36177390118241
2000,36000,1.0,0,0,3,6,0,1946,1995,47.5217,2100,9681,13.003467222460474
1760,5307,1.5,0,0,4,7,590,1948,0,47.6714,1850,6600,13.345506928718539
2690,5564,2.0,0,0,3,7,0,2007,0,47.3537,2210,4046,12.793720411897448
2160,5863,1.5,0,0,4,7,900,1928,0,47.5729,1590,3000,12.86099861326992
1530,7020,1.0,0,0,3,7,500,1942,0,47.6465,2090,6600,13.060009135657353
980,7200,1.0,0,0,4,7,0,1950,0,47.5718,1180,6572,12.971540487669746
1220,7004,1.0,0,0,5,7,0,1966,0,47.4492,1640,7210,12.577291314909747
1120,4590,1.0,0,0,3,7,0,1924,0,47.5663,1120,5100,13.017002861746503
4890,15188,2.0,0,2,3,11,1800,1999,0,47.5602,3470,16201,14.690979295318174
3010,3400,2.0,0,2,3,9,770,1923,2009,47.6142,1940,5080,13.737549016494562
2440,10423,1.0,0,0,3,7,0,1955,1993,47.725,1990,7758,13.142166004700508
2450,4187,2.0,0,2,3,8,0,2010,0,47.5471,2320,4187,13.507625778194974
2950,4560,2.0,0,0,5,7,1140,1912,0,47.6525,2000,4560,13.85952744338105
2150,8361,2.0,0,0,3,8,0,1991,0,47.4627,2150,9368,12.823957341589573
1530,3056,2.0,0,0,3,7,0,2003,0,47.6817,1560,3064,13.012548511397123
2380,4080,2.0,0,0,3,8,0,1917,0,47.6629,2030,4080,13.493926933836812
2160,6527,2.0,0,0,4,7,580,1987,0,47.7292,1950,9675,12.971540487669746
2280,6230,1.0,0,0,3,8,0,2005,0,47.7065,1640,5931,13.531156275605168
1500,7308,1.0,0,0,4,7,290,1968,0,47.4621,1480,7400,12.577636201962656
1470,2533,2.0,0,0,3,8,0,2005,0,47.6874,1470,6511,13.096019402064726
2710,14989,1.0,0,0,3,8,990,1959,0,47.6411,3180,16624,13.990303848337437
1480,5400,2.0,0,0,4,8,0,1914,0,47.6095,1280,3600,13.304684934198283
2320,10900,2.0,0,0,3,7,0,1935,1974,47.6877,1610,5800,13.511021367196111
2400,217800,2.0,0,0,3,8,810,1975,0,47.4166,2340,207781,13.317930160948304
1670,9987,1.0,0,0,3,7,0,1967,0,47.3406,1640,7280,12.229300771649381
1940,3800,1.0,0,0,4,7,890,1927,0,47.6842,1700,3800,13.348701819615057
3444,5166,2.0,0,0,3,8,730,2014,0,47.2966,2848,5182,12.97208917432299
2840,4000,2.0,0,3,3,9,510,2014,0,47.5529,2160,4867,13.190022025878143
1640,18144,1.5,0,0,3,6,0,1942,0,47.5027,1500,9065,12.637855061955712
1480,11171,1.5,0,0,4,6,0,1947,0,47.5849,2790,20680,13.698976741708323
1170,7560,1.0,0,0,3,6,0,1958,0,47.4514,1170,7560,11.888618414744723
1710,4178,1.5,0,0,4,8,0,1926,0,47.6373,1760,4178,13.704578997256993
1440,3800,2.0,0,0,3,7,0,2005,0,47.3606,1890,3819,12.502466658583977
844,4269,1.0,0,0,4,7,0,1913,0,47.2781,1380,9600,11.8490404949436
2980,4930,2.0,0,0,3,9,90,2000,0,47.5445,2980,6099,13.527828485512494
1350,944,2.0,0,0,3,9,480,2004,0,47.5591,1440,1350,12.992254692057308
2630,4611,2.0,0,0,3,8,0,2001,0,47.5322,2220,5250,13.116345305078767
1260,8505,1.5,0,0,5,7,0,1951,0,47.7181,1480,8100,13.041153321978786
920,6600,1.0,0,0,4,6,0,1910,0,47.5572,1370,5500,12.80765263256463
2100,6825,2.0,0,0,3,8,0,1994,0,47.4314,2180,7614,12.628067055589549
1820,12686,1.0,0,0,4,7,0,1952,0,47.5886,3020,11550,13.681979165339751
960,13438,1.0,0,0,3,7,0,1951,0,47.4745,1630,11656,12.245293358683455
2970,21907,2.0,0,0,3,9,0,1998,2006,47.4741,2040,27917,13.121362877070744
1470,1656,2.0,0,0,3,8,160,2003,0,47.5653,1470,2288,12.84792653170257
2890,8122,1.0,0,0,3,8,1260,1977,0,47.5886,2730,9915,13.126355398673866
1220,10580,1.0,0,0,3,7,0,1965,0,47.6205,1350,7800,12.943236711506893
2090,6023,2.0,0,0,3,8,0,1990,0,47.5713,2090,6023,13.208541073645382
2360,8286,1.0,0,0,3,7,1040,1952,0,47.6226,1680,7630,13.681979165339751
1770,7508,1.0,0,0,3,7,500,1962,0,47.7354,1690,8880,13.102160670086809
1060,7638,1.0,0,0,5,7,0,1966,0,47.5941,1470,8097,12.948009990259552
3420,6752,2.0,0,2,3,9,390,2012,0,47.517,3010,5172,13.36138027787483
2030,3974,2.0,0,0,3,8,0,1994,0,47.5692,1780,3953,13.206704525838079
3200,6455,2.0,0,0,3,9,0,2009,0,47.5446,3290,7924,13.422467969854667
2800,8494,2.0,0,0,3,8,0,2004,0,47.3521,3740,8494,12.962194625251508
2270,8652,1.0,0,0,3,7,1120,1965,0,47.6692,1950,8050,13.148031124152906
3220,6409,2.0,0,0,3,9,0,2008,0,47.4815,3330,6231,13.345506928718539
2980,53578,1.0,0,0,4,9,750,1976,0,47.4908,2860,75546,13.262125319779487
1240,9300,1.0,0,0,3,7,0,1954,0,47.4363,1250,9300,12.577636201962656
3070,6923,2.0,0,0,3,9,0,2009,0,47.669,2190,9218,13.664687668229691
1180,6947,1.0,0,0,4,7,0,1968,0,47.4233,1760,8657,12.421184025147118
2480,4602,2.0,0,0,3,9,0,2000,0,47.6835,3480,5739,13.641157170819497
1810,3192,1.0,0,0,3,7,740,2001,0,47.7364,1740,3720,12.779873068457553
2900,6736,2.0,0,0,3,8,0,2013,0,47.4954,2900,6736,13.1749558275235
2100,10362,2.0,0,0,3,9,590,1998,0,47.4347,2240,11842,13.17115354157376
4150,16197,2.0,0,0,3,10,0,2006,0,47.3423,3618,15210,13.217673557208654
2410,102366,1.0,0,0,4,7,470,1912,1989,47.5629,2460,310582,13.304684934198283
2330,7020,1.0,0,0,4,8,880,1973,0,47.562,2330,8500,13.329377546788654
2660,5608,2.0,0,0,3,9,0,2003,0,47.5449,3010,5608,13.499429010990795
1930,8254,2.0,0,0,3,7,0,2014,0,47.4973,1540,8849,12.821123140353697
4110,15488,2.0,0,2,3,11,0,1995,0,47.5493,4190,14973,13.748301808270824
2770,10274,2.0,0,0,3,9,0,1989,0,47.5748,2270,7210,13.423578464138695
1480,5600,1.0,0,0,4,6,540,1947,0,47.5045,1350,11100,12.206072645530174
1760,11946,2.0,0,0,3,8,0,1978,0,47.624,2080,12068,13.122363377404328
1350,1209,3.0,0,0,3,8,0,2013,0,47.649,1310,982,13.028052697933088
670,10920,1.0,0,0,3,6,0,1942,0,47.5128,900,7425,12.388394202324129
1580,8184,1.0,0,0,3,7,440,1954,0,47.4294,1540,9476,12.468436909997665
1560,4244,2.0,0,0,3,7,0,2002,0,47.3834,1670,4251,12.524526376648708
850,6800,1.0,0,0,3,7,0,1948,0,47.7282,870,6800,12.577636201962656
3340,52476,2.0,0,0,4,8,0,1975,0,47.4553,2460,48351,13.37700559577791
3110,5000,1.5,0,0,5,7,1300,1921,0,47.6631,1600,4000,13.493926933836812
2920,5568,2.0,0,0,3,8,600,1906,0,47.6265,2970,5568,13.681979165339751
1080,1306,1.0,0,0,3,7,500,1954,2003,47.6601,1440,2225,12.7098736543592
2190,125452,1.0,0,2,3,9,0,1968,0,47.2703,3000,125017,13.105217218569358
1410,905,3.0,0,0,3,9,0,2014,0,47.5818,1510,1352,13.179688444023599
1990,6000,1.0,0,0,3,9,730,1956,2015,47.6515,1770,6000,13.67911793305872
840,5400,1.0,0,0,4,7,0,1948,0,47.5489,1340,5400,12.871591658972646
2190,10370,2.0,0,0,3,9,0,1987,0,47.6218,2470,10472,13.407542319637992
2040,9622,2.0,0,0,3,8,0,1995,0,47.4833,2390,9868,13.102160670086809
870,5400,1.0,0,0,3,6,0,1950,2007,47.52,990,5200,12.644327576461329
1590,7535,1.5,0,0,5,6,0,1909,0,47.3769,1110,6000,12.425208175446844
2040,8315,1.0,0,0,4,8,560,1958,0,47.7077,2330,8940,13.541073712262515
1000,1760,1.0,0,0,4,6,400,1924,0,47.6261,2120,2802,13.024750548537328
2420,18470,1.0,0,0,3,8,1500,1968,0,47.6001,2690,13800,13.422467969854667
1630,6550,1.0,0,0,5,7,780,1912,0,47.5452,1440,6550,13.047639831208393
1330,9200,1.0,0,0,4,7,0,1973,0,47.2916,1590,9200,12.117241431823558
1700,4750,1.5,0,0,4,6,500,1909,0,47.6819,1550,4750,13.253391639810733
2840,18001,2.0,0,0,3,9,0,1994,0,47.7359,2500,18001,13.122363377404328
1950,9618,2.0,0,0,3,7,0,1992,0,47.4068,1890,7133,12.66032791780777
1100,7373,1.0,0,0,4,7,0,1968,0,47.3124,1430,8415,12.388394202324129
1170,8239,1.0,0,0,3,7,0,1981,0,47.3679,1180,7866,12.230765258120545
2790,19439,1.0,0,3,5,7,1290,1973,0,47.4088,1620,19439,13.287793066528065
2240,8153,1.0,0,0,3,7,1120,1948,0,47.7303,1710,8100,12.994530005894443
1050,8382,1.0,0,0,3,7,0,1959,0,47.5627,2400,9525,13.353475098367715
2050,4400,1.5,0,0,4,9,0,1922,0,47.644,2320,5500,13.514405465180353
2060,10125,2.0,0,0,4,7,500,1979,0,47.764,1760,9876,12.983101310070822
1810,21650,2.0,0,0,4,7,0,1961,0,47.7358,2700,29680,13.049792684569493
3280,6845,2.0,0,0,3,10,0,2003,0,47.7042,3280,7467,13.506945274596069
3370,7634,1.0,0,2,5,8,1260,1977,0,47.5259,2460,7634,13.487006490992238
1560,5950,1.0,0,0,4,6,780,1944,0,47.719,1320,7830,12.86099861326992
1300,2580,1.0,0,0,5,7,480,1919,0,47.674,1180,2820,13.043320170063875
1450,15798,2.0,1,4,3,7,220,1915,1978,47.4497,2030,13193,13.39239051461739
760,6000,1.0,0,0,3,6,0,1942,0,47.646,1360,6000,12.834681304952548
1470,4488,2.0,0,0,5,7,0,1980,0,47.723,1400,4441,12.899094818276968
1750,19709,1.5,0,0,4,8,310,1978,0,47.3351,1950,21075,13.262125319779487
1770,7799,2.0,0,0,3,7,0,1998,0,47.4192,1770,7778,12.691580461311874
2120,11340,1.0,0,3,4,7,1060,1966,0,47.4109,1830,8650,12.815838217151068
1680,17409,1.0,0,0,3,7,0,1962,0,47.6766,1680,9101,13.122363377404328
950,7954,1.0,0,0,4,7,0,1941,0,47.557,1180,6828,12.733755386362587
3830,10005,2.0,0,0,3,10,0,2001,0,47.5953,2555,5204,13.664687668229691
980,3600,1.0,0,0,3,6,0,1907,0,47.6366,1690,3600,13.296316684527767
2530,10611,1.0,0,0,5,8,1210,1977,0,47.5698,2530,10125,13.287877815881902
1980,39932,2.0,0,0,3,8,0,1994,0,47.7433,2610,12769,12.999065161059836
1120,3844,1.0,0,0,3,7,0,1972,0,47.7038,1480,3844,12.70381302974751
1410,9000,1.0,0,0,5,7,0,1967,0,47.3054,1200,8346,12.345834587905333
2160,15817,2.0,0,0,3,8,0,1999,0,47.4166,1990,15817,12.777052192115912
1820,9875,1.0,0,0,4,8,0,1966,0,47.6243,2670,10000,13.199231821660906
1880,3000,1.0,0,0,4,8,840,1931,0,47.6418,1790,3000,13.473020249017498
1240,2500,2.0,0,0,3,7,0,1985,0,47.6793,1660,5000,13.005829561148378
2040,5508,2.0,0,0,4,8,0,1996,0,47.5719,2130,5496,13.262125319779487
1220,7489,2.0,0,0,3,7,0,1903,0,47.6133,1220,3750,13.748301808270824
1280,8712,1.0,0,0,4,7,0,1956,0,47.3298,1420,8800,12.283033686666302
1450,1213,2.0,0,0,3,9,340,2015,0,47.6692,1620,1456,13.398478813484644
2520,4643,1.5,0,0,4,8,400,1916,0,47.6348,2100,4564,13.9108207377686
1860,7191,1.0,0,0,4,7,600,1975,0,47.4338,1850,7490,12.751299696013497
2810,7302,2.0,0,0,3,9,0,2002,0,47.5985,2820,7302,13.458692746677631
2230,5000,2.0,0,0,3,8,0,2003,0,47.3919,2230,6137,12.628067055589549
2660,22194,1.0,0,0,4,8,480,1977,0,47.6142,2660,18135,13.345506928718539
2240,5000,2.0,0,0,3,8,0,2013,0,47.6212,1760,7500,13.36138027787483
1090,5265,1.5,0,0,4,7,0,1947,0,47.6638,2080,4000,13.265597545490236
1330,5000,1.0,0,0,3,7,210,1957,0,47.7211,1920,7790,12.92391243868049
2550,4794,2.0,0,0,3,9,0,2007,0,47.6955,1630,5100,13.591116224748411
3150,6202,2.0,0,0,3,7,0,2005,0,47.3993,2950,5940,12.706847933442663
1340,6783,1.0,0,0,4,7,0,1987,0,47.3504,1630,6458,12.487485104968359
3190,19513,2.0,0,4,4,10,0,1982,0,47.6991,2750,13496,14.569282360340654
2530,17856,2.0,0,0,3,8,0,1998,0,47.7356,2530,14640,13.17115354157376
1830,3868,2.0,0,0,3,7,0,2007,0,47.5186,2330,3868,12.524526376648708
2350,11914,1.0,0,0,4,8,0,1961,0,47.5392,2240,10706,13.652991628466498
1210,6380,1.5,0,0,3,7,0,1936,0,47.6924,1340,6380,13.091904169919621
1480,7500,1.0,0,0,4,7,0,1968,0,47.4629,1480,7500,12.66032791780777
2010,2261,2.0,0,0,3,8,620,2014,0,47.5514,1690,1899,13.217673557208654
2700,7992,2.0,0,0,3,9,0,2012,0,47.4831,2840,7992,13.256894270361935
2860,12394,2.0,0,0,3,10,0,1999,0,47.5832,3070,8515,13.39239051461739
1080,11856,1.0,0,0,5,7,0,1986,0,47.6955,1220,9247,12.881055855462447
1310,4800,1.5,0,0,3,6,200,1929,0,47.5545,960,4800,12.634603026569334
810,6150,1.0,0,0,3,7,0,1950,0,47.7289,1080,7200,12.6112043647371
2280,14810,1.0,0,0,5,8,780,1977,0,47.5392,2690,12196,13.151922179645874
910,8000,1.0,0,0,4,6,170,1950,0,47.7746,2090,9007,12.611371073081239
1140,11620,1.0,0,0,3,7,0,1994,0,47.4991,1140,8400,12.736700896592344
3200,35782,1.0,0,0,3,8,840,1978,0,47.4121,3090,37887,12.765688433465597
2070,9000,1.0,0,0,4,7,620,1969,0,47.3085,1630,7885,12.445089546000673
1420,3600,1.5,0,0,4,7,0,1904,0,47.6367,1250,3600,13.481435445942783
2560,117176,1.0,0,0,4,9,1280,1977,0,47.4655,2760,57063,13.049792684569493
2060,9138,1.0,0,0,3,8,630,1992,0,47.321,2250,7820,12.686645226125144
1960,44634,1.0,0,0,3,7,830,1984,0,47.7769,1970,44634,13.01477816672439
1530,7920,1.0,0,0,3,7,500,1955,0,47.4544,1690,7920,12.947890935553772
1010,7683,1.5,0,0,5,7,0,1953,0,47.72,1550,7271,12.911642346088676
4010,6000,2.0,0,3,3,9,1450,1997,0,47.4928,2440,6000,13.345506928718539
2250,7345,1.0,0,0,4,8,930,1984,0,47.2895,1800,6950,12.468436909997665
1850,5000,1.5,0,0,2,6,0,1900,0,47.6711,1360,2500,13.790192749979985
2320,11259,2.0,0,0,3,9,0,1982,0,47.6443,2820,11770,13.369223455335854
3230,35306,2.0,0,0,3,9,0,1987,0,47.3065,2760,35285,12.821258284620408
2120,3801,1.5,0,0,4,7,900,1925,0,47.6832,1850,4181,13.108264453024827
1890,4400,1.5,0,0,5,7,0,1919,0,47.6662,1620,4080,13.386264921190707
2770,98881,2.0,0,0,3,9,0,1991,0,47.2568,1830,74923,13.071070083016778
1010,7245,1.0,0,0,3,7,0,1969,0,47.3338,1300,8236,12.205822614274965
2380,6000,1.0,0,0,3,8,340,1961,0,47.6955,1680,7200,13.102160670086809
1160,10881,1.0,0,0,2,7,240,1983,0,47.6339,1280,10843,12.542544882151386
1890,7200,1.0,0,0,4,7,390,1978,0,47.7278,2070,7200,13.135279602670876
2640,6738,2.0,0,0,4,8,0,1989,0,47.5787,2180,5782,13.303016877097587
1390,16000,1.0,0,0,4,6,0,1960,0,47.2898,1420,10000,12.345834587905333
720,5000,1.0,0,0,4,6,0,1908,0,47.5289,1170,5000,12.128111104060462
1410,7215,1.0,0,0,3,7,0,1967,0,47.7343,1550,7600,12.855790268162783
1430,10350,1.0,0,0,3,7,0,1959,0,47.6353,1890,10350,13.180632285528304
2290,10290,1.0,0,0,3,7,950,1960,0,47.5045,1800,7605,12.745485726148077
3620,403693,2.0,0,2,3,9,0,1980,0,47.2527,2230,148811,13.112313041550827
630,1362,1.0,0,0,3,7,0,1943,0,47.6342,1090,1376,12.971540487669746
2140,9484,1.0,0,0,3,7,850,1953,0,47.6234,1960,9630,13.38472764187182
1720,12540,1.0,0,0,4,7,0,1956,0,47.5699,1440,11850,13.102160670086809
970,5922,1.5,0,0,3,7,0,1949,0,47.719,1730,6128,12.779732213467533
1440,6720,1.0,0,0,5,6,720,1954,0,47.4571,1820,6784,12.560244459250788
1200,4000,1.0,0,0,3,7,130,1940,0,47.5766,1770,4000,13.017002861746503
1800,9000,1.0,0,0,3,7,600,1961,0,47.4932,980,6000,12.456831363877356
1150,5000,1.0,0,0,3,8,0,1959,2015,47.6805,1160,5000,13.482831119581757
1010,3627,1.0,0,2,4,6,0,1924,0,47.5873,1630,4040,13.017002861746503
1900,8160,1.0,0,0,3,7,0,1975,0,47.2114,1280,6532,12.206072645530174
2090,5015,1.5,0,0,5,7,0,1920,0,47.6378,1930,4250,13.573438996764546
1380,1081,3.0,0,0,3,8,0,2005,0,47.6692,1390,1140,13.06685066747407
3550,6558,2.0,0,0,3,9,0,2013,0,47.7076,3140,5617,13.767359689401852
2310,7800,2.0,0,0,3,8,0,2011,0,47.3737,2310,7140,12.834681304952548
2430,7857,2.0,0,0,5,8,700,1980,0,47.4546,2160,8740,12.791077667470416
1500,1375,2.0,0,0,3,9,300,2014,0,47.6451,1680,1627,13.384650715836164
2690,15000,1.0,0,2,3,8,820,1987,0,47.3361,2690,15000,13.151922179645874
1940,4000,2.0,0,0,4,9,0,2000,0,47.659,1410,4000,13.601078947252086
1540,3000,1.0,0,2,3,7,770,1920,0,47.6769,1420,4200,13.146140449063758
1060,651,3.0,0,0,3,7,0,2007,0,47.6828,1440,1501,12.911642346088676
2390,7939,1.0,0,0,5,7,780,1983,0,47.4987,1920,7939,12.9123828126164
2800,9569,1.0,0,2,3,7,1400,1963,0,47.5102,2150,7333,12.765688433465597
1520,7800,1.0,0,0,4,7,400,1967,0,47.3784,1740,8000,12.429216196844383
2040,7936,1.0,0,3,5,8,360,1940,0,47.7028,2300,10080,14.077874822431765
1580,3840,2.0,0,0,3,8,0,1908,0,47.6192,1680,2624,13.499429010990795
1860,5584,1.0,0,0,3,8,550,1951,0,47.637,1630,6022,13.664687668229691
1310,6960,1.0,0,0,4,7,0,1974,0,47.2761,1580,7200,12.345830240069793
2080,7749,2.0,0,0,3,8,0,1988,0,47.5723,2210,7471,13.217673557208654
2040,9322,1.0,0,0,3,8,600,1977,0,47.7611,1910,10026,13.199324418540456
1450,8771,2.0,0,0,4,7,0,1991,0,47.1947,1450,8653,12.513189630620563
1870,7942,2.0,0,0,3,7,0,1990,0,47.342,1870,7392,12.611371073081239
2330,4160,2.0,0,0,4,8,0,1992,0,47.6367,2940,4500,13.369067193127552
2840,12253,1.0,0,0,3,7,1420,1960,0,47.7618,2210,11620,12.889169490236618
840,14564,1.5,0,0,5,6,0,1942,0,47.5499,1430,7920,12.63947712232758
670,6750,1.0,0,0,4,5,0,1947,0,47.4521,1700,11520,12.128111104060462
1580,9750,1.0,0,0,5,7,0,1954,0,47.427,1460,9750,12.57418196709457
2720,9856,2.0,0,0,4,8,0,1969,0,47.4778,1420,9685,12.985397522331171
2750,10159,2.0,0,0,3,10,0,1991,0,47.5426,3160,10159,13.60787119318603
1050,8750,1.0,0,0,4,7,0,1951,0,47.6294,3360,20115,13.592367006650065
3080,32997,1.5,0,0,4,7,0,1950,1982,47.498,1980,5711,12.80765263256463
1680,3813,2.0,0,0,4,7,0,1900,0,47.593,2540,3996,13.122363377404328
1670,6460,1.0,0,0,3,8,0,2004,0,47.7123,2170,6254,13.13626628257332
1950,3600,2.0,0,0,3,7,0,2010,0,47.3658,1870,4184,12.604848765487542
1960,2345,2.0,0,0,3,7,210,2003,0,47.5419,1760,1958,12.644327576461329
1470,8200,1.0,0,0,3,7,430,1953,0,47.7347,1420,8200,12.577636201962656
2120,215186,2.0,0,0,2,7,0,1983,0,47.701,2000,215186,12.890179081437969
1680,5036,1.0,0,1,4,7,0,1987,0,47.4734,1680,4921,12.821258284620408
1850,5712,1.0,0,0,3,7,0,1954,0,47.6966,1510,6038,12.771386454580234
1400,4720,1.0,0,0,4,7,580,1927,0,47.5705,1330,6786,13.087771932634709
2420,7740,1.0,0,0,5,7,1060,1929,1969,47.536,1840,6780,12.927564299099261
3060,12095,2.0,0,0,3,10,0,1983,0,47.5611,3060,11455,13.664687668229691
4400,186846,2.0,0,0,4,9,0,1993,0,47.1593,2280,186846,13.440089571204487
2810,14207,1.0,0,3,3,9,1270,1979,0,47.5742,3190,14000,13.62918097977278
1170,2800,1.5,0,0,4,5,0,1905,0,47.6574,1660,4996,13.240146413060712
1370,5339,1.5,0,0,4,6,0,1948,0,47.5046,1280,7048,12.296827008798639
2640,3200,2.0,0,0,4,7,500,1906,0,47.6188,1540,2242,13.513560513714788
1510,8760,1.0,0,0,4,6,0,1946,0,47.3015,1040,7828,12.154779351142624
2300,16474,1.0,0,0,3,7,1080,1984,0,47.7609,1940,15601,13.085699393032737
2080,12522,1.0,0,0,5,6,0,1950,0,47.267,1690,11200,12.428816116823043
3290,12329,1.5,0,0,4,10,0,1968,0,47.5639,3170,12329,13.761582215938718
800,3330,1.0,0,0,3,7,0,1918,0,47.6566,1300,4320,12.83067328355501
1690,9708,1.5,0,0,5,7,0,1954,0,47.5732,1570,9858,12.971540487669746
2100,8050,2.0,0,0,3,8,0,1978,0,47.4391,2190,7700,12.554967402149943
1780,47480,2.0,0,0,3,7,0,1995,0,47.4723,1890,51836,13.112313041550827
1270,1318,2.0,0,0,3,7,190,2004,0,47.6526,1360,1488,12.863592648446968
1410,10248,1.0,0,0,3,7,0,1985,0,47.3315,2090,9414,12.513263184369997
810,8494,1.0,0,0,3,6,0,1949,0,47.7389,1050,7975,12.377922902456833
1450,61419,1.0,0,0,4,8,0,1976,0,47.3343,2256,82328,12.80765263256463
1730,9610,1.0,0,0,3,7,350,1962,0,47.2956,1310,9812,12.206072645530174
2140,2868,2.0,0,0,3,8,370,2007,0,47.6668,2140,2527,13.409044949522526
2520,78408,2.0,0,0,3,9,0,1988,0,47.3514,1490,29972,13.016753941879633
2000,10051,2.0,0,0,3,7,0,1997,0,47.3625,2000,6686,12.676076274775909
1430,8919,1.0,0,0,3,7,0,1992,0,47.2118,1580,8919,12.415117272464881
3070,223463,2.0,0,0,3,9,0,2003,0,47.664,3640,223463,13.531820506782031
1770,5146,2.0,0,0,3,8,0,1992,0,47.5704,1870,5146,13.047639831208393
1060,20040,1.0,0,0,3,6,0,1943,0,47.7281,1768,10800,12.706847933442663
1986,6000,2.0,0,2,4,8,240,1922,0,47.5374,1930,6200,13.480037821676145
2090,6000,2.0,0,1,3,7,0,1918,1985,47.5732,1600,5400,13.076319438902923
1770,16660,1.0,0,3,3,8,550,1957,0,47.3346,2790,20504,12.751299696013497
1140,6400,1.0,0,0,3,7,0,1962,0,47.4902,1340,6650,12.641096555879882
3560,7178,2.0,0,3,3,10,970,2006,0,47.7054,3290,6978,13.632788921148979
2300,12000,1.0,0,0,3,8,530,1942,0,47.7599,2030,6000,12.676076274775909
1100,2800,1.0,0,0,3,7,0,1925,0,47.6361,1110,1673,13.222570637821354
2680,41250,2.0,0,0,3,7,0,1984,0,47.4817,1940,47044,13.287877815881902
1720,8300,1.0,0,0,4,8,0,1965,0,47.4654,1840,8300,12.706847933442663
370,1801,1.0,0,0,5,5,0,1923,0,47.6778,1340,5000,12.528156144699286
4230,9701,2.0,0,0,3,10,0,1999,0,47.5444,4130,12253,13.748301808270824
2710,12138,1.0,0,0,3,8,1010,1968,0,47.7657,2390,10052,13.190022025878143
820,16030,1.0,0,0,4,5,0,1923,0,47.2039,1880,14046,12.128111104060462
1090,10000,1.0,0,0,3,6,0,1961,0,47.6503,1040,7500,12.388394202324129
4590,17621,2.0,0,0,3,10,1430,2003,0,47.6973,3800,12268,13.94214320889764
2330,4907,2.0,0,0,3,7,0,2013,0,47.359,2300,3836,12.729320789294722
2750,15450,1.0,0,0,3,8,950,1978,0,47.7749,2750,10620,13.329377546788654
1090,6125,1.0,0,0,4,6,300,1945,0,47.5343,1050,6125,12.8790171187726
1680,8629,1.0,0,0,3,8,480,1977,0,47.3662,1990,8400,12.637855061955712
2600,9355,1.0,0,0,3,9,760,1983,0,47.7446,2250,7691,13.14020329553266
1520,80150,1.0,0,0,2,5,0,1948,0,47.4742,1740,84506,12.80765263256463
1300,1314,3.0,0,0,3,8,0,2008,0,47.6536,1300,1312,13.239257128875828
1710,4050,1.5,0,0,3,7,0,1909,0,47.6732,1790,4896,13.337474757021274
1460,9879,1.0,0,0,3,7,0,1956,0,47.6346,1610,10050,13.049792684569493
1500,6000,1.0,0,0,5,7,650,1940,0,47.6474,1700,6000,13.458835614025542
2080,9600,1.0,0,0,3,7,0,1988,0,47.7698,2220,9600,12.936033799212835
2420,10603,1.0,0,0,5,7,1210,1958,0,47.7397,1750,10800,13.091904169919621
4070,7800,3.0,0,0,4,8,680,2002,0,47.6838,2020,6760,14.151982794585487
2690,32780,2.0,0,0,3,9,0,1998,0,47.6612,2840,36555,13.337474757021274
1870,3378,1.0,0,0,3,7,750,1913,0,47.5371,1870,1872,12.736700896592344
770,9715,1.0,0,0,4,6,0,1942,0,47.4924,1140,9715,12.287652632522597
1980,7015,1.0,0,0,3,7,720,1973,0,47.7204,1570,7626,13.169246963303179
1620,9600,1.0,0,0,4,7,0,1966,0,47.4749,1660,10200,12.65714826489039
5190,23716,2.0,0,2,3,11,1800,1987,2000,47.5846,4460,22748,14.347608317005804
1040,7538,1.0,0,0,4,7,0,1939,0,47.7107,1440,7530,12.985397522331171
1340,7200,1.5,0,0,4,7,0,1923,0,47.5601,1630,5760,13.208541073645382
2320,7800,1.0,0,0,4,7,1160,1960,0,47.5141,1380,7800,12.676076274775909
2330,4284,2.0,0,0,3,9,410,2004,0,47.5547,2330,3709,13.023647404465171
1280,10016,1.0,0,0,4,7,0,1975,0,47.2823,1670,9764,12.2783933071098
1060,5750,1.0,0,0,3,6,110,1904,0,47.6562,1790,5857,12.907941679901988
2880,13500,1.0,0,4,5,8,1360,1950,0,47.6281,3710,20486,14.503142557836108
1290,8470,1.0,0,0,4,7,320,1966,0,47.3054,1300,7350,12.323855681186558
3780,5160,2.0,0,0,4,9,1270,1907,0,47.6275,2740,5160,14.151982794585487
1950,10766,1.0,0,3,4,6,790,1952,0,47.4504,1780,11721,13.413539339110365
1150,9812,1.0,0,0,4,7,0,1962,0,47.2951,1200,9812,12.332705296463539
1060,11765,1.0,0,0,4,6,0,1951,0,47.7333,1500,9151,12.724866438945341
3300,7480,2.0,0,0,3,8,0,1980,0,47.6796,2470,7561,13.142166004700508
5290,224442,2.0,0,0,4,11,750,1988,0,47.6671,3750,84936,14.340239086899256
2460,14100,1.0,0,0,3,7,1080,1972,0,47.7452,2028,11078,13.091904169919621
2810,6000,2.5,0,0,3,9,0,1907,0,47.6367,2240,4800,13.971659240454205
2960,12527,2.0,0,0,3,9,1020,1986,0,47.3134,2210,10952,12.87261914429294
1600,7995,1.0,0,0,3,7,0,1950,1984,47.5177,2440,6900,12.714395139078047
3680,7236,2.0,0,0,3,10,0,2006,0,47.3543,3310,7180,13.428376406540833
3400,8970,1.0,0,0,4,8,1700,1959,0,47.7358,1890,8475,13.047639831208393
1970,14876,1.0,0,0,3,7,650,1981,0,47.5031,2030,8008,13.199324418540456
2440,76531,1.0,0,0,3,10,800,1980,0,47.7672,1890,10042,13.487006490992238
4190,8805,2.5,0,2,5,9,700,1928,0,47.6181,3780,8558,14.750034058099489
1780,6000,2.0,0,0,3,9,0,2000,0,47.3774,2650,6000,12.66032791780777
2700,16570,1.0,0,0,4,8,950,1967,0,47.6144,2570,11840,13.5204681311062
1250,7543,1.0,0,0,3,7,0,1962,0,47.4051,1250,7506,12.0015054797889
3490,23400,1.0,0,0,4,8,1600,1957,0,47.5701,2660,12400,13.321214236149494
1420,991,2.0,0,0,3,8,380,2005,0,47.6408,1500,1301,13.329377546788654
3040,9601,1.0,0,0,5,9,1070,1968,0,47.5562,3180,12390,13.62918097977278
2170,4000,1.0,0,0,4,7,1060,1925,0,47.6546,1890,4000,13.724491159577106
2880,9003,2.0,0,0,3,10,0,2008,0,47.6844,2640,8126,14.04662227892766
1690,8208,1.0,0,0,4,7,480,1958,0,47.6052,1620,8496,13.077366011473593
710,5200,1.0,0,2,4,6,0,1942,0,47.5376,1610,5200,12.676076274775909
3010,9155,2.0,0,0,3,9,0,2005,0,47.3542,3010,5762,12.945626198904275
1330,5926,1.0,0,0,4,5,0,1942,0,47.496,1150,5485,12.37102336582647
1320,1161,3.0,0,0,3,8,0,2010,0,47.7162,1320,1161,12.751299696013497
1530,6372,1.0,0,0,3,7,320,1962,0,47.535,1960,6426,12.866179972011919
1408,989,3.0,0,0,3,8,0,2005,0,47.6856,1408,1342,12.939127803023537
1470,18581,1.5,0,0,3,6,0,1924,0,47.4336,1770,18581,12.100712129872347
2810,4922,2.0,0,0,3,9,0,2005,0,47.614,2920,4922,13.461688683007948
3450,6360,2.0,0,0,5,9,1590,1905,0,47.6133,2310,5000,14.136579049433688
1810,3292,2.0,0,0,3,8,0,2014,0,47.5164,1810,2769,12.85893154328709
1600,5952,1.0,0,0,4,7,450,1964,0,47.5292,1460,6200,12.70381302974751
2034,13392,1.0,1,4,5,7,875,1947,0,47.3312,1156,15961,13.215853720491667
2190,4900,2.0,0,0,5,7,700,1940,0,47.6892,1370,4606,13.284482226880764
1890,9920,1.0,0,0,3,7,660,1944,0,47.7327,1380,9086,12.86099861326992
1900,10454,1.0,0,0,3,7,510,1978,0,47.7748,2000,12000,12.911642346088676
2670,4410,2.0,0,0,3,8,0,1999,0,47.5978,2670,4410,13.412043452518782
2020,6867,1.0,0,0,5,8,1010,1942,0,47.7,1250,6842,13.345506928718539
2490,5978,2.0,0,0,3,9,0,2003,0,47.6298,2710,6629,13.37700559577791
1150,2723,1.0,0,0,4,7,380,1923,0,47.6357,1440,4000,12.873902018105829
3110,4400,1.5,0,0,5,7,1100,1914,0,47.6684,1240,4280,13.500799813124575
2400,7700,1.5,0,0,4,7,900,1927,0,47.7125,1530,7700,12.871334622600584
3010,206910,2.0,0,2,3,10,0,2001,0,47.4881,1580,120675,13.527828485512494
2210,4000,2.0,0,0,3,8,0,2008,0,47.6954,2230,4674,13.399995114002609
3230,5000,2.0,0,0,3,9,0,2006,0,47.5558,2670,3977,13.480037821676145
1400,10350,1.0,0,0,4,7,0,1976,0,47.479,1780,10457,12.628067055589549
2810,9360,1.0,0,0,4,7,1290,1965,0,47.4361,1770,9360,12.817195990611529
2590,12600,2.0,0,0,3,9,0,1979,0,47.5566,2620,11050,13.541073712262515
2588,5702,2.0,0,0,3,8,0,2008,0,47.3453,2403,5703,12.631340380934517
2290,11173,2.0,0,0,4,8,0,1988,0,47.4314,2290,10404,12.986543654261794
2220,94300,1.0,0,0,5,7,580,1976,0,47.3459,2070,80100,12.9384405392434
1570,4400,1.5,0,0,4,8,0,1914,0,47.6112,1850,4400,13.814009431838008
2160,8000,1.0,0,0,4,9,500,1976,0,47.3165,2350,8200,12.779873068457553
2140,6355,2.0,0,0,3,7,0,2002,0,47.5367,2480,5746,12.983101310070822
3450,6500,2.0,0,0,3,8,1000,1994,0,47.5437,1750,6500,13.652991628466498
990,6000,1.0,0,0,3,6,0,1943,0,47.6718,1250,6000,13.112313041550827
3620,5131,2.0,0,3,4,11,1270,1927,0,47.6499,2550,5174,14.237504968023648
2270,9600,2.0,0,0,3,9,0,1990,0,47.7388,2580,9617,13.262125319779487
2120,41325,1.0,0,0,4,7,700,1973,0,47.2906,1780,42000,12.691580461311874
2860,6000,2.5,0,0,4,8,480,1902,0,47.5906,2240,6000,13.527828485512494
2380,9374,1.0,0,2,3,8,0,2011,0,47.7095,1610,5000,13.614617615584883
2140,8000,1.0,0,0,4,8,730,1965,0,47.622,2080,8000,13.294634598344782
830,5610,1.0,0,0,3,6,0,1922,0,47.5674,1310,2793,12.524526376648708
1300,8400,1.0,0,0,4,7,0,1967,0,47.368,1300,7500,12.43320821811392
1980,5352,2.5,0,0,3,8,0,1941,2005,47.532,1680,5352,13.51979631381523
2370,217800,1.5,0,0,3,7,770,1992,0,47.5007,2370,157687,13.204864598916073
1690,5131,1.0,0,0,3,7,0,1941,1998,47.5234,860,5137,13.038981768465277
2190,11060,1.0,0,0,4,7,580,1973,0,47.6893,2020,8588,13.458835614025542
1830,1988,2.0,0,0,3,9,300,2011,0,47.5779,1800,2467,13.304684934198283
2280,7800,1.0,0,3,4,8,920,1941,0,47.6985,2280,5200,13.527828485512494
2110,35091,1.0,0,0,4,8,820,1985,0,47.467,2740,36427,13.038981768465277
2340,2810,2.0,0,2,3,8,610,2011,0,47.5403,2600,2843,13.507625778194974
2330,5000,1.5,0,0,4,7,820,1929,0,47.6823,1460,5000,13.440817108522863
880,6664,1.0,0,0,3,6,0,1961,0,47.6855,1690,6564,13.217673557208654
2450,2691,2.0,0,0,3,8,700,1915,0,47.6386,1760,3573,13.750438561220559
1960,6450,1.0,0,0,4,7,960,1977,0,47.3972,1660,20720,12.953944725779365
1210,5240,1.0,0,0,4,7,600,1983,0,47.5524,1560,5240,12.628067055589549
1870,8190,1.0,0,0,3,7,770,1977,0,47.4521,1590,9150,12.560244459250788
2240,3691,2.0,0,0,3,7,0,2003,0,47.3364,2619,3691,12.611537753638338
2630,5701,2.0,0,0,3,7,0,2010,0,47.375,2770,5939,12.86099861326992
1270,4815,1.5,0,0,3,6,290,1922,0,47.5495,1270,6431,12.464583340681674
1630,8400,1.0,0,0,4,7,570,1955,0,47.5983,1630,7245,13.122343377204325
2510,5436,2.0,0,0,3,8,0,2011,0,47.6894,2520,5436,13.467370516475379
1360,1236,2.0,0,0,3,8,220,2006,0,47.6198,1620,1231,13.122363377404328
2370,10083,2.0,0,0,5,8,0,1966,0,47.6715,2370,10133,13.440089571204487
2890,18226,3.0,1,4,3,10,0,1984,0,47.5169,2870,11151,14.266586177324491
5310,57346,2.0,0,0,4,11,0,1989,0,47.7285,4180,47443,14.126664986601197
2430,88426,1.0,0,0,4,7,860,1985,0,47.4828,1560,56827,13.022543042122118
3330,24354,1.0,0,0,4,10,0,1961,0,47.5708,3880,25493,14.73180128983843
1140,3292,2.0,0,0,3,7,0,1988,0,47.5701,1150,3592,12.644327576461329
2750,4400,2.0,0,0,3,8,980,1987,0,47.6883,1860,4400,13.676133541495632
2320,6750,1.0,0,0,3,7,1160,1960,0,47.5327,1230,6075,12.721885810807203
1230,12000,1.0,0,0,3,6,0,1970,0,47.2878,1550,12000,12.100156419938624
1560,1466,3.0,0,0,3,8,0,2006,0,47.6604,1530,2975,13.369223455335854
2260,5824,2.0,0,0,3,8,0,2011,0,47.3496,2240,5561,12.845291484064564
1680,5000,1.0,0,0,3,7,700,1950,0,47.6858,1680,6000,13.284482226880764
3500,10457,2.0,0,0,3,11,0,2001,0,47.5198,3500,11734,13.787933790194039
1090,4013,1.5,0,0,3,7,0,1900,0,47.6652,1390,4013,12.971540487669746
1650,7145,2.0,0,0,5,8,350,1977,0,47.7733,1760,7206,12.953352834670046
4570,74487,2.0,0,4,5,12,0,1948,1985,47.7282,3810,74487,14.27293540500315
830,1034,2.0,0,0,3,8,0,2009,0,47.5926,1130,2534,12.751299696013497
1750,3354,2.0,0,0,4,7,0,1991,0,47.6953,1750,4286,13.296316684527767
3880,7180,2.0,0,0,3,7,0,2004,0,47.4797,2160,4793,13.005829561148378
1140,8400,1.0,0,0,4,7,0,1960,0,47.5022,1400,9000,12.593271944831445
2820,5001,2.0,0,0,3,9,0,2004,0,47.5533,2660,5001,13.444446876573442
930,6600,1.0,0,0,3,6,0,1924,0,47.7127,1590,6600,12.768541502448002
1900,6000,1.5,0,0,4,6,0,1920,0,47.6831,2110,8400,13.060487973686241
4660,16200,2.0,0,2,3,11,0,2005,0,47.6326,3340,16200,14.786706055007715
2250,222156,1.0,0,0,3,7,0,1987,0,47.542,2110,121968,13.070964814318328
1996,4547,2.0,0,0,3,7,0,2009,0,47.3365,2180,5127,12.560244459250788
2540,18900,1.0,0,0,3,7,960,1978,0,47.754,2270,16000,13.071070083016778
2130,4000,2.0,0,0,3,8,0,2014,0,47.5108,1830,7217,12.8790171187726
3080,7282,2.0,0,0,3,9,0,2008,0,47.4826,3080,7274,13.279367126213993
2960,8968,1.0,0,0,4,8,1320,1965,0,47.6233,1890,9077,13.390862630439337
2290,7125,1.0,0,0,3,7,1100,1964,0,47.634,1460,7920,13.270783382522602
3430,28718,1.5,0,0,3,10,0,1984,0,47.6477,3440,35021,13.999913280962053
1650,10336,1.0,0,0,3,7,150,1962,0,47.7757,1420,10260,12.577636201962656
2130,11900,2.0,0,0,3,9,0,1976,0,47.6408,2590,11900,13.38471225713809
1780,4200,1.5,0,0,4,8,0,1916,0,47.662,1380,3333,13.284482226880764
2150,9266,2.0,0,0,3,8,0,1988,0,47.7445,2150,12550,12.966971928140937
2160,3139,1.0,0,0,3,7,1080,1940,0,47.6662,1650,3740,13.38472764187182
2230,11472,2.0,0,0,3,7,0,1951,0,47.7372,1870,8649,12.962194625251508
2180,9722,2.0,0,0,3,8,0,1994,0,47.527,2440,9722,13.15328048003905
1200,7680,1.0,0,0,3,7,0,1968,0,47.3138,1490,7800,12.254862809699606
1510,2064,2.0,0,0,3,8,290,2008,0,47.6398,1670,2594,13.422467969854667
2410,7140,2.0,0,0,3,8,0,1993,0,47.6329,2350,7140,13.317930160948304
970,4800,1.0,0,0,3,6,0,1911,1940,47.5754,1180,5900,12.654916476940283
2210,19025,1.0,0,0,4,7,750,1952,0,47.5927,2640,14999,13.764217263576723
2660,4000,2.0,0,0,3,8,0,2001,0,47.6876,2330,4517,13.27594246533263
1700,7992,1.0,0,0,4,7,750,1980,0,47.3031,1700,8030,12.520883385370206
2500,4945,2.0,0,0,3,9,0,2013,0,47.5185,2760,6000,13.262125319779487
860,9403,1.0,0,0,4,6,0,1942,1990,47.6815,2136,13009,12.896716695872
1900,6400,1.0,0,0,5,7,490,1942,0,47.6697,1350,6400,13.467370516475379
2170,7533,2.0,0,0,3,8,0,1991,0,47.5057,2170,8728,13.0400681346775
3020,4120,2.0,0,0,3,9,660,2008,0,47.5714,2280,4120,13.560618308335483
1110,1200,3.0,0,0,3,8,0,2000,0,47.6931,1110,1363,12.676076274775909
2130,8404,2.0,0,0,3,8,0,1991,0,47.4623,2130,8404,12.842649474601725
2100,9288,1.0,0,0,4,7,1050,1968,0,47.4558,1600,8550,12.628067055589549
940,6350,1.0,0,0,4,5,0,1942,0,47.698,1490,6350,12.553202176625375
3150,5979,2.0,0,0,3,9,0,2005,0,47.7082,3150,6595,13.544357787463703
3650,8354,1.0,1,4,3,9,1820,2000,0,47.6338,3120,18841,14.690979295318174
1200,890,2.0,0,0,3,8,170,2008,0,47.6384,1230,2120,13.049685151906344
3720,8448,1.0,0,3,4,9,1760,1947,0,47.6425,2540,7064,14.058456736574664
1830,7986,1.0,0,0,4,7,770,1962,0,47.5208,1410,7260,12.777052192115912
2410,10763,1.0,0,0,5,7,1100,1957,0,47.4429,1310,10746,12.676076274775909
1380,4500,1.0,0,0,5,7,0,1960,0,47.5866,1590,9000,13.38472764187182
1020,2040,2.0,0,0,3,7,300,2004,0,47.5294,1060,1478,12.323855681186558
2370,15375,2.0,0,2,3,9,0,1993,0,47.3803,2450,9800,12.948009990259552
2050,11856,1.0,0,0,3,7,590,1962,0,47.5735,2670,11856,13.392810273834405
930,29258,1.0,0,0,3,6,0,1941,0,47.4837,2000,18321,12.154779351142624
1000,9150,1.0,0,0,3,7,0,1969,0,47.4829,1490,10647,12.487485104968359
3070,9804,1.0,0,0,4,9,1330,1968,0,47.5702,2550,9689,13.484224848030362
2570,11070,2.0,0,0,4,8,0,1966,0,47.4507,2210,9600,13.081437210791684
2540,7200,1.5,0,3,4,8,940,1905,0,47.5972,2040,5900,13.560618308335483
1800,8623,1.0,0,0,4,8,440,1980,0,47.692,2370,8623,13.165422866864775
1320,7840,1.0,0,0,3,8,0,1966,0,47.6024,2050,7644,13.071070083016778
2080,4080,1.0,0,0,5,7,1040,1962,0,47.572,1340,4080,12.793859310432293
3720,7150,2.0,0,2,3,11,0,2007,0,47.5359,4040,7442,13.795307850646754
2170,10500,1.0,0,0,3,7,600,1962,0,47.7512,1850,11127,12.948009990259552
3080,6731,2.0,0,3,3,9,0,2003,0,47.4522,3080,6731,13.217673557208654
3250,34848,1.0,0,0,3,10,990,2006,0,47.6077,2770,21512,13.955272500339433
1890,5000,1.0,0,0,3,7,0,2003,0,47.3357,2960,5421,12.524526376648708
720,4920,1.0,0,0,3,6,0,1941,0,47.5352,670,4920,12.65714826489039
1810,5107,2.0,0,0,3,8,0,1989,0,47.6882,1760,5454,13.347105650082236
1880,14350,1.0,0,0,5,7,240,1955,0,47.7556,1510,9840,13.16254516703716
2840,10182,1.0,0,0,3,8,1330,1951,0,47.524,2210,9669,12.429216196844383
1270,43560,1.0,0,0,4,5,0,1908,0,47.3651,1870,6960,13.217673557208654
950,8450,1.0,0,0,3,7,0,1962,0,47.6884,1610,10080,12.80765263256463
2380,122038,2.0,0,0,4,8,0,1984,0,47.2624,2030,48000,12.706847933442663
1320,7540,1.0,0,0,3,7,0,1968,0,47.3634,1570,7540,12.505992035646432
2340,7200,1.0,0,0,3,7,1040,1975,0,47.7206,1930,7221,13.071070083016778
540,10125,1.0,0,0,3,5,0,1961,0,47.7739,1840,10125,12.751299696013497
4660,7157,2.0,0,0,3,9,1640,2003,0,47.5352,3300,7047,13.541073712262515
2530,1774,3.0,0,2,3,9,430,2013,0,47.6362,2160,2400,13.929089212026485
1570,9096,1.0,0,0,4,7,390,1991,0,47.1937,1570,8418,12.517043907209903
2120,7560,1.0,0,0,3,9,0,1991,0,47.435,2660,7700,12.863592648446968
1400,8364,1.0,0,0,4,7,0,1958,0,47.4918,1210,8160,12.520883385370206
2400,6000,2.0,0,0,3,6,0,1913,1945,47.7607,1780,8732,12.834681304952548
920,3532,1.0,0,0,3,6,0,1910,0,47.5539,1250,4000,12.84792653170257
2360,57514,2.0,0,0,4,8,0,1939,1987,47.2843,2037,35733,13.287877815881902
2480,6180,2.0,0,0,3,9,0,1999,0,47.4044,2870,6180,12.948009990259552
1900,3960,1.5,0,0,3,8,700,1905,0,47.6122,1310,3960,13.270783382522602
1530,4944,1.0,0,0,3,7,0,1950,0,47.6857,1500,4944,13.369223455335854
2370,9750,1.0,0,0,4,7,1090,1979,0,47.4459,1230,9775,12.779873068457553
3890,422096,1.5,0,0,3,9,740,2001,0,47.4125,2180,229996,13.933293593620657
2030,4080,1.5,0,0,4,8,300,1921,0,47.6753,1980,4080,13.500799813124575
2230,5000,1.0,0,0,3,7,580,2006,0,47.4799,2090,4637,13.012548511397123
3120,7898,1.0,1,4,4,8,1560,1963,0,47.7165,2630,13868,14.485900751401603
1560,10125,1.0,0,0,4,7,430,1954,0,47.7488,1680,10125,12.92391243868049
1300,1920,2.0,0,0,3,8,450,2006,0,47.5183,1300,1344,12.506177237980511
1040,4480,1.0,0,0,3,7,170,1924,0,47.6461,1730,4200,13.372343582672098
1550,9176,1.0,0,0,3,7,550,1956,0,47.6005,1730,8539,12.943236711506893
1830,3000,1.5,0,0,3,7,400,1926,0,47.6619,1510,2500,13.122263372403996
2700,9854,1.0,0,0,3,9,0,2012,0,47.7187,1440,4168,13.652991628466498
1950,5689,2.0,0,0,3,7,0,2009,0,47.5158,2190,5653,12.959844447906553
1790,8372,1.0,0,0,4,8,450,1976,0,47.6605,2180,10500,13.603554196040628
3550,136343,2.0,0,0,3,10,0,1977,0,47.6223,3080,215186,13.208541073645382
1830,4744,2.0,0,0,3,7,0,1997,0,47.2734,1670,8001,12.114505452004684
2040,9765,2.0,0,0,3,8,0,1985,0,47.309,2350,10150,12.694345864825653
1260,9600,1.0,0,0,3,7,0,1970,1995,47.4444,1530,9790,12.676076274775909
2470,7698,2.0,0,0,3,8,0,1983,0,47.4406,2330,7986,12.793581494067123
2230,16800,1.5,0,3,4,7,530,1923,0,47.5161,2730,18400,13.337474757021274
1890,4158,2.0,0,0,3,8,0,2014,0,47.343,2720,4549,12.650277581954269
3070,5000,2.0,0,0,3,9,1020,2006,0,47.6742,2070,5000,13.91535589293399
1020,7615,1.0,0,0,3,7,0,1981,0,47.4292,1470,9515,12.353414483428102
1330,2856,1.0,0,0,4,7,400,1916,0,47.5671,1330,2856,12.899094818276968
600,4854,1.0,0,0,5,6,0,1922,0,47.4927,1470,5000,12.066810578196666
1820,9150,1.0,0,0,3,7,500,1961,0,47.737,1780,8055,12.989974189358584
1020,8484,1.0,0,0,3,6,0,1949,0,47.7719,1180,9660,12.634603026569334
2110,3600,2.0,0,0,3,9,0,2005,0,47.665,2540,4384,13.366093562326927
2950,6545,2.0,0,0,3,8,0,2003,0,47.4828,2400,6550,13.085699393032737
2850,6809,2.0,0,0,3,9,0,2003,0,47.7353,2820,7500,13.217673557208654
3370,435600,2.0,0,3,3,9,0,2005,0,47.4398,2790,114868,13.081541382884074
1160,18055,1.0,0,0,2,5,0,1950,0,47.4772,1340,10324,12.111761966058932
2060,44431,2.0,0,0,3,7,0,1988,0,47.744,2160,45657,13.122363377404328
2380,5000,2.0,0,0,5,7,0,1909,0,47.6722,1800,4650,13.465953081794405
980,8000,1.0,0,0,4,6,0,1954,0,47.42,1240,8000,12.225875272826354
2190,13673,1.0,0,0,4,9,0,1994,0,47.3542,2770,13804,12.976180867226248
1380,7600,1.0,0,0,4,7,590,1971,0,47.3489,1570,7904,12.36946619243861
980,895,2.0,0,0,3,8,310,2009,0,47.5874,980,899,12.818551923022664
1610,7680,1.0,0,0,3,6,710,1956,0,47.6038,1940,2880,13.480037821676145
3360,5402,2.0,0,0,3,9,0,2014,0,47.6067,3360,5415,13.598591345201287
980,3663,1.0,0,0,5,7,0,1909,0,47.6645,1620,3706,13.262125319779487
2290,8796,2.0,0,0,3,8,0,1994,0,47.3762,2130,8796,12.765402678355779
2150,4332,2.0,0,0,3,8,0,2013,0,47.7373,2140,4332,12.92391243868049
1710,9627,1.0,0,0,3,9,270,1976,2014,47.559,2140,9131,13.526494262499357
1150,700,2.0,0,0,3,7,350,2000,0,47.5552,1060,1910,12.736700896592344
1180,10541,1.0,0,0,4,7,240,1981,0,47.6348,1230,10879,12.86099861326992
1680,11250,1.0,0,0,4,8,0,1967,0,47.4861,1760,12160,13.017002861746503
3020,13783,2.0,0,0,3,8,0,1952,2002,47.5722,1720,13500,13.710150042306449
620,2475,1.0,0,0,5,6,0,1911,0,47.6655,1290,2475,12.904207367601158
4220,15959,2.0,0,0,3,11,0,2004,0,47.5869,4630,16531,13.968231644981937
2630,6500,1.0,0,0,3,7,1300,1958,0,47.4878,2520,6500,12.542544882151386
3655,51836,1.0,0,0,5,8,1481,1955,0,47.6434,2530,8606,13.514405465180353
1790,231303,1.0,0,0,3,7,540,1980,0,47.7558,2090,93654,12.931444973384856
2060,16000,2.0,0,0,3,6,0,1993,0,47.2849,1530,8000,12.56374708980199
1610,58370,1.0,0,0,3,7,0,1978,0,47.6718,2510,58127,13.287877815881902
700,5829,1.0,0,0,3,6,0,1945,0,47.6958,1160,6700,12.736700896592344
2755,11612,2.0,0,0,3,8,0,2001,0,47.7394,2820,12831,13.208541073645382
2580,3560,1.5,0,0,5,7,870,1917,0,47.6753,1980,3800,13.751238667944135
2350,5589,2.0,0,0,3,7,0,2001,0,47.5098,2014,6365,12.964422189335751
2070,3986,2.0,0,0,3,8,0,1999,0,47.5348,2090,3986,12.956780936614651
2960,41656,2.0,0,0,3,10,0,1985,0,47.7319,3900,35104,13.691080479586097
1900,7479,2.0,0,0,4,7,0,1992,0,47.3495,1520,6559,12.66349749256905
3090,7415,2.0,0,0,3,8,0,2014,0,47.435,2790,7425,13.2002499160614
1870,9135,1.0,0,0,3,7,620,1984,0,47.6269,1550,9100,13.126355398673866
2900,12160,1.0,0,0,4,8,1010,1967,0,47.6154,2590,12160,13.579788224443204
830,4000,1.0,0,0,3,6,0,1955,0,47.6929,950,4000,12.885311045903869
1088,1360,2.0,0,0,3,7,0,1983,0,47.7094,1098,1469,12.429216196844383
1130,9879,2.0,0,0,3,6,0,1996,0,47.635,1900,14907,12.736700896592344
1510,5500,1.5,0,0,3,7,0,1920,0,47.535,1320,6431,12.429216196844383
1240,8050,1.0,0,0,4,7,0,1978,0,47.6108,1370,9856,12.757080058928997
4050,13495,1.0,0,2,4,9,1820,1988,0,47.4384,3210,13495,13.737549016494562
1980,10051,1.0,0,0,3,7,0,1969,2003,47.3231,1520,10125,12.538967060803502
4560,16643,1.0,0,3,3,12,2330,1995,0,47.5521,4060,15177,13.997832114758229
2660,11200,2.0,0,0,4,8,0,1972,0,47.4722,2090,11120,12.959844447906553
1656,108900,1.0,0,0,4,7,0,1985,0,47.3758,2030,29859,13.044401835934616
2880,18296,1.0,0,0,3,8,1300,1958,0,47.4881,1380,9592,12.560244459250788
1550,9126,1.0,0,0,5,7,0,1957,0,47.2012,1450,9282,12.409013489526863
3110,15783,1.0,0,0,3,8,1390,1974,0,47.6301,2550,12220,13.270783382522602
1640,2128,2.0,0,0,4,8,0,1974,0,47.753,1640,2128,12.921470435024938
1930,6120,1.5,0,0,3,6,0,1941,1969,47.5073,1130,6120,12.345834587905333
2730,9519,1.0,0,0,3,8,1060,2014,0,47.7504,1150,9519,13.23560277301084
2050,4000,2.0,0,0,3,8,0,2014,0,47.3525,2050,4000,12.821874311053373
3020,6073,2.0,0,0,4,9,0,1954,0,47.6332,3020,7700,14.151982794585487
1880,6200,1.0,0,2,5,8,440,1954,0,47.5035,2070,6500,13.42984807715229
1180,3200,1.0,0,1,4,6,590,1945,0,47.5275,1350,4000,12.793859310432293
1900,7984,2.0,0,0,3,8,0,1993,0,47.7433,2650,9352,12.983101310070822
960,4920,1.0,0,0,3,6,0,1942,0,47.6946,1010,5040,12.542544882151386
2950,11200,1.0,0,0,4,7,1250,1970,0,47.7476,1790,11200,12.886641043883259
1030,9192,1.0,0,0,4,6,0,1959,0,47.4565,1030,9190,12.323855681186558
2010,7226,2.0,0,0,3,8,0,1995,0,47.2588,2160,7696,12.66349749256905
4360,8030,2.0,0,0,3,10,0,2015,0,47.5923,3570,6185,14.070145024369824
1620,6630,1.0,0,0,3,8,340,1954,0,47.6948,1880,5100,13.337474757021274
740,4459,1.0,0,2,3,5,0,1915,0,47.5704,1490,4700,12.594730635321957
1700,8645,1.0,0,0,3,6,0,1955,0,47.4899,1500,7980,11.911701584927597
2380,6000,1.5,0,0,3,7,1060,1935,0,47.498,1290,6000,12.560244459250788
1540,4140,1.5,0,0,5,7,0,1902,0,47.6728,1460,5000,13.343905647351566
1660,8188,2.0,0,0,4,7,0,1988,0,47.3766,1660,7000,12.445089546000673
2070,23160,1.0,0,0,3,7,810,1946,0,47.6551,1690,5458,13.265597545490236
890,4804,1.0,0,0,4,7,0,1928,0,47.7027,1010,3844,12.301382825334498
1810,11800,1.0,0,0,3,7,570,1977,0,47.4997,1810,5641,12.435993181123408
1760,27332,1.0,1,4,4,7,460,1951,0,47.3799,2590,16630,13.122363377404328
1910,8050,1.0,0,0,4,7,910,1980,0,47.37,1780,7344,12.524526376648708
2330,7280,1.0,0,0,3,7,880,1982,0,47.4282,1830,12178,13.190022025878143
1770,7778,2.0,0,0,3,7,0,1998,0,47.4192,1770,7591,12.765688433465597
1040,7372,1.0,0,0,5,7,200,1939,0,47.5285,1930,5150,12.84792653170257
2870,6593,2.0,0,0,3,9,0,2006,0,47.7075,3150,6593,13.500799813124575
3020,10010,1.0,0,0,3,7,1510,1959,0,47.5249,1760,10878,13.049792684569493
2560,982278,1.0,0,0,3,8,0,2004,0,47.6955,1620,40946,13.579788224443204
4270,85643,2.0,0,0,3,11,0,1991,0,47.7711,3760,51170,13.763164077592064
1470,3000,1.0,0,0,3,7,540,1985,0,47.6832,1470,5588,12.983101310070822
1970,22486,1.0,0,0,4,6,0,1968,0,47.4511,1850,20160,12.57418196709457
3090,6200,2.0,0,0,3,9,0,2014,0,47.5538,2890,10108,13.720045366146207
3000,10560,1.0,0,0,3,8,1500,1966,0,47.6249,2690,11616,13.592367006650065
1060,9711,1.0,0,0,3,7,0,1963,0,47.4095,1650,9711,12.583995250631936
1690,13825,1.0,0,0,3,7,480,1955,0,47.4256,1190,9450,12.458774999085929
1150,17585,1.0,0,0,3,7,0,1964,0,47.6503,1200,7500,12.796633237315017
1840,9929,1.0,0,0,3,7,640,1987,0,47.7408,1710,9929,12.765688433465597
4000,7500,2.0,0,0,3,7,0,1978,0,47.6146,1380,6298,13.513053199930338
3390,10519,2.0,0,2,3,10,0,1990,0,47.332,2830,10519,13.27594246533263
1720,3407,2.0,0,0,3,7,0,1992,0,47.4034,1720,3407,12.409013489526863
2260,2400,2.0,0,0,3,7,0,1909,1972,47.6094,1320,2790,13.1470559899947
600,24501,1.0,0,0,2,3,0,1950,0,47.5316,990,22549,12.542544882151386
3600,9675,1.0,0,2,4,9,1660,1977,0,47.5726,2990,9675,13.815510557964274
2570,28500,1.0,0,0,3,9,600,1983,0,47.7318,3070,32400,13.399995114002609
1910,6731,1.0,0,0,4,7,700,1953,0,47.5693,1780,6350,13.208541073645382
2350,209088,1.0,0,0,3,7,0,1993,0,47.6527,2300,209088,13.197470849891134
3020,8750,1.0,0,0,3,8,1310,1960,0,47.4298,1900,8750,12.736700896592344
1430,11173,1.0,0,0,1,7,0,1955,0,47.5734,1520,11659,12.84792653170257
1880,5500,2.0,0,0,4,7,0,1947,2007,47.657,1230,5500,13.332624302887524
1370,7500,1.0,0,0,3,7,0,1960,0,47.6499,1160,7500,12.634603026569334
3370,19585,2.0,0,0,3,7,170,1951,0,47.7388,1730,9430,13.151922179645874
2700,18246,1.0,0,0,4,7,1190,1967,0,47.4817,1620,16986,12.850554654108839
1760,8025,1.0,0,0,4,7,530,1976,0,47.7287,1590,7543,12.994530005894443
1930,15540,1.0,0,0,3,8,670,1958,0,47.7675,1900,12123,12.793859310432293
900,7500,1.0,0,0,4,7,0,1972,0,47.7314,1960,7500,12.624782980388359
1140,3990,1.0,0,0,3,7,0,1924,0,47.6554,1800,5700,13.45166712454693
2410,4680,2.0,0,0,3,9,0,1974,0,47.6234,1910,4611,13.060487973686241
1960,50112,1.0,0,0,4,7,910,1963,0,47.4353,2340,44967,12.983101310070822
1380,4800,1.0,0,0,3,7,0,1948,0,47.651,1740,5640,13.369223455335854
1600,7916,2.0,0,0,3,7,0,1991,0,47.194,1540,7242,12.542544882151386
1450,3748,2.0,0,0,3,7,0,2004,0,47.532,1970,3748,12.733755386362587
1540,7280,1.0,0,0,3,7,460,1974,0,47.3102,1220,6440,12.538967060803502
3100,9825,2.0,0,2,4,8,0,1950,1982,47.7188,2120,8400,13.458835614025542
1200,15606,1.0,0,0,3,7,0,1985,0,47.4752,1210,15606,12.644166273130065
1880,12821,1.0,0,0,3,7,0,1959,0,47.7681,1540,12868,12.873389066055598
1200,7552,1.0,0,0,3,6,140,1919,0,47.5317,1580,7680,12.425208175446844
1750,4990,1.0,0,0,3,7,800,1916,0,47.6667,1700,5000,13.075271769870477
3780,6800,2.0,0,0,3,8,0,2004,0,47.3526,3640,7326,13.217582643985264
1320,4520,1.0,0,1,3,6,0,1912,1971,47.5655,1420,4560,13.020452460588517
2330,7200,1.0,0,0,4,8,1010,1950,0,47.565,1820,7200,13.38472764187182
3170,7062,2.0,0,0,3,9,0,2014,0,47.5937,3210,6891,13.732074599722239
1250,4960,1.0,0,0,3,7,310,1938,0,47.6893,2030,7440,12.821258284620408
2320,6755,1.0,0,0,5,8,940,1946,0,47.6398,1990,5000,13.465953081794405
4670,51836,2.0,0,0,4,12,0,1988,0,47.635,4230,41075,14.271668780387957
910,5120,1.0,0,0,3,6,0,1973,0,47.5238,1410,5132,11.580584113444043
1651,1779,2.0,0,0,3,8,310,2008,0,47.7076,1650,2908,12.802158113246987
2720,4613,2.0,0,0,3,9,0,2005,0,47.7352,2830,4836,13.294634598344782
1590,3359,2.0,0,0,3,7,0,2000,0,47.7349,1820,3383,12.644327576461329
1530,7650,1.0,0,0,4,8,0,1977,0,47.4435,1850,6804,12.666657052859417
1830,10954,1.0,0,0,3,7,0,1963,0,47.7554,1850,8624,12.756935956327695
1270,7344,1.0,0,0,3,7,300,1967,0,47.305,1290,7300,12.293396473701849
2810,11120,2.0,0,0,3,9,0,1982,0,47.6337,3100,12672,13.422467969854667
4690,207141,2.0,0,0,3,10,660,2007,0,47.7072,2890,200527,13.830399170458024
2330,5000,1.5,0,0,5,7,610,1925,0,47.6804,2090,5000,13.700099706452946
820,10270,1.0,0,0,3,7,0,1954,0,47.5119,1670,10086,11.918390573078392
790,7450,1.0,0,0,4,6,0,1944,0,47.4743,800,7450,12.040608205802641
1820,99752,1.0,0,0,4,7,0,1969,0,47.2838,1850,117612,12.818551923022664
2870,26500,1.5,0,1,3,8,0,1948,1981,47.4485,2420,20500,13.17115354157376
1920,9680,1.0,0,0,4,7,620,1961,0,47.412,1500,9516,12.468436909997665
2620,6389,2.0,0,0,3,9,0,2007,0,47.77,2620,4504,13.190022025878143
1430,8861,1.0,0,0,3,7,0,1956,0,47.4454,1080,9425,12.542544882151386
2330,3000,2.0,0,3,3,8,0,1915,1994,47.5953,1760,4000,13.266463721378086
3160,42733,2.0,0,0,3,9,0,1995,0,47.6367,1890,24000,13.89061803045108
2420,49928,2.0,0,0,3,8,560,1985,0,47.463,2620,37301,12.969212197910155
1730,1037,3.5,0,0,3,8,0,2008,0,47.5594,1280,1026,13.079455876393052
1120,5200,1.0,0,0,5,7,0,1976,0,47.3638,1690,5200,12.184338153384168
1780,1729,2.0,0,0,3,8,700,2008,0,47.6594,1780,1741,13.399995114002609
2030,12000,2.0,0,0,3,7,0,1977,0,47.7699,2190,9900,12.948009990259552
1920,7973,1.0,0,0,3,8,0,1955,0,47.4961,2020,8840,12.388394202324129
1250,5411,1.0,0,0,3,7,0,1980,0,47.5064,1490,6320,12.012536438968622
3050,8972,2.0,0,0,3,9,0,2014,0,47.6819,2750,8979,13.721144931928553
1910,7280,1.0,0,0,3,7,750,1979,0,47.7319,1710,8152,12.996800154428984
2410,8712,1.0,0,0,3,7,1150,1958,0,47.5729,2220,6038,13.009866346177184
3370,5000,1.5,0,0,4,7,1230,1907,0,47.6373,1920,3200,13.543701834668783
2020,215622,2.0,0,0,4,7,0,1975,0,47.4189,1810,215622,13.102160670086809
2820,9956,1.0,0,0,4,7,1410,1967,0,47.4715,2700,9956,12.669806661762314
1810,7601,1.0,0,0,3,7,730,1986,0,47.2857,1570,7601,12.611371073081239
2730,3560,1.5,0,0,3,8,1180,1921,2007,47.6737,1860,3560,13.693342923990066
1400,4800,1.0,0,0,4,6,700,1917,0,47.5499,1470,6000,12.983101310070822
2601,34335,2.0,0,0,3,9,0,1995,0,47.742,2080,32336,13.345506928718539
1180,1722,2.0,0,0,3,8,0,2006,0,47.5626,1490,1469,12.897969044188466
3060,6826,2.0,0,0,3,9,0,2004,0,47.7006,3110,6932,13.560618308335483
1670,4008,1.0,0,0,3,9,0,2005,0,47.5539,2330,3752,13.244581010128577
2250,4200,1.5,0,0,3,7,600,1909,0,47.6136,1200,3360,13.415032991367148
820,59677,1.0,0,0,3,5,0,1999,0,47.5316,1590,14163,13.175998926570239
1370,9750,1.0,0,0,3,7,300,1953,0,47.4718,1540,9789,12.598114733306197
1790,4080,1.5,0,0,5,7,0,1928,0,47.5749,1710,4080,13.464959680733502
2960,6219,2.0,0,0,3,9,0,2006,0,47.3603,2960,5361,12.813117127036707
2880,23994,2.0,0,3,3,9,0,2002,0,47.2124,2470,17009,13.190022025878143
2680,7757,2.0,0,0,3,8,0,1990,0,47.2918,2430,8231,12.676076274775909
1720,8755,1.0,0,0,3,8,720,1983,0,47.3186,1720,8690,12.524526376648708
830,3386,1.0,0,0,3,6,0,1942,1989,47.7027,1300,3844,12.594730635321957
2470,8840,2.0,0,0,4,8,690,2001,0,47.5693,1940,8840,13.36138027787483
1200,11935,1.0,0,0,4,7,0,1968,0,47.3434,1350,11935,12.363076394339839
2330,7642,1.0,0,0,3,8,530,1990,0,47.2946,2320,7933,12.456831363877356
1710,5000,1.0,0,0,4,7,600,1944,0,47.6689,920,5000,13.148031124152906
1870,7500,1.0,0,0,5,8,550,1978,0,47.4428,1870,7275,12.751154757974255
2350,9952,1.0,0,0,3,9,700,1989,0,47.4194,2440,9100,12.892950213076524
4190,9624,2.0,0,0,3,10,0,1999,0,47.5642,3650,8321,13.955272500339433
2660,13367,2.0,0,2,3,10,0,1992,0,47.6501,2660,13367,14.457890621470566
2150,9000,1.0,0,0,4,7,790,1979,0,47.4785,1620,8400,12.668233097314884
3780,10099,1.0,0,1,3,11,1540,2006,0,47.5508,3120,10669,13.976778705560397
1920,12040,1.0,0,0,3,7,0,1962,0,47.4805,1530,10230,12.706847933442663
1280,9690,1.0,0,0,4,6,640,1919,0,47.5341,1630,15884,12.736700896592344
2590,4498,2.0,0,0,3,9,0,2004,0,47.7047,2660,5238,13.458835614025542
2460,9973,1.0,0,0,4,8,900,1965,0,47.7133,1830,7200,13.369223455335854
1880,6565,1.0,0,0,4,8,460,1972,0,47.6396,2060,7280,13.225822085772558
2940,48788,1.0,0,0,5,7,1420,1961,0,47.7422,2470,14900,13.312983737012978
1160,11776,1.0,0,0,3,7,0,1968,0,47.7427,1160,10050,12.628067055589549
2030,12342,2.0,0,0,4,7,0,1942,0,47.6417,2500,9433,13.060487973686241
1500,11975,1.0,0,0,4,7,0,1970,0,47.4658,1510,13875,12.8790171187726
2070,7500,2.0,0,0,4,7,0,1977,0,47.727,2080,7700,13.049792684569493
1670,10200,1.0,0,0,3,7,280,1953,0,47.5524,1720,6860,13.074223002076394
3190,324086,2.0,0,2,3,9,0,1982,0,47.5477,3190,217800,13.547631112808673
1840,17286,1.0,0,0,4,7,400,1978,0,47.371,1840,14541,12.691580461311874
1710,7490,2.0,0,0,3,7,390,1956,0,47.4544,1880,7704,12.776345727939585
1900,5250,1.0,0,0,4,7,400,1943,0,47.6991,1810,5250,13.239612937454568
900,5016,1.0,0,0,3,6,0,1948,0,47.542,1420,5184,12.402872221504781
1680,4647,1.0,0,0,3,8,0,2008,0,47.7088,1680,4950,13.235692062711331
2180,9281,2.0,0,0,3,8,0,2004,0,47.3673,2520,9520,12.802158113246987
2590,14052,1.0,0,0,5,8,870,1948,0,47.7357,1570,8162,13.096019402064726
2740,2811,2.0,0,0,3,8,500,2003,0,47.7738,2740,3596,13.112313041550827
3100,3773,2.0,0,0,3,8,1100,1919,1996,47.6158,2130,3777,13.517778149658993
2475,4276,2.0,0,0,3,7,0,2014,0,47.345,2475,4000,12.675763725937609
890,6000,1.0,0,0,3,6,0,1941,0,47.5437,1090,5900,12.718896271958837
1820,4300,1.5,0,0,4,8,200,1914,1983,47.6711,1440,4300,13.560618308335483
1450,7098,1.0,0,4,3,7,0,1924,0,47.63,2390,6098,13.620103761621664
2200,16921,2.0,0,0,3,8,0,1987,0,47.3727,2060,16921,12.92391243868049
1290,6150,1.0,0,1,5,6,0,1950,0,47.5181,1960,6150,12.644327576461329
3691,11088,2.0,0,1,3,8,0,2013,0,47.6122,3190,11270,13.592367006650065
1340,21336,1.5,0,0,4,5,0,1945,0,47.4023,1340,37703,12.546109948315882
1830,4160,1.0,0,0,3,7,600,1919,0,47.5962,1950,4160,13.373044271711628
2760,21465,1.0,0,0,4,9,640,1979,0,47.3818,2550,13144,13.038873066905303
2410,46609,2.0,0,0,3,9,0,1989,0,47.6789,3370,40072,13.480037821676145
2520,27951,1.5,0,0,3,7,630,1942,1970,47.7733,1830,14373,12.880037006673344
2110,8751,1.0,0,0,3,7,600,1962,0,47.7617,1660,10295,12.983101310070822
1860,3658,2.0,0,0,3,8,0,1994,0,47.5703,1840,3739,13.142166004700508
1730,11986,1.0,0,3,5,6,0,1918,0,47.3595,2490,9264,12.736700896592344
1300,5413,1.5,0,0,3,7,0,1925,1992,47.6988,1590,6380,13.19188944005294
2120,6897,1.0,0,0,4,7,1060,1923,0,47.5566,1900,4462,13.304684934198283
1400,7920,1.0,0,0,3,7,0,1965,0,47.7312,1310,7876,12.721885810807203
1390,8336,1.0,0,0,4,6,480,1946,0,47.4646,1610,7847,12.80765263256463
1600,6380,1.5,0,0,3,7,200,1939,0,47.7015,1760,6380,13.102160670086809
1090,7700,1.0,0,0,4,7,0,1957,0,47.607,1740,7700,12.886514453592564
1580,6860,2.0,0,0,3,7,0,1995,0,47.4447,1580,7050,12.577636201962656
1860,1787,3.0,0,0,3,8,0,2007,0,47.7563,1830,1787,12.84779494409793
4010,87555,2.0,0,0,3,10,0,2004,0,47.4299,2451,209523,13.651814465293484
2990,7500,1.0,0,2,3,9,1190,1972,0,47.7707,2800,9860,13.262125319779487
1660,6000,1.0,0,0,3,7,550,1979,0,47.6113,1440,4080,12.959844447906553
2210,5500,1.0,0,0,4,8,800,1968,0,47.697,2140,6600,13.328248454319036
1730,7200,2.0,0,0,4,7,0,1985,0,47.4029,1770,7396,12.429216196844383
1900,5000,1.0,0,0,4,7,950,1925,0,47.5677,1420,5000,13.151922179645874
3790,90169,2.0,0,0,3,11,0,1998,0,47.6587,3410,46951,14.074021253115776
1770,9858,1.0,0,2,3,8,0,1971,0,47.7382,2470,9858,13.422467969854667
1800,4500,2.0,0,0,3,7,0,1995,0,47.7462,1760,6589,12.853175887588712
1340,4800,1.5,0,0,4,5,0,1903,0,47.477,1240,4800,12.323855681186558
1860,12693,1.0,0,0,3,8,720,1978,0,47.3114,1950,8740,12.491251587763836
1670,4200,2.0,0,0,3,7,0,1912,0,47.5862,1340,2875,13.102160670086809
1320,1462,3.0,0,0,3,7,0,1997,0,47.7223,1430,1650,12.742566016044742
2190,12626,2.0,0,0,4,8,0,1978,0,47.3845,3110,14592,12.736700896592344
1320,1780,2.0,0,0,3,7,440,2005,0,47.528,3040,6000,12.30591798049989
1990,21312,1.0,0,0,4,8,0,1968,0,47.439,2400,19210,12.80765263256463
2390,6426,2.0,0,0,3,9,0,1999,0,47.2586,2520,6700,12.79330360049857
2460,16000,1.0,0,0,3,7,1230,1957,0,47.3305,1990,16000,12.388394202324129
2910,9525,2.0,0,0,4,9,0,1968,0,47.5633,2740,9525,13.676248490630767
4410,14380,2.0,0,0,3,11,0,2006,0,47.6463,2720,11454,14.03062193758122
4030,503989,2.0,0,0,3,10,0,2008,0,47.4807,2110,71874,13.732128949025222
3210,61419,1.5,0,0,3,8,0,1979,0,47.7632,2820,48351,13.453823072201997
1300,1676,1.0,0,2,3,7,0,1943,0,47.6133,1260,1740,13.437174117244362
2310,7555,2.0,0,0,3,9,0,1997,0,47.7544,1980,8416,13.112313041550827
1040,4240,1.0,0,0,4,7,180,1924,0,47.6768,1170,4240,13.347105650082236
900,6000,1.0,0,0,3,7,0,1944,2004,47.6855,1460,4800,13.019222618484815
2220,4228,2.0,0,0,3,8,0,2014,0,47.5014,2220,4157,12.721855959615393
960,6497,1.0,0,0,4,7,0,1970,0,47.3018,1160,7080,11.982929094215963
1240,8840,1.0,0,0,3,6,0,1952,0,47.7277,1250,8840,12.594561129431222
1330,1200,3.0,0,0,3,7,0,2002,0,47.7034,1330,1206,12.611537753638338
3150,4203,2.0,0,0,3,9,0,2002,0,47.688,3150,5169,13.610943392223
1610,1968,2.0,0,0,4,7,0,1979,0,47.5184,1950,1968,12.587927887999204
2240,12032,1.0,0,0,3,9,0,1983,0,47.6143,2520,12368,13.292106151991423
1940,10133,2.0,0,0,3,8,0,1992,0,47.3877,1940,7265,12.649154617209645
3000,42200,1.0,0,3,3,7,1500,1950,0,47.5265,2500,9821,13.279367126213993
1870,5333,2.0,0,0,3,8,0,2012,0,47.7447,2100,3730,12.840000466430148
3060,6895,2.0,0,0,3,8,0,2003,0,47.3809,2590,6895,12.850554654108839
1760,7023,2.0,0,0,3,7,0,1995,0,47.7468,1760,7082,12.574873769266746
3140,5445,2.0,0,3,4,10,900,1913,0,47.6406,2950,5250,14.310206799800381
1920,7803,1.0,0,0,3,7,840,1962,0,47.758,1940,8147,12.793859310432293
3100,8000,1.5,0,0,5,7,1060,1939,0,47.6852,1650,4000,13.816510058297357
800,5000,1.0,0,0,3,6,0,1938,0,47.4914,1220,5000,12.933621252807452
2460,8710,1.0,0,0,4,8,1130,1976,0,47.6651,2460,8870,13.303016877097587
3120,7448,2.0,0,0,3,9,0,1998,0,47.3645,2980,8102,13.005604816794133
1850,11250,1.5,0,0,3,7,640,1981,0,47.6264,1650,7623,13.060487973686241
1200,9087,1.0,0,0,5,7,0,1969,0,47.5234,1250,11826,12.736406735684207
1250,7995,1.0,0,0,4,7,0,1980,0,47.3684,1540,7650,12.245293358683455
3370,4850,2.0,0,0,3,9,0,2007,0,47.5078,2900,5570,13.199324418540456
1180,43124,1.0,0,0,4,6,0,1959,0,47.5278,1410,43560,12.706847933442663
1850,7199,2.0,0,0,4,7,0,1989,0,47.4031,1940,7432,12.629705057593787
1110,6000,1.0,0,0,3,7,100,1951,0,47.5632,1410,3500,13.279367126213993
2370,4324,2.0,0,0,3,8,0,2006,0,47.3515,2370,4348,12.909170156943286
1410,7419,1.0,0,0,3,7,360,1969,0,47.534,1800,8000,12.616525295149378
1000,10200,1.0,0,0,3,6,0,1961,0,47.5687,1150,13702,12.269047444691562
1780,9598,2.0,0,0,4,7,0,1985,0,47.3718,1820,7533,12.409013489526863
3330,15093,2.5,0,0,3,9,0,1988,0,47.5395,4340,20031,13.764217263576723
2420,12000,1.0,0,0,3,9,0,1984,0,47.7267,3100,13020,13.493926933836812
2280,4280,1.0,0,0,5,7,1000,1917,0,47.6685,1650,4280,13.681979165339751
3400,234352,2.0,0,0,3,8,900,1991,0,47.4335,1300,39639,13.071070083016778
3710,7491,2.0,0,0,3,9,0,2003,0,47.5596,3040,7491,13.648806412065396
2860,11250,1.0,0,1,5,8,570,1956,0,47.4534,2030,11250,13.5985975564007
2080,2625,2.0,0,0,3,8,0,2006,0,47.5469,1760,2772,13.217673557208654
2500,10890,1.0,0,0,5,7,700,1978,0,47.7318,2500,7467,13.098070684835283
1810,1846,2.0,0,0,4,8,370,2009,0,47.607,1480,3600,13.345506928718539
1200,2171,1.5,0,0,3,7,0,1933,0,47.7076,1130,1598,12.388394202324129
1660,7958,1.0,0,0,3,7,530,1983,0,47.3187,1550,7647,12.224403602214897
1470,5350,1.0,0,0,3,7,490,1955,0,47.7048,1970,6138,13.049792684569493
2740,43101,2.0,0,0,3,9,0,1993,0,47.7649,2740,33447,13.353475098367715
1580,19998,1.0,0,0,4,7,0,1968,0,47.3299,1860,19998,12.765688433465597
1850,3060,1.0,0,0,3,7,790,1929,1992,47.6821,1850,4080,13.195613839143922
1170,8148,1.0,0,0,3,7,0,1952,0,47.7479,1200,8147,12.487485104968359
1910,7210,1.0,0,0,4,7,480,1980,0,47.3693,1750,7446,12.206072645530174
2830,3750,3.0,0,0,3,10,0,2014,0,47.6799,1780,5000,13.773646353865574
1800,14036,2.0,0,0,3,8,0,1993,0,47.7334,2450,14025,12.959844447906553
1800,43647,1.0,0,0,4,8,0,1976,0,47.7757,2480,25608,13.070859534537213
2220,132858,1.0,0,0,3,7,1110,1988,0,47.4853,2130,77536,12.983101310070822
1550,7820,1.0,0,0,4,7,340,1981,0,47.717,1550,6900,12.994530005894443
1920,5405,1.0,0,2,4,7,960,1947,0,47.5583,1190,5405,13.102160670086809
2810,25990,2.0,0,0,3,8,950,1959,0,47.2993,2020,16140,13.256019762217003
1010,5000,1.5,0,0,4,6,0,1908,0,47.6692,1460,5000,13.218945475250573
1740,4816,1.0,0,0,5,7,870,1942,0,47.5758,1210,5074,13.226633298580126
3560,5265,3.0,0,0,3,8,0,2014,0,47.7047,3220,4892,13.69058885252855
2980,7200,1.5,0,2,3,8,0,1911,0,47.6366,1720,3600,14.087825153284934
2870,5349,2.0,0,0,3,9,0,2005,0,47.5405,2800,5000,13.445460855077064
1640,5707,2.0,0,0,3,7,0,1995,0,47.4016,1850,5827,12.611537753638338
1600,16868,1.0,0,1,3,7,610,1946,0,47.5872,2600,12735,13.415032991367148
1790,7212,1.0,0,0,4,8,0,1998,0,47.3898,2330,7212,12.793720411897448
2550,5376,2.0,0,0,3,9,0,2004,0,47.6647,2250,4050,13.474427708785377
2490,7666,1.0,0,0,4,7,1000,1989,0,47.4022,1930,7415,12.584509081250419
1510,6095,2.0,0,0,4,7,0,1991,0,47.3498,1520,6000,12.468436909997665
3820,53574,1.0,0,0,3,10,0,1994,0,47.7337,3140,54014,14.010254634756786
1570,3000,2.0,0,0,4,7,0,1908,0,47.6677,1610,3000,13.180632285528304
1430,15246,1.0,0,0,4,7,450,1961,0,47.4075,1960,13068,12.367340793126296
1240,12092,1.0,0,0,3,6,280,1922,1984,47.4957,1820,7460,12.390475368527953
4300,12250,2.0,0,0,3,10,0,2004,0,47.5557,3950,12250,13.790192749979985
3160,8281,2.0,0,0,4,9,0,1995,0,47.6699,3000,8281,13.935069793021913
1920,8562,2.0,0,2,4,7,0,1994,0,47.1932,1820,8628,12.640934730489125
2720,10006,2.0,0,0,3,9,0,1989,0,47.6295,2720,10759,13.296232647383299
2400,4596,2.0,0,0,3,8,0,2004,0,47.3358,2230,4763,12.542544882151386
1120,7320,1.0,0,0,4,7,0,1954,0,47.5103,1410,6328,12.780436290100152
2242,4995,2.0,0,0,3,8,0,2011,0,47.2595,1798,4942,12.706544857216672
2280,5750,1.0,0,1,4,7,1130,1985,0,47.5641,1500,5060,13.071070083016778
1390,19988,1.0,0,2,4,7,0,1949,0,47.3985,2580,10490,12.632973034358404
1860,7963,1.0,0,0,3,7,660,1963,0,47.4513,1800,10400,12.571930299043558
1553,6550,1.0,0,0,3,7,0,1900,2001,47.2056,1010,10546,12.388394202324129
980,3000,1.5,0,0,4,7,0,1914,0,47.5892,1525,3000,12.594730635321957
1890,8034,1.0,0,0,4,8,0,1967,0,47.6338,1920,7210,13.163505320735505
1980,10800,1.0,0,0,4,8,660,1953,0,47.5899,2310,10800,13.458835614025542
2620,4400,2.0,0,0,3,9,0,2004,0,47.5524,2640,4554,13.517778149658993
1390,12530,1.0,0,0,3,8,420,1959,0,47.7499,1940,12530,12.973863369085885
4140,32700,1.0,0,4,3,10,1950,1973,0,47.7633,3220,22077,14.151982794585487
1450,6081,1.0,0,0,4,7,0,1969,0,47.7522,1880,6000,12.911642346088676
1210,1032,2.0,0,0,3,8,0,2014,0,47.5522,1210,1090,12.787064052652976
1640,14374,1.0,0,0,4,7,500,1963,0,47.4476,2020,10500,12.799399490807907
840,49658,1.0,0,0,2,6,0,1948,0,47.4727,1240,11000,12.254862809699606
2020,2750,2.0,0,0,3,8,340,2008,0,47.5633,1720,1546,12.971540487669746
2100,3400,1.0,0,0,5,7,1000,1915,0,47.6429,1890,3771,13.527828485512494
1300,5898,1.0,0,0,3,7,0,1961,0,47.5053,1320,7619,12.371587084007746
1900,8540,1.0,0,0,3,6,950,1980,0,47.4868,1370,10204,12.367340793126296
1920,7738,1.0,0,0,3,8,400,1965,0,47.4562,2170,8452,12.429216196844383
1520,9030,1.0,0,0,3,7,0,1956,0,47.587,1470,8712,13.166380262821104
6930,45100,1.0,0,0,4,11,2620,1950,1991,47.5547,2560,37766,14.741751620691597
1730,7807,1.0,0,0,3,7,470,1976,0,47.7211,1800,7650,13.036805489042683
2090,8064,2.0,0,0,5,7,0,1967,0,47.6829,1460,8400,13.473020249017498
970,5500,1.0,0,0,3,7,0,1956,0,47.556,1180,6000,12.254862809699606
1430,365904,1.0,0,0,3,7,420,1991,0,47.513,2300,253519,12.782686009834167
1350,3880,1.0,0,0,3,6,400,1927,0,47.6842,1670,3920,12.765688433465597
1180,13500,1.5,0,0,3,7,0,1950,0,47.7165,1580,8976,13.155798153490567
2230,10080,1.0,0,0,3,7,840,1969,0,47.7089,2110,8475,12.793859310432293
2940,12487,2.0,0,0,3,10,0,1997,0,47.5879,3110,10837,13.58609739363647
2930,19900,1.5,0,0,3,9,0,1983,0,47.7234,3160,20492,13.37700559577791
1200,5525,1.0,0,0,2,7,0,1947,0,47.6981,1580,7200,12.575910575995186
2220,4000,1.5,0,0,3,8,250,1925,0,47.6564,1984,4000,13.573438996764546
2130,7172,2.0,0,0,4,8,0,1964,0,47.6271,1910,7653,13.293708243484652
3180,9603,2.0,0,2,3,9,0,2002,0,47.7717,2440,15261,13.567049198665774
2760,4000,2.0,0,2,3,8,760,1926,2014,47.5687,1690,4000,13.547631112808673
1530,6773,1.0,0,0,4,8,0,1984,0,47.6653,2240,7201,13.296316684527767
1710,1193,2.0,0,0,3,9,570,2014,0,47.6173,1510,1193,13.437174117244362
940,4700,1.0,0,0,4,6,0,1942,0,47.5117,1020,5700,12.495003937382387
1520,7200,1.0,0,0,4,7,360,1990,0,47.3855,1460,7200,12.54236629477704
950,865,3.0,0,0,3,8,0,2006,0,47.6714,1290,1189,12.889169490236618
1320,1329,2.0,0,0,3,8,140,2007,0,47.6728,1490,5000,12.959844447906553
900,6656,1.0,0,0,3,7,0,1940,0,47.5467,1230,6400,12.779873068457553
1770,10080,1.0,0,0,3,8,0,1968,0,47.7218,1860,10456,13.112313041550827
2640,3750,2.0,0,0,5,7,800,1911,0,47.6783,1690,5000,13.527828485512494
1610,3517,2.0,0,0,3,8,0,2005,0,47.4496,1830,2889,12.428816116823043
2590,10890,1.0,0,0,4,7,1250,1970,0,47.4126,2474,10454,12.429216196844383
1550,12262,1.0,0,0,4,7,0,1964,0,47.5755,2900,12372,13.493926933836812
2310,78844,1.0,0,0,3,8,550,1977,0,47.5406,2830,6230,13.175904144332359
1010,7200,1.0,0,0,3,7,0,1975,0,47.7651,1890,9248,12.560244459250788
2830,5932,2.0,0,0,3,9,0,2014,0,47.6479,2840,5593,13.850192138671527
2610,3642,2.0,0,0,3,8,530,2005,0,47.535,1750,3118,12.994530005894443
2000,9000,1.0,0,0,4,8,0,1978,0,47.3125,2190,8374,12.672911898413817
3760,4702,2.0,0,0,3,9,980,2014,0,47.7202,2950,5981,13.592304504696857
1020,2217,2.0,0,0,3,7,300,2004,0,47.5343,1060,1524,12.542544882151386
2650,6000,2.0,0,0,3,9,0,2000,0,47.3768,2630,6381,12.967812617555731
3790,8200,1.0,0,1,3,8,1670,2001,0,47.4891,1740,8676,13.064204463230796
1810,5192,2.0,0,0,3,8,0,1993,0,47.3724,1810,6200,12.744026936684417
1250,10200,1.0,0,0,3,6,0,1965,0,47.4902,1800,8283,12.323855681186558
4140,7089,2.0,0,0,3,10,980,2003,0,47.7059,2640,8896,13.652991628466498
960,9624,1.0,0,0,3,7,0,1953,0,47.7758,1540,9624,12.363076394339839
1640,3804,2.0,0,0,3,8,0,1998,0,47.6103,1440,3230,13.308012724290958
1510,6460,1.0,0,0,3,7,440,1970,0,47.7121,1450,6630,12.983101310070822
1720,7885,2.0,0,0,3,8,0,1983,0,47.3136,2340,7885,12.578518571181103
1200,5478,1.0,0,0,5,6,0,1955,0,47.4959,1270,6855,12.429216196844383
1260,4800,1.0,0,0,3,6,160,1947,0,47.5196,1260,2435,12.542544882151386
1860,7500,1.0,0,0,3,7,930,1909,1950,47.5662,1000,5000,12.971540487669746
1700,8400,1.0,0,0,3,7,0,1953,0,47.7677,1750,8475,13.126355398673866
2030,1160,3.0,0,0,3,9,60,2007,0,47.6213,1950,1160,13.721199878493033
2100,8400,1.0,0,0,4,7,860,1976,0,47.735,1980,8610,13.056223574899784
2420,4981,2.0,0,0,3,9,0,2009,0,47.3785,2420,5000,12.84792653170257
2690,8036,2.0,0,0,4,9,0,1987,0,47.6596,2420,8087,13.579788224443204
2920,32219,2.0,0,0,5,10,0,1995,0,47.7439,3420,37206,13.58609739363647
1830,12540,1.0,0,0,4,8,700,1958,0,47.3348,2020,12540,12.553908640801701
830,5100,1.0,0,0,3,6,0,1941,0,47.6932,1050,5100,12.691580461311874
2210,5742,1.0,0,0,3,8,750,1951,0,47.6891,1900,4590,13.287877815881902
2040,6000,1.0,0,0,3,7,700,1957,0,47.5218,1190,6000,12.721885810807203
3320,8808,2.0,0,0,3,9,0,2005,0,47.592,3160,9226,13.574712071411344
2090,7241,1.0,0,0,4,7,950,2001,0,47.726,1510,7402,13.059423577630454
1080,5025,1.0,0,0,3,5,0,1948,0,47.4936,1370,6000,12.230765258120545
1670,13775,1.0,0,0,3,8,0,1968,0,47.4873,2130,14500,12.834681304952548
2730,36183,2.0,0,0,3,9,0,1986,0,47.7036,2710,5964,13.541073712262515
4130,226076,2.0,0,0,3,9,960,1985,0,47.715,4130,55321,13.710150042306449
1390,8245,1.0,0,0,2,7,0,1984,0,47.2669,1260,8245,12.230277334226992
3500,6226,2.0,0,0,3,9,0,2004,0,47.6846,3480,7222,13.560618308335483
2120,56192,1.0,0,1,3,9,400,1959,0,47.7665,2240,20500,13.70178179263593
1890,8362,1.0,0,0,3,7,0,1966,0,47.4377,1600,9257,12.65075846679162
1600,4489,1.0,0,2,3,6,800,1944,0,47.5686,1640,6013,12.80628183043085
2270,7866,1.0,0,0,4,10,0,1988,0,47.5622,2580,8132,13.481435445942783
3120,5137,2.0,0,0,3,7,0,2003,0,47.6842,2755,5137,13.389332408258568
2450,20348,1.0,0,0,3,8,1040,1978,0,47.5887,2450,50094,13.017002861746503
750,16321,1.0,0,1,3,4,0,1936,0,47.6985,3020,10625,12.983101310070822
1700,4400,1.5,0,0,4,8,0,1906,0,47.612,1610,4180,13.592367006650065
870,8487,1.0,0,0,4,6,0,1944,0,47.4955,1350,6850,12.01974306733868
2060,7251,1.0,0,0,3,7,710,1987,0,47.3569,1520,7582,12.577636201962656
2140,3584,1.0,0,0,3,7,1070,1952,0,47.636,1620,4000,13.42984807715229
2430,7049,2.0,0,0,3,8,0,2007,0,47.5399,1770,7049,13.001325049027272
1470,3999,2.0,0,0,3,7,0,2003,0,47.5328,1960,4444,12.850554654108839
2720,11454,2.0,0,0,3,9,890,1988,0,47.6466,2920,11310,13.514405465180353
2680,11214,1.0,0,0,3,9,0,2006,0,47.7078,2305,6908,13.742939865129438
1120,10701,1.0,0,0,3,7,0,1954,0,47.5544,1130,6350,12.560244459250788
1970,9600,1.0,0,0,4,7,670,1967,0,47.2824,1710,7703,12.593713168725786
4340,4947,2.0,0,3,3,11,1280,1993,0,47.6709,1680,5250,14.721750953984929
2320,10960,1.0,0,0,3,7,810,1956,0,47.6157,2160,10960,13.396200043034057
1810,8158,1.0,0,0,3,8,360,1984,0,47.6258,1740,9532,13.13626628257332
2150,14092,2.0,0,0,3,8,0,1991,0,47.4621,2400,10699,12.793859310432293
1750,9298,1.0,0,0,4,7,340,1969,0,47.4579,1720,7875,12.487485104968359
1400,9546,1.0,0,0,4,7,0,1984,0,47.3179,1660,8550,12.289954129510877
1800,3074,2.0,0,0,3,7,0,2003,0,47.7631,1610,2929,13.010313873595706
1350,6000,1.0,0,2,3,7,450,1950,0,47.5275,1730,6012,13.17115354157376
980,5393,1.0,0,0,3,6,0,1969,0,47.3674,980,5200,11.759785542901755
2570,8640,1.0,0,0,4,8,0,1958,0,47.5956,2520,8800,13.544292211543159
1770,9011,1.0,0,0,5,7,720,1983,0,47.3646,1410,8530,12.487296407920908
2260,9696,1.0,0,0,3,9,0,1983,0,47.643,2400,12111,13.319080814482016
2890,6825,1.0,0,0,3,8,1330,1973,0,47.734,1900,10120,13.279367126213993
2660,6978,2.0,0,0,3,8,680,1996,0,47.2631,2220,7294,12.713191407364837
1510,3961,1.0,0,0,3,8,0,2010,0,47.709,1510,3962,13.091904169919621
3370,7947,2.0,0,0,3,10,0,2001,0,47.6906,2040,7900,13.878485357125662
3230,438213,2.0,0,0,3,9,0,1999,0,47.4141,1600,144619,13.764217263576723
2440,14470,1.0,0,0,4,9,780,1970,0,47.6401,2810,15564,13.457406021215947
1320,4440,1.5,0,0,3,7,0,1929,0,47.6145,1260,4440,12.86747112777554
2300,10843,2.0,0,0,5,8,0,1955,0,47.6988,1780,10843,13.321214236149494
2510,6000,1.5,0,0,5,8,500,1920,0,47.5798,2240,5000,13.664687668229691
1010,1107,2.0,0,0,3,8,300,2006,0,47.6363,1140,1531,13.036805489042683
5610,11063,3.0,0,0,3,11,860,2006,0,47.65,4560,11063,14.274832338863149
1980,7958,1.5,0,0,3,7,0,1962,0,47.4571,1510,8438,12.2783933071098
2670,9040,1.0,0,0,3,8,500,1955,0,47.4666,1880,2648,12.736553826954605
2060,4730,2.0,0,0,4,8,0,1994,0,47.6874,1980,5010,13.345426925518368
1690,4476,2.0,0,0,3,7,0,2008,0,47.3663,2250,4488,12.619836556453032
2050,6384,1.0,0,0,3,7,700,1958,0,47.5325,1590,7214,12.999065161059836
2170,2440,1.5,0,0,4,8,720,1911,0,47.6724,2070,4000,13.528494930055654
2670,11877,2.0,0,0,3,9,0,1996,0,47.6327,2430,11333,13.414958361716755
1640,8100,1.0,0,0,3,6,600,1939,0,47.482,1600,8100,12.154779351142624
1820,6916,2.0,0,0,3,7,0,1994,0,47.3862,1680,6995,12.671063732952366
3180,5405,2.0,0,0,3,7,0,2001,0,47.4905,2610,5403,13.142166004700508
1900,8600,1.0,0,0,4,8,0,1975,0,47.3102,2120,8000,12.506177237980511
2920,33976,1.0,0,3,5,8,1460,1964,0,47.6164,2970,15210,13.865252649859087
3990,5267,2.0,0,0,3,10,0,2008,0,47.5641,3230,6481,13.892471599100402
2100,15480,1.0,0,0,3,7,0,1983,0,47.2924,1330,15657,12.608198852372823
1960,8937,1.0,0,0,5,7,980,1954,0,47.451,1480,10016,12.691580461311874
1430,4163,1.5,0,0,3,7,0,1910,0,47.6606,1500,4000,13.262125319779487
1840,9040,1.0,0,0,3,8,470,1979,0,47.3144,1870,8992,12.560244459250788
2000,35438,2.0,0,0,3,7,0,1968,2005,47.4733,2000,51836,12.971540487669746
1070,5150,1.0,0,0,4,6,0,1940,0,47.5335,1020,4800,12.425208175446844
2500,6000,2.0,0,0,3,8,0,2012,0,47.4408,2130,6000,12.977337605354071
800,2296,1.0,0,0,4,6,0,1908,0,47.6546,1480,1472,12.821258284620408
1068,1758,2.0,0,0,3,7,0,1990,0,47.7527,1078,1315,12.400816722322686
2400,6474,1.0,0,2,3,8,840,1964,0,47.7728,2340,10856,13.399995114002609
1630,3200,1.5,0,0,4,8,0,1912,0,47.6351,1710,3600,13.737549016494562
1980,9907,2.0,0,0,3,8,0,1991,0,47.1903,2050,9907,12.675920012567607
1990,18200,1.0,0,0,3,7,0,1960,0,47.4938,1860,8658,12.089538829274222
2270,7245,1.0,0,0,3,7,860,1979,0,47.7722,1740,7571,12.983101310070822
1860,9364,1.0,0,0,3,7,780,1953,0,47.731,1800,9364,13.076319438902923
1250,150117,1.0,0,0,3,7,0,1975,0,47.5956,3060,50055,13.071070083016778
3920,5823,2.0,0,0,3,9,920,2000,0,47.5492,3000,5297,13.626164386233356
1910,10200,1.0,0,0,4,7,0,1963,0,47.4804,1820,15600,12.721885810807203
1210,8864,1.0,0,0,3,7,0,1985,0,47.3639,1510,8062,12.406970587897064
1840,9900,1.0,0,0,3,9,0,1978,0,47.6131,2730,9900,13.221303325259232
2340,217014,1.0,0,0,4,8,0,1982,0,47.2953,2340,107898,12.911518881677136
1120,9075,1.0,0,0,3,7,0,1977,0,47.7551,1120,9705,12.721885810807203
1810,39639,1.0,0,0,3,7,580,1970,0,47.3472,1810,44866,12.367340793126296
3410,10125,2.0,0,0,3,10,0,2007,0,47.5653,2290,10125,14.269765830241871
2580,40392,1.0,0,0,3,9,1190,1986,0,47.7637,2460,46173,13.253391639810733
3500,8750,1.0,0,4,5,9,1360,1951,0,47.7222,3110,8750,13.8878312195439
3250,5500,2.0,0,0,3,9,0,2007,0,47.5398,3920,6000,13.592367006650065
2640,16090,1.0,0,2,4,8,680,1976,0,47.5374,3690,15000,13.693342923990066
960,7314,1.0,0,0,5,6,0,1960,0,47.2891,990,7314,12.230765258120545
1530,8800,1.0,0,0,4,7,490,1967,0,47.4483,1530,8690,12.54236629477704
2330,1987,2.0,0,4,3,9,920,2004,0,47.6735,2640,5250,13.503535792943449
1820,5500,1.0,0,0,4,8,200,1957,0,47.6737,2330,6050,13.399237251139507
1560,7800,2.0,0,0,3,7,0,1997,0,47.514,1160,7800,12.476099782743233
3210,8400,1.5,0,0,5,7,1170,1914,0,47.5322,2540,6458,13.53639171617298
750,4000,1.0,0,0,2,6,0,1933,0,47.54,1160,4000,12.959844447906553
1830,9548,2.0,0,0,3,7,0,1991,0,47.7379,1740,9750,12.936033799212835
3400,16603,2.0,0,0,3,10,0,2000,0,47.6012,3400,12601,13.710150042306449
2890,2370,2.5,0,0,3,7,600,1906,0,47.6227,2180,2460,13.591366506316481
1540,17859,1.0,0,0,3,6,0,1964,0,47.5326,1390,9688,13.16062208952142
2400,7351,2.0,0,0,3,9,0,1990,0,47.5707,2330,7756,13.38472764187182
2390,8660,1.5,0,0,4,7,0,1925,0,47.7589,2250,12942,13.15434642325738
1540,1614,3.0,0,0,3,8,70,2008,0,47.6961,1540,1418,12.932291867150314
580,7500,1.0,0,0,3,5,0,1943,0,47.4852,1700,11250,11.407564949312402
1870,6000,1.5,0,0,3,7,0,1956,0,47.7155,1520,7169,13.01477816672439
1580,8659,1.0,0,0,4,7,360,1961,0,47.7599,1970,9650,13.071070083016778
1760,5390,1.0,0,0,3,8,0,2014,0,47.3482,2310,5117,12.854470860267865
1700,9100,1.0,0,0,3,8,540,1998,0,47.5369,1590,8374,13.071070083016778
3001,5710,2.0,0,0,3,8,0,2006,0,47.3727,2340,5980,12.829333698625952
1880,16239,1.0,0,0,3,7,1000,1922,0,47.7004,1260,7528,13.021437458814368
1950,4200,1.0,0,0,5,7,910,1951,0,47.6755,1450,5000,13.306350213517344
1200,8316,1.0,0,0,4,6,0,1953,0,47.3221,1200,8316,12.273731294003989
1250,7280,1.0,0,0,3,7,0,1965,0,47.3414,1450,7350,12.30591798049989
930,7742,1.0,0,0,3,6,0,1933,0,47.507,2240,8723,11.982929094215963
1590,2500,1.5,0,0,4,7,400,1908,0,47.6668,1420,3800,13.228523573232719
1260,3000,2.0,0,0,3,7,0,2003,0,47.5454,1630,3042,12.959844447906553
2890,15067,2.0,0,0,3,9,0,2003,0,47.5666,3090,15398,13.151922179645874
3050,7500,1.0,0,0,4,8,1250,1966,0,47.7249,2060,7848,13.157440904017024
2110,10454,1.0,0,0,4,8,670,1978,0,47.7344,1990,10890,13.087771932634709
1620,7330,1.0,0,0,4,7,530,1974,0,47.7148,1380,7191,13.036805489042683
1660,3800,1.5,0,0,3,7,0,1926,0,47.6883,1660,3767,13.335860551666734
1990,4000,1.0,0,0,5,7,900,1952,0,47.6889,1270,5700,13.345506928718539
3362,8601,2.0,0,0,3,8,0,2004,0,47.2592,2770,8601,12.92513120787462
2030,6970,2.0,0,0,4,8,0,1991,0,47.5718,2000,6140,13.17115354157376
2500,4046,1.5,0,0,4,7,980,1940,0,47.6882,1410,4046,13.414286444113364
1610,10454,1.0,0,0,3,7,0,1977,0,47.4517,1720,9583,12.542544882151386
2300,6087,2.0,0,0,3,7,0,2001,0,47.5125,1770,5907,12.973863369085885
1610,12555,1.0,0,0,3,7,530,1977,0,47.6618,1780,10374,13.146079904021645
2940,38009,1.0,0,0,3,8,1240,1977,0,47.7653,2620,38300,13.176851562688398
750,6380,1.0,0,0,3,7,0,1949,0,47.7033,1690,6495,12.672946381766982
2870,6360,1.5,0,1,4,8,1080,1946,0,47.6813,2310,6466,13.604789526648622
4450,9600,2.0,0,0,3,9,800,2014,0,47.7336,4000,9750,13.648215535186942
1740,2350,2.0,0,0,3,8,620,1996,0,47.6206,1750,3802,13.17115354157376
901,1245,3.0,0,0,3,7,0,2001,0,47.6774,1138,1137,12.983101310070822
2320,3974,2.0,0,0,3,7,0,1999,0,47.532,2620,4539,13.092934566713517
2880,7200,1.0,0,0,3,8,1170,1970,0,47.7707,1880,10200,13.122263372403996
3110,4408,2.5,0,3,4,10,600,1931,0,47.6583,3250,5669,14.162640089059476
1200,7131,1.0,0,0,3,8,0,2006,0,47.7199,1670,4601,12.871334622600584
2350,63162,2.0,0,0,4,8,0,1994,0,47.7545,2370,63162,13.384650715836164
1230,13056,1.0,0,0,4,7,0,1962,0,47.3171,1690,15750,12.072541252905651
1140,9639,1.0,0,0,4,7,0,1967,0,47.3112,1140,9639,12.345834587905333
1220,8119,1.0,0,0,4,7,0,1955,0,47.6328,1910,8119,13.681979165339751
3090,16583,2.0,0,0,4,9,0,1964,0,47.6458,3740,17853,14.303476887584182
1010,4120,2.0,0,0,3,6,0,1907,1953,47.488,1200,4120,12.301155526776865
2170,8518,1.0,0,3,3,7,820,1955,0,47.5073,1880,7680,12.936033799212835
2810,7549,2.0,0,0,3,9,0,1992,0,47.7441,2750,7642,13.217673557208654
3560,12047,2.0,0,0,3,10,0,1988,0,47.3019,3420,11250,13.093963902882631
1260,5100,1.5,0,0,4,7,140,1925,0,47.6805,1260,5100,13.176851562688398
1910,10300,1.0,0,0,3,8,0,1921,1968,47.7581,1910,7750,13.035497444382667
1320,2625,2.0,0,0,3,7,0,1986,0,47.7316,1230,5250,12.502466658583977
1880,5290,1.0,0,0,3,8,630,1974,0,47.5401,2030,5092,12.779873068457553
1960,7705,1.0,0,0,4,7,980,1950,0,47.53,1380,4349,12.779873068457553
770,5185,1.0,0,0,3,7,0,1947,0,47.5459,1260,6550,12.843997771589896
1600,6861,1.0,0,0,3,7,0,1994,0,47.2701,1870,7455,12.542544882151386
1830,5375,1.0,0,0,2,7,770,1962,0,47.4169,1040,7500,12.468436909997665
820,4200,1.0,0,0,3,7,0,1980,0,47.6249,1290,4000,13.081541382884074
2220,9360,1.0,0,0,4,7,1110,1968,0,47.4341,1780,7704,12.608198852372823
3220,4400,2.0,0,2,3,9,1040,1937,0,47.6325,3000,5000,13.667590427887651
1700,10642,1.0,0,0,4,7,850,1954,0,47.5674,1610,11200,12.987688474077727
1010,14948,1.0,0,0,5,6,0,1969,0,47.4772,1510,9600,12.487485104968359
2280,3000,1.5,0,0,3,7,1070,1911,0,47.6675,1610,3000,13.458835614025542
1510,9153,1.0,0,0,4,7,0,1974,0,47.3412,1780,9286,12.367128004530962
1120,9912,1.0,0,0,4,6,0,1980,0,47.3735,1540,9750,12.45488394359296
2170,5000,2.0,0,0,3,9,0,2003,0,47.5458,2170,5000,13.336667980051335
2010,4400,1.5,0,0,3,7,0,1986,0,47.4735,1720,4187,12.765688433465597
1930,4500,1.0,0,0,3,8,0,2003,0,47.7104,1670,5200,13.203021280421783
2360,15100,1.0,0,0,3,8,0,2014,0,47.5117,1440,13346,13.190022025878143
1070,877,3.0,0,0,3,8,0,2005,0,47.6699,1320,1193,12.853175887588712
3860,5474,2.5,0,0,3,10,0,2007,0,47.5396,3040,5474,13.865252649859087
1690,7700,1.0,0,0,4,7,0,1969,0,47.3444,1590,7700,12.2783933071098
2280,139392,1.0,0,0,3,8,0,1977,0,47.291,2280,117176,12.931202871943169
2500,9248,1.0,0,0,3,8,1200,1966,0,47.5415,2090,8568,13.06155123800757
2160,8119,1.0,0,0,3,8,1080,1966,0,47.5443,1850,9000,12.994530005894443
1980,11214,1.0,0,0,3,7,0,1959,0,47.4696,1510,9072,12.367340793126296
3520,237402,2.5,0,0,3,9,0,2004,0,47.2687,2310,165963,13.715690222682063
2440,3600,1.5,0,0,5,8,960,1929,0,47.6853,1770,4000,13.567049198665774
1490,5700,1.5,0,0,3,7,0,1916,0,47.6549,2290,5700,13.26819382561587
1560,5223,1.0,0,0,4,7,750,1940,0,47.7175,1440,8491,12.899094818276968
1670,1596,3.0,0,0,3,8,0,2014,0,47.5402,1640,1310,13.199231821660906
2210,10794,1.0,0,0,3,7,670,1967,0,47.4911,2230,10753,12.409013489526863
1960,6177,1.0,0,0,4,8,0,1967,0,47.3131,2010,8162,12.524526376648708
5010,19412,2.0,0,1,3,11,1010,2014,0,47.5455,3820,17064,14.670759581053316
1180,13650,1.0,0,0,4,7,0,1967,0,47.4551,1460,11730,12.449018824140563
1400,7955,1.0,0,0,3,7,0,1964,0,47.4848,1160,14959,12.175613438045465
1790,50529,1.0,0,0,5,7,700,1965,0,47.3511,1940,50529,12.762827201184564
940,4200,1.0,0,0,3,7,0,1955,0,47.6878,1380,4080,12.739637756265655
1820,78408,1.0,0,0,3,6,600,1950,0,47.3364,1340,78408,12.644111424069825
1960,7200,1.0,0,0,4,8,980,1940,0,47.5655,1440,7200,13.36138027787483
1260,17000,1.0,0,0,3,7,0,1994,0,47.5114,1540,7213,12.721885810807203
3160,4200,2.0,0,4,3,8,980,1999,0,47.5963,2180,5200,13.944343429807242
1200,9000,1.0,0,0,3,6,0,1958,0,47.3277,1040,9600,12.100434313507177
1580,7350,1.0,0,0,4,7,620,1963,0,47.6734,1560,7350,13.021437458814368
2380,4913,2.0,0,0,3,8,0,2006,0,47.3607,2580,5311,12.860868734706196
1990,6000,1.0,0,0,3,6,560,1944,0,47.6521,1350,6000,13.270783382522602
1790,7500,1.0,0,0,3,7,400,1973,0,47.7321,1940,7192,13.028052697933088
2280,12498,2.0,0,0,4,9,0,1987,0,47.5688,2330,8844,13.235692062711331
1970,7200,2.0,0,0,3,8,0,1979,0,47.3132,1790,7500,12.560244459250788
2810,11897,2.0,0,0,3,8,0,2003,0,47.3251,1770,4240,12.863592648446968
1440,7210,1.0,0,0,3,8,0,1983,0,47.3128,1700,7245,12.254862809699606
1490,7599,1.0,0,0,3,7,0,1990,0,47.3687,1560,7710,12.449018824140563
3130,21810,2.0,0,0,4,10,0,1993,0,47.7083,3330,21810,13.641157170819497
1800,9018,2.0,0,0,3,7,0,1992,0,47.2126,1670,9380,12.513557345278134
1770,3873,2.0,0,0,3,7,0,2005,0,47.4648,2280,4330,12.665078520566368
1320,3060,1.5,0,0,4,6,0,1910,0,47.5643,1410,3264,12.910407015480683
2230,11200,1.0,0,0,4,7,930,1977,0,47.7691,2090,10563,13.081541382884074
2220,6233,2.0,0,0,3,7,0,2001,0,47.4887,2220,5352,12.582366376338058
1310,4000,1.0,0,0,3,6,0,1913,0,47.6854,1550,4000,13.142166004700508
970,3400,1.0,0,0,3,7,0,1924,0,47.6444,1180,3600,13.210374254727043
2550,5395,2.0,0,0,3,8,0,2001,0,47.5355,2850,6109,13.237476184504834
1140,7620,1.0,0,0,4,6,0,1925,0,47.5277,1300,7620,12.847663339175718
3480,7800,1.0,0,0,4,7,1730,1941,1998,47.7047,3010,9918,13.764217263576723
1020,7538,1.0,0,0,3,7,0,1981,0,47.3587,1650,7201,12.392552212472792
920,1598,2.0,0,0,3,7,0,1995,0,47.7081,1110,1598,12.449018824140563
3770,10900,2.0,0,2,5,9,700,1924,0,47.5849,3000,5000,14.343193298796688
3120,12406,2.0,0,2,3,9,1180,1983,0,47.5507,3240,13141,13.652991628466498
1380,5000,1.0,0,0,3,7,510,1943,0,47.5339,1450,5000,12.498742259492994
2430,11870,1.0,0,0,5,8,840,1968,0,47.7761,2430,9600,13.312983737012978
1159,4800,1.0,0,0,3,7,0,1948,0,47.6592,1640,4800,13.275084464421992
8020,21738,2.0,0,0,3,11,0,2001,0,47.5675,4160,18969,15.009433026436708
1840,9781,2.0,0,0,3,7,0,1989,0,47.7347,1490,10101,12.718896271958837
950,5316,1.0,0,2,3,7,0,1948,0,47.57,1620,6085,12.676076274775909
1520,7500,1.0,0,0,3,7,340,1967,0,47.7276,2080,8000,13.038981768465277
1600,1298,3.0,0,0,3,8,0,1999,0,47.6954,1600,1348,12.765688433465597
3510,5760,2.5,0,0,4,10,0,1906,0,47.6263,3450,5760,14.375126345899696
1310,10200,1.0,0,0,4,6,0,1947,0,47.5231,1500,7200,12.632973034358404
1020,8437,1.0,0,0,5,6,0,1987,0,47.2093,1420,8500,12.323855681186558
6370,205603,2.0,0,0,3,12,0,2008,0,47.5016,1490,33580,14.403297222866392
1680,28046,1.0,0,3,3,8,500,1948,0,47.7648,2190,26308,13.337474757021274
1870,7471,2.0,0,0,3,8,0,1990,0,47.4314,2020,8912,12.834681304952548
3150,67518,1.0,0,0,4,9,900,1965,0,47.3382,2210,32391,12.821258284620408
2760,8558,2.0,0,0,3,7,0,2001,0,47.4802,2760,7703,13.005829561148378
2520,11017,1.0,0,0,4,7,1200,1956,0,47.7604,1660,8775,12.959844447906553
1360,5445,1.0,0,0,4,7,0,1957,0,47.6071,1570,7840,13.017002861746503
1700,6200,2.0,0,0,3,8,0,1997,0,47.2621,1720,6205,12.476099782743233
3140,3680,2.0,0,0,3,10,830,2009,0,47.5319,2620,2664,13.541073712262515
1480,8667,1.0,0,0,5,7,740,1954,0,47.5718,1600,10644,13.124361380067002
1264,1536,2.0,0,0,3,8,0,2003,0,47.6694,1264,2067,13.180632285528304
720,8914,1.0,0,0,3,6,0,1949,0,47.4488,1100,8916,12.095141084822892
2760,6000,2.0,0,0,3,8,0,2006,0,47.5289,1360,6000,12.611537753638338
900,6380,1.0,0,0,3,6,0,1947,0,47.7019,1830,6380,12.765688433465597
3910,8095,2.0,0,0,3,9,780,2007,0,47.5588,3770,7021,13.569610019527449
1560,8232,1.0,0,0,3,7,0,1952,0,47.623,1930,8286,13.726679344257658
1420,1217,2.0,0,0,3,8,240,2003,0,47.6827,1494,1264,13.270697171910022
1460,426450,1.0,0,0,5,7,500,1966,0,47.2079,1810,17350,12.875183248261878
1550,7764,1.0,1,4,4,8,0,1965,1986,47.358,1690,11620,13.304684934198283
1510,3413,2.0,0,0,3,7,0,1985,0,47.3912,1570,3777,12.345834587905333
2230,5743,2.0,0,0,3,7,0,2002,0,47.7245,2490,6300,12.936033799212835
1300,5120,1.5,0,0,4,6,0,1925,0,47.5589,1090,5124,13.151922179645874
2510,3763,2.0,0,0,3,8,520,2013,0,47.7002,2560,3820,13.42984807715229
1800,2731,2.0,0,0,3,8,0,2014,0,47.5342,1800,3265,12.920183543765788
1810,12000,2.0,0,0,3,7,0,1992,0,47.3476,1720,9916,12.456831363877356
1720,37363,1.0,0,0,4,8,370,1974,0,47.6608,2740,40635,13.163505320735505
3420,4751,2.0,0,0,3,10,0,2003,0,47.4734,3490,5700,13.217491722495906
1370,9720,2.0,0,0,3,7,0,1968,0,47.7302,1510,8775,12.834681304952548
3350,35298,2.0,0,0,4,9,0,1985,0,47.6506,2620,35604,13.487700694421713
2040,13125,1.0,0,0,3,6,1230,1910,0,47.478,1460,10582,12.409013489526863
3910,7080,1.0,0,0,5,9,1940,1949,0,47.6324,3480,7370,14.204168547756057
2840,4750,2.0,0,0,3,9,0,2002,0,47.4511,2460,4750,13.17115354157376
1220,8817,1.0,0,0,3,7,0,1978,0,47.3111,2000,8028,12.35017298950393
1520,1221,3.0,0,0,3,8,0,2013,0,47.674,1550,4750,13.244581010128577
2963,5797,2.0,0,0,3,9,0,2006,0,47.3831,2665,6119,12.691580461311874
1850,9976,2.0,0,0,3,8,0,1991,0,47.5059,2270,8542,12.971540487669746
2790,8092,2.0,0,0,3,8,0,2013,0,47.4834,2790,6154,13.13361385280218
2560,10400,1.0,0,0,4,7,1280,1965,0,47.5225,1740,11050,12.994530005894443
2030,8398,2.0,0,0,4,9,0,1975,0,47.6272,2450,8104,13.458835614025542
1260,8092,1.0,0,0,3,7,0,1986,0,47.3635,1950,8092,12.396693005138824
1050,6300,1.0,0,0,3,6,0,1942,0,47.5128,740,6300,12.301382825334498
2240,13288,1.0,0,0,3,7,0,1953,0,47.6762,2150,9900,13.112313041550827
1990,4936,2.0,0,0,3,8,0,2004,0,47.5911,2250,4815,13.20835757057119
1820,8008,1.0,0,0,3,8,580,1981,0,47.7206,2030,8750,13.071070083016778
2140,12058,1.0,0,0,4,8,0,1951,0,47.3167,1640,10125,12.432211705824182
1770,4338,2.0,0,0,3,7,0,2001,0,47.3672,1770,6606,12.542187675503545
2600,6536,2.0,0,0,3,9,0,1999,0,47.5232,2640,6185,13.304684934198283
2840,9354,2.0,0,0,3,10,0,1990,0,47.6274,2540,10200,13.38472764187182
2090,7640,1.0,0,0,3,7,730,1962,2014,47.7369,2090,7668,13.204864598916073
1420,7297,1.0,0,0,3,7,290,1984,0,47.4046,1730,7419,12.502466658583977
720,5913,1.0,0,0,3,6,0,1920,0,47.5447,1560,6600,12.345834587905333
2110,7129,1.0,0,0,3,8,830,1982,0,47.7219,1810,8674,13.199324418540456
2800,5291,2.0,0,0,3,7,0,2011,0,47.1937,2380,5291,12.691580461311874
2242,37451,2.0,0,0,3,8,0,1995,0,47.7443,2242,13125,13.102160670086809
3090,9238,1.0,0,3,4,8,1410,1967,0,47.5654,2690,8500,13.753635154246187
1830,9720,1.0,0,1,3,7,680,1928,1976,47.5511,3380,10854,13.217673557208654
2310,14023,2.0,0,0,3,9,0,1991,0,47.7351,2410,14007,13.060487973686241
2220,6049,2.0,0,0,4,8,0,1990,0,47.3972,1980,7226,12.691580461311874
2380,5000,2.0,0,0,3,8,0,2005,0,47.3608,2420,5000,12.793859310432293
2160,6825,2.0,0,0,3,8,0,1994,0,47.4111,2020,7035,12.691580461311874
1440,8775,1.0,0,0,3,7,0,1973,0,47.7231,1790,7865,12.834681304952548
1270,8792,1.0,0,0,5,7,0,1969,0,47.5351,1780,8792,12.814478597635029
1540,7200,1.0,0,0,3,7,0,1968,0,47.7357,1560,7500,12.996800154428984
4440,8125,2.0,0,3,5,10,1300,1922,0,47.5744,3990,8505,14.626440774180603
2170,7275,1.0,0,0,3,8,350,1978,0,47.5672,2390,7275,13.366328644410837
1780,7214,1.0,0,0,4,7,380,1986,0,47.3667,1520,7228,12.491251587763836
1150,12861,1.0,0,0,3,6,0,1959,0,47.4493,1170,7574,12.542544882151386
2140,159865,1.0,0,0,4,7,1000,1960,0,47.4235,1830,15569,12.802020362712987
2400,13450,1.0,0,0,5,7,1200,1957,0,47.6007,1950,10361,13.38472764187182
1670,11452,1.0,0,2,3,8,0,1992,0,47.1913,1820,11152,12.409013489526863
2720,9000,2.0,0,0,3,8,50,1997,0,47.7034,1960,7772,13.471681324889492
1000,6947,1.0,0,0,3,7,0,1947,0,47.7142,1000,6947,12.873902018105829
3680,5000,2.0,0,3,3,9,1200,1936,0,47.6599,3200,5000,14.28551418721001
1490,6770,1.5,0,0,3,8,0,1926,0,47.5577,1820,7875,13.081541382884074
1690,4851,2.0,0,0,3,7,0,2004,0,47.6795,2330,4851,13.120361374733656
960,8106,1.0,0,0,3,7,0,1962,0,47.6737,1650,8035,12.834681304952548
3160,8197,1.0,0,0,3,8,1580,1962,0,47.7004,2050,8197,13.39239051461739
1580,9147,1.0,0,1,4,7,370,1967,0,47.6069,2600,23564,13.151922179645874
3420,21344,2.0,0,0,3,9,0,2002,0,47.45,2110,21344,13.369223455335854
1540,3740,1.0,0,0,4,7,770,1946,0,47.6886,1090,5080,13.17115354157376
1510,3600,1.0,0,0,5,8,280,1910,0,47.6387,1300,3600,13.592367006650065
2220,3588,1.5,0,0,4,7,750,1927,0,47.6854,1740,3588,13.655341805811453
2540,6660,2.0,0,3,4,8,200,1954,0,47.5144,2460,9000,13.928839243271277
1630,82764,1.0,0,0,4,6,0,1948,0,47.4743,1680,199069,12.611537753638338
980,9115,1.0,0,0,3,7,0,1968,0,47.3737,1470,8716,11.79810440720389
1110,12150,1.0,0,0,4,7,0,1957,0,47.6034,1490,8200,12.9384405392434
1200,12856,1.0,0,0,4,6,0,1948,0,47.5321,1740,6098,13.210374254727043
1860,6325,2.0,0,0,4,7,0,1991,0,47.3492,1860,6449,12.581078546153629
2610,9002,2.0,0,0,3,9,0,1988,0,47.6909,2320,8306,13.422467969854667
2370,10580,2.0,0,0,3,8,0,1966,0,47.464,1590,8584,12.855790268162783
1850,7875,1.0,0,0,3,7,600,1968,0,47.434,1930,8062,12.468436909997665
1570,3250,1.5,0,0,5,8,0,1928,0,47.5405,1570,5720,13.190022025878143
1560,7800,1.0,0,0,3,7,0,1955,0,47.4549,1468,9375,12.517227074167097
2170,9900,1.0,0,0,3,7,480,1980,0,47.3634,1420,10614,12.39689959536784
1520,7439,1.0,0,0,4,7,0,1969,0,47.457,1650,7500,12.751299696013497
1480,4200,1.5,0,0,3,7,0,1925,0,47.6147,1460,3600,12.965709567358951
3266,5969,2.0,0,0,3,8,0,2014,0,47.2975,3087,5169,12.943236711506893
1620,7410,1.0,0,0,5,7,0,1955,0,47.7708,1450,8121,12.780717782009118
2970,6587,2.0,0,0,3,8,710,2014,0,47.4776,2970,5690,13.21766446625824
1740,4960,2.0,0,0,3,8,0,1992,0,47.5772,1740,5021,13.075271769870477
1070,675,2.0,0,0,3,8,190,2007,0,47.5574,1220,788,12.948009990259552
2120,5293,2.0,0,0,3,7,0,2003,0,47.4217,1990,5313,12.676045024287617
1650,946,3.0,0,0,3,8,0,2014,0,47.6536,1570,1283,13.335860551666734
2750,37096,2.0,0,0,3,9,0,1989,0,47.3732,2700,40091,12.834681304952548
1900,7740,1.0,0,0,4,7,750,1923,0,47.5227,1140,7740,13.017002861746503
2150,8221,2.0,0,0,3,8,0,1992,0,47.5085,2490,7951,13.060487973686241
2240,9990,2.0,0,0,4,10,0,1967,0,47.5516,2600,11480,13.790192749979985
2480,7200,1.0,0,0,3,7,920,1999,0,47.4586,1910,9432,12.793859310432293
3960,16224,2.0,0,2,3,12,860,1938,0,47.6701,3960,15050,14.73180128983843
1850,65340,1.5,0,0,4,7,0,1972,0,47.3468,1750,40946,12.230765258120545
1340,6000,1.5,0,1,3,9,0,1927,0,47.66,2600,6000,13.717897729097274
1370,6000,2.0,0,0,4,7,0,1992,0,47.3484,1370,6200,12.567237494741757
2050,9045,2.0,0,0,4,6,0,1959,0,47.4572,1200,9045,12.517227074167097
2120,6865,1.0,0,0,3,7,1060,1954,0,47.7775,1460,7780,12.560244459250788
3500,8547,2.0,0,0,3,9,1000,1994,0,47.5613,2350,10270,13.591116224748411
900,7500,1.0,0,0,3,5,0,1940,0,47.4177,1350,7500,11.884316592744641
1980,4500,2.0,0,0,4,7,0,1910,0,47.6728,1550,2541,13.122363377404328
1520,10227,1.0,0,0,4,6,0,1951,0,47.5872,2710,10912,13.38472764187182
3920,8572,2.0,0,0,3,9,0,2007,0,47.5427,3335,7258,13.473020249017498
4380,6320,2.0,0,3,5,10,800,1952,0,47.6452,3080,7680,14.187074114396758
980,7228,1.5,0,0,3,7,0,1946,0,47.7294,1070,7228,12.736700896592344
2420,8700,1.5,0,0,4,7,0,1914,0,47.3109,1070,4804,12.54236629477704
4350,6000,2.0,0,0,5,10,1380,1908,0,47.6277,4190,7200,14.74688692725647
1980,5400,2.0,0,0,3,8,0,1998,0,47.5182,1980,5400,13.01477816672439
1680,3000,1.0,0,2,4,6,840,1900,0,47.686,1540,3700,12.959844447906553
2270,24237,1.0,0,0,4,7,910,1977,0,47.4672,2050,8016,12.77351486971506
1520,5910,1.0,0,0,3,7,500,1946,0,47.6904,1710,5910,13.211838383831932
2080,16117,1.0,0,0,5,7,340,1959,0,47.3424,1510,13068,12.445089546000673
2000,3800,2.0,0,0,3,8,0,2001,0,47.6852,1610,3800,13.610943392223
1720,4006,2.0,0,0,3,8,0,1994,0,47.569,1780,3974,13.190022025878143
2420,31497,1.0,0,0,4,8,670,1964,0,47.4422,2040,30472,12.873902018105829
2180,11100,1.0,0,0,5,8,480,1979,0,47.5162,2350,11397,12.936033799212835
990,2446,2.0,0,0,3,7,0,1998,0,47.5919,1260,2805,12.560244459250788
1770,8890,1.0,0,0,5,6,0,1949,0,47.4589,1010,7620,12.779873068457553
1680,8284,2.0,0,0,3,7,0,1989,0,47.3609,1550,8284,12.437184366493561
2550,6240,1.0,0,3,5,8,800,1957,0,47.6992,2180,5200,13.602317337503232
3700,7647,2.0,0,1,3,8,0,1948,1984,47.7393,2510,7479,13.199324418540456
1460,7832,1.0,0,0,3,6,0,1924,0,47.4617,1460,7632,12.948009990259552
3040,41072,1.0,0,0,4,8,1520,1978,0,47.3944,2230,54014,13.122363377404328
2810,8560,1.0,0,0,3,8,1200,1979,0,47.4437,2400,7600,12.863592648446968
2320,4254,2.0,0,0,3,8,0,2004,0,47.48,2330,4602,12.955127458028414
2690,46609,1.5,0,0,3,7,0,1940,0,47.4951,1920,7302,12.873902018105829
1550,19800,1.0,0,0,4,7,500,1969,0,47.3117,1640,22654,12.437184366493561
4690,6900,2.0,0,0,3,11,1210,2001,0,47.6165,2800,11240,14.480772535034683
1580,5250,1.0,0,0,5,7,0,1954,0,47.4964,1180,5940,12.611371073081239
1710,7000,1.0,0,0,4,7,670,1972,0,47.719,1780,6500,13.017002861746503
2810,11250,1.0,0,0,3,8,1130,1980,0,47.692,2110,11250,13.343905647351566
2960,6031,2.0,0,0,3,9,0,2005,0,47.3596,2570,5012,13.01477816672439
1420,1282,3.0,0,0,3,8,0,2006,0,47.6533,1530,1280,13.169151538903087
2380,9614,2.0,0,0,4,10,0,1991,0,47.5623,2560,9770,13.569610019527449
2344,8000,1.0,0,0,4,8,784,1976,0,47.3185,2344,8000,12.779873068457553
1400,10436,1.0,0,0,4,7,360,1985,0,47.4261,1860,9318,12.464197165739629
1500,3420,1.0,0,0,3,7,0,1902,0,47.661,2050,3420,13.081541382884074
1560,20251,1.0,0,0,5,7,360,1989,0,47.619,1560,19119,13.265597545490236
1400,7508,2.0,0,0,4,7,0,1987,0,47.7233,1710,7700,12.971540487669746
2090,4300,1.5,0,0,4,7,840,1925,0,47.5555,1670,5000,13.110290796170059
1750,3861,1.5,0,0,3,7,0,1903,0,47.6075,1700,4255,13.560489267752041
1280,4635,1.0,0,0,3,6,440,1917,0,47.5532,1660,6180,12.345834587905333
1680,6200,1.5,0,0,3,7,0,1916,0,47.5338,1680,5100,13.208541073645382
960,6250,1.0,0,0,3,6,0,1916,0,47.5491,1350,6250,12.779873068457553
2490,8582,2.0,0,0,3,9,0,2000,0,47.625,2870,7598,13.39132124085783
2730,9260,2.0,0,0,3,8,0,2008,0,47.7222,2730,7357,13.337474757021274
1650,4218,2.0,0,0,3,8,0,2000,0,47.5998,1650,4559,13.091904169919621
2450,5750,2.0,0,0,3,9,0,2013,0,47.5439,3200,8036,13.312983737012978
2670,6780,2.0,0,3,5,8,1040,1908,0,47.5131,2400,5989,13.422467969854667
2220,7064,2.0,0,0,3,8,0,1988,0,47.5716,2220,7451,13.270783382522602
1790,3760,1.5,0,0,4,8,510,1928,0,47.6871,1540,5080,13.038981768465277
3490,8400,1.5,0,0,4,8,0,1976,0,47.4513,2320,8723,13.016891744462095
2360,6678,1.0,0,0,3,8,600,1949,0,47.6919,1640,6380,13.217673557208654
2220,5338,2.0,0,0,3,7,0,2001,0,47.4887,2220,5338,12.821258284620408
2600,7465,2.0,0,0,3,9,0,1988,0,47.7387,2660,7683,13.255144488638146
1480,1171,3.0,0,0,3,8,0,2006,0,47.62,1480,1231,13.122363377404328
1540,37950,1.0,0,0,4,7,450,1959,0,47.3259,1820,24375,12.969212197910155
980,7790,1.0,0,0,5,7,0,1969,0,47.7141,1390,7280,12.765688433465597
1670,8230,1.0,0,0,5,7,0,1954,0,47.2613,2077,4910,12.336881585641587
4090,11225,2.0,0,0,3,10,0,2005,0,47.581,3510,8762,13.693342923990066
4590,9150,2.0,0,0,3,10,1100,1981,0,47.7234,2910,12348,13.77468856344402
1880,3840,1.0,0,0,3,7,910,1904,0,47.5929,1670,1820,12.983101310070822
3030,7679,2.0,0,0,3,9,0,2014,0,47.593,3080,6341,13.637840963993069
2100,8163,2.0,0,0,3,7,0,1984,0,47.3336,1410,7515,12.6112043647371
2540,7089,2.0,0,0,3,9,0,2004,0,47.5747,1330,7089,13.758940206475879
1970,4166,2.0,0,3,5,8,700,1929,0,47.5717,2390,4166,13.217673557208654
1830,9620,1.0,0,0,4,8,0,1978,0,47.3123,1990,8280,12.89921982609012
2570,13054,1.0,0,1,3,8,1100,1950,1992,47.4487,2570,19807,13.159659162148026
2430,5499,2.0,0,0,3,8,0,2002,0,47.3779,2890,5190,12.644327576461329
1200,15843,1.0,0,2,3,7,0,1955,0,47.4991,1410,15843,12.608198852372823
1300,6710,1.0,0,0,4,6,0,1952,0,47.5851,1630,9946,13.256019762217003
2980,5000,1.5,0,0,3,7,500,1916,0,47.6684,1470,5000,13.560618308335483
2010,57934,1.0,0,0,3,7,0,1978,0,47.6262,2040,55527,13.11332263275218
1990,2660,2.0,0,0,3,8,0,2012,0,47.732,1990,2665,13.193753373491
1290,189486,1.0,0,0,4,7,0,1960,0,47.3356,2370,98881,12.793720411897448
1870,7671,1.0,0,0,4,8,150,1937,0,47.7162,1460,7679,12.834681304952548
2760,5750,2.0,0,0,3,8,0,1993,0,47.627,2760,5390,13.591741811256146
950,7560,1.0,0,0,3,6,0,1958,0,47.4499,1160,7560,12.345834587905333
3820,26300,2.0,0,0,3,9,970,2014,0,47.7618,1860,12136,13.554145793829866
2950,49658,1.0,0,0,4,8,0,1960,1998,47.3596,1720,54672,12.959609126102903
3310,217800,1.5,0,0,3,9,0,1989,0,47.6616,2810,217800,14.038654109278484
1490,8722,2.0,0,0,3,7,0,1997,0,47.3648,1510,8061,12.345834587905333
3000,6000,1.0,0,0,5,7,1500,1958,0,47.492,2230,7125,12.84792653170257
2030,4033,2.0,0,0,4,7,400,1925,0,47.7056,1350,1340,12.983101310070822
1940,7607,2.0,0,0,3,8,0,1995,0,47.685,2250,7600,13.122363377404328
1570,1777,2.0,0,0,3,8,310,2007,0,47.6655,1000,1777,13.253391639810733
1700,21780,1.0,0,0,4,6,620,1940,0,47.6289,2070,12054,13.005829561148378
2340,4273,2.0,0,0,3,7,0,2002,0,47.5362,2400,4624,13.038873066905303
3400,5100,2.0,0,0,3,9,0,2006,0,47.3548,3400,5672,13.279367126213993
2230,5800,2.0,0,0,3,7,0,2004,0,47.5308,2230,6088,12.994530005894443
2450,15001,1.0,0,0,3,7,470,1989,0,47.6957,1790,15323,12.899094818276968
1480,2167,2.0,0,0,3,8,90,2007,0,47.6658,2130,2556,13.056223574899784
1780,10260,2.0,0,0,3,8,0,1971,0,47.6647,2360,10080,13.329377546788654
1250,21303,1.0,0,0,3,6,0,1970,0,47.6625,1250,17920,12.86099861326992
1430,8000,1.0,0,0,4,7,0,1956,0,47.5874,1450,8000,13.15773052124162
1380,4590,1.0,0,0,2,7,450,1950,0,47.6841,1320,4692,12.765688433465597
1130,7200,1.5,0,0,4,6,0,1942,0,47.7298,1350,1358,12.66349749256905
1760,5488,1.5,0,0,3,7,220,1927,0,47.6479,1760,5943,13.527828485512494
1600,4271,2.0,0,0,3,7,0,2000,0,47.3303,1700,4746,12.542544882151386
1740,5757,1.0,0,0,3,7,0,2010,0,47.1941,2380,5647,12.524526376648708
2680,9162,1.0,0,0,3,8,1110,1978,0,47.5683,2480,8261,13.304668267392726
4020,40341,1.0,0,0,5,8,1850,1970,0,47.4952,2650,53437,13.287877815881902
1310,8069,1.0,0,0,3,7,0,1990,0,47.3694,1310,8392,12.388394202324129
2960,4760,2.0,0,0,3,8,800,1900,0,47.6367,1600,4760,13.830399170458024
1700,6675,2.0,0,0,3,7,0,1997,0,47.3638,1570,7540,12.66032791780777
3620,28064,2.0,1,4,5,10,1250,1977,0,47.5516,2550,34713,14.6175121434363
2350,10664,1.0,0,1,2,7,840,1952,0,47.5743,2350,10140,13.592367006650065
2790,13295,2.0,1,4,4,10,420,1933,1989,47.5466,3140,11949,14.403297222866392
1560,7980,1.0,0,0,4,7,390,1939,0,47.5093,1570,7980,13.222208712374044
1630,1598,3.0,0,0,3,8,0,2008,0,47.6904,1320,1605,12.86099861326992
1480,6600,1.0,0,2,3,7,740,1943,0,47.5081,1250,7300,12.86099861326992
2030,8426,2.0,0,0,3,7,0,1944,0,47.4806,1190,7007,12.524526376648708
3200,20158,1.0,0,0,3,8,1600,1965,0,47.6303,3390,20158,14.09692301740246
1850,15170,1.0,0,0,3,7,0,1965,0,47.4991,1160,14175,12.873902018105829
2230,10080,1.0,0,0,3,7,840,1969,0,47.7089,2110,8475,13.44806351704363
2560,5445,1.5,0,0,4,7,800,1927,0,47.5502,1080,5445,12.999065161059836
1840,8601,1.0,0,0,3,7,920,1905,2014,47.5359,1390,7452,12.560244459250788
1440,7200,1.0,0,0,3,7,0,1986,0,47.4473,1640,9167,12.388185847286392
2040,130680,2.0,0,0,3,9,0,1977,0,47.7584,3080,39630,13.500799813124575
2990,6370,2.0,0,0,3,8,0,2014,0,47.4853,2730,5740,13.23560277301084
1140,7208,1.0,0,0,3,7,240,1970,0,47.742,1300,7991,12.92391243868049
2080,13054,1.0,0,1,3,7,0,1951,0,47.7435,2440,13054,13.304684934198283
1510,6200,1.0,0,0,3,6,500,1955,0,47.5293,1710,8623,12.608198852372823
1320,3420,1.0,0,1,3,7,240,1955,0,47.6639,2070,6000,13.071070083016778
840,3844,1.0,0,0,4,6,0,1919,0,47.7048,1040,3844,12.577636201962656
1830,7770,1.0,0,0,4,7,430,1977,0,47.3925,1960,7272,12.449018824140563
2120,2374,2.0,0,0,3,8,350,2005,0,47.674,2480,3043,13.060487973686241
3360,9100,1.0,0,0,4,8,1600,1973,0,47.5641,2620,8925,13.759786409191912
1360,18123,1.0,0,0,3,8,0,1983,0,47.4716,1570,16817,12.765688433465597
670,6000,1.0,0,0,5,6,0,1949,0,47.561,1240,5040,12.936033799212835
1550,7296,1.5,0,0,3,6,0,1957,0,47.5184,1370,7680,12.429216196844383
2900,6400,2.0,0,0,4,8,600,1977,0,47.6464,2480,6400,13.453104939316557
1460,10584,1.0,0,0,3,7,470,1997,0,47.492,1220,12012,12.390475368527953
1360,60548,1.0,0,0,3,6,400,1960,0,47.2718,1930,28800,12.481429068291318
1770,8000,1.0,0,0,4,7,420,1976,0,47.7358,1850,7875,12.985397522331171
2370,10968,2.0,0,0,4,9,0,1985,0,47.6679,2380,8144,13.457406021215947
2300,9521,2.0,0,0,3,8,0,2003,0,47.7447,3020,10042,12.983101310070822
3760,20609,2.0,0,0,3,11,0,1990,0,47.7255,3360,15761,13.955272500339433
1190,5000,1.0,0,0,3,7,0,1925,0,47.5717,1600,5000,13.09704556942004
1400,4800,2.0,0,0,3,7,0,1986,0,47.6168,1620,2595,13.610943392223
2340,7724,1.0,0,0,3,10,0,2010,0,47.4593,3040,5787,13.178743710840436
1890,2614,2.0,0,0,4,9,0,1979,0,47.6102,1800,2769,13.043320170063875
1830,8133,1.0,0,0,3,8,440,1996,0,47.7478,2310,11522,13.142166004700508
1070,6601,1.0,0,0,3,6,0,1985,0,47.3115,1030,6614,12.301155526776865
2150,5100,1.5,0,0,3,7,860,1991,0,47.5338,1920,5100,12.755638097612096
2860,20790,1.0,0,0,4,7,1060,1965,0,47.7757,1920,9612,13.244581010128577
2080,5191,2.0,0,0,3,8,0,2001,0,47.5978,2170,5518,13.306350213517344
1620,2640,1.5,0,0,5,8,0,1929,0,47.6884,1470,4080,13.407542319637992
2630,8580,1.0,0,0,4,9,930,1977,0,47.5916,2430,10240,13.473020249017498
1390,1756,3.0,0,0,3,7,0,2005,0,47.7274,1340,1756,12.611371073081239
670,5750,1.0,0,0,3,7,0,1942,2011,47.5624,1170,5750,12.718896271958837
2000,8400,1.5,0,0,4,8,0,1959,0,47.7535,2000,8400,12.936033799212835
6050,230652,2.0,0,3,3,11,0,2001,0,47.6033,4210,233971,14.28551418721001
2970,5050,2.0,0,0,3,8,0,2014,0,47.7043,2810,4998,13.659054389205284
850,8400,1.0,0,0,4,6,0,1941,0,47.4696,1280,8400,12.676076274775909
3540,9349,2.0,0,0,3,10,0,2003,0,47.7046,3280,7546,13.709038313453757
1620,10850,1.0,0,0,3,7,0,1966,0,47.4437,1910,10568,12.429216196844383
3570,6250,2.0,0,2,3,10,860,1985,0,47.5624,2550,7596,13.641157170819497
1560,242629,1.0,0,0,3,7,0,1981,0,47.6493,2320,220654,13.287877815881902
3420,4216,2.0,0,0,3,9,900,2008,0,47.6799,1420,4500,13.737549016494562
2560,2500,2.0,0,0,5,8,870,1901,0,47.6233,1890,5000,13.567049198665774
1340,5995,2.0,0,0,3,7,0,1989,0,47.7366,1540,6616,12.524526376648708
2140,8100,2.0,0,0,4,7,0,1990,0,47.3075,1960,7002,12.626097904969669
1500,8400,1.0,0,0,3,7,300,1956,0,47.4531,1780,9913,12.577463773304586
4883,26040,2.0,0,3,3,10,1024,2006,0,47.263,3736,9870,13.193753373491
800,3090,1.0,0,0,4,6,0,1925,0,47.5518,1400,3090,12.736553826954605
2370,9601,1.0,0,0,3,8,800,1976,0,47.5327,2550,10500,13.180632285528304
2970,59677,1.0,0,2,4,8,1360,1973,0,47.5953,2930,42489,13.627975434117433
2840,13367,1.0,0,0,3,7,1420,1952,0,47.6237,2840,12744,13.758940206475879
1880,7953,1.0,0,0,4,7,0,1965,0,47.5838,1750,8591,13.195613839143922
1740,8800,1.0,0,0,3,7,600,1978,0,47.2968,1690,7920,12.449018824140563
1560,7884,1.0,0,0,3,7,500,1969,0,47.7312,1820,9000,12.815838217151068
1720,10202,1.5,0,0,3,7,0,1970,0,47.4572,1720,8478,12.237207874460886
2300,6448,2.0,0,0,3,8,0,2001,0,47.3813,1860,5872,12.742566016044742
1860,9100,1.5,0,0,3,8,0,1939,2006,47.7522,1620,9519,12.821258284620408
2040,7281,1.0,0,0,3,7,1020,1962,0,47.4681,1740,7527,12.441144767709657
2120,2400,1.0,0,0,4,6,1040,1906,0,47.5979,1690,4400,12.793859310432293
1550,7260,1.5,0,0,2,6,0,1925,0,47.4693,1190,7620,12.65395846952229
2150,9520,2.0,0,0,4,8,0,1979,0,47.6885,2000,9520,13.258640995696876
1240,4550,1.5,0,0,4,7,0,1951,0,47.5803,2110,5700,13.132313708257497
1430,923,3.0,0,0,3,8,20,2008,0,47.6683,1620,1505,13.091904169919621
3220,5120,2.0,0,0,3,9,800,2000,0,47.5434,1770,7680,13.232114241363448
1280,10521,1.5,0,0,3,7,0,1960,0,47.4215,1540,9384,12.201060103706629
1760,9055,2.0,0,0,4,7,0,1985,0,47.6534,2010,9383,13.038981768465277
3120,4240,2.0,0,2,4,7,1030,1993,0,47.5305,1460,4240,12.66032791780777
960,10761,1.0,0,0,4,6,0,1962,0,47.2819,960,10761,12.170445467887022
3180,12070,2.0,0,0,4,9,0,1976,0,47.6371,3110,12600,13.579788224443204
1270,6760,1.0,0,0,5,7,0,1972,0,47.7381,1550,5734,12.863851682252328
1490,9285,1.0,0,0,3,8,0,1995,0,47.3248,2040,6681,12.577632753680849
1880,3774,1.5,0,0,3,6,520,1917,0,47.566,1420,2550,12.736700896592344
2360,8093,2.0,0,0,3,8,0,1995,0,47.3257,1860,6762,12.736697955411548
2740,7140,2.0,0,0,3,8,0,1993,0,47.6334,2260,7035,13.386264921190707
1950,29347,1.0,0,0,3,8,600,1953,0,47.739,2125,7751,12.989974189358584
1540,9800,1.0,0,0,3,7,530,1973,0,47.4676,1600,8250,12.103486056755072
2180,13529,1.0,0,0,3,7,1090,1956,0,47.7516,2000,13529,12.911642346088676
2520,10850,1.0,0,0,4,8,840,1968,0,47.7751,2590,10800,13.304684934198283
2190,5085,2.0,0,0,4,8,0,1992,0,47.5693,2130,5142,13.16158409055761
2460,4200,2.0,0,0,3,8,0,1998,0,47.6031,2330,4200,13.322852238153732
2270,4399,2.0,0,0,3,7,0,2007,0,47.5415,2060,4399,13.060275185090907
1190,7877,1.5,0,0,5,7,0,1946,0,47.7538,1480,9975,12.70381302974751
2026,7611,2.0,0,0,3,8,0,2010,0,47.3733,2270,7611,12.788288265382837
1410,47916,1.0,0,0,3,7,0,1981,0,47.7149,1810,215622,12.259613412458204
2200,8100,1.5,0,0,5,6,800,1942,0,47.4945,1520,8100,12.628067055589549
1560,6013,2.0,0,0,3,7,0,1990,0,47.2862,1640,6290,12.272211448034218
1460,8372,1.0,0,0,4,7,0,1981,0,47.3683,1220,7803,12.323855681186558
1410,1250,2.0,0,0,3,8,270,2010,0,47.6515,1720,2825,13.180632285528304
1310,5000,1.5,0,0,3,7,0,1906,0,47.6624,1530,4800,13.304684934198283
4020,7500,1.0,0,0,3,8,2010,1968,0,47.6732,1560,3737,13.710150042306449
1430,1425,2.0,0,0,3,7,435,2006,0,47.621,1500,1749,13.049792684569493
2510,8580,2.0,0,0,4,8,0,1991,2012,47.295,2290,7809,12.706847933442663
2430,7559,1.0,0,0,4,8,850,1981,0,47.7206,1980,8750,13.279367126213993
960,9531,1.0,0,0,5,7,0,1969,0,47.7619,1670,9250,12.833347081939412
1820,1545,3.0,0,2,3,8,180,1998,0,47.6523,1440,1290,13.1313231187758
880,6650,1.0,0,0,5,6,0,1918,0,47.6914,1250,6650,12.9384405392434
1800,10950,1.0,0,0,4,8,0,1982,0,47.557,2400,11300,12.994530005894443
1710,8767,1.0,0,0,4,8,0,1986,0,47.6945,2050,9200,13.353475098367715
1550,10500,1.0,0,0,3,7,450,1961,0,47.7573,1420,9823,12.911642346088676
910,6282,1.0,0,0,4,7,0,1939,0,47.6967,970,6281,12.928778628331663
3600,6055,2.0,0,0,3,9,0,2014,0,47.7053,3590,6050,13.736456528054434
1840,9009,2.0,0,0,3,7,0,1965,0,47.406,1390,8025,12.476099782743233
2530,6500,1.5,0,0,3,8,810,1975,0,47.6737,2150,5280,13.38472764187182
3220,14463,2.0,0,0,3,8,0,1978,0,47.6261,2550,12109,13.353475098367715
1030,5750,1.0,0,0,3,7,0,1971,0,47.553,1250,5750,12.644327576461329
1730,3600,2.0,0,0,3,8,0,2014,0,47.5019,2030,3600,12.70205769064877
1290,9312,1.0,0,0,3,7,0,1947,0,47.4811,1650,7300,12.2783933071098
1360,7680,1.0,0,0,3,7,0,1955,0,47.7441,1630,7679,12.772805901234461
1580,8151,1.0,0,1,4,7,480,1962,0,47.3672,1650,8151,12.542187675503545
930,11475,1.0,0,0,3,7,0,1978,0,47.4644,1280,11250,12.449018824140563
2320,13068,2.0,0,2,3,8,0,1998,0,47.3497,2220,25265,12.89921982609012
2770,7000,1.0,0,0,4,7,830,1979,0,47.3396,2140,7684,12.779873068457553
1480,7875,1.0,0,0,3,7,740,1927,0,47.643,1680,5851,13.144516182045463
1250,7500,1.0,0,0,3,7,0,1967,0,47.3719,1260,7563,12.323855681186558
1660,10656,1.5,0,0,4,7,480,1920,0,47.5391,1120,8816,13.190022025878143
1400,8684,1.5,0,0,3,7,0,1957,0,47.4887,1520,8712,12.128111104060462
750,6089,1.0,0,2,3,6,0,1937,0,47.475,1430,6451,12.269047444691562
3770,35081,2.0,0,0,3,10,0,1989,0,47.6908,4000,35492,13.764217263576723
1590,7750,1.0,0,0,3,7,530,1997,0,47.3624,1680,7500,12.524526376648708
1980,6250,1.0,0,1,5,7,890,1910,0,47.554,1980,6250,13.242809530480196
940,4000,1.0,0,0,3,6,220,1942,0,47.6488,1180,6000,13.06685066747407
2740,4912,1.0,0,0,4,8,1370,1937,0,47.6523,2160,5006,13.565766324852886
2190,9209,2.0,0,0,4,8,0,1996,0,47.3341,2430,6687,12.721885810807203
2540,2700,2.0,0,0,4,8,910,1922,0,47.637,2520,5400,13.989463865087712
800,5600,1.0,0,0,5,6,0,1955,0,47.4959,1100,6000,12.154252896800378
1560,10919,1.0,0,0,3,7,0,1975,0,47.2917,1730,10919,12.371587084007746
820,1060,1.0,0,0,3,8,60,2007,0,47.5473,1770,1924,12.299107511497363
2100,88426,1.0,0,0,3,6,0,1990,0,47.399,2150,63162,12.963367645913872
1020,7742,1.0,0,0,4,6,0,1935,1978,47.499,1510,7742,12.034691028774553
1150,6000,1.5,0,0,3,7,0,1927,0,47.4963,1210,7700,12.634603026569334
2200,5207,1.0,0,0,5,7,1080,1951,0,47.74,1210,6008,12.821258284620408
1763,3717,2.0,0,0,3,8,0,2012,0,47.4213,1763,3666,12.628067055589549
940,3800,1.0,0,0,3,7,0,1929,0,47.6798,1680,3800,13.084044497477192
1710,10950,1.0,0,0,3,7,650,1967,0,47.4678,1180,10950,12.577636201962656
2310,9624,2.0,0,0,3,8,0,1984,0,47.5386,1940,9636,13.30092788532057
4240,11189,2.0,0,2,3,10,0,2006,0,47.6526,3390,12540,14.322328160332725
1530,1565,2.0,0,0,3,8,250,2005,0,47.6179,1530,1381,13.390862630439337
2020,8250,1.0,0,0,4,8,590,1978,0,47.4432,1680,8959,12.755638097612096
2344,4800,1.5,0,0,4,7,800,1921,0,47.6537,1770,4200,13.581053246749791
2910,8881,2.0,0,1,3,10,970,1932,0,47.6424,2540,5250,13.9108207377686
2760,35171,2.0,0,0,3,9,0,1990,0,47.465,2720,35171,13.122363377404328
1210,10588,1.0,0,0,4,7,0,1958,0,47.2876,1408,10588,12.206072645530174
6510,16471,2.0,0,3,4,11,3260,1980,0,47.5758,4480,16471,14.457364444136669
650,15364,1.0,0,0,4,5,0,1967,0,47.3721,1630,7952,11.76756768334381
2660,8027,2.0,0,0,3,8,0,1997,0,47.4831,2480,8095,13.010313873595706
1450,27075,1.0,0,0,3,7,0,1940,0,47.7281,1890,10599,13.049792684569493
2730,42500,1.0,0,0,3,8,1200,1989,0,47.4587,3180,37970,13.203943364396752
2640,4200,2.0,0,0,3,8,0,1998,0,47.6038,2460,4200,13.253391639810733
2580,21115,2.0,0,0,4,9,0,1977,0,47.5566,2690,10165,13.577111226758614
1440,11330,1.0,0,0,3,7,0,1965,0,47.4742,1580,10100,12.449018824140563
3090,12511,2.0,0,0,4,10,0,1998,0,47.5932,3100,10882,13.567049198665774
770,7906,1.0,0,0,4,6,0,1948,0,47.766,990,7906,12.468436909997665
3100,14568,2.0,0,0,3,8,0,1995,0,47.7302,2860,14396,13.243695662571854
1060,7200,1.0,0,0,4,6,0,1951,0,47.7463,1850,8291,12.61152108683278
3370,36218,2.0,0,0,4,9,0,1988,0,47.5855,2980,31793,13.458764182902971
1830,3420,2.0,0,0,3,8,0,2012,0,47.366,1813,3420,12.505436222755792
1740,8491,1.0,0,0,3,8,500,1958,0,47.7758,2080,8494,12.983101310070822
2330,19436,2.0,0,0,3,8,0,1987,0,47.7663,1910,10055,13.1749558275235
2340,5080,1.0,0,0,5,7,1170,1924,0,47.6746,1270,3270,13.253391639810733
1150,8145,1.0,0,0,4,6,160,1932,0,47.7471,1200,8145,12.577636201962656
1240,3000,1.5,0,0,3,7,0,1906,0,47.6689,1800,4080,13.087771932634709
3450,8395,2.0,0,4,4,10,810,1993,0,47.6134,3180,5183,14.325335681396682
2130,8022,2.0,0,0,3,8,0,1985,0,47.7252,2130,7605,13.071070083016778
2350,5627,1.0,0,0,5,8,860,1960,0,47.5514,2020,5627,13.345506928718539
2060,2700,1.0,0,0,3,7,1030,1929,0,47.6856,1390,2700,13.091904169919621
2010,10760,2.0,0,0,3,8,0,1985,0,47.7276,2240,9357,13.312983737012978
3160,9525,2.5,0,0,3,10,0,1997,0,47.5623,2400,9525,14.13831843239143
1990,7173,1.0,0,0,3,7,0,1972,0,47.7116,1320,7245,12.644327576461329
1430,10574,2.0,0,0,3,7,0,1981,0,47.7668,1900,10450,12.834681304952548
2900,6730,1.0,0,0,5,8,1070,1977,0,47.6784,2370,6283,13.670484785914017
3910,7500,2.0,0,0,3,10,0,2006,0,47.6527,2600,9235,14.316285845876763
1310,915,2.0,0,0,3,7,250,2007,0,47.5738,1500,1215,12.80765263256463
3170,36384,2.0,0,0,3,8,0,1969,0,47.4654,2460,38370,13.304684934198283
1370,1221,2.0,0,0,3,8,290,2008,0,47.6039,1560,2081,13.008074231002201
1800,8518,2.0,0,0,3,7,0,1996,0,47.3643,1770,7570,12.691580461311874
1060,6000,1.0,0,0,3,8,0,1954,0,47.5427,1240,7874,12.948009990259552
1520,6559,1.0,0,0,4,7,350,1992,0,47.35,1520,6095,12.594730635321957
700,4800,1.0,0,0,3,7,0,1922,0,47.6147,1440,4800,12.971540487669746
2390,8315,2.0,0,0,4,9,0,1990,0,47.6271,2370,7816,13.369223455335854
1090,1950,1.0,0,0,4,8,0,1982,0,47.3782,1360,3426,11.917723684090689
3130,19530,1.0,1,4,3,8,1440,1947,1984,47.5895,2980,18782,14.151982794585487
1890,6088,2.0,0,0,3,7,0,1996,0,47.2886,1700,6600,12.487485104968359
1710,117176,1.5,0,0,4,6,0,1942,0,47.4497,1940,12223,12.87364557497069
1880,7350,1.0,0,0,3,8,490,1984,0,47.4457,1910,8400,12.676076274775909
1240,9405,1.0,0,0,4,7,0,1966,0,47.3727,2260,7611,12.2783933071098
1540,5920,1.5,0,0,5,7,0,1935,0,47.7148,1630,6216,13.00019574343012
1080,4930,1.0,0,0,3,6,0,1950,0,47.5209,1100,5950,12.487485104968359
2380,15800,1.0,0,0,3,8,700,1957,2001,47.5929,1950,11751,13.393153582185892
1580,3770,1.0,0,0,3,7,500,2002,0,47.7368,1740,3800,12.66032791780777
1980,7000,1.0,0,0,4,8,620,1977,0,47.4442,1880,7200,12.70381302974751
2980,7000,2.0,0,3,3,10,840,1900,2014,47.5933,2200,4800,14.151982794585487
1690,14615,2.0,0,0,4,7,0,1979,0,47.4492,1390,11360,12.751299696013497
3700,12500,1.0,0,0,5,8,1780,1973,0,47.5403,2020,8350,13.287877815881902
1140,27760,1.0,0,0,4,6,0,1981,0,47.5372,1690,87300,12.404103496029308
760,33801,1.0,0,0,4,4,0,1931,0,47.4703,1100,39504,12.771386454580234
2714,12558,2.0,0,0,3,9,0,2014,0,47.3522,2873,8269,13.09237828431375
1350,2839,2.0,0,0,3,7,0,2003,0,47.6824,1650,3093,12.901716706288706
2540,11100,1.0,0,0,5,7,0,1957,0,47.6317,1560,11100,13.353475098367715
1270,4800,1.0,0,0,3,7,0,1953,0,47.693,1490,4800,12.721885810807203
1550,6000,1.0,0,0,5,7,0,1944,0,47.6567,1550,6000,13.231755754175525
2460,5604,2.0,0,0,3,8,0,2011,0,47.3658,2210,6395,12.788288265382837
1450,4000,1.0,0,1,4,8,500,1948,0,47.5554,1880,4000,13.17115354157376
2200,3060,1.0,0,0,3,7,1100,1908,2000,47.565,1410,5100,12.788288265382837
2700,5150,2.0,0,0,3,9,0,2007,0,47.5071,3160,7620,13.217673557208654
2740,33158,2.0,0,0,3,9,0,1993,0,47.3333,2740,36074,13.073173133213556
3060,10043,1.0,0,0,4,8,1360,1968,0,47.7387,1630,8296,13.071070083016778
910,6630,1.0,0,0,4,6,0,1912,0,47.6947,950,5100,12.409013489526863
1510,8385,1.0,0,0,3,7,0,1968,0,47.7279,1570,7480,12.89921982609012
2280,58712,2.5,0,3,3,9,0,1987,0,47.3053,2240,24332,13.16158409055761
1670,13125,1.0,0,0,5,8,0,1973,0,47.6315,2360,12500,13.454540689742661
1410,10015,1.0,0,3,3,6,0,1993,0,47.4948,1570,10485,12.736700896592344
2520,5000,3.0,0,0,3,9,0,1990,0,47.5664,1130,5000,13.199324418540456
950,10080,1.0,0,0,4,7,0,1954,0,47.572,1060,10000,12.983101310070822
3200,43560,2.0,0,0,3,7,0,1989,0,47.475,2730,43560,13.122263372403996
1430,7921,1.0,0,0,3,7,0,1983,0,47.5088,1290,8040,12.765688433465597
3400,7081,2.0,0,0,3,9,0,2001,0,47.5661,3060,7081,13.627009950093603
2870,6776,2.0,0,0,3,8,0,2004,0,47.539,2770,6658,13.226723392728571
2910,6250,2.0,0,0,3,8,0,1999,0,47.538,2550,6250,13.279367126213993
1570,6717,1.0,0,0,5,6,0,1911,0,47.307,1140,6716,12.345617172968069
2040,12000,1.0,0,0,4,7,740,1963,0,47.7362,1930,12000,13.134291948269603
1040,1516,2.0,0,0,3,8,0,2008,0,47.6037,1560,1920,12.971540487669746
2090,4196,2.0,0,0,3,8,0,2006,0,47.7453,2640,4503,13.101956567626667
1200,9936,1.0,0,0,4,6,0,1969,0,47.3609,1200,10189,12.323855681186558
1750,9600,1.5,0,0,4,7,0,1954,0,47.5759,1750,10530,12.948009990259552
3070,5762,2.0,0,0,3,10,0,2000,0,47.5847,3630,6500,13.495010484514724
1370,8006,2.0,0,0,3,7,0,1990,0,47.258,1530,8006,11.982929094215963
1810,10684,2.0,0,0,3,8,0,1987,0,47.4619,2140,9657,12.439166527697552
2130,7210,1.0,0,0,5,7,800,1965,0,47.629,1310,7896,13.188151117942333
1600,10280,1.0,0,0,3,7,550,1977,0,47.725,1590,8100,13.00019574343012
1690,161913,1.0,0,0,2,7,260,1952,0,47.356,1930,12548,12.821258284620408
1700,3040,1.5,0,0,3,8,240,1914,0,47.6442,1620,3230,13.473020249017498
1890,9535,1.0,0,0,3,7,680,1976,0,47.4872,2040,11108,12.74984936943585
1400,3538,1.0,0,0,3,7,600,1953,0,47.5405,1620,6331,12.764258840656002
1670,14695,1.5,0,0,5,7,0,1930,0,47.7001,1800,11355,13.112313041550827
2217,8019,2.0,0,0,3,7,0,2009,0,47.2776,1470,8037,12.524526376648708
2150,13789,1.0,0,0,4,8,540,1966,0,47.7591,2150,15480,13.017002861746503
1700,2197,2.0,0,0,3,8,440,2010,0,47.5767,1360,1418,13.279367126213993
870,26326,1.0,0,0,3,6,0,1939,0,47.4152,1250,10608,11.964001084330445
1830,4992,1.0,0,0,3,7,600,1953,0,47.5145,2050,7740,12.254862809699606
1340,8100,1.0,0,2,3,8,0,1950,0,47.7212,1680,7752,13.021437458814368
2230,7200,1.0,0,0,4,7,1010,1957,0,47.589,1920,7200,13.228523573232719
2610,7510,2.0,0,0,3,9,0,1996,0,47.6648,2610,8458,13.493926933836812
1820,16300,1.0,0,0,4,7,600,1955,0,47.4582,1870,16300,13.023647404465171
2220,8227,1.5,0,0,5,8,450,1929,0,47.5665,1750,4800,13.251635713108469
2210,8955,1.0,0,1,3,8,650,1974,0,47.6621,2210,8976,13.437174117244362
2110,2850,3.0,0,0,3,8,0,2001,0,47.6915,1340,5001,13.17115354157376
3710,20000,2.0,0,2,5,10,950,1936,0,47.6696,3970,20000,14.74649283858142
3450,16200,2.0,0,0,3,10,0,1983,0,47.6319,3130,12150,13.44154411691548
2280,8550,1.0,0,0,3,8,620,1977,0,47.701,2590,9500,13.198398063680326
1700,7532,1.0,0,0,3,7,0,1987,0,47.355,1690,7405,12.449018824140563
2800,4000,2.0,0,0,3,9,0,2011,0,47.6695,1770,4200,14.197365800433305
2410,8447,2.0,0,3,4,8,350,1936,1980,47.6499,2520,14789,13.217673557208654
710,4000,1.0,0,0,4,6,100,1928,0,47.6562,1440,4500,12.873902018105829
1490,1709,3.0,0,0,3,8,0,2004,0,47.7173,1364,1709,12.779594156325743
1780,16290,2.0,0,0,4,8,0,1987,0,47.4622,1780,8810,12.765688433465597
2570,8022,1.0,0,0,4,8,1200,1984,0,47.6956,2090,8022,13.39239051461739
2590,7910,2.0,0,0,3,9,0,2003,0,47.7378,2110,11761,13.253391639810733
2420,36862,1.0,0,0,4,8,890,1957,0,47.3264,1670,9046,13.071070083016778
3700,7051,2.0,0,0,3,11,0,2006,0,47.5427,3580,6175,13.764217263576723
1489,3266,2.0,0,0,3,7,0,2014,0,47.3452,1537,3273,12.45254202214788
1300,8280,1.0,0,0,5,7,0,1956,0,47.7403,1570,8692,12.889169490236618
2200,7278,2.0,0,0,3,8,0,1990,0,47.4624,2190,8580,12.765402678355779
1340,1263,3.0,0,0,3,8,0,2008,0,47.6788,1510,1260,12.959844447906553
3890,27311,2.0,0,2,3,10,0,1950,1990,47.7291,3160,22641,13.912664491554942
1180,10720,1.0,0,0,4,7,0,1955,0,47.5893,1420,10750,13.017002861746503
1430,10200,1.0,0,0,3,7,0,1960,0,47.7012,1470,10350,12.911642346088676
2370,38639,1.0,0,0,3,8,440,1978,0,47.771,2900,37452,13.142166004700508
1470,16728,1.0,0,0,4,7,120,1959,0,47.4968,1540,9000,12.506177237980511
1800,4800,1.5,0,0,3,7,0,1918,0,47.6388,1950,4800,13.357830678407371
893,965,2.0,0,0,3,8,0,2007,0,47.6187,1340,1436,12.793720411897448
1720,5899,1.0,0,1,3,8,500,1986,0,47.5399,1900,6244,13.149978544437301
2210,3600,2.0,0,0,3,8,390,1995,0,47.7031,2010,6690,12.969212197910155
1720,9125,1.0,0,0,4,7,580,1981,0,47.3173,1120,7506,12.345834587905333
1080,10200,1.0,0,0,4,7,0,1962,0,47.3215,1230,10400,12.240474072247506
2390,8432,2.0,0,0,3,9,0,1998,0,47.6027,2710,7417,13.406037428458571
1920,9672,2.0,0,0,4,8,0,1984,0,47.6233,1950,10125,13.345506928718539
1930,11200,1.0,0,2,3,8,500,1951,0,47.7576,2840,12408,13.272506035834049
3790,10829,2.0,0,0,3,11,0,1993,0,47.5525,3620,10989,13.742886100243274
2320,55847,1.0,0,2,4,8,0,1960,0,47.3121,2400,26112,13.202098345423183
3250,10000,2.0,0,0,3,9,0,2014,0,47.7557,1620,10089,13.442996549995796
2820,9602,1.0,0,1,3,8,870,1974,0,47.5881,2890,9602,13.527828485512494
720,7250,1.0,0,0,3,5,0,1943,0,47.5267,1760,7250,12.706847933442663
890,5000,1.0,0,0,3,7,0,1943,0,47.6666,1680,5000,13.432784936825598
4730,13586,1.5,0,0,5,10,460,1935,0,47.6319,3710,8828,14.713026134512095
2630,10100,1.0,0,0,4,9,1050,1967,0,47.5638,2400,9700,13.655928488139809
2160,7500,2.0,0,0,3,10,0,1982,0,47.6232,1550,3839,13.825460888817442
2930,150945,2.0,0,0,3,8,0,1972,2000,47.4658,2070,43935,13.63877337946422
2950,35108,1.5,0,0,3,10,0,1995,0,47.7316,3810,35181,13.617059619240436
1010,5973,1.0,0,0,5,6,0,1942,0,47.6652,1920,6015,13.422467969854667
2880,12000,2.0,0,0,3,8,0,1921,0,47.5861,1720,5000,13.567049198665774
2100,6092,2.0,0,0,3,8,0,2013,0,47.7508,2250,8592,13.226705374548228
1460,10500,1.0,0,0,3,7,0,1980,0,47.4461,1340,9600,12.304333014697693
1980,3243,1.5,0,0,3,8,0,1912,0,47.6429,1380,1249,13.58735446482652
840,8400,1.0,0,0,3,6,0,1959,0,47.3277,840,9450,11.56171562913966
1720,5000,1.5,0,0,3,8,0,1932,2009,47.738,1410,8300,12.948009990259552
1710,10480,1.5,0,0,4,6,0,1969,0,47.4743,1750,10480,12.676076274775909
3010,6100,2.0,0,0,3,9,0,2005,0,47.6647,2890,5176,13.579155112677833
2600,15000,2.0,0,0,3,9,0,1978,0,47.3719,2380,15000,12.966878474563934
1550,9060,2.0,0,0,3,7,0,1948,1979,47.5093,1080,7620,12.323855681186558
2190,3267,2.0,0,0,3,8,0,2004,0,47.7751,2190,3619,13.049792684569493
1370,10115,1.0,0,0,4,7,0,1957,0,47.2027,1450,9282,12.487296407920908
1890,7650,1.0,0,0,5,7,0,1966,0,47.3454,1510,7560,12.691580461311874
3390,10078,2.0,0,0,3,10,350,2012,0,47.537,3290,12332,13.527828485512494
2950,7232,1.0,0,2,3,8,1430,1983,0,47.5257,2130,7140,13.878954730520809
1260,1032,2.0,0,0,3,7,90,2008,0,47.5323,1240,809,12.706696406811568
3160,11193,1.0,0,0,5,6,750,1942,0,47.4937,1020,5940,12.815838217151068
1480,983,2.0,0,0,3,8,300,2013,0,47.5555,1330,1062,12.652359748158593
670,2356,1.0,0,0,5,6,0,1960,0,47.5918,1220,1740,12.409013489526863
2643,5750,2.0,0,0,3,8,0,2012,0,47.3519,2406,5772,12.839867831639848
1980,4500,2.0,0,0,3,7,0,2012,0,47.3682,1980,4500,12.6690201890517
4280,8465,2.0,0,0,3,10,0,2014,0,47.7325,2990,11067,13.811000402486387
2233,6025,2.0,0,0,3,7,0,2012,0,47.2599,1544,6036,12.668233097314884
2510,9240,2.0,0,0,4,8,0,2001,0,47.1896,2690,9240,12.774223335915433
1910,17003,1.5,0,0,4,8,0,1963,0,47.3095,1820,14806,12.608198852372823
720,7450,1.0,0,1,1,5,0,1924,0,47.584,2600,7360,12.594730635321957
2420,5773,2.0,0,0,3,8,0,2005,0,47.3772,2420,6200,12.837344422372032
2040,7600,1.0,0,0,4,8,460,1978,0,47.3169,2130,7200,12.513557345278134
2050,8909,1.0,0,2,4,8,360,1986,0,47.398,2190,8912,12.908922601551504
1490,10125,1.0,0,0,4,7,0,1962,0,47.3075,2488,4981,12.122691036591123
1340,7605,1.0,0,0,3,7,0,1992,0,47.1936,1670,7136,12.345834587905333
1420,22100,1.0,0,0,5,7,0,1957,0,47.4193,1540,21780,12.505806799006097
1060,9506,1.0,0,0,3,7,0,1959,0,47.7317,1520,8469,12.80628183043085
1660,5200,1.0,0,0,5,7,540,1906,0,47.6871,1260,5160,13.306599766403055
3500,13444,2.0,0,0,3,10,1140,1977,0,47.5468,3140,12935,13.704578997256993
2200,4544,2.0,0,0,3,8,0,2000,0,47.5319,2400,5431,13.17115354157376
2810,4984,1.0,0,0,3,9,1060,2006,0,47.4461,2810,5711,13.081437210791684
1820,4910,2.0,0,0,3,8,0,1993,0,47.5703,2090,6668,13.184398768323781
1580,13912,1.0,0,0,4,8,0,1955,0,47.7552,2130,16420,12.957488734214095
1070,4500,1.0,0,0,4,6,160,1932,0,47.4896,1280,4500,12.409013489526863
2450,7051,1.0,0,0,3,8,580,1990,0,47.5308,2450,8788,13.19393957589355
1500,3659,1.0,0,0,3,7,670,1906,0,47.6088,1560,3706,13.060487973686241
1600,3073,3.0,0,0,3,8,0,2009,0,47.5934,1130,2921,13.126355398673866
1630,10375,1.0,0,0,5,7,0,1968,0,47.7566,1360,10026,12.793859310432293
2170,4912,2.0,0,0,3,7,0,2003,0,47.7767,2010,4395,13.016891744462095
4520,40164,2.0,0,0,3,9,940,1953,2008,47.407,2870,13068,13.217673557208654
3060,8167,2.0,0,0,3,9,0,2005,0,47.5521,2930,4800,13.531820506782031
2260,7336,2.0,0,0,4,7,0,1977,0,47.7297,2200,7724,13.093963902882631
2200,11520,1.0,0,0,4,7,0,1952,0,47.7659,1690,8038,12.791077667470416
1060,6954,1.0,0,0,4,6,0,1983,0,47.5498,1560,6954,12.524526376648708
1790,9860,1.0,0,0,4,7,380,1978,0,47.6989,1820,9555,13.197470849891134
2130,4360,1.0,0,2,3,8,890,1959,0,47.6586,1830,5000,13.244581010128577
4060,8309,2.0,0,0,3,9,1100,2001,0,47.757,1730,11711,13.353475098367715
2530,5105,1.0,0,0,3,8,1010,2005,0,47.7546,2290,4011,13.151922179645874
1600,12500,1.0,0,0,5,7,0,1938,0,47.4713,1260,8306,12.782686009834167
2840,39324,1.0,0,0,3,9,640,1988,0,47.3076,2840,39413,13.017002861746503
1820,22320,1.0,0,0,3,7,570,1977,0,47.6441,2030,22320,12.948009990259552
2700,21208,1.0,0,0,4,8,750,1955,0,47.6078,2550,20409,13.345506928718539
2080,11866,1.0,0,0,3,8,0,1960,0,47.5872,2240,10696,13.608486388529947
2300,12682,1.0,0,2,3,8,0,1955,0,47.7588,2720,14643,13.304684934198283
1590,1845,2.0,0,0,3,9,0,1997,0,47.6897,2320,3174,12.92366850649243
2550,6117,2.0,0,0,3,9,900,1951,2004,47.6109,2100,4967,13.986130584783888
1250,6250,1.0,0,0,2,7,220,1949,0,47.5292,1130,6250,11.951180395901384
2470,10125,2.0,0,0,3,8,0,1960,2012,47.5651,2290,10125,13.785566681591202
3710,13874,1.5,0,3,4,9,1370,1977,0,47.5686,3370,13874,14.038654109278484
2760,10160,1.0,0,0,3,8,0,1969,0,47.4504,2760,9600,12.724866438945341
1300,7313,1.0,0,0,4,7,0,1968,0,47.4568,1770,8075,12.570715759118084
1540,6000,1.0,0,0,4,6,0,1953,0,47.7372,1490,8213,12.341477282536376
2250,14149,2.0,0,0,3,9,0,1992,0,47.7353,2450,14027,13.120361374733656
1600,3580,2.0,0,0,3,7,0,2000,0,47.4939,2020,4327,12.584509081250419
1870,4060,2.0,0,0,3,7,0,2005,0,47.3986,2190,4060,12.560244459250788
1210,7740,1.5,0,0,3,7,0,1922,0,47.5216,1100,7740,12.804909146618877
3720,14125,1.0,0,0,4,9,1790,1960,0,47.5911,3160,15300,13.681979165339751
2810,10433,2.0,0,0,3,8,0,2001,0,47.1895,2640,9240,12.765688433465597
2350,15021,1.0,0,0,4,8,580,1976,0,47.6408,3530,15715,14.077874822431765
2630,15000,1.0,0,0,4,7,940,1976,0,47.7425,1800,16500,13.122363377404328
3080,19635,1.0,0,2,4,7,1470,1958,0,47.3841,2424,12410,12.608198852372823
1500,3075,2.0,0,0,5,7,80,1929,0,47.6893,1480,3774,13.387032675547037
2410,55931,2.0,0,0,3,9,0,1989,0,47.3109,2780,55931,13.015891132893811
1720,4050,1.0,0,0,5,7,860,1906,0,47.6782,1720,4410,13.262125319779487
1290,1137,3.0,0,0,3,8,0,2007,0,47.6718,1290,1332,13.083622549087899
1950,7263,2.0,0,0,3,7,0,2007,0,47.5194,2190,5900,12.921470435024938
2900,18303,2.0,0,0,4,10,0,1994,0,47.5981,2900,18303,13.592367006650065
2010,16736,2.0,0,0,4,6,0,1929,0,47.7643,1890,11477,12.84792653170257
1440,9600,1.0,0,0,2,7,0,1964,0,47.3168,1740,43560,12.505992035646432
2400,5350,1.5,0,0,4,7,940,1929,0,47.6763,1250,4880,13.337474757021274
1490,9000,1.0,0,0,4,8,0,1977,0,47.5455,2190,9000,12.876462838967504
1800,9010,1.0,0,0,3,7,500,1975,0,47.7722,1950,10240,12.80765263256463
1640,10464,1.0,0,2,4,8,0,1968,0,47.5873,2630,18872,13.959610901938031
860,696,2.0,0,0,3,9,0,2009,0,47.5663,1100,3000,12.751299696013497
2180,7700,1.0,0,0,3,8,700,1961,0,47.7594,2180,7604,13.134291948269603
1440,9477,1.0,0,0,3,5,0,1943,0,47.5093,1440,9546,12.201060103706629
2780,275033,1.0,0,0,3,10,0,2006,0,47.4496,1680,16340,13.764217263576723
3710,15935,1.0,0,0,3,10,1580,2005,0,47.3528,3674,17913,13.091904169919621
3160,4270,2.0,0,0,3,8,510,2006,0,47.7453,2720,12523,13.226723392728571
1400,6739,1.0,0,0,3,7,400,1954,0,47.5402,1500,6380,12.69185119389127
1110,1189,3.0,0,0,3,8,0,2000,0,47.6711,1420,1311,12.823957341589573
1930,6000,1.0,0,0,3,8,800,1956,0,47.6516,1870,6000,13.235692062711331
1900,8282,1.0,0,0,3,7,0,1968,1997,47.2089,1420,8350,12.506177237980511
1670,4080,1.0,0,0,3,7,500,1967,0,47.6899,1560,4080,13.186276703147982
1180,7300,1.0,0,0,4,7,0,1968,0,47.2857,2030,8424,12.25462468611234
2670,8765,2.0,0,0,3,9,0,2006,0,47.4876,2880,8765,13.151922179645874
2920,24074,2.0,0,0,3,9,0,1997,0,47.381,2760,26023,13.226723392728571
2710,23292,1.0,0,4,3,9,630,1956,0,47.7608,2430,20000,13.81451005763069
3350,29242,2.0,0,0,3,11,0,1988,0,47.7197,3920,24728,13.721199878493033
6640,40014,2.0,1,4,3,12,290,2004,0,47.7493,3030,23408,15.319587954740548
2440,5088,2.0,0,0,3,7,0,2007,0,47.5406,2440,5762,12.959844447906553
3530,5500,2.0,0,0,3,8,670,1940,0,47.6618,2840,5500,14.319311566793301
870,2676,1.0,0,0,3,7,50,2004,0,47.5702,1500,1719,12.528156144699286
1160,7202,1.0,0,0,4,7,0,1957,0,47.7675,1620,8598,12.688498794774466
2220,4060,1.0,0,0,3,7,890,1993,0,47.5188,1930,5625,12.706847933442663
1000,5026,1.0,0,0,5,5,240,1915,0,47.297,990,5026,11.982897843727672
1970,15247,1.0,0,0,3,7,520,1986,0,47.5669,1300,10800,12.983101310070822
1430,6380,1.5,0,0,4,7,300,1945,0,47.6942,1570,6380,13.17115354157376
3220,9328,2.0,0,0,3,8,0,2006,0,47.7273,3020,9300,13.217673557208654
1380,4635,1.0,0,0,4,6,0,1919,0,47.57,1790,4635,13.071070083016778
1760,6788,2.0,1,4,3,7,0,1940,1960,47.7336,1630,7588,13.955272500339433
2220,6380,1.5,0,0,4,8,560,1931,0,47.6974,950,6380,13.38472764187182
2650,11520,2.0,0,0,3,8,540,1988,0,47.683,2000,7680,13.487006490992238
2130,12245,2.0,0,0,3,8,0,1989,0,47.3406,1910,12216,12.691580461311874
3030,3841,3.0,0,0,3,9,0,2005,0,47.6781,1080,4922,13.687677186454389
2430,14861,1.0,0,0,3,9,900,1988,0,47.7461,2230,10300,13.112313041550827
3290,5414,2.0,0,1,3,9,930,2006,0,47.7074,1820,9609,13.710094485207625
1370,8336,1.0,0,0,5,7,0,1964,0,47.7458,1770,7288,12.82530414313995
2140,7920,1.0,0,0,3,7,950,1959,0,47.5491,2140,7238,12.842649474601725
1670,8364,1.0,0,0,4,7,370,1990,0,47.369,1490,8143,12.506177237980511
1920,3300,1.0,0,0,4,8,960,1913,0,47.6239,1740,4000,13.493926933836812
1350,4003,1.0,0,0,3,8,0,2004,0,47.7176,1350,4479,12.971540487669746
910,8155,1.0,0,0,4,6,0,1948,0,47.7399,1240,8155,12.560244459250788
3500,10794,2.0,0,0,3,10,0,1996,0,47.5887,3110,10837,13.610943392223
1470,18459,2.0,0,0,4,6,0,1916,0,47.3302,1750,16074,12.037653993905211
2030,2222,2.0,0,0,3,9,420,2015,0,47.679,1420,2222,13.547631112808673
3490,9030,1.5,0,0,4,8,0,1969,0,47.3198,2540,8400,12.933621252807452
1560,9000,1.0,0,0,5,7,0,1969,0,47.6707,1510,8848,13.207255844422292
2390,4000,2.0,0,0,3,7,0,2014,0,47.5173,1680,5000,13.044401835934616
1830,12891,1.0,0,0,3,7,0,1994,0,47.3924,2320,8709,12.72635342806692
2680,8062,1.0,0,3,4,7,1150,1967,0,47.4132,1920,8600,13.060487973686241
1960,9021,2.0,0,0,4,8,0,1973,0,47.6349,1960,9975,13.321214236149494
1830,7200,2.0,0,2,3,8,80,1923,0,47.6315,3100,7200,14.038654109278484
1220,17652,1.0,0,0,4,7,0,1980,0,47.4712,1990,17652,12.93723789327764
2650,8610,2.0,0,0,3,8,0,1959,2007,47.6155,1680,8316,13.588609957772352
4140,7924,2.0,0,0,3,10,0,2005,0,47.6102,3960,8410,13.87377946608825
930,5650,1.0,0,2,3,7,0,1941,0,47.5478,1340,6400,12.631340380934517
1950,5602,1.0,0,0,5,7,830,1966,0,47.5437,2000,6050,12.966878474563934
1160,10500,1.0,0,0,4,7,0,1966,0,47.7267,1520,10500,12.661913960963405
2340,57499,1.0,0,0,3,8,0,1988,0,47.6989,3260,137649,13.304684934198283
1700,7800,1.0,0,0,5,7,580,1981,0,47.4801,1560,7800,12.762827201184564
3020,36893,2.0,0,0,3,9,0,1986,2007,47.768,3020,36444,13.579788224443204
2590,9354,2.0,0,0,4,9,0,1993,0,47.7703,2730,9264,13.122363377404328
2030,8100,1.0,0,0,3,7,880,1973,0,47.7404,1770,8071,12.948009990259552
2110,11250,1.0,0,0,4,8,0,1961,0,47.5402,2560,10992,13.518451323699896
2800,4687,2.0,0,0,3,9,0,2005,0,47.3594,2750,4750,12.896716695872
1770,1714,3.0,0,0,3,8,0,2012,0,47.6532,1720,3360,13.417269294945429
1250,7680,1.0,0,0,3,7,0,1922,1968,47.5242,1250,7680,12.89921982609012
2000,12669,1.0,0,3,4,7,800,1965,0,47.3579,1580,12055,12.813117127036707
1190,5100,1.0,0,0,4,7,160,1941,0,47.5346,1690,5100,12.999065161059836
1460,10311,1.0,0,0,4,7,0,1975,0,47.6771,1690,9679,13.02915099568215
1930,8660,1.0,0,0,3,7,810,1981,0,47.3261,1830,9591,12.431613321444106
1010,7338,2.0,0,0,4,7,0,1981,0,47.5123,1220,7719,12.66032791780777
1520,5040,2.0,0,0,3,7,0,1977,2006,47.777,1860,8710,12.98287139858573
2420,14862,1.0,0,0,3,8,1040,1977,0,47.3301,2550,14675,12.691580461311874
1680,9244,2.0,0,0,3,8,0,1991,0,47.4612,1840,9387,12.791077667470416
2990,7292,2.0,0,0,4,8,0,1990,0,47.3604,2150,8190,12.736553826954605
1950,7260,1.0,0,0,3,8,430,1957,0,47.7187,1950,7548,12.793859310432293
1820,4883,2.0,0,0,3,9,0,2005,0,47.7355,2720,5002,13.144124869185841
2480,8676,2.0,0,0,4,8,0,1989,0,47.53,2540,9496,13.226723392728571
1500,7828,1.0,0,0,4,7,0,1967,0,47.4484,1500,7700,12.66032791780777
2880,8061,2.0,0,0,3,9,0,1988,0,47.439,2650,7660,12.994530005894443
3090,5600,2.0,0,0,3,9,0,2005,0,47.597,3080,5788,13.470199372675857
1700,6635,2.0,0,0,4,8,0,1976,0,47.6655,1700,6635,12.916568464424731
3790,6874,2.5,0,0,3,9,0,2010,0,47.6956,3370,6535,13.681979165339751
2100,8298,1.0,0,0,4,7,870,1952,0,47.4601,1700,10830,12.721885810807203
1090,8520,1.0,0,0,3,7,0,1967,0,47.3364,1190,8520,12.154779351142624
1780,8820,1.0,0,0,4,8,300,1966,0,47.3618,1780,8625,12.644327576461329
1150,8079,1.0,0,0,4,7,0,1983,0,47.3766,1540,7399,12.083905011555967
1370,7944,1.5,0,0,3,7,0,1961,0,47.4224,1370,9181,12.296827008798639
1570,1269,2.0,0,0,3,9,290,2015,0,47.6514,1570,6000,13.122363377404328
1640,29970,2.0,0,0,3,7,0,1992,0,47.6359,1580,28399,13.045482333068371
2350,4675,2.0,0,0,3,9,200,1923,0,47.6344,2240,3848,13.687677186454389
2050,6420,1.0,0,3,3,8,320,1956,0,47.5708,2370,7620,13.415032991367148
2710,3326,2.0,0,0,3,8,1060,2005,0,47.5371,2280,2738,13.329377546788654
950,4000,1.0,0,0,3,6,0,1910,0,47.5728,1480,4000,12.676076274775909
520,22334,1.0,0,0,2,5,0,1951,0,47.4799,1572,10570,11.320553572322773
1140,5940,1.0,0,2,3,7,0,1916,0,47.6795,1630,4000,13.253303916664924
2960,28005,2.0,0,0,3,10,0,1989,0,47.7477,3510,35248,13.541073712262515
3800,15500,1.0,0,0,3,7,1310,1965,0,47.3862,2000,13980,12.84792653170257
1180,6000,1.0,0,0,3,7,0,1910,0,47.6531,1600,6000,13.017002861746503
4400,15580,2.0,0,0,3,11,1010,2003,0,47.6232,2150,14249,14.403297222866392
1730,7200,1.5,0,0,4,6,0,1944,0,47.3774,860,7200,12.33027944898436
2070,9697,2.0,0,0,4,7,740,1929,0,47.4327,2000,14436,12.994530005894443
1880,6047,2.0,0,0,3,8,0,1993,0,47.3722,2120,7188,12.84792653170257
4270,6384,2.0,0,0,3,9,1210,2001,0,47.5362,2850,6285,13.554145793829866
2950,5000,2.0,0,3,3,9,970,1979,0,47.5714,2140,4000,13.38472764187182
1930,10929,1.0,0,0,3,8,670,1964,0,47.7657,2030,8750,13.253391639810733
1730,8490,1.0,0,0,3,7,520,1969,0,47.7187,1870,7400,13.038981768465277
1590,11745,1.0,0,0,3,7,500,1978,0,47.3553,1540,12530,12.154779351142624
1450,9044,2.0,0,0,3,7,0,1990,0,47.1955,1450,9044,12.312682380588432
930,11450,1.0,0,0,3,6,0,1946,0,47.4862,1150,11450,12.154779351142624
1430,2003,2.0,0,0,3,8,450,1996,0,47.5908,2210,4000,13.033532163697712
3740,11467,2.0,0,0,3,10,0,2014,0,47.581,2510,27520,13.94653004840238
1540,20281,1.0,0,0,3,7,0,1977,0,47.5817,1710,21090,13.081541382884074
1700,3333,1.5,0,0,3,7,600,1924,0,47.6784,1700,3750,13.262125319779487
870,4000,1.0,0,0,3,6,0,1941,0,47.5657,1420,4000,12.92391243868049
2300,7989,2.0,0,0,3,9,0,1990,0,47.6273,2280,8835,13.235692062711331
1520,8720,1.0,0,0,3,7,440,1981,0,47.4267,1720,7551,12.505992035646432
1560,5000,1.5,0,1,4,7,0,1942,0,47.7006,2620,5400,13.492546671367853
1420,4923,1.5,0,0,4,8,0,1928,0,47.6901,1470,4923,13.428376406540833
1970,8426,2.0,0,0,3,8,0,1992,0,47.2674,1970,9197,12.542544882151386
3150,38865,1.0,0,0,3,10,670,1986,0,47.7302,3150,35880,13.657686472770706
3150,6175,2.0,0,0,3,9,0,2001,0,47.5968,3150,6986,13.42984807715229
1760,9222,1.0,0,0,3,7,620,1971,0,47.3099,1800,9222,12.449018824140563
3760,29224,2.0,0,0,3,11,0,1987,0,47.7203,3930,19916,13.825460888817442
3030,9687,2.0,0,0,3,8,1010,1998,0,47.485,2050,10193,13.062613372998555
2250,26337,1.0,0,0,3,8,0,1980,0,47.3032,1830,26337,12.691580461311874
3840,16619,2.0,0,1,4,10,0,1983,0,47.5634,3600,16553,13.927051932697182
1280,4720,1.0,0,0,4,7,430,1941,0,47.5509,1280,4720,13.049792684569493
2880,8833,2.0,0,0,3,7,0,2006,0,47.5388,2570,5234,13.19188944005294
3000,7500,2.0,0,0,3,9,0,1937,1994,47.6571,2580,5000,14.339054954138039
4470,86225,2.0,0,0,3,10,0,1991,0,47.6377,3850,97049,13.693342923990066
1270,1062,2.0,0,0,3,8,210,2008,0,47.6568,1260,1112,12.978493006984626
1670,4572,1.5,0,0,3,8,0,1931,0,47.6854,1480,4890,13.279367126213993
2410,8944,1.0,0,0,4,8,550,1967,0,47.4494,2750,9600,12.936033799212835
1010,8184,1.0,0,0,4,6,0,1947,0,47.7416,1010,8184,12.762827201184564
1990,4600,1.5,0,2,4,8,570,1932,0,47.5638,1810,5750,13.401509118833824
870,18537,1.0,0,0,4,6,0,1946,0,47.275,1300,22800,12.205822614274965
1400,11245,1.0,0,0,5,7,0,1947,0,47.7469,1220,11241,12.950388112664518
1990,15985,1.0,0,0,3,8,450,1964,0,47.6205,2470,10125,13.203021280421783
1510,11165,1.5,0,0,4,7,0,1921,0,47.7212,2210,8851,13.215853720491667
2410,9916,2.0,0,0,4,10,0,1989,0,47.6911,2310,8212,13.458835614025542
1010,8711,1.0,0,0,5,6,0,1944,0,47.4914,1250,8053,12.429216196844383
1140,10320,1.0,0,0,4,7,0,1963,0,47.7168,1140,10412,12.845291484064564
2090,7500,1.0,0,0,4,7,810,1977,0,47.3951,1800,7350,12.570715759118084
2680,4775,2.0,0,2,5,8,800,1913,0,47.6333,2280,5947,14.119312012295937
1130,5200,1.0,0,0,3,6,0,1968,0,47.3616,1140,5200,12.100434313507177
1490,15850,1.0,0,0,3,7,0,1946,0,47.7411,1950,13228,12.323855681186558
4120,8258,2.0,0,0,3,10,0,2012,0,47.5872,3730,8332,13.764164630612687
2320,5375,2.0,0,0,3,7,0,2006,0,47.5415,2060,5395,13.019222618484815
1650,8850,1.0,0,0,3,7,0,1959,0,47.4331,1400,8800,12.301382825334498
2100,6936,1.0,0,0,3,8,500,1974,0,47.6737,2100,8661,13.248114582709889
4120,12500,1.0,0,4,4,8,2060,1947,0,47.5914,3680,5000,14.038654109278484
1960,10400,1.0,0,0,4,8,740,1985,0,47.3199,1650,8660,12.560244459250788
1560,7569,1.5,0,0,4,7,0,1966,0,47.4496,1480,8755,12.538967060803502
2650,12870,1.0,0,0,4,7,0,1977,0,47.2069,1450,8668,12.691580461311874
2800,49149,1.0,0,0,4,7,1400,1978,0,47.4649,2560,61419,12.994530005894443
3740,41458,2.0,0,2,3,11,0,2000,0,47.7375,3750,38325,13.891081744811348
1210,5200,1.0,0,0,5,6,0,1969,0,47.3615,1120,5200,11.796787751319144
1550,7410,1.5,0,0,5,7,0,1944,0,47.4951,1250,7467,12.542544882151386
3420,222156,2.0,0,0,3,9,0,2002,0,47.3608,3340,222156,13.38472764187182
2060,4080,1.0,0,0,5,7,1000,1921,0,47.574,1400,4080,13.316284070041636
2150,9250,2.0,0,0,3,8,0,1984,0,47.7179,2240,9266,13.234798806734117
2770,5854,1.5,0,0,3,8,650,1921,0,47.6466,2300,5450,13.437174117244362
3500,7254,2.0,0,0,3,8,740,2005,0,47.5444,2820,6317,13.357435499583813
2050,4080,2.0,0,0,3,8,0,1991,0,47.6698,1890,4080,13.579788224443204
960,5750,1.0,0,0,3,7,0,1951,0,47.5689,1520,5750,13.102160670086809
2210,8010,2.0,0,0,3,8,0,1998,0,47.4845,2430,9600,13.005829561148378
2490,10720,1.0,0,1,4,7,1090,1979,0,47.6137,3080,10720,13.027613040858519
1230,3800,1.0,0,0,3,7,0,1928,0,47.6797,1610,3800,12.983101310070822
1370,8280,1.0,0,0,4,7,0,1980,0,47.4096,1850,7820,12.310432660854417
1790,229125,2.0,0,3,3,7,0,1987,0,47.2309,1970,216928,13.071070083016778
3020,6000,1.5,0,0,5,7,1160,1925,0,47.5207,1380,6000,13.180632285528304
1650,3031,2.0,0,0,3,7,0,2003,0,47.682,1560,3070,12.989974189358584
2090,4700,2.0,0,0,3,8,0,2002,0,47.3724,2740,5040,12.57418196709457
1510,11200,1.0,0,0,4,8,0,1960,0,47.3347,2110,12070,12.73895717281511
2540,4775,2.0,0,0,3,7,0,2006,0,47.3341,2270,5000,12.644327576461329
4560,13363,1.0,0,4,3,11,1800,1995,0,47.6205,4060,13362,14.978661367769956
1350,6696,1.0,0,0,5,6,670,1944,0,47.4919,1350,6700,12.506177237980511
3040,7232,2.0,0,0,3,7,0,2003,0,47.3355,2760,6926,12.706847933442663
2630,39000,2.0,0,0,3,9,0,1979,0,47.4089,2270,66647,13.025852477023484
2740,18455,2.0,0,1,4,10,1230,1977,0,47.5585,2840,16438,13.457406021215947
1710,5000,1.0,0,0,4,7,350,1918,0,47.5492,1490,6250,13.237476184504834
910,7000,1.0,0,0,3,7,0,1952,0,47.6999,1260,7528,12.871334622600584
1960,5160,1.0,0,0,3,7,790,2001,0,47.5313,1960,5160,12.531772785169476
1330,16000,1.0,0,0,3,7,0,1978,0,47.28,1330,14374,12.100712129872347
3470,4750,2.0,0,2,3,9,1100,2014,0,47.5917,2420,4761,14.01272072725198
3800,104979,2.0,0,0,3,8,590,2005,0,47.4304,2040,109771,13.064734264567692
1320,963,2.0,0,0,3,7,280,2007,0,47.5199,1300,1285,12.449018824140563
2420,6847,2.0,0,0,3,9,0,2009,0,47.7329,1180,8100,13.384650715836164
1950,12240,1.0,0,0,3,7,700,1956,0,47.7401,1880,12000,12.873902018105829
1120,8661,1.0,0,0,3,7,0,1946,0,47.7034,1470,7205,12.896716695872
2456,7566,2.0,0,0,3,8,0,2012,0,47.297,2478,7212,12.706696406811568
5860,7200,2.0,0,0,5,10,2170,1907,0,47.6287,4150,7200,14.690979295318174
2110,8500,1.0,0,0,3,7,1010,1962,0,47.7737,2020,8500,12.611537753638338
2400,17842,2.0,0,0,4,7,0,1973,0,47.2866,1610,12100,12.524526376648708
1060,925,2.0,0,0,3,8,80,2006,0,47.6386,1020,4000,13.071070083016778
770,8600,1.0,0,0,4,4,0,1914,0,47.5325,1420,6960,12.421184025147118
2450,10117,1.0,0,0,5,8,870,1967,0,47.5694,2530,10125,13.321214236149494
1970,4564,1.0,0,0,3,8,500,1959,0,47.6703,1980,5000,13.345506928718539
1790,19177,1.0,0,0,4,7,0,1966,0,47.3617,1760,11726,12.408809387066722
1030,9120,1.0,0,0,3,7,0,1961,0,47.3607,1470,10220,12.314927050442256
2300,6158,2.0,0,0,3,9,0,1999,0,47.6943,2170,6434,13.560618308335483
2310,13430,1.5,0,0,4,8,0,1966,0,47.6395,2810,13906,13.652991628466498
3140,8060,2.0,0,0,3,9,0,1991,0,47.3091,3000,8060,12.873773804758644
2560,8270,1.0,0,0,3,7,1080,1979,0,47.7572,2320,8450,13.012548511397123
1530,4370,1.0,0,0,3,7,400,1946,0,47.6888,1580,4275,13.036696550647237
670,5600,1.0,0,0,3,6,0,1903,0,47.5498,1960,7176,12.367340793126296
2310,7490,2.0,0,0,3,8,0,1980,0,47.4379,2310,8480,12.676076274775909
1330,14560,1.0,0,0,3,7,0,1983,0,47.6599,1510,9890,13.071070083016778
3030,5600,2.0,0,2,3,9,810,1905,2005,47.5978,2040,6600,14.01436141670944
1630,5996,2.0,0,0,3,7,0,1986,0,47.4738,1660,4504,12.765688433465597
1370,10866,1.0,0,0,4,6,0,1945,0,47.6774,1580,14250,12.323855681186558
1840,9990,2.0,0,0,5,8,0,1961,0,47.7145,2100,12474,13.438632906708023
2170,7700,1.0,0,0,3,7,750,1969,0,47.7216,1710,7770,13.049792684569493
1300,6617,1.0,0,0,3,7,0,1986,0,47.7238,1820,7800,12.690040815126281
2700,6947,2.0,0,3,3,9,0,2013,0,47.5172,2500,6947,13.764217263576723
2070,37904,1.0,0,0,4,7,650,1973,0,47.425,2011,19110,12.644327576461329
2040,7503,2.0,0,0,3,8,0,1987,0,47.5718,2170,7503,13.335860551666734
1730,2760,1.5,0,0,3,7,480,1918,0,47.6342,1630,3200,13.241034907121827
2640,8215,1.0,0,0,4,7,1140,1966,0,47.5819,2070,7875,13.38472764187182
1690,35346,1.0,0,0,3,7,0,1967,0,47.6149,2050,37846,13.32530422140102
1340,1402,2.0,0,0,3,8,220,2008,0,47.588,1340,1213,12.873902018105829
2660,8737,1.0,0,4,5,8,1190,1969,0,47.5667,3280,8783,13.9108207377686
1250,1017,3.0,0,0,3,8,0,2008,0,47.7099,1250,1017,12.669806661762314
2406,7093,2.0,0,0,3,8,0,2006,0,47.2615,1767,7093,12.508027377268673
2490,5170,2.0,0,0,4,9,0,2000,0,47.6836,2490,5170,13.493926933836812
1510,7280,2.0,0,0,3,7,0,1987,0,47.6264,1510,8120,13.00019574343012
1200,5029,1.0,0,0,3,6,320,1937,0,47.6936,1510,5854,12.948009990259552
1180,8353,1.0,0,0,3,7,0,1960,0,47.7652,1710,8748,12.758519943986984
1870,4198,2.0,0,0,3,7,0,2008,0,47.3657,1870,4184,12.657145080171944
2370,3302,2.0,0,0,3,8,760,1926,2014,47.684,2170,3800,13.592367006650065
2040,53578,1.0,0,0,5,7,880,1959,0,47.3844,2040,53578,13.208541073645382
2330,4606,2.0,0,0,3,8,0,2004,0,47.3934,2330,5783,12.637855061955712
860,5160,1.0,0,0,4,7,0,1909,0,47.6823,1090,5356,12.873902018105829
2500,36254,1.0,0,0,4,8,910,1978,0,47.4685,2360,36254,13.017002861746503
3490,21780,2.0,0,0,3,8,0,1996,0,47.6707,3070,7829,13.62918097977278
1980,6760,1.0,0,0,4,8,0,1973,0,47.6398,2120,7280,13.180632285528304
990,4313,1.5,0,2,4,6,0,1917,0,47.5677,1480,5750,12.999065161059836
2050,8683,2.0,0,0,3,8,0,1987,0,47.62,2010,8744,13.217673557208654
1900,7604,2.0,0,0,3,8,0,1990,0,47.7002,1980,9583,13.1470559899947
3060,7831,2.0,0,2,3,9,0,2004,0,47.5401,3140,7438,13.38472764187182
1680,7910,1.0,0,0,3,7,0,1949,0,47.5085,1330,7910,13.304601597392535
1950,4949,2.0,0,0,3,7,0,2009,0,47.5155,2200,5740,12.971540487669746
1530,19007,1.0,0,0,4,8,240,1949,0,47.4508,2090,20962,12.992254692057308
1670,8023,1.0,0,0,5,7,500,1960,0,47.615,1960,8964,13.453104939316557
2760,6440,2.0,0,0,3,10,0,1999,0,47.5836,3070,8127,13.438632906708023
2230,10160,1.0,0,0,3,7,830,1968,0,47.5123,1740,10080,12.542544882151386
2570,11473,2.0,0,0,3,8,0,2008,0,47.2809,2430,5997,12.784089518836488
1150,11396,1.5,0,0,4,7,0,1950,0,47.7435,1600,8146,12.77846362495432
1400,2421,2.0,0,0,3,9,0,2005,0,47.695,1500,2743,13.367659733359671
2910,13332,2.0,0,0,4,8,0,1940,1991,47.4977,1760,8900,13.312983737012978
1770,6000,1.0,0,0,3,7,640,1952,0,47.7135,1900,7200,12.948009990259552
1350,4286,1.0,0,0,3,8,0,2004,0,47.7171,1440,4839,13.028052697933088
1480,3876,1.0,0,0,5,7,620,1928,0,47.6808,1660,3774,13.404530269168
2600,41041,1.5,0,0,4,8,0,1965,0,47.6634,2750,37318,13.832367675030698
1170,10051,1.0,0,0,4,7,0,1957,0,47.4229,1440,9800,12.206072645530174
1890,8549,1.0,0,0,3,8,0,1967,0,47.6328,1940,7210,13.17115354157376
3120,10400,2.0,0,0,3,8,0,1980,0,47.3097,2160,8267,12.741102957992982
1570,4000,1.5,0,0,3,7,0,1920,0,47.6275,1610,4000,13.17115354157376
1250,8636,1.0,0,0,5,7,0,1968,0,47.5066,1620,7653,12.676076274775909
1440,3600,1.5,0,0,4,7,0,1924,0,47.5694,1010,5175,13.217673557208654
1750,11461,2.0,0,0,4,7,0,1976,0,47.3173,2140,11276,12.357088416661945
2280,5959,1.0,0,0,3,7,1030,1947,0,47.5655,1640,5911,13.17115354157376
1440,8680,1.5,0,0,3,7,0,1922,0,47.502,1440,9000,12.771386454580234
2610,7256,2.0,0,0,3,9,0,2014,0,47.695,2610,7206,13.534406800872615
2480,5007,2.0,0,0,3,8,520,2014,0,47.6974,1650,7806,13.560618308335483
1220,2980,2.0,0,0,3,7,0,1986,0,47.7151,1220,2140,12.672946381766982
1060,1241,2.0,0,0,3,7,100,2008,0,47.5999,1170,1400,12.77351486971506
1730,2940,3.0,0,0,3,7,0,1985,0,47.6911,1690,4410,13.102160670086809
860,5060,1.5,0,0,3,7,0,1927,0,47.7062,880,5060,12.676076274775909
2450,15002,1.0,0,0,5,9,0,1974,0,47.4268,2650,15055,13.180632285528304
2310,8303,1.0,0,0,3,7,1010,1975,0,47.7212,1930,8303,13.060381585048447
2800,2580,2.0,0,0,3,8,920,1997,0,47.6086,1800,2580,13.102160670086809
1180,11862,1.0,0,0,4,7,0,1948,0,47.7153,1540,8100,12.89418215832278
980,5100,1.0,0,0,4,6,0,1907,0,47.6824,1190,5100,12.886641043883259
1000,4950,1.0,0,0,3,7,200,1948,0,47.5671,1060,5500,13.17115354157376
2440,9727,2.0,0,0,3,9,0,1987,0,47.6613,2370,11503,13.52716159652479
3970,9778,2.0,0,2,4,11,580,1928,0,47.6312,3970,8460,14.648419680899378
2732,7655,2.0,0,0,3,7,0,2009,0,47.3045,3078,69993,12.745485726148077
2330,3600,1.5,0,0,3,8,0,1971,0,47.631,2050,4275,13.102160670086809
2080,9846,1.0,0,0,3,7,840,1984,0,47.3338,1890,7977,12.56706326353651
3550,12327,1.5,0,0,4,10,1370,1990,0,47.7533,3170,12937,13.487006490992238
1720,6194,2.0,0,0,3,8,0,1998,0,47.2624,1720,6211,12.449018824140563
3380,9528,2.0,0,0,3,10,0,1994,0,47.5275,3630,14089,13.529160930746272
4930,77536,2.0,0,0,3,9,1000,1981,0,47.7634,2760,7351,13.304684934198283
2075,16200,2.0,0,0,3,8,0,2002,0,47.4848,2300,32379,12.978954794108972
1920,9812,2.0,0,0,3,8,0,2000,0,47.7633,1830,10534,12.976180867226248
1720,7560,1.0,0,0,3,7,0,1959,0,47.2845,1750,7988,12.235631447771718
3950,10856,3.0,0,0,3,10,0,2013,0,47.5818,3200,10856,13.726132746813057
4030,4200,3.0,0,0,3,9,0,1992,0,47.6416,2130,5000,13.764217263576723
4790,25412,2.0,0,0,3,12,0,1999,0,47.603,3830,16314,14.331323723241304
2140,15950,1.0,0,2,4,8,770,1968,0,47.4797,2600,14273,13.339891189932903
980,9135,1.0,0,0,3,7,0,1955,0,47.3496,1780,9135,12.128111104060462
1480,8163,1.0,0,0,3,7,440,1953,0,47.638,2170,11124,13.670484785914017
2500,9583,1.0,0,0,3,7,1200,1979,0,47.3946,2120,19352,12.367340793126296
2600,4674,1.0,0,0,3,8,1040,1976,0,47.6782,2600,6099,13.527828485512494
1360,10726,1.0,0,0,4,7,0,1966,0,47.4948,1650,10726,12.761393509182716
2170,12220,1.0,0,0,5,8,0,1965,0,47.6537,1980,9000,13.717897729097274
1494,1262,3.0,0,0,3,8,0,2011,0,47.6826,1494,1264,13.38472764187182
2000,217800,2.0,0,0,3,8,0,1996,0,47.5599,2220,217800,13.199324418540456
1080,6250,1.0,0,0,2,5,0,1950,0,47.5045,1070,6250,11.964001084330445
1550,1827,2.0,0,0,3,8,0,2008,0,47.5394,1420,1826,12.676076274775909
1780,9794,1.0,0,0,3,7,0,1967,0,47.7419,1160,9750,12.774223335915433
1650,7552,1.0,0,0,4,7,790,1977,0,47.7765,1410,7199,12.793859310432293
2330,8627,1.0,0,0,4,7,850,1980,0,47.4543,1940,9607,12.691580461311874
1720,2000,1.5,0,0,3,8,660,1910,2000,47.6384,1590,4000,13.748301808270824
1520,6805,1.0,0,0,4,7,480,1981,0,47.2907,1440,7041,12.487485104968359
2960,5054,2.0,0,0,3,9,0,2006,0,47.3601,2960,5000,12.86099861326992
1020,8442,1.0,0,4,4,7,100,1941,0,47.5145,2550,10323,13.42984807715229
2550,45254,2.0,0,0,3,9,0,2001,0,47.6498,2190,49222,13.45166712454693
2410,8400,1.0,0,0,3,7,810,1978,0,47.7341,1850,8400,12.976180867226248
1550,5000,1.0,0,0,3,7,300,1911,2011,47.6722,1110,5000,13.38472764187182
1770,8755,1.0,0,0,3,8,440,1981,0,47.4464,1910,8710,12.699243334057444
720,3166,1.0,0,0,3,6,0,1920,0,47.5811,1140,6250,12.834681304952548
1790,4000,1.0,0,0,4,7,750,1923,0,47.6405,1310,4000,13.473020249017498
880,9000,1.0,0,0,3,5,0,1928,0,47.4672,1410,10000,11.77528972943772
820,6366,1.0,0,0,5,6,0,1952,0,47.7512,1580,10169,12.591335046320818
2710,22860,1.0,0,0,4,7,860,1962,0,47.3207,1700,22860,12.791077667470416
1560,7575,1.0,0,0,3,8,0,2002,0,47.3776,2050,9000,12.577636201962656
1010,6000,1.0,0,0,4,6,0,1944,0,47.771,1610,7313,12.618182296357007
1420,7920,1.0,0,0,4,7,0,1962,0,47.2931,1420,7920,12.367340793126296
1900,4054,2.0,0,0,3,7,0,2003,0,47.3767,2520,4085,12.611371073081239
3120,6000,2.0,0,0,3,9,0,2007,0,47.3473,2670,6000,12.947890935553772
2520,5000,2.0,0,0,3,9,0,2004,0,47.5524,2910,5001,13.42984807715229
1710,134489,1.0,0,2,5,7,0,1952,0,47.2207,1700,63823,12.891691559669328
3470,9610,3.0,1,4,3,11,0,1989,2000,47.7205,4130,11875,14.580978400103845
1210,3600,1.5,0,2,5,7,0,1910,0,47.6798,1630,3910,13.427639758257062
3030,5156,1.5,0,0,4,9,950,1929,0,47.647,1910,5720,13.686540176667314
970,9130,1.0,0,0,3,6,0,1957,0,47.4369,1000,8886,12.208320118070652
2440,10179,1.0,0,0,4,7,1220,1962,0,47.4118,1650,9711,12.544329003944888
1850,9248,2.0,0,0,3,8,0,1997,0,47.735,2080,8711,13.151922179645874
1390,1132,2.0,0,0,3,8,260,2006,0,47.6228,1400,1237,13.36138027787483
2370,11172,2.0,0,0,3,9,0,1993,0,47.5345,2550,11558,13.369223455335854
1700,9000,1.0,0,0,3,7,0,1967,0,47.7308,1930,7818,12.955127458028414
2850,5577,2.0,0,0,3,8,900,2014,0,47.5252,2850,5708,13.318752191409718
1810,7200,1.0,0,0,4,7,680,1954,0,47.7493,1810,8100,12.973863369085885
1650,1180,3.0,0,0,3,8,0,2014,0,47.6638,1650,1960,13.303016877097587
1630,7800,1.0,0,0,5,7,0,1950,0,47.7326,1470,7800,12.838673326222086
1430,10850,1.0,0,0,3,7,0,1994,0,47.2671,1610,8015,12.367128004530962
3200,6691,2.0,0,0,3,7,0,2002,0,47.367,2610,6510,12.952760593018148
1500,19113,1.0,0,0,3,7,0,1984,0,47.6976,1820,18151,12.943236711506893
1640,7222,2.0,0,0,4,7,0,1908,0,47.5215,1240,5100,12.594730635321957
960,6400,1.0,0,0,4,6,140,1944,0,47.496,1200,6600,12.575910575995186
1970,8605,2.0,0,0,4,7,0,1994,0,47.1944,1970,8460,12.601487417784837
1050,5402,1.5,0,0,4,7,0,1906,0,47.5867,1510,4685,12.736553826954605
3770,10893,2.0,0,2,3,11,0,1997,0,47.5646,3710,9685,13.852806342707972
2720,37258,2.0,0,0,3,10,0,1994,0,47.7402,3270,39714,13.357435499583813
2140,9990,1.0,0,0,4,8,0,1962,0,47.3484,2060,9990,12.506177237980511
809,940,2.0,0,0,3,7,0,2003,0,47.5499,1260,4240,12.296827008798639
1670,7606,2.0,0,0,3,7,0,1990,0,47.1949,1670,7433,12.367340793126296
1280,2114,1.5,0,0,3,8,0,1904,0,47.6174,1540,1456,13.440817108522863
1850,9570,1.0,0,0,4,7,900,1940,0,47.697,1430,6380,13.213117740672793
1940,11500,1.0,0,0,4,7,850,1955,0,47.5774,1700,8360,12.948009990259552
1470,6122,1.0,0,0,3,8,270,1948,0,47.6517,2200,6122,13.38779984090879
720,4800,1.0,0,0,3,6,0,1914,0,47.5303,1240,4860,12.154779351142624
2440,3052,2.0,0,0,3,8,500,2006,0,47.555,2390,4600,13.071070083016778
2690,17461,2.0,0,3,3,10,0,1997,0,47.654,3610,16887,13.5985975564007
1120,1312,2.0,0,0,3,7,120,2004,0,47.534,1560,1314,12.2783933071098
1950,6504,1.0,0,0,3,8,420,1953,0,47.6934,1660,6552,13.011431816697048
2500,8434,2.0,0,0,4,8,0,1988,0,47.6915,1900,8131,13.435713196604688
970,7854,1.0,0,0,4,7,0,1980,0,47.4899,1480,7800,12.478006361013815
2090,3821,2.0,0,0,3,7,0,2008,0,47.3655,2040,4200,12.782405071498284
940,9272,1.0,0,0,3,7,0,1954,0,47.4353,1270,9375,12.323855681186558
1270,10713,1.0,0,0,4,7,0,1969,0,47.7247,1620,8250,12.983101310070822
1530,1840,2.0,0,0,3,8,290,2008,0,47.587,1800,3431,13.038981768465277
2670,13463,2.0,0,0,4,9,0,1989,0,47.5627,2560,10982,13.444446876573442
1470,7518,1.0,0,0,3,7,310,1985,0,47.2725,1720,8300,12.301382825334498
2900,5505,2.0,0,0,3,8,0,2002,0,47.6063,2970,5251,13.422467969854667
1270,3700,1.5,0,0,3,7,0,1909,0,47.5949,1980,3200,12.910407015480683
1960,1477,2.0,0,0,3,7,290,2012,0,47.4873,1980,1467,12.611537753638338
2310,68824,2.0,0,0,4,7,0,1968,0,47.3354,2020,39900,12.917673504748366
2110,4099,2.0,0,0,3,8,0,2001,0,47.7508,2110,4871,13.214030565930152
2020,4960,2.0,0,0,3,7,310,1938,0,47.6867,1590,4550,13.102160670086809
2240,4508,1.0,0,2,4,8,900,1926,0,47.5096,1930,5250,13.051940913107783
2320,16800,2.0,0,0,4,9,0,1977,0,47.2959,2700,15680,12.468436909997665
2110,8500,1.0,0,0,3,7,1010,1962,0,47.7737,2020,8500,13.114331205707064
2850,19200,1.0,0,3,3,8,510,2004,0,47.3378,2860,18240,13.209274749393625
2220,8994,1.0,0,0,4,8,1110,1962,0,47.5473,2220,8994,13.122363377404328
1480,2700,1.5,0,0,3,7,0,1928,0,47.623,1970,4200,13.66002565512388
880,7683,1.0,0,0,3,6,0,1942,0,47.7145,1370,7695,12.69495936177741
2320,3174,2.0,0,0,3,9,260,1997,0,47.6897,2320,3187,13.180632285528304
1740,5100,1.0,0,0,3,6,1160,1915,0,47.5211,1440,5100,12.230765258120545
1070,9750,1.0,0,0,3,7,0,1947,0,47.7532,1500,8775,12.697715449879391
1670,8195,1.0,0,0,3,7,0,1954,1975,47.6627,1980,7500,13.399995114002609
1920,7415,2.0,0,0,3,7,0,1989,0,47.4022,1930,7536,12.468436909997665
4660,21164,2.0,1,4,3,12,0,1975,1990,47.4418,3140,24274,14.308681246491544
1760,16418,1.0,0,0,3,7,570,1990,0,47.6525,2260,20747,12.945626198904275
2820,10125,2.0,0,0,3,8,0,2008,0,47.7494,1560,10125,13.437174117244362
1020,7650,1.0,0,0,3,6,0,1919,0,47.6795,1870,5500,13.345506928718539
1930,14196,1.0,0,0,4,7,600,1977,0,47.7407,1470,12852,12.959844447906553
2623,7184,2.0,0,0,3,8,0,2012,0,47.259,2010,4939,12.71589776896258
1600,7829,2.0,0,0,3,7,0,1987,0,47.7288,1580,9104,13.028052697933088
1730,5200,1.0,0,0,4,7,680,1978,0,47.3628,1350,5200,12.230765258120545
1130,9147,1.0,0,0,5,7,0,1952,0,47.7006,1930,9906,12.962194625251508
1830,39165,1.0,0,0,5,8,0,1963,0,47.4612,2020,36184,13.060487973686241
1610,2982,1.5,0,0,4,7,0,1925,0,47.587,1610,4040,13.190022025878143
1990,4331,2.0,0,0,3,7,0,1997,0,47.4917,1690,3688,12.791077667470416
2700,6000,2.0,0,0,4,8,600,1910,0,47.586,2050,5400,13.526494262499357
1180,2090,2.0,0,0,3,7,0,2004,0,47.6032,1550,2812,13.011431816697048
1660,9697,1.0,0,0,4,7,0,1952,0,47.7564,2060,20624,13.01477816672439
1190,3600,1.5,0,0,3,6,0,1904,0,47.5985,1680,3600,12.765688433465597
760,3800,1.0,0,0,3,6,0,1950,0,47.5019,1220,7410,11.819674600139235
1530,8028,1.0,0,0,3,7,330,1967,0,47.7768,1530,8028,13.001325049027272
1070,5080,1.0,0,0,5,6,0,1942,0,47.5224,900,5080,12.691580461311874
1380,1800,2.0,0,0,3,7,300,1954,0,47.6416,1600,3600,13.254268448284268
3180,13806,2.0,0,0,4,10,0,1990,0,47.652,3180,13798,13.593448921169424
550,7980,1.0,0,0,3,5,0,1952,0,47.511,1330,7980,11.652687407345388
1030,4366,1.0,0,0,3,7,0,1912,0,47.5311,1890,4499,12.92391243868049
1810,5669,2.0,0,0,3,7,0,2003,0,47.3493,1810,5685,12.388394202324129
1600,15312,1.0,0,0,4,7,520,1979,0,47.4629,1620,12375,12.609869696537642
1300,7287,1.0,0,0,4,7,0,1965,0,47.6889,1300,9129,13.253391639810733
1450,2550,1.0,0,0,3,7,630,1984,0,47.6911,1450,5100,13.017002861746503
1540,9000,1.0,0,0,3,8,0,1971,0,47.7152,1710,7488,13.102160670086809
1100,9600,1.0,0,0,4,6,0,1960,0,47.7,1100,9630,12.774223335915433
1680,1683,2.0,0,0,3,9,560,2014,0,47.6425,1610,1618,13.353395730138775
1350,7800,1.0,0,0,3,7,0,1959,0,47.4805,1510,8040,12.524526376648708
2380,10800,2.0,0,2,3,8,0,1925,0,47.5682,2112,6600,13.658856747918897
2980,8500,1.0,0,0,3,8,1440,1982,0,47.3641,2310,8500,12.834414602724003
1650,5100,1.0,0,0,5,7,610,1908,0,47.6873,1540,5100,13.304684934198283
2470,9328,2.0,0,0,3,8,0,1982,0,47.6025,2470,9454,13.353475098367715
3270,9578,2.0,0,0,3,9,0,1993,0,47.5373,3120,8784,13.573438996764546
1540,7290,2.0,0,0,3,7,0,1948,1983,47.551,1540,7072,13.044401835934616
12050,27600,2.5,0,3,4,13,3480,1910,1987,47.6298,3940,8800,15.856730886823913
3070,34991,2.0,0,0,3,9,0,1995,0,47.4721,2150,19515,13.337474757021274
1530,8700,1.0,0,0,4,7,0,1970,0,47.4529,1960,7600,12.367340793126296
1640,11730,1.0,0,0,5,7,0,1967,0,47.7351,1640,7770,12.891691559669328
1410,10078,1.0,0,0,4,6,0,1983,0,47.7587,2090,9202,12.834681304952548
2170,8240,1.0,0,0,4,8,800,1968,0,47.6291,2020,7944,13.292106151991423
1820,5756,1.5,0,0,3,7,180,1946,0,47.6479,1760,6169,13.43498193514614
4930,22093,2.0,0,3,3,12,0,2004,0,47.5874,4630,18889,14.197365800433305
1990,3644,2.0,0,0,3,7,0,2010,0,47.3531,2580,3800,12.670435394885823
2520,11700,2.0,0,0,3,9,0,1977,0,47.6322,2530,12000,13.321214236149494
1080,21043,1.0,0,0,3,6,0,1942,0,47.5515,1380,7620,12.254862809699606
970,10000,1.0,0,0,5,7,0,1972,0,47.6205,1230,7500,12.734639950772321
2200,7200,1.0,0,0,3,8,930,1962,0,47.3745,1800,8000,12.487485104968359
1710,3600,1.0,0,0,3,7,120,1909,0,47.642,1710,3600,13.262125319779487
2510,9900,1.0,0,0,3,8,900,1978,0,47.2988,1940,8510,12.495003937382387
1870,6969,1.0,0,0,4,7,0,1968,0,47.5342,1500,6969,12.84792653170257
3160,19745,1.5,0,0,4,6,1320,1968,0,47.3103,1540,8611,12.721885810807203
1020,5130,1.0,0,0,4,6,0,1948,0,47.301,1200,6497,12.072541252905651
1640,13500,1.0,0,0,3,7,530,1940,0,47.7164,1770,12600,13.017002861746503
1470,2052,1.5,0,0,3,7,0,1986,0,47.3086,1470,2052,12.384218830913648
900,13531,1.0,0,0,3,6,0,1979,0,47.2616,1767,8308,12.066810578196666
2620,4050,2.0,0,0,3,8,0,2014,0,47.5017,2030,3944,12.899127321811731
1880,7838,2.0,0,0,3,7,0,1994,0,47.4439,1810,7915,12.644166273130065
1260,4800,1.5,0,2,4,6,180,1942,0,47.6843,2660,7200,13.573438996764546
1710,1664,2.0,0,0,5,8,410,2003,0,47.6456,1470,5400,13.180630398734072
1090,4128,1.0,0,0,3,7,0,1948,0,47.696,1090,5413,12.994530005894443
3760,8804,2.0,0,0,3,8,1290,2002,0,47.5161,1960,7225,13.111302430044903
2550,11160,2.0,0,0,3,8,0,1994,0,47.7351,1020,7440,12.971540487669746
2200,3141,2.0,0,0,3,7,140,1994,0,47.5726,1660,3175,13.049792684569493
1690,4080,1.5,0,0,4,7,550,1912,0,47.6825,1600,4590,13.29041696240058
2320,8760,1.0,0,0,4,8,1160,1966,0,47.3627,1970,8690,12.421184025147118
3690,9892,2.0,0,0,3,10,0,1998,0,47.5937,3430,11294,13.670484785914017
3650,48351,1.5,0,0,4,8,0,1978,0,47.7632,2820,53143,13.454540689742661
3150,5520,1.5,0,0,4,8,1020,1925,0,47.6345,3160,6200,14.003234164047223
2230,4635,1.5,0,0,5,7,720,1908,0,47.682,1520,4635,13.458835614025542
1920,4534,2.0,0,0,3,8,0,1986,0,47.7144,1380,5100,13.071070083016778
2110,4800,1.0,0,0,3,8,900,1956,0,47.567,1660,4800,13.005829561148378
2200,14630,1.5,0,1,3,8,0,1948,2003,47.6074,2850,15803,14.0225247273486
2410,5930,2.0,0,0,3,9,480,2007,0,47.5657,1540,5892,13.493926933836812
860,7204,1.0,0,0,3,7,0,1918,0,47.5361,1200,7500,12.556729517143344
1630,6625,1.0,0,0,5,7,650,1980,0,47.29,1440,7145,12.345834587905333
2800,5900,1.0,0,0,3,8,1140,1963,0,47.6809,2580,5900,13.407542319637992
2360,6145,1.0,0,0,3,8,0,2011,0,47.3564,2304,5880,12.759957758756611
1830,3600,1.0,0,0,4,7,600,1926,0,47.6359,2020,3600,13.623138665316818
780,16344,1.0,0,0,1,5,0,1942,0,47.4739,1700,10387,11.26446410567173
2280,9874,2.0,0,0,3,9,0,1989,0,47.7099,2670,9782,13.235692062711331
2950,15593,1.0,0,0,4,8,1390,1942,1986,47.6209,2060,19855,14.253765488895429
2490,7210,1.0,0,0,3,7,1200,1972,0,47.726,1610,7210,13.071070083016778
1040,1377,2.0,0,0,3,8,0,2003,0,47.6692,1264,1892,13.017002861746503
1920,9600,1.0,0,0,4,8,360,1968,0,47.6341,2040,9600,13.38779984090879
2270,6664,1.0,0,0,3,7,930,1995,0,47.7191,1870,6187,12.942039823273047
1160,5750,1.0,0,0,4,6,0,1924,0,47.5322,1160,8250,12.245293358683455
3190,49658,2.0,0,0,3,10,0,1999,0,47.6216,3040,49658,13.669328047786193
1520,7500,1.0,0,0,3,8,0,1985,0,47.2646,2180,7506,12.425208175446844
920,5250,1.0,0,0,4,6,0,1906,0,47.5177,1210,5250,12.206072645530174
1570,16697,1.0,0,2,3,7,540,1981,0,47.671,1560,9698,13.17115354157376
1460,10128,1.0,0,0,3,8,0,1968,2000,47.6709,2240,10154,13.30718181439687
1130,5500,1.0,0,0,4,6,0,1941,0,47.3839,1320,6600,12.429216196844383
1240,5000,1.0,0,0,3,7,240,1920,0,47.6634,1480,3500,13.37700559577791
3890,8342,2.0,0,4,3,9,1050,1968,0,47.7011,2870,8342,13.985253332551368
1210,1189,2.0,0,0,3,8,0,2014,0,47.5526,1540,1672,12.769560925679471
1750,8820,1.0,0,0,4,7,0,1961,0,47.3608,1400,9600,12.363076394339839
2890,4000,1.5,0,0,4,9,700,1931,0,47.6419,2280,4000,13.514405465180353
1810,5070,1.5,1,4,4,8,580,1967,0,47.5814,2280,5070,14.036251224662173
2800,21370,2.0,0,0,3,8,0,2003,0,47.776,1880,9336,13.151922179645874
1300,8284,1.0,0,0,3,7,0,1968,0,47.3327,1360,7848,12.429216196844383
2040,10726,1.0,0,0,3,7,660,1954,0,47.772,1610,10020,12.86099861326992
1860,5750,1.5,0,0,5,6,560,1918,0,47.5586,1550,5750,12.89921982609012
2060,4000,1.5,0,2,3,7,480,1920,1990,47.6857,1160,4000,13.527828485512494
1495,936,3.0,0,0,3,8,90,2006,0,47.593,1495,1186,12.89921982609012
2840,4468,3.0,0,0,3,10,0,2006,0,47.7069,3040,5400,13.483597910599078
2400,4900,2.0,0,0,3,8,0,2011,0,47.355,2110,5696,12.911642346088676
2440,7093,2.0,0,0,3,7,0,1999,0,47.3817,1860,6072,12.644327576461329
1950,3000,2.0,0,0,3,7,0,2001,0,47.4938,1620,6000,12.66032791780777
2780,11000,1.0,0,0,3,9,1220,1964,0,47.595,2350,11700,13.676248490630767
3170,5100,2.0,0,0,3,9,0,2012,0,47.5187,1580,5100,13.521139497361697
1530,17664,1.5,0,0,3,7,0,1968,0,47.4549,1530,11625,12.618182296357007
1660,1091,3.0,0,1,3,9,130,2015,0,47.5818,1510,1352,13.500114646944978
2340,12443,1.5,0,0,4,8,0,1965,0,47.5432,1970,9600,13.235692062711331
2500,12848,1.0,0,1,3,8,380,1975,0,47.3364,2370,12497,12.873902018105829
1560,5220,1.0,0,0,3,7,0,1959,0,47.6905,1300,5220,13.01477816672439
2240,18265,2.0,0,0,4,8,0,1963,0,47.5171,1990,18265,13.5985975564007
810,6697,1.0,0,0,4,6,0,1923,0,47.3057,1140,6695,12.180241885495652
1560,8800,2.0,0,0,5,6,0,1942,1967,47.4927,1480,10000,12.577636201962656
2800,9900,1.0,0,0,3,7,0,1964,0,47.319,1700,13200,12.449018824140563
1520,4080,2.0,0,0,5,7,0,1948,0,47.572,1320,4080,13.112313041550827
2080,12714,2.0,0,0,4,8,540,1984,0,47.7056,2080,12107,12.987230703412832
1660,2298,2.0,0,0,3,8,400,2009,0,47.5809,1500,2198,13.317930160948304
2020,8400,1.0,0,0,4,8,670,1961,0,47.5488,2060,8400,13.115540152056203
1470,2052,1.5,0,0,3,7,0,1986,0,47.3084,1390,2052,12.2783933071098
2180,7519,1.0,0,0,4,7,870,1981,0,47.6959,1510,7107,13.250756592172728
3020,4950,1.5,0,0,4,9,1000,1921,0,47.6467,2300,5450,13.790192749979985
1347,1292,3.0,0,0,3,7,0,2010,0,47.7306,1480,1865,12.679196402112153
2660,32757,1.0,0,0,4,8,0,1975,0,47.7649,2720,35191,13.270783382522602
1390,4814,1.5,0,0,3,6,0,1908,0,47.6881,1730,3990,12.739637756265655
3480,19991,2.0,0,2,4,10,850,1979,0,47.6354,3770,20271,14.27293540500315
1880,4179,1.0,0,0,3,7,940,1952,2000,47.5536,1350,5150,12.765545566117686
1180,900,2.0,0,0,3,10,400,2014,0,47.6395,1380,3610,13.40746712884131
2790,8793,1.0,0,0,4,8,1150,1977,0,47.5509,2400,9286,13.491164501140902
1550,7800,1.0,0,0,3,7,500,1940,0,47.5436,1370,5000,12.959844447906553
2500,4000,2.0,0,0,3,8,0,2014,0,47.5902,1480,4300,13.36138027787483
2760,5564,2.0,0,0,3,7,0,2001,0,47.4814,2670,5626,12.959726793926773
2410,8400,2.0,0,0,5,8,0,1965,0,47.626,1910,8056,13.487006490992238
2910,10189,2.0,0,0,3,9,0,1988,0,47.5465,2780,10125,13.813508555293602
1420,6720,1.5,0,0,3,7,0,1925,0,47.5518,1560,5600,12.765545566117686
1677,3600,2.0,0,0,3,7,0,2012,0,47.32,1677,3600,12.546109948315882
5230,89298,2.5,0,0,3,11,0,2002,0,47.4097,4110,107153,14.115615150414612
1130,7800,1.0,0,0,3,7,0,1952,0,47.5239,1170,7800,12.429216196844383
1480,2502,2.0,0,0,3,7,0,1991,0,47.6969,1850,5000,12.779873068457553
2160,2323,3.0,0,0,3,9,0,2007,0,47.6726,1750,4650,13.527828485512494
1800,7650,1.0,0,0,5,7,0,1957,0,47.4922,1230,7650,12.487485104968359
1280,1730,2.0,0,0,3,8,190,2005,0,47.7032,1280,2121,12.834681304952548
1100,4373,1.0,0,0,2,6,280,1947,0,47.4653,1100,7500,12.429216196844383
2783,11177,2.0,0,0,3,8,0,1910,1999,47.538,1730,8018,13.641157170819497
1570,8268,1.0,0,0,3,7,0,1979,0,47.7373,1870,8190,13.021437458814368
1610,144619,1.0,0,0,3,7,0,1977,0,47.5659,2220,144619,12.959844447906553
840,4200,1.0,0,0,3,5,0,1938,0,47.5292,830,5000,12.247296159430732
1920,12244,2.0,0,0,3,7,0,1998,0,47.7256,1920,11859,12.849504233844186
2860,3638,1.5,0,2,5,7,1140,1924,0,47.6631,1760,3880,13.49385796594134
2830,6163,2.0,0,0,3,9,0,2000,0,47.5227,2730,6202,13.1749558275235
1440,6443,2.0,0,0,3,7,0,1995,0,47.7471,1700,6749,12.691580461311874
1760,43575,1.0,0,0,3,7,600,1988,0,47.3565,1760,46038,12.682306824526545
2250,7412,1.0,0,0,4,8,770,1975,0,47.4449,2070,7632,12.751299696013497
1640,7200,1.0,0,0,3,7,0,1963,0,47.7471,1500,9000,12.821258284620408
1890,3930,2.0,0,0,3,8,0,1999,0,47.5337,2100,4259,12.834681304952548
960,6180,1.0,0,0,4,6,0,1910,0,47.5518,1250,4120,12.676076274775909
4490,7623,2.0,0,0,4,10,1400,1941,0,47.6315,3760,7653,14.354923638582177
860,10426,1.0,0,0,3,6,0,1954,0,47.4987,1140,11250,11.314474526246391
6380,88714,2.0,0,0,3,12,0,2006,0,47.5592,3040,7113,14.415719742864951
1790,7485,1.0,0,0,4,8,460,1979,0,47.3118,1970,8097,12.479909311159902
1320,9520,1.0,0,0,3,7,330,1953,0,47.4857,1460,10610,12.591335046320818
1651,18200,1.0,0,0,3,6,0,1946,0,47.4621,1510,89595,12.560244459250788
1984,4460,2.0,0,0,3,7,0,2012,0,47.3532,2095,3402,12.584509081250419
3490,87497,2.0,0,0,3,9,0,2001,0,47.4028,2400,55657,13.498056327178823
1300,8976,1.0,0,0,3,7,0,1967,0,47.3357,1430,9750,12.371587084007746
2580,8820,1.0,0,0,4,9,960,1967,0,47.3122,2140,8400,12.628067055589549
3000,18450,1.0,0,0,3,10,0,1983,0,47.7274,2980,12304,13.652991628466498
2310,7350,1.0,0,0,3,8,640,1989,0,47.7505,2600,6077,13.060487973686241
3820,145054,2.0,0,3,3,9,950,1999,0,47.4419,2500,95950,13.62918097977278
3810,13592,1.0,0,1,3,9,1250,2013,0,47.5134,3230,9311,13.641038116113718
1540,7350,1.0,0,0,4,6,770,1969,0,47.3318,910,8000,11.982929094215963
1720,8638,2.0,0,0,3,8,0,1994,0,47.2704,1870,7455,12.206072645530174
1660,16275,2.0,0,0,3,7,0,1990,0,47.6903,1520,16275,12.742566016044742
1611,2210,2.0,0,2,3,10,0,2005,0,47.6291,2070,2182,13.652991628466498
2905,4874,2.0,0,0,3,9,0,2003,0,47.4084,2900,5271,12.80765263256463
1340,4664,1.0,0,0,3,8,0,2004,0,47.7182,1350,4236,12.936033799212835
1068,1158,2.0,0,0,3,7,0,1990,0,47.753,1078,1278,12.240474072247506
2750,8471,2.0,0,0,3,7,0,2003,0,47.3671,2610,7482,12.943236711506893
2260,5705,2.0,0,0,3,8,0,2014,0,47.3726,2260,5727,12.793720411897448
3410,16015,2.0,1,4,4,10,1190,1973,0,47.5721,3760,16572,14.77102200299171
1150,2064,2.0,0,0,3,7,0,2004,0,47.3516,1880,2855,12.274198474577775
3274,4950,2.0,0,0,3,9,0,2014,0,47.2603,2578,4200,13.079100907344714
2280,3200,1.5,0,0,5,8,760,1931,0,47.6709,1970,4687,13.422467969854667
1950,2719,1.0,0,0,5,7,940,1919,0,47.6513,1360,1256,13.493926933836812
2480,5137,2.0,0,0,3,9,0,2000,0,47.684,2480,6023,13.482831119581757
820,6550,1.0,0,0,3,7,0,1949,2012,47.5478,1640,6550,12.821258284620408
1080,7942,1.0,0,0,3,7,0,1981,0,47.3141,1380,8244,11.652687407345388
1620,8701,1.0,0,0,3,7,400,1962,0,47.6071,1600,7910,13.060381585048447
3560,107290,2.0,0,0,3,10,0,1987,0,47.6652,3660,89298,13.65416740755551
750,4500,1.0,0,0,3,6,0,1945,0,47.607,1540,4000,12.594730635321957
1490,16200,1.0,0,0,5,8,0,1958,0,47.5919,2070,16200,13.438122572428
2690,4736,2.0,0,0,3,7,0,2001,0,47.6869,2690,4791,13.317930160948304
2680,12215,1.0,1,4,3,9,1090,1956,0,47.4396,2960,19964,14.085155942929903
1880,4200,2.0,0,0,3,7,0,2007,0,47.366,2090,4200,12.611537753638338
1646,7364,2.0,0,0,3,7,0,1994,0,47.3646,1975,9161,12.636230366228709
1350,11507,1.0,0,0,3,7,0,1966,0,47.4269,1320,25675,12.206072645530174
1910,7700,1.0,0,0,4,7,910,1980,0,47.369,1880,7875,12.429216196844383
1770,9848,1.0,0,0,3,8,400,1967,0,47.6208,2040,9587,13.31488275917473
2740,9959,2.0,0,0,3,9,0,1989,0,47.5672,2630,9905,13.381645975334411
1580,1228,3.0,0,0,3,8,0,2014,0,47.6765,1580,3605,13.112313041550827
2320,4960,2.0,0,0,5,7,600,1926,0,47.6763,1700,4960,13.620103761621664
1370,3850,1.0,0,0,5,7,600,1911,1988,47.6374,1390,3600,13.652991628466498
1140,4875,1.0,0,0,5,6,0,1970,0,47.3684,980,5070,12.292250341771226
3730,9847,2.0,0,0,3,10,0,1997,0,47.587,3490,10219,13.641157170819497
2820,9375,1.0,0,0,4,8,1270,1968,0,47.5707,2820,9375,13.17628321939376
2390,4600,2.0,0,0,3,8,640,1920,1995,47.5383,1690,5220,12.948009990259552
1710,7210,1.0,0,0,4,7,470,1974,0,47.4094,1840,7245,12.5177690518128
3070,8400,2.0,0,0,4,8,0,1970,0,47.7316,1880,8000,13.304684934198283
2470,1831,2.0,0,0,3,7,500,2009,0,47.4645,1310,7500,12.628067055589549
1940,8875,1.0,0,0,3,7,0,1957,0,47.4407,1380,8875,12.611537753638338
1950,1983,3.0,0,0,3,9,340,2009,0,47.6078,2040,2131,13.573438996764546
3930,5500,2.0,0,0,3,9,1020,2014,0,47.6802,2040,5115,14.369395671190711
2610,2552,2.0,0,0,3,10,450,2008,0,47.5322,2610,2664,13.493926933836812
2340,9748,1.0,0,1,3,8,730,1981,0,47.3363,2070,8241,12.736406735684207
3410,4726,2.0,0,0,3,9,0,2007,0,47.5459,2810,5129,13.592367006650065
2370,6840,2.0,0,0,3,9,0,1987,0,47.6503,1590,4400,12.61327956912993
1380,4290,1.0,0,0,3,7,300,1955,0,47.674,1510,3900,13.17115354157376
1170,14149,1.0,0,0,5,7,290,1962,0,47.2653,1130,24513,12.524526376648708
2090,9620,1.0,0,0,3,8,750,1987,0,47.2741,2150,9660,12.644327576461329
4620,20793,2.0,0,0,4,11,0,1991,0,47.2929,3640,20793,13.262125319779487
2450,7700,1.0,0,0,3,8,1200,1958,0,47.5731,2450,8000,13.480037821676145
2780,12335,1.0,0,0,4,8,1190,1968,0,47.5681,2750,9930,13.274225726713574
1830,51836,1.0,0,0,4,7,400,1966,0,47.4774,1320,51400,12.611537753638338
1770,7336,1.0,0,0,4,8,0,1986,0,47.4265,2030,8183,12.765688433465597
1400,6380,1.0,0,0,4,7,700,1924,0,47.7015,1690,5800,12.976180867226248
3720,25474,2.0,0,4,3,9,1630,1986,0,47.3296,1870,14547,13.122363377404328
2980,10179,2.0,0,2,3,9,0,2003,0,47.3895,2980,8828,13.260384675301703
2740,7872,2.0,0,0,3,10,0,2015,0,47.4954,1220,6300,13.180632285528304
2330,12141,1.0,0,0,3,7,940,1983,0,47.7607,1850,12141,13.190022025878143
2450,6941,2.0,0,0,3,7,0,2006,0,47.4006,3300,6941,12.736700896592344
2230,9600,1.0,0,0,3,8,910,1978,0,47.7466,2080,9760,13.085699393032737
1430,1056,3.0,0,0,3,8,0,2003,0,47.684,1310,2135,13.002678534458349
3100,5298,2.0,0,0,3,7,0,2007,0,47.5369,2440,5250,13.071070083016778
2960,2665,2.0,0,0,3,9,1010,1927,2013,47.5835,1970,4410,13.657452253306
1330,6743,1.0,0,0,3,8,0,1958,2002,47.7012,2600,7350,13.306350213517344
2090,4590,2.0,0,0,3,7,0,2005,0,47.3992,2190,4060,12.611537753638338
1360,9323,1.0,0,0,4,7,0,1968,0,47.3168,1180,9611,12.458774999085929
880,4814,1.0,0,0,4,5,0,1906,0,47.3107,1010,6160,12.247694320220994
1100,5525,1.0,0,0,5,6,0,1968,0,47.3625,1050,5200,12.25462468611234
1170,11530,1.0,0,0,3,7,0,1960,0,47.4211,1550,8605,12.415117272464881
2310,4729,2.0,0,0,3,8,0,2011,0,47.7734,2440,4711,13.110290796170059
2070,9822,1.0,0,0,5,7,0,1955,0,47.566,1300,9572,13.217673557208654
1260,2556,2.0,0,0,3,7,0,2005,0,47.5482,1630,2844,13.015891132893811
1900,22896,1.5,0,0,3,7,540,1922,1990,47.3102,1300,8960,12.456831363877356
2060,7658,2.0,0,0,3,8,0,2003,0,47.2923,2250,7299,12.687881320225673
1960,7350,1.0,0,0,4,7,600,1969,0,47.4368,1900,7350,12.45488394359296
2420,8800,1.0,0,0,4,7,1000,1959,0,47.4322,1546,8666,12.606525211814795
2040,6000,1.0,0,0,5,7,1020,1943,0,47.5507,1440,6000,13.122363377404328
1650,2787,2.0,0,0,3,8,0,2014,0,47.5336,1760,2787,12.978931709816678
1070,1276,3.0,0,0,3,8,0,2006,0,47.6719,1290,2057,13.044509938199464
930,7740,1.0,0,0,1,5,0,1932,0,47.4611,1620,8584,13.005829561148378
2060,10600,1.5,0,0,3,7,500,1927,1983,47.3291,2060,11880,12.793859310432293
2160,3738,2.0,0,0,3,8,0,1994,0,47.5661,1500,4000,12.994530005894443
1680,7268,1.0,0,0,3,8,310,2008,0,47.5571,2040,8259,13.208541073645382
3270,24750,1.0,0,0,4,8,1580,1979,0,47.5221,1520,13480,13.235692062711331
2040,8600,1.0,0,0,4,6,610,1985,0,47.2755,1310,7859,12.257240932104573
980,3915,1.0,0,0,4,7,0,1919,0,47.5589,1425,1576,12.834681304952548
790,7500,1.0,0,0,3,6,0,1950,0,47.7644,1970,8970,12.411052226216713
1660,1344,3.0,0,0,3,8,0,2008,0,47.644,1750,2040,13.790192749979985
1560,2250,2.0,0,0,3,9,0,2009,0,47.6929,1610,4500,13.128434908300957
1340,8700,1.5,0,0,3,6,0,1958,0,47.4514,1240,8700,12.479909311159902
1660,4000,1.0,0,0,3,7,670,1940,0,47.6394,2070,4000,13.547631112808673
950,6350,1.0,0,0,3,7,0,1951,0,47.528,1080,7620,12.567237494741757
2840,6854,2.0,0,0,3,9,0,2002,0,47.6006,2840,7398,13.529160930746272
2200,4080,1.5,0,0,5,7,780,1916,0,47.6872,1300,4080,13.212204081404119
1660,9760,2.0,0,0,3,7,0,1994,0,47.3635,1580,9614,12.594727245485704
1060,7350,1.0,0,0,4,7,0,1959,0,47.3809,1060,7350,12.111761966058932
2150,3962,1.5,0,0,3,7,610,1949,0,47.7183,1730,4609,12.947890935553772
1830,9610,1.0,0,0,3,7,0,1963,0,47.695,1970,10754,13.098582848738925
2250,4495,2.0,0,0,3,7,0,2008,0,47.3663,2250,4500,12.58621994565405
1330,3740,1.5,0,0,3,6,0,1903,0,47.5502,1330,5053,12.644327576461329
1630,2566,1.5,0,0,3,7,0,1921,0,47.6183,1220,2314,13.272506035834049
1820,6137,1.5,0,3,4,7,130,1911,0,47.6681,2130,5100,13.579788224443204
2630,4000,3.0,0,0,3,8,0,2002,0,47.6915,1640,4000,13.39239051461739
1740,5639,1.0,0,3,3,7,0,2010,0,47.1942,2380,5331,12.542544882151386
1820,7102,1.0,0,0,3,7,600,1950,0,47.7447,1650,8184,12.86099861326992
1360,9625,1.0,0,0,3,7,0,1963,0,47.3799,1890,9625,12.404923504275338
2240,4800,2.0,0,0,3,8,0,2014,0,47.2911,2240,5040,12.71050789427415
2738,6031,2.0,0,0,3,8,0,2014,0,47.2962,2738,5201,12.889043219638559
1570,2577,2.0,0,0,3,7,0,2005,0,47.7456,1970,2952,12.611371073081239
1700,8800,1.0,0,0,5,7,850,1969,0,47.6863,2180,8960,13.244581010128577
2680,87117,1.0,0,0,3,7,1340,1989,0,47.5646,2580,87117,13.071070083016778
1280,1920,3.0,0,0,3,8,0,2009,0,47.6621,1450,1900,13.221303325259232
1450,7316,1.0,0,0,3,7,0,1961,0,47.7725,1440,7316,12.971540487669746
2760,4905,2.0,0,1,4,9,920,1938,0,47.6591,3200,5424,14.108180171927094
1240,13869,1.0,0,0,4,7,0,1957,0,47.6919,1970,7790,13.422467969854667
1420,1716,2.0,0,0,3,7,370,2003,0,47.7364,1420,8150,12.676076274775909
1560,4675,1.0,0,0,3,8,0,2006,0,47.7086,1870,6361,13.14020329553266
2160,5005,1.0,0,0,3,7,730,1987,0,47.6971,1770,5326,13.217673557208654
1380,4300,1.5,0,0,3,7,0,1916,0,47.6647,1830,3800,13.043320170063875
1770,3880,1.0,0,0,3,8,470,1963,0,47.6846,1430,3880,13.410545324897761
750,5217,1.0,0,0,4,6,0,1943,0,47.5188,760,4440,11.813030057420567
2840,6268,2.0,0,0,3,9,0,1998,0,47.7386,2790,6526,13.270783382522602
940,5000,1.0,0,0,4,7,130,1925,0,47.5375,940,5026,12.8790171187726
1600,1311,3.0,0,0,3,8,0,2005,0,47.6903,1390,1321,13.049792684569493
1410,1332,2.0,0,0,3,7,450,2014,0,47.5683,1410,1343,12.59642411582829
4750,248600,2.0,0,0,4,8,0,1947,0,47.1879,2230,311610,13.096019402064726
2100,7350,1.0,0,0,5,7,860,1978,0,47.7194,2490,7350,13.128345449081877
1520,1588,2.0,0,0,3,8,280,2007,0,47.5825,1660,6000,12.971540487669746
930,7590,1.0,0,0,3,6,110,1943,0,47.4802,1220,7590,12.206072645530174
770,5040,1.0,0,0,3,5,0,1930,0,47.5964,1330,2580,12.959844447906553
1270,7198,1.5,0,0,3,7,0,1916,2013,47.2086,1160,7198,12.417143615610113
1350,7686,1.0,0,0,3,7,0,1987,0,47.3617,1370,7686,12.47227568630483
1990,15375,1.0,0,0,3,7,850,1946,0,47.4778,1160,10236,12.365424063756604
1410,6000,1.0,0,0,3,7,600,1925,0,47.566,1500,4800,12.931202871943169
1690,10592,1.0,0,0,3,8,0,1973,2009,47.58,2260,9945,13.681979165339751
3660,150282,2.0,0,0,3,10,0,1990,0,47.6813,3090,53578,13.500799813124575
1540,5338,1.0,0,0,5,7,770,1954,0,47.6942,1680,6525,12.65075846679162
2070,2992,2.0,0,0,3,8,0,2002,0,47.4496,1900,2957,12.807515636879778
1590,3121,2.0,0,0,3,7,0,1994,0,47.5515,1090,4900,12.608198852372823
1950,8130,2.0,0,0,4,9,0,1990,0,47.3875,2350,7691,12.702292116906802
1910,4800,1.0,0,0,3,7,830,1959,0,47.6844,1750,4800,13.458835614025542
2520,6170,2.0,0,0,3,7,670,2003,0,47.3522,2260,6967,12.807515636879778
4110,15929,2.0,1,4,3,12,1390,2001,0,47.6934,2640,15929,14.648419680899378
2860,5576,2.0,0,0,3,8,0,2004,0,47.745,2290,10667,13.38472764187182
2090,12026,1.0,0,0,4,7,0,1948,0,47.3095,1700,9496,12.423198124518821
1260,5758,2.0,0,0,3,7,0,1999,0,47.5524,3090,10142,12.71589776896258
3520,9901,2.0,0,0,3,10,0,1998,0,47.6084,3490,9667,13.626768433367397
830,5000,1.0,0,0,4,7,0,1921,0,47.6914,1110,5000,12.881564890851399
1210,9097,1.0,0,0,4,7,0,1954,0,47.4849,1360,10125,12.06249091705215
2230,9120,1.0,0,0,3,7,840,1959,0,47.5008,1420,8450,12.717398144337816
3920,37122,2.0,0,0,3,10,0,1996,0,47.6316,2550,32647,13.652991628466498
1370,6700,1.0,0,0,3,8,0,1940,2012,47.6982,1180,6694,13.142166004700508
2470,9620,1.0,0,1,4,7,900,1962,0,47.3996,2600,9620,12.911642346088676
2450,5000,2.0,0,4,5,8,250,1919,0,47.5619,2360,6090,13.784019890872903
1250,10744,1.0,0,0,3,6,0,1942,0,47.4226,1500,10710,12.524526376648708
2640,5978,2.0,0,0,3,9,0,2012,0,47.4759,2680,6060,13.190022025878143
3220,9603,2.0,0,0,3,8,0,1972,0,47.6474,2260,10093,13.312983737012978
950,4250,1.5,0,0,5,6,0,1948,0,47.609,2130,5120,13.058358047428417
1440,27505,1.0,0,0,3,8,0,1951,0,47.7553,2430,16400,13.180632285528304
760,3000,1.0,0,0,3,6,0,1922,0,47.6633,1630,3600,13.180632285528304
2760,4500,2.0,0,0,3,9,640,2004,0,47.6529,1950,6000,13.766320313773502
1810,8527,1.5,0,0,4,7,0,1943,0,47.7275,1490,6800,12.834681304952548
1220,8119,1.0,0,0,4,7,0,1955,0,47.6328,1910,8119,13.753635154246187
1380,7226,1.0,0,0,4,7,240,1987,0,47.3677,1640,7823,12.487485104968359
1100,5700,1.0,0,0,3,7,0,1950,0,47.6883,1560,6588,13.081541382884074
1810,1750,2.0,0,0,3,7,460,1997,0,47.6513,1640,1563,13.129338991140754
2420,11481,1.0,0,0,3,8,1050,1985,0,47.341,2290,8985,12.751299696013497
3110,9930,1.0,0,1,3,8,1470,1954,0,47.6112,3650,14399,14.04662227892766
1760,8266,1.0,0,0,5,7,0,1954,0,47.7708,1400,8519,13.016780614829264
1080,5077,1.0,0,0,3,7,0,1985,0,47.6836,1070,3471,12.84779494409793
2910,5260,2.0,0,0,3,9,0,2012,0,47.5168,2910,5260,13.321214236149494
3450,39683,2.0,0,0,3,10,0,2002,0,47.342,3350,39750,13.487006490992238
1150,6634,1.0,0,0,3,7,290,1940,0,47.7001,1680,6892,13.005829561148378
1050,5233,1.0,0,0,5,5,0,1906,0,47.3106,970,7500,12.235631447771718
5040,16048,1.0,0,3,3,10,1620,1950,0,47.6702,3960,14000,14.744520062246204
1430,1201,3.0,0,0,3,8,0,2009,0,47.6707,1430,1249,13.132313708257497
1340,10290,1.0,0,0,4,7,200,1981,0,47.3553,1760,7903,12.487485104968359
2140,47743,1.5,0,0,3,9,0,1978,0,47.5402,1060,6016,13.332219034391603
2760,18306,1.0,0,0,3,7,1130,1978,0,47.7302,2470,9856,13.10724973959428
870,7227,1.0,0,0,3,7,0,1948,0,47.7288,1250,7252,12.652359748158593
2460,138085,2.0,0,0,4,9,0,1977,0,47.4572,2090,219542,13.312983737012978
1880,5450,1.5,0,0,4,8,0,1924,0,47.6453,2580,5450,13.815510557964274
2290,9142,1.0,0,0,3,8,0,1972,0,47.691,1770,8035,13.438487123487413
3148,9612,2.0,0,3,3,9,0,2014,0,47.3994,3000,11475,13.217673557208654
2440,9450,1.5,0,0,3,7,0,1947,2014,47.7061,1720,7503,13.458835614025542
2540,32647,2.0,0,0,3,9,0,1996,0,47.6324,2740,32647,13.351870637305007
2290,8319,2.0,0,0,3,8,0,1985,0,47.3473,2500,8751,12.736553826954605
1200,10800,1.0,0,0,4,7,0,1955,0,47.5771,1370,9950,12.873902018105829
2150,8173,2.0,0,0,3,8,0,1987,0,47.511,2080,7620,12.936033799212835
1776,1248,3.0,0,0,3,8,172,2006,0,47.6539,1780,1248,13.337474757021274
1700,8100,1.0,0,0,3,7,500,1980,0,47.3601,1700,8100,12.409013489526863
2790,19485,2.0,0,0,3,9,0,1990,0,47.4688,2580,17859,13.190022025878143
1650,7775,1.0,0,0,4,7,500,1950,0,47.715,1390,7200,13.071070083016778
1720,4000,1.0,0,0,3,7,300,1950,0,47.6651,1350,1281,13.217673557208654
1020,4512,1.0,0,0,3,7,250,1937,0,47.6724,1230,5029,12.984250075274694
2370,8900,1.0,0,4,4,9,700,1971,0,47.5648,2840,8956,13.815510557964274
1500,6250,1.0,0,0,3,6,610,1945,0,47.5365,1210,6250,12.517227074167097
3390,3960,2.0,0,0,3,10,0,2008,0,47.5406,2990,3400,13.560618308335483
2060,7720,2.0,0,0,3,8,0,1995,0,47.2956,1630,7720,12.398963153673362
2160,9593,1.0,0,0,3,8,0,1969,0,47.5883,2820,9628,13.270783382522602
2330,1944,2.5,0,0,3,8,380,2014,0,47.5446,2290,1407,13.414958361716755
1560,3200,1.5,0,0,3,7,0,1910,2007,47.6398,1240,3600,13.199231821660906
1300,11230,1.0,0,0,5,7,0,1968,0,47.3811,1300,10794,12.354492650648448
1080,8580,1.5,0,0,3,6,0,1900,0,47.4716,1800,12672,12.167851432709975
2730,3047,2.0,0,0,3,8,330,2006,0,47.5797,1980,4600,13.554015915266142
1360,6120,1.0,0,0,3,7,300,1947,0,47.6841,1800,5100,13.17115354157376
820,4206,1.0,0,0,3,5,0,1949,0,47.7076,1810,7200,13.142166004700508
1870,5449,2.0,0,0,3,8,0,2003,0,47.7557,2000,7687,13.007692992420726
2180,4533,2.0,0,0,3,7,0,2010,0,47.754,2180,7347,13.114331205707064
2880,4000,1.5,0,0,3,9,780,1912,2000,47.5843,2110,4000,13.534473028231162
3160,13238,2.0,0,0,5,8,0,1972,0,47.5373,2360,12042,14.038654109278484
1560,6774,1.0,0,0,4,6,500,1927,0,47.7024,1320,3844,12.821258284620408
2710,35009,2.0,0,2,3,9,0,1992,0,47.4815,2330,35040,13.304684934198283
1090,9900,1.0,0,0,4,7,0,1955,0,47.6755,1720,10419,12.611537753638338
1900,6224,2.0,0,0,3,7,0,2005,0,47.5941,2260,5450,13.19188944005294
2220,7210,1.0,0,0,3,7,950,1973,0,47.7428,2220,7313,13.054084536651034
1650,12940,1.0,0,0,4,7,0,1961,0,47.7629,2830,12600,12.989974189358584
1070,2880,1.0,0,0,3,7,0,1902,0,47.6261,2030,2880,12.765688433465597
1430,12199,1.0,0,0,3,7,300,1948,0,47.7352,1490,8196,12.765688433465597
4150,6303,3.0,0,0,3,9,0,2014,0,47.7047,3570,6285,13.804439499330272
730,9975,1.0,0,0,1,5,0,1943,0,47.4808,860,9000,11.302204433654575
4130,112521,2.0,0,0,3,11,0,1978,0,47.6392,3140,26147,14.457364444136669
940,15000,1.0,0,0,3,7,0,1960,0,47.4312,1450,15000,12.323855681186558
4060,52707,2.0,0,0,4,9,0,1996,0,47.7615,3100,50755,13.687677186454389
2710,5880,2.0,0,0,3,9,0,1998,0,47.3314,2520,6000,12.821258284620408
1900,36769,1.0,0,0,3,8,0,1987,0,47.3041,1950,35847,12.721885810807203
1320,4750,1.5,0,0,4,7,0,1928,0,47.6729,1360,2873,13.262125319779487
2090,7163,2.0,0,0,3,8,0,1989,0,47.2735,2320,8634,12.609869696537642
1480,6985,1.5,0,0,4,7,280,1926,0,47.686,1480,5588,13.36138027787483
1260,8382,1.5,0,0,3,7,0,1918,0,47.5058,910,8382,12.301382825334498
2070,8658,2.0,0,0,3,8,0,1999,0,47.5072,2010,7215,12.826649133255284
4610,81935,2.0,0,0,4,9,0,1984,0,47.6217,2900,43500,13.527828485512494
4000,9309,2.0,0,0,3,9,0,2007,0,47.5421,3920,8048,13.44154411691548
1770,7607,1.0,0,0,4,8,0,1987,0,47.4287,2090,7109,12.793859310432293
1010,9450,1.0,0,0,4,7,0,1959,0,47.3592,1240,9450,11.915051671812877
2280,200811,1.0,0,0,3,7,0,1978,0,47.6522,2280,206038,12.92391243868049
3770,47480,2.0,0,0,3,9,0,2003,0,47.3552,3380,42689,13.407542319637992
3080,5974,2.0,0,0,3,9,0,2003,0,47.6007,2950,5425,13.504900980868788
2490,5706,2.0,0,0,3,9,0,2005,0,47.3509,2650,5880,12.821258284620408
1560,7144,1.0,0,0,3,6,500,1913,0,47.5335,1300,6232,12.180703554179633
2380,7792,2.0,0,0,3,8,0,1993,0,47.3273,2260,7378,12.742566016044742
2480,5000,2.0,0,0,3,7,0,2004,0,47.6811,2410,5000,13.303016877097587
2870,4461,1.0,0,0,3,7,1220,1976,0,47.675,1890,4196,13.37855478276474
1230,10350,1.0,0,0,4,7,0,1957,0,47.428,1510,10427,12.429216196844383
2210,7079,2.0,0,0,3,8,0,1993,0,47.4206,1970,7000,12.854483932248728
2560,8927,1.0,0,0,3,7,770,1976,0,47.34,1920,9669,12.621488084491506
1640,1023,3.0,0,0,3,8,0,2014,0,47.6636,1720,1960,13.37700559577791
1260,10200,1.0,0,0,3,7,240,1983,0,47.2593,1560,10200,12.345834587905333
1890,10550,1.0,0,0,5,7,880,1969,0,47.5147,1930,7291,12.826649133255284
2620,5500,1.5,0,0,3,7,910,1911,0,47.6806,1790,5500,13.36138027787483
5490,19897,2.0,0,0,3,12,0,2005,0,47.6165,2910,17600,15.106119668949757
800,5280,1.0,0,0,5,6,0,1918,0,47.205,1240,7670,12.180754837545884
2730,5000,1.0,0,0,3,8,950,1962,0,47.6751,2090,5000,13.504900980868788
1650,11256,1.0,0,0,4,7,400,1957,0,47.4707,1860,11256,12.591335046320818
1820,7700,1.0,0,0,4,7,720,1955,0,47.7545,1700,8500,12.751009798924933
1810,42981,1.0,0,0,4,7,0,1973,0,47.5597,1980,113691,12.594730635321957
2170,12508,1.5,0,0,5,9,520,1928,1970,47.5665,2720,21070,13.683863103898274
2720,7350,2.0,0,0,3,9,0,1989,0,47.3028,2570,8336,12.815838217151068
1960,190357,1.0,0,3,2,8,0,1971,0,47.5538,2560,189100,13.038981768465277
2930,3200,1.5,0,0,5,9,800,1925,0,47.643,1900,4320,13.9108207377686
3680,8680,2.0,0,0,3,9,0,2003,0,47.6575,2020,8847,14.136143730555741
2168,4000,1.5,0,0,3,8,0,1907,0,47.6561,1770,4000,13.262125319779487
1390,18200,1.0,0,0,4,7,0,1962,0,47.3208,1810,9675,12.473615784141067
1330,9729,1.0,0,0,3,6,0,1952,0,47.6223,2920,10353,13.864300722133706
840,892,2.0,0,0,3,7,0,2006,0,47.5396,1030,1007,12.632973034358404
1580,5080,1.0,0,0,4,6,780,1942,0,47.4963,1580,7114,12.273731294003989
3150,9134,1.0,0,0,4,8,1510,1966,0,47.4934,1990,9133,12.751299696013497
3030,7864,2.0,0,0,3,9,0,1999,0,47.6075,2790,7034,13.437174117244362
1984,4419,2.0,0,0,3,7,0,2010,0,47.3514,2440,4418,12.611537753638338
2320,210830,2.0,0,0,4,8,0,1962,0,47.398,2540,217800,12.89921982609012
2000,7200,1.0,0,0,3,7,1000,1954,2014,47.4531,1440,7200,12.978493006984626
1520,15090,1.0,0,0,4,7,0,1968,0,47.398,1580,18618,12.577636201962656
2620,8331,2.0,0,0,3,9,0,1991,0,47.4357,2760,8174,13.038981768465277
1230,929,2.0,0,0,3,8,210,2004,0,47.6191,1270,1370,13.038981768465277
1540,7740,1.0,0,0,4,7,0,1909,0,47.522,1220,7740,12.860868734706196
1440,15000,1.0,0,0,3,7,0,1985,0,47.7648,1780,15000,12.80765263256463
2530,7000,2.5,0,4,3,9,0,1915,1999,47.5465,2380,7000,13.790192749979985
2720,8800,1.0,0,0,4,7,1220,1958,0,47.5976,2110,8800,13.180632285528304
2480,37843,1.5,1,3,4,8,0,1974,0,47.4003,2350,42122,13.404530269168
3740,5610,2.0,0,0,3,9,880,2014,0,47.6764,1520,4590,13.891545244240271
1530,1568,3.0,0,0,3,8,0,2012,0,47.6998,1460,1224,13.070964814318328
3800,22029,2.0,0,0,3,9,0,1993,0,47.6734,3170,24979,13.703461054155651
1890,5202,1.5,0,0,4,7,0,1909,0,47.6786,1670,5100,13.377780489268835
2100,14850,1.0,0,0,4,7,0,1963,0,47.3622,1930,17238,12.685407602204794
1520,5500,1.5,0,0,5,7,0,1936,0,47.5839,2310,5500,13.51169910358261
1740,6650,1.0,0,0,3,7,500,1978,0,47.2979,1740,7000,12.628067055589549
2990,189852,2.0,0,0,4,10,0,1974,0,47.746,3500,48760,13.869051324892304
2290,10687,2.0,0,0,3,9,0,1978,0,47.5878,2290,10300,13.764090939808739
2980,5377,2.0,0,0,3,9,0,2006,0,47.7074,3150,6593,13.514270320913642
4460,2975,3.0,0,2,3,10,1180,2015,0,47.6313,2490,4231,13.102160670086809
1540,704,3.0,0,0,3,9,0,2011,0,47.6177,1540,1456,13.517104522149518
1130,276170,1.0,0,0,3,8,0,2006,0,47.2673,2092,217800,13.244581010128577
1280,7198,1.0,0,0,5,6,0,1916,1983,47.2094,1260,7198,12.332705296463539
2230,5970,2.0,0,0,4,7,0,2002,0,47.3745,1970,4919,12.727838209334498
2050,14724,2.0,0,0,3,7,0,1989,0,47.73,1920,12841,12.894207284266574
2153,4400,2.0,0,0,3,8,0,2007,0,47.2872,2434,4400,12.464583340681674
4320,7502,2.0,0,0,3,9,820,2012,0,47.5235,3250,7538,13.695882070508743
3360,41250,1.0,0,0,4,7,1540,1988,0,47.2604,2580,98881,12.70684490313504
2320,7400,1.5,0,0,5,7,700,1913,0,47.5558,1740,4000,13.409900439342593
1794,4769,2.0,0,0,3,7,0,2005,0,47.3052,3557,4807,12.448822726483302
1550,5053,1.0,0,0,4,7,370,1963,0,47.5499,1450,5639,12.978493006984626
1900,8744,2.0,0,0,3,8,0,1987,0,47.62,2030,8744,13.235692062711331
3950,3938,2.0,0,4,3,10,1040,1991,0,47.5912,3220,4500,14.085537695177335
2570,10155,2.0,0,0,3,9,0,1994,0,47.3842,2770,10155,12.845291484064564
2240,9652,2.0,0,0,3,7,0,1990,0,47.4249,2180,11644,12.380025952653611
2190,7021,1.0,0,2,4,7,800,1953,0,47.5033,2180,7155,12.774223335915433
1520,6200,1.5,0,0,3,7,0,1945,0,47.678,1910,6200,13.369223455335854
2400,6182,2.0,0,0,3,8,0,1998,0,47.5363,2420,5829,13.16733674304706
2830,5802,2.0,0,0,3,9,0,2001,0,47.7605,2500,5788,13.219490088135052
2080,11375,1.0,0,0,3,8,0,2002,0,47.214,1080,12899,12.744026936684417
1980,5000,2.0,0,0,3,8,0,2008,0,47.6492,1400,8500,12.92513120787462
2270,8876,1.0,0,0,3,7,890,1977,0,47.4653,2150,7455,12.712890247898626
4460,26027,2.0,0,0,3,12,0,1992,0,47.6573,3770,26027,14.253765488895429
2260,10800,1.0,0,0,3,9,0,1978,0,47.6124,2650,9900,13.437174117244362
2910,4356,3.0,0,0,3,8,0,2010,0,47.6705,2840,4181,13.726679344257658
2780,6000,2.0,0,0,3,9,0,2004,0,47.4569,1940,3466,13.081437210791684
1210,5600,1.5,0,0,3,7,0,1922,0,47.5322,1400,5028,12.904207367601158
1930,3521,2.0,0,0,3,8,0,1989,0,47.6092,1840,3576,13.14020329553266
4740,172497,2.0,0,0,3,11,0,2003,0,47.6779,2120,49658,13.997832114758229
2200,7000,1.0,0,0,4,7,920,1977,0,47.4574,1670,7000,12.691580461311874
1750,16748,1.0,0,0,3,7,420,1978,0,47.7421,1750,16050,12.983101310070822
1860,7000,1.0,0,0,3,8,740,1979,0,47.3127,1990,8937,12.387977448827787
2040,7488,1.0,0,0,4,7,840,1969,0,47.7289,1530,7488,13.015891132893811
1560,7552,1.0,0,0,4,6,650,1948,0,47.7552,1200,8152,12.676076274775909
2190,6000,1.5,0,0,4,7,0,1920,0,47.3063,1610,6000,12.449018824140563
2180,14734,2.0,0,0,3,9,0,1990,0,47.4831,2300,21618,13.098070684835283
2100,58488,2.0,0,0,3,9,0,2005,0,47.72,1440,59346,12.821258284620408
2980,2147,2.5,0,0,3,10,490,2006,0,47.5463,2880,2428,13.444446876573442
900,2728,2.0,0,0,3,7,0,1998,0,47.5877,900,2728,12.577636201962656
1530,10731,1.0,0,0,3,7,0,1986,0,47.7655,2100,12593,12.89921982609012
1720,8910,1.0,0,0,4,7,0,1954,0,47.7736,1870,8640,12.899094818276968
1790,15142,1.0,0,0,3,7,430,1976,0,47.7362,1910,7500,12.936033799212835
1370,1007,3.0,0,0,3,8,40,2009,0,47.6682,1570,1635,13.169246963303179
1280,5547,2.0,0,0,4,6,0,1985,0,47.3344,1150,4500,12.025749091398891
780,1033,1.0,0,0,3,7,0,1922,1985,47.6155,1040,1319,12.429216196844383
1800,3780,1.5,0,0,3,7,400,1926,0,47.6831,1400,3780,13.186276703147982
2390,6550,1.0,0,2,4,8,950,1955,0,47.5714,2010,6550,13.527828485512494
2260,7701,2.0,0,0,3,8,500,2000,0,47.5053,1880,7529,13.076507902817875
1760,6875,1.0,0,0,4,8,0,1967,0,47.74,1670,13650,12.89921982609012
1370,7140,2.0,0,0,3,6,0,1942,0,47.512,1090,6300,12.86747112777554
4380,42769,2.0,0,0,5,11,0,1983,0,47.7167,3630,35425,13.864300722133706
1900,10950,1.0,0,0,4,7,500,1959,0,47.3582,1700,11850,12.577636201962656
2400,8320,2.0,0,0,3,8,0,1999,0,47.4808,2430,9258,13.152028970060078
1620,12825,1.0,0,0,3,8,280,1962,0,47.3321,2076,11200,12.604848765487542
2930,11562,1.0,0,3,3,9,1260,1947,0,47.6765,2530,6517,13.641157170819497
1650,9641,1.5,0,0,3,7,0,1983,0,47.7145,1940,6701,12.92391243868049
1560,8456,1.0,0,0,5,7,0,1970,0,47.7769,2230,13109,12.89921982609012
1580,10100,1.0,0,0,4,7,0,1961,0,47.4423,1650,10032,12.599802497419917
2590,12063,2.0,0,0,3,10,0,1993,0,47.5527,2850,8469,13.587982408332241
1710,5200,1.0,0,0,5,7,680,1977,0,47.3651,1390,5200,12.345834587905333
2920,7700,2.0,0,0,3,9,0,2003,0,47.7351,2920,8943,13.152892582439152
4020,435600,1.5,0,2,3,10,0,1999,0,47.4418,2590,283140,13.8878312195439
1480,8381,1.0,0,0,4,7,0,1968,0,47.7078,1710,8050,13.212204081404119
2030,9791,1.0,0,0,4,8,530,1984,0,47.534,2030,11031,13.257768014410532
1130,8159,1.0,0,0,4,7,0,1954,0,47.7362,1570,8162,12.927564299099261
3840,85728,2.0,0,0,3,11,0,1998,0,47.615,2430,42643,13.641157170819497
1980,9725,2.0,0,0,3,8,0,1994,0,47.4856,2070,9834,13.060487973686241
1657,5031,2.0,0,0,3,7,0,1910,0,47.5699,2050,6201,13.210374254727043
3600,155509,2.0,0,0,3,9,0,2004,0,47.3538,3410,34412,13.541073712262515
1950,7620,1.0,0,0,4,7,940,1956,0,47.4594,1850,7620,12.524526376648708
1930,14389,1.0,0,0,3,7,800,1963,1998,47.7733,1730,14378,12.86099861326992
2350,3798,2.0,0,0,3,8,0,2013,0,47.543,2020,3532,13.514405465180353
1560,8820,1.0,0,3,3,7,500,1979,0,47.3382,2140,7800,12.468052220629582
1520,11085,1.0,0,0,3,8,0,1983,0,47.646,2310,9647,13.072290390769888
1510,6071,1.0,0,0,4,7,360,1985,0,47.3619,1510,7271,12.487485104968359
2770,24140,2.0,0,0,3,8,0,1967,0,47.6585,1720,16011,13.217673557208654
2130,6325,1.0,0,0,5,7,690,1948,0,47.5683,1240,6325,13.337474757021274
2370,4000,1.5,0,2,5,8,390,1928,0,47.601,2440,5750,13.633988681340885
1270,8000,1.0,0,0,4,6,0,1959,0,47.6175,1210,7875,13.071070083016778
2420,7200,1.0,0,0,3,8,1000,1948,0,47.6867,2500,7200,13.9108207377686
2240,4447,2.0,0,0,3,7,0,2006,0,47.4868,2000,3800,12.92391243868049
1650,7352,1.0,0,0,3,7,490,1979,0,47.4612,1710,7350,12.43857229176841
1500,2500,2.0,0,0,3,8,0,2002,0,47.6748,1550,5000,13.132313708257497
1130,5236,1.0,0,0,4,6,0,1942,0,47.5103,1010,5320,12.859699067927835
1070,9750,1.5,0,0,3,7,0,1995,0,47.7131,970,9750,12.392552212472792
1050,7560,1.0,0,0,3,7,0,1951,0,47.525,1490,7560,12.71589776896258
3040,6000,2.0,0,0,3,9,0,2007,0,47.3473,2640,6000,12.973863369085885
2270,5654,2.0,0,0,3,8,0,1999,0,47.7733,1770,7840,13.122363377404328
890,3271,1.0,0,0,4,6,0,1918,0,47.5631,1190,5175,12.921470435024938
1250,7400,1.0,0,0,5,6,0,1959,0,47.62,990,7600,13.005829561148378
1200,4000,1.5,0,0,4,6,0,1923,0,47.5881,1390,4000,12.989974189358584
2820,5612,2.0,0,0,3,9,0,2007,0,47.7477,1620,14881,13.279367126213993
2460,41343,1.0,0,0,4,8,0,1988,0,47.5142,2500,53885,13.337474757021274
1640,4875,1.0,0,0,4,7,600,1977,0,47.3661,1640,5200,12.35017298950393
2400,10364,2.0,0,0,3,8,0,1995,0,47.4832,2390,9918,13.091904169919621
1680,2400,1.5,0,0,3,7,510,1929,0,47.6849,1080,4560,13.058358047428417
2760,5040,2.0,0,2,3,9,0,1955,2005,47.6756,2370,5760,13.914441447807139
2610,5544,1.5,0,0,3,8,930,1934,0,47.684,1330,5074,13.527828485512494
1140,690,2.0,0,0,3,8,380,2014,0,47.6205,1480,1171,13.253391639810733
1790,14690,1.0,0,1,4,7,120,1960,0,47.3965,2440,10664,12.388394202324129
700,6000,1.0,0,0,3,6,0,1943,0,47.4671,1320,6000,12.323855681186558
1480,1961,2.0,0,0,3,8,0,2005,0,47.5478,1400,1138,13.017002861746503
1360,10609,1.0,0,0,3,7,300,1966,0,47.7203,1490,9935,12.974327298576924
1200,9085,1.0,0,0,4,7,0,1968,0,47.2795,1200,9085,12.341258918085241
2220,6811,1.0,0,0,4,7,950,1961,0,47.5059,1800,7350,12.676076274775909
2110,10698,2.0,0,0,4,8,0,1979,0,47.5614,2220,8252,13.244581010128577
2250,3433,1.5,0,0,3,8,750,1927,2013,47.6382,1970,3484,13.864300722133706
1550,2285,2.0,0,0,3,8,0,2007,0,47.5398,1550,2135,12.691580461311874
1410,8088,1.0,0,0,3,7,0,1987,0,47.7303,1770,7401,12.92391243868049
1730,13040,1.0,0,0,4,8,440,1988,0,47.6809,1730,11016,13.122363377404328
3010,4887,2.0,0,3,4,10,1070,1951,1996,47.6933,2540,9375,13.676248490630767
1740,7682,1.0,0,0,3,8,410,1978,0,47.4451,2010,8820,12.762827201184564
3440,35021,2.0,0,0,3,10,0,1983,0,47.6476,3440,35021,13.864300722133706
1170,6757,1.0,0,0,4,6,370,1944,0,47.7332,1590,6794,12.891691559669328
2370,6000,1.5,0,2,3,8,1030,1926,2003,47.6645,1350,4500,13.554145793829866
2580,6740,2.0,0,0,3,8,0,1999,0,47.4296,2010,6740,12.793859310432293
2230,13529,1.0,0,0,3,9,0,1949,0,47.6204,2230,11900,14.187074114396758
920,6612,1.0,0,0,3,6,0,1948,0,47.548,1860,8424,12.254862809699606
3160,11470,1.0,0,0,4,9,1380,1971,0,47.5368,3260,11470,13.795307850646754
2390,6888,2.0,0,1,5,8,0,1939,0,47.6839,2390,7920,13.9108207377686
740,6460,1.0,0,0,3,6,0,1953,0,47.5077,1170,6975,12.092343880201831
3860,9600,1.0,0,3,4,8,1200,1973,0,47.7139,2440,9600,13.415032991367148
1740,4145,2.0,0,0,3,7,0,2010,0,47.6875,1740,4045,12.86099861326992
3070,4440,2.0,0,0,3,9,1040,1922,2007,47.5732,1780,4800,13.710150042306449
2940,6431,2.0,0,0,3,10,0,2014,0,47.5818,2760,6695,13.725754326396588
2130,11733,1.0,0,0,5,7,800,1969,0,47.512,1800,9131,12.886641043883259
1440,12040,1.0,0,0,4,7,0,1959,0,47.3715,1720,12040,12.443119102013375
3597,4972,2.0,0,0,3,7,0,2006,0,47.3002,3193,6000,12.706847933442663
1520,7123,1.0,0,0,4,7,0,1959,0,47.4991,1450,8023,12.586561767568162
1210,1250,3.0,0,0,3,8,0,2014,0,47.6722,1780,5000,13.16158409055761
2979,17313,2.0,0,2,3,11,0,1993,0,47.5503,3890,14797,13.723395269056468
2320,7500,1.0,0,0,3,7,0,1976,0,47.7413,1480,10000,12.634603026569334
1260,10065,1.0,0,0,3,7,0,1954,2014,47.5727,1320,10278,13.071070083016778
1400,4800,1.0,0,0,3,7,200,1921,0,47.6865,1440,3840,12.736700896592344
3135,5811,2.0,0,0,3,9,0,2005,0,47.3263,3008,5799,12.833347081939412
1270,6825,1.0,0,2,3,7,0,1950,0,47.5051,1800,6930,12.4529327234617
1980,6000,1.0,0,0,4,7,600,1958,0,47.6921,1260,6000,13.3645249345543
1610,3755,2.0,0,0,3,7,0,1987,0,47.6825,1300,3823,12.886641043883259
2680,20104,1.0,0,0,5,9,860,1964,0,47.6304,3060,19837,14.093142294562554
2410,9886,1.0,0,0,5,8,420,1975,0,47.5351,2530,10658,13.751505227988362
1677,7209,2.0,0,0,3,7,0,2011,0,47.2957,2236,7209,12.594730635321957
1500,6180,1.0,0,0,4,6,440,1947,0,47.5689,1740,6180,12.994530005894443
2650,6366,2.0,0,0,3,9,0,1998,0,47.3325,2650,6200,12.771386454580234
710,7200,1.0,0,0,3,6,0,1943,0,47.4903,960,7200,12.2783933071098
1940,7500,1.0,0,0,4,7,220,1966,0,47.3736,2000,9000,12.520883385370206
2930,33981,2.0,0,2,3,9,0,2000,0,47.5151,3720,35230,13.573438996764546
1620,4000,2.0,0,0,3,7,0,2008,0,47.3661,1580,3780,12.628067055589549
1410,9600,1.0,0,0,4,7,0,1983,0,47.7591,1410,9600,12.80902155817197
1500,2314,2.0,0,0,3,7,0,2005,0,47.5537,1440,2170,12.911642346088676
3120,16672,2.0,0,0,4,9,0,1969,0,47.6458,3740,17853,14.454729396498664
1200,8040,1.0,0,0,4,7,0,1959,0,47.4901,1450,9315,12.540757571577291
1780,9720,1.0,0,0,3,8,500,1981,0,47.4762,1710,9790,12.584509081250419
2710,9216,1.0,0,0,3,8,1270,1961,0,47.5523,1960,6350,13.343905647351566
940,8377,1.0,0,0,4,7,0,1952,0,47.5974,1710,6900,13.493926933836812
2550,6300,1.0,0,0,4,7,990,1959,0,47.5014,1380,6300,12.513557345278134
3040,11651,2.0,0,0,3,10,0,1987,0,47.6348,2540,11815,13.445895102749807
2080,217800,1.0,0,0,5,7,0,1963,0,47.3884,1670,213008,13.081541382884074
1480,15641,1.0,0,0,4,7,0,1940,0,47.5008,1520,7525,13.102160670086809
1530,6000,2.0,0,0,4,7,0,1991,0,47.3487,1360,6000,12.487485104968359
1300,7885,1.0,0,0,3,7,0,1968,0,47.4556,1840,7600,12.479909311159902
1470,13068,1.0,0,0,4,7,0,1975,0,47.3096,2090,16988,12.49107488042269
1910,5000,1.5,0,0,3,7,300,1912,0,47.6597,2170,5000,13.396200043034057
2520,8442,1.0,0,0,4,7,880,1953,0,47.6317,2110,8442,13.554145793829866
1160,5000,2.0,0,0,3,7,0,2000,0,47.5883,2060,5000,12.724866438945341
2080,3000,1.0,0,0,4,7,1040,1925,0,47.6853,1000,3193,13.112313041550827
2640,5000,2.0,0,0,3,9,800,1943,2004,47.6619,2010,5000,13.896629609249066
3100,9378,3.0,0,2,3,11,0,1978,0,47.6381,3270,6334,13.933293593620657
1900,76877,1.0,0,0,3,8,0,2004,0,47.3491,1740,34848,12.873902018105829
2060,3060,2.0,0,0,3,7,0,1968,0,47.5631,1630,3766,12.89921982609012
1240,5400,1.0,0,0,4,7,180,1940,0,47.7115,1429,5400,12.779873068457553
1000,1251,2.0,0,0,3,7,70,2006,0,47.6529,1420,1187,12.840000466430148
2960,26742,1.0,0,3,3,8,1480,1949,1996,47.6846,2500,9460,13.964792260680028
1360,10742,1.0,0,0,5,7,400,1971,0,47.4351,1830,9000,12.598114733306197
2240,9886,1.5,0,0,4,7,0,1965,0,47.6294,1540,8040,13.122363377404328
1900,8272,1.0,0,0,4,9,440,1966,0,47.5803,2040,8479,13.480037821676145
1060,7419,1.0,0,2,4,6,0,1906,0,47.7712,2190,5953,12.821258284620408
3190,4700,2.0,0,0,3,8,0,2003,0,47.3724,2680,5640,12.79246945614324
2020,4861,2.0,0,0,3,7,0,2005,0,47.4659,2170,4600,12.577636201962656
1910,6960,1.5,0,0,5,8,0,1941,0,47.6893,1360,3300,13.635187003832993
2120,9146,1.0,0,0,3,8,860,1981,0,47.6475,2040,10485,13.17115354157376
3070,7150,2.0,0,0,3,9,0,2007,0,47.7079,3200,6984,13.652991628466498
2450,5760,2.0,0,0,3,9,0,2000,0,47.6145,2450,5762,13.418757390458131
3220,5262,2.0,0,0,3,9,0,2003,0,47.6878,3220,4921,13.623138665316818
2460,7630,1.0,0,0,5,8,520,1976,0,47.7147,2000,7326,13.527828485512494
2090,7634,1.0,0,0,3,8,640,2001,0,47.7408,2090,9600,12.89921982609012
3140,12150,2.0,0,0,3,9,0,1979,0,47.6361,2370,12054,13.527828485512494
5850,35070,2.0,0,0,4,12,1440,1990,0,47.5485,4830,36200,14.237504968023648
2008,5050,1.0,0,0,3,7,792,1992,0,47.5376,2040,5297,13.038981768465277
2490,18042,2.0,0,0,3,8,0,2003,0,47.4161,1960,21107,13.112313041550827
1600,6180,1.5,0,0,3,6,0,1946,0,47.5681,1410,6180,12.959844447906553
5230,8960,2.0,0,0,3,11,780,2014,0,47.5964,2310,9603,14.502388125510624
830,4500,1.0,0,0,3,6,0,1920,0,47.5248,1092,5350,11.982929094215963
1410,1442,3.0,0,0,3,8,50,2006,0,47.7183,1500,1200,12.788288265382837
2410,15300,1.0,0,0,4,8,1010,1975,0,47.5416,2440,15300,13.709149541972865
1360,8968,1.0,0,0,3,7,0,1956,0,47.7105,1490,7355,12.779873068457553
2440,10363,2.0,0,0,3,9,0,1988,0,47.5634,2500,10728,13.337474757021274
1400,5750,1.0,0,2,3,6,300,1915,0,47.5659,1500,5175,13.13675925768806
1430,5600,1.5,0,0,3,6,0,1947,0,47.5192,1860,5980,11.79810440720389
1160,1086,2.0,0,0,3,7,270,2006,0,47.768,1160,1086,12.429216196844383
2910,35679,2.0,0,0,4,9,0,1987,0,47.5859,2720,36728,13.614006181753545
1640,10762,1.0,0,0,3,7,510,1988,0,47.3586,1680,10259,12.330500223905226
2160,4297,2.0,0,0,3,9,0,1999,0,47.5476,2160,3968,13.16158409055761
1970,7902,1.0,0,0,3,8,660,1960,0,47.7249,1860,8021,13.00019574343012
1380,10875,1.0,0,0,3,7,0,1977,0,47.4653,1040,10875,12.609869696537642
2290,4539,2.0,0,0,3,7,0,2001,0,47.4753,1710,7200,12.594730635321957
2120,13644,2.0,0,1,4,9,700,1973,0,47.5574,2950,17060,13.448785278172041
3490,12410,2.0,0,0,3,8,900,2009,0,47.4714,1740,14448,13.353475098367715
1860,8117,1.0,0,0,4,8,400,1966,0,47.6228,2040,8199,13.279367126213993
1450,13439,1.0,0,0,4,7,270,1963,0,47.2811,1520,12348,12.487485104968359
1730,4004,2.0,0,0,3,7,0,1999,0,47.4317,1730,5523,12.759957758756611
1410,5100,1.0,0,0,4,7,300,1954,0,47.7026,1600,7800,13.005829561148378
1520,7700,1.0,0,0,4,7,0,1967,0,47.7356,1520,7500,13.122263372403996
1470,1256,2.0,0,0,3,8,540,2006,0,47.6033,1510,1797,12.892950213076524
1770,6666,2.0,0,0,3,7,0,1989,0,47.2877,1780,6666,12.644166273130065
1010,10125,1.0,0,0,4,7,0,1972,0,47.3423,1230,10125,12.2783933071098
1900,5001,1.0,0,0,3,8,700,2008,0,47.7289,1950,4680,13.122363377404328
2070,25710,1.0,0,0,5,6,0,1917,0,47.2032,1350,17998,12.65075846679162
1560,5333,1.0,0,0,3,5,780,1947,0,47.4749,1010,4800,12.323855681186558
1810,6583,1.0,0,0,3,7,310,1968,0,47.7273,860,8670,13.591116224748411
2100,4400,1.5,0,0,5,7,380,1924,0,47.5299,1850,4400,13.005829561148378
4650,108464,2.0,0,0,3,10,1390,1999,0,47.5669,2810,155509,13.800396920154226
1570,15570,1.0,0,0,3,7,0,1981,0,47.3207,2000,28200,12.25462468611234
1510,12408,1.0,0,0,4,7,0,1969,0,47.5069,1480,17800,12.64642215549184
3350,5025,2.0,0,2,3,8,680,2014,0,47.5699,2030,5117,13.231217782316412
1322,1796,2.0,0,0,3,8,235,2005,0,47.5976,1690,2025,12.765688433465597
2190,2867,1.5,0,0,5,7,720,1929,0,47.6868,1600,3800,13.3645249345543
1360,6000,1.0,0,0,4,6,340,1944,0,47.4783,1230,6000,12.519056900844173
1650,3952,2.0,0,0,3,7,0,1950,0,47.6727,1210,4560,13.217673557208654
1710,6050,1.5,0,0,3,7,300,1913,0,47.5569,1560,4950,13.480037821676145
1590,7936,1.0,0,0,3,7,0,1956,0,47.5201,1590,7936,12.691580461311874
1400,19570,1.5,0,0,3,6,300,1929,0,47.4724,2250,6500,12.429216196844383
2700,7875,1.5,0,0,4,8,0,1968,0,47.454,2220,7875,12.873902018105829
1910,10230,1.0,0,0,4,7,620,1964,0,47.4185,1590,10800,12.429216196844383
1510,6000,1.0,0,0,3,8,340,1953,0,47.5168,1125,6000,12.644327576461329
1870,16549,1.0,0,0,3,8,0,1969,0,47.7482,1870,10804,12.947890935553772
2570,9503,2.0,0,0,3,8,0,1980,0,47.764,1950,9600,12.992254692057308
1220,7447,1.0,0,0,4,7,0,1964,0,47.6886,1340,7200,13.45597438174451
1090,7647,1.0,0,0,3,7,0,1994,0,47.2613,1660,9219,12.371587084007746
1410,4480,1.5,0,0,3,8,0,1927,0,47.6385,1240,3400,13.345506928718539
940,8400,1.0,0,0,3,7,0,1958,0,47.5108,1190,8400,12.341477282536376
2790,4807,1.5,0,0,4,7,650,1949,0,47.3098,1056,4807,12.570715759118084
1850,3600,2.0,0,0,3,8,190,1929,0,47.6376,1970,3600,13.732128949025222
910,5759,1.0,0,0,3,6,0,1951,0,47.7153,1520,7518,13.028052697933088
1690,3129,2.0,0,0,3,7,0,2002,0,47.6875,1690,3129,13.00019574343012
2250,12142,2.0,0,0,3,8,0,1986,0,47.4338,2300,9003,12.802158113246987
2520,10175,1.0,0,0,3,8,890,1979,0,47.5652,2220,8388,13.437174117244362
840,6540,1.0,0,0,3,6,0,1970,2014,47.3743,1010,6600,12.354492650648448
790,8250,1.0,0,0,3,6,0,1947,0,47.4523,900,8250,11.608235644774552
2510,19141,2.0,0,0,3,9,0,1977,0,47.3103,2400,13030,12.817195990611529
810,8424,1.0,0,0,4,6,0,1959,0,47.3286,820,8424,12.043553716032399
1230,1107,2.0,0,0,3,8,0,2006,0,47.5475,1380,1107,12.793859310432293
3560,11119,1.0,0,2,3,10,1270,1986,0,47.6456,3290,11385,13.664687668229691
1530,2248,1.5,0,0,3,7,0,1914,0,47.5766,1340,3700,12.765688433465597
2710,18480,2.0,0,2,3,10,710,1978,0,47.7256,2710,18077,13.514405465180353
4340,8521,2.0,0,0,3,7,1790,1986,0,47.52,1890,8951,12.945626198904275
1460,10200,1.0,0,0,4,7,0,1957,0,47.4238,1460,8500,12.301382825334498
1220,3286,2.0,0,0,3,7,0,1982,0,47.7168,1220,2640,12.594730635321957
1250,4320,1.0,0,0,4,7,400,1911,0,47.6549,1520,4320,13.262125319779487
2370,9517,1.0,0,0,3,9,740,1984,0,47.6222,2440,9035,13.39239051461739
1740,11040,2.0,0,0,3,8,0,1980,0,47.7376,1720,11778,12.89921982609012
1180,7669,1.0,0,0,4,7,0,1967,0,47.4479,1190,7669,12.2783933071098
5110,10018,2.0,0,0,3,10,1260,2003,0,47.7261,1790,10018,13.38472764187182
1540,7739,2.0,0,0,4,7,0,1986,0,47.3511,1720,7200,12.506177237980511
2060,10160,1.0,0,0,4,8,720,1967,0,47.7712,2320,11186,12.971424201839042
1670,9900,1.0,0,0,4,8,0,1957,0,47.595,2410,8800,13.337474757021274
2910,5776,2.0,0,2,3,8,0,1998,0,47.5388,2550,6750,13.286181462633724
2610,16387,2.0,1,4,3,9,0,2006,0,47.7175,2590,12958,14.508657738524219
1320,13052,1.5,0,0,3,7,0,1980,0,47.712,1320,13052,12.206072645530174
1110,1290,3.0,0,0,3,8,0,2006,0,47.6968,1360,1251,12.751299696013497
1540,1044,3.0,0,0,3,8,0,2014,0,47.6765,1580,3090,13.215853720491667
2100,4237,2.0,0,0,3,8,0,2006,0,47.3901,2100,4575,12.500606192931057
2320,52272,1.5,0,0,3,8,0,1974,0,47.587,2200,52272,13.304684934198283
1170,8251,1.0,0,0,3,7,0,1941,0,47.6873,1360,6798,12.883649231099161
2280,10255,2.0,0,0,4,8,0,1985,0,47.4334,2310,10094,12.84792653170257
2770,57745,2.0,0,0,3,8,0,1985,0,47.775,2720,46765,13.389332408258568
2430,5867,2.0,0,0,3,7,0,2011,0,47.5162,2620,5866,13.091904169919621
3370,6550,2.0,0,2,4,8,530,1912,2001,47.5442,1500,6550,13.62918097977278
2020,9505,1.0,0,0,3,7,760,1969,0,47.7399,2080,11901,12.901716706288706
1230,7890,1.0,0,1,4,7,140,1950,0,47.5808,2380,13176,13.251635713108469
2588,5701,2.0,0,0,3,8,0,2008,0,47.3449,2389,5702,12.721885810807203
1060,52272,1.0,0,0,3,7,0,1960,0,47.36,1900,5971,12.429216196844383
2430,11670,1.0,0,0,4,7,1100,1978,0,47.7307,1580,10464,13.15773052124162
1620,4879,1.0,0,0,3,7,580,1924,2011,47.5703,1500,5000,13.265597545490236
2580,9450,1.0,0,0,4,8,920,1959,0,47.703,2060,9450,13.38472764187182
2450,62290,2.0,0,0,3,8,0,1976,0,47.7603,2450,41181,13.142166004700508
2130,6003,2.0,0,0,3,8,0,2003,0,47.4518,1940,4529,12.850554654108839
1060,7920,1.0,0,0,4,7,0,1968,0,47.5649,1060,7457,12.696185227698622
3610,12033,2.0,0,0,3,8,400,1970,0,47.7692,2210,8577,13.321214236149494
2040,6348,1.0,0,0,3,7,1020,1962,0,47.6964,1770,5047,13.219490088135052
1640,4080,1.0,0,0,3,7,800,1921,0,47.6645,1980,4080,13.1749558275235
3520,7815,2.0,0,3,3,10,380,1929,0,47.6429,2790,6644,14.151982794585487
3030,35123,2.0,0,0,4,8,1270,1984,0,47.4694,2810,36205,13.304518253641184
1040,5120,1.0,0,0,3,7,0,1901,0,47.6048,1250,4000,12.928778628331663
4460,269345,2.0,0,4,3,9,1130,1996,0,47.4992,2670,115434,13.633328991371235
2660,223027,1.0,0,0,3,8,1330,1962,2015,47.4127,1560,222591,13.269057756555132
950,4625,1.0,0,0,4,7,0,1949,0,47.6912,1440,4625,12.971540487669746
1610,6732,2.0,0,0,3,7,0,1994,0,47.3658,1680,7414,12.254862809699606
2940,6000,2.0,0,0,3,8,0,2000,0,47.7533,2510,6600,13.235692062711331
3090,47044,1.0,0,0,4,10,840,1979,0,47.4291,1860,62829,13.308842944346948
1660,9549,1.0,0,0,3,7,0,1956,0,47.6503,2090,9549,13.422467969854667
3050,7520,2.0,0,0,3,8,0,2014,0,47.5245,2180,10800,13.514405465180353
2270,9464,1.5,0,0,4,7,750,1940,0,47.5007,1770,9464,13.079455876393052
1210,5200,1.0,0,0,3,6,0,1941,0,47.531,890,5200,12.971540487669746
1940,8990,1.0,0,0,4,8,380,1956,0,47.7021,2310,11745,13.208541073645382
2410,4560,2.0,0,2,5,9,610,1929,0,47.6796,2150,5100,13.77468856344402
2240,5402,2.0,0,0,3,8,0,2005,0,47.772,2240,7560,13.228523573232719
3100,7501,2.0,0,0,3,10,0,1998,0,47.6859,3140,8672,13.58609739363647
2270,7156,1.0,0,0,3,7,900,1948,0,47.4864,1210,7156,12.584509081250419
2100,5112,2.0,0,0,3,8,0,1999,0,47.5338,2100,4370,13.122163357401663
750,2020,1.0,0,0,3,7,0,1908,1995,47.6175,1630,2383,12.821258284620408
2220,10275,2.0,0,0,3,9,580,1980,0,47.5304,2300,9975,13.102160670086809
2350,7210,1.5,0,0,4,7,0,1972,0,47.7407,1930,7519,13.122363377404328
1430,4920,1.0,0,0,2,6,0,1957,0,47.5388,1550,5646,12.072541252905651
1460,7573,2.0,0,0,3,8,0,1983,0,47.6012,1910,7668,13.017002861746503
1300,2446,1.0,0,3,3,8,420,1961,0,47.6071,2440,5051,13.42468772659298
2260,2050,2.0,0,0,3,9,1090,2010,0,47.566,2130,3082,13.184398768323781
1510,2001,2.0,0,0,4,8,0,1985,0,47.6211,1510,2055,13.005829561148378
1980,9800,1.0,0,0,3,7,0,1991,0,47.3745,1630,7650,12.631340380934517
2560,5672,2.0,0,1,3,8,0,2005,0,47.5222,2190,6788,13.15773052124162
1140,1181,3.0,0,0,3,8,0,2007,0,47.6713,1220,1189,13.054084536651034
2620,10016,2.0,0,0,3,8,0,1996,0,47.5295,2620,10016,13.244581010128577
1700,7000,2.0,0,0,3,7,0,1996,0,47.3798,1950,7000,12.675920012567607
2430,7242,2.0,0,0,3,8,0,2003,0,47.3533,2430,7242,12.928778628331663
1070,1236,2.0,0,0,3,8,70,2005,0,47.5619,1170,1888,12.903585283599758
1670,7700,1.0,0,0,3,7,500,1972,0,47.725,1500,7875,12.957488734214095
4370,12240,2.0,0,0,3,11,1100,1990,0,47.582,2980,12800,14.22097566607244
2270,23900,1.0,0,0,3,9,450,1975,0,47.7506,2520,28300,13.42984807715229
2260,8457,2.0,0,0,3,9,0,1992,0,47.6251,2410,7713,13.36138027787483
780,77603,1.0,0,0,1,5,0,1945,0,47.4396,1750,30847,12.154779351142624
2240,5580,2.0,0,0,5,7,410,1949,0,47.5598,1530,4800,13.180632285528304
1120,7797,1.0,0,0,3,6,0,1948,0,47.4871,2180,7200,12.283866672970193
1760,4264,2.0,0,0,3,8,0,1902,0,47.6246,2130,4264,13.567690018937624
3300,4987,2.0,0,0,3,9,0,2014,0,47.6175,3520,5453,13.652979863691412
2070,12708,2.0,0,0,3,8,0,1996,0,47.5295,2620,9617,13.235692062711331
2240,4648,2.0,0,0,3,7,0,2005,0,47.3378,2221,4557,12.567237494741757
1250,3708,1.5,0,0,3,7,0,1926,0,47.685,1430,3708,13.16158409055761
1670,5060,2.0,0,2,5,7,0,1925,0,47.5671,1670,5118,13.480037821676145
1320,10800,1.0,0,0,4,8,0,1947,0,47.7145,2120,12040,13.054084536651034
1530,8503,1.0,0,0,4,7,380,1983,0,47.6872,1610,8549,13.19188944005294
1750,14400,1.0,0,0,4,7,0,1951,0,47.4535,2030,14400,12.815838217151068
1910,8058,2.0,0,0,3,8,0,1992,0,47.3891,1910,6500,12.611537753638338
1510,36224,2.0,0,0,3,8,0,1991,0,47.4616,1730,36224,12.936033799212835
730,1942,1.0,0,0,3,7,0,2009,0,47.5943,1020,2044,12.691580461311874
2750,12350,2.0,0,0,3,8,0,1987,0,47.419,1650,9810,12.785491060761776
1440,8370,1.0,0,0,3,7,0,1977,0,47.5418,1440,8370,12.319401330837177
3770,24897,2.0,0,2,4,8,1220,1964,0,47.5824,2640,11502,13.753635154246187
1220,2500,1.0,0,0,3,6,450,1910,0,47.5727,1540,3000,12.449018824140563
1910,10583,1.5,0,0,4,7,0,1922,1967,47.2782,1770,9068,12.417953004565673
2300,8067,1.0,0,0,4,8,1000,1979,0,47.7091,2120,9524,13.329377546788654
2260,5500,1.5,0,0,3,7,980,1910,0,47.681,1790,5355,13.345506928718539
1010,11244,1.0,0,0,4,7,0,1947,0,47.7467,1220,11242,12.765688433465597
2550,4089,2.0,0,0,3,9,0,1983,0,47.6272,1680,4089,13.633988681340885
1250,8450,1.0,0,0,4,7,0,1954,0,47.503,1350,9300,12.71589776896258
1480,800,2.0,0,0,3,8,480,2014,0,47.5493,1480,1143,13.058358047428417
1840,7076,1.5,0,0,3,7,0,1957,0,47.5185,1510,7320,12.258427875864102
2030,18295,1.5,0,0,4,7,0,1975,0,47.7326,1970,7307,13.108264453024827
1160,9375,1.0,0,0,3,7,0,1967,0,47.7419,1160,9650,12.84792653170257
2130,6222,1.0,0,0,3,7,830,1991,0,47.5272,2130,6222,12.691580461311874
1660,11664,1.0,0,0,3,6,650,1952,0,47.4943,1670,9975,12.301382825334498
1870,7200,1.0,0,0,3,7,480,1975,0,47.734,1830,7876,12.767115985456782
1580,9719,1.0,0,0,5,7,0,1962,0,47.5396,1760,8539,13.155991558384313
1980,4500,2.0,0,0,3,8,0,1989,0,47.579,1770,4595,13.210007887256376
1120,7104,1.5,0,0,3,7,0,1946,0,47.7055,1370,7104,13.224919965729422
2850,14800,1.0,0,0,4,9,930,1976,0,47.559,3300,10809,13.560618308335483
1720,5525,1.0,0,2,5,7,760,1941,0,47.559,1760,5525,13.122363377404328
1460,9750,1.0,0,0,4,7,0,1969,0,47.3242,1270,9750,12.211060187041213
2900,15535,1.0,0,2,4,7,1030,1961,0,47.612,2330,10217,13.38472764187182
2830,4000,2.5,0,0,4,8,0,1918,0,47.5132,1480,4000,12.91312273125911
2120,3220,2.0,0,0,3,9,0,2005,0,47.6662,2120,3547,13.364917322238362
3580,95832,1.5,0,0,3,9,0,2005,0,47.4239,2880,60548,13.407542319637992
2100,5058,1.0,0,2,3,7,760,1941,0,47.5743,1640,5000,13.312983737012978
3710,34200,2.0,0,0,3,8,1200,1986,0,47.6101,1720,23100,13.36138027787483
2870,7288,2.0,0,0,3,9,0,2012,0,47.7745,2870,5998,13.38472764187182
1060,5200,1.0,0,0,3,6,0,1969,0,47.3688,910,5200,12.285345826424681
1460,3696,2.0,0,0,3,7,0,2010,0,47.6861,1720,3631,12.879366547511184
2180,7318,1.0,0,0,4,7,970,1967,0,47.5251,2140,7560,13.091904169919621
1050,4800,1.0,0,0,4,7,0,1969,0,47.5128,1230,4800,12.691580461311874
2860,8458,2.0,0,0,3,7,0,1983,0,47.4269,1760,8458,12.80765263256463
3560,4290,1.0,0,0,4,7,1780,1957,0,47.5282,3040,6000,12.983101310070822
2310,3313,2.0,0,0,3,9,0,2006,0,47.6318,2700,5670,14.03705282791151
920,9812,1.0,0,0,4,7,0,1962,0,47.2958,1188,9812,12.203569515312056
1601,2491,3.0,0,0,3,7,65,2007,0,47.719,1420,1156,12.842649474601725
3590,8249,2.0,0,0,3,9,0,1997,0,47.2846,2860,7995,13.151922179645874
1680,9545,1.0,0,0,4,7,600,1979,0,47.739,1890,9545,12.959844447906553
2750,5589,1.5,0,0,5,9,910,1910,0,47.6364,1460,4250,13.726679344257658
2050,9360,1.0,0,0,3,7,530,1968,0,47.436,1840,9383,12.834681304952548
1330,7600,1.0,0,0,4,7,0,1968,0,47.3103,1500,7776,12.292250341771226
3770,8899,2.0,0,0,3,10,830,2006,0,47.6476,3300,8308,13.914903301842308
2370,8154,1.0,0,0,3,7,990,1977,0,47.7258,2100,8148,13.166380262821104
2160,9682,2.0,0,0,3,8,0,1999,0,47.4106,1770,9600,12.752747922189862
1430,8355,1.5,0,0,4,7,0,1983,0,47.3178,1550,7938,12.321630986164447
1280,8000,1.0,0,0,3,6,0,1960,0,47.4949,1420,8211,12.409013489526863
1460,11880,1.0,0,0,2,7,0,1961,0,47.3762,1310,9315,12.072541252905651
700,4836,1.0,0,0,4,6,0,1926,0,47.7139,1190,7050,12.84792653170257
2120,14915,1.0,0,0,3,9,400,1979,0,47.3524,2320,13100,12.712890247898626
2230,3600,2.0,0,0,5,8,600,1906,0,47.6304,2410,4800,13.818506066944073
2390,5071,2.0,0,0,3,9,630,1988,0,47.6144,1940,5071,13.64709190633931
1990,5560,1.0,0,0,4,7,890,1939,0,47.664,1460,3706,13.545145673721107
1820,6930,1.0,0,2,4,7,500,1952,0,47.5053,1820,6825,12.765688433465597
1240,4000,1.0,0,0,4,7,0,1968,0,47.6239,1460,4000,13.458834185453092
1690,1200,2.0,0,0,3,8,280,2013,0,47.5389,1690,1760,12.92366850649243
1150,6098,1.0,0,0,3,7,200,1948,0,47.7259,1790,8455,12.54966234992025
2470,4760,1.5,0,0,5,9,580,1906,0,47.6331,2470,4760,14.09692301740246
1060,10423,1.5,0,0,3,7,0,1965,0,47.705,2240,10200,12.301382825334498
2030,10200,1.0,0,0,4,7,0,1958,0,47.2867,1760,11550,12.4130868149145
1450,2272,1.0,0,0,4,6,700,1924,0,47.633,2170,4370,13.169246963303179
1300,1237,2.0,0,0,3,7,240,2008,0,47.539,1350,942,12.637855061955712
4240,9588,2.0,0,0,3,9,0,2014,0,47.6901,4080,8425,13.864291198278831
2010,16020,1.5,0,0,5,8,0,1962,0,47.4821,1420,16020,12.971540487669746
2780,11583,1.0,0,3,3,8,1590,1955,0,47.7293,2580,10241,13.37700559577791
2490,6537,2.0,0,0,3,8,0,2013,0,47.5185,2520,5848,13.297156667777491
3020,50800,1.0,0,0,5,8,1510,1968,0,47.5529,2400,27135,13.507625778194974
1930,10460,2.0,0,0,3,8,0,1996,0,47.4938,2290,8228,12.917796211663054
2060,10358,1.0,0,0,4,8,740,1962,0,47.5478,2060,9676,13.232114241363448
3087,5002,2.0,0,0,3,8,0,2014,0,47.2974,2927,5183,12.899094818276968
2060,7475,1.0,0,0,3,8,620,1985,0,47.7272,2280,8396,13.263081384343208
1440,8114,1.0,0,0,4,7,0,1963,0,47.7639,1940,7208,12.685407602204794
1200,2002,2.0,0,0,3,8,0,1966,0,47.4659,1270,1848,11.84939770159144
890,7110,1.0,0,0,3,6,0,1957,0,47.4971,1100,8375,12.037653993905211
850,6567,1.0,0,0,4,6,0,1940,0,47.327,2160,9794,12.994530005894443
1340,4447,1.0,0,0,3,8,0,2004,0,47.7175,1350,4458,12.850554654108839
2530,4560,1.5,0,0,3,7,990,1925,2014,47.6287,1640,4560,13.574648456156384
3310,6000,2.0,0,2,3,8,1110,2010,0,47.5511,1420,6000,13.693342923990066
860,6510,1.0,0,0,3,7,0,1952,0,47.6021,1740,10800,13.312983737012978
960,40946,1.0,0,0,5,5,0,1945,0,47.6951,1320,20350,12.950031754639722
3480,6315,2.0,0,0,3,9,1120,2000,0,47.6841,3620,5233,13.655928488139809
2040,6000,1.0,0,0,5,7,920,1958,0,47.5688,1530,6250,13.226723392728571
2350,9648,1.0,0,0,4,9,0,1966,0,47.6156,2320,10512,13.374526556505444
1210,7140,1.5,0,0,3,6,0,1921,0,47.7225,1150,7376,12.628067055589549
900,4084,1.5,0,0,3,7,0,1910,0,47.684,1280,4080,12.89921982609012
3550,32807,2.0,0,0,3,9,0,1989,0,47.7292,3270,35001,13.560618308335483
1670,1350,3.0,0,0,3,9,320,2014,0,47.5764,1520,4800,13.384650715836164
1730,9000,1.0,0,0,3,8,360,1978,0,47.5202,2390,10000,12.971540487669746
1620,3795,2.0,0,0,3,7,0,2014,0,47.5321,1620,6000,12.51417112746354
3140,7258,2.0,0,1,3,10,0,2006,0,47.7064,2990,13600,13.732128949025222
2030,9905,1.0,0,0,4,8,0,1959,0,47.5518,2130,10008,13.339086360915616
2790,16173,2.0,0,0,3,10,0,1988,0,47.3043,2890,11632,13.005829561148378
2800,8540,1.0,0,0,4,8,1070,1977,0,47.6869,2470,9400,13.514405465180353
2590,9263,1.0,0,0,5,8,1150,1977,0,47.7691,2580,9450,13.16158409055761
5130,43123,2.0,0,0,3,11,0,1996,0,47.544,4670,43560,14.285482936721719
1900,8250,1.0,0,0,4,7,950,1955,0,47.5765,1480,8360,13.203021280421783
1970,9512,1.0,0,0,3,8,0,1968,0,47.4545,2250,10573,12.823957341589573
2210,9875,2.0,0,0,3,9,0,1990,0,47.6285,2440,8799,13.367659733359671
1940,12100,1.0,0,0,3,7,0,1962,0,47.6892,1380,12100,12.873902018105829
1760,8906,1.0,0,0,3,7,530,1966,0,47.4288,1180,10407,12.128111104060462
800,6016,1.0,0,0,3,6,0,1942,0,47.6913,1470,3734,12.911642346088676
2090,4755,1.0,0,2,3,8,890,1969,0,47.5304,1850,5300,13.078411489875146
3290,6628,2.0,0,0,3,9,0,2003,0,47.5994,3240,5831,13.480037821676145
1390,5000,1.0,0,0,4,8,420,1954,0,47.5673,1610,5000,13.180632285528304
2840,4500,2.0,0,0,3,8,0,2012,0,47.7678,2840,4939,13.230320518909421
1360,1167,3.0,0,0,3,8,0,2008,0,47.6962,1360,1167,12.821258284620408
1330,8748,1.0,0,0,3,7,0,1986,0,47.2619,1510,8584,12.233201312918426
1230,11502,1.0,0,0,4,7,0,1984,0,47.7017,1660,11727,13.071070083016778
920,5546,1.0,0,0,2,6,0,1928,0,47.7114,1300,5546,12.375815420117268
2160,1912,2.0,0,0,3,9,190,2014,0,47.5642,1810,2653,13.351886535682578
2960,18600,2.0,0,0,3,8,0,1979,0,47.4358,2740,15681,13.312983737012978
1920,11340,1.0,0,0,4,7,690,1977,0,47.3272,1980,9638,12.690040815126281
1300,877,2.0,0,0,3,7,240,2008,0,47.6591,1320,1414,12.94084150078094
2060,31400,2.0,0,0,3,8,0,1984,0,47.6216,2160,34500,13.235692062711331
790,13062,1.0,0,0,3,6,0,1942,0,47.4919,1240,7137,11.813030057420567
2920,6300,1.0,0,0,3,8,1210,1956,0,47.7065,1940,6300,13.42984807715229
1780,5822,2.0,0,0,3,7,0,2001,0,47.4455,1990,4092,12.647548191161372
1030,11118,1.0,0,0,5,7,0,1970,0,47.3463,1300,7920,12.388394202324129
1120,10187,1.0,0,0,3,7,0,1968,0,47.3694,1900,8736,12.390121875703295
2630,10156,1.0,0,0,4,9,0,1987,0,47.5481,2660,10455,13.564481803160529
2970,14486,2.0,0,0,3,9,630,1997,0,47.5627,3680,14486,13.715690222682063
1590,7931,1.0,0,0,3,7,400,1979,0,47.3628,1680,7931,12.388394202324129
900,6400,1.0,0,0,5,6,0,1938,0,47.2113,1320,6400,12.233201312918426
2340,41600,1.0,0,0,3,8,700,1977,0,47.7466,2340,34960,13.165901679418813
2830,13059,2.0,0,0,3,10,0,1998,0,47.595,3840,11596,13.51979631381523
1050,403365,1.0,0,3,5,6,0,1905,0,47.2221,1760,108900,13.068962600677214
2430,5715,2.0,0,0,3,7,0,1999,0,47.3718,3040,5702,12.742566016044742
3200,6473,2.0,0,0,3,7,0,2005,0,47.5012,2480,6140,13.151922179645874
1560,7930,2.0,0,0,4,7,0,1980,0,47.4779,1720,8073,12.793859310432293
1640,10123,1.0,0,0,3,8,300,1977,0,47.7698,2210,10852,13.062613372998555
2430,15264,2.0,0,0,3,8,0,1997,0,47.3805,2260,10416,12.800227876883168
1800,12669,1.0,0,0,3,7,0,1956,1990,47.6935,1970,9775,13.060487973686241
1650,2082,3.0,0,0,3,8,0,2007,0,47.7108,1650,1965,12.842649474601725
2130,11782,1.0,0,0,4,8,540,1977,0,47.5423,2700,11782,13.567049198665774
2240,9826,1.0,0,0,4,7,870,1988,0,47.314,1980,9826,12.301382825334498
1790,3876,1.5,0,0,5,7,700,1904,0,47.575,1360,4080,13.329377546788654
1400,6200,1.0,0,0,3,6,700,1948,0,47.7634,1410,7564,12.388394202324129
1590,3411,2.0,0,0,3,7,0,2000,0,47.5303,1590,3411,12.782686009834167
1420,1246,2.0,0,0,3,8,0,2007,0,47.5394,1420,1826,12.721885810807203
2370,9619,1.0,0,0,4,8,720,1973,0,47.6366,1960,9712,13.522480879185897
1890,8505,1.0,0,0,3,8,600,1980,0,47.6796,1720,9600,12.987688474077727
2800,19386,1.0,1,4,3,8,1400,1965,0,47.3554,3270,31450,13.38472764187182
3010,12202,1.0,0,0,4,9,0,1959,0,47.6387,2480,10143,13.62918097977278
2360,105850,1.0,0,2,2,6,1180,1947,0,47.2495,2640,386812,12.821258284620408
4580,4443,3.0,1,4,3,10,0,2004,0,47.5682,2710,4443,14.508657738524219
1770,8868,1.0,0,0,4,7,0,1959,0,47.3188,1630,9706,12.429216196844383
4480,5715,2.0,0,0,3,7,800,2003,0,47.373,2190,6070,13.102160670086809
1920,7700,2.0,0,0,4,7,0,1970,0,47.5381,1310,7700,12.936033799212835
2110,5000,1.5,0,0,4,7,860,1946,0,47.6745,1720,5000,13.420985389894444
1060,4000,1.0,0,0,4,7,0,1910,0,47.6731,1770,4000,13.253391639810733
2980,9838,1.0,0,0,3,7,1270,1968,0,47.3807,2240,9838,12.771386454580234
2550,4240,2.0,0,0,3,7,0,2006,0,47.3986,2550,4240,12.691580461311874
7320,217800,2.0,0,0,3,11,0,1992,0,47.4473,3270,34500,13.942363448960197
2220,60984,2.0,0,0,4,8,0,1987,0,47.4802,1930,55333,13.071070083016778
1090,13444,2.0,0,0,3,7,0,2007,0,47.4166,1380,6000,12.225875272826354
1300,9880,1.0,0,0,4,7,0,1959,0,47.3352,2140,9600,12.230765258120545
2450,13300,1.0,0,2,4,9,820,1987,0,47.5564,3150,15500,13.541073712262515
3090,10730,2.0,0,0,5,8,670,1985,0,47.5458,2220,7875,13.789525860992281
2210,49375,1.0,0,0,3,8,0,1997,0,47.3828,2670,49385,13.028052697933088
1430,1276,3.0,0,0,3,8,0,2007,0,47.6712,1430,1243,13.190022025878143
2660,9547,1.0,0,1,3,8,730,1968,2006,47.616,2410,10001,14.182927598434908
1010,5750,1.0,0,0,3,7,0,1911,1948,47.5411,1230,5750,12.92391243868049
1700,4000,2.0,0,0,3,7,0,2003,0,47.5327,1700,4417,12.858397831569864
4230,27295,2.0,1,4,3,8,1000,1949,1985,47.6803,2660,27295,14.808762330974558
1440,11954,1.0,0,0,4,8,0,1978,0,47.2909,1460,9730,12.706847933442663
2245,4330,2.0,0,0,3,8,0,2014,0,47.3557,2530,4478,12.87387637675145
840,4239,1.0,0,0,3,7,0,1948,0,47.5319,1120,4494,12.691580461311874
1810,7630,1.0,0,0,4,7,0,1959,0,47.497,1830,7594,12.542544882151386
1610,1778,3.0,0,0,3,7,0,2002,0,47.6902,1120,2187,12.84792653170257
2830,6137,2.0,0,0,3,9,0,2010,0,47.5932,3170,6285,13.617059619240436
3130,13202,2.0,0,0,3,10,0,1996,0,47.5878,2840,10470,13.65416740755551
1780,2992,2.0,0,0,3,7,0,2003,0,47.7633,1610,2961,13.028052697933088
2360,43088,2.0,0,0,3,8,0,1977,0,47.7661,2850,39216,13.203253725729002
3828,18900,2.5,0,0,3,9,0,2014,0,47.2851,2120,18900,13.222932432326024
2030,9032,2.0,0,2,4,7,0,1963,0,47.586,2350,8937,13.399995114002609
2770,3330,2.0,0,0,3,8,800,2001,0,47.6327,2180,3380,13.525158256956614
1190,5280,1.0,0,0,4,7,0,1957,0,47.5131,1280,5280,12.92391243868049
2000,10374,2.0,0,1,4,7,0,1967,0,47.3342,2170,10374,12.676076274775909
1830,4500,2.0,0,0,3,7,0,2004,0,47.3504,2080,5100,12.721885810807203
2160,6223,2.0,0,0,3,8,0,2010,0,47.3494,2160,5555,12.855790268162783
1490,8371,1.5,0,0,3,7,0,1984,0,47.3962,1350,7846,12.449018824140563
970,5000,1.0,0,0,3,6,0,1968,0,47.5282,1290,5875,12.328290278254423
1470,7000,1.0,0,0,4,8,0,1967,0,47.3742,1640,7000,12.2783933071098
1480,8475,1.0,0,0,4,7,0,1968,0,47.3126,1800,8800,12.363076394339839
2240,5500,2.0,0,0,3,8,0,2013,0,47.496,700,5500,12.873773804758644
2300,6720,2.0,0,0,3,7,0,1905,0,47.528,1200,6000,12.89921982609012
2480,10277,2.0,0,0,5,8,840,1993,0,47.7726,2270,10277,13.17115354157376
2670,5000,2.0,0,2,3,7,0,1916,1978,47.5784,2300,5000,13.217673557208654
2160,8755,2.0,0,0,3,7,0,1993,0,47.3585,1990,7971,12.652359748158593
1840,4760,1.5,0,0,4,6,760,1929,0,47.5297,1170,5950,12.978493006984626
2090,9163,1.0,0,0,3,7,630,1975,0,47.7334,1960,7713,13.03134397901716
1030,8395,1.0,0,0,4,7,0,1960,0,47.3322,1370,9380,12.072541252905651
2960,10760,2.0,0,0,3,9,0,1987,0,47.5677,2480,9528,13.45166712454693
2260,12500,1.0,0,0,4,8,1130,1960,0,47.3887,1360,18000,12.460714863903755
1995,1483,3.0,0,0,3,8,235,2005,0,47.6025,1520,1173,13.132313708257497
850,54000,1.5,0,0,1,4,0,1950,0,47.2959,1550,14440,11.918390573078392
2220,6000,1.5,0,0,3,7,800,1923,0,47.648,1550,1715,13.31710745419684
900,8100,1.0,0,0,4,6,0,1959,0,47.2866,1000,7830,12.097930486910471
3290,6422,2.0,0,0,3,9,0,2012,0,47.5933,3210,6891,13.604789526648622
670,7957,1.0,0,0,4,6,0,1978,0,47.3594,1600,7957,11.678439903447801
1920,7345,2.0,0,0,3,8,0,1992,0,47.3526,1860,7364,12.62313688948169
1240,27042,1.0,0,1,3,6,240,1943,0,47.5026,2140,20059,12.779873068457553
2580,6000,2.0,0,0,3,8,800,1925,0,47.5778,2300,5995,13.407542319637992
1860,8060,2.0,0,0,4,8,0,1987,0,47.5674,1850,4661,13.132313708257497
1600,16510,1.0,0,0,3,8,0,1984,0,47.6601,1510,10407,13.102160670086809
2780,6000,2.0,0,0,3,9,0,2013,0,47.5184,2850,6000,13.345506928718539
3070,10375,2.0,0,0,3,10,890,1962,2005,47.5862,2500,11194,14.217636764806924
1220,9732,1.0,0,0,3,7,0,1965,0,47.7736,1630,10007,12.717398144337816
1700,10230,1.0,0,0,3,8,380,1959,0,47.7453,2000,8006,12.971424201839042
3310,5404,2.0,0,0,3,9,0,2004,0,47.6635,2600,4730,13.596234518176553
1060,5144,1.0,0,0,5,6,0,1969,0,47.3613,1130,5200,12.220714922267044
3080,7242,2.0,0,0,3,9,0,2014,0,47.6948,3010,7205,13.6989205603549
1200,8470,1.0,0,0,5,7,0,1961,0,47.3864,1200,7952,12.092343880201831
2510,35255,1.0,0,2,3,9,0,1994,0,47.4012,3140,36450,13.231217782316412
1620,8400,1.0,0,0,3,7,440,1968,0,47.6574,2120,8424,13.11835535600679
710,5120,1.0,0,0,3,6,0,1918,0,47.5224,1150,1252,12.283033686666302
2920,5000,2.5,0,0,4,9,140,1908,0,47.6024,2020,5000,13.620711479659207
3750,91681,2.0,1,4,3,10,0,1925,0,47.5379,3540,24293,14.881255243006766
1690,9626,2.0,0,0,3,8,0,1984,0,47.5647,1860,8958,13.190022025878143
1140,14373,1.0,0,0,3,7,0,1949,1996,47.7354,2140,9860,12.478006361013815
2744,9926,2.0,0,0,3,7,0,2006,0,47.2773,2470,9926,12.611537753638338
1340,3900,2.0,0,0,5,7,0,1900,0,47.6711,1470,1611,13.36138027787483
1840,15496,2.0,0,0,3,8,0,1991,0,47.4683,1840,15040,12.873902018105829
2190,7258,2.0,0,0,3,8,0,2000,0,47.3486,2190,8645,12.751299696013497
3400,5979,2.0,0,0,4,9,1110,1937,0,47.6585,3090,6435,14.077874822431765
3610,8580,2.0,0,0,3,9,0,2014,0,47.6706,2360,8580,13.797346587336603
2380,36446,2.0,0,0,4,8,0,1977,0,47.7644,2790,40005,13.253391639810733
1810,4064,1.5,0,0,3,7,0,1925,0,47.6859,1518,2945,13.217673557208654
1780,5175,1.0,0,0,4,7,790,1927,0,47.5696,1780,5175,13.329377546788654
3220,6224,1.5,0,0,3,9,0,2009,0,47.4813,2950,6224,13.279281652475747
1610,8579,1.0,0,0,4,7,600,1962,0,47.4563,1610,8579,12.230765258120545
1980,6450,1.0,0,0,4,6,860,1950,0,47.5291,1180,5160,12.742566016044742
550,16345,1.0,0,0,3,4,0,1945,0,47.5181,1100,9240,12.144197241812087
1100,3451,1.5,0,0,4,8,0,1978,0,47.3829,1400,4560,12.301382825334498
2070,10023,1.0,0,0,3,8,850,1981,0,47.6492,2130,9694,13.102160670086809
1580,6200,1.0,0,0,3,6,790,1944,0,47.4971,1320,6499,11.977131068100993
1500,3060,2.0,0,0,3,7,0,1994,0,47.5605,2700,7734,12.594730635321957
2620,7030,1.0,0,0,3,8,1200,1965,0,47.7338,1360,7964,12.896716695872
1330,6540,1.0,0,0,3,7,430,1971,0,47.4239,1400,11500,12.384218830913648
1760,2275,1.5,0,0,3,6,720,1912,0,47.5803,1380,3750,13.017002861746503
1960,8277,1.0,1,4,4,7,640,1923,1986,47.3648,1940,8402,13.16158409055761
1200,6250,1.0,0,0,3,6,280,1943,0,47.5095,1280,9375,12.542544882151386
2300,9583,1.0,0,0,3,6,1080,1928,0,47.5671,1200,11325,12.621488084491506
2530,8820,2.0,0,0,3,8,0,1997,0,47.42,2340,9472,12.969212197910155
1010,1309,2.0,0,0,3,7,150,2007,0,47.5659,1190,3060,12.57418196709457
1900,9513,1.0,0,0,3,8,0,1995,0,47.2843,1790,8028,12.66032791780777
1430,5999,2.0,0,0,3,7,0,1987,0,47.3116,1600,5999,12.30591798049989
1410,3600,1.0,0,0,3,7,0,1906,0,47.6402,1370,3600,13.348223236212768
1780,23819,1.0,0,0,3,7,0,1953,0,47.4912,1130,14450,12.4130868149145
1440,725,2.0,0,0,3,8,340,2011,0,47.5607,1440,4255,12.96453929221076
1650,7200,1.0,0,0,3,7,550,1977,0,47.3944,1620,7374,12.449018824140563
1840,4280,1.0,0,0,4,7,920,1918,0,47.6681,1660,4280,13.199324418540456
1030,3060,1.0,0,2,4,7,240,1918,0,47.6779,1390,3060,13.081541382884074
4360,6240,2.0,0,3,3,10,1400,2008,0,47.6791,1920,3910,14.256986103595471
1800,26615,1.0,0,0,5,7,560,1987,0,47.302,2010,26337,12.751299696013497
1990,18900,2.0,0,0,4,7,120,1929,0,47.5131,1710,12400,12.577636201962656
1750,9353,1.0,0,0,3,7,540,1987,0,47.7305,1930,8545,12.980799813082541
2885,33671,2.0,0,0,4,8,0,1984,0,47.5174,1910,16000,13.312983737012978
1240,4080,1.0,0,0,3,7,0,1925,0,47.667,2060,4080,13.345506928718539
1890,10707,1.0,0,0,3,7,0,1962,0,47.428,1610,8827,12.676045024287617
1970,4120,1.5,0,0,3,6,740,1927,0,47.5328,1470,4080,12.583481155855813
1500,11050,1.0,0,0,5,7,0,1964,0,47.4509,1970,20800,12.45273739188573
1920,6000,2.0,0,1,3,7,0,1951,0,47.4029,1920,6000,12.91410843858387
1980,7931,1.0,0,0,4,7,820,1983,0,47.7513,1910,7931,12.886641043883259
2290,34548,2.0,0,3,4,7,0,1984,0,47.3691,399,275299,13.19188944005294
2180,10754,1.0,0,0,5,7,1080,1954,0,47.7711,1810,6929,13.180632285528304
2670,3240,1.5,0,0,4,9,890,1930,0,47.5841,1820,4000,13.353475098367715
1940,5980,1.0,0,0,3,7,420,1987,0,47.5476,1910,6309,13.270783382522602
3140,9085,1.0,0,2,5,8,1570,1961,0,47.5675,2430,9350,13.732128949025222
2650,9627,1.0,0,3,4,8,1040,1976,0,47.7684,2650,9221,13.102160670086809
2320,9311,1.0,0,0,3,8,0,2007,0,47.7226,1680,4765,13.450227239488942
3250,4500,2.0,0,0,3,8,0,2009,0,47.4944,3030,4518,13.159659162148026
1390,916,2.0,0,0,3,8,225,2007,0,47.6168,1415,1488,13.345506928718539
1960,6000,1.0,0,0,4,7,980,1904,0,47.6531,1650,6000,13.077366011473593
2230,8500,2.0,0,0,3,8,0,1994,0,47.2082,2270,8770,12.691580461311874
3990,10120,2.0,0,0,3,9,1170,1990,0,47.741,2750,9622,13.38472764187182
2470,5015,2.0,0,0,3,8,0,2004,0,47.3457,2470,5100,12.771386454580234
1150,9186,1.0,0,0,3,7,0,1946,0,47.5081,1390,10690,12.691426603322494
1030,8164,1.0,0,0,4,7,0,1950,0,47.7353,1340,8164,12.714395139078047
1180,1034,2.0,0,0,3,7,60,2001,0,47.678,1137,1034,12.92391243868049
1870,6693,2.0,0,0,3,7,0,1996,0,47.2774,1650,6518,12.608198852372823
1620,3360,1.0,0,0,5,7,640,1927,0,47.6886,1400,3840,13.185338176565716
1090,6750,1.0,0,0,3,7,140,1942,0,47.6836,1640,6750,13.028052697933088
1420,13468,1.0,0,0,3,7,460,1976,0,47.6693,1480,10980,13.017002861746503
2250,8970,1.0,0,0,4,7,750,1966,0,47.7217,1940,8710,12.873902018105829
1450,7200,1.0,0,0,3,7,440,1969,0,47.7311,1500,6767,12.631340380934517
4490,5805,2.0,0,0,3,9,1100,2006,0,47.5389,4410,6299,13.442996549995796
1740,1279,3.0,0,0,3,8,0,2008,0,47.5891,1740,1280,13.249876697703288
2830,25958,1.0,0,1,5,8,1220,1979,0,47.5896,2670,21567,13.458835614025542
1800,2752,2.0,0,0,3,8,0,2014,0,47.5165,1800,2752,12.733165241760036
2060,7020,1.0,0,0,4,8,600,1967,0,47.7575,2150,8400,12.948009990259552
5350,15360,1.0,0,1,3,11,2310,2008,0,47.648,3740,15940,15.022977251544466
3110,9015,2.0,0,0,3,9,0,1990,0,47.4369,2650,8960,13.091904169919621
1260,8614,1.0,0,0,4,7,0,1985,0,47.3586,1600,8614,12.409013489526863
1320,1395,2.0,0,0,3,8,330,2014,0,47.6689,1550,1519,13.178743710840436
3770,982998,2.0,0,0,3,10,0,1992,0,47.414,2290,37141,13.813508555293602
1578,7340,2.0,0,0,3,7,0,2010,0,47.3771,1850,7200,12.468244583811861
1494,19271,2.0,1,4,3,7,0,1943,1997,47.4728,1494,43583,13.049792684569493
1610,11920,1.0,0,0,4,7,500,1968,0,47.3683,1690,11839,12.531772785169476
990,6448,1.0,0,0,3,7,0,1948,0,47.5031,1130,7200,12.301155526776865
870,5689,1.0,0,0,4,7,0,1948,0,47.6988,1100,5711,12.80765263256463
1250,12507,1.0,0,0,5,7,0,1958,0,47.4972,1250,12498,12.577636201962656
2650,7945,2.0,0,0,3,9,0,2006,0,47.7113,1200,7920,13.457406021215947
2010,12085,2.0,0,0,3,8,0,1986,0,47.3406,1910,12133,12.609869696537642
2340,11034,1.0,0,0,3,8,620,1967,0,47.7686,2370,11941,12.994530005894443
2390,11250,2.0,0,0,3,9,0,1988,0,47.3305,2480,11250,12.79246945614324
2210,3917,2.0,0,0,3,10,710,2008,0,47.6166,1720,3933,14.048208322083296
1960,7200,2.0,0,0,3,7,0,1979,0,47.7291,1980,7529,13.005829561148378
3830,8331,2.0,0,0,3,9,0,2014,0,47.6906,4080,8425,13.864300722133706
1840,9401,1.0,0,0,3,8,0,1971,0,47.5847,2850,14323,13.217673557208654
3420,25150,1.0,0,0,4,10,1670,1987,0,47.5706,2900,19604,13.57966163415251
2570,4240,1.5,0,0,4,7,600,1911,0,47.6754,2030,4240,13.465953081794405
1550,40752,1.0,0,0,5,7,0,1954,0,47.394,1550,8000,12.765688433465597
710,4618,1.0,0,1,3,5,0,1925,0,47.64,1810,4988,12.834681304952548
2390,7875,1.0,0,1,3,10,410,1948,0,47.6515,3720,9075,13.985253332551368
1280,8316,1.0,0,0,3,6,0,1950,0,47.4989,1310,7830,12.384218830913648
1770,6000,1.0,0,3,3,7,670,1984,0,47.5644,1300,3000,12.956308793074246
2605,2216,2.0,0,2,4,9,515,1979,0,47.6529,2605,1979,13.832367675030698
2400,12469,1.0,0,2,4,8,640,1958,0,47.5861,2400,10400,13.639965985449344
1320,8865,1.0,0,0,4,6,0,1943,0,47.4949,1190,6490,12.2783933071098
1450,4500,1.5,0,0,4,7,0,1921,0,47.6739,1470,5000,13.173056491719846
1750,2731,2.0,0,0,3,8,0,2012,0,47.5169,1650,2731,12.884106188280072
1610,3210,1.0,0,0,5,7,700,1928,0,47.6656,1420,3210,13.34790405331826
2470,7200,1.0,0,0,5,7,1120,1940,0,47.5631,1500,6000,13.17115354157376
4330,15335,2.0,0,0,4,11,1100,1988,0,47.5315,3840,14311,14.346138809026444
2240,7589,2.0,0,0,3,8,0,1994,0,47.3824,2250,7300,12.706847933442663
1420,8160,1.0,0,0,3,7,450,1947,0,47.7164,1340,8160,12.909170156943286
1230,8316,1.5,0,0,3,7,0,1963,0,47.7269,1490,8316,12.736700896592344
3470,8000,1.5,0,1,3,9,1110,1906,2002,47.6149,3010,8000,14.361896357128815
2060,8100,1.0,0,0,4,7,750,1988,0,47.3581,1540,8100,12.644327576461329
3340,5000,2.0,0,0,3,8,760,2012,0,47.5168,3420,5000,13.291261913866142
1820,7626,1.0,0,0,5,7,830,1941,0,47.6878,1390,5904,13.312983737012978
1160,1073,2.0,0,0,3,7,280,2007,0,47.5788,1250,5400,12.906004259685854
980,7296,1.0,0,0,3,7,0,1967,0,47.7292,1280,7296,12.834681304952548
2000,21780,1.0,0,0,3,8,520,1978,0,47.6064,2000,45738,13.122363377404328
1540,1827,2.0,0,0,3,8,0,2005,0,47.5479,1560,2058,12.837344422372032
1570,1680,3.0,0,0,3,8,0,2014,0,47.6585,1290,1870,13.399995114002609
890,4810,1.0,0,0,3,6,0,1910,0,47.5153,1230,6057,11.941455846009388
1490,6766,1.5,0,1,5,7,0,1915,0,47.5446,1990,6526,13.253391639810733
2240,9314,2.0,0,0,3,9,0,1984,0,47.6216,2240,9314,13.304684934198283
7730,230868,2.0,0,0,3,12,1070,2004,0,47.7615,2660,39292,14.467835744003965
3370,7200,2.0,0,0,3,8,0,2014,0,47.7698,1880,7200,13.698976741708323
2260,7200,1.0,0,3,3,7,1130,1941,0,47.5886,2260,6000,13.539757056377766
2470,4948,2.0,0,0,3,8,0,2003,0,47.3438,2500,4993,12.730801174465157
2720,7598,2.0,0,0,3,8,860,1993,0,47.6931,2430,7728,13.444446876573442
2070,8720,1.0,0,0,5,8,710,1974,0,47.6678,2180,8510,13.37700559577791
2210,7557,2.0,0,0,3,9,0,1989,0,47.3079,2440,8641,12.706847933442663
2040,5050,1.0,0,0,3,8,550,1993,0,47.3266,2020,6118,12.577463773304586
1460,1851,2.0,0,0,3,9,280,2014,0,47.6461,1800,4269,13.39239051461739
2470,6000,1.5,0,0,3,7,990,1940,0,47.6365,2140,4000,13.458835614025542
1730,4131,2.0,0,2,3,7,250,1975,0,47.5327,1570,4120,12.468436909997665
2440,16730,1.0,0,0,3,7,1050,1976,0,47.7406,1390,11600,13.089840185698769
2320,11250,2.0,0,0,4,6,0,1942,0,47.504,1620,11250,12.793859310432293
1460,6360,1.0,0,2,3,7,450,1979,0,47.5311,1400,4240,12.665078520566368
1500,6685,1.0,0,0,3,7,310,1926,0,47.7186,1420,6561,13.253391639810733
1240,15867,1.0,0,0,3,7,0,1962,0,47.7167,1570,9600,12.779873068457553
1980,4745,2.0,0,0,3,7,0,2004,0,47.3495,1980,4878,12.721885810807203
2440,11700,1.0,0,0,5,8,960,1961,0,47.5606,2140,10807,13.442996549995796
1480,1485,2.0,0,0,3,8,200,2007,0,47.6376,1470,1277,13.277656261810364
2590,7245,1.0,0,0,3,8,1080,1973,0,47.6398,1930,7245,13.197470849891134
720,7598,1.0,0,0,5,6,0,1947,0,47.5483,1080,7209,12.611537753638338
2880,9000,1.0,0,0,5,8,1440,1966,0,47.5456,2010,9000,13.235692062711331
2230,6551,1.0,0,0,3,7,900,2014,0,47.487,2230,9476,12.758519943986984
2500,8500,1.0,0,0,4,8,900,1978,0,47.5615,2290,8927,13.37855478276474
1690,10113,1.0,0,0,3,7,380,1991,0,47.7381,1690,10113,12.873902018105829
1800,5700,1.0,0,0,4,8,800,1941,0,47.6491,1680,5350,13.527761816623505
800,5080,1.0,0,0,3,7,0,1938,0,47.6978,1560,5110,12.910407015480683
840,12750,1.0,0,0,3,6,0,1925,0,47.484,1480,6969,12.072541252905651
2730,7246,2.0,0,0,3,9,0,1998,0,47.512,3220,7214,13.190022025878143
2700,4025,2.0,0,0,4,8,940,1907,0,47.6074,1580,4025,13.222208712374044
2780,13521,2.0,0,0,3,10,0,1987,0,47.6374,2980,11454,13.480037821676145
2240,7725,1.0,0,0,5,7,1120,1956,0,47.5331,1340,6300,13.017002861746503
1070,6000,1.0,0,0,4,5,0,1922,0,47.495,1910,6000,12.323855681186558
3390,4500,1.5,0,0,3,8,1200,1924,2014,47.5824,2030,4872,13.567049198665774
2900,4762,2.0,0,0,3,8,0,2005,0,47.3663,2900,5173,12.777052192115912
1500,10269,1.0,0,0,3,7,470,1958,0,47.7672,2090,10269,12.772805901234461
700,4700,1.0,0,0,5,5,0,1953,0,47.4953,960,5200,12.206072645530174
800,2280,1.0,0,0,5,6,0,1946,0,47.6588,1310,4200,12.905450375840756
3080,6500,1.0,0,0,4,9,1380,1941,0,47.6353,2960,5711,13.946538820370678
2460,10320,2.0,0,0,3,8,0,1993,0,47.2599,2210,9024,12.65395846952229
2430,4748,1.5,0,0,3,8,800,1928,0,47.5904,2430,4748,13.491164501140902
1440,3225,1.0,0,0,3,7,480,1915,0,47.6653,1160,3630,13.005829561148378
3690,7200,2.0,0,0,3,11,0,2007,0,47.6815,1880,7200,14.27293540500315
1400,3814,2.0,0,0,3,7,0,2012,0,47.3584,1610,3814,12.429216196844383
1240,2150,2.0,0,0,3,8,0,2014,0,47.6884,1340,5289,13.208541073645382
1350,874,3.0,0,0,3,8,80,2006,0,47.549,1350,886,12.87261914429294
1350,942,3.0,0,0,3,7,0,2008,0,47.5401,1390,942,12.573455059362532
1810,14400,1.0,0,0,4,7,0,1954,0,47.2887,1710,12000,12.343658308482738
2710,6583,2.0,0,0,3,9,0,2003,0,47.4922,2710,6583,13.235692062711331
1220,8382,1.0,0,0,3,6,0,1942,0,47.5033,1100,8382,12.409013489526863
980,7606,1.0,0,0,3,7,0,1954,0,47.4356,980,8125,12.30591798049989
2000,7204,1.0,0,0,5,7,750,1960,0,47.565,2480,17633,13.195613839143922
3390,6200,2.0,0,0,4,8,860,1916,0,47.58,3080,6000,13.704578997256993
2070,8337,2.0,0,0,3,8,0,1997,0,47.3658,2030,7248,12.691580461311874
1050,5000,1.0,0,0,5,7,0,1907,0,47.6699,1340,5000,13.151922179645874
1350,7740,1.0,0,0,4,6,490,1947,0,47.7098,1130,7740,12.774223335915433
4760,8036,2.5,0,0,5,9,1370,1916,0,47.6415,2950,9323,14.626440774180603
2510,9963,1.0,0,0,4,9,310,1967,0,47.5973,3110,9963,13.592367006650065
2070,4698,2.0,0,0,3,7,0,1999,0,47.3539,2010,4698,12.729320789294722
2120,18500,2.0,0,0,4,8,0,1983,0,47.3914,2120,14479,12.834681304952548
1510,7642,1.0,0,0,3,7,0,1959,0,47.5978,2180,8357,12.89921982609012
740,6550,1.0,0,0,4,5,0,1946,0,47.4807,1080,8515,12.216022976383341
1440,28516,1.0,0,0,4,7,0,1975,0,47.5829,2080,27049,13.030248088496522
1400,8640,1.0,0,0,3,7,0,1962,0,47.7659,1630,8640,12.886641043883259
1430,6818,1.0,0,0,5,7,0,1972,0,47.7271,1480,7210,12.957488734214095
1480,5100,1.5,0,0,3,7,0,1938,1959,47.6915,1300,5100,12.892950213076524
4300,10441,2.0,0,0,4,8,1500,1979,0,47.4786,1780,10457,12.971540487669746
3680,13384,2.0,0,0,3,10,0,1994,0,47.5484,3600,11306,13.844972268113892
1180,14258,2.0,0,0,3,7,0,1987,0,47.7112,1860,10390,12.89921982609012
2600,7210,2.0,0,0,3,8,0,1989,0,47.5123,2350,7225,13.071070083016778
1920,9380,1.0,0,0,3,7,0,1964,0,47.6344,1580,8580,13.081541382884074
2390,7350,2.0,0,0,3,8,0,1990,0,47.2938,2390,7350,12.672946381766982
1010,6552,1.0,0,0,3,7,0,1969,0,47.375,1010,6552,11.901583454762012
3010,9000,2.0,0,0,3,8,0,2008,0,47.4987,3250,5531,13.180632285528304
4030,36762,2.0,0,0,3,11,0,1988,0,47.7235,4090,40371,13.800396920154226
1800,9229,2.0,0,0,3,7,0,1994,0,47.1927,1970,9231,12.560244459250788
3180,194278,2.0,0,0,3,10,0,2005,0,47.4711,2200,178160,13.698976741708323
1530,1442,3.0,0,0,3,9,0,2015,0,47.6692,1620,1456,13.383187995686226
1370,1524,3.0,0,0,3,8,0,2005,0,47.6982,1370,1418,12.779873068457553
2800,3200,1.5,0,0,5,10,890,1932,2002,47.6421,2450,3500,14.083244992606359
2650,5512,2.0,0,0,3,9,400,1984,0,47.6265,1440,5100,13.864300722133706
910,25500,1.0,0,0,3,5,0,1943,0,47.4565,1580,10019,12.449018824140563
1800,3300,2.0,0,0,3,7,110,2004,0,47.5491,1570,4097,13.071070083016778
2440,7200,1.0,0,0,3,7,0,1949,0,47.5604,1920,6900,13.217673557208654
1840,3035,1.0,0,0,3,7,920,1926,0,47.6557,1780,4000,13.217673557208654
2580,7630,1.0,0,0,4,7,850,1954,0,47.6226,2040,7717,13.726679344257658
1420,8126,1.0,0,0,3,8,0,1991,0,47.3871,1730,7954,12.487485104968359
1890,3006,2.0,0,0,3,7,0,2003,0,47.5461,1580,3000,13.16158409055761
4060,136290,1.0,0,0,3,8,1250,1995,0,47.4843,1300,51836,13.484224848030362
1940,8547,1.0,0,0,3,7,480,1989,0,47.3491,1750,7803,12.491251587763836
1350,2653,2.0,0,0,3,7,0,1986,0,47.6934,1370,4115,12.911642346088676
1640,5014,1.0,0,0,4,7,710,1982,0,47.5545,1600,5452,12.840000466430148
1170,8200,1.0,0,0,4,6,390,1937,0,47.3263,1780,9020,12.618182296357007
4770,31570,2.0,0,0,3,12,0,1990,0,47.5468,4520,32070,14.204168547756057
2490,8750,2.0,0,0,3,8,450,1976,0,47.5931,2120,10240,13.185338176565716
1820,2935,2.0,0,0,3,8,0,1999,0,47.6018,1820,2936,13.030248088496522
3220,7873,2.0,0,0,3,10,0,1994,0,47.5849,2610,8023,13.545013310266594
2840,6010,2.0,0,0,3,8,0,2003,0,47.3161,2740,5509,12.826649133255284
1310,7811,1.0,0,0,3,7,0,1976,0,47.7319,1530,7800,12.829333698625952
2980,86636,1.0,0,0,3,9,750,1989,0,47.6627,2980,107157,13.623138665316818
1890,93218,1.0,0,0,4,7,0,1964,0,47.2568,1690,172062,12.49612690212701
620,4455,1.0,0,0,3,6,0,1927,0,47.6877,1180,5000,12.959844447906553
1240,983,3.0,0,0,3,8,0,2009,0,47.7235,1240,1026,12.669806661762314
1920,9180,2.0,0,0,3,8,0,1988,0,47.4818,1930,7252,12.345834587905333
3600,18645,2.0,0,1,3,10,600,2013,0,47.5294,3970,10957,13.844370086644828
2000,6107,2.0,0,0,3,8,0,2003,0,47.7557,2040,6520,13.038873066905303
3420,6845,2.0,0,0,3,9,0,2009,0,47.6777,2800,5715,13.53777881636566
1430,53628,2.0,0,0,3,8,0,1985,0,47.5577,2100,53628,13.16158409055761
2520,4200,1.5,0,0,4,7,1010,1909,0,47.5814,1460,4200,12.936033799212835
1060,1209,2.0,0,0,3,8,120,2006,0,47.6369,1300,1169,13.132313708257497
1240,10800,1.0,0,0,3,7,0,1967,2010,47.449,1480,8840,12.604680966175126
1410,6030,1.5,0,0,4,7,0,1930,0,47.6994,1410,6300,12.943236711506893
3010,5000,2.0,0,2,5,9,1120,1931,0,47.6347,2688,5000,13.9108207377686
620,4760,1.0,0,0,3,6,0,1941,0,47.5292,620,4760,12.449018824140563
2210,17715,2.0,0,0,3,8,0,1997,0,47.3818,2210,16907,12.793859310432293
1560,7500,1.0,0,0,4,7,0,1968,0,47.7281,1730,7500,12.992254692057308
2020,16120,1.0,0,0,3,7,0,1969,0,47.3413,1940,16350,13.369223455335854
2620,16200,1.0,0,2,4,7,1050,1950,1993,47.6623,3050,11875,13.783049347808893
1040,7490,1.0,0,0,3,7,0,1969,0,47.7137,1520,7410,12.736371430559664
1900,3690,2.0,0,0,3,8,0,2006,0,47.7082,1900,5153,13.202098345423183
1610,7084,1.0,0,0,4,8,330,1968,0,47.3146,2170,8505,12.292250341771226
2400,3520,1.0,0,0,3,7,1030,1924,2005,47.6295,2230,1419,13.693342923990066
2190,3855,2.0,0,0,3,8,0,2010,0,47.7705,2190,3600,13.199324418540456
1350,9450,1.0,0,0,3,7,0,1979,0,47.7186,1460,9461,12.934828253557487
2680,7836,2.0,0,0,3,8,0,1990,2009,47.3203,2340,8040,12.765688433465597
3610,12811,2.0,0,0,3,10,0,2000,0,47.5812,3530,11783,13.676248490630767
2330,11740,1.0,0,0,3,8,1000,1954,0,47.7481,2630,11740,13.017002861746503
1080,3200,1.0,0,0,4,7,200,1926,0,47.6503,1780,5200,13.5985975564007
4470,60373,2.0,0,0,3,11,0,1988,0,47.7289,3210,40450,13.928839243271277
1600,7711,1.0,0,0,3,7,0,1999,0,47.284,2100,7711,12.498742259492994
3060,7140,2.0,0,0,3,9,0,2006,0,47.5393,3240,6218,13.624350052503114
2040,6034,2.0,0,0,3,7,0,1990,0,47.6952,1380,5986,13.208541073645382
1090,3160,1.0,0,0,3,7,250,1926,0,47.6385,1070,3160,13.068962600677214
3050,6000,1.0,0,3,3,8,1330,1984,0,47.7701,2340,7200,13.480037821676145
4630,6324,2.0,0,0,3,9,1420,2006,0,47.5382,4420,6790,13.603554196040628
3920,7200,2.0,0,0,3,10,800,1928,0,47.5731,3400,7200,14.207552645740298
2460,5400,1.0,0,0,4,8,940,2001,0,47.5231,1745,5400,13.047639831208393
2280,3446,2.0,0,0,3,8,0,1949,1991,47.715,1610,6670,13.484224848030362
2460,6454,2.0,0,0,3,7,0,2006,0,47.5381,2320,4578,13.022543042122118
2330,3920,2.0,0,0,3,9,0,2005,0,47.5525,2410,4063,13.42984807715229
970,8580,1.0,0,0,3,7,0,1959,0,47.3363,1430,11907,11.957611286231675
3190,9023,2.0,0,0,3,9,0,2005,0,47.5898,3159,5615,13.527828485512494
2450,6534,2.0,0,0,3,8,680,1951,2014,47.688,1620,6534,13.651814465293484
1830,7371,1.0,0,0,3,7,0,1957,0,47.6059,1600,7700,13.208449326317458
1790,6000,1.5,0,0,2,8,0,1937,0,47.5448,1060,4000,12.959844447906553
1450,4106,2.0,0,0,3,7,0,2011,0,47.3655,2000,4000,12.538967060803502
1570,6700,1.0,0,0,4,7,0,1956,0,47.6022,1570,7300,12.945626198904275
1440,7112,1.0,0,0,3,7,260,1979,0,47.7304,1570,9152,12.92391243868049
1590,5009,2.0,0,0,4,6,0,1985,0,47.7012,1730,6380,13.045482333068371
2020,11358,1.0,0,0,4,6,830,1956,0,47.6641,2370,9520,13.049792684569493
2500,5831,2.0,0,0,3,8,0,2007,0,47.3454,2500,5188,12.765688433465597
1460,2610,2.0,0,0,3,8,0,1987,0,47.6864,1320,3000,13.003579841414362
2880,9202,1.0,0,0,3,8,1100,1977,0,47.6658,2500,10265,13.42984807715229
950,6951,1.0,0,0,4,7,0,1950,0,47.7263,1410,7200,12.886641043883259
580,7200,1.0,0,0,3,6,0,2000,0,47.5249,1360,7560,12.66032791780777
1920,15260,2.0,0,0,3,7,0,1990,0,47.7317,2370,15235,12.826649133255284
1540,8011,1.0,0,0,3,7,0,1988,0,47.7342,1630,7141,12.959844447906553
1530,8890,1.0,0,0,3,7,550,1925,0,47.5308,1100,5203,12.771386454580234
2550,4770,2.0,0,0,3,8,0,2005,0,47.3526,2380,4590,12.823957341589573
3340,10796,1.0,0,2,3,9,1220,1964,1990,47.5421,3290,12955,14.099184609018517
4560,19080,1.0,0,0,5,9,2070,1963,0,47.6291,3390,20140,14.331323723241304
2200,3404,2.0,0,0,3,8,0,2005,0,47.3895,2200,3449,12.779873068457553
1212,1174,3.0,0,0,3,7,0,2004,0,47.7145,1256,1226,12.736700896592344
1550,9750,1.0,0,0,4,7,0,1966,0,47.6811,1970,9750,13.142166004700508
1320,1957,1.0,0,0,3,8,660,2004,0,47.5364,1420,2198,12.771386454580234
2220,15232,1.0,0,0,3,9,530,1978,0,47.7449,2110,15280,13.047639831208393
1500,7482,1.0,0,0,4,7,290,1968,0,47.4619,1480,7308,12.577636201962656
2170,14024,2.0,0,0,3,8,0,1992,0,47.7346,2240,14029,13.00019574343012
4160,35000,2.0,0,0,3,11,0,1991,0,47.669,5330,36446,13.955272500339433
1450,5378,1.0,0,0,3,7,260,1939,0,47.6436,1810,5559,13.279367126213993
2690,7350,1.5,0,0,5,7,0,1949,0,47.7062,1660,9000,13.122363377404328
1260,7362,1.0,0,0,3,7,0,1984,0,47.3602,1530,7232,12.388394202324129
2570,7221,1.0,0,0,4,8,1000,1958,0,47.6921,2440,7274,13.347105650082236
2040,4559,2.0,0,0,3,9,0,1998,0,47.6156,1500,4500,13.607255619143816
1710,8364,2.0,0,2,3,7,0,1944,0,47.5175,2430,9040,13.204864598916073
1580,11750,1.0,0,0,4,7,400,1951,0,47.5368,2150,11750,13.262125319779487
2160,5455,2.0,0,0,3,7,0,2003,0,47.4799,2160,5257,12.736700896592344
920,5200,1.0,0,0,4,6,0,1969,0,47.3603,920,5200,12.095141084822892
1080,6052,1.0,0,0,5,6,0,1908,0,47.3857,1810,7830,11.84939770159144
1620,12309,2.0,0,0,3,7,0,1987,0,47.6188,2030,13963,13.06685066747407
1490,3825,1.0,0,0,3,7,630,1929,0,47.6799,1460,3825,13.071070083016778
1050,2542,1.0,0,0,3,7,170,1904,0,47.6172,1620,1809,13.38472764187182
1010,6000,1.0,0,0,3,6,260,1925,0,47.5518,1450,6000,12.765688433465597
1120,7440,1.0,0,0,4,7,0,1939,0,47.7405,1170,7440,12.724568775600384
5450,37058,1.5,0,0,5,9,0,1984,0,47.351,2800,35716,13.321214236149494
1140,5500,1.0,0,0,3,6,0,1947,0,47.5187,1110,5500,12.428816116823043
2590,6720,1.0,0,0,4,7,840,1979,0,47.435,1820,7521,12.718896271958837
4120,60392,2.0,0,2,3,9,940,1994,0,47.6804,2770,64033,13.235692062711331
2090,10306,2.0,0,0,3,10,0,1986,0,47.6304,2660,11481,13.357435499583813
2950,78843,1.5,0,0,3,9,0,2006,0,47.5917,3880,78843,13.539757056377766
1700,9000,1.0,0,0,5,7,0,1972,0,47.7306,1370,7592,12.92391243868049
1660,6200,1.0,0,0,4,6,830,1948,0,47.56,1780,5968,12.676076274775909
1780,3665,2.0,0,0,3,8,0,2004,0,47.5495,1770,3669,13.120361374733656
2940,29013,2.0,0,0,3,10,0,1992,0,47.7635,3010,34071,13.287877815881902
1650,13816,2.0,0,0,3,7,0,1998,0,47.6553,1650,15144,12.513557345278134
1220,4000,1.5,0,0,4,6,0,1908,0,47.6801,1580,4000,13.060487973686241
1750,11400,2.0,0,0,4,7,0,1975,0,47.3149,1890,9024,12.396693005138824
3280,6750,2.0,0,1,3,9,840,2001,0,47.5219,1770,6387,13.527828485512494
1950,8251,2.0,0,0,3,7,0,1990,0,47.343,1540,8588,12.569325904829029
860,5800,1.0,0,0,5,5,0,1942,0,47.4979,900,6000,12.31447851937396
3070,64033,1.0,0,0,3,9,340,1983,0,47.3238,1560,28260,12.948009990259552
2910,8596,2.0,0,0,3,8,0,2004,0,47.2596,2770,8602,12.65139928706347
1260,6000,1.0,0,0,4,6,0,1954,0,47.4187,1520,6600,12.421184025147118
1680,8080,1.0,0,0,3,8,0,1987,0,47.6168,1800,7503,13.142166004700508
2980,8786,2.0,0,0,3,8,0,2003,0,47.378,2980,6718,12.854483932248728
2970,5400,2.5,0,0,4,9,0,1900,0,47.6235,2500,5040,14.04662227892766
770,5680,1.0,0,0,4,6,0,1929,0,47.6951,1170,5514,12.80765263256463
1310,2998,2.0,0,0,3,7,0,1998,0,47.5873,1310,2997,12.691580461311874
2170,26460,1.0,0,0,3,8,720,1986,0,47.6147,2090,29075,13.142166004700508
1610,3560,2.0,0,0,3,7,0,2010,0,47.3669,1760,3692,12.570715759118084
1540,9541,1.5,0,0,4,7,0,1961,0,47.7104,1290,9541,12.821258284620408
730,1942,1.0,0,0,3,7,0,2008,0,47.5939,1020,2183,12.68075282265981
